row_index,item_id,source_group,construction_status,direction_status,historical_requested,qwen35_attempted,deepseek_v41_attempted
0,INTC/2013/page_71.pdf-4,INTC/2013,DRAFT_COMPLETE,INHERITED_FROZEN,True,True,True
1,ETR/2008/page_313.pdf-3,ETR/2008,HUMAN_COMPLETION_REQUIRED,INHERITED_FROZEN,True,False,False
2,IPG/2009/page_89.pdf-3,IPG/2009,HUMAN_COMPLETION_REQUIRED,INHERITED_FROZEN,True,False,False
3,PNC/2012/page_110.pdf-3,PNC/2012,DRAFT_COMPLETE,INHERITED_FROZEN,True,True,False
4,AAL/2015/page_74.pdf-1,AAL/2015,DRAFT_COMPLETE,INHERITED_FROZEN,True,True,True
5,ETR/2008/page_376.pdf-2,ETR/2008,HUMAN_COMPLETION_REQUIRED,INHERITED_FROZEN,True,False,False
6,AAL/2014/page_89.pdf-3,AAL/2014,DRAFT_COMPLETE,INHERITED_FROZEN,True,True,True
7,GS/2014/page_134.pdf-3,GS/2014,DRAFT_COMPLETE,INHERITED_FROZEN,True,True,True
8,MAA/2018/page_19.pdf-2,MAA/2018,DRAFT_COMPLETE,INHERITED_FROZEN,True,True,True
9,HII/2018/page_64.pdf-4,HII/2018,DRAFT_COMPLETE,INHERITED_FROZEN,True,True,True
10,TSCO/2017/page_68.pdf-3,TSCO/2017,DRAFT_COMPLETE,INHERITED_FROZEN,True,True,False
11,FIS/2016/page_64.pdf-4,FIS/2016,DRAFT_COMPLETE,INHERITED_FROZEN,True,True,True
12,FBHS/2017/page_46.pdf-2,FBHS/2017,DRAFT_COMPLETE,INHERITED_FROZEN,True,True,True
13,BKNG/2015/page_38.pdf-2,BKNG/2015,DRAFT_COMPLETE,INHERITED_FROZEN,True,True,True
14,STT/2012/page_42.pdf-4,STT/2012,DRAFT_COMPLETE,INHERITED_FROZEN,True,True,True
15,FIS/2016/page_64.pdf-3,FIS/2016,DRAFT_COMPLETE,INHERITED_FROZEN,True,True,True
16,LLY/2008/page_45.pdf-1,LLY/2008,DRAFT_COMPLETE,REQUIRES_HUMAN_REDERIVATION,True,True,False
17,ETR/2009/page_107.pdf-2,ETR/2009,DRAFT_COMPLETE,INHERITED_FROZEN,True,True,True
18,AAP/2006/page_85.pdf-2,AAP/2006,DRAFT_COMPLETE,INHERITED_FROZEN,True,True,True
19,AOS/2007/page_17.pdf-1,AOS/2007,DRAFT_COMPLETE,INHERITED_FROZEN,True,True,True
20,UNP/2016/page_75.pdf-2,UNP/2016,DRAFT_COMPLETE,INHERITED_FROZEN,True,True,True
21,UAA/2016/page_83.pdf-3,UAA/2016,DRAFT_COMPLETE,INHERITED_FROZEN,True,True,True
22,MA/2010/page_107.pdf-1,MA/2010,DRAFT_COMPLETE,INHERITED_FROZEN,True,True,True
23,HOLX/2011/page_122.pdf-2,HOLX/2011,DRAFT_COMPLETE,INHERITED_FROZEN,True,True,True
24,ZBH/2008/page_70.pdf-1,ZBH/2008,DRAFT_COMPLETE,INHERITED_FROZEN,True,True,True
25,AAPL/2013/page_27.pdf-2,AAPL/2013,DRAFT_COMPLETE,INHERITED_FROZEN,True,True,True
26,RL/2011/page_12.pdf-1,RL/2011,DRAFT_COMPLETE,INHERITED_FROZEN,True,True,True
27,DISCA/2013/page_60.pdf-1,DISCA/2013,DRAFT_COMPLETE,INHERITED_FROZEN,True,True,True
28,OKE/2008/page_38.pdf-2,OKE/2008,DRAFT_COMPLETE,INHERITED_FROZEN,True,True,True
29,ETR/2004/page_216.pdf-4,ETR/2004,DRAFT_COMPLETE,INHERITED_FROZEN,True,True,True
30,HWM/2015/page_95.pdf-2,HWM/2015,DRAFT_COMPLETE,INHERITED_FROZEN,True,True,True
31,AWK/2012/page_118.pdf-3,AWK/2012,DRAFT_COMPLETE,INHERITED_FROZEN,True,True,True
32,APD/2019/page_53.pdf-2,APD/2019,DRAFT_COMPLETE,INHERITED_FROZEN,True,True,True
33,AAL/2015/page_74.pdf-3,AAL/2015,DRAFT_COMPLETE,INHERITED_FROZEN,True,True,True
34,ETFC/2013/page_84.pdf-1,ETFC/2013,DRAFT_COMPLETE,INHERITED_FROZEN,True,True,True
35,ETR/2016/page_24.pdf-4,ETR/2016,DRAFT_COMPLETE,INHERITED_FROZEN,True,True,True
36,AES/2011/page_230.pdf-4,AES/2011,DRAFT_COMPLETE,INHERITED_FROZEN,True,True,True
37,ETR/2016/page_403.pdf-3,ETR/2016,DRAFT_COMPLETE,INHERITED_FROZEN,True,True,True
38,APTV/2015/page_50.pdf-1,APTV/2015,DRAFT_COMPLETE,INHERITED_FROZEN,True,True,True
39,AMAT/2018/page_31.pdf-3,AMAT/2018,DRAFT_COMPLETE,INHERITED_FROZEN,True,True,True
40,CDNS/2012/page_31.pdf-2,CDNS/2012,DRAFT_COMPLETE,INHERITED_FROZEN,True,True,True
41,AAL/2014/page_80.pdf-1,AAL/2014,DRAFT_COMPLETE,INHERITED_FROZEN,True,True,True
42,ADI/2019/page_77.pdf-2,ADI/2019,DRAFT_COMPLETE,INHERITED_FROZEN,True,True,True
43,HUM/2018/page_46.pdf-2,HUM/2018,DRAFT_COMPLETE,INHERITED_FROZEN,True,True,True
44,JPM/2009/page_132.pdf-2,JPM/2009,HUMAN_COMPLETION_REQUIRED,REQUIRES_HUMAN_REDERIVATION,True,False,False
45,PKG/2004/page_23.pdf-4,PKG/2004,DRAFT_COMPLETE,INHERITED_FROZEN,True,True,True
46,ETR/2016/page_315.pdf-2,ETR/2016,HUMAN_COMPLETION_REQUIRED,INHERITED_FROZEN,True,False,False
47,IPG/2014/page_37.pdf-3,IPG/2014,DRAFT_COMPLETE,INHERITED_FROZEN,True,True,True
48,HIG/2012/page_132.pdf-2,HIG/2012,HUMAN_COMPLETION_REQUIRED,INHERITED_FROZEN,True,False,False
49,RE/2010/page_120.pdf-1,RE/2010,DRAFT_COMPLETE,INHERITED_FROZEN,True,True,True
50,JPM/2016/page_140.pdf-1,JPM/2016,DRAFT_COMPLETE,INHERITED_FROZEN,True,True,True
51,LMT/2016/page_52.pdf-3,LMT/2016,HUMAN_COMPLETION_REQUIRED,INHERITED_FROZEN,True,False,False
52,WELL/2016/page_61.pdf-4,WELL/2016,DRAFT_COMPLETE,INHERITED_FROZEN,True,True,True
53,GS/2013/page_193.pdf-1,GS/2013,DRAFT_COMPLETE,INHERITED_FROZEN,True,True,True
54,HUM/2015/page_46.pdf-2,HUM/2015,DRAFT_COMPLETE,INHERITED_FROZEN,True,True,True
55,ETR/2016/page_324.pdf-1,ETR/2016,DRAFT_COMPLETE,REQUIRES_HUMAN_REDERIVATION,True,True,False
56,KIM/2010/page_94.pdf-2,KIM/2010,DRAFT_COMPLETE,INHERITED_FROZEN,True,True,True
57,DRE/2010/page_56.pdf-2,DRE/2010,DRAFT_COMPLETE,INHERITED_FROZEN,True,True,True
58,ETR/2008/page_356.pdf-2,ETR/2008,HUMAN_COMPLETION_REQUIRED,INHERITED_FROZEN,True,False,False
59,AAL/2014/page_89.pdf-2,AAL/2014,DRAFT_COMPLETE,INHERITED_FROZEN,True,True,True
60,BLL/2007/page_75.pdf-2,BLL/2007,DRAFT_COMPLETE,INHERITED_FROZEN,True,True,True
61,VNO/2010/page_173.pdf-1,VNO/2010,DRAFT_COMPLETE,INHERITED_FROZEN,True,True,True
62,RL/2010/page_11.pdf-1,RL/2010,DRAFT_COMPLETE,INHERITED_FROZEN,True,True,True
63,LMT/2016/page_83.pdf-4,LMT/2016,DRAFT_COMPLETE,INHERITED_FROZEN,True,True,True
64,UNP/2012/page_29.pdf-1,UNP/2012,DRAFT_COMPLETE,INHERITED_FROZEN,True,True,True
65,UPS/2015/page_35.pdf-2,UPS/2015,DRAFT_COMPLETE,INHERITED_FROZEN,True,True,True
66,JPM/2007/page_152.pdf-2,JPM/2007,HUMAN_COMPLETION_REQUIRED,INHERITED_FROZEN,True,False,False
67,UNP/2010/page_24.pdf-1,UNP/2010,DRAFT_COMPLETE,INHERITED_FROZEN,True,True,True
68,REGN/2010/page_72.pdf-3,REGN/2010,DRAFT_COMPLETE,INHERITED_FROZEN,True,True,True
69,RCL/2014/page_80.pdf-1,RCL/2014,DRAFT_COMPLETE,INHERITED_FROZEN,True,True,False
70,ORLY/2009/page_77.pdf-4,ORLY/2009,DRAFT_COMPLETE,INHERITED_FROZEN,True,True,True
71,HIG/2004/page_192.pdf-1,HIG/2004,DRAFT_COMPLETE,INHERITED_FROZEN,True,True,True
72,AES/2011/page_270.pdf-2,AES/2011,DRAFT_COMPLETE,INHERITED_FROZEN,True,True,True
73,ETR/2004/page_20.pdf-2,ETR/2004,HUMAN_COMPLETION_REQUIRED,INHERITED_FROZEN,True,False,False
74,GPN/2016/page_83.pdf-1,GPN/2016,DRAFT_COMPLETE,INHERITED_FROZEN,True,True,True
75,GPN/2016/page_67.pdf-2,GPN/2016,HUMAN_COMPLETION_REQUIRED,INHERITED_FROZEN,True,False,False
76,RE/2006/page_122.pdf-2,RE/2006,DRAFT_COMPLETE,INHERITED_FROZEN,True,True,True
77,AWK/2014/page_122.pdf-3,AWK/2014,HUMAN_COMPLETION_REQUIRED,INHERITED_FROZEN,True,False,False
78,ETR/2008/page_337.pdf-3,ETR/2008,HUMAN_COMPLETION_REQUIRED,REQUIRES_HUMAN_REDERIVATION,True,False,False
79,BDX/2016/page_62.pdf-1,BDX/2016,DRAFT_COMPLETE,INHERITED_FROZEN,True,True,True
80,MRO/2012/page_39.pdf-3,MRO/2012,DRAFT_COMPLETE,INHERITED_FROZEN,True,True,True
81,VTR/2006/page_88.pdf-4,VTR/2006,DRAFT_COMPLETE,INHERITED_FROZEN,True,True,True
82,HOLX/2006/page_102.pdf-1,HOLX/2006,DRAFT_COMPLETE,INHERITED_FROZEN,True,True,True
83,STT/2006/page_96.pdf-4,STT/2006,HUMAN_COMPLETION_REQUIRED,INHERITED_FROZEN,True,False,False
84,MMM/2007/page_66.pdf-2,MMM/2007,DRAFT_COMPLETE,INHERITED_FROZEN,True,True,True
85,UAA/2016/page_83.pdf-1,UAA/2016,DRAFT_COMPLETE,INHERITED_FROZEN,True,True,True
86,AAPL/2011/page_24.pdf-1,AAPL/2011,DRAFT_COMPLETE,INHERITED_FROZEN,True,True,True
87,ETR/2016/page_18.pdf-2,ETR/2016,HUMAN_COMPLETION_REQUIRED,INHERITED_FROZEN,True,False,False
88,CE/2005/page_167.pdf-3,CE/2005,HUMAN_COMPLETION_REQUIRED,REQUIRES_HUMAN_REDERIVATION,True,False,False
89,VNO/2006/page_95.pdf-2,VNO/2006,DRAFT_COMPLETE,INHERITED_FROZEN,True,True,True
90,DVN/2010/page_70.pdf-2,DVN/2010,DRAFT_COMPLETE,INHERITED_FROZEN,True,True,True
91,AWK/2015/page_106.pdf-1,AWK/2015,DRAFT_COMPLETE,INHERITED_FROZEN,True,True,True
92,STT/2006/page_96.pdf-1,STT/2006,HUMAN_COMPLETION_REQUIRED,INHERITED_FROZEN,True,False,False
93,WELL/2017/page_48.pdf-1,WELL/2017,DRAFT_COMPLETE,INHERITED_FROZEN,True,True,True
94,ETR/2008/page_376.pdf-4,ETR/2008,HUMAN_COMPLETION_REQUIRED,INHERITED_FROZEN,True,False,False
95,CME/2010/page_71.pdf-5,CME/2010,DRAFT_COMPLETE,INHERITED_FROZEN,True,True,True
96,APD/2019/page_108.pdf-2,APD/2019,DRAFT_COMPLETE,INHERITED_FROZEN,True,True,True
97,AAPL/2008/page_52.pdf-1,AAPL/2008,HUMAN_COMPLETION_REQUIRED,INHERITED_FROZEN,True,False,False
98,MRO/2012/page_41.pdf-3,MRO/2012,HUMAN_COMPLETION_REQUIRED,INHERITED_FROZEN,True,False,False
99,TROW/2009/page_24.pdf-3,TROW/2009,DRAFT_COMPLETE,INHERITED_FROZEN,True,True,True
100,ZBH/2008/page_86.pdf-2,ZBH/2008,DRAFT_COMPLETE,INHERITED_FROZEN,True,True,True
101,DVN/2014/page_88.pdf-1,DVN/2014,DRAFT_COMPLETE,INHERITED_FROZEN,True,True,True
102,CDNS/2016/page_76.pdf-1,CDNS/2016,HUMAN_COMPLETION_REQUIRED,INHERITED_FROZEN,True,False,False
103,ETR/2004/page_158.pdf-2,ETR/2004,DRAFT_COMPLETE,INHERITED_FROZEN,True,True,True
104,SNPS/2012/page_62.pdf-2,SNPS/2012,DRAFT_COMPLETE,INHERITED_FROZEN,True,True,True
105,HFC/2017/page_103.pdf-3,HFC/2017,DRAFT_COMPLETE,INHERITED_FROZEN,True,True,True
106,AWK/2018/page_162.pdf-3,AWK/2018,HUMAN_COMPLETION_REQUIRED,INHERITED_FROZEN,True,False,False
107,HUM/2007/page_18.pdf-1,HUM/2007,DRAFT_COMPLETE,INHERITED_FROZEN,True,True,True
108,STT/2007/page_65.pdf-2,STT/2007,HUMAN_COMPLETION_REQUIRED,INHERITED_FROZEN,True,False,False
109,CE/2016/page_88.pdf-2,CE/2016,DRAFT_COMPLETE,INHERITED_FROZEN,True,True,True
110,ETR/2016/page_444.pdf-3,ETR/2016,DRAFT_COMPLETE,INHERITED_FROZEN,True,True,True
111,V/2008/page_130.pdf-1,V/2008,unknown_not_requested_not_reconstructed,UNKNOWN,False,False,False
112,RCL/2012/page_80.pdf-2,RCL/2012,DRAFT_COMPLETE,INHERITED_FROZEN,True,True,True
113,AAP/2016/page_65.pdf-2,AAP/2016,DRAFT_COMPLETE,INHERITED_FROZEN,True,True,True
114,RSG/2014/page_73.pdf-2,RSG/2014,DRAFT_COMPLETE,INHERITED_FROZEN,True,True,True
115,ETR/2008/page_130.pdf-4,ETR/2008,DRAFT_COMPLETE,INHERITED_FROZEN,True,True,True
116,AWK/2015/page_115.pdf-2,AWK/2015,DRAFT_COMPLETE,INHERITED_FROZEN,True,True,True
117,VTR/2007/page_97.pdf-1,VTR/2007,DRAFT_COMPLETE,INHERITED_FROZEN,True,True,True
118,JPM/2013/page_124.pdf-2,JPM/2013,DRAFT_COMPLETE,INHERITED_FROZEN,True,True,True
119,RL/2014/page_11.pdf-1,RL/2014,DRAFT_COMPLETE,INHERITED_FROZEN,True,True,True
120,K/2012/page_44.pdf-2,K/2012,DRAFT_COMPLETE,INHERITED_FROZEN,True,True,True
121,ETR/2017/page_175.pdf-1,ETR/2017,HUMAN_COMPLETION_REQUIRED,INHERITED_FROZEN,True,False,False
122,BLK/2014/page_33.pdf-2,BLK/2014,HUMAN_COMPLETION_REQUIRED,INHERITED_FROZEN,True,False,False
123,AWK/2015/page_115.pdf-1,AWK/2015,HUMAN_COMPLETION_REQUIRED,INHERITED_FROZEN,True,False,False
124,HWM/2018/page_69.pdf-1,HWM/2018,DRAFT_COMPLETE,INHERITED_FROZEN,True,True,True
125,DVN/2014/page_88.pdf-3,DVN/2014,DRAFT_COMPLETE,INHERITED_FROZEN,True,True,True
126,ANSS/2008/page_85.pdf-1,ANSS/2008,HUMAN_COMPLETION_REQUIRED,INHERITED_FROZEN,True,False,False
127,STT/2008/page_73.pdf-1,STT/2008,HUMAN_COMPLETION_REQUIRED,INHERITED_FROZEN,True,False,False
128,JPM/2014/page_128.pdf-1,JPM/2014,DRAFT_COMPLETE,INHERITED_FROZEN,True,True,True
129,GPN/2013/page_71.pdf-3,GPN/2013,HUMAN_COMPLETION_REQUIRED,INHERITED_FROZEN,True,False,False
130,HIG/2016/page_253.pdf-2,HIG/2016,DRAFT_COMPLETE,INHERITED_FROZEN,True,True,True
131,GS/2013/page_97.pdf-1,GS/2013,DRAFT_COMPLETE,INHERITED_FROZEN,True,True,True
132,GPN/2007/page_39.pdf-1,GPN/2007,DRAFT_COMPLETE,INHERITED_FROZEN,True,True,True
133,GIS/2018/page_82.pdf-1,GIS/2018,DRAFT_COMPLETE,INHERITED_FROZEN,True,True,True
134,ILMN/2006/page_92.pdf-2,ILMN/2006,DRAFT_COMPLETE,INHERITED_FROZEN,True,True,True
135,RL/2011/page_12.pdf-2,RL/2011,DRAFT_COMPLETE,INHERITED_FROZEN,True,True,True
136,CB/2008/page_144.pdf-3,CB/2008,DRAFT_COMPLETE,INHERITED_FROZEN,True,True,True
137,UAA/2016/page_81.pdf-4,UAA/2016,DRAFT_COMPLETE,INHERITED_FROZEN,True,True,True
138,VLO/2012/page_27.pdf-1,VLO/2012,DRAFT_COMPLETE,INHERITED_FROZEN,True,True,True
139,PNC/2013/page_158.pdf-2,PNC/2013,DRAFT_COMPLETE,INHERITED_FROZEN,True,True,True
140,IP/2014/page_101.pdf-1,IP/2014,DRAFT_COMPLETE,INHERITED_FROZEN,True,True,True
141,RSG/2013/page_16.pdf-2,RSG/2013,DRAFT_COMPLETE,INHERITED_FROZEN,True,True,True
142,MA/2009/page_115.pdf-1,MA/2009,DRAFT_COMPLETE,INHERITED_FROZEN,True,True,True
143,DRE/2002/page_30.pdf-3,DRE/2002,DRAFT_COMPLETE,INHERITED_FROZEN,True,True,True
144,L/2007/page_213.pdf-1,L/2007,HUMAN_COMPLETION_REQUIRED,INHERITED_FROZEN,True,False,False
145,RSG/2014/page_22.pdf-1,RSG/2014,DRAFT_COMPLETE,INHERITED_FROZEN,True,True,True
146,HUM/2004/page_78.pdf-1,HUM/2004,DRAFT_COMPLETE,INHERITED_FROZEN,True,True,True
147,CE/2010/page_150.pdf-3,CE/2010,DRAFT_COMPLETE,INHERITED_FROZEN,True,True,True
148,ADBE/2011/page_83.pdf-4,ADBE/2011,DRAFT_COMPLETE,INHERITED_FROZEN,True,True,True
149,GPN/2014/page_71.pdf-4,GPN/2014,DRAFT_COMPLETE,INHERITED_FROZEN,True,True,True
150,HUM/2012/page_109.pdf-1,HUM/2012,DRAFT_COMPLETE,INHERITED_FROZEN,True,True,True
151,ADBE/2012/page_87.pdf-2,ADBE/2012,DRAFT_COMPLETE,INHERITED_FROZEN,True,True,False
152,SWKS/2011/page_112.pdf-2,SWKS/2011,HUMAN_COMPLETION_REQUIRED,INHERITED_FROZEN,True,False,False
153,AON/2015/page_77.pdf-3,AON/2015,HUMAN_COMPLETION_REQUIRED,INHERITED_FROZEN,True,False,False
154,PPG/2018/page_61.pdf-1,PPG/2018,DRAFT_COMPLETE,INHERITED_FROZEN,True,True,True
155,HWM/2015/page_92.pdf-1,HWM/2015,DRAFT_COMPLETE,INHERITED_FROZEN,True,True,True
156,PNC/2012/page_98.pdf-2,PNC/2012,DRAFT_COMPLETE,INHERITED_FROZEN,True,True,True
157,ETR/2016/page_396.pdf-4,ETR/2016,HUMAN_COMPLETION_REQUIRED,INHERITED_FROZEN,True,False,False
158,LMT/2010/page_24.pdf-2,LMT/2010,DRAFT_COMPLETE,INHERITED_FROZEN,True,True,True
159,LMT/2015/page_106.pdf-3,LMT/2015,DRAFT_COMPLETE,INHERITED_FROZEN,True,True,True
160,IPG/2014/page_37.pdf-2,IPG/2014,HUMAN_COMPLETION_REQUIRED,INHERITED_FROZEN,True,False,False
161,HOLX/2007/page_154.pdf-2,HOLX/2007,DRAFT_COMPLETE,INHERITED_FROZEN,True,True,True
162,AMT/2007/page_111.pdf-4,AMT/2007,DRAFT_COMPLETE,INHERITED_FROZEN,True,True,True
163,ETR/2017/page_20.pdf-3,ETR/2017,DRAFT_COMPLETE,INHERITED_FROZEN,True,True,True
164,UNP/2014/page_56.pdf-2,UNP/2014,HUMAN_COMPLETION_REQUIRED,INHERITED_FROZEN,True,False,False
165,JKHY/2015/page_20.pdf-2,JKHY/2015,DRAFT_COMPLETE,REQUIRES_HUMAN_REDERIVATION,True,True,False
166,BLK/2016/page_75.pdf-2,BLK/2016,DRAFT_COMPLETE,INHERITED_FROZEN,True,True,True
167,MRO/2009/page_138.pdf-1,MRO/2009,DRAFT_COMPLETE,INHERITED_FROZEN,True,True,True
168,GPN/2009/page_69.pdf-2,GPN/2009,DRAFT_COMPLETE,INHERITED_FROZEN,True,True,True
169,ETR/2008/page_130.pdf-3,ETR/2008,DRAFT_COMPLETE,INHERITED_FROZEN,True,True,True
170,JPM/2016/page_141.pdf-1,JPM/2016,DRAFT_COMPLETE,INHERITED_FROZEN,True,True,True
171,EW/2016/page_72.pdf-2,EW/2016,DRAFT_COMPLETE,INHERITED_FROZEN,True,True,True
172,KHC/2016/page_94.pdf-2,KHC/2016,DRAFT_COMPLETE,INHERITED_FROZEN,True,True,True
173,MRO/2008/page_135.pdf-2,MRO/2008,DRAFT_COMPLETE,INHERITED_FROZEN,True,True,True
174,ETR/2017/page_477.pdf-1,ETR/2017,DRAFT_COMPLETE,INHERITED_FROZEN,True,True,True
175,RSG/2017/page_14.pdf-1,RSG/2017,DRAFT_COMPLETE,INHERITED_FROZEN,True,True,True
176,MAS/2010/page_29.pdf-1,MAS/2010,DRAFT_COMPLETE,INHERITED_FROZEN,True,True,True
177,BLL/2011/page_29.pdf-4,BLL/2011,DRAFT_COMPLETE,INHERITED_FROZEN,True,True,True
178,LMT/2017/page_101.pdf-4,LMT/2017,DRAFT_COMPLETE,INHERITED_FROZEN,True,True,True
179,HII/2018/page_113.pdf-1,HII/2018,HUMAN_COMPLETION_REQUIRED,INHERITED_FROZEN,True,False,False
180,LKQ/2010/page_72.pdf-2,LKQ/2010,DRAFT_COMPLETE,INHERITED_FROZEN,True,True,True
181,WRK/2019/page_31.pdf-1,WRK/2019,HUMAN_COMPLETION_REQUIRED,INHERITED_FROZEN,True,False,False
182,SLB/2003/page_57.pdf-1,SLB/2003,HUMAN_COMPLETION_REQUIRED,INHERITED_FROZEN,True,False,False
183,UA/2011/page_70.pdf-1,UA/2011,DRAFT_COMPLETE,INHERITED_FROZEN,True,True,True
184,MMM/2007/page_68.pdf-2,MMM/2007,HUMAN_COMPLETION_REQUIRED,INHERITED_FROZEN,True,False,False
185,CE/2005/page_167.pdf-4,CE/2005,DRAFT_COMPLETE,INHERITED_FROZEN,True,True,True
186,GS/2014/page_62.pdf-1,GS/2014,DRAFT_COMPLETE,INHERITED_FROZEN,True,True,True
187,IPG/2018/page_52.pdf-1,IPG/2018,DRAFT_COMPLETE,INHERITED_FROZEN,True,True,True
188,NWS/2016/page_148.pdf-2,NWS/2016,HUMAN_COMPLETION_REQUIRED,INHERITED_FROZEN,True,False,False
189,UNP/2014/page_30.pdf-2,UNP/2014,HUMAN_COMPLETION_REQUIRED,INHERITED_FROZEN,True,False,False
190,AES/2010/page_225.pdf-3,AES/2010,DRAFT_COMPLETE,INHERITED_FROZEN,True,True,True
191,HOLX/2007/page_130.pdf-1,HOLX/2007,HUMAN_COMPLETION_REQUIRED,INHERITED_FROZEN,True,False,False
192,IPG/2018/page_104.pdf-2,IPG/2018,DRAFT_COMPLETE,INHERITED_FROZEN,True,True,True
193,TROW/2011/page_13.pdf-1,TROW/2011,DRAFT_COMPLETE,INHERITED_FROZEN,True,True,True
194,IPG/2015/page_24.pdf-4,IPG/2015,DRAFT_COMPLETE,INHERITED_FROZEN,True,True,True
195,AON/2010/page_100.pdf-4,AON/2010,HUMAN_COMPLETION_REQUIRED,INHERITED_FROZEN,True,False,False
196,UNP/2012/page_23.pdf-1,UNP/2012,DRAFT_COMPLETE,INHERITED_FROZEN,True,True,True
197,ETR/2017/page_325.pdf-1,ETR/2017,DRAFT_COMPLETE,REQUIRES_HUMAN_REDERIVATION,True,True,False
198,DVN/2015/page_117.pdf-1,DVN/2015,HUMAN_COMPLETION_REQUIRED,INHERITED_FROZEN,True,False,False
199,JPM/2014/page_128.pdf-4,JPM/2014,DRAFT_COMPLETE,INHERITED_FROZEN,True,True,True
200,ETR/2016/page_144.pdf-3,ETR/2016,DRAFT_COMPLETE,INHERITED_FROZEN,True,True,True
201,IP/2012/page_57.pdf-2,IP/2012,DRAFT_COMPLETE,INHERITED_FROZEN,True,True,True
202,STT/2017/page_101.pdf-4,STT/2017,HUMAN_COMPLETION_REQUIRED,INHERITED_FROZEN,True,False,False
203,ADBE/2013/page_68.pdf-3,ADBE/2013,DRAFT_COMPLETE,INHERITED_FROZEN,True,True,True
204,RSG/2015/page_18.pdf-2,RSG/2015,DRAFT_COMPLETE,INHERITED_FROZEN,True,True,True
205,AES/2018/page_168.pdf-3,AES/2018,HUMAN_COMPLETION_REQUIRED,INHERITED_FROZEN,True,False,False
206,HUM/2015/page_46.pdf-1,HUM/2015,DRAFT_COMPLETE,INHERITED_FROZEN,True,True,True
207,PKG/2004/page_21.pdf-4,PKG/2004,DRAFT_COMPLETE,INHERITED_FROZEN,True,True,True
208,JKHY/2016/page_25.pdf-2,JKHY/2016,DRAFT_COMPLETE,INHERITED_FROZEN,True,True,True
209,AAP/2013/page_68.pdf-1,AAP/2013,DRAFT_COMPLETE,INHERITED_FROZEN,True,True,True
210,UNP/2008/page_83.pdf-1,UNP/2008,DRAFT_COMPLETE,INHERITED_FROZEN,True,True,True
211,CE/2010/page_150.pdf-2,CE/2010,DRAFT_COMPLETE,INHERITED_FROZEN,True,True,True
212,TFX/2018/page_47.pdf-1,TFX/2018,DRAFT_COMPLETE,INHERITED_FROZEN,True,True,True
213,GS/2016/page_161.pdf-1,GS/2016,DRAFT_COMPLETE,INHERITED_FROZEN,True,True,True
214,TSCO/2018/page_31.pdf-2,TSCO/2018,DRAFT_COMPLETE,INHERITED_FROZEN,True,True,True
215,LLY/2008/page_39.pdf-1,LLY/2008,DRAFT_COMPLETE,INHERITED_FROZEN,True,True,True
216,SNPS/2012/page_64.pdf-1,SNPS/2012,DRAFT_COMPLETE,INHERITED_FROZEN,True,True,True
217,GPN/2008/page_88.pdf-1,GPN/2008,HUMAN_COMPLETION_REQUIRED,INHERITED_FROZEN,True,False,False
218,IP/2015/page_46.pdf-1,IP/2015,HUMAN_COMPLETION_REQUIRED,INHERITED_FROZEN,True,False,False
219,ETR/2015/page_50.pdf-1,ETR/2015,DRAFT_COMPLETE,INHERITED_FROZEN,True,True,True
220,APD/2019/page_100.pdf-1,APD/2019,DRAFT_COMPLETE,INHERITED_FROZEN,True,True,True
221,DISCA/2008/page_141.pdf-3,DISCA/2008,DRAFT_COMPLETE,INHERITED_FROZEN,True,True,True
222,PNC/2007/page_93.pdf-2,PNC/2007,DRAFT_COMPLETE,INHERITED_FROZEN,True,True,True
223,MA/2009/page_123.pdf-3,MA/2009,DRAFT_COMPLETE,INHERITED_FROZEN,True,True,True
224,LMT/2016/page_85.pdf-2,LMT/2016,DRAFT_COMPLETE,INHERITED_FROZEN,True,True,True
225,AON/2015/page_77.pdf-4,AON/2015,HUMAN_COMPLETION_REQUIRED,INHERITED_FROZEN,True,False,False
226,ZBH/2008/page_72.pdf-3,ZBH/2008,HUMAN_COMPLETION_REQUIRED,INHERITED_FROZEN,True,False,False
227,AES/2010/page_133.pdf-1,AES/2010,DRAFT_COMPLETE,INHERITED_FROZEN,True,True,True
228,UNP/2014/page_56.pdf-1,UNP/2014,HUMAN_COMPLETION_REQUIRED,INHERITED_FROZEN,True,False,False
229,AAL/2015/page_131.pdf-2,AAL/2015,DRAFT_COMPLETE,INHERITED_FROZEN,True,True,True
230,GPN/2009/page_69.pdf-4,GPN/2009,DRAFT_COMPLETE,INHERITED_FROZEN,True,True,True
231,PPG/2018/page_61.pdf-2,PPG/2018,DRAFT_COMPLETE,INHERITED_FROZEN,True,True,True
232,SNPS/2012/page_61.pdf-2,SNPS/2012,HUMAN_COMPLETION_REQUIRED,INHERITED_FROZEN,True,False,False
233,AON/2013/page_54.pdf-1,AON/2013,HUMAN_COMPLETION_REQUIRED,INHERITED_FROZEN,True,False,False
234,GPN/2017/page_30.pdf-1,GPN/2017,DRAFT_COMPLETE,INHERITED_FROZEN,True,True,True
235,GS/2016/page_183.pdf-3,GS/2016,DRAFT_COMPLETE,INHERITED_FROZEN,True,True,True
236,NTAP/2014/page_33.pdf-2,NTAP/2014,DRAFT_COMPLETE,INHERITED_FROZEN,True,True,True
237,HIG/2004/page_125.pdf-2,HIG/2004,DRAFT_COMPLETE,INHERITED_FROZEN,True,True,True
238,UNP/2013/page_78.pdf-2,UNP/2013,HUMAN_COMPLETION_REQUIRED,INHERITED_FROZEN,True,False,False
239,SPGI/2017/page_81.pdf-1,SPGI/2017,DRAFT_COMPLETE,INHERITED_FROZEN,True,True,False
240,HIG/2004/page_81.pdf-3,HIG/2004,DRAFT_COMPLETE,INHERITED_FROZEN,True,True,True
241,K/2012/page_80.pdf-3,K/2012,DRAFT_COMPLETE,INHERITED_FROZEN,True,True,True
242,MA/2009/page_123.pdf-4,MA/2009,DRAFT_COMPLETE,INHERITED_FROZEN,True,True,True
243,AES/2010/page_133.pdf-2,AES/2010,DRAFT_COMPLETE,INHERITED_FROZEN,True,True,True
244,BLL/2007/page_46.pdf-4,BLL/2007,DRAFT_COMPLETE,INHERITED_FROZEN,True,True,True
245,AAPL/2015/page_24.pdf-3,AAPL/2015,DRAFT_COMPLETE,INHERITED_FROZEN,True,True,True
246,HOLX/2007/page_127.pdf-1,HOLX/2007,DRAFT_COMPLETE,INHERITED_FROZEN,True,True,True
247,ETR/2008/page_130.pdf-2,ETR/2008,DRAFT_COMPLETE,INHERITED_FROZEN,True,True,True
248,RL/2014/page_13.pdf-1,RL/2014,DRAFT_COMPLETE,INHERITED_FROZEN,True,True,True
249,APD/2018/page_113.pdf-2,APD/2018,DRAFT_COMPLETE,INHERITED_FROZEN,True,True,True
250,CMCSA/2015/page_42.pdf-2,CMCSA/2015,HUMAN_COMPLETION_REQUIRED,INHERITED_FROZEN,True,False,False
251,IP/2014/page_71.pdf-1,IP/2014,DRAFT_COMPLETE,INHERITED_FROZEN,True,True,True
252,RL/2010/page_11.pdf-2,RL/2010,DRAFT_COMPLETE,INHERITED_FROZEN,True,True,True
253,ILMN/2008/page_77.pdf-4,ILMN/2008,DRAFT_COMPLETE,INHERITED_FROZEN,True,True,True
254,CDW/2015/page_53.pdf-1,CDW/2015,DRAFT_COMPLETE,INHERITED_FROZEN,True,True,True
255,AWK/2012/page_118.pdf-2,AWK/2012,DRAFT_COMPLETE,INHERITED_FROZEN,True,True,True
256,LKQ/2012/page_25.pdf-2,LKQ/2012,DRAFT_COMPLETE,INHERITED_FROZEN,True,True,True
257,GRMN/2008/page_98.pdf-1,GRMN/2008,HUMAN_COMPLETION_REQUIRED,INHERITED_FROZEN,True,False,False
258,SLB/2010/page_58.pdf-2,SLB/2010,DRAFT_COMPLETE,INHERITED_FROZEN,True,True,True
259,ETR/2017/page_19.pdf-1,ETR/2017,DRAFT_COMPLETE,INHERITED_FROZEN,True,True,True
260,GS/2018/page_175.pdf-2,GS/2018,DRAFT_COMPLETE,INHERITED_FROZEN,True,True,True
261,C/2009/page_200.pdf-2,C/2009,DRAFT_COMPLETE,INHERITED_FROZEN,True,True,True
262,HWM/2015/page_94.pdf-1,HWM/2015,DRAFT_COMPLETE,INHERITED_FROZEN,True,True,True
263,IP/2013/page_61.pdf-1,IP/2013,HUMAN_COMPLETION_REQUIRED,INHERITED_FROZEN,True,False,False
264,SNPS/2012/page_62.pdf-3,SNPS/2012,HUMAN_COMPLETION_REQUIRED,REQUIRES_HUMAN_REDERIVATION,True,False,False
265,DVN/2014/page_112.pdf-1,DVN/2014,HUMAN_COMPLETION_REQUIRED,REQUIRES_HUMAN_REDERIVATION,True,False,False
266,CB/2009/page_220.pdf-3,CB/2009,DRAFT_COMPLETE,INHERITED_FROZEN,True,True,True
267,ETR/2016/page_396.pdf-2,ETR/2016,HUMAN_COMPLETION_REQUIRED,INHERITED_FROZEN,True,False,False
268,IP/2012/page_55.pdf-2,IP/2012,HUMAN_COMPLETION_REQUIRED,INHERITED_FROZEN,True,False,False
269,MA/2010/page_107.pdf-2,MA/2010,DRAFT_COMPLETE,REQUIRES_HUMAN_REDERIVATION,True,True,False
270,RSG/2017/page_14.pdf-2,RSG/2017,DRAFT_COMPLETE,INHERITED_FROZEN,True,True,True
271,K/2013/page_27.pdf-3,K/2013,DRAFT_COMPLETE,INHERITED_FROZEN,True,True,True
272,DRE/2002/page_18.pdf-2,DRE/2002,HUMAN_COMPLETION_REQUIRED,INHERITED_FROZEN,True,False,False
273,IP/2014/page_66.pdf-1,IP/2014,DRAFT_COMPLETE,INHERITED_FROZEN,True,True,True
274,MA/2008/page_70.pdf-2,MA/2008,DRAFT_COMPLETE,INHERITED_FROZEN,True,True,True
275,MRO/2008/page_119.pdf-3,MRO/2008,DRAFT_COMPLETE,INHERITED_FROZEN,True,True,True
276,SNPS/2009/page_59.pdf-3,SNPS/2009,HUMAN_COMPLETION_REQUIRED,INHERITED_FROZEN,True,False,False
277,RSG/2018/page_13.pdf-1,RSG/2018,DRAFT_COMPLETE,INHERITED_FROZEN,True,True,True
278,PM/2015/page_103.pdf-3,PM/2015,DRAFT_COMPLETE,INHERITED_FROZEN,True,True,True
279,LKQ/2012/page_25.pdf-1,LKQ/2012,DRAFT_COMPLETE,INHERITED_FROZEN,True,True,True
280,RSG/2017/page_74.pdf-2,RSG/2017,DRAFT_COMPLETE,INHERITED_FROZEN,True,True,True
281,UA/2011/page_71.pdf-2,UA/2011,DRAFT_COMPLETE,INHERITED_FROZEN,True,True,True
282,AMT/2007/page_114.pdf-3,AMT/2007,DRAFT_COMPLETE,INHERITED_FROZEN,True,True,True
283,AMT/2012/page_111.pdf-4,AMT/2012,DRAFT_COMPLETE,INHERITED_FROZEN,True,True,True
284,AWK/2015/page_127.pdf-4,AWK/2015,DRAFT_COMPLETE,INHERITED_FROZEN,True,True,True
285,LKQ/2016/page_48.pdf-2,LKQ/2016,DRAFT_COMPLETE,INHERITED_FROZEN,True,True,True
286,AWK/2017/page_128.pdf-3,AWK/2017,DRAFT_COMPLETE,INHERITED_FROZEN,True,True,True
287,EW/2014/page_35.pdf-2,EW/2014,DRAFT_COMPLETE,INHERITED_FROZEN,True,True,True
288,AAP/2007/page_83.pdf-1,AAP/2007,HUMAN_COMPLETION_REQUIRED,INHERITED_FROZEN,True,False,False
289,ABMD/2011/page_33.pdf-1,ABMD/2011,DRAFT_COMPLETE,INHERITED_FROZEN,True,True,False
290,EOG/2016/page_80.pdf-1,EOG/2016,DRAFT_COMPLETE,INHERITED_FROZEN,True,True,True
291,AAPL/2013/page_27.pdf-4,AAPL/2013,DRAFT_COMPLETE,INHERITED_FROZEN,True,True,True
292,ETR/2017/page_20.pdf-1,ETR/2017,DRAFT_COMPLETE,INHERITED_FROZEN,True,True,True
293,ETR/2008/page_313.pdf-2,ETR/2008,DRAFT_COMPLETE,INHERITED_FROZEN,True,True,True
294,IPG/2016/page_24.pdf-2,IPG/2016,HUMAN_COMPLETION_REQUIRED,INHERITED_FROZEN,True,False,False
295,PNC/2017/page_76.pdf-1,PNC/2017,DRAFT_COMPLETE,INHERITED_FROZEN,True,True,True
296,ETFC/2015/page_25.pdf-1,ETFC/2015,DRAFT_COMPLETE,INHERITED_FROZEN,True,True,True
297,ETR/2016/page_342.pdf-2,ETR/2016,HUMAN_COMPLETION_REQUIRED,INHERITED_FROZEN,True,False,False
298,SNPS/2012/page_61.pdf-3,SNPS/2012,DRAFT_COMPLETE,INHERITED_FROZEN,True,True,True
299,HWM/2015/page_123.pdf-2,HWM/2015,DRAFT_COMPLETE,INHERITED_FROZEN,True,True,True
300,LMT/2013/page_26.pdf-2,LMT/2013,DRAFT_COMPLETE,INHERITED_FROZEN,True,True,True
301,AWK/2013/page_123.pdf-3,AWK/2013,DRAFT_COMPLETE,INHERITED_FROZEN,True,True,True
302,DRE/2016/page_59.pdf-1,DRE/2016,DRAFT_COMPLETE,INHERITED_FROZEN,True,True,True
303,GS/2012/page_186.pdf-4,GS/2012,unknown_not_requested_not_reconstructed,UNKNOWN,False,False,False
304,GPN/2013/page_71.pdf-2,GPN/2013,HUMAN_COMPLETION_REQUIRED,INHERITED_FROZEN,True,False,False
305,EW/2016/page_36.pdf-1,EW/2016,DRAFT_COMPLETE,INHERITED_FROZEN,True,True,True
306,DRE/2007/page_39.pdf-1,DRE/2007,DRAFT_COMPLETE,INHERITED_FROZEN,True,True,True
307,C/2008/page_193.pdf-1,C/2008,DRAFT_COMPLETE,INHERITED_FROZEN,True,True,True
308,BLL/2006/page_94.pdf-2,BLL/2006,DRAFT_COMPLETE,INHERITED_FROZEN,True,True,True
309,KMI/2018/page_14.pdf-2,KMI/2018,DRAFT_COMPLETE,INHERITED_FROZEN,True,True,True
310,CE/2010/page_134.pdf-1,CE/2010,DRAFT_COMPLETE,INHERITED_FROZEN,True,True,True
311,JPM/2015/page_77.pdf-5,JPM/2015,DRAFT_COMPLETE,INHERITED_FROZEN,True,True,True
312,ETR/2016/page_17.pdf-2,ETR/2016,HUMAN_COMPLETION_REQUIRED,INHERITED_FROZEN,True,False,False
313,MMM/2015/page_52.pdf-1,MMM/2015,DRAFT_COMPLETE,INHERITED_FROZEN,True,True,True
314,ADBE/2009/page_98.pdf-1,ADBE/2009,HUMAN_COMPLETION_REQUIRED,INHERITED_FROZEN,True,False,False
315,AAL/2015/page_51.pdf-3,AAL/2015,DRAFT_COMPLETE,INHERITED_FROZEN,True,True,True
316,BLK/2014/page_33.pdf-1,BLK/2014,DRAFT_COMPLETE,INHERITED_FROZEN,True,True,True
317,HIG/2014/page_126.pdf-3,HIG/2014,DRAFT_COMPLETE,INHERITED_FROZEN,True,True,True
318,ETR/2016/page_18.pdf-3,ETR/2016,DRAFT_COMPLETE,INHERITED_FROZEN,True,True,True
319,RL/2014/page_11.pdf-2,RL/2014,DRAFT_COMPLETE,INHERITED_FROZEN,True,True,True
320,AON/2013/page_32.pdf-1,AON/2013,DRAFT_COMPLETE,INHERITED_FROZEN,True,True,True
321,STT/2017/page_101.pdf-3,STT/2017,HUMAN_COMPLETION_REQUIRED,REQUIRES_HUMAN_REDERIVATION,True,False,False
322,JPM/2013/page_158.pdf-2,JPM/2013,DRAFT_COMPLETE,INHERITED_FROZEN,True,True,True
323,ADBE/2018/page_66.pdf-2,ADBE/2018,DRAFT_COMPLETE,INHERITED_FROZEN,True,True,False
324,FIS/2012/page_30.pdf-1,FIS/2012,DRAFT_COMPLETE,INHERITED_FROZEN,True,True,True
325,BKR/2017/page_105.pdf-1,BKR/2017,DRAFT_COMPLETE,INHERITED_FROZEN,True,True,True
326,CE/2009/page_121.pdf-3,CE/2009,DRAFT_COMPLETE,INHERITED_FROZEN,True,True,True
327,UNP/2009/page_89.pdf-1,UNP/2009,DRAFT_COMPLETE,INHERITED_FROZEN,True,True,True
328,VTR/2006/page_88.pdf-1,VTR/2006,DRAFT_COMPLETE,INHERITED_FROZEN,True,True,True
329,AAL/2014/page_59.pdf-2,AAL/2014,DRAFT_COMPLETE,INHERITED_FROZEN,True,True,True
330,SWKS/2012/page_116.pdf-2,SWKS/2012,DRAFT_COMPLETE,INHERITED_FROZEN,True,True,True
331,MRO/2013/page_49.pdf-2,MRO/2013,HUMAN_COMPLETION_REQUIRED,INHERITED_FROZEN,True,False,False
332,REGN/2010/page_68.pdf-2,REGN/2010,HUMAN_COMPLETION_REQUIRED,INHERITED_FROZEN,True,False,False
333,MRO/2009/page_127.pdf-3,MRO/2009,DRAFT_COMPLETE,INHERITED_FROZEN,True,True,True
334,DISH/2011/page_130.pdf-2,DISH/2011,DRAFT_COMPLETE,INHERITED_FROZEN,True,True,True
335,DVN/2011/page_84.pdf-1,DVN/2011,DRAFT_COMPLETE,INHERITED_FROZEN,True,True,True
336,MMM/2012/page_105.pdf-1,MMM/2012,DRAFT_COMPLETE,INHERITED_FROZEN,True,True,True
337,LMT/2013/page_26.pdf-1,LMT/2013,DRAFT_COMPLETE,INHERITED_FROZEN,True,True,True
338,EOG/2018/page_99.pdf-1,EOG/2018,DRAFT_COMPLETE,INHERITED_FROZEN,True,True,True
339,AAPL/2018/page_23.pdf-2,AAPL/2018,DRAFT_COMPLETE,INHERITED_FROZEN,True,True,True
340,DVN/2015/page_92.pdf-3,DVN/2015,DRAFT_COMPLETE,INHERITED_FROZEN,True,True,False
341,PNC/2011/page_209.pdf-3,PNC/2011,DRAFT_COMPLETE,INHERITED_FROZEN,True,True,True
342,AAPL/2011/page_37.pdf-1,AAPL/2011,DRAFT_COMPLETE,INHERITED_FROZEN,True,True,True
343,CDNS/2012/page_31.pdf-1,CDNS/2012,DRAFT_COMPLETE,INHERITED_FROZEN,True,True,True
344,ETR/2004/page_258.pdf-1,ETR/2004,DRAFT_COMPLETE,INHERITED_FROZEN,True,True,True
345,JPM/2015/page_77.pdf-3,JPM/2015,DRAFT_COMPLETE,INHERITED_FROZEN,True,True,True
346,INTC/2013/page_47.pdf-1,INTC/2013,DRAFT_COMPLETE,INHERITED_FROZEN,True,True,True
347,C/2008/page_193.pdf-4,C/2008,DRAFT_COMPLETE,INHERITED_FROZEN,True,True,True
348,WELL/2017/page_48.pdf-3,WELL/2017,DRAFT_COMPLETE,INHERITED_FROZEN,True,True,True
349,DVN/2011/page_99.pdf-3,DVN/2011,HUMAN_COMPLETION_REQUIRED,INHERITED_FROZEN,True,False,False
350,JPM/2008/page_177.pdf-1,JPM/2008,DRAFT_COMPLETE,INHERITED_FROZEN,True,True,True
351,FIS/2016/page_49.pdf-1,FIS/2016,HUMAN_COMPLETION_REQUIRED,INHERITED_FROZEN,True,False,False
352,INTC/2013/page_47.pdf-2,INTC/2013,DRAFT_COMPLETE,INHERITED_FROZEN,True,True,True
353,EOG/2017/page_85.pdf-1,EOG/2017,DRAFT_COMPLETE,INHERITED_FROZEN,True,True,True
354,DISH/2015/page_142.pdf-2,DISH/2015,DRAFT_COMPLETE,INHERITED_FROZEN,True,True,True
355,GS/2018/page_108.pdf-4,GS/2018,DRAFT_COMPLETE,INHERITED_FROZEN,True,True,True
356,AMT/2005/page_83.pdf-2,AMT/2005,DRAFT_COMPLETE,INHERITED_FROZEN,True,True,False
357,BLL/2007/page_87.pdf-3,BLL/2007,DRAFT_COMPLETE,INHERITED_FROZEN,True,True,True
358,IP/2007/page_38.pdf-2,IP/2007,DRAFT_COMPLETE,INHERITED_FROZEN,True,True,True
359,TFX/2017/page_48.pdf-1,TFX/2017,DRAFT_COMPLETE,INHERITED_FROZEN,True,True,True
360,LMT/2015/page_52.pdf-4,LMT/2015,DRAFT_COMPLETE,INHERITED_FROZEN,True,True,True
361,CB/2008/page_217.pdf-2,CB/2008,HUMAN_COMPLETION_REQUIRED,INHERITED_FROZEN,True,False,False
362,LLY/2008/page_45.pdf-2,LLY/2008,DRAFT_COMPLETE,INHERITED_FROZEN,True,True,True
363,AMT/2012/page_111.pdf-1,AMT/2012,DRAFT_COMPLETE,INHERITED_FROZEN,True,True,True
364,AAL/2015/page_15.pdf-3,AAL/2015,DRAFT_COMPLETE,INHERITED_FROZEN,True,True,True
365,UPS/2012/page_51.pdf-3,UPS/2012,HUMAN_COMPLETION_REQUIRED,INHERITED_FROZEN,True,False,False
366,PNC/2011/page_74.pdf-2,PNC/2011,HUMAN_COMPLETION_REQUIRED,INHERITED_FROZEN,True,False,False
367,ETR/2017/page_175.pdf-3,ETR/2017,DRAFT_COMPLETE,REQUIRES_HUMAN_REDERIVATION,True,True,False
368,ETR/2004/page_258.pdf-2,ETR/2004,HUMAN_COMPLETION_REQUIRED,INHERITED_FROZEN,True,False,False
369,JPM/2013/page_158.pdf-3,JPM/2013,HUMAN_COMPLETION_REQUIRED,REQUIRES_HUMAN_REDERIVATION,True,False,False
370,IQV/2016/page_57.pdf-2,IQV/2016,DRAFT_COMPLETE,INHERITED_FROZEN,True,True,True
371,VTR/2003/page_39.pdf-1,VTR/2003,HUMAN_COMPLETION_REQUIRED,INHERITED_FROZEN,True,False,False
372,V/2009/page_88.pdf-1,V/2009,DRAFT_COMPLETE,INHERITED_FROZEN,True,True,True
373,BLL/2010/page_39.pdf-3,BLL/2010,DRAFT_COMPLETE,INHERITED_FROZEN,True,True,True
374,GS/2012/page_129.pdf-3,GS/2012,HUMAN_COMPLETION_REQUIRED,INHERITED_FROZEN,True,False,False
375,CDNS/2018/page_82.pdf-4,CDNS/2018,DRAFT_COMPLETE,INHERITED_FROZEN,True,True,True
376,ETR/2016/page_17.pdf-3,ETR/2016,DRAFT_COMPLETE,INHERITED_FROZEN,True,True,True
377,AAPL/2013/page_27.pdf-3,AAPL/2013,DRAFT_COMPLETE,INHERITED_FROZEN,True,True,False
378,IP/2005/page_31.pdf-1,IP/2005,DRAFT_COMPLETE,INHERITED_FROZEN,True,True,True
379,ADBE/2018/page_71.pdf-2,ADBE/2018,DRAFT_COMPLETE,INHERITED_FROZEN,True,True,True
380,MRO/2008/page_145.pdf-1,MRO/2008,DRAFT_COMPLETE,INHERITED_FROZEN,True,True,True
381,RL/2016/page_9.pdf-1,RL/2016,DRAFT_COMPLETE,INHERITED_FROZEN,True,True,True
382,WELL/2017/page_48.pdf-4,WELL/2017,DRAFT_COMPLETE,INHERITED_FROZEN,True,True,True
383,BLL/2007/page_46.pdf-3,BLL/2007,HUMAN_COMPLETION_REQUIRED,INHERITED_FROZEN,True,False,False
384,MMM/2007/page_36.pdf-1,MMM/2007,DRAFT_COMPLETE,INHERITED_FROZEN,True,True,True
385,ETR/2008/page_153.pdf-1,ETR/2008,HUMAN_COMPLETION_REQUIRED,INHERITED_FROZEN,True,False,False
386,KMI/2010/page_164.pdf-2,KMI/2010,HUMAN_COMPLETION_REQUIRED,INHERITED_FROZEN,True,False,False
387,HWM/2015/page_87.pdf-1,HWM/2015,DRAFT_COMPLETE,INHERITED_FROZEN,True,True,True
388,ETR/2008/page_212.pdf-4,ETR/2008,DRAFT_COMPLETE,INHERITED_FROZEN,True,True,True
389,ETR/2008/page_212.pdf-1,ETR/2008,DRAFT_COMPLETE,INHERITED_FROZEN,True,True,True
390,IP/2015/page_44.pdf-2,IP/2015,DRAFT_COMPLETE,INHERITED_FROZEN,True,True,True
391,AWK/2014/page_7.pdf-1,AWK/2014,HUMAN_COMPLETION_REQUIRED,INHERITED_FROZEN,True,False,False
392,AAPL/2004/page_83.pdf-2,AAPL/2004,DRAFT_COMPLETE,INHERITED_FROZEN,True,True,True
393,LMT/2013/page_81.pdf-3,LMT/2013,HUMAN_COMPLETION_REQUIRED,INHERITED_FROZEN,True,False,False
394,LMT/2010/page_37.pdf-2,LMT/2010,HUMAN_COMPLETION_REQUIRED,INHERITED_FROZEN,True,False,False
395,CDNS/2007/page_30.pdf-3,CDNS/2007,DRAFT_COMPLETE,INHERITED_FROZEN,True,True,True
396,ETR/2017/page_414.pdf-3,ETR/2017,HUMAN_COMPLETION_REQUIRED,REQUIRES_HUMAN_REDERIVATION,True,False,False
397,JPM/2003/page_44.pdf-4,JPM/2003,DRAFT_COMPLETE,INHERITED_FROZEN,True,True,True
398,AAPL/2011/page_37.pdf-2,AAPL/2011,DRAFT_COMPLETE,REQUIRES_HUMAN_REDERIVATION,True,True,False
399,UNP/2009/page_61.pdf-2,UNP/2009,DRAFT_COMPLETE,INHERITED_FROZEN,True,True,True
400,UNP/2015/page_80.pdf-1,UNP/2015,DRAFT_COMPLETE,INHERITED_FROZEN,True,True,True
401,ETR/2004/page_159.pdf-2,ETR/2004,HUMAN_COMPLETION_REQUIRED,INHERITED_FROZEN,True,False,False
402,VTR/2007/page_97.pdf-4,VTR/2007,DRAFT_COMPLETE,INHERITED_FROZEN,True,True,True
403,MRO/2008/page_42.pdf-3,MRO/2008,DRAFT_COMPLETE,INHERITED_FROZEN,True,True,True
404,DRE/2009/page_59.pdf-1,DRE/2009,DRAFT_COMPLETE,INHERITED_FROZEN,True,True,True
405,GIS/2018/page_59.pdf-1,GIS/2018,DRAFT_COMPLETE,INHERITED_FROZEN,True,True,True
406,AMT/2006/page_96.pdf-2,AMT/2006,HUMAN_COMPLETION_REQUIRED,INHERITED_FROZEN,True,False,False
407,MAA/2018/page_19.pdf-1,MAA/2018,DRAFT_COMPLETE,INHERITED_FROZEN,True,True,True
408,ETR/2008/page_337.pdf-2,ETR/2008,HUMAN_COMPLETION_REQUIRED,INHERITED_FROZEN,True,False,False
409,AWK/2015/page_112.pdf-3,AWK/2015,DRAFT_COMPLETE,INHERITED_FROZEN,True,True,True
410,GPN/2009/page_68.pdf-2,GPN/2009,DRAFT_COMPLETE,INHERITED_FROZEN,True,True,True
411,AES/2011/page_270.pdf-1,AES/2011,DRAFT_COMPLETE,INHERITED_FROZEN,True,True,True
412,AAL/2014/page_92.pdf-4,AAL/2014,DRAFT_COMPLETE,INHERITED_FROZEN,True,True,True
413,WELL/2016/page_61.pdf-2,WELL/2016,DRAFT_COMPLETE,INHERITED_FROZEN,True,True,True
414,C/2009/page_141.pdf-1,C/2009,DRAFT_COMPLETE,INHERITED_FROZEN,True,True,True
415,ETR/2015/page_24.pdf-1,ETR/2015,HUMAN_COMPLETION_REQUIRED,INHERITED_FROZEN,True,False,False
416,MRO/2009/page_137.pdf-2,MRO/2009,HUMAN_COMPLETION_REQUIRED,INHERITED_FROZEN,True,False,False
417,AON/2009/page_90.pdf-4,AON/2009,HUMAN_COMPLETION_REQUIRED,INHERITED_FROZEN,True,False,False
418,JPM/2007/page_152.pdf-3,JPM/2007,HUMAN_COMPLETION_REQUIRED,INHERITED_FROZEN,True,False,False
419,ETR/2008/page_336.pdf-2,ETR/2008,HUMAN_COMPLETION_REQUIRED,INHERITED_FROZEN,True,False,False
420,AES/2011/page_261.pdf-2,AES/2011,HUMAN_COMPLETION_REQUIRED,INHERITED_FROZEN,True,False,False
421,GS/2017/page_176.pdf-1,GS/2017,DRAFT_COMPLETE,INHERITED_FROZEN,True,True,True
422,VTR/2003/page_39.pdf-4,VTR/2003,HUMAN_COMPLETION_REQUIRED,INHERITED_FROZEN,True,False,False
423,GS/2013/page_195.pdf-1,GS/2013,unknown_not_requested_not_reconstructed,UNKNOWN,False,False,False
424,AWK/2018/page_131.pdf-2,AWK/2018,DRAFT_COMPLETE,INHERITED_FROZEN,True,True,True
425,DVN/2007/page_78.pdf-1,DVN/2007,DRAFT_COMPLETE,INHERITED_FROZEN,True,True,True
426,AMT/2006/page_107.pdf-3,AMT/2006,DRAFT_COMPLETE,INHERITED_FROZEN,True,True,True
427,GPN/2007/page_18.pdf-1,GPN/2007,DRAFT_COMPLETE,INHERITED_FROZEN,True,True,True
428,ETR/2013/page_15.pdf-3,ETR/2013,HUMAN_COMPLETION_REQUIRED,INHERITED_FROZEN,True,False,False
429,DVN/2017/page_31.pdf-2,DVN/2017,DRAFT_COMPLETE,INHERITED_FROZEN,True,True,True
430,UNP/2008/page_26.pdf-2,UNP/2008,DRAFT_COMPLETE,INHERITED_FROZEN,True,True,True
431,CME/2010/page_45.pdf-5,CME/2010,HUMAN_COMPLETION_REQUIRED,INHERITED_FROZEN,True,False,False
432,PNC/2014/page_203.pdf-2,PNC/2014,HUMAN_COMPLETION_REQUIRED,INHERITED_FROZEN,True,False,False
433,UNP/2013/page_14.pdf-2,UNP/2013,DRAFT_COMPLETE,INHERITED_FROZEN,True,True,True
434,MRO/2008/page_41.pdf-4,MRO/2008,DRAFT_COMPLETE,INHERITED_FROZEN,True,True,True
435,AAL/2015/page_183.pdf-4,AAL/2015,DRAFT_COMPLETE,INHERITED_FROZEN,True,True,True
436,AMAT/2015/page_33.pdf-1,AMAT/2015,DRAFT_COMPLETE,INHERITED_FROZEN,True,True,True
437,UAA/2016/page_83.pdf-4,UAA/2016,DRAFT_COMPLETE,INHERITED_FROZEN,True,True,True
438,APD/2018/page_41.pdf-1,APD/2018,DRAFT_COMPLETE,INHERITED_FROZEN,True,True,True
439,AON/2015/page_72.pdf-1,AON/2015,HUMAN_COMPLETION_REQUIRED,INHERITED_FROZEN,True,False,False
440,DVN/2014/page_112.pdf-2,DVN/2014,HUMAN_COMPLETION_REQUIRED,INHERITED_FROZEN,True,False,False
441,TMUS/2016/page_32.pdf-3,TMUS/2016,DRAFT_COMPLETE,INHERITED_FROZEN,True,True,True
442,RCL/2005/page_40.pdf-4,RCL/2005,DRAFT_COMPLETE,INHERITED_FROZEN,True,True,True
443,C/2008/page_189.pdf-1,C/2008,DRAFT_COMPLETE,INHERITED_FROZEN,True,True,False
444,JPM/2012/page_109.pdf-1,JPM/2012,DRAFT_COMPLETE,INHERITED_FROZEN,True,True,True
445,GS/2015/page_80.pdf-2,GS/2015,DRAFT_COMPLETE,INHERITED_FROZEN,True,True,True
446,JPM/2012/page_157.pdf-1,JPM/2012,DRAFT_COMPLETE,INHERITED_FROZEN,True,True,True
447,AWK/2017/page_136.pdf-2,AWK/2017,DRAFT_COMPLETE,INHERITED_FROZEN,True,True,True
448,SNA/2007/page_80.pdf-2,SNA/2007,DRAFT_COMPLETE,INHERITED_FROZEN,True,True,True
449,IP/2014/page_101.pdf-2,IP/2014,DRAFT_COMPLETE,INHERITED_FROZEN,True,True,True
450,ETR/2002/page_266.pdf-2,ETR/2002,DRAFT_COMPLETE,INHERITED_FROZEN,True,True,True
451,STT/2009/page_122.pdf-3,STT/2009,DRAFT_COMPLETE,INHERITED_FROZEN,True,True,True
452,DISH/2014/page_142.pdf-2,DISH/2014,DRAFT_COMPLETE,INHERITED_FROZEN,True,True,True
453,K/2013/page_27.pdf-2,K/2013,DRAFT_COMPLETE,INHERITED_FROZEN,True,True,True
454,FIS/2016/page_64.pdf-1,FIS/2016,DRAFT_COMPLETE,INHERITED_FROZEN,True,True,True
455,ORLY/2015/page_28.pdf-4,ORLY/2015,DRAFT_COMPLETE,INHERITED_FROZEN,True,True,True
456,HFC/2011/page_92.pdf-4,HFC/2011,HUMAN_COMPLETION_REQUIRED,INHERITED_FROZEN,True,False,False
457,DISCA/2012/page_54.pdf-2,DISCA/2012,DRAFT_COMPLETE,INHERITED_FROZEN,True,True,True
458,IP/2005/page_31.pdf-2,IP/2005,DRAFT_COMPLETE,INHERITED_FROZEN,True,True,True
459,VTR/2006/page_88.pdf-2,VTR/2006,DRAFT_COMPLETE,INHERITED_FROZEN,True,True,True
460,C/2009/page_248.pdf-3,C/2009,DRAFT_COMPLETE,INHERITED_FROZEN,True,True,True
461,IPG/2009/page_67.pdf-4,IPG/2009,DRAFT_COMPLETE,INHERITED_FROZEN,True,True,True
462,MRO/2008/page_70.pdf-3,MRO/2008,DRAFT_COMPLETE,INHERITED_FROZEN,True,True,True
463,TROW/2011/page_13.pdf-2,TROW/2011,DRAFT_COMPLETE,INHERITED_FROZEN,True,True,True
464,STT/2012/page_42.pdf-1,STT/2012,DRAFT_COMPLETE,INHERITED_FROZEN,True,True,True
465,C/2009/page_41.pdf-1,C/2009,HUMAN_COMPLETION_REQUIRED,INHERITED_FROZEN,True,False,False
466,LMT/2015/page_86.pdf-1,LMT/2015,DRAFT_COMPLETE,INHERITED_FROZEN,True,True,True
467,CE/2010/page_150.pdf-1,CE/2010,DRAFT_COMPLETE,INHERITED_FROZEN,True,True,True
468,ETFC/2007/page_22.pdf-4,ETFC/2007,DRAFT_COMPLETE,INHERITED_FROZEN,True,True,True
469,INTC/2013/page_47.pdf-3,INTC/2013,DRAFT_COMPLETE,INHERITED_FROZEN,True,True,True
470,PKG/2001/page_78.pdf-1,PKG/2001,DRAFT_COMPLETE,INHERITED_FROZEN,True,True,True
471,K/2012/page_44.pdf-1,K/2012,DRAFT_COMPLETE,INHERITED_FROZEN,True,True,True
472,STZ/2005/page_57.pdf-4,STZ/2005,DRAFT_COMPLETE,INHERITED_FROZEN,True,True,True
473,EL/2009/page_112.pdf-2,EL/2009,DRAFT_COMPLETE,INHERITED_FROZEN,True,True,True
474,AAPL/2015/page_56.pdf-1,AAPL/2015,DRAFT_COMPLETE,INHERITED_FROZEN,True,True,True
475,JPM/2009/page_183.pdf-5,JPM/2009,DRAFT_COMPLETE,INHERITED_FROZEN,True,True,True
476,ETR/2009/page_141.pdf-2,ETR/2009,DRAFT_COMPLETE,INHERITED_FROZEN,True,True,True
477,UAA/2016/page_83.pdf-2,UAA/2016,DRAFT_COMPLETE,INHERITED_FROZEN,True,True,True
478,ETR/2013/page_93.pdf-1,ETR/2013,HUMAN_COMPLETION_REQUIRED,REQUIRES_HUMAN_REDERIVATION,True,False,False
479,UPS/2013/page_56.pdf-3,UPS/2013,DRAFT_COMPLETE,INHERITED_FROZEN,True,True,True
480,GPN/2016/page_69.pdf-2,GPN/2016,DRAFT_COMPLETE,INHERITED_FROZEN,True,True,True
481,AAPL/2006/page_93.pdf-1,AAPL/2006,DRAFT_COMPLETE,INHERITED_FROZEN,True,True,True
482,ETR/2008/page_343.pdf-4,ETR/2008,DRAFT_COMPLETE,INHERITED_FROZEN,True,True,True
483,STT/2012/page_42.pdf-3,STT/2012,DRAFT_COMPLETE,INHERITED_FROZEN,True,True,True
484,C/2009/page_38.pdf-2,C/2009,HUMAN_COMPLETION_REQUIRED,INHERITED_FROZEN,True,False,False
485,AWK/2018/page_142.pdf-4,AWK/2018,DRAFT_COMPLETE,INHERITED_FROZEN,True,True,True
486,BLK/2016/page_35.pdf-2,BLK/2016,DRAFT_COMPLETE,INHERITED_FROZEN,True,True,True
487,CE/2010/page_134.pdf-4,CE/2010,DRAFT_COMPLETE,INHERITED_FROZEN,True,True,True
488,ETR/2004/page_186.pdf-1,ETR/2004,DRAFT_COMPLETE,INHERITED_FROZEN,True,True,True
489,RL/2016/page_9.pdf-2,RL/2016,DRAFT_COMPLETE,INHERITED_FROZEN,True,True,True
490,SNPS/2012/page_64.pdf-2,SNPS/2012,DRAFT_COMPLETE,INHERITED_FROZEN,True,True,True
491,HIG/2014/page_126.pdf-2,HIG/2014,DRAFT_COMPLETE,INHERITED_FROZEN,True,True,True
492,LMT/2016/page_87.pdf-2,LMT/2016,DRAFT_COMPLETE,INHERITED_FROZEN,True,True,True
493,LMT/2002/page_33.pdf-4,LMT/2002,HUMAN_COMPLETION_REQUIRED,INHERITED_FROZEN,True,False,False
494,UPS/2007/page_103.pdf-3,UPS/2007,HUMAN_COMPLETION_REQUIRED,INHERITED_FROZEN,True,False,False
495,GS/2013/page_184.pdf-2,GS/2013,DRAFT_COMPLETE,INHERITED_FROZEN,True,True,True
496,ILMN/2006/page_92.pdf-3,ILMN/2006,DRAFT_COMPLETE,INHERITED_FROZEN,True,True,True
497,RSG/2018/page_139.pdf-2,RSG/2018,DRAFT_COMPLETE,INHERITED_FROZEN,True,True,False
498,GS/2012/page_64.pdf-1,GS/2012,DRAFT_COMPLETE,INHERITED_FROZEN,True,True,True
499,AWK/2018/page_150.pdf-2,AWK/2018,DRAFT_COMPLETE,INHERITED_FROZEN,True,True,True
500,UA/2011/page_66.pdf-1,UA/2011,DRAFT_COMPLETE,INHERITED_FROZEN,True,True,True
501,BKNG/2017/page_35.pdf-3,BKNG/2017,DRAFT_COMPLETE,INHERITED_FROZEN,True,True,True
502,DISCA/2011/page_35.pdf-4,DISCA/2011,HUMAN_COMPLETION_REQUIRED,INHERITED_FROZEN,True,False,False
503,PKG/2001/page_86.pdf-3,PKG/2001,DRAFT_COMPLETE,INHERITED_FROZEN,True,True,True
504,CB/2008/page_144.pdf-2,CB/2008,HUMAN_COMPLETION_REQUIRED,INHERITED_FROZEN,True,False,False
505,LMT/2007/page_39.pdf-2,LMT/2007,DRAFT_COMPLETE,INHERITED_FROZEN,True,True,True
506,FIS/2010/page_89.pdf-4,FIS/2010,DRAFT_COMPLETE,INHERITED_FROZEN,True,True,True
507,IPG/2015/page_38.pdf-1,IPG/2015,HUMAN_COMPLETION_REQUIRED,INHERITED_FROZEN,True,False,False
508,AAP/2011/page_16.pdf-1,AAP/2011,DRAFT_COMPLETE,INHERITED_FROZEN,True,True,True
509,ETR/2017/page_343.pdf-2,ETR/2017,HUMAN_COMPLETION_REQUIRED,INHERITED_FROZEN,True,False,False
510,JPM/2012/page_109.pdf-2,JPM/2012,DRAFT_COMPLETE,INHERITED_FROZEN,True,True,True
511,AWK/2017/page_143.pdf-4,AWK/2017,HUMAN_COMPLETION_REQUIRED,INHERITED_FROZEN,True,False,False
512,CE/2016/page_88.pdf-1,CE/2016,DRAFT_COMPLETE,INHERITED_FROZEN,True,True,True
513,ETR/2015/page_133.pdf-1,ETR/2015,HUMAN_COMPLETION_REQUIRED,INHERITED_FROZEN,True,False,False
514,AAL/2015/page_83.pdf-2,AAL/2015,DRAFT_COMPLETE,INHERITED_FROZEN,True,True,True
515,AMT/2005/page_83.pdf-1,AMT/2005,DRAFT_COMPLETE,INHERITED_FROZEN,True,True,True
516,UNP/2008/page_81.pdf-1,UNP/2008,DRAFT_COMPLETE,INHERITED_FROZEN,True,True,True
517,KMI/2014/page_18.pdf-1,KMI/2014,DRAFT_COMPLETE,INHERITED_FROZEN,True,True,True
518,VTR/2007/page_48.pdf-2,VTR/2007,DRAFT_COMPLETE,INHERITED_FROZEN,True,True,True
519,IP/2007/page_38.pdf-1,IP/2007,DRAFT_COMPLETE,INHERITED_FROZEN,True,True,True
520,AAPL/2006/page_79.pdf-2,AAPL/2006,DRAFT_COMPLETE,INHERITED_FROZEN,True,True,True
521,C/2009/page_194.pdf-3,C/2009,DRAFT_COMPLETE,INHERITED_FROZEN,True,True,True
522,LMT/2013/page_44.pdf-2,LMT/2013,HUMAN_COMPLETION_REQUIRED,INHERITED_FROZEN,True,False,False
523,AMT/2014/page_64.pdf-1,AMT/2014,DRAFT_COMPLETE,INHERITED_FROZEN,True,True,True
524,GS/2013/page_193.pdf-3,GS/2013,DRAFT_COMPLETE,INHERITED_FROZEN,True,True,True
525,UPS/2013/page_34.pdf-2,UPS/2013,DRAFT_COMPLETE,INHERITED_FROZEN,True,True,True
526,AMT/2007/page_116.pdf-3,AMT/2007,DRAFT_COMPLETE,INHERITED_FROZEN,True,True,True
527,BLL/2010/page_33.pdf-2,BLL/2010,DRAFT_COMPLETE,INHERITED_FROZEN,True,True,True
528,JKHY/2015/page_20.pdf-3,JKHY/2015,DRAFT_COMPLETE,REQUIRES_HUMAN_REDERIVATION,True,True,False
529,ADBE/2014/page_99.pdf-2,ADBE/2014,DRAFT_COMPLETE,INHERITED_FROZEN,True,True,True
530,LMT/2017/page_26.pdf-1,LMT/2017,HUMAN_COMPLETION_REQUIRED,INHERITED_FROZEN,True,False,False
531,ETR/2016/page_343.pdf-4,ETR/2016,HUMAN_COMPLETION_REQUIRED,INHERITED_FROZEN,True,False,False
532,UNP/2010/page_27.pdf-1,UNP/2010,HUMAN_COMPLETION_REQUIRED,INHERITED_FROZEN,True,False,False
533,BLK/2008/page_75.pdf-2,BLK/2008,HUMAN_COMPLETION_REQUIRED,INHERITED_FROZEN,True,False,False
534,VNO/2010/page_88.pdf-2,VNO/2010,DRAFT_COMPLETE,INHERITED_FROZEN,True,True,True
535,ETR/2017/page_25.pdf-2,ETR/2017,HUMAN_COMPLETION_REQUIRED,INHERITED_FROZEN,True,False,False
536,KIM/2009/page_145.pdf-1,KIM/2009,HUMAN_COMPLETION_REQUIRED,INHERITED_FROZEN,True,False,False
537,ETR/2015/page_133.pdf-4,ETR/2015,HUMAN_COMPLETION_REQUIRED,INHERITED_FROZEN,True,False,False
538,ETR/2004/page_335.pdf-2,ETR/2004,DRAFT_COMPLETE,INHERITED_FROZEN,True,True,True
539,UPS/2015/page_35.pdf-3,UPS/2015,DRAFT_COMPLETE,INHERITED_FROZEN,True,True,True
540,IP/2015/page_51.pdf-1,IP/2015,DRAFT_COMPLETE,INHERITED_FROZEN,True,True,True
541,UNP/2012/page_55.pdf-2,UNP/2012,HUMAN_COMPLETION_REQUIRED,INHERITED_FROZEN,True,False,False
542,AWK/2017/page_154.pdf-1,AWK/2017,DRAFT_COMPLETE,INHERITED_FROZEN,True,True,True
543,LMT/2016/page_105.pdf-4,LMT/2016,DRAFT_COMPLETE,INHERITED_FROZEN,True,True,True
544,ETR/2016/page_175.pdf-4,ETR/2016,HUMAN_COMPLETION_REQUIRED,INHERITED_FROZEN,True,False,False
545,JPM/2014/page_128.pdf-2,JPM/2014,DRAFT_COMPLETE,INHERITED_FROZEN,True,True,True
546,LLY/2008/page_45.pdf-3,LLY/2008,DRAFT_COMPLETE,REQUIRES_HUMAN_REDERIVATION,True,True,False
547,MKTX/2014/page_39.pdf-3,MKTX/2014,DRAFT_COMPLETE,INHERITED_FROZEN,True,True,True
548,HIG/2016/page_250.pdf-1,HIG/2016,DRAFT_COMPLETE,INHERITED_FROZEN,True,True,True
549,BKNG/2017/page_35.pdf-2,BKNG/2017,DRAFT_COMPLETE,INHERITED_FROZEN,True,True,False
550,ETR/2015/page_24.pdf-2,ETR/2015,DRAFT_COMPLETE,INHERITED_FROZEN,True,True,True
551,IP/2012/page_64.pdf-1,IP/2012,DRAFT_COMPLETE,INHERITED_FROZEN,True,True,True
552,UNP/2017/page_23.pdf-1,UNP/2017,DRAFT_COMPLETE,INHERITED_FROZEN,True,True,True
553,SLG/2010/page_50.pdf-1,SLG/2010,HUMAN_COMPLETION_REQUIRED,INHERITED_FROZEN,True,False,False
554,C/2009/page_141.pdf-2,C/2009,DRAFT_COMPLETE,INHERITED_FROZEN,True,True,True
555,LMT/2010/page_36.pdf-1,LMT/2010,HUMAN_COMPLETION_REQUIRED,INHERITED_FROZEN,True,False,False
556,ETR/2008/page_27.pdf-1,ETR/2008,DRAFT_COMPLETE,INHERITED_FROZEN,True,True,True
557,ETR/2008/page_401.pdf-3,ETR/2008,DRAFT_COMPLETE,INHERITED_FROZEN,True,True,True
558,ETR/2017/page_441.pdf-3,ETR/2017,DRAFT_COMPLETE,INHERITED_FROZEN,True,True,True
559,ETR/2015/page_18.pdf-3,ETR/2015,DRAFT_COMPLETE,INHERITED_FROZEN,True,True,True
560,IPG/2014/page_23.pdf-2,IPG/2014,HUMAN_COMPLETION_REQUIRED,INHERITED_FROZEN,True,False,False
561,AMT/2012/page_123.pdf-2,AMT/2012,DRAFT_COMPLETE,INHERITED_FROZEN,True,True,True
562,ETR/2004/page_86.pdf-1,ETR/2004,DRAFT_COMPLETE,INHERITED_FROZEN,True,True,True
563,AAPL/2011/page_65.pdf-1,AAPL/2011,DRAFT_COMPLETE,INHERITED_FROZEN,True,True,True
564,JPM/2016/page_73.pdf-4,JPM/2016,DRAFT_COMPLETE,INHERITED_FROZEN,True,True,True
565,AMT/2012/page_119.pdf-3,AMT/2012,DRAFT_COMPLETE,INHERITED_FROZEN,True,True,True
566,AAL/2015/page_183.pdf-1,AAL/2015,DRAFT_COMPLETE,INHERITED_FROZEN,True,True,True
567,RSG/2013/page_16.pdf-1,RSG/2013,HUMAN_COMPLETION_REQUIRED,INHERITED_FROZEN,True,False,False
568,RCL/2014/page_80.pdf-3,RCL/2014,DRAFT_COMPLETE,INHERITED_FROZEN,True,True,True
569,LMT/2002/page_33.pdf-2,LMT/2002,HUMAN_COMPLETION_REQUIRED,INHERITED_FROZEN,True,False,False
570,AMT/2014/page_120.pdf-2,AMT/2014,DRAFT_COMPLETE,INHERITED_FROZEN,True,True,True
571,RSG/2018/page_47.pdf-2,RSG/2018,DRAFT_COMPLETE,INHERITED_FROZEN,True,True,True
572,SWKS/2008/page_105.pdf-3,SWKS/2008,DRAFT_COMPLETE,INHERITED_FROZEN,True,True,True
573,MRO/2009/page_57.pdf-2,MRO/2009,DRAFT_COMPLETE,INHERITED_FROZEN,True,True,True
574,ETR/2016/page_342.pdf-1,ETR/2016,HUMAN_COMPLETION_REQUIRED,INHERITED_FROZEN,True,False,False
575,C/2008/page_217.pdf-2,C/2008,DRAFT_COMPLETE,INHERITED_FROZEN,True,True,True
576,BLK/2017/page_35.pdf-2,BLK/2017,DRAFT_COMPLETE,INHERITED_FROZEN,True,True,True
577,LMT/2017/page_101.pdf-1,LMT/2017,DRAFT_COMPLETE,INHERITED_FROZEN,True,True,True
578,DISCA/2016/page_30.pdf-2,DISCA/2016,DRAFT_COMPLETE,INHERITED_FROZEN,True,True,True
579,BLK/2012/page_32.pdf-1,BLK/2012,DRAFT_COMPLETE,INHERITED_FROZEN,True,True,True
580,CDNS/2007/page_30.pdf-2,CDNS/2007,DRAFT_COMPLETE,INHERITED_FROZEN,True,True,True
581,ETR/2008/page_154.pdf-3,ETR/2008,DRAFT_COMPLETE,REQUIRES_HUMAN_REDERIVATION,True,True,False
582,OKE/2007/page_51.pdf-1,OKE/2007,DRAFT_COMPLETE,INHERITED_FROZEN,True,True,True
583,JPM/2015/page_77.pdf-2,JPM/2015,DRAFT_COMPLETE,INHERITED_FROZEN,True,True,True
584,ETR/2015/page_50.pdf-2,ETR/2015,DRAFT_COMPLETE,INHERITED_FROZEN,True,True,True
585,GS/2013/page_195.pdf-4,GS/2013,DRAFT_COMPLETE,INHERITED_FROZEN,True,True,True
586,LKQ/2010/page_72.pdf-1,LKQ/2010,DRAFT_COMPLETE,REQUIRES_HUMAN_REDERIVATION,True,True,False
587,STT/2007/page_65.pdf-1,STT/2007,HUMAN_COMPLETION_REQUIRED,INHERITED_FROZEN,True,False,False
588,IP/2005/page_27.pdf-1,IP/2005,HUMAN_COMPLETION_REQUIRED,INHERITED_FROZEN,True,False,False
589,UAA/2016/page_81.pdf-1,UAA/2016,DRAFT_COMPLETE,INHERITED_FROZEN,True,True,True
590,ETR/2008/page_266.pdf-3,ETR/2008,HUMAN_COMPLETION_REQUIRED,INHERITED_FROZEN,True,False,False
591,TROW/2011/page_13.pdf-3,TROW/2011,DRAFT_COMPLETE,INHERITED_FROZEN,True,True,True
592,STZ/2010/page_51.pdf-2,STZ/2010,DRAFT_COMPLETE,INHERITED_FROZEN,True,True,True
593,AAL/2015/page_183.pdf-3,AAL/2015,DRAFT_COMPLETE,INHERITED_FROZEN,True,True,True
594,AWK/2018/page_178.pdf-2,AWK/2018,DRAFT_COMPLETE,INHERITED_FROZEN,True,True,True
595,ETR/2004/page_160.pdf-1,ETR/2004,HUMAN_COMPLETION_REQUIRED,INHERITED_FROZEN,True,False,False
596,UNP/2013/page_24.pdf-1,UNP/2013,DRAFT_COMPLETE,INHERITED_FROZEN,True,True,True
597,UNP/2010/page_30.pdf-1,UNP/2010,DRAFT_COMPLETE,INHERITED_FROZEN,True,True,True
598,KHC/2018/page_27.pdf-3,KHC/2018,DRAFT_COMPLETE,INHERITED_FROZEN,True,True,True
599,AMT/2007/page_99.pdf-1,AMT/2007,HUMAN_COMPLETION_REQUIRED,INHERITED_FROZEN,True,False,False
600,IP/2018/page_50.pdf-2,IP/2018,HUMAN_COMPLETION_REQUIRED,INHERITED_FROZEN,True,False,False
601,ADBE/2013/page_89.pdf-4,ADBE/2013,HUMAN_COMPLETION_REQUIRED,INHERITED_FROZEN,True,False,False
602,UNP/2014/page_32.pdf-2,UNP/2014,DRAFT_COMPLETE,INHERITED_FROZEN,True,True,True
603,ETFC/2012/page_85.pdf-2,ETFC/2012,HUMAN_COMPLETION_REQUIRED,INHERITED_FROZEN,True,False,False
604,MA/2008/page_116.pdf-3,MA/2008,DRAFT_COMPLETE,INHERITED_FROZEN,True,True,True
605,UPS/2015/page_108.pdf-1,UPS/2015,DRAFT_COMPLETE,INHERITED_FROZEN,True,True,True
606,CMCSA/2004/page_30.pdf-1,CMCSA/2004,DRAFT_COMPLETE,INHERITED_FROZEN,True,True,True
607,DISCA/2016/page_30.pdf-3,DISCA/2016,DRAFT_COMPLETE,INHERITED_FROZEN,True,True,True
608,RCL/2016/page_37.pdf-1,RCL/2016,DRAFT_COMPLETE,INHERITED_FROZEN,True,True,False
609,ADBE/2012/page_87.pdf-1,ADBE/2012,DRAFT_COMPLETE,INHERITED_FROZEN,True,True,True
610,VTR/2007/page_97.pdf-3,VTR/2007,DRAFT_COMPLETE,INHERITED_FROZEN,True,True,True
611,GPN/2014/page_71.pdf-2,GPN/2014,HUMAN_COMPLETION_REQUIRED,INHERITED_FROZEN,True,False,False
612,LMT/2015/page_86.pdf-2,LMT/2015,DRAFT_COMPLETE,INHERITED_FROZEN,True,True,True
613,FIS/2012/page_11.pdf-2,FIS/2012,DRAFT_COMPLETE,INHERITED_FROZEN,True,True,True
614,ETR/2015/page_133.pdf-3,ETR/2015,HUMAN_COMPLETION_REQUIRED,INHERITED_FROZEN,True,False,False
615,STZ/2005/page_57.pdf-2,STZ/2005,DRAFT_COMPLETE,INHERITED_FROZEN,True,True,True
616,CME/2010/page_71.pdf-4,CME/2010,DRAFT_COMPLETE,INHERITED_FROZEN,True,True,True
617,AMAT/2012/page_35.pdf-2,AMAT/2012,UNCONSTRUCTABLE,REQUIRES_HUMAN_REDERIVATION,True,False,False
618,AWK/2015/page_109.pdf-3,AWK/2015,DRAFT_COMPLETE,INHERITED_FROZEN,True,True,True
619,TSCO/2017/page_73.pdf-1,TSCO/2017,DRAFT_COMPLETE,INHERITED_FROZEN,True,True,True
620,IP/2012/page_58.pdf-1,IP/2012,DRAFT_COMPLETE,INHERITED_FROZEN,True,True,True
621,LMT/2017/page_83.pdf-1,LMT/2017,DRAFT_COMPLETE,INHERITED_FROZEN,True,True,True
622,AMAT/2018/page_31.pdf-1,AMAT/2018,DRAFT_COMPLETE,INHERITED_FROZEN,True,True,True
623,GS/2012/page_177.pdf-4,GS/2012,DRAFT_COMPLETE,INHERITED_FROZEN,True,True,True
624,JPM/2009/page_132.pdf-1,JPM/2009,DRAFT_COMPLETE,INHERITED_FROZEN,True,True,True
625,AAPL/2011/page_38.pdf-4,AAPL/2011,DRAFT_COMPLETE,INHERITED_FROZEN,True,True,True
626,GS/2018/page_134.pdf-4,GS/2018,DRAFT_COMPLETE,INHERITED_FROZEN,True,True,True
627,JPM/2008/page_177.pdf-4,JPM/2008,DRAFT_COMPLETE,INHERITED_FROZEN,True,True,True
628,KHC/2018/page_27.pdf-1,KHC/2018,DRAFT_COMPLETE,INHERITED_FROZEN,True,True,True
629,DISCA/2013/page_60.pdf-2,DISCA/2013,HUMAN_COMPLETION_REQUIRED,REQUIRES_HUMAN_REDERIVATION,True,False,False
630,LLY/2008/page_43.pdf-2,LLY/2008,DRAFT_COMPLETE,REQUIRES_HUMAN_REDERIVATION,True,True,False
631,RL/2014/page_13.pdf-2,RL/2014,DRAFT_COMPLETE,INHERITED_FROZEN,True,True,True
632,ETR/2008/page_438.pdf-1,ETR/2008,DRAFT_COMPLETE,INHERITED_FROZEN,True,True,True
633,APD/2014/page_36.pdf-1,APD/2014,HUMAN_COMPLETION_REQUIRED,INHERITED_FROZEN,True,False,False
634,LMT/2010/page_39.pdf-1,LMT/2010,HUMAN_COMPLETION_REQUIRED,INHERITED_FROZEN,True,False,False
635,AMAT/2012/page_35.pdf-1,AMAT/2012,DRAFT_COMPLETE,INHERITED_FROZEN,True,True,True
636,APTV/2015/page_47.pdf-2,APTV/2015,DRAFT_COMPLETE,INHERITED_FROZEN,True,True,True
637,INTC/2013/page_40.pdf-3,INTC/2013,DRAFT_COMPLETE,INHERITED_FROZEN,True,True,True
638,PNC/2013/page_65.pdf-1,PNC/2013,HUMAN_COMPLETION_REQUIRED,REQUIRES_HUMAN_REDERIVATION,True,False,False
639,AAPL/2002/page_63.pdf-2,AAPL/2002,DRAFT_COMPLETE,INHERITED_FROZEN,True,True,True
640,ETR/2017/page_19.pdf-2,ETR/2017,DRAFT_COMPLETE,INHERITED_FROZEN,True,True,True
641,AOS/2007/page_17.pdf-2,AOS/2007,DRAFT_COMPLETE,INHERITED_FROZEN,True,True,True
642,IPG/2009/page_89.pdf-1,IPG/2009,DRAFT_COMPLETE,INHERITED_FROZEN,True,True,True
643,FITB/2008/page_69.pdf-4,FITB/2008,DRAFT_COMPLETE,INHERITED_FROZEN,True,True,True
644,GPN/2016/page_84.pdf-3,GPN/2016,HUMAN_COMPLETION_REQUIRED,INHERITED_FROZEN,True,False,False
645,AWK/2018/page_178.pdf-1,AWK/2018,DRAFT_COMPLETE,INHERITED_FROZEN,True,True,True
646,DRE/2002/page_30.pdf-1,DRE/2002,DRAFT_COMPLETE,INHERITED_FROZEN,True,True,True
647,MAS/2010/page_86.pdf-2,MAS/2010,DRAFT_COMPLETE,INHERITED_FROZEN,True,True,True
648,AWK/2015/page_112.pdf-1,AWK/2015,DRAFT_COMPLETE,INHERITED_FROZEN,True,True,True
649,ETFC/2011/page_23.pdf-2,ETFC/2011,DRAFT_COMPLETE,INHERITED_FROZEN,True,True,True
650,ETR/2004/page_163.pdf-5,ETR/2004,DRAFT_COMPLETE,INHERITED_FROZEN,True,True,True
651,IPG/2014/page_37.pdf-4,IPG/2014,unknown_not_requested_not_reconstructed,UNKNOWN,False,False,False
652,CMCSA/2015/page_42.pdf-1,CMCSA/2015,HUMAN_COMPLETION_REQUIRED,INHERITED_FROZEN,True,False,False
653,AMAT/2016/page_32.pdf-1,AMAT/2016,DRAFT_COMPLETE,INHERITED_FROZEN,True,True,True
654,ILMN/2008/page_77.pdf-1,ILMN/2008,DRAFT_COMPLETE,INHERITED_FROZEN,True,True,True
655,MAR/2005/page_52.pdf-1,MAR/2005,DRAFT_COMPLETE,INHERITED_FROZEN,True,True,True
656,TSCO/2017/page_28.pdf-2,TSCO/2017,DRAFT_COMPLETE,INHERITED_FROZEN,True,True,True
657,MRO/2009/page_32.pdf-4,MRO/2009,DRAFT_COMPLETE,INHERITED_FROZEN,True,True,True
658,STT/2008/page_139.pdf-3,STT/2008,DRAFT_COMPLETE,INHERITED_FROZEN,True,True,True
659,AAP/2011/page_16.pdf-2,AAP/2011,DRAFT_COMPLETE,INHERITED_FROZEN,True,True,True
660,MAR/2010/page_55.pdf-2,MAR/2010,HUMAN_COMPLETION_REQUIRED,INHERITED_FROZEN,True,False,False
661,MMM/2007/page_66.pdf-1,MMM/2007,DRAFT_COMPLETE,REQUIRES_HUMAN_REDERIVATION,True,True,False
662,BKNG/2015/page_38.pdf-3,BKNG/2015,DRAFT_COMPLETE,INHERITED_FROZEN,True,True,True
663,DISCA/2016/page_30.pdf-4,DISCA/2016,DRAFT_COMPLETE,INHERITED_FROZEN,True,True,True
664,ABMD/2015/page_93.pdf-2,ABMD/2015,HUMAN_COMPLETION_REQUIRED,INHERITED_FROZEN,True,False,False
665,JPM/2016/page_141.pdf-2,JPM/2016,HUMAN_COMPLETION_REQUIRED,INHERITED_FROZEN,True,False,False
666,PNC/2012/page_98.pdf-4,PNC/2012,DRAFT_COMPLETE,INHERITED_FROZEN,True,True,True
667,ETR/2017/page_441.pdf-1,ETR/2017,DRAFT_COMPLETE,INHERITED_FROZEN,True,True,True
668,AOS/2016/page_19.pdf-2,AOS/2016,DRAFT_COMPLETE,INHERITED_FROZEN,True,True,True
669,C/2008/page_176.pdf-3,C/2008,DRAFT_COMPLETE,INHERITED_FROZEN,True,True,True
670,ETR/2004/page_19.pdf-2,ETR/2004,HUMAN_COMPLETION_REQUIRED,INHERITED_FROZEN,True,False,False
671,HST/2018/page_160.pdf-2,HST/2018,HUMAN_COMPLETION_REQUIRED,INHERITED_FROZEN,True,False,False
672,MA/2008/page_125.pdf-4,MA/2008,HUMAN_COMPLETION_REQUIRED,INHERITED_FROZEN,True,False,False
673,ETR/2015/page_24.pdf-3,ETR/2015,HUMAN_COMPLETION_REQUIRED,INHERITED_FROZEN,True,False,False
674,LMT/2013/page_26.pdf-3,LMT/2013,DRAFT_COMPLETE,INHERITED_FROZEN,True,True,True
675,JKHY/2016/page_61.pdf-1,JKHY/2016,DRAFT_COMPLETE,INHERITED_FROZEN,True,True,True
676,AAL/2015/page_187.pdf-2,AAL/2015,DRAFT_COMPLETE,INHERITED_FROZEN,True,True,True
677,SNA/2007/page_47.pdf-1,SNA/2007,DRAFT_COMPLETE,INHERITED_FROZEN,True,True,True
678,NKE/2015/page_37.pdf-4,NKE/2015,DRAFT_COMPLETE,INHERITED_FROZEN,True,True,True
679,ETR/2008/page_362.pdf-3,ETR/2008,DRAFT_COMPLETE,INHERITED_FROZEN,True,True,True
680,ETR/2004/page_160.pdf-2,ETR/2004,DRAFT_COMPLETE,INHERITED_FROZEN,True,True,True
681,LMT/2016/page_85.pdf-1,LMT/2016,DRAFT_COMPLETE,INHERITED_FROZEN,True,True,True
682,LMT/2016/page_83.pdf-2,LMT/2016,DRAFT_COMPLETE,INHERITED_FROZEN,True,True,True
683,C/2009/page_48.pdf-1,C/2009,DRAFT_COMPLETE,INHERITED_FROZEN,True,True,True
684,JPM/2003/page_100.pdf-1,JPM/2003,DRAFT_COMPLETE,INHERITED_FROZEN,True,True,True
685,PKG/2004/page_21.pdf-2,PKG/2004,DRAFT_COMPLETE,INHERITED_FROZEN,True,True,True
686,ETR/2017/page_25.pdf-4,ETR/2017,DRAFT_COMPLETE,INHERITED_FROZEN,True,True,True
687,AWK/2012/page_118.pdf-4,AWK/2012,HUMAN_COMPLETION_REQUIRED,REQUIRES_HUMAN_REDERIVATION,True,False,False
688,ETR/2016/page_352.pdf-1,ETR/2016,DRAFT_COMPLETE,INHERITED_FROZEN,True,True,True
689,BLL/2010/page_58.pdf-1,BLL/2010,DRAFT_COMPLETE,INHERITED_FROZEN,True,True,True
690,JPM/2003/page_28.pdf-2,JPM/2003,HUMAN_COMPLETION_REQUIRED,INHERITED_FROZEN,True,False,False
691,ETR/2008/page_314.pdf-4,ETR/2008,HUMAN_COMPLETION_REQUIRED,INHERITED_FROZEN,True,False,False
692,AES/2011/page_230.pdf-3,AES/2011,DRAFT_COMPLETE,INHERITED_FROZEN,True,True,True
693,HOLX/2007/page_130.pdf-2,HOLX/2007,DRAFT_COMPLETE,REQUIRES_HUMAN_REDERIVATION,True,True,False
694,RL/2018/page_9.pdf-2,RL/2018,DRAFT_COMPLETE,INHERITED_FROZEN,True,True,True
695,STT/2006/page_92.pdf-4,STT/2006,DRAFT_COMPLETE,INHERITED_FROZEN,True,True,True
696,MAS/2010/page_29.pdf-4,MAS/2010,DRAFT_COMPLETE,INHERITED_FROZEN,True,True,True
697,ETR/2004/page_20.pdf-1,ETR/2004,HUMAN_COMPLETION_REQUIRED,INHERITED_FROZEN,True,False,False
698,JPM/2008/page_86.pdf-2,JPM/2008,DRAFT_COMPLETE,INHERITED_FROZEN,True,True,True
699,AMAT/2015/page_14.pdf-3,AMAT/2015,DRAFT_COMPLETE,INHERITED_FROZEN,True,True,True
700,INTC/2013/page_40.pdf-2,INTC/2013,DRAFT_COMPLETE,INHERITED_FROZEN,True,True,True
701,JPM/2013/page_158.pdf-1,JPM/2013,HUMAN_COMPLETION_REQUIRED,INHERITED_FROZEN,True,False,False
702,ETR/2008/page_267.pdf-4,ETR/2008,HUMAN_COMPLETION_REQUIRED,INHERITED_FROZEN,True,False,False
703,ETR/2008/page_438.pdf-2,ETR/2008,DRAFT_COMPLETE,INHERITED_FROZEN,True,True,True
704,DISCA/2013/page_45.pdf-1,DISCA/2013,HUMAN_COMPLETION_REQUIRED,INHERITED_FROZEN,True,False,False
705,ETR/2008/page_336.pdf-4,ETR/2008,HUMAN_COMPLETION_REQUIRED,INHERITED_FROZEN,True,False,False
706,WELL/2016/page_61.pdf-1,WELL/2016,DRAFT_COMPLETE,INHERITED_FROZEN,True,True,True
707,MKTX/2004/page_24.pdf-1,MKTX/2004,DRAFT_COMPLETE,INHERITED_FROZEN,True,True,True
708,AMT/2014/page_88.pdf-2,AMT/2014,DRAFT_COMPLETE,INHERITED_FROZEN,True,True,True
709,SLB/2010/page_58.pdf-1,SLB/2010,HUMAN_COMPLETION_REQUIRED,INHERITED_FROZEN,True,False,False
710,AMT/2012/page_123.pdf-3,AMT/2012,DRAFT_COMPLETE,INHERITED_FROZEN,True,True,True
711,FIS/2012/page_11.pdf-3,FIS/2012,DRAFT_COMPLETE,INHERITED_FROZEN,True,True,True
712,RL/2009/page_20.pdf-1,RL/2009,DRAFT_COMPLETE,INHERITED_FROZEN,True,True,True
713,PNC/2013/page_85.pdf-2,PNC/2013,DRAFT_COMPLETE,INHERITED_FROZEN,True,True,True
714,EL/2009/page_112.pdf-1,EL/2009,DRAFT_COMPLETE,INHERITED_FROZEN,True,True,True
715,ETR/2017/page_422.pdf-3,ETR/2017,HUMAN_COMPLETION_REQUIRED,INHERITED_FROZEN,True,False,False
716,AES/2011/page_269.pdf-2,AES/2011,HUMAN_COMPLETION_REQUIRED,INHERITED_FROZEN,True,False,False
717,CDNS/2018/page_82.pdf-3,CDNS/2018,DRAFT_COMPLETE,INHERITED_FROZEN,True,True,True
718,RE/2017/page_145.pdf-3,RE/2017,DRAFT_COMPLETE,INHERITED_FROZEN,True,True,True
719,IP/2012/page_55.pdf-1,IP/2012,DRAFT_COMPLETE,REQUIRES_HUMAN_REDERIVATION,True,True,False
720,AAL/2014/page_89.pdf-1,AAL/2014,DRAFT_COMPLETE,INHERITED_FROZEN,True,True,True
721,AES/2011/page_260.pdf-1,AES/2011,DRAFT_COMPLETE,REQUIRES_HUMAN_REDERIVATION,True,True,False
722,RSG/2015/page_18.pdf-1,RSG/2015,DRAFT_COMPLETE,INHERITED_FROZEN,True,True,True
723,RSG/2012/page_145.pdf-1,RSG/2012,DRAFT_COMPLETE,INHERITED_FROZEN,True,True,True
724,DVN/2010/page_70.pdf-1,DVN/2010,DRAFT_COMPLETE,INHERITED_FROZEN,True,True,True
725,CNC/2003/page_41.pdf-1,CNC/2003,DRAFT_COMPLETE,INHERITED_FROZEN,True,True,True
726,DISCA/2012/page_54.pdf-1,DISCA/2012,DRAFT_COMPLETE,REQUIRES_HUMAN_REDERIVATION,True,True,False
727,AAL/2014/page_92.pdf-1,AAL/2014,DRAFT_COMPLETE,INHERITED_FROZEN,True,True,True
728,HFC/2017/page_103.pdf-5,HFC/2017,DRAFT_COMPLETE,INHERITED_FROZEN,True,True,True
729,AAPL/2017/page_23.pdf-2,AAPL/2017,DRAFT_COMPLETE,INHERITED_FROZEN,True,True,True
730,GPN/2016/page_83.pdf-3,GPN/2016,DRAFT_COMPLETE,INHERITED_FROZEN,True,True,False
731,V/2008/page_165.pdf-2,V/2008,DRAFT_COMPLETE,INHERITED_FROZEN,True,True,True
732,GPN/2017/page_76.pdf-2,GPN/2017,DRAFT_COMPLETE,INHERITED_FROZEN,True,True,True
733,UNP/2018/page_50.pdf-1,UNP/2018,DRAFT_COMPLETE,INHERITED_FROZEN,True,True,True
734,ETR/2008/page_314.pdf-1,ETR/2008,HUMAN_COMPLETION_REQUIRED,INHERITED_FROZEN,True,False,False
735,IPG/2017/page_26.pdf-2,IPG/2017,DRAFT_COMPLETE,INHERITED_FROZEN,True,True,True
736,V/2013/page_113.pdf-1,V/2013,DRAFT_COMPLETE,INHERITED_FROZEN,True,True,True
737,NKE/2015/page_37.pdf-2,NKE/2015,HUMAN_COMPLETION_REQUIRED,INHERITED_FROZEN,True,False,False
738,RSG/2008/page_127.pdf-2,RSG/2008,DRAFT_COMPLETE,INHERITED_FROZEN,True,True,True
739,MA/2008/page_113.pdf-4,MA/2008,DRAFT_COMPLETE,INHERITED_FROZEN,True,True,True
740,SLG/2012/page_61.pdf-2,SLG/2012,DRAFT_COMPLETE,INHERITED_FROZEN,True,True,True
741,AWK/2018/page_172.pdf-3,AWK/2018,DRAFT_COMPLETE,INHERITED_FROZEN,True,True,True
742,ETFC/2013/page_155.pdf-1,ETFC/2013,DRAFT_COMPLETE,INHERITED_FROZEN,True,True,True
743,LMT/2016/page_50.pdf-3,LMT/2016,DRAFT_COMPLETE,INHERITED_FROZEN,True,True,True
744,HOLX/2005/page_27.pdf-1,HOLX/2005,DRAFT_COMPLETE,INHERITED_FROZEN,True,True,True
745,MA/2008/page_70.pdf-1,MA/2008,HUMAN_COMPLETION_REQUIRED,INHERITED_FROZEN,True,False,False
746,LMT/2017/page_26.pdf-2,LMT/2017,DRAFT_COMPLETE,INHERITED_FROZEN,True,True,True
747,ETR/2004/page_19.pdf-1,ETR/2004,HUMAN_COMPLETION_REQUIRED,INHERITED_FROZEN,True,False,False
748,AAL/2015/page_183.pdf-2,AAL/2015,DRAFT_COMPLETE,INHERITED_FROZEN,True,True,True
749,LMT/2013/page_45.pdf-2,LMT/2013,HUMAN_COMPLETION_REQUIRED,INHERITED_FROZEN,True,False,False
750,CB/2009/page_220.pdf-1,CB/2009,DRAFT_COMPLETE,INHERITED_FROZEN,True,True,True
751,STT/2007/page_65.pdf-3,STT/2007,HUMAN_COMPLETION_REQUIRED,INHERITED_FROZEN,True,False,False
752,IP/2005/page_28.pdf-2,IP/2005,HUMAN_COMPLETION_REQUIRED,INHERITED_FROZEN,True,False,False
753,STT/2008/page_73.pdf-3,STT/2008,HUMAN_COMPLETION_REQUIRED,INHERITED_FROZEN,True,False,False
754,HUM/2005/page_80.pdf-3,HUM/2005,DRAFT_COMPLETE,INHERITED_FROZEN,True,True,True
755,JKHY/2015/page_20.pdf-1,JKHY/2015,DRAFT_COMPLETE,INHERITED_FROZEN,True,True,True
756,GS/2016/page_183.pdf-4,GS/2016,DRAFT_COMPLETE,INHERITED_FROZEN,True,True,True
757,HST/2018/page_160.pdf-1,HST/2018,HUMAN_COMPLETION_REQUIRED,INHERITED_FROZEN,True,False,False
758,ETR/2008/page_187.pdf-2,ETR/2008,HUMAN_COMPLETION_REQUIRED,INHERITED_FROZEN,True,False,False
759,C/2009/page_255.pdf-2,C/2009,DRAFT_COMPLETE,INHERITED_FROZEN,True,True,True
760,VNO/2010/page_88.pdf-1,VNO/2010,DRAFT_COMPLETE,INHERITED_FROZEN,True,True,True
761,ETR/2017/page_414.pdf-1,ETR/2017,HUMAN_COMPLETION_REQUIRED,INHERITED_FROZEN,True,False,False
762,EW/2014/page_35.pdf-1,EW/2014,DRAFT_COMPLETE,INHERITED_FROZEN,True,True,True
763,AAPL/2015/page_68.pdf-3,AAPL/2015,DRAFT_COMPLETE,INHERITED_FROZEN,True,True,True
764,ETR/2015/page_111.pdf-1,ETR/2015,HUMAN_COMPLETION_REQUIRED,INHERITED_FROZEN,True,False,False
765,PKG/2018/page_66.pdf-1,PKG/2018,DRAFT_COMPLETE,INHERITED_FROZEN,True,True,True
766,C/2008/page_207.pdf-4,C/2008,DRAFT_COMPLETE,INHERITED_FROZEN,True,True,False
767,RSG/2008/page_141.pdf-1,RSG/2008,DRAFT_COMPLETE,INHERITED_FROZEN,True,True,True
768,TROW/2013/page_25.pdf-3,TROW/2013,DRAFT_COMPLETE,INHERITED_FROZEN,True,True,True
769,HFC/2017/page_103.pdf-1,HFC/2017,DRAFT_COMPLETE,INHERITED_FROZEN,True,True,True
770,C/2008/page_26.pdf-3,C/2008,HUMAN_COMPLETION_REQUIRED,INHERITED_FROZEN,True,False,False
771,FIS/2012/page_30.pdf-2,FIS/2012,HUMAN_COMPLETION_REQUIRED,INHERITED_FROZEN,True,False,False
772,GS/2012/page_177.pdf-2,GS/2012,DRAFT_COMPLETE,INHERITED_FROZEN,True,True,True
773,RCL/2017/page_38.pdf-2,RCL/2017,DRAFT_COMPLETE,INHERITED_FROZEN,True,True,True
774,STT/2008/page_139.pdf-4,STT/2008,HUMAN_COMPLETION_REQUIRED,INHERITED_FROZEN,True,False,False
775,AAPL/2006/page_79.pdf-3,AAPL/2006,HUMAN_COMPLETION_REQUIRED,INHERITED_FROZEN,True,False,False
776,ETR/2015/page_155.pdf-1,ETR/2015,HUMAN_COMPLETION_REQUIRED,INHERITED_FROZEN,True,False,False
777,JPM/2015/page_83.pdf-1,JPM/2015,HUMAN_COMPLETION_REQUIRED,INHERITED_FROZEN,True,False,False
778,LMT/2013/page_81.pdf-2,LMT/2013,HUMAN_COMPLETION_REQUIRED,INHERITED_FROZEN,True,False,False
779,C/2008/page_176.pdf-1,C/2008,HUMAN_COMPLETION_REQUIRED,INHERITED_FROZEN,True,False,False
780,IP/2013/page_62.pdf-1,IP/2013,HUMAN_COMPLETION_REQUIRED,INHERITED_FROZEN,True,False,False
781,SLB/2010/page_90.pdf-1,SLB/2010,DRAFT_COMPLETE,INHERITED_FROZEN,True,True,True
782,UNP/2008/page_71.pdf-2,UNP/2008,DRAFT_COMPLETE,INHERITED_FROZEN,True,True,True
783,UPS/2013/page_34.pdf-3,UPS/2013,DRAFT_COMPLETE,INHERITED_FROZEN,True,True,True
784,STT/2006/page_92.pdf-3,STT/2006,DRAFT_COMPLETE,INHERITED_FROZEN,True,True,True
785,LLY/2018/page_99.pdf-3,LLY/2018,DRAFT_COMPLETE,INHERITED_FROZEN,True,True,True
786,C/2008/page_219.pdf-1,C/2008,DRAFT_COMPLETE,INHERITED_FROZEN,True,True,True
787,MRO/2009/page_137.pdf-3,MRO/2009,HUMAN_COMPLETION_REQUIRED,INHERITED_FROZEN,True,False,False
788,ETR/2016/page_352.pdf-2,ETR/2016,DRAFT_COMPLETE,INHERITED_FROZEN,True,True,True
789,UNP/2009/page_83.pdf-2,UNP/2009,DRAFT_COMPLETE,INHERITED_FROZEN,True,True,True
790,C/2008/page_207.pdf-2,C/2008,DRAFT_COMPLETE,INHERITED_FROZEN,True,True,True
791,LMT/2016/page_50.pdf-4,LMT/2016,DRAFT_COMPLETE,INHERITED_FROZEN,True,True,True
792,AWK/2017/page_136.pdf-3,AWK/2017,HUMAN_COMPLETION_REQUIRED,INHERITED_FROZEN,True,False,False
793,BLK/2017/page_87.pdf-1,BLK/2017,HUMAN_COMPLETION_REQUIRED,INHERITED_FROZEN,True,False,False
794,LKQ/2009/page_66.pdf-2,LKQ/2009,DRAFT_COMPLETE,INHERITED_FROZEN,True,True,True
795,ORLY/2017/page_30.pdf-1,ORLY/2017,DRAFT_COMPLETE,INHERITED_FROZEN,True,True,True
796,C/2009/page_194.pdf-2,C/2009,DRAFT_COMPLETE,INHERITED_FROZEN,True,True,True
797,FITB/2008/page_69.pdf-3,FITB/2008,DRAFT_COMPLETE,INHERITED_FROZEN,True,True,True
798,AAPL/2018/page_23.pdf-1,AAPL/2018,DRAFT_COMPLETE,INHERITED_FROZEN,True,True,True
799,HIG/2014/page_126.pdf-1,HIG/2014,HUMAN_COMPLETION_REQUIRED,REQUIRES_HUMAN_REDERIVATION,True,False,False
800,UNP/2018/page_50.pdf-2,UNP/2018,DRAFT_COMPLETE,INHERITED_FROZEN,True,True,True
801,GPN/2015/page_83.pdf-2,GPN/2015,HUMAN_COMPLETION_REQUIRED,REQUIRES_HUMAN_REDERIVATION,True,False,False
802,APD/2013/page_44.pdf-1,APD/2013,DRAFT_COMPLETE,INHERITED_FROZEN,True,True,True
803,SNPS/2012/page_61.pdf-4,SNPS/2012,DRAFT_COMPLETE,INHERITED_FROZEN,True,True,True
804,SLG/2009/page_99.pdf-4,SLG/2009,DRAFT_COMPLETE,INHERITED_FROZEN,True,True,True
805,EW/2016/page_36.pdf-2,EW/2016,DRAFT_COMPLETE,INHERITED_FROZEN,True,True,True
806,AMT/2007/page_99.pdf-4,AMT/2007,HUMAN_COMPLETION_REQUIRED,INHERITED_FROZEN,True,False,False
807,MAR/2005/page_52.pdf-2,MAR/2005,HUMAN_COMPLETION_REQUIRED,INHERITED_FROZEN,True,False,False
808,SNPS/2006/page_68.pdf-2,SNPS/2006,DRAFT_COMPLETE,INHERITED_FROZEN,True,True,True
809,GS/2018/page_165.pdf-2,GS/2018,HUMAN_COMPLETION_REQUIRED,INHERITED_FROZEN,True,False,False
810,RSG/2018/page_56.pdf-2,RSG/2018,HUMAN_COMPLETION_REQUIRED,INHERITED_FROZEN,True,False,False
811,KHC/2016/page_94.pdf-1,KHC/2016,DRAFT_COMPLETE,INHERITED_FROZEN,True,True,True
812,RCL/2012/page_80.pdf-1,RCL/2012,DRAFT_COMPLETE,INHERITED_FROZEN,True,True,True
813,HIG/2013/page_124.pdf-3,HIG/2013,DRAFT_COMPLETE,INHERITED_FROZEN,True,True,True
814,ADI/2012/page_65.pdf-1,ADI/2012,DRAFT_COMPLETE,INHERITED_FROZEN,True,True,True
815,C/2009/page_279.pdf-2,C/2009,DRAFT_COMPLETE,INHERITED_FROZEN,True,True,True
816,APTV/2013/page_48.pdf-2,APTV/2013,DRAFT_COMPLETE,INHERITED_FROZEN,True,True,True
817,SLB/2006/page_82.pdf-3,SLB/2006,HUMAN_COMPLETION_REQUIRED,INHERITED_FROZEN,True,False,False
818,AMAT/2016/page_30.pdf-3,AMAT/2016,DRAFT_COMPLETE,INHERITED_FROZEN,True,True,True
819,AAL/2015/page_131.pdf-3,AAL/2015,DRAFT_COMPLETE,INHERITED_FROZEN,True,True,True
820,ETR/2004/page_186.pdf-4,ETR/2004,HUMAN_COMPLETION_REQUIRED,INHERITED_FROZEN,True,False,False
821,WRK/2019/page_31.pdf-3,WRK/2019,DRAFT_COMPLETE,INHERITED_FROZEN,True,True,True
822,ORLY/2018/page_30.pdf-1,ORLY/2018,DRAFT_COMPLETE,INHERITED_FROZEN,True,True,True
823,ETR/2004/page_159.pdf-4,ETR/2004,DRAFT_COMPLETE,REQUIRES_HUMAN_REDERIVATION,True,True,False
824,BLL/2006/page_89.pdf-1,BLL/2006,DRAFT_COMPLETE,INHERITED_FROZEN,True,True,True
825,GPN/2016/page_67.pdf-1,GPN/2016,HUMAN_COMPLETION_REQUIRED,INHERITED_FROZEN,True,False,False
826,AMT/2016/page_69.pdf-3,AMT/2016,DRAFT_COMPLETE,INHERITED_FROZEN,True,True,True
827,ETR/2008/page_343.pdf-3,ETR/2008,DRAFT_COMPLETE,INHERITED_FROZEN,True,True,True
828,AWK/2014/page_45.pdf-2,AWK/2014,DRAFT_COMPLETE,INHERITED_FROZEN,True,True,True
829,SLG/2010/page_50.pdf-2,SLG/2010,HUMAN_COMPLETION_REQUIRED,INHERITED_FROZEN,True,False,False
830,DVN/2013/page_101.pdf-3,DVN/2013,HUMAN_COMPLETION_REQUIRED,INHERITED_FROZEN,True,False,False
831,AAPL/2006/page_79.pdf-4,AAPL/2006,DRAFT_COMPLETE,INHERITED_FROZEN,True,True,True
832,APTV/2015/page_50.pdf-2,APTV/2015,DRAFT_COMPLETE,INHERITED_FROZEN,True,True,True
833,AAP/2013/page_32.pdf-2,AAP/2013,DRAFT_COMPLETE,INHERITED_FROZEN,True,True,True
834,APD/2014/page_71.pdf-1,APD/2014,DRAFT_COMPLETE,INHERITED_FROZEN,True,True,True
835,LMT/2010/page_24.pdf-4,LMT/2010,DRAFT_COMPLETE,INHERITED_FROZEN,True,True,True
836,ETR/2016/page_505.pdf-2,ETR/2016,DRAFT_COMPLETE,INHERITED_FROZEN,True,True,True
837,PKG/2004/page_21.pdf-3,PKG/2004,DRAFT_COMPLETE,INHERITED_FROZEN,True,True,True
838,STT/2008/page_139.pdf-1,STT/2008,DRAFT_COMPLETE,INHERITED_FROZEN,True,True,True
839,AON/2010/page_100.pdf-3,AON/2010,HUMAN_COMPLETION_REQUIRED,INHERITED_FROZEN,True,False,False
840,PNC/2014/page_203.pdf-4,PNC/2014,HUMAN_COMPLETION_REQUIRED,REQUIRES_HUMAN_REDERIVATION,True,False,False
841,VNO/2003/page_102.pdf-2,VNO/2003,DRAFT_COMPLETE,INHERITED_FROZEN,True,True,True
842,GS/2014/page_62.pdf-2,GS/2014,DRAFT_COMPLETE,INHERITED_FROZEN,True,True,True
843,HST/2018/page_115.pdf-2,HST/2018,DRAFT_COMPLETE,INHERITED_FROZEN,True,True,True
844,ORLY/2016/page_29.pdf-3,ORLY/2016,DRAFT_COMPLETE,INHERITED_FROZEN,True,True,True
845,UNP/2017/page_74.pdf-2,UNP/2017,DRAFT_COMPLETE,INHERITED_FROZEN,True,True,True
846,AES/2001/page_43.pdf-2,AES/2001,HUMAN_COMPLETION_REQUIRED,INHERITED_FROZEN,True,False,False
847,VTR/2007/page_48.pdf-4,VTR/2007,DRAFT_COMPLETE,INHERITED_FROZEN,True,True,True
848,ETR/2004/page_186.pdf-3,ETR/2004,DRAFT_COMPLETE,REQUIRES_HUMAN_REDERIVATION,True,True,False
849,IPG/2014/page_37.pdf-1,IPG/2014,DRAFT_COMPLETE,INHERITED_FROZEN,True,True,True
850,DVN/2014/page_112.pdf-4,DVN/2014,HUMAN_COMPLETION_REQUIRED,REQUIRES_HUMAN_REDERIVATION,True,False,False
851,TSCO/2018/page_31.pdf-1,TSCO/2018,DRAFT_COMPLETE,INHERITED_FROZEN,True,True,True
852,PPG/2018/page_60.pdf-1,PPG/2018,DRAFT_COMPLETE,INHERITED_FROZEN,True,True,True
853,ADBE/2014/page_99.pdf-3,ADBE/2014,DRAFT_COMPLETE,INHERITED_FROZEN,True,True,True
854,AWK/2015/page_106.pdf-3,AWK/2015,DRAFT_COMPLETE,INHERITED_FROZEN,True,True,True
855,AWK/2017/page_172.pdf-1,AWK/2017,DRAFT_COMPLETE,INHERITED_FROZEN,True,True,True
856,DISCA/2012/page_54.pdf-3,DISCA/2012,DRAFT_COMPLETE,INHERITED_FROZEN,True,True,True
857,AWK/2017/page_154.pdf-4,AWK/2017,DRAFT_COMPLETE,INHERITED_FROZEN,True,True,True
858,AWK/2013/page_123.pdf-1,AWK/2013,DRAFT_COMPLETE,INHERITED_FROZEN,True,True,True
859,RL/2015/page_9.pdf-2,RL/2015,DRAFT_COMPLETE,INHERITED_FROZEN,True,True,True
860,NKE/2015/page_37.pdf-3,NKE/2015,DRAFT_COMPLETE,INHERITED_FROZEN,True,True,True
861,MRO/2008/page_70.pdf-1,MRO/2008,HUMAN_COMPLETION_REQUIRED,INHERITED_FROZEN,True,False,False
862,HUM/2012/page_109.pdf-2,HUM/2012,DRAFT_COMPLETE,INHERITED_FROZEN,True,True,True
863,AWK/2015/page_127.pdf-2,AWK/2015,DRAFT_COMPLETE,INHERITED_FROZEN,True,True,True
864,AAP/2016/page_65.pdf-1,AAP/2016,DRAFT_COMPLETE,INHERITED_FROZEN,True,True,True
865,GS/2014/page_134.pdf-1,GS/2014,DRAFT_COMPLETE,INHERITED_FROZEN,True,True,True
866,RCL/2006/page_37.pdf-2,RCL/2006,DRAFT_COMPLETE,INHERITED_FROZEN,True,True,True
867,SLG/2010/page_81.pdf-4,SLG/2010,HUMAN_COMPLETION_REQUIRED,INHERITED_FROZEN,True,False,False
868,LMT/2007/page_55.pdf-2,LMT/2007,HUMAN_COMPLETION_REQUIRED,INHERITED_FROZEN,True,False,False
869,LMT/2010/page_37.pdf-4,LMT/2010,HUMAN_COMPLETION_REQUIRED,INHERITED_FROZEN,True,False,False
870,PKG/2006/page_68.pdf-4,PKG/2006,DRAFT_COMPLETE,INHERITED_FROZEN,True,True,True
871,ALLE/2018/page_121.pdf-2,ALLE/2018,DRAFT_COMPLETE,INHERITED_FROZEN,True,True,True
872,UPS/2013/page_56.pdf-1,UPS/2013,HUMAN_COMPLETION_REQUIRED,INHERITED_FROZEN,True,False,False
873,AAPL/2014/page_78.pdf-1,AAPL/2014,DRAFT_COMPLETE,INHERITED_FROZEN,True,True,True
874,GPN/2013/page_71.pdf-1,GPN/2013,HUMAN_COMPLETION_REQUIRED,INHERITED_FROZEN,True,False,False
875,IPG/2018/page_104.pdf-3,IPG/2018,DRAFT_COMPLETE,INHERITED_FROZEN,True,True,True
876,IPG/2018/page_26.pdf-1,IPG/2018,DRAFT_COMPLETE,INHERITED_FROZEN,True,True,True
877,FIS/2007/page_33.pdf-1,FIS/2007,DRAFT_COMPLETE,INHERITED_FROZEN,True,True,True
878,TFX/2015/page_42.pdf-1,TFX/2015,DRAFT_COMPLETE,INHERITED_FROZEN,True,True,True
879,AMT/2015/page_58.pdf-1,AMT/2015,DRAFT_COMPLETE,INHERITED_FROZEN,True,True,False
880,C/2016/page_120.pdf-2,C/2016,DRAFT_COMPLETE,INHERITED_FROZEN,True,True,True
881,LMT/2016/page_85.pdf-3,LMT/2016,DRAFT_COMPLETE,INHERITED_FROZEN,True,True,True
882,RSG/2017/page_74.pdf-1,RSG/2017,DRAFT_COMPLETE,INHERITED_FROZEN,True,True,True
883,RCL/2017/page_38.pdf-1,RCL/2017,DRAFT_COMPLETE,INHERITED_FROZEN,True,True,True
884,GRMN/2006/page_91.pdf-2,GRMN/2006,HUMAN_COMPLETION_REQUIRED,INHERITED_FROZEN,True,False,False
885,AAPL/2002/page_63.pdf-3,AAPL/2002,DRAFT_COMPLETE,INHERITED_FROZEN,True,True,True
886,BLK/2017/page_35.pdf-1,BLK/2017,HUMAN_COMPLETION_REQUIRED,INHERITED_FROZEN,True,False,False
887,RCL/2016/page_37.pdf-3,RCL/2016,DRAFT_COMPLETE,INHERITED_FROZEN,True,True,True
888,LLY/2018/page_42.pdf-2,LLY/2018,HUMAN_COMPLETION_REQUIRED,INHERITED_FROZEN,True,False,False
889,AAPL/2002/page_26.pdf-4,AAPL/2002,DRAFT_COMPLETE,INHERITED_FROZEN,True,True,True
890,AAP/2016/page_26.pdf-2,AAP/2016,DRAFT_COMPLETE,INHERITED_FROZEN,True,True,True
891,APD/2019/page_100.pdf-2,APD/2019,DRAFT_COMPLETE,INHERITED_FROZEN,True,True,True
892,UPS/2017/page_111.pdf-1,UPS/2017,DRAFT_COMPLETE,INHERITED_FROZEN,True,True,True
893,PPG/2005/page_20.pdf-2,PPG/2005,DRAFT_COMPLETE,INHERITED_FROZEN,True,True,True
894,RL/2015/page_9.pdf-1,RL/2015,DRAFT_COMPLETE,INHERITED_FROZEN,True,True,True
895,HIG/2004/page_192.pdf-4,HIG/2004,DRAFT_COMPLETE,INHERITED_FROZEN,True,True,True
896,RSG/2009/page_78.pdf-2,RSG/2009,DRAFT_COMPLETE,INHERITED_FROZEN,True,True,True
897,AWK/2015/page_21.pdf-2,AWK/2015,DRAFT_COMPLETE,INHERITED_FROZEN,True,True,True
898,AON/2015/page_29.pdf-2,AON/2015,DRAFT_COMPLETE,INHERITED_FROZEN,True,True,True
899,LMT/2010/page_24.pdf-1,LMT/2010,DRAFT_COMPLETE,INHERITED_FROZEN,True,True,True
900,BKR/2018/page_127.pdf-1,BKR/2018,DRAFT_COMPLETE,INHERITED_FROZEN,True,True,True
901,ETR/2008/page_336.pdf-3,ETR/2008,HUMAN_COMPLETION_REQUIRED,INHERITED_FROZEN,True,False,False
902,UNP/2010/page_55.pdf-2,UNP/2010,DRAFT_COMPLETE,INHERITED_FROZEN,True,True,True
903,AAPL/2013/page_39.pdf-1,AAPL/2013,HUMAN_COMPLETION_REQUIRED,INHERITED_FROZEN,True,False,False
904,ETR/2013/page_15.pdf-4,ETR/2013,HUMAN_COMPLETION_REQUIRED,INHERITED_FROZEN,True,False,False
905,PPG/2012/page_70.pdf-1,PPG/2012,DRAFT_COMPLETE,INHERITED_FROZEN,True,True,True
906,MMM/2007/page_37.pdf-1,MMM/2007,DRAFT_COMPLETE,INHERITED_FROZEN,True,True,True
907,SNPS/2009/page_59.pdf-2,SNPS/2009,DRAFT_COMPLETE,REQUIRES_HUMAN_REDERIVATION,True,True,False
908,EW/2014/page_68.pdf-1,EW/2014,DRAFT_COMPLETE,INHERITED_FROZEN,True,True,True
909,APD/2018/page_113.pdf-1,APD/2018,DRAFT_COMPLETE,INHERITED_FROZEN,True,True,True
910,AMAT/2016/page_30.pdf-2,AMAT/2016,DRAFT_COMPLETE,INHERITED_FROZEN,True,True,True
911,FIS/2016/page_64.pdf-2,FIS/2016,DRAFT_COMPLETE,INHERITED_FROZEN,True,True,True
912,JPM/2015/page_77.pdf-4,JPM/2015,DRAFT_COMPLETE,INHERITED_FROZEN,True,True,False
913,AMT/2016/page_69.pdf-1,AMT/2016,DRAFT_COMPLETE,INHERITED_FROZEN,True,True,True
914,STT/2017/page_63.pdf-3,STT/2017,DRAFT_COMPLETE,INHERITED_FROZEN,True,True,True
915,HWM/2015/page_89.pdf-1,HWM/2015,HUMAN_COMPLETION_REQUIRED,INHERITED_FROZEN,True,False,False
916,HFC/2011/page_92.pdf-1,HFC/2011,HUMAN_COMPLETION_REQUIRED,INHERITED_FROZEN,True,False,False
917,PNC/2008/page_144.pdf-1,PNC/2008,DRAFT_COMPLETE,INHERITED_FROZEN,True,True,True
918,ETR/2002/page_266.pdf-1,ETR/2002,DRAFT_COMPLETE,INHERITED_FROZEN,True,True,True
919,RSG/2013/page_92.pdf-1,RSG/2013,DRAFT_COMPLETE,INHERITED_FROZEN,True,True,True
920,PNC/2011/page_74.pdf-1,PNC/2011,DRAFT_COMPLETE,INHERITED_FROZEN,True,True,True
921,PNC/2012/page_110.pdf-1,PNC/2012,DRAFT_COMPLETE,INHERITED_FROZEN,True,True,True
922,AMAT/2015/page_31.pdf-1,AMAT/2015,DRAFT_COMPLETE,INHERITED_FROZEN,True,True,True
923,RE/2006/page_31.pdf-3,RE/2006,unknown_not_requested_not_reconstructed,UNKNOWN,False,False,False
924,IPG/2016/page_37.pdf-3,IPG/2016,unknown_not_requested_not_reconstructed,UNKNOWN,False,False,False
925,ETR/2016/page_324.pdf-3,ETR/2016,HUMAN_COMPLETION_REQUIRED,REQUIRES_HUMAN_REDERIVATION,True,False,False
926,LMT/2016/page_52.pdf-1,LMT/2016,DRAFT_COMPLETE,INHERITED_FROZEN,True,True,True
927,PNC/2014/page_151.pdf-2,PNC/2014,DRAFT_COMPLETE,INHERITED_FROZEN,True,True,True
928,HOLX/2005/page_61.pdf-1,HOLX/2005,HUMAN_COMPLETION_REQUIRED,INHERITED_FROZEN,True,False,False
929,LMT/2017/page_101.pdf-3,LMT/2017,DRAFT_COMPLETE,INHERITED_FROZEN,True,True,True
930,FIS/2007/page_33.pdf-2,FIS/2007,DRAFT_COMPLETE,REQUIRES_HUMAN_REDERIVATION,True,True,False
931,IP/2007/page_32.pdf-2,IP/2007,HUMAN_COMPLETION_REQUIRED,INHERITED_FROZEN,True,False,False
932,KHC/2018/page_27.pdf-4,KHC/2018,DRAFT_COMPLETE,INHERITED_FROZEN,True,True,True
933,AAL/2015/page_15.pdf-4,AAL/2015,DRAFT_COMPLETE,INHERITED_FROZEN,True,True,True
934,DVN/2015/page_117.pdf-3,DVN/2015,HUMAN_COMPLETION_REQUIRED,INHERITED_FROZEN,True,False,False
935,LMT/2016/page_85.pdf-4,LMT/2016,HUMAN_COMPLETION_REQUIRED,REQUIRES_HUMAN_REDERIVATION,True,False,False
936,AMAT/2016/page_32.pdf-2,AMAT/2016,DRAFT_COMPLETE,INHERITED_FROZEN,True,True,True
937,JPM/2016/page_73.pdf-1,JPM/2016,DRAFT_COMPLETE,INHERITED_FROZEN,True,True,True
938,IPG/2017/page_40.pdf-1,IPG/2017,HUMAN_COMPLETION_REQUIRED,INHERITED_FROZEN,True,False,False
939,RCL/2006/page_37.pdf-4,RCL/2006,DRAFT_COMPLETE,INHERITED_FROZEN,True,True,False
940,ECL/2017/page_68.pdf-1,ECL/2017,DRAFT_COMPLETE,INHERITED_FROZEN,True,True,True
941,ETR/2016/page_403.pdf-1,ETR/2016,DRAFT_COMPLETE,INHERITED_FROZEN,True,True,True
942,ORLY/2016/page_29.pdf-2,ORLY/2016,DRAFT_COMPLETE,INHERITED_FROZEN,True,True,True
943,HIG/2004/page_81.pdf-1,HIG/2004,DRAFT_COMPLETE,INHERITED_FROZEN,True,True,True
944,VNO/2012/page_190.pdf-2,VNO/2012,DRAFT_COMPLETE,INHERITED_FROZEN,True,True,True
945,IPG/2018/page_78.pdf-1,IPG/2018,DRAFT_COMPLETE,INHERITED_FROZEN,True,True,True
946,ADBE/2011/page_116.pdf-1,ADBE/2011,DRAFT_COMPLETE,INHERITED_FROZEN,True,True,True
947,PNC/2017/page_168.pdf-1,PNC/2017,DRAFT_COMPLETE,INHERITED_FROZEN,True,True,True
948,UNP/2013/page_29.pdf-1,UNP/2013,HUMAN_COMPLETION_REQUIRED,INHERITED_FROZEN,True,False,False
949,MRO/2009/page_107.pdf-4,MRO/2009,DRAFT_COMPLETE,INHERITED_FROZEN,True,True,True
950,HOLX/2008/page_93.pdf-1,HOLX/2008,HUMAN_COMPLETION_REQUIRED,REQUIRES_HUMAN_REDERIVATION,True,False,False
951,PNC/2007/page_107.pdf-1,PNC/2007,HUMAN_COMPLETION_REQUIRED,INHERITED_FROZEN,True,False,False
952,EW/2017/page_83.pdf-2,EW/2017,DRAFT_COMPLETE,INHERITED_FROZEN,True,True,True
953,AAPL/2002/page_23.pdf-1,AAPL/2002,DRAFT_COMPLETE,INHERITED_FROZEN,True,True,True
954,SLG/2009/page_99.pdf-2,SLG/2009,HUMAN_COMPLETION_REQUIRED,INHERITED_FROZEN,True,False,False
955,ETR/2008/page_376.pdf-1,ETR/2008,HUMAN_COMPLETION_REQUIRED,INHERITED_FROZEN,True,False,False
956,PNC/2009/page_51.pdf-3,PNC/2009,HUMAN_COMPLETION_REQUIRED,INHERITED_FROZEN,True,False,False
957,ADBE/2014/page_87.pdf-3,ADBE/2014,DRAFT_COMPLETE,INHERITED_FROZEN,True,True,True
958,UNP/2007/page_79.pdf-1,UNP/2007,DRAFT_COMPLETE,INHERITED_FROZEN,True,True,True
959,UPS/2017/page_111.pdf-2,UPS/2017,DRAFT_COMPLETE,INHERITED_FROZEN,True,True,True
960,PNC/2014/page_94.pdf-3,PNC/2014,DRAFT_COMPLETE,INHERITED_FROZEN,True,True,True
961,DRE/2010/page_36.pdf-1,DRE/2010,DRAFT_COMPLETE,INHERITED_FROZEN,True,True,True
962,PPG/2013/page_54.pdf-1,PPG/2013,DRAFT_COMPLETE,INHERITED_FROZEN,True,True,True
963,JPM/2008/page_194.pdf-1,JPM/2008,HUMAN_COMPLETION_REQUIRED,INHERITED_FROZEN,True,False,False
964,AWK/2017/page_128.pdf-1,AWK/2017,DRAFT_COMPLETE,INHERITED_FROZEN,True,True,True
965,HUM/2005/page_18.pdf-2,HUM/2005,DRAFT_COMPLETE,INHERITED_FROZEN,True,True,True
966,IP/2012/page_58.pdf-2,IP/2012,HUMAN_COMPLETION_REQUIRED,INHERITED_FROZEN,True,False,False
967,HWM/2018/page_67.pdf-2,HWM/2018,DRAFT_COMPLETE,INHERITED_FROZEN,True,True,True
968,HUM/2005/page_80.pdf-2,HUM/2005,HUMAN_COMPLETION_REQUIRED,REQUIRES_HUMAN_REDERIVATION,True,False,False
969,DVN/2017/page_31.pdf-1,DVN/2017,DRAFT_COMPLETE,INHERITED_FROZEN,True,True,True
970,ECL/2017/page_68.pdf-3,ECL/2017,DRAFT_COMPLETE,INHERITED_FROZEN,True,True,True
971,AWK/2017/page_154.pdf-2,AWK/2017,DRAFT_COMPLETE,INHERITED_FROZEN,True,True,True
972,HIG/2016/page_253.pdf-1,HIG/2016,DRAFT_COMPLETE,INHERITED_FROZEN,True,True,True
973,RE/2006/page_122.pdf-3,RE/2006,DRAFT_COMPLETE,INHERITED_FROZEN,True,True,True
974,MMM/2007/page_64.pdf-2,MMM/2007,DRAFT_COMPLETE,INHERITED_FROZEN,True,True,True
975,UPS/2007/page_32.pdf-1,UPS/2007,DRAFT_COMPLETE,INHERITED_FROZEN,True,True,True
976,TMUS/2016/page_32.pdf-1,TMUS/2016,DRAFT_COMPLETE,INHERITED_FROZEN,True,True,True
977,AMT/2008/page_88.pdf-2,AMT/2008,HUMAN_COMPLETION_REQUIRED,INHERITED_FROZEN,True,False,False
978,ECL/2015/page_70.pdf-4,ECL/2015,DRAFT_COMPLETE,INHERITED_FROZEN,True,True,True
979,ETR/2017/page_373.pdf-1,ETR/2017,DRAFT_COMPLETE,INHERITED_FROZEN,True,True,True
980,ETR/2016/page_382.pdf-1,ETR/2016,DRAFT_COMPLETE,INHERITED_FROZEN,True,True,True
981,HWM/2015/page_172.pdf-1,HWM/2015,DRAFT_COMPLETE,INHERITED_FROZEN,True,True,True
982,AAPL/2004/page_83.pdf-1,AAPL/2004,DRAFT_COMPLETE,INHERITED_FROZEN,True,True,True
983,PM/2015/page_103.pdf-1,PM/2015,DRAFT_COMPLETE,REQUIRES_HUMAN_REDERIVATION,True,True,False
984,CDNS/2016/page_32.pdf-1,CDNS/2016,DRAFT_COMPLETE,INHERITED_FROZEN,True,True,True
985,EOG/2018/page_89.pdf-1,EOG/2018,DRAFT_COMPLETE,INHERITED_FROZEN,True,True,True
986,RSG/2015/page_133.pdf-1,RSG/2015,DRAFT_COMPLETE,INHERITED_FROZEN,True,True,True
987,MRO/2012/page_40.pdf-1,MRO/2012,DRAFT_COMPLETE,INHERITED_FROZEN,True,True,True
988,INTC/2013/page_47.pdf-4,INTC/2013,DRAFT_COMPLETE,INHERITED_FROZEN,True,True,True
989,ADBE/2012/page_102.pdf-2,ADBE/2012,HUMAN_COMPLETION_REQUIRED,INHERITED_FROZEN,True,False,False
990,ETR/2013/page_14.pdf-1,ETR/2013,HUMAN_COMPLETION_REQUIRED,INHERITED_FROZEN,True,False,False
991,ETR/2016/page_17.pdf-4,ETR/2016,DRAFT_COMPLETE,INHERITED_FROZEN,True,True,True
992,C/2008/page_219.pdf-2,C/2008,DRAFT_COMPLETE,INHERITED_FROZEN,True,True,True
993,C/2009/page_248.pdf-4,C/2009,DRAFT_COMPLETE,INHERITED_FROZEN,True,True,True
994,IPG/2018/page_26.pdf-2,IPG/2018,DRAFT_COMPLETE,INHERITED_FROZEN,True,True,True
995,AMAT/2012/page_37.pdf-1,AMAT/2012,DRAFT_COMPLETE,INHERITED_FROZEN,True,True,True
996,KHC/2017/page_21.pdf-1,KHC/2017,HUMAN_COMPLETION_REQUIRED,INHERITED_FROZEN,True,False,False
997,AWK/2018/page_142.pdf-1,AWK/2018,HUMAN_COMPLETION_REQUIRED,INHERITED_FROZEN,True,False,False
998,UNP/2016/page_75.pdf-1,UNP/2016,DRAFT_COMPLETE,INHERITED_FROZEN,True,True,True
999,MA/2008/page_116.pdf-1,MA/2008,DRAFT_COMPLETE,INHERITED_FROZEN,True,True,True
1000,AAL/2014/page_59.pdf-3,AAL/2014,HUMAN_COMPLETION_REQUIRED,INHERITED_FROZEN,True,False,False
1001,AAL/2014/page_59.pdf-1,AAL/2014,HUMAN_COMPLETION_REQUIRED,INHERITED_FROZEN,True,False,False
1002,ETR/2008/page_33.pdf-3,ETR/2008,HUMAN_COMPLETION_REQUIRED,INHERITED_FROZEN,True,False,False
1003,UNP/2010/page_75.pdf-1,UNP/2010,DRAFT_COMPLETE,INHERITED_FROZEN,True,True,True
1004,LMT/2016/page_87.pdf-1,LMT/2016,DRAFT_COMPLETE,INHERITED_FROZEN,True,True,True
1005,UNP/2015/page_76.pdf-1,UNP/2015,HUMAN_COMPLETION_REQUIRED,INHERITED_FROZEN,True,False,False
1006,REGN/2010/page_64.pdf-3,REGN/2010,DRAFT_COMPLETE,INHERITED_FROZEN,True,True,True
1007,AMT/2016/page_69.pdf-4,AMT/2016,DRAFT_COMPLETE,INHERITED_FROZEN,True,True,True
1008,UPS/2017/page_31.pdf-2,UPS/2017,DRAFT_COMPLETE,INHERITED_FROZEN,True,True,True
1009,TFX/2014/page_44.pdf-2,TFX/2014,DRAFT_COMPLETE,INHERITED_FROZEN,True,True,True
1010,HST/2018/page_115.pdf-3,HST/2018,DRAFT_COMPLETE,INHERITED_FROZEN,True,True,True
1011,ETR/2008/page_154.pdf-4,ETR/2008,DRAFT_COMPLETE,INHERITED_FROZEN,True,True,True
1012,UNP/2012/page_79.pdf-2,UNP/2012,HUMAN_COMPLETION_REQUIRED,INHERITED_FROZEN,True,False,False
1013,AAP/2013/page_68.pdf-2,AAP/2013,DRAFT_COMPLETE,INHERITED_FROZEN,True,True,True
1014,CDNS/2016/page_32.pdf-3,CDNS/2016,DRAFT_COMPLETE,INHERITED_FROZEN,True,True,True
1015,SWKS/2010/page_139.pdf-1,SWKS/2010,HUMAN_COMPLETION_REQUIRED,INHERITED_FROZEN,True,False,False
1016,ADBE/2018/page_71.pdf-4,ADBE/2018,unknown_not_requested_not_reconstructed,UNKNOWN,False,False,False
1017,C/2009/page_41.pdf-2,C/2009,DRAFT_COMPLETE,INHERITED_FROZEN,True,True,True
1018,CE/2009/page_121.pdf-4,CE/2009,DRAFT_COMPLETE,INHERITED_FROZEN,True,True,True
1019,IP/2015/page_44.pdf-1,IP/2015,HUMAN_COMPLETION_REQUIRED,INHERITED_FROZEN,True,False,False
1020,ETR/2004/page_335.pdf-3,ETR/2004,DRAFT_COMPLETE,INHERITED_FROZEN,True,True,True
1021,KHC/2017/page_21.pdf-2,KHC/2017,DRAFT_COMPLETE,INHERITED_FROZEN,True,True,True
1022,JPM/2009/page_206.pdf-4,JPM/2009,DRAFT_COMPLETE,INHERITED_FROZEN,True,True,True
1023,HOLX/2006/page_103.pdf-2,HOLX/2006,HUMAN_COMPLETION_REQUIRED,INHERITED_FROZEN,True,False,False
1024,ADI/2011/page_92.pdf-1,ADI/2011,HUMAN_COMPLETION_REQUIRED,INHERITED_FROZEN,True,False,False
1025,AWK/2017/page_143.pdf-3,AWK/2017,HUMAN_COMPLETION_REQUIRED,INHERITED_FROZEN,True,False,False
1026,DISCA/2008/page_141.pdf-1,DISCA/2008,DRAFT_COMPLETE,INHERITED_FROZEN,True,True,True
1027,APTV/2018/page_36.pdf-2,APTV/2018,HUMAN_COMPLETION_REQUIRED,INHERITED_FROZEN,True,False,False
1028,AWK/2015/page_21.pdf-1,AWK/2015,DRAFT_COMPLETE,INHERITED_FROZEN,True,True,True
1029,GS/2015/page_80.pdf-1,GS/2015,DRAFT_COMPLETE,INHERITED_FROZEN,True,True,True
1030,JPM/2008/page_86.pdf-1,JPM/2008,DRAFT_COMPLETE,INHERITED_FROZEN,True,True,True
1031,AAL/2015/page_51.pdf-4,AAL/2015,DRAFT_COMPLETE,INHERITED_FROZEN,True,True,True
1032,GRMN/2008/page_98.pdf-2,GRMN/2008,HUMAN_COMPLETION_REQUIRED,INHERITED_FROZEN,True,False,False
1033,AAL/2014/page_80.pdf-4,AAL/2014,DRAFT_COMPLETE,INHERITED_FROZEN,True,True,True
1034,ETR/2013/page_136.pdf-2,ETR/2013,HUMAN_COMPLETION_REQUIRED,INHERITED_FROZEN,True,False,False
1035,RE/2010/page_120.pdf-3,RE/2010,DRAFT_COMPLETE,INHERITED_FROZEN,True,True,True
1036,TROW/2011/page_13.pdf-4,TROW/2011,DRAFT_COMPLETE,INHERITED_FROZEN,True,True,True
1037,REGN/2010/page_68.pdf-1,REGN/2010,DRAFT_COMPLETE,INHERITED_FROZEN,True,True,True
1038,EW/2017/page_83.pdf-1,EW/2017,DRAFT_COMPLETE,INHERITED_FROZEN,True,True,True
1039,ETFC/2007/page_22.pdf-3,ETFC/2007,DRAFT_COMPLETE,INHERITED_FROZEN,True,True,True
1040,WELL/2017/page_48.pdf-2,WELL/2017,DRAFT_COMPLETE,INHERITED_FROZEN,True,True,True
1041,C/2016/page_207.pdf-1,C/2016,DRAFT_COMPLETE,INHERITED_FROZEN,True,True,False
1042,STT/2009/page_109.pdf-1,STT/2009,DRAFT_COMPLETE,INHERITED_FROZEN,True,True,True
1043,CB/2009/page_220.pdf-2,CB/2009,DRAFT_COMPLETE,INHERITED_FROZEN,True,True,True
1044,ILMN/2007/page_84.pdf-2,ILMN/2007,DRAFT_COMPLETE,INHERITED_FROZEN,True,True,True
1045,AON/2013/page_54.pdf-3,AON/2013,DRAFT_COMPLETE,INHERITED_FROZEN,True,True,True
1046,ETR/2008/page_435.pdf-1,ETR/2008,DRAFT_COMPLETE,INHERITED_FROZEN,True,True,True
1047,ETR/2017/page_25.pdf-1,ETR/2017,HUMAN_COMPLETION_REQUIRED,INHERITED_FROZEN,True,False,False
1048,GRMN/2006/page_91.pdf-1,GRMN/2006,HUMAN_COMPLETION_REQUIRED,INHERITED_FROZEN,True,False,False
1049,PKG/2006/page_68.pdf-2,PKG/2006,DRAFT_COMPLETE,INHERITED_FROZEN,True,True,True
1050,JPM/2003/page_44.pdf-3,JPM/2003,DRAFT_COMPLETE,INHERITED_FROZEN,True,True,True
1051,IPG/2008/page_68.pdf-2,IPG/2008,HUMAN_COMPLETION_REQUIRED,INHERITED_FROZEN,True,False,False
1052,HIG/2013/page_212.pdf-1,HIG/2013,HUMAN_COMPLETION_REQUIRED,INHERITED_FROZEN,True,False,False
1053,AAL/2015/page_15.pdf-1,AAL/2015,DRAFT_COMPLETE,INHERITED_FROZEN,True,True,True
1054,STT/2009/page_122.pdf-2,STT/2009,DRAFT_COMPLETE,INHERITED_FROZEN,True,True,True
1055,PNC/2012/page_246.pdf-2,PNC/2012,HUMAN_COMPLETION_REQUIRED,INHERITED_FROZEN,True,False,False
1056,STT/2017/page_100.pdf-2,STT/2017,DRAFT_COMPLETE,INHERITED_FROZEN,True,True,False
1057,AWK/2017/page_128.pdf-2,AWK/2017,DRAFT_COMPLETE,INHERITED_FROZEN,True,True,True
1058,ETR/2017/page_414.pdf-4,ETR/2017,HUMAN_COMPLETION_REQUIRED,INHERITED_FROZEN,True,False,False
1059,ETR/2016/page_18.pdf-4,ETR/2016,HUMAN_COMPLETION_REQUIRED,REQUIRES_HUMAN_REDERIVATION,True,False,False
1060,UPS/2015/page_108.pdf-3,UPS/2015,DRAFT_COMPLETE,INHERITED_FROZEN,True,True,True
1061,ETR/2008/page_267.pdf-3,ETR/2008,HUMAN_COMPLETION_REQUIRED,REQUIRES_HUMAN_REDERIVATION,True,False,False
1062,ETR/2016/page_342.pdf-3,ETR/2016,HUMAN_COMPLETION_REQUIRED,INHERITED_FROZEN,True,False,False
1063,JPM/2007/page_152.pdf-1,JPM/2007,HUMAN_COMPLETION_REQUIRED,INHERITED_FROZEN,True,False,False
1064,SNPS/2012/page_61.pdf-1,SNPS/2012,DRAFT_COMPLETE,INHERITED_FROZEN,True,True,True
1065,MRO/2009/page_36.pdf-2,MRO/2009,DRAFT_COMPLETE,INHERITED_FROZEN,True,True,True
1066,STT/2008/page_73.pdf-4,STT/2008,HUMAN_COMPLETION_REQUIRED,INHERITED_FROZEN,True,False,False
1067,ETR/2016/page_382.pdf-4,ETR/2016,DRAFT_COMPLETE,INHERITED_FROZEN,True,True,True
1068,HIG/2011/page_184.pdf-1,HIG/2011,DRAFT_COMPLETE,INHERITED_FROZEN,True,True,True
1069,JPM/2007/page_164.pdf-1,JPM/2007,DRAFT_COMPLETE,INHERITED_FROZEN,True,True,True
1070,IP/2013/page_64.pdf-2,IP/2013,DRAFT_COMPLETE,INHERITED_FROZEN,True,True,True
1071,MRO/2009/page_58.pdf-2,MRO/2009,DRAFT_COMPLETE,INHERITED_FROZEN,True,True,True
1072,GRMN/2008/page_84.pdf-1,GRMN/2008,DRAFT_COMPLETE,INHERITED_FROZEN,True,True,True
1073,CME/2010/page_45.pdf-3,CME/2010,DRAFT_COMPLETE,INHERITED_FROZEN,True,True,True
1074,MRO/2012/page_18.pdf-1,MRO/2012,HUMAN_COMPLETION_REQUIRED,INHERITED_FROZEN,True,False,False
1075,PNC/2009/page_51.pdf-4,PNC/2009,HUMAN_COMPLETION_REQUIRED,INHERITED_FROZEN,True,False,False
1076,LMT/2013/page_49.pdf-3,LMT/2013,HUMAN_COMPLETION_REQUIRED,INHERITED_FROZEN,True,False,False
1077,MRO/2009/page_36.pdf-1,MRO/2009,DRAFT_COMPLETE,INHERITED_FROZEN,True,True,True
1078,JPM/2008/page_112.pdf-2,JPM/2008,HUMAN_COMPLETION_REQUIRED,REQUIRES_HUMAN_REDERIVATION,True,False,False
1079,AMT/2006/page_96.pdf-1,AMT/2006,HUMAN_COMPLETION_REQUIRED,INHERITED_FROZEN,True,False,False
1080,ETR/2016/page_424.pdf-3,ETR/2016,DRAFT_COMPLETE,REQUIRES_HUMAN_REDERIVATION,True,True,False
1081,ETR/2004/page_335.pdf-1,ETR/2004,DRAFT_COMPLETE,INHERITED_FROZEN,True,True,True
1082,UNP/2012/page_79.pdf-1,UNP/2012,DRAFT_COMPLETE,INHERITED_FROZEN,True,True,True
1083,MRO/2008/page_142.pdf-1,MRO/2008,HUMAN_COMPLETION_REQUIRED,INHERITED_FROZEN,True,False,False
1084,ETR/2016/page_505.pdf-4,ETR/2016,DRAFT_COMPLETE,INHERITED_FROZEN,True,True,False
1085,PNC/2014/page_205.pdf-1,PNC/2014,DRAFT_COMPLETE,INHERITED_FROZEN,True,True,True
1086,ETR/2009/page_21.pdf-4,ETR/2009,DRAFT_COMPLETE,INHERITED_FROZEN,True,True,True
1087,GPN/2015/page_82.pdf-3,GPN/2015,DRAFT_COMPLETE,INHERITED_FROZEN,True,True,True
1088,VTR/2007/page_48.pdf-1,VTR/2007,DRAFT_COMPLETE,INHERITED_FROZEN,True,True,True
1089,STT/2017/page_100.pdf-3,STT/2017,DRAFT_COMPLETE,REQUIRES_HUMAN_REDERIVATION,True,True,False
1090,ZBH/2008/page_86.pdf-3,ZBH/2008,HUMAN_COMPLETION_REQUIRED,INHERITED_FROZEN,True,False,False
1091,V/2013/page_116.pdf-2,V/2013,DRAFT_COMPLETE,REQUIRES_HUMAN_REDERIVATION,True,True,False
1092,UNP/2013/page_78.pdf-1,UNP/2013,DRAFT_COMPLETE,INHERITED_FROZEN,True,True,True
1093,AMAT/2012/page_37.pdf-3,AMAT/2012,HUMAN_COMPLETION_REQUIRED,REQUIRES_HUMAN_REDERIVATION,True,False,False
1094,AON/2015/page_50.pdf-1,AON/2015,DRAFT_COMPLETE,INHERITED_FROZEN,True,True,True
1095,AAPL/2006/page_79.pdf-1,AAPL/2006,DRAFT_COMPLETE,INHERITED_FROZEN,True,True,True
1096,ETR/2004/page_160.pdf-3,ETR/2004,DRAFT_COMPLETE,REQUIRES_HUMAN_REDERIVATION,True,True,False
1097,AMAT/2018/page_31.pdf-2,AMAT/2018,DRAFT_COMPLETE,INHERITED_FROZEN,True,True,True
1098,TFX/2014/page_44.pdf-1,TFX/2014,DRAFT_COMPLETE,INHERITED_FROZEN,True,True,True
1099,KHC/2017/page_21.pdf-3,KHC/2017,DRAFT_COMPLETE,INHERITED_FROZEN,True,True,True
1100,CDNS/2016/page_32.pdf-4,CDNS/2016,DRAFT_COMPLETE,INHERITED_FROZEN,True,True,True
1101,UNP/2008/page_29.pdf-1,UNP/2008,HUMAN_COMPLETION_REQUIRED,INHERITED_FROZEN,True,False,False
1102,PNC/2014/page_161.pdf-1,PNC/2014,DRAFT_COMPLETE,INHERITED_FROZEN,True,True,True
1103,C/2008/page_26.pdf-2,C/2008,DRAFT_COMPLETE,INHERITED_FROZEN,True,True,True
1104,ORLY/2016/page_29.pdf-1,ORLY/2016,DRAFT_COMPLETE,INHERITED_FROZEN,True,True,True
1105,HUM/2010/page_101.pdf-1,HUM/2010,DRAFT_COMPLETE,INHERITED_FROZEN,True,True,True
1106,JPM/2012/page_148.pdf-1,JPM/2012,HUMAN_COMPLETION_REQUIRED,INHERITED_FROZEN,True,False,False
1107,ETR/2016/page_375.pdf-1,ETR/2016,HUMAN_COMPLETION_REQUIRED,INHERITED_FROZEN,True,False,False
1108,STT/2008/page_112.pdf-3,STT/2008,DRAFT_COMPLETE,INHERITED_FROZEN,True,True,True
1109,BLL/2011/page_29.pdf-1,BLL/2011,DRAFT_COMPLETE,INHERITED_FROZEN,True,True,True
1110,ADBE/2011/page_83.pdf-2,ADBE/2011,DRAFT_COMPLETE,INHERITED_FROZEN,True,True,True
1111,APD/2014/page_72.pdf-1,APD/2014,HUMAN_COMPLETION_REQUIRED,INHERITED_FROZEN,True,False,False
1112,DISCA/2012/page_54.pdf-4,DISCA/2012,DRAFT_COMPLETE,INHERITED_FROZEN,True,True,True
1113,JPM/2012/page_148.pdf-2,JPM/2012,DRAFT_COMPLETE,INHERITED_FROZEN,True,True,True
1114,JPM/2012/page_148.pdf-3,JPM/2012,DRAFT_COMPLETE,INHERITED_FROZEN,True,True,True
1115,ILMN/2006/page_92.pdf-1,ILMN/2006,DRAFT_COMPLETE,INHERITED_FROZEN,True,True,True
1116,ETR/2015/page_111.pdf-2,ETR/2015,HUMAN_COMPLETION_REQUIRED,INHERITED_FROZEN,True,False,False
1117,IQV/2016/page_57.pdf-1,IQV/2016,DRAFT_COMPLETE,INHERITED_FROZEN,True,True,True
1118,ETR/2016/page_315.pdf-3,ETR/2016,HUMAN_COMPLETION_REQUIRED,INHERITED_FROZEN,True,False,False
1119,HST/2018/page_115.pdf-1,HST/2018,DRAFT_COMPLETE,INHERITED_FROZEN,True,True,True
1120,UNP/2008/page_59.pdf-2,UNP/2008,unknown_not_requested_not_reconstructed,UNKNOWN,False,False,False
1121,IPG/2017/page_26.pdf-1,IPG/2017,HUMAN_COMPLETION_REQUIRED,INHERITED_FROZEN,True,False,False
1122,C/2008/page_189.pdf-4,C/2008,DRAFT_COMPLETE,INHERITED_FROZEN,True,True,True
1123,C/2008/page_176.pdf-2,C/2008,HUMAN_COMPLETION_REQUIRED,INHERITED_FROZEN,True,False,False
1124,FIS/2007/page_52.pdf-3,FIS/2007,HUMAN_COMPLETION_REQUIRED,INHERITED_FROZEN,True,False,False
1125,IPG/2006/page_41.pdf-1,IPG/2006,HUMAN_COMPLETION_REQUIRED,INHERITED_FROZEN,True,False,False
1126,K/2013/page_27.pdf-4,K/2013,DRAFT_COMPLETE,INHERITED_FROZEN,True,True,True
1127,ETR/2017/page_20.pdf-4,ETR/2017,HUMAN_COMPLETION_REQUIRED,INHERITED_FROZEN,True,False,False
1128,UAA/2016/page_80.pdf-4,UAA/2016,DRAFT_COMPLETE,INHERITED_FROZEN,True,True,True
1129,RSG/2014/page_73.pdf-1,RSG/2014,DRAFT_COMPLETE,REQUIRES_HUMAN_REDERIVATION,True,True,False
1130,RSG/2013/page_69.pdf-1,RSG/2013,DRAFT_COMPLETE,INHERITED_FROZEN,True,True,True
1131,BLL/2010/page_39.pdf-1,BLL/2010,DRAFT_COMPLETE,INHERITED_FROZEN,True,True,True
1132,PNC/2014/page_151.pdf-3,PNC/2014,DRAFT_COMPLETE,INHERITED_FROZEN,True,True,True
1133,C/2016/page_207.pdf-4,C/2016,DRAFT_COMPLETE,INHERITED_FROZEN,True,True,False
1134,ETR/2004/page_185.pdf-1,ETR/2004,HUMAN_COMPLETION_REQUIRED,INHERITED_FROZEN,True,False,False
1135,JPM/2009/page_183.pdf-4,JPM/2009,DRAFT_COMPLETE,INHERITED_FROZEN,True,True,True
1136,AON/2011/page_91.pdf-2,AON/2011,DRAFT_COMPLETE,INHERITED_FROZEN,True,True,True
1137,HIG/2013/page_124.pdf-2,HIG/2013,DRAFT_COMPLETE,INHERITED_FROZEN,True,True,True
1138,TROW/2008/page_23.pdf-3,TROW/2008,DRAFT_COMPLETE,INHERITED_FROZEN,True,True,True
1139,DVN/2011/page_99.pdf-2,DVN/2011,HUMAN_COMPLETION_REQUIRED,INHERITED_FROZEN,True,False,False
1140,AAL/2014/page_92.pdf-3,AAL/2014,HUMAN_COMPLETION_REQUIRED,INHERITED_FROZEN,True,False,False
1141,IP/2016/page_52.pdf-2,IP/2016,DRAFT_COMPLETE,INHERITED_FROZEN,True,True,True
1142,AAL/2015/page_83.pdf-1,AAL/2015,DRAFT_COMPLETE,INHERITED_FROZEN,True,True,True
1143,PNC/2014/page_92.pdf-1,PNC/2014,HUMAN_COMPLETION_REQUIRED,INHERITED_FROZEN,True,False,False
1144,FIS/2007/page_102.pdf-1,FIS/2007,DRAFT_COMPLETE,INHERITED_FROZEN,True,True,True
1145,MRO/2009/page_57.pdf-1,MRO/2009,DRAFT_COMPLETE,INHERITED_FROZEN,True,True,True
1146,PNC/2007/page_83.pdf-1,PNC/2007,HUMAN_COMPLETION_REQUIRED,INHERITED_FROZEN,True,False,False
1147,ETR/2017/page_352.pdf-3,ETR/2017,DRAFT_COMPLETE,INHERITED_FROZEN,True,True,True
1148,FIS/2007/page_102.pdf-2,FIS/2007,DRAFT_COMPLETE,INHERITED_FROZEN,True,True,True
1149,INTC/2013/page_86.pdf-1,INTC/2013,HUMAN_COMPLETION_REQUIRED,INHERITED_FROZEN,True,False,False
1150,UPS/2012/page_51.pdf-4,UPS/2012,HUMAN_COMPLETION_REQUIRED,INHERITED_FROZEN,True,False,False
1151,STT/2007/page_65.pdf-4,STT/2007,HUMAN_COMPLETION_REQUIRED,INHERITED_FROZEN,True,False,False
1152,ADBE/2012/page_102.pdf-4,ADBE/2012,DRAFT_COMPLETE,REQUIRES_HUMAN_REDERIVATION,True,True,False
1153,ADBE/2018/page_71.pdf-3,ADBE/2018,DRAFT_COMPLETE,INHERITED_FROZEN,True,True,True
1154,C/2009/page_194.pdf-1,C/2009,DRAFT_COMPLETE,INHERITED_FROZEN,True,True,True
1155,ETFC/2007/page_116.pdf-1,ETFC/2007,DRAFT_COMPLETE,INHERITED_FROZEN,True,True,True
1156,AMT/2015/page_58.pdf-3,AMT/2015,DRAFT_COMPLETE,INHERITED_FROZEN,True,True,True
1157,ETR/2016/page_375.pdf-2,ETR/2016,DRAFT_COMPLETE,INHERITED_FROZEN,True,True,True
1158,ETR/2004/page_258.pdf-4,ETR/2004,HUMAN_COMPLETION_REQUIRED,INHERITED_FROZEN,True,False,False
1159,GS/2013/page_195.pdf-3,GS/2013,DRAFT_COMPLETE,INHERITED_FROZEN,True,True,True
1160,IP/2005/page_32.pdf-2,IP/2005,DRAFT_COMPLETE,INHERITED_FROZEN,True,True,True
1161,PKG/2009/page_63.pdf-1,PKG/2009,DRAFT_COMPLETE,INHERITED_FROZEN,True,True,True
1162,CE/2010/page_134.pdf-3,CE/2010,DRAFT_COMPLETE,INHERITED_FROZEN,True,True,True
1163,PKG/2006/page_68.pdf-3,PKG/2006,DRAFT_COMPLETE,INHERITED_FROZEN,True,True,True
1164,DVN/2011/page_84.pdf-2,DVN/2011,DRAFT_COMPLETE,INHERITED_FROZEN,True,True,True
1165,MRO/2009/page_36.pdf-4,MRO/2009,DRAFT_COMPLETE,INHERITED_FROZEN,True,True,True
1166,V/2012/page_28.pdf-2,V/2012,DRAFT_COMPLETE,INHERITED_FROZEN,True,True,True
1167,UPS/2013/page_56.pdf-4,UPS/2013,HUMAN_COMPLETION_REQUIRED,INHERITED_FROZEN,True,False,False
1168,AWK/2018/page_162.pdf-1,AWK/2018,DRAFT_COMPLETE,INHERITED_FROZEN,True,True,True
1169,BKNG/2015/page_38.pdf-1,BKNG/2015,DRAFT_COMPLETE,INHERITED_FROZEN,True,True,True
1170,PNC/2013/page_102.pdf-1,PNC/2013,HUMAN_COMPLETION_REQUIRED,INHERITED_FROZEN,True,False,False
1171,RCL/2014/page_80.pdf-2,RCL/2014,DRAFT_COMPLETE,INHERITED_FROZEN,True,True,True
1172,LLY/2008/page_43.pdf-1,LLY/2008,DRAFT_COMPLETE,INHERITED_FROZEN,True,True,True
1173,LMT/2013/page_87.pdf-2,LMT/2013,DRAFT_COMPLETE,INHERITED_FROZEN,True,True,True
1174,MA/2009/page_123.pdf-2,MA/2009,HUMAN_COMPLETION_REQUIRED,INHERITED_FROZEN,True,False,False
1175,C/2008/page_189.pdf-3,C/2008,DRAFT_COMPLETE,INHERITED_FROZEN,True,True,True
1176,UNP/2009/page_89.pdf-2,UNP/2009,HUMAN_COMPLETION_REQUIRED,INHERITED_FROZEN,True,False,False
1177,MA/2009/page_112.pdf-1,MA/2009,DRAFT_COMPLETE,INHERITED_FROZEN,True,True,True
1178,PNC/2009/page_51.pdf-1,PNC/2009,HUMAN_COMPLETION_REQUIRED,INHERITED_FROZEN,True,False,False
1179,DVN/2015/page_92.pdf-4,DVN/2015,HUMAN_COMPLETION_REQUIRED,INHERITED_FROZEN,True,False,False
1180,JPM/2014/page_127.pdf-4,JPM/2014,DRAFT_COMPLETE,INHERITED_FROZEN,True,True,True
1181,RSG/2009/page_78.pdf-1,RSG/2009,DRAFT_COMPLETE,INHERITED_FROZEN,True,True,True
1182,IP/2014/page_65.pdf-2,IP/2014,DRAFT_COMPLETE,INHERITED_FROZEN,True,True,True
1183,AWK/2014/page_7.pdf-2,AWK/2014,DRAFT_COMPLETE,INHERITED_FROZEN,True,True,False
1184,IP/2012/page_57.pdf-1,IP/2012,DRAFT_COMPLETE,INHERITED_FROZEN,True,True,True
1185,ETR/2008/page_153.pdf-4,ETR/2008,HUMAN_COMPLETION_REQUIRED,INHERITED_FROZEN,True,False,False
1186,AMT/2006/page_107.pdf-1,AMT/2006,DRAFT_COMPLETE,INHERITED_FROZEN,True,True,True
1187,ETR/2016/page_343.pdf-2,ETR/2016,DRAFT_COMPLETE,INHERITED_FROZEN,True,True,True
1188,ADBE/2009/page_98.pdf-2,ADBE/2009,DRAFT_COMPLETE,INHERITED_FROZEN,True,True,True
1189,PNC/2016/page_73.pdf-1,PNC/2016,DRAFT_COMPLETE,INHERITED_FROZEN,True,True,True
1190,AOS/2016/page_19.pdf-1,AOS/2016,DRAFT_COMPLETE,INHERITED_FROZEN,True,True,True
1191,UNP/2009/page_34.pdf-2,UNP/2009,HUMAN_COMPLETION_REQUIRED,INHERITED_FROZEN,True,False,False
1192,AMT/2015/page_58.pdf-2,AMT/2015,DRAFT_COMPLETE,INHERITED_FROZEN,True,True,True
1193,LMT/2016/page_83.pdf-3,LMT/2016,DRAFT_COMPLETE,INHERITED_FROZEN,True,True,True
1194,MRO/2012/page_41.pdf-2,MRO/2012,HUMAN_COMPLETION_REQUIRED,INHERITED_FROZEN,True,False,False
1195,AWK/2014/page_45.pdf-4,AWK/2014,DRAFT_COMPLETE,INHERITED_FROZEN,True,True,True
1196,UPS/2007/page_103.pdf-2,UPS/2007,HUMAN_COMPLETION_REQUIRED,INHERITED_FROZEN,True,False,False
1197,SLB/2006/page_82.pdf-2,SLB/2006,HUMAN_COMPLETION_REQUIRED,INHERITED_FROZEN,True,False,False
1198,CE/2005/page_167.pdf-1,CE/2005,DRAFT_COMPLETE,INHERITED_FROZEN,True,True,True
1199,ALLE/2015/page_81.pdf-1,ALLE/2015,DRAFT_COMPLETE,INHERITED_FROZEN,True,True,True
1200,ORLY/2018/page_30.pdf-3,ORLY/2018,DRAFT_COMPLETE,INHERITED_FROZEN,True,True,True
1201,REGN/2010/page_64.pdf-1,REGN/2010,DRAFT_COMPLETE,INHERITED_FROZEN,True,True,True
1202,ETFC/2015/page_27.pdf-3,ETFC/2015,DRAFT_COMPLETE,INHERITED_FROZEN,True,True,True
1203,V/2008/page_130.pdf-2,V/2008,DRAFT_COMPLETE,INHERITED_FROZEN,True,True,True
1204,ETR/2016/page_444.pdf-1,ETR/2016,DRAFT_COMPLETE,INHERITED_FROZEN,True,True,True
1205,TROW/2013/page_25.pdf-1,TROW/2013,HUMAN_COMPLETION_REQUIRED,INHERITED_FROZEN,True,False,False
1206,FIS/2012/page_30.pdf-3,FIS/2012,DRAFT_COMPLETE,INHERITED_FROZEN,True,True,True
1207,AAPL/2014/page_26.pdf-1,AAPL/2014,DRAFT_COMPLETE,INHERITED_FROZEN,True,True,True
1208,IP/2013/page_64.pdf-1,IP/2013,DRAFT_COMPLETE,INHERITED_FROZEN,True,True,True
1209,TMUS/2016/page_32.pdf-2,TMUS/2016,DRAFT_COMPLETE,INHERITED_FROZEN,True,True,False
1210,AES/2011/page_261.pdf-4,AES/2011,HUMAN_COMPLETION_REQUIRED,INHERITED_FROZEN,True,False,False
1211,MRO/2008/page_130.pdf-3,MRO/2008,HUMAN_COMPLETION_REQUIRED,INHERITED_FROZEN,True,False,False
1212,CDNS/2007/page_30.pdf-1,CDNS/2007,DRAFT_COMPLETE,INHERITED_FROZEN,True,True,True
1213,JPM/2015/page_83.pdf-3,JPM/2015,unknown_not_requested_not_reconstructed,UNKNOWN,False,False,False
1214,GPN/2014/page_71.pdf-3,GPN/2014,DRAFT_COMPLETE,INHERITED_FROZEN,True,True,True
1215,ETR/2008/page_356.pdf-3,ETR/2008,HUMAN_COMPLETION_REQUIRED,INHERITED_FROZEN,True,False,False
1216,DVN/2012/page_100.pdf-3,DVN/2012,HUMAN_COMPLETION_REQUIRED,INHERITED_FROZEN,True,False,False
1217,STT/2008/page_116.pdf-2,STT/2008,HUMAN_COMPLETION_REQUIRED,INHERITED_FROZEN,True,False,False
1218,SWKS/2010/page_139.pdf-2,SWKS/2010,HUMAN_COMPLETION_REQUIRED,INHERITED_FROZEN,True,False,False
1219,MAS/2013/page_27.pdf-3,MAS/2013,DRAFT_COMPLETE,INHERITED_FROZEN,True,True,True
1220,MAA/2018/page_19.pdf-3,MAA/2018,unknown_not_requested_not_reconstructed,UNKNOWN,False,False,False
1221,AAPL/2010/page_43.pdf-3,AAPL/2010,HUMAN_COMPLETION_REQUIRED,INHERITED_FROZEN,True,False,False
1222,IPG/2017/page_49.pdf-3,IPG/2017,DRAFT_COMPLETE,INHERITED_FROZEN,True,True,False
1223,MA/2008/page_125.pdf-3,MA/2008,HUMAN_COMPLETION_REQUIRED,INHERITED_FROZEN,True,False,False
1224,GPN/2015/page_82.pdf-1,GPN/2015,DRAFT_COMPLETE,INHERITED_FROZEN,True,True,True
1225,AMT/2016/page_57.pdf-3,AMT/2016,DRAFT_COMPLETE,INHERITED_FROZEN,True,True,True
1226,MMM/2005/page_72.pdf-1,MMM/2005,DRAFT_COMPLETE,INHERITED_FROZEN,True,True,True
1227,IPG/2009/page_93.pdf-4,IPG/2009,HUMAN_COMPLETION_REQUIRED,REQUIRES_HUMAN_REDERIVATION,True,False,False
1228,ETR/2004/page_261.pdf-3,ETR/2004,DRAFT_COMPLETE,INHERITED_FROZEN,True,True,True
1229,AWK/2018/page_178.pdf-4,AWK/2018,DRAFT_COMPLETE,INHERITED_FROZEN,True,True,True
1230,DVN/2015/page_92.pdf-2,DVN/2015,HUMAN_COMPLETION_REQUIRED,INHERITED_FROZEN,True,False,False
1231,ADBE/2011/page_83.pdf-3,ADBE/2011,DRAFT_COMPLETE,INHERITED_FROZEN,True,True,True
1232,RE/2006/page_31.pdf-4,RE/2006,HUMAN_COMPLETION_REQUIRED,INHERITED_FROZEN,True,False,False
1233,STT/2006/page_96.pdf-2,STT/2006,HUMAN_COMPLETION_REQUIRED,INHERITED_FROZEN,True,False,False
1234,ETR/2009/page_21.pdf-2,ETR/2009,DRAFT_COMPLETE,INHERITED_FROZEN,True,True,True
1235,APD/2014/page_71.pdf-2,APD/2014,DRAFT_COMPLETE,INHERITED_FROZEN,True,True,True
1236,JKHY/2016/page_25.pdf-1,JKHY/2016,DRAFT_COMPLETE,INHERITED_FROZEN,True,True,True
1237,C/2008/page_207.pdf-1,C/2008,DRAFT_COMPLETE,INHERITED_FROZEN,True,True,True
1238,INTC/2013/page_40.pdf-1,INTC/2013,DRAFT_COMPLETE,INHERITED_FROZEN,True,True,True
1239,LLY/2018/page_99.pdf-2,LLY/2018,DRAFT_COMPLETE,INHERITED_FROZEN,True,True,False
1240,VTR/2003/page_39.pdf-2,VTR/2003,HUMAN_COMPLETION_REQUIRED,INHERITED_FROZEN,True,False,False
1241,AAPL/2011/page_24.pdf-3,AAPL/2011,DRAFT_COMPLETE,INHERITED_FROZEN,True,True,True
1242,ALLE/2015/page_81.pdf-2,ALLE/2015,DRAFT_COMPLETE,INHERITED_FROZEN,True,True,True
1243,ETR/2017/page_332.pdf-1,ETR/2017,DRAFT_COMPLETE,INHERITED_FROZEN,True,True,True
1244,JPM/2005/page_70.pdf-1,JPM/2005,DRAFT_COMPLETE,INHERITED_FROZEN,True,True,True
1245,TSCO/2017/page_68.pdf-2,TSCO/2017,DRAFT_COMPLETE,INHERITED_FROZEN,True,True,False
1246,GS/2017/page_176.pdf-4,GS/2017,DRAFT_COMPLETE,INHERITED_FROZEN,True,True,True
1247,ECL/2017/page_68.pdf-2,ECL/2017,DRAFT_COMPLETE,INHERITED_FROZEN,True,True,True
1248,GPN/2008/page_95.pdf-4,GPN/2008,DRAFT_COMPLETE,INHERITED_FROZEN,True,True,True
1249,ETFC/2013/page_84.pdf-2,ETFC/2013,DRAFT_COMPLETE,INHERITED_FROZEN,True,True,True
1250,JPM/2009/page_206.pdf-3,JPM/2009,DRAFT_COMPLETE,INHERITED_FROZEN,True,True,False
1251,INTC/2018/page_105.pdf-1,INTC/2018,HUMAN_COMPLETION_REQUIRED,INHERITED_FROZEN,True,False,False
1252,ETR/2017/page_175.pdf-4,ETR/2017,DRAFT_COMPLETE,REQUIRES_HUMAN_REDERIVATION,True,True,False
1253,HWM/2015/page_87.pdf-2,HWM/2015,DRAFT_COMPLETE,INHERITED_FROZEN,True,True,True
1254,FIS/2016/page_49.pdf-3,FIS/2016,DRAFT_COMPLETE,INHERITED_FROZEN,True,True,True
1255,PKG/2018/page_66.pdf-4,PKG/2018,DRAFT_COMPLETE,INHERITED_FROZEN,True,True,True
1256,GPN/2016/page_83.pdf-4,GPN/2016,DRAFT_COMPLETE,INHERITED_FROZEN,True,True,True
1257,GPN/2007/page_39.pdf-3,GPN/2007,DRAFT_COMPLETE,INHERITED_FROZEN,True,True,False
1258,JPM/2014/page_127.pdf-2,JPM/2014,DRAFT_COMPLETE,INHERITED_FROZEN,True,True,True
1259,SLG/2009/page_84.pdf-2,SLG/2009,DRAFT_COMPLETE,INHERITED_FROZEN,True,True,True
1260,CE/2005/page_56.pdf-3,CE/2005,DRAFT_COMPLETE,INHERITED_FROZEN,True,True,True
1261,DVN/2011/page_99.pdf-1,DVN/2011,HUMAN_COMPLETION_REQUIRED,INHERITED_FROZEN,True,False,False
1262,MA/2008/page_116.pdf-4,MA/2008,DRAFT_COMPLETE,INHERITED_FROZEN,True,True,True
1263,AON/2010/page_100.pdf-1,AON/2010,HUMAN_COMPLETION_REQUIRED,INHERITED_FROZEN,True,False,False
1264,FIS/2010/page_89.pdf-3,FIS/2010,DRAFT_COMPLETE,INHERITED_FROZEN,True,True,True
1265,HUM/2018/page_46.pdf-3,HUM/2018,DRAFT_COMPLETE,INHERITED_FROZEN,True,True,True
1266,C/2009/page_279.pdf-4,C/2009,DRAFT_COMPLETE,INHERITED_FROZEN,True,True,True
1267,EOG/2017/page_103.pdf-1,EOG/2017,DRAFT_COMPLETE,INHERITED_FROZEN,True,True,True
1268,V/2009/page_89.pdf-2,V/2009,DRAFT_COMPLETE,INHERITED_FROZEN,True,True,True
1269,ETR/2013/page_14.pdf-2,ETR/2013,HUMAN_COMPLETION_REQUIRED,INHERITED_FROZEN,True,False,False
1270,AON/2011/page_121.pdf-3,AON/2011,DRAFT_COMPLETE,INHERITED_FROZEN,True,True,True
1271,HIG/2004/page_67.pdf-1,HIG/2004,DRAFT_COMPLETE,INHERITED_FROZEN,True,True,True
1272,PNC/2012/page_110.pdf-2,PNC/2012,DRAFT_COMPLETE,INHERITED_FROZEN,True,True,True
1273,HOLX/2004/page_59.pdf-1,HOLX/2004,HUMAN_COMPLETION_REQUIRED,INHERITED_FROZEN,True,False,False
1274,EMR/2017/page_53.pdf-2,EMR/2017,DRAFT_COMPLETE,INHERITED_FROZEN,True,True,True
1275,CB/2010/page_113.pdf-2,CB/2010,DRAFT_COMPLETE,INHERITED_FROZEN,True,True,True
1276,AON/2015/page_50.pdf-3,AON/2015,HUMAN_COMPLETION_REQUIRED,INHERITED_FROZEN,True,False,False
1277,ALXN/2007/page_96.pdf-1,ALXN/2007,DRAFT_COMPLETE,INHERITED_FROZEN,True,True,True
1278,ETR/2013/page_136.pdf-1,ETR/2013,HUMAN_COMPLETION_REQUIRED,INHERITED_FROZEN,True,False,False
1279,C/2009/page_42.pdf-2,C/2009,DRAFT_COMPLETE,INHERITED_FROZEN,True,True,True
1280,ETFC/2011/page_23.pdf-1,ETFC/2011,DRAFT_COMPLETE,INHERITED_FROZEN,True,True,True
1281,MA/2010/page_107.pdf-3,MA/2010,DRAFT_COMPLETE,INHERITED_FROZEN,True,True,True
1282,PKG/2001/page_86.pdf-4,PKG/2001,DRAFT_COMPLETE,INHERITED_FROZEN,True,True,True
1283,ADBE/2009/page_81.pdf-4,ADBE/2009,DRAFT_COMPLETE,INHERITED_FROZEN,True,True,True
1284,AAPL/2002/page_23.pdf-2,AAPL/2002,DRAFT_COMPLETE,INHERITED_FROZEN,True,True,True
1285,ETR/2008/page_187.pdf-3,ETR/2008,DRAFT_COMPLETE,INHERITED_FROZEN,True,True,True
1286,PM/2018/page_108.pdf-2,PM/2018,DRAFT_COMPLETE,INHERITED_FROZEN,True,True,True
1287,PNC/2009/page_51.pdf-2,PNC/2009,HUMAN_COMPLETION_REQUIRED,INHERITED_FROZEN,True,False,False
1288,SNPS/2012/page_62.pdf-1,SNPS/2012,DRAFT_COMPLETE,INHERITED_FROZEN,True,True,True
1289,HWM/2017/page_75.pdf-2,HWM/2017,DRAFT_COMPLETE,INHERITED_FROZEN,True,True,True
1290,ETR/2017/page_20.pdf-2,ETR/2017,HUMAN_COMPLETION_REQUIRED,INHERITED_FROZEN,True,False,False
1291,ETFC/2015/page_27.pdf-2,ETFC/2015,DRAFT_COMPLETE,INHERITED_FROZEN,True,True,True
1292,HUM/2018/page_129.pdf-4,HUM/2018,DRAFT_COMPLETE,INHERITED_FROZEN,True,True,True
1293,PNC/2014/page_205.pdf-2,PNC/2014,DRAFT_COMPLETE,INHERITED_FROZEN,True,True,True
1294,CB/2010/page_113.pdf-4,CB/2010,DRAFT_COMPLETE,INHERITED_FROZEN,True,True,True
1295,ETR/2017/page_401.pdf-2,ETR/2017,DRAFT_COMPLETE,INHERITED_FROZEN,True,True,True
1296,ETR/2008/page_401.pdf-2,ETR/2008,DRAFT_COMPLETE,INHERITED_FROZEN,True,True,True
1297,EMR/2017/page_53.pdf-1,EMR/2017,DRAFT_COMPLETE,INHERITED_FROZEN,True,True,True
1298,C/2016/page_120.pdf-3,C/2016,DRAFT_COMPLETE,INHERITED_FROZEN,True,True,True
1299,HIG/2011/page_184.pdf-3,HIG/2011,HUMAN_COMPLETION_REQUIRED,INHERITED_FROZEN,True,False,False
1300,LMT/2017/page_26.pdf-3,LMT/2017,DRAFT_COMPLETE,INHERITED_FROZEN,True,True,True
1301,MKTX/2014/page_39.pdf-2,MKTX/2014,DRAFT_COMPLETE,INHERITED_FROZEN,True,True,True
1302,GPN/2008/page_39.pdf-3,GPN/2008,DRAFT_COMPLETE,INHERITED_FROZEN,True,True,True
1303,ETR/2017/page_352.pdf-2,ETR/2017,DRAFT_COMPLETE,INHERITED_FROZEN,True,True,True
1304,AAL/2015/page_15.pdf-2,AAL/2015,DRAFT_COMPLETE,INHERITED_FROZEN,True,True,True
1305,MA/2008/page_113.pdf-3,MA/2008,DRAFT_COMPLETE,INHERITED_FROZEN,True,True,True
1306,SNA/2013/page_56.pdf-2,SNA/2013,DRAFT_COMPLETE,INHERITED_FROZEN,True,True,True
1307,HIG/2004/page_192.pdf-2,HIG/2004,DRAFT_COMPLETE,INHERITED_FROZEN,True,True,True
1308,EW/2014/page_90.pdf-1,EW/2014,DRAFT_COMPLETE,INHERITED_FROZEN,True,True,True
1309,HIG/2012/page_132.pdf-1,HIG/2012,DRAFT_COMPLETE,INHERITED_FROZEN,True,True,True
1310,AWK/2018/page_172.pdf-4,AWK/2018,DRAFT_COMPLETE,INHERITED_FROZEN,True,True,True
1311,ETR/2008/page_267.pdf-1,ETR/2008,DRAFT_COMPLETE,INHERITED_FROZEN,True,True,True
1312,HOLX/2011/page_122.pdf-1,HOLX/2011,DRAFT_COMPLETE,INHERITED_FROZEN,True,True,True
1313,APTV/2015/page_47.pdf-1,APTV/2015,HUMAN_COMPLETION_REQUIRED,INHERITED_FROZEN,True,False,False
1314,CME/2010/page_71.pdf-1,CME/2010,DRAFT_COMPLETE,INHERITED_FROZEN,True,True,True
1315,PPG/2018/page_32.pdf-2,PPG/2018,DRAFT_COMPLETE,INHERITED_FROZEN,True,True,True
1316,VTR/2006/page_88.pdf-3,VTR/2006,DRAFT_COMPLETE,INHERITED_FROZEN,True,True,True
1317,AWK/2013/page_123.pdf-4,AWK/2013,DRAFT_COMPLETE,INHERITED_FROZEN,True,True,True
1318,RL/2013/page_13.pdf-1,RL/2013,DRAFT_COMPLETE,INHERITED_FROZEN,True,True,True
1319,HWM/2018/page_67.pdf-1,HWM/2018,DRAFT_COMPLETE,INHERITED_FROZEN,True,True,True
1320,GIS/2015/page_38.pdf-1,GIS/2015,DRAFT_COMPLETE,INHERITED_FROZEN,True,True,True
1321,JPM/2014/page_127.pdf-5,JPM/2014,DRAFT_COMPLETE,INHERITED_FROZEN,True,True,True
1322,AON/2015/page_77.pdf-1,AON/2015,HUMAN_COMPLETION_REQUIRED,INHERITED_FROZEN,True,False,False
1323,ETR/2017/page_342.pdf-2,ETR/2017,HUMAN_COMPLETION_REQUIRED,INHERITED_FROZEN,True,False,False
1324,REGN/2010/page_72.pdf-2,REGN/2010,DRAFT_COMPLETE,INHERITED_FROZEN,True,True,True
1325,ETR/2004/page_258.pdf-3,ETR/2004,HUMAN_COMPLETION_REQUIRED,INHERITED_FROZEN,True,False,False
1326,UPS/2010/page_33.pdf-3,UPS/2010,DRAFT_COMPLETE,INHERITED_FROZEN,True,True,True
1327,KMI/2010/page_2.pdf-1,KMI/2010,DRAFT_COMPLETE,INHERITED_FROZEN,True,True,True
1328,HIG/2013/page_124.pdf-1,HIG/2013,DRAFT_COMPLETE,INHERITED_FROZEN,True,True,True
1329,ETR/2008/page_314.pdf-2,ETR/2008,HUMAN_COMPLETION_REQUIRED,INHERITED_FROZEN,True,False,False
1330,AWK/2012/page_12.pdf-2,AWK/2012,DRAFT_COMPLETE,INHERITED_FROZEN,True,True,False
1331,HWM/2018/page_41.pdf-1,HWM/2018,DRAFT_COMPLETE,INHERITED_FROZEN,True,True,True
1332,BLL/2007/page_78.pdf-2,BLL/2007,DRAFT_COMPLETE,INHERITED_FROZEN,True,True,True
1333,PNC/2012/page_98.pdf-3,PNC/2012,DRAFT_COMPLETE,INHERITED_FROZEN,True,True,False
1334,VTR/2003/page_39.pdf-3,VTR/2003,HUMAN_COMPLETION_REQUIRED,INHERITED_FROZEN,True,False,False
1335,ETR/2008/page_336.pdf-1,ETR/2008,HUMAN_COMPLETION_REQUIRED,REQUIRES_HUMAN_REDERIVATION,True,False,False
1336,MAS/2012/page_86.pdf-4,MAS/2012,DRAFT_COMPLETE,INHERITED_FROZEN,True,True,True
1337,IPG/2018/page_26.pdf-3,IPG/2018,DRAFT_COMPLETE,INHERITED_FROZEN,True,True,True
1338,JPM/2005/page_70.pdf-2,JPM/2005,DRAFT_COMPLETE,INHERITED_FROZEN,True,True,False
1339,GPN/2007/page_39.pdf-4,GPN/2007,DRAFT_COMPLETE,INHERITED_FROZEN,True,True,False
1340,MRO/2018/page_93.pdf-1,MRO/2018,HUMAN_COMPLETION_REQUIRED,INHERITED_FROZEN,True,False,False
1341,AAP/2013/page_32.pdf-1,AAP/2013,DRAFT_COMPLETE,INHERITED_FROZEN,True,True,True
1342,IPG/2017/page_26.pdf-3,IPG/2017,DRAFT_COMPLETE,INHERITED_FROZEN,True,True,True
1343,DRE/2009/page_60.pdf-2,DRE/2009,DRAFT_COMPLETE,INHERITED_FROZEN,True,True,True
1344,AWK/2013/page_12.pdf-1,AWK/2013,HUMAN_COMPLETION_REQUIRED,INHERITED_FROZEN,True,False,False
1345,LMT/2016/page_105.pdf-3,LMT/2016,DRAFT_COMPLETE,INHERITED_FROZEN,True,True,True
1346,HIG/2016/page_250.pdf-2,HIG/2016,DRAFT_COMPLETE,INHERITED_FROZEN,True,True,True
1347,LMT/2013/page_47.pdf-2,LMT/2013,DRAFT_COMPLETE,INHERITED_FROZEN,True,True,True
1348,TFX/2017/page_48.pdf-2,TFX/2017,DRAFT_COMPLETE,INHERITED_FROZEN,True,True,True
1349,CB/2010/page_113.pdf-3,CB/2010,DRAFT_COMPLETE,INHERITED_FROZEN,True,True,False
1350,AAP/2012/page_61.pdf-2,AAP/2012,DRAFT_COMPLETE,INHERITED_FROZEN,True,True,True
1351,ETR/2013/page_136.pdf-3,ETR/2013,DRAFT_COMPLETE,INHERITED_FROZEN,True,True,True
1352,ETR/2008/page_27.pdf-2,ETR/2008,DRAFT_COMPLETE,INHERITED_FROZEN,True,True,False
1353,IP/2014/page_66.pdf-2,IP/2014,DRAFT_COMPLETE,INHERITED_FROZEN,True,True,True
1354,AMAT/2015/page_31.pdf-3,AMAT/2015,DRAFT_COMPLETE,INHERITED_FROZEN,True,True,True
1355,AMT/2012/page_56.pdf-3,AMT/2012,DRAFT_COMPLETE,REQUIRES_HUMAN_REDERIVATION,True,True,False
1356,C/2009/page_255.pdf-4,C/2009,DRAFT_COMPLETE,INHERITED_FROZEN,True,True,True
1357,UNP/2016/page_24.pdf-1,UNP/2016,DRAFT_COMPLETE,INHERITED_FROZEN,True,True,True
1358,AMT/2014/page_131.pdf-2,AMT/2014,DRAFT_COMPLETE,INHERITED_FROZEN,True,True,True
1359,IPG/2015/page_24.pdf-3,IPG/2015,DRAFT_COMPLETE,INHERITED_FROZEN,True,True,True
1360,ETR/2016/page_175.pdf-3,ETR/2016,HUMAN_COMPLETION_REQUIRED,INHERITED_FROZEN,True,False,False
1361,AAPL/2017/page_23.pdf-1,AAPL/2017,DRAFT_COMPLETE,INHERITED_FROZEN,True,True,True
1362,UNP/2014/page_30.pdf-1,UNP/2014,HUMAN_COMPLETION_REQUIRED,INHERITED_FROZEN,True,False,False
1363,PNC/2009/page_133.pdf-2,PNC/2009,HUMAN_COMPLETION_REQUIRED,INHERITED_FROZEN,True,False,False
1364,DISH/2011/page_130.pdf-1,DISH/2011,DRAFT_COMPLETE,INHERITED_FROZEN,True,True,True
1365,MRO/2009/page_132.pdf-2,MRO/2009,DRAFT_COMPLETE,INHERITED_FROZEN,True,True,True
1366,ETR/2008/page_212.pdf-2,ETR/2008,DRAFT_COMPLETE,INHERITED_FROZEN,True,True,True
1367,LMT/2002/page_33.pdf-3,LMT/2002,DRAFT_COMPLETE,INHERITED_FROZEN,True,True,True
1368,GPN/2017/page_72.pdf-1,GPN/2017,DRAFT_COMPLETE,INHERITED_FROZEN,True,True,True
1369,RL/2018/page_9.pdf-1,RL/2018,DRAFT_COMPLETE,INHERITED_FROZEN,True,True,True
1370,AWK/2017/page_172.pdf-3,AWK/2017,DRAFT_COMPLETE,INHERITED_FROZEN,True,True,True
1371,MRO/2013/page_54.pdf-2,MRO/2013,unknown_not_requested_not_reconstructed,UNKNOWN,False,False,False
1372,IP/2005/page_27.pdf-2,IP/2005,HUMAN_COMPLETION_REQUIRED,INHERITED_FROZEN,True,False,False
1373,ETR/2016/page_24.pdf-3,ETR/2016,DRAFT_COMPLETE,INHERITED_FROZEN,True,True,True
1374,AWK/2014/page_122.pdf-2,AWK/2014,DRAFT_COMPLETE,INHERITED_FROZEN,True,True,True
1375,AON/2011/page_91.pdf-1,AON/2011,DRAFT_COMPLETE,INHERITED_FROZEN,True,True,True
1376,ETR/2016/page_144.pdf-2,ETR/2016,DRAFT_COMPLETE,INHERITED_FROZEN,True,True,True
1377,ADBE/2012/page_87.pdf-4,ADBE/2012,DRAFT_COMPLETE,INHERITED_FROZEN,True,True,True
1378,APTV/2018/page_34.pdf-1,APTV/2018,DRAFT_COMPLETE,INHERITED_FROZEN,True,True,True
1379,IPG/2008/page_68.pdf-1,IPG/2008,HUMAN_COMPLETION_REQUIRED,INHERITED_FROZEN,True,False,False
1380,GPN/2016/page_84.pdf-1,GPN/2016,HUMAN_COMPLETION_REQUIRED,INHERITED_FROZEN,True,False,False
1381,AAP/2012/page_61.pdf-1,AAP/2012,DRAFT_COMPLETE,INHERITED_FROZEN,True,True,True
1382,MRO/2009/page_107.pdf-2,MRO/2009,DRAFT_COMPLETE,INHERITED_FROZEN,True,True,True
1383,ETR/2004/page_125.pdf-2,ETR/2004,DRAFT_COMPLETE,INHERITED_FROZEN,True,True,True
1384,DISCA/2011/page_35.pdf-3,DISCA/2011,HUMAN_COMPLETION_REQUIRED,INHERITED_FROZEN,True,False,False
1385,ETR/2004/page_185.pdf-4,ETR/2004,HUMAN_COMPLETION_REQUIRED,REQUIRES_HUMAN_REDERIVATION,True,False,False
1386,BLK/2012/page_31.pdf-2,BLK/2012,HUMAN_COMPLETION_REQUIRED,INHERITED_FROZEN,True,False,False
1387,STT/2008/page_73.pdf-2,STT/2008,DRAFT_COMPLETE,INHERITED_FROZEN,True,True,True
1388,AWK/2017/page_143.pdf-1,AWK/2017,HUMAN_COMPLETION_REQUIRED,INHERITED_FROZEN,True,False,False
1389,GS/2014/page_167.pdf-3,GS/2014,DRAFT_COMPLETE,INHERITED_FROZEN,True,True,True
1390,AAL/2014/page_89.pdf-4,AAL/2014,DRAFT_COMPLETE,INHERITED_FROZEN,True,True,True
1391,GPN/2007/page_39.pdf-2,GPN/2007,DRAFT_COMPLETE,INHERITED_FROZEN,True,True,True
1392,STT/2009/page_109.pdf-3,STT/2009,DRAFT_COMPLETE,INHERITED_FROZEN,True,True,True
1393,IP/2015/page_51.pdf-2,IP/2015,DRAFT_COMPLETE,INHERITED_FROZEN,True,True,True
1394,UNP/2009/page_38.pdf-1,UNP/2009,DRAFT_COMPLETE,INHERITED_FROZEN,True,True,True
1395,C/2009/page_279.pdf-3,C/2009,DRAFT_COMPLETE,INHERITED_FROZEN,True,True,True
1396,STT/2017/page_63.pdf-2,STT/2017,DRAFT_COMPLETE,INHERITED_FROZEN,True,True,True
1397,ETR/2017/page_379.pdf-3,ETR/2017,DRAFT_COMPLETE,INHERITED_FROZEN,True,True,True
1398,IP/2016/page_52.pdf-1,IP/2016,DRAFT_COMPLETE,INHERITED_FROZEN,True,True,True
1399,ADBE/2012/page_87.pdf-3,ADBE/2012,DRAFT_COMPLETE,INHERITED_FROZEN,True,True,True
1400,IP/2012/page_56.pdf-2,IP/2012,DRAFT_COMPLETE,INHERITED_FROZEN,True,True,True
1401,ETR/2008/page_313.pdf-4,ETR/2008,HUMAN_COMPLETION_REQUIRED,INHERITED_FROZEN,True,False,False
1402,IP/2015/page_46.pdf-2,IP/2015,HUMAN_COMPLETION_REQUIRED,INHERITED_FROZEN,True,False,False
1403,ETR/2008/page_401.pdf-1,ETR/2008,DRAFT_COMPLETE,INHERITED_FROZEN,True,True,True
1404,BLL/2010/page_33.pdf-4,BLL/2010,HUMAN_COMPLETION_REQUIRED,INHERITED_FROZEN,True,False,False
1405,GPN/2009/page_69.pdf-3,GPN/2009,DRAFT_COMPLETE,INHERITED_FROZEN,True,True,True
1406,JKHY/2018/page_16.pdf-3,JKHY/2018,DRAFT_COMPLETE,INHERITED_FROZEN,True,True,True
1407,IP/2013/page_101.pdf-1,IP/2013,DRAFT_COMPLETE,INHERITED_FROZEN,True,True,True
1408,PPG/2018/page_60.pdf-2,PPG/2018,DRAFT_COMPLETE,INHERITED_FROZEN,True,True,True
1409,ETR/2008/page_27.pdf-3,ETR/2008,HUMAN_COMPLETION_REQUIRED,INHERITED_FROZEN,True,False,False
1410,AMT/2016/page_57.pdf-2,AMT/2016,DRAFT_COMPLETE,INHERITED_FROZEN,True,True,True
1411,C/2008/page_193.pdf-2,C/2008,DRAFT_COMPLETE,INHERITED_FROZEN,True,True,True
1412,GS/2018/page_134.pdf-3,GS/2018,DRAFT_COMPLETE,INHERITED_FROZEN,True,True,True
1413,HWM/2015/page_89.pdf-2,HWM/2015,DRAFT_COMPLETE,INHERITED_FROZEN,True,True,True
1414,ETR/2017/page_373.pdf-2,ETR/2017,DRAFT_COMPLETE,INHERITED_FROZEN,True,True,True
1415,ETR/2008/page_33.pdf-2,ETR/2008,DRAFT_COMPLETE,INHERITED_FROZEN,True,True,True
1416,IP/2007/page_30.pdf-1,IP/2007,HUMAN_COMPLETION_REQUIRED,INHERITED_FROZEN,True,False,False
1417,STT/2017/page_100.pdf-1,STT/2017,DRAFT_COMPLETE,INHERITED_FROZEN,True,True,True
1418,SNPS/2009/page_59.pdf-1,SNPS/2009,DRAFT_COMPLETE,INHERITED_FROZEN,True,True,True
1419,IPG/2017/page_40.pdf-3,IPG/2017,unknown_not_requested_not_reconstructed,UNKNOWN,False,False,False
1420,APTV/2014/page_46.pdf-2,APTV/2014,DRAFT_COMPLETE,INHERITED_FROZEN,True,True,True
1421,DISH/2015/page_142.pdf-1,DISH/2015,DRAFT_COMPLETE,INHERITED_FROZEN,True,True,True
1422,MO/2017/page_10.pdf-2,MO/2017,HUMAN_COMPLETION_REQUIRED,INHERITED_FROZEN,True,False,False
1423,HWM/2015/page_92.pdf-2,HWM/2015,HUMAN_COMPLETION_REQUIRED,INHERITED_FROZEN,True,False,False
1424,GS/2012/page_186.pdf-3,GS/2012,DRAFT_COMPLETE,INHERITED_FROZEN,True,True,True
1425,UPS/2013/page_34.pdf-1,UPS/2013,DRAFT_COMPLETE,INHERITED_FROZEN,True,True,True
1426,ETR/2009/page_21.pdf-3,ETR/2009,DRAFT_COMPLETE,INHERITED_FROZEN,True,True,True
1427,AON/2015/page_72.pdf-2,AON/2015,HUMAN_COMPLETION_REQUIRED,INHERITED_FROZEN,True,False,False
1428,ETR/2017/page_379.pdf-1,ETR/2017,DRAFT_COMPLETE,INHERITED_FROZEN,True,True,True
1429,UNP/2017/page_50.pdf-2,UNP/2017,DRAFT_COMPLETE,INHERITED_FROZEN,True,True,True
1430,RCL/2005/page_40.pdf-2,RCL/2005,DRAFT_COMPLETE,INHERITED_FROZEN,True,True,True
1431,RE/2006/page_31.pdf-1,RE/2006,DRAFT_COMPLETE,INHERITED_FROZEN,True,True,True
1432,C/2009/page_48.pdf-2,C/2009,DRAFT_COMPLETE,INHERITED_FROZEN,True,True,True
1433,BLL/2011/page_29.pdf-3,BLL/2011,DRAFT_COMPLETE,INHERITED_FROZEN,True,True,True
1434,EMR/2017/page_66.pdf-1,EMR/2017,DRAFT_COMPLETE,INHERITED_FROZEN,True,True,True
1435,MRO/2008/page_146.pdf-4,MRO/2008,DRAFT_COMPLETE,INHERITED_FROZEN,True,True,True
1436,JPM/2008/page_177.pdf-3,JPM/2008,DRAFT_COMPLETE,INHERITED_FROZEN,True,True,True
1437,ADI/2011/page_92.pdf-2,ADI/2011,DRAFT_COMPLETE,REQUIRES_HUMAN_REDERIVATION,True,True,False
1438,GIS/2017/page_46.pdf-1,GIS/2017,DRAFT_COMPLETE,INHERITED_FROZEN,True,True,True
1439,UPS/2007/page_103.pdf-1,UPS/2007,HUMAN_COMPLETION_REQUIRED,INHERITED_FROZEN,True,False,False
1440,CME/2010/page_109.pdf-4,CME/2010,DRAFT_COMPLETE,INHERITED_FROZEN,True,True,False
1441,ETR/2016/page_343.pdf-1,ETR/2016,DRAFT_COMPLETE,REQUIRES_HUMAN_REDERIVATION,True,True,False
1442,AMT/2012/page_56.pdf-2,AMT/2012,DRAFT_COMPLETE,INHERITED_FROZEN,True,True,True
1443,UPS/2013/page_56.pdf-2,UPS/2013,DRAFT_COMPLETE,INHERITED_FROZEN,True,True,True
1444,DISCA/2011/page_35.pdf-1,DISCA/2011,HUMAN_COMPLETION_REQUIRED,REQUIRES_HUMAN_REDERIVATION,True,False,False
1445,ETR/2008/page_337.pdf-4,ETR/2008,HUMAN_COMPLETION_REQUIRED,INHERITED_FROZEN,True,False,False
1446,UPS/2015/page_108.pdf-4,UPS/2015,DRAFT_COMPLETE,INHERITED_FROZEN,True,True,True
1447,AAPL/2011/page_38.pdf-1,AAPL/2011,DRAFT_COMPLETE,INHERITED_FROZEN,True,True,True
1448,ADBE/2012/page_113.pdf-1,ADBE/2012,DRAFT_COMPLETE,INHERITED_FROZEN,True,True,True
1449,BDX/2009/page_81.pdf-2,BDX/2009,DRAFT_COMPLETE,INHERITED_FROZEN,True,True,True
1450,SLB/2006/page_82.pdf-1,SLB/2006,HUMAN_COMPLETION_REQUIRED,INHERITED_FROZEN,True,False,False
1451,BLL/2010/page_58.pdf-2,BLL/2010,DRAFT_COMPLETE,INHERITED_FROZEN,True,True,True
1452,ABC/2005/page_40.pdf-1,ABC/2005,HUMAN_COMPLETION_REQUIRED,INHERITED_FROZEN,True,False,False
1453,AAPL/2014/page_78.pdf-3,AAPL/2014,DRAFT_COMPLETE,INHERITED_FROZEN,True,True,True
1454,UNP/2012/page_47.pdf-1,UNP/2012,DRAFT_COMPLETE,INHERITED_FROZEN,True,True,True
1455,ECL/2017/page_96.pdf-2,ECL/2017,DRAFT_COMPLETE,INHERITED_FROZEN,True,True,True
1456,ETR/2008/page_154.pdf-2,ETR/2008,HUMAN_COMPLETION_REQUIRED,INHERITED_FROZEN,True,False,False
1457,MAR/2010/page_55.pdf-1,MAR/2010,DRAFT_COMPLETE,INHERITED_FROZEN,True,True,True
1458,IP/2013/page_62.pdf-2,IP/2013,DRAFT_COMPLETE,INHERITED_FROZEN,True,True,True
1459,IPG/2018/page_100.pdf-1,IPG/2018,DRAFT_COMPLETE,INHERITED_FROZEN,True,True,True
1460,MA/2008/page_125.pdf-1,MA/2008,DRAFT_COMPLETE,INHERITED_FROZEN,True,True,True
1461,BLK/2012/page_31.pdf-1,BLK/2012,DRAFT_COMPLETE,INHERITED_FROZEN,True,True,True
1462,AAPL/2002/page_63.pdf-1,AAPL/2002,DRAFT_COMPLETE,INHERITED_FROZEN,True,True,True
1463,AAPL/2015/page_24.pdf-2,AAPL/2015,DRAFT_COMPLETE,INHERITED_FROZEN,True,True,True
1464,REGN/2010/page_72.pdf-1,REGN/2010,DRAFT_COMPLETE,INHERITED_FROZEN,True,True,True
1465,ETR/2017/page_175.pdf-2,ETR/2017,HUMAN_COMPLETION_REQUIRED,INHERITED_FROZEN,True,False,False
1466,EOG/2017/page_93.pdf-1,EOG/2017,DRAFT_COMPLETE,INHERITED_FROZEN,True,True,True
1467,AWK/2018/page_150.pdf-1,AWK/2018,DRAFT_COMPLETE,INHERITED_FROZEN,True,True,True
1468,MA/2009/page_120.pdf-2,MA/2009,DRAFT_COMPLETE,INHERITED_FROZEN,True,True,True
1469,JPM/2003/page_24.pdf-2,JPM/2003,HUMAN_COMPLETION_REQUIRED,INHERITED_FROZEN,True,False,False
1470,ETFC/2012/page_85.pdf-3,ETFC/2012,HUMAN_COMPLETION_REQUIRED,INHERITED_FROZEN,True,False,False
1471,VTR/2007/page_48.pdf-3,VTR/2007,DRAFT_COMPLETE,INHERITED_FROZEN,True,True,True
1472,ECL/2015/page_70.pdf-3,ECL/2015,DRAFT_COMPLETE,INHERITED_FROZEN,True,True,True
1473,ORLY/2017/page_30.pdf-3,ORLY/2017,DRAFT_COMPLETE,INHERITED_FROZEN,True,True,True
1474,MO/2016/page_76.pdf-1,MO/2016,DRAFT_COMPLETE,INHERITED_FROZEN,True,True,True
1475,ETR/2016/page_144.pdf-4,ETR/2016,DRAFT_COMPLETE,INHERITED_FROZEN,True,True,True
1476,K/2012/page_80.pdf-2,K/2012,DRAFT_COMPLETE,INHERITED_FROZEN,True,True,True
1477,GPN/2015/page_83.pdf-3,GPN/2015,DRAFT_COMPLETE,INHERITED_FROZEN,True,True,True
1478,IPG/2018/page_100.pdf-2,IPG/2018,DRAFT_COMPLETE,INHERITED_FROZEN,True,True,False
1479,PNC/2011/page_209.pdf-5,PNC/2011,DRAFT_COMPLETE,INHERITED_FROZEN,True,True,True
1480,ETR/2016/page_505.pdf-1,ETR/2016,DRAFT_COMPLETE,INHERITED_FROZEN,True,True,False
1481,ADBE/2013/page_84.pdf-1,ADBE/2013,DRAFT_COMPLETE,INHERITED_FROZEN,True,True,True
1482,ETR/2017/page_25.pdf-3,ETR/2017,HUMAN_COMPLETION_REQUIRED,INHERITED_FROZEN,True,False,False
1483,CDNS/2012/page_58.pdf-2,CDNS/2012,DRAFT_COMPLETE,REQUIRES_HUMAN_REDERIVATION,True,True,False
1484,UAA/2016/page_81.pdf-2,UAA/2016,DRAFT_COMPLETE,INHERITED_FROZEN,True,True,True
1485,DG/2009/page_87.pdf-2,DG/2009,DRAFT_COMPLETE,REQUIRES_HUMAN_REDERIVATION,True,True,False
1486,CDNS/2016/page_32.pdf-2,CDNS/2016,DRAFT_COMPLETE,INHERITED_FROZEN,True,True,True
1487,MRO/2008/page_42.pdf-1,MRO/2008,DRAFT_COMPLETE,INHERITED_FROZEN,True,True,True
1488,GS/2012/page_64.pdf-2,GS/2012,DRAFT_COMPLETE,INHERITED_FROZEN,True,True,True
1489,AAL/2014/page_80.pdf-2,AAL/2014,DRAFT_COMPLETE,INHERITED_FROZEN,True,True,True
1490,AAPL/2015/page_56.pdf-2,AAPL/2015,DRAFT_COMPLETE,INHERITED_FROZEN,True,True,True
1491,GS/2018/page_175.pdf-4,GS/2018,HUMAN_COMPLETION_REQUIRED,INHERITED_FROZEN,True,False,False
1492,JPM/2015/page_83.pdf-2,JPM/2015,DRAFT_COMPLETE,INHERITED_FROZEN,True,True,True
1493,RL/2015/page_11.pdf-2,RL/2015,DRAFT_COMPLETE,INHERITED_FROZEN,True,True,True
1494,GPN/2010/page_92.pdf-3,GPN/2010,DRAFT_COMPLETE,INHERITED_FROZEN,True,True,True
1495,JPM/2016/page_141.pdf-3,JPM/2016,DRAFT_COMPLETE,INHERITED_FROZEN,True,True,True
1496,STT/2011/page_85.pdf-1,STT/2011,DRAFT_COMPLETE,INHERITED_FROZEN,True,True,True
1497,CB/2008/page_144.pdf-1,CB/2008,DRAFT_COMPLETE,INHERITED_FROZEN,True,True,True
1498,BLL/2007/page_75.pdf-4,BLL/2007,DRAFT_COMPLETE,INHERITED_FROZEN,True,True,True
1499,DRE/2002/page_13.pdf-1,DRE/2002,DRAFT_COMPLETE,INHERITED_FROZEN,True,True,True
1500,BKNG/2017/page_35.pdf-4,BKNG/2017,DRAFT_COMPLETE,INHERITED_FROZEN,True,True,True
1501,JPM/2015/page_132.pdf-2,JPM/2015,DRAFT_COMPLETE,INHERITED_FROZEN,True,True,True
1502,AAL/2015/page_83.pdf-3,AAL/2015,DRAFT_COMPLETE,INHERITED_FROZEN,True,True,True
1503,UNP/2014/page_16.pdf-2,UNP/2014,DRAFT_COMPLETE,INHERITED_FROZEN,True,True,True
1504,DVN/2013/page_78.pdf-3,DVN/2013,HUMAN_COMPLETION_REQUIRED,INHERITED_FROZEN,True,False,False
1505,EW/2014/page_90.pdf-2,EW/2014,DRAFT_COMPLETE,INHERITED_FROZEN,True,True,True
1506,MA/2009/page_115.pdf-3,MA/2009,DRAFT_COMPLETE,INHERITED_FROZEN,True,True,True
1507,JPM/2008/page_112.pdf-1,JPM/2008,HUMAN_COMPLETION_REQUIRED,REQUIRES_HUMAN_REDERIVATION,True,False,False
1508,MRO/2008/page_130.pdf-1,MRO/2008,HUMAN_COMPLETION_REQUIRED,INHERITED_FROZEN,True,False,False
1509,DISH/2008/page_120.pdf-1,DISH/2008,HUMAN_COMPLETION_REQUIRED,INHERITED_FROZEN,True,False,False
1510,AAP/2016/page_26.pdf-1,AAP/2016,DRAFT_COMPLETE,INHERITED_FROZEN,True,True,True
1511,SLG/2010/page_50.pdf-3,SLG/2010,DRAFT_COMPLETE,INHERITED_FROZEN,True,True,True
1512,RL/2011/page_14.pdf-2,RL/2011,DRAFT_COMPLETE,INHERITED_FROZEN,True,True,True
1513,ILMN/2008/page_77.pdf-2,ILMN/2008,DRAFT_COMPLETE,INHERITED_FROZEN,True,True,True
1514,AMT/2006/page_107.pdf-2,AMT/2006,DRAFT_COMPLETE,INHERITED_FROZEN,True,True,True
1515,MAS/2012/page_92.pdf-2,MAS/2012,DRAFT_COMPLETE,INHERITED_FROZEN,True,True,True
1516,RL/2008/page_21.pdf-2,RL/2008,DRAFT_COMPLETE,INHERITED_FROZEN,True,True,True
1517,GS/2018/page_108.pdf-3,GS/2018,DRAFT_COMPLETE,INHERITED_FROZEN,True,True,True
1518,UNP/2011/page_25.pdf-1,UNP/2011,HUMAN_COMPLETION_REQUIRED,INHERITED_FROZEN,True,False,False
1519,EMN/2006/page_108.pdf-2,EMN/2006,DRAFT_COMPLETE,REQUIRES_HUMAN_REDERIVATION,True,True,False
1520,UPS/2017/page_111.pdf-3,UPS/2017,DRAFT_COMPLETE,INHERITED_FROZEN,True,True,True
1521,ETR/2009/page_141.pdf-3,ETR/2009,DRAFT_COMPLETE,INHERITED_FROZEN,True,True,True
1522,MRO/2012/page_41.pdf-1,MRO/2012,HUMAN_COMPLETION_REQUIRED,INHERITED_FROZEN,True,False,False
1523,ETR/2016/page_18.pdf-1,ETR/2016,DRAFT_COMPLETE,INHERITED_FROZEN,True,True,True
1524,UPS/2012/page_51.pdf-1,UPS/2012,DRAFT_COMPLETE,INHERITED_FROZEN,True,True,True
1525,HUM/2018/page_46.pdf-4,HUM/2018,DRAFT_COMPLETE,INHERITED_FROZEN,True,True,True
1526,ORLY/2015/page_28.pdf-3,ORLY/2015,DRAFT_COMPLETE,INHERITED_FROZEN,True,True,True
1527,APTV/2018/page_34.pdf-2,APTV/2018,DRAFT_COMPLETE,INHERITED_FROZEN,True,True,True
1528,ZBH/2009/page_71.pdf-1,ZBH/2009,DRAFT_COMPLETE,INHERITED_FROZEN,True,True,True
1529,ETFC/2015/page_27.pdf-1,ETFC/2015,DRAFT_COMPLETE,INHERITED_FROZEN,True,True,True
1530,LMT/2005/page_76.pdf-3,LMT/2005,DRAFT_COMPLETE,INHERITED_FROZEN,True,True,True
1531,ETR/2008/page_314.pdf-3,ETR/2008,HUMAN_COMPLETION_REQUIRED,REQUIRES_HUMAN_REDERIVATION,True,False,False
1532,TROW/2008/page_23.pdf-2,TROW/2008,DRAFT_COMPLETE,INHERITED_FROZEN,True,True,True
1533,MMM/2013/page_26.pdf-2,MMM/2013,DRAFT_COMPLETE,INHERITED_FROZEN,True,True,True
1534,ETR/2016/page_17.pdf-1,ETR/2016,HUMAN_COMPLETION_REQUIRED,INHERITED_FROZEN,True,False,False
1535,AAPL/2002/page_63.pdf-4,AAPL/2002,DRAFT_COMPLETE,INHERITED_FROZEN,True,True,True
1536,LKQ/2009/page_66.pdf-1,LKQ/2009,DRAFT_COMPLETE,INHERITED_FROZEN,True,True,True
1537,JPM/2009/page_183.pdf-2,JPM/2009,DRAFT_COMPLETE,INHERITED_FROZEN,True,True,True
1538,ETR/2016/page_505.pdf-3,ETR/2016,HUMAN_COMPLETION_REQUIRED,REQUIRES_HUMAN_REDERIVATION,True,False,False
1539,JPM/2016/page_73.pdf-2,JPM/2016,DRAFT_COMPLETE,INHERITED_FROZEN,True,True,True
1540,ADI/2012/page_65.pdf-2,ADI/2012,HUMAN_COMPLETION_REQUIRED,INHERITED_FROZEN,True,False,False
1541,AMT/2008/page_88.pdf-1,AMT/2008,unknown_not_requested_not_reconstructed,UNKNOWN,False,False,False
1542,GPN/2017/page_72.pdf-3,GPN/2017,DRAFT_COMPLETE,INHERITED_FROZEN,True,True,True
1543,IP/2005/page_28.pdf-1,IP/2005,HUMAN_COMPLETION_REQUIRED,INHERITED_FROZEN,True,False,False
1544,GPN/2008/page_39.pdf-2,GPN/2008,DRAFT_COMPLETE,INHERITED_FROZEN,True,True,True
1545,INTC/2013/page_71.pdf-1,INTC/2013,DRAFT_COMPLETE,INHERITED_FROZEN,True,True,True
1546,C/2008/page_217.pdf-1,C/2008,DRAFT_COMPLETE,INHERITED_FROZEN,True,True,True
1547,UNP/2012/page_24.pdf-1,UNP/2012,DRAFT_COMPLETE,INHERITED_FROZEN,True,True,True
1548,ADBE/2013/page_68.pdf-1,ADBE/2013,DRAFT_COMPLETE,INHERITED_FROZEN,True,True,True
1549,IP/2005/page_29.pdf-2,IP/2005,HUMAN_COMPLETION_REQUIRED,INHERITED_FROZEN,True,False,False
1550,AAPL/2013/page_78.pdf-3,AAPL/2013,DRAFT_COMPLETE,INHERITED_FROZEN,True,True,True
1551,IP/2012/page_56.pdf-1,IP/2012,HUMAN_COMPLETION_REQUIRED,INHERITED_FROZEN,True,False,False
1552,ORLY/2017/page_30.pdf-4,ORLY/2017,DRAFT_COMPLETE,INHERITED_FROZEN,True,True,True
1553,ETR/2017/page_414.pdf-2,ETR/2017,DRAFT_COMPLETE,INHERITED_FROZEN,True,True,True
1554,GIS/2019/page_53.pdf-1,GIS/2019,DRAFT_COMPLETE,INHERITED_FROZEN,True,True,True
1555,FIS/2012/page_11.pdf-1,FIS/2012,DRAFT_COMPLETE,INHERITED_FROZEN,True,True,True
1556,RCL/2016/page_37.pdf-2,RCL/2016,DRAFT_COMPLETE,INHERITED_FROZEN,True,True,True
1557,GS/2016/page_81.pdf-2,GS/2016,DRAFT_COMPLETE,INHERITED_FROZEN,True,True,True
1558,EW/2016/page_72.pdf-1,EW/2016,DRAFT_COMPLETE,INHERITED_FROZEN,True,True,True
1559,GS/2013/page_184.pdf-4,GS/2013,DRAFT_COMPLETE,INHERITED_FROZEN,True,True,True
1560,ADBE/2018/page_71.pdf-1,ADBE/2018,unknown_not_requested_not_reconstructed,UNKNOWN,False,False,False
1561,AES/2011/page_216.pdf-1,AES/2011,DRAFT_COMPLETE,INHERITED_FROZEN,True,True,True
1562,ETFC/2007/page_116.pdf-4,ETFC/2007,DRAFT_COMPLETE,INHERITED_FROZEN,True,True,True
1563,RE/2017/page_145.pdf-2,RE/2017,DRAFT_COMPLETE,INHERITED_FROZEN,True,True,True
1564,AAP/2006/page_85.pdf-1,AAP/2006,DRAFT_COMPLETE,INHERITED_FROZEN,True,True,True
1565,DISCA/2008/page_141.pdf-4,DISCA/2008,DRAFT_COMPLETE,INHERITED_FROZEN,True,True,True
1566,STT/2008/page_139.pdf-2,STT/2008,DRAFT_COMPLETE,INHERITED_FROZEN,True,True,True
1567,TMUS/2016/page_32.pdf-4,TMUS/2016,DRAFT_COMPLETE,INHERITED_FROZEN,True,True,True
1568,GIS/2008/page_83.pdf-3,GIS/2008,DRAFT_COMPLETE,INHERITED_FROZEN,True,True,False
1569,DVN/2007/page_78.pdf-2,DVN/2007,DRAFT_COMPLETE,INHERITED_FROZEN,True,True,True
1570,STT/2006/page_92.pdf-2,STT/2006,DRAFT_COMPLETE,INHERITED_FROZEN,True,True,True
1571,CE/2009/page_121.pdf-1,CE/2009,HUMAN_COMPLETION_REQUIRED,INHERITED_FROZEN,True,False,False
1572,UPS/2017/page_31.pdf-3,UPS/2017,DRAFT_COMPLETE,INHERITED_FROZEN,True,True,True
1573,C/2009/page_38.pdf-4,C/2009,HUMAN_COMPLETION_REQUIRED,INHERITED_FROZEN,True,False,False
1574,DISH/2014/page_142.pdf-1,DISH/2014,HUMAN_COMPLETION_REQUIRED,INHERITED_FROZEN,True,False,False
1575,ETR/2013/page_15.pdf-2,ETR/2013,DRAFT_COMPLETE,REQUIRES_HUMAN_REDERIVATION,True,True,False
1576,ECL/2015/page_70.pdf-1,ECL/2015,DRAFT_COMPLETE,INHERITED_FROZEN,True,True,True
1577,UPS/2007/page_32.pdf-4,UPS/2007,DRAFT_COMPLETE,INHERITED_FROZEN,True,True,True
1578,RE/2010/page_138.pdf-5,RE/2010,DRAFT_COMPLETE,INHERITED_FROZEN,True,True,True
1579,HII/2018/page_64.pdf-3,HII/2018,DRAFT_COMPLETE,INHERITED_FROZEN,True,True,True
1580,AWK/2017/page_136.pdf-4,AWK/2017,HUMAN_COMPLETION_REQUIRED,REQUIRES_HUMAN_REDERIVATION,True,False,False
1581,UNP/2012/page_39.pdf-2,UNP/2012,DRAFT_COMPLETE,INHERITED_FROZEN,True,True,True
1582,UNP/2011/page_25.pdf-2,UNP/2011,HUMAN_COMPLETION_REQUIRED,REQUIRES_HUMAN_REDERIVATION,True,False,False
1583,ETR/2008/page_187.pdf-1,ETR/2008,DRAFT_COMPLETE,INHERITED_FROZEN,True,True,True
1584,LMT/2016/page_117.pdf-1,LMT/2016,DRAFT_COMPLETE,INHERITED_FROZEN,True,True,True
1585,AAPL/2011/page_38.pdf-2,AAPL/2011,DRAFT_COMPLETE,INHERITED_FROZEN,True,True,True
1586,AWK/2014/page_45.pdf-1,AWK/2014,DRAFT_COMPLETE,INHERITED_FROZEN,True,True,True
1587,SNA/2007/page_80.pdf-1,SNA/2007,DRAFT_COMPLETE,INHERITED_FROZEN,True,True,True
1588,ETR/2004/page_335.pdf-4,ETR/2004,DRAFT_COMPLETE,INHERITED_FROZEN,True,True,True
1589,CMCSA/2004/page_30.pdf-2,CMCSA/2004,DRAFT_COMPLETE,INHERITED_FROZEN,True,True,True
1590,JPM/2014/page_128.pdf-3,JPM/2014,DRAFT_COMPLETE,INHERITED_FROZEN,True,True,True
1591,IPG/2018/page_104.pdf-1,IPG/2018,DRAFT_COMPLETE,INHERITED_FROZEN,True,True,True
1592,VLO/2013/page_24.pdf-1,VLO/2013,DRAFT_COMPLETE,REQUIRES_HUMAN_REDERIVATION,True,True,False
1593,HOLX/2005/page_61.pdf-2,HOLX/2005,DRAFT_COMPLETE,INHERITED_FROZEN,True,True,True
1594,IPG/2009/page_67.pdf-3,IPG/2009,DRAFT_COMPLETE,INHERITED_FROZEN,True,True,True
1595,DISH/2002/page_94.pdf-2,DISH/2002,DRAFT_COMPLETE,INHERITED_FROZEN,True,True,True
1596,HOLX/2007/page_154.pdf-1,HOLX/2007,DRAFT_COMPLETE,INHERITED_FROZEN,True,True,True
1597,BLK/2012/page_82.pdf-2,BLK/2012,HUMAN_COMPLETION_REQUIRED,INHERITED_FROZEN,True,False,False
1598,AWK/2017/page_172.pdf-4,AWK/2017,DRAFT_COMPLETE,INHERITED_FROZEN,True,True,True
1599,UPS/2010/page_33.pdf-1,UPS/2010,DRAFT_COMPLETE,INHERITED_FROZEN,True,True,True
1600,ETFC/2014/page_22.pdf-1,ETFC/2014,DRAFT_COMPLETE,INHERITED_FROZEN,True,True,True
1601,ALXN/2007/page_96.pdf-2,ALXN/2007,DRAFT_COMPLETE,INHERITED_FROZEN,True,True,True
1602,TFX/2018/page_47.pdf-2,TFX/2018,DRAFT_COMPLETE,INHERITED_FROZEN,True,True,True
1603,MAS/2017/page_37.pdf-3,MAS/2017,HUMAN_COMPLETION_REQUIRED,INHERITED_FROZEN,True,False,False
1604,GS/2012/page_129.pdf-2,GS/2012,DRAFT_COMPLETE,INHERITED_FROZEN,True,True,True
1605,MAS/2012/page_92.pdf-1,MAS/2012,HUMAN_COMPLETION_REQUIRED,INHERITED_FROZEN,True,False,False
1606,UNP/2010/page_55.pdf-1,UNP/2010,DRAFT_COMPLETE,INHERITED_FROZEN,True,True,True
1607,IP/2013/page_70.pdf-1,IP/2013,HUMAN_COMPLETION_REQUIRED,INHERITED_FROZEN,True,False,False
1608,AWK/2015/page_110.pdf-1,AWK/2015,DRAFT_COMPLETE,INHERITED_FROZEN,True,True,True
1609,CME/2010/page_109.pdf-1,CME/2010,DRAFT_COMPLETE,INHERITED_FROZEN,True,True,True
1610,GPN/2017/page_30.pdf-2,GPN/2017,DRAFT_COMPLETE,INHERITED_FROZEN,True,True,True
1611,AES/2001/page_45.pdf-2,AES/2001,HUMAN_COMPLETION_REQUIRED,INHERITED_FROZEN,True,False,False
1612,C/2009/page_279.pdf-1,C/2009,DRAFT_COMPLETE,INHERITED_FROZEN,True,True,True
1613,IP/2012/page_64.pdf-2,IP/2012,DRAFT_COMPLETE,INHERITED_FROZEN,True,True,True
1614,ETR/2017/page_401.pdf-1,ETR/2017,DRAFT_COMPLETE,INHERITED_FROZEN,True,True,True
1615,CB/2010/page_114.pdf-3,CB/2010,DRAFT_COMPLETE,INHERITED_FROZEN,True,True,True
1616,CE/2010/page_134.pdf-2,CE/2010,DRAFT_COMPLETE,INHERITED_FROZEN,True,True,True
1617,IPG/2018/page_78.pdf-3,IPG/2018,DRAFT_COMPLETE,INHERITED_FROZEN,True,True,True
1618,ETR/2013/page_93.pdf-2,ETR/2013,HUMAN_COMPLETION_REQUIRED,REQUIRES_HUMAN_REDERIVATION,True,False,False
1619,FIS/2007/page_52.pdf-2,FIS/2007,HUMAN_COMPLETION_REQUIRED,INHERITED_FROZEN,True,False,False
1620,ETR/2009/page_21.pdf-1,ETR/2009,DRAFT_COMPLETE,INHERITED_FROZEN,True,True,True
1621,HWM/2015/page_80.pdf-2,HWM/2015,DRAFT_COMPLETE,INHERITED_FROZEN,True,True,True
1622,MA/2009/page_112.pdf-3,MA/2009,DRAFT_COMPLETE,INHERITED_FROZEN,True,True,True
1623,PNC/2014/page_94.pdf-2,PNC/2014,DRAFT_COMPLETE,INHERITED_FROZEN,True,True,True
1624,ETR/2016/page_444.pdf-2,ETR/2016,DRAFT_COMPLETE,INHERITED_FROZEN,True,True,True
1625,PNC/2013/page_66.pdf-1,PNC/2013,DRAFT_COMPLETE,INHERITED_FROZEN,True,True,True
1626,HOLX/2011/page_127.pdf-1,HOLX/2011,DRAFT_COMPLETE,INHERITED_FROZEN,True,True,True
1627,GS/2012/page_129.pdf-1,GS/2012,HUMAN_COMPLETION_REQUIRED,INHERITED_FROZEN,True,False,False
1628,RL/2015/page_11.pdf-1,RL/2015,DRAFT_COMPLETE,INHERITED_FROZEN,True,True,True
1629,AWK/2017/page_136.pdf-1,AWK/2017,HUMAN_COMPLETION_REQUIRED,INHERITED_FROZEN,True,False,False
1630,UNP/2013/page_35.pdf-1,UNP/2013,DRAFT_COMPLETE,INHERITED_FROZEN,True,True,True
1631,ETR/2004/page_125.pdf-1,ETR/2004,HUMAN_COMPLETION_REQUIRED,INHERITED_FROZEN,True,False,False
1632,UNP/2009/page_83.pdf-1,UNP/2009,DRAFT_COMPLETE,INHERITED_FROZEN,True,True,False
1633,LMT/2010/page_39.pdf-2,LMT/2010,DRAFT_COMPLETE,INHERITED_FROZEN,True,True,True
1634,ETR/2008/page_267.pdf-2,ETR/2008,DRAFT_COMPLETE,INHERITED_FROZEN,True,True,True
1635,IP/2012/page_98.pdf-1,IP/2012,DRAFT_COMPLETE,INHERITED_FROZEN,True,True,True
1636,HOLX/2008/page_140.pdf-1,HOLX/2008,DRAFT_COMPLETE,INHERITED_FROZEN,True,True,True
1637,UNP/2012/page_24.pdf-2,UNP/2012,HUMAN_COMPLETION_REQUIRED,INHERITED_FROZEN,True,False,False
1638,AAPL/2002/page_26.pdf-2,AAPL/2002,DRAFT_COMPLETE,INHERITED_FROZEN,True,True,True
1639,CB/2008/page_83.pdf-1,CB/2008,DRAFT_COMPLETE,INHERITED_FROZEN,True,True,True
1640,CDNS/2012/page_58.pdf-1,CDNS/2012,DRAFT_COMPLETE,REQUIRES_HUMAN_REDERIVATION,True,True,False
1641,IPG/2016/page_37.pdf-1,IPG/2016,DRAFT_COMPLETE,INHERITED_FROZEN,True,True,True
1642,AMT/2012/page_56.pdf-1,AMT/2012,DRAFT_COMPLETE,INHERITED_FROZEN,True,True,True
1643,AON/2009/page_70.pdf-2,AON/2009,DRAFT_COMPLETE,INHERITED_FROZEN,True,True,True
1644,RSG/2014/page_22.pdf-2,RSG/2014,DRAFT_COMPLETE,INHERITED_FROZEN,True,True,True
1645,HIG/2004/page_81.pdf-2,HIG/2004,DRAFT_COMPLETE,INHERITED_FROZEN,True,True,True
1646,AMT/2012/page_104.pdf-2,AMT/2012,DRAFT_COMPLETE,INHERITED_FROZEN,True,True,True
1647,AWK/2015/page_112.pdf-4,AWK/2015,DRAFT_COMPLETE,INHERITED_FROZEN,True,True,True
1648,HUM/2010/page_101.pdf-2,HUM/2010,DRAFT_COMPLETE,INHERITED_FROZEN,True,True,True
1649,HIG/2011/page_195.pdf-1,HIG/2011,DRAFT_COMPLETE,INHERITED_FROZEN,True,True,True
1650,FIS/2012/page_11.pdf-4,FIS/2012,HUMAN_COMPLETION_REQUIRED,REQUIRES_HUMAN_REDERIVATION,True,False,False
1651,UPS/2012/page_51.pdf-2,UPS/2012,HUMAN_COMPLETION_REQUIRED,INHERITED_FROZEN,True,False,False
1652,APTV/2018/page_36.pdf-1,APTV/2018,HUMAN_COMPLETION_REQUIRED,INHERITED_FROZEN,True,False,False
1653,C/2009/page_255.pdf-3,C/2009,DRAFT_COMPLETE,INHERITED_FROZEN,True,True,True
1654,HIG/2004/page_125.pdf-4,HIG/2004,DRAFT_COMPLETE,INHERITED_FROZEN,True,True,True
1655,APD/2018/page_54.pdf-2,APD/2018,DRAFT_COMPLETE,INHERITED_FROZEN,True,True,True
1656,GPN/2015/page_83.pdf-1,GPN/2015,DRAFT_COMPLETE,INHERITED_FROZEN,True,True,True
1657,RSG/2015/page_137.pdf-1,RSG/2015,HUMAN_COMPLETION_REQUIRED,INHERITED_FROZEN,True,False,False
1658,HUM/2007/page_18.pdf-3,HUM/2007,DRAFT_COMPLETE,INHERITED_FROZEN,True,True,True
1659,DISCA/2013/page_45.pdf-2,DISCA/2013,HUMAN_COMPLETION_REQUIRED,INHERITED_FROZEN,True,False,False
1660,AON/2011/page_38.pdf-1,AON/2011,DRAFT_COMPLETE,INHERITED_FROZEN,True,True,True
1661,ABC/2005/page_40.pdf-2,ABC/2005,HUMAN_COMPLETION_REQUIRED,INHERITED_FROZEN,True,False,False
1662,PNC/2011/page_209.pdf-4,PNC/2011,DRAFT_COMPLETE,INHERITED_FROZEN,True,True,True
1663,UNP/2014/page_14.pdf-2,UNP/2014,DRAFT_COMPLETE,INHERITED_FROZEN,True,True,True
1664,JKHY/2016/page_25.pdf-3,JKHY/2016,DRAFT_COMPLETE,INHERITED_FROZEN,True,True,True
1665,PNC/2013/page_97.pdf-1,PNC/2013,DRAFT_COMPLETE,INHERITED_FROZEN,True,True,True
1666,RL/2013/page_13.pdf-2,RL/2013,DRAFT_COMPLETE,INHERITED_FROZEN,True,True,True
1667,ETR/2016/page_403.pdf-4,ETR/2016,DRAFT_COMPLETE,INHERITED_FROZEN,True,True,True
1668,MMM/2013/page_48.pdf-1,MMM/2013,DRAFT_COMPLETE,INHERITED_FROZEN,True,True,True
1669,GPN/2016/page_83.pdf-2,GPN/2016,DRAFT_COMPLETE,INHERITED_FROZEN,True,True,False
1670,GPN/2007/page_18.pdf-2,GPN/2007,DRAFT_COMPLETE,INHERITED_FROZEN,True,True,True
1671,AWK/2014/page_45.pdf-3,AWK/2014,DRAFT_COMPLETE,INHERITED_FROZEN,True,True,True
1672,SLG/2009/page_84.pdf-1,SLG/2009,DRAFT_COMPLETE,INHERITED_FROZEN,True,True,True
1673,CE/2009/page_121.pdf-2,CE/2009,DRAFT_COMPLETE,INHERITED_FROZEN,True,True,True
1674,MAS/2010/page_29.pdf-3,MAS/2010,DRAFT_COMPLETE,INHERITED_FROZEN,True,True,True
1675,ETR/2008/page_266.pdf-4,ETR/2008,DRAFT_COMPLETE,INHERITED_FROZEN,True,True,True
1676,ETR/2008/page_362.pdf-1,ETR/2008,DRAFT_COMPLETE,INHERITED_FROZEN,True,True,True
1677,ALXN/2007/page_49.pdf-2,ALXN/2007,DRAFT_COMPLETE,INHERITED_FROZEN,True,True,True
1678,ETR/2004/page_185.pdf-2,ETR/2004,HUMAN_COMPLETION_REQUIRED,INHERITED_FROZEN,True,False,False
1679,GPN/2008/page_39.pdf-1,GPN/2008,DRAFT_COMPLETE,INHERITED_FROZEN,True,True,False
1680,JPM/2003/page_28.pdf-4,JPM/2003,DRAFT_COMPLETE,INHERITED_FROZEN,True,True,True
1681,MRO/2009/page_132.pdf-1,MRO/2009,DRAFT_COMPLETE,INHERITED_FROZEN,True,True,True
1682,UNP/2011/page_78.pdf-1,UNP/2011,DRAFT_COMPLETE,INHERITED_FROZEN,True,True,True
1683,ETR/2017/page_342.pdf-3,ETR/2017,HUMAN_COMPLETION_REQUIRED,INHERITED_FROZEN,True,False,False
1684,ETR/2008/page_337.pdf-1,ETR/2008,HUMAN_COMPLETION_REQUIRED,INHERITED_FROZEN,True,False,False
1685,JPM/2009/page_206.pdf-5,JPM/2009,DRAFT_COMPLETE,INHERITED_FROZEN,True,True,True
1686,IP/2005/page_32.pdf-1,IP/2005,DRAFT_COMPLETE,INHERITED_FROZEN,True,True,True
1687,AMT/2005/page_84.pdf-3,AMT/2005,HUMAN_COMPLETION_REQUIRED,INHERITED_FROZEN,True,False,False
1688,UNP/2011/page_35.pdf-1,UNP/2011,DRAFT_COMPLETE,INHERITED_FROZEN,True,True,True
1689,AMT/2016/page_57.pdf-1,AMT/2016,DRAFT_COMPLETE,INHERITED_FROZEN,True,True,True
1690,ETR/2008/page_266.pdf-1,ETR/2008,HUMAN_COMPLETION_REQUIRED,INHERITED_FROZEN,True,False,False
1691,AWK/2015/page_115.pdf-3,AWK/2015,HUMAN_COMPLETION_REQUIRED,INHERITED_FROZEN,True,False,False
1692,C/2009/page_38.pdf-3,C/2009,HUMAN_COMPLETION_REQUIRED,INHERITED_FROZEN,True,False,False
1693,LMT/2015/page_86.pdf-3,LMT/2015,DRAFT_COMPLETE,INHERITED_FROZEN,True,True,True
1694,C/2009/page_255.pdf-1,C/2009,DRAFT_COMPLETE,INHERITED_FROZEN,True,True,True
1695,MRO/2012/page_39.pdf-2,MRO/2012,DRAFT_COMPLETE,INHERITED_FROZEN,True,True,True
1696,BKNG/2017/page_35.pdf-1,BKNG/2017,DRAFT_COMPLETE,INHERITED_FROZEN,True,True,True
1697,SPGI/2017/page_73.pdf-2,SPGI/2017,DRAFT_COMPLETE,INHERITED_FROZEN,True,True,True
1698,STT/2017/page_63.pdf-1,STT/2017,DRAFT_COMPLETE,INHERITED_FROZEN,True,True,True
1699,GS/2013/page_97.pdf-2,GS/2013,HUMAN_COMPLETION_REQUIRED,INHERITED_FROZEN,True,False,False
1700,HWM/2015/page_94.pdf-2,HWM/2015,HUMAN_COMPLETION_REQUIRED,INHERITED_FROZEN,True,False,False
1701,HUM/2007/page_18.pdf-4,HUM/2007,DRAFT_COMPLETE,INHERITED_FROZEN,True,True,True
1702,PNC/2011/page_209.pdf-2,PNC/2011,DRAFT_COMPLETE,INHERITED_FROZEN,True,True,True
1703,AES/2011/page_260.pdf-2,AES/2011,HUMAN_COMPLETION_REQUIRED,INHERITED_FROZEN,True,False,False
1704,AES/2010/page_225.pdf-2,AES/2010,DRAFT_COMPLETE,INHERITED_FROZEN,True,True,True
1705,TROW/2013/page_25.pdf-4,TROW/2013,HUMAN_COMPLETION_REQUIRED,INHERITED_FROZEN,True,False,False
1706,CME/2010/page_109.pdf-3,CME/2010,DRAFT_COMPLETE,INHERITED_FROZEN,True,True,True
1707,IP/2007/page_30.pdf-2,IP/2007,DRAFT_COMPLETE,INHERITED_FROZEN,True,True,True
1708,SNPS/2006/page_67.pdf-1,SNPS/2006,DRAFT_COMPLETE,INHERITED_FROZEN,True,True,True
1709,KMI/2010/page_164.pdf-4,KMI/2010,HUMAN_COMPLETION_REQUIRED,INHERITED_FROZEN,True,False,False
1710,AWK/2018/page_162.pdf-4,AWK/2018,DRAFT_COMPLETE,INHERITED_FROZEN,True,True,True
1711,GPN/2017/page_76.pdf-1,GPN/2017,DRAFT_COMPLETE,INHERITED_FROZEN,True,True,True
1712,ALLE/2017/page_44.pdf-1,ALLE/2017,DRAFT_COMPLETE,INHERITED_FROZEN,True,True,True
1713,FIS/2007/page_52.pdf-1,FIS/2007,HUMAN_COMPLETION_REQUIRED,INHERITED_FROZEN,True,False,False
1714,MRO/2009/page_32.pdf-1,MRO/2009,DRAFT_COMPLETE,INHERITED_FROZEN,True,True,True
1715,FIS/2007/page_52.pdf-4,FIS/2007,DRAFT_COMPLETE,INHERITED_FROZEN,True,True,True
1716,IP/2018/page_50.pdf-1,IP/2018,HUMAN_COMPLETION_REQUIRED,INHERITED_FROZEN,True,False,False
1717,RL/2009/page_20.pdf-2,RL/2009,DRAFT_COMPLETE,INHERITED_FROZEN,True,True,True
1718,AAPL/2013/page_27.pdf-1,AAPL/2013,DRAFT_COMPLETE,INHERITED_FROZEN,True,True,True
1719,UPS/2010/page_33.pdf-2,UPS/2010,DRAFT_COMPLETE,INHERITED_FROZEN,True,True,True
1720,AAPL/2013/page_72.pdf-2,AAPL/2013,HUMAN_COMPLETION_REQUIRED,INHERITED_FROZEN,True,False,False
1721,JPM/2008/page_194.pdf-3,JPM/2008,HUMAN_COMPLETION_REQUIRED,INHERITED_FROZEN,True,False,False
1722,ETR/2016/page_24.pdf-2,ETR/2016,DRAFT_COMPLETE,INHERITED_FROZEN,True,True,True
1723,IPG/2015/page_24.pdf-2,IPG/2015,DRAFT_COMPLETE,INHERITED_FROZEN,True,True,True
1724,BLL/2006/page_45.pdf-3,BLL/2006,DRAFT_COMPLETE,INHERITED_FROZEN,True,True,True
1725,MO/2014/page_11.pdf-2,MO/2014,DRAFT_COMPLETE,INHERITED_FROZEN,True,True,True
1726,RL/2011/page_14.pdf-1,RL/2011,DRAFT_COMPLETE,INHERITED_FROZEN,True,True,True
1727,ORLY/2009/page_77.pdf-1,ORLY/2009,DRAFT_COMPLETE,INHERITED_FROZEN,True,True,True
1728,ETR/2013/page_136.pdf-4,ETR/2013,HUMAN_COMPLETION_REQUIRED,INHERITED_FROZEN,True,False,False
1729,DVN/2014/page_112.pdf-3,DVN/2014,HUMAN_COMPLETION_REQUIRED,INHERITED_FROZEN,True,False,False
1730,IP/2014/page_71.pdf-2,IP/2014,DRAFT_COMPLETE,INHERITED_FROZEN,True,True,True
1731,AAPL/2015/page_56.pdf-3,AAPL/2015,DRAFT_COMPLETE,INHERITED_FROZEN,True,True,True
1732,GPN/2015/page_80.pdf-3,GPN/2015,DRAFT_COMPLETE,INHERITED_FROZEN,True,True,True
1733,AAPL/2015/page_24.pdf-1,AAPL/2015,DRAFT_COMPLETE,INHERITED_FROZEN,True,True,True
1734,APTV/2014/page_46.pdf-1,APTV/2014,HUMAN_COMPLETION_REQUIRED,INHERITED_FROZEN,True,False,False
1735,WELL/2016/page_61.pdf-3,WELL/2016,HUMAN_COMPLETION_REQUIRED,INHERITED_FROZEN,True,False,False
1736,HOLX/2006/page_103.pdf-1,HOLX/2006,DRAFT_COMPLETE,INHERITED_FROZEN,True,True,True
1737,ETR/2013/page_15.pdf-1,ETR/2013,DRAFT_COMPLETE,REQUIRES_HUMAN_REDERIVATION,True,True,False
1738,ANSS/2016/page_85.pdf-1,ANSS/2016,DRAFT_COMPLETE,INHERITED_FROZEN,True,True,True
1739,HOLX/2006/page_102.pdf-2,HOLX/2006,HUMAN_COMPLETION_REQUIRED,INHERITED_FROZEN,True,False,False
1740,K/2012/page_80.pdf-1,K/2012,HUMAN_COMPLETION_REQUIRED,INHERITED_FROZEN,True,False,False
1741,EXPD/2017/page_30.pdf-2,EXPD/2017,DRAFT_COMPLETE,INHERITED_FROZEN,True,True,True
1742,DRE/2002/page_30.pdf-2,DRE/2002,DRAFT_COMPLETE,INHERITED_FROZEN,True,True,True
1743,RSG/2015/page_75.pdf-2,RSG/2015,DRAFT_COMPLETE,INHERITED_FROZEN,True,True,True
1744,GPN/2016/page_84.pdf-2,GPN/2016,HUMAN_COMPLETION_REQUIRED,INHERITED_FROZEN,True,False,False
1745,PKG/2001/page_86.pdf-2,PKG/2001,DRAFT_COMPLETE,INHERITED_FROZEN,True,True,True
1746,LLY/2018/page_99.pdf-1,LLY/2018,DRAFT_COMPLETE,INHERITED_FROZEN,True,True,True
1747,ETR/2016/page_315.pdf-4,ETR/2016,HUMAN_COMPLETION_REQUIRED,INHERITED_FROZEN,True,False,False
1748,GPN/2016/page_69.pdf-1,GPN/2016,DRAFT_COMPLETE,INHERITED_FROZEN,True,True,True
1749,RE/2006/page_31.pdf-2,RE/2006,DRAFT_COMPLETE,INHERITED_FROZEN,True,True,True
1750,HWM/2018/page_69.pdf-2,HWM/2018,DRAFT_COMPLETE,INHERITED_FROZEN,True,True,True
1751,JPM/2003/page_24.pdf-1,JPM/2003,HUMAN_COMPLETION_REQUIRED,INHERITED_FROZEN,True,False,False
1752,TSCO/2017/page_68.pdf-1,TSCO/2017,DRAFT_COMPLETE,INHERITED_FROZEN,True,True,True
1753,V/2009/page_89.pdf-1,V/2009,DRAFT_COMPLETE,INHERITED_FROZEN,True,True,True
1754,UNP/2014/page_24.pdf-1,UNP/2014,DRAFT_COMPLETE,INHERITED_FROZEN,True,True,True
1755,UPS/2017/page_31.pdf-1,UPS/2017,DRAFT_COMPLETE,INHERITED_FROZEN,True,True,True
1756,AAPL/2014/page_26.pdf-3,AAPL/2014,DRAFT_COMPLETE,INHERITED_FROZEN,True,True,True
1757,GPN/2008/page_99.pdf-4,GPN/2008,DRAFT_COMPLETE,INHERITED_FROZEN,True,True,True
1758,HOLX/2005/page_27.pdf-2,HOLX/2005,DRAFT_COMPLETE,INHERITED_FROZEN,True,True,True
1759,MAS/2013/page_27.pdf-4,MAS/2013,DRAFT_COMPLETE,INHERITED_FROZEN,True,True,True
1760,CDNS/2007/page_93.pdf-3,CDNS/2007,HUMAN_COMPLETION_REQUIRED,INHERITED_FROZEN,True,False,False
1761,ETR/2004/page_158.pdf-1,ETR/2004,DRAFT_COMPLETE,INHERITED_FROZEN,True,True,True
1762,UNP/2013/page_30.pdf-1,UNP/2013,DRAFT_COMPLETE,INHERITED_FROZEN,True,True,True
1763,ALXN/2007/page_49.pdf-1,ALXN/2007,DRAFT_COMPLETE,INHERITED_FROZEN,True,True,True
1764,HUM/2018/page_46.pdf-1,HUM/2018,DRAFT_COMPLETE,INHERITED_FROZEN,True,True,True
1765,IPG/2015/page_38.pdf-2,IPG/2015,DRAFT_COMPLETE,INHERITED_FROZEN,True,True,True
1766,UNP/2013/page_25.pdf-1,UNP/2013,DRAFT_COMPLETE,INHERITED_FROZEN,True,True,True
1767,ETFC/2007/page_22.pdf-2,ETFC/2007,DRAFT_COMPLETE,INHERITED_FROZEN,True,True,True
1768,EW/2014/page_68.pdf-2,EW/2014,DRAFT_COMPLETE,INHERITED_FROZEN,True,True,True
1769,MRO/2008/page_119.pdf-2,MRO/2008,DRAFT_COMPLETE,INHERITED_FROZEN,True,True,True
1770,C/2009/page_248.pdf-2,C/2009,DRAFT_COMPLETE,INHERITED_FROZEN,True,True,True
1771,AAL/2015/page_187.pdf-1,AAL/2015,DRAFT_COMPLETE,INHERITED_FROZEN,True,True,True
1772,GS/2012/page_177.pdf-3,GS/2012,DRAFT_COMPLETE,INHERITED_FROZEN,True,True,True
1773,KMI/2014/page_18.pdf-2,KMI/2014,DRAFT_COMPLETE,INHERITED_FROZEN,True,True,False
1774,AAPL/2015/page_68.pdf-1,AAPL/2015,DRAFT_COMPLETE,INHERITED_FROZEN,True,True,True
1775,ETFC/2012/page_85.pdf-1,ETFC/2012,HUMAN_COMPLETION_REQUIRED,INHERITED_FROZEN,True,False,False
1776,HIG/2012/page_132.pdf-3,HIG/2012,HUMAN_COMPLETION_REQUIRED,INHERITED_FROZEN,True,False,False
1777,HUM/2018/page_129.pdf-2,HUM/2018,DRAFT_COMPLETE,INHERITED_FROZEN,True,True,True
1778,CB/2008/page_83.pdf-2,CB/2008,DRAFT_COMPLETE,INHERITED_FROZEN,True,True,True
1779,C/2016/page_207.pdf-3,C/2016,DRAFT_COMPLETE,INHERITED_FROZEN,True,True,True
1780,UNP/2008/page_35.pdf-1,UNP/2008,DRAFT_COMPLETE,INHERITED_FROZEN,True,True,True
1781,AES/2010/page_225.pdf-1,AES/2010,DRAFT_COMPLETE,INHERITED_FROZEN,True,True,True
1782,UNP/2008/page_59.pdf-1,UNP/2008,DRAFT_COMPLETE,INHERITED_FROZEN,True,True,True
1783,LMT/2010/page_24.pdf-3,LMT/2010,DRAFT_COMPLETE,INHERITED_FROZEN,True,True,True
1784,GIS/2018/page_59.pdf-2,GIS/2018,DRAFT_COMPLETE,INHERITED_FROZEN,True,True,True
1785,ETR/2008/page_212.pdf-3,ETR/2008,DRAFT_COMPLETE,INHERITED_FROZEN,True,True,True
1786,ORLY/2018/page_30.pdf-4,ORLY/2018,DRAFT_COMPLETE,INHERITED_FROZEN,True,True,True
1787,LMT/2015/page_106.pdf-1,LMT/2015,DRAFT_COMPLETE,INHERITED_FROZEN,True,True,True
1788,LMT/2002/page_33.pdf-1,LMT/2002,DRAFT_COMPLETE,INHERITED_FROZEN,True,True,True
1789,DVN/2013/page_101.pdf-1,DVN/2013,HUMAN_COMPLETION_REQUIRED,INHERITED_FROZEN,True,False,False
1790,ADBE/2013/page_84.pdf-3,ADBE/2013,DRAFT_COMPLETE,REQUIRES_HUMAN_REDERIVATION,True,True,False
1791,C/2016/page_120.pdf-4,C/2016,DRAFT_COMPLETE,INHERITED_FROZEN,True,True,True
1792,LLY/2018/page_75.pdf-3,LLY/2018,HUMAN_COMPLETION_REQUIRED,INHERITED_FROZEN,True,False,False
1793,RSG/2010/page_157.pdf-1,RSG/2010,DRAFT_COMPLETE,INHERITED_FROZEN,True,True,True
1794,DVN/2013/page_78.pdf-1,DVN/2013,HUMAN_COMPLETION_REQUIRED,INHERITED_FROZEN,True,False,False
1795,UPS/2007/page_32.pdf-3,UPS/2007,DRAFT_COMPLETE,INHERITED_FROZEN,True,True,True
1796,V/2013/page_116.pdf-3,V/2013,DRAFT_COMPLETE,INHERITED_FROZEN,True,True,True
1797,MMM/2007/page_90.pdf-1,MMM/2007,DRAFT_COMPLETE,INHERITED_FROZEN,True,True,True
1798,AON/2013/page_54.pdf-4,AON/2013,HUMAN_COMPLETION_REQUIRED,INHERITED_FROZEN,True,False,False
1799,LLY/2008/page_45.pdf-4,LLY/2008,DRAFT_COMPLETE,INHERITED_FROZEN,True,True,True
1800,AAPL/2013/page_78.pdf-1,AAPL/2013,DRAFT_COMPLETE,INHERITED_FROZEN,True,True,True
1801,ETR/2008/page_154.pdf-1,ETR/2008,DRAFT_COMPLETE,REQUIRES_HUMAN_REDERIVATION,True,True,False
1802,ETR/2004/page_185.pdf-3,ETR/2004,HUMAN_COMPLETION_REQUIRED,INHERITED_FROZEN,True,False,False
1803,JPM/2009/page_132.pdf-3,JPM/2009,DRAFT_COMPLETE,INHERITED_FROZEN,True,True,True
1804,MRO/2008/page_70.pdf-4,MRO/2008,HUMAN_COMPLETION_REQUIRED,INHERITED_FROZEN,True,False,False
1805,ETR/2016/page_343.pdf-3,ETR/2016,HUMAN_COMPLETION_REQUIRED,INHERITED_FROZEN,True,False,False
1806,UPS/2017/page_111.pdf-4,UPS/2017,DRAFT_COMPLETE,INHERITED_FROZEN,True,True,True
1807,STT/2009/page_122.pdf-4,STT/2009,DRAFT_COMPLETE,INHERITED_FROZEN,True,True,True
1808,AAL/2015/page_51.pdf-2,AAL/2015,DRAFT_COMPLETE,INHERITED_FROZEN,True,True,True
1809,AES/2001/page_77.pdf-1,AES/2001,DRAFT_COMPLETE,INHERITED_FROZEN,True,True,True
1810,EXPD/2017/page_30.pdf-1,EXPD/2017,DRAFT_COMPLETE,INHERITED_FROZEN,True,True,True
1811,ETR/2017/page_19.pdf-3,ETR/2017,HUMAN_COMPLETION_REQUIRED,INHERITED_FROZEN,True,False,False
1812,HIG/2004/page_67.pdf-2,HIG/2004,DRAFT_COMPLETE,INHERITED_FROZEN,True,True,True
1813,NTAP/2014/page_33.pdf-1,NTAP/2014,DRAFT_COMPLETE,INHERITED_FROZEN,True,True,True
1814,JPM/2016/page_140.pdf-4,JPM/2016,DRAFT_COMPLETE,INHERITED_FROZEN,True,True,True
1815,HOLX/2008/page_145.pdf-1,HOLX/2008,HUMAN_COMPLETION_REQUIRED,INHERITED_FROZEN,True,False,False
1816,DG/2009/page_87.pdf-1,DG/2009,DRAFT_COMPLETE,INHERITED_FROZEN,True,True,True
1817,UPS/2007/page_32.pdf-2,UPS/2007,DRAFT_COMPLETE,INHERITED_FROZEN,True,True,True
1818,JKHY/2018/page_16.pdf-1,JKHY/2018,DRAFT_COMPLETE,INHERITED_FROZEN,True,True,True
1819,ADBE/2014/page_70.pdf-4,ADBE/2014,DRAFT_COMPLETE,INHERITED_FROZEN,True,True,True
1820,INTC/2018/page_105.pdf-2,INTC/2018,HUMAN_COMPLETION_REQUIRED,REQUIRES_HUMAN_REDERIVATION,True,False,False
1821,ETR/2008/page_153.pdf-3,ETR/2008,DRAFT_COMPLETE,INHERITED_FROZEN,True,True,True
1822,PNC/2012/page_98.pdf-1,PNC/2012,DRAFT_COMPLETE,INHERITED_FROZEN,True,True,True
1823,DISCA/2013/page_60.pdf-3,DISCA/2013,DRAFT_COMPLETE,INHERITED_FROZEN,True,True,True
1824,IP/2013/page_101.pdf-2,IP/2013,DRAFT_COMPLETE,INHERITED_FROZEN,True,True,True
1825,IP/2005/page_29.pdf-1,IP/2005,HUMAN_COMPLETION_REQUIRED,INHERITED_FROZEN,True,False,False
1826,VTR/2007/page_97.pdf-2,VTR/2007,DRAFT_COMPLETE,INHERITED_FROZEN,True,True,True
1827,VTR/2006/page_48.pdf-4,VTR/2006,DRAFT_COMPLETE,INHERITED_FROZEN,True,True,True
1828,CDNS/2016/page_76.pdf-2,CDNS/2016,DRAFT_COMPLETE,INHERITED_FROZEN,True,True,True
1829,GS/2017/page_176.pdf-3,GS/2017,DRAFT_COMPLETE,INHERITED_FROZEN,True,True,True
1830,ETR/2017/page_401.pdf-3,ETR/2017,DRAFT_COMPLETE,INHERITED_FROZEN,True,True,True
1831,V/2008/page_165.pdf-1,V/2008,DRAFT_COMPLETE,INHERITED_FROZEN,True,True,True
1832,IPG/2016/page_86.pdf-1,IPG/2016,DRAFT_COMPLETE,INHERITED_FROZEN,True,True,True
1833,GPN/2017/page_72.pdf-2,GPN/2017,DRAFT_COMPLETE,INHERITED_FROZEN,True,True,True
1834,IP/2013/page_70.pdf-2,IP/2013,HUMAN_COMPLETION_REQUIRED,INHERITED_FROZEN,True,False,False
1835,PNC/2007/page_83.pdf-2,PNC/2007,HUMAN_COMPLETION_REQUIRED,INHERITED_FROZEN,True,False,False
1836,IPG/2006/page_41.pdf-2,IPG/2006,DRAFT_COMPLETE,INHERITED_FROZEN,True,True,True
1837,UPS/2015/page_35.pdf-1,UPS/2015,DRAFT_COMPLETE,INHERITED_FROZEN,True,True,True
1838,MRO/2009/page_35.pdf-4,MRO/2009,unknown_not_requested_not_reconstructed,UNKNOWN,False,False,False
1839,CDNS/2007/page_30.pdf-4,CDNS/2007,DRAFT_COMPLETE,INHERITED_FROZEN,True,True,True
1840,STT/2017/page_100.pdf-4,STT/2017,DRAFT_COMPLETE,INHERITED_FROZEN,True,True,True
1841,HWM/2015/page_73.pdf-1,HWM/2015,DRAFT_COMPLETE,INHERITED_FROZEN,True,True,True
1842,DISCA/2011/page_35.pdf-2,DISCA/2011,HUMAN_COMPLETION_REQUIRED,INHERITED_FROZEN,True,False,False
1843,AWK/2012/page_12.pdf-1,AWK/2012,DRAFT_COMPLETE,INHERITED_FROZEN,True,True,True
1844,MAS/2012/page_86.pdf-3,MAS/2012,DRAFT_COMPLETE,INHERITED_FROZEN,True,True,True
1845,AWK/2018/page_131.pdf-1,AWK/2018,DRAFT_COMPLETE,INHERITED_FROZEN,True,True,True
1846,ADBE/2018/page_66.pdf-3,ADBE/2018,DRAFT_COMPLETE,INHERITED_FROZEN,True,True,True
1847,MRO/2008/page_119.pdf-1,MRO/2008,DRAFT_COMPLETE,INHERITED_FROZEN,True,True,True
1848,LLY/2008/page_39.pdf-2,LLY/2008,HUMAN_COMPLETION_REQUIRED,INHERITED_FROZEN,True,False,False
1849,MRO/2004/page_57.pdf-4,MRO/2004,HUMAN_COMPLETION_REQUIRED,INHERITED_FROZEN,True,False,False
1850,ETR/2004/page_261.pdf-4,ETR/2004,DRAFT_COMPLETE,INHERITED_FROZEN,True,True,True
1851,UPS/2010/page_33.pdf-4,UPS/2010,DRAFT_COMPLETE,INHERITED_FROZEN,True,True,True
1852,ETR/2004/page_86.pdf-2,ETR/2004,DRAFT_COMPLETE,INHERITED_FROZEN,True,True,True
1853,C/2008/page_26.pdf-1,C/2008,DRAFT_COMPLETE,INHERITED_FROZEN,True,True,True
1854,WRK/2019/page_31.pdf-2,WRK/2019,DRAFT_COMPLETE,INHERITED_FROZEN,True,True,True
1855,RSG/2013/page_69.pdf-2,RSG/2013,HUMAN_COMPLETION_REQUIRED,INHERITED_FROZEN,True,False,False
1856,MRO/2009/page_32.pdf-2,MRO/2009,DRAFT_COMPLETE,INHERITED_FROZEN,True,True,True
1857,SLG/2013/page_133.pdf-3,SLG/2013,HUMAN_COMPLETION_REQUIRED,INHERITED_FROZEN,True,False,False
1858,AMAT/2015/page_31.pdf-2,AMAT/2015,HUMAN_COMPLETION_REQUIRED,INHERITED_FROZEN,True,False,False
1859,HFC/2011/page_85.pdf-1,HFC/2011,DRAFT_COMPLETE,INHERITED_FROZEN,True,True,True
1860,C/2009/page_42.pdf-1,C/2009,DRAFT_COMPLETE,INHERITED_FROZEN,True,True,True
1861,PPG/2005/page_20.pdf-1,PPG/2005,DRAFT_COMPLETE,INHERITED_FROZEN,True,True,True
1862,ETR/2009/page_107.pdf-3,ETR/2009,HUMAN_COMPLETION_REQUIRED,INHERITED_FROZEN,True,False,False
1863,AAPL/2015/page_68.pdf-2,AAPL/2015,DRAFT_COMPLETE,INHERITED_FROZEN,True,True,True
1864,BLK/2009/page_98.pdf-1,BLK/2009,DRAFT_COMPLETE,INHERITED_FROZEN,True,True,True
1865,ETR/2008/page_343.pdf-1,ETR/2008,DRAFT_COMPLETE,INHERITED_FROZEN,True,True,True
1866,ETR/2004/page_159.pdf-3,ETR/2004,DRAFT_COMPLETE,INHERITED_FROZEN,True,True,True
1867,MMM/2007/page_58.pdf-1,MMM/2007,DRAFT_COMPLETE,INHERITED_FROZEN,True,True,True
1868,AON/2009/page_70.pdf-1,AON/2009,DRAFT_COMPLETE,INHERITED_FROZEN,True,True,True
1869,GIS/2019/page_53.pdf-2,GIS/2019,DRAFT_COMPLETE,INHERITED_FROZEN,True,True,True
1870,AWK/2013/page_12.pdf-2,AWK/2013,DRAFT_COMPLETE,INHERITED_FROZEN,True,True,True
1871,BLK/2017/page_87.pdf-2,BLK/2017,DRAFT_COMPLETE,INHERITED_FROZEN,True,True,True
1872,GS/2016/page_81.pdf-1,GS/2016,DRAFT_COMPLETE,INHERITED_FROZEN,True,True,True
1873,ETR/2008/page_343.pdf-2,ETR/2008,DRAFT_COMPLETE,INHERITED_FROZEN,True,True,True
1874,ETFC/2007/page_116.pdf-3,ETFC/2007,DRAFT_COMPLETE,INHERITED_FROZEN,True,True,True
1875,AMAT/2016/page_30.pdf-1,AMAT/2016,DRAFT_COMPLETE,INHERITED_FROZEN,True,True,False
1876,BLL/2011/page_29.pdf-2,BLL/2011,DRAFT_COMPLETE,INHERITED_FROZEN,True,True,True
1877,C/2008/page_105.pdf-3,C/2008,DRAFT_COMPLETE,INHERITED_FROZEN,True,True,True
1878,GPN/2009/page_69.pdf-1,GPN/2009,DRAFT_COMPLETE,INHERITED_FROZEN,True,True,True
1879,ADI/2010/page_50.pdf-1,ADI/2010,DRAFT_COMPLETE,INHERITED_FROZEN,True,True,True
1880,JPM/2008/page_41.pdf-2,JPM/2008,DRAFT_COMPLETE,INHERITED_FROZEN,True,True,True
1881,MAS/2013/page_27.pdf-1,MAS/2013,DRAFT_COMPLETE,INHERITED_FROZEN,True,True,True
1882,HIG/2013/page_212.pdf-2,HIG/2013,DRAFT_COMPLETE,INHERITED_FROZEN,True,True,True
1883,PNC/2011/page_74.pdf-3,PNC/2011,HUMAN_COMPLETION_REQUIRED,INHERITED_FROZEN,True,False,False
1884,UNP/2010/page_79.pdf-2,UNP/2010,DRAFT_COMPLETE,INHERITED_FROZEN,True,True,True
1885,HUM/2005/page_18.pdf-3,HUM/2005,DRAFT_COMPLETE,INHERITED_FROZEN,True,True,True
1886,AMT/2012/page_121.pdf-2,AMT/2012,DRAFT_COMPLETE,INHERITED_FROZEN,True,True,True
1887,ADBE/2014/page_87.pdf-1,ADBE/2014,HUMAN_COMPLETION_REQUIRED,INHERITED_FROZEN,True,False,False
1888,UA/2015/page_77.pdf-1,UA/2015,DRAFT_COMPLETE,INHERITED_FROZEN,True,True,True
1889,RSG/2015/page_75.pdf-1,RSG/2015,DRAFT_COMPLETE,INHERITED_FROZEN,True,True,True
1890,AMAT/2015/page_14.pdf-1,AMAT/2015,DRAFT_COMPLETE,INHERITED_FROZEN,True,True,True
1891,IPG/2016/page_46.pdf-2,IPG/2016,DRAFT_COMPLETE,INHERITED_FROZEN,True,True,True
1892,VNO/2008/page_183.pdf-2,VNO/2008,DRAFT_COMPLETE,INHERITED_FROZEN,True,True,True
1893,AES/2011/page_230.pdf-2,AES/2011,DRAFT_COMPLETE,INHERITED_FROZEN,True,True,True
1894,LMT/2015/page_106.pdf-2,LMT/2015,DRAFT_COMPLETE,INHERITED_FROZEN,True,True,True
1895,ILMN/2007/page_84.pdf-1,ILMN/2007,DRAFT_COMPLETE,INHERITED_FROZEN,True,True,True
1896,SLG/2002/page_56.pdf-1,SLG/2002,HUMAN_COMPLETION_REQUIRED,INHERITED_FROZEN,True,False,False
1897,ETR/2004/page_186.pdf-2,ETR/2004,HUMAN_COMPLETION_REQUIRED,INHERITED_FROZEN,True,False,False
1898,IP/2013/page_61.pdf-2,IP/2013,DRAFT_COMPLETE,INHERITED_FROZEN,True,True,True
1899,ETR/2008/page_313.pdf-1,ETR/2008,HUMAN_COMPLETION_REQUIRED,REQUIRES_HUMAN_REDERIVATION,True,False,False
1900,AMAT/2015/page_31.pdf-4,AMAT/2015,HUMAN_COMPLETION_REQUIRED,INHERITED_FROZEN,True,False,False
1901,C/2008/page_207.pdf-3,C/2008,DRAFT_COMPLETE,INHERITED_FROZEN,True,True,True
1902,MRO/2009/page_138.pdf-2,MRO/2009,HUMAN_COMPLETION_REQUIRED,INHERITED_FROZEN,True,False,False
1903,GPN/2015/page_83.pdf-4,GPN/2015,DRAFT_COMPLETE,INHERITED_FROZEN,True,True,False
1904,AES/2011/page_131.pdf-4,AES/2011,DRAFT_COMPLETE,INHERITED_FROZEN,True,True,True
1905,AES/2017/page_168.pdf-4,AES/2017,HUMAN_COMPLETION_REQUIRED,INHERITED_FROZEN,True,False,False
1906,AWK/2017/page_154.pdf-3,AWK/2017,DRAFT_COMPLETE,INHERITED_FROZEN,True,True,False
1907,AAL/2014/page_80.pdf-3,AAL/2014,DRAFT_COMPLETE,INHERITED_FROZEN,True,True,True
1908,PNC/2007/page_107.pdf-2,PNC/2007,HUMAN_COMPLETION_REQUIRED,INHERITED_FROZEN,True,False,False
1909,HWM/2017/page_77.pdf-2,HWM/2017,DRAFT_COMPLETE,INHERITED_FROZEN,True,True,True
1910,RCL/2005/page_40.pdf-3,RCL/2005,DRAFT_COMPLETE,INHERITED_FROZEN,True,True,True
1911,TFX/2015/page_42.pdf-2,TFX/2015,DRAFT_COMPLETE,INHERITED_FROZEN,True,True,True
1912,MMM/2005/page_53.pdf-1,MMM/2005,DRAFT_COMPLETE,INHERITED_FROZEN,True,True,True
1913,OKE/2007/page_51.pdf-2,OKE/2007,DRAFT_COMPLETE,INHERITED_FROZEN,True,True,True
1914,AWK/2015/page_127.pdf-3,AWK/2015,DRAFT_COMPLETE,INHERITED_FROZEN,True,True,True
1915,ETR/2008/page_435.pdf-2,ETR/2008,DRAFT_COMPLETE,INHERITED_FROZEN,True,True,True
1916,GPN/2008/page_95.pdf-2,GPN/2008,DRAFT_COMPLETE,INHERITED_FROZEN,True,True,True
1917,RL/2009/page_22.pdf-2,RL/2009,DRAFT_COMPLETE,INHERITED_FROZEN,True,True,True
1918,DRE/2010/page_59.pdf-1,DRE/2010,DRAFT_COMPLETE,INHERITED_FROZEN,True,True,True
1919,IP/2014/page_65.pdf-1,IP/2014,HUMAN_COMPLETION_REQUIRED,INHERITED_FROZEN,True,False,False
1920,CB/2008/page_217.pdf-1,CB/2008,HUMAN_COMPLETION_REQUIRED,INHERITED_FROZEN,True,False,False
1921,ETR/2004/page_159.pdf-1,ETR/2004,HUMAN_COMPLETION_REQUIRED,INHERITED_FROZEN,True,False,False
1922,UNP/2008/page_34.pdf-2,UNP/2008,DRAFT_COMPLETE,INHERITED_FROZEN,True,True,True
1923,ETR/2008/page_266.pdf-2,ETR/2008,HUMAN_COMPLETION_REQUIRED,INHERITED_FROZEN,True,False,False
1924,MRO/2013/page_40.pdf-1,MRO/2013,DRAFT_COMPLETE,INHERITED_FROZEN,True,True,True
1925,DVN/2012/page_100.pdf-2,DVN/2012,HUMAN_COMPLETION_REQUIRED,INHERITED_FROZEN,True,False,False
1926,GS/2016/page_161.pdf-2,GS/2016,DRAFT_COMPLETE,INHERITED_FROZEN,True,True,True
1927,ZBH/2009/page_71.pdf-2,ZBH/2009,HUMAN_COMPLETION_REQUIRED,INHERITED_FROZEN,True,False,False
1928,ALLE/2017/page_44.pdf-2,ALLE/2017,DRAFT_COMPLETE,INHERITED_FROZEN,True,True,True
1929,UNP/2013/page_73.pdf-2,UNP/2013,HUMAN_COMPLETION_REQUIRED,INHERITED_FROZEN,True,False,False
1930,CME/2010/page_45.pdf-4,CME/2010,DRAFT_COMPLETE,INHERITED_FROZEN,True,True,True
1931,GS/2014/page_134.pdf-4,GS/2014,DRAFT_COMPLETE,INHERITED_FROZEN,True,True,True
1932,RCL/2017/page_38.pdf-3,RCL/2017,DRAFT_COMPLETE,INHERITED_FROZEN,True,True,True
1933,ADI/2019/page_77.pdf-1,ADI/2019,DRAFT_COMPLETE,INHERITED_FROZEN,True,True,True
1934,IPG/2015/page_24.pdf-1,IPG/2015,DRAFT_COMPLETE,INHERITED_FROZEN,True,True,True
1935,AMAT/2015/page_14.pdf-2,AMAT/2015,DRAFT_COMPLETE,INHERITED_FROZEN,True,True,True
1936,ETR/2017/page_477.pdf-2,ETR/2017,DRAFT_COMPLETE,INHERITED_FROZEN,True,True,True
1937,UNP/2014/page_80.pdf-1,UNP/2014,DRAFT_COMPLETE,INHERITED_FROZEN,True,True,True
1938,AAL/2015/page_131.pdf-4,AAL/2015,DRAFT_COMPLETE,INHERITED_FROZEN,True,True,True
1939,AAL/2015/page_51.pdf-1,AAL/2015,DRAFT_COMPLETE,INHERITED_FROZEN,True,True,True
1940,BLL/2006/page_45.pdf-4,BLL/2006,HUMAN_COMPLETION_REQUIRED,INHERITED_FROZEN,True,False,False
1941,ZBH/2018/page_61.pdf-2,ZBH/2018,DRAFT_COMPLETE,REQUIRES_HUMAN_REDERIVATION,True,True,False
1942,AES/2001/page_42.pdf-3,AES/2001,HUMAN_COMPLETION_REQUIRED,INHERITED_FROZEN,True,False,False
1943,AAPL/2014/page_67.pdf-2,AAPL/2014,DRAFT_COMPLETE,INHERITED_FROZEN,True,True,True
1944,BKNG/2015/page_38.pdf-4,BKNG/2015,DRAFT_COMPLETE,INHERITED_FROZEN,True,True,True
1945,PKG/2009/page_63.pdf-3,PKG/2009,DRAFT_COMPLETE,INHERITED_FROZEN,True,True,True
1946,PKG/2004/page_23.pdf-3,PKG/2004,DRAFT_COMPLETE,INHERITED_FROZEN,True,True,True
1947,BLL/2006/page_45.pdf-2,BLL/2006,DRAFT_COMPLETE,INHERITED_FROZEN,True,True,True
1948,INTC/2013/page_71.pdf-3,INTC/2013,DRAFT_COMPLETE,INHERITED_FROZEN,True,True,True
1949,ORLY/2017/page_30.pdf-2,ORLY/2017,DRAFT_COMPLETE,INHERITED_FROZEN,True,True,False
1950,ETR/2017/page_343.pdf-1,ETR/2017,HUMAN_COMPLETION_REQUIRED,INHERITED_FROZEN,True,False,False
1951,GPN/2016/page_29.pdf-2,GPN/2016,DRAFT_COMPLETE,INHERITED_FROZEN,True,True,True
1952,GPN/2017/page_30.pdf-3,GPN/2017,DRAFT_COMPLETE,INHERITED_FROZEN,True,True,False
1953,MRO/2013/page_49.pdf-3,MRO/2013,HUMAN_COMPLETION_REQUIRED,INHERITED_FROZEN,True,False,False
1954,RSG/2018/page_13.pdf-2,RSG/2018,DRAFT_COMPLETE,INHERITED_FROZEN,True,True,True
1955,ETR/2008/page_33.pdf-1,ETR/2008,DRAFT_COMPLETE,INHERITED_FROZEN,True,True,True
1956,LMT/2015/page_55.pdf-1,LMT/2015,DRAFT_COMPLETE,INHERITED_FROZEN,True,True,True
1957,ETR/2016/page_315.pdf-1,ETR/2016,HUMAN_COMPLETION_REQUIRED,INHERITED_FROZEN,True,False,False
1958,KMI/2010/page_164.pdf-3,KMI/2010,DRAFT_COMPLETE,INHERITED_FROZEN,True,True,True
1959,MRO/2009/page_35.pdf-2,MRO/2009,DRAFT_COMPLETE,INHERITED_FROZEN,True,True,True
1960,DRE/2007/page_39.pdf-4,DRE/2007,DRAFT_COMPLETE,INHERITED_FROZEN,True,True,True
1961,IPG/2017/page_49.pdf-4,IPG/2017,DRAFT_COMPLETE,INHERITED_FROZEN,True,True,True
1962,IPG/2014/page_23.pdf-1,IPG/2014,DRAFT_COMPLETE,INHERITED_FROZEN,True,True,True
1963,SWKS/2011/page_112.pdf-1,SWKS/2011,DRAFT_COMPLETE,INHERITED_FROZEN,True,True,True
1964,RE/2010/page_120.pdf-2,RE/2010,DRAFT_COMPLETE,INHERITED_FROZEN,True,True,True
1965,ETR/2008/page_376.pdf-3,ETR/2008,HUMAN_COMPLETION_REQUIRED,INHERITED_FROZEN,True,False,False
1966,ETR/2004/page_160.pdf-4,ETR/2004,HUMAN_COMPLETION_REQUIRED,INHERITED_FROZEN,True,False,False
1967,HOLX/2011/page_127.pdf-2,HOLX/2011,HUMAN_COMPLETION_REQUIRED,INHERITED_FROZEN,True,False,False
1968,VNO/2005/page_69.pdf-2,VNO/2005,DRAFT_COMPLETE,INHERITED_FROZEN,True,True,True
1969,RL/2009/page_22.pdf-1,RL/2009,DRAFT_COMPLETE,INHERITED_FROZEN,True,True,True
1970,MA/2009/page_115.pdf-4,MA/2009,DRAFT_COMPLETE,INHERITED_FROZEN,True,True,True
1971,SNA/2013/page_93.pdf-4,SNA/2013,DRAFT_COMPLETE,INHERITED_FROZEN,True,True,True
1972,HUM/2018/page_129.pdf-1,HUM/2018,DRAFT_COMPLETE,INHERITED_FROZEN,True,True,True
1973,ETR/2015/page_18.pdf-1,ETR/2015,HUMAN_COMPLETION_REQUIRED,INHERITED_FROZEN,True,False,False
1974,LMT/2010/page_36.pdf-2,LMT/2010,HUMAN_COMPLETION_REQUIRED,INHERITED_FROZEN,True,False,False
1975,GPN/2009/page_68.pdf-1,GPN/2009,DRAFT_COMPLETE,INHERITED_FROZEN,True,True,True
1976,NKE/2015/page_37.pdf-1,NKE/2015,DRAFT_COMPLETE,INHERITED_FROZEN,True,True,True
1977,ETFC/2007/page_22.pdf-1,ETFC/2007,DRAFT_COMPLETE,INHERITED_FROZEN,True,True,True
1978,AWK/2014/page_122.pdf-1,AWK/2014,DRAFT_COMPLETE,INHERITED_FROZEN,True,True,True
1979,UNP/2008/page_71.pdf-3,UNP/2008,DRAFT_COMPLETE,INHERITED_FROZEN,True,True,True
1980,EMN/2007/page_111.pdf-2,EMN/2007,DRAFT_COMPLETE,INHERITED_FROZEN,True,True,True
1981,MO/2017/page_79.pdf-1,MO/2017,DRAFT_COMPLETE,INHERITED_FROZEN,True,True,True
1982,UNP/2009/page_26.pdf-2,UNP/2009,DRAFT_COMPLETE,INHERITED_FROZEN,True,True,True
1983,APTV/2015/page_47.pdf-3,APTV/2015,DRAFT_COMPLETE,INHERITED_FROZEN,True,True,True
1984,UNP/2015/page_76.pdf-2,UNP/2015,DRAFT_COMPLETE,INHERITED_FROZEN,True,True,True
1985,VLO/2012/page_27.pdf-2,VLO/2012,DRAFT_COMPLETE,INHERITED_FROZEN,True,True,True
1986,BLK/2008/page_75.pdf-3,BLK/2008,DRAFT_COMPLETE,INHERITED_FROZEN,True,True,True
1987,BLK/2013/page_29.pdf-3,BLK/2013,HUMAN_COMPLETION_REQUIRED,INHERITED_FROZEN,True,False,False
1988,ANSS/2016/page_85.pdf-2,ANSS/2016,DRAFT_COMPLETE,INHERITED_FROZEN,True,True,True
1989,IP/2015/page_44.pdf-3,IP/2015,DRAFT_COMPLETE,INHERITED_FROZEN,True,True,True
1990,UNP/2013/page_29.pdf-2,UNP/2013,DRAFT_COMPLETE,INHERITED_FROZEN,True,True,True
1991,MO/2014/page_76.pdf-1,MO/2014,DRAFT_COMPLETE,INHERITED_FROZEN,True,True,True
1992,UNP/2013/page_29.pdf-3,UNP/2013,DRAFT_COMPLETE,INHERITED_FROZEN,True,True,True
1993,IP/2007/page_38.pdf-3,IP/2007,DRAFT_COMPLETE,INHERITED_FROZEN,True,True,True
1994,UNP/2011/page_56.pdf-3,UNP/2011,DRAFT_COMPLETE,INHERITED_FROZEN,True,True,True
1995,BLK/2016/page_35.pdf-3,BLK/2016,DRAFT_COMPLETE,INHERITED_FROZEN,True,True,True
1996,APTV/2018/page_36.pdf-3,APTV/2018,DRAFT_COMPLETE,INHERITED_FROZEN,True,True,True
1997,UNP/2015/page_76.pdf-3,UNP/2015,DRAFT_COMPLETE,INHERITED_FROZEN,True,True,True
1998,AAP/2013/page_32.pdf-3,AAP/2013,DRAFT_COMPLETE,INHERITED_FROZEN,True,True,False
1999,SNPS/2006/page_68.pdf-3,SNPS/2006,DRAFT_COMPLETE,INHERITED_FROZEN,True,True,True
2000,UNP/2015/page_80.pdf-3,UNP/2015,DRAFT_COMPLETE,INHERITED_FROZEN,True,True,True
2001,CAT/2017/page_113.pdf-3,CAT/2017,DRAFT_COMPLETE,INHERITED_FROZEN,True,True,True
2002,UNP/2011/page_35.pdf-3,UNP/2011,DRAFT_COMPLETE,INHERITED_FROZEN,True,True,True
2003,UNP/2015/page_31.pdf-2,UNP/2015,DRAFT_COMPLETE,INHERITED_FROZEN,True,True,True
2004,IP/2013/page_70.pdf-3,IP/2013,DRAFT_COMPLETE,INHERITED_FROZEN,True,True,True
2005,UNP/2010/page_79.pdf-3,UNP/2010,DRAFT_COMPLETE,INHERITED_FROZEN,True,True,True
2006,APTV/2015/page_50.pdf-3,APTV/2015,DRAFT_COMPLETE,INHERITED_FROZEN,True,True,True
2007,BKR/2018/page_59.pdf-3,BKR/2018,DRAFT_COMPLETE,INHERITED_FROZEN,True,True,True
2008,UNP/2008/page_71.pdf-4,UNP/2008,DRAFT_COMPLETE,INHERITED_FROZEN,True,True,True
2009,UNP/2010/page_33.pdf-2,UNP/2010,DRAFT_COMPLETE,INHERITED_FROZEN,True,True,True
2010,PPG/2018/page_60.pdf-3,PPG/2018,DRAFT_COMPLETE,INHERITED_FROZEN,True,True,True
2011,APTV/2014/page_46.pdf-3,APTV/2014,DRAFT_COMPLETE,INHERITED_FROZEN,True,True,True
2012,IP/2013/page_65.pdf-2,IP/2013,HUMAN_COMPLETION_REQUIRED,INHERITED_FROZEN,True,False,False
2013,IP/2007/page_34.pdf-1,IP/2007,DRAFT_COMPLETE,INHERITED_FROZEN,True,True,True
2014,UNP/2008/page_81.pdf-2,UNP/2008,HUMAN_COMPLETION_REQUIRED,INHERITED_FROZEN,True,False,False
2015,BLK/2012/page_31.pdf-3,BLK/2012,DRAFT_COMPLETE,INHERITED_FROZEN,True,True,True
2016,PPG/2005/page_20.pdf-3,PPG/2005,DRAFT_COMPLETE,INHERITED_FROZEN,True,True,True
2017,BKR/2018/page_52.pdf-1,BKR/2018,HUMAN_COMPLETION_REQUIRED,INHERITED_FROZEN,True,False,False
2018,IP/2012/page_98.pdf-2,IP/2012,DRAFT_COMPLETE,INHERITED_FROZEN,True,True,False
2019,APTV/2018/page_34.pdf-3,APTV/2018,HUMAN_COMPLETION_REQUIRED,INHERITED_FROZEN,True,False,False
2020,UNP/2013/page_35.pdf-2,UNP/2013,DRAFT_COMPLETE,INHERITED_FROZEN,True,True,True
2021,IP/2007/page_30.pdf-3,IP/2007,HUMAN_COMPLETION_REQUIRED,INHERITED_FROZEN,True,False,False
2022,BLK/2012/page_32.pdf-3,BLK/2012,HUMAN_COMPLETION_REQUIRED,INHERITED_FROZEN,True,False,False
2023,IP/2005/page_29.pdf-3,IP/2005,HUMAN_COMPLETION_REQUIRED,INHERITED_FROZEN,True,False,False
2024,CMCSA/2015/page_70.pdf-1,CMCSA/2015,DRAFT_COMPLETE,INHERITED_FROZEN,True,True,True
2025,UNP/2012/page_47.pdf-2,UNP/2012,DRAFT_COMPLETE,INHERITED_FROZEN,True,True,True
2026,IP/2013/page_64.pdf-3,IP/2013,HUMAN_COMPLETION_REQUIRED,INHERITED_FROZEN,True,False,False
2027,UNP/2017/page_23.pdf-3,UNP/2017,DRAFT_COMPLETE,INHERITED_FROZEN,True,True,True
2028,MO/2017/page_10.pdf-3,MO/2017,DRAFT_COMPLETE,INHERITED_FROZEN,True,True,True
2029,UNP/2010/page_24.pdf-3,UNP/2010,HUMAN_COMPLETION_REQUIRED,INHERITED_FROZEN,True,False,False
2030,UNP/2008/page_32.pdf-2,UNP/2008,HUMAN_COMPLETION_REQUIRED,INHERITED_FROZEN,True,False,False
2031,UNP/2014/page_30.pdf-3,UNP/2014,HUMAN_COMPLETION_REQUIRED,INHERITED_FROZEN,True,False,False
2032,PPG/2018/page_20.pdf-2,PPG/2018,HUMAN_COMPLETION_REQUIRED,INHERITED_FROZEN,True,False,False
2033,UNP/2015/page_80.pdf-4,UNP/2015,HUMAN_COMPLETION_REQUIRED,INHERITED_FROZEN,True,False,False
2034,UNP/2008/page_81.pdf-3,UNP/2008,DRAFT_COMPLETE,INHERITED_FROZEN,True,True,True
2035,MO/2014/page_11.pdf-3,MO/2014,DRAFT_COMPLETE,INHERITED_FROZEN,True,True,True
2036,UNP/2008/page_59.pdf-3,UNP/2008,DRAFT_COMPLETE,INHERITED_FROZEN,True,True,True
2037,UNP/2011/page_78.pdf-3,UNP/2011,DRAFT_COMPLETE,INHERITED_FROZEN,True,True,True
2038,UNP/2009/page_26.pdf-3,UNP/2009,DRAFT_COMPLETE,INHERITED_FROZEN,True,True,True
2039,EXPD/2017/page_30.pdf-3,EXPD/2017,DRAFT_COMPLETE,INHERITED_FROZEN,True,True,True
2040,IP/2005/page_28.pdf-3,IP/2005,HUMAN_COMPLETION_REQUIRED,INHERITED_FROZEN,True,False,False
2041,MO/2016/page_76.pdf-2,MO/2016,DRAFT_COMPLETE,INHERITED_FROZEN,True,True,True
2042,UNP/2014/page_16.pdf-3,UNP/2014,DRAFT_COMPLETE,INHERITED_FROZEN,True,True,True
2043,IP/2015/page_46.pdf-3,IP/2015,DRAFT_COMPLETE,INHERITED_FROZEN,True,True,True
2044,SNPS/2006/page_73.pdf-2,SNPS/2006,HUMAN_COMPLETION_REQUIRED,INHERITED_FROZEN,True,False,False
2045,BKR/2017/page_49.pdf-2,BKR/2017,DRAFT_COMPLETE,INHERITED_FROZEN,True,True,True
2046,UNP/2009/page_89.pdf-3,UNP/2009,DRAFT_COMPLETE,INHERITED_FROZEN,True,True,True
2047,UNP/2014/page_14.pdf-3,UNP/2014,DRAFT_COMPLETE,INHERITED_FROZEN,True,True,True
2048,IP/2012/page_55.pdf-4,IP/2012,HUMAN_COMPLETION_REQUIRED,INHERITED_FROZEN,True,False,False
2049,IP/2014/page_101.pdf-3,IP/2014,DRAFT_COMPLETE,INHERITED_FROZEN,True,True,True
2050,UNP/2009/page_38.pdf-3,UNP/2009,DRAFT_COMPLETE,INHERITED_FROZEN,True,True,True
2051,AAP/2011/page_16.pdf-3,AAP/2011,DRAFT_COMPLETE,INHERITED_FROZEN,True,True,True
2052,IP/2013/page_61.pdf-3,IP/2013,HUMAN_COMPLETION_REQUIRED,INHERITED_FROZEN,True,False,False
2053,IP/2012/page_57.pdf-4,IP/2012,DRAFT_COMPLETE,INHERITED_FROZEN,True,True,True
2054,UNP/2012/page_55.pdf-3,UNP/2012,DRAFT_COMPLETE,INHERITED_FROZEN,True,True,True
2055,ADI/2012/page_65.pdf-3,ADI/2012,HUMAN_COMPLETION_REQUIRED,INHERITED_FROZEN,True,False,False
2056,SNPS/2006/page_73.pdf-1,SNPS/2006,HUMAN_COMPLETION_REQUIRED,INHERITED_FROZEN,True,False,False
2057,VLO/2013/page_24.pdf-2,VLO/2013,DRAFT_COMPLETE,INHERITED_FROZEN,True,True,True
2058,UNP/2008/page_32.pdf-1,UNP/2008,HUMAN_COMPLETION_REQUIRED,INHERITED_FROZEN,True,False,False
2059,TFX/2014/page_44.pdf-3,TFX/2014,DRAFT_COMPLETE,INHERITED_FROZEN,True,True,False
2060,UNP/2011/page_25.pdf-3,UNP/2011,HUMAN_COMPLETION_REQUIRED,INHERITED_FROZEN,True,False,False
2061,BLK/2012/page_31.pdf-4,BLK/2012,DRAFT_COMPLETE,INHERITED_FROZEN,True,True,True
2062,IP/2014/page_66.pdf-3,IP/2014,DRAFT_COMPLETE,INHERITED_FROZEN,True,True,False
2063,ABMD/2015/page_93.pdf-3,ABMD/2015,DRAFT_COMPLETE,INHERITED_FROZEN,True,True,True
2064,IP/2013/page_105.pdf-1,IP/2013,DRAFT_COMPLETE,INHERITED_FROZEN,True,True,True
2065,BLK/2012/page_82.pdf-3,BLK/2012,DRAFT_COMPLETE,INHERITED_FROZEN,True,True,True
2066,UNP/2012/page_23.pdf-3,UNP/2012,DRAFT_COMPLETE,INHERITED_FROZEN,True,True,True
2067,UNP/2009/page_25.pdf-3,UNP/2009,DRAFT_COMPLETE,INHERITED_FROZEN,True,True,True
2068,UNP/2017/page_74.pdf-3,UNP/2017,DRAFT_COMPLETE,INHERITED_FROZEN,True,True,True
2069,ABMD/2011/page_33.pdf-3,ABMD/2011,DRAFT_COMPLETE,INHERITED_FROZEN,True,True,True
2070,UNP/2007/page_79.pdf-2,UNP/2007,DRAFT_COMPLETE,INHERITED_FROZEN,True,True,True
2071,IP/2018/page_50.pdf-3,IP/2018,HUMAN_COMPLETION_REQUIRED,INHERITED_FROZEN,True,False,False
2072,BDX/2017/page_28.pdf-1,BDX/2017,DRAFT_COMPLETE,INHERITED_FROZEN,True,True,False
2073,PPG/2018/page_54.pdf-3,PPG/2018,DRAFT_COMPLETE,INHERITED_FROZEN,True,True,True
2074,UNP/2013/page_24.pdf-2,UNP/2013,DRAFT_COMPLETE,INHERITED_FROZEN,True,True,True
2075,UNP/2015/page_31.pdf-1,UNP/2015,DRAFT_COMPLETE,INHERITED_FROZEN,True,True,True
2076,BLK/2014/page_33.pdf-3,BLK/2014,DRAFT_COMPLETE,INHERITED_FROZEN,True,True,True
2077,UNP/2012/page_79.pdf-3,UNP/2012,HUMAN_COMPLETION_REQUIRED,INHERITED_FROZEN,True,False,False
2078,UNP/2014/page_80.pdf-2,UNP/2014,HUMAN_COMPLETION_REQUIRED,INHERITED_FROZEN,True,False,False
2079,UNP/2010/page_33.pdf-1,UNP/2010,DRAFT_COMPLETE,REQUIRES_HUMAN_REDERIVATION,True,True,False
2080,IP/2012/page_84.pdf-1,IP/2012,DRAFT_COMPLETE,INHERITED_FROZEN,True,True,True
2081,TFX/2014/page_44.pdf-4,TFX/2014,DRAFT_COMPLETE,INHERITED_FROZEN,True,True,True
2082,APTV/2014/page_46.pdf-4,APTV/2014,HUMAN_COMPLETION_REQUIRED,INHERITED_FROZEN,True,False,False
2083,PPG/2015/page_40.pdf-3,PPG/2015,DRAFT_COMPLETE,INHERITED_FROZEN,True,True,True
2084,UNP/2010/page_55.pdf-3,UNP/2010,unknown_not_requested_not_reconstructed,UNKNOWN,False,False,False
2085,BDX/2016/page_62.pdf-2,BDX/2016,DRAFT_COMPLETE,INHERITED_FROZEN,True,True,True
2086,UNP/2010/page_75.pdf-2,UNP/2010,DRAFT_COMPLETE,INHERITED_FROZEN,True,True,True
2087,UNP/2013/page_35.pdf-3,UNP/2013,DRAFT_COMPLETE,INHERITED_FROZEN,True,True,True
2088,UNP/2014/page_56.pdf-3,UNP/2014,DRAFT_COMPLETE,INHERITED_FROZEN,True,True,True
2089,VLO/2012/page_27.pdf-3,VLO/2012,DRAFT_COMPLETE,INHERITED_FROZEN,True,True,False
2090,CMCSA/2008/page_56.pdf-1,CMCSA/2008,HUMAN_COMPLETION_REQUIRED,INHERITED_FROZEN,True,False,False
2091,UNP/2010/page_25.pdf-2,UNP/2010,DRAFT_COMPLETE,INHERITED_FROZEN,True,True,True
2092,ANSS/2016/page_85.pdf-3,ANSS/2016,DRAFT_COMPLETE,INHERITED_FROZEN,True,True,True
2093,UNP/2008/page_83.pdf-3,UNP/2008,DRAFT_COMPLETE,INHERITED_FROZEN,True,True,True
2094,BLK/2016/page_75.pdf-3,BLK/2016,DRAFT_COMPLETE,INHERITED_FROZEN,True,True,True
2095,ABMD/2011/page_33.pdf-4,ABMD/2011,DRAFT_COMPLETE,INHERITED_FROZEN,True,True,True
2096,UNP/2008/page_83.pdf-4,UNP/2008,DRAFT_COMPLETE,INHERITED_FROZEN,True,True,True
2097,IP/2013/page_62.pdf-4,IP/2013,DRAFT_COMPLETE,INHERITED_FROZEN,True,True,True
2098,UNP/2011/page_25.pdf-4,UNP/2011,DRAFT_COMPLETE,INHERITED_FROZEN,True,True,True
2099,UNP/2008/page_26.pdf-3,UNP/2008,DRAFT_COMPLETE,INHERITED_FROZEN,True,True,True
2100,PPG/2015/page_40.pdf-4,PPG/2015,DRAFT_COMPLETE,INHERITED_FROZEN,True,True,True
2101,IP/2016/page_52.pdf-3,IP/2016,DRAFT_COMPLETE,INHERITED_FROZEN,True,True,True
2102,AAP/2012/page_61.pdf-3,AAP/2012,DRAFT_COMPLETE,INHERITED_FROZEN,True,True,True
2103,MO/2017/page_79.pdf-2,MO/2017,DRAFT_COMPLETE,INHERITED_FROZEN,True,True,True
2104,CAT/2017/page_136.pdf-2,CAT/2017,DRAFT_COMPLETE,REQUIRES_HUMAN_REDERIVATION,True,True,False
2105,IP/2014/page_105.pdf-2,IP/2014,DRAFT_COMPLETE,INHERITED_FROZEN,True,True,True
2106,UNP/2014/page_24.pdf-3,UNP/2014,DRAFT_COMPLETE,INHERITED_FROZEN,True,True,True
2107,LKQ/2009/page_77.pdf-3,LKQ/2009,DRAFT_COMPLETE,INHERITED_FROZEN,True,True,True
2108,KIM/2010/page_94.pdf-4,KIM/2010,HUMAN_COMPLETION_REQUIRED,INHERITED_FROZEN,True,False,False
2109,SNPS/2006/page_43.pdf-1,SNPS/2006,HUMAN_COMPLETION_REQUIRED,INHERITED_FROZEN,True,False,False
2110,UNP/2012/page_39.pdf-3,UNP/2012,DRAFT_COMPLETE,INHERITED_FROZEN,True,True,True
2111,UNP/2012/page_74.pdf-1,UNP/2012,DRAFT_COMPLETE,INHERITED_FROZEN,True,True,True
2112,UNP/2011/page_78.pdf-4,UNP/2011,DRAFT_COMPLETE,INHERITED_FROZEN,True,True,True
2113,UNP/2014/page_24.pdf-4,UNP/2014,DRAFT_COMPLETE,INHERITED_FROZEN,True,True,True
2114,TFX/2018/page_47.pdf-3,TFX/2018,DRAFT_COMPLETE,INHERITED_FROZEN,True,True,False
2115,UNP/2009/page_31.pdf-2,UNP/2009,DRAFT_COMPLETE,INHERITED_FROZEN,True,True,True
2116,CMCSA/2015/page_165.pdf-1,CMCSA/2015,DRAFT_COMPLETE,INHERITED_FROZEN,True,True,True
2117,LKQ/2010/page_72.pdf-3,LKQ/2010,DRAFT_COMPLETE,INHERITED_FROZEN,True,True,True
2118,UNP/2013/page_24.pdf-3,UNP/2013,DRAFT_COMPLETE,INHERITED_FROZEN,True,True,True
2119,UNP/2010/page_30.pdf-2,UNP/2010,DRAFT_COMPLETE,INHERITED_FROZEN,True,True,True
2120,VRTX/2006/page_8.pdf-1,VRTX/2006,HUMAN_COMPLETION_REQUIRED,INHERITED_FROZEN,True,False,False
2121,UNP/2014/page_14.pdf-4,UNP/2014,DRAFT_COMPLETE,INHERITED_FROZEN,True,True,True
2122,TFX/2015/page_42.pdf-3,TFX/2015,DRAFT_COMPLETE,INHERITED_FROZEN,True,True,True
2123,IP/2005/page_27.pdf-4,IP/2005,HUMAN_COMPLETION_REQUIRED,INHERITED_FROZEN,True,False,False
2124,UNP/2015/page_16.pdf-1,UNP/2015,DRAFT_COMPLETE,INHERITED_FROZEN,True,True,True
2125,IP/2005/page_83.pdf-1,IP/2005,DRAFT_COMPLETE,INHERITED_FROZEN,True,True,True
2126,IP/2014/page_65.pdf-3,IP/2014,HUMAN_COMPLETION_REQUIRED,INHERITED_FROZEN,True,False,False
2127,APTV/2015/page_47.pdf-4,APTV/2015,HUMAN_COMPLETION_REQUIRED,INHERITED_FROZEN,True,False,False
2128,MO/2016/page_76.pdf-3,MO/2016,DRAFT_COMPLETE,INHERITED_FROZEN,True,True,True
2129,UNP/2007/page_79.pdf-3,UNP/2007,DRAFT_COMPLETE,INHERITED_FROZEN,True,True,True
2130,PPG/2005/page_20.pdf-4,PPG/2005,DRAFT_COMPLETE,INHERITED_FROZEN,True,True,True
2131,IP/2005/page_32.pdf-3,IP/2005,DRAFT_COMPLETE,INHERITED_FROZEN,True,True,True
2132,LKQ/2018/page_102.pdf-4,LKQ/2018,DRAFT_COMPLETE,INHERITED_FROZEN,True,True,True
2133,UNP/2009/page_31.pdf-3,UNP/2009,DRAFT_COMPLETE,INHERITED_FROZEN,True,True,True
2134,BDX/2017/page_28.pdf-2,BDX/2017,DRAFT_COMPLETE,INHERITED_FROZEN,True,True,True
2135,UNP/2014/page_56.pdf-4,UNP/2014,DRAFT_COMPLETE,INHERITED_FROZEN,True,True,True
2136,UNP/2018/page_50.pdf-3,UNP/2018,DRAFT_COMPLETE,INHERITED_FROZEN,True,True,True
2137,UNP/2009/page_25.pdf-4,UNP/2009,DRAFT_COMPLETE,INHERITED_FROZEN,True,True,True
2138,BLK/2016/page_75.pdf-4,BLK/2016,DRAFT_COMPLETE,INHERITED_FROZEN,True,True,True
2139,PPG/2008/page_19.pdf-4,PPG/2008,DRAFT_COMPLETE,INHERITED_FROZEN,True,True,True
2140,ADI/2010/page_90.pdf-3,ADI/2010,HUMAN_COMPLETION_REQUIRED,INHERITED_FROZEN,True,False,False
2141,AAP/2016/page_65.pdf-4,AAP/2016,DRAFT_COMPLETE,INHERITED_FROZEN,True,True,False
2142,UNP/2008/page_26.pdf-4,UNP/2008,DRAFT_COMPLETE,INHERITED_FROZEN,True,True,True
2143,UNP/2011/page_56.pdf-4,UNP/2011,DRAFT_COMPLETE,INHERITED_FROZEN,True,True,True
2144,UNP/2012/page_29.pdf-3,UNP/2012,HUMAN_COMPLETION_REQUIRED,INHERITED_FROZEN,True,False,False
2145,UNP/2017/page_50.pdf-3,UNP/2017,DRAFT_COMPLETE,INHERITED_FROZEN,True,True,True
2146,UNP/2016/page_24.pdf-2,UNP/2016,DRAFT_COMPLETE,INHERITED_FROZEN,True,True,True
2147,UNP/2009/page_61.pdf-3,UNP/2009,HUMAN_COMPLETION_REQUIRED,REQUIRES_HUMAN_REDERIVATION,True,False,False
2148,IP/2015/page_51.pdf-4,IP/2015,DRAFT_COMPLETE,INHERITED_FROZEN,True,True,True
2149,APTV/2018/page_34.pdf-4,APTV/2018,HUMAN_COMPLETION_REQUIRED,REQUIRES_HUMAN_REDERIVATION,True,False,False
2150,LKQ/2012/page_25.pdf-3,LKQ/2012,HUMAN_COMPLETION_REQUIRED,REQUIRES_HUMAN_REDERIVATION,True,False,False
2151,UNP/2012/page_34.pdf-3,UNP/2012,DRAFT_COMPLETE,INHERITED_FROZEN,True,True,True
2152,UNP/2012/page_39.pdf-4,UNP/2012,DRAFT_COMPLETE,INHERITED_FROZEN,True,True,True
2153,UNP/2016/page_75.pdf-3,UNP/2016,DRAFT_COMPLETE,INHERITED_FROZEN,True,True,True
2154,UNP/2012/page_30.pdf-3,UNP/2012,DRAFT_COMPLETE,INHERITED_FROZEN,True,True,True
2155,UNP/2014/page_30.pdf-4,UNP/2014,HUMAN_COMPLETION_REQUIRED,INHERITED_FROZEN,True,False,False
2156,BKR/2018/page_52.pdf-2,BKR/2018,DRAFT_COMPLETE,INHERITED_FROZEN,True,True,True
2157,LKQ/2009/page_66.pdf-4,LKQ/2009,DRAFT_COMPLETE,INHERITED_FROZEN,True,True,True
2158,EMN/2004/page_82.pdf-1,EMN/2004,DRAFT_COMPLETE,INHERITED_FROZEN,True,True,True
2159,ANSS/2008/page_85.pdf-3,ANSS/2008,HUMAN_COMPLETION_REQUIRED,INHERITED_FROZEN,True,False,False
2160,VLO/2012/page_130.pdf-1,VLO/2012,DRAFT_COMPLETE,INHERITED_FROZEN,True,True,True
2161,UNP/2010/page_25.pdf-1,UNP/2010,DRAFT_COMPLETE,INHERITED_FROZEN,True,True,True
2162,APTV/2013/page_48.pdf-3,APTV/2013,DRAFT_COMPLETE,INHERITED_FROZEN,True,True,True
2163,CMCSA/2015/page_42.pdf-3,CMCSA/2015,HUMAN_COMPLETION_REQUIRED,INHERITED_FROZEN,True,False,False
2164,BLK/2014/page_33.pdf-4,BLK/2014,HUMAN_COMPLETION_REQUIRED,INHERITED_FROZEN,True,False,False
2165,UNP/2009/page_38.pdf-4,UNP/2009,DRAFT_COMPLETE,INHERITED_FROZEN,True,True,True
2166,HOLX/2011/page_122.pdf-4,HOLX/2011,DRAFT_COMPLETE,INHERITED_FROZEN,True,True,True
2167,SNPS/2013/page_61.pdf-2,SNPS/2013,DRAFT_COMPLETE,INHERITED_FROZEN,True,True,True
2168,BLK/2016/page_35.pdf-4,BLK/2016,DRAFT_COMPLETE,INHERITED_FROZEN,True,True,True
2169,UNP/2009/page_61.pdf-4,UNP/2009,DRAFT_COMPLETE,INHERITED_FROZEN,True,True,True
2170,UNP/2012/page_55.pdf-4,UNP/2012,DRAFT_COMPLETE,INHERITED_FROZEN,True,True,True
2171,UNP/2011/page_80.pdf-3,UNP/2011,DRAFT_COMPLETE,INHERITED_FROZEN,True,True,True
2172,BLK/2017/page_35.pdf-4,BLK/2017,DRAFT_COMPLETE,INHERITED_FROZEN,True,True,True
2173,SNPS/2006/page_43.pdf-2,SNPS/2006,HUMAN_COMPLETION_REQUIRED,INHERITED_FROZEN,True,False,False
2174,UNP/2007/page_58.pdf-2,UNP/2007,HUMAN_COMPLETION_REQUIRED,INHERITED_FROZEN,True,False,False
2175,UNP/2011/page_35.pdf-4,UNP/2011,DRAFT_COMPLETE,INHERITED_FROZEN,True,True,True
2176,LKQ/2018/page_93.pdf-1,LKQ/2018,DRAFT_COMPLETE,INHERITED_FROZEN,True,True,True
2177,IP/2014/page_71.pdf-4,IP/2014,DRAFT_COMPLETE,INHERITED_FROZEN,True,True,True
2178,IP/2015/page_83.pdf-1,IP/2015,DRAFT_COMPLETE,INHERITED_FROZEN,True,True,True
2179,PPG/2018/page_61.pdf-3,PPG/2018,DRAFT_COMPLETE,INHERITED_FROZEN,True,True,True
2180,BLK/2012/page_32.pdf-4,BLK/2012,DRAFT_COMPLETE,INHERITED_FROZEN,True,True,True
2181,PPG/2018/page_60.pdf-4,PPG/2018,DRAFT_COMPLETE,INHERITED_FROZEN,True,True,True
2182,UNP/2007/page_58.pdf-1,UNP/2007,HUMAN_COMPLETION_REQUIRED,INHERITED_FROZEN,True,False,False
2183,CMCSA/2015/page_158.pdf-1,CMCSA/2015,DRAFT_COMPLETE,INHERITED_FROZEN,True,True,True
2184,UNP/2012/page_23.pdf-4,UNP/2012,DRAFT_COMPLETE,INHERITED_FROZEN,True,True,True
2185,IP/2015/page_82.pdf-1,IP/2015,DRAFT_COMPLETE,INHERITED_FROZEN,True,True,True
2186,UNP/2014/page_16.pdf-4,UNP/2014,DRAFT_COMPLETE,INHERITED_FROZEN,True,True,True
2187,SNPS/2006/page_67.pdf-4,SNPS/2006,DRAFT_COMPLETE,INHERITED_FROZEN,True,True,True
2188,MO/2017/page_10.pdf-4,MO/2017,DRAFT_COMPLETE,INHERITED_FROZEN,True,True,True
2189,UNP/2016/page_24.pdf-3,UNP/2016,DRAFT_COMPLETE,INHERITED_FROZEN,True,True,True
2190,IP/2007/page_19.pdf-1,IP/2007,DRAFT_COMPLETE,INHERITED_FROZEN,True,True,True
2191,KIM/2006/page_67.pdf-3,KIM/2006,DRAFT_COMPLETE,INHERITED_FROZEN,True,True,True
2192,IP/2007/page_32.pdf-1,IP/2007,HUMAN_COMPLETION_REQUIRED,INHERITED_FROZEN,True,False,False
2193,UNP/2015/page_14.pdf-1,UNP/2015,DRAFT_COMPLETE,INHERITED_FROZEN,True,True,True
2194,IP/2014/page_104.pdf-2,IP/2014,DRAFT_COMPLETE,INHERITED_FROZEN,True,True,True
2195,CMCSA/2004/page_30.pdf-4,CMCSA/2004,DRAFT_COMPLETE,INHERITED_FROZEN,True,True,True
2196,KIM/2009/page_25.pdf-3,KIM/2009,DRAFT_COMPLETE,INHERITED_FROZEN,True,True,True
2197,IP/2018/page_45.pdf-2,IP/2018,DRAFT_COMPLETE,INHERITED_FROZEN,True,True,True
2198,UNP/2014/page_80.pdf-3,UNP/2014,DRAFT_COMPLETE,INHERITED_FROZEN,True,True,True
2199,BKR/2017/page_49.pdf-1,BKR/2017,DRAFT_COMPLETE,INHERITED_FROZEN,True,True,True
2200,PPG/2018/page_20.pdf-1,PPG/2018,DRAFT_COMPLETE,INHERITED_FROZEN,True,True,True
2201,UNP/2008/page_59.pdf-4,UNP/2008,DRAFT_COMPLETE,INHERITED_FROZEN,True,True,True
2202,PPG/2016/page_42.pdf-3,PPG/2016,DRAFT_COMPLETE,INHERITED_FROZEN,True,True,True
2203,UNP/2013/page_14.pdf-3,UNP/2013,DRAFT_COMPLETE,INHERITED_FROZEN,True,True,True
2204,UNP/2011/page_80.pdf-4,UNP/2011,DRAFT_COMPLETE,INHERITED_FROZEN,True,True,True
2205,UNP/2012/page_30.pdf-4,UNP/2012,DRAFT_COMPLETE,INHERITED_FROZEN,True,True,True
2206,ABMD/2015/page_53.pdf-3,ABMD/2015,DRAFT_COMPLETE,INHERITED_FROZEN,True,True,True
2207,VLO/2012/page_129.pdf-1,VLO/2012,DRAFT_COMPLETE,INHERITED_FROZEN,True,True,True
2208,LKQ/2016/page_48.pdf-4,LKQ/2016,DRAFT_COMPLETE,INHERITED_FROZEN,True,True,True
2209,UNP/2015/page_14.pdf-2,UNP/2015,DRAFT_COMPLETE,INHERITED_FROZEN,True,True,True
2210,AAP/2016/page_26.pdf-3,AAP/2016,DRAFT_COMPLETE,INHERITED_FROZEN,True,True,True
2211,UNP/2017/page_50.pdf-4,UNP/2017,DRAFT_COMPLETE,INHERITED_FROZEN,True,True,True
2212,UNP/2015/page_16.pdf-2,UNP/2015,DRAFT_COMPLETE,INHERITED_FROZEN,True,True,True
2213,BLK/2008/page_75.pdf-4,BLK/2008,HUMAN_COMPLETION_REQUIRED,INHERITED_FROZEN,True,False,False
2214,UNP/2012/page_29.pdf-4,UNP/2012,HUMAN_COMPLETION_REQUIRED,INHERITED_FROZEN,True,False,False
2215,ABMD/2015/page_53.pdf-4,ABMD/2015,DRAFT_COMPLETE,INHERITED_FROZEN,True,True,True
2216,UNP/2009/page_89.pdf-4,UNP/2009,DRAFT_COMPLETE,INHERITED_FROZEN,True,True,True
2217,MO/2014/page_11.pdf-4,MO/2014,DRAFT_COMPLETE,INHERITED_FROZEN,True,True,True
2218,PPG/2018/page_54.pdf-4,PPG/2018,DRAFT_COMPLETE,INHERITED_FROZEN,True,True,True
2219,UNP/2012/page_74.pdf-2,UNP/2012,DRAFT_COMPLETE,INHERITED_FROZEN,True,True,True
2220,UNP/2010/page_27.pdf-2,UNP/2010,HUMAN_COMPLETION_REQUIRED,INHERITED_FROZEN,True,False,False
2221,CMCSA/2015/page_100.pdf-1,CMCSA/2015,DRAFT_COMPLETE,INHERITED_FROZEN,True,True,True
2222,PPG/2013/page_54.pdf-4,PPG/2013,DRAFT_COMPLETE,INHERITED_FROZEN,True,True,True
2223,UNP/2017/page_74.pdf-4,UNP/2017,DRAFT_COMPLETE,INHERITED_FROZEN,True,True,True
2224,UNP/2018/page_50.pdf-4,UNP/2018,DRAFT_COMPLETE,INHERITED_FROZEN,True,True,True
2225,CAT/2017/page_136.pdf-3,CAT/2017,DRAFT_COMPLETE,INHERITED_FROZEN,True,True,True
2226,TFX/2018/page_47.pdf-4,TFX/2018,DRAFT_COMPLETE,INHERITED_FROZEN,True,True,True
2227,UNP/2011/page_40.pdf-3,UNP/2011,DRAFT_COMPLETE,INHERITED_FROZEN,True,True,True
2228,UNP/2013/page_14.pdf-4,UNP/2013,DRAFT_COMPLETE,INHERITED_FROZEN,True,True,True
2229,UNP/2009/page_83.pdf-3,UNP/2009,DRAFT_COMPLETE,INHERITED_FROZEN,True,True,True
2230,BDX/2009/page_81.pdf-4,BDX/2009,DRAFT_COMPLETE,INHERITED_FROZEN,True,True,True
2231,PPG/2016/page_42.pdf-4,PPG/2016,DRAFT_COMPLETE,INHERITED_FROZEN,True,True,True
2232,IP/2012/page_64.pdf-4,IP/2012,DRAFT_COMPLETE,INHERITED_FROZEN,True,True,True
2233,IP/2013/page_101.pdf-4,IP/2013,DRAFT_COMPLETE,INHERITED_FROZEN,True,True,True
2234,UNP/2012/page_34.pdf-4,UNP/2012,HUMAN_COMPLETION_REQUIRED,INHERITED_FROZEN,True,False,False
2235,AAP/2013/page_68.pdf-4,AAP/2013,DRAFT_COMPLETE,INHERITED_FROZEN,True,True,False
2236,UNP/2009/page_83.pdf-4,UNP/2009,DRAFT_COMPLETE,INHERITED_FROZEN,True,True,True
2237,UNP/2010/page_75.pdf-3,UNP/2010,HUMAN_COMPLETION_REQUIRED,INHERITED_FROZEN,True,False,False
2238,UNP/2017/page_23.pdf-4,UNP/2017,HUMAN_COMPLETION_REQUIRED,INHERITED_FROZEN,True,False,False
2239,IP/2012/page_56.pdf-4,IP/2012,HUMAN_COMPLETION_REQUIRED,INHERITED_FROZEN,True,False,False
2240,BDX/2016/page_62.pdf-3,BDX/2016,DRAFT_COMPLETE,INHERITED_FROZEN,True,True,True
