item_id,source_group,outer_fold,attempted,strict_eligible,eligibility_status,feature_valid_recorded,label_status,direction_status,original_state,positive_state,negative_state,original_response_record_sha256,positive_response_record_sha256,negative_response_record_sha256,original_input_sha256,positive_input_sha256,negative_input_sha256
INTC/2013/page_71.pdf-4,INTC/2013,4,True,True,STRICT_FEATURE_ROW,True,KNOWN,unknown,PARSED,PARSED,PARSED,e22fc44e14ad1ae773498789b78f9beb2cf0dd074629d69a3f9167b221770b02,f93dede49dfc3ab01d7b47523f3ff35fd2ef0f895a640a6c286d14a75bbd1776,1eecaa4fd0548376fa9d4b6c21244cc3da8b8f2eabf80f10b0de471d36ab0826,9bd10223e2bf632d1daaf16cacd9329dd4b0666f31ecac50f33afe62ccefbb4b,be1321112dfc25928d99f84036c577bad578bd0d11a82f5ea922f11f6b7e283f,7418f6d71734de7e2608adeee9ad6a00c6ddabe99b9dd8958730c42b99976c11
AAL/2015/page_74.pdf-1,AAL/2015,3,True,True,STRICT_FEATURE_ROW,True,KNOWN,unknown,PARSED,PARSED,PARSED,aa9cd2cf6f6d31000dd5fa4c277bc526f61b01a7b142d719e6a629f5e6e1bc67,5df33411c5efae68753a9e3968b2eec18f7d95e8860d46ab6b51186c47c99d17,770de5305b5888218430d830e7162711c2b04435adcd8ebee896a14d4d27e1be,9ce866af7fc27b17b6af3d6a7b9e450e455f239005e83ce26f1d63867a827c49,8ee7fddb2a4c4d87f57856fdb028f4132cb626aa045bf652525d62f68f3f15ce,6d2c96a0c321716a60c8fe063abbc29fcb34fafb15137d4ea7e2c0a0b254813c
AAL/2014/page_89.pdf-3,AAL/2014,1,True,True,STRICT_FEATURE_ROW,True,KNOWN,unknown,PARSED,PARSED,PARSED,984f0e09e22c466895848b8ed23faac044aa6bd7b76cf96b7459ef5789887646,9669522457e1c01d2d8ac0893d8c375ce305587d963b4d6782b54e5bc38595a6,09fe0ffc93bb63c560649383dfbb3b56a3defa93771006897681a9f840bf1b8c,6b5042f826a635e859ae0305a6c1ba3291f88b34891dd126fa53ebad52ab9cd1,561dee650f842271598d075f1e3d01e9f6f1af1816dd830bf478d13bd5a24727,968ec7c2f38c44f2542fbad07c4d8e123bcd38547579625089924ab54a92f19a
GS/2014/page_134.pdf-3,GS/2014,3,True,True,STRICT_FEATURE_ROW,True,KNOWN,unknown,PARSED,PARSED,PARSED,2aeec01ca0ad7dae03f24080c1a41bd98cdd3c368e7750d1fc02f4fe8f9f64ea,9dad41cd5eae0d3322a42beb4973a32f022f2d67f3a64b27608e022b68afec98,bfd031437b65726c2404f88b134bea63aff03beae6f3750a6860894379e43bc8,483e34b593d211b6690d9636d7551890460a4eb2395c0581052a4f7f0f6c7cf5,ab21ede55b9157c0d9d92b4e97104c03c4b125cf24e351e8c85f445fdc1e81a9,fd3ee5cfa1aeb5abd9705f42fde43d4537420231d80af7d234213711499db9f6
MAA/2018/page_19.pdf-2,MAA/2018,1,True,True,STRICT_FEATURE_ROW,True,KNOWN,unknown,PARSED,PARSED,PARSED,452382400fdd21f20502ffd8c9c3384bf310497d8ab65cf5021240f94ea6dffb,04e9438e86198486f6423d86e473ce22bd46e05a89c78c2d966cb97b557b3919,ff42a44a7d58bcab801b900a471ba23d902d1a0a29e89dc69fe573fbfc93dd5b,cf1b910fbd5343a59e30d95d84a26bb4a989ba5760da3ce65e8fa24c47cf3ba0,373095828bbd1b023c247a43411957c524b10a9f8b3a2f87e3d04cfb1a27bfdd,833becbdc5fe77962b75f91d41aeb4c0fb59bbf90caa772cf2b1812960bde2c5
HII/2018/page_64.pdf-4,HII/2018,2,True,True,STRICT_FEATURE_ROW,True,KNOWN,unknown,PARSED,PARSED,PARSED,c24a25e2578e7da698158cc337b5de0ffdcbe28721d6ab154d4f81a3a2323d6f,8b32ac636d8f1d25474142658ab993102f962cea72c2045be37f430a350b3a5e,7a378d86f5088e3ea5d6140ed054683ec4477d570de2f8638d7137ec2ceb5cec,2db9b1f226c3438b6fefebf0c027dd0ae65531e9bd71565e9645457997cb4e65,5fbda6823d1988c8ef8c580b852ae8a93738d6805c3ca6dfc8f83a2e41642583,a6a4177e4af8e99e1c19a5c53b9af4e3a844632cf2695ffed04e2a4a011ced15
FIS/2016/page_64.pdf-4,FIS/2016,0,True,True,STRICT_FEATURE_ROW,True,KNOWN,unknown,PARSED,PARSED,PARSED,01da37aacd182485c055f400feb47b41a457f0c23dc48ce99040c517d750e3ed,5b994b6ecba52cc9719b4282b872f2d926d493e21743f463ab76c91e6ef8363c,136daa0619f69708d05163c1e4de74c5c8cdc33c07225353f1105ce7f37d9681,bda33cc1a8dc7409b369a9499df2a999532e89f41bd6fd97a108bce638e5d9db,c005ec4f07984fb0264aac4d18e22740d2db340259d84314903fb331997946e5,d9dfeffc4dbce0bbc0826ef309c56350ab6c73a1245f0f87ee1749f61c6fbcad
FBHS/2017/page_46.pdf-2,FBHS/2017,0,True,True,STRICT_FEATURE_ROW,True,KNOWN,unknown,PARSED,PARSED,PARSED,dda648fa06c54bb4791c6f6355a67029daa62cc8a58215f1a7bc6a94fce1bb2f,26b918d0d92b9203a2b8d40a3c3ab790af4b494f6b87bcf2a009ed39983952a5,6d25063f239da5000cf00e52dd6670cbd5f65dc78187088227d34788509c4aa6,ee3af03232f24ae2dfb551997602baad12ce4462d65cc5aaf02fd0b2b44ee07e,3bb6696d0c50b51c040135027624e817f07dacb50554242064bd516350d273da,877fb4887a0158729c32d2b3e3dced43616034c931d5d56e5259e8aa52a2bcba
BKNG/2015/page_38.pdf-2,BKNG/2015,3,True,True,STRICT_FEATURE_ROW,True,KNOWN,unknown,PARSED,PARSED,PARSED,93f3a5e0a22953cd96af915bc1ac491c1291fa3a5bf38980b973672de4257c87,859395d36cad4e69e3f85f2e6652ffec449a5e5a698b2b9a4bd2f3cdbd247554,89a2622063c83288968110e16b60091e678b5b5d5dba73d4eabc26d3e001c7c8,1820c3ca3e657dc4589a2d89a08ad15a773ebee190e08197881a695bbd8fd925,0d7394ba21e811f4e41490156193e5ad9cc9f9dccc1b792d47f3d4dc7848bea4,396432bc1a4f98d79ad90688c5991488de807062ca24c6190483166796ed75f0
STT/2012/page_42.pdf-4,STT/2012,4,True,True,STRICT_FEATURE_ROW,True,KNOWN,unknown,PARSED,PARSED,PARSED,79d284e1d6cfc006e9c5187ba4849411376f019304684aaa5e83d095215eac6b,53ed6ac8859f7769fa63be85e85370081a9e2a65a1ba303650c74a4e47c379d0,91b94685a0ce1170d30ad244dec5f980b638ab491ee6d84904e7f6443fe2fa83,ce363f719d19c7ca1d9e78a5e5ad6334cdc5396918fd47228260967684e4219f,7c4423505c6e000bf51e81df82dc58c78c76b084add3d0ace064744cf617fe7d,2fd8fe91256c5de3fec06344c8bd6608ee63936192ef3597c052d2c3e97b08a1
FIS/2016/page_64.pdf-3,FIS/2016,0,True,True,STRICT_FEATURE_ROW,True,KNOWN,unknown,PARSED,PARSED,PARSED,5db1ef70a4ca9a53a66922b3c085aa113280b949e6fa78862490e809f3648f15,ed91f294d8a631bc96337ab28223d3e347f9eb2e8219fdb4686a2e4ba96b5dca,e9e2e058becf8fef1c179a02f69661e2d0718e51cc7038c61f3d32443a2fa52e,b7635a5ede26ddeefcc15b1e30eea022e725f9ef3120db0f40d52f3dde80349c,988fa39cf38aeb8237f4f64363bb912fcd3b2d7dc1ed8f6de25892ca1cb418f0,60cc933086ee0cb207a24517116b9797e196c9c99eac16136e8df432a1d1faa9
ETR/2009/page_107.pdf-2,ETR/2009,2,True,True,STRICT_FEATURE_ROW,True,KNOWN,unknown,PARSED,PARSED,PARSED,944702d13879be6ca4335ac4bae34caeff7dbcb6ade9a263fb275cdbe49207d7,d020b25672739502d991e2160aa5741fec30e41b127feb8c2e0bd3e3bf2eef3d,b0ff7637d4f033d51f99e02c586258b600f6f8db2aebc827d8082f4b2f428605,8f9760629888849b694be29fc2976e7cf2d10f070256d3a26b0b73b0db8d4334,f4ba96d6dbcb760b8c84431a75c3ed6e9a99c5db712380539d71c7b4fa583081,2708f4590101aad4a063288f9a5f50248e846a09d21fe2cadd5254938b0fd287
AAP/2006/page_85.pdf-2,AAP/2006,4,True,True,STRICT_FEATURE_ROW,True,KNOWN,unknown,PARSED,PARSED,PARSED,d8e1cebd27763286fb761e91b87a2087b0a04fa0dec814d992d1d92dc69b05f6,392886ba60f64a78375b732d3c13fa45dd0b805f087bea43ba5462084d91d94d,85c83637b87f9e83280d12d918d02881de73cd06ba310cadc146c3632154d085,45f8f964558fca0e7453c076a7bc05dbdea1bfa068d011d9867f48104dbe4d6a,81ccbf23a43106a6a0fcb10dfc23e43f7b5754dd03f99f975ce877527802e240,6abb8fe9858e900972bd45fc481ac4de130f462b7703d68f2615c891a67b1ebd
AOS/2007/page_17.pdf-1,AOS/2007,1,True,True,STRICT_FEATURE_ROW,True,KNOWN,unknown,PARSED,PARSED,PARSED,c36a058a5acc6bcd901487b33f48ce0ac40575dda9f74aeb7a2ec383e75415f1,ab609de91681b71656fa6189e25d439c51a8d387f341d58e0d13c1f8ef5a337e,43623fff7906740174080f6bfdd03e3729feb2666fe865a1f63fb9e76227ec43,2a379035b4599865461b4cf77e2111e72b8de8c1dd259197077c8b10958894d7,c99d3c657887f4d03908189d7c3b80cc8f631216cc783e65096077c231d29f0a,ecc658945465af5e1596841ae4ed83560abea1342256d5c80383ecaeb6d8f3de
UNP/2016/page_75.pdf-2,UNP/2016,3,True,True,STRICT_FEATURE_ROW,True,KNOWN,unknown,PARSED,PARSED,PARSED,97fbe40062da1497a3030813e1856ffb4a0c53819e490251689c818df1c62a32,96c11450116e50a36ff4de8c0774ecb29b874ce40ea42ad4c0e2817b00121dd6,b4a3e423fad31344aa41f5b47564061ca11255531a6a83f86a4aa0fca3a2d35a,35e170bf025d39ecfd60d05909c8c41dcbac1eb48e88c3dbc91534737662ef14,7e7e68eab3047de838e3a2b67ee9fdfe0f21abe2e9e6afe6644d7ff5f4bfe743,242c64dd890f8113c54dba5a644fd0130ddd7494e5730c41d1d05d91e8a01885
UAA/2016/page_83.pdf-3,UAA/2016,0,True,True,STRICT_FEATURE_ROW,True,KNOWN,unknown,PARSED,PARSED,PARSED,e20ab9142982d6ca1274a70954efff0aa3c379dbf0f24020345d7948df46c451,05a413759cd6d9c6ff7406050f41c4863128dadbccbd4de0af23ac2354a5c6af,6ba0bf1a48bf5da1a7bd47d9d08c2790f2bae8246cbf9633819fc23b9bb2bf84,71719dfde39a59d4d75c91aeb4fcf32f9acf271e536aec183db086a246700c8e,59b23de32e7e9c937d4e0ce1166bfa9598473148a26da4717cfa2b5dbfa02e37,5e7e6e9cd766dd2dd35eb28e8de336a5f0217214dd081ce8ba404e3497c6e853
MA/2010/page_107.pdf-1,MA/2010,2,True,True,STRICT_FEATURE_ROW,True,KNOWN,unknown,PARSED,PARSED,PARSED,5f133c92b976a61c1b0e72f0d4da21811f2b82be93626160a599e7180a2b6808,9412034a408c0a05b8c04f58b98ea2531dc8d3b02e0c08b5cddf1d14cfa406fe,188e5f54d72ce9f2ba9b37dabfc0adc174709a95bd44ce913d64408477f89b2b,4152574bb4299451465349cfa126f24252b0e3fe4feefc615e56429c63e6fee6,9f50eb3724aa75dfbf1d324ca2e5de1153e678183cb50ae985f0471c5b87aa3e,680ffa7502ed572f3f99c31d891a8443353751c226b3db5ccd000980de9297b0
HOLX/2011/page_122.pdf-2,HOLX/2011,2,True,False,NOT_IN_STRICT_FEATURE_ARCHIVE,False,KNOWN,unknown,PARSED,STRUCTURED_SCHEMA_OR_NUMERIC_FAILURE,STRUCTURED_SCHEMA_OR_NUMERIC_FAILURE,04b13c2c1d592bdcce0484fb72c77cb3c8d1dec7bc7ca5b7e3050c43476dc676,73b680968a9c078a14b00a034512c5e892b2d2135e4601b5154f6c158f4fb07d,4b5795472d0df78fd1f6eaf3ab42b9c6ccb3cf6e26d551372847fad1c3358b6b,7736c6d9b72e0687233a1b37001a787f77a71b30950f215a68aa1c1c113e1a75,4482c9fcde4d4cead69626b2e2da8cdcb369b39e0e4309f4a51e586040ecb8b2,97a2ca621b83149f5175b7e3917d2780c264238524c50e3daf2282656d6cb1ff
ZBH/2008/page_70.pdf-1,ZBH/2008,2,True,True,STRICT_FEATURE_ROW,True,KNOWN,unknown,PARSED,PARSED,PARSED,485a15dbeed1cb079b9a8fc1974e04b4dfb9fa3c037b20f53b2305d350994709,10a1fce33aa2e1ce07d29e9d4b21f24fbb72c4abd3ec0c8490422fb0290655ae,999aae76004a86058de8e9fbfddbda3d8b80859a7bd97ea93e57ac12a9ce6145,2340dcff1b0a685a59cc85ae2d24544507e4ff99f46c84fe585e96c93413183d,031b5266a688ed6560e90adad35cf1705fc6875d33ccfed1c8389143ea683f45,ee5e62bf596db62eb7ee52e5ec8854f1046b567a6dc9d886e90608f1925d6d10
AAPL/2013/page_27.pdf-2,AAPL/2013,4,True,True,STRICT_FEATURE_ROW,True,KNOWN,unknown,PARSED,PARSED,PARSED,bca9cce4a08a3c53be723836e8cd56c606d640f05ba3d3f32b0f2da01eba302c,82f2a67d92dff6fb7a9689a4097169bf50fee6679c3b580466ec93a2a4501fb2,5cda6e883a789c14e7092bcdd3037d49ff9af1a424ca0ee8b1eece718be03bb6,6a5261738f7037a69e70a1042a6d841f63f05ee83b3dbc9da3da67a9ee461017,e08b3fd8de666bf83266b15a33ec5b26a22508bc934e9c54ff2729c938fde9bd,d6723cd91585f1aad44fc297071ff237e3f25fdf57c702944200810b87057d81
RL/2011/page_12.pdf-1,RL/2011,0,True,True,STRICT_FEATURE_ROW,True,KNOWN,unknown,PARSED,PARSED,PARSED,2e78ee8a4a0c3ec5581943df5cf70e5b9efa826ad0d1ba0bd568f6e42ded5a51,e046cd700eabfb2b9a80a12cb785f6c198e0338ca13c2d468344196a66161505,76b0a7952dbce990bd2b391f49582f4703e023b743d6f9ba6eba54b63ce92919,42adfcc454119e7ed716627a4920ff3ec96333113763186596dcf98e3e9c49d8,be2bab91dace2e795595682bf0648560c7f6e83672cad6ccbabca8d94ebe71a2,f734d6d8b3d73e3536258d1b33182e4f635548c26d3fc8113a9cf7605dbe13e4
DISCA/2013/page_60.pdf-1,DISCA/2013,4,True,True,STRICT_FEATURE_ROW,True,KNOWN,unknown,PARSED,PARSED,PARSED,337d4baac48b4b0bec011960553f6b7ed8193db09a82874e16a62c66644082ca,8d2b6eef5cc5664d66503d95d0ec39b44945d8162ac55237e8cc3c629aa1bd1c,b331312ee8ba009b1e38dd977f78d6cf0387b7b75699492c44ef7a7938cf521c,fbb186f928d9d7b4f9d9b03642a687ef4641816d513e785f9bac875988a0b1a0,aaaf4c6cccdd19b7b268b4081697d6faf472d613d8b76cbc82184154b0a2add1,0f693b62bd8d6d18fb59508379b479e8d8ef945f70b55e5f2f2c6a0f88d8c8c6
OKE/2008/page_38.pdf-2,OKE/2008,4,True,True,STRICT_FEATURE_ROW,True,KNOWN,unknown,PARSED,PARSED,PARSED,61a8042bf1be1eb28e7294c6cb74f9fd970b1dbe42bbaaddf8e37a8efcc484bd,ac9c489a66f9ee6b47777385abf4984ce6924c0438aa1d9b0527f0e1c5c1365f,55bb764dd4685ac902606d4081bfc9c361c0abbf9759925dae92a8870acf32cc,7aa3fbe68c23491584e40bc8bdaebe1debd7fb88ea6f3942a6e72c1e1e833b64,885a7716dc11f36d009a05a5a8539d977999369d7720079b097f20ce54b71cbe,1f97d9f3cda914fbf3dbc1d86a9afd3bdd0874a023d5d563342e918cca0e785e
ETR/2004/page_216.pdf-4,ETR/2004,1,True,True,STRICT_FEATURE_ROW,True,KNOWN,unknown,PARSED,PARSED,PARSED,0cdf07625c202e617d2a2fa00cc35a1ea999d25fd6adaebf4cb6806fc96857cb,bb49a22e719d8d21ac01196c158e9d782b59ff522329ff8fd9711f332a778e7f,92d08243ea11679ca06c8ee351fe58d82a0206b2b5fe4037b7b77c5c4c748ad8,6bb8cb7a73a0464c94aa448c24efdb75600956712db469c9342c9626628c4ff8,62f525f64358e61790c9349985cb3010bd6bd7be33b6730de816a7261b4906ee,2ab83cc47040543d84f61c1b2681d522dd161ea49b94fd873562b1a8fcfa28f9
HWM/2015/page_95.pdf-2,HWM/2015,1,True,True,STRICT_FEATURE_ROW,True,KNOWN,unknown,PARSED,PARSED,PARSED,6b22049a47f557919a96fc280f4899ec593aee09c99e27ca9e863966117734a2,0ff19a0124d03e3ef0366d57a819b89ad30287475cca2b4075e89f00b19b5b4b,4544d0ac032715f81dbf3c4124e06868fc3a44c93b95dd6091e1286880d922e2,4ae077f020a6e9f4717317b9d4b8c0bca883e00da653f52d1a7c27f7ace62726,a2c4bc41d816a621c577bbb467006a20b234439dd7546967e4e42d3cb5dd7009,addefa8cc17a807a6146b76a30295c01a73d8edaad636ad1235898d4a7c58556
AWK/2012/page_118.pdf-3,AWK/2012,0,True,True,STRICT_FEATURE_ROW,True,KNOWN,unknown,PARSED,PARSED,PARSED,93b003cf285a61c7421f8f3b8de2b9140fa52f9f9211b6591e431183e856943e,fb19971692b9cbbea9c730b8f42827d6a61317f88521d8204cc745b356de95df,5fbbef6f69171b36fb0fc783b4571bab14d1a824aad2e38d86f77f8dc24babfc,a3cb02133f4af607a6552b4bc3554bc71ef62cbb300973eedee24dabd69e9aec,bd80d01598f3a62844d465419072d5a73b1abd2715038d1379fea9b5f67f6710,6b3eeee7bf07b881b5ed69599dc97fd42af5b283432e0692aa0f2413fbbb8641
APD/2019/page_53.pdf-2,APD/2019,1,True,True,STRICT_FEATURE_ROW,True,KNOWN,unknown,PARSED,PARSED,PARSED,94dcf4c7916a7ac4543079067de7ce6df88852ac881e3d2421c57e06f31ba764,986b7fc7387cd6f624da1b6da9fd15998aabef0d97c46684e5c238fe775f9019,4cb4449745d187d7ed4efc696304cabb169a4c9323aa63adea791d6b50c6f24e,cddcedef85595b55d933bd894c8e6585923f8c254c5e3ef0dd3d1ecf061ef43d,58b26255676b701a7f29d728cc8824853cf424b30b9f8844f77afe2f47811b95,b9483af406dca5bdf060d8fde5e43885a8f482d0ea2dac3cdc4238fd0bd69794
AAL/2015/page_74.pdf-3,AAL/2015,3,True,True,STRICT_FEATURE_ROW,True,KNOWN,unknown,PARSED,PARSED,PARSED,7de7164cfe8b475f3c31267d5ecff4135fbfa3a9d3a4319a8ed135a692706036,745bdd7458678b76441437b1fc761a81fa6f1e30952532ad3e06b7243c288e7d,92cd0e381349c718b893081dca5b1150428670bbf71d5dd1222cf0672c663d41,055d45f2330c5cf9a041d734fa5f32b79c825787cd4fc429e6de4c27c9cf0df1,63d5964c5442819aad8090774fd86703c48c37b90c5024e2da69492a97ff4a3c,af1523a6d9ed502b5a1176a00c26d535b705a019f6b936e0f6df77993e773058
ETFC/2013/page_84.pdf-1,ETFC/2013,0,True,True,STRICT_FEATURE_ROW,True,KNOWN,unknown,PARSED,PARSED,PARSED,b78ee2707615ae87b019a8a5af07df355eeea3ab11fedf0f6732ef92e05cc46a,47019fbaa4cb0b3cc6a611bef1e8b48261cc811ba8ad998bfa061a2727eb87f3,7f891d8b737211e0c82032740293d64cbb5e5f6675394deaecdcf9bb31f5b6b9,7d120da626da8fcb5da2d424dda7e72f5269136d27566974acf95311c7013e64,e34f84fc3964bcdd0984b88121a84e8a0f4b7ecc95b7a9ccfa1604a60bd3a527,7544bbcf063e1ae33bce6e1bcf391c4efda827eb0d5c2537acac04efd690be8a
ETR/2016/page_24.pdf-4,ETR/2016,1,True,True,STRICT_FEATURE_ROW,True,KNOWN,unknown,PARSED,PARSED,PARSED,f929015f0b49f94848e2541a1368e14d7f26f13c60f7cfee1df29bb314419b49,1407bab12f87acbdc360852209ebafcb4053d86e366c6c091ee274526b22a171,744eea1c4417b9bf3aa5f56ecf265eec980401fb03d98d40b742d632bd75a266,7adf87bfca65aa926a1e223ecdc3a42e55ae2717ffad9572768c0bb73249f114,de3a745772467868a45b2a088094c0fc5cd5a868f34be5d781c86011360415c3,7e543e56c454b1a7bb390c3ed1a406381fa4afd363feada233e821097ac0238e
AES/2011/page_230.pdf-4,AES/2011,1,True,True,STRICT_FEATURE_ROW,True,KNOWN,unknown,PARSED,PARSED,PARSED,d6a5e63100ad0036f2a99fa2e7474d0122548ae6f454f9f3e4d7764efd9926d6,df618e837514d7e548f6a824ac6b8b36731373c113b502385de9c6ecf366ac80,1025b22d0f6d06a9cb980c5713c6a8dca3377c2e56d87b6d5c9e89f9ef7e1490,fa08d8b841561c57f398d145eabd25e2bfcaedc975f719b563e3ffbc8929bd88,009de527247fdbd89f649c753f25c9639337d66b9b98552c672f1126b6effd5f,c83e112994d2394959360210589e457a9f5ff5267181a237287221839fdccea5
ETR/2016/page_403.pdf-3,ETR/2016,1,True,True,STRICT_FEATURE_ROW,True,KNOWN,unknown,PARSED,PARSED,PARSED,04371c7f28670a537deac4671b3a9d60d79e8a482306b9c221adee3d316d19b4,c0c72c88bb1705fcf7805329b0bc0a817019defee0a69524a2be8505cd14d156,df7f3964b85455677540dec0673836a7b047f80b12d2bb34981a6aa58a540db3,3747b8e2ee36f8ada033ac547efad85c321ad690fe1fb889b2ae8cb34f1f4342,c97a1e3e63cb1288f177df47921ad641137c531ddfb53eeae907444e30bf3ab8,0f09d5b123531124a9fddfa151e87cc8c9bc27be365a89cfafd6e8919c2fa4ef
APTV/2015/page_50.pdf-1,APTV/2015,0,True,True,STRICT_FEATURE_ROW,True,KNOWN,unknown,PARSED,PARSED,PARSED,76b01751496194a0b1d9bcc78aed189d14d97c4901c84b0b564fe46f4ed08c19,608745f08dd1518a9098e6397577572cdbe560bdf6162b21c9bb6068d1c1d15a,1e5f3b0f701970a5125b9c1d3bf54723343a9906d90a0793d83e3064d84ecbac,e97ae2404885bc63637edc0f8ab18bce30b4c1de4f18f7d60f73e42783827d3b,0a935f06d8324167aa0e39de1a449bbcdd22edeeb350a9e3913ea6b52f018074,ed52bc479b6c206b0f852763bb29757a59aac52d205ef38d08c8a140c92b86e5
AMAT/2018/page_31.pdf-3,AMAT/2018,1,True,True,STRICT_FEATURE_ROW,True,KNOWN,unknown,PARSED,PARSED,PARSED,8197dfcbbe82a0c3e207a2e31318148ab70f85d6df8d9974dbd53fbb92415e66,dcc94a282a07d9fc41ef9cd456d70a3c3a5ddb6bf8afba6aa92ec6be59ad680c,b3ccdb4fbb640cdb3ce0ea069461e39102c4a6b7724b7f65c04a7b313a1f571f,2cfee09defe8418f076e50173668e097dcbe3589092410909b0ab8cd9d05eecc,c3cca3455211ffd5e1be89a5453a091695e3ff92150290eabbd4ecc3c3bbbe08,5018a2dfba6089462287e61ba49e589ea9b985b6f2046850bdc593af6056fa14
CDNS/2012/page_31.pdf-2,CDNS/2012,2,True,True,STRICT_FEATURE_ROW,True,KNOWN,unknown,PARSED,PARSED,PARSED,3746af96adb961e75f64072dc9a3be069cfe612c3efd345f04221929ed06cbec,16af515cf6392314c58c799a61a4aea1447fa2e211430db47208f33922c78377,1f0b73f4825d2fd2ca317cf177d31e7d2349ea546ef75de06ded15494e39cd02,f811d59d7ac2c482da50345c2c66e1102ea91777332611558a90aa697d8e50d2,52ae7c5e00fb10b8cb9a1988eb538f7db5e4f64df5493b3cf245a94036d087e7,dc284c8ca835406b67d7d6138a4cccc94e1c4cbfefd967594a7f198a08eaca3a
AAL/2014/page_80.pdf-1,AAL/2014,1,True,True,STRICT_FEATURE_ROW,True,KNOWN,unknown,PARSED,PARSED,PARSED,5a2d32ab7433274a9c400bbd9f30d0e4933cd74f2c475979480d1e475ce3ee47,15b2e7b593e0f406ed5f799aad7b45279c83d6cc8edbfe84a4b6be9ddf429b4b,2b41cf706b9b6402a2c840dac436762209bfc67a6fa605fdf733f9d689f6b4d6,e514f9d06f66bc1c77a0f3fbc2b347c551da71ee29823e89a4fdb45109f4b34d,7b4feab572d9335ddcae3744c364578233aaa441be873a25062cfd96869f38a3,c678a219c433971c3d69367164dc9138a8f4cd2e0e7425ff1b5fee6a76ffaf4c
ADI/2019/page_77.pdf-2,ADI/2019,4,True,True,STRICT_FEATURE_ROW,True,KNOWN,unknown,PARSED,PARSED,PARSED,2266239d56c7854d0569c336bab0db04297b077738c590671c3b91956a7d6d57,d4117a1aff0e2611abff02848d5d01dc5d88a5362170732ae3d6617789bc09e9,9b383c70216442016069369e9a0ff356cf6783edf69b242c601b85bacc750f7f,ca58d6a1399d77087436868cb69b6557bd6b76f50a42fcf35045c1d5d7edc80c,04ed50cfcdece75a642eb5be603899bbb535d14faf43efeb1a57aff597d788b9,1d624f5afa37bfd950abdec7eb0426e46046d9a7811a4498bdf47b978517fd91
HUM/2018/page_46.pdf-2,HUM/2018,0,True,True,STRICT_FEATURE_ROW,True,KNOWN,unknown,PARSED,PARSED,PARSED,c394acc2655b1f9eeeebc59f46b5651916c8849187ad51628353d686df30e89f,29c391dae0db62b8943a171a5aea3a9afa3e70781cb89044e26a43dc155e6ddc,0bfee8bc7eac57de2aed99282a57b4c905887387db48e6c52e9293e643be5c7c,3be265e2b2c7026b6758ea124203d7007057c0b1ed93403533cbba9063301a61,b389f2adbf9243fb5f0f38faa9e15ed9d1052209d94d7c48e04471e228b91a7a,ae1db9e7c506006995d279795bd5a040e9d198cb669ab54b5704db86f4b0710d
PKG/2004/page_23.pdf-4,PKG/2004,1,True,True,STRICT_FEATURE_ROW,True,KNOWN,unknown,PARSED,PARSED,PARSED,20e3bf576ed50c1a9266e9823704109e643c71c798240ab481c75f195400c2ae,00d849a503c515cc08dd248c33b52c534170e43cd94ce3bc6a522f5d58705d10,fa4974b202fc4ce7b3b6f12550bd430e01021dca5728c62944318dc4914e8233,625fbcdfce6e25de4ebe9629ae9c0b31bd7bcfb77c15a540c640adf988012127,c45e1dd37566f4e2602239eb55c45ca07866cbd61e60b3e62599812a057f2ea9,74076b1cfa7d0ccc84c090c8d25ed044b6b5a7612f2888774b7ce9b46bc0ab5f
IPG/2014/page_37.pdf-3,IPG/2014,1,True,True,STRICT_FEATURE_ROW,True,KNOWN,unknown,PARSED,PARSED,PARSED,d1fdd9490778c51638cf18ad77eb11bc60e32dbe6b63e5d8078b522be2b9b8eb,4b91256847d40c20e79c8d1798e5e7134af53108997fa764e5793238ff6163cc,9c91de1502ee2a05fee4124cb06ddf667244d91d4f732b95bfd4bfdd2b6f4cfb,7be09236f12b8e727b56d71ae37415a29ad58c96ed7a4c6595e9d78aebfbc907,94659574d4eb8645134456159e5374655a7489bc69528349bd2628ae8d066f61,80f16ea129b56ffc80c323dcb151a2fd877cd3b6bdd1b2e473e1575b85f3e06b
RE/2010/page_120.pdf-1,RE/2010,2,True,True,STRICT_FEATURE_ROW,True,KNOWN,unknown,PARSED,PARSED,PARSED,7eedadf4ffe1edb9de9035ad4334091c80fdcdc087b5e3348c0d22ce806b8ed6,1d5706b13e188f138de124bd8612381581352c691e443b5ec17445272a648554,bbc1223979d41a04e8bacd66fe6dcd86b13c972f8869c830cca5ad78a9f90d68,69cefe5bc404cd34f4abc49d63e61500dff56c13ef85aa3ef33c6ac731f9c9a5,198a72afb14ec8a4ef61c8b7d49cf2f496d52898f2c41a6de5f6fc80d5606c94,63df8ea75d31d32e20d2e379e4e172585c2c7f6022f1f3ee78afa0baf1fb30f6
JPM/2016/page_140.pdf-1,JPM/2016,1,True,True,STRICT_FEATURE_ROW,True,KNOWN,unknown,PARSED,PARSED,PARSED,5830269982dcc3588a097a989d8c02dba8e53a0353b7ccf2392b3870b2f9d11a,68efc66829f625e7f54ba6a582ac2ce0aceb958759af51b123fa4a7883856191,cdb5f153a0ea0fe294814af776a95fd69b7684674f04cb3fda7aed7059d9fd2d,9b9b86cdb2d547cf73e5f70694cb7f45f4010c6771a2bae2b25f73e5d9df8607,b82edbae1c82cc2908aa2866395c769d05a2d53b8fe17d98c308d1c041d50af0,daf1df4eaeb024f212d096c2c7f49525b2fcb4f251b4634a6047efa6c0d6f5c0
WELL/2016/page_61.pdf-4,WELL/2016,0,True,False,NOT_IN_STRICT_FEATURE_ARCHIVE,False,KNOWN,unknown,PARSED,STRUCTURED_SCHEMA_OR_NUMERIC_FAILURE,PARSED,eef63670e9365c5e772758db727713312c79dc5b44ca5d9fe910608aa0ad3951,6ec50d7fa350a6ffb0870f69e9e74073005621e3b211fd8b1ff2af00ecc207dd,4054d7b73cb26b15b11f14f326c816d0e14348ec9e7fb89c68627e5ac4ac157b,3a4dca901b5b810661c662476f1196468a2b28831b9e956ac8b48c3732a888f3,25b332486d0c9a362c8c64472fa43b8a0cb81d6871bd787c3edec144eb27f888,e22d6c103008eee21f18d74ef23197a3cb48a28ac76faaa2adb49a383d562ac0
GS/2013/page_193.pdf-1,GS/2013,3,True,True,STRICT_FEATURE_ROW,True,KNOWN,unknown,PARSED,PARSED,PARSED,7aba76859ac5829aee95c42df9c702c5915b09a5f9a955efca3d7bf234b9e436,57e620608341dfa9b8a7772e97339f66529295f30fcbc4625a06d8cdd322294f,c706fb15e17702d05b196cc5661ee06b93cf68580a2fb789f56b0e5e27de0843,0f7a6509e90ead2519247d84abe70fa133190380b69b455bf09d1004f5113369,f35141aa7fd873ccfce9f0a53e278e50a49f18c1b80ad0675b2b0a0d42250ffc,9f353f763af3f24c2c8f6a2c6d2bb6a3d9edb383fe99d8d829b736819e8d662b
HUM/2015/page_46.pdf-2,HUM/2015,3,True,True,STRICT_FEATURE_ROW,True,KNOWN,unknown,PARSED,PARSED,PARSED,c4e6634843a678305c4e3f383378e93cec0c2a3a85ba192d4a22f6b1176be8ac,0809e7a6bb2b3929e93fb1314206aa5635455f36b923117cdef50fbe50f98fe4,52498861519ccf5315b57bbd340649262d41fac1c439f99a4483e4c8de6706da,1fbe629893c9bac9918569c62f4a7872dbc9e1acfe4f1ae8b8a07a57c1e2b788,fe9eee28c1d3ee25846edca314aff8bd573c75ab5b38ce6da4befda0991ffb58,47ff02f8a257bb7b08106e0ef9ca66a91fdbc98caf6f13ae59bf398b1b148bbd
KIM/2010/page_94.pdf-2,KIM/2010,4,True,True,STRICT_FEATURE_ROW,True,KNOWN,unknown,PARSED,PARSED,PARSED,0e78dbeb2e13815bdf4f788eac2060205c8689cef5cf9151becbf6db3f793a23,188dbfc3e448f63f72fd2a39a80e8632c2ffab6648f230e1f58c91a32490596f,3a9a3d94a9c9ed784d4ce89767bfb8575cb4f45d53de61bc1903ff1152c27622,8bb0f7dadd7082b3d4d3a4346adcb5a79681cb1c8e04329303cf9080ab0e72d8,0749e775d16e46660bfe5ba2477ca33978f0d12ce77f6649c9d5aad3845f0353,7128f3d7dc1338d516e77afda08280d2c961d4b8f8954181216697bdc63bc071
DRE/2010/page_56.pdf-2,DRE/2010,4,True,True,STRICT_FEATURE_ROW,True,KNOWN,unknown,PARSED,PARSED,PARSED,eda021e1016d4708c82193e0e47c06bfb33eed697b39f14ca3b5330a70bdd949,35429c74dd9b21aad966d2ba8a89c9f1e57cc885321453f7f81f51dfcd9f80e9,8205d1518004ca02b196d7f1063a317dccdddc2222f72bed09e610336a6cebf4,b5cdb994e5e628290ff82ca11942299a109a174025e25b6e7118433b68829b79,970545ff01b22407fb342dfbd681aaa5345c5d0ec6044528f5362f02469f11a5,7ad7e1c25fbff67a255e94dddc5789e80c7cfcc453a3f6fd87be6cdb293a871e
AAL/2014/page_89.pdf-2,AAL/2014,1,True,True,STRICT_FEATURE_ROW,True,KNOWN,unknown,PARSED,PARSED,PARSED,1d630ae88448da3a5445053c7617b77350882df0503010294ad584fd3926f0ff,b82beb3f37cd722d4b8f457a50645b3f347e3bc939913c6725ef24dcd5952e04,6073e4467938a4b5cf86b132e9da4740fa53feb8c2997678fc1bb7cde4539462,3b81a4bbb5069a140745761515d6f7bfcd38c5195c2613c3d6adadabfe4f90d3,60f37827eef8b2fb1936039482432e56491ad5397399cc011f47c06f5db9571d,f0e14996721675d3c8ac9bc2192c31fe3b821f247421ad10cd67e14870b21045
BLL/2007/page_75.pdf-2,BLL/2007,2,True,True,STRICT_FEATURE_ROW,True,KNOWN,unknown,PARSED,PARSED,PARSED,15da20bd20a51c93f9651250029c118635b58cc744899bfa3f5ea6053f6f4826,9ff46500adcc5b8485492031f25808ab5e7f3e1b4650c4580debde61cb273850,c2ee6b1ad44a1920b944ae1a5de7f1b9558f9db423f9ca9223d2667cf5f28fd2,ecfdfdb1dbb12cea375fb46cb2b6483856871150b9d9f7deb8162448694b0ebe,77dd764d31c4b80587d22fc266ff563f07fb2c72d874e9f4ddd190a8f7b5f489,40a115bbc4907b6ef092fe0e7543e43861f9d8c70510cfc36c77d0af97caa409
VNO/2010/page_173.pdf-1,VNO/2010,1,True,True,STRICT_FEATURE_ROW,True,KNOWN,unknown,PARSED,PARSED,PARSED,cacd3fda68a1908889387588618ee8596bfa5b16b9bff09ec496bc084e984344,237fb3e01487c10190b32c64960fc5f748487ee555b4569bf39f6ab8b175901b,5843cbf988e3f04a56df5b62e672cb9d8cf7e8061f6e7958ae7f4d0db6cb1982,f172847556a8fc5892a51cea32b6c84bc97529f0ae961ddcdb9994b7d5748882,4fe70e92e01d835362629c77a695b3ab604bbdf783bdfa3121ee7c73395e2796,48a9f6644f6921ff7f13fb5fd2db0606c2e2417addaab0cebaf19e0097725f43
RL/2010/page_11.pdf-1,RL/2010,4,True,True,STRICT_FEATURE_ROW,True,KNOWN,unknown,PARSED,PARSED,PARSED,ef820279e853733ad1d1b766fb6e9acd5b2007fe23bc25701fe83374662346ec,229e1b7a31c755451b76fa3739ba86021f36601dfefb3dbab874f0d029f02be3,361a66cbd01c4353bb973913578fa241bd6b85ef6a38b003d9eb42c7aebcb061,628cedb10d7f23024eb4fc499bc9558c47ae0a1f013a9b1c47a26786be80c01a,eac9b563de913bc86916ed3954cf5fddb3f8e0f66616eff6e44b293d439b8abd,8d91c3b09e3855d50ff773ebb8a2d12093b72438b9fc93f0bf1fbc0d1c1d3f1c
LMT/2016/page_83.pdf-4,LMT/2016,1,True,True,STRICT_FEATURE_ROW,True,KNOWN,unknown,PARSED,PARSED,PARSED,d799781bf3797a8ae8ae27ab63016648ad842f0e6b565e468d3b750bd787475d,a19a3e9a3831d045e7850288851613be20a23d51e442fbccbafa6d11357a82a3,70ccabda25d63f688a3b7bcaaf694cae62302db740db1e01b6febe52ba196134,ae47c1dbeaa37de58405e7b0539942e9fdf36a72d4c7767c987be1f66e5fe314,1abcac0798e5e0c34cafc23ecd5c5e7349d5a05e3f374fa97580644550533017,185c519f852740f6b10dd40cc699e2b1fcac995a215e9367e996c10930ebf52d
UNP/2012/page_29.pdf-1,UNP/2012,4,True,True,STRICT_FEATURE_ROW,True,KNOWN,unknown,PARSED,PARSED,PARSED,5dc5cb167f74f245d1b48a51b735bae9bea383d288476f109c21aadcb2935205,869a0b1bc787f54afdfa8c066fce0bae14c3d50afa032e32d2ffd313d1d04c36,754d2d6a92ec588789e5f4191f49e92950b3316971ec7bfb385a2487ff9f3204,1cae8924bf3d13fe74847cefbb85c87e755a1b085887f596741b682a1ca89652,aecb83bffc5ca9ef0f1acad37d615ea1b55e62a90a369e586858279ba9a69a99,caa9e7227c205efc576ad056b698d744466ff4251b381d3aa931ca289982a3c6
UPS/2015/page_35.pdf-2,UPS/2015,0,True,True,STRICT_FEATURE_ROW,True,KNOWN,unknown,PARSED,PARSED,PARSED,e7bf9cea2550271e19636883ae9a342765f4dff1645a497c435e6f4c79a041c4,1bb27aa3e00d9dfb4829aa694fb700d7de40e0a760cdd908e85afa4dbab2054d,f58497c729cc0fc9973a1f32e7316322025e8eb774741252537e80404a27ddd2,9dff6a40279e6bf1a35ff57c2acbd391f0733eb0469d635130d9ce3a45db8938,fd35038525df243bb95ad02f7c54b4ccb481405078062be110f26fc4f6c1365b,259f69304be6099d81863048908ae92dfc9b3d6a4ece672b7975b49af7d8de29
UNP/2010/page_24.pdf-1,UNP/2010,3,True,True,STRICT_FEATURE_ROW,True,KNOWN,unknown,PARSED,PARSED,PARSED,4aad8ddaf1cf04b9b2c9033e9c4687652150f85405995c537ce9b30013413b26,07b958d62a09862f391ae834226ed44da35cc3d15a970440d6c2858dd814704b,61e10d575a741ca550b4730d5cc4350eff31f1274caf06b43f699cbf92a0dc6f,610af4cfad8a9b7137a1452a85d798df800d984c568f6601757ca3743c4dfc8b,a7123e28dde73fb04a03a4776eaa277edc66b0ac6f13494a5f0dc81345fca5c2,3ad58041336572d42d59dd3699055e3a970508c72565fba84513d2153c6bbb52
REGN/2010/page_72.pdf-3,REGN/2010,1,True,True,STRICT_FEATURE_ROW,True,KNOWN,unknown,PARSED,PARSED,PARSED,4a99f3304d4ce32a238c5af20ef249488880414459e119abca326fff9fd390d0,29033518ab5ab1fead83418181348f9b82e74c3b4bec3c743604bd939e48b4b1,90595f894b008d9e17bfa35ec87f6add0305bcc83980bfe96d196dadf646f060,07d5fdb936346cd0feb8be62ce9c07e1ed040595c779890382d5240c7c69c026,31118c1662fe724e60b20f4806ce7e8ee94c27484cf7b41ebac2f55dd5b1b701,0fd36e7cf7232ae35603d1bf5e0e3246505887a464b64885bad72ea2b6f6413e
ORLY/2009/page_77.pdf-4,ORLY/2009,0,True,True,STRICT_FEATURE_ROW,True,KNOWN,unknown,PARSED,PARSED,PARSED,ff3887d43821e5aaf5278db68e634bba7defe45dbaa5c72abea832abb46f16dc,b4891874a721d934bdf24b7cda880cf1a13742d811f07a6139d1c580a6af243d,b1f7552ab2a449ae6b411e99423ed4fa3b237a0744230f3751df95f10271d706,698ffb55b8ba5b8c980c526b868d1c08cdce5ba46fabffbd84e66c13880aad4d,bb40e8294146bf33f1d243a7ca9032179b8d8299fbd63f32b240d4c38eba4580,6ce336042c869fd735b491f8b5c0cb7533103617f7566ba0286cce9c27e7a2e3
HIG/2004/page_192.pdf-1,HIG/2004,0,True,True,STRICT_FEATURE_ROW,True,KNOWN,unknown,PARSED,PARSED,PARSED,b585f8acb4edb58f6166498776d3c2e032620c8534af7b575b108e1b06c90840,54ef0ed233682e721e29963074c90a8ea76c63ce447365e16413818f0ee1c5e2,0c2ff4096f070201eadb6d27995e4b1de37abb962e003307c021bc011f43c4f6,fa346f317606058a0d501cfa59a54e32e373173ebc4f5c735ee95516041afdb9,9bc2ac8d145d7ace3bad86f4408b11f9a39aa66f5780bc865a53474847899d11,c98b455fad6ff9914ce80d9c78fac79bc20ec09041294c7dca256dcf3fded845
AES/2011/page_270.pdf-2,AES/2011,1,True,False,NOT_IN_STRICT_FEATURE_ARCHIVE,False,UNKNOWN,unknown,STRUCTURED_SCHEMA_OR_NUMERIC_FAILURE,PARSED,PARSED,b2647511cfb77decf1f732977614470fcd16be0ed5b96885177f5f44416969ff,6cdf783ada76186d0261df1fafc4c765848264dcdb3258b88ab578843d5f770d,af07b959c1c3363953a9f38cd4daf8b165992f2a55ef02073b21f021d826494f,4de509efdf75609dbc5f5e1302a7b839407e409909845aa7a3d6263db4d5cf63,f77377de92cfbe7d3225628e042d8004edd40bf1e60172e992d54cae7feb5890,b40732d20e5e30b65aa8af42e5cda1ecd1046321a4cdbd4f9400318e7eeb26b2
GPN/2016/page_83.pdf-1,GPN/2016,1,True,True,STRICT_FEATURE_ROW,True,KNOWN,unknown,PARSED,PARSED,PARSED,82b937c1a84de2b6896c24df8809a5928b48679dbc115cdcd6684ddf0e60c334,55f075ecbb5c983b0645867325bc05255e6d57bda983aadabdcf45c2debc4ab5,a11bc36c4200a08c90e157fa001602279b083a3eb632797a62f1b610acfed592,cefaf185a24d996b035403d5eeca85e783f32c07326aed7577ae0215feb5009e,1de9cb76abf4d817dc84ffe4ef3459a3017fe1da3678aa719f4d5884a7def186,b92af6ed05ab8c227f83c811470c0d9889a3d88353a638a9db2a4e478268ceed
RE/2006/page_122.pdf-2,RE/2006,3,True,True,STRICT_FEATURE_ROW,True,KNOWN,unknown,PARSED,PARSED,PARSED,4f29518191d6cb8373b0d2f6fe590225c92744f17a4b62bb6cd7057fb7df8f12,0898aa6a4b6fc0f3277fb43ad9d90104c43a84acb65776b9a9be3768ae813f40,60fb2dca62bc0aa4bfbeb63de08aa9370675c38e27c09d8c0a67043bad406343,74862c9f96070e0de77c100c3ba7e2afa69bac6b584469dcb8636213c5cf0c27,eb68c65968688fe7a71f101fed20c44342d90c6849a1349aa04ae9036b071279,a046e074080821d7100ded0244eaaab03f7bc674970524e631242647b3c9dc1c
BDX/2016/page_62.pdf-1,BDX/2016,0,True,True,STRICT_FEATURE_ROW,True,KNOWN,unknown,PARSED,PARSED,PARSED,3e2be17163273d37b3dd7cc0536f03706359fa95f09842c1fb06828670f83e19,3892a62f3c18a34d51a442a1dd499c6825619f8fec6927e08603ae820840796f,d6e9e9dff5d3afb446078a9847faf57cfe01a9126dbe647a69429742138afa5a,03cf8357d667d02b8c677fa49a99e69914d904f986b7bd0681cde4c8e851e235,4014da2381c7bf98436aa17ba949bcb0970e16776c0147ba16c03c3c9f8b75bb,3e0c3ef56bd21104a60963446d9854e992542da39c547fe9d60815ae36fd481c
MRO/2012/page_39.pdf-3,MRO/2012,3,True,True,STRICT_FEATURE_ROW,True,KNOWN,unknown,PARSED,PARSED,PARSED,d3f1f74929b8b192c5e76bb2c85cb4c2d7a7e45a309b71e251f48e6f26df0d37,d41bbdb7b1c2c11525a23d726ca4bcf020f7e7e8f20120310e1ff776c96b7e2d,09e6b219869c56918eb9d46eecb72405729faef00ba6401c9177caeec556d92f,6627c75c955dc7eb0fa6c4ffe00b4d1a9545b5768bba4075d3cbc6a50ca09305,4ed88deb48b6ce18fb8f358e2a60760d613382eb14d7b5519eb95dbeb467cbcf,87a82c3ad73bc9ae22dacfb0e424e7b5646622a0ba1dd567604d7ebaf0e60c22
VTR/2006/page_88.pdf-4,VTR/2006,0,True,True,STRICT_FEATURE_ROW,True,KNOWN,unknown,PARSED,PARSED,PARSED,96f943fcd7db79809bdd23c65eb4b98320cf94019aa79350837ad795a54315ac,b1c5333700b3cb04084247e34ea1a8455428ea8248beeb2630eec52540a950eb,cc59a3c7e30ef5b7e5731ec124b63e2391d56e122dfcbc60f9f90b8e6e946223,4ec645dc8a632a1eb98d298a394eb54135d11fd9ee63452a751dd51803905b92,cc3a7b49aba04d0d08800aa5a18f4cc6254d9bc4fb8f5ecb504a26cdc8e9cca6,0df07a382be72c1e3813748d34c2bd4433c6f691e8d433a46bfc1ddf67d5fa69
HOLX/2006/page_102.pdf-1,HOLX/2006,1,True,True,STRICT_FEATURE_ROW,True,KNOWN,unknown,PARSED,PARSED,PARSED,2353519d092134b05427414e8cd094b42e2e7151d5139621d0eeccf8d5ce80af,5baa22603ef586386a92f6dafda9c88ae0326f6039a1cecbdaf74ec2818585ac,6af01650fd70d79a820c60e6314e46d2bc5194efa061ae7e17af5d5bea5363b3,9d00f2e88a5893db8fb376d4a2042750a780fb5a76f0830b26f9a149ae20e735,edc4325c4bc77f2207c41b79cf841086edc64f28a8cee53c898c489067eca089,bf857f0e6a7a32aa20ca99a9b507c6de54161478ca2af6a26bc7a2ad3612d02d
MMM/2007/page_66.pdf-2,MMM/2007,2,True,True,STRICT_FEATURE_ROW,True,KNOWN,unknown,PARSED,PARSED,PARSED,bc59e13e7a7227b487c345467861cfa1fb260f3b1af5b4d4b75242729aa9d94c,cafa814c10481d43b937227b1db04ef6fe07a1a6befb58b89668b60154c56cff,9dcb12a7939b583db3562e00aeff24ce9e9bb77167ecd89291b07f89cada6d13,1b7429b341983321d1912f532e5d7de4798137878097534924f8f4a5ea6ce962,8b5803ac30fbf578ed515915756aed3afc3dfb8d91ffc770d85b1a30f1d7b942,ded562a23ad7b609f8038688f52615e9b4d7e2a6d5a1830c45ef41cb2dd97f74
UAA/2016/page_83.pdf-1,UAA/2016,0,True,True,STRICT_FEATURE_ROW,True,KNOWN,unknown,PARSED,PARSED,PARSED,e00a9474ab0f4efa38bbc41dd64842437cec8df973fc5e20bcf5afd2e618b593,6c5d19b24eb4e72297c5adc27eacaa82f7ad5909903c9033edc8ff16d1308a70,69eba4282da9c90244f8a9424217a3e6436bb35f793fa493462316472134a0c5,1b2c2fc0bbe2d8332d80f2ceae704ccd52ac7117a23c893a57a1458433217a89,92fff130d003cbf0b7ea944979d7888ab7fd2ef93242778c2d75aa14b3dc4c94,040b1a28acad1a7b76714542553a5de07bb8000e36a672fd69f505874e15e097
AAPL/2011/page_24.pdf-1,AAPL/2011,2,True,True,STRICT_FEATURE_ROW,True,KNOWN,unknown,PARSED,PARSED,PARSED,d036dc6026dc621747683ef6b88aa9ae9d24a6294ec079c874f0d55ca63a7690,3762c18a38c33f20f0289516eaf4f2a60f0776f85cd343139efc389907d057de,58676a74c3143a4419938b045ec128551a787a82ba2d2cfc638956d85c85fc7c,113a8c3202e84d0858c06b942300e88481102d0847150cedeca12f74029746ff,56d241f021504fc5d7f4e41b127a4c0fa54c898a13f0075e9d0295adb83c1406,4a1d354800c61603fd79780eb3cc382911fba8683eee4b8b527d0820e449597e
VNO/2006/page_95.pdf-2,VNO/2006,1,True,True,STRICT_FEATURE_ROW,True,KNOWN,unknown,PARSED,PARSED,PARSED,03ea27bfa1579a92aeab2304766c7b1e97f34a28cb37752e42974f01d9a2bd3e,c9390a496041b5dca8459ad15e2bea3b7dfa21c143fcde00d1679584f962ed04,3b6937a32d75cdcdf413a0e7b8cea9fc15773651f30d4d824aea4281cae3280b,12ea2e4b3c87a5125434958dfbe2ecffa7bbc3e2ff7d36d4733b096a59d99373,aca0824a4665f6646fd4598de50fd531e9d937355df24b3ce5aa300cbea38579,27185732f49f4e4b4f4168a63a9ffdc3e69941781113a8c193fe7ac276ae825e
DVN/2010/page_70.pdf-2,DVN/2010,3,True,True,STRICT_FEATURE_ROW,True,KNOWN,unknown,PARSED,PARSED,PARSED,9d59023a9b7df6d90d705640328873578ecb2bef42d1234ddbf77e5f11d4e117,cee32a78d24f729d9c5c7a86eefb012227da60cab361e2980d5fab1cde1693d0,ecd2136f0fdf141c20f4c16b7e7a8646cfd8b0703cd25aa90089196c41df04a6,fa8c43bc8405e462d09792f030498982c728142626c4f251cb44cb8452fa4bc8,bfad8de0800c08701d358cd6918fcd653ad037563b51b5a3b1d5fc67e2f40407,1d4da2cc9c39d94de98138764be26e1033e4d2cca920428a49b6b0c4c79aeb20
AWK/2015/page_106.pdf-1,AWK/2015,0,True,True,STRICT_FEATURE_ROW,True,KNOWN,unknown,PARSED,PARSED,PARSED,fcac032beccfe79cea81e792fbe779e7d27d147b323a2faadbbaf85550f8c754,e4df415a5bbcd984e827a04a2d9ec139b5611e62fe2f1535ecf1f8e58681377c,0b97e19abf4a0083f212dbf215d5faad37cc1c7c94ee10e3723fee81be975c29,1b82f630e9bf3c4e263eba73e87ce6819632f4be46fb41907fcd47e73a57cb74,f5beb5b58db33986577962eaa253df133b7733cef20583a782528fd6273619de,785bbdbb7894a4e8a11fa68ba8e1e06ae461bb36807c446a3fd2f9f41ae0504f
WELL/2017/page_48.pdf-1,WELL/2017,0,True,True,STRICT_FEATURE_ROW,True,KNOWN,unknown,PARSED,PARSED,PARSED,627e9df53a38699f306de1c7a510f58f1bda2715421f6c1ba611945ebfd4c7f3,ff1ab6d274c0da54339d8e4685397798f35d1a151e5e27c4659a7da2b1beca64,16526be1ed76477dbab3280fa2893b510db70720c28e2f87ee3c7b1b864e7936,e3fae16e0c4c2be7635b7970b532953c6d11a01f78526bc72a969feee875fa0b,28b1072c1eae91772839e7fa271bddc53a6117888d5bf85b0285d1693fcb68db,0bdc59869f3fd9ff4783317a80df57b80421cac265b865c5421495ac91dce936
CME/2010/page_71.pdf-5,CME/2010,4,True,True,STRICT_FEATURE_ROW,True,KNOWN,unknown,PARSED,PARSED,PARSED,394085f2ea92d1479e16f497fb0e499299128ea42e373fced5e2b86f593857dd,11271a04cbd0ee92600d2b9027b15d3e05361c61d3008040809f58fbe156bb3c,a107724c2d3c241dcca5cfbc376aabe4878bd7802214fbbb0a1392c73883c0fa,062691ee886f4eccaaaf83bb407ba5077712c98a8cfbd31c577c7d7233a08e85,ba278e28cbe4ed66be71828e16fb0ba27367d4bcacaa1f7caac368f472cb5ab5,51c10ca7e0e6744cc8ec38c19403503866e7dd105501d0814914a8bc37894db2
APD/2019/page_108.pdf-2,APD/2019,1,True,True,STRICT_FEATURE_ROW,True,KNOWN,unknown,PARSED,PARSED,PARSED,95fbcff174ae166fed41934f6c549dfd659f9cdee1dcac597ef6433dd03698b4,50c68b6707be0a2b2f0148a520a463d1bb3beda9020a978a26b8745c35bcb6a7,232121d185e78c7430ab2c286f31fe15a8674065cbcfa8f3c22377a0ae0c35c7,4b45e986bc70cd5291dc4369d0f5eddd56136686dd649517fc13a5d9a5c6eced,d0198d7dcc0485575bc6ca1e19e075219fa01823efd733d6684828136dcfcbf7,07aff4ff77bbf4d850315af369612d13af7a01c582a2c5feb27d1b5f402df5a0
TROW/2009/page_24.pdf-3,TROW/2009,4,True,True,STRICT_FEATURE_ROW,True,KNOWN,unknown,PARSED,PARSED,PARSED,af6f792021ff43162e2454d17028f1f89ed08bea9e98e63d7c58cfd32727989d,3e98d6c7add5f1a8ade40ced370561642a7d2af8525cac31a978ea8b10a9d2f8,7557262432daac43787b501f146509d8bb31a394ddd0d3b4c6182a8719b10a69,2114cd6479f07537d9b580298461a8c5b3bf8e699360e9a5c5b97f6196d6e231,6a46bd17a1bdf5f0b7c93c90c8e2a7bf6d96cb7ae3a292e4f73956be9762e82f,b36a4c82d191ff58caa4ec0559a9299ce03e3855cab476c5f68ae5e981751ceb
ZBH/2008/page_86.pdf-2,ZBH/2008,2,True,True,STRICT_FEATURE_ROW,True,KNOWN,unknown,PARSED,PARSED,PARSED,f6d7f94c41321d3a3d0098ee8cf9c7183b5f8c91d2eca7728244c474e2fd94fb,b46e4aaf73d2b3c7cf42c363d9a65eabe62be4531345163a18cece65d39bb270,8baae1da33dd89afa85eadb4d7b899ce96282f9887357b9ead0c8525686e6c1d,9fc792aedfd33503419723396a24cce3f6012c94585d6f9d17c5c4f88f2bfe62,4f3327c3fe534888ed8e9d0f9eb19ee645aa4330db5e4c95e05b29fb5d2b420f,dfbc0743a65b3878504f92217812f8ad7a483343cc4b338edc6e5b60be93ef60
DVN/2014/page_88.pdf-1,DVN/2014,1,True,True,STRICT_FEATURE_ROW,True,KNOWN,unknown,PARSED,PARSED,PARSED,47fc175277df0efb97e78ae141b1945323f1e8130cf9fb90ff5724a9536c62ce,f5f2788eaabded6c74eefeef47c85f8f8f8ce273c9a641134b0801140d22441b,07901d5a26f71f03091a2c3ce753b199be663d00c44fd57faf0d70526db908a7,1d7a93edd971aeffa5b079fa11f78343304a75ba1cf6ba12c9a64feef7bc689e,2296522c205b4209957969ea15b443772f63f80323405d8cff47c47447f6210f,59f0ef2cff09ff81b5a49dda0d28e9c4b5c67bf677bb57621815ff7078599b00
ETR/2004/page_158.pdf-2,ETR/2004,1,True,True,STRICT_FEATURE_ROW,True,KNOWN,unknown,PARSED,PARSED,PARSED,91e71f1b32c5da4f974d240f3f35664f901ddd0790c2fd405e5cf55a2fad0834,2ccbdb15b292216cb6e1b42574b888a3e1338b330d56b0c560dad9679191ffd1,c5dab0346e5bb83818e6536e619a12e8258f5a806f55aea7bae925dde650c5d3,0728e437311578e37dea774d780c40420fb0164975d8ab4347af8dc5c7c2dd7f,ed9eb09e6ac1658783e4f8b89323f333bf86f0caf3c39129f00b1c1431e2f4f3,5196c6ffd2cc36aa10844658d22e53da853a41c853f4440699fbef0c6708d753
SNPS/2012/page_62.pdf-2,SNPS/2012,1,True,False,NOT_IN_STRICT_FEATURE_ARCHIVE,False,UNKNOWN,unknown,answer_not_numeric,answer_not_numeric,answer_not_numeric,e7b178ac2a549b1f56ecbdc71721f25fb63fe0980a62bacb5d4298badd295052,87d39913a24d982b3cc36505a26e1adb7bdd55f59e2af9d1a50c0f3cfea7aa7d,cb25fd4060ed5d2c7b6e7cb1f60dc98030dbeb4a3a94147a81b2af9f84f9cdb7,4f01a10c39329dd879b2c6490bc808ce9aec2b420d7753423b8ae368df957ab2,387a787081e5e74a338f02014f23c7d8e351212dab89abf06518bd5e7af96e9e,0c5c446473591711ee2fd4518d7d335f4939f5a8f21558a59a2c370b610288b3
HFC/2017/page_103.pdf-3,HFC/2017,1,True,True,STRICT_FEATURE_ROW,True,KNOWN,unknown,PARSED,PARSED,PARSED,65b8635b71147cc2a87e5906811057161920880f8f33756fc6c875856955c9ab,724081eb563a2ea8be9d279d8764ba402c7f507f53fc93791cef567eeda5ce05,9ee0a88b863fb914f2eefa9e6d4028580028e08d46615df798b09744d0ec1646,8e327e408cf5f334a5d039072e1493228a3370598441d6a08fc30b9b90ed9d7a,54a257f56f9555f5bff880f6595f9a1ed19ab86bb03b72b05302a2844e73a2f4,e2426125c93a338f3f556525611c301fb9c56a4ac5de2b38835e072bcac5ad5a
HUM/2007/page_18.pdf-1,HUM/2007,1,True,True,STRICT_FEATURE_ROW,True,KNOWN,unknown,PARSED,PARSED,PARSED,c17fe1b734014e8e7f09291b7fe604a63b1783d801dbc82d85169cb8d5d956d6,0b3c99f3b78f3329011800492ae659f80ad1956919b659e7994befd03ac17b76,87d6bf993ce40bd2f9628b811d044eb76523ed7b9066276414f5feac7b76e84e,6411248f33decb7c257c3c567dcd42f316d22b087dcb5c32becaf68b00f0a3e7,d3e119b7761c08c00644ff1e1c3f7429967c7f5a867e1a82d9092d85c913a8e4,ab509d04f0995b567d5eaf9b731a739b59cf2254e0e872159da2687be808fdd4
CE/2016/page_88.pdf-2,CE/2016,0,True,True,STRICT_FEATURE_ROW,True,KNOWN,unknown,PARSED,PARSED,PARSED,f679510fa17dfb8c3569666866df6aab8442f8d6dea3784c68b203f4c22ea292,5fec1ad0bb17f88554262576269f033cf140fa588b6f30cff12d3c1c33bcfa6a,306ae36ec47136be6d533af69359b70dc79c9e6b3f3724f7c3f9498f5bdd348c,b60774b0e1852be8831df5a51861ddd7d1faed685e1b3df8f5c5cdc522933fee,e51c91247f7c81a4ca393b2b50bcd1abd6274adc11a812ba4b0bafac8e968385,c510c01e9894e2171a7b0cbbd83396cc3915ab372abeef34b9922ce02d536af9
ETR/2016/page_444.pdf-3,ETR/2016,1,True,True,STRICT_FEATURE_ROW,True,KNOWN,unknown,PARSED,PARSED,PARSED,9b809ea2db89ae19b1afb2faa78493220d9c32d57f1b26a583f43f8408893dd1,ae562f3e1d2ffa29ffbef34067d2b185d242b02212cee6b24ee0995a7b6f0b86,c01fbe0fe323152009590704a292b09f87288e399727c10aab665ac2ecc3049d,a3f24884d1fd0b5e03aadaecc1b65e9ee20a56453fa565000ee37ebca653bb98,dfac649ddedec6f32a5db34fd9ea2f3bce0aaf12633cb68bb84caaa69651337f,8e5809d37527882665bb26f71b1cbea438536a9ea7df8c360bffb4741cf59e95
RCL/2012/page_80.pdf-2,RCL/2012,1,True,True,STRICT_FEATURE_ROW,True,KNOWN,unknown,PARSED,PARSED,PARSED,6eb0a77148d5eb038d46af69683cbe006e69c745700e470c54e73733574e3851,e609735bb44b0d1d6a90532321f8e23d25dfb6d51d4d133c1e35b6e5cf67f30d,ada716cdc331d5b5b6d0c61fe74a76e10844b6030b0fc50ad84a837e965381fd,3a34f2f43439d739222cb8dc860e3a0634957eb32aaf753a169d484afbf3534f,b971253637c093ef874511449a8b4bb9334a1d22b0e64bdb010d391cdb6190e3,21718821fbac136498fd0fa9e37643bb812740d0569cad09d2d4e48fbfa119ae
AAP/2016/page_65.pdf-2,AAP/2016,1,True,True,STRICT_FEATURE_ROW,True,KNOWN,unknown,PARSED,PARSED,PARSED,d9e1fce955547804c38f405a968946f3ec0be9f0138ee738779b3ae8aee47e65,e809e9e1cd150143037f744ab30fcb940b9f85adcde3db94cd0d545e074ed75b,1951149bb9efeffaf2ce8b9fc46b39cf4e930e28b48ac6ec6ed835dd959e66cd,831f087440b203886887c4f6028bdda16e49e8311f7e4645e1b2b2e2180c0148,d5ef11daab3c9ba5cede80aa4e19e5eab79548670cf51a4fde085fda451fe073,df01d69c36d499b21ff6a73ea92e934a8b0845698fe74b108e707103452ffe8d
RSG/2014/page_73.pdf-2,RSG/2014,3,True,False,NOT_IN_STRICT_FEATURE_ARCHIVE,False,UNKNOWN,unknown,answer_not_numeric,answer_not_numeric,PARSED,352a93042fb5cd5630c41772986902f171b365e73c78c54c13501feaf8f49ef9,71491bdb5d52a3f5a0ae47deea5e0f940da7c70a627ae8a3541da915acfafab2,8d3058d77f892789f7432c724899e0ab9c742e45be215df7a7db7f8f9c72dc3e,6ef3e69281242c5e5e8f68101ecba59096b7cb097946ef6a2dd64833a433224e,f57726ad22143c152736ca9a096a83240fc8577480438c5393e9386a26efc11f,df8ddd3a8f4038105d6e68c118f3b17f011d5f475130a2d47840e84424830c42
ETR/2008/page_130.pdf-4,ETR/2008,0,True,True,STRICT_FEATURE_ROW,True,KNOWN,unknown,PARSED,PARSED,PARSED,15736244baec735607e1863f0d15d45a7e93f3b9d4c71d00845170b15973f13d,4d2fc1116bac6021ebfc7bb5de59e3d8d3db0ba2964ed40a32daf447807f50cd,fcdda499b89a3978febf6b15221891f49757ae4bf1dee83d2b8e2d3928ae62a5,519a9aba0fbdc732a28b5e741d4f9cbb186a64bfdfaf86c3ae58cbaf81548ea1,09e6c4da8eb62a759e9ffcb3aee3cb03af9a16c75b587ad1c92e59518dc3cb20,71b2f9f82ee8a92f0b0a9bb19cc69040f98cc14199cf9b0a9cb2e42e92b7e562
AWK/2015/page_115.pdf-2,AWK/2015,0,True,True,STRICT_FEATURE_ROW,True,KNOWN,unknown,PARSED,PARSED,PARSED,de89eafbac8fb7114ba9e83839f2af408f8d4210e3bc94ef79bdda58583d59c9,2b9c3971bf24f964ef708f30f343dfdb79bc2b024f7f3600096c806a65e90c35,5d98d83436b70918fa544fd75c51a442ad1cd9c7c9b5b2b9c3aba44cd7681c87,31aa5783aecc268a3846415d5f6ce0ec53a13f93d878fb33dce2d8f90a5c29f8,d00f6481ee8e03c1934c42783f0bdbe4f0c8310a9bbd486636ed7988b24e0de1,171695c371b67d6c944bcf2a95fe9458b0c82a920ae2d1c90ef7983731de0aee
VTR/2007/page_97.pdf-1,VTR/2007,4,True,True,STRICT_FEATURE_ROW,True,KNOWN,unknown,PARSED,PARSED,PARSED,55fd9e807bec8cbe03af61964c015216eb7d28af62ae22a75c5f871710e8dd01,c665aded90fedb31923f4a232df593942ab129537c0ba91e4fd247154d121bf8,1f261644cb40af5d63f0d0e413e2e11338101d5577199a70a9d7d757dee96a6e,75273fe2c24053c35ea4772a6c4a39f9d5215c3009225dacf2b86ae7cef30f3d,c1b4c61536415ac4a41e009d26cc25d193aae5c3ed51dcec04657d96df8026a0,dc1f569dc4abc1bc7a3c81a387f716473972f7c3e46ff41a1150fd3e730c8d85
JPM/2013/page_124.pdf-2,JPM/2013,2,True,True,STRICT_FEATURE_ROW,True,KNOWN,unknown,PARSED,PARSED,PARSED,b4fe6fb1b2b415f97e3d27bc2b9b99737be5b53c124667eba20936b793fd4c0c,a84800419873861c607fafe5ba750b86631fb71022a703611d0cb553079ec3f9,e32309872c1b84a0c32ce9d1509a03bb6a5c3ad2b6d91566afbb8eca98ba4fbd,4e0595a45fc486a8fefda8931a0d13fd7bce8bfa0404b6444efdd035180d7f03,19d0a20cf255d765c9aab2d70ffd4bdc2032786804fd6a57afba02e17c7a8a7c,2fc7c0132c7372eaee60c2cce9eae8cc5074c3d93ca16f70ea3223b7f7d71acc
RL/2014/page_11.pdf-1,RL/2014,4,True,True,STRICT_FEATURE_ROW,True,KNOWN,unknown,PARSED,PARSED,PARSED,ed7227feb0f6f143f5e178177893bf24cf1cf8643da8f85ff5954b82efc7190d,0016112ec3742e7b6e01f17f3c537b27497102267fef89b8ee9aec4dd4774b79,a79bba3ffec8c8d50978dad34d0f30571199ce1a7601dff3f698baa66df423e0,9b485867b5dfb9076dcd66a341339a2a73eb65388410eaec5379167c54834179,467c6dd31eedf085bb0b14b2537482ed5439d4cc3a6eab7a425ecfb2e9b6fde9,7ba95cf008136f10e0247a340235d82cc547c94971f59426fa12732d685c4603
K/2012/page_44.pdf-2,K/2012,3,True,True,STRICT_FEATURE_ROW,True,KNOWN,unknown,PARSED,PARSED,PARSED,0436c6b43daf0dc79c4e81b0083c87ded2406e17dfbcabae9c58594787b5c7b1,1cc3d0f3706f815756aac1c4c53e48c44a6ac8884597b289a8f2d20abaf29cf1,4ade6596b6bf8a1c6f23ab8b3a298b7615c1764380612299ee145ca053f6aaea,f5de833d59b092f07aa1db31b08e1f483dd4747a8b3bb2408ab1e941dd2d0d96,df6026d8070014d8818c905ccd7e7b918164f6abf513cc1ae62c2b039f772e97,a44e5215192c23c5c8c940f3c661e63f5a6efae046aece04f660676702d17739
HWM/2018/page_69.pdf-1,HWM/2018,1,True,True,STRICT_FEATURE_ROW,True,KNOWN,unknown,PARSED,PARSED,PARSED,e274aede61aed20acee3067396124fd766846ce8b2579f1fb5dcad5a8db2562d,eb9d7a2bf53ddb02af6e805dcf4069b5e491a76e6e257bea833f3861a581444b,946e51cb899d6c7315e41d79d08017a56d3f13e5a4bc78bad41d016d9801974a,ba40190d88b2adddd14c752dcc56297f2a416c7711fcc420c3107cefd25dee84,6a8e586d6cf95e8ddf978098e48e0afc932d326bd7aa1f6638ba17f0daf5f8f9,8c178375dd840f9fec2aea0be3a913602786361a5578ff9e6230dd79f9ccc8e5
DVN/2014/page_88.pdf-3,DVN/2014,1,True,True,STRICT_FEATURE_ROW,True,KNOWN,unknown,PARSED,PARSED,PARSED,157ed1773e7e8fd5984cb06a490d5bf23dfe735450eb9e9851f6910bb550abbd,8a0934c7f6d8512cd3598107e42b3c503b2c9b0ba071f0ab3d03b1e42d98af88,65bbf630d36c08ad693455e0f6f5824885368e5d4e0d5944306344b7eac6015a,972e0ac6b3d2517c1e6b0d82c9e20337da198bbc029defb03b57bdeec7e65f2f,ec4a28320f64ebc06a177c63563853e4c69feb6f5f942415a8d4e3b83acb10fc,0cac6d6ca814859dcd94d270ab70cc4be9a0563d07d5834d3454267bd5af262e
JPM/2014/page_128.pdf-1,JPM/2014,2,True,True,STRICT_FEATURE_ROW,True,KNOWN,unknown,PARSED,PARSED,PARSED,fd28d6619919663b4ab19180f65b54c7377c2e9dbfb5af605c0afa246f779735,5adc35d9803a1809fce6f7028c3558559cf6f00283d49d8b64bce8af123dde2c,244096c89e382e5605a9069917ed5895317de3ae231b7a62e0e3a35b050e1269,f6982b31feb2e9fd0282aa8c5d1094a51c363bd29696a40b33bc0a4d5023074b,b2ba86fc271e0f406dc2de5f51a28dbee41cace1a34114cd52bccc7857afe3aa,296b95e076b072a4fd990722bb27e2c721cd3e92c0485af06de54ab2fce3113b
HIG/2016/page_253.pdf-2,HIG/2016,3,True,True,STRICT_FEATURE_ROW,True,KNOWN,unknown,PARSED,PARSED,PARSED,30c475e2be50be6392a23ee3ce9442bdb46234cc8b98229f153243345c243751,edd6f136bcdafb99e0c86065d341932412c2a66a8983a17ebb087086876f8d13,89b154c7eb4e0b7ba3fa295f9d440238e4a46d1df417bead05cc6ad6dc9ec7ef,9dd688db2959693c6c98347b8d9f626878684c5a77398b47ad72af38f822be40,ebf1958b0abf945bd54be27e0ef8bc0cc97cd781b44d9eb97354ae1dd0794e5c,7fb70db989fac532ba35ee95fcae3ba9b2ddaa7aa9fbb3fabfcfe86a7137cc08
GS/2013/page_97.pdf-1,GS/2013,3,True,True,STRICT_FEATURE_ROW,True,KNOWN,unknown,PARSED,PARSED,PARSED,9c277f5c0642cd718a95bb01a79c3e8ef1dc3b58b7d760daa05e04c8c32d5fbb,fb188972d2cde293c3c1cc12ab1715001bab17509efa07c19150bd2923396308,b10c023030582abd1f1daaac7b2a096a0e4b63dcd855cdb9aad1308e38a9b979,d4736f5d56fbb859888e507885eb2802e253412b6ee186bf496399419cf1f066,a4d3a66b5940b060960132fcee3bbd137cdeeb964a71b118b2d72f0d422df943,107a9f8968dbda240f2df318fd9bd628a236261b3c6775063aaedb20a8901c43
GPN/2007/page_39.pdf-1,GPN/2007,0,True,True,STRICT_FEATURE_ROW,True,KNOWN,unknown,PARSED,PARSED,PARSED,600de772fd03a6851c0f6b0e223dff12b33b375b9853863dcab1869875fa17db,e1e6ab13d61485950a9e6b2d35465c5af9d6577d357c15a55c6f18e9d7119726,58885db037a024143ed1354ca32fe639e71f0664fa5db15a4cb7c4917f009c38,a65489ec06156f4169383b56513d1f01db02512f01ebb0441bd0bacedd4e4bbe,d40dfde4bc5f94e18f0bbebb7e4fd52b1b5e7cdadc54da020368786705e0228c,1fbf242213d5b93e684dbaee2d2151234a12f7885eb117d28cbe66f17e405718
GIS/2018/page_82.pdf-1,GIS/2018,3,True,True,STRICT_FEATURE_ROW,True,KNOWN,unknown,PARSED,PARSED,PARSED,7517cd13ea0b3efac40def46e17d732d33710b98883fec7b7cfd09e5537f4605,0c9ee8453cf144fd8269f65b542c4eba04cebb9d0cc68509d6bce432f96294c4,5f5f16c8fd4c376a7fb444b5957e759b12aa86cb9ced15228932b8544b2c9f4e,23e2470769c89a688d4109394d2eb3d2d7ef14756aaef38b84a424aa52b72312,7ff48119ad6ade9d41405da06ef0e849ed83cdf5a612503dad5d1d4402a5e2ce,65bd3a7a8666ae03a4bf71bb7eb0cd07a06bb8ebcd9a67c3d46bd707c9233cf2
ILMN/2006/page_92.pdf-2,ILMN/2006,0,True,True,STRICT_FEATURE_ROW,True,KNOWN,unknown,PARSED,PARSED,PARSED,b6e4eb0c148b7c33d915ebf4f8f0b63ce3289d1ea148fb07d08d75e4505bc926,56e8301ac09f62240f721a80826bb01363bbf3e4df0eef33e7f70a81cc2d6029,68b89a796ed593f3822eedd1e128855143a822f3ddda1f87523f2d84be2f65ae,880447831326a58fff9dd81496b50d954b39f9e13ab20a15199463fef3884bcb,c2b59ae6a716c862c89cf7c5626f2b8a1fb7548b7bc42ade9b06879c54ae55d8,1224054b29367c0f74039bf9ff1a92680e0732692124ecc4b67eb4fd43d4bad0
RL/2011/page_12.pdf-2,RL/2011,0,True,True,STRICT_FEATURE_ROW,True,KNOWN,unknown,PARSED,PARSED,PARSED,c789533f350c31a4b84225f511a3766545f410779d6e320887b3ea59a1b5dd0e,261a1b13dfb00875380bd74f91141986a4922bf773e51bea3c94f65f53307d0d,42238e0e46da793fa1e29cac1c8486d34b662c5c7be8476aba60b7d5a2a105cc,7bf411e46149611e88f089c3fbc69fc606cc50e76d5957b837a72431ac65e365,184c180c3239ff1c3a12247293be1e838a8ab370ca86cd9e5da137351e28808f,16beb499f2057b100608755914573faf36523731e6c55d49037aebb3b4f0f956
CB/2008/page_144.pdf-3,CB/2008,4,True,False,NOT_IN_STRICT_FEATURE_ARCHIVE,False,KNOWN,unknown,PARSED,answer_not_numeric,PARSED,9736068281e7442ee6fe4dd1af3030b61de3d461c7998095558de7931462d49e,222a8535d5ed76648a0294ac7790ddde690ef1188f8cb8bbf02c8d6392738e84,0e8e4750f3b1537beae7960100d2dd368ce8ef48c53306313a400c257f2b9676,eb2466a7ea70c5659fa1ee5751572930959b4230a2b587ff6285a0a47a649c16,807770567df42fa1c902a937e56f5854434e6096ac11d2e45716221dfe6ea0a7,58351b56bdda761875590e3cd2c44a85d53ed98f5f5d93eab4616862a2b442cb
UAA/2016/page_81.pdf-4,UAA/2016,0,True,True,STRICT_FEATURE_ROW,True,KNOWN,unknown,PARSED,PARSED,PARSED,ef9eb04f661cf438c95357fa7840d6a463bfb4d3e3184e12414d7c8dbbdeb9fb,b2b3789f02ce85cfcf00730c4dfd5d2df71cf0f5aaf095729b7b95e4c93ef2c4,c19e65dfe26fd978d950adeb7a828aaa177798fa5d012a4c2f08a4ad6d03d744,e8b28b16009309a74c972b3996414d9f2a5581e6014012cd5a1ceead61195af8,aea87af17a9113e9634095451c0fe4f60bcadb624b9598372afbc6056e751ea3,218041181ef99a4b87e7b806fd985e4ccb88826dbe504aab0603190f8b5a9860
VLO/2012/page_27.pdf-1,VLO/2012,3,True,True,STRICT_FEATURE_ROW,True,KNOWN,unknown,PARSED,PARSED,PARSED,741b8796d693abb0fc3d8fde078868f6f7a7ae506ffcf9874adaea0fb28c697f,b5f76d14c7080882ee53dd0b4ebd36969dc8e8aa181f6058932f4b18908964a7,732cbfa4eea83532ae5805a7d9e6fc36f1a646702b81eb26ae77b4fc9a1bd682,d66d73c4518cf08b511b50817377e51362b43181a5bb0ed768fec3902cb4c052,9fe5756e47a054627f06340f1cb7f44338621cf1eb913fbfcb41d0b5890dfbb3,b8207b6e440766009d0438206e7c45e33ca9419644bdf9330b9cb825a918bed4
PNC/2013/page_158.pdf-2,PNC/2013,0,True,True,STRICT_FEATURE_ROW,True,KNOWN,unknown,PARSED,PARSED,PARSED,ef0e0428070428df0136badef2aa9ee179c98b4ae2785b6fb7bf509e1ed92887,58d647e894b4a1a49082b45269449fbfb81c1bbe4bf3019b5516486bae3f406a,32a643c8f1e82d3a7c3f4d4ee79de5c20f27442de0ff629ca14e523735f6e973,2a3319d7dbccc4f075eea6ca1713d7b8fe3d6c0c8261eb86d92077892232b35d,0282c8632f12af52cdb08449d71f62f0b17341aa5e99cb3fe338cf0359dadc25,bdcc1fe584793e1fbe8627c6636dd7cf7ed4f6d3df61c302a6586d7f37230a40
IP/2014/page_101.pdf-1,IP/2014,4,True,True,STRICT_FEATURE_ROW,True,KNOWN,unknown,PARSED,PARSED,PARSED,f6601a5edc9ca7d1ce89fca7232ab3f166b78854b633b6734eccdf6f0c3464a9,9ec1ed26ea0e189fc42b368a9cdf56f3661b7b5d92d6b07d82c260a7912f431a,64b4d3440e2d8c1f6cee0c29ab9e22a87fbe6221d3162bcdfab11f6afe8c7bfc,59fac69833108c655fbe539c8c0dc3dde050390bc9170e990787af3f94d4736e,e985d3ad50882700fdd7d964b4f833716166b8e0472c7e132163a4b4c856845c,96f184b20e0f1f2485677561785eba9ffedbe0d3219e018b6e60f5827ac056d7
RSG/2013/page_16.pdf-2,RSG/2013,4,True,True,STRICT_FEATURE_ROW,True,KNOWN,unknown,PARSED,PARSED,PARSED,5f20598918390501ddf88a5840545f68a98a7045e0f348ecf83123fc697ddcec,590730452d89108cc9e27558eb81a0c50e5096b5b3a6b574c7c1d460a1f589be,94c59f65b3782b926492357ce10065a6f175572e79b45082f4e9eb24a2119209,3ff5d2941d2a36d59c2d19b742e1e173b8a03a89a9c91b2b81b269d4a5cedcbf,4afe3332ba08500a3cc98d239c3142aece4fa5fe02c9ec4af1e19c805460f334,cac5b0324b8dc0d267c0c6fb090635c2f4cd6d9f13b88bc0da2c7dc623ba870d
MA/2009/page_115.pdf-1,MA/2009,4,True,True,STRICT_FEATURE_ROW,True,KNOWN,unknown,PARSED,PARSED,PARSED,ab6d75fb3fb9fbd50833dc24dc036c5b936fd234d8a56b3c39386ea6fd9ba38c,cd2197c7f49f2e170eeee734a3ee1cfae4c72c79b4b5f47737b0f79b9be825c6,8affe1601692527d55fceeee0826fc620a39735f537f4791501e5621d43338c1,a6b7e6b9fa71d9bd4ab32272b1d9737368813e997d828b0cd0f8e5e2bc591b1e,4a641d744b467ff52c844a76790cfeb2f2d45c828cf28f395ab36a99aa583e49,a0c23511c60088b17dac4515cc5802f34760f8da829f7784475e419d086f1cd2
DRE/2002/page_30.pdf-3,DRE/2002,0,True,True,STRICT_FEATURE_ROW,True,KNOWN,unknown,PARSED,PARSED,PARSED,d940459b6f483af0aea124d8c8975e6d30cae196737e2001160002217d122bc3,ee00c440e972ff76db5ced6f73577d142cb1b108273ee8af916822faa72b27e7,e8f5ba48496895fc9ccd3c343403ef5bb95fd82fce62d818b35a7541f7ee3f88,ea4fd520e51306dd31405d75aa6ce504bb5fcd774a4b39bf2be5f6f8ec31e2b0,5b3fd286e1e35922c6fd5e3a32f7ac2cc7d8d01e838a26856168bab063f7042f,622128b8eabb06fd6aa0e240b0b025c8956c4d327491d14c0ce21fed1d498ddb
RSG/2014/page_22.pdf-1,RSG/2014,3,True,True,STRICT_FEATURE_ROW,True,KNOWN,unknown,PARSED,PARSED,PARSED,f076c07212598a1bf6792a549d62210838fb77cd2f36681cdc0420e5092182a5,f3419c88d3d3ceaae503a01467143b340e26be7ad555b1f217781c826894c16b,2d31cd6c27434eff447bb02ce98dd7620fd65977b8ef6ba187705ad5e65c6957,1cb0de66f5be96135866ab736c9c8efd34c9386d10b03adccae7d5a498378589,8afce22a7816b120b8cb30b3064c18907132c2bd625262ea7fd113975d19a02d,64422ea3ce112b0a453c7886ee4fb177d6c43f04f9b181818296691da124276a
HUM/2004/page_78.pdf-1,HUM/2004,1,True,False,NOT_IN_STRICT_FEATURE_ARCHIVE,False,UNKNOWN,unknown,answer_not_numeric,answer_not_numeric,answer_not_numeric,50c5b53c5a1a98002d9457519ea0e74516d9189b7d2dad1e6cd93f565b72801e,f8cde798f59fa082bf9e40433f31b7e1ad7bfb8b7d290cdcef260c8b09d1581b,85ee287d1691c01045cb06bb51a686d5e9e3cd3f9e3efd4ef8e4cfa87dbded5e,3915f76c125bbb68c2e89a42144a88c457d06342c192c2c8a1c98bdaaaa4533b,f384650ab1b04aae3a0672a2b568d5f86ddd94d90ef2e6b6a8abb078abf1f0db,aafe427def08fbbb9c54b103b6d7ca63fe2c7221ed63971b8445cfed8dea2634
CE/2010/page_150.pdf-3,CE/2010,3,True,True,STRICT_FEATURE_ROW,True,KNOWN,unknown,PARSED,PARSED,PARSED,fde2cbcdaef0f6ebdbafd2254f787ac22b176c0ed62e349b82837762535ffed8,4c0e0adb94dedb1723887b10c7670d981d04825eca30cbc408e6d0dd35b66a57,5edc66f2c8cca4357110f78f238f499d1b91de903a022a27d158d41dbfcc4039,e89337bdeffb8e0acccb73876208942de12a18367747c0680a6e5a8e48dae054,310a695a2abfbc237593d50a0c4dbfe58ac598a5e69b6e3943fce14719cb8069,3875acdffabdc78eb08ef5597d8332684b19df3833f82486c8646156764fb920
ADBE/2011/page_83.pdf-4,ADBE/2011,3,True,True,STRICT_FEATURE_ROW,True,KNOWN,unknown,PARSED,PARSED,PARSED,397beffeaff852c84eb353208ba0b8b7186a20722804653a5e9698f750e8d1c2,4da882b3c9b29875be24bcb500a815961d01459aa5cb9e682ba5dc98a3396e6f,f516bc65c0a8418a2da5446c7fa23025f6e464f1b2a49d7001c6e173a6158dff,638823fc104378204f32d476b4983b69e6d642dff82e64b1b2e7bd58e905aa98,bdf877b033c6fbf495ecf55d07ad86dcc50b031b59598612205eb61febe8d86f,0e520c3cd4bc7e0a8f7ed1321afe84ec92be71bb5f07563ad6ef6e17ee3e74a9
GPN/2014/page_71.pdf-4,GPN/2014,1,True,True,STRICT_FEATURE_ROW,True,KNOWN,unknown,PARSED,PARSED,PARSED,65389e8eb913e6e5d8ae5ca124e307b00d8364966ee87ef00aee2fad3d8abc18,d34d3db6f57acf168f6ffbdac949581f4dc2cdae136e7efacae9c375d13b3f41,4b35191290ec6c743934d471f500a972e8d5b145f89c63b4f9c14ab714586339,024e8818b9d3a329346a684410982845797ddcf01b12f22647ada36b6d8f4e9f,6edebe1c82bd79121796f2b9d22567b3c9d2b32647375dc8148adb4749ed33c4,bc6fa926dc5a12b2f0c08029f824b80ae933b8c99c578bf9c6b5036d64cfca68
HUM/2012/page_109.pdf-1,HUM/2012,4,True,True,STRICT_FEATURE_ROW,True,KNOWN,unknown,PARSED,PARSED,PARSED,ee3d7b385b04edda85e0cf08fbe5a4a7055f1d9fad888a692b61f74e38eeee8d,b269e8bde52de873de7e59fbfdb1cc35a66e7f39b904fd9cd08d1e8c3dc66e84,3ea5b7fb8ea35024583134f46f4b3f0103b0c29bcd88ef355549908022d7bdf5,5319b5ab67bd32c25e2a3a619810fe464f45d048f9b955262cf415836e809896,a3cc867c428087edbdfcf18fcb97eef46efd501052fdeb285f3c138779aae6a5,283138031f988f58153bb964583fe88ec98395fc98e9e36eef78ed1662e4db99
PPG/2018/page_61.pdf-1,PPG/2018,0,True,True,STRICT_FEATURE_ROW,True,KNOWN,unknown,PARSED,PARSED,PARSED,373727fae9bfb1a436095e6724087dd45b1983baec79eef451b69c0f9c14e6d0,a70c7c9624a66f16cddc031a7c7153cab214a0e00d5f9f607bbbd19f6e200881,6123079d6adffc32374b85a4875fd19928919deba868348a43cdfd8fec66f036,ee20351cb7759b81f4f663f927cac16a4331fff5931b1d95c6e2f815eb9aa372,3d52bdfc01f39784f9db076fccb5f39fad4852920714aaa9afedcf3f1d20cf9c,8af57a30190882df6c934806517c8a2dd6cc3adef04876d38f8d4f03b137534b
HWM/2015/page_92.pdf-1,HWM/2015,1,True,True,STRICT_FEATURE_ROW,True,KNOWN,unknown,PARSED,PARSED,PARSED,00ee742da59e60b54be2320d86944e39b9a29fb94862ee1aa1c5eb7515ca4527,cfe9e0dd702fcff6fcabb18aa50f0643cb805e42a13aaa1d93a40b568e8a44d8,4faf35f234d15cc38fd0392af3d52db9de7ce7922a8a7775d64b3ab7dadb23cc,131fb91dd0bfe4c4fdbbb86385b9a9862b51d4188a3d1dc8fced062d53136bf3,0757c4ad11c4d2a7c3c8b82a1c29141e63a4214a69483368363c566a11192935,12354b5fc35afe6a1b9a5c08018cdf63c9fabee3c99a60c5f6cae7a202535824
PNC/2012/page_98.pdf-2,PNC/2012,3,True,True,STRICT_FEATURE_ROW,True,KNOWN,unknown,PARSED,PARSED,PARSED,6f1f91b6b27162b637b28b506bdddbdfa259e1c60c444cf967a50c15633c28e8,9b1b7d460f10991ed148a2054a85f79faace6115d4238822f4dab6e2f419464f,b14ffd1081d3379c4ec69320567db2a6ea82c4ad304c533b0618524901ae1fda,f2ff03e33f4ebee550d120c767bd72a96507cff35d169b61ba8337e3f82b40c9,c51398c3f6e5201ec83124fd43ea47e528617d79943d710e552a4614a4ca1c5c,7055921c2fe7beb7a36a68d4b9b1f10ac01305213a894d65d39f6f889f2e35ec
LMT/2010/page_24.pdf-2,LMT/2010,0,True,True,STRICT_FEATURE_ROW,True,KNOWN,unknown,PARSED,PARSED,PARSED,6e5cab49622dabd2ca10ba6eeaee525daeb97f49e35c0f0b57442b21f3653651,c3841a667cf4ccda46442558a649ad44f7e850de538762625313799bf7ad7788,82a68c1662e8ccbd4e38a55f5bc6f55df0cf9e36337b7a36d8d0f0826130f90d,0b5f0eef14543d2bea899aa92de0893896f93a6582c9441087869c98738b304e,3f49279ce2c15078fce9d6ee1d0d943cf3401816330944396c1765cff91582ea,817242234416ccecff3b8d4dff9e2053457b9543948832e7373f326c20571083
LMT/2015/page_106.pdf-3,LMT/2015,2,True,True,STRICT_FEATURE_ROW,True,KNOWN,unknown,PARSED,PARSED,PARSED,9738d5f992cd09ed7a9d5b8e4fbdb5f4ebe7736228ce25e675d2c60f8e231b84,3131666513d7d840abff36477f760ac43065d88722164126072f3c641b9d2cb5,8f8c0a978038ef14ae94263b1ac8a4baaa44b40166b55eed8270f09aa9c4dca8,367df73e66918de4a9f922f924ce62136cc0bc4338039cc664515d65c60ac53b,1ba5f4035047f8e6324ddb87877ce506fb51252d4a555cdcf74e5b4c6d910667,90a96952902e280e85b6a6cf7991757c322195d15e8b39dba4a22d3f30bd5b28
HOLX/2007/page_154.pdf-2,HOLX/2007,4,True,True,STRICT_FEATURE_ROW,True,KNOWN,unknown,PARSED,PARSED,PARSED,afc368f6dc4d3ed1d37b27150ebaa350004f20658d74e31db96cf230a1ba70d5,15de7f560114a10552f30a7f86f098ecc1c777ba3ed7225a9df358a5fefa9648,0a8545948d3794711145db30a0ff94e23db7207613fd698735744fdcede75194,75daa7e367935d94e45fd408ba9a528beb4d1bc9114f1bdc800f8fc3d3070973,d50bbbb914d7b17e23706ce6af9818d33879fc5a9ff07f7be798b25c4d1f690c,1a1ac1be54317d0d6390ae08da54df18a07b2c81ae5b3d7a5d09bee8b29ba4dd
AMT/2007/page_111.pdf-4,AMT/2007,4,True,True,STRICT_FEATURE_ROW,True,KNOWN,unknown,PARSED,PARSED,PARSED,1adb71efd5dac4837d5d25f5091c256cd6eb156f1513f715aa314e11655f3c61,f456699ab0609fccf193989635be0243e444f3f9ec42745fba422ea8a32eb2a6,714d9d0bcdb4c185a9268a6ce64254a1b25904dbd9c92790be12c5df1e5e54b1,fe4aee68b5f43cb5dc48235b0774758b20553d1d52a79116b168298274f1b7d4,4a1e09c3a5e3f9dc67184433129f6048ce2dd02f3e6d156c6b8e45185c6bd1ca,d56dbcc203d26b34caffb2afc91e08c86db9f46ca8ace1daa5c44f256b202136
ETR/2017/page_20.pdf-3,ETR/2017,4,True,True,STRICT_FEATURE_ROW,True,KNOWN,unknown,PARSED,PARSED,PARSED,0a1186a07eb37a91f77ea2a6197d6fac3ec0d72407be41a8fd412e7104758ed0,d5261c178123bb4d183cbd1cf27fc62014df6c0bb01f3a9fc4d7d871014121a1,e552824331974a740063a925aa590889d732fa29a29825fc0fd9a227ead27b15,cdfbb00a27b5dfe0213eeed34e8fc36ec60becf888dd931c7606043bcdde1b66,0876c5d585ed751125f48f7528709ac7a6083cd459a72d40f4a3252746d23ceb,5ebf6de5f35cdfda52282f415397e70641c415ea0ba7e58a4dad169e1cde5fe2
BLK/2016/page_75.pdf-2,BLK/2016,1,True,True,STRICT_FEATURE_ROW,True,KNOWN,unknown,PARSED,PARSED,PARSED,9e881538940211f5c54dcd5adff744efaa1defc2bb25491b27748c7afb5b4709,45a4fa6d053d55e240902f6f22ea49f914f22d43d68e7fae82b96f4293bf9d1d,d4e1133c0d8e3d9e1f64a7c8402b99324d3d508d063de6057b0ece70a244e80c,816ee7ab1db9fe337e32e8aa87b513ba39a287448fce5132561b1828f5ef1f6a,77b0dddaf12475aa13b88748b18b2b14f1e020ff9393d5e58d2ea9f6951f6e66,40086cf0b40652643dab9ce0dc992ee1e8f4818cc8a9449e2633a2f6ee04e851
MRO/2009/page_138.pdf-1,MRO/2009,4,True,True,STRICT_FEATURE_ROW,True,KNOWN,unknown,PARSED,PARSED,PARSED,b31ebc8637d6c604283c7ea6e18e8d3a27fc09c780764bc51d0b77530ad7c50b,0e73ba169754a70127407c9b36102fe52786c207678eda214a200dd2676beba3,fee80a7789561b8b7cf8d0a325f08f83e81df47829c3a329ac12558c5237139d,1f4e6573399299714002516651e6c90898ec05c5046a32d480ffab7c3f0bee0e,9ef61733daa2718326f1fbf8fe252335850fbfc9f1c15ffbf7f61d36fb9baca5,0a8f9620fea34bc0461ccfd7e52e153c30d5cd9d3fbe397557e4895e2020be37
GPN/2009/page_69.pdf-2,GPN/2009,1,True,True,STRICT_FEATURE_ROW,True,KNOWN,unknown,PARSED,PARSED,PARSED,20593d62c10fd33e4109f45875906efe15b4f99c893ec65801dc403e314ee794,55922bd71ddd34d84f16d9c44720f75556e9777053ff92ebd7276df32ab9ff3a,9b46f091f46ccdf52c3b8f763261490db858bb2e00fddcd9ff9f3b429fd4314d,9737bc1a4ec603dcdabe65fd00a1ab1dc32c9987844146918604da6d9c3a0e14,95b36298f4cff2314e8291099b89ae47e21e62ff98985da92ef71458f2cbad68,24478fb2a8a905a40574687bd682b52f23a6d2273852962b27f81fe3943cecb4
ETR/2008/page_130.pdf-3,ETR/2008,0,True,True,STRICT_FEATURE_ROW,True,KNOWN,unknown,PARSED,PARSED,PARSED,e63cd22953612856ba0cac4237a0b8ab4c647be52e3a05a14c9d0ceea9cba8d9,a9715d436fad8af3b27dde392294567647f3e9fb7354ec195a14249a8541966d,3327d1c40c88240dbde024b26a170dfcd56a024b1284c95ea5eff51c8f6498f7,e169e82b2f518267fdbe71afcd001a5d3bc304f66900933bbf005378ae73ea76,c630f6cdc274ca9640cc47e93650d97d2ede8429e4f490ede554d9774648925b,e9e110b9c5c546c4bd3f4509d37b1fdaeb15eb74814e6a9c56e16d869b8f3317
JPM/2016/page_141.pdf-1,JPM/2016,1,True,False,NOT_IN_STRICT_FEATURE_ARCHIVE,False,KNOWN,unknown,PARSED,PARSED,STRUCTURED_SCHEMA_OR_NUMERIC_FAILURE,8531c6e6fcd826531b44130c9dcab6a5d132d62070e61f55b681e86dee7c812e,0a7f7e99ed0415347d3218760cade89d6419f76f0a436af4c7e72bc5298eeb23,f43d3feeba68494dfa5678a0421afb0d9e1772c0cdbafce0903d93f382260696,176f5f57541ec73c97e013bf591dcc9169ae1e32196ba2b113c11c921964a321,b15d0668db0f54bca7f4c1a67492605f8abf76ab2f9dc3c91fc35274516b4e85,6131668c4df3f4d4d2a8fa4cb991734b51a1ca93aba5ecef2d3311450baff752
EW/2016/page_72.pdf-2,EW/2016,1,True,True,STRICT_FEATURE_ROW,True,KNOWN,unknown,PARSED,PARSED,PARSED,b750935dc539a9a9cac5079caf38482ece865b7ba0b2ba179b2d434f1928a846,775a0ef58e9e3d870d45e43cb75f9d4d45b441a61e353e7ee189fea0dfd97eaa,886df2d2eff6c402f1a58a64b74538b0d37390a08496c7a35d4db42bf664fe38,2ba74a694640a8f5e36007fda6009ef7b336dc67a398c5d14e42424cb4233965,8cefd7a36e799980b5565a3f9bb091c80b9f3528013c13aa247d3b6aa7e0e312,617a35404831fc0a4a2c0978ecfbf4b65e05f9381ddafdb6792899a14c757a1b
KHC/2016/page_94.pdf-2,KHC/2016,1,True,True,STRICT_FEATURE_ROW,True,KNOWN,unknown,PARSED,PARSED,PARSED,cd38c1df85bb64ab3b8c27716a141bf6d808631602cf3d8b6a8dad48b0d95781,c3072d5b3c2f164e67a03ed3594cf63d75755c6db5ba783a9bc6a9c408865d05,a68c89373d6f3714a130802568fbcc1371d0dcbae7455975eaabc6e1a1d09a12,13832e773bc43f9657c7e5732a5fff34fdfb2ed34a3da7ab12aaf739588eb462,ded0ffc640bea0aca7c781735cb8c8b55ab3205fd29aa14fb5c14fe0814fb5fa,ef0255ff506f9dcfd77bd12090202fb4840fb6f3213d94174ad739760a812a4a
MRO/2008/page_135.pdf-2,MRO/2008,2,True,True,STRICT_FEATURE_ROW,True,KNOWN,unknown,PARSED,PARSED,PARSED,ddcd3f53ea8b9978c312510bd4906fdfb4b2680412c4cc2b421dc0d440ba7005,de48b2410cbc5633def25a9c44b2d285b5d1abadd385b995e43416d24f216760,03cc7c0f29ffb1924b53b8bb5de5a7d7688080b452e6c9f1e1bc0592bc97ee0b,73f1e68cb13ee049cc45eb1156d5f1beec81fb2480e2bd40051c6a07222c0305,6cc5419f9469561b18fb5030efabf9c014140845356861421b8a80ee14038cd6,d763f876896a91846995df7b77363ccc032e3cc2af9862dc07500bbe42eafa89
ETR/2017/page_477.pdf-1,ETR/2017,4,True,True,STRICT_FEATURE_ROW,True,KNOWN,unknown,PARSED,PARSED,PARSED,3874438df3fe440407085dc5673be3652880b2da1aff4c81204109e8d68c4462,7706821797eeeda6d0f08699e1a2653e76cc34f712012f25c1f36d030b49e551,7397f191a6f04ad2243e380202117eeef61c0fd7c522ab689450b37d756dc9b8,1c1eae00dbdce9f647a4bb128fb297940ffe7bac1e469c306b052eb72947a8fc,dc28a7c3b407697e78036d237dbc2c777a622818d3375e9588e7478828fdd82b,6f90fb5a64d06a794386dfe5197e0606bd424d7f40214fc071c9c280898a8439
RSG/2017/page_14.pdf-1,RSG/2017,2,True,True,STRICT_FEATURE_ROW,True,KNOWN,unknown,PARSED,PARSED,PARSED,a3ac2069fd00d400025b42301444cec8f30f6946a4bcc749a31c385a7769fe81,f2cf3770220cd678bc83e03b6af3fa26f6f91248dde71f4955953ee43cbdecc2,76397bbc7582879aba6ae832526d5b4c5916a73c6e0e4245463ab686d9fea0d6,37f5f7225ea95df25778e431e2e7fc2b2034885eb67c579495c6d52aab4dca1e,6e18c4f11bc598bb28e42bb10a566b21201019217fc22515e7bd7606c9f054dd,166ead836df2854db1df3e63591ee5dd1d15f570298b92add9961b03e3550068
MAS/2010/page_29.pdf-1,MAS/2010,0,True,True,STRICT_FEATURE_ROW,True,KNOWN,unknown,PARSED,PARSED,PARSED,ac54b7a2d9f3b6c7993e885243bf3829ce536eeeb7dd85ea2a5f03240e840e1d,c8a8a10b1689791e344dea764dee7dfa861eb42e05415ee709df5c02c7c61e53,3887fc1c2702dc56fd2697fafc31dd88ada2efdbc450b3a071b3a0f89735d2c0,15a8b68579dd99f6db15ecf614a5eb0f091dbea7fe9ebc3d4e498b4658cf8911,097ce51114fee93dd0036f055afe2624ed487a656404add445cc805116650a58,20213a09562708c096c0a2a7ba0949c32895dac1f93ed4a4bfd352c7794541eb
BLL/2011/page_29.pdf-4,BLL/2011,0,True,True,STRICT_FEATURE_ROW,True,KNOWN,unknown,PARSED,PARSED,PARSED,31ca2f9bcc7f54564ed96e7f2560630692fdd8cde1ad3524454b336dfdd7efce,665f2f57223ede6573328e1ab7e5c39ddd7ce92e3d43f76d5653ca9e95029ef4,5d0425e5ce5b176cceafbdfdef060c1eb569ac0408be083d74b89ad514fa66b8,4e950368e61b9fe7937dbd2ff43b7d5c9058108732819ad5c133991cf03e6259,80cddfe96428705ff9bffcd6c07298c31aed7dbd80f3a9965589dd1e90148641,3ed0bce4a19e080cf0a3126872104c91c4358d6419570c3569e4c7005070f45e
LMT/2017/page_101.pdf-4,LMT/2017,0,True,True,STRICT_FEATURE_ROW,True,KNOWN,unknown,PARSED,PARSED,PARSED,42a1513b240f1a901e3d0573dc344556e2d26156e5f6f60b5c0e7f7a3ff19a47,c485bf578fb1806c01be756d819dbfaece83420490e31389bf7feece17dbf2e9,8906d02fa33f4dbfb948f5173ce4d987a7e4d93a04c01016cc9448793f243b6f,33c7c284fa243f3395403143b33922c7ac8a32aa9e58bc3185401133a4dff080,52695fcbbe195b2276d3fff96920d20e32502386befc1d0c8047b5bb8012ae51,ebf0d5122b117e2cc72e6c6c58741bb753a03aeca307d5f124b0fb34a15845df
LKQ/2010/page_72.pdf-2,LKQ/2010,2,True,True,STRICT_FEATURE_ROW,True,KNOWN,unknown,PARSED,PARSED,PARSED,0a87025e97f75aee4429ce6337c78389bc532185734f5ab994bd067d48ae2710,9ccacfc100aec2ecd6ef7ae51f0612e3fa6edb037ce1181c21742681a1d6d543,36547ade465139bc7c8d4c065bb6156b13d8a4c43c07afa6fcee7b5bdb35a364,3f09c5d5b046cf83c80301b45dba891152cfb968a22970f91ccfc0fe2fe524d4,0ccfd9deb48cf164f4d4d7cf2f8fcd7e05646a3fb2f679bdb1e2bebc002936cc,d0d72d42377db37a82481d89d824346cecdf57b0a5ef22cdfaeab0cdcd6da710
UA/2011/page_70.pdf-1,UA/2011,2,True,True,STRICT_FEATURE_ROW,True,KNOWN,unknown,PARSED,PARSED,PARSED,6ee6c8b7b53aadef72cf8764492a1c0e4b595e0b5ae77c394a925ebda2e71de4,2d522f73f4fa499feeae0ef7444f95f8ee8e73927994f8ea398845e5ef77f323,64ead682b0282414d2f3f65f68c671caaca35a8cdf7ea5ab2546db98a7c303a0,195d80c1bff98e6dd86b7bf83733b2c3f454f8996e308ad2099fee6eea55d5dc,57c6fe236fa5145c6d437832721ae3fa50941b9b482c8a5b793898f16d9d9d3b,e4c626a6af450b70a5bcad5a93a1dc3443c2701d896323c02b5341d0a5eee027
CE/2005/page_167.pdf-4,CE/2005,0,True,True,STRICT_FEATURE_ROW,True,KNOWN,unknown,PARSED,PARSED,PARSED,7fd1101b1fae92cf3deba0c2e040395b8fec9335f86871de4fdc27d94903ea04,5a0f69beb0e2291e1503b293d66bcfa4d59d4dfa0c9557d15a8283f978c7bf06,09d3ae985873931cab641c194dfca08d57697e6dd91335cc4f2b87051df8aa3d,7adcc318a19339c124b7ead0d5147570bf575d42585e525a35f64afe09c35830,fa51b52db2df77ed1f2ab49da2d8a5f0adcdefed16abf99f977280c96876ed16,adfa3da242241598e92fcb8471be833fa19f90799698874db03c213111902bdb
GS/2014/page_62.pdf-1,GS/2014,3,True,True,STRICT_FEATURE_ROW,True,KNOWN,unknown,PARSED,PARSED,PARSED,425f8fef51a360a89611963b5bdd58e7d532f34a6f9f27d694ba69dd4b86eabf,8e8d7143c317bbf24471fc31cb6c659f6a3b8ac38bb5d216faee2a2d251e11a8,b5f1f0fd1be8a2546261236896b0b94a00520e069f7a29adfd4623a71e6efad6,081bde70aae6a49a60a881fee1b4e42dec9d7d6fee2bb2d9d2baf7db28bdbfaf,6927c4e3a2b6ebb8844cb0c612420496f1ce98f54e54ee780e22e9ec938fc5d2,430bc041c3e1c166e7d24f8c4ee58129c3112783f927f8a789221350514fbf67
IPG/2018/page_52.pdf-1,IPG/2018,2,True,True,STRICT_FEATURE_ROW,True,KNOWN,unknown,PARSED,PARSED,PARSED,444ecb3fb12cc6c79dfdfeaf6dbded81fdc24e074d90d9fa08963d874f3c1042,e0c54a6fc5b59514679f0efdb325913695e1e6ed770241814d3b8a470f37a136,fc89235a4a75e7a535a648fa0ddcc44934dee35696055f57502bbae64f6eb935,3fd1af9457e77d89bfb43453d92b6e790d8c36d2b17c2c11bdaaba30f0e03b17,e8314d7fdbedd84f797f84c690de0d664d83c06fd9aa5984506277d2a0d29830,077103ddbfaa57d8a51adf8cdfd2a5ad87488ef012f70d57d4390e5fa8567beb
AES/2010/page_225.pdf-3,AES/2010,4,True,True,STRICT_FEATURE_ROW,True,KNOWN,unknown,PARSED,PARSED,PARSED,f829b3d0a7ec8f54703d167ad5e9d074f17ed21c15c32ab1f3fb70bf765ead96,a112f4f902262e8085e8339370321db0465b7f4a47d9f616d974ad77d38a544c,d142668167530e81c7bbf93d0e971a519998782e16140440f10532e2d14ba1b5,232612dd4b4fb9ecedf0994d0da997c17fd78d77612f7ef8fade7fdc2310b3a1,61143bbc6b3e99bf937c4cdb85d07a6f3a8e32faf6e6b44dc588bea8547d77e4,ce79e11c5bd010c0cee6605a6fd7ba581584d570f228c2f127276463be8bc0d4
IPG/2018/page_104.pdf-2,IPG/2018,2,True,True,STRICT_FEATURE_ROW,True,KNOWN,unknown,PARSED,PARSED,PARSED,ee0c79e79da2f43e3f38f6d0302e0fbf172ef804760733f52f46847fc0167d03,544d5808d76953e9be44fea8efa37a12ed0c847d8cd1e39db809311daeb9802f,4a5a4444402272ad87b562ebd1d5cc66e3ba0560167a995eeb8ecbd3ab71011c,269cb853bffd2b9875d4f919fd6a026c96e597bc642f60b94217098e64face16,e2dca5f8e578a9d5df6233387027d064b73c0578f02c89b1e798333f1bc4b785,01604b003105fd77da39ec59bb1ee6eda8b643c858b4cee80ff377bacdf956e7
TROW/2011/page_13.pdf-1,TROW/2011,1,True,True,STRICT_FEATURE_ROW,True,KNOWN,unknown,PARSED,PARSED,PARSED,6a5ef54182ea11bf81ce7b9145678bd3713cc3fbf5c3d51b80dd3db61e21a8b1,78f1c6aabc2d6fea264aff7fa909ab00de024e9e9364c805cab1f7366a7ccea4,fb53d7abc8d10fd2653898450d08701919c011d2af0049cc845a85b83de92223,8f61715fa6e3a0b3ed5f01c406e078f776f73ab2e9aee29c2e93758a2ae9d5ba,a8e0e986e9f2a926d076f63ac2a75c31e408b001a8156402d575240d800afe35,fbbc3109795e5846d75d2cce1449a234e602bb902774bbf676c9b7da68c5f4d4
IPG/2015/page_24.pdf-4,IPG/2015,4,True,True,STRICT_FEATURE_ROW,True,KNOWN,unknown,PARSED,PARSED,PARSED,ef39bff8191571539c7783dc822c43c8e690e2d86f4df51dea95ab92ce50b546,84086b5cf2001e6161a7bc98050a9e6919433bbc7e9fa99e799661b5f5d2f2a4,314145ca78b203552a89321ca5b1386cabc444277e7177f8ec682f55be7a48e1,3e75681a7d3d030040d0e67724418536b12ec6454e497e28e2f3958848b8e7e3,a925c6d6b389e572fe8ef57ccae69f06e8cb24d16043d2feb7fbd5e7c928d0d9,ae93b7d2f7958ac6239a6aa249636b028c619cbb7c0d81a3115f6310752146df
UNP/2012/page_23.pdf-1,UNP/2012,4,True,True,STRICT_FEATURE_ROW,True,KNOWN,unknown,PARSED,PARSED,PARSED,79974d8091573c73f4127578d6fa3aaddf7c3482be4fa31984056eae9a06ce5a,c4ef0e0db9ca7e664c0e3ad5937e67a672e0d83002649f915ba6ec10849836ab,b3a337802c1fac7b4d3c8f9afd51a629325285fcf8fb3a31c28466ddf749efd6,f51818856ec0abaaa5f4571b9715b43ff85894597af5bc4c1caa6bf87ba37788,09ac9e97a24e314cce5663ee62a6078262112b175bf5901ad6d749212167b862,8febb1e99d54dc76e0ecc2d134f8c37d2e296dd6b6a4c92de99a8c009a96d6a6
JPM/2014/page_128.pdf-4,JPM/2014,2,True,True,STRICT_FEATURE_ROW,True,KNOWN,unknown,PARSED,PARSED,PARSED,fd22230e4fafc7c68662405d72916343d5fd3200a2bd4b60af96b1bfb42af104,42b6deb79519903e101c353f7b7c6bca6c4c8e29711f2b5d55729d1e5235b197,1027f2b8ca961e71605e44666882b57a05ad412f3a1def73537e867989f522cf,6b599191189b965f714c7d241447f20a3d832682b61fbedf72b610ca5b3438b2,cf2160ea04de582f05ac31507ee208ff6cea25af14d888c2383179a7665c0d2e,19540b5ce0833a238a94511720eec28c93e449f24a9989fa680ab26cf8238efc
ETR/2016/page_144.pdf-3,ETR/2016,1,True,True,STRICT_FEATURE_ROW,True,KNOWN,unknown,PARSED,PARSED,PARSED,7f63c56cb1cdc2a471f0e9b71136e34ab4b24684b526d10fccdd28696dbb2ab8,a0eed88f2ee83918a085e6c0d5c35c9ed5b66c7b965aeef81184261c3618af30,e0befb774eb51694006b2752773052d499407329154aa0351f2369eb17006b30,e0ddc50d5d16fed36ff4f53d889033bcf9bdb1a7b07e8da10db129192e4f6888,c4b5318b001dc3d1daccc03a9bd077a09897e211d82b5ad8b9682f7f2396303a,46635794a85bec4b89e20b6788d34320ec362793e2adba25517fda3e41527efb
IP/2012/page_57.pdf-2,IP/2012,3,True,True,STRICT_FEATURE_ROW,True,KNOWN,unknown,PARSED,PARSED,PARSED,094e36cfd72cfffc700df1365e81364f571d7ed69d6e955afd25c31310aec8a1,96b5118e8e7f3bc636418a3fa5e256610ec528d41f1e1e278024ecc6b4356b91,981fc3a1af141c37a6145b22b192ec997bb6dced4196b19ca70722226d110007,36c4d1e35ac10eb181afaa8dc4047d48763625ba931c11c1dbeedbeb40696cb5,8dc9449eabd20a46b3d2605b7cf5dc3a7f91082a31dddbc5438e8b26ed3b323f,a1fb099aacf8a2dbc7819e2a6c94dea91bae56a2210a61a9208fb9a5a383daf8
ADBE/2013/page_68.pdf-3,ADBE/2013,2,True,True,STRICT_FEATURE_ROW,True,KNOWN,unknown,PARSED,PARSED,PARSED,1e85250c8fbcba921ad87e11d45972f59e65d18a1c090deb77c2604f58e22d30,7681582efa3a3d3d3c22db6c8fc280479f3ffe2008a25788a1532c89424b2031,9600081a901dff6794341d1ed4d00af1994e084be55140ebab046bdce23aa6aa,7972d5e5946f957f11788d4134316a7c802b4fcd0221f1d629be92652722e6a8,8b93b219faff22406fd133cac0f5eb2f89a8e722d1696d3c4161a4148bdf6a0c,a43de465f5ae1083801be40e43063dfc38bcc7d529a00d6616fe87936b2f4ae0
RSG/2015/page_18.pdf-2,RSG/2015,3,True,True,STRICT_FEATURE_ROW,True,KNOWN,unknown,PARSED,PARSED,PARSED,70bf9fc34ede43f3f0fe47925baeb1669575d6adfdb4d428be9240635af993f5,9fa6c7eb043a029309e7bb392d04a3e6663f11854d503b29e17532a7ac8dd37d,760451e74b2307268603b056ec07e5ca43662911119a0ee07a6b166c9e3fe97d,fbcc35d8441e692cd2b0688aa0a5b000fe25bd8e48a760182cc998d2c3b02b40,65b53a4c372a574dad5f240c48efaa2e967901aa573d7dd16a286cf4b3bb1e18,44a65012fb6352e9b7a73041ae59ac5d8a21d53d7859a1255f98dfe52bd525e3
HUM/2015/page_46.pdf-1,HUM/2015,3,True,True,STRICT_FEATURE_ROW,True,KNOWN,unknown,PARSED,PARSED,PARSED,61c28f30343b9e8b14423a4966975deea6d4e42df9c501717d4233ab4bac8d3c,f2cf5f97ed025e2b8800065643a3b3f801ea0434f06f94743a7a88ad762ba4a7,2d1b6987d834f182f24d684f2eeaa2992f77a4ddfc5b1fe7a927b2c4da056ed8,53f41c00f0c1ef23ef3d7ed83bc436a45c5b655e196359d57c6c3e7fc4d1a652,4e10bae2c9b941b9ffa9f6dfcff12472e67123b43fc4a13f817c11e7a15ade71,fe3ad24b56ccd50818848b4e213e5e6f411670485e25a7ea8b69caf4ce0ae4d6
PKG/2004/page_21.pdf-4,PKG/2004,1,True,True,STRICT_FEATURE_ROW,True,KNOWN,unknown,PARSED,PARSED,PARSED,0fc6552f4aecb187734d1e2b73f96177c92efe0d8943993fcb6f54edef4ea7e4,a844f9a0fe9edffb388b177ec6033808a08943c43b29b03716302cc4d312e894,748cec58ab2cfc416b19c031a689b259e742fe363ab63c23570a84d79fd50110,656504bbc0990242d5b6ecb412b7c3c613ad3444d5ffd5921c58dd24fa0a0935,42aa0e5df6a0623c4477ccc19f1b35580f62a19c85e72b278d0ad26830bb816e,691e8d86d1c583dab5b417e382571d4e34e942ffd21a52cbb13c0775350c931a
JKHY/2016/page_25.pdf-2,JKHY/2016,0,True,True,STRICT_FEATURE_ROW,True,KNOWN,unknown,PARSED,PARSED,PARSED,cf1b94b0adaf18a4ef8082951e273681816844c03c3076d77b45e3203d47adc3,bf354d48eca39702227fea4c39fadab95a25258463d11988434906be2b929e20,0ecf659937bfa5076de037fe7161396d804437735452cb7a73770b3e7a50a190,b9f1c7693412f520f9f3b0a5f8eb232c6756dc96a217df9ecd91295e1e2ed2f7,bfacf8b59d8a9dcebebe8914e4a6e9bdcee5d5a4d7ecc09dfce81e0d37262981,4097b02849613d335d5f0831717bb7ddd1a14ac9c7c265b297ec605d744fc820
AAP/2013/page_68.pdf-1,AAP/2013,2,True,True,STRICT_FEATURE_ROW,True,KNOWN,unknown,PARSED,PARSED,PARSED,07ed5efee0d1cea9811e580cb7a351b36aad6df341a808d0f4b7303f213722de,05268bd63a091fc0b7433e216065f728a8ad0158e91b7577dd659331b1579dea,3b5c93f78e15d2dccaed300c56f5fd62fbad4b6888ab8ca4bbd3466410acb260,0f0b66ba0eaa9f197fcbd08f60734fc741f5f3a6f90ba7b83bd13b5187bf50d8,e879241525a8574fbfbf76f1501d4321c58e8176eec3974135be91d67a012662,96dad24fe1154745d71338c6a2696dfab96cb41490706beddb3cd782da079fb4
UNP/2008/page_83.pdf-1,UNP/2008,0,True,True,STRICT_FEATURE_ROW,True,KNOWN,unknown,PARSED,PARSED,PARSED,ec175bb1dea8c7486f861ef38b251960d62f06ecd1e53e31dd121db2c90617ec,57e55662d0adbf041a3468798a63c48c67cde8ac63fe4f0cfd63d67f72dc265b,d01d546c682d54a4b78c3fe86991d0d5cf1cd8a94351296326a350d6fd50425c,5dc1c40d678e8c5a2c5b61a95b673c23d0515561d8fb0f55426b8820b7c40a11,ffbac5b45108416ddd1836f4a614e5df808dcc156116daafacdf565e2206ecd5,77394d2d7a82b24dbe53150fa9d42d72984847b4c5cb0c36f429d4ff581769e9
CE/2010/page_150.pdf-2,CE/2010,3,True,True,STRICT_FEATURE_ROW,True,KNOWN,unknown,PARSED,PARSED,PARSED,b1d0573a79dbcd3c290ae31ad471990ad2c1d77dca5168b3d5baed19608c13e3,ce512feb73523df7c735ceda10a738d747f04d139fbdfe0919f60ef22a514664,079bd42155292fde063ba4c34e0730a6704a18cc0562ff7dd6971b3855c58933,1b1c9dec5620545d09e60f1fe4a7470204858e9f5275a1d031b7bfb7ff79e204,b62c424f6d9cb110f80ca10ab9b03d257202fad6d0bf20b0873dbbe54d1801d1,26675c21b029d97b2c13784ed2f6f18d62ce5319b24aed749372ecde0e57d0e9
TFX/2018/page_47.pdf-1,TFX/2018,3,True,True,STRICT_FEATURE_ROW,True,KNOWN,unknown,PARSED,PARSED,PARSED,35c3993dfd4f867345b9fc7bd5f4b83903fedf65db06cd496b31c7735415ca5a,77770866320af2964f448b044436bd83fe4d933e2d64135db5c1cd0789ba22c8,1ce7f09e52ea9b6ee599d7e52bf1343557ed343b9afd15d37387378eecb1fd06,0eb90578df1bf492dc68d6bfeeb32b29b78a0e024f1585bc34278fb06e793995,65cd439f34e4e90c737e862f2bc32edb841ede8c3130d8fb834122c7f05e0ac8,4eaef03769b9cfed55d1e2cd9733a352348256b2ca00259c67839222855570e9
GS/2016/page_161.pdf-1,GS/2016,0,True,True,STRICT_FEATURE_ROW,True,KNOWN,unknown,PARSED,PARSED,PARSED,a47ed6508af59ae20d9e796985c425c1299c7390d35fc96158ef424af1a9062a,2c51979978bfcd199e41aec96c1cbb8c9f1bb4cd2d9c1b5faf87762c70587706,c7c66e4422e4abe46630742546cdde1a875b3c4db66887f272653ae9d1faffa3,71755145c2adbb04304131e5b9f2f639cca523716f25e61fcd4d439aa1b20719,150b7b948f60c81c8d7c63ce485754e8b76ac59878e2d8de8fcf9bdb0ee5e3c9,bb62ee81e1fc974bda17a1832fbd22a80b98c2b1b0e476acd4c59df1e65f78c6
TSCO/2018/page_31.pdf-2,TSCO/2018,2,True,True,STRICT_FEATURE_ROW,True,KNOWN,unknown,PARSED,PARSED,PARSED,f65bf9c63bf5b20894513824e0a02c2945825c17d8cd56d2589177c008d99353,52533c703d412fd0ad46b061ee0c57381aa3453d020787192b82d085d9ca0d1b,e4d69137480b68159e4381c525e94e21c8a46001a2c287ec9e546d396f79bbdc,693a747addfe4e77329b3d5479d4d4463919cc2f37f6b921dc5152895cfb531f,cfba31ee275bcb92e92194aac61f1db81c55627083957da31f52f002141827e7,445a66c06a68a6b5d47f727c8a86997ffcb89811c095bda166bb6a6ae5722465
LLY/2008/page_39.pdf-1,LLY/2008,1,True,True,STRICT_FEATURE_ROW,True,KNOWN,unknown,PARSED,PARSED,PARSED,aa125c2c6264ed8fffd19c39b63832f58fa40e9a352d407f659efeaad00f7cb0,c96a8579e0efb0991e7b8c32a550c03ee32f628ca83798b22b3a21ef49a6cba2,31afbc21e18c0089753f2f2637130913808a46414c62e284aa34ebf20a3f8d20,5c66cc7203ea13889dc04a294de41787155eb848a0c91da4eee3d8f06b7901d7,2845847f8d7c778cbf3814cfddcdf51017fba394bd4adf4a18135673c9a3670e,70d18e75be83ba7538e70aee271c164bafc19cbeb01a149f76286ff401a47f2e
SNPS/2012/page_64.pdf-1,SNPS/2012,1,True,True,STRICT_FEATURE_ROW,True,KNOWN,unknown,PARSED,PARSED,PARSED,53a3dd5073f302c7b71ab5e458d62676c0e9bc619729344222d25952ed92163b,0777cce37d17678f8f70a053fcf7e9c759809d132bf8a95f89f2138474b0cf01,23517b58f5768513284add64134edd5214a7e12aaf4c9a08264338da3f1f6d05,a163defa0095ff30fd65c284172959953326708647dfd0318947251e0d238572,e5e625d7868dcb3e321a91bffdf0867a1e49a00365747f102a0f126cfc2fa517,417e3a9925335e5d402f900e08473e8006d447cf44aac67debc0ea887b3f52c9
ETR/2015/page_50.pdf-1,ETR/2015,2,True,True,STRICT_FEATURE_ROW,True,KNOWN,unknown,PARSED,PARSED,PARSED,20e4b4745b28277eb0a0482afda665f358e04649e2ca41345295ae2d9993faa6,045b4e0f94e453665a0a5c8aa83a965d862cd47f3646e95e9a7d63e96ac68dc3,eedc1aab061185c30b1b0519f919497b7e939469c74c91b22f5ac7807dba7166,7b63dacfb81d808261177dbe73e69accb2dba1af4ac0690755b170a4caf5feb7,c387d6f518bb6d6ed91d73a23a94e56e68b9a7c21d7ea0045cf6e24ab7267ff1,8b8a9e975fcc8a7c41bac48274fc58dbb1a05ea45413b3aab6790f5073390c23
APD/2019/page_100.pdf-1,APD/2019,1,True,True,STRICT_FEATURE_ROW,True,KNOWN,unknown,PARSED,PARSED,PARSED,a7edb1cf6930b67a9a655d5bb25c0812e86fdfa60157a6acdc41ebf4d9852fae,819367a2a74c030db71d69b717b76d95645fde5c97ea48deeea6255f4811810a,5e23456bf1a35d81a81994188b0a436df7c32e5e6dd29f7c4f9458a1a8710b06,76548f167cc8b97521f70a5391cadff05fdfb66dd4ae0826d44b584fa9780ae2,11f99dce7c6dc35014e653c779417cd0a40e89d1abca151e69a4f2b668b428c2,111666d6e7b2fd6f5a0c3051d8f31038d734789ba3f3e0737193c54dbeccd682
DISCA/2008/page_141.pdf-3,DISCA/2008,2,True,True,STRICT_FEATURE_ROW,True,KNOWN,unknown,PARSED,PARSED,PARSED,6b8ad2a794081e32f26818cb7e59fafa572e5346263e448e2b116ca4a19f32e8,41eb8bd4bbfb5ca9dda27bbb3b6731d801140b4e803a444b9a1d14271da402ae,e85ba8c1f60b3a6fecf508b2d7962048716f2c7bb0560218a1a63f638825829c,9ad8fe8c65c7131c6f09372b1cfd1b0c8f3f974dd33b00b1e3cc3b614af690d7,044668620af58764377affbdd09264bed1c6ca86bdb191375f5620b1f6cc3f41,3f3859620cde79f62be3f0c6b6c650a36d8a809f82f46c5dee0126f37dc65136
PNC/2007/page_93.pdf-2,PNC/2007,1,True,True,STRICT_FEATURE_ROW,True,KNOWN,unknown,PARSED,PARSED,PARSED,d7f8a9b8e5a88833f5bb319c077d8da7f169a03a47cca774d43eefd4f3ff2946,9f8dbd8789badcf4038cf20a6d45d6f0e96d3d9c2700ce93116cdf865ec263e3,684569b05264c65b92a00df248702b8af465b71b461dc70358fc5985101247ca,b772752063fc48ff3746cc5f252b4370069c1c3cd7b40559360e7eb69c7af5d0,2846fd23211e7db7beff78dbff71c1ea6e5e7927cba3a0e364c456fa9936e474,655ac783f608466778d4bc1d8f304dbae896a12f37f30355eb6944adbc4f3a36
MA/2009/page_123.pdf-3,MA/2009,4,True,True,STRICT_FEATURE_ROW,True,KNOWN,unknown,PARSED,PARSED,PARSED,9c1677345d541734bd15b981795118aa780579cb51fbc5dc959cc10ce9d4bfdc,a39d69d984d3ab995858232d7aebee21c06ed5fafc37b33e6a77bd7cddf08b79,6e1f0425a1c0987958fdbe98439afa7ac7072aec4a4304d6a970e952ada64954,3b6916c2961db68bc7ec8ee4499241335f507e10f155c22924197cf1f0369214,8e4b9932b4f9efedd0613954cf0e696012fe2c08497b40fe9cf988b1218b4087,bebf49ad919b49193143929a272969c6e0ae101280b8e32e13b01f077cbe8aa9
LMT/2016/page_85.pdf-2,LMT/2016,1,True,True,STRICT_FEATURE_ROW,True,KNOWN,unknown,PARSED,PARSED,PARSED,d266c7a62a3c91f12cb56457ea4b55e0c092b255152f9df17b7e1e04f11a7f35,bacc2ec6d59c3df75ae60190e9a8702328028f071b9de8e77849d0aaebd55634,355778b7429d00a67859cb60cbe93c35dace28270e29a1948c97bd0a669b9d8a,c1fd8c91d798590eb8907ee3ef8e8fb754bab9bb1e3c8777ca35386eece26b87,0f9d89b77846c18110e4d3bde308b5374c93f6934bbdc75868f6f3a0dc7cae63,06e4e55c11381b78974dd86c3f4f4819ae5368e7fd69217fa119329e25ff7638
AES/2010/page_133.pdf-1,AES/2010,4,True,True,STRICT_FEATURE_ROW,True,KNOWN,unknown,PARSED,PARSED,PARSED,8c71cb795744b03296f988c71e60db9871fb4d0da8c75c9a4eadcb58c25477cc,483764164790381ce324fe0e66d4475c3bae099a70a0a3dd0da29b645e59bf51,fbe437e548bdfe597221899f9def628ba97fcf3dc63ad8727815a4424a1f71e9,d5655146188f65cd8687845f8e227a824a327e0231d7c6bb0fff124c552960a1,3b52b52b89b1bc8db71338fa962e627e07449b98af9cd90fe8d190e14dee039f,b825e9b94aaa38ab769152134caedc59ee7501ac5d78538380c83daad51dd9e0
AAL/2015/page_131.pdf-2,AAL/2015,3,True,True,STRICT_FEATURE_ROW,True,KNOWN,unknown,PARSED,PARSED,PARSED,028330e80149a8fee01a7e127a98919379f1e57a65ab4e2702eab896edbaf9e4,45c7f331fe94cf0b21d1effd9e22178472bc28e74c4cb74d178c6ce035cdbd7e,46b7c6e388a88d742217844d7bc655b8728a8372617793d055d1e561c1e1253a,087e4b42520d1428aefbe577e42c1d58922f6004fc776253549d96dea074cbfc,7699fa2ba1a465f7c198fd0961e25d120b3f4455bb7e5ac08eef3ebcf4a8e4e4,a91f0808567d9b604057f9672563113ac438c217473627610d3d6e7cda112318
GPN/2009/page_69.pdf-4,GPN/2009,1,True,True,STRICT_FEATURE_ROW,True,KNOWN,unknown,PARSED,PARSED,PARSED,a6edf2ab70950dd8dd3bb72eb1dff3777f4c89b2241534607a9f9a2db3c2b16c,dc8dd291018481a04fceab82ae98dba7ac6101e96da55427540416495a7c4412,9608e52a32105d54302af3e2f002dab8966d2f0e524098302febf2e1ebfbc077,746312aebe6e83c71bd845e79b663b660a4563fffee2c695cfa27bdb689d4395,bad6f69f2e7250545832d74e5b731f4243bded5c5d70f3e44ddfac90a6f7ebee,8d2839f9b9b0ccc8de65d252844efa666f4d7b44d11be7795706ecb125615f18
PPG/2018/page_61.pdf-2,PPG/2018,0,True,True,STRICT_FEATURE_ROW,True,KNOWN,unknown,PARSED,PARSED,PARSED,3fae0f8206d2b08dc88e0d6bfaa8befa4375f5bb82769944ad0dc07e3cba6434,01418a2165666d0189f3522383e5ac872839b18c700779ca63cd0059db038842,0bbe2115ad28a47d1b404d208d3b7d5d2d5fa7e90dccf8e180adb10b1802ba45,efadec9e73eab218d2eec9071097a16f30510d0dc86d6e7ce624a2d1a7bfb072,118a6186a753a4f51cb492b58708517b83c0b21b0f4b1c3bbea9bfec859f9253,a7ecff02d10440665dec4597d710b9e48ed1f5b62c35dbe6b730cee1d71c79f0
GPN/2017/page_30.pdf-1,GPN/2017,0,True,True,STRICT_FEATURE_ROW,True,KNOWN,unknown,PARSED,PARSED,PARSED,65c0cdfbf7df604c5d81dcfea807f586007f0b277d472b425abc6f3983aa738a,e2a2b594d95cab3a233c2c43545bddc9924bd866167e648c957e936809ea66e4,f6c8b691b3791c0ccc117e40c34503c5f4b98c026aaddf3857c9cd0efda89757,d14b40ff85dbd79d340f73415c489e0c4c56fc535e9a9f3c28b51ad7243a089d,55979c23d9941d141aed719eccea8cdbfd24e0f17f2186fb68488723fa85f15d,bb33f13c85d212d86f992d5a3bd31fbb6497da163d77caaf392b3ecc190d4011
GS/2016/page_183.pdf-3,GS/2016,0,True,True,STRICT_FEATURE_ROW,True,KNOWN,unknown,PARSED,PARSED,PARSED,745d0b4756d4a216b1d4672474807eaa620ef4de83458268b1334d14d8025aee,c4a10131e1ce11f0c8ac4f052fb51430393ee0a8d4008172c3c2f4b11adc4ca4,eb98d90b702fe44d18400c9ff59f5eff60beac53e8c4feb78e2d53e182d6037f,8866abafe981ade5846042181923c8fb4d05675e478e730bb2c92315e3e118e7,63372a0cb4ca3867528c88ee7b632f7930956e86568c6b65c1c4225dc745537a,81a7a3ae37bf0f475829dd75d2626a430ceb3e0187749056a9684a91c494f34a
NTAP/2014/page_33.pdf-2,NTAP/2014,2,True,True,STRICT_FEATURE_ROW,True,KNOWN,unknown,PARSED,PARSED,PARSED,82cc2ef16ac11daec523527941f80e21a3b966facb87dbee7cc4d75b7e9b737e,d25fcd923f765c85977471d93e1b969d81851be46c4ba2bbd1472351231d6e83,6ff11cce059fb38e3d92d61ddd15bf3f5ace5afb84d1d8c4ab74d4347b0590b1,236f8f671405275337e34e6b89f67c6fbee73c23e4110cc22a13841225e6d443,c1f4d59d9fb9d090835e9c7dce0c896cb867a0b309881d0d3c91a3cc73496ef2,46a0a731effe0768bb1cd2b4b08ed5c5205e9e741c86c66fc16a28be8494a04f
HIG/2004/page_125.pdf-2,HIG/2004,0,True,True,STRICT_FEATURE_ROW,True,KNOWN,unknown,PARSED,PARSED,PARSED,d2c2ff79eca6e928cb72c13c33b7d36de8fadf6fe702be94c00a0598987566ec,13f63906afb8da30db3eb6789bed3ca176724c5959402dfc87e41b4853eec120,c7848eac9e81fc475d67484379b3f16f8180b3c998af9d94ccc8a21dd1ab72f4,7fc9877a357483cee4a4bccaed07df7073cf05bc24efcecde3bb2960576149c8,1c04e8c2328a630b524d31d8997a5eb8d6ddd506b8d13ce08f493d62458c87a0,e01a34a6c983d6133a7227476d2f45340b88a86efb2a9e0924294b541fe793a3
HIG/2004/page_81.pdf-3,HIG/2004,0,True,True,STRICT_FEATURE_ROW,True,KNOWN,unknown,PARSED,PARSED,PARSED,3852fedddb5be8e52f225a2eb0641c94c1bd91bb14a75c5809866573585b3277,08de8c6f8dfc9deb0de344dd625331675134531c8b4762d8e3ecaeb7e45ac46f,e164c5e3a44ef3d1b88d78fc6cc5759c8a011ef3535e46af27434a81679e5bd8,60ca7de4cf8d5e177f14aadb7d11ad33d5e208c68f7726607d3022a245da8f9d,1146974a3e2e65692d04c1ca308d352dd8652aad176940ce3bea953781f23d6b,e27e5370b1b59cf14a877e0ac1cf8e069f545294228c3ea1cd983ae2db04d2f5
K/2012/page_80.pdf-3,K/2012,3,True,True,STRICT_FEATURE_ROW,True,KNOWN,unknown,PARSED,PARSED,PARSED,627e90a4f1ec75a225ebc2969b51d8cbf675876b82d7f54c598c9032f13ead3d,84092a904abb68137004b56a22bee00e68562b8af5c863cf0ba848ba44c2fd8c,b93fbdd7cbbda4b616a16f616789b727bb650dfe7d729e6664bfb7a177b3782e,9a5f1229ee2137c03b989e632dce309c4844577723145ad6606c691a6d81d42f,3608d9d2cf1c92ce0a640ce410d0fdc17bbbd98c1bd9807d0ee4c28a996eac11,275c7702ca206831d1c9965c892a2d2abe6016c3938db0f4b763ed389c342935
MA/2009/page_123.pdf-4,MA/2009,4,True,True,STRICT_FEATURE_ROW,True,KNOWN,unknown,PARSED,PARSED,PARSED,b825c3bfc347824b3f5d5fc326254e59650d425498a0893df9abbbf9fb7e4fad,b03b69bc599a550e15ad9794890dcad5be4d15948e1a40aee55428027bf3d995,8c8f631c8d63565e8883311a157bfa56b094a4319211f35c7f47474091fb52ee,f320fa3922b2fec7c9a3f68fbb7969597793cd1608d862809bf9ed506da5f35d,8de00fae470635c7c5b3dc8664e0c10ce8540c6f72ead888614ea6b41da1e71e,12e215b80619b5dfce9200d5bbd03040597e9fb172f3105b0262fd7290ff8326
AES/2010/page_133.pdf-2,AES/2010,4,True,True,STRICT_FEATURE_ROW,True,KNOWN,unknown,PARSED,PARSED,PARSED,2ce2f151a2e16245c7af2e1bd092a0e088bf32936f15133f8985f30325c6b9d9,aa10c912fc24d57f99ff27c67184ded1a5e72c61b417d330a1f965689b224708,c7abef0583b879d594dbad9b85b9cb94da83303f6002bf12ad4fd10d97f955ca,fd45a3f28b8ede73ced1e80019b07c1e42c01c6c4d4afdf23290099622c62ae1,eaaf880578382de2308563c93d51457f7ad1507c937e0b43f885017ad72f44c2,8bee6cb5a914ae3462417a430863a04aae8afe3b8b79d8e5cd12599b81ad774c
BLL/2007/page_46.pdf-4,BLL/2007,2,True,True,STRICT_FEATURE_ROW,True,KNOWN,unknown,PARSED,PARSED,PARSED,468da5d888093b6e181c4011a91281ab07ed90037c19336cdc1a84e17c1c8dd3,eae9a1b0eaee82bc89a655cf24aa20a7eaa99853e6b140d0248e9a5dc01907f3,1905addd598751592c82175d6eb2a8a1e4548cc4ae9a8524e57b707b61d25014,0c614c26e3dc5a2ae9be26b3634288618df5444707937a058333d765a70c5f8b,fbc57d4c5cda918f7ffb400c6c3e8d29b1648af633551ed41adcff14407c6405,4bbee86758c9faa0dbdaaba1d3245c90624d247669e69fe033d859cbbfcee016
AAPL/2015/page_24.pdf-3,AAPL/2015,3,True,True,STRICT_FEATURE_ROW,True,KNOWN,unknown,PARSED,PARSED,PARSED,934abd8843cea9306825cc065ff00e4192b6efb46a5e3d396db0a42d021c4b3e,71eb1d2440c5163474e815c90c8b7bb0d51d1ab945f502ac28bcf91483cf0aff,2ec0ed62cfd1e30ec5e2e4ee2c02470c9cadfbf6ff663303166d67185ebed04f,fb9b1097c3589d89ec636dad8a3143298d6eff91aff292dd9f68e2d00fc77e07,84b1387739774f9325f0cb1d28915acfee1ad766bc607f56b1316ee509465b89,c967cd5206afedf23e3b8026531e3c61fc373bc6ba0ffaf5707a6ad3a5ca5088
HOLX/2007/page_127.pdf-1,HOLX/2007,4,True,True,STRICT_FEATURE_ROW,True,KNOWN,unknown,PARSED,PARSED,PARSED,ac0680fbffcfd461aa6b4fc2d85fa06eb978121ff7b14d1e411b1719be37c545,a449f57e0e075590a13e2d5bd43d2b412c07c061be9a45b71f0d44f3decbf664,0d865de5bad85f1ed01ef2a52d359faa03979aab98409ea1173d5928c52c098f,de55ffe032c50af8dca027aa24c28facdd1d548efeb5658278e1076b4ebbddd9,5be74d92658ff05cb319f87912c715728588a84ab3d1fd5f070c21a58f6a9361,c5cbd648727a7153ad8d1c974ac7961410827df12ed451158ff3ddf707e0dd99
ETR/2008/page_130.pdf-2,ETR/2008,0,True,True,STRICT_FEATURE_ROW,True,KNOWN,unknown,PARSED,PARSED,PARSED,ac40b979932be900ad4beb7525d7ef78d9636afcbc141994dea3b09a81a26b2c,52cb11c31e207df6974d5192f932b47629e5731b1fbb32dca3002d5ebe35b2dd,3d024179b6519b52ba5caad372aee0714b996e8c68fe3fc9f1782bc274c56a0f,f464381d9bbd193d974b475ed4e5fdad5505bc40c8c035564aa6841d29e624bc,bc0ddd923c1be70e3cfbc86ad1d26966813ef07dffb0b737292cb05d695a44f6,ca6d528f2423116eab83c6b89918e4fd43679a6dd92a64591f650864700b4f02
RL/2014/page_13.pdf-1,RL/2014,4,True,True,STRICT_FEATURE_ROW,True,KNOWN,unknown,PARSED,PARSED,PARSED,b4ce81232f180fbc4b8eadf629f5fa8978180028ef0189822e67ad896c46a3dd,85c10a96e81880a928f36c3747ec8939c2ad1dfc3885460a4f29ba70fd62cad7,a015319ed31382deaa497ba34a99476023689f223a8812a02465c404dfeb6b6b,974bd821e1e842a038191a00858a23861c26dd24705f5696d8dd1ee328d28111,3fd0d43f73d88f22b5218ab7e908d469c23d485260fb8326602b01fcae694079,d7c6d1bab1b5930510dfa18733dbfbe3e0d6875fc98901215f9d9fcbf0164ef7
APD/2018/page_113.pdf-2,APD/2018,2,True,True,STRICT_FEATURE_ROW,True,KNOWN,unknown,PARSED,PARSED,PARSED,cf6d848e324500214a5c5801ebf8e55061b163b3f9398977d79cc1b953f2ed0d,610f1454d68981e86628c3434023e2b4706765afdbc9b50123611aeb59b3203c,c4eea474c5d9fa5d8ef0edcd812197fd942eaccc900dad03cb0a9cfdd896761c,32bea37570c142d86f6bc42608ea9c2349cb8e71d96ab6b237457e9eb868405a,a65f67c076b119292b32fda01761b3deec1007cadbc791203951a1e8ac09880a,7388569cf9ed839422c91487c1559b0ba6f7858ccdd44785a46ebb0755992741
IP/2014/page_71.pdf-1,IP/2014,4,True,True,STRICT_FEATURE_ROW,True,KNOWN,unknown,PARSED,PARSED,PARSED,c49b0667559b03a4a604ee036c2835227f9ca7682616f171bc38517d167e4079,d7c5dded5392d6ad6636844a71eda55cb8c46a9d9e54f767d0ad8e92d57d5357,84e8e6994193f16e0ce46e416088dcdba15d667346b16a44d793b96e2b2e9b8a,528b851f921b344e76f067404b5e4c9c4ade36b2ea59790fe80bb99c2366fe24,b055794d55a1d270ed3be456f39776ef1bed3479aa898814f4f407c29810c3b0,50cd3efdb59c9dd9462b80d3665b2b2a9005dde9a7228ad6c59a24240f4c1f85
RL/2010/page_11.pdf-2,RL/2010,4,True,True,STRICT_FEATURE_ROW,True,KNOWN,unknown,PARSED,PARSED,PARSED,03723e316ed061d8719394be8f41b93649a870ecc676922fbe8c18095f4a1fd4,1ff1d020b9fc8496cdf7cb211182b551ab894b1a57ad336d455db36b216b5fab,9fd89305417268bcb66e73e9ea92a9950a6e07b2a4bafdc6cd826136623a6cc0,49446c2283ca1b0db2b2901677577fe63dd955dd8f8ca1bd82211b52a7df6e33,c48398c1ef94d30e4583b8aaa007b0b6b49cd80f9acfa621b4e44dc51f547f30,6f6d0755c4c1f63c73c26799b2694acf571e0555b62516163f53b9d3266fbe3a
ILMN/2008/page_77.pdf-4,ILMN/2008,4,True,True,STRICT_FEATURE_ROW,True,KNOWN,unknown,PARSED,PARSED,PARSED,6307ff63fb1a97f3ef33c56c455ce9af5cb942fc7b4a444acdf3cc38554e4d65,379c96233491e65be074c36b8b02c1f8f9a7a3ded572f91ded256f7d33e09601,906d216595a70227e05884373443fb1c1a88dfd750800d1581afd84853510457,a55d1e14aad73e9525b42f26f16ad2da81c658318872bd2f7b1d4cb6a2eca289,7bc453e8c39c84a602e378a95afd3280c9485674f5a70405246461cbcf7429bc,ddd7337a7e1f7bfa5f5188126b91a5ecb3f9111cae4b2a03bdea216624109ab6
CDW/2015/page_53.pdf-1,CDW/2015,2,True,True,STRICT_FEATURE_ROW,True,KNOWN,unknown,PARSED,PARSED,PARSED,ab71897eb6af5c25f51e853f22f10cf0cd4580d16a580c008c623d7a3f3ef0df,b6d319903e2a7a1e02751fdd782efd8abd729adcf17c39372a9e5765bf2d8d23,02815dc9bd63bae905cfa634c4e8142d81b6b7fb9844ec2a048facc0570fb897,1b2437acf0d6745a5b71077ebd49aab608629488a9dfd6b71878827fdf48627b,78a8efb2adb89f5fe757b5d7364e3a6ab8d55231a61aeb4c28f56d4ab936eff3,15d8ebcc2b789afe8ab3cd7bd91c3df9c985077c4cd107ffffb57508d59749a9
AWK/2012/page_118.pdf-2,AWK/2012,0,True,True,STRICT_FEATURE_ROW,True,KNOWN,unknown,PARSED,PARSED,PARSED,3b712ab946d93f607d5cf6dc0b592c3f3b70d73824e7251090989f506c56059a,3f5af8ffd1a689a4e48440201d0ee46909d129bad00dabbb9e6e5d7c58338aef,0901eae28549880fb058282e60e41e8c773a04e75079afea3383378350d8889c,a5a7e236a731f2d585c166ef38f8c19d1f11044e86da618e98331b018bfe51d8,5bd855345bbd071eb9eaa3eb5372a69d8020a7ea914e559dacfbf35341e2235a,11427d724d4ddee96e353431ecd583a91554e44768b18faab98e6dbd1efb74f3
LKQ/2012/page_25.pdf-2,LKQ/2012,1,True,True,STRICT_FEATURE_ROW,True,KNOWN,unknown,PARSED,PARSED,PARSED,40566b9b5c6569922327bc453520eedf3528e25f00d3464c520c6b3867e6525d,ff573edc4c8d195020c6b02d60d434862dc0a7c66965669dc8715030ac7cb123,8fb4a716df8a71d3b7a2c9ae2e53e97bafb272c2acc2314994b1901ecb01bd76,3fd21a8ee47d80c5af2fae84c82ab656c82ba46eedb2b5540c51a772db95b17d,fa48bb5245807cd0472a3b9c16b01bc44a556a5d3bda4a46fb217f4542dce060,ef3a5ad1fed3ecc23d7b403cedcc990ddbba05a9bc6a9439a217e17e7728bc8d
SLB/2010/page_58.pdf-2,SLB/2010,3,True,True,STRICT_FEATURE_ROW,True,KNOWN,unknown,PARSED,PARSED,PARSED,0ed9828f426123a899a59383117d8ba7112fa4dbf980252edeef00ac2a766ce9,e281b32d5d083de87cb05f74267afc83b69524008bb833b6e71cce215727ed78,4ecb88df9c350c20a19d54b1a9bba33cb098bfdef7628d861d479d781b159381,1944f1e140ebe77d893f66ad3caea3060d6465894f9f552e22ee3c9eaba1ac18,d77061290b911fbf11e3aa96396e8fa4d78f708808c157ff698ca970512d06a1,f8500c7b3f81c767b35e9e1c72fce4ac10860f6da28bec9e8c0161f04b78183a
ETR/2017/page_19.pdf-1,ETR/2017,4,True,True,STRICT_FEATURE_ROW,True,KNOWN,unknown,PARSED,PARSED,PARSED,cf606b77464d58f03a2887174fe7fce0fa7c87feb710b50c2fdf0ce8141063f5,2361486c6cdf1025f4314cfe599953c1c6168ee46938262f92d1e03c0048d6c8,3299aed43f622d2846af4db09910868ed1df581d0603fdc4b4f70db0ca0e02dc,fc546bd2cd25963eb39421fad5eac36c9b5f3d6a820376ea6e46d7549cba897b,90ecb76da50b22a6e7d1e6bc1ed8bbe5cd49d5cb9b80a36e45ca5353450f2681,e067a51a2a765eee5b801f0327f2bd052f13f58c7c0dc1d5c23946194fdf80d0
GS/2018/page_175.pdf-2,GS/2018,2,True,True,STRICT_FEATURE_ROW,True,KNOWN,unknown,PARSED,PARSED,PARSED,dcefa107f6236c99240ccb16d5dd63217d819859211d7161cf213bf6553d2e56,646cb4eb0605d30bcde37470d8f9e3c1cc1ef6a0d2c3f4926075061253986911,82dabc6af06e7e7957270659a7abe0f2e3b89cccba0340e24b14a7c3990d1b4f,d060586f500705280c992670a120f942f7ac1a458d45b600bab237b3a36040ad,51e1afa3da81f63acf4793ec8dd83ef56b0af5034b5ba73d9323252378cdb358,9bb1a6cfb73f4dc0e66ab29c75460b3dab9a3281b9db8ec399968d294132c201
C/2009/page_200.pdf-2,C/2009,2,True,True,STRICT_FEATURE_ROW,True,KNOWN,unknown,PARSED,PARSED,PARSED,1e91881b000b7f480390e8b8f12b84c7b2a64ba3d0ce543bf6d50b55100648eb,0872cf44bdfda3211736764179a8a86dab7b7a37a9485bc424406c1c32034aea,75bbb22f3b87e0bdfd799f3f1d9441e2094bb5fe6306c14c6bf5f1441e2475bf,6058d6261bb5d1c9237bba3a7ec3395a6991e2ecebc489c86162d10d1faa2440,82ed1048560c4bc56e68be5d8de6aa416f5fc7c56edbad78e7f619ba9d9e09d3,ba2f0e11635d1e2dddad2351e3d1e1b080c6df21fc72c97f8767ae9929ccc9ca
HWM/2015/page_94.pdf-1,HWM/2015,1,True,True,STRICT_FEATURE_ROW,True,KNOWN,unknown,PARSED,PARSED,PARSED,bde1734d9920010e83fdb89c238c9c49eeb11f94727488239627426a999cb3fc,18040df2ca14dda62f88efba06fcdb09fa4c8c7fc7800314492fb774f16f4f0b,2aca345f71918cd7318976fb109212ddd5399e0e17dd549b577c313aade6618b,972d605a04cf7e71b07fa744ecd735aeead54b5621c1f6f759a6765b7b69e533,e6ffb72eab3ad929a50544b9234acbbd8b964e58ba9a55fbb16c6929d46bf09c,ea6d7e4e659b9fa427f815525bfed76b8baaf5e6683f5fcd8790d95cb439fa76
CB/2009/page_220.pdf-3,CB/2009,1,True,True,STRICT_FEATURE_ROW,True,KNOWN,unknown,PARSED,PARSED,PARSED,b5633171562759f0a69f2588de23c2ca5d3823c7eacdda6c32a2640018e1c401,58bdb407e8458470681cdcbf41e27d5038e2200d6afd6b1b9c582899e1d31aed,5d6c4622de34db0c3c945b93197e00507988a45ff8f0f9c0099fddb7ab6c59d3,5e79fbfb448367dd8b1afb49f0d35ca96f6d7e963fc85c28c6266a8f72863f32,b16a41220644eb59a1ef1c00b9deea2675c2322638ce54381e2a7c6de3056f54,313b63f344dac09ec166a1a465dee32464402ae3f7457196706c1a18d2e1482d
RSG/2017/page_14.pdf-2,RSG/2017,2,True,False,NOT_IN_STRICT_FEATURE_ARCHIVE,False,UNKNOWN,unknown,answer_not_numeric,answer_not_numeric,PARSED,a4938caad2695beda5e2c2910906eb469e2f51a27ab6542152448dd0a2522a84,4ebb9ff6c19e28050d7f8183f88ab3e878a2c386de0d37d588d836b627c759d3,42a20218dc6388e1a0c74573868cb9f0f6bbd60bd3ca95d3c02323b711f3e40a,952fa1700c946aa68a494103af243aa250bd75cdd754b2f63c7aee1ba5fc491f,f805cd270ad1f54bb3d2842cf98f91a2c5b40d873a06a39562ea066386d4457e,bf098c02d0db60a0d2c53e8ec0dc8adba5f97bd3afbc98d717fceb98f5b8fe87
K/2013/page_27.pdf-3,K/2013,4,True,True,STRICT_FEATURE_ROW,True,KNOWN,unknown,PARSED,PARSED,PARSED,dc40176df1e78c76627e5eefbfd6fddfff9eeca51020b42ae800b3622cc2955d,4f66ac6c8139b41dab3571458b2c4a9bdddec7999abfe0336abf0ea22d3aea05,f818fc1d4370aaa25c0dfa9a94674a18441642f34c007a887513ead21350b190,029732661945e41b005c7d85f50a62194bf89ea9e1c378de6b15470d02c01be6,dace8bbed749472cff31972b110cfbbb4fa7d4e3f1440c58bd30bda794b8adb7,c472440ececf2f8f2d9f0e63671982ea2f61ffb74c168b5b8e3a687fe4e06b48
IP/2014/page_66.pdf-1,IP/2014,4,True,True,STRICT_FEATURE_ROW,True,KNOWN,unknown,PARSED,PARSED,PARSED,ceeac31321bb4e31af8541f97434fcabfcc1a8164d8de022ab930f6c721f94d0,494a43d3c9f405caa0f3addc3ae5f8f81246960e143c553f58a732c16ed50bc0,faf8530d8158d975282e866020f9114be4e7f6adcec32009f4e1fae7a800deb1,2a0ed16d7e19f89f79b521e4a17118f077abc19247a02d1049cbcd415618c360,32df00e4692248fc559cf651aa54db70fe5bb843719866a06ee8e5b31c7d3385,a5672c232afa6877a4238c015f29625235c2cc181b92821d5793bef261a2496c
MA/2008/page_70.pdf-2,MA/2008,4,True,True,STRICT_FEATURE_ROW,True,KNOWN,unknown,PARSED,PARSED,PARSED,ecf81f11ec6f79c85d1d2874374b631d76ba9be6638978d8578078f13985bc7f,e7199f56705a4dd8e69e4d77887861864603242a35e0c0201b7e71ff16e82858,99841fba935735925d009acc7b94e4fdec0af80b908433a93d6b18a01b641d98,c098343d5556f92ae0144eed0527291891f0aad9e15bf6a70111076c905437d2,801007402f2f30c8d91cb7e6146439b1c67f34d11a9147fffc6d1b511ddd4aa5,9d643b1e6e13ffac7c22464b390889b79917120cd8d0cacd13e038fabcf9c38e
MRO/2008/page_119.pdf-3,MRO/2008,2,True,True,STRICT_FEATURE_ROW,True,KNOWN,unknown,PARSED,PARSED,PARSED,ca74e8296102893c0246ce08290665da4704d836097571d90bb7eff0d281e998,13c57cde260cc98f342b31c406b70d17ff5c12641762e8fb935fc8ef45954d46,3d0c50a9ba27578b8fec9522e8fceeef4a37b757e6f9be45b157d13e952ff2ef,340d82ae43a3b2737d7c57dd8ea98992c0ad55fee288ea5aac279926616c6195,09bb409a67c027648f1fd776694c071dab86a3ad36cbc1e22fd95b9a673dbe19,eee0323d3d2e76363973c76c10b6fe3ad3cb3cdf8d88781864cbc669b9361143
RSG/2018/page_13.pdf-1,RSG/2018,1,True,True,STRICT_FEATURE_ROW,True,KNOWN,unknown,PARSED,PARSED,PARSED,fdce2f52620e350038ae90c252beda04e38882aa228df986e424ecde81aeae37,3a8171ed5035b3feabf973adb124640e88a6a5dbe4ef56761f38b3ec3531ef38,f3db2b77a2812f121baf319f8546cb87e4f8d1c31829ac57f1ba2701d62b1716,e172f073871160e8c47605ac2c699fd4406882eae2c6c5d4b1e0babd9148cd90,ddfdbe234f89fa659ac92afaab281f8e28636c5b097cb484869cde74f15dc03d,c788063f0529268795e9e710ccf31763fe4cc3c5485522eacd95c1ed87a48b11
PM/2015/page_103.pdf-3,PM/2015,3,True,True,STRICT_FEATURE_ROW,True,KNOWN,unknown,PARSED,PARSED,PARSED,a317d4a6ba80d738145cf61866cc0a5062474232c721bd7358d27106802a0b47,ebc0bb668baae045c34d761eba2869905fa3a9c4ee3f4e4cd6050bd6414f3cb6,b4a3f4b8b5a06eb2d60eee40a9b085739ba0f3a2ab80e3732ba1ae7252e6841a,784b1d53b14a0eee25ea9daa19350bd1f2ce90dd1d935bfa2970e018d7c63b54,aa34418b576bb2fb0e89deb0b63ad25d1914b35953f52be67ade0c0443f8f3c6,c860ff2502ea712d569f0ace3ed1fbbf86135ae538c3e1d61f118624aa4bf832
LKQ/2012/page_25.pdf-1,LKQ/2012,1,True,True,STRICT_FEATURE_ROW,True,KNOWN,unknown,PARSED,PARSED,PARSED,828335cc19d96d8209efbe2c762c3347a9d731b841b142c07557765aa2a0acb4,0eacbbb23686aa9b452e5f32a23b093819708898f19331e46eaa14c0b80d8751,f4128322bd6603a0d1f2e0749e4a32e45c0458adcc76dbd129770a496eff854f,cd95d5c2cab53402e704adbec0e2a9b781bd2d22de4ed9d2d74956af740e8d80,b8b86e50ff9213cc51b53efef31723481628b869941de124fb56bc46efd5d162,8c5aa44d31ac91c83f539d1c4ef59844b980eef671867f434e2282db5e479469
RSG/2017/page_74.pdf-2,RSG/2017,2,True,True,STRICT_FEATURE_ROW,True,KNOWN,unknown,PARSED,PARSED,PARSED,e9cdf076fb9bbf907fe2cbf43b24d32a2ccab888d318233ea96eae9ba8acdeed,17ebcf67de34b74c4b4112f3728807f667b3f2b0e13765978dd8e7711cac3bb0,3a805ecb4c0d46861f63ce87f22d66b72a3a3e748d5576301017e13fd05718d2,fa8cecb278e664b2085680ffd37cda3c69fe5de5f48f51aed882d0f42c5b277a,0afa418ff943b61a00e16602d3da864abb735a6d53c6a6cae3589f8a876d86d8,03a778d3a47701eaa795787285c6bac8bbea3014c755dc08224b5db91f547d22
UA/2011/page_71.pdf-2,UA/2011,2,True,True,STRICT_FEATURE_ROW,True,KNOWN,unknown,PARSED,PARSED,PARSED,c4297dcff2aeb1b9a867d91e03e9602b2f88bb8112f9190b04ca85a3548fd3d0,3d7228a7e9c10a72c6325dded30f6ebf383e8b0615418a320509e4a22d2a2897,5b0c50fc5d581b95b293252cbff8d2a388c6552745ed243860cfab795d49f74a,565493a99b5ab989f50c9448df862737f6fe6e0bb362236526ef1cb7677db22f,27cac1ba9f3f247a29ad76df2c2e5c6239d0cc432c2f90647a2ff72f66b08a86,d408982f102529a216c432a7174547c685955dafac09cbc8cbe061d4f11aa871
AMT/2007/page_114.pdf-3,AMT/2007,4,True,True,STRICT_FEATURE_ROW,True,KNOWN,unknown,PARSED,PARSED,PARSED,435955c20eb1e4f67c727bf68c20ea4a5bf5360da0147120d314d545f00d78fa,4168310c15ea812e71af1254f3791a0166be3c500a7d398ef74f1960711bf09e,81e95a02fccb843ec6d205ca2d46676eb56cf8b586a05d3a9f3a735101bc2e80,31fc23b86ca8e81c1f9216bf2bd07f0a3c2ac6295b7700f9569c914960ba35f3,895a60c42c8e9db26a275fa708f0a61524279bee3dc26992cdd7e08eb9077a8d,55703a11832e039c64d8ddbed8617d45418aa053ccd2530c48c0faa7ef3c839f
AMT/2012/page_111.pdf-4,AMT/2012,2,True,False,NOT_IN_STRICT_FEATURE_ARCHIVE,False,KNOWN,unknown,PARSED,PARSED,STRUCTURED_SCHEMA_OR_NUMERIC_FAILURE,28515779c6d4f5d0bb4044f8602d424df3aeb1aaf07a3d9fa5b0ffe871391db1,8dcaa6f6603fff6f0b7d30046ff96b2d21fa6d0059523ca2aed756dbe9866621,c73e7e74820eb511dce0d55ca4e586efd5cecf838d459e23dc501ef5a546fbad,2b82bd1a468b6773db3e7d70f3f3f262e856b5e22c268adb363e7216d9b5e6b5,c1c9bc96bb35a08fe0ca1a1c69e45124d8c128d25cafd17d285d6514d84b1c72,1c85f4c217aacdcd0a7231db6570ea90ce53b8578f02628b6e3c3f6c1441cab3
AWK/2015/page_127.pdf-4,AWK/2015,0,True,True,STRICT_FEATURE_ROW,True,KNOWN,unknown,PARSED,PARSED,PARSED,f0f261f87e0b0e6678b1081911f8fa21bbcc753b5703fc7a3f5bc76b0c65b240,7c6e2339d560ae1767ee56cadc3e3fbd63c1d2a425b597ea7315e62ce3152262,03967881a253ac9319056eb449ee2ed3856510ec839517f147a973dca0786f55,649f6a2ab6628782ae010ee1414c899173174422c478b9a66c519de76e68f1d5,681d97d604cd669e155e29185901d71cf890be096a5586c1f796480124358c44,74cdb761e16af9711c3ab45bb9cd2987377c20593855a73ae48417ebb7c43ba1
LKQ/2016/page_48.pdf-2,LKQ/2016,0,True,True,STRICT_FEATURE_ROW,True,KNOWN,unknown,PARSED,PARSED,PARSED,5f178e9c2ac33cdbefab6e7117c69e34ae18464371b78add91180fb3817a1d52,c2d8844a63c2637fb034a9a37bc6aa715ed4d87bc14411362afa21ac03a2cd61,15e7ff514938c7b47dde082c8304edc0d698e42b4de5979c8f67ba0698bc3764,15ba09e251d14cbbacf3ec0701021533b3f3eabf8df276fb94d8860eb184cb7e,9e5eed60e4321cd70a8618add818325475ec1e74dce372329a421b30a50ea2b6,618f492e981e8aab8ea8af619155dad9ec01f8aa7425752f1bff7373547f8225
AWK/2017/page_128.pdf-3,AWK/2017,4,True,True,STRICT_FEATURE_ROW,True,KNOWN,unknown,PARSED,PARSED,PARSED,afda81239c0894279feb93675b8853bf5c55c5add1184d1f8726a01bcfcd5561,167e095d1906402cafa044325a390325729039a9d241bbb941bcfc8499ef3e1b,ef23c726e9142d7d19cccf8f3a5b93b6b3d2b0bd075352aa4e9d585a108b42a1,055836632eda3b07da5141ad7b4f26cbeed846613c685e2fbf15e608323ead5c,7c39f7bd1d9a934730fbb950f54537dc1e0711b82a8eedcc77fe6c7f4b028af4,f1e7f8a48e5d002209bd7201bf624f2e9b4031f786822a5fcdcd1c9e4c72fdf9
EW/2014/page_35.pdf-2,EW/2014,3,True,True,STRICT_FEATURE_ROW,True,KNOWN,unknown,PARSED,PARSED,PARSED,e3e3b6638536379f000f9d551b74a1e84051eb759918f960af47b166a9ea41b5,a2d27b556805d1d8d5988c272dcc0c3fff07efc2dc69f1b9f30445230c0a6af4,6739a3d6d9a367007a9ace9f3699afffef2b2391b22881610401bc4230e16aa4,82efc105c4b982259e6f4231cdb5311c35a4d1584443a4bf959d6f011f9d47e2,1faac9f24f131edf207bb48e9b51565065cb19bd499b9366f47f6ac684115ad8,ba9abe467d91624b754d0dbb97ccbae877c5d03b534beb4006fe6a4df9e6ab8c
EOG/2016/page_80.pdf-1,EOG/2016,3,True,True,STRICT_FEATURE_ROW,True,KNOWN,unknown,PARSED,PARSED,PARSED,8d7de64e9cc8ac20f078b2df9cf92d3f8cdcd30a4d6e6b41af0488dacf19a414,3a5d31fe742f9ac5af207cff9dacbd11169d8095aaad0cdc3c007f90980e2a5b,c13a5aa14a9e20110c439256ddf33051e85fb705084cda9bfde74d7e8fd7d9d3,697d2ce662eece387b1e13c3935cfca8978409b32bb21a9a31a28d18664282e1,e19e0d1ca1cb585d6b184ba582c8792734be03ecae8e128f1d1508c2c5d2f07c,7f4325d6a38fec5f8b2e63ead9ba5971fbcf05b442c5c1d47e32b5039e73a17e
AAPL/2013/page_27.pdf-4,AAPL/2013,4,True,True,STRICT_FEATURE_ROW,True,KNOWN,unknown,PARSED,PARSED,PARSED,ba912776ed8b1af0584c2ba7bc182674e151aaf62bff92ba484040d6459c36df,7e63497a898d6a20dab04525e8e8ef2d17c8be854ae909fa17499ea81e8f096e,d481810e53eea23335fa1ed73a2330ec600ac5f9210751af46883ae1e6c1a84c,ef863d9ca45720ea502c09073009319c2666744e031fc8f41ea4333b666eeef2,780863b8d2f0ac38123ff1e184f7b25269dee300d1d4b03e5359482928df6c73,a191e2a959ff23b1a4fbd61c1e2cefd7da896cbbbc57b50b1c773661ebdda1b4
ETR/2017/page_20.pdf-1,ETR/2017,4,True,True,STRICT_FEATURE_ROW,True,KNOWN,unknown,PARSED,PARSED,PARSED,f4347665d1da6807c465a5667b140c13d63fc986cd851300ee321cc0fd7d9e39,a0ad936d1d6a96eb09c9092cae50da46ff6299daca726e57e43f8299cd017d12,b6626a24d8cfa9e4fdf8394e1a4d23ae69553bf1b4e08cf2575c6215b987f759,21a3ee570d03455c9acef866e37d6e4a89a1053ebc4252738fa60367dc468782,a0250099cb91535e5e6008d37e985133e338cffce7a24b754e78f9ed984655cd,78333d46115b7e2e58a24d1aa5c00806036f1f69e796e8dedc449168325027e7
ETR/2008/page_313.pdf-2,ETR/2008,0,True,True,STRICT_FEATURE_ROW,True,KNOWN,unknown,PARSED,PARSED,PARSED,b227d65dc5c5fce17f129b42c84865fcc06eb51404a99c73c77ba388b42a5c5f,2928338e0a783c98fa2dee0d7f1fb89e87c99197af3fe6a23fce8a4d753fab84,11120ff6e9e2d05d80fb2eb6f2698a81b634bbc6159baa0ce9b7bebf7b7b924a,d659eb6444de0d9a504dd0c37a41c05daacefa0c0dc314b8d03dcec3880bb230,947514fab49d74e74a4a9ab07cb0327c8876e4c111c996573813879e87000f66,8820665368477f74fba84eeb2cdcae87f9eb65404d43188ed1434ce669a0e6f1
PNC/2017/page_76.pdf-1,PNC/2017,1,True,True,STRICT_FEATURE_ROW,True,KNOWN,unknown,PARSED,PARSED,PARSED,631c36c15d3d15f0d86c5f23c8cb0831a42454267cea7900a5bb8d36be2c2e91,9b96c7ee46b4917eb2597e0823ff831b247dfe73c1654440d696c986fb71a82f,cc3366d895b3d69ab602a46647798d4f354f2dd3dd9f844878b84dbcd1385ec1,26fb6b2d0e991e7f709ee997d73f27aeec9a3ef03fa17e98c77e605a6619c111,567785b5d788b82c5c21ff5337ed9b867ce3426715e198d417d113591c867e85,7f36453345557bf8ef8e7ba092b375868edbff429b304a616ebcf6301670898c
ETFC/2015/page_25.pdf-1,ETFC/2015,3,True,True,STRICT_FEATURE_ROW,True,KNOWN,unknown,PARSED,PARSED,PARSED,02f13fd9f5a6a7b7a3b1dd3e6fa73c7d015ce6a6bc1e5741ab2f5acc747bc49c,4cfc9b08b1a6bb539648527a61e62d54fc319ab7dadef86f15536dbc35f5d9b9,81e14e5459c6a07dacd7270445d6ad6f6b263d6bac1ebc0d07d04822751ab3d7,bd7807d34e8ad83524bd559a74258abf32f93476b9495c9469c05ee88a85cd92,d584be0e5d712605be7e52e407c4d23c1ae77920b37c0e5901a572e78c774279,a72369416292f7df4d8bdc68537c2ae35776054dad58665f3bda21974443ced8
SNPS/2012/page_61.pdf-3,SNPS/2012,1,True,True,STRICT_FEATURE_ROW,True,KNOWN,unknown,PARSED,PARSED,PARSED,89550ddaf952ee6ec7d9f793d5de55939675f40138b48a6f1c22995f933ffaf6,ac262b35b8b40786830a5ed083012cb4859e334e53eba8fff6a825bf38ed8f60,4e73d954c2b5868bdc8c803f5c2d113e3c2be3e5cfcffee200f42d21ca38a9b7,3af3c76e6a7086dc2fc0e14523a5ad7143e0798670ae49cc1c147f9e2056ea13,ff19664487be4273f8a14c7ca6e7ca3d9571a5fbcca312c001f7ba7578f4b909,6b772b8a051f66d8cbb726686b6f705827271acc098c29369d0a1ed6a2f79b23
HWM/2015/page_123.pdf-2,HWM/2015,1,True,True,STRICT_FEATURE_ROW,True,KNOWN,unknown,PARSED,PARSED,PARSED,14955883b1a64d1ae65a484be947b43fa074ca7af7e2598c2178bb301fac4083,375717b58dd4a3ecc1c831d60ccb777495dccd276fdda65adf6fedf019b56846,334cb60ef0025e93c09bcfdb9a50135f1c2ed2630e7df5e5e03c3ca939186e3f,bf915c9b65821aa28fc65ba2a515f889808f35a057ccd2ed78564d1a8e6a91ab,2ce006c080a37773e836c02e5adeb7eeea1aa8be9f20601b81cf1b167faea66e,23b2c2ad175a9b1ef747c92f8b5098bcbaa2d9af8ac18b5d7849a59403fb3122
LMT/2013/page_26.pdf-2,LMT/2013,2,True,True,STRICT_FEATURE_ROW,True,KNOWN,unknown,PARSED,PARSED,PARSED,3ca1897c7910b9edbd5c82d618ead3d51e0ed392ddf3c20d663dbd40c8f1e31a,d9e8ca284151a952fbfa75afe285d4790c2303ffa92d9034a9f9d120f6d43ff7,96f77f539215638d1246474f3a9a13f88a89c7f485ebb2b8b2497720d6c80cb1,a26e7e8e882b705daaf7fd9abc0b98e8a8566a7f8e8746e0904827676730fdc2,5e5b9e355ea2736d25b175c5adabfffe36714ed2bde87c0ddb5556366b83e344,03da8f70b8c57b77fbf9dc0b68c0388dd89b7cbac5efe6d63036b5486cd69948
AWK/2013/page_123.pdf-3,AWK/2013,4,True,True,STRICT_FEATURE_ROW,True,KNOWN,unknown,PARSED,PARSED,PARSED,8acabb05af34136a9e842df5df7084eec19d788551b01ce7f6b26592b0ceda73,55dd68b274b288265bcb6010e25373490c57ac7bc424c974947c49d323183af1,dfaf0d0f53623766a73459cf1fef96959e2984aa021eba0e99a48a7004636fe9,d2db5af82e97af4086785755c6de9bf4931b7d87c8626e13b00a56dd03221172,69c28f288ff3878ae9a2f185a196609c131df8940eb6cc230092d2e742023e95,0d00631bd9ec4a8cf86eeaadbe10604616f0380e2775ee40bb40878a22fa9b56
DRE/2016/page_59.pdf-1,DRE/2016,2,True,True,STRICT_FEATURE_ROW,True,KNOWN,unknown,PARSED,PARSED,PARSED,0b530aca5cb0d4296748086aa700a24e9757f7e3f6f7ec14f1559c018da1969e,58a4bec3f24793d2c7e1b746aeabdd6694d715150162f022774410127959577d,f23823e1a5c2ab542d5b874bbf4ddac95433a4c0e1cb996b8ca0ee3b66203212,75f8554a4dbd0f89c633d447b922db86cb9da0db2081f5164bee16eae9a26545,99cd7128b7eaaa37404d46f846d960676d3f88dfba9dbf444b23e86451f370e0,69169c6cef77eb50f3a99c6944e3ef22702b438971408e9a5d949afac7823670
EW/2016/page_36.pdf-1,EW/2016,1,True,True,STRICT_FEATURE_ROW,True,KNOWN,unknown,PARSED,PARSED,PARSED,250311584a30f95f368dbfc931de6c9f7c57dfb19f9af9467758c7c2c5c0d7a7,a139e787fa9099659fd39c8852537132be3bb908fe8a3f0a70bfe1da7d75dd37,ca20a60e6380f5fd2215a1190c2f374f4fce4b54427380203a41a3702346782d,ecf72ca6b975cd5536d912fcf1518b4d420211dd588f78b1ca943bf086af7002,d3afbf472af7d6e1dc54629f5c54d4dc5e3fa43a3d591256563ed50642c5067a,32b9c0a9a7c59791ab92707f1fbb6f695d78edcd21aa6f6067607dc48c29ed6d
DRE/2007/page_39.pdf-1,DRE/2007,1,True,True,STRICT_FEATURE_ROW,True,KNOWN,unknown,PARSED,PARSED,PARSED,ee908cc81ec3149fd6629e6e9f9b2215e644152ff225575f86f145a6608f4f8d,de27324698ba28cf46306b67c54c86142598ac548bf6bb265b1d6d58de3276a1,c5c3ee9b94e785706091172e198df0163f05fd43ccec86bcef438f8aae01fe94,605170b667e5b834c1596cb57eae4587b9464cc54ac28db6f1471a4d4a495840,dc13eba50818b8f303119fe372acd6faa5c335178aeb044a711ead926ae52280,d510ae77c235b1697a41ba6c9ae8e0947af6eb22c1f877a36c4a842d35a104cb
C/2008/page_193.pdf-1,C/2008,3,True,True,STRICT_FEATURE_ROW,True,KNOWN,unknown,PARSED,PARSED,PARSED,8ad9af593cb514d85f0442630204debb6e7c7a0b04671ed6c9bc0f2917beb058,9fac44e1fbfe00848d052245a20c70ae76fdb54860eade17391d17682cd45028,4c68cf433cc121648867d4ab073efad1c65864a9af3ec8ce630f2cc6674632a6,3c31d6516a5621b1ed25bb5fe9fa6309bbedb18cc7fadf9d2610bb77019b3ed3,f0da3b717d65aa4a124a114c2ca7e2204f9afb0be2211db224e069d69f61703e,84c088d039e461ca16d11376b9d360f6376be7198498bdc6aae92a0d8db81604
BLL/2006/page_94.pdf-2,BLL/2006,1,True,True,STRICT_FEATURE_ROW,True,KNOWN,unknown,PARSED,PARSED,PARSED,454638949dd8d9f2f891ff623e871969a1ea0927457cd9319ecfdc8d40576d89,0456d36b12b8d8925798504d09719804f67f4ce539241e79c0be9a1a22bc5b72,126a49d9eed36b29dac606c8058568d7d4086efddc56282d2300704c9e07afa4,956e84ec59bab77d378bf0abeb51eb4e255bb5d56cdde6df1e1f7d989638e76e,25441f2beeeb823bf1be54d12a7cd783a4b28f9cb858d5b80a2ed57317727825,93dba549ebf2278e72a2bc9088aa475fda32338263a75b6b1c6cadb1f82f2799
KMI/2018/page_14.pdf-2,KMI/2018,3,True,True,STRICT_FEATURE_ROW,True,KNOWN,unknown,PARSED,PARSED,PARSED,9f455faa38ed9eb03f7660c3829ebec3187fc4fe64ca45960828f8884a32f143,495910419bf07dc2e61d7c601c9dfded7ecbc3fa7d4cf66c872fcbeb9c83fa82,0f32b42e8c9dcfbbb93d4e2e4d559dda39b4f71d048c3788e1d340193d335954,7e1a1bacf1275c3e44def0099894b374ffdacfe17e1283422d59f032c1c8d237,71cdfa83680c9fba7ee88685f9907e81af0657530f4e1da11186f1f27eeea874,9e3132947e82d9ec95352d7d37c4909c8ce26a52bdbdbbfe024804a4f1094a88
CE/2010/page_134.pdf-1,CE/2010,3,True,True,STRICT_FEATURE_ROW,True,KNOWN,unknown,PARSED,PARSED,PARSED,230ac7171bfed1a0f6bafe4e6b656551b7905a4899195d9c188343bc0a40b859,806246da96659b5129c943ea84b089bc1f6481996fc0e10af7cd369258a39f73,98e61f9965d8e93a00cc6d8fb2a6779bef62ac6bde4c228d88042aa05c0cf1c1,d3e85d9ddcc90ba2994ad62bbdd644321d9bc3076fd8910a493cb59aca909102,7967abc4984507d6a34492eeb7fbbc1bb98e327ca00c15951ec0ad674c0b1d3e,fc6639edeff57f86ff5247741c3d9689446ea62d8039d85a59c3a201d6d183b6
JPM/2015/page_77.pdf-5,JPM/2015,3,True,True,STRICT_FEATURE_ROW,True,KNOWN,unknown,PARSED,PARSED,PARSED,ed91214151ea125069a8820354a82298c0dd380c185d5ec80ad3af0c2d1d0dc0,45ebbc1e1833a521c9a612b579ec4f4bc8bcf3a6b93c639f61474c5cf2b80d63,7eff9c9012c0e9b5886b8820f3e1effac7525392c0ed0f9516273d037e8bc067,5a48ffa03353e3f133364cf22888bf0b9e721b9321f4a33664cedf81cd74a9f1,303502db145de37fa946052c85a99f116a92139107fd5c24bb1e6f13133caf8b,0877d3dbafd7852a73e1d442c583d5dbcb286d675082fe64851622016703f2ed
MMM/2015/page_52.pdf-1,MMM/2015,1,True,True,STRICT_FEATURE_ROW,True,KNOWN,unknown,PARSED,PARSED,PARSED,e862233157c63dd95e5279cc505875e53e170d49d9fba34724fee06735b20f00,9a83b632825da2faa2bd809e9be438497f1145785bdaffb94ba6570f6561c355,d4e60791949e1890fcfe31e229fd0570ab62c966401ffc6bf688d37807d8ac14,f0c3ca060e57ad79997ce2eac25d94ae235b6dd149e9065a2b966cd238bb3297,ea2787df2c09e919d58d2a3f07634b97c8a431844227e46d9a8a0e8febfa2abb,1f0730bce4b067db8dc99119ed33cb51ff71dc0ee46126a10552c234cf830a1a
AAL/2015/page_51.pdf-3,AAL/2015,3,True,True,STRICT_FEATURE_ROW,True,KNOWN,unknown,PARSED,PARSED,PARSED,5725986a8d472774ddfc73cd358f0ae3f697f3d8ca24c39cc2ca2235910f18f3,e37a6fe11fa5f18d34c933d1ee245561debbfb6c5b4095e777e8f13b357a3e2f,d508d23de428923212810354f67352c396e5bbfc5589bee52832b0f9c808d5d7,2d20cd7a284e3b6147ee330f266d7ecf682c0a7bcddfa00d5bfca347689f9387,013ac10c088e2d6cd9e25a83642974e469cee2dd9afae50282501b3201dbcdf6,00e7b0272ff817179c38e5a9fb98cde334f20c7654a63bf44fdb6384a0c8a34d
BLK/2014/page_33.pdf-1,BLK/2014,4,True,True,STRICT_FEATURE_ROW,True,KNOWN,unknown,PARSED,PARSED,PARSED,64bb3c7159f0192826a02d265ca33f7458ea83e70415f07569acd9d176865863,7bf8df3d142f260ba1be3ad36e7e173e6a12bccfa50819ed41d0e8c19568980e,198a02244010ed9a7dff0a1fac619081cb773dcf9a24ca63cd72f25f619579b3,947d6fbd43668be99e4d88885936e9443e3498ceb55087d5f70e4f17153504d1,b18f1460e56fd4334a7772dc64e0205ac6142f556da427b77d7ecf523ffb7b27,cca7b81bd4a409f66d0c4a5070aaded0d072359bee2832f4679e25986fcfa29e
HIG/2014/page_126.pdf-3,HIG/2014,3,True,True,STRICT_FEATURE_ROW,True,KNOWN,unknown,PARSED,PARSED,PARSED,7a05a50713ff2676059415b05ba3396e3ee13f495f003304ee366326795150b4,1625d86ad99b2bbb05b038c11a170f1676481929b8d6d4ed64ed705b9062d512,7eb36cf7625357e39a3e56af1de8d70286b8d915b35f9b45e5d7d13982feb311,f7a06aa91e7cd86b71886500a5ba0978985605864d9ba89cf79f750afb926f2c,c85a66da8ca95bf6c4df63e429ae29e4ecf00a03116fe0c4407f37c602ed0ff6,1b15602c555fe6f702153db872e0cf0054928646353485f537276fe263ff9225
ETR/2016/page_18.pdf-3,ETR/2016,1,True,True,STRICT_FEATURE_ROW,True,KNOWN,unknown,PARSED,PARSED,PARSED,1a02dd4f3a3dc1eb41d2cafdb78e4e87f558771f4be37cd09945a372db692a38,bec2d8dd8c0a8cfd191881fcfa948bcedd4f2a9a5187c84ac5e13c003be7e48c,65366426c57f10900dbef933652fe2c7bf8d63c60daccb29d19db19dee832fee,ce529803b91fc8ddb4bc6333b6ad04abe2ef1de767a211122d09ec10a6e48a8d,0086dbb8358c5375db90b8178b11190f444b1b2cef7f1ca2d07fe59833d5bff6,3a40dd88230449c553cffb3a277521dba377bdac38161381f4ccf11ffe332ec4
RL/2014/page_11.pdf-2,RL/2014,4,True,True,STRICT_FEATURE_ROW,True,KNOWN,unknown,PARSED,PARSED,PARSED,f4767e0c6a732f22dc032d3e45bfa8bf3e71efff329b086f86556cacb7abe5f4,613a33f27da1d06c34d155c90ae6e05d2805ff80bdd124ac334b9c55db036213,bc91d6c28b098a430915a9d7c952250a763d1a193359e11710d6059bbd77c01a,ed1306e826d602545db12eec2e0fa6f356ad02e3ce41dda216f92d3be3e3e35f,7b91e42025438623122170dbbfab28d7789b8feaac57f52bdde306c7dceca29c,ea29a444773981ef3d0b8b706053cc8730e0a1865f83c3f1e355a6930b94a0d1
AON/2013/page_32.pdf-1,AON/2013,3,True,True,STRICT_FEATURE_ROW,True,KNOWN,unknown,PARSED,PARSED,PARSED,b9c9cd5c59df80042025d379c5062672e04c1ad0f6d84758c67359ee28c9bd81,b28e167e85befb5570ad8b15d7a02562d97c59b88f0ddc5b3d9f76052ad7f6fa,31ece42a3869583021ce83742ad0b176776f51ca135f3d6c8149e4883299615c,e63c9bc7b8b0ffd1ecdabc9baa7e593b06dc30b071a41aece262db54241df8a0,b1ca1e2a59524cad6d50bd002d48aa1e914f57ee0507d01fdb10208009c73548,0127c7a17e53d548a565e74d7e16ef6871da801bdabf74f9625f72a96386033d
JPM/2013/page_158.pdf-2,JPM/2013,2,True,True,STRICT_FEATURE_ROW,True,KNOWN,unknown,PARSED,PARSED,PARSED,63444e7f89d05dbb8e0d056448d172ce9f489a679ca7360a8bdd9fd95afc5b7e,abbf81a1f771fc33dfafe6872c8b10160c2e952844ac2c9107094ca889700f15,df0a022ebbf878a6f1e2d9164670547909bf82cde00db16fb15508d86de9c4d5,d2af67ec4e301111a8d5004ef713d455c432fa5b7a2f0bcab142b35999d9ce67,aca507e2ca89e6536cc5dcd4864a215bb5bab7045600c58f46e26930af876e92,fc0846ce4195be1575a7cd78ad125d622663b895e85792bdc318ab681ea8ac70
FIS/2012/page_30.pdf-1,FIS/2012,3,True,True,STRICT_FEATURE_ROW,True,KNOWN,unknown,PARSED,PARSED,PARSED,036e2ce2e848533ba2152c661e15509ecb505a70e5ecff046df76ac5a41fac68,8392e95bc0b202bc7b59550d622093abfa296005e60bf89e9366a0f4121f373f,8857aa2bc8a84fadfa868e220991397169014ecb299389f36fe157c59d619c57,e5bd6122a4d2acd53a181320b7a1d994984a3fc5dc8a8fe36a291631b766d64f,50be720d327cc5ad376ce4d6ba4c9ddfdfd890db83c5717f0870053819e7aaee,20807d23defa607ce90f15f14836cf72328339c367727a01bd896c917a220606
BKR/2017/page_105.pdf-1,BKR/2017,4,True,True,STRICT_FEATURE_ROW,True,KNOWN,unknown,PARSED,PARSED,PARSED,3afc624d279510a3b781f4b4f23e823f69c0dacb6a9b6645c1053a6214986a33,50f254cf7638cc75a4e6c98e6d5fb73d908f812facafd6c9092a16fc6d9465ad,c3c3154c105ebe2c5ff3eb36a147963733d08b54c96781edd825b467792a1f8f,9009202a61ab03c03cb7ddde455323928c458b92343e51b79fc8d51feea38672,814d75e5c652a1606a081c0a403646b83b5b5aa1c67247ae025cedf8d3f97254,db87d251903872087a7dc17ad906e7ecbe9bd8f3f7a78d3c4e1d4cc4fe6d5fb0
CE/2009/page_121.pdf-3,CE/2009,4,True,True,STRICT_FEATURE_ROW,True,KNOWN,unknown,PARSED,PARSED,PARSED,520af5a8f2f989ed7b26a3f8fc02b21675e11f342d79b897505bec8dc264273e,58d06b5ce8ccfa726d2a9221cded76fcc7b44c8f559802af147e3d163fc4d486,b71faab1da4991c46df2de62a778a34d973153bb12b2082770a2a02cefe1beae,0335d075b953d0e73fdd466507c15b58202f9a880a6c5e20546e430998d925db,f54dfc079e0f03db7776507f982ecd5601869e0533a0193c14a4895be8d78199,a314d3bf7160ec8bc436b8b6a3be907a196c21078fd8ac304fb9c32d80698933
UNP/2009/page_89.pdf-1,UNP/2009,2,True,True,STRICT_FEATURE_ROW,True,KNOWN,unknown,PARSED,PARSED,PARSED,63cb3150a92bb7f0cb8833ade0d985eb3818b579653c1f74aa2c98104cc6b00b,ad2ffc673e6934b698fbbd325e5bd096919f88c0e12276cf6f2b1c941c27687d,23f32e638c26fb73a9073b581ba493b558fd42845c0b8d3ac64148d21809d377,ea418a3b5e659d028b3ec5011ebe9358e427fa6cfd72a2ce8ccf799ac8ab92a7,d30a85a9394cb8a596bd752232a3cfe46cabca2815aa4046e2fc9704ca5702ae,25fe6f7ed5e434a000969bf9dbceafd9301c0ea2750d065155dea286382cb91d
VTR/2006/page_88.pdf-1,VTR/2006,0,True,True,STRICT_FEATURE_ROW,True,KNOWN,unknown,PARSED,PARSED,PARSED,74e3f5287fa8718cee3a249e26d454828a53f6112c7b51d0f55d5c9c758ee104,f9ebf82e6ebbc300d7fdf545e450fd7c1c4c3f34564b7c2636847c46ab96516b,d00ee0780b282bd63a9b925efab47c56fbe77bba4723ecf105539da331bd25ae,56be2d41cc957278255b55a8afb38077b09499d8f5ec3c6687a6cd787d7b4b44,e9ebf0abc8343e17479c6e0ce5ae863207cd3b7d0b5b9ff405e5c2526f0f1345,42b389cac68312a153a8c2a7fac94df40474f3e43ddfb1a4e6fb561d551d1e8f
AAL/2014/page_59.pdf-2,AAL/2014,1,True,True,STRICT_FEATURE_ROW,True,KNOWN,unknown,PARSED,PARSED,PARSED,6fe4f6694951b12a0e50c91858f33272246c89b07fd1c4f23b6ed38c8812f228,1a6b74ed971af27cff95cd8024834d0b2dccc608bb9a674452097b8f1d82d597,570376e5965e952d7bf95f18d5b01b44d35ee54d8e15acd6de3d07ea696d2cc3,5777ca93f51ebd42d3c81a81378ea388309f692740cc3a3092456aa9faaab0ca,e71ad9b14e40d0cdd89488a8c5c30e2af0a6c16a372b7977932ac21fd4ecafb3,dc3090db32acac0498af5800a7379c74d3c2f41d35db0f18984a8daf12d36061
SWKS/2012/page_116.pdf-2,SWKS/2012,0,True,True,STRICT_FEATURE_ROW,True,KNOWN,unknown,PARSED,PARSED,PARSED,1262e9794cb0f1595838eec54f1eb29832f6f56df5b21dd003b7e33dbd3aac59,d0f11c97c710a16b7a41d822d9fdffc0a4c894991035fccd8c191b1cb89cdda4,0a3e4ef200cb6a4e3801d25e2af857f8e3749a7eac921a23b077e0a919370c4c,959b911d7fb84b8f3296b8cae16239669ccaf7e81402c4c4e563dae62b40949c,c90c2040888c72782450b207fe3e90c6e74ca0306c62016e0bef352cb994cd90,81a0ece67de6112eadd44000b53f1c6792a9118a33a1ffd1fb83d483880e06ab
MRO/2009/page_127.pdf-3,MRO/2009,4,True,True,STRICT_FEATURE_ROW,True,KNOWN,unknown,PARSED,PARSED,PARSED,c9f801dc8513de4be1fd3d3e1a983206a4cdd3fb94f0b6bdb98bc1364627cb7a,730ee4e37dc7b3f32cbcabc5efa7faf9d1efadc5a1e604ddeddaabe926385793,3d062e860c1a7f9c0d2a5c5e5a8744c89049142b73f9630dae5dcfe9543a1888,9056c941cc6c7427e3ec526cd1445282ca30b15bc94c0daf488a36fecff0bac4,fd70ccfff0ea4469c26ba17e2ff4e552382e5eb27accfa81369e56beb39e61ff,5ad29bbe4381b1c2ed4e36cda45f3a9bacf74a1202242df3c403b3a37ccbbd2a
DISH/2011/page_130.pdf-2,DISH/2011,3,True,True,STRICT_FEATURE_ROW,True,KNOWN,unknown,PARSED,PARSED,PARSED,b1396cfbefe2d6dcff3a1ea987f2c01b6e3e585b2dad29d24c793bcc331c9e04,0c6a6a545732420f2568b1a3f7f30bc1aaded9d43e12bc694fc670fa635e77c9,23d6d5db89c0599d667673b012770bf677c5e1ad6b6eae14dacf769e3da4b13a,244ba29cc1df2e53e0a34ca7834c470505e4977f93cb1364800c33518d493a6f,af3836ee12eb0b9d3c4acf6e38d846d1e8f1261e657a1fe35ab685f4a04c9fe1,08ba64ca7ad6dd8dd6d637cf5155e2264cface698a3f5b6b8ab3debdb62fb491
DVN/2011/page_84.pdf-1,DVN/2011,2,True,True,STRICT_FEATURE_ROW,True,KNOWN,unknown,PARSED,PARSED,PARSED,be8ecc3f428f64af626dd067a8a32f6a4668b527caa20ea26cb3b6a317da93c8,77d335f784d6e8aa7d36619f2b1b8dbc744d38e82ed3433788240a1360cb94d4,c9b51b6a018cbc5c85fb3a527d3adfd47c2543a449bdd3a10a4f910a891bb713,f73b8be6c57fc5794bf939cb168656011e115dd5cf4d0d81be455ed142b8e371,8e7f8d6da265c4ee6c50423b2318c9a0e1643cf700b5359fd8837a396e470817,fadf8f9c3cc8facd0fc127a1182cf71b81316cca70910c6dae25cc543cee8bcb
MMM/2012/page_105.pdf-1,MMM/2012,2,True,False,NOT_IN_STRICT_FEATURE_ARCHIVE,False,KNOWN,unknown,PARSED,answer_not_numeric,PARSED,361d34fd19ebd43293e81071007a2893e7a8b4d298fcd9de8e085842251a0670,13ec69667bd28d5dba78d663102f729eff4a9bb2fc8d78a08f29e27101f84445,fd59a02d2731aff383fea50c1750021b56c7ff877da9f4b06aaf0aeb354f481b,5085b171e89a4ea104e798d4597476c60e79070bc0de2048087d24d8f276f253,b8e8f28635cda5f86f5746f1503ce73b5adfeba855de478cf8079a9a0968219a,ce98cbb8ac7a1e41183a41f1b5ad7251dff71134173bdf32b70fb79a91724a60
LMT/2013/page_26.pdf-1,LMT/2013,2,True,True,STRICT_FEATURE_ROW,True,KNOWN,unknown,PARSED,PARSED,PARSED,e23e45032e14c9b389f2ef799229d5c5059e923fa35058c548155bdc7225fe64,f26423a2c067196f1ca99f110de0ecfb94a7dd282f2030bcca3cf36637861e84,0ddb1f63bcc5aad45b1e27c2af2800078646fa4f7384cd1b6549055b8c0711d8,baace9ebe2eef71bc253616d0e60de2094af660a316e5ecdcf0065aa6d4acff6,34a54f4328d4202b7a3011a6362b0c5e5828ffdb774ee8f2bfa863358e550015,f5dc73524f36ccfde7d98dfccb252f527ef4ea9124d17886dcb74b0351d9a408
EOG/2018/page_99.pdf-1,EOG/2018,3,True,True,STRICT_FEATURE_ROW,True,KNOWN,unknown,PARSED,PARSED,PARSED,9d0dc2db9d2817a7cf899bd7e24cfcb05d8524ec73383e59180bd79ba0b86849,e736c570a43a103634df21c30e8e7e02ea57c296e86dc9080d07571b304b2464,a791a186c2bd1ba41b43f32711ab9006510e0bb2a3f098b656e2e22e160b34de,c9f0bc908e221dc1a6a97bc9a3a934c08f01cbf6495367f0d6c4d01073129dbe,abf62591b40d80d949ed2615d3ece58e9c84841d13f25f3434786f62a6d10710,b71a39b31deb5a03287538fb8f5e7be7bca17c8f66d743468622b0bece617d54
AAPL/2018/page_23.pdf-2,AAPL/2018,1,True,True,STRICT_FEATURE_ROW,True,KNOWN,unknown,PARSED,PARSED,PARSED,c6de46276c8a5c0573484730509b60ab772b624e12f89546254993c4f1dc66ce,a37aca9fb1574ee9c86fd56e5a1e8460e21f8f169c000e2c00cf1131f2515e45,7bf5312b573b77a3f4c9b55b3e0d193878e335184eb3acfa68af9ddcff865ed2,d15ad12d89fb9e773100d589453c53755931afe7e49f7595da6f1417a9e0b39d,ab18f64541af18e27776022ae52429969c18fcc45cdb6f583cc89b6bd10a2e6b,2908537f29f044a6725ba4340dcf0a1740fa96602acc22ba09f228d80dcfc259
PNC/2011/page_209.pdf-3,PNC/2011,4,True,True,STRICT_FEATURE_ROW,True,KNOWN,unknown,PARSED,PARSED,PARSED,4da9065bf7f5b40bd453653390e3b9575ed567f1166368ec0dc67bb061c7aed0,163d194777c1e0d2f7a6d75135e460e60c4a6b414bcaaee6eeeb21b3dff709b8,c1c92ee006da999d85369fda366dbe35fa523aa821b10b51a65967a16d83c757,0fa0c82b005d9bb82bfd5c44f3c39a9a082097e4cf369312b4772f71d1dea3e4,7398771be3b9976b2a6ca225894b3a1e6cced08899ca02cb924fd8f5e685a150,ec02030370fc7498a3f7c1144fd92b769f5a6ce3325dd0a7df589fa1a76d78f2
AAPL/2011/page_37.pdf-1,AAPL/2011,2,True,True,STRICT_FEATURE_ROW,True,KNOWN,unknown,PARSED,PARSED,PARSED,926b5c5367e3c754223017bc0e90eed65c2e6010e1839fdc441b8b8bcc7a08f1,0e480d3db3c9590ceb1812c4dc94afef75c28b202ebdb7d4151cf8d880737618,5145cc9dea334fbb3c973ed8a55574bcc644203eb70b67b41fa084582decdebd,8dc727f49aa83871cc118a1f2bf66cd08a566d51d1372c738705463de1ff101a,4b6a0e102d7f58a9c929313a42cbaa84619a448e536a4597805c28328123d736,7d01edf1dd169eed559a07eb48e7cf41a8ebc546b3d29976f61926a2c973f0c3
CDNS/2012/page_31.pdf-1,CDNS/2012,2,True,True,STRICT_FEATURE_ROW,True,KNOWN,unknown,PARSED,PARSED,PARSED,cc62d044a0b2e26071807e56e1c1463b32808cdc1323ad3668630e284563dad3,e5fcb9362700bad3d7e6829d7f28c0b90072333d1e1f7a6c847178b03a317a98,69df859527ff8e72ae73f3eb2534c4aa25d513ff28efb796f5238652ab886720,732c372bda256aae1f1da76517d4726b50cb586169f18a1335021f016e6d59ca,14de4572b6813f8f978bc5dd1cd93aff9b6c497e93ed13a06ee0fb05aaae0583,bbcfab312ec8943e3ba20d8cb545a6709c2018663f536e9aee3c49285fd94c5d
ETR/2004/page_258.pdf-1,ETR/2004,1,True,True,STRICT_FEATURE_ROW,True,KNOWN,unknown,PARSED,PARSED,PARSED,1dc727dbbeabba22f322c717f8dc0a955e77b693073f192a5978aa33373a5858,fcf4328eb5db13140280ba165ce6bac217ee4c9ce41a7648c88216c5af344576,d7b9ddc8dd44ed19b50d7403640ef50e08b5e428d0c8363877cade2ae5996477,b693f181c1ae8da017044cc7942ce589dd3a9f8511ad12f9466d74f2daaae94a,8e32123a172ff11f0e71a457f6d0e8f9b04557848dd3da901c04e534099ef96f,948a3ec32e4e6916e3af66fcb118b5b64b6d8c68c1fb5d06fd2c541bab860223
JPM/2015/page_77.pdf-3,JPM/2015,3,True,True,STRICT_FEATURE_ROW,True,KNOWN,unknown,PARSED,PARSED,PARSED,7c2b85793599fafcbe615f36848980671886b42033b2b1ef120a7b74751b09d9,3ca135b6ca19a3c4b6125b55b3d3bd2b40f2d82f648a2445836c7816b12fb3b9,7d79c6b06e9140aa6732beb8e9de6908ab7dafce108dfc823d0ac208ef28e723,03ab5c71157a81035a8267545c5a1ae48ef81b5685e653725ac57eeb599c7496,135e9385ec495d5bba55001fdf9a4bd92797fa5acd73ba019229b1ef7095d9a3,2eda10f22ca95f5f94571558b82354538d4902238cc55603c5230414127a6473
INTC/2013/page_47.pdf-1,INTC/2013,4,True,True,STRICT_FEATURE_ROW,True,KNOWN,unknown,PARSED,PARSED,PARSED,9826e2be863efdebce9c77b199e7a4b86de0597220e07446656a2b44b16d0717,35cc1ed28b81cd51621a6eee12aef50e4dac455909151d69817083257dbd3b6d,b8d14686afa70c7f0ba140fd1662569d7e5530a490b5bde7061703d944b94831,0b723bc323693d5d4f581d14b3a1e9112e6a6f1d38875c50541978ca29ccaf52,c08c3b83547c10cfa11a7ff03806729659196d695c6f302b4a0b6da8631f7f4d,5a2686f0150b1455c651f67b2a52c8266f4fb7326133eb87b5e30b386b1e7526
C/2008/page_193.pdf-4,C/2008,3,True,True,STRICT_FEATURE_ROW,True,KNOWN,unknown,PARSED,PARSED,PARSED,b9c73b5a6068b323e7b0014854a30be01eb175d0680bd419bea03fa8632d69dc,96e2578baf44738982b79e0f45b863f37baa810e4764a090d59ee667bbc228ed,3eed23658f48cf310870fc8420fd87329683484ae6e7d5844cf0edd0bbfebe6f,39812515a97eae8eb77c56b01d412eb2006f61909434390a1cca2c4af136f188,291087dcd39a093131af6cd7aaf2ebcd88ce0724e3980e82bcbac68dbeaaf3c5,ec7cfad9f387cceb2da53d0d6cf3f8d5f33214873cc70e361bc9789edb26b32c
WELL/2017/page_48.pdf-3,WELL/2017,0,True,True,STRICT_FEATURE_ROW,True,KNOWN,unknown,PARSED,PARSED,PARSED,dfdcf89e36dda46a36d494937d00a6385b4bdab38f04bdcfd1431d4dc0b68b64,318699cf85d49faaf05c94e00ac5847da0e6f62fd5cf5ef198a938a11610c936,d8eccd88e2658181f7cec15829feda483f28055d8e828d2632c38d298b6e42ad,fd32b4d3a61d3c86c1e9e48c9a149a316394cba726072661b3b93baa2f0f11db,1f80653b6d54cbb335ea7ad1a029a73acf5af317ae0a02d9be1d0a1d3eaea696,63c3a42761d88af857802441e04a7b85039541a758a40d4037f8c67c84095764
JPM/2008/page_177.pdf-1,JPM/2008,4,True,True,STRICT_FEATURE_ROW,True,KNOWN,unknown,PARSED,PARSED,PARSED,13ed36f3194b62d5d02e18d408e8a496b3771c5b9d18e4eccc8d85337b0018fc,2b2188a447460b7aa2c8ec1e75ca2bbba048cff5a68326cebb3328a936632b24,85e89d084e0dc2aa79aa2ea8ff358f6cde989a7736dd6588ec539ad6cdb22448,d44e8562f0fb02ffcf53dd8c7d24de204b120c2da88ea0b2b2be48d38edf1d30,109bdfb1014569733d53b57766b6f3668134262c150041bfdd5e4b2227065731,524d1d1986a6e0e2192eb1b57445fe8b64f0f4e5b79c156ef21f07961e82de6e
INTC/2013/page_47.pdf-2,INTC/2013,4,True,True,STRICT_FEATURE_ROW,True,KNOWN,unknown,PARSED,PARSED,PARSED,e8584b02968547a247ae28b2fa71ff3729658ae7837afec3969ab9544a307b91,4174b28325d0c1a468ceef5525173594609842caa5bd5f42dc1f2a34985652f4,cffac03a00d94c4a06df728bd9cf75cd9b77881211ae14078fb752b0879d879d,39c42db37740d1bce35b175cca925b97ccc558c55b1430cf051f1669e5654e28,26e236ebe57c389467364b31309df899b34e9b10302d67fb26889ca49861b908,9cd5ab68667d1d86045b1b276707c9889454159223b494491130dfcab726f861
EOG/2017/page_85.pdf-1,EOG/2017,1,True,True,STRICT_FEATURE_ROW,True,KNOWN,unknown,PARSED,PARSED,PARSED,3723ecae9452431fffdbb5f2c50c3dbec6bde73eca1b8d1f56608e880490f6bc,f7d5854090f8aec28a54ae292916980476a097d80cecaadf494b4e75aed34dba,2358aeab8cea673425010ae8acde17aa2c1995f91d7555854b2aefbd47b16061,bed65bc2f0123c805899532ea9ef55b80ed0d2a695ebe680843ce55a3879e101,3a92b405426e3641d4c6092aee4ef27d5e2a0c281a07cc48bf7c50c70709c148,87141f8f88809822b70a735502461d2d031b402e995e8f2842820a8e5abb0386
DISH/2015/page_142.pdf-2,DISH/2015,2,True,True,STRICT_FEATURE_ROW,True,KNOWN,unknown,PARSED,PARSED,PARSED,5a4613875d9382e7f6b11cff2befe6c4a85485f52aa4387036777a12d4890c61,b1e46affabaa338470279955a9f64aa4794a9af6770a02c2e89bfbc05443eab2,a11af9a3642f71477eada8646751c13dd0a114112ddcf1bb7a17adefdecd3c54,c304988c21c2496aa53db23010b4a3558bccd26fcd9838fb2aa8d187d7671dad,cffd28bb452253eefdcc7d816452588e981cfb1f9ecf116436c41f57e4c887f1,4dbc0fb703b99f55c287fe35721f1abbfe307a3a4a1effc133ab3103deb8ae72
GS/2018/page_108.pdf-4,GS/2018,2,True,True,STRICT_FEATURE_ROW,True,KNOWN,unknown,PARSED,PARSED,PARSED,0f37ddad226f455e22feec99d16ef2b9b2dfb5e2963b07ed58114fadea74d4f2,86c1b78162aa39826136e4e7de3d9ecf994f61780325bd81fc19b6d57cfae5b5,4721407a4b8c0c965af39c40652bc3545ff9831946a2f0999656d91e8733bcbf,a220ad79f3577edff3ab1bb2f8899992a7f2f15ab9d967c04f006b22f320e165,bff08f4e2fb2c1d9e49921148dae12cbcbdb408a4256f982a03642de7e382c44,e5fc305495c3cb03f6f10db7327a55bcd2c3b50b6cc1ef4570ede51b97726bb1
BLL/2007/page_87.pdf-3,BLL/2007,2,True,True,STRICT_FEATURE_ROW,True,KNOWN,unknown,PARSED,PARSED,PARSED,11cbf580c38de57932702ede07fef8eeca0acbadb11812fd3dd92e33d323d619,2de45f3ceb57122337b3237689fcf57feb5adb368f119d4b3f8842d526cc90a0,46977c07405d6d138a063647504fe02959606d4bd7a74c4c9805d82846624570,e14d5287c10d9dc3851b0849248649aa1671befd82740e958aca139537433647,6677bfa87923323a1c48b29b1fd39e9d3bf7ff46c51286c04b4daea973dd75f6,22b17737609c2794a6366ac9463e222bd85650fe797e8be1d0c111c73b9a4282
IP/2007/page_38.pdf-2,IP/2007,1,True,True,STRICT_FEATURE_ROW,True,KNOWN,unknown,PARSED,PARSED,PARSED,3869284747964704a52d66648053b155b71f4c994bf01c0774769c46ec786766,bbcc49594bb24fc2f7279e07f9d6503eba6d5d339dac378adb123ce09960d1de,978355a17a417ea24eaddd1384837dee31d923da9f199bd10af68f9e55bfc27b,0d645f5ff417e23dcaae97a98ea7e8143ea02a9a566f79234d083168307eaad2,9b33cdd74bbf5c10399a60d482a814ae4f1761784679c09afec631b8f534a8ee,34d8ca0073b476bfd8b62b19e48f527c68b76bf1c52a4572d8c2191a515f39f8
TFX/2017/page_48.pdf-1,TFX/2017,4,True,True,STRICT_FEATURE_ROW,True,KNOWN,unknown,PARSED,PARSED,PARSED,61d114ed53d980a3f614e1bbfcfb249724f4667e6c21f876444360c1c09dc3c2,0741fd4835f8970bafc2fb787bfe5fcca72c9605ab3f99fa379e9ea4f1da369a,c821851de2e383d7b60fd6fc212c448bd45f478b8123da5e55ad4b6378918e08,4a312b69a7dbe6e4d9ec2a01c1ba65fa14b18dd176e00eeb966f904010c5222d,6c48b35f0ab87f17280f9055675744baa2a89f69584dcadf66570f6b72dc7e40,79333c83d4ac0a714d07f6b945012c8fc4daf51e2ae3e0959ea8f84627b1bfa7
LMT/2015/page_52.pdf-4,LMT/2015,2,True,True,STRICT_FEATURE_ROW,True,KNOWN,unknown,PARSED,PARSED,PARSED,9bd37acbdad61c661561f3a98591204ee31e0e7032e5cf4dc5856caceda32dd7,6a51bb807fabbcbbb65f8b2a42a45b124b8edc47be4d91c4680198e3ee0e1460,83b8439cdba7415b5582778d36fa3e6ea0c47d6dfb15614902b9fb4e76f7abfb,f8d491b630e51e00def473a2c89d261855e91ad89b228c96aa83fb288bb02ce8,8beca2d3a473e1287c9201880b033bb88fc9f05a709ee66269b190513ae4baf6,be1ee087b7e9f41dd1ae194ece00dbcd442ac301c5e9da8c8296bd7a524f3ed8
LLY/2008/page_45.pdf-2,LLY/2008,1,True,True,STRICT_FEATURE_ROW,True,KNOWN,unknown,PARSED,PARSED,PARSED,25d38774ee3b44a2739ac3ff19f07f48d40b8a8de0dee98d43d5acb06e804f96,6948fa85834bb4e5cd78cec9da6f28a408f6c0c8ee2f263d2f33096da4cae7c9,ed11a16b73a2caca85a27a99d8c40be29ad516f83e937b9f8f1d028f0e128848,c7671ffa9e4f50efe3ba7d4cd609ab4f941fa33bd99af3343c6ff3c89fbefa4b,572fcd53c78e4edfe293171347d01c9dda132cbd4b3e3418bba9fae65b30ae3b,4a50423e7f5c82eab83c7a90a07b9af8b751c03e9ca287f7a73456f73c306484
AMT/2012/page_111.pdf-1,AMT/2012,2,True,True,STRICT_FEATURE_ROW,True,KNOWN,unknown,PARSED,PARSED,PARSED,2582f0a555b18c2e967081b9db39f57d4471d62032e063d97c9157cc12556f24,916559281b3453f34d51d92451a60fe5b88ba52a8e691a1b647e679e8b672820,a2c6840d20f8ea9cf6858b85161db1a3ddd0118e36bfe0317c05bce1f5d8cf94,0523089c22faaac3db9936f6010f7152fe37b7ac65b1d4a831353f8764192312,37317ece6126f06f6779e406e1ee002238c1c4e110a666d9e607a9e169c4721d,dcc1cc0f82023a01e23d00d49ceaedad781e01322852da3f5fb60cd38408c96e
AAL/2015/page_15.pdf-3,AAL/2015,3,True,True,STRICT_FEATURE_ROW,True,KNOWN,unknown,PARSED,PARSED,PARSED,44b7dc83e56885c35e6fad531406a3338898d21f96bf7792e41c556058701469,6622664070cea875480b60e0c72f865cfca201ca7fddb5c24f52bfc84aefd93c,441ef90f2e4078c5680641bc6ca5af7d351d513fce50def4e128864b0c3ac142,257545e8597a6617e6fddd7cb704330a0037511bb7fb270635903b002906d415,6c2f23a14ce5d9c1b39b9c457c7c970776744c68c22aa0edd1f3059347908ab8,77f0979c6ddc657c342fdbabbbba0e409b60f24de16d8e4bdd615b56b4d8ad8c
IQV/2016/page_57.pdf-2,IQV/2016,0,True,True,STRICT_FEATURE_ROW,True,KNOWN,unknown,PARSED,PARSED,PARSED,4559dff7fd3b42f6acf20ed20e58b63105443b1513edf9bc99c73fc78855446e,fd6016fa58848a78539578ecca94854a56b1b924e89928ac0e749ed5280d3b5e,a2619b302b58d932065772f464b23226f3dc57975e0ffaa9568908fa2f1b039b,13df8c140d4c5e1750d17324401aeb229acb508ec106d85f15ea1d29a61dedf1,205fd75ebc4ba36f026771c3afcb5937647f1f68436b67d5f8b491a13181f757,431da4eb26233091c6c303614f550fdbfccad074c756b9e5e17f6715d13e6749
V/2009/page_88.pdf-1,V/2009,2,True,True,STRICT_FEATURE_ROW,True,KNOWN,unknown,PARSED,PARSED,PARSED,f7fc25b8c7142d595d0d05b75ff97387938fb4ef2449a6df0c39d1482226f52a,3b12b45c4f20aaa1627fdd8dbcd228af74ba083e80d58544a5a5ca56c1cc792d,b742f48fa4b12d8ab6c7ece3295f631aef18134938cef7d38e944132f64e47d3,981eef67d69cca5add954180aa1869f09e4c3a9e221da6a53a6a4272aaf16049,a5cfa434d643b4dd5a07098ac3b8cf5e0e2a7155ef888d4e6fee1bf2b5d5218a,1183cde3e29eb9db05e6ea51750475343ae82ff2b2009b363396fb02e70fdfcb
BLL/2010/page_39.pdf-3,BLL/2010,1,True,True,STRICT_FEATURE_ROW,True,KNOWN,unknown,PARSED,PARSED,PARSED,a1a2c551b7c9f07f9e362c8b7504ba923297d629bd6dd9ab2e627a7414a5499a,bd371c8e88c55fced92390305b5679fb43aab5ec2922e9350e7119e39a0fa10f,3f0a191ba2dbcf772aa2bd103ae8628a7407c84b8d1f1fdc76c59e2389bf81f6,4a6f30f097ea6042c8397e18e958c4da59d975887d3fc5064e92f1548a4093fa,d99571f2bcf2d3d1e39ac1a28ddbec8a530fc09c283504923bc9fd7689473863,c0f46819e044877a088c3f2f1cab6a7186fd5360d406c5ecd051b7f32c0b5873
CDNS/2018/page_82.pdf-4,CDNS/2018,1,True,True,STRICT_FEATURE_ROW,True,KNOWN,unknown,PARSED,PARSED,PARSED,2b527157cfec6bf6a9029b8f4e54921665ba9e0adb792ffb06cab0bd303e9bf5,dde83aaa9fa746cc544359b98e1a3f8ba7ea338de477b9b54ce8deac84aa6395,e890da3b28332e98e0a313d0b5bc5c7104a569f7c866e550eab3ba6e9e61fe61,fc472fc26bc7bc81a4cf463fc30c0b3be64f842723a6f9430f1366e7b86c5491,00d784c3ebb2e916b94631a979a20c9011d402ae47a86b85bb344eb870fbbfb1,3340defdc619b60c5c63e2fa4e9fcb57536cfd3f915d72bf6233d712fcf8d9f3
ETR/2016/page_17.pdf-3,ETR/2016,1,True,True,STRICT_FEATURE_ROW,True,KNOWN,unknown,PARSED,PARSED,PARSED,3f4bb672fb332a8ed9fbfaa154572801c50abff1d3f89ab11911aa11c6afe202,a552721c9b2fb8f3dedc7ca671a86df7f5096cf2a4fb73b983bd2a710ef41424,7714bad08ccfad77b435babac81cba170af53da268de454aa404cbaf7a77a75f,2b1a9a8944e1f426d143e3ce0e588096098f896f42730e34a71762cb62513038,5b99e8a8326f4f11654553d5d26f8c2cfe0113aaa4a1f33b71eab74ebcf9492f,0f9bbe469e4740174352c034025ea96548fb59fb92034153aa6accdc28815adb
IP/2005/page_31.pdf-1,IP/2005,2,True,True,STRICT_FEATURE_ROW,True,KNOWN,unknown,PARSED,PARSED,PARSED,3adc1ef32b1ea02adfefeb0e4f6d3934fb77af7bfdc07411f4e4dbba908f35f3,14cf68590c5fb60bae5f0e31d1507a2c4330dcc8fd35338557d3946c877378f6,4de19136bf9021f488d94f2445f574ef8f2fee2233bbb8a05cc4b0cdff62af57,75f0310f482721e2d8ab81abb2fe152bf5bfbea80798d1c87ad87786ec91f52a,c7f477102fc4b3b2edc02e8c57637ed0e355f83e1b1d870a140412f4243c4037,fc89238c26f9df815cb19e7acd730c5f3298d5743b18bf94d04ae2fc13be1c44
ADBE/2018/page_71.pdf-2,ADBE/2018,1,True,True,STRICT_FEATURE_ROW,True,KNOWN,unknown,PARSED,PARSED,PARSED,fbdfd99527ecf201099b3f41944484c509f3033048e2336c201127d919cba710,f5aebedebe614f06d84b25e913cb5ef76631ee266929fe0e2fa26312e6bdb9e6,68cbc7d684f15bce46da27afed2d04bbf269301abafb03520437d20f2a1062d2,62f870a0198fedc02532fc87f688e6894dc50fc2a9aa17fa16231d6eacee18f5,57dfb85c250c6ceaf63a909d789ebbe7f911ab9b30e145f1f4d11730efeabf1c,97a9f6602046dbbf4108427013cda746cc79bf6fac83a2f670f9caa7f2abedbe
MRO/2008/page_145.pdf-1,MRO/2008,2,True,True,STRICT_FEATURE_ROW,True,KNOWN,unknown,PARSED,PARSED,PARSED,fb7d6eca0adad47d6d0d28c14b903c87edd1904887f1cdec4574d7a12efeca53,14effe580b51472029e0d1ed7b21f6eb63d9e2980807096b1a41e4a56e7f578f,34192e97c6468a9dbd3d6331effb8bd9b3ddae03b80507cf1b15e4c26358bcad,14af206c8f509098e58fb53f202b611df28cf10749a631524c128ee5699f8064,4332314544425ce43a4ff74d8edc15c2dd2a7978b4691d8e0c7e7f1212e06b8e,7b924ff5860d591ab80243d3c68bc2288a14eeec86f46015daad674452fb2a98
RL/2016/page_9.pdf-1,RL/2016,2,True,True,STRICT_FEATURE_ROW,True,KNOWN,unknown,PARSED,PARSED,PARSED,3076015db50878e2aa6eadb9d257958a3cc8048f2efa8e0a4db76c52c6710270,60c391acc9df3c5d10ba0489580e04745537a6b61b5f99759b4e6cdaf32b3184,4f1a51bc01f8cacc96096b472ce998ecaf4f37f779c112457b75c16cd5c76eee,cfceb7cb003b87b8802bc857c0c7a1ca6b93ac1df2fb88d115fdf3aec0893a73,818b2c56170ab06d814839c49d641a309d5324de668de309419127b31ccb834e,9513046b0c52eb5cec9e58436ca3eed40a625db93f529a847450d7aaf85c75b0
WELL/2017/page_48.pdf-4,WELL/2017,0,True,True,STRICT_FEATURE_ROW,True,KNOWN,unknown,PARSED,PARSED,PARSED,d405536b3c8fc5c5a135691dc9b764a7edadc9f1cfda6ac0aae8e2668963e3d9,ae086e87f56ace8055de08d57edf9489ac1f0c5de82070d2f42c0fa4521b0f09,c61a10b391dbf61b97be9ec22e7687b8e17639211fdc3fefcaa11418d02fcf6a,7c42dbc82010b7fbbb8e5472f116457bad5b7135a89de99547c6f059265a248d,e53159ac5e6f88ea67d600e15bec58ecadce87b4f71d4679d332f71eb410a0b0,1e462267ce54e40de759d57673a268969767f34124ba227dc00a715b729a984e
MMM/2007/page_36.pdf-1,MMM/2007,2,True,True,STRICT_FEATURE_ROW,True,KNOWN,unknown,PARSED,PARSED,PARSED,36b07e82f3f4b67bbee86778b5ec0b65a346df8b56ee1397fd9bdbff29109023,33dad6fc322c11fdede068d3a650d9a68c57bfe245ce680b1a7e83d6444c5950,496b9645ef048c845f409ccc6305bfeb378183af0b756b0e3c00cf1044901a67,2d3b9651a800d361dcc5c64595b1d11edb65ade87401538a5a41fbbd97c5c721,bc9e544b64ff388ef24b760a70092227e324523d255ded06e12bcb2ca64594ed,d6822db52b853e62724b890d712dcbb8ceb77156c603a635a9e13bf6e2e56fb0
HWM/2015/page_87.pdf-1,HWM/2015,1,True,True,STRICT_FEATURE_ROW,True,KNOWN,unknown,PARSED,PARSED,PARSED,ce010df8cb154c1e18a5ab936cdba07d3a19029d5860230b5d19e05b35321106,ad0ff4649ee596bc42db955892d7bfb6e6ddff66464bc6841575c69f846450c9,845218d9d0de0ab551bc0613cd3ac97ee05930cf6a9b1dab2c6d2e931f112320,ecabc637f8321e9da434c75ec6f7402e5a5bff8b23ae1dc4cb191a190e0b6785,1271e835b37a6b31bc5a485d2ce0a1fc1630aee08a2c7023d4e999113e53304c,f1e0ea5eb24b3b3ee3f76c3a14a7126b1131000235268409c740888994a52f45
ETR/2008/page_212.pdf-4,ETR/2008,0,True,True,STRICT_FEATURE_ROW,True,KNOWN,unknown,PARSED,PARSED,PARSED,18c677a7f5901091ddfc1a0dcf31bd3601ba94bf51c02ad1a6be0e2af36805c4,adbef66cdec5b5342976f104076a0aa4386459b9b03c1d4044dfe6d8c740619f,118108d97c5aaa67ec8a8f71204f195ceb02b61a9e645619e575db5f3d9828b1,b6f523f22cefb667ee7309f7742b85e8af3b0230866e4e05e962c5ca7122a048,b561676420e37aad51209a0818a96a51bcee83399eecd480e3dad0c3655c94e9,fe7cd782d468c05852b4023f079fca07bcf1782bc6ac7f2c2ddac64b0ad607d4
ETR/2008/page_212.pdf-1,ETR/2008,0,True,True,STRICT_FEATURE_ROW,True,KNOWN,unknown,PARSED,PARSED,PARSED,bd719b2ee41178ae7a88ca057c2e78701c9951522ab046dd28eb1e40b84e1b90,eee832d6d2cb6d0f8d10b4004b4ec1019667baa0db0332a7a635c1ae38235bae,ec6d192bb8e68420a1f2ecad0d819383a5e891c5e0c20e1b9e8c3bc889a8de2e,1e30a5fe7ebe77c838aa91ad958a6ac6b16516dd644d37f33b6c19ededa801b6,a7ac71d2c2d9a73c5c254fa903025a441c212dfc1d990cdef3ce97ce38d514bb,2608eea0e3ce3c335be4651128c29d95e1a2d6e7f8f28507e6498d5393639250
IP/2015/page_44.pdf-2,IP/2015,1,True,True,STRICT_FEATURE_ROW,True,KNOWN,unknown,PARSED,PARSED,PARSED,18706310ffd6c7cb642261c31d77ddba476923eaac8936954c5b9840c9a5f2d3,e1975862f656ce0746ecb58d93b724e2d1ddef56fd05949593768495cde53a08,30791b5f71b4c7eef23d1233be2b9eab06a13426db7472567b22ef4648b9c7e9,d5d11c2522d0a7fc6e6f42ee77e09e956dd21c02bd28c1a88c59e884ff70ffa7,7524a6ad278fcfcfbe978978749e9107ed2d899130ca908f95c03d82eca1a0db,0d58b04167609daa592c32340aef7288976b2799f838502bc709c836e0717276
AAPL/2004/page_83.pdf-2,AAPL/2004,3,True,True,STRICT_FEATURE_ROW,True,KNOWN,unknown,PARSED,PARSED,PARSED,9f8bb30c157837d326965d76934945a61d50f579cb948312c5f0da35c45cf0fd,ee9b51250ac9af96c18a2d5d1275c5444c7543cffce11e6ac70766e338d8823b,ed2db113551083b7c91f67055e8552df9f3c7e6454655ea05d373628e18405aa,fe8bc34947c7695598e8e6fca6a5961adf0d00a12520b1fae69c93cbe5eed10f,bc62cdc244dfa2418b3988dacbdb2e45a3b8722f6930089b70062310c16202b5,a20a5012482ae0c11a9e1b46b54beb59f83c71d1bfb3157141a6d66e36b691bb
CDNS/2007/page_30.pdf-3,CDNS/2007,2,True,True,STRICT_FEATURE_ROW,True,KNOWN,unknown,PARSED,PARSED,PARSED,508032398292037b9f634c3a466592456821d020a3b59b12b2bbebf62d6d777b,42ebc8450838240b33908d2f355bd2ceaeebb132716fc0e5cddb2997f751810d,6344c77cdc3ac77543a2c7ee04ee87a2aea9d4d5135719766472d5b8b2ce55bd,1571ade7e6b9b1e4cdce2a8bf802b928e118063cfa3422e3e289376752b4df4f,a872aac4a781f2372ebccb2cc5dae8d02cd9062e4e4da10533bfd9e891232520,707f183005c5ae65f4ddb4fca4cd93bde059fee4affa5d2a4ac122c1d14b3035
JPM/2003/page_44.pdf-4,JPM/2003,4,True,True,STRICT_FEATURE_ROW,True,KNOWN,unknown,PARSED,PARSED,PARSED,823f0ee3aaef77fa6442a5f58e8687c2c8433ca5dd92f7112cd1cf41cc8c6c83,b5e41928c5d9f5014d919ddd51c6203651966710eb393e41f5dcad01c6030e15,193aa7d7dcb7243d17e219b3fffc871cf27793078e06a6df47c51766918e7aa6,162d80293efa4953758eeae93b3689bea788a0c7352c31725f6dd5eabd55f018,9b2cda4ff817fa5d85cda1420267e94b46c7229766106a3507a3d9f5cba53e10,6b385439d706683868d43f91109ecb5e230e739670a97a2882e959ce77b9b2ca
UNP/2009/page_61.pdf-2,UNP/2009,2,True,True,STRICT_FEATURE_ROW,True,KNOWN,unknown,PARSED,PARSED,PARSED,52ced739af771224966ffc434b0e4d8cb013ac73934d829a113d2939d91ca75e,9b68c9a62ea7be30635eb13af7917a5ba74b2132ffcb3c8946d79b708402bb7a,5aa47985d9f06ae57865e7c014156e2c5611bcdfb9b9388832e078130b3d3c75,d867c8c00c0817d7e9f9e13b2530ac7ed715eba5f15519bfebfd54e64d008a64,473998cf583ed3c3a545eabbba24654edf5219318b7eab1a6913439e3d730877,d4c1e87da84bb5d6031babd1a76d12112d2a7c79792f8b1166168d492b07edc9
UNP/2015/page_80.pdf-1,UNP/2015,0,True,True,STRICT_FEATURE_ROW,True,KNOWN,unknown,PARSED,PARSED,PARSED,bc400f89f317956e33a1ae0f8b7c04c14b00d6c5b7bf5b323e717a08ba9cf10b,117b4538a4ab39f94f10e416746c91339496ada4bb43a29bc6831f1b6d7ad377,3704e149596b36e8c5c12ed147000e8dc428dd28f5d14908bac1a03c6ba033ff,9ca1801f1a52aed8a3b385e7b01a8d1166ff10216b9cccfedf71ea64c886ab18,6f4ae5a3b3bbaedcca6c68d9290f13a1b7176aec1b2ea24b67e64f2d395ef3ee,09507c36d0bb7a7a6af367a56a8819d3ca6cd0080838baee1e7b414bf76ec2e1
VTR/2007/page_97.pdf-4,VTR/2007,4,True,True,STRICT_FEATURE_ROW,True,KNOWN,unknown,PARSED,PARSED,PARSED,95ee0c03eaabe3cc678dc2cd36551c28893cc561959c8e5053abe92b43ebbf86,b13806ee03584866640a34203ec94541923cc74f355d18e78b2de340f3f24753,167313c4980d36a6ca02ce3ed0e86d6bb1d0c38cedd24bdb26313300c272a86e,c20805af1c082e9df99ae0e4cb7f50f80248accbd1d4947258a6dbacdfa04d3b,aaf1f43f99b38783096b28af6c014770f3d79cbe86f6ba2dcb01fd7f803a6d0a,f1c21a8f6d9c9d832a079b4932638893130f9b9b9afb4f775662f66be3d9c486
MRO/2008/page_42.pdf-3,MRO/2008,2,True,True,STRICT_FEATURE_ROW,True,KNOWN,unknown,PARSED,PARSED,PARSED,325842a19d302a5cef07c1808ef8a365e5b65f0e8b76b83f752e4505b040a69f,6a86ea22d6dcac43dcda58639ab9bfc07a335e5a3f7b3ed632db4757880f2bbc,9a6bb5d193a3a10219be1de436a3b1320375fb4729a2ec57022d3a08e9fcb236,33933c4bb8c93c600dd7ea839f0383c98a9be7ac6633c91f911e4e424029394d,5454020c608567d5246321c5a9f5e8bfffc3a06e3fe72c4b3489ddd4a8180d89,04184cc7f010792b47641318e8876177e70e0eff10adc07921e61a2ce55b86c0
DRE/2009/page_59.pdf-1,DRE/2009,0,True,True,STRICT_FEATURE_ROW,True,KNOWN,unknown,PARSED,PARSED,PARSED,a1dd9d5f5cdd9aab203cff4ab269d4b05f757f824b7c5943856a6d0bffabd6fb,4621e6515c6fbedd8c83ac611a0af9972adc9ad35488f4a7df0f6771e023fde3,88569a020ed9dca377a09a286d381d84213d245dec452e6ab12507c685417a7c,03cffc4c663433f800b6338de0fb77be4dd225153b404a9b2cd04fe06aaa339c,02af6b790452b0e3ebe21ac09280fbcc545f7c6a71e5c1af8e7d872ae98ccfa3,863de6737afabd3bb8d590ab3d59be2f7f4c6091ee0d7a8ae4f5195c10df975f
GIS/2018/page_59.pdf-1,GIS/2018,3,True,True,STRICT_FEATURE_ROW,True,KNOWN,unknown,PARSED,PARSED,PARSED,538ed32fbcdff5edc71687a93e67b647a0eac35c1a44605d9f6a4d718265e3ea,8929ceef7e2b95cda740cae805a44625bf28b526532e9b9367fab09a242448a6,c747a43b7bedab833056ef242b45152808ec97d55a35eeaa85130ae0a549014d,6b3236b71d29803d1f94b2c932936a548e177ced4e74cb5026fefac161367969,678677828f6dc2445436dd32c55bc687c1a252364a797fafd13f61fc31410ebd,58383cf25a8b2118091cadb5b8d7faebc4fa1b544ff3ae01c68e45975c73f8e9
MAA/2018/page_19.pdf-1,MAA/2018,1,True,True,STRICT_FEATURE_ROW,True,KNOWN,unknown,PARSED,PARSED,PARSED,4c21ea15451c6931799f2e988fb87de4d2fd532dedeb431c58a1c59eb97d3bdb,4bac9c413b98e1388ddd1e860f6b45bd0a1eb3ec8a770f2559e4605786adebbd,7db464e28e729c28317b047d56fe4f2a19f2dcfebb3cb92a901e2ce87b70ea75,5bb485f18b38a46ad4ab6a175819df29f83f09bac4e954387739bfc2483998b3,5638b33b2dbc663739fcb992bb77541f90e32bbd9f6e48dc46844fd330eb826b,cb2a4b9c1a6e29238c079f49c1733455a937528a841c7cc6cdfc56ac84f76d9f
AWK/2015/page_112.pdf-3,AWK/2015,0,True,True,STRICT_FEATURE_ROW,True,KNOWN,unknown,PARSED,PARSED,PARSED,f340698dbca935f715dafd4e4da2f8aee1c4c2e28e21972b3ee530e5152ce916,aaecbc412cfd3181b7efe7e7421dbb99d5dc8c8645f02e8e6eab8919ec4ef8bd,69a405bd697e98d03e06aa564748194e5d694fa860760ae20f6db4df3801eb3a,c3da5af9ff5d59636fd8a23a71ab0e4f757643ab450387abeede05bece2b7826,4f8c9c19c90d5281dd62aba6d75203422651f96f754b36e4ff2ed9b6230ba6d7,b3f236623fad48c5cd3a2ad5737510ed07c921ee77b9141ff1ca22cbd1df3512
GPN/2009/page_68.pdf-2,GPN/2009,1,True,True,STRICT_FEATURE_ROW,True,KNOWN,unknown,PARSED,PARSED,PARSED,3b5fff123d45778ec674797bd492c2e1bb6c56b2479fce846a5075b57aa15717,df8b97bb0f46a8535eec583e9ee74692da03d38c38b1c8d578d93e8a47767732,e5e0abca56512136568b871c3aa666ed8e4017bf73f5aa4fbb861d74beaa29aa,768211bd67107016aec1335405a35a5d7633c4d6620b26bd51490ec969587230,7efc7798c1c97eba80ab0dd2b917d6980cdceb9fe2bc76253d99512656620446,d58afe2bf576ecf2d0364028e7c396802c93499b7902f8b080bb2294c73b71cc
AES/2011/page_270.pdf-1,AES/2011,1,True,True,STRICT_FEATURE_ROW,True,KNOWN,unknown,PARSED,PARSED,PARSED,2ef2951a4e7da8578979fd75e159cc77ff555700a15bef3d93520ff24c4becdb,815c3b795bed45804f555f81e13a18e1fc4827ecc52b4240e74dcff18a82a1eb,d518cb194c294789cb777b4d1d86dc8327c52b2d6ecf431ed32bf7239082ce5d,7ada12338bdb9f12e9b16ac911d0e175d1da4b4839092fd02da6ad0a897af9ac,0869d6e6a00e4a780d68ef7fc8e5716f2c7dd223fccb8e34a388083b13514aa1,082ccf2fa16ed238e7a4229c68647372b2a6f18ad2ceefa062d50dd224b42a00
AAL/2014/page_92.pdf-4,AAL/2014,1,True,True,STRICT_FEATURE_ROW,True,KNOWN,unknown,PARSED,PARSED,PARSED,c1dedff2e7dfa28e634d4022445d837a5629daf3f3964d48a045f95394f9fa0f,dc0d2d6d8559c5121575513e4ee6e9a9431998f5d927b3981a9ba19b9e4fac5c,444bc416e249d06ae950e67bf1e2ae8e22c1d59b9701992b0601cb800b9dc500,f566bd77205d0f24a62748b1285c46c68332f7db733d1e014148c00119b64e61,5774d14af77faeda24ba1d5b378f08ca45e61e5a607b438495252a8157a26643,83d9c846af9418f4a89d66254e04915142302726c40a2a51cfa70272dfd7aca6
WELL/2016/page_61.pdf-2,WELL/2016,0,True,True,STRICT_FEATURE_ROW,True,KNOWN,unknown,PARSED,PARSED,PARSED,268c2e18501d7a76f4d25169b1c5d6bbaea4e4b79e158e81f3db30ff9f991b81,79989e7577f3b14c9c1d5d07d45af721d2c6f9fc0db676befe90b9352db11e76,fa61f3f87bfce78e1e4593e802ac94cd8328cea3e20a19ac111aea3252aae3fe,a314dbea3b684de934af68666eabc61e7ea67cd8ba685dd0f449e44db8aca7ee,9c61286a28ae90cb2b9fc39c9e6851edad17dab79d7253280cbb2a3071a340f5,8f784ceb3810aab8f733bd19d4ca21b85cc0ee3fac69f0c76ea52e1e1f1afe92
C/2009/page_141.pdf-1,C/2009,2,True,True,STRICT_FEATURE_ROW,True,KNOWN,unknown,PARSED,PARSED,PARSED,b673034a9d4cda9059f57686b256808d5de76dd59932466eb9a2c94a381b152e,4516234b11e67d4202251e0f74031486aa5f06bf185303f70efbb3dff73f1139,a71764ae2693cf6ac42bd327a1837eb9fc4cedf314dee0a37098435aa0d201a7,ae4ef46b81b7dc5a8053fe741abe2082a203e36d97378f88da2193c889f13c22,a887cc33a6b29cf6942d7c9b4e174bad62d459352ce9ee7e0f9003034007f2e1,fc737509258add3fa899fa32e40b49a528fce088e65921368dba6f8fb6d1a95f
GS/2017/page_176.pdf-1,GS/2017,2,True,True,STRICT_FEATURE_ROW,True,KNOWN,unknown,PARSED,PARSED,PARSED,f6df029610bf4cdeb96b2070b5899d59dd6c0b4f220f8e96255881ca39909cc5,a83e3d9534cb83c6d53df2e9373738333ff785577487c88591a4fff33a0a6bb6,db5e063f61962515270b025a48e1e405d5de0e9b8ebc70ac9c2ad9017f161166,d3c4d5e544f7f5a0d845e4362d06fb241d1c7b9d524ff37dfefab8dfb853a875,87438b03aca0328811411b8a1f4f1e78401ce31fd05ca40d7fa4adf60d45a01b,93752dd481e8c67327f274c50f843b9a255debe6db9f0b5b71d4288bec47d551
AWK/2018/page_131.pdf-2,AWK/2018,1,True,True,STRICT_FEATURE_ROW,True,KNOWN,unknown,PARSED,PARSED,PARSED,56c9559367167763d241c273cbb37ccc2438f3a6245edbfeea9e3127e13833ae,49bae47a93be04b4652235b6e5c12a47a23b99b81e52429bc3fe12f4c9c7cb77,ad9a4b96afb22a564e139372236971374c074e50ad1bef3ffaa1de66237b7b82,4983e76f0dcaea03168e91778fe136963f7a0e22fdc7d7fa48dba28771c2199b,4367c2ccc9115f9e8badfdddecaca6a226352e1e7f07bb8bbef57695890f2207,97d4979a6d297d3b2ead4c0ac0de73e81743900b5c1752290a355609186311a0
DVN/2007/page_78.pdf-1,DVN/2007,4,True,True,STRICT_FEATURE_ROW,True,KNOWN,unknown,PARSED,PARSED,PARSED,8ffbe357f2c62d3a3b9f266a7ea70f286f515895646e6d755a23b6c4e6bb78b1,243666e4c4c5e3fd939454f15ce901512a42bb22a80b9fedea791b95c503d24b,24a1f74f89f0c7eb3e505eeed89bc331c6ed2fa31810499fb85138880c47833b,5a4c617b0a75886de07634c087a44478ee6904851af5f7bd437229eea1938f33,fbf4f87d1db9f3b4364fa3dbc445d0214d3116ca650b0e087a38f673ba2a884e,0c49f620ef73c512e283f975e28e339dbe36c5f0e971ecca20bcd7a500ea1b75
AMT/2006/page_107.pdf-3,AMT/2006,0,True,True,STRICT_FEATURE_ROW,True,KNOWN,unknown,PARSED,PARSED,PARSED,9532d785a37aaa985376575d6aaecfde06d2e9d8215ca051e9cde25483815a78,012b4e813428da865e249edf4f98439d566ec85745b2fa34ba0c209def80ad48,c0350ff1d725f426742a068301f00661ee9b7a5651d3f0ec481bd0785c4b5f7c,dcf1625ba81cae6dc4723c991cddd2688f42f88e2c859fb515d75c6db9e33b59,6c132dba35b3af90c30cf616a9b731014a234f98fc3a98604a12dde40aa876aa,447fb8dbdb57454cc41d5a4789dd683b228301c4bafec9df7d246d12cb10c7c7
GPN/2007/page_18.pdf-1,GPN/2007,0,True,True,STRICT_FEATURE_ROW,True,KNOWN,unknown,PARSED,PARSED,PARSED,414af0cb5b883146d02938ce2755a530d7511d169a1d0020b748c54dc0ee32e2,27b674294eea8a0bf99110a6b5167bdc4a020cf7d4f2978fa6e83cd5069a3c30,a57ca51a1c84d5f614c1badcd93f9f767867dbac8c5f682dae0d5a8ffd8b3182,ca3d7023b6386dcdd3e85b01b900cbcc8250fed9c0c51d4864909f118795d4fd,a8bd60df6cfd3d479b449ba19025144e471f6e8312af642a23628e82b4224436,ef9ef68953cd1b220d4c97efb698fe873d40967e8e786f265c616ed4f7210146
DVN/2017/page_31.pdf-2,DVN/2017,0,True,True,STRICT_FEATURE_ROW,True,KNOWN,unknown,PARSED,PARSED,PARSED,47cb52fdc6ab76c51aeeaa6c50dff52cb28fb761969c5301269ef0733ac8a2f5,5736aa3bfc9528a63838393c14f4f8088c7c27ece8f557f23c9940461601bf07,0e2205bf965a2191f180f13d4c6e190bbbaf1c224c65aa1e4912d366c5c77ba6,81e1cd8ede8e5ff7f31f9fe9bc958ee0cd72396a423585065b6b145991af84f2,1a347ab8dc6c13cd579c801eec887acd64181f7e35971b2a16fa668a5165d8d4,09e8b0ff6b56e8047c22855b1f52ea8aa314d3f7842f5aa1b6d30cc426cbc8a8
UNP/2008/page_26.pdf-2,UNP/2008,0,True,False,NOT_IN_STRICT_FEATURE_ARCHIVE,False,UNKNOWN,unknown,answer_not_numeric,PARSED,PARSED,6a42d0d85ee14edf5f608381026a6e0f735960c8c29f8c8d952c627bb6070df9,383a81c8b1048c14af265927203b4f30cfec9589df1d5c3a37755119a039994b,8f1a449dca421a1b9bcebcb7f8743db2f2310ce7c69a36a8aff645955675429f,3e4840de81e8ba5081761e563f1d32d31b76a612aa4049969f447e695b54af75,6d721f518570ecc2fc62d47fa49ffdb1b1f5b508cb208b30a0c5251af68cbb95,04d268e51f4590749c0f9a3ba7e9ab705406b5a08e45485164ce3796a5358b95
UNP/2013/page_14.pdf-2,UNP/2013,3,True,True,STRICT_FEATURE_ROW,True,KNOWN,unknown,PARSED,PARSED,PARSED,d70c9973347a46488221462bbc90eb0da6b0d84df58931dca30f7b2767ddf183,e89f10b625a101d1c0e2f0e4f37d35cc835e6e58df3759ddb93b3ff1f3b6f978,98c14b9bb0803cf74fc6a6440217c486cc82c180cdd74ca9510c511d0529f5e1,0052088ccdd2cadec3ae931501bc5412be83a44a72f6e35a28c6319cb548dc5b,0620eb84a0af85e3fcf908a72620f52fc3f2d1e5922561078ebd7a3e52afd201,b7ff63967fed8e9de72dc2826ea570518264cbac40da46a05fc01b3a5d3c1cdf
MRO/2008/page_41.pdf-4,MRO/2008,2,True,True,STRICT_FEATURE_ROW,True,KNOWN,unknown,PARSED,PARSED,PARSED,5d48a2f83a9d64f6f3336133574b9fa90b0856888a6c63adaf14027b837eb543,a64b47a67af262e656fd6fa0a52f71fb2036c513f7aed3175f21cb3f82524651,df68186ae92a069695b40c8c357a3193bb9703d5f6b2fd9cd66b30f950aef28b,4b5f420be53e0d2cfc840f9d18f7d4b5c8d2120f183a79637bbf5855a74a4838,ac27607e41f4069950e59d5566f15d63a8f6b3edebf141e1360299add0f81021,6b01614f800980bba684fee9675a08bbf5071f9c11b74fee24c3204e4b1b0dd2
AAL/2015/page_183.pdf-4,AAL/2015,3,True,True,STRICT_FEATURE_ROW,True,KNOWN,unknown,PARSED,PARSED,PARSED,263f8803c706b59aac908c49d5cfe3e6b4463157b926c27e28085b84578b021a,53198295282f27078e580f6f26493d5dabef2a28ae5c39c9ad980949a9c923c1,a7fbca99231d863c7ebe4ac689666b122ad0502b4bfd1c2fd643b21599a630af,ebc4655dd0e56c7bc4f6f5d43118a9b38cff8fdbbc6bb80ca547f148063027cc,4a46e78876953d01cc2fc32b792c26b4533f8b3ea1a7581ba40b241e51a9d546,a27f6077d447470697da059fcb2e67f1917bb7812ea794a9c7278e3ef4bcb108
AMAT/2015/page_33.pdf-1,AMAT/2015,3,True,True,STRICT_FEATURE_ROW,True,KNOWN,unknown,PARSED,PARSED,PARSED,44916e17ee79ffd87e7d16f68a8f0e3a7551efa6470f87059c50574f5235a8cd,87434c586baa17fa163f05bb4d112b99aadcd21cfdde26c9874405fcf0ff7d68,c5cb382049522dd17799a19a1400269e7aafa8b4c4c37b6d85fbea15281bcf65,b8c711862c5e3c31ed14e3f5c49263a8ec555480dfb40b2d51d8cb9bed83a5f3,aaed2c7014d961a450811b612c855f92779db3628ed9870c90a513e5f61960b8,d54870bed64d665b209b478e04fa947ce958b8a590c8a317b860aa079cdf5e3a
UAA/2016/page_83.pdf-4,UAA/2016,0,True,True,STRICT_FEATURE_ROW,True,KNOWN,unknown,PARSED,PARSED,PARSED,c54c6673f401829c2478d115cca4902cf97f06589a5ef2961074ee3c9cf69f1a,52ead69499c68f9161d5114177f778cec6e480eccd997219d5eece45c2307af8,fa3faa567f3bbb0f5a7b68301fd1476d6fef2fc155391958c8f69dd7323844ae,86e10ca2a17ffb4aff541308e1f67901fd2f7062b8299423c451d4505d14775c,2c89de8a55eace2ffe1c12878328e3cc1379f885cb09eddd81ae0a3e99314795,a38610f320d7db29553c5f96f4c9739c01b5ed3b33f65e151b67c1fa996ef194
APD/2018/page_41.pdf-1,APD/2018,2,True,True,STRICT_FEATURE_ROW,True,KNOWN,unknown,PARSED,PARSED,PARSED,8127b9d62f31c8c6a96b0133b1e0c994bfbd88432e61305c850018da8bf33882,724022994a111270ce3d57e5527e384c4c75066572bec5c306ab3ddb98eb29be,a9639a630a77ce3980cea1490d8c700142b4f40ee911a4dd5e857044987bce9b,cac8ddf1048ad7c0ed589b22b1a1a733764b4426cfb7cc7b87142eae58ea39e9,e7064160f253d28f7729c4c16a7d6e3a864c47c41f93464778938e6c05857eef,36da35fcc2aad8bf7bcfad579a08dca2ab18d2857ce190347342d5b313f2eacd
TMUS/2016/page_32.pdf-3,TMUS/2016,2,True,True,STRICT_FEATURE_ROW,True,KNOWN,unknown,PARSED,PARSED,PARSED,a8d8d72f6c87dbcf2b9b3f0b3d56194db1a285fb6c4e23aeaed17d8eca7ae5ee,4aed710cb9a87eab1963780b70274f39ab447214dda7bcdc5a02bdb22b2d2088,6a607f59bd83b2826be60ca181f8067f1f8a407503a749d8d8067c78dda48c68,921f01bc40f53d4781f05a3956d2a0c7562ceaceabcc2b20bb2826d7e4b293f7,c3a7ce437f7bc44fd14628919af38dd14a3ba5baed71e3395b4805ee9084145c,4f174a6bdb562f1a6759311f3cd50f5d0cdef3506bde9d297cb4f81e5eabd3ec
RCL/2005/page_40.pdf-4,RCL/2005,3,True,True,STRICT_FEATURE_ROW,True,KNOWN,unknown,PARSED,PARSED,PARSED,1a0effdf40466a89a89a57346e1e9bba20b5196e10dc2ac506490bf231231f94,30c837219c67ba7f782f71e80d3b6cec045da9d2f10a8553d7407e57c0eca180,08a4a7602c9f44224e904ab563a600a964961119d62733172f83b2bbd52c65c7,65341e1f1b742b7790f3c1a75d305fccf1983636607ffb01022571e479841a05,900c1cc486288ae2e6ea809d68e9df1b83b40c707a2f30d649c0330d276a6ee6,2a623afd24818d34b9be4813b58602507f321de1ecdec28c0870f5b833857631
JPM/2012/page_109.pdf-1,JPM/2012,3,True,True,STRICT_FEATURE_ROW,True,KNOWN,unknown,PARSED,PARSED,PARSED,86632469403979289e3bedb82d78da3f726cff01cbe48d5a082c20fc6000145b,d2229dbb35c424fc52bce137eccb3247c69993913ba48cc0bf003a57451d7e5f,c647cdcc02ca66b4088639908fcac6b21361e18a95b3f08b224372a11542050b,d22c02fef5595008b1739f4a4729d8825aabc95e35b92af1b34a2d30468038fc,c181a7450d56191d5f0a912d99fe86210b0f3533dd1b9098351ae007d316df62,404337fd48e9184d403550896fb04ad36b56cc36ec32e04cc06b9f55b612f00c
GS/2015/page_80.pdf-2,GS/2015,0,True,False,NOT_IN_STRICT_FEATURE_ARCHIVE,False,UNKNOWN,unknown,STRUCTURED_SCHEMA_OR_NUMERIC_FAILURE,PARSED,PARSED,a87f9ddbe243181f4b7157391172deff4f9213da1fcdc7277ac23f596f57146d,229e0e577e0fc261c963d49091e6beaf9a7cfc59be46312737ea235a73d390f8,5e031946bec30b9537e71daff15792d6dfe3f93409a5d77fac4715ed39ee9eea,5f48bcf0c293b54c2bf636ac4e6de7983d6d51e136e5349c5413701a9c003e95,def3f8ab85ff642fc2d7422e8d512a2d6381dff6d110d5d1472408e49a0b9e60,8dd58ae0c469450ab6e700b46a2e666ca877f1f24b1688f7e58ce759f2becf60
JPM/2012/page_157.pdf-1,JPM/2012,3,True,True,STRICT_FEATURE_ROW,True,KNOWN,unknown,PARSED,PARSED,PARSED,8adac8f83a7119a2aa83ad337b7ea83f87e1340aa338ef4b4972d87ca1854bd1,4b45b89bb0dac6c58c45aa25d71c8bbf1148dbfc791788777138ab1b06bce680,a762cd6c08cb9595659bfe897114e1fa9d86a3ee005e5f111e461c606ed22891,719d892f4b8680fc1f20219598170550379aae8c29fde569c6ba0359ac3cfa7b,de592b51ab21da6308d690ee7f73e291682df9031872c54df558a25e3ad0c0ff,972cbb622072a6c0a305751d27e74eae9a5ee967c9007b36b6414fa33409fdaa
AWK/2017/page_136.pdf-2,AWK/2017,4,True,True,STRICT_FEATURE_ROW,True,KNOWN,unknown,PARSED,PARSED,PARSED,013c987a8510b56567ee5e2eca6ba372278982c6b631b2f8a8f8b730922af2c6,b722b4761a4510fc86d860da390b6c87de80f3a52949b758c9e4e2f535cf4857,de68405040898a64f45cf904efb8c619be367a1d4454692b195b0e2b06974941,fa90d571e495ad446ab1ce5dafd3b270222a23e6c9ac70da2008a9bc726803eb,325ca1f1511028675f7b4e4641768f88ec06d7c455b69083e3f87e0f229815b6,214abe465dafc9c2c3172dfb589bda831f3ece90ee69ed6bec8c76c956d49c5a
SNA/2007/page_80.pdf-2,SNA/2007,1,True,True,STRICT_FEATURE_ROW,True,KNOWN,unknown,PARSED,PARSED,PARSED,bad2e0a1ff0307373d5938c1b2bd988f2141143d0dae2a05f113ad87c07c2401,195e1f22648a331a511901e4ab46584c0190df0607cdbc812a357ec2b43db6aa,bfb38fb7ca199cedbe74c90a5b1b5c3ed50dfcc8e7b9c1b21bae3c53754a33c0,5b80cb2d07f374dfa2dd4c101345d62e5173af838ac880f11764c96d64599ebc,948cecd7fd878219e536e14fcf3b8b67bb53ffec884ded2a9a2333b7039dc0e3,8e4a3091b4a66bed91d9f2460c6fc179c6c6cc95103e413c0d853c5ca0ca49e2
IP/2014/page_101.pdf-2,IP/2014,4,True,True,STRICT_FEATURE_ROW,True,KNOWN,unknown,PARSED,PARSED,PARSED,c2d87ec22a8e31c8866cf37579a62d4fbd203635c8cb9f8654ab15b6f3824963,2a7c05fcd570839343098d33d83d3c719979a1bb74939fc51df926e4f6e1093f,55902132dcd1d660049edead6c0069588cbaca1050e33153f20930097db6de02,d500c79501cc84937773528d12fac8d4e415996d1cf87cdd6097202850131130,26ed7d60635a1e6d72d29b7b990aeaf5d2d70090cb86eb382f61e4c957690c7f,1e0891c3b2ace877eb50e2d8712242233fc6a1510feb3f002a2085ef203fe210
ETR/2002/page_266.pdf-2,ETR/2002,1,True,True,STRICT_FEATURE_ROW,True,KNOWN,unknown,PARSED,PARSED,PARSED,ab38b25e6135e6eb92bda42ba4e38f195608df99e4162b4dc8f65d400c00d4f5,eced61d4bfc67cd89cce2a0bbd3de2293e9146f9b1cd9a4ae3d1f4e80e3926d0,27dce824fcd720c8b2550c9dfce97a91a73bd52b873236d66e02fdb34745366a,a96a14952f9333152a37f7a0797ee4cc30963e6898ebb241a1ebce5af25da3b1,09d19485f55f39c63e3551a67e3b6d9e6e0b6774cc3dc73bec13959bc6f9e483,8018b2f2ccddd6de594426c23cd51a8296bd2035464941988ded21442bcfd65f
STT/2009/page_122.pdf-3,STT/2009,2,True,True,STRICT_FEATURE_ROW,True,KNOWN,unknown,PARSED,PARSED,PARSED,31214ad0df8c4e3241d4c1afd2437de9b91c20a57118e3cda40f65cd6135eec1,f0dad7067bc3179c42bf8e90357741e5fea01ab07740ba527f019c4e90badc58,114202c86aea7fa2efaa49e4a746fa9fd2e0992246223b3b06a13b54ce17d7eb,7aed29219e78bf047a2efa3bbf4aef044e1172930dac9395e677c538e211a1d8,12890c174bf488ac2ff0a1abfd80a6b40efa148c6f1185c236f1c3c67639c3e7,3d6ae5f4e575c7982f42c509702e44cc3351216abd150444ef7ded9810350fbe
DISH/2014/page_142.pdf-2,DISH/2014,3,True,True,STRICT_FEATURE_ROW,True,KNOWN,unknown,PARSED,PARSED,PARSED,81833b20b3282a32210afdda1322e20cb4dd833d73bb38c0f1f126280d002b62,fd530ab61812d9876ef843b767928f1a540938307be353d1f10a932c2110ac21,1d7cc2436a3c650ba4fe32de1eec616c84a9e2fde23197f3f48976b2554ea022,f821f3e514e383c92ce54a40b237853c0a47cbdd1d7af4d802de6133907d1e1c,0d0be4bb78a84e2cc259eb5a56969dab9025df908173c4893eb5c336a81d754f,e10f2ad4d5aa50d8284522c58b523dd5efc28fceff8e2d2469fcfb7e8a74e73e
K/2013/page_27.pdf-2,K/2013,4,True,True,STRICT_FEATURE_ROW,True,KNOWN,unknown,PARSED,PARSED,PARSED,42b04a6c47b0379b8dd8d7159bc36b3910e63699768ccb562d04642ff3b047c3,d5839636370a36723dc60a1ef7552ea29c71858296d23761a40c9204843ed8be,30fd2bac356b8960f7324f72002b604c2c8b4dfc2799793864022664cd03ed2e,86342373a9e9a3909777f4132597d8b48f37dd8c6fd6ca27143bbffe0d176c8b,ed20960e6e61afd48315914ada083bd01c807cd99ab90005e09ca9143580da64,3a4c70a4c98be25044b32344201959484bbfc30fc9324bfb89d9c560db5a1e35
FIS/2016/page_64.pdf-1,FIS/2016,0,True,True,STRICT_FEATURE_ROW,True,KNOWN,unknown,PARSED,PARSED,PARSED,41b106ad689734d93a94276bb6de7e4defa6f65995639b482f29d1cb909d110f,55fd58ad9b7ed697b965042ed4795f8111d6faa057878de46df21763c9a6ddc5,c36aac4efaa7b88b7d4797c741e434c9ac52a5ded5e458130a2cac21d6611f21,3e5b124e9a3ede442d08a328c55c92426557d5ae6252d9eaab2881b3b91c215f,b3cd0018016b3c181f91741d06c41d75c33bbd2853c579bedb5e4cfe10cf1ea8,151c0725ea3bfe93e55808d43576fec884554f8721b0049d506abe9a7d4b907f
ORLY/2015/page_28.pdf-4,ORLY/2015,4,True,True,STRICT_FEATURE_ROW,True,KNOWN,unknown,PARSED,PARSED,PARSED,828c7709c5cb3bc266c624a291ee3aafa36d03cab9bb45ea2c85c8b134fc31c2,ae6ee6acae03f1772abcc73c1ce8e4a0e2aa270c25f24b6a1f62e0d265ab4e8c,2653ca71b08b84953fc65b909f1c5ac9544ce0545fc16d5789a04ec848f97540,682929aa58950f11718772bd8cbf6b1b0d62b8ac35c13db0f572340c8cc81ede,ad6196a82600cd90fede6faa68ec3a367d3ea1c1e9dba5b58278eace11dcd422,ab22661b7e3d194804a559bdc90a8c2d7f0a8322bf9f69c136d5e03d60f74e09
DISCA/2012/page_54.pdf-2,DISCA/2012,1,True,True,STRICT_FEATURE_ROW,True,KNOWN,unknown,PARSED,PARSED,PARSED,67336928ad827202855477179b7308eed5f1182652665e9ace9faf369e58fdfc,bb475ae0c2dd069454d1853c3a5b200c861d8c80e801e60f1e7ca8fddc4e8915,593bf52fd020c6c9bc4f7018f260cd2608cb982e74336b81d6d0dfebbd1a22c7,3cc571d673f42121db9eb9e8dcf05d161cd34001bd7a1dd9203589af2d3de863,0db6ad784e1eb5cdcab772289378a2d6c77002303f1b3a233c92c4ed762a2569,0ff84576c3634a86087d6cc618829335df9dc2f0f0edc155fa3d3a058a2f756b
IP/2005/page_31.pdf-2,IP/2005,2,True,True,STRICT_FEATURE_ROW,True,KNOWN,unknown,PARSED,PARSED,PARSED,f7fb7591ee283b24cc2d57a5e67d1d2273efb4e59e3010cb878c2407fa0dcb8b,1c5a7f0609d6ef7ecfc89de7a471073d63868f4d167a267c0ca1102d0475a980,101da01f4267d45812df04a8b212c2ba8fbad3e25010b8462344f6534cd78bc2,e54ef420634a8ae6d84dc6a2a0098e8d9bad28490542390a636e132230991c39,dcfd38b7e65590ecc7674214f39d9fe8108cd678f3619e92558e282ae6a5a74c,2288994965516d4f6f34becfa2046c53e353e881da5a569dbe22feb0772c83d1
VTR/2006/page_88.pdf-2,VTR/2006,0,True,True,STRICT_FEATURE_ROW,True,KNOWN,unknown,PARSED,PARSED,PARSED,0d17055b5a7afebd74780fcdc0514be7d29c3a54dd9ae8ee5ee5a5ef6b849061,369b2fc9fb0fd0235b7584be9a35cec59d687c57f81efc166ddd15212755aa5f,29ea991f52189cef2913dbd5912473e358ce7fad99514ad5947e8eabfcfafeec,2590ed742b4db7b902dfb8541212ae5c39278800cc71ae803f00ed117688b511,a38efec1c06b33e0effcdd54a1e2e3ddeb45680aa78c040fba9929a9278f804c,79e5ea7762c96e3d699651cad16a33442c85c986bdb27cb6e2cf1fa14676b94a
C/2009/page_248.pdf-3,C/2009,2,True,True,STRICT_FEATURE_ROW,True,KNOWN,unknown,PARSED,PARSED,PARSED,758e4bad2cc2af593342a2cc79fcf8ced4ddc7abb8b88754e5e281f80e887dc7,447d1c7bb0ecd7745e3cdd8e4936cf5d0c016c7545dc3e4d45f50d89708f5025,111f5daaeb46d75ef41a270dacbe1c1d1e72552d8277d6a5489ab01243d077dc,3d0867cb4fcb97ec88c92a099a70c8da490cc0a5d4972e1291fa003a521bbb6b,0dcaac1a51b1abbc31c43a168b60cf53b69c901056e3e2d0f673898ed8b50575,39dbe791efb0c36bb89df445da43bb474998543fd647dc648b8f72ded9d73145
IPG/2009/page_67.pdf-4,IPG/2009,2,True,True,STRICT_FEATURE_ROW,True,KNOWN,unknown,PARSED,PARSED,PARSED,f1f8298bd91d5c74a8eb0d3bd4408673266f5b99e585835e290cc17ee0224c6d,b2bf3b0710aa7296bf2aa8f2d2fc5ed49b2a9e1475071807a47ba2a9e2f2ccd5,ac43bacd32fa87aadfd84c89482d2343241a51f0c7c67b13a499e0ec10f7d63a,d8a44b491dfb76dcba5c716fc3558bcfcd72d17d3c68ea89235f3e44c38eb11a,151d7ae9c9120cd518bcbe4f7e80558823eabfbd2db03cb0d475503973b919aa,5b9eeb7b82aeee4bfacc94d85dd8efa22bcacf69390c01a0297034eb9cd771c2
MRO/2008/page_70.pdf-3,MRO/2008,2,True,True,STRICT_FEATURE_ROW,True,KNOWN,unknown,PARSED,PARSED,PARSED,b1e7ba5c325bb8ec2210f59a5b36b0599c713f48e4213629e1bd7d6dea9779d4,e17a1fb7a305985421f2a9e64ed1fdad616a49dd4fb7b4a1a5cecc84aa68a44c,795786476b3af7d0d6339496ad67a769fca66549309e7a8eff5714e898b5d0ac,2f3481a59c749a0033cb26a0c27d0120b13013f6c5e631702ef5782303dd7c1b,b3956a1e9b08f4e9ce1a027c000a31acce03dd46725e0905ff629f63855975c4,c3f9a02f0ee00f5f910c97005219192ae94f8173830ab567c86b46ca87ea4ba8
TROW/2011/page_13.pdf-2,TROW/2011,1,True,True,STRICT_FEATURE_ROW,True,KNOWN,unknown,PARSED,PARSED,PARSED,4969530504dd871c3e45e113b20d5a088f9609cc63b4760e2a8bba78a0ce2ec1,338b9b51161deeb690e85c33dca1a819e4da8b6d374028130632abf7e15a4bb3,983024126bc0d70bff6764809b09bbe34fb7ce0e6291cf245ecbbd75d5b274cf,1827c384b06b2b1af6c0a1fdb0139cd5e2614449cbae528d53181ffd7bf7555b,7201a14e347786b0c3b080b60812a16fe556f35a1a349a62451be1c97426b337,50d58531d35f7eb7c8dab2535ef2bedc779fe7071afc02db029d8d631b374c22
STT/2012/page_42.pdf-1,STT/2012,4,True,True,STRICT_FEATURE_ROW,True,KNOWN,unknown,PARSED,PARSED,PARSED,1c74f4fe716fbe1deb3711a9d68d367d93adf2a36578aeb72764ec28d03fc88c,99dfe22c7217f5158b506348bcd7271715824b5edd3fe3d84e0ef7242bd4d911,1a5e4f6a5e1d99c21d5063037a820463c70c49bd9e72be81a56edb1466ba593e,a9a1bdb44c9c9ec90611b287d9c6512e5fda0d9a534a5d51ab1ef7d141d99f8c,2059fc62c2178786c5d7d8879c84efc9ce5088c6b2a7d2ce42b35da500df1a3d,0c8662774c0b5227f44802913dac6d7563e615a2fb1b9f582f9107ca553f004c
LMT/2015/page_86.pdf-1,LMT/2015,2,True,True,STRICT_FEATURE_ROW,True,KNOWN,unknown,PARSED,PARSED,PARSED,45949f03df08a36adea5ed9e4bad50c65701ad8e3d0b0e6fb0ca594166a03cc7,a78c5dfff89af97bfad35fd541f518cf740c3765757acd00b539dc63cccc7f4c,b65fce94f4752eccfd6ffac4eabac31e5cc1e08f4cc788980726f4dd9639c813,e082266e36df11cce2479776a50c65932bc6b4fe33e1484a72528a8a77a5b4cc,e51a5377326f88df9bef00e64a4256d9878beb02c73d0ff425773373730cf2fa,2897265cf842a18cc0e0377c9f5a7c7aca0fd59aef9150cd4dbddc3d1ba4825f
CE/2010/page_150.pdf-1,CE/2010,3,True,False,NOT_IN_STRICT_FEATURE_ARCHIVE,False,KNOWN,unknown,PARSED,answer_not_numeric,PARSED,b136dc9f2cbb37e6d8d3bdd0132cf80f68c0b44d28845bc65b69472b5fcafb84,34c4ce6df057282e2933ea165af6100f013f2d0081c0c7cc9e4dfee088af3461,c40932db05e9a3552aa13dc7e37334ca127adb42160cee4c270247a6b98ee396,d2fd589306db0b0e65d568dda7168f1cc95e778e41e2b564bb21813ab8b43dd1,05d6acff7a32895e14d079a8f89682d659a43670153bcc96b1d7780d11280914,cc8573b60943b94fc5512c7ee7e9b736833d5872465267cecc2d4112fa1f94a1
ETFC/2007/page_22.pdf-4,ETFC/2007,0,True,True,STRICT_FEATURE_ROW,True,KNOWN,unknown,PARSED,PARSED,PARSED,5f29bae87a936a501526d9ce52d88f038799da7985fedac6773213f281bcc34e,9796476e96ab0511ccf413206722eb9881a2f7dce6c9c2decd7f835808f69720,47f2652a0c79f896a11917f6000720e6b1cb45c586dce19a9a96ecbf76549970,9c3c06eb769defaa45d6d7c989cdf4dd6cbe0e7295daf0c9e7618c59541434c8,f6b621151efaa94886240f60686b59bf4bbdfa50c8e7afd5ab57b4cd1beaa7a0,61d673f4664652e0e08322af8963a4af74fc5cf492956c6b57b3eba25c8f0138
INTC/2013/page_47.pdf-3,INTC/2013,4,True,True,STRICT_FEATURE_ROW,True,KNOWN,unknown,PARSED,PARSED,PARSED,1baed1bcdc765bfbebeff134088a471d752d178ccd92a4444401449923c6c5d8,f8c9c17ba73669fc5dcae394523d7d2f832b7f3164614d1b129950d9b88c1db2,158556264a01fa8f13a2ac23da8e6d6a7d87ce074b1c1cb328b456e1bc50e4f5,b83d896157dce1b28b4c9e7c808cf3d9e8b77b7163925a4011d118894dfc5ca5,4074aa6ae63a22fcba5a792b4cdf543cfcd1914ff8e7aac9ddc97cdf090c1203,230a5ef25a4be69e34623a7e374d2379aa9de873e5a5def6005a9704fd601c75
PKG/2001/page_78.pdf-1,PKG/2001,1,True,True,STRICT_FEATURE_ROW,True,KNOWN,unknown,PARSED,PARSED,PARSED,ec1847c5772cd8a6475c205445f636e5f2d5f6d47fc4858d5e8addebba55fc48,18e5b3cf4dac2817dac1bc1b911d0a27397552b14ac07aa30253a6742db2251a,5e4f6e3d380f50cccdd07e4330f23b0829998e735d84b8437e954c576de6f814,46d66c8fb4438534d8dd8c9daa93de2920948b9769e7dad288906f53ff249d0c,35a13b2c22c1471088f75003b976658a502da3da68428634a6052b8c7765c3e0,e429388f2387475c47e608a69ff6920a3a8e1f9891f6ee026d727443449c15f6
K/2012/page_44.pdf-1,K/2012,3,True,True,STRICT_FEATURE_ROW,True,KNOWN,unknown,PARSED,PARSED,PARSED,87fc00f3820c018060c53138f4651f6d00996597a15f14fa5296a7bb8f83943e,8b15f086080db2d3d643a73a78ac533f93d7d49a2da6bd8f97f2bb96cb1b5446,4ad59a905a6105a3a6f07c8ac61e1e61f579433433eff7bd961142b2a5562577,0ae5b3c6e78dcf0a97f702788286a0460bfd4f2f3be6d4dff5c3ee5818a58c3d,ed48675a4fc1788606168d5af3761432219a1f5cf6224f8efee9907a6beab5f4,fab6054095ac2684e78fb8baf96d06fd0c28c06429051d8240fb61e5999d0a56
STZ/2005/page_57.pdf-4,STZ/2005,0,True,True,STRICT_FEATURE_ROW,True,KNOWN,unknown,PARSED,PARSED,PARSED,64a193ffd1d3fbebcf9706ecd99ad87ef0d9970af4eab168b8ce849fb6fddb09,7f504a75a247f0b755ea320ec4ffbabfb033c793b1c4e65ab6ca14e432c368cf,065f527cc378a7da7049cc8923797beb6a22b64c53ca6797d71620d91cc48055,407fd0c718627bd82e918f7b2db7d1d4087beab9a520e00194c7795d54484d03,647d99b364c08ff4c40e56845247a1fb62d197d014eb803b5c6254f51e26f3cd,3a6086f4cb8901977426b0d420032c1abccac826a217e9cc47209bb3de6df74e
EL/2009/page_112.pdf-2,EL/2009,4,True,True,STRICT_FEATURE_ROW,True,KNOWN,unknown,PARSED,PARSED,PARSED,4e092789b2a416759c9c0f62e816176fb5e03a5c1341cd1979f836b091ee1a8f,bec05b20817d65f8ab887352110aa4f39b66a7d4c0835f19d2a1acbe7e78a2f7,406de47578dce08cd920b4eb38d820dfd5f13ac3012769868709086b20a1bba0,9027d35e7e567177b5a7e2b63a656bf6ea05e9325bc4997a51b82fc3a12db988,c539855a8085690ef3f179eff5bf827df1e4b985af1b0e2bdf9cfe168f93f68d,3689c8e132fa92ce2f520d5cbc4bdf38b53ba69c38cf8c122b2952ed3a55b9fe
AAPL/2015/page_56.pdf-1,AAPL/2015,3,True,True,STRICT_FEATURE_ROW,True,KNOWN,unknown,PARSED,PARSED,PARSED,c545f7c9516bc4efa6d13354c0454f7a8423b22511a7d067e92273a204988e05,b9a8cae0d2ed812904e09ea951ec9db4ab8de4c8d4c086d84445d77a700b874e,27dc2dd7ee1942c1301bfb0b33b938ce4e9fb78abcfcabd8562f699efc1445db,f07bda5dd614a14ccb107ddefc698b64dde1ac22062262e95d84404a20630973,a2b7d755c4d96f77c0d3cb12d694266a0d67fbeab39fe47049d8e837ae324228,de18aa133bd484ec33d4041a8dd24475c1747e673206be37bf4448d847a135bf
JPM/2009/page_183.pdf-5,JPM/2009,3,True,True,STRICT_FEATURE_ROW,True,KNOWN,unknown,PARSED,PARSED,PARSED,8d283ce95dc687d1d64407d3901a80daa78a909ea11728da287756a57c7e3e1f,8afd1c0e51f0c6258b6d064742fb8733aa591e739da94f726a7a0ca311a1b140,2cbf1f0e9b7fad5475adc33139e91bfeb2494973306119d64f73ae73f8053980,3dad39fdcf46055e687744cc5f28dbe093b5298af3298a328d34a4079bb858ba,7aee63c62a7bb6418a1ce132040e64e8656f1a3f57bf93faee3046ab548d5b1a,4fc1d54aea594d9ff6856e1017b8a45af3d45409037f73b33591b9a83b0a94ee
ETR/2009/page_141.pdf-2,ETR/2009,2,True,True,STRICT_FEATURE_ROW,True,KNOWN,unknown,PARSED,PARSED,PARSED,52813b8b3568aec8c905628d42f11c967c4d719f72d1c68f66500742bf8d7885,356ce1f099e768e64877b3f779fc80cc22274a4fabce7b0494b5ffca2ce126dc,8c9cff79b743de86195509e95f6e17d0e7aa67417ac8c66c632271b364797622,4b253ba0abfd67983d96be12cb31ed7a8c062e2086867b22f0f1ed9708d74219,3b08a24698aa4501caab7fe9c99f008020b3299c41f84b17f59b053357bc3d6a,1ca8523c53ef53aebfc83c5e11c8cb7554526ddcdae923a26c28639454c852be
UAA/2016/page_83.pdf-2,UAA/2016,0,True,True,STRICT_FEATURE_ROW,True,KNOWN,unknown,PARSED,PARSED,PARSED,fa1b1b52cbf576183f8c0e87a6f4a2af1ee47182fd657beb9bd760ed45de462e,fa43b46abba291959abc2dbfe5e31d31885559d8a0a907ee581dd011c0133d83,4aff9d4db24922c8c75a491b024cf60869b63062220d3ad4ecb55f55e25b8167,d84e5b57b4762587149ff0498fd1e4e49c8d413f7d47745b550102f1a567e156,3ac59a2283137d59d12222230f9f0fd2bd5d079cf13f572b73960be2b959d458,7174e5fc1a02f0f69ab3c89a23e7d1f1bd45d0812c5a637e8cf9f2487b7aab20
UPS/2013/page_56.pdf-3,UPS/2013,4,True,True,STRICT_FEATURE_ROW,True,KNOWN,unknown,PARSED,PARSED,PARSED,78be757e93d3cd040297eb6fb11d970b5d73fc8713b8176e9fd54b1f7ed1783e,0727f9dd64ba20b506d801744b52ea08e37c03ac9250c65c0c0e49e5c88b4fc0,084547f007b0f63f359b68240e1944a87fa9185ba09d2203cec6edf6351c2958,cd0bf33f377571eaae5159cd1d8626172706ae17a6a3bff584f2102704a3dbff,8fd7b9e91feccd0cbb9d2b04286bee5821685cadc7c243eee2fe1d26fc7f5708,e58f93c5db4d37a4a40dac63765e86aab086f418491cbd03413504d9bb50d06e
GPN/2016/page_69.pdf-2,GPN/2016,1,True,True,STRICT_FEATURE_ROW,True,KNOWN,unknown,PARSED,PARSED,PARSED,1f77a11ea6b063134b68377944eb865e8b885582cbc19d1a0a91d213814f64b7,8ba41254d294511c87f6fe7687015e7171d56dc79560d00a6bcb29310467c47d,17f7046bb3c68d50584e0bedcdb3673f0dde9c2da1e4cd177df5716340342d0c,fb8b48645c206a348c41085112f64bfaac4e2c9776f90b6440a81ae19a662e38,e4b6211aa468c66fcf447df0a052312022975817b46cda6f4e6ed6d945e41c4c,9b4a520661dbb5d0d5eff38d7b99f5dccc9b5ec558265efe8b119a9c0a6707e8
AAPL/2006/page_93.pdf-1,AAPL/2006,4,True,True,STRICT_FEATURE_ROW,True,KNOWN,unknown,PARSED,PARSED,PARSED,2f4c4e9be477acb260d2af7dc2d1567039075564c66e3c07fb4871c4a41d3d3d,b5bdf503b3eaeca3d6a39a7dedd99b9ce930038fa0b9ee2587d470cfd16e590c,3366cd345088a3fa1bcb80d9ac6ccc8e4eb4fda34ed6effe38af74485f8a6d24,2314d755699216fde074e79136b3a2d53bf430f10587c8556137616d8625eea9,6f62b28e4a9b315298434c4a9588e1f0e9e8ec983d9e1809d2c28388346dd84a,a5841736b32848b2600c30fb671744b2e79d9807c742dda95a5b1b664a649887
ETR/2008/page_343.pdf-4,ETR/2008,0,True,True,STRICT_FEATURE_ROW,True,KNOWN,unknown,PARSED,PARSED,PARSED,e41b68e087f36e02c844cd7c7d4521ab63d261e6ed36b15367a2b9262a324e54,f0b5e4a83d9ed90c50c5012c29fbaafb3690cc13420dc8a0658d671a0386ccb9,b78e8def77e281a0b2863f052b5f9473f526e1b5d3db99e01e184bdad059cbda,4f06e14d90a11e01bf97715bdfcc315542a35010acf36914ec79f881ef9d0501,232d0adb8e59149fabcf424d739946bb66e638d716aee8282de3b4f1f83e2f62,5e974949b1f92d55281f6482eee47d2067d2b69beaf6f880f9d4058e50b8b36a
STT/2012/page_42.pdf-3,STT/2012,4,True,True,STRICT_FEATURE_ROW,True,KNOWN,unknown,PARSED,PARSED,PARSED,3af1358cedea9d87f5e42bcc1a97234782a8a513ba80175602b236f651a3dcbe,fcb2c940f8e89982f64c6c4a5d9ce3a619a14cc217637ab1a7c40b78ddcc5989,c690951a3f37e34af719707732fbe9051c858a87e986c4d387e76ea23917af85,a5ada62e5942d242a9b4a058556a097a0632795674b3efb7a9e349e1bb46ce7c,8a3c026b68dac690cabc26bf0e9ae9be28f61cfc22a2750c1ddbd725def18e1b,345cbc593a10867d561dea3f842997f646c18779742d9a0d19ef61cdb8074f46
AWK/2018/page_142.pdf-4,AWK/2018,1,True,True,STRICT_FEATURE_ROW,True,KNOWN,unknown,PARSED,PARSED,PARSED,b8c7c4e1f8efc1bdc7be1e51eb0b46efb69d27b5830a97f00e2179a82686b5ff,1a12ab724dbaa32cd62c0811d28b38b276c1a33e86c87f01d9e73647e0d90a70,4e62ca56446b9c6de09679e4840bd43d0a92993b63d28c1ef5dff648d7d1d962,e53664fc3f9453c3cc3a062f13290a37a80f833b94d2a6cf1ebac201615acf80,14862720090349c9d694d7d682694d159443067e11fd7784f61e0606a33d6729,493cc3449a84c87e8367a5e467789567c1183e4346f74f8ff1ae9b78b38f356f
BLK/2016/page_35.pdf-2,BLK/2016,1,True,True,STRICT_FEATURE_ROW,True,KNOWN,unknown,PARSED,PARSED,PARSED,e1f99a002f3ebd9bb0826219e2df3b8020cbd8708028b9d9f37f67988f89c156,23868c54fda9a1bfd3e272fc079a72b144526553ea3113a8cd518a41cc3d160a,c5c9325a142b512e8b06fd9f2b0261fb433bb4d8a8918562343ec86086b4615c,3c8739418ed0d624d8f6e6b9f335102595f9be18957795d6eff3ee98f2de8d45,52545ac515055c8eec149fc8213a63abb383034ef1704fbd78a60dead679cda4,51b798882491805ed98361bd129da21429597fb7e24822c913aeb3334c1c7dc7
CE/2010/page_134.pdf-4,CE/2010,3,True,True,STRICT_FEATURE_ROW,True,KNOWN,unknown,PARSED,PARSED,PARSED,b0dfd6c96de72a8c3ac311f0d09129e31bf28c71a486176c6264bf5939eff499,39a493b39ab72ebeb2fafe4a46ed1d062fc9d282b1c4f54cfaf8042a393755e8,e989483b0fedf2fa75842f87ec5877a8764dab9c6f25e54c11aa96f0f928563a,b9cf673d6be480c700f46ce9ccfdca4481d4762cc04e36a4b6179c2b381b53ca,90bc0095fc576e95a3434e127d4063e0aa51cb97e1f95984d01d0ea1b71675c8,fe07c9613f0c6d204ff73854cc8faaa0d4d876f9b1ee7ebe67074ce0be16ebbe
ETR/2004/page_186.pdf-1,ETR/2004,1,True,True,STRICT_FEATURE_ROW,True,KNOWN,unknown,PARSED,PARSED,PARSED,250ac0b317179e29869e8ed56bcfa7cfd951405677eaedad22f0a43836dee866,4afb2fe1af5e31746bb9c0a55d398cced970edb2bf06028d9cc242d2bc03f2b5,f5a24a610755c43e1df2c96f44b128c09e1722ff9224b31d1c4e241ca43cdad6,ae994a264f66ad8471d4be9a82172e8a3277796ff1a900e356fd9f07fed632e3,cf99e880795cc28ac85155f08da8a3d9fd2b17e7e67940f5618afebd78cc8464,3b70c2e7b16614bf316cf9d0b15624da88f7ea533549c50f748bfc1c6bffe050
RL/2016/page_9.pdf-2,RL/2016,2,True,True,STRICT_FEATURE_ROW,True,KNOWN,unknown,PARSED,PARSED,PARSED,11266f25ea9a3e3ed9d7c3218a5e49d03d1c6a396c5236c59eb212d5eb897de3,96ae1e3bf38799ffce8eae0aec2ee16cbef1e5bd44d23e9a444e8d687df96bdb,dfa6b767224ed0c4501b3fb1083de2444219eba05a824de10999fc2350f7afdb,23a0af24dac0f6376a24be129786d44c4fb4b77591e00bbc38efbfc446bee346,12ad29c4e45df72885e0586cbbd4945cd9b48e968facae1b805259195fc5e7a9,3beb2ce7d4adaa97d48bfd899580b0b8d40d1d3db13be0b4733d8f0f0df43b48
SNPS/2012/page_64.pdf-2,SNPS/2012,1,True,True,STRICT_FEATURE_ROW,True,KNOWN,unknown,PARSED,PARSED,PARSED,060c38e0b2b4d18d9ae59933055c3651add03c45d146fda568bc01c1f3f71922,4dd526df9fb5a8031d77b4a08284c2cf6388f391ce4157b1395bf4b74ec2e168,b0a9df82a6ee6020aecca031711ec7c78379b8298ba83b0de130ccdeed8f702c,fbd841c357e61f659a294e465cde8daa75b5a5734dbd929af72aed70e5645c17,17e00b2bfc62de89bda9f8de0d5899406dff228269025439b8dc6042f56bcea7,802aaa6588bee6ac1507be5d38c85907c71409074e9552692d93f645b57dd90c
HIG/2014/page_126.pdf-2,HIG/2014,3,True,True,STRICT_FEATURE_ROW,True,KNOWN,unknown,PARSED,PARSED,PARSED,091920401e90b8ff92da9e43b922b0f1079c623af9e850067b3cd251e3e6867a,9ad5b178fde7a2d78af670f43ffae802bdfffecef8d81ea8c44a1bbf0da2b757,33cda3dc6427ba5284db1e9bf3d73fb89b660eff8370d80068a8903a7efa7ae6,9334bfc208c2f7a5b5a060afe81e1312cca507cbd0ede9dcef540e1f260b56af,19865b14999bbb8e94a6b5831f9ce8bf1083450b7b1af1a60b58328c604b6793,9c310ec74747c1ca5517a2cb0b8600f78cf695e66e5b159924b0a765a6a3bb00
LMT/2016/page_87.pdf-2,LMT/2016,1,True,True,STRICT_FEATURE_ROW,True,KNOWN,unknown,PARSED,PARSED,PARSED,7b633be71b2ed41d50128eb5b96238ac9eedc6fb1b27f2e8a755d286cf0a4a50,8cf835fd6f01045327ecafd46b983aa4302084513ac3f40b695119c38d89d91f,42297331c1f9b637430c6a86a3bd7f02510cd67fc1f9c6f8b70f21fe84888023,6aa337df5d2f066ad07d9f5882a88ab367d544a2124f40e81326e323f7c26658,c90f2d6c5cebc71f5a801317f550e225641bfb7436be4725b82728fce8de8607,1cb0650c25e1bb866637908ca94a8bdd69a5b79c8719a73958598d3129d2c58e
GS/2013/page_184.pdf-2,GS/2013,3,True,True,STRICT_FEATURE_ROW,True,KNOWN,unknown,PARSED,PARSED,PARSED,e1f77c3298575a2633f7438832c0cf9a19d287e63c84a1d545a22d9198f9b5d6,f2ffa0de3e790da91020adedacc83badfb6b741ddfe202bc79bfd95964571af2,6230f46aa6dd09cc3e4e6f3df9809601e32b98a42661a0ac7cb203bbcf7af8f6,974a35fba7c1878f3cb19bbe26ca0360c2f5ec3dc40c0e3a5e18db1c76de5622,bb98aaadf99ce1f9924b0155757da67dc24f79596ead41a8bfe5f73a03f45dc7,4a628a2924e74bc51cef5d37fbe408e28f2e40a774095f0ddd74cbbac2d5f7b9
ILMN/2006/page_92.pdf-3,ILMN/2006,0,True,True,STRICT_FEATURE_ROW,True,KNOWN,unknown,PARSED,PARSED,PARSED,a0472ebd7fcdfa449bd1ecb27975b0385c563a949b92d4457902a1ad225ecd12,e9c717ddcfc1642656f1b599861bbb1ff91c5ba40e883feaf23c86dcccf50ec7,890c0f9ee3275e82efbab6a0a5097507fa6aa6e4a4007c401fe1efcd1bcbc297,247c08c69429e1c7d854d46b7c1224db1a9456d6c726717436d31f711bb77bcb,5b5954cd58e8b7aae9b7ad41a2c49c6b7c8cf18e2c780d738fd036f8efdf94e3,009291ba62ae8ae4c46bb6fec56a1fe2bc39dbebcaf5907498cb98833de71b78
GS/2012/page_64.pdf-1,GS/2012,4,True,False,NOT_IN_STRICT_FEATURE_ARCHIVE,False,UNKNOWN,unknown,answer_not_numeric,answer_not_numeric,answer_not_numeric,54cbae5a9f7df285fe9186209a012c76cf90286de8ba1ee2621cb3eb8290bf05,311b05865f5654743d1efdd21351068a24aa0956c0e14d35a3f359a82e98c00a,5e47c8e263ac8a9313755cd17990ed1daf27ea14f9db8a96e86a6288398410b9,afe69c462395dfbae693b8409d5e21e583fe00265ecb4b4e72af5bb2b2a76d57,68554696ce44d8515b8d65c243658044f9d49878cddd206b928101681580fba0,f34be3acd5577543a9c7bcfbb7654b43ffd76c556f0728ed8c06e2174e3e6c18
AWK/2018/page_150.pdf-2,AWK/2018,1,True,False,NOT_IN_STRICT_FEATURE_ARCHIVE,False,UNKNOWN,unknown,answer_not_numeric,answer_not_numeric,answer_not_numeric,d7cd16d7c82b2afc22d831cf4ab577b92b04479b30012c11e2ff6e4979f84758,e2d1e66b3035d26dbfaacccc601129723bc10a51cc630695f0f8b4d05270e684,e78f159bfae7e7728888be7863a879e9acaa8300a7315a5742ca4565d11a1c87,fa027795c4ab7eb7e7155fe6cfce8b330d29374cf3d56cf37bfb32a42d7d3858,e54ac542e8a4470d0eee8a92d0bc7c844da0d94cd34a97484a0d84bfa9d25741,6fafee284579e99034fbd8496541823dd9751a87f94f836d6203acc6964ea6ef
UA/2011/page_66.pdf-1,UA/2011,2,True,True,STRICT_FEATURE_ROW,True,KNOWN,unknown,PARSED,PARSED,PARSED,074a70a7de22965776c3724c336fa38580f8caaa9b8f07a70fabf96904fd2b6e,9c93ee595bc93f91e566c73a90451ed8b4f528edbff1dbfc3db0a4cb13a4c91b,df1ee6bd8fe5a98dd16242d0ea096eb866112b9b7ad0621ae1107aa2e6f076cb,e6fa8c27aa3932389ba3f68ecfde31491d60018a2f66280ac5ab553ac5eabfba,02530f7b4f6fda365861eefb90abe2be955f145da9cf7fe43d03d8957a0aef9c,497d50c1a338f6978374504ee93342266269c308fd58cc871a28ca85c4d06226
BKNG/2017/page_35.pdf-3,BKNG/2017,2,True,True,STRICT_FEATURE_ROW,True,KNOWN,unknown,PARSED,PARSED,PARSED,ed423b7f0155602950aec284bb35268bd725b29973475bc2df06862c461d31a8,545ba2726ffd41c3a6c1ef96daff29ce640545c6108168a20c1584502e76401d,b6fb15ec4d07ba496cefbc3a0402a031d6ab0a994c1cafb1f6366c953d493baa,847928042223152e359e1e06c1a3d2ee1a54f1fed872436572f900c82b8603de,c0f5bc0cad8bbce7c31e5a665105e6fec995462cefbb7bf722921a529d857629,15071adde878621c0be8cae98f27d879495b3462d1cff95f6961cbe022d90468
PKG/2001/page_86.pdf-3,PKG/2001,1,True,True,STRICT_FEATURE_ROW,True,KNOWN,unknown,PARSED,PARSED,PARSED,181a188759debe9fb3b80cdc14364a561d0ff4bd19f6701e91bd147564873b6a,d7f32d8a81a080c9c0eb0d694be199c6d4351afafea37ace8c4e4da2cf9e51f9,b4bdb916d13738c4e66a24bbb26246965e6e1c34866be51ae96b3a9ec3c272a9,36a152f186ea2b9a4b5d8118bf2b8755caacf1808839965d266898aa935c309e,7d3565ac47cca4d95e05de348cda30a2653c1ba84e76e50e017df0be2335314b,8c597f1a66af37fed5a13776347a47c4488ed7efaf25cef481eb01f9d4fb3b94
LMT/2007/page_39.pdf-2,LMT/2007,1,True,True,STRICT_FEATURE_ROW,True,KNOWN,unknown,PARSED,PARSED,PARSED,b6b40b786057ea99ec646ef275c04602135601df410826b57c1f0c3a20f92277,9002aa2f0e1b3b58bba75eb518a2c4c87890643ceab195acdbc959efd3fbc778,9b1c92e02f776eca25e2626c3ed5abfbb192fda21d3f82d4a518528daa20b869,2e8495f5a91c20ba45416539fbbf3a2e2b1af1fdde1127198514c75360df745c,8c6485f96b39c9447f0c405cf3ab416d64ae23dc84db8c8baccfda083417df23,8cb7914139b86a7faaae86cb35c47bec95936ada692bca7144de41c988c4ef6e
FIS/2010/page_89.pdf-4,FIS/2010,4,True,True,STRICT_FEATURE_ROW,True,KNOWN,unknown,PARSED,PARSED,PARSED,de753fd9d39e1e72053027aea26e089e361fce4b39160b5486272338dd74cbe6,2854028f3be66096dfa521c6d55f1afd61f6ed2ff6ddad316f8c60a2946e9f44,c712aa3199a03384b483b372a1f6295ba438aad510bb02711765f9ce3cf5d0f2,1f90898d7d7917141aa453dbe43df0425a97699b2f2272c60a4d1a8bc36e1ea7,d7e58cd202989cef0a7b9e51f924089bdb619d25f2271fdaae267d3e4300ee3c,80334c662b265693ac688f577d036a7492171ce90b56ab3dbcaa6fa74dca11f9
AAP/2011/page_16.pdf-1,AAP/2011,1,True,True,STRICT_FEATURE_ROW,True,KNOWN,unknown,PARSED,PARSED,PARSED,433ff933c03d4945c27db22daa73855c98b1d466dd8b224d4ae2b6d415839de0,ca13bcf7a534784057c7e73939ac39d4ebe06e9790a4167127f65ff584dea128,7e4049f27901c2e12403d1b571f574e3c3b3b9365fefb33f1e0df647bde8660f,f120f234d67f6da1f7814bddfe1b9b2f1f1467d85658e1d3915556809db552b6,d52930209b8e5b46c6da8e8c4e737df1c6d015cc8a46df47116b95f7102eef3f,bdd8566cb1c5021502bc300e1edb124ab11bb3c1e912a0f72801ccbc7886edcf
JPM/2012/page_109.pdf-2,JPM/2012,3,True,True,STRICT_FEATURE_ROW,True,KNOWN,unknown,PARSED,PARSED,PARSED,a81c248122b10da7b9d36ccc20ac92eb44e87f8906f4cf6209d9bdb8efa4ec41,fdcd44b4609a0dfaa86fdd9270fb65fee89645e38fa206091e5b294e9a27569f,4335cbfe38d5e6c5ae8b3d2d5f9a74a092c7f2e36fffabe24a8084bc32c4f21a,58cb2371182df495c49ff7582957fe353914402e519f32dc2412b0308454e2dc,de4851f3fbcf75f77c3ec8dbf186fd573e5c9e58c8de3e0dd583a304140d0d2d,acdecefc43d0375116ab3e1e8bce17ca75488282cfbb029715956e2deae3a760
CE/2016/page_88.pdf-1,CE/2016,0,True,True,STRICT_FEATURE_ROW,True,KNOWN,unknown,PARSED,PARSED,PARSED,ac5a2f09a6a918238d0cc27c67e0f09d5d92a3af56ffd9db6bd4ba01d7b6e822,a7de99257449f3d0265548ca78fd09d3a69faaf9fb02292d41e49e93c3886d6d,a0fbcf94f2b429aec1ff5c0e8d7f8deb6ca26eff2dde748aeb83aa0523a6f1ab,5a87bee1aae9dd85cff41aa6c0136897df4fb38be15bfe7eb4c9fa15563215ad,685e349c74fbc197325f5e541b1cdc032bd2165f7d503821d2f139eb4f0e65a7,c4cb381c2c47738c65dba25cc829e40ece41d6384b97489e92ebdbc4994befdc
AAL/2015/page_83.pdf-2,AAL/2015,3,True,True,STRICT_FEATURE_ROW,True,KNOWN,unknown,PARSED,PARSED,PARSED,bc3984d0cf47e6c17ff38140b93f1ed6c30071fd537cf71d4d8c28b2d39782ad,cda4dbc7b2fb32c12c146c38b084000871833465ac4eb3ab6df2644a2bb3a86e,6d07b55597b45acb5e9e9d06ccf0f1b70886b1496a92313fc240664d58d112d2,5d6b5cb22c7ea8e5aa85db012e3888b0d7098c5560daf8a780d722008b7fd9a0,c436a3d0ad21173df665aceb946e4b58a724ac902389d9035537d7d1602b1848,ec4828f59ec2ff62958c554f7207124128adcf4205e5b8053d2e3fc054053990
AMT/2005/page_83.pdf-1,AMT/2005,0,True,True,STRICT_FEATURE_ROW,True,KNOWN,unknown,PARSED,PARSED,PARSED,73cdb0c10403e91884c341eff71fa0e10d62be33d78289ef4b4b6fbccfc4e623,8402557569d8d0e4b1974a3a25d98912b75ecef51cc21cb33d5fd6b0da34fd97,eda0eef97e802aa2dd8f741393e647ed1f6b84f25afd094ba47de1902e0feb0a,332c71388a26fa12d9c73ef2ccb0f10da184a416242877e7ed9dc6bf987f6936,430e70d8f95f1a3167416c6be25dda48c3c64df555ddbea9a5f4dce07c43bf8d,534a66503e2877e2d57a71acf8f04d18565059851da03f0792bf8e5ddb04ab87
UNP/2008/page_81.pdf-1,UNP/2008,0,True,True,STRICT_FEATURE_ROW,True,KNOWN,unknown,PARSED,PARSED,PARSED,b0989570d1b352ae48ac955b647beb391f3b6c0fc75c4ef3c0c19893e16bc298,78e84471c582cf29b4f6805aed8d1db656b22d61d86907ef18cb2c769fa9abea,f409042d2030dbf4006e6757bc1330933a0fb4e29b0620de0c22b392d1fd4d3e,29dd64d6d78bb33fb4587324600c1d1759564a97dda47d2d054e902897456dd2,1a52d5a082268ec0aac22894cee11f41750b99d5e4f92d7a14faf768b96f1b30,7eb01c0b8b55faad7efa1981d7e60dde310a836afa67df962ef925ca5ce85734
KMI/2014/page_18.pdf-1,KMI/2014,3,True,True,STRICT_FEATURE_ROW,True,KNOWN,unknown,PARSED,PARSED,PARSED,08f3f4d2fb44fbe98e24d2addb3fa37d6aedd32b712ea00ce5d61e662646a178,6449ebb39856aa1210f43511916df07bceebfb2d37410a94dbac6f8e891f900b,455da1c1505af11c13506e2a802cbf2215a92a06f32a18a4ebb27e9b9ef1694b,541fe49c1f06f5b469a7a5058a3ff3b394a4480d71305b5e665f3f90a61aebb9,b6583b17a46d6db6616e204e5aea9f2fe27042078db0ec4b1c0b0329fac6e2dc,f4751d8b51028076cec4ba9818ef9ea35430b2723ca5079fa0536f5831dd8ee7
VTR/2007/page_48.pdf-2,VTR/2007,4,True,True,STRICT_FEATURE_ROW,True,KNOWN,unknown,PARSED,PARSED,PARSED,9112edf375af0beeb709d55eedf307126b1204ad157278815b98a2eee494e6a4,ba409f393cb1e24dd1ce91cae5f8782f30681fa6bcfa56340d5f0d36a2906d5e,64a985904c4438c5b91317f2e1337b7bd9547bbde665394a253fe5d4cf95280d,735e56b1563ac6c8e48e16deefdba3ecd252ad7cbafec0b8942fdc17a60e10b7,1e757a012dd104113aeb1e7fea63f1c7bb2df46b7043c8c853a17fbcfe01d5ac,dc2b6e69d540aa94c71ace9fb7e89a5fb907dba8e0d33b48d050a0bf33b1749a
IP/2007/page_38.pdf-1,IP/2007,1,True,True,STRICT_FEATURE_ROW,True,KNOWN,unknown,PARSED,PARSED,PARSED,86bf6173e464ed627419b07f2ef19397df263493a079decb929252be145ae404,1702b11b3ca5ecd33c9a83039167baea026274511b5ab30c1a0a69c90059ef4a,410a793d15d3b100f88c19a717ee3b9d7c4c9189b972f47a66b3a486b99e4d1e,2b24f5d6da8dc858a7e4b16efd6558bed950401f9f0dc39f36e37e18a5e3bc1a,722952170d6d31cf42b98655d43e63af8176fe31efaf50c402f5d69c101532cd,c9f05913eda046291c2d4ffd1b437e7c7d270d268d0f26e6d6e778096091b068
AAPL/2006/page_79.pdf-2,AAPL/2006,4,True,True,STRICT_FEATURE_ROW,True,KNOWN,unknown,PARSED,PARSED,PARSED,a6412099a349399a11534590d2de97a55cbb69e971d063a86402e6c2a9f67bd4,68876842ba4ef9ce27c654012b5bd5b454bec49f7d1693b225cb41f7dbd5cb6d,a319b1bfabee370cf73f00366fcb3a22e5a8b10f12777e0264b2558cacefafb8,0d35e0a5a1586936566f8af9c0a249fea4c6604553bd600e68d785b5335bd907,227b3e69313f32565cc76b5aa19bb12ec01b290d64a1659494b612f604baabcb,af9dd7691b6f46eb2acd787a18558ba8eba7946392cd888cf50063c7d1932b45
C/2009/page_194.pdf-3,C/2009,2,True,True,STRICT_FEATURE_ROW,True,KNOWN,unknown,PARSED,PARSED,PARSED,623f30708fea8be1ad630a3822bd993d30cf63c222e4ee97b141a3b24cd73935,302a2a64e95c9f0dcc9ef8ca5165367b6470e0f3a8678594cb7f43fbc60e920b,55bf7fa3528730c6e2364b92612b74e4301ed5ef1a88793143989b1291a835b1,f12a127bbb4f469c3b4e561914c267af239c541773d960604956b8dd0f7d3d33,15406ef0b7a261b31a70cdfebec6cdd80e435cf32d153ff3e91fcc17635d5b59,e03abf5d3b1c02dcafa827f4c04029e4ce8500b87324dce24e9bfaa1c80e360e
AMT/2014/page_64.pdf-1,AMT/2014,4,True,True,STRICT_FEATURE_ROW,True,KNOWN,unknown,PARSED,PARSED,PARSED,6d0ff0ff127603c38874b7b55318f7dda58551e2b8107af964de8af90a6560b2,8946bfee99bfbb12c770631673e880854d3596936e184e9d851f39ca580c0eaa,12c0fc34a202022acf8bf103dbab62bda0a2a650a7451affba9eac68fe31311f,947a6a91e8876eb0298a152bbf20abf23a57a47e104b2ca46582b4e7b7b5ff54,9b107a16a1fa20e190b95fe2a41b41cb27ca109ad77b48523a03271452ce68b2,baab9d33247ffea534e44d0d1119146d8400b7dafb1fc2fcaf7257b471d9d18f
GS/2013/page_193.pdf-3,GS/2013,3,True,True,STRICT_FEATURE_ROW,True,KNOWN,unknown,PARSED,PARSED,PARSED,c5454f0893130b99cf09e8db680490cadc219756a8b67761d81c8b35a3ae5310,349e55ada119ee4d53db28ef8b6a4b73402450b7b255f7fc52433cf7ec82e591,7d8e9a54c3333abcb8f628a68dba712cd3f2762da5d95ff5df56cad6d5661824,4a9a6559b7e9d36434212599d42b20baadf0846e1424030f2f4f7367a342eb8a,d752d5bc451aeae42d734a31aa95302c8cf3f582b2bb22ca21368d18f8dfd18f,fc39348fcc3152e42c814b24af1b7df4c495563f71cec178d6c0e5eed88db35a
UPS/2013/page_34.pdf-2,UPS/2013,4,True,True,STRICT_FEATURE_ROW,True,KNOWN,unknown,PARSED,PARSED,PARSED,44e6c728bc86320a37e3fc447ebc19d95b940316d3d456eddee07206750b3c93,da578c7954d335d4a18c0a58912fd88ed04efb73b777301e992d4e9a7d45b4a4,91770d69253a8c85efe0f7f4a4cfbe72b4777500f16b218693cb1c74bc3e4346,fed7ad2280818c8624b5c064d2a3b6c08da9015ad0f226dfc65be8f0debe999f,2499a066aaa58bc73a3382ed066abe87c31449d28663776e6d3b081af458e7ef,3044f7c16b453a26a9ffc8e1060714abd18cd08d5b6f4c9b87d28a7bf56fcc2d
AMT/2007/page_116.pdf-3,AMT/2007,4,True,True,STRICT_FEATURE_ROW,True,KNOWN,unknown,PARSED,PARSED,PARSED,29b5bccf79a6e180e9cf06de6f6d1ea7fec83cfae06950e026bc7b24b140dee9,cffa9850263bda282becb0b947d7e9a8df477b1364d69d76ddd4f389559eb660,4ad6a2bfaffe3d9985d3605d67fc75cc976d6d9bb2ed3082b2345df9bfc03c97,dd4189506550b76a9133c19a65b6f73d7feaeb4a0b94aecf76f4e29dbc1fd7ee,92aa7817669abab16426f101c0f9dcf1e41eb0be37dbb94163a23b813d116797,822c7826a6b65d63e354701d1b3576c1fd4d44551fb47873adb79be496661733
BLL/2010/page_33.pdf-2,BLL/2010,1,True,True,STRICT_FEATURE_ROW,True,KNOWN,unknown,PARSED,PARSED,PARSED,42fecc2763a4b84ce5fec132594540584a246321eddbfded7b9d3ea89ffb41c6,80421efda461be8ded4193e4839fd2e78842cdf3ae13b02807477d5a2815a8ac,a9b5576e09ceb26cc67237f21b867e7d0d049af7d030731ab71c47c368872926,9049eed3310c0e6e3132bb3d65fa8e7ae8615d8edbeced3bb8026563b21019ce,06c484de51e542586a61509f3931236e08cfb0c4e86d3d58f072fbbf918247f1,d940f7d0fa966acc16cf3d6551261b135e43cd48acd63609c985ceae7369fb64
ADBE/2014/page_99.pdf-2,ADBE/2014,2,True,False,NOT_IN_STRICT_FEATURE_ARCHIVE,False,UNKNOWN,unknown,STRUCTURED_SCHEMA_OR_NUMERIC_FAILURE,PARSED,PARSED,71944e0c992fe3b1d56500e041956f85741fba21dafc5ac8b626c519a95725bb,91c42577efd4d805b04d4237400ef0a234c50bedc10d1aa974037b3732de3579,ae9c5b8f179293f45ff7b831a02ebb9e568bad9aee9f7d089f364959ffc4dd7f,e58d3e627087208087fd3177240750fe2217626caf278b175f08e2c9100c0320,f1bed440e339d3e8bc6bebc9b70cfdf3cf11ff85a51397e261b2585e8502ea98,a586b798af9a53b901658cb003f1df492085833b1fb0f33318b36e2fe3675392
VNO/2010/page_88.pdf-2,VNO/2010,1,True,True,STRICT_FEATURE_ROW,True,KNOWN,unknown,PARSED,PARSED,PARSED,563e0023ab28cc8c5436fd946c286af3c043f3dff478966b1be4abde9f2fd4ad,05cd67a4d4af39a31ca15ab05682b8788faa46715dc32d9a3b16dd52f9c99ae4,7b6e2a33439c5145ecd14a0897618a396da768c7d17135644f362b208a22a850,fb3186199dcd4d8da3c0cce9859c0198b1558eef41fa07362577aa71a9a8c33b,6034e61024c5073043a0d03d66e0cab0e0749b26389bad3efcc3836817ba85c3,26dbf76577f5d53d0595f89ee0ae2c7b103a2a32fbbad00e1e902a2c907d73f9
ETR/2004/page_335.pdf-2,ETR/2004,1,True,True,STRICT_FEATURE_ROW,True,KNOWN,unknown,PARSED,PARSED,PARSED,1b7e9cca9f7829ffc62db9c04a79ac38ec35aaac569b3a4882fe0eeefc4307e7,156f5f75de78f2e2a068d5ef861890ebb175a1cd5104a1ae24902c59ed82f249,790e0698dac2edc4b4bdf58c15461978d69bfdbe71f77828d717e4c2e46190ed,f2b247716bd29db6f817318432feae3c87ea35a1e328adbbb38c0006b6625698,a055fc1370384891b94ddc437f173ccce92281af6da275233cf5867834615ab2,36331c694fcf110005fd9ad3a0233f2f6a1e243b98a8892b45351de13d724cf9
UPS/2015/page_35.pdf-3,UPS/2015,0,True,True,STRICT_FEATURE_ROW,True,KNOWN,unknown,PARSED,PARSED,PARSED,1320310855d5384f98abfd4e391e5b2e01ff9329681937cef0f265daab340b0b,45a0e838897b31a7f54f4c3a5b0c296ae2c8ea3ba0ad1488fcc1c6b8c53d1bb9,54430ebc9fccc33a3012807d7b979350d94f4fc654d28f018e2b43ebdc7f740f,77898a1d628df06ba549924e8140340e961c31c8857a9a163082601d3400ee64,30e96a70df6123a850eb5d8ed88843bc0d30ea38f3136aec1592e577f8a3e2d2,dd15c0b819739e1e644775dd87177f7a162b433597cf73a78260126a395722ed
IP/2015/page_51.pdf-1,IP/2015,1,True,True,STRICT_FEATURE_ROW,True,KNOWN,unknown,PARSED,PARSED,PARSED,c7a37bf277f7acd927d3cc5b4db13b1d268589ed87d34e37e8b2d2fd5aa16ea1,e91d2066f044d9589907fd15189e110443d88a4a8c345840abdaac52e5cf3425,24b6fc6f23a65b98c7274657d74384fc1f7f7097e1d3e6fcf65014b1cdea5b44,7dcc17f68d9127a1211a182a231f755836b7b3a8775bda281d098100efca5fa9,1b5e389e780051e9b3a851a8b8b5489e8bdc5f723be77d728e0f8fe722b855c0,fc47fe04652e71adfbbb63449e5dd33565c330a46b5de9db329213ccb0ee8130
AWK/2017/page_154.pdf-1,AWK/2017,4,True,True,STRICT_FEATURE_ROW,True,KNOWN,unknown,PARSED,PARSED,PARSED,964ffca07fe255ddcc2a7bf88d939743f6a34c0672863edefacf1d51b1b9f88b,42615c4fefea1f03c7ccd64e968f2cadc2666b4f62c16f5a9dd5be7f5768bf4b,f739350d7ad0c5bfc111386cc9b411541f7e031c0f3d62323fa94f88b9735502,3bf7f8bf64fdd82671b275b4ec0b04db2b98435cc576aa920559186807f4c59a,9ba0069c0128b325b742363419ed946dc502e8287e28acb0eae95930cade6b32,7e2cc5354d90c337fc67c5a368e1eae3e67043ee10900c71b2711e62dc1d1866
LMT/2016/page_105.pdf-4,LMT/2016,1,True,True,STRICT_FEATURE_ROW,True,KNOWN,unknown,PARSED,PARSED,PARSED,4f60d7c327af6f93040eadf759163b01da51fb2022d5251b2cfbcbf65e9d333a,af3b3f9566c26baf4fa0858e8347d6f0392667bfacac3f411ee761ee7680a923,d444fb03e6465f05ddc9875dfba081a565f29b29fb687fc4b31bc633ba4389b3,ebb831f9bf981d35332ad401f3fae0187ad14d4bd61aec79afa3ba27c42b3d7b,03c67fabab7dc3751afa5d04868da3e89608eb901b8685240778e87e0411e6dc,6f4d9252c6622e0dff9f222b17c0715d9342d7608a6f64e38bc48b2064a4da76
JPM/2014/page_128.pdf-2,JPM/2014,2,True,True,STRICT_FEATURE_ROW,True,KNOWN,unknown,PARSED,PARSED,PARSED,bb8d07d34313eac45d2f9e0478cf2a85359d1b1ab8227fa6482c508936b51fad,3ea31a23f22e656a47d87a6aa83094156fd4379e56f01aaff5df7e06636eddc4,8a0dff3112c52a11405080e28ff324f046daebfdf6d6215d725dccc1d4674447,d9d3086dfd937c8001ac60adc29532a6fb96d59d5f73b3878f707d9db7f49da4,075c2a4c5986f1e93ab6bacd876291b57736bc4a5254c5ea033b4ed779eeefcc,73c1c18dcd35ba6c1449c75e4aa00c900329b2c881696ff3cfb3962bf43e65d2
MKTX/2014/page_39.pdf-3,MKTX/2014,0,True,True,STRICT_FEATURE_ROW,True,KNOWN,unknown,PARSED,PARSED,PARSED,2202fb0a9707890c455c54aef2030a2ffd5a4aeb189c687ca17e9e8ef6472e95,4178141c4c2da718c00de14dfb9c8ac97fbc65d7ec97a0b0816f238cbe2080b7,0b856e37db34652b660e0fc749ac27366f41c655053dd804f85d741f20a5080f,bb482a1ba567da617c476c97294d5003e6025d0357c4e7ad397623e4675578c9,cf9ca295538643ae39cd5bf0e3b058b8df1a42dcd4bc85cea98994cf00b72ba5,921baa3da727dffc2f2acd91ae49148a42258d49ec2574e5e6abfae63f24be03
HIG/2016/page_250.pdf-1,HIG/2016,3,True,True,STRICT_FEATURE_ROW,True,KNOWN,unknown,PARSED,PARSED,PARSED,4185754d580a59fdb58287e7b8de37fd5821c019e890c5b3c7f30da7c8e0548a,fb58a0b43f222c4dccd0bdea985130338871c4a02e6ad8f4e330e4b777ed9ee5,a09aaa8b73648d153c3dbb265d3e185e76eb36cbfd29cfd8a361a7bbde957b6c,06bbfd6ac118d741902df763f81ad88ea1af7f88c48c5c04f50c155a3522dbd7,6f32bfb126aa74a4ff37aa9fb19c53ca94096f49ec87495d8a1e3cecec4307ad,599ff308e165e8c9f0cafc08fff69fe21e10e0bcf681261d432aeb1dc131f597
ETR/2015/page_24.pdf-2,ETR/2015,2,True,True,STRICT_FEATURE_ROW,True,KNOWN,unknown,PARSED,PARSED,PARSED,e5ca4505cd04c79cd5e0192a700c0f45e5aa9731bbae24dfbc2ceedeb5d112a1,36ca5fb19befffba4c24eb2864948e897c9c3235510b60befccdc1ed4000d9bc,df9a286a426b7533d4cb80eab2bcf3155b477cc34254712a33eb7ee49ae18017,be892b93f504f952a5a7c9f20c14d15caced62450c901e8cd1a33306ff6b0f5c,f73a4c37ccdbf8a37dde5b75b70a0f0837afe70d073ec5a46b311f5b782fb1a9,cc5b84bfd02741e7304a38ee561663e987e77fe7a5e4f64108634af12f514a9f
IP/2012/page_64.pdf-1,IP/2012,3,True,True,STRICT_FEATURE_ROW,True,KNOWN,unknown,PARSED,PARSED,PARSED,598ff454e882b0d53e44db14445a94aad4b2889283d6a3d68342b66e3e5d8f76,b28e4c042efbbb855a1b0d6b77da83432eb2a64d351ceb6a3dd8f4e8f016d82e,6aec34a1cca293198aaa53e36237e613edd8ec020a3855f81e8bb7cb338304dc,8a2f17a6cd1655123efc241fd6532dcf7983ebdf2f08661c86cdce1d03dc654f,797583d4b509e35440a0ea2b05bf75e929cecebcd728a8f6b22a37545dd6b554,6b027d2e15ee5347af796291775014594b5fe5d91c11509d490b1fff8dac1c1f
UNP/2017/page_23.pdf-1,UNP/2017,1,True,True,STRICT_FEATURE_ROW,True,KNOWN,unknown,PARSED,PARSED,PARSED,36865775d9037b34047595cc72a6c10944a5566a04a543f85e483959fff8a48e,25772a48d6e6db5a07a3412b1db1f7deeeae6dd69959db0e57cfcc4b229416c8,764f4f54022b54b2c51a7650566e85f62cd15e14c1e86134fd957f8ed3b87c2b,a350b5501caae1ddfaff56a3975cb6949b015279235dc5116fd7963bf4149041,ea3fae185881e96bcd26e7578c2b8eac985e712eb654619903088049fd924182,d902ea3e235e6859ee9cd2fe74baf8aef405fc306cf2d0fb2efddf11f1a2b035
C/2009/page_141.pdf-2,C/2009,2,True,True,STRICT_FEATURE_ROW,True,KNOWN,unknown,PARSED,PARSED,PARSED,5c463d71ea49861a1f9fa01428b23c226b1662d3c3fa5b1929031c78dd037ca8,3fca49a38d17aefaadccbdc99df64d9918c21b760063b5eb8374e90649f8096e,caaf2bc6369d07a3c973aac8160cbc3ab2686c9ff8df525d95df5c6eb5a1a1a3,70775c9a93b66e2433f4ba763bae6bb65e1bbf503ba98bdec59453f8c441ce00,43b9d9be2b0b80a0c226042916804768c48d0e0c68cbb9f543cef6b761d889c6,9ba6e5c5fccff8aeb9e708a1851c9035c20121a162a5050a49c34d05d6977ba0
ETR/2008/page_27.pdf-1,ETR/2008,0,True,True,STRICT_FEATURE_ROW,True,KNOWN,unknown,PARSED,PARSED,PARSED,7e9a463573ac80fa3551c7225897a1b6a47e908738d43707de012e78de7348ac,bb6db0f7fc5c037e5f5010ef5059e106651dfa2e86ae553aed5d5dfb99207e4c,19f4fdb5ff8a89c850f59d4da0fd87c693e491fbbb6616cde640b5b746f8e4e4,633685a05234bddee7b7debed7649cd0cbcfa8d72948a17b1896e86b42917699,bbd584ccdc2187a3dd0d6a5a8970c51779a0fa36fb7cff3fec6bfb8d49182029,9ef8261849b6e0be392051b9bc1c63d2eecee698731150e6b38616a414027289
ETR/2008/page_401.pdf-3,ETR/2008,0,True,True,STRICT_FEATURE_ROW,True,KNOWN,unknown,PARSED,PARSED,PARSED,7c97434b5ace2c21e3faa6e8bbb303bc3bd76762ce124285bd9b7e7c3a1eefb0,217bbf9b576fc6db426c0ac32ebb849ee4290d583d89c412b1201d731cb54e03,cea50c7e0a483962295d6556690f2618588afd221dcbeefc9e494c07beb05c12,ab474d42e783efc8e2400242e392c9d1d37679d2f9bb241c4a76eb1c2d929e37,c3ad13115dae268f671b95a0692d334e587c1b387b5e6c9dbbace331169d0751,e1278597b6e038a05d40bef2a594c5edcdc280071efaa416f2a3a1a3e9275a4d
ETR/2017/page_441.pdf-3,ETR/2017,4,True,True,STRICT_FEATURE_ROW,True,KNOWN,unknown,PARSED,PARSED,PARSED,fa6edc3e98587c5d82574f9c794dd020b8a6dcd7c704c7cd5a4fe3c32243b2a3,eb7657271df23b9c5f66163595b77ec2951037c76fae734aba49885e54d98180,024af9c276369a3ca6db1ba6875119b40436e6cabf515d94f37ef79678652e8e,828a2cb81b72459ef21866bb1201290d9d2f5f51530509203e725ad1a4d2d998,b5a58938de4c8a2ebbaa44e8075b16483e42093cd1f733dc6222dc6e7066315e,dd48dd41b20469eef04a427c805cef2e49de7503d18ba0828659dd98b2901b04
ETR/2015/page_18.pdf-3,ETR/2015,2,True,True,STRICT_FEATURE_ROW,True,KNOWN,unknown,PARSED,PARSED,PARSED,ce2e9ad31f7caeac840be30458240ff74ae2f6ff24b5f824b59dbf12e4d9e44c,b2f3c0fa64e7f89015e014a79b3beeb250722ad498f7ce5d95786ace994cd124,872d42ec8bf16f75534cdf4b2e1bc42599305c8051951dee484d15cffefa4785,b44986965bbf30d69b9ce00a4aa928ec1d9371816582feb29067764b7eca33b4,5e9d238800e745f8c0f9173b824fc7fc000d3987c256122d7182a1d81ce13475,ee0c048864aff2c6a3b5e9a5c060c4ed97692661e0b4f97befa92c6d28d2bc37
AMT/2012/page_123.pdf-2,AMT/2012,2,True,True,STRICT_FEATURE_ROW,True,KNOWN,unknown,PARSED,PARSED,PARSED,268c7bcf11ca4420c983af9108fb6a6bec66525ea90021d3cacb564ed6afa722,e603ec4e0b4704ef82ec876178dd9bc98934339401296f4e8321670766d95086,0556cea711ded4f7a1eec7b946adb9ddc421f9bc95cea7ca947d5d50607806ac,c03f6eac39b343aac004f5fd6079dd1f3e4866ddeda09b41c520aac2431281b9,4b110be8dcfbfb84fffe07ae79103b8b204fa963d3f09dbeed748d89572eb431,c15ce77c713aba29f947128690045149887eea4a8e130e40ebebd70860d91ebd
ETR/2004/page_86.pdf-1,ETR/2004,1,True,True,STRICT_FEATURE_ROW,True,KNOWN,unknown,PARSED,PARSED,PARSED,4563113c029149d3bae6424218f30f542fe8c2b836f3324bda6f758e2efd66b7,4119de028e674feb99b7c1db1355a8dcae4cdf69583f5aad4038717e20d6bc83,b4a25e1b5bc02321587635435136c6587ace5f90860700ebd3458a8991233f9d,0ca3b180de6320e967c948fd2145c2e0d28e984ac304175ab043e499bf5b289b,0e29125a1010ebd30f1bcf1b28acbf30ca5582217d6d162581ce1a027d7bdf6c,e2101980b02c82bd8082a9ef21e4a456e02c9b8e92c552e996190638de85a13f
AAPL/2011/page_65.pdf-1,AAPL/2011,2,True,True,STRICT_FEATURE_ROW,True,KNOWN,unknown,PARSED,PARSED,PARSED,41ca352c8c85fe5cb4b69b8c867007e824d389e3458468a2ed0a283a8f343a83,1df95017ff68c11fe5c2c04f90a946ec7e841c7049624b98d2318f98e97c591b,9bd6a92c0de3b8e3969303c13e31815491e42737b3645a30adcd6fc83044c4f8,e0d6ddb405f5c4b9bbb5c1a0361a909314f9b548dacf2e9122096c85d11de067,611bc90f5da74bf3d61c7e601cfcf4d5ad6604cd51dd40feacf335e3ec8f354d,0238652569604f6c1db12cfc3d694269817c5f4405db91d1ddf48249f7e1b9fc
JPM/2016/page_73.pdf-4,JPM/2016,1,True,True,STRICT_FEATURE_ROW,True,KNOWN,unknown,PARSED,PARSED,PARSED,2d5dbe1c5cc1e84f85a277ea3fa72c0c96f53c467ecbe696beaf97f4ed9fd62b,eabaa00f266d102d6f339daa41075e161a0ed8f2dfeb99aa70adbb4aa304850f,3897ec4cd8383e6cbe305bf63275e9216799c54481d0249d844c7b36ce19465d,0d7b6197e5d9920dc0d746b1f96a47ce572f5da0298252e42cde4d1139f26b79,9002ffd9cadb3b039496a639d00c174af8bfaf55ac155bf69944e073b6d6d942,f1053a4854b43ff7dfa3cd864cd5fff740428295739ac11a73f35acd73271624
AMT/2012/page_119.pdf-3,AMT/2012,2,True,True,STRICT_FEATURE_ROW,True,KNOWN,unknown,PARSED,PARSED,PARSED,3af26f653474ac3802332e678270ec9fcbe37866d4f7568953400f7f36e29691,375e5d89c48ce9b808958f2d643c4f90c77fd09f7f4f810f7259b8e736cab9d7,5b95ed88fbec62629d064fe3e8be49db0a8b719b00b3eb03b004880a681c5a5f,0b876efe921f089e9833beaa1a069607f67c278f57189ea70eeff100752fe1ed,bf5086218b8b16e590166cc6105496c6fd3ab4bd00f4a2f63da0cc262caf92c1,891293afcfdab59485fed37b1905779862bc25ddb1725fbb547198b311ac7ef8
AAL/2015/page_183.pdf-1,AAL/2015,3,True,True,STRICT_FEATURE_ROW,True,KNOWN,unknown,PARSED,PARSED,PARSED,17a6e2771011f56676fc2b6aebfbe2f274488c767aac0c8fb8e4a0ada76a72cc,6aae4827cac8970f8cffcd7d8a5216705b0fc44e6311171950444f6957b1e08b,7d01bd36f06d313095ec735759edbf998f9149fb4c7439a96e8fd0a2919993a9,364257392f72978b105fa93387baf41d9f94c04b117f2322ed37aa2cf94ab3ba,a09f2525de12864b2560deead3a1971ba7537b9b0629d95ec2e07267867d1612,229a1906f9b94ab98a31eceb214ec48e2212b1878df351a7041f28cb9abf397b
RCL/2014/page_80.pdf-3,RCL/2014,2,True,True,STRICT_FEATURE_ROW,True,KNOWN,unknown,PARSED,PARSED,PARSED,721d8fe22c0ee6b23fecfed4831860273de8017027a4ae138738e6d435fc6d2b,cb9c15e8e552da38d756611be5ad4188da8b82bd820261356f91d417280e5cbe,c91c341e01ea18fbba6255025806714a90421b09af26a548d5c6880b61504ade,40a936f1ffea13a04aaa0d7d43acc9f116b827c1013767242efd3209b116e450,0a733a2d694b6db01b28b465a1d12b02012dbbab3a94d1ba45cda86ac767ec6a,95561c94e0ad0a759b7d023979d67d298f9e90af8fc5dc76087f06dfd9b608ab
AMT/2014/page_120.pdf-2,AMT/2014,4,True,True,STRICT_FEATURE_ROW,True,KNOWN,unknown,PARSED,PARSED,PARSED,a0f7f2eec559b5abf3360d5ddcc57563b2e2fe56a98b4c108ae3784812da334d,726204c73bcbcc9c2f979a8d30e80ccc6e73defef62410ea4342b18299798ce6,8f0b09f797616c393b6eb3944fa39b887d81afbbf783bef2dda59e69b687d1b9,c49d0ea09c11ed8369d86f84cdf982009ec80c1f57e15eaa89a2f2ddc4eac38b,04a8d77ba6eb250a38f7ca338f66c0c98a060b0aa49b2c4e82c690fe8f00bba9,955e55227f223fce93253258b7f203264a6fe6f303227c09e03f11162db75d48
RSG/2018/page_47.pdf-2,RSG/2018,1,True,True,STRICT_FEATURE_ROW,True,KNOWN,unknown,PARSED,PARSED,PARSED,8acd7eb2231409c82fc6e31082dceeb666651b50fd99851343d6146cd0dbef1e,151cf411452dbc22ab27f6863638749e4ee39b81654166a59c51d3bc7c50b97c,6a289fdcf5392ca9dec2e0b605730fa597a2d00191d76b0cc886b3af6f939e37,f47ee4d524fa8b00e92b0f7a316f572f18f61f51a31d9c55f3bd359f8202e3db,6b0bf0c4874b2d9ef9b281927130541b1a5e62b9b663049d4b82c0c1124e6368,01c69d3493ba55b8333ae83eb7c950e1dda0c899cfa2562840c6f7d94cf9171e
SWKS/2008/page_105.pdf-3,SWKS/2008,2,True,True,STRICT_FEATURE_ROW,True,KNOWN,unknown,PARSED,PARSED,PARSED,35d26674138172e90209907b810383fd02e4c1ed4896cf7fb062ddf28dedc0fe,33a3cf5ac6e5afa180101a30aa2293d918c303bd460ba9b75240d36192dd0de5,cf6ec9226b4324ab66c63268b6db8a656c53cc8553f07b8f585e041a0c5de5f3,1860f6b61d34df896909fa631fbe142e6f287c1218642dcbe140f9d791607fe3,5aaa2188ea40a92e0adb03f75a8dfb382f2c32000b62a6933167cf37abd24553,2037eba92c94479e4858b06324ed30a7447f781932044c988fefaacb1060ec75
MRO/2009/page_57.pdf-2,MRO/2009,4,True,True,STRICT_FEATURE_ROW,True,KNOWN,unknown,PARSED,PARSED,PARSED,e371c09eb8ca8b4a3a69e0a547814a5a2ff09d3ea9eb4a5bf7093badce79e804,b10c9da0b84ba25319f47c555dfe305a0f69a66d60187c35bd57a5184efbdfe6,80bf9430be056481236667305fa8388edfd8191930c06ae40ec8f8824c07135f,ba729a6060fcad98c37b8efc00bd1d98a945432f71de200c4368f3569152b2a2,821ef2956875e04eb1e5243ecdddea8e0334ee1adf841573b01dcb0d8b0265a1,3a20851100a0306b07e6f143c2dfee6c5a46f52cdc95b134fcdfad0bba8c6049
C/2008/page_217.pdf-2,C/2008,3,True,True,STRICT_FEATURE_ROW,True,KNOWN,unknown,PARSED,PARSED,PARSED,27f05bf466dc53143e84c6f83a860a193e292140bf625b4546cc04e6e5daa60f,6aab561deb88ea48842ab5ec546ca2ef8f3f54cfde8956bbaba1492f73b7ee35,8f1d4629485ef2abbb51d23992ed2ae0cee42c50881e49f286cde801471a6d0b,2f591b7e96b5904e7dcb12860e3720157593fecbc84f10a57ecc7f18e9f89cc2,e783c8c7a173b867765d85d02999b64301aeefb65b797f10240355fd36482630,1f934787ef95bd1c06a17bdd692c5978541704692413d0851d52d79caca339ea
BLK/2017/page_35.pdf-2,BLK/2017,2,True,True,STRICT_FEATURE_ROW,True,KNOWN,unknown,PARSED,PARSED,PARSED,2003ca13db0b4b908b8aa798714e2eef4cd1c1f3de21d688ae51314e3cf5d677,4b465c050af617ce8139efec1987dd61dcb1ae67897689d98da4cc06c110051a,8a065a7893822fbe2cfa3f411ab2f8b665e423c0a67d4d70488604cd72c1d12e,1d7fae5dc7e88f113d06f1a40ff2c2e06fd9ce0f2b6c619813686076762ce87e,c5772112a0f73ad082d91a9e814763e1fbd4814d38bef34f0da9f63fa3d10934,746ff70f16503eec4b2e428327cf196a2d859dd2a74b5840ab91a03681ad48d1
LMT/2017/page_101.pdf-1,LMT/2017,0,True,True,STRICT_FEATURE_ROW,True,KNOWN,unknown,PARSED,PARSED,PARSED,1205963b3b1ed8dce0270e636b1d744527783e38388c40408bc2c302d95da7f5,597d1a9931492d46d8c048d61491f907cbdb7eaaf35035d4e65e4768d6c8a89f,d2bbfcf63e2ec7b66d400ee222ccbbce607d6bdd94e5ad0f98891f2a77210ca9,e152cb6fe92ff1c6c323e049fc85a639772d184371e31fecdfa5819cefb679f8,f0f778d745da83d521232defaa47aafc5c4611815bea7acf7da02316626b4702,a638c8ee720a623cd9e48a252578ca8746d9a2641a9a8ce451a650dd93a9ff29
DISCA/2016/page_30.pdf-2,DISCA/2016,0,True,True,STRICT_FEATURE_ROW,True,KNOWN,unknown,PARSED,PARSED,PARSED,60d332695c58515193033922b7156f5cb5611eb17dc984cc9b5e7cc13e99e023,531037d6032cdbcd50221c308427dc7a98761f136c614b4a2989997a1b2a8e95,1a1a659330fe59667cac76df374d26c7ae56c49da79ec6691043669c9d914fd7,e03b0b97a185fee8bea94dc07ea1a7ca21c883d06a70e42d4a9fb5e89814f453,741d9532368fdf907307bb43357c63b0bd76e4d1a4705e90c4de8a849e4dca5d,53da8ceede69f6b9f09580d6ffc355f62b230a2d9a87e57d8c9af93e15063d70
BLK/2012/page_32.pdf-1,BLK/2012,2,True,True,STRICT_FEATURE_ROW,True,KNOWN,unknown,PARSED,PARSED,PARSED,1cd6992bd62537b787e68493bceee0f6630f001282e103a2b967b03266477afa,e954e29ce0e5ec7c4883758ba37f8b8f242f55e2ee4fd6c797626a6fa2ef7e2b,a5230e9de7a96719ceaff321de8cc0a26599a0050a8c562378eb37051c0d6032,d2c2dc5ce2694e6ed8ddcb4b6472ad27f11e5d9137f28a86bee23ee5bd71bfc0,791fd2dfc6a9af953abae713dd4506588b67842a13b12b403d40fac258e357aa,b9a8a1fb84069ca301fb8510096711c8add1605119d99ad8017f994edee26291
CDNS/2007/page_30.pdf-2,CDNS/2007,2,True,True,STRICT_FEATURE_ROW,True,KNOWN,unknown,PARSED,PARSED,PARSED,a591a56dfdabf136aff83d6fac34c913143b1eb827e4e88bf2ec98e04e36ee76,a414583c33f60e07ae1ac551ff1277b0fbc7690b7b9c58fab53f0357195d7cdd,ee47559a93c14aa81dbd343dab9c5ea483d5278342d08b1b36940bd9e94bad14,d493190e40a2dbd5017ed1eaf5e82e8d9691a16ed517e557b6bbaea26a018c1a,fc6aee1cb1aa34c64ba9d3fca84cebba088e85acba25a09f8cf33e1d058132e5,bb9445035e625758e7871b30293edafe3baf496ece67e5fbb7e37914ca7fb2b8
OKE/2007/page_51.pdf-1,OKE/2007,1,True,True,STRICT_FEATURE_ROW,True,KNOWN,unknown,PARSED,PARSED,PARSED,3361ffacd086d2f02758b6503d8241f2dc45cc8338b1c58568626219dd86a684,868866bd9cf0dbe3a6af35a5727b9d52a86698769382f25281218ecb5dfd11db,02f6607ef9c58c9150d849b34f42a9301f1380025fedeefa67a481e9d47c5fdc,cafd53b0210304e1acfb0fa29972b3260520c79b87adb9510f11248c1426deb4,0736a213810ad4891b47c487323f2e8eed01d8063ed4a1f40d6611fc3c45cd8d,4ba6a8febf6b1f3aee7316c2617796ee89b188c95f2f8d179eefd7a4406c635c
JPM/2015/page_77.pdf-2,JPM/2015,3,True,True,STRICT_FEATURE_ROW,True,KNOWN,unknown,PARSED,PARSED,PARSED,fc8adde43b9adb442d66659937d59136d1b3a675960de698c075cd59d33119ac,11d26464dfe993e30e869f9956a9d2703f0dec5f225342aff6e02426c3d8c1ab,d0207ed82c810cece03f685d36066e1c465a119101b308afb13837508ac1774b,2c986a53f524c84aec834b2677944e9fffd0a41c6a85b45104827013f4967a8e,f39822cfa9001ea68d71b67c9ddf3f9466fab3e3e04a23ac9688132d85ea7776,2fc31118198acd40fdac22e1cdba58a3ff4095be935fa44686a962132f5739b9
ETR/2015/page_50.pdf-2,ETR/2015,2,True,True,STRICT_FEATURE_ROW,True,KNOWN,unknown,PARSED,PARSED,PARSED,02deecda84ae02416a537db5b986e32b4f010e0fb63d5f86626f5888afe8dd8a,e2c8c7bb6e567979267d56f79fbd9f0103ae7defa08aca78b3944a72497e84fd,ac4ad4236d5219838af4d29cdfec4b5a334dd71c8472a1c9482cc6bca58e4a38,e994e5d29f187fdec5da67f3aa7a118ed9bdc145b354342b1c203ccdc004bb64,2bed57dd372dec7c78dd20c1977a3486dd16a3d8863342ffef0f837b674637f6,1427b9d7d82cd976b972c144a833bd42dda0c258d23fdfa012dd369fef64c7bc
GS/2013/page_195.pdf-4,GS/2013,3,True,True,STRICT_FEATURE_ROW,True,KNOWN,unknown,PARSED,PARSED,PARSED,5444b57ad36f972d6a9fbd156e8076eb9f4e9160ecd84a42854b7d4fe555ac0f,44e834fa2e187da6967b750da112b22f913c258352f22a064918e950bba1cb85,d125661d10c7e345b5f3a3f8ad742cc75059a2800392f449f36f4ca3073efbc9,21e53fe3a67c515fe19d65db166b3caf3c46017c04d79da973b996f0ff8ad646,86496db4466eb7494723af87ae01c92485708420e52866564a1fc0605ccbc22d,dee6f409578d6e328b50d0ecc669e74c0583c5b8c51519bd1796258f85355760
UAA/2016/page_81.pdf-1,UAA/2016,0,True,True,STRICT_FEATURE_ROW,True,KNOWN,unknown,PARSED,PARSED,PARSED,f976422852f723d2e1d8c6b1065aa7101435bd60ea9de61757309089cfd9e363,af6e0ef28c9551718e45cdbeba9ba19c566d4b3463cf12c0d7c0aa496e43fe94,a58722167fe699a151e40ca885ae4f0ba88f92f0170a86c1bbe91847a63555d2,86485954ea796f76d41796d4961dfa58752aee59149d9d4878ad1574bd865b1c,b903e8fcccdce345ff9dffd03b0f3d4dc5485d399637037e811f68a7d5586473,3d061040622a1d373cdeaa2fa48eb4f8879ffaf1c36aee57ef27321a7b14b2f8
TROW/2011/page_13.pdf-3,TROW/2011,1,True,True,STRICT_FEATURE_ROW,True,KNOWN,unknown,PARSED,PARSED,PARSED,48e508ec30363b51b8971bfeffff6456bff39bc31caafb3fddc3859f78590a70,b0361c0228d3374694c5610e5478fd29b3954f5a4038b4a92320ad615ca8fbda,3c5e391acefde67f998d8dc15e73f908001d0fec8416ebd89b722a054a72a7a7,04f0ec81855eee7ed476c68a69f746bb919ed2707e4aa09d57eb52566d2bff40,6d5fb0a26676bac95e05e562326bf4a60462d3810a6061b703a0e32a4d3beeee,1b34c2bf37160a277fcbec96d053e7f65be57a0f4696c832af1a2a3abcae8964
STZ/2010/page_51.pdf-2,STZ/2010,3,True,True,STRICT_FEATURE_ROW,True,KNOWN,unknown,PARSED,PARSED,PARSED,570b306085bd7d6074ea057e47225f6c568fd253be9813dc17122ecbf22fc1bf,b783b5c9ea39c249b01299f81c4f05071aaaf80353770635d058c4e98ad737ea,b019e72c33df3cdcb52add8a6dbb2b496febbde16e3d68aa2d55a32617a92a8e,21822616c4713ba2acd6d29d787e2ab1177ce7c7a408c10b31d863e35f3eb2bb,f1bf7234cfe928a55c3469edacb9aa8793fcae3806b1e5ae11aa40c54f789818,b6689aacee194cebe7a3493191a3bc3812bf12cda61d0b6e37d06111217b7ca9
AAL/2015/page_183.pdf-3,AAL/2015,3,True,True,STRICT_FEATURE_ROW,True,KNOWN,unknown,PARSED,PARSED,PARSED,20049a7b10c5235e01a390221e412e74ed69c3337c11d1d4dcaf3b62d50b4ad7,f8dd0e0d1d50f7b427c60bfd93e45ab65ee8a54644ecbe71023644170296e264,920313bbbfee1af0ac54dd7391be96e793331b7c1c239082fa1cb2cce1a03b3a,0819bf91c0805f583d99af72a5c10dcc7dae41495eb12b6170dbda88729bab52,be57fa28f56b3b805c1d5dcf3a679ae772faadc456d6fa37ed82e030740b2a29,439ff5f3875162d13507f8237879689e6cb303d34795deb514398cc5928ba666
AWK/2018/page_178.pdf-2,AWK/2018,1,True,True,STRICT_FEATURE_ROW,True,KNOWN,unknown,PARSED,PARSED,PARSED,5a3b94b758d572d2b6a95ef7401789d971215b4f7905bc86059e9ecaf6aab29f,bc23c055a5492c98601565e259fe3a6df37b43fe618f4f2b5465d2f6d00b6025,124a3d7efd0e2bc74a94065b85071f0c2905cc6404f08cacc09443f972da9aef,ce124436143ff2e352a3e185c702e6d8b6dc1d5cb05f585708cafaac99d1d66e,3d0e7b883ff058072601c47da44b1cf11cee37db557455227d5c09edd64aa104,a2943d5c3bf1197efaa0cea0c8c30d05c8fefd7b15ad8cd40ad69a0d42fc44bb
UNP/2013/page_24.pdf-1,UNP/2013,3,True,True,STRICT_FEATURE_ROW,True,KNOWN,unknown,PARSED,PARSED,PARSED,ef7a9e096fc1bf57e9c16457aa9744c601012153955b07988a7f109ea7a8300b,ee95da90e3a624415aa55a9d6513ba598740de51f9bee85f1593aecff5e9d361,f47844742b6b2c9a75be487882956a45b6d07f72ba5abde41b28bac3d4fec37e,e6180a7673c1abece303cc2566c3865b0b45bd861a6cb26182cc4b7c04b9e07a,baf9872198c9c03279bfba0371f57a664a5a1e3b4a7a803e8470264917bfc526,a806f6fce25af05f62cc70942e39e797ad9cf70d2fb4040024195a568be97787
UNP/2010/page_30.pdf-1,UNP/2010,3,True,True,STRICT_FEATURE_ROW,True,KNOWN,unknown,PARSED,PARSED,PARSED,ea63ab3b5746b7f20f6af765118fae0584b717a335ce232856373baaf8a58119,4de42bab2b5123e11c4f9bca5378dc3741bb359af0847f9d262eafa75bab5bb0,a7771a2aff429104fd1e974004126d231edbe0441b872d233003b159e887b253,8d753817a66ae5954184e402f44b787f74aadfb31afe21cb7e9fbe6ad4233e4d,e124e0b893ea3755fc9621e4a01542bf87adb2c746a62211a884867ac1d34e82,3399d0541410a4da53e0f77e93fa968e7f313e21b5397b795905bba98baf945a
KHC/2018/page_27.pdf-3,KHC/2018,3,True,True,STRICT_FEATURE_ROW,True,KNOWN,unknown,PARSED,PARSED,PARSED,a97650aeeb6c1f625db7c2554646210d78d6ca7e94dd609dc1badabf708182d1,7ada4ba9872e680c4ec5dff11cf182fb02069793edae168979d3c07e5336297f,bf02c36a775bd6c54dc3528bf7743d766de4c49a7820c2813b880c7e878cfd94,9a0a52807de7ab72774ce41fb63f209b73428196e552509c99f65ceb0955ccee,bea00132471330a7889ae0711a87842d4182a4267f3c5452cacb184f2800fbab,44402bc5664faa1df8b6a1dc7933608f86b078661e786ca6cef8749892631d64
UNP/2014/page_32.pdf-2,UNP/2014,2,True,True,STRICT_FEATURE_ROW,True,KNOWN,unknown,PARSED,PARSED,PARSED,e88df0e66f1f92c6de7766a27be0d959d9c44201507666f52ab1dd56a7fffa06,e1629bf78884e1d809946b268e9e66b5849715e531c20b72dece07eb52c8af7e,25dc4c4ed588452def7f75a280319f7a5a11b2f94430093a7cfad3441a3eb553,a30fae8530b6a75ec1e069d096a4b739b73b9a4c9943401ad2143c4ead55bc9f,5727f0d59bbc19fc2fdd5ad5169987ef54c4aca6a3c6e85d5453216572595e5a,3fc66c40b2290480499f0e279bad57c08aacb84452a1a16d9b220313df11e7b2
MA/2008/page_116.pdf-3,MA/2008,4,True,True,STRICT_FEATURE_ROW,True,KNOWN,unknown,PARSED,PARSED,PARSED,387ab1e11a6aa5c858aa6a03ca67b408fb7211603cb52e904a099b401535b6f8,1ab15ac07c70e7adc73ca6b3515530bfe444c2365a6f150de9658a522ac446f2,cfc88b61d66034fbc80b6f808bad33e963279f5799d8462c098f8ff9ed84be1c,d2fbb818d9165adfdeca8fd6ffdd69f4d9992c8f6c1c08751dc96b0e7e3d0c13,a1f3b3520e23def4a32b252f3097a7d0bfcdeccef9f0d34dbcc15193bb134ff4,240835d56d26b335397e48b47b1128518b93d6f10eb39afd40ac8048f7af9063
UPS/2015/page_108.pdf-1,UPS/2015,0,True,True,STRICT_FEATURE_ROW,True,KNOWN,unknown,PARSED,PARSED,PARSED,08c382f9763f38fd0e11ac92ad1e61e510b1d1ce8c26d07df99ada454d01f911,0853be9202cba4a07b3ee529b682bfad85c6fd62fba80a47aafeb1925f69e176,48ebe27d717feee2ae84672357aa0ec1cfcafa3cd82a6a8dc19aff89a77f89d5,6a7585e0493c97cdf073372cf24bdbc6027d6265b605fdb975ab77dd64384af8,7d6f520aead641f6bd8f0a8f6fceca491fc482e31263e220d998ddec2a6f6ca1,bc8320584eb6b32064c9c6ad3b45d7c3bb42804c52b438ddc829cce7b30c9a42
CMCSA/2004/page_30.pdf-1,CMCSA/2004,3,True,True,STRICT_FEATURE_ROW,True,KNOWN,unknown,PARSED,PARSED,PARSED,1d79d5b65fca597fc642ad2854cf41a687084a35b61f89f6677fad3315dbd309,b80f9208ce2e7d16613d8410abec936129180331f65a445964d965a5d0f31512,36c1537dea815d05bbc945432084ca527edf1e91282d184cb3e08af742d5d254,e7e5f9ba352d1671b7fe869de5bbebbde9872ad34f8130125b15667211311765,490cd85b83e08e29a30e7ed906076700c6452460c9eda785a063be2646259872,031f1315319c1f07680b8ff7a9509be51e5e2d426ce53cc3272ca31db6e229b8
DISCA/2016/page_30.pdf-3,DISCA/2016,0,True,True,STRICT_FEATURE_ROW,True,KNOWN,unknown,PARSED,PARSED,PARSED,19151fa57407972350a161be6e3782a7d7394a77c2267f650bfd0951209c2989,2ab1f51cee022e1266ed59bbc48072d4204a5217c5e616ea0e13915535ee218d,b722f1f7ff4605073f2a0df3e2b4fbb5963e89d4683a3976e43517cffe626a48,d2c51dfb9a832b5c442cff3df656a0bc1439e9ebd0d034824f4feebf575eb6d7,ec2788e653a140a48d6f0541e6afac77d9a7af566e09153976d97e3835debcf1,70609eb3d912e9dd1f85a53c1e61013abed5e3812dc6b59363bda7666c2699a3
ADBE/2012/page_87.pdf-1,ADBE/2012,1,True,True,STRICT_FEATURE_ROW,True,KNOWN,unknown,PARSED,PARSED,PARSED,ba8bae79c915ac1f37e4b1aee2c57b62298c2ac6900db20c7d845ad8f24cf836,71c164ee418c450892133c355e57aef573f69acaa97808c8be29392805178acf,80639f49721c7647efaac416f29be298b6b297da25f5c3a7dfc015aea983aa67,37eb3054d835db0e0773b43c97abf1be9c49db377f68d79e6c8249742b02711d,59e43a7a28ec29e6dc826f447a0588bc90c9bc0261b299f75b062b55ed0fdcd7,dbd33b5683966d9441ae717a7dc5a2ca02c21466ade1b1903003331e58b0b36c
VTR/2007/page_97.pdf-3,VTR/2007,4,True,True,STRICT_FEATURE_ROW,True,KNOWN,unknown,PARSED,PARSED,PARSED,300ff0ff1d013d184391b11d113b8ed49fd7cf7025bbf74bbab6a06cf72d2db4,3dc2645921e600cc605268999830e85e042bebea48048ad1e896f2b4328288a0,9c152bce73a26c4df0437b1e0bbd7407c4fb48302bad53eb1e1b2faa680e036c,f0865853fff940153bebea8b063edbb5c9ff9c25e7cd809c4ace86dac6914d18,f9100723d6a48249a31350e0e224af72ac3f84824284b26336247f80d61797e6,1d46834983c3ce0600fee5082e98a8db1436f0b3f48269ffddba52d962072d06
LMT/2015/page_86.pdf-2,LMT/2015,2,True,True,STRICT_FEATURE_ROW,True,KNOWN,unknown,PARSED,PARSED,PARSED,23e85c2646a90e49a53e67ae2d54d594c2570832484bc0f0b0fbae55bf6f3ca3,a894dc7719b3ef87479a1bc7bb43a449c3bc71f0a8da9c73fd5c221e5577b344,14149422bb46c83180d10564f8930fe82448d6916a9b9704030a0f801e25f85f,7354c29c1e9a4f78e200d1aad802bc2dfebfcb0e45d6d38adc1e2e43e8048fe7,fe74b654a8e85230005d693d03516f1d79fae91f3d35de581ee0e90e9e225e40,e4764be2469b65ed5587a739286b34ab1f1609fb0f11364b8dfa840c2381fcef
FIS/2012/page_11.pdf-2,FIS/2012,3,True,True,STRICT_FEATURE_ROW,True,KNOWN,unknown,PARSED,PARSED,PARSED,65afbe0c14e33c3ecf620f46f4291c9d314e0a7489160611a8b398e9df0f14a6,295c15a4d006cc5538e6dbb7c1de259ff68a59869bf070a648e6ba20b9f68696,b706bd42cbe9de9cc6dc2f5b57baf06c6e0469856b0ff2db7312145611354b16,d94651f16b2e6c4fd4bc3766ec13afaa9332de6f3dbf3b311253698338f7d089,31e7e9f06a51fd3f4506a37f5731141cfdfb814def5007ac68e2eaf9622c23f1,d99735ed699bc6bbce28cd5e8de930f7f04cf2f309ccb01801ed162928d8a5fa
STZ/2005/page_57.pdf-2,STZ/2005,0,True,False,NOT_IN_STRICT_FEATURE_ARCHIVE,False,UNKNOWN,unknown,STRUCTURED_SCHEMA_OR_NUMERIC_FAILURE,PARSED,PARSED,e1abb5c1ba0df51d5606e6568e553cf49dd2fb33abd8e2ccb0375e804b233a57,47e536f53ae98e87a573da63a83a7a60b653c98ba70cadd857d80aedb4ab08b4,c00f32ae25ee0fe9a3e5008c6ff9c976642d9d22a00cfb28d6e4a0bb41f4893a,05ef236ba51794cb98f763b1cfb0cf527305894c3bd75c0eea51cbc22df9ce95,93c9bd5ff271526a7f8e6d7381c798b094d590470f15e5a956db3c46145ef6e1,33c3fdfbd58f40052e8d1dac2d2f102f476b10c19e5709ceee3bd315d78605b3
CME/2010/page_71.pdf-4,CME/2010,4,True,True,STRICT_FEATURE_ROW,True,KNOWN,unknown,PARSED,PARSED,PARSED,0d0118c486dfab10f22af74019547106a689e44d013050d05b830415cfa7bd6c,58882d9be31396e4cb84ac5bffe6535f75411f545b9682aa2e0a922e53a6c4f1,5054d4b0519ab0278923ecbd6a94c8b05e480e8dda4bfbe7ce0e4d2fc5f75e0d,2be79c70855772529f78d4339cb8fb620edf0e618343b66bdf6a11bb2c8c6844,9ca57660e3bdc8f2b4255e82cd37ba53b9931bc460df633a4551a7cc685ea62b,551ae4e2768ebfea8c7a2e815543db054d6e9449c2ea02f67e38a60fe2e6baaa
AWK/2015/page_109.pdf-3,AWK/2015,0,True,True,STRICT_FEATURE_ROW,True,KNOWN,unknown,PARSED,PARSED,PARSED,2cccaa093a7042c937a869020e19d03fbc61f0085def37ef6ab910816c46b7f3,06b4e79afdc1fe16d32b11f452c4fd66e7bcf9e478f2473b2d53f1b40eee9924,9a590641b486862b4d122d2a86e2b0af13a497aecddd8d8586a7d745c442a01f,76e477b6db261c69febbbcc1fca5371e6984a0e94ee76a4d03a984106e475723,7805bd0e148517f5f08e12cbf250e05e093bd8f935a196f2cfd254f4a08d5982,6e9af6cf6061c2cc567d6d2dcdfac9f46fde97d74997de1e10431eab4da6cbf2
TSCO/2017/page_73.pdf-1,TSCO/2017,1,True,False,NOT_IN_STRICT_FEATURE_ARCHIVE,False,KNOWN,unknown,PARSED,answer_not_numeric,PARSED,6e9446cbcf2392e4239deff89c1958147c2f3264af4d8afed19aaabd4b62e573,1ca23f65a291eae6a18763f8a54fc2826371f2cc9a59710fc97f7b644a500157,5223cf5c09465ba73d2a7e852b978017510a8647ee1b3636c9c222087483fba9,123842411299c8004c0ce839c05e7be5f0a9a3569f0aab14e2053f87285f858f,a3d9d7c4626f8bec8765b74d78d1c4b5877dcf007f35527d77192e9caa75c8e4,09f9a7cc918bc7c0784cc74b25b684ebfc407a6991eff756c0193e50a798eaa8
IP/2012/page_58.pdf-1,IP/2012,3,True,True,STRICT_FEATURE_ROW,True,KNOWN,unknown,PARSED,PARSED,PARSED,114183bec21ba8126e50a5f3992e8c28d301c7aa7264c6479d21a7e0791df98a,19dce63f9a31785dd535b6b293d43a3f96aff8f39921f6074c8ff6c77c255cf2,401b9a99d55374534478b284a1e6ee806110149fcbfbf7cee8277ec8eac8ed21,420f8492c4a9dc7cd4d66e524c7a4a571c941dd2a12f57b5190c6704af69313c,42b1385b856613dbf048919d6a68dfc32e03fe78734b8e966fc94b7816f166c9,d8f7810299de372ce9dbc650b74c7bb6d78cb3ef2d565265ec17183403581299
LMT/2017/page_83.pdf-1,LMT/2017,0,True,True,STRICT_FEATURE_ROW,True,KNOWN,unknown,PARSED,PARSED,PARSED,6860d2f9e37a1b3fec366f70014cecf7e8126b5d828f67b780ff6a7c0aaf48a6,c99d51be58583dfcf07cb520c199c83979a33bd877ef9eccbb774fffbcafbd4b,4243104c2fa23b9d708b0ec1e9ad4ec5cf5f458e6110e2a498bd7993496bf360,512aca67dc63411dea272976078899f1aa141c912575c9c140d29a41c0fe268c,ca8b25a2a8a75dc05e94702c153bd991d6a523a078784f1e103cb9edfbfbc835,a4b622c58be70e85d6e66bfd673d0027e0fb79f46a2c663a269a180b18a24c27
AMAT/2018/page_31.pdf-1,AMAT/2018,1,True,True,STRICT_FEATURE_ROW,True,KNOWN,unknown,PARSED,PARSED,PARSED,c8def391f88e3fbf75d553addffe9834cd1dd5d62666790c841a24a97e6c55ff,ffcf3a3bd85550951ce16a28cb9d8e93b3eacc26205f0a1cda48161981a07045,0dc46907de085dde590c24ba8a49a2fa8bb8344ca212bee55460f215833f8999,bc93ae87da054866d663c7d465267e1466af737e616a3f964c38db6a644b19a8,edd0280981a95d2241d087023721b6011015c5879b6bcb8008ab644ca901aa82,f8e8eccbefbb217e8583280a25de1f5a966efbf3922900effe7da82fe98bbe66
GS/2012/page_177.pdf-4,GS/2012,4,True,True,STRICT_FEATURE_ROW,True,KNOWN,unknown,PARSED,PARSED,PARSED,04186936cecf30a1707a5e8299584c1ee9ec78af7ca627beee5502e234b433be,c99e506f7074c3ecfa097e909c2832fed269ff1a29c493ed521faf48880992ec,167ebcb95638cf853153132e337d634d69f9e81139ef10e7fa546776178a0a87,f1c31e48551786de0b2c1df4bf722f842796e26102c8f75c46559696f4fb667b,f44c7c71dc8c48bd946eb63516f29f723b210f4f9b61317f5dd95748abe6aeac,c4cc7c11687f0a482a2d897b9555406757e77f6aa0a720c8018a6552a0bb09c1
JPM/2009/page_132.pdf-1,JPM/2009,3,True,True,STRICT_FEATURE_ROW,True,KNOWN,unknown,PARSED,PARSED,PARSED,197aef8b09be7fe2d3e636c071bcff28d285b5feafc24613ba88f547b61de2e5,087e27caddd2fe007ed31f11a7433b8eb4279c5f3af209aceed491b54eb11518,0783f814cb2262ce20e31377485cbd9dda0d4e55f20850a600dc91d4407c2ab2,18892e075861137b786ddcdb46495ae9d810e4e47aa05d8528c5b777cd2676ef,5c4634a9a0bda3ed7e05accb52fbbb5826896ad03fc28e9726a126eea275fcce,a1ee927cac27efdb579c7970deefbe09f023b57f45f1d7f924964b911e7850c2
AAPL/2011/page_38.pdf-4,AAPL/2011,2,True,True,STRICT_FEATURE_ROW,True,KNOWN,unknown,PARSED,PARSED,PARSED,1cf45c2d1408d631b97d7a1c0299759ae7ce0530c853982310fc7874afc65b85,dd359f0f6d229e45468cc3070e7025724cdcb239b088e126469a8a3bf1001553,040eeb6100e8402522cc9d93b9769979e6fb5e0bd580dfa1301b6aa917f5da91,54b32f7dc87c21209890d16e90c750f33bda9b944145b20898b5be64c0bd6a06,9acea98ecfca99f9d291853221839cd90527b5c0134bc4715f6e50c50bad8fdf,96f9140b9bb9ac53b7b6bb3a122607a2a42445fedf8571046d4a771c3f505980
GS/2018/page_134.pdf-4,GS/2018,2,True,True,STRICT_FEATURE_ROW,True,KNOWN,unknown,PARSED,PARSED,PARSED,c0c72dbe2f233b13671cce7c274b3f88e7652bace741176058867a1c07aa70ed,4f9ce620f9f26d4eb01784429af9d6f9ff78a51e605f7d60abe0dc7ee6eebbd9,dbd8b368001b70c8480e53148699a18161b88c4fdc8ce06e931a3696ceb8fbad,c4fad09871eed5467ad12c131bbea227c5a531295222a9475bd5ffe6641c43c1,a3100920283c987acf6a4f0e88432d9401b6922adde78c7db5cad8b2b486d21a,c0c8125d8df3ab7f31e077ac3ca8c0551956b11b1f445e2fb8e462c400598c8f
JPM/2008/page_177.pdf-4,JPM/2008,4,True,True,STRICT_FEATURE_ROW,True,KNOWN,unknown,PARSED,PARSED,PARSED,d5adf8826f24cd0e1614c349d061c6e3ecdabb78708f1067480fb1b61f3d0a9c,1e25b60423a2f4afac6e59689cc75490a4acb7c8e029397ff86538777b092b22,421add035821d07951fb740275ba34d8b54b61d6f42fa4f1acd15b02e5b2db13,160fa036fd4a1b888e7dbf1de19fc70b31d575aa37f7db0c868c17642c66a188,1b5ea2aa35c260c08f10c7e3239ed29e641700844e77c48d8025cb96b555fe8d,1f15250d778b327e967e0b8c687342bb1e5497f91151431a84dac58a73d5fdb1
KHC/2018/page_27.pdf-1,KHC/2018,3,True,True,STRICT_FEATURE_ROW,True,KNOWN,unknown,PARSED,PARSED,PARSED,f4069aaec81b5e38d092b33aeffb92dbd2f918f3d3eb733c7002a33f681075d2,624b9703984bedf7b12cba41bc8aabb4081cacd80cd748d2b899ab42618383fe,fb235e59339192e5e1f269327a2cb09ec079b20a82fb5362eae2e3982ab2cb50,b68fdc69c98eefb5a070c19e58fa62660ca577f34b6e6a6d828ad4547edab3bb,5e3874d2f49455c9c546b5938bae5ab5bb510effa474a8edb0b0dca36fd3bb32,54649d651c0082132ba9f9f746bf3cdf95c419f45e900efb77713cdf77c0c12e
RL/2014/page_13.pdf-2,RL/2014,4,True,True,STRICT_FEATURE_ROW,True,KNOWN,unknown,PARSED,PARSED,PARSED,bb6b81771342adc6fe29d82806f0008f836ba01d00a272153ecdd5a682ead419,9eaccddb4248d3039f3c91f42d0259171bce3ec258b2d334a534ea4d884aefe0,8dd0fd117764eed74f8bb9dc29bcdd4db3c92148875d81d85f2f7fb39826b2f5,478035f91ffc5fb667ce5174aadf5dd28963b31f34f214bb44e8bdf646873970,dabc0b1a02c4bb0e591de278047eee3008d9c916851c880f668ff5245cdf4b1d,38c5560cffe1500f93b3361c0f07ed8bd85adac53d0265d872f58cb51105412c
ETR/2008/page_438.pdf-1,ETR/2008,0,True,True,STRICT_FEATURE_ROW,True,KNOWN,unknown,PARSED,PARSED,PARSED,632fcc22adfd1d53cd42a534ef744d7ac34b91e52726ed8bbab4557df9599f0c,aa1d3ba0a926ff3fe6e46524eb5232ed393eea2053da88b05dbb0bb91f72426c,5874cc861db021db2d38c94e4bb3ef114fa38d063b6c73a16a8a6b8ca420a2dd,fe41c40d0c4acce53809ead162e52b5fd21d1cf7e7fdfc0d5577ed2ad23b7fcf,367ef9bfcedce4825b9bfbb53cfcc828068ae3ed6e9616854a74842bc829b07e,cd0357087bbe08d019a0db6c641a07c288db145fdd082aecfa7682062a8a307a
AMAT/2012/page_35.pdf-1,AMAT/2012,1,True,True,STRICT_FEATURE_ROW,True,KNOWN,unknown,PARSED,PARSED,PARSED,b4f19b888ccc37afd34f7e3cd7935badbb7701366996bc0055670f6c85efdd1f,67106679befdea0b830feab3fc906067701e9db4adef4f0778edf17298839c34,24ad65390288aad6b8e4901b0420e49d9b014aa5008299c3693427afee9167ac,24044b1e607160811101be5aa1a01607f401492cb33a10bc59c429fe8a119088,5656a0fe39bcdaf7234c0d138dea98dc80de798f7c0ebe963bb5b72c13f113fe,6e17330dfdbb6ebb32980a33b286243b08118196a2ae300c3de727868d5f3564
APTV/2015/page_47.pdf-2,APTV/2015,0,True,True,STRICT_FEATURE_ROW,True,KNOWN,unknown,PARSED,PARSED,PARSED,67d955e06cabba890b75c779acdac83b67e33b7ee612c132dfd616df959aa03f,2894484cd997b8e497c9658650ba986994802bedf3aa71782ccc2b8b3f2e790b,2e3b8da6b5bf19e3094e38b57891b7885cf13c10d1606dc181d26ad8a770575f,c0d766fa29b46f5f7ed8a9277b94f6bcabc317d36514f1a437597a793f562b2b,c1e668538142d7e58c4d1cc6cc349d6226a5a0b467882df2870431c374a9b745,d0c3268452c87dc127f6820af14a2f4fae81b112af11eda93eab8c184e212839
INTC/2013/page_40.pdf-3,INTC/2013,4,True,True,STRICT_FEATURE_ROW,True,KNOWN,unknown,PARSED,PARSED,PARSED,1951c1a008cc47c20e4129048fc1c08ae376413b3ace66a9c4148e00e8980aeb,4730719dfb1442bc81730375b28be2ebbe87866c27203469753755cad06717fe,1cc42fa4a601dcde21116aef2cf165f03bce01f3d77037395e6dd0d7b1461c69,f0d04dfa80b91ea2caefcf28888b194bb999ca57695816ff199102c916fd2b0a,7a2dda6cdba62ce73a9093aaf80d8822191105ebe117b919a3844676aadae734,358e9efdecd9cd115762f187ef6c622cebde91076b4717ff080db6166024ff6e
AAPL/2002/page_63.pdf-2,AAPL/2002,2,True,True,STRICT_FEATURE_ROW,True,KNOWN,unknown,PARSED,PARSED,PARSED,6a82f71f92b004a83a0ed11705bfbdd6a4a85eda1b33d322188c253e4b271875,a81d10a13cb29aa8cd232e3b9dcfd6cf34ff8a551007d45dcb78abfdbec13e63,77ad9053b8af28f2b3624332694ef2cb318eb50b3546c0cf9d4fd9acc4c84a8f,81093909ab06036e16813b4691bddfb026f055c453c5e26d32e1c2490ad98b4f,c76fe721aab9b2f41effebbaf770269937c2dccd809366a0dd4ae588dfd9a577,fba7dfe802d9f7d158fbcdca11785635a5cc9cf2e58720519b000fb9d385fdc9
ETR/2017/page_19.pdf-2,ETR/2017,4,True,True,STRICT_FEATURE_ROW,True,KNOWN,unknown,PARSED,PARSED,PARSED,04c2da3608af86c62d2de77f8029bf555338a4869fa8d5603898350d109f9e82,2957a58f9f31de6b52ac7a6169c57752f1ca97303f6db9d7216a3daace51f3b5,e90000398c880e882c122b7ce987e4c3a843786134aef996fabd4d47531dddf2,36c64f2e3082ca2b4f3e86d1cc1fc34ba557873ef9a72f520566417598001d85,2f3050487893bec9596421579000215f6aa0e5e3086638bfea898604a900e167,a558e0afbd150a253698448ab09e216d61306a253df39a75a2ccbb951ada35e4
AOS/2007/page_17.pdf-2,AOS/2007,1,True,True,STRICT_FEATURE_ROW,True,KNOWN,unknown,PARSED,PARSED,PARSED,c3a1171ed6209983b5426b513a17d6f9a0306ce06e282fe60729089f440aac14,c9ccaa832f8a7d325c5bcc1e7f2c5fa35c4826cd6af847b7b92920192810f8cf,0dd213dc56d7091a37ed0bc36cd153b1f2667fbf56c403f797d2048a3d9de51e,4bc7675d5893575074fabf24e030ab955cafe06e386b18cf4ccefc8e4b80a0b6,832ef8a1609693903d423a2bfbd0c6a9ec161127967a269422a6c393e336ea57,a0be954be4b0601cdfae8ec174991b7ce79187eafc9a1cb38fe854be84c2b579
IPG/2009/page_89.pdf-1,IPG/2009,2,True,True,STRICT_FEATURE_ROW,True,KNOWN,unknown,PARSED,PARSED,PARSED,f141265203fb8fab8a842aa5452465140e2bdbd1329008345f5422943ae8fbf8,80b121b2ed8078e51035fd4aa045738d1c7788c4727febb94291a1ca477edba8,7acd798722c5e8d339d7ba7372c5acc777e5a875b00e50a3b264dd8ab8d420fa,58e0ebd8ba28b3d1f6db23caaacd02a60b8fd2f7386c922faa8298d38259e5a3,071587b7776fbb2c0c12faea8df7335816f74f36ecb28d52e58f71e7bc3ce1ec,29a0c3c94edf8350c2959addece1b0f5d45f17894d5b6314836ea3a53cc5928e
FITB/2008/page_69.pdf-4,FITB/2008,3,True,True,STRICT_FEATURE_ROW,True,KNOWN,unknown,PARSED,PARSED,PARSED,2462d647bcc4cf652c9d48e7144c211ff32350cb074b45c2701ff2d47de4a859,1b947809c37fb412ede5a22a2e7f4284a89e1eaa14f2008b7fa3f8fd7223a436,6f6e52575c2178cd6f644be4782db9fc300feb0c0b6db9db6bfbf2b1ab993ab5,694d5769fa45f78927f1f4f7ca3fb0fd22b40e20981a23cf87a99b9b6062222f,8c688669e58c2280140ff24b1b767a24343fd8cb331e54f97bacb7a2e27639ee,9df02b3ee35b4d74379451feb82ad157ea68b62dfd909d5d4b1438353344802c
AWK/2018/page_178.pdf-1,AWK/2018,1,True,True,STRICT_FEATURE_ROW,True,KNOWN,unknown,PARSED,PARSED,PARSED,6d43f93803fee25c9cc27976ea7a3373c4bb92d26d824e1fdf01fbc1ae08a6f8,3431b5e71ac3344d485d51d51e471d2cd586a66018462922e717b93a7b25fc62,901b272bf4e8c20ce44c164148ede952ddbb26e0293a4af6e49365da5bd85838,a6349de0ec800d904ca698c8374b42125e318ce2f98f16afe800ce5b6937b50b,fbd45fb4ec6f292c4f5f50e573e63674ef5617fad5d28f948c534727e816d85b,4803bcd66a27848b5e82ac902dc8677790938f74057b13ab39aa8c8a048e9b47
DRE/2002/page_30.pdf-1,DRE/2002,0,True,True,STRICT_FEATURE_ROW,True,KNOWN,unknown,PARSED,PARSED,PARSED,3794eb7ea8cf645d106866659912f7902585b87dd674d7464e97244ef6037aef,869d0f40bfc0dbb888c1d140eff5901c01d48d77465cba81d9216b3638224851,feac04e0fad319f06a8800ebe7222c306a6c1911970e49fddaf573283d425311,81c0f2a269116e29a5478e272146a99e26bbf2bb1bac549ff62e5ce3b5ed87ee,db27c27a534e0ee552338ca56efb10c4d60675b5805d92961444d262d5508994,5bba08e70aa803950354ae5e175acdfafeec77fcf026edae848702465864bbfb
MAS/2010/page_86.pdf-2,MAS/2010,0,True,True,STRICT_FEATURE_ROW,True,KNOWN,unknown,PARSED,PARSED,PARSED,c92705c0cf30b1bdbaeb0070989fc932f93a271c39e4975e0977192a3aa384e9,ae9a6d636a14304e9ccb8cc5fd4d004691cdd9b672833cfbea65c22a8450c219,196e0d51c23b5737de1bf5b94cbfe3a1b0010f5721401ca0258e287dc99cba4b,3f54ed724dc3c560210c444b6dd89c73ff7071d33e26395542823a0a4234080a,a56047a7ea61c7c142a28ab0e402bde5494f4146f161e8f075b0f0fe00b3c02e,1f09fee83c8f5b91bdf616247423d2e73da1402db2a836ae6d699d384541411e
AWK/2015/page_112.pdf-1,AWK/2015,0,True,True,STRICT_FEATURE_ROW,True,KNOWN,unknown,PARSED,PARSED,PARSED,30fce7a42a2b6ee4f8f4398dd9dc510bb10d3bb3bb9af9ac4aba47eb63e78823,04e2443145eee643f0007dd748199fde59271d8a9216c5662809783254e5ebb9,eb98b5139b9d240938a3895485549e346b6e7ca020cf79c17880227f4eeddf05,870775d35bcdc412f9180922dc8dda8938d6fd562a29a5b09de8f8f642160f5d,cf6367c525e18a5459796de1639acb9de9b20541f31d74030a092868e8bb1986,67b957ee9ac93422e7375088f494c9f492bdd745f565b4a1ade30815d5565b21
ETFC/2011/page_23.pdf-2,ETFC/2011,2,True,True,STRICT_FEATURE_ROW,True,KNOWN,unknown,PARSED,PARSED,PARSED,cbf7fa2882b52241292ca1da3718b663a6866c9282c16e77cb58ef14e2f01028,13db13194e1c4f2e72d0ae5e91cf8a9ebd7001cd53b501d73c0c6772fcd5f801,ffc96120689aedb9cb491f290b9581f75965b7dd41039209e633736fdbaaa955,6b75ed7d0b4a33ec62ebf40595de580e1471d7077a031078c24775914026334f,bf7eda25b307821b72d992c01878b5a133d64594615dd0e87f37cabbd740ca9b,e61429b63d477dbd9efd61834702b9acd1b9c87e4b2e65af8774377a6b351e3c
ETR/2004/page_163.pdf-5,ETR/2004,1,True,True,STRICT_FEATURE_ROW,True,KNOWN,unknown,PARSED,PARSED,PARSED,a19a2e51e65d8c746f07369d9051fba4c0985f49154aabb109f57def4b4bec8d,318dd7f8809d8372eb01ce4e36239aa2ef58608aebfbce6bef04b928f82e7b92,f4fd9ef4c185c5a63071d4c6864d99ff4b07f60d1583ffb4eb1e487510a84e31,2e1aa9241844739f8c9a0760582c0b3a099e48f517edb1d2f4e1ce64a0d7bd50,9d8ad81346cb6f5b415288e5d92868d73b2022ac39fd6eb9caf8de8e837c9f46,1d44170ac3460eaa88acdd6a01085d0b1c79e92a3b650c3444d0e3434acafb0b
AMAT/2016/page_32.pdf-1,AMAT/2016,3,True,True,STRICT_FEATURE_ROW,True,KNOWN,unknown,PARSED,PARSED,PARSED,a5c6995e287ec3b2a09d9688f5837a01144f1dc461f153d99148bf8798be5f4b,1195d557535c869f6161300dca565d128ab36fdd5cbaf90a2123d1b6ca5f1cce,113ca677da0cf8e9e5ad4dfc8a68ec97b8bbcac9899eb8b85d6cf17b65ad40c1,0fdd4d06c4541d4c5214e4ef5d856ffd6e9224914d385033d6b08305a482cfa3,87ec29c5d6bb2a2154405781f8774277ee46b326caaf3a4ae418078172d9208a,cd0f884cfa860ca3fe3339ecf87f541a6769802144cbb3c299cd59def08295f5
ILMN/2008/page_77.pdf-1,ILMN/2008,4,True,True,STRICT_FEATURE_ROW,True,KNOWN,unknown,PARSED,PARSED,PARSED,9eb16a735e5141830c21818e707a22bc733d863d034604b7ca2446f0cb8562dc,dc8df182a988980e34fe4ca937ab7c4816840b4a40d05f3ed7ed16b86dccda7a,19a7d293722c0067cb61ca23bca0610d32384cf9baf192676fa5654917e8401f,822dfbced8fc61aa65b5987adb72b50c9e7403f88c7326b812573a14d60a04c8,ca2f5dd61a5c6b2411f4c1ff165ac394622999b45f11c3f53e5a7cde7c899fd7,d20c0a247e71b227d3b9641ed37afa1243abe6bd696f98ee7bdcae388dcb62a8
MAR/2005/page_52.pdf-1,MAR/2005,0,True,True,STRICT_FEATURE_ROW,True,KNOWN,unknown,PARSED,PARSED,PARSED,08b6e1d9e1eac76731691c08d3401f7796e5b4904fbd49938793fd095e1f32c9,ab229483edf9dc52176978ae1920baa0bb6b86ab10973c605215284279eb3267,7456a630ba1e7f4ddb89e7085ee14fb4c8103cef32f63e9b9184c05fc447fa43,33d732d2118ba94fa90f48a766ed81f1401ada1fd4c25a905a51fd8a693899b1,fb4cb0dd12f3ebca5f35ef4c66d11fffcea96d1fe23ee7b2ca1af5e9297ebeb8,ae5735702a4124eefbfbc66776c22bbaad6bb973dfc1ef3426f2aff67cef38b8
TSCO/2017/page_28.pdf-2,TSCO/2017,1,True,True,STRICT_FEATURE_ROW,True,KNOWN,unknown,PARSED,PARSED,PARSED,464f5b36f7958aea6461f95ca075a5dbc75483b8f9584e54af25682abe229eee,1ca4ffcc838e3ff4490215c42bfe3c3a1833c96dcc98aaeb8fd6f8c2a0c16d11,d99fefc3134e107670cf4506078f4f1d17604266c8688f50ff5879f5ad2947ae,4f29b7e362a13de9d2e3271bd12e4c5d19a86c80e660e554059aa632efe684bf,8526b31ec77b1b08166fca66309112cacaf1c30dc1557e27ce8f7ac81e596b60,e2cdcace2722ef8b29a6ad8eac376d7d7589f4f5ebd7507e47362b896be624a9
MRO/2009/page_32.pdf-4,MRO/2009,4,True,True,STRICT_FEATURE_ROW,True,KNOWN,unknown,PARSED,PARSED,PARSED,88f9754870e061b8d2e9eb55005cb84750a33ec3ed47a597038ed68e618779fb,4fa5a42dd8f8b8e295d0c36f69b445f8fb472eb98a21336bdf6fb1539a96df06,be23e3d87fb970e9b160d9c09f01e416b65008dd3652a0c57915f905f44dedec,dfd49894076838de4423c2872026de57e1c2d1dd33ddce9e2d05c857fd4fad97,87a4945e37bf22a6167f5dd1814c4fa90651fc9dcac4403ada44ab5b2122b143,02fab9be59d8e1b85d9c3bd3ba61c62813c40815dc99d0ac171a771fc469f81e
STT/2008/page_139.pdf-3,STT/2008,0,True,True,STRICT_FEATURE_ROW,True,KNOWN,unknown,PARSED,PARSED,PARSED,cb919fabc372068c7446c2e1d3bd2c72d364391136b266a353ae3ba37dad98cf,381fb2559700ed137b326ee3224d35dae2c25bcad639769919b8cf6d4e17f550,8902b25199a7a134e4955a5cbd4b4b52af687a3d2532b774b46e8c43928bfd05,9ab963d99e1a1dff84a2a6135587b96e8f178ba4660dad3d230c1d35ffde4dc6,20a8ddbd2ac7bfdad0a5f34f3a9308ab043e4d6ec88ec995c71ed81babbc6d06,76de154a493d3a6e6e1dbcf9c6b66eee28c525cc185c76943c6f6ae738ec74dc
AAP/2011/page_16.pdf-2,AAP/2011,1,True,True,STRICT_FEATURE_ROW,True,KNOWN,unknown,PARSED,PARSED,PARSED,ce50b01b30197345b443cdf28c41ad48ac76cd5d67fbf6ff90625e1400c843d4,e99cfe01e24bbf85b923d984e7a666895424123788c16692ed906c41c0cf0126,9469461051658eb837e847af0ad3f7875d7dc047d38b4b3cca833922fe748c95,6dafcdd5a1d83e791cd7fa41f709c0391deccd8d5204ebf983579d8759652cff,bc1eeaf33bc0366ed3b1fec70636414be5f91f697754774cb70877dba5fe31c7,5facea2a8d44f8055c8c92c7048a0ebbd7b99aa0f0d1dd431a3c803fd2b7ec38
BKNG/2015/page_38.pdf-3,BKNG/2015,3,True,True,STRICT_FEATURE_ROW,True,KNOWN,unknown,PARSED,PARSED,PARSED,c92523b6b50601f4cfbef286a2b088b19e47174ccd2d876dee200198db1561b1,57073088a506d3cb92d9c9b42dc275dda44c4129af9282853fcc3687de77a48f,0391b41083339490e7a4238f7f3751e8de137b297f7419d7cf2cb110bca28d79,48cb18eaea0251e916f414ef24945e247c690176d49e8978c6a0fb48ef87e481,5cf2430a98ebab8f5ae08ddf69ed311f75c9a3d5991283be13ab9f918c472925,b0ead4576de6e5d356da656f3d0b54260285bd5c94f21a927cb16103170e8ae1
DISCA/2016/page_30.pdf-4,DISCA/2016,0,True,True,STRICT_FEATURE_ROW,True,KNOWN,unknown,PARSED,PARSED,PARSED,70e380b72f616888464550f128130bb51b4da87842af1fd2eab09a1c1026b7bd,be06ddbb2e17354751d9aea65ba0a22d99c40ce3f0b861aadd04c5af732e2b4f,fd25b03c661cdc5961887ba7c858b888aabd917130ad90fe0423df90430500aa,ee81d74cda892d22471c4e772fbcec4e7145029e36141dbd5483ffe88e81b30a,3b9f7e24d4b7bae9169fbd3faf16a552f32b1cde4178366628a1c1137d3afd9d,a8959cf22b4bcb8e55ae5053658e3a4d23272e9e2f75bcfeaefd6a742244b30a
PNC/2012/page_98.pdf-4,PNC/2012,3,True,True,STRICT_FEATURE_ROW,True,KNOWN,unknown,PARSED,PARSED,PARSED,63882721137b0c6b4f7dae65b0ba7e912f241ce53ff21fbce3aa319ee330e881,150c571351ee0b34eb27daadfa3581969449325ecd6c549040a61be738166d58,f3b74b9e950db7f6fc68d8ef619962ce665e9ee4d28257d73ada7ffa10220dcd,4201e10ce4150fd6c550213df5fbbd0b2f1b36d6e33f82d1effe8fb4b4045bec,eca653e15e0bb9549970ad9246739dcada4116e6238316798ba06b9fc3805691,1499213c11d4cbc8b0032d503538a227a3f40988bcf9ad830e478272256f88a5
ETR/2017/page_441.pdf-1,ETR/2017,4,True,True,STRICT_FEATURE_ROW,True,KNOWN,unknown,PARSED,PARSED,PARSED,4be4cd3f02cfddaf4a86f10465ac067b17bb22be9597c56750e603234780581d,378a108621dc60a13f8a27b873431eb1742ddc99a1fe7ae64c1fe0448db8e459,0a4a70c701b5448c48dc2c98957eb914807690f2e3007d187f7cad6184806865,7aecc0353a67ef3faaee6c2afa04fa2fb9de950e5c5b09f7f03047728444eda5,48cddeac3206a4552db2a7ade21aa7d5490647a321e8e46544bb710ecbf7e206,1d72f3e3edb3ac29ebf57f4133cdab3c4498e9297e4c1067e83c14a00c9ac9ed
AOS/2016/page_19.pdf-2,AOS/2016,0,True,True,STRICT_FEATURE_ROW,True,KNOWN,unknown,PARSED,PARSED,PARSED,9cdeae0b7464df6d547e0e012be1cf4405434e507493a39b7a9cc6f102311ba1,2c9a43722cb8f068880e61381cd74735c8a0df2dc8bb83aa3db48dbdda4f45f0,fce8a6450ba70f0862aeff570d5d0708a850336bb5448d0ad5f4ca2d30a994d2,37dcab65ccaefe4a58e4c084c54d7825d747a8654a6f2b7b43b31dc385a53dba,42bc6084709d397940cf86db0d0b5527ec9f0c20b121d31cb15017a4773d36e9,6e650cfb3e922fa418ba5dfe79a7d3b471bc9a53061c633c91298ac8c070aa69
C/2008/page_176.pdf-3,C/2008,3,True,True,STRICT_FEATURE_ROW,True,KNOWN,unknown,PARSED,PARSED,PARSED,fb5cbe25b1d8aed5447ffc99c660f0b4301121d687db042872107fd03906cd56,4e9b8be1f2ab9b19ef220ffed690a6d462f8fd7ffe699281f67a6599feaf51a4,9a019948b603a3ac988d89d7460730073f4c418bec6fd69678e47e9d99a028be,5d3a32b1fe9d3094b23f1f7e47419bb205ba83bfcde05e5447ec963a9b7be01a,645096cbc9e4b1fb2fe5467b8bf988fed147cade21097c8ebb50f00e336f7ff8,de8389467b28612f1b6e282f1a480445c39cedb8353805bf3dfe9221e510cffb
LMT/2013/page_26.pdf-3,LMT/2013,2,True,True,STRICT_FEATURE_ROW,True,KNOWN,unknown,PARSED,PARSED,PARSED,c4c7a4115cbed13fed0e68d21e0216dab91048a852c1ccf16db7ceb03f5ce22d,e629c713e1e7aebb63fe43ae3ccbe7d4ad7d1c7a0f50ff87439e494b71bec645,0b6cb167c02eb4f14af43b06be975005e4bba14b2f2bacdc57c1bd46585d9d0f,aae6a5388f6cfd4e3c4523035617b638625b8f3f8c72702046c1ab6e5c2dd37a,9a59f945404f683049fec2c85a49c229824c3b9f29f0ac3e7494bbd0e1c83a32,9dbcd72b34d23c214110200d710d8e274b9b4f248abd4fd28e1494210e6761c9
JKHY/2016/page_61.pdf-1,JKHY/2016,0,True,True,STRICT_FEATURE_ROW,True,KNOWN,unknown,PARSED,PARSED,PARSED,00a02403f6df825765459d68b485cd15b4f776489548979dedac2b2c7baabbd2,565a683a7ed1c28381c09fdb655051babec5679b3e0531cbb316486247de7322,4e5533692273ba5e02295bdf5724d61ab06b27fb844d912c56d8cd59ddf235ee,4e9489a2cbdf37ca2e254d204e4c82b4e3d1983e76e263e944101c44cd8f2a84,de1bfa2a7b83802e6991a8efd6223fe061b8017e230f726548e6e1b35620b5a0,4b1c48dfde6edc28f2114a822af7146b10a9a4d15168f978f16952b612ce07ff
AAL/2015/page_187.pdf-2,AAL/2015,3,True,True,STRICT_FEATURE_ROW,True,KNOWN,unknown,PARSED,PARSED,PARSED,d2df39640c79c1299deb0ddbc605aeda44900caca9d40461319854fd49562550,dae66149de659025a851da4b9b804b4abbcfe9f66df14673e03cf0e5b19c6296,f54aa6fde756d412fa04244fa568ca13b87023fc07ff01635fef4e826e0ae00b,3953ff89ef7ecfa1b641fcbac5835bc2e9ba0eeb347e117522cd272aef16b0c6,55ef6ef7dc9dbde4488d969c65bc0a89076d89cf50ba261ae633dd7efcb4a28d,b05cdd1a17ff1f190598f72b9b9dbc2fd3db9e5373a1a21083719b005f92ba8e
SNA/2007/page_47.pdf-1,SNA/2007,1,True,True,STRICT_FEATURE_ROW,True,KNOWN,unknown,PARSED,PARSED,PARSED,413aa1afe9eee3bf5d0f6389102b8590aa149f8b584bcfd7f49b212f24dd2acd,4c858ff1ebe5753ce22cd807bdab830abf06b22b9d3d097dbced18d5e380d7d6,ee05d24412b7012b5fac493cedb614bb39a79b6b95740a8c03841caf2cfd5f49,a937f17de3d33e07463bb05844647b50bf986300936dce0cd15af17664ec2104,a552fdf1324abf4b66c4c089725cc675258ef05430fbda9980cb87ff903af9eb,ffe94ad733d6e79b2b77bf25eccb5f5ef220849b33af35f4d3d340893eb4e30e
NKE/2015/page_37.pdf-4,NKE/2015,2,True,True,STRICT_FEATURE_ROW,True,KNOWN,unknown,PARSED,PARSED,PARSED,7b113607960f38d95ee6a006b4d78cae6b28875f48fb237dc2f7d6ab35c0fb18,b42512beda93b2936c24282183c26cdb9e4305e9588db946c020a30a57d3a1c4,b7797237289b5e189014b88a1b2ff615d93c6e7a9eabcb25fb2e045502569bb6,9303ecd30c8d867ca4bf4aacc6308faede2721bbecf08594eb26c2acf8eeb5a2,6c8f742407f9db91974000901a84d5b1389f4b4f616ef4166866743ecf81d78c,93ac6b13597d484677bc4002b92a15773828416559f70abc8c6351742a4295bf
ETR/2008/page_362.pdf-3,ETR/2008,0,True,True,STRICT_FEATURE_ROW,True,KNOWN,unknown,PARSED,PARSED,PARSED,29b27b74a8405aa8b77dab6dd8cd5a4dabe3eef86ceeb11c7df2e03e50600cd2,60d6c8e71655cbf85109d7ce31c33ca1b63db5a915774f4d5aadc55d08c2ec2b,1df509c97a2dad16557b43f279740b11b2ae74fb794349e87fdba103707df20e,0679cabac8596d942647747a6062e6a04040e6cc2b8349fb3215d78fbace5527,3dd72095b21e5f6476bcfd2045ff0bf699d73519bbbd0ec26d926cabb052adc7,a31d4932d0bff4daab194d80701d2419494ee9676bff6ce929b531b113ad2f67
ETR/2004/page_160.pdf-2,ETR/2004,1,True,True,STRICT_FEATURE_ROW,True,KNOWN,unknown,PARSED,PARSED,PARSED,3c1c7d5cf81c6de409c977d5c165a7e93f236b2301c4ee8a180993438d8bdcbc,ba172f782cc1ba03ad17c4d613cc99d558876eeb87346970c03e29f7c43e5bae,084046bc6541577158a2ca0fe5600d2079fef22dae6708713b431fedf3b6e5b2,1997a5b6a447856a365b4cb96487b8aa5dd47e2a5c86a4f202545f3164cfa5e1,30e53c2acec6688ffd32f55a40a9cc390c7067403502a263a76ad651880538fa,b6b47217da4010327ed2551a5f08b1aa36edd713e5aa42a660f48b5b62e99428
LMT/2016/page_85.pdf-1,LMT/2016,1,True,True,STRICT_FEATURE_ROW,True,KNOWN,unknown,PARSED,PARSED,PARSED,a0f45a34a9488bc5a0c0babf6942233c8f3e595f64eb62f6c4068cc738161903,2d4430f512b9e242c53ea46ee68c84c757faafc88896d70113e8dfbdf962a548,2ca4edcbbb47bd83d77291cd671381123203f752ff07b988bbd99725d51fc62c,41d6a18a821d7f715cfb5ffb340eabd17e540dacf18e882058b990fae81cf583,e231b58289572cd692f6037660973d1c9248ace9c288df8f314478f02a1be5a9,799d7d747baa0c384b864bb6a006548f39f736879393a007e2509f6492692675
LMT/2016/page_83.pdf-2,LMT/2016,1,True,True,STRICT_FEATURE_ROW,True,KNOWN,unknown,PARSED,PARSED,PARSED,a288981d2b26dcdb5ebac8d048167d81f8997248cb5d1e7678d1c81466f977c6,2c50e7a3b739202bf56eff60bc14af30369c06ccb7149a44412e083a80571f08,db67f3859ee2e423a8c8e6e2a34cd2de56b6880e7f855c62794d4ad11954fa90,aa5c9072e5bc51d8db640a30da21b917356457c3bca719034a329cb0ad4d8b20,f532cc81307c98ccc46195ff9ce4458fa524bc8930fa0d61c59df4f71247ca4f,bebbc11b84b293ac1844c404b421b246c1caeee08a06a470aea0be80742c3ca8
C/2009/page_48.pdf-1,C/2009,2,True,True,STRICT_FEATURE_ROW,True,KNOWN,unknown,PARSED,PARSED,PARSED,6f6632bebc9f9ae05a1570af229f8e8c5de3010cd369c25ea5fa43f6453f385d,d38fb377c397f30a498e18c8f4f3c9a465a3212f66afe8083ed5284bb98539ec,48d1a21e6509ca5f25ca6cf187b0fa14ee8a2fa3849f4b47bd0a1ee03cc2726b,5a2076f6d0bd9aba5e2ff48b7080262ccf6e146bfcbfa04d387b5745272f868a,1ebb780db0332d7d7954138e328e1c0a0325c1af7a5a549209601436714ff0de,f7fff3a0c46395922c262c137e23c8bdf7ff6a45dd94713ce87fae3c6575f6f9
JPM/2003/page_100.pdf-1,JPM/2003,4,True,True,STRICT_FEATURE_ROW,True,KNOWN,unknown,PARSED,PARSED,PARSED,e9e4b5222aad5254a0f47a1bf39ee62effc5248fb5dbbf8a3235bf94dafd5909,7ae1c6d8d6efecd6b3315373ca169d4ff83832aa1239cbc7930d5d3c50608ab7,130623c62a621dc50cfd817bce4cdf2265621de72d57982d5b3c95fb3ccbacbd,891df1438eda088f67bf947443f83e8bcfe0fbaa57a292e77ab3c8e1c121c2fd,017bce858f0ffc47d117dc3073a7523a56065b3125400d75628be5cd0dc03b86,3fe5083fbb2b5ccc86512b0ed8c842da3299d2326e48f286ec2b2297893e7f08
PKG/2004/page_21.pdf-2,PKG/2004,1,True,True,STRICT_FEATURE_ROW,True,KNOWN,unknown,PARSED,PARSED,PARSED,3161af471114d2e3003a75c61e455111c7d4865d644438601ceba50de2b22bc6,69eaa2c02de77de6e74b6c626c769fbfe12a709b8eab59de925362e9569c709c,ad4f7ce53129e0de97335ae2ab069f698873bd08619daa0f5f59ffd5d6c88fb6,1092ce7d1408e9d5c5a24a95ca21d759e5076645e7c9b7c3cef182059d66bf5b,749907a08961771f20cdc081f06adb29db25c43f4d71c4fbaab2feff65d099bb,da9a0900c8f4f03c96fd44517b3671c6cb287a508e38247b187c26d97dd1d271
ETR/2017/page_25.pdf-4,ETR/2017,4,True,True,STRICT_FEATURE_ROW,True,KNOWN,unknown,PARSED,PARSED,PARSED,8b1f540686c3803f36f27bd1132085c46b0954a2d54ae3bdcab927b607bb94db,3b69f0e1104cbbe103203ab1ec3afdb99069720bdff514979c6b8b2270164d6c,7fad9638cf5f473fc3fbf14a84b99047ca2871fd0c3d0d30524d1a7ab0a380df,2b520b2d6fd00de2b479ee5ede7a5616364f570770b5afe801a3696805d4edea,30229c1050d5965423d0bf18e968797832c50a2fd169638645117c6d5a4a4123,bbd1f0020685f4bee6b125bcf3b09f45307a7feddf742c1d2bc854b618ce5d8b
ETR/2016/page_352.pdf-1,ETR/2016,1,True,True,STRICT_FEATURE_ROW,True,KNOWN,unknown,PARSED,PARSED,PARSED,ead1c248b328713813b537b18a8ccfe363f4c000765d8cf4abeeda8894e295e0,83c1f690e5cc641cbf4a62538da5c547807e5aaa2c3d7b698b09d083d3e0b760,62affd95fc4bd6034d086ba9ff74b692dbc8cf3b802a49849e51f97c8171f15c,02a0ab806c219d03e32c2657da4cbf8fcb1f656e22fadcafd46743115792213c,8a93bce71420f9ffaf1d11907fa57acc30734125211919ed416833654170531d,e722298558bf23afd7d449ef5bb7149f11f8fafd8cdd981c1d2495e43ba71c99
BLL/2010/page_58.pdf-1,BLL/2010,1,True,True,STRICT_FEATURE_ROW,True,KNOWN,unknown,PARSED,PARSED,PARSED,c933eeb249854de373d5998b241116919aec110fd4e5e3a723f10e379c15d086,d71e05439581c7494badd7024806127d33f0aad0fec25a1889ef479dd59a1525,f856bf730c603684c8ab4b4486e12933227bf42be8843c507c3c7ee995e64e15,284b2f8baac8450dada5608c828a82ca363fe83c6013fab470de0d49c22a20b9,ea232a823d3fd87240a12d9cc4946dec946b9ae3b38ea8e403d8180af0a5371d,49b457b1b97b0ee8a419d184b08de54ad406dde6f9e905c30792d2670c7cca83
AES/2011/page_230.pdf-3,AES/2011,1,True,True,STRICT_FEATURE_ROW,True,KNOWN,unknown,PARSED,PARSED,PARSED,7616889cc525b43e3cc03bf129c64a17b300348ea8f2b746baa3a83b5ad2438b,302e6164f88a1aac12da8b1279364c2bab9712e8f11d01fea23c58b98b896617,70eb70479172f4543b04b425bd91d5678d1614948bd579f8fe25a3373df00d54,f0716517c4d867e21319e81dbe2803465c97cf5b8d19c81743d17c4b0c5c4398,1c5f83feef311b8ee27ee309bd15ff90299602333347a7619b2db7534c50e4c7,7bb493fc5398cc504adab9d7e9d42f08c85f82d67ae4b62a4585707dd6773d97
RL/2018/page_9.pdf-2,RL/2018,1,True,True,STRICT_FEATURE_ROW,True,KNOWN,unknown,PARSED,PARSED,PARSED,09721ab9c24987fa97102f8ff89c9caa80f60cc57eee7c2f3a433c6d755ea2f1,0a4b3d2764df1473cb7501b15201d527e60eaa911d3df4fb77cd8275c470ec18,f127b959743c14825cce828ae5e7eb22e08a78df047646526c9c6285d2992bc9,c5ddb7b9eed9bba8be4c5f281673f5a0be1ce36ac565d3798c5881a242fbad74,e04e37aa4629bec4b3426c72f335103f56d801061b57949925babdd1e046473f,0a01f5e67461e608593e2fea80188e0e6073927040f56be60b89598e1654b08d
STT/2006/page_92.pdf-4,STT/2006,0,True,True,STRICT_FEATURE_ROW,True,KNOWN,unknown,PARSED,PARSED,PARSED,70fa397f2562b5e01253f296882d16d9d7b78d5f9a7b1e19708df3dbc765d81f,c5bec7083d2b96866599e4b1f7c8d6410c59a2b84f4282f9b6350b82bc124306,77314ae7001e6533313459aca49df62090fb122e6e6d475ed330c1e048ce188f,a1f7e2a9599edf1c2a99654c65d86d624f0b1aa1767c9217363e3c8fc966c285,4651d14a8aadfdf52f2f47036deb2fabae03855a14961d1ccfc3c7dc0cb3f1d1,eddf4b110bb5ce25a0e5b49303b59a9865dba5b547cece2d2c6ab85833f0d8a7
MAS/2010/page_29.pdf-4,MAS/2010,0,True,True,STRICT_FEATURE_ROW,True,KNOWN,unknown,PARSED,PARSED,PARSED,19f11679d5026af660b353d881408663e4882dc6e39cefb3497d906b6cb78fbc,550e7bb226b15ebfb0320abe561f13f1d00ef67aaee1b03c3306845f9ff027bd,c46d797ad0d59c787862cf679145659d99c27e794429dc98b541ab295d94eebc,e4dece73a942c91672c14ba5f4eb2fd5f9d3d51841c709bb97ae7c8a0b2ccdd9,abd24e79e010af473e5e62c2aa43fabe082f85d5c3d51d5198ffbebb15ef1a91,fa4b2f687c2223961ae56733280b643e8af0ab62676a4fcee301911d1b8d74c8
JPM/2008/page_86.pdf-2,JPM/2008,4,True,True,STRICT_FEATURE_ROW,True,KNOWN,unknown,PARSED,PARSED,PARSED,e8eb1bd5f4b20442b1e3cd8ec3b2cf19371ee5a04f548e9cc85327e15abbcf48,825821969a29296d706196f72cc059d81cf13aac82c9074bc8b50843d512b6dd,627d2a7d00cf768a52a143eb9f8f96bd71240c4077463eafbb840515699a2dcb,354f8d252482f93a91cdc9a123b11321fbf089b01dd9e763a1163a58d7e53e95,0d9ad59131c57cfb5cea8d3f9c3d6f67aeecb3d6f1839539fb2d1da220730455,de5a51c621b7fc746ff77afbac4e0cd7b7860fbd7874415489c455b2b2dc3e2a
AMAT/2015/page_14.pdf-3,AMAT/2015,3,True,True,STRICT_FEATURE_ROW,True,KNOWN,unknown,PARSED,PARSED,PARSED,18eb83715605a491738b25581150d33e4a7b76f1967359a1f6e1abab255344fe,f71e893bfe564b6626ad99866ceba3855d0ff8ff8bb2c1c639700b1b532d08b0,f32a4e9e526ceec2de8351b5c44a43f6982c72bb49150228a1f3058cce94f7da,c97b22518e4881cc61bf3b26cb50db5e559572d79a1da8a3554c5d340e94dec5,346666149e9ef3cc99a8c19b9d41d8b81f6f2ee872e82512aec3f1c2d9eb831a,2ce70b98375a24066b01a58f97128794c51720ca85c4a54f2b3ee67ee82911ad
INTC/2013/page_40.pdf-2,INTC/2013,4,True,True,STRICT_FEATURE_ROW,True,KNOWN,unknown,PARSED,PARSED,PARSED,ace4c28c161767a35c0dbe6a0b4c809d91e4b9723b147adf6266eb0def25f855,26deec6efc24acb53d0f453057df30b35a5e116791e8499c345a97c9d630d9e3,f5c294132bfc977352f702582a4a3e2ad3b999e3231f1f40a59f8f94e54275c6,0f24fdb61e7c0b654892a79999782eeea938d240a6b80f79f87dc869cfdd6260,016dd6b7f6b7b74d696598bc051d03d0237438bb2faaa4a4d5f31b50b5c1d721,ac599dae10d5044600e9514a16f64f9f8e0a9e9ce39fc4ecd5f0563e958cf0c6
ETR/2008/page_438.pdf-2,ETR/2008,0,True,True,STRICT_FEATURE_ROW,True,KNOWN,unknown,PARSED,PARSED,PARSED,ceb7e97850c4ee9c3e59e1e9044c9bf4e73723511dfc04a49fcd72fe3cb04355,355fb8654c986d3db9fa655af0e14288dc92e42fbc66c7fd77b70ae9c8985d59,5a67f820a30b148f4cad90efc7940bf657ae2667bb8ae1223d39f4fc6d0901c7,0720eff3bd0d59867928a0e7872272cf5d1f39fa6c153b3322ec8a8192b1fa9c,7f1dc4e68fb85902fd83effe82540c8bc85a7016953b9c5a560fd7b350618114,2191dc2d11ac07400f8b31703cc2ce5fdef03d186660a77e6aca27dc13f54f80
WELL/2016/page_61.pdf-1,WELL/2016,0,True,True,STRICT_FEATURE_ROW,True,KNOWN,unknown,PARSED,PARSED,PARSED,0f8086dca2b3e72ed0ebbd85168b5be0d04af204c50673a6803efb0cd91f80de,e344954c459f9f579c2e0741d7ebd75a704d08f64008c70470f779ca592c3570,bc5714ef8dacf3bd7ab6e4c07ed7a67f99d6baca20148ea659a13805b47a92c5,93bc8469c9d0fe53a22d284019bb1ef427cba8ac61601fd7a974b5183be925e8,80d9e2efd979ad68a42edd7286aa1ab529bdc79439538831cf9a6e1481aecac0,a4f65843b11bcde3a8d808eacdfbd3fe30b87d0dd4b1a179cba9a34e6daa9cc4
MKTX/2004/page_24.pdf-1,MKTX/2004,3,True,True,STRICT_FEATURE_ROW,True,KNOWN,unknown,PARSED,PARSED,PARSED,0fd17122060af3b438b3bca0dab845859c3b5c7311e79553adf0fdae32b8c50c,1c59a65788abc11cb492a8b6cf24250376cb8ffb1a291afc62216c80c40f9551,8da3936041f668a46552836203b041ee89dd0746ff96fa9e2a62b7e0d464417a,e427ae8b4e2dfb2ddc1a707b78ba26fa89d365375b0f4233b70c6bda7d1c16f9,14134dadf5c0882a2e2cd121929173d5cad3ac5c204f69d6a445579637c80741,2e8eec41c36afd17d9bb8bb72e5a73b8423dd7971be4f551e5a893c784f1d024
AMT/2014/page_88.pdf-2,AMT/2014,4,True,True,STRICT_FEATURE_ROW,True,KNOWN,unknown,PARSED,PARSED,PARSED,ffea46553aadce089ff8035d5c16569271a96ea9505eaec6d8fe45bedec4d3a7,b6e3fb4aaaccbe7b6c9b2179f2cb6f6a592d78e6e2cc49b64d6c765daf2fba9a,7beaa50fa6a383321cac6598649e9d45288889f29d8cafb2986f8b739a9bcb5e,79fbc5cfe6dd4a9583fef5b17017fe5ce250734dcd25ceca2d561ab59531cfb1,7ec6fc4f093378c8f054f3588ef32d0c5e23b0038a8e7164eef05d7995749fb1,ede80ffba80df19ec9519a982ad59cc9f467316327ba6bc1bedfd3b6ed8fce61
AMT/2012/page_123.pdf-3,AMT/2012,2,True,True,STRICT_FEATURE_ROW,True,KNOWN,unknown,PARSED,PARSED,PARSED,e4620a56abe4c8eec70893dc6a97048c0164900e8d698f3dc0d97107c5e64d7a,a698f05dd42814617b09035bde4676a50da16ccd1361757716ead41259433e67,264150fa26b47f660aa655ca6aad73ea675a419a02e57dabecc64d026bdbb28b,b112279fa4883d54e653d087bd2910eba7b4975cb22c64fcb57019b7c69989e6,d8f092802bcf2a83d3ec692bc6e2061cc2ce483b5860ba99b276e481d13e691c,8f95b64f57bb648efefe06184d448312fc5718febb024b76df3548110d8d0441
FIS/2012/page_11.pdf-3,FIS/2012,3,True,True,STRICT_FEATURE_ROW,True,KNOWN,unknown,PARSED,PARSED,PARSED,6ff897b9021deb5a19387b063f5c1ac5630e2bc35dee9b174fa84a0f79672063,8de6b9989df1533ea039d4ae9ee6a02082403c1967a4d10d674c38d3c98a42ec,5907c7ac3c4d1a6265c9a71a8e4ffd085bc183fca719388d3dee712997bcf909,1869efbea01973803abd85e00198ffeefc9bae563ffb247f4d14d841e9f11319,6237a1a54435a96cfaec05c607833da509de358e1f2e096e407fc66c63c09cf6,440f4fddd6f6b57d0cb2c91992127819e85498cdb5a279fcd52feb14ca0e8137
RL/2009/page_20.pdf-1,RL/2009,1,True,True,STRICT_FEATURE_ROW,True,KNOWN,unknown,PARSED,PARSED,PARSED,c4617baf9b67dc590315351ec1e19c493cc112cc326758ebec36a7ac1d64ed3d,e203004dcf7adc832b922c2f59730615a21b611094a33da65f1f4a3eeb28128d,7e1282ac51193775e7b4639b92b32838f2bca7cf1919ad3147f589f7ce113ebd,10a322d28eb3e60356cfa63f9b789ebd75f4fdb1019f4a3552f439a9fd07bf01,5ea5eebe23b5c9b56f77641a97b6c1790bbcda46dd2dff4713b894a50b1692fc,ee61261f79008a7ea4889bde544dac07757d5cb368cb8849f8b32585a8e5d941
PNC/2013/page_85.pdf-2,PNC/2013,0,True,True,STRICT_FEATURE_ROW,True,KNOWN,unknown,PARSED,PARSED,PARSED,6802bda1e5cf251439dec879ecfd87e1e2ae729af1f09b96f94fd013b5e974e4,4991ad796d1e77bf0d44cee3971f2857a57bfc0da7bb805cd37c04b7a760d385,f6ee504c22e1658ce386d3c7af3ccce819c62ff759ec5ddbb25f0ed1af5147e1,12489aa3b32f7b763436e7c5867260c84c6cc1f9e3bcfe5097bd03481b7bc9d5,8805fa398840fed431e774e73c8f0566d8e292568144c8b9ec9a8a6c65566878,d61c7360a35ac3508a2cc4be447a27ca5d3653beaaa0d9ec0ad9734bef46520b
EL/2009/page_112.pdf-1,EL/2009,4,True,True,STRICT_FEATURE_ROW,True,KNOWN,unknown,PARSED,PARSED,PARSED,148bc05f957ed3f5e9374d204cc5f484da0b790c93e99c038551977e465f968f,3b7d97a9335a4193cfd93874b63b3268c81f8aad98ba56149e98415001dc34fc,ebf684baac8eb08502cffc1c80df37ef8cb037dae222e435774b3ed844cc84db,6351b23f018bf80fdffd16f8914140507ec4915be200ebe4d4b6df5734eb1e4e,688c1ff0d804be8a3141e0d495309b10e75024a835e40d801645b6bc71053638,f09107b2c9b450dcced7f3b1527a65e2c8c953b09345feb85390221369549d59
CDNS/2018/page_82.pdf-3,CDNS/2018,1,True,True,STRICT_FEATURE_ROW,True,KNOWN,unknown,PARSED,PARSED,PARSED,463ed9d615defab7819b9dc47bf706dfdf6026a3619099af7a6c0f27613f1cb3,6e21194181a019532ff1cefe75fab3768f02ecacb1e1a37dff8cd4407642f324,7156973c774146e9f6695c2879fe53c1044d54cee152d2772fe0ba4c804a5da6,d4fad5ef9f623fbb2cc602dd85010fb4905038a7316c3b641711287f29270482,e1dfaa46c23acaf5b2af2b7f80e48176fb643a395b4d7de2d457fcb547fc51e0,8b2ee623fbc11ec8a37f6493b791e777f55ef7d7d0152009134bb495dfc710da
RE/2017/page_145.pdf-3,RE/2017,0,True,True,STRICT_FEATURE_ROW,True,KNOWN,unknown,PARSED,PARSED,PARSED,3225855a64f163a270efd43eaf37d7c2ac66c8e146a23e19b6c4c42a19b8328f,57f34ecd6a2092e1e72099bc1049bac7d3e5220718c3fc00208a81584a59cda2,12d1a986de6c7c4d7c1c5a76506d004a450bec3ec4d4b489703aa598cc968c35,31bcf051ae461b9102b2ceec15e47b9ff8752e84c7a0d8c8cbb85cac8795d501,92c6d1853d2215f6608501c33cfe1e12386de07db49af3b89a19d89f93584dd8,69aa8b57ebc7ca4e9f7adad4be759ad42589ced6064316d53b721b02c477c701
AAL/2014/page_89.pdf-1,AAL/2014,1,True,True,STRICT_FEATURE_ROW,True,KNOWN,unknown,PARSED,PARSED,PARSED,8173a328424b15a5769655a757586d78c580c135115b84900b2d38d2b2e564f6,2122eadd92770f420b500b750ef2080645de24a684c9646f92428b35813faf09,05c016b1d11eaa7de24f6837efe2f9d4bdd0797e3841327b1f29770ab923d6e1,422d87ac1b329f8880af87993de08f0f410e22b7df588a5e24cb748b9bfe2050,3c1a017f434fe4fb956083cb24b12668071a2467d0cd68f92fdcf7c5663ac149,3579424aa537c9edc17072f3e5472afc14e48cea1f8532dcd2f4be1fb7d94492
RSG/2015/page_18.pdf-1,RSG/2015,3,True,True,STRICT_FEATURE_ROW,True,KNOWN,unknown,PARSED,PARSED,PARSED,d5e54676fe1598cd806bd309959c49aa0de24b23574db75a9fa429d6ae8205b8,ea3fad4e8b9133fe284214c19b95df0c6e168438160300334a833e75e3527c4b,dc956b6d723d4787fe6bf2d2fd7abf9f185f0280fbd6495d5bcd2107dd741309,e2e16cabe96062b707f77996040e9da467fc3ca2cac63966a1b38af4a751406f,ae0e111356889401ab57d77ef47d52a214f3cf14c8662cf62ce42c01ebd27ede,dbf43ff5de45585a0f0c5bbc2e230e16070e2146430040d6df15cd2d5691c0d4
RSG/2012/page_145.pdf-1,RSG/2012,4,True,True,STRICT_FEATURE_ROW,True,KNOWN,unknown,PARSED,PARSED,PARSED,f7fbb48f7da4bd692546b6c39298630f02d0711cf9964fcc582d9c068fb38859,accada564085b7e396e5f8c1533686c355cbeb4a0ed356f0a0cf595b267bb581,ef945f1f1b331358290c5285af2189e1726e60a335c051ee9ca8b67d2a896078,5190b000817c0e6a4ceb5589e4f01f2b61b8bf17bd71dcc1a1ab4a1bfcfa340d,779b1d978c06e24aa24f6dc9e537cfb28110a2cac2bd41ce01457978f066c89e,12bf332f52542f694df555dd566151a0dd4d96c7cff8c03b3558f2deaee577d9
DVN/2010/page_70.pdf-1,DVN/2010,3,True,True,STRICT_FEATURE_ROW,True,KNOWN,unknown,PARSED,PARSED,PARSED,47c10093796c33f835b640684118cf08e4f5b0674c8a4ffdb7488e47b1c57ba6,edf8c1c5008f73b9c43d768588dab3c04edfdc5294630d47112da577ed96b72d,34b873f160c2193c61763da52276ca76a5fe29807e1ef786069d95bbc8ca255b,9324ae3fab8b52cb5842c7a6d2273c1cef72701c3f8c674dce1f9d376e4c6a62,4fbae05504b0a93ff5733d1278bc779a82ac94eaba1362976b0973c531d4a32c,5df2937ba3d41b0c54a8430aa7d0413032e1c21ae9572fd2d8c894914a0a843d
CNC/2003/page_41.pdf-1,CNC/2003,1,True,True,STRICT_FEATURE_ROW,True,KNOWN,unknown,PARSED,PARSED,PARSED,db030cf26b378919367d929325651e5310ed90c51e2c6f92f0984b42f1dabc83,716af2f0ede7f3d1d9be55953d3aed7e2d39b06ea9b952f5f017f25aef138583,9c67d51817de9f78e19dc2ca1dbd7eb853fb33c40e26ffd2261b8a954c4b7f8d,9df242d5ea68a60fcce2026c7daf8c60320738ed0036e88f2acb1cd2053bfcdf,a124f2d0c81e841829b8fdb7da2274b836152d8214ffb5fdf116c405c035ffac,d68d5e370ee7c8b37123165261a08456e621aa820bdfa53105966ec53b36745c
AAL/2014/page_92.pdf-1,AAL/2014,1,True,True,STRICT_FEATURE_ROW,True,KNOWN,unknown,PARSED,PARSED,PARSED,ccd23594346e1d9d07ee9bc5efc7bf7d673b6ba959ec25260f579c740398c20b,bd68eb748d26d5ea73f86ee1c81d68e8b3ec2ec82c7eda17f1c83482af43f883,e4cc13424cd601553084b23d42abbb84eacbbc51a0ce7e11cdd2e77f3ccd59a3,8f08d6efd978be1187438cf158033eebf84062d41196477b417c7450e1ee846e,57c37ee474fd2f8f9b528014ffdaecff9294c546e8c58bc7624bc4d37e33dcbf,f2b939c41d04a3daf2aae045f6952f386e3cee00acbca1dc308e918014af5107
HFC/2017/page_103.pdf-5,HFC/2017,1,True,True,STRICT_FEATURE_ROW,True,KNOWN,unknown,PARSED,PARSED,PARSED,7224194022f6c05e1e8cbc4f1fd2e835b1886186d9daf4998937760f278170ae,69aad425acad62bfaeb5dfd6a79a077525ccbc68ca79f4c363bab4785275ce39,d2a117a5a67e2f69f179f112b215c43ffa99e20fe476486b186dd640aca0b3fc,8e327e408cf5f334a5d039072e1493228a3370598441d6a08fc30b9b90ed9d7a,54a257f56f9555f5bff880f6595f9a1ed19ab86bb03b72b05302a2844e73a2f4,e2426125c93a338f3f556525611c301fb9c56a4ac5de2b38835e072bcac5ad5a
AAPL/2017/page_23.pdf-2,AAPL/2017,2,True,True,STRICT_FEATURE_ROW,True,KNOWN,unknown,PARSED,PARSED,PARSED,67b8f35da7356ede9df53ea61bf4b9c0f27a387b4727e7d360300b372f440281,26ecd1350a7499f01d93063d298ca6f2c46f42af166e4338d33af0fbd0095b31,9b705c2159d7e14596b382e7f0417cb05548f871391985e1a54f3fc8bffe67eb,97ea10bc68c51f33df69f961efbaef14b81817acc784969fd2565bc40ae3857e,8f4534eb04fc07b15346e3f3685cd7ea9e1d50ce97f997423147ffe57f2cce9a,1cd21c6422bc11d72e083752c9d25c421926c236964324f6fefdbf7e9903e089
V/2008/page_165.pdf-2,V/2008,0,True,True,STRICT_FEATURE_ROW,True,KNOWN,unknown,PARSED,PARSED,PARSED,7dc991d79cd29416f646842ef10cd4e03ff4c0ae83361c2940147bc8664cf62c,0abe86204679fa2c7f10fc8ffd6234f06fb82566a7ae45b78a44c265abdc6a29,421d6cab76a320ff2f05a5c7d6f9b35ac4bde785aa57d96d1ce2e81fd6091b32,960942a9f5e1e0fbd1060819d4b7dae7125c8250e94dac1f0eb70e7798a19368,fab814e82eb0f3a4dad58678a6d03d20458decab495ca3fa08995bcfa562cb28,223db1b684636bc14d252e88dba5f6a3eb7ca6747e6e78bca6c8d446288fd9ad
GPN/2017/page_76.pdf-2,GPN/2017,0,True,True,STRICT_FEATURE_ROW,True,KNOWN,unknown,PARSED,PARSED,PARSED,877801ab2d11c11dbad8b8d4b7cf148fd5fb730d34c5bc43e73b052e27526ae5,96f2c2c43e1cefc61d777f074be4cae0746a9c07f950df6925a3515446e83aac,8f67afbe1893a207dda70943a80b621032d66f8893e760522509e8971fd9dd02,a7346c2fa2d403ebe02e05f0da68a4d0431359ccc25d616206672a3984c3e325,b2eb45a12d49b65b732c47cbd273415c423844c0ec0267104480fc35d20d5f2e,984dbd9fb6d3abee545b948f93bfc34800d89d993becd7652ca80007b2275b65
UNP/2018/page_50.pdf-1,UNP/2018,0,True,True,STRICT_FEATURE_ROW,True,KNOWN,unknown,PARSED,PARSED,PARSED,94732b9705082ccc6d618b5e8f91abaa7308496e04b849299f09b414ba42a7c9,c70e7d8545b7644a35bcc264fcafabf7639a878b9075e1b53b819326cb08d7ed,cd75caff04116db0266bd671d9719d72d771b6519aa78ebf5cfef31c7f0788a8,cb338188e053970678fbb5800fcf95febf6c10a11ed82eaafbf33021b2b3be53,dec532ea82e70b2460f6f0872bc94ab4cb72831cd477384d189f1c4b73004014,aff603aabec2ac159100e8ba4746d148a258381e2b0e0e05c5cd06898f63e1a6
IPG/2017/page_26.pdf-2,IPG/2017,1,True,True,STRICT_FEATURE_ROW,True,KNOWN,unknown,PARSED,PARSED,PARSED,01a415a4ae163f79bed12300a1ab7d7e16dd88799af50b5d17e8b30e4d7d1be2,9f9722e747bc5fa77963b0a388e1bc680dfc5c73cab9e8120fffbff74a056b9b,239c7b99adbd4f266b4d19d0944a68780732e6cea361e23c161341304709f2be,92860eb2acf75bd116427c2fa8504945cf3e575a020823c445469beef3d33a4c,7c34ec59df8235fcf806581bc8422b20af79b5f876cf6949c800c62d130b9e3a,0241ca730c2b2f9f385681026c85abfc90734660eaf42dc16f08507017d198d4
V/2013/page_113.pdf-1,V/2013,4,True,True,STRICT_FEATURE_ROW,True,KNOWN,unknown,PARSED,PARSED,PARSED,63084657646d2b56370cd3195dcfbc4f384c80b333c493dfd64f090e670248c4,a24fc901952f211f6746b11bd28656df5d1c20291c8966db5e840ba9745b0006,6f835f7e8151da49af3435c05d21093f13dd6bb9c59a1df4e7d4072a086147b3,7fc9229b8ecafb8422ae6f89eeee3231f0f2bd98ef26a81027fae43ca5759067,26d8ccc115b54a53481075552d18a52716cec9f6cf64968a7e01aa8702ce2904,d82cb216c64b240e4f8ad1aadbbac209a6b41216a6b544004f17b0449a97b035
RSG/2008/page_127.pdf-2,RSG/2008,0,True,True,STRICT_FEATURE_ROW,True,KNOWN,unknown,PARSED,PARSED,PARSED,4295db5e2ac9491a19f85dd665e55579f6d79e56219e179f7297630ada2ed642,9dc590765ef96f5de3ac831554c4d70e07687e43bcdfcd6430eb2d0d2cd6dffe,ebcf1bd025bcdc7453328edd04b62fef747febdfbf1a2629d9ef113e67f9eb15,015c08cc1bcf88fa19acb356380d9384aa991ffee3c4ed20d2a6e6df5113157e,ffa89f2f48382063b96a25a0070fd413b47ba72d563c19c819fee43048035483,4ff7bdf4138b332ed894e3062af8476c812b121eb8676ecd9972db46c1be8587
MA/2008/page_113.pdf-4,MA/2008,4,True,True,STRICT_FEATURE_ROW,True,KNOWN,unknown,PARSED,PARSED,PARSED,0ead20bb81241869be884d3f6f4128b000c16419dae9a1b3b00293a360cc2ccf,a22ebf3019a0e6be06a70e2561588fb454ee6eb334f3528e11d2da9b241c6128,df37c20a8bf7f0c1cc8a15e7da933a88e44da1126312e23da3b9e07f51d82b20,f2885f80ad60ed10f00885691636b43c9b35def156538bade9bc0dfcac380cc8,8beb988fbd869bb93a0b2c86d4382d2026ef0d0df88ec15eb8e03cdd88e1acae,ed83b1026e59d0fa68ec1de0784f9463bb5e4a8822e146ae03a9b71e43e07dac
SLG/2012/page_61.pdf-2,SLG/2012,2,True,True,STRICT_FEATURE_ROW,True,KNOWN,unknown,PARSED,PARSED,PARSED,3eb1b497686bccb4c5bf194ee09393fa416d13847999dc503113ef9e72632121,0d422cc21d65536f95023b633a599a119c785534930bf210cf24e7cc82ccfc29,4fb6684991d08e9bf942bf01c2b07f74b001a1b76118db7a3701536bdde86953,1f26640ee11d184f12a6bb480fe0f3b6d4f93ee53847732ef782c8b9724c202b,658ef55012c1b3b9ff082c1c8391e0af5a5258d442c08c2649440c63fefec772,6eba1e97a52fc8c2ad375f9531f5962098b1ad1bcb2c22726b4f58b8765f3f84
AWK/2018/page_172.pdf-3,AWK/2018,1,True,True,STRICT_FEATURE_ROW,True,KNOWN,unknown,PARSED,PARSED,PARSED,a00aafdb3215ae97aaab2aa86cf6ee5d7b400df8aab9a6218e13f15b381534c5,7c48deafd3c754a19c4ca814a6f312688a09d6a48c817cdf08ed378a97b57edf,63935b221e1d2743562edb22bf82b1057dc5f003c17eb1c7309439c610f8d619,8bf3a705304b83f9041640b882435be5dfd88fee4a32f2f7cd8de58a36406a5f,1160a6e6770a853860a8b31fdba7ae2e40e025b1f2e5bcb9fc7581cb6da6809c,ea7731a154c88736ea9ecf663cd22194106ec4280e349868140687536eeac109
ETFC/2013/page_155.pdf-1,ETFC/2013,0,True,True,STRICT_FEATURE_ROW,True,KNOWN,unknown,PARSED,PARSED,PARSED,235e7db17d90c12adabb51ba5a4a304caacb0ab31dd0b8d7131d9343adcd0e29,5ff8854d07fb70edafacd1b62b7c7bb6c2f0f192afe04739e52408531cabeb25,67dd248d5298432f83276c211159b94cf02f7db7f0369592e936d8ba7483487e,77ccef4d4e97da7bd20bab8fd48eb243e3844b9e6c8c77dcc2e5b86610ee27f8,eaf916558e795ce6baa7cdd355962352b1c6f9043d08fc9711e34056e0bbf437,d39f2ad125c7babeee0f5a3bb2a9ef8a248dff4da6bd17f76abe5e0c80c0d5f0
LMT/2016/page_50.pdf-3,LMT/2016,1,True,False,NOT_IN_STRICT_FEATURE_ARCHIVE,False,UNKNOWN,unknown,answer_not_numeric,answer_not_numeric,answer_not_numeric,e2247eb0ed8895f90c77ef5548d7f86d2eab2bf0d0348f1711c7fede3c232249,5e17621fbe84e27d4f19577b3cd62487786be1e380b7fde277c1c8d583482c1f,8f35f1224347e103ec2b1468eb6af0e6a3475bfcd9654018f83dc3c7334eddec,96ee831008dba0301f65b55dad6f8dce5a67550576f83764fafb63cdcf89de7e,1f98dc1e2c8c43e18614d1bc5306369dc57f628832fd988ebf8a86df4d4145c1,1c0940cdb02826af798cba2fb1d005bf85b9b60272e66df1994aaaea6c97ccf0
HOLX/2005/page_27.pdf-1,HOLX/2005,0,True,True,STRICT_FEATURE_ROW,True,KNOWN,unknown,PARSED,PARSED,PARSED,4ce397d18045c5bfb4598cd07e51b757e3ac9d552fe7c89bf755641e45ef4633,bb53a275cd0a1a5ff42b590ece5efa8457cccb78dc3a9d5cef8b47cf76f29b93,91a5bb15f737c107ba947daf57f5bbba73de553af866be43293251a089453e6c,a93d28c1612ccca63ed1eafecf35bbba58a4789b911546e86102ebbdcef100ea,5872fa0a51000676e3a69381cc4a99bd9a25a475b0952cf3f2248a9055d09414,6a2b5e6ea31d29931466577ff684f5f65479b56e589b2d55b871816f2c702c16
LMT/2017/page_26.pdf-2,LMT/2017,0,True,True,STRICT_FEATURE_ROW,True,KNOWN,unknown,PARSED,PARSED,PARSED,5de7fe0e5f27f7371c19fbbf6847a04a7da76b5036ab1ebaf622e788165a5f26,f95d03bef0664eeb1d6be92ee367c6c6fa5767f08b59908812c7c6cbcfb3af7a,eb639539d8ea7d8dbf7b81999c6dfa1789c06ac2f06c375440a847de8c5c8b1c,03a9005df1329a07f128cf391d0fcb590ac45f068a5b86229a7c4aefec2a346f,fb78c7b01b6c52d5fe4b058891ad95c1b286540aa393c40b25f4bf0a25cd48eb,21e94e9173dd763e5a0dc53a7baeae2909821d04e0e3321f147210ba8b1b2838
AAL/2015/page_183.pdf-2,AAL/2015,3,True,True,STRICT_FEATURE_ROW,True,KNOWN,unknown,PARSED,PARSED,PARSED,e32a40221b16d894b6128e9c9604340c144268e6fd6daa0c746888e75c762209,df778d5da46c9dc5dcd820a460fd33579dd983d7f8574f4c417b32da24bac47f,a0beb537f47a4d20ab7a2a72c4492cdac8aeb8ee28048a40507e4d4863bb1047,1eadcda85c4b01f2df9128ace6d7882997bed1a6cf3b882df1573ed328bab2a3,c2c81639d49542e52d2fca42970d5848b85ae0fbdccdfa5d1c71c8c732a6e4a8,92021e25acd5613bccba5b9323852a347796d370fe1d68167177df21c486b07a
CB/2009/page_220.pdf-1,CB/2009,1,True,True,STRICT_FEATURE_ROW,True,KNOWN,unknown,PARSED,PARSED,PARSED,0ac352f1d922db944aa0a75e8f8eca79de2c56ef68fadfc3639a8f1a94f582d2,4af0cea2a2f744a11d3421b6f2e299bd5ff1abd028083b0cb28abc1bc93d0c3b,c1995b11550edc8f0634baa19148565e2a8faacef05df677885dd6dcfb7726d5,3842eba21dcb07fe48d58f53a48f66af6f3b919d009c0ed0768eb4d067e17ca9,2fb736d21554483bc52e1aac71f0f399b27b79434ab6ec22dbe212780bc309f6,b2f55d586db458caa1fd79528f51a6afa81025bcc892b4c73caa66426cf92b81
HUM/2005/page_80.pdf-3,HUM/2005,2,True,True,STRICT_FEATURE_ROW,True,KNOWN,unknown,PARSED,PARSED,PARSED,3f32ac616fd186567555703a5e642641bdb81237631657e3811c7989cf3c96ab,4a1561abf17ab4f91ea21fc1d9445618883deabd83919752a1b29e5c253b4157,d66218cf95a23f0d5d34114773737cb05286d07750963b0256ad304a791b29b9,09fcc1090818ab55f1ce5a09c3963c555570d54a710f697fe160552713e383e5,c075e5000409d07c6a95541b17f98ab7a831b9a46fca994eef5cba5e23bde2a6,f4641dfdf498c64beb5c6f6a6ed08d308077cd62aa3eb2af9a49a0f3ddb6edc9
JKHY/2015/page_20.pdf-1,JKHY/2015,3,True,True,STRICT_FEATURE_ROW,True,KNOWN,unknown,PARSED,PARSED,PARSED,43c4db4712fb1359360e76bc33c38192023d8cc7742f7abe528621effebf70ef,38eac1b04e8b124608ea2abf33306a9a1957df216294303101a056fc2f8fcaec,a9f74843ce101b9975d7187a1484b95d8b94beebef57121c0f0fd965e681115b,e95244ab069aead930a33131cd04e2eb04dc55a753955e6e89a2288b1c961a34,2c5a90f308981c1cac6f11347b636fbfb58d54443e71bd53ad7a8db692bcaba0,81901ff50f3cfd711347bec75a0da03d5653fc69b5e2476a83884e66e7d57641
GS/2016/page_183.pdf-4,GS/2016,0,True,True,STRICT_FEATURE_ROW,True,KNOWN,unknown,PARSED,PARSED,PARSED,823467b2807656436004a0a9a767ecde1a7e8a0497a1a7716183fdfed30ab9aa,54ac25541160ef43995660217cff2a8b01c3d1079ec05eaaf3141c6b5cd000e2,04261b8bca9ee49d3dba16310bbfc010c1af3c55c8ecd199546d8ea3713e4211,c8c3c693d2213dc7e91719eff63358f0ae459fe22d2b8267d610521bbc32ded3,5ba4bb55c2cfafced384e31fb6b27391de3626a480853c3852e9a3f9b2877cd5,bfbd4df3c01d2d7b33396e15a5f3127dc3de4101b683b36e730d80cf8579debd
C/2009/page_255.pdf-2,C/2009,2,True,True,STRICT_FEATURE_ROW,True,KNOWN,unknown,PARSED,PARSED,PARSED,84faf7842649a58ef69d5e066c23975abd213f661b712f9381e420aed28afcf3,9b13a0b24aabcad0c64c344b82c82bb32330096e526097102347eb9c29ec344f,16da8683a5c8d2f33c1f0023630ed77c9aed1dd9111ad4571806014eff0ef4e7,b1424e997ee350d1172af6953aa7c36debe35febe8966a0f76f1cc329fa3f714,3a59d81bfb37b6a8c323049e2ac6e3c5ef9991ceb15154aec12e97bbf714e3a0,6b658cd60626f43ab6e6d1fa684249b3f870473e41e9169fd78885738acfd716
VNO/2010/page_88.pdf-1,VNO/2010,1,True,True,STRICT_FEATURE_ROW,True,KNOWN,unknown,PARSED,PARSED,PARSED,6b5e30025802643d780e84deb0f1c1010470b9bf2bbe941dc3b393d7739d1963,679b81ea8fed2368adeed437c31ad750dff3b10b2568149761c0acff3a246ce2,a9cd1373435b9056ae92514fcdd3bf040b5e07d2700c8c587f90de1ee6d4fd9d,fa467c15853f4f78de4e71c09d287d3e850303d3bab6f97e3b70da833e0395bd,1b00619b7d6d673e192b87c7424e2db7141946972a1b5539c87feca2b990ce2f,6dc203dde7bb332464727a7ed3b1abe0f9acd2711eae6be17ea081bc22868a66
EW/2014/page_35.pdf-1,EW/2014,3,True,True,STRICT_FEATURE_ROW,True,KNOWN,unknown,PARSED,PARSED,PARSED,fa653cc5ffdf0181706c7248cbf65fdd4dea779f88ade3df47c27a44d3727562,01591d0cb612305c09959d0b7f04b04c4aa35a062c0eedebd5848763413e0b73,97f33fd9196e0a01727dc8aa7c992b211cbd4a33f242b084cc29901e574a9588,e23045480f6c921e8196897d3df9f0adc85351296d63b90e4fd2a6eae1069ca7,1e72a158706d47faf8636b08fb256ba35caa4596412f5089c09c63d023db9def,e11bf08927f8bb44a3431240bd6dd6fa8b77566dc7fe4c065c5c441b30652e61
AAPL/2015/page_68.pdf-3,AAPL/2015,3,True,True,STRICT_FEATURE_ROW,True,KNOWN,unknown,PARSED,PARSED,PARSED,abf00d123d555a940e85a2700d976c2c069f2aaf26ac1927e716d53de4e5fca4,79c030b33c8eaba881bdc80a4542922f40e5b8cf10e68a06ccba74ab685149f1,a6deb4ec7a85bbe819e484a109c0a2fbf93fc03e6d29ff1586bb93804ded9564,1b8d485f20fd208a0e3e443a2c33963c72d99fabcecbc5427b499f07e9de9e58,93fe78936b7cbc7a032d7e28d10cac3e36867de10723c227ae2df92f471211b2,c6aad63f2a6c484eb479b9575421274854f81517162a7b39a7814e5fda955b85
PKG/2018/page_66.pdf-1,PKG/2018,2,True,True,STRICT_FEATURE_ROW,True,KNOWN,unknown,PARSED,PARSED,PARSED,a9c061963fb98d8a2c0799b2a664e5bd77a67ee5492d1df6ad491648506bf907,7372f5682abe7d6dd67a788d88beb49dbd4b6e08bf6151d9a846dddcd693ad80,7ce3b3f0b17896dc7ab80bc3973f796c5a615277373bed89b22fa7e2065374d3,3cc14f10625fa5588740b81dfba4cd82856ee0eb8c3e8a245da273f1ee4f3ac6,4c3da5841dab47222c920ad6af5a5772700e6bd6834a2199ee26d8e3678d8b13,f392fffce5c46ef77b068dc56dd65063696d4a930ee3f283912ff060e31d9dbe
RSG/2008/page_141.pdf-1,RSG/2008,0,True,True,STRICT_FEATURE_ROW,True,KNOWN,unknown,PARSED,PARSED,PARSED,7d295602df4358537c629d89861ba0b53476f03e176e72e5c748490b9f414dcd,b72afa33a78b222ec4572ecd08fe9ae03833a4e43ac8779c46893f1475be06c6,bd0f532e5d83957ee4b66465ae1105c8c7a8539591330c1f258660eb1d01b68d,29f73b811bb2b9000a1c057d24107d1024ce631d8f075834be563c55b9bbbc00,d8e1151a101ce1602bd6d555363e3f81f1fca78513975eb831b5f1bab939fd8f,50f4064a00d94c35a577ff819ad3b1509583b0e7ceb1d5f824143ec98959949e
TROW/2013/page_25.pdf-3,TROW/2013,3,True,True,STRICT_FEATURE_ROW,True,KNOWN,unknown,PARSED,PARSED,PARSED,cc6f69226996b506ca7d8b6366f6c60e36bfaff0bc936e2b19a2421ec55dc4b3,853fe29698102590957a5c569ed63d783823dba275208d9e1abea0086c9be105,09c793f6ca80f5ff998f470c78bcfc2ce8155016bdf2a5bbc5a6c1054dd03eba,a09b7243229b9bd98dae5f0e25ef286f4f3e777f23ec6af6ff5b8cdd8ea4741d,19cddafaebdfedbd2595e09dbfa1eb5a3f6867c10e006b63055e8598e138c745,5470a82ebd762fca1b78389c57400fdd594aa9a1e919b8212bc7a400eb99784a
HFC/2017/page_103.pdf-1,HFC/2017,1,True,True,STRICT_FEATURE_ROW,True,KNOWN,unknown,PARSED,PARSED,PARSED,ba5ff93970e43afc364134280ce138125aa546faf6b12405faea1306bc6cfe8d,dd4c93e1e267a4ed12257b800a6d78f01a25c4d8fd37e4fa36aa28d62556c54a,1d522be9713aa98522026879e70d5832ce5fbc4897e5da9ede530f21de76201e,e15010c2f5baf1e53e16359816284260d598c32e2165e21a57ccb651fd9d056d,b22f49bd4cd0cbdb4c7ac14deaacb4458f874a7629c05a73b8d30d775f5c8d7f,df669ed8d63d4242d44ce97af95227bc03a7b0206eab05730c36ef52efb59e33
GS/2012/page_177.pdf-2,GS/2012,4,True,True,STRICT_FEATURE_ROW,True,KNOWN,unknown,PARSED,PARSED,PARSED,9ec2a8c827104eeb1eae229713595e4239bb854f548432c17d0d9fd31c92832b,b5ced01fe4e3fd51dbaac3bab1cc8471219c72434b8b9861bdc87b53cdb3bb8c,55ceff30c0d2fb4cf3e080c159de0ae4515dcd4d6ffd5ce8571d293aa2d6e049,975e10bce5415af1fda3787bb8c2b4bf6b82555d61d6482eb5b2142cb97d2839,d13159836f699b8d111afb696e81a31b71e58a1f82d74d414c84e7bdc77cdcb8,1d20386ac4c50b9533899d8085a6bc6a25cfd6ffdffb92f7920971e985cc6b7b
RCL/2017/page_38.pdf-2,RCL/2017,0,True,True,STRICT_FEATURE_ROW,True,KNOWN,unknown,PARSED,PARSED,PARSED,8f1acaf7fe1cf8b59fb0a72b5522ce07fd7c8279ff657be0df96bd54eb8e2614,8754301e9d2e32ad41150c7f65483344c03f8f6d3395d81031449b57fa801cfb,52cfd80cd43e335711b3b78c932cf23b2db6fb22e06abe02897660165c2f1210,37264ed1952b9fc3c72ab2659fdd9844188a8e944b5791a5fcc9ed789d66884b,e8ede7bbb0de9dd548443bf7f7d91b20f538b7b08518f98aa7ca52dcd20656f9,3c46f5e5b45ef56d04fbd948664de276fae86b7db46e7dd54255c9e5227c9c63
SLB/2010/page_90.pdf-1,SLB/2010,3,True,True,STRICT_FEATURE_ROW,True,KNOWN,unknown,PARSED,PARSED,PARSED,b716cba57320ffde7aa4f7fbcb3d1ac049eede3e825e7bb15d2dac19da5b4fe6,c86ce956b7af1f1a180cc4d74156e0019abda7d3c1fac39de809c8529dd3b5e0,322bd98e2d64ca81d051e941fb888b309213bc3a0261d260b38fd34ef91abfce,ebcb7e266ef4fdbc4f56695362ee6d7312a5c352482ea5c94a1f9cae635e9f10,76ba1eb317aaa8bc61fe2df65a8f908000eddede79e651866d6efd96fc4adbd2,5ec2bd66db79f8fdba9dd2219bd02db3efd75973dd0e28de50fdb3f342e43032
UNP/2008/page_71.pdf-2,UNP/2008,0,True,True,STRICT_FEATURE_ROW,True,KNOWN,unknown,PARSED,PARSED,PARSED,7ea6c653e8685d66cc23ccc35c7051d54af99ee0d5401476df37e4eb17ff20bb,637d294f775eed0fe681323bf307252aac7d556c1812aac2c4c4b273353e83dd,1777c9fb15ba0cdacf93e8691df78bbaeb4fe27afee0bbf6951235881d701680,f6293d7b54f9e95a2ac31d0663e7fb72ef7cda8d7de2af3f3eb936296448b3ca,e7dda990ae12a80d3ec7b77ff2bce064f3fb78bbdad49ea8267027d635d3c2b3,737d8531dcaf3ce940d83c9eb65eee699caf61226be03ec3ea5116a5e41b390c
UPS/2013/page_34.pdf-3,UPS/2013,4,True,True,STRICT_FEATURE_ROW,True,KNOWN,unknown,PARSED,PARSED,PARSED,094bbadd56dd0773dbf03606e0b92d3b1e3d1d58ad9d51b07d151b3456b2fe80,a2d401d5ca49f9748fff47381ce8495907d77deb75a2e42ec7c8d8cc53e870f8,6d6e5373f9c1150ef133a8e4681773f6df959da696129aaace54275fd606a766,0d690f4991201e79cc93e492b7dfcd4491fda19c0b5949fe246569cf7944ea39,00e357ef5f13f820fb15835b1623ec1e0900b07d7e43412e9028b1897778df73,fa5db8a08c61938118fdaef36c40ba84f8f705d43254b55cb9e6894c5c1774a5
STT/2006/page_92.pdf-3,STT/2006,0,True,True,STRICT_FEATURE_ROW,True,KNOWN,unknown,PARSED,PARSED,PARSED,ce1a3e2b6581ba347c4e743b83d769dc1a5a0e7646bcc25d4868e77082d49c0a,a9b4ef56b647206a7c15bbaf5674487a197e8450f310d30cc68424bb0f81b46b,141fe4c2bf92c99c7d0b4ea82a9ede2d2d0d0ad9237b8beedf67851b64f9af74,ba71138562ff8cdcd4d5079504735c489d961012f74d68e4d2cf717470e94ab2,1c8465a40ffd3a2644383ea942335d9da7f87c3bac9e94dfdb8b5593cce1eda2,ab1897652d095022bbdecc20c2a57ea14fe17ad9dc53df329d4cc73867594642
LLY/2018/page_99.pdf-3,LLY/2018,2,True,True,STRICT_FEATURE_ROW,True,KNOWN,unknown,PARSED,PARSED,PARSED,3c77ed140e443d8c9a2cca88b8c4c633666de788b223793da035585d57f8814e,0f11132400ab729cb9475b02f76b5377d558c8f7c9ff9031729fa5d4876ead63,ab19c07aa188fdfb3a62019116d9a24821576d1f849eb602861bc5022cc314cd,af98f25f849fdc0d5b91a3e95cee889145a114a27234922faed5f81a11c07967,6dcd0e425822a8b7f589032c7592c06083a45647cad4db0c99f414c18f1b3ccb,1e786b67a9371fd3ba21c655b3438fa3349343cf8d014b9a0a5ada764f891b2a
C/2008/page_219.pdf-1,C/2008,3,True,True,STRICT_FEATURE_ROW,True,KNOWN,unknown,PARSED,PARSED,PARSED,cfba56d3343380aeb1fd3274171bc7637cabaeeb8b54cf45cb13db4ff6913d9e,dbb5d948b5affbea874325a325cb1b7f85a85309d7aca9f118bae6f6db898937,ebbc8ddf4b913a9c9c2281118f3dafa1f2e96019a2d1e27b27f14e94499ba956,3af96155e5d47cb76905f91b08b19416d27d95de73ca71ef45a6f80b05e7b87c,095ad66b46c70ce2958fbf7185cd3f93eb1ae58e0b3b8dbdf53efd5f5a7176d0,a020e6f561b36c58ecd41ec21bc8cb294a78d06760f6e86ac833e1b808fced20
ETR/2016/page_352.pdf-2,ETR/2016,1,True,True,STRICT_FEATURE_ROW,True,KNOWN,unknown,PARSED,PARSED,PARSED,8c98ef09cebcbc46f6d711736428aa23e292ef21cc3673280d7f92156f5e0ba3,3a867a875a033a92c6b06443b73f669cd65556367066b9ee49fa402c8d8fffd8,a64409d0c418b55f857b40a72bdc6203843bd24b8d6ab3485d46ca1fdbd923b0,0c22d5814de3ec5f2dd6194d9fdcba30aabea800d774d5df5cda7cc0cfd290be,af79c87cf95f760fe9ba5eec29b746a83925c7537a97ca815d85cdceb30f4f53,32a822d5f914910cd4d7596eb865830ef4a7275108269e93211928daff640497
UNP/2009/page_83.pdf-2,UNP/2009,2,True,True,STRICT_FEATURE_ROW,True,KNOWN,unknown,PARSED,PARSED,PARSED,a55ee0cc84137276491a1deae0492ac99980f0249d067ef6f33ee22868fe660d,57553963bafb2939ea015df41c58b440a292f17b27a1ad29184f3a4e05381109,093f6ead10ce104f8c477c9a5448567b858c9dd7c1c5e80fad9b13a55499711f,cc01ff79f3412b8c7cf35f3666175dfc44a1c97c1ed077a907557bc434318726,dfaa7da7cab6a2b7ba53a9539dbbf69df76c14c222fe270252b85893a15a76e7,366dfff52068a5ba508008a76ce478a63de8f7a761d3a5a47422f4c0104cbd85
C/2008/page_207.pdf-2,C/2008,3,True,True,STRICT_FEATURE_ROW,True,KNOWN,unknown,PARSED,PARSED,PARSED,35648cc134dc67614569eeb4e050dcb79882a0696e531587c25ca7de226a8003,ea6a19e32453c0389b889066f0669f8272818eb0ac102c48b2510da9148dd649,1418c2f66f32afcdd8468c2281a94e8269ab6eb697b781b605732171123c19ea,02606d98c7b76fc079a3a3d21fb31fb91d961bdc2d0f0c69d781af64b664c804,ee7915ad68645554b6eff239cae639d09096986ab832a61ac3359339246d2165,56d7a3d8f1dd3108474d80d556bcf1a668a8d55c67e4f5cfbf0e662ebdd00db7
LMT/2016/page_50.pdf-4,LMT/2016,1,True,False,NOT_IN_STRICT_FEATURE_ARCHIVE,False,UNKNOWN,unknown,answer_not_numeric,answer_not_numeric,answer_not_numeric,4323f68dd868c428d93ccbc6176a8e65a3e69d4399d94a463b1ace04525c6545,141fcbbfd22836fd7ba1f90c7f02c8d41971bd820d9b9fe2300ba030813b3560,f8ea664521351258831c6268e084e8ed5847b2d92f26cbef9fbacdf5953b28a1,274df8b504da900d7a0f4cfc1e46642c17618014eb611d6ff714d8f9ace430fa,d6da6089f75807c20a6dc6c9c020eb26ab1456b076d205e7b56793c6f0bc5644,41d57e8c84cd094b71fd4db4c63e905f0cee9bdedb0d5a1ec58f1053db3064e6
LKQ/2009/page_66.pdf-2,LKQ/2009,2,True,True,STRICT_FEATURE_ROW,True,KNOWN,unknown,PARSED,PARSED,PARSED,834f15758455a51257feff82c56c18f39ade711b5c82ba55fb27bc5a8b350c07,d0802a8e2f8c9315e9a723ff00ebabcf3144bf5bcecf25b86bb50823db2fe301,6af03d00f3691a95caf96e707159f45ea98fd2daad7c5dcbb77ed19c9c981c2a,72479c0f9d243b6f2205fa8fb1f40c53e75b4da0c3579c87e12440b93ec1db0b,0beed13f4bafe77890ce30b8eed382f45c0d94aa83d109e198f2f1c2375d70b4,c6b3158cd0fd39efd8e2493318c93179f38895dd786189b9f4e7e429df8b4d36
ORLY/2017/page_30.pdf-1,ORLY/2017,2,True,True,STRICT_FEATURE_ROW,True,KNOWN,unknown,PARSED,PARSED,PARSED,7d7039f92a444edb327e2d5f5b3c16847494dfdd016bcf928bae99c6818509c2,b9d3bedcda71eea1f0803a300507394ec9424b54e087fedb608d96067013a65f,89a173f4c112ff66285cf6b0d7255ffca6cec81f23d3adfa1590f77d64266d1a,45ed5a3d5fa4794bb8aba704d4a82855bb99e1e6c507432dd4d63414723c8add,86dcfdcc3ff0d6f21923a6fcca79bd9e07072f692e0b59e4bf02a02bfdd9f0d5,feeb61f3f1c9fa11498a48cb52f03e4df77589cd2fe129dccfa8d81abb8a0741
C/2009/page_194.pdf-2,C/2009,2,True,True,STRICT_FEATURE_ROW,True,KNOWN,unknown,PARSED,PARSED,PARSED,2ece0728c93fa657c9ec6fb49704bd69d14a8c2d489749fac5c29e1af358e825,561269dd3e24bd3ea9a986d4636bb79ab07de5f8073c502c04465dcf11240bde,ac28f30a423e7436522aaefc5209cd33a9e0caf28e3616b4d1865f73e6e48117,f7f1184956db4dbea7b4d7538c852aa93a21ceba6e0788513263fbef3fa3ad7e,d519d0a2c0cf6c3d8c90ebfb9f77ea5c934bd757442f062aa47aff6daad164e5,0c4135f1f7f8795753414d0da40a065ef862d6f72b83df7d652dd624c6632da4
FITB/2008/page_69.pdf-3,FITB/2008,3,True,True,STRICT_FEATURE_ROW,True,KNOWN,unknown,PARSED,PARSED,PARSED,02de84a18c868e5bc6e8049a9b423031400201d9cc31b6825e6c4aa80ffe56c5,42c0e323db36dcc87126d965bd02f6fa5e7bb70f8a25be81007f3b4ad34fb4d4,9c01b5f92c4150e5c0450c173ae96467f9a42a0974e1f35081a8688d21180d93,05000cc4b1bc9d66aa217a759a2c92bd670b02a9d7a37761ecb6724c38131dbb,9af22c53a46044094578a992f00e8188d7b73d38e5f202e2aa16342a92849348,1c30e62221bed22d7cb22988fd923d1dc104ae66149948718ee804039ca61f1d
AAPL/2018/page_23.pdf-1,AAPL/2018,1,True,True,STRICT_FEATURE_ROW,True,KNOWN,unknown,PARSED,PARSED,PARSED,b9104f24036b30268214c6aa8ec8bc9a3db76b754c643bf2c955c8e2473ca19f,1aa330141faaf40cc6468243af00cf18420ba7884876fc421d602714ff6b298e,101e5ee05a8d3e0cf20a1af03a97f85216125ad5fda1ef2d766724f3763f471e,afa1ac20ac58e438b6d4221a31c9eeddbed8e796a186efccc7229a117e40dcb6,37637d8d6e5c74c684705570a33cf857d3e2f511558ff9abfcac03cab10bc34b,eca2809705dd31048d3d36e45c805c5f737a57b06e4ea3c88f4816751ed35175
UNP/2018/page_50.pdf-2,UNP/2018,0,True,True,STRICT_FEATURE_ROW,True,KNOWN,unknown,PARSED,PARSED,PARSED,4574552cc306a2b401784e0ac3de204814f926028187013fbdb8bf0e666d07d7,94b255f6f8dd60683975c0db9f4cc2d59c9150057554e80ef57d3997ba705fd8,48f6cdc05957af2922a7e33e431b7e833cfd9bace403473f260722ef38caf0b3,e88c884072e8ea2a92d1d3d35a96503c1f013dd1463938d023edf89f438de1f8,3d3654d7fce6974527b965cd3d0743be32d5bce0a3d89dbaa808931ba0143fca,b3fa0e3ad17aee505ba6ec9a3f4e26f6d05712c0c830556feb5ef0f94066f35b
APD/2013/page_44.pdf-1,APD/2013,0,True,True,STRICT_FEATURE_ROW,True,KNOWN,unknown,PARSED,PARSED,PARSED,f57ede1669011baa95ed961cf255fdecf7c174dbdf4c02702b99f8f950251bee,606802c9c70c7b6975c99ea6cb1196816c83b78d618e9fe0f35c5890ea6019e0,5716926bebe51801aa0dde939d397b1fac079d9718334caede538bae2b08b996,787f0753c1cb1b86fc1ad9c0491c6068de4219a0f45a0742a62becc339ac6157,a4876c49faecca5debcc7d0bf2279ca9986f2c817f6d3182ce78e8e29c3cfc33,20cb2cb7f12921e46596f974cfe5961409de53d73eef689d7cba903d21c9f0d0
SNPS/2012/page_61.pdf-4,SNPS/2012,1,True,True,STRICT_FEATURE_ROW,True,KNOWN,unknown,PARSED,PARSED,PARSED,0359de4c4e9708a3945fbe9295fce7683892e5ccdc6c2105a00432d0879a1967,103358e978f179e2587a91fcb89c5a392277f210707f89da71e1a89217dc5fe0,70b103c2ad3be76aa0dbcefe672dc4bb98baa32e3490950f0895d68545c51d18,2e9b48f1a9cb3dcdbb638f5cff7d6002ed2172442c869a52fefebdc30e3d42c4,c64a2bbef248c703ea669eaa10b73136385636a0e4e45f02ec3c4eff41202cbb,1c6e447b9e39300fc496066b716238546171dc9be7f54fab5ef5fe8d169540e5
SLG/2009/page_99.pdf-4,SLG/2009,2,True,True,STRICT_FEATURE_ROW,True,KNOWN,unknown,PARSED,PARSED,PARSED,679ca4870d1e007442af661008d911689673c0be1bfbb8e8fd122927a3491b89,e43a8710fc12575b9fedc4065ac63a7d0b3883281af9c916c55e50737785b126,99bfde5f9d5bfcbcccdae7adbd8de2259f46ddbf16aac2aaa53ebea35ef4ca92,1f343843b6aa1179e26e6b5c31af6acaf0092586a2b2663f0d8d50a7f56262c8,2b9168cbfa7f1c1fcedfb03858882da428692046ef7dee1a07b064b52daa225f,7551d62b552c101f0f9f1d94d787c0695ff5c7ee0f96c7e192adfad786dab439
EW/2016/page_36.pdf-2,EW/2016,1,True,True,STRICT_FEATURE_ROW,True,KNOWN,unknown,PARSED,PARSED,PARSED,b2c766a8be46e8cfeac986b5601bad7400de83a579d2a9aca3bc63350979f63c,3524d0a62a8d429402b1203484b55c0ce0b1918884efa1fad9665b23832592ee,eaf25c6e3512b63dc9a42b8d0ba395e87a5a636c6767b6fbd3bb304466900267,d990ce2101ed4185379a56760390b869e334ebb7c133417e531eb9455300ac0d,1c59d96ad20dc3b8e9e52005807abd8e8afc760c2b2e28c61a85e57463548eb1,fe172fb1335f33384ec9b28f3070f297846f59a3cdd1ed6165b4482e99ef1c67
SNPS/2006/page_68.pdf-2,SNPS/2006,0,True,True,STRICT_FEATURE_ROW,True,KNOWN,unknown,PARSED,PARSED,PARSED,8ae9924b37c400fe07d71b1019710e415fc694e0f9f8488f266246f23d701597,5d605d4e8db4ffcb667c0f53e42b2129d336901f73c81b6607da95f1374f34c6,ba96c3e0628e7afb81efeb5b0df08d85ff685976d301bdae7eb35a304c032ccd,614531e9f7405cc4fb9d529860d0f0c8b277072dfacc0f345822d5a4ac093999,0d36d70a3c8fc4a74387288d44239fb67de718eeb884193f5c079ef1d37da3c3,aac258103c2b816473c5a16642c5bbe24da74cd66dffc1c8bca33e280b632394
KHC/2016/page_94.pdf-1,KHC/2016,1,True,True,STRICT_FEATURE_ROW,True,KNOWN,unknown,PARSED,PARSED,PARSED,8b13ac0cfcbe56e9bf5065e1b9482e21307e4c4e1b54e1406be302880d63dedb,cc1a4b43d4c0310d5516966790bdbafcd96b3d075330c18f43fb90929659f4c9,292ce0ff86a4982540b0319f9b1776c432a0a64e89a357590ff3bcd8fc1a0da7,f0a6ba0963f9c9bc5b11457962e1a90928414fd350dcf7e96e196c3ef5d2d1d0,64074e4711958ba09e05d36d02383f4b5b7047e80043cf22b61bf998717b491c,fa66c6ae08f03353ff745c233becfd25562d8feb39724af1376bd9d583a8bcd5
RCL/2012/page_80.pdf-1,RCL/2012,1,True,True,STRICT_FEATURE_ROW,True,KNOWN,unknown,PARSED,PARSED,PARSED,93e0f42c99f3a8b48b0dcadc0c1d235cda59ffe12ee1d8a60607457aa560fc01,7a8702397951c0a46485c279617050e4eeb1cab692b4a0bc9aad7a75a4274b1c,6e7926faf931a4a9903563afaefd3f9b856128799735008e14d5a3277a54bb9b,7e1e8771902690747917b37e0de7baca3385c16ebbb4da8969aadfed477e5d1c,3d8e456d6afbcd960e6a0e43bfb6edc45ec0c01c75aa700f9beef38998b0420d,1b58735b5b1da799d346eb51a94a684ae88092cc328ecfc7358f96863deadcd1
HIG/2013/page_124.pdf-3,HIG/2013,4,True,True,STRICT_FEATURE_ROW,True,KNOWN,unknown,PARSED,PARSED,PARSED,bbcc6e6dbca15afd08adabd95a41fab06e7619860a3443cffc5203888209a2cc,69732b16b2044c8e132bcd661cfdbf8790b04697876a1138c8220eb1af7b41b4,bab68e81fff5e4b67153e005819c2426435f75cdb8992b2f25a1c669ef4bd4b8,5234576bb585aef8bd69ff1395d81c084e5aac295dd74675e337bd42f5170a71,bb0024b0f0eb1d1a5a4b9e4fdac134ea2217ccad86f5aeccbb36188279668bdd,9a7ac222e32f04d0c63ce114a705c0a7939b2c50e2d7ca67996b0e7599b4d102
ADI/2012/page_65.pdf-1,ADI/2012,3,True,True,STRICT_FEATURE_ROW,True,KNOWN,unknown,PARSED,PARSED,PARSED,ea778852c3471cdc703737485decf7a3b68cdac0d3245342ffbf7ca877066f91,9c5ac6e156f5631ccbacea5b30453bf7575ad4d624a291d55a34011321f68f47,46dd57d46724c2ebd70229b9f732b14c648f2b600115a04ce31b6f94bba24607,fcbfeb4cd11b3b28c267dc8f88fdb84895d5da2618ca90d3aaf14e43a02bf96a,1a203912ed852f45863d87d9db859fada446fd80a671034c843674b93824d6b0,68d65a5eeed9871fc9a8a436e531a540c53807bed45f1b7561e72baac16dce2d
C/2009/page_279.pdf-2,C/2009,2,True,True,STRICT_FEATURE_ROW,True,KNOWN,unknown,PARSED,PARSED,PARSED,7a2192a357183d1b72a4df4b070591a70120ac655602505729605ab0f2dcc4e9,2c57c0c200881dd42cd34b6b2e7a79d71f25185adc4b9db56c13343f962c7afe,1c8ee28e4fac3810785a7cf8baa979042f4b9ddbe27d32756e9710ec921729d7,768274239f8ba87e4b14175dcf56579661be2b7672cf3d0d7769b51275c7fdb9,73847bfacad1a04f2ae35e9cb33e8df2cdc322863377945b1010bad1d4b65b74,c320f3f008a492d26815d8bcb213b280e635ba23fe17823182f14bb8717942e8
APTV/2013/page_48.pdf-2,APTV/2013,3,True,True,STRICT_FEATURE_ROW,True,KNOWN,unknown,PARSED,PARSED,PARSED,62da763bd2252744a5640a09fb9b287f77538b64f9d9ca40d0b657195f2dc2fd,7364beafa96540229b289dccc1a1d3aee2925e676e01b448978ac4cb449e93da,deae8ad90944bb35c8acd584fad0fcae3517c7f94f91536d5e07a270544f098c,ede66c96b478871396e84ce57106f5c972d3834525a73886f9750bf4193364d6,1524f0d826875928b5d61e4884e6be78b7c8c7635596947105d489229e867e94,2d3d6659df7f553940c150eb0e86f2c1750101fbca58f1cd2e8a9a1f7ca6206e
AMAT/2016/page_30.pdf-3,AMAT/2016,3,True,True,STRICT_FEATURE_ROW,True,KNOWN,unknown,PARSED,PARSED,PARSED,1b9e259ac4c708c4c7db47b6ae695716e25ee5fbf1506ca3e6f8cd340d5d6ce8,3e189f826797756126f21e71c9fa558b9de53ff7cd737ea7d8b45ad4a85056c8,1d928cd011e136e9e6a89ea4a80f095c545ae4fd5a206ee30cf595cf5aeb2ac4,6dce6110fb9b42ad52bff4831ebaef8748d3801c4cca7095b6b4e8814f8060a5,f3814661373e34c469f1f8609a691674cad00198aabfff8650139b0c32d46d0f,53f8ab17870bbd7b5b229720f0e1a6107f16df1682b2edba0e69323a494fb6c5
AAL/2015/page_131.pdf-3,AAL/2015,3,True,True,STRICT_FEATURE_ROW,True,KNOWN,unknown,PARSED,PARSED,PARSED,4550962040d87c5ac7eb138cf8bb116500791c556e9cd4aece256ac58abf8efd,cddb32ec333ef15d661cd7134badc3d2f5b3e5b226dfb7c5bfa339e82363eda5,54889487dd3ede055bcf288a555c11e4145fe8d7fb555d051dd42ea1b11e640a,8e102b6b9fb763cd9b5c1fa9ca96c601d7731d6923d940afbcaf477ca73dd5e8,be4a9cd6d4c576ce5700416aff44aa105369b34fd9c34da90f7463a145037740,454dcc2675d1d33c0d739057530a8d14fb4c893636a37ce0e71e21180d2f3d75
WRK/2019/page_31.pdf-3,WRK/2019,3,True,True,STRICT_FEATURE_ROW,True,KNOWN,unknown,PARSED,PARSED,PARSED,0838829d3bb2226705822bd9c44de1d62fb09735ccf13329e40d041208a48340,31c9eacb790669d465c62f95e212b22422dd2ed3c221168aa8842369aae718c8,05c800427ea94c901e8858865dfcbc08c1d435ca2f86ee006bd3da6f7f530aab,5a62813e26443a4d1319ed50fa417e4f8c5748b9f9c616c2566730fb2c0059a7,b020b59b05423bed321c8659887fe5fe719514b5abd2b2f421341ddcc48ba45a,b485482a8b32a7027cf0514d285c63319cf626d1a3a46ee1a510dd09f95e487e
ORLY/2018/page_30.pdf-1,ORLY/2018,0,True,True,STRICT_FEATURE_ROW,True,KNOWN,unknown,PARSED,PARSED,PARSED,b4028dc0480736ccfd336dc544725d04f53111802981bde64c1e9567acba961c,89214dd5ab080baab1c951ad7e70ea934e0cdd3e535b8b7423216b3352eb2808,5cb0dd3c8cac6126c1d6e34b5fa307c831c0af297c7008c0f0796f9f1d03187a,9c07380e9e235b8b99977a1c388bdee5674c38ec762ce3fb1e1b0d55b6342d33,224e5c52d6e71e7c61e7947507ec9c6331cde6d234a135503268dfc69d9754b8,2d7fd6c1f9178ca99e1615f9d9bebbe8a0bc594db5f5f00049cdf6f8b78600cd
BLL/2006/page_89.pdf-1,BLL/2006,1,True,True,STRICT_FEATURE_ROW,True,KNOWN,unknown,PARSED,PARSED,PARSED,4b3e59ff31ff227ddea93cb9c6f3d7d3879a8baef96a01ed306ea81ad8ce2cd9,ba6d7fbb9f35cb2275bdc4dbed2e606924affbdf4ad8e96b9e71a1472f421f8a,8f45a0006014559061a673488de8d1cafb1cde36f2e264769c29068ad25d65ad,8011c1caf7ce58a51d912b69bde8388e0fba8ca8bd668ed4bb6fbd1e0beeeb5b,9fa23148916a97cfb0444433073dd2b818c17de532359eb0161363854e3bf275,c22c5a0f7c4bf59c1e7433a222ddced2eb95b07cf7fc738cb64563c81e2b1b30
AMT/2016/page_69.pdf-3,AMT/2016,0,True,False,NOT_IN_STRICT_FEATURE_ARCHIVE,False,UNKNOWN,unknown,STRUCTURED_SCHEMA_OR_NUMERIC_FAILURE,PARSED,PARSED,c214954576f091926b0fd4c7eee81077121df69769de5e4fce758979ff57cc42,c2f14719eccbd47f2c4f6c6ad4120a51b725ebe4a803ee91f8729b92aa2dcd40,37f9c58b185709fdf48d90ffd86ccd4cb0a8d1666e68629a4b806a7b6d1a6907,38f4edbf7ac975bafb1a4bdc10416526429e3482894c11974e35206698a781a8,bffcdc14ec541019e6e80e84f1a9f77e312b14e3b6136247b2277b70e9b8bdfa,a8a3a418114efb8a8476610f96cdb3616a1f8cf655ed943b5cbdaa701ee3df6d
ETR/2008/page_343.pdf-3,ETR/2008,0,True,True,STRICT_FEATURE_ROW,True,KNOWN,unknown,PARSED,PARSED,PARSED,3fc3ee48dd9411050a8c6f02562783cf4c8bb7f56beef50842e4167392588314,fc134e5b22c7d03f08fa377d2c6f4d1a6a8f258e37dfce298bd08aeba35f166b,c15f920b5b3134eeeaf93a59a37fb990de0770634d6073f205afbe5006e22833,229b56c2026133b66c58b994f0cb1cd7cbee4a4a665a42e6e27146f22126acd8,7ed3e1825c8c74548ae4b7957c44f60e418c77887837abc8c7d9bf658ff950bb,814cf1ff49cc7075ef0075d5752774d7d1c9b0dd736e3d2b8d32b9923ceb3abd
AWK/2014/page_45.pdf-2,AWK/2014,4,True,True,STRICT_FEATURE_ROW,True,KNOWN,unknown,PARSED,PARSED,PARSED,8916e33e009709ed710796e141a683a3ff182adec998d7136c9f398af51a1b72,685d6e8c429e076605abb4868eec296cc42ad4aebf60048fc1faf3dc46f169fc,0eb79cc92104e887873e34437af1012428661700b0405a502112e3c764917c09,d4c91898cb0aa67c8b30968807afd0667ca2cbc7760441959cfbf9613300699a,c70d0464ca935921ea36a972ad009bee421187bbb96e9233f16e37f0e461ec85,0778c5c52d4ef019a6fdb2b2487093283d362f8eb3f98d482ac0656bb70eafc1
AAPL/2006/page_79.pdf-4,AAPL/2006,4,True,True,STRICT_FEATURE_ROW,True,KNOWN,unknown,PARSED,PARSED,PARSED,bbf312f12dc3b8cc14bc3b358daaf1f8a195f09079446bf990e4ef6ce3926435,11d892ac86d31832197d0ce22efa1a353c8991ef188c1266544bbd8e2063323c,7cda4eae47c11679c6c6e3adf9a43609b7a16519cf61810b45cecd13d928f11c,e473a0c5012d024ce792329cef348ae8d5744ad84880aef1394e10557cdfa397,e62fc23277a1e0234adb2426b08850b850e60c715419a0b2ea58c1c156e1c74a,8e47e3472e956a5f6df026e0d8a4d6c9f67cf9e4d035eff1a45e9821afa70d53
APTV/2015/page_50.pdf-2,APTV/2015,0,True,True,STRICT_FEATURE_ROW,True,KNOWN,unknown,PARSED,PARSED,PARSED,097a21d9bd9a20adb72135d2e6677e9f552897b7ce03162ecf2f6f52536458f1,88032b7c42d5c63be6975df9d76df68781f7afa76077671a1124d3735459335c,f3709a01a7587eed1f6eb4f7e6c73b776f0e294c8e841bc4b877d9dbb7cd358e,8ec28a46f98d9b2d95063e1168a50e1473a0bedf3f8c742279c4a8d8697dfa6c,4773761112820da590a23be7b187f59e658a7d796a40a790aa4ec0a7b70e9fa5,0118d3a9393a47f58bb88b45b4195c0a2db96e0963e78fc7286fd1f30240a8f0
AAP/2013/page_32.pdf-2,AAP/2013,2,True,True,STRICT_FEATURE_ROW,True,KNOWN,unknown,PARSED,PARSED,PARSED,b048367bdee0d961bfc5fbfceb5c177de66e923d23d4337499a3a383e9abed5d,97ecb066a132a6d407b828bb92f84dd21af02e43bb0e2606271edf78e808d432,dc49b5638a5eec5641d1f2343b2adbdf281fd6e3cacb3a8bd5203080fafa0605,3dc47bb3fd760d647005fa5c51fd768aa74327bff7a94ffb532ff0cbf6eeecb6,4e0ba6510762e0ebdb1ac0fabaeb3527847d91b35594ff5830f364ba6eb6bafa,23b9bea141f638c2d51d81243ce721cea875f01827fd5b62e2ab462da226d8a7
APD/2014/page_71.pdf-1,APD/2014,4,True,True,STRICT_FEATURE_ROW,True,KNOWN,unknown,PARSED,PARSED,PARSED,252b3769fb3a9a64ff1d625992f6881d8d50f7fcd4548233f9f1d6468ce17609,5026e9e5a7f1601caee95b63b80bc84865e0f877401a51976ae46d776c70d5ab,2e87483704fc4f3334be764555cac83a2993474afd8c6b4651cc1463609c3090,21835bf4bdeca301b7132403405f3a0cfce50a1cb881f14adf49f42c23ef2ffe,65d582f302c949c3a1ee2cfc8fbaa776806cdedbe0470126067d0cecea2adce0,0a94ca5c0554f54bdcabce14234ef1e547de3f31a34a27befcc155f92760cbe7
LMT/2010/page_24.pdf-4,LMT/2010,0,True,True,STRICT_FEATURE_ROW,True,KNOWN,unknown,PARSED,PARSED,PARSED,510816326f597053112f11350e4bcf7765e0b58a603e266705dc7880a259e359,c08f591ca5f1872913679f90ed2df71a50cf6053ae0a124618f5ef4bfedbc5c0,8bfd15a1d7837a6d44648c352b97c7c0dd6b3e60a9b4f2322d6bd6a58d7f6c07,34fbeb0d637732d6dafaa5ae36d29b9257fc1e8ef96174886e1bbe888ea3ab78,ef6b13bc5906c723dccd6235a9ec1d6587d8106dc78fca6d3075035477e88a9c,4725659f51bff9b591d129d0f58f8700bf3640a3887c052dde6a28fa9767e79b
ETR/2016/page_505.pdf-2,ETR/2016,1,True,False,NOT_IN_STRICT_FEATURE_ARCHIVE,False,UNKNOWN,unknown,answer_not_numeric,answer_not_numeric,answer_not_numeric,213c22702204d183a0c903e16ed4c85c97f22065a51982b8a06d0260930a04dc,93bdee7d5281e882a5d95a7fe8a86f06bfcdb36d563f40958a9f460890206f5e,495309d50c46063ec239b611d1184b300bb43fa2904d68ef463ec588e34380d5,f23a3612decf5711190e65d98093854e8888584337d56aeac0a7c0e2ac77e08b,e02bb8a44ce70136eb4fe24765ccb5ba57b9378dc81c838bf0c347e260a3b237,a2f1783f06d12d7d73d2858df7c6b3dc8678270ebd02bce60338469e5c99338c
PKG/2004/page_21.pdf-3,PKG/2004,1,True,True,STRICT_FEATURE_ROW,True,KNOWN,unknown,PARSED,PARSED,PARSED,747cb0ae289d46d152f4dd6014e345c00bd824250a2f7b8dfb338d24091f2f7e,bb4bbe061a3121d3c775e2edc42dbef3b63e756668fadaa95d7a9e93e02f4668,9e84e0b74d7f08d635b9feba510afb3d46b01ac4777a3fef7c514c90d9e1665e,49bcb8061690644a0b622aedcfa8be747078153868b9002b85e5eb546e7cc7d0,a0c03b1baad24e02b0b44d32736ea5d302f5fb95a59be7d4dadd0101ccefb515,0e4a6dc126fb3e9e830fc533f46cd0efdb79c92c92564455f728725644402602
STT/2008/page_139.pdf-1,STT/2008,0,True,True,STRICT_FEATURE_ROW,True,KNOWN,unknown,PARSED,PARSED,PARSED,9e3e4e7792123185e3876d72b797bbf9a5b718c3c4ba8bf3e6c2eb1e216a2845,8a50f1c9e843d297889e912c0bcb408c238688f94f6c04af37a94552583a81eb,a2846e803653de4b093f400b56986d3d1a37246a3e4360f541a1ceea9b520db5,e572b3bcb3d71c9adbfe670b45f419b522891b57ccfb4a227372bb9e8187034d,2bce460508c0a49fadca73d898508235bcf5bccefcf07c7bcc1d55ce4cb2a16c,6be1c374da6f6911c0c05e1db87d01383d99bfa18be2ab47a463a230ccf1471b
VNO/2003/page_102.pdf-2,VNO/2003,3,True,True,STRICT_FEATURE_ROW,True,KNOWN,unknown,PARSED,PARSED,PARSED,574fd1aed13e1cb1eb8c5a047d60e06a3f80b698dbf80310761963d2a3c587c2,007da3ae0987279a3da9e1bdffecdc073dfbaba52d16dcde336e177a1c71f8ce,59ef990aa5e92ca796f7dac251994cf83a2b38b0f46848704ce0c571147899a2,4960de3bccefdee255c938ac545f7cf1bb1998c7afe31bcc3017baeda8a41444,d86697124e92bfb70d0fc743457e29d5a56774b2271a9940c8f063bebead10c3,9eeb39b757c6fa2eaf4aa1f7d072193b51b4b137976286f33fcefe86cb09445e
GS/2014/page_62.pdf-2,GS/2014,3,True,True,STRICT_FEATURE_ROW,True,KNOWN,unknown,PARSED,PARSED,PARSED,c438fea6ade2e924898aa884f8317ad46f8bbc2ac8633951eceb8272140e3ad1,f8737d1749c8524ded566c050b430333bfb882e0535c1f88dbc4110e3e4e27a7,d2a18b99b68bd1d4e2043a0eb486fe22ea458b492a4c328048374d14002f1d5c,c7f07dd086197bafc98092e2fe92ea047acfb8b188f68490ea50da65c4ba0ce3,75a0d4ec64282ed0f3718e091e0fbcc0d5e408bd0df5f4db2bba80b0f4f4d0bf,abcd50ba14833dea89f34544a64876832fb3d73166569f93935657e707e505c8
HST/2018/page_115.pdf-2,HST/2018,3,True,True,STRICT_FEATURE_ROW,True,KNOWN,unknown,PARSED,PARSED,PARSED,7b6094d3a8b24e65ca52a40d3656335b640177e005b9c808fffeaee583806da8,aadc5e9f5367bdf5da2978d53ab39b91d43c7988fa78168a0f44ce32ca06ceca,5c707ba467954b85bd446a2a5ba57e86122b2446ee8b932d52ca65fb17266412,9884b95e2d1214ac4362c025c42a67bb85a8bf18324815cbe7817d49df682fdf,13ca1ac03cb7e90878c0f8e04181ce2e2861be5b72d99aed80e528d823ff017c,a2557786b99280f2ec133a67fae650689034e041411b59f2f46beafd8628c53d
ORLY/2016/page_29.pdf-3,ORLY/2016,1,True,True,STRICT_FEATURE_ROW,True,KNOWN,unknown,PARSED,PARSED,PARSED,5fb3cb28183bd829bf33301c5ed52cac0d6bac163cc38338169a8c4a4caef47f,2da4c960aa88284e547f54c65530482fc78b5cb3bd22677b70c6399ec6b403f8,fbbefd8f78728cd709485c80df3048ad924325bc823de26e2a8b67643e560847,44f783d2f814108134a650f403f8b97ad90363821421df729f6d428dc0c01d13,7cdb11ecc2bbab0e2e1f55664ebcaf141c97001fed7f8ac9ebbe5f6acd3a97a0,77d8d1cf9f76dbfe4b693db750c5b02eb93f1c8dd11d6b7251453f74ce397651
UNP/2017/page_74.pdf-2,UNP/2017,1,True,True,STRICT_FEATURE_ROW,True,KNOWN,unknown,PARSED,PARSED,PARSED,b86cce2846221db235a8c937aeb38c82c4fa32dbc5fbcc4bae49535bec9a22c1,0c9f047e8345fdf0247a23b59cd813750d69a464075cc1698cf448e40b540dee,0cdb02b2e00a2a874408882697eed8064f58ffa303a4327b6cd71d8697201568,bb01da3889767b248dcf5c9cb668533b35957c9e30ef95bbcfd567f7b4705832,af0b45b031871111499d6329f21a06192909a0e7ff2e7a978b8867ff4c3adb88,7bbcc8f0e2906db3868f62a684d83c99902238199a5918f52480ccda6bae8c27
VTR/2007/page_48.pdf-4,VTR/2007,4,True,True,STRICT_FEATURE_ROW,True,KNOWN,unknown,PARSED,PARSED,PARSED,eccf0ecd459716df9858b3bad27d36dcbee8180e6ef7eba461359066a19449b8,2339df7faf0a9e961011512fd73da85d787e5169c1f25471b53d77481dd40246,96038cfb2e0335455d4d129617aab7e373d756b47e43ec1235d07ec06ea8fc89,7131932cb0f5938e101359b0fd21a3fb9ba9de7383067f6738467a6061f10878,a042ce59672e509bd7c7cf15b8ce1fc8352dbf7f8b326be712f83ba3e443562a,f3abc022303d565a2566eadfcf6ec40ad4395e55f906071189ed41a5bbb7b22a
IPG/2014/page_37.pdf-1,IPG/2014,1,True,True,STRICT_FEATURE_ROW,True,KNOWN,unknown,PARSED,PARSED,PARSED,c6ca88324080dd55c6490c0c1f4280ef3e9ec6c34edc500c08c67b7c352edfe5,79556ec6286ef386e5790e7f17a9269ae0d29d7cf97a1893fb9b7d5813dbf1e7,bbc8bd73c327cbc73624e042a8041544bea347be7cc7cda45ee47bd06cebec75,44775dcc2ddf933d0ac67766dd47fbc1444879dbc5daa97da3315d16b3b7c9c9,a7b5993297fa9cc6d765088d99b3d1d170bde9b444484f24d9cc2e651ce8702f,3c096c2620c5757a8b41e5dfe739695cc236e6289afb52e63f558574cc780785
TSCO/2018/page_31.pdf-1,TSCO/2018,2,True,True,STRICT_FEATURE_ROW,True,KNOWN,unknown,PARSED,PARSED,PARSED,6e371519df620c549d19e0cc903fb888d518b4b82951290bf5bfadf57d759af4,5c2a46048cf64c8c6296cab7ea0067721439196e810b92b84e815bc093a35e17,b7da5321a29d819e75f3d2b74082fea72310491540e8ecda19ad0fe635393525,d361cfd32bbc3267a3e5d682fc84b8a5071a5fbd5e59417e6464e7ee20db492d,f388b07a7e886315359b7f6fa91bbc263c72582def3dcb1c01410f27554cba44,c26486013d0ebdd1849d020c28ddf2ee4533f58c64d975b75e0d619f16e055d6
PPG/2018/page_60.pdf-1,PPG/2018,0,True,True,STRICT_FEATURE_ROW,True,KNOWN,unknown,PARSED,PARSED,PARSED,8af05912ba7d5f9a0a2ac209a9fff80cf1144b02312874dae5e3d724157c38a0,30469f64081439c7aa953f6c5ea99b7b40868769a3361026ee74943622725249,c417fafd157bae59912df120067c6338576c8056b700641d5c80babaa7dbbb08,46bc0b20f4e12dc8aab3d49cc41095a7511f0ff472e29d782834df135e4e046c,d8d7417479580a0ba38bb0861ed2ab79c341b09894660f5980b6ae7e25b57fcb,56d39def321f90a9b352f14f8e530abacc3935d51e98e9f6d7ef222d1ef55405
ADBE/2014/page_99.pdf-3,ADBE/2014,2,True,True,STRICT_FEATURE_ROW,True,KNOWN,unknown,PARSED,PARSED,PARSED,781095093b9d84563c29b19bbd44d991b24867a777f2ba274db494677158c2a6,dc7ebe193bec2582bedd4d9652b46ceafb08bcb295a735d63c179efa217b8901,b18956c076a8fcb99ade6a898c3c400534f341ea9529c173f03fd50acd62e861,caa9364a850de4874b5314c68aa7d0a8b86b5d13883e8857f462a2cef8aff40c,fdb3ea49851a95f4edb271154ed8e098183ab81468c9f9f4964e0b892846adb1,4751ed6c9f286ce8350faf9f4b015a26b0e5f850a5a58c3ed4ff65afde4654ca
AWK/2015/page_106.pdf-3,AWK/2015,0,True,True,STRICT_FEATURE_ROW,True,KNOWN,unknown,PARSED,PARSED,PARSED,23c4a1f3f01bc683d6ded8d510602c90ee71357d0a6f549657a350c865f29b19,a135179c01bb650169ba46aa5b1c24493d8cd6d3bb6708f5e913d9d978441785,668adc3ab67d90edcc4defab1076698c0e74198014ed764a611ed4626ac4e82d,37b8c4e545b4008b326b40bccc3bc1e645db6ae0486fdb2d4f2a38cd8341aed6,35439c0c5163181b96da37901a44bfb6a9f32fc306ee15c8afcfff1ed199070b,b9eb4841b69d2c8e747eaa2985e6a5fe080ea9220d3a2b3eefa950583b8f9435
AWK/2017/page_172.pdf-1,AWK/2017,4,True,True,STRICT_FEATURE_ROW,True,KNOWN,unknown,PARSED,PARSED,PARSED,ad3b5290619ab51a6b17ed31f31e2215c87e9bc1aa9fcf2dc104c0a8bb8335a1,d204d4be37c29d28329b93622919448d6eb9cb5fcd4123614cd007ff88b351fc,9961b01e4e400d3a8cf9d1a8df5d977a905327e933fe9d319e3f977236de49e2,ee63a7b849d06284a5702478d3dea349b5ca45e13f6d7b718aef6d34d63f37fa,58e606de8b2d036302ea3a36f5e788abdf3da030f6a5bc74b6bb065915511b29,89c542debe0309240f4553c8fe170c0c4c55095341cfc6285e4054febbece1ab
DISCA/2012/page_54.pdf-3,DISCA/2012,1,True,True,STRICT_FEATURE_ROW,True,KNOWN,unknown,PARSED,PARSED,PARSED,691c82ae0f1af3442e7b3613d841ba72b9396d8e95fea891f976de2088e0df0e,57645e07ff28261c79b104256d6bd742091ac3f2d450e5b975e2be9a8593ea3e,b2dc40c78da73dc9f0b7dc21b1df4081c52b9aa62059d1837c9bc3063b76a74a,6267e36bd2bd8abf5a528411f88a763ac1af3956bf81f14130a308637b92afa8,5bd40dcfda1318f32c455e4adc09718b3306aa2615da56131857404889059c2d,7f586b96b3cf56a9d58d987fe7826ed2c0d6bae1f62633f66c07694302c6f639
AWK/2017/page_154.pdf-4,AWK/2017,4,True,True,STRICT_FEATURE_ROW,True,KNOWN,unknown,PARSED,PARSED,PARSED,3fa7b0c05cdd84d7971521944e71f14faadfccc242cc956e1220ccd703e2ace6,14fbab6b71d48e5f338cf0942a89468a9b38038ed2a1c366ea67ad843164f0b5,e4582648af1c97469386ba54bf7f1572be11a01d8456710bc6abb1069bf849c5,2006cf5d2045916e7a443cdea0313d343c95d400d35020054a70fefb012f675b,f1dc05368ec23fc59aa0b438744121d5802badd2981ff6ea50d97c26460f87c8,49460f4d14fee41be2db7d7bb00cd6a32e8982f6a673c5d52e249df5950423ad
AWK/2013/page_123.pdf-1,AWK/2013,4,True,True,STRICT_FEATURE_ROW,True,KNOWN,unknown,PARSED,PARSED,PARSED,84037369c6eacd9de4221590867939776ddd9a9b7f0dd0da0a3a2ea9894fce65,a2e923821fece9e46fa02563b570742dce1591ed1fea7581e574282a14f0a356,93362456ec92cfa8341204fbe29c5537c96bb4011c16a8aed6155831068a0954,cda3f5af6703616e8bc22f22393f0a35cc8b1ef40529ff1bdf09d201e6d8643a,f13b5939b01b4439ff1da51d158868d8349ffdaea1fe9d5784636d8d8092e6aa,1386349f960dfbdf6ce32fc80049879e191ea4d56cd006ec3d3eea768b560b60
RL/2015/page_9.pdf-2,RL/2015,3,True,True,STRICT_FEATURE_ROW,True,KNOWN,unknown,PARSED,PARSED,PARSED,61f46bd08fb516c80cb311024fc1cd51bf26b5cb2932c184ba10709e2110edfe,6c3139990ef92bcd9ffba4cc4da80cd9212027cd89ecedcf39ca3930ceeb45a9,90e7876d4aafe666d59c7e8afafd46a5bcb0d5a99d8aa30d52b3c4d6cc6e0c8e,1412c9860fb431867a62c4efe12cc88602bcf54b66e8cb7d710e5c143f9275d9,0a8c0151c307899be62aa89179d6beb5c70fb3f20658cc0c2d00506b2714d924,f62adf2fbcaa2576c876917ccb5ecbaca52970975d0818038db3828cd7be2a9e
NKE/2015/page_37.pdf-3,NKE/2015,2,True,True,STRICT_FEATURE_ROW,True,KNOWN,unknown,PARSED,PARSED,PARSED,96f7ee1b1a64fad71e9700a6bca298a693377dfd79c6ee4869c609b6720f2ef5,b55cdee5b174aaf88970b62deb50cf9c91e6e715d1379164f74e8583e63d96f4,0f6d95f24c13fddbd5ace04b92f8ce3b49a9f2ec3ea1606c1cfd89a909dd85af,324afac0891ac7b86f18548c8b70f3918fee1326569a4f01a3e2db870334777a,196d54395ab4e903d2c35ebe8f6d65c9e2dc46a4469c38b00f8e7142ab4ff7f3,dd896e2df48ba0405a24616c9eef9475364a1a94f0d98a2c3f8c93e955d7c11c
HUM/2012/page_109.pdf-2,HUM/2012,4,True,False,NOT_IN_STRICT_FEATURE_ARCHIVE,False,KNOWN,unknown,PARSED,STRUCTURED_SCHEMA_OR_NUMERIC_FAILURE,STRUCTURED_SCHEMA_OR_NUMERIC_FAILURE,aead28d7f7876754c999ba9896babaa4d17fae8229aa2ede2cb7cc2ee7488680,966fb9410a960937d649eef8177a111ddb522aea2a89e38d00146e6fe4d18c12,1ad2a4312a74be7aae4a83870cff54b4bd7232cbf62c20d2d496a977a15f67b5,e9c66c512c7d8b6c6501467d45c1a93a7e3b36cbec56fcae789f0865b1c168ee,7123e84838cd22eeb7122f44bb67f9065f2fd2b3a1bcb63a497c0d34c27c6b02,ffff4143610c671d730ab1286937ab6021feb95f0e7f5ceeb77d457b31e14517
AWK/2015/page_127.pdf-2,AWK/2015,0,True,True,STRICT_FEATURE_ROW,True,KNOWN,unknown,PARSED,PARSED,PARSED,340c68cceb6463527bdf378cd28e8006b6a6e58e00a45b0dea57329b3c3da642,27334ee455d32354252439fdcb62fa220fb6b0669d258f6ec33b046519cfec8a,9a43e6f206b4b2d0e7a08a3bf97faf8edfe68f909a0a724ae617a65e340c608e,bb7c6af2c4f7d519bf63ee55ce8293011cc3579fd03b0b7cafea31c873217001,d698a241f9b424ab8bfb629a00a5508005dc6019eb448841bab96f657aed0742,6b88592b73d8204452276bb6decc8fdbb3795d04701126e430f68df2bcf02553
AAP/2016/page_65.pdf-1,AAP/2016,1,True,True,STRICT_FEATURE_ROW,True,KNOWN,unknown,PARSED,PARSED,PARSED,fb4eb63cbe5d2efbad05a421ce2a4b5bb1b58e25d09fce6350013014eb7a2bcc,0ce8a12c439ee1e696ad0d01e9530e036d890c1653c5bd579cc8c7cbb346c58f,8b109615e8f5b18f9779cf492a79ebb706b9cac484da77b812343314cfd2ebb1,8066b4ef1e1f3e7a78d57070a4eb83dd877c13310a2bde1bf91675fa89e60a07,5ea3c8260369dacc80e84c99782f524d2d763db0ce22730692f866e3d80e6e9c,3607cf075b9b5373ad075d19e30615cfcae2738b30d48afb3f526ae4605816fb
GS/2014/page_134.pdf-1,GS/2014,3,True,True,STRICT_FEATURE_ROW,True,KNOWN,unknown,PARSED,PARSED,PARSED,8222ca81bcfacf200bfb55cecb682500fe8f26e794b7878b7d62801b73e7bf0b,62b5b03bb20cb1634338fc5e2c5a6b30521acbee8f55c5548d438a76aadf1d0c,1866cd4ade6db85656cb59d6f886859565ab6799754c17ff924fe77a46f12e61,9f764380166b666631acb1d74708a7d7dc2d411781b4315a322a6315fa990e8b,698cbc0f3d0516e269dffa523c7e4b5167f039ab4d5422207e4f18c89843f78e,54a20db99ffb635ff9a6d869579cadb371916108fe75e83e6e3cb53034b8e137
RCL/2006/page_37.pdf-2,RCL/2006,2,True,True,STRICT_FEATURE_ROW,True,KNOWN,unknown,PARSED,PARSED,PARSED,10effe06d774d132737ca4aa88c0517862752f1b0ba182632c024a402b845a2c,a990e13bed6b030972c229ceb214a4dd7f34a30f2b537b4b38bd23f273fe62ad,b03ac7ad886fb0b169c3ab097d0c163b72de8febc7d17ebf29949b5c2fdd0353,8f87b118635d34d6c8989eb02f6c91c56fbb67b60ba79a83a6ddcc93cc1977d2,c7225f6c7baf30e03c37875b6662b273fbc7638a8cd10267c736ee1489052fad,11996ee506bed2d085a7c9c83010826598b140a93b907e5e11f99b0c31e1a611
PKG/2006/page_68.pdf-4,PKG/2006,4,True,True,STRICT_FEATURE_ROW,True,KNOWN,unknown,PARSED,PARSED,PARSED,e53fb734aeb9f531d54e8af0d4113d0ee12be3752295ecf0c0f4f5f4b56e2c9a,820cb398e371d8edc8f8ebbd3522ec062ebb81b02a83e3ad731b7d570aa072c9,cc987df57a8211de0c0ec5e681eba35bb2455865767ae60bc98984ffc60827be,2c119400aca521d2c33ef2de19a6b7fd616a6278aaddd671c516b49f36961cfa,3b3792f6ce0756e3a67521203fac89cc9ea5a35c7bcc9dc3f645fd6e4797bab6,3c9c4b399d5f0ab87a4da357dd58a1205fc9a6b7d1e9bb03736cb136f51618cc
ALLE/2018/page_121.pdf-2,ALLE/2018,1,True,True,STRICT_FEATURE_ROW,True,KNOWN,unknown,PARSED,PARSED,PARSED,512b3052cf8511e4bc8255410f403f3ee94d842cd12857707a7d2821afe0cad5,6ffd76d13932801c1081582d2394bf7f9645a8f985afeaabe2caf02b5a46d8cc,58dbe70276b123ed4a377deaea18aacdaf6294eb6db87815edbd42b749d1ab4d,ff32d619a61b9dc0058a30e7f9f668ec6bc96f36b99b4275b8022a27e6424658,92ff745a2eb2f8638595c43284b34244303fbaa99fd9498e00ff36212916413f,032a215025616a33f2055e705174c7ad77e551eccbe2f787958b643755a255b5
AAPL/2014/page_78.pdf-1,AAPL/2014,2,True,True,STRICT_FEATURE_ROW,True,KNOWN,unknown,PARSED,PARSED,PARSED,fc312900c079a01c5d92d4d4f447df59aded4e456dba2953361c3b736ecc911b,75afd1e87db3842c09637933a32eba03e5755abe2df7aa48490ce47837e5b9b9,2559bbd86b1aceafed7287599d0457933220767db90511bf1ce8a873670ac98b,532ac0adf68a7b22652358bfd2fb7aaf763c240309a6529a6b8f990237e064cf,7cc4505a5629be9263b209850fa377ba8202abdfdb2610444dca1081fe81ae5e,55a85d2edef64c3c7a6c3ca21a970fb2e63b1518b821816bcb7cf05e7b15398d
IPG/2018/page_104.pdf-3,IPG/2018,2,True,True,STRICT_FEATURE_ROW,True,KNOWN,unknown,PARSED,PARSED,PARSED,0c10797c9707170ca25808fe249ee4121d26763a064a77d2b4e6870e2b536ecd,f56d4d589b78ecde920165c46e4fe9430921de538b5187d8fdf2e5cfa9c78ce2,c05f918a0be02114e5bf49b3e3c3a593eb3e2472f18297d301764e769511699b,739ec6b68b9128b96bf42d634a9632330ab8d9468d23fd0ebef9c303181f1478,c3307c4e61adc1fc0334930a668f8ce83b35d4351381003881f48159d9f97d5d,960d70ca24308addce1e5707fa5fbd23b95b747ef19235fb8b70f47b7ad1ddde
IPG/2018/page_26.pdf-1,IPG/2018,2,True,True,STRICT_FEATURE_ROW,True,KNOWN,unknown,PARSED,PARSED,PARSED,8052641521f0cc62614ea0424dfcac9977f1cd4917f8e0ca145baf9c7cdf8559,c4faf7b070ec73d191e49958fc63d2f02d191b262dab605ded1801b63ece3b24,3d6ab884c300b01fb200192fbd26eb94cd3a597bf5dc45e3dbc36274915df9c9,147ebe94a52824d4d136f1dce4be313a11d3ef26b61a6d703ee167fec30cf3df,7ae532c158496adc0b062c211f3eadcc80eed2a30640fa61ff0c808c4a4cbd68,ef07a10a8a90ec4ad4d923201be7594bd5b759260dc9d274bd12dd3c585e5b83
FIS/2007/page_33.pdf-1,FIS/2007,0,True,True,STRICT_FEATURE_ROW,True,KNOWN,unknown,PARSED,PARSED,PARSED,b73f248bab991ca20b05236de7b03b87c2f8911d8537422a524bc444b29f994e,03f027655ac824fa81993b8c6b969e1d07baa02859e68f54b075cf391317aa17,5bfb151c5c604e9e30f42783e5d212684ac474b56fa1ff003f9cde03c1f44924,236221e67059fe1c404459e475b5e1b04c2f10e03fb44f89eaff43768ffd55cf,a2d9194f10d1b9881207d6bf3085204f8fb4428cd90f1479f0661cda8329ac99,1dc0f6fef835d4bb4a5a1ce214b27dabd54418fd760c6f2f38dd599bf63ba4c3
TFX/2015/page_42.pdf-1,TFX/2015,3,True,True,STRICT_FEATURE_ROW,True,KNOWN,unknown,PARSED,PARSED,PARSED,5b9544a01bc0ab6827a3d2eb160762983133086c9776ce40bffaedc8d65e9a26,e202c039408b2f9a31d8d03556d971ced06fc20fc5fbdb3764396a48e5330b36,e28cdc093ffcb614e365dc8c0da9e250bde856416a9451c49ec9b5ad879a9320,07ab8f0cd489c60c5ea714659dddaf5f30e1b9e7e5ddbbc7200aa0dc4362292e,3aaf4d7f47e493aa7a2d53810e13f098df36c547ee6806cf527c6a78cd4331c9,10d3e23729983b37c9d165010b60961245b5d8e36594e80406113c675e0f38c2
C/2016/page_120.pdf-2,C/2016,4,True,True,STRICT_FEATURE_ROW,True,KNOWN,unknown,PARSED,PARSED,PARSED,98ec9b4263acd380c8cae3bfd6265db4c768bff6790b8ad1edc13c4e80d86c0a,0edd56b4d689c770d1d495776634a8eb1ff7a1b12a59d1051a8825c89ebefe38,99a0fc58176f19fd6d1520c32b5aec595dfe3bd71a550640fe981d60d276992d,30589f61ec1990b0a7d9627a8c05038ca01fa072ada2c31e611412c3580129e7,f83cfea8d2b446a6f3c36927496e3972b127e7ff78703dc04a4293787fbf9abb,848fea3c6f9d9bedd4ea25c23ef29ef405bff49687ee58239c45822fc9312f64
LMT/2016/page_85.pdf-3,LMT/2016,1,True,True,STRICT_FEATURE_ROW,True,KNOWN,unknown,PARSED,PARSED,PARSED,41ae74be61250a6b6e4dc46ef6f36181eb8b707855ee012d4fd1401f963e5aab,b9d551fe3849aee9450593462d8d46e88df9314d344c7447c62751bef7ac1954,33cc1166b0c846052f3b4a55344071f68dd0a8cb650c4123ef562d8c38f0137c,573de322f99b26ae8e8f73d5c524ee4ef11bc02bdcdfe8b08de0ad289c6b11be,81954fc8820d884a832d8d01dd812bd103f4279c6de1320bac4f8d6accf32e58,741a2f5ffa3819cb388d511cc089fc44124182433906977da683ad847a178b82
RSG/2017/page_74.pdf-1,RSG/2017,2,True,True,STRICT_FEATURE_ROW,True,KNOWN,unknown,PARSED,PARSED,PARSED,a084c97f27a1c77f125c361e9996c337d0b67eb1572f3ab8438352ca044e64ad,a83caca3b71d8b1eccda1680f55820157e7271f31fbdcaad0d7842489831756d,aefe763b7fcd92f4cc84483e977030e36800dd9e3a6654703bba6aa32043e877,6fd7754ac61ed0cfd0e71f4e1b457238a755c04e02085115e100c282eaa25fff,d9a7495ea69b77230cd49e0db461f81ddedf2a689404b22ed92ea9b29451e5e3,62c175b85f947000588fafca84ba445d9bf58cea3aaeeadee1653eb2df31b151
RCL/2017/page_38.pdf-1,RCL/2017,0,True,True,STRICT_FEATURE_ROW,True,KNOWN,unknown,PARSED,PARSED,PARSED,6f9001a44ca3011c88023007cc548fb472a1a26dbbc05b7dbaf7b9f1e67fbb2b,fa1a253a814edc52d8703fa5d1cd2cc3922e531829c0da235e6292c10942ec58,7d065ca5565df6faf7a8f0cd9610ec4633345a2e6029c782cbde1f85322f4744,de07bdc52c94e4709ffbd52a6e01766eb70f8d02db66096630eb523e146026fb,4259cc1abb8edf15bb9cd1a42822c049347c39fe8487ef4126f7a2b63b2c1dff,cee3b68957176bf213526e249002d9cec0b10ed8437b1234b2b913d341b65ee9
AAPL/2002/page_63.pdf-3,AAPL/2002,2,True,True,STRICT_FEATURE_ROW,True,KNOWN,unknown,PARSED,PARSED,PARSED,59b83b1a906e756a4a9dc1e22e017d73e8ff6e283c002b1a6213ae7272c8c38c,f92d1e1c8fc1e7909617d0ffd3410f8ec5525b0ab116e6160f9384f68a40d55f,83b395791432a436033daf4dd37718f2c07a66075b125b127b29fc4f450c9f7d,f8bc3f513826a6f88119927d75e259c78dc20ab82a778c908ae331d907ed0c8d,38a7d695ddaa23d6da7a7364acee4bad33aa71ffc064e6e59697a9e126728bfd,467ea8bc7ae9f3c7193e231c4bcc7ddc3cf4ac9a10ab572c5afe3dafea1e32c6
RCL/2016/page_37.pdf-3,RCL/2016,1,True,True,STRICT_FEATURE_ROW,True,KNOWN,unknown,PARSED,PARSED,PARSED,e81a869b1adf605836e2727e613e3fb462c08864fe00788479a2334bfb8b91fb,a31111d46d0bca1f9444d209621add0b4eaaf4fea02172758f0a9b48183bef60,60599d91ebd6a86dd5786db004c76e4d7e6a2686ef618648e9fbda8b811e5d7f,f99a51e51ae432b11066b6fea89ba42e1e104f130228dc428d405bee1fca3e8d,f20ab9309e8c277331a7fcfd489b8d3414448765b70f3797e83e9eb9f07f2d39,db10219c694809d0e781aba010b58beb0b3e2a045bd17a72b92c021942244ee6
AAPL/2002/page_26.pdf-4,AAPL/2002,2,True,True,STRICT_FEATURE_ROW,True,KNOWN,unknown,PARSED,PARSED,PARSED,f3c5c4e8f5b0c16596f99820fae4a2b19b9eee47dfc717edd13b90323e8e7458,98bbed03d8f4d346451a7368f20fd261fc5a86174178ff0da8602c058bce5a27,db115442efec9f7c6262a040b1615797fb6b2b77f820c1733c0a3cfaa8f46810,851e87b548470e0650c69e20b666322819a135d72fc124a9cb8cab992ef66232,5528fd5dbcae2f1db614e7c370141602f1776692bbd5c283d9dd1426af08511a,7beb656a4cc128c02225d8716d5b99d67b12dc6ade369daf4b3e26e073ced9e9
AAP/2016/page_26.pdf-2,AAP/2016,1,True,True,STRICT_FEATURE_ROW,True,KNOWN,unknown,PARSED,PARSED,PARSED,be0e0f92aa01d7ce0eab9a9373dbcbac97c652acf094f608c0b04b9d47a98870,b4840855b03cf215cb9d0a41d2d13afbe2ac71343e3a5192348536933bb3def1,0af9b22fb622c214f27e451a013d70e9fd9ce71482ae1d58e8c795090b2f7ebd,3d63049822d3b72bb2900f309256aa4a169d80175550ab9b701c2f203dd998a1,1b2aebf2dba726f1117bd5b14536271e941ef4b91efc8667246196028bd70fef,ddba59cb5748c068e5b454ec2f441a8fd523bb3c495392f624bffad5f8cbc991
APD/2019/page_100.pdf-2,APD/2019,1,True,True,STRICT_FEATURE_ROW,True,KNOWN,unknown,PARSED,PARSED,PARSED,80678b83b70082f6e623d11d0175ab25d25d139968acb96858928c0ac00cc48a,1d9b696103fd9c44366c10f0fcacff8f9cc19cec844bb8be394c21a5cbf54eb4,7d8871fddc81c002feda801e6c2e14817e46a60b61cef8e4e7c67915519f2db8,b679b797b7f026317cc1668bc5ee1fad5f1bf81a654cca545dc957b95767fad0,e1e3e90fd6da2d73c737ff1957faf112d3224018c9f60792afaf1fa34e4155a0,f04ae25ecfc744e1770105dcb3e4ecada3df602f1246aed691415d87c91427d5
UPS/2017/page_111.pdf-1,UPS/2017,3,True,True,STRICT_FEATURE_ROW,True,KNOWN,unknown,PARSED,PARSED,PARSED,d3c3592b5b11b5e9a1819662594a4567ff5b5dbaa07e13d85c792f924f4f250d,c7acb0114822c31d6bdf92aab85883c1cf44520748a9282c99b7a02dbc854f7e,a643c899d0aa6d509e643b709cd5a7ad205b2da22c07442d85b3d07604f9982d,78cf0d2c3226a7955630aeb6ff20f2dbedbea7fd89e0b036f30e6a57b270ccd0,fdeacfa68f14a84969abeeb2594265afd5c284010c470fb3727b15c93c128515,862c89a0a1f9b4e51d4ff2a20872d348149020a37af81cbcab15174cea9a5d14
PPG/2005/page_20.pdf-2,PPG/2005,4,True,True,STRICT_FEATURE_ROW,True,KNOWN,unknown,PARSED,PARSED,PARSED,bdcb089c85b2b77951e93c18480683017d34a71b910827e6047140c1e82bab90,284542f4f48ea13738ea9fd1ac239e2b1199cc09985507bf18fcedac85b6504b,370562abf5ab5d4f9ad5eeb6f6a872d4baad58caf02aef4b0fcc3b85f1c1d7c8,5cefb137abf8f84e7aee2ddcf79cdd96814dd48babc12ea65a4b84839f91f8d8,a3351d86428bc2f05875e51ff4b4a2caaff0bf129a10b31e72ec4ea1a820e598,f24ca466622972be042e1dda2abcbea62a6e4af745430d3506b157dcf7367784
RL/2015/page_9.pdf-1,RL/2015,3,True,True,STRICT_FEATURE_ROW,True,KNOWN,unknown,PARSED,PARSED,PARSED,c7722b98f40151c5950e0e98d1678ddc5206df103f1c896854e240bd325ed30e,e9d3ff5e387ccb55dee32126e0a439e2a39925b67245989a65169aa67b6670c7,803354987d571d22dfe15297ac5716bde1b099da0322e44ffa218bdefc94ac81,f5cbd02a19f8af7d23f53e310003e699cb15c1fed6649a77f0645129c7969d77,e6ae465260d15f691c1d50de6c5763da9f0063d25d2aaa7e019ef40f9ba61003,8cf848f696be802cdee7e67855c0436901e6892b47d45564acb020069b77c018
HIG/2004/page_192.pdf-4,HIG/2004,0,True,True,STRICT_FEATURE_ROW,True,KNOWN,unknown,PARSED,PARSED,PARSED,13af236f78558bd38f406ee04f55426863397be5b06affa76db76325eeeb3eb0,dbe5ff2c7a547b44e8de9f2e15df0742d7addd60c9b16a4d2df16e0ae5b3d93b,25ab5775bf7a2041278486398585404b691b177dc717768f548efe7b54fd778b,3060bc56aa90b0a06fae581a9f603401fac4fc3435d58eb0cdae280dcb97aaeb,a3f867014a2100198c191b9ba736bdf3693eca025ceb12f8e5e19ba4b437f46b,0cd745e1319f2f3ae708355f01e517c5eb578be229604590d2b2966e97e20721
RSG/2009/page_78.pdf-2,RSG/2009,4,True,True,STRICT_FEATURE_ROW,True,KNOWN,unknown,PARSED,PARSED,PARSED,107d627f8b795e9f71a963cc40d24b335e687405bb73710468974a89765664e0,b3430e435498097501ee283f60f01815517fe60df2bbbc01d55494c7647dbd06,fec9148eb9cd3fda17452e5dbb8a891abca70e90328cfc60ba286c1719e5f3dc,9d72a3eca1eb760c69ab06c6cebb466e2e6a5d4bba0794440936ba7e59bfc41a,f5a5808972f015b8103c2c82964fdba28a2de5162f5ca240f127dfb1d32bef80,2562c22d819f09e1f65634f2a3bf693668e8dfee8ac0ef6f63a1aea345e9e83d
AWK/2015/page_21.pdf-2,AWK/2015,0,True,True,STRICT_FEATURE_ROW,True,KNOWN,unknown,PARSED,PARSED,PARSED,b6ceee1674db1e840445d0eb66fa10d7faa271b237c1a72413916e998eec390a,01a2d617826441d8c601a398eba6ceee0af046f6bf70d4298e09030af7494b28,579394f69a02810268b79fc293a8279710664ae1e594d2e63801d246243cfc0c,54a17c519d479e311387a3d949809b2da34d8a0f5156cd97b2450fbbcebd1fd2,2ebc9df59e30cfe9b8b6610a3d1cfa838c11644d39724ea26da9cd826ca07042,efa0182ef6c9fc52f849d61796c9cb3480a23f4f87b7ed6a19c71078003a3959
AON/2015/page_29.pdf-2,AON/2015,2,True,True,STRICT_FEATURE_ROW,True,KNOWN,unknown,PARSED,PARSED,PARSED,2b877ca7e5f53d718155c54559bdab9e6d2451e471c08deee3b61daa6d240928,0ecac0e7c5e4b049b64267aee420efe32a929ffbaad8851bc1a09c188501ec47,c18952175d6a8f17b6e41b5d71e8961be1e4ae5d27c11e90200cb2bfcaed22d8,c656ee5e194c2104b6d0bcb5293a1fddc2e0a9d1f147f54711a3e321f314c2ff,193b8fca510f27c5adadd831dc21362e48e9a86fed1f9b7b9d4a58ba4357dc2e,da19149f95b9535e6c01f62af22515047ad98ba2f418f7248ecc2a030c1fd5f2
LMT/2010/page_24.pdf-1,LMT/2010,0,True,True,STRICT_FEATURE_ROW,True,KNOWN,unknown,PARSED,PARSED,PARSED,3c0b5bebcb223e4a915b44ce1f66fb8bf9e9bfc3824526cf3f2f472d75a84b0b,c6746857656fa06ede5e9dd98520cf2ccb276a82aa52628134b3c524e4bdee49,b2ac384bc6392b8098f97bd5a8787eb6340a64285c374b7bd208b9d947555341,d4ee8991f48af804ddfb4d22bad6ae610c037a69ee4c9eda50bc76c87c7b6cae,9a3559e88e819dce8ed3c0a798ca8a936ede8aec99ecfec46b3516a313966dad,67b7a27775153c76e1e903289630bd6e0fc28f4bd0a5f3cadd54864a564c5c74
BKR/2018/page_127.pdf-1,BKR/2018,3,True,True,STRICT_FEATURE_ROW,True,KNOWN,unknown,PARSED,PARSED,PARSED,0a9fd4c49eb699bc8030e3f226e036aad1e299368692aaf5150a7f0018b41bb3,645d2b37a7291a3974912dd06a5a1981ca3759d718430d84e4a48b0526b48881,7a17c1f2b47e35701f7eb414111f4d26c4295ca76bc07264d76b04fc984fe2c0,c6e774c323e1d8d146f674a9c77d554f66392b651aabe15fe9c428446819c1b0,66c671c449e5b1a904a80867767985e6fe1f3e64521ea6cdb428225223efe3a0,e7e79866681e0d40e55c1d5c3b3bb4be6dc82c77ff8fb9b869fa8c54468adec9
UNP/2010/page_55.pdf-2,UNP/2010,3,True,True,STRICT_FEATURE_ROW,True,KNOWN,unknown,PARSED,PARSED,PARSED,0039123bd6f0ec5e7335612adb15adf35c42e55419fbeb7ca739810932f7475b,9426e8c52cb74a2587fef12e7664b10e5a2dee56d179695b081819e43e615b20,23e6fddc23f2d9a0366d18d7efc912924414c2609f11100a3e892e4ebbaa39b5,3ae1d7cd4f8dd2c3d4e4b9c600a73f20baf2d4b5cb1e0b81883614fcafb0268c,474cbb6b621c9ddb28228436fbf20579da3ebcd4fa4508e1a2b56835616c0579,b8cdcd99ee90313e0228594df6ac2cf5b2de3bd3889a2482e6e838b48af56a99
PPG/2012/page_70.pdf-1,PPG/2012,2,True,True,STRICT_FEATURE_ROW,True,KNOWN,unknown,PARSED,PARSED,PARSED,e669f872a82b59bbcf58d3e42fc78d8a1a7393d79d5bdd4bc7029ff9621b4dce,f9b6c43c5503d8426031704fa7379aa60b46cd23a743e9386737dcebd15e1ea1,4f9311e9a1dd03b3a6f0e9d5bc88cc333d0ba0b8845dafd2e4e93c5375834287,7b7062be930a838de39acaafef60a58e74315c2e3085cd78e4d71f5a3bad2c96,04bba92e33db3bc64c8b33acc6261c945840dc8461b95db168627e9410a1f8f2,c18b44e301c519b5b93764f1de430e628ba2e418b1b7885ac9bd8ea009173cd8
MMM/2007/page_37.pdf-1,MMM/2007,2,True,True,STRICT_FEATURE_ROW,True,KNOWN,unknown,PARSED,PARSED,PARSED,922ebea7cc621bf1d973415118decf6e983b3f75ce4e2d5032db30847d2ef09f,054d232bcdc05699984534b3dc336253ac81d56f6800a1c8751fda7eddf9f97b,b9947eda97431fadf0bc0df47049a61ef282b6393aad764c8837b99fc967dd0f,89158625817f66271d760b608a9f9f1b1be51bbbd48fb8ecbb94ce11f8ea16bd,8d2e598a46c931d06aebe363ca7d28af3673b61711bd0d3be787b40e3c1bb427,967b61e2e5141c4e22271c014138c107923fa664353c75a89cca20d2bade2d08
EW/2014/page_68.pdf-1,EW/2014,3,True,True,STRICT_FEATURE_ROW,True,KNOWN,unknown,PARSED,PARSED,PARSED,a8e27f74c6a7624391ac69f3ea63278a926d4c0bd7fd203361e00ed6e672a3c0,4923b691391dc80027fbe9fcbbb68f54ee3ea0fa3497b5b5ea14de81dd909c41,b52f0bb21c999388955de4aef9d9cbb18398297b51ed32c95a9aea4659b1f251,a4a973caa9ade18fd9fa423af3651502451d2db92b16c151fd513c0c828d86ec,8bf90f0fcb749bdb463623860850716f5cd6060796486819e6654822ddfa0a1c,720719ad0d4bb62beabb8dfc1c91ede76723d37e18c50e6163f87d4e4e0791d9
APD/2018/page_113.pdf-1,APD/2018,2,True,True,STRICT_FEATURE_ROW,True,KNOWN,unknown,PARSED,PARSED,PARSED,c4c3885a60a3783acfbce4634a1d21be55ce94b789dd6e37e9222342de189520,c9a6d2ba12ae5f710da53a287233e21ef3fdbe1bef11b98db70d98ceec8b2f06,dc16f0c29049209e795e1f15365e2f86a7eb8e3e434d820935f3d33edbc020c0,4cc7e1a7524900fcea7855532a617ce286d41c83d64e64d7c6dd9821d9aa1ea1,74ad73c0817f5bfbfcaa14bef390356c65e119fee28fbd9af59d70e57afd544f,34e40eb275524b6ee90f7f49a95b236691b0ff809dc8c7607b4621057c693139
AMAT/2016/page_30.pdf-2,AMAT/2016,3,True,True,STRICT_FEATURE_ROW,True,KNOWN,unknown,PARSED,PARSED,PARSED,d69b9e242158574719a7bc0b348ddcdab3e99e76e854561ce08e598dd61bb628,4f03596090c4eaaba1b04e364b682f8a8a83f7fc70cc6bda851aab903b4c51fb,0d8ac2e2e735f0b92d205a7171ff032a96b4734a7a77ba6c2e40bb5397056a4c,bf71e69b3ddd681debf2048eedd9071a1b4d517640b581ed8be12c5e4c05a7ba,4c6d54a2a7b5beaf7fd4bd06b05a21684d8a4f856d410b4114ac8efc3af033bc,fcb7a25b56d822112e3479a96b67f4631e2ac8f9685240b115ec919c11ef82c3
FIS/2016/page_64.pdf-2,FIS/2016,0,True,True,STRICT_FEATURE_ROW,True,KNOWN,unknown,PARSED,PARSED,PARSED,01ccdb91d24eeda6d7e630925538ca67e5fe3d9a55aadb6cc322d1c7c10b3c81,c2b927a9424e84389b0dfbc1cefd7960728793063a49188114b5c27e121af153,6a4bb441be2eaaf93aabe6b6981b5d9ce19c7bfd99a710d300ecf103fd5cad65,047d720c3067618c35441c6eed2793e0aa1c58c3ab159a60257f4cf5877149da,b4e854fcf4cfb76988c3c51b1a93c75e96aeaa3dc1424c815da4cc36a26c6432,6102f40d68e97d3fffc035bb644fc5ed805f8261b4ace78269050d95f7d96506
AMT/2016/page_69.pdf-1,AMT/2016,0,True,True,STRICT_FEATURE_ROW,True,KNOWN,unknown,PARSED,PARSED,PARSED,bb26be951e6df62be55115db9da3d0efa724f307928c6b65498f50cec42c90aa,c786a12ba2c69574cca52a8ec18f6ae06bb5b980300cbe99919539b54240b8f7,a4475c31c9da045aae9adcfe530130664b75e6399e3e229160ec6f7b45649eca,da615dd06753461ecae0a5114a4024292db323696c15d861bf8b9e2b80799d4e,128a0c9030fa9bdbcf549de19d29274c330f5b0346c4b247b173fa3cb3a0910f,afdc6bc9e74d81b67106bf216108b157d0e867e3aba5ff8fda2c3d0bf797e3dd
STT/2017/page_63.pdf-3,STT/2017,4,True,True,STRICT_FEATURE_ROW,True,KNOWN,unknown,PARSED,PARSED,PARSED,4c8b65c6eb071d7aa9880bf908330d9c0d4efbdd95e6ce86a8f4cafba291dca4,c61b89142eab5225bd641c5a0bf619a18e88791e2081862a20e01114d7e07861,a251e41477b801781b387723abe9dc55963971d916e1ad0f58a132114bfcb398,5cfeeba316800a0648ae9a864447c0880f161d6760d3d6c4f8463af8f35b3ec8,d75998fa4fafe522cdc3c6433f73eb2f0470c994356957e51cf53f2cda5760fa,b0b7346c351c02f49cb36e326567c8f61adb31b5c0a4497d1646a8615d0d0ce9
PNC/2008/page_144.pdf-1,PNC/2008,0,True,True,STRICT_FEATURE_ROW,True,KNOWN,unknown,PARSED,PARSED,PARSED,af7be2b0b6ff9f2c9ceff237ba15a1367c403a7b22fb60169dc918d52651ac60,ba8113d0eb6a2c35a31c35a4619195b74c7f495c9f12feb263e3c8c818aeb6ad,db8e72940f540eddd3dce698a2eb608d42b165c1301cbb41f02aa81224adca46,4412d501a1116dba4bde5dee09866469d9235bd5ba854b2be942d46a2daff8bf,707db45c773cc231cb705e303aeac50d9318a40f5809a37706306f2f68bd4054,389a6949aba93e7d4168b43a6f567b140a6f0e1685072e3bcce0815ac78e1c28
ETR/2002/page_266.pdf-1,ETR/2002,1,True,True,STRICT_FEATURE_ROW,True,KNOWN,unknown,PARSED,PARSED,PARSED,e12bec8f8588946e2b84d9a79c9c2fe26ed8164ceb69f991bb7aec6043594a1c,5b022012adf7f71666bc1cd3940879eda9b7724b9f712bb1c29e32ae9d1922d9,d14fed85bdbc34ce6fc17a0432091189d18d4aec4fae3f2fd6fe383fc4ff3346,70853326a23df5564a0a3e8071d304b07393faa76f490ebcb89ad032605a6d0d,656b4961f3ecdc0d4386159e863f202b71b2201f350f75ab2e17398aaef3a665,91c3472a97b4a4fcbcf6d928690f2ac4afe818cbc6e7b9a9a7f8d302f3999952
RSG/2013/page_92.pdf-1,RSG/2013,4,True,True,STRICT_FEATURE_ROW,True,KNOWN,unknown,PARSED,PARSED,PARSED,257efdef15507d2dcf9f85f216c218b8e0a5950a0d93a9295082df2f700dd9e7,dd3c9601ff83e736850d993a3ce59db1003edb5f0e8f4d375fec748dfe8cfa74,baa5478868b8e63335c8d1a8f6a46c47f30a39acf6d9669892d4586da012de0f,daaf5206e3736db31cd390a192ed6198ea3550066976633ca55a4eb5c0cc1a3a,b08ffca02db8b445c6d405f3509142044c976683f0d131c430bed5aff396955f,50be00c72e5c2ea2393f9ecfd4614a96ce3de2d16d700084f2b23b09394fa177
PNC/2011/page_74.pdf-1,PNC/2011,4,True,True,STRICT_FEATURE_ROW,True,KNOWN,unknown,PARSED,PARSED,PARSED,a90585006f38c844d77d4aa89f34d774266684a3db7a92b14f452cfa1276b31a,a6ed017ab1dcd9df59d6266aefb65fa23a6c01124163207c8f672cfbb36cbff3,5b3305914b066aa4272434b722a399a5760af3777f5e21e91cfb5329b175e230,f56b3f30497aaef2edd8b2f85785751eb9186aa62e8892aba74ec185697e9651,250833025070d0e00efdb9357024ca3e9bf02dea397179ab87914f5d7bcd0f86,53326ce59e6bdbdbe5edfb034cf677e8276588bd131bf0b17a41a84f23c9cd6a
PNC/2012/page_110.pdf-1,PNC/2012,3,True,True,STRICT_FEATURE_ROW,True,KNOWN,unknown,PARSED,PARSED,PARSED,b89719ae4cdc4e5fc874b703e8509ac1b6e6ba71352d135a9cfd7670ba167c05,e8143605a8e275bb0cfcd5437ca8c64c50cf8757162cd6b92de43571fd609023,abcfe8c9586afa8e4840c7522bcf3beb49df7caf62ffe3dcaddc59f679c115b8,f8d4ba4d5426a0ec797cdab79a4950bdf8794fb9db2aacdc43f2e69851e8a3d3,a1fdcd439bacd61a8f332faa774492caac381e350834b7a54de1d4564c7cb301,9f0533207aab34a6103152fe6c54c86875916e6b113c81047d54308bba59f71d
AMAT/2015/page_31.pdf-1,AMAT/2015,3,True,True,STRICT_FEATURE_ROW,True,KNOWN,unknown,PARSED,PARSED,PARSED,d5f1ed7bdd7d182495b7a60908373cabcc8f59b5987bda18820e76c4d25e35b9,050084d4022369fb701cd324d97008bb434e15e56b8bf1d4e9010bfb2ccdfaea,c992fa816b1f053c965a88c327bc21f529b0fa60c8802adec959d89a7603a62c,9df5ec55cdf1e5659e2800d7147e6b537245423be91747f0fe139b0912e89853,697721c2f01175b6b4797928bd96fb2d97cbd46adb52c9811138145120fa295c,9e69a5d04dae856d70021c637bbdbbc823fd47b69f686da792e0738ae42710b6
LMT/2016/page_52.pdf-1,LMT/2016,1,True,True,STRICT_FEATURE_ROW,True,KNOWN,unknown,PARSED,PARSED,PARSED,1bafa0a91f10af88b2aab15e21049e86ce7d247dc2f30c85b88f63f78df407a6,7be0e9aa73078fe1a4e3bed929a082c969df41851083234b4b59838e10cc86d3,3030001dc53d2f5bf29c36a55cdcb9f66569e502af023e3ae408a18bad72f022,fcbe90968f34116cf70921ecd5cbafff3f8dfb710506143d58f5d445eeb75660,3b915e7c6053e3ed1e16517ad48b40e9ed2f8d6ae3f477ac511d810f93b3175c,9e759a12fb27e7750eccc05ef9f175645090c6c4031caa3b81c3593937d7d676
PNC/2014/page_151.pdf-2,PNC/2014,0,True,True,STRICT_FEATURE_ROW,True,KNOWN,unknown,PARSED,PARSED,PARSED,5977444d84c64be8f5fdbade94c2b4934d5e4ac433841bcbbe2f50eee12abd28,5e75f4599d3f9c49461b3d9d532b8754d0f9ab928819f40691c6a752930240c4,70e979e9a6cb6d794cfef6a143ea4e6eff3b03f06cf3499e2fb73a47364d9b54,cd74d84e7264cacdd8400783c189712ff44b38510fdb8fe902d46742b8a0b0dc,5964efbadd6b01d883b889c01e7f0d1420e90e1781fe9fcd7abcbf2563c3c031,a49710a221ce6f03e0d29a8ebfc92e69a85f4e49386c9a5eece9460c5f14c4fc
LMT/2017/page_101.pdf-3,LMT/2017,0,True,True,STRICT_FEATURE_ROW,True,KNOWN,unknown,PARSED,PARSED,PARSED,9aee5f0d128d5c3d058c6f1cd045764ee0f980395c253cd683b91493145c2a68,f1d86c980362217a90468cf789327c919083da0c1ef59a41ceee1fb64c66d5cc,4de47177ec16294ad21819b9f11d41d575a3e3fba5696928c511a4fb3f38b444,5e447f5ac1eff8a7e125e363f540c76403220a511bc087d9afbdc99b924a4232,dc347c28a31e8063c11201571178444efd17e7c7f6f9881c03cabce0e14f4807,432661d6b8e261d24b283a992b477d968ca2bb7df9ecf6add3d3c9b3d0012ef3
KHC/2018/page_27.pdf-4,KHC/2018,3,True,True,STRICT_FEATURE_ROW,True,KNOWN,unknown,PARSED,PARSED,PARSED,d5e597b08e0e7a89694378fcff0c4ff7db46f44399212f77e1c8ef46ebaa4df6,61eb61faa1fa965f0c35de7d4ac6fec3a3f4590a5a7a597d7547f4919b269a2b,0b44dd7fbe7bab94c7b13a5af5f370a50bb5111678083b493c2780faa561a75b,c5b774f48ae5efc10c4862b1562db40de8f3f39aa8d133a1f15f4fba02c39731,d8ee1be94896bf67c617383fe5b819d30fc64f574653b286f7d31b790d34a61c,90f1b33a0e3392bd7493f5356070f0655019012331ba44b263bb8dea8c6a9ddd
AAL/2015/page_15.pdf-4,AAL/2015,3,True,True,STRICT_FEATURE_ROW,True,KNOWN,unknown,PARSED,PARSED,PARSED,a3626c2573bee3288787035641946372a14da08e64accd8bbc7f3906b7d6a171,df596ceab5727d8d5852651ab8ec66e433d67e193b694165d0ad9cf4fba36a73,38846f7d60e1e8b9465755bd7596109d02e8d085f0ca000ef143d684112c3acd,b0db13d699bc0e3d2e55e8eca719b9313ef99e4e81320210d5ab02735062a9dc,f1171ab575960afffe46210e6671b4030fd70732a8cb47b1dcb3ef128708e175,5306f60ee586ead7b1f101e2e6053a8fda80db7359fb63ef2b6b5d96e0f94163
AMAT/2016/page_32.pdf-2,AMAT/2016,3,True,True,STRICT_FEATURE_ROW,True,KNOWN,unknown,PARSED,PARSED,PARSED,2df98d198cb302ff2eef4a85a6ca7db53da19167599b70b079fd68bfa71b8ca6,d2d7595b7108587353d0f5dbc6c22475131941ad32b37f03209f6d8b011c6b7d,5681cd355af2da7ff790964b10f59831c7335a52b659efd0d22c10674bafd656,07cb7a29885c52607e9526e96d35f5ed770716277aacebb206f6439874fef15b,359d52763bd49e1243bad7d5b18fe6016d6571aef5ee7ec97e6a11d9b04209f0,63dfa33b7b3da8f7650a9ed47bf6ce70f7d09ca969dd4f2a46bf830ef60c39d6
JPM/2016/page_73.pdf-1,JPM/2016,1,True,True,STRICT_FEATURE_ROW,True,KNOWN,unknown,PARSED,PARSED,PARSED,9a3199bc7af0af89bfdecbdaf7335d0b7d86db93e7672f67beea8ddb35577d8c,951b03908d4cf4aea27ae0570846b9a7dc1ee80056481f1600c92c633ea7f9a9,a4ccbd58ff436ac73e48cb1c801c41281ed03b67596f8c7e6839321872bb4f63,ee7cfc7eb4efb912bc5005e3103e4f44d85f35e77c4a99fe5b9512518ab668f8,567a644bc52f4d7bbadebd68fbbd0273d63ded45b8b3184553ad0c74007573ac,78d900f9a8b11053fd831ad327407916afac5d04fccb6f9574b170083d87e3a5
ECL/2017/page_68.pdf-1,ECL/2017,4,True,True,STRICT_FEATURE_ROW,True,KNOWN,unknown,PARSED,PARSED,PARSED,c1c0b9ca59b2672e1ee5491243d8272d76a1c0ae898394db0cce976c0ec41f80,a42d1df5ea9e921c0af78f533c3887c3e218ba45687c98de59dc3557018fa097,116e4ec157f8c24f8ffbf94501224f6d8de83760ba79440852c25e7541dc1242,4f2bd306c46215af1d40a5d96b6a11f1ae05fb8b38749e122474200913379154,3a34f0250f4165c112071f6edb7be910b1857ef6930096546287668a888cfc85,0eb151d0f17a1a9f1d358020727f3315b09702ca487812a07b9b99ee6724c387
ETR/2016/page_403.pdf-1,ETR/2016,1,True,True,STRICT_FEATURE_ROW,True,KNOWN,unknown,PARSED,PARSED,PARSED,851a626f5271949b66149b122f2a24681743c5b1992685407d16071ef988afe3,ca83db1f8f3fc7de4b5a6577f08143978770aa9827c4f8491c8f0b780dcc864c,c9e45c1b604a0cbc8fa404b3699449feeb2a58b2b27d50bc8afe29fe1ed752c2,d859641233d4d4945a79edbb198f00be528001a92175579cdfd4481c4e9a19bf,c703f2ae4aa689a09ad20b8e880a2ce2e3a7aeb34600edc87ece32028e0f241b,1401a0acc83b197df8a23f600b7d8da4f6a854c1ec07a6536cde65b764916ce7
ORLY/2016/page_29.pdf-2,ORLY/2016,1,True,True,STRICT_FEATURE_ROW,True,KNOWN,unknown,PARSED,PARSED,PARSED,300a1e7eb6f14da7a28b79050e24269d447014336fd6209071d2701a1acbc626,2afc8ccc5008ca6e078e9b4c486c2bdd8f93a5623b28018a8bf0cccd31a85538,5ecd20033b04d7e4eb0ecd33cf206879ef114da62a949a77644b8543beaf507f,771b6f04c742b6dcf6d98de3428fd02982ec919003b2cc938ea4467c6ad1c999,1a190807bdc738e8b0586db888b1a1f348fcec5ebefc9702eeb007036d8645c5,dabc20515b07eda78e01da9c1a92267dbf2d1fbd89f5c151faef3975e9262ad8
HIG/2004/page_81.pdf-1,HIG/2004,0,True,True,STRICT_FEATURE_ROW,True,KNOWN,unknown,PARSED,PARSED,PARSED,9a1c471b2b0789ccd75148c9049205b22a5b7aaf6a19deac8c882bceacb32b92,0a513719aef1e9cc9aa84456b582f5ca19310f4b839f081aa5fad08080c1e8fd,1bba67bf08c5c8cba4a1fcd161f9aef96d1ed6d581a15b71f4d71997bca6e9b1,1df92b381714944104c8582f347445439fb5d006af1e4d9a047b6cdc7aac4eba,08227a0ea3479ee2f4593679576b5d164854112cd7a58a7c5f31fef2e2c37807,04580c49dcebd5710475fb282a85f58ee210bc9d5936ffa426b0009d9ecd901c
VNO/2012/page_190.pdf-2,VNO/2012,1,True,True,STRICT_FEATURE_ROW,True,KNOWN,unknown,PARSED,PARSED,PARSED,6ce10c09604ff2eace002d4a514b842781fdc1f8221811fc8c7af287d1d8606e,bdb55bd36a0706b5f4c9a4d124712eae878fc440930d67639e98a8d0d2e090dd,a47bf48fc339f1ff94b0278de0eec9142608a12ae9cb6f69f6955842b1cd5cd9,e86f55dceaf9c4e2fa958293b42ba4c01aeaa955a012629320a6577bfe6ca11a,57c531e5c96ecc167b6fec9566ae6e75d742fa8c31d6a661eb83cafb8817ea82,e41dec9b329b2e66ed86ad3bb794ecc83cc38c5c18c40f99f31e43c27beab314
IPG/2018/page_78.pdf-1,IPG/2018,2,True,True,STRICT_FEATURE_ROW,True,KNOWN,unknown,PARSED,PARSED,PARSED,30b12fc2831ae2639dfb8d20dd5147ef2fcf26886d9615873063bb5444862997,0ae7240b624ea250ec5a7622833627732dbe0016cace0736c6676df9a30db0f5,df23d657e858ded252b94444bd42db7851e3a6800a4b94ac4be06c7e644962fe,5dbd9e12afe684a78b6094af75c60b978a51ff42f76347aeaec7ea568bd6ebf1,c5b3dc4ef4aaf746c6d7348ec4aaafaa37a3fea55a5e8b453e406a570d0ed6f8,9a401f246ae243e5db1288ef5b0109277d0f12ea31043143066d560d6644dd8f
ADBE/2011/page_116.pdf-1,ADBE/2011,3,True,True,STRICT_FEATURE_ROW,True,KNOWN,unknown,PARSED,PARSED,PARSED,a365b77caed4823695841e47d3037dab66cad29cb7cb5dfc94cb77bc5e4c2a5f,e5f9af5d5e93c6793ee1f83e181305a4a623970975c2d34a091ebf702f61a486,9fe74fa1b99b0e3c3fc76504413ceb85d54b0013d83b5a328aa77663373c3baf,ea284c39a003bd27c8aa7754373254aa18b6594497cb1da305506381e1baeb26,91bd35ab6f95acbb400e7250ce167f8867412b7c4759e7ccf4f8e5c8525e0a20,24627488ccc6899f62300d1e503d1bdac408906c57f7d8bf4ce6fd00f91fadfb
PNC/2017/page_168.pdf-1,PNC/2017,1,True,True,STRICT_FEATURE_ROW,True,KNOWN,unknown,PARSED,PARSED,PARSED,eab5dd353b4ea9e3e199c151ff19349508d6c3c22532d71456ae5e21b96af57e,0f7f292b299d00b44213b1ffa6d4c226e4add903431a2114a193f0f421c2526b,017b44783559c2c5ed9637f079f92386bf9c240811796c75936552611960c484,fb56445640d3b2814e00385e4e2f9cb153264ec0900f848e1cd0954284d372f5,04c9e123f064b2e43885a219be294adc206425c49294d07503c42cde9d242d85,c6eb880a8c2e2d7b3e2e3d6c3175beffd184051ab5c0513cfbc00942c31335d0
MRO/2009/page_107.pdf-4,MRO/2009,4,True,True,STRICT_FEATURE_ROW,True,KNOWN,unknown,PARSED,PARSED,PARSED,d4984baa9b4c7361ab604b7f948bc1a0403f1dbccfe8f7e30a443ac073675838,8a53d3fea96b10dd5ebb5492d51923b6d55576216c313d651a0789d327d59fb0,4ba1b13714726800dcf5a97c3d5bf42687e498871881c3665e810d383c0b26ba,dc0b904e3e5e8d57d94732ff835a2c39958f13231ac2cea6d6a94ae60dd9c82a,7118c2593397c760b724edeb7025d9ec4a4f064350cc9a86180a3df465b76092,e3f9bcfd525d2daafcc0285d970bd9a5beace11c0a96b1ceeba048d36830a008
EW/2017/page_83.pdf-2,EW/2017,0,True,True,STRICT_FEATURE_ROW,True,KNOWN,unknown,PARSED,PARSED,PARSED,e2b907ff7e2fd47068095087ff9631f99ce40b84462a1c2eb1489bc579bff0ea,5e45caceaaf0bd54344f3e53910205911327fb7817a96d5a5723deae916fa26f,4b9832ce39c75e8907244f865041b0301d4c0671d8b13308b5edc2e14d0512e8,c717924fcc0a48771133804767964b69b05ed643bf9a3627812bbf1fd7edd08b,cfe55e721d23ccc73a129ec27799175490120ee1123c426a81e503ecd5de3450,4c88c82858caebd0d71c30a1957589ad35e65aae932eeb594130898e956ddd04
AAPL/2002/page_23.pdf-1,AAPL/2002,2,True,True,STRICT_FEATURE_ROW,True,KNOWN,unknown,PARSED,PARSED,PARSED,e60f3edc4f9aa5674b21455a40d355205bb3b6c70c156b0008ee8939975a9f0f,b1004c124b275e8a0477f0f134051756642083bd9422f4687601592b27a7214d,461d9a3428147115d23b67cb9e43565ebc29bbed309fd1eba18ca6ef23457f8b,d22942b92ba703e0a19ca8b2c20abda8e291cf7ecb9a7d3e204ce21af1e071b3,5be9c2ba7ac5207db6142b3d552e8bf1ac2350a1c2eac42d9851c8ac5303c2c9,8cd999d6de3d1af7f5506a0883a6befeffd24f5776d2f9cf0c5d8012969f547f
ADBE/2014/page_87.pdf-3,ADBE/2014,2,True,True,STRICT_FEATURE_ROW,True,KNOWN,unknown,PARSED,PARSED,PARSED,03dc07209e581f86908a1b03b0f0a0568df8c557cb03b53963b7cc71c2c268eb,2866dff866728324740f4e681d0ddca9536f0467c6034f14ea0604f6de5d204b,a94a004be70f8bcd3d14c53294fa6e7356e88b6aff4b04e48eb2fa9a21db68fa,86a070ae3ca9f9ffe9730a7f5a5dc59d288c67be3ad5ec85d91131a2b2ca4a74,2865492a71f3630b14a21d657a747db8c51978bf9b3561511e934a3d0a53ea01,5f22b03e2f391e9659e8924337e16053474111b7f2ce8a431fe03edf40153202
UNP/2007/page_79.pdf-1,UNP/2007,1,True,True,STRICT_FEATURE_ROW,True,KNOWN,unknown,PARSED,PARSED,PARSED,61df1d84c04524f702dc36bdc70669651bb46c7a45f973d85a1f46b917cee644,d7a07246a887f197bb50b0e89f5417f53f80abcc3d852c34f3034c18a2c8df7a,f2d5d3eab55618b6373678c2ecc13f85ac36d959e5674688cca32caa49502ed0,74fcda1e49643fda2a430c13a44db6cffd67dea4271286ce984f1f82bb2d3c96,1238547ee23b27e38551a180943a658c4410f0683236d3370b71b3ef2fe3ea01,fe5131120001992355e1ada261db0fdca59a8d2df2f87e5fad064ee2b4c069c8
UPS/2017/page_111.pdf-2,UPS/2017,3,True,True,STRICT_FEATURE_ROW,True,KNOWN,unknown,PARSED,PARSED,PARSED,ebd88fe62526cff0e4ce505d2134d8344c11f5156f7ed54c1706febba1f7a662,ac7f5bf34c35ad194583b27eb9a66056839a394d83b83c9da441012079e93b97,08069d6079aab506468def4ff6996789c9b9cd07d8bc8218abd2878bf37f142a,fc318e2d191155be7ed78ba88c2a44d92504d036a301d08294fb5a4adb042e62,cee455fc5e1bc1442ede5e416cea1b5a7b97a290305535e3a4b164ca1b4f615a,f139ed48f8fe90dd885c48ac8e11114b55c0a753b0c83cbac548da8f30c1aa05
PNC/2014/page_94.pdf-3,PNC/2014,0,True,True,STRICT_FEATURE_ROW,True,KNOWN,unknown,PARSED,PARSED,PARSED,18c0361f2e4b9e9d2dde562700edbfa045d169327a53601e0fc59d1c7686d898,1e0e0dca19d4c640fe1506801096ce8f9c14590e2e638b051547ae6d28d7c385,bdf6f9f437f2785b8dbdd1c3b2626f80fb68ef8183443a797263be6fb2f015bd,4d94eb6fdec23cdb985b284de9bf10a9968090775d5c7bec9a4d13744db5a234,fbb414d83c7516cb9fdddd9c0ecffeb84a8ae6b2dfdcdd7428494db0b8e4a396,196f8a470e9e4e40be7aa9fc48da1d6d80ff30734681e278f3619233d3dc20e6
DRE/2010/page_36.pdf-1,DRE/2010,4,True,True,STRICT_FEATURE_ROW,True,KNOWN,unknown,PARSED,PARSED,PARSED,f6890d74ab71f0a2e6f726ca1feb53c2df26a334e79c4958df588b37c9aad352,bf1973c495cba513a627cb5e2430dc5b79ddc8ec06bb01ca37f5a6dd98cd9a3c,76fe0e62caa21efd839c3b4db26564e97ae65f5621bfdab46bc9f82975b1759e,6d19c4f56660f4d0874b3051be0726af96ba6e02d27a8baa0d8247bd69d9f410,0fc190e2c51c47b01e68fac62a9b3639603d0a753326729584868698f1a24719,69c919c63038a4aa01f4db3207ef3532483a25171961ff412cbcab2a69db62b2
PPG/2013/page_54.pdf-1,PPG/2013,0,True,True,STRICT_FEATURE_ROW,True,KNOWN,unknown,PARSED,PARSED,PARSED,7ef363788eeb3c5a1cd69d938cb9d7101f6f6e91ea6c27b259e1a2fdf6862e0d,d72bc6763d007e5f6437b8a7b4bba3a7f892318401045d28040e4c050a2404c7,e17d58356cb62134eedccd9de36b5d1d6de55adcedd5d5fac76ba3aadb26726f,0c0d0320d4bf6f7d2a87be8391611176d5ce0f2a2da533f05db64b1b1b0809c1,1699f7fddefe7921b8447e55860e75b0c46de346265f98d42d445514277c6092,0eada1c39a6f8f7c0506958d6e3792e18adac5400771a140cb6e8b1f46a57ada
AWK/2017/page_128.pdf-1,AWK/2017,4,True,True,STRICT_FEATURE_ROW,True,KNOWN,unknown,PARSED,PARSED,PARSED,8d9d0eb6cbcea32a78829792297320cab0f27f6fd2ad558e7a11011854d1ca0a,f7a77f236da28102d32a65ee7134174e1d8612f8496b355eca5744a216a16951,eb8ee60eef15a09bf7e97d93c545b0e736084dd723e70d492acb27e6b9065048,6f4d532fd6242e186a04f9acaa9cce02ee8e6b9a1b6f366bdc816d5c3db80edb,a28b67a8215b73392998a1839229e82fab45f6b026294080d48e3ff52f64311e,c7d08b391ead24d0e08a23fe02c1fd1f96a9569c42ba855db5704eff1f30dc87
HUM/2005/page_18.pdf-2,HUM/2005,2,True,True,STRICT_FEATURE_ROW,True,KNOWN,unknown,PARSED,PARSED,PARSED,4092066248ab94a7703a52a01956c5dde9bf7b03cbab74664b31bd5cc35a17f6,0c0f7513ab2ae8b7b842544b4cb04ddb9c34daa1d969036a8fe1e624439fc425,bc9c5d6da5f4f9cd4ffd58819d278a8f82f4b7ab8f2f1b685cd3a409d2b52f31,27dbf7dfbb942441aa17e0f5d973b5cdb10ecf51dd8533b2c44f131df6dba47f,c21fb5e81b3232fd5b842f9ab7e12fb56a71b526c74a2152ffe4bf28c5101e7a,7bc208b30261f603584a121a0b0f340b90681af849ac03cba160f18cf7ccda12
HWM/2018/page_67.pdf-2,HWM/2018,1,True,True,STRICT_FEATURE_ROW,True,KNOWN,unknown,PARSED,PARSED,PARSED,398fabb7e4daa5c6c15cc0f4d301ab7630bb21e03772add9ff69172edc19f312,033ee8dd51bd4b40ce22dfdbf147ba7f5aa3d183c9ea00a69a574ed657c47a8d,52da15a8f93b7e21421d359c39f524c051d64ee7ac73fdcbc22f0648f16b6768,8a3e7674975e68acd0b3af70a0b394e160d103cfe30422089feacf86b378ad7e,240d32c82684cc95de5706cde76e3b2b55fd6bf2ea05a03e886be41219ea72eb,999fbb50efb447c02c519141eb01c05f2499c7f08090d5e62abf7cb88020d105
DVN/2017/page_31.pdf-1,DVN/2017,0,True,True,STRICT_FEATURE_ROW,True,KNOWN,unknown,PARSED,PARSED,PARSED,4001b34baa735af93326e47e4b241d403c99f123ca5c1cc76b5fbf2e1c55111e,9aaae2974668d5e6fbbe1915dca1f97124f582a3dddfdc6523937da072b165c8,8f34e4fea173764d544cacf43a38621cfe4e8a66157a04a74bc811ee6724981a,27e4c30936758895c397d15a60cf2a3f5b42d644131da8e3336f5519918b3594,02b07680cd71dbef35801389e468d4b463521592a2f6fa5579cbd6f09f73e4c3,92df78d51226d543236e6d9b451202e1b6ec6027acb96b9ca59885585155032b
ECL/2017/page_68.pdf-3,ECL/2017,4,True,True,STRICT_FEATURE_ROW,True,KNOWN,unknown,PARSED,PARSED,PARSED,088042c73f72c87ca8ae63d6e619b27ac3ab9ed3b58bb4bf18a02dafd704a25f,f84fa2609f2a570e86f93813b395ffb2545cc95c6eaf15227ad8f1edad45c5f8,9e9441c4675292b7e2d8a6f4acbdd4bd7aec292ad93168e58e101d0c208ee4a2,b979a6a20860dcfc6c5e04772dbb746277a5a3e161127330a860d5cede43c758,a71bbc18ccff94f6c843aa7e43020704a539e7d471d4bed43874624e89b649fe,8c263bb5daf5ec14b2e31e578b209ebc629c8c5bb2b9965053ae1c49dfd30f02
AWK/2017/page_154.pdf-2,AWK/2017,4,True,True,STRICT_FEATURE_ROW,True,KNOWN,unknown,PARSED,PARSED,PARSED,a1b73ab54353765fdc93d1a698a573c9fd532b4341a43ea2e67ad4092d276b7b,11deb5f2fe40963b7d5ffa97a013bae5ea25d4d9660bf2ee5c913314b6687df0,de9dc2045f963e2da732c9ab24f38026d173ce2ae348d3a15eb75f787e233f74,9d2bd06c0bfe236f2bee14e8bb972945401b334999085ef602eb9a89efa063f3,871a36749ee74f718468ab23fed644616cbf42f9e60bf4e4318eedef1b752e90,4655315c7c9305df1f8463f2297f95d56e2ce7bce8159d56c2b480eedabb58c2
HIG/2016/page_253.pdf-1,HIG/2016,3,True,True,STRICT_FEATURE_ROW,True,KNOWN,unknown,PARSED,PARSED,PARSED,ad978068492ebbe5cf10b0130962106d820210701dff965bce4c139f5bdef08d,41cce357e2525379e7c961367edb76187acc5e5352970cc133b5dfdfb3ac07e7,ef63b7fa17c8b5d7dfb535f4ffcbfc40a68333abfc48d35f795b6fe763316a55,949cd7f1279d37cfe130e016589f55c53b00cfdb630989a027181bb90dc525ed,447c9f55dcc013e33b0c4b7529bed7650b065c9a5aff42ccc8b4f7ab535aae4d,5b8229c041ef627f2fc727864a8c7760d64034d74d5706acbf4857eda985d8a3
RE/2006/page_122.pdf-3,RE/2006,3,True,True,STRICT_FEATURE_ROW,True,KNOWN,unknown,PARSED,PARSED,PARSED,912a5466b75abeeda2b7f7a592fc26b75d1917f2a83456b9652b249a2fb97728,53ef6acb72ae1b73f596672dc7fb2c0d088299285dcd792bfc62136565a67c7c,c16852d31af26e325db6ded4636cb1d4a25c2b80563f549a032f5f6765b35b91,3a5cb2b4f8ed692c540072a1394a9d9827e3e332fcb77a42bd2248b0e10eb245,010721d04331645d8aa109727cc0aa86ebe66f85d734456e3401cfc3cbebb4e8,a9abdcb1c8dee286a2a9b031d2807fddbfc64165f6a75e6ed65c06979f35b00d
MMM/2007/page_64.pdf-2,MMM/2007,2,True,True,STRICT_FEATURE_ROW,True,KNOWN,unknown,PARSED,PARSED,PARSED,a4e1ae39e46c1891a9d306185bf8278202aab7285d6d0c38c5d90ab507c600f0,65a2e85e9ffb0c074e019a657a8b93866a26c1152b34a7812793b979666cd6c3,c0a9a0cef95aef5c0b752ba49b3322c1d995802f9f0f3ebb930fc01de95fbc00,9dc8fc2398cf95a1a31d2bcd664faded9d9283356ca625ee2a72dd13c2fa59fe,dfe4453e1ad92bc8995c7fe7fc08c60c895f5c63c31556edcbac06c033265631,d4924db7cf32df0b386ae5d5e763ce700c44cab81811891b6b245601bf4a84ee
UPS/2007/page_32.pdf-1,UPS/2007,4,True,True,STRICT_FEATURE_ROW,True,KNOWN,unknown,PARSED,PARSED,PARSED,60940f2118cd0150592917b22230624181838f73430c233c29d4cd5a6cd412cc,c2a5acb7fb6614f0ecfedee5f7e0c4f830a49275dad28f8a35eb7f879508dd9a,a66f14f0c95a3377d326ff44d1392064a3fe5df38656369ca3b5e74400f3d7fc,388030eae32d52771b648270f89bf8bc2618d513aee0866b498e9a5a7a88b142,dfc98204dc3c57b5ac9387acc5f2598b04065607d4d1c5cd878f4e45d44a9267,dde1e5345e529f1e2a6339d107fad202fa5d7c310cfd3635b7b1f3ce27eb2bc1
TMUS/2016/page_32.pdf-1,TMUS/2016,2,True,True,STRICT_FEATURE_ROW,True,KNOWN,unknown,PARSED,PARSED,PARSED,1f403708022b553accbe42e47d687f6d1cab915d56843cf427e6a8e6fd24d6cf,876b4a1364b6625bf7a899d602dcc64d73e1dfcab6fbc6c291150b58e1cc59b2,3fee5d6a4fa905fd7c86d3558c2fe10af92ff62623e909728b44c08ea95afe39,bb79114979b30f0204ca1e63ef785551dcb9890cf4e03484220eace8839a36fd,047256d21a31aa9b7a4f32b0eb19bcb57c4de569c6e15f281200db957f97aefa,bfc7864feabdcd9b2018857d4a0b549491c67bc9f4c9f7f5b3c7f433efbbfbd2
ECL/2015/page_70.pdf-4,ECL/2015,3,True,True,STRICT_FEATURE_ROW,True,KNOWN,unknown,PARSED,PARSED,PARSED,a4c378351648a22a833d9adfccd078b735ff13c4af04db420214c5626ec7d882,243b9f761cd9e5022eeac96fd89a3fd14da06320ecf55ae9f016f1f252f9e4e3,c5fa50eb00df278035219f4e7ab5513e16b57945b9423d03be19638055895d3d,b6619d08f24514849043f8fee9c445bc6c2379a5e1d17c22d2d15d651342a2a8,b6ecb4d93f7281e3baca2d67dc05b21fea6c06659383a9145dd84fb78a60909c,2f9bd30e3d7c9e8e6cb96f017d77f99a2f4d4b783625552117fd033f1fef2786
ETR/2017/page_373.pdf-1,ETR/2017,4,True,True,STRICT_FEATURE_ROW,True,KNOWN,unknown,PARSED,PARSED,PARSED,3e5bcd88b14ee1063b2a5cb7ad4fead539567ba18e022261bf7bd260313e561e,df323af17c8d579e9557d3208b51a911bbecc50ecebf2105bf3b1ee3135e01a5,2643d065d227fbdf3054536eb55e8e5f621939bc7ed0400c83eb5c818fc2639c,176e53d9830fbc09956208f79c30383aa70cee4d4e359f6ed0802b93a7a25a66,943a45d7348df7f5c6c723deac314d0a1c95b71cbf860c35ff694a34f3632da4,96cd208e980c391421f5ffe8872e8db67476ab09b8f106529e34f92e922c9a91
ETR/2016/page_382.pdf-1,ETR/2016,1,True,True,STRICT_FEATURE_ROW,True,KNOWN,unknown,PARSED,PARSED,PARSED,f4bf2a19e9b349ffe274bce7e713a45df2d93b1fd4cd008bd0ef7b0eac950cce,dcded7297d46c78d7f610958fe8e5da649d6e33a4a01285312daa2c320c8d54d,39b9dee43737e70cfe86067f159017b8a3a0403b37b84fb84dac58f58146ca0e,0f2ddec8c507b5a125cf802ad394a4415092d238f99541f5d4f8102452b73e45,2a18753c703b19897e45d653ce01c3dfae28d52440a6483df5abfb5c9cd37608,94e22baada92529042e7067f5961ab09c65cdd9a00354eaa90a3f5af38c9cfc1
HWM/2015/page_172.pdf-1,HWM/2015,1,True,True,STRICT_FEATURE_ROW,True,KNOWN,unknown,PARSED,PARSED,PARSED,6c8ba865b6fff42cdc855d0d244439f15dfaee9493bbdfc1e757cf3e89389888,1edf917f444d8077101ef1b1ed6e499cd08145023c00c5a8233e97889d62a02c,712e565f9b1048a554373f958721fc92d9a6fc7298a73998e0d3877c465fd1cd,bc73ec9f29e1b374f563baa9516b5991d8759b37d945fd1eeb254241ea29852e,09abe3ea7fdbe5577db45084873548a7a38fed1b782b292aaf0acbc6140299cc,4b27830496038205525024fdbe095f3088450de09c727bc96c413907016df55c
AAPL/2004/page_83.pdf-1,AAPL/2004,3,True,True,STRICT_FEATURE_ROW,True,KNOWN,unknown,PARSED,PARSED,PARSED,b58a50dd0c5ff4c2b3d11fe2d589b4c78f2e7bb6162db652d7733a7b351d33c6,2340622ffdc20702ba713974e5027b7d2b4f548b102a1e155ab98221446a0e0d,4ad328c6cf94af08743c6facbc2d013fc811165b1b06ed8beb65eded4fea3222,ef498419ba33bed2616be7481cdb95f55e679f9f61e1979be2e947a40e05da1b,b980ac4fa8b81531ee7ab3dcbd2cd05604a343cb87f7d4d667d634429686cd15,9b81870996518608f05b2f129ee79a996f1d971266f2d79020f2eeb4a506b232
CDNS/2016/page_32.pdf-1,CDNS/2016,4,True,True,STRICT_FEATURE_ROW,True,KNOWN,unknown,PARSED,PARSED,PARSED,9b5cd21b249a7f32747471397e58b8e2490197e06ca59ebaed91078145d7d98c,6c4d2bf23d30e27f8f5eb3b079a01b26e70868fd04f57f6c560c17bf19df3172,ab3a49d843aa551f90dcb7a22f425184c17ba3124bda1e6afd7694829cfaec4c,33a327b8140567a45200360913b703875165765d618fd0bc29a66637c1015200,2e878bf199781c460eff4fd18335080a0e8993092d1a2a9c9bc1350cd4ea783d,20854a91e13400e33684c3a30e4a16f261414908d1e3ba48b6b684dad034c280
EOG/2018/page_89.pdf-1,EOG/2018,3,True,True,STRICT_FEATURE_ROW,True,KNOWN,unknown,PARSED,PARSED,PARSED,996670cb172dbe7084ff237b7485ffd72362672470bfc5127cf61fc2f9d2b401,45793858f374106ba4eacc1aaf12d7722aaf5fbb24198e4763aaa8dcb574f4a8,1174ea88609bc004c24e3e02540ba9622cb29f75eedc04d788d717880011e054,7cfd91f9d5c41aad6abf39cc3004385678f5786066a2e96ef55ca24d5964dc79,43bb9224b6ec9aa86f557a5375ebe7f2dd42565326f687f5824296faabfb10b5,59679ca821ff706ca2726415ac27f05c7a4c313c6bd96ca9678331946c23e70e
RSG/2015/page_133.pdf-1,RSG/2015,3,True,True,STRICT_FEATURE_ROW,True,KNOWN,unknown,PARSED,PARSED,PARSED,89de6ae559464133741954e71c882d82b2df24b690ae8aa3afb176fe1c29ddf3,699257684334df9354e273e0ba3668652d2c0f67f81c008a12251ec7a33f7de5,e993d13a5f2751edbf475397849582c47a444cf5d241543a3bb8a952cacbacfd,6011ddf2e598f32bc7580ba23efe9400ff8d56d6ebb5d1d7b1ecb2963838e378,e6c0fcb9c5527bb6603549617e7e01071d0b160c0c0a72a81359642081ba73f2,4cae9528627854109ef558ab1462a3cf4dfc813ad857c8bf95db60b4ac6bd9d2
MRO/2012/page_40.pdf-1,MRO/2012,3,True,True,STRICT_FEATURE_ROW,True,KNOWN,unknown,PARSED,PARSED,PARSED,f9e6dad8ac1c72747804d816a862f366c21866301c7d824f9b78bfae205ce26a,57e0c16e047d234f1fe869c3ba219e5ecb7d405013981cab2ad4e977e0865ba0,b61f512e9b93adef49ff2ce2241b3fd3e491639a70d460ffc854f1e8c03d65b9,b7d85edab5a66ba41ff8e01cbb72a93bc88c996ea1dbea97d175e57928baa116,a709fbae046b0e7adc06ed7de9c54712eacf91716153fcabbaba9d1373b8a4ac,bcc42647779728571e49abc0349e9cb61c7106210be2579cce7175cd68d0cf60
INTC/2013/page_47.pdf-4,INTC/2013,4,True,True,STRICT_FEATURE_ROW,True,KNOWN,unknown,PARSED,PARSED,PARSED,68c4cd692dd0ce390b34af96048baa328e3671ea3b4ac0cfd861a82cb54a176a,39bfe0ed62c21b7a9e955792d67d87c797a8d2b8469ceaa9b16d0f1b6600fda9,a91ecdc3843cdcd23cb8ae1263afb257728e25bf706ac5318586d84e83a299b2,b08eb2153d6028b92152cd26fa750b2f7600ef2e88ad4b469d63e6d8b68ad08a,b320740b2c3799c1edbe1ac8b74b3801fd490527e5f8cd50c2a2fb9aa1bd1f5b,7e5c33a25768be28a429b47ae906290f3137c2629d85415065a18c9020e62684
ETR/2016/page_17.pdf-4,ETR/2016,1,True,True,STRICT_FEATURE_ROW,True,KNOWN,unknown,PARSED,PARSED,PARSED,814bb2492eb4d33939bb21008df67e22c30a07e689329a2def6969ad3a283285,ffe65eddfbb73a40dbcb6063fac3eb2ec4895776abc12e5f4405a8827784d638,eb4199f1094117172828101bca132d8e9a7f116b7ee8589bf8edef61d6d5cb02,ea6f8c1f62978bc49009b65cc51f7b310741016c7f7b508442ec7c7ca6824705,d5f821c655ba8e08b0a8e87eba7d18ff39a05a6003c935822404b2fdf98a0c8f,4507dd51aec05e4e4d43faf7e90b4d411e2dfe0781e71eb121579b2b0c3b319d
C/2008/page_219.pdf-2,C/2008,3,True,True,STRICT_FEATURE_ROW,True,KNOWN,unknown,PARSED,PARSED,PARSED,76abaa52a14fc825d9e7de845aa2ec25eae2506bed00ea9a01dc504243f97276,35bbd185e0cf5a828cd9b2a383dcf55c66de398183fd1476e263959ded867dad,0f50bc7186374687c4307b3ef3f6a9a0ec75d388d6b4072931e3fd1bd16c4fce,34b13d3659750bd4d135afc810cf406247e21c435dd101d15cec12d565278eb4,c15bbc9a3491f7900eba89332bb9b939565717657aed21bbf2d67d2d66b59015,3c075fbaf895c2daf6b1103ad068fb44169df8d0eae366440ddfa9b33a355ee0
C/2009/page_248.pdf-4,C/2009,2,True,True,STRICT_FEATURE_ROW,True,KNOWN,unknown,PARSED,PARSED,PARSED,3ce5eb87b978919c87e945f7215dbf9895f4eb361490d7bdfd4e4bd2b269595b,7f52bb571d839feb965cf391d76c2c07c8448ac392d8d640b02a9aa291865510,087294088eff57f9abeade155308d3e2b0270a940b07b482049c2e0a2a2dc5bb,f90cba4e49a482308c97ccf9957d9544c7a862c566ed03653c7c9ee5add941b0,6351d5f3104f157698139aaf2671635675a16b59f26dfc9b652e56925a22b84a,ebf2cbf7a287a0d9b85f5e554ce0c19f771a7226abcffb0cb1c00f9bd4ba2930
IPG/2018/page_26.pdf-2,IPG/2018,2,True,True,STRICT_FEATURE_ROW,True,KNOWN,unknown,PARSED,PARSED,PARSED,d80215356ce55d01681de0e46c863d12a78d49b536ab6c819a4158d2da28142c,d799500d107eabdbdfb9d2b4bb2de1b98962a8dc35eee02543c9714d6f9dd4c6,c3e64a26d0a3cd0d03f645ea7494ff5a0d08126bb2ba411f51911d36430a0f2d,cf48a381dda00de88f0ff998fdc2ff028c178bb9b31acf6f8cc9880c66ee2159,b6b00c5c7a4d6de2d961a3c3d323104044cc01911d2499402ef931a3091c3121,3156abbf3b0422c5478a12d24b1de039f11e609f2d2f4db5dc752e03e6f37cb8
AMAT/2012/page_37.pdf-1,AMAT/2012,1,True,True,STRICT_FEATURE_ROW,True,KNOWN,unknown,PARSED,PARSED,PARSED,781a05291c0b00fe280848509bd7b9ad42ba4000cb04cfd4d8478a154861dcb8,0b7fdd8d1455aa57cd694066aea0392e0014c6735b12750de0a50a4e2e440569,35522e5d8de65b9c8d2c3f5912698a9822ac4ddecc3886bfae7b1dd0923c67e6,f6fb606ffdcf08e7ffc554646683d4ebdbb1da10fea08097e5615d34870a4df7,fd3e0ba255671ea174a54f71677dfd383789e95b174aa78ee239b2441495f86b,5a03c793b28c883d4a5a8041d8663d1e968640bf8453ff00142f708b20d17b15
UNP/2016/page_75.pdf-1,UNP/2016,3,True,True,STRICT_FEATURE_ROW,True,KNOWN,unknown,PARSED,PARSED,PARSED,ebd76c3c20c446e1a3c46ddab0a93ba6b51f764286fa9009051c54c501343715,38738e6f1d8d1e1fa7cafa88a46a59e96d3b6fee770c40c29fb99f4eb1a72a0d,56df4e682f6322879df114f4cd3aac2377c05bd0ee150ec6e428c6abc45fbb5c,e8dc91caa4adec5cd45cc9a9e0a05174d15e3999705e2fa59f34b0520c2f26ad,8a732411e0a0427cab64999f49d6fe6b5d947d5574f8feb93cb26448f7d748a3,aaa28cdc701cef77ea7801e79ac93b4406f5d7747263828c45342a02f0ea2190
MA/2008/page_116.pdf-1,MA/2008,4,True,True,STRICT_FEATURE_ROW,True,KNOWN,unknown,PARSED,PARSED,PARSED,981e4c5f4e52119942774012df62b3398eb3775a8838929425b9e61d14e96d6c,4d8e63f5012678d5f232346addbab1180f42d90e280044621189bc836c1c6356,acbefb618c5d5574eb6e563381e6f69319898ef6f8d7cce2110d7d4e297e43e3,fe3754dea7f4fbaaef210c503003b6354a47d7bc60d8668830516a1853d3f6a1,32b783a566bdd3e7a817241cc5ad7c9cda5c94be2040826a0d6afa6b4f18904e,8dc40ae45cef0725d26a8818edcccbb199c50aefbac5fd19ab9fbe223f1edf62
UNP/2010/page_75.pdf-1,UNP/2010,3,True,False,NOT_IN_STRICT_FEATURE_ARCHIVE,False,UNKNOWN,unknown,answer_not_numeric,PARSED,PARSED,570d728dd6e425e7e2b38d736f8fde846851743f176c3c2dd9fb448e921a2c67,6839a22ad465ea3c6a97ace4a63f7b374793f25bd171108dd3ca5629e0accab4,f4ef4f325173672227479a42635de982f463df2f0507cef99a539cc1cfd77d18,abe021f21d38be11c65a792cc5ae8e24d0dea4eb7aab1c00bbd36b05ec0a2a6b,7fa56b80c534a43e167bc9a7ac5bdf069b7430992ae3e60823c92d934104fd61,92214b2fbd05d50562b3e1f9d6fbcda9e4e57adf48a993945d61d875cb03b44b
LMT/2016/page_87.pdf-1,LMT/2016,1,True,True,STRICT_FEATURE_ROW,True,KNOWN,unknown,PARSED,PARSED,PARSED,b8bce2a2fdb5bd98d3f1c54e5b14ab3bc0b702265b10a0dd0f6445b9e2022040,3f3d9e3fac35bb99eaf98e7a991a3c3d2454fd147da058a99f02cbef9bc9dc87,0de63be65f05351a8025446788b2b45f602f031544d461f92f2991ff4e2549ea,7ed0eec1a0caa75fff0440129b906ed7daa39900e8878d072170c76f8cf51c90,2d0e201621e54635e766d33e2734723b400d50b92307668371c4ede262cebc50,e62a6db47397a51cfceb0202c8dbd3dfdeac8247510ec58756ddacaff603ccdd
REGN/2010/page_64.pdf-3,REGN/2010,1,True,True,STRICT_FEATURE_ROW,True,KNOWN,unknown,PARSED,PARSED,PARSED,d1a9b411b9846c2010b367f32d1a6d4198407eb63738e8ed9c1f6ed15eb259a9,6224aa577c06b2341ad70ed7bb5565b55a86685124e4596c5f98dae2978d0b58,bc0d38c10b928f8ae47858c707d464bb6d36d8be6e58fe2993440585b0295797,ee5c8a9f03640c924d860151df7ab4df70d6061d19b70852220b5bac81644c79,8292ec2f6677909d1f6aef17ad4c0fd933c0a82850bebd582bd92de2fca6f39f,ecf69de370b4e2e0e27b29e5a891d5ff15d51650b5ff250f035bb0303e2c3eeb
AMT/2016/page_69.pdf-4,AMT/2016,0,True,False,NOT_IN_STRICT_FEATURE_ARCHIVE,False,UNKNOWN,unknown,STRUCTURED_SCHEMA_OR_NUMERIC_FAILURE,PARSED,PARSED,1581f3061c19af02d9fca9e82aea10d6e9e4605d515aef425d2596ba41394b25,b3478782f5398d69aeb7dae7ff85c27a62173f597ca01e58b23e8a016dd3f2d5,8b3bc9a42dc71a5a0c7079508d3f104b478843532ab49a07ed50ce4a823a95a2,a3a3d12f275dc7e805bb1a3e534ac9380ac25a00e5823539ae0d651c09f88b20,120bc7bb21850dae07546b71c2c4bdab09b182c59d8b9b3b7616fdf977c6b3d5,8e4a0c1beae2e6ba47c8b0bd8930f7c08420fd8d085daa58a316ebf59a0c2d7f
UPS/2017/page_31.pdf-2,UPS/2017,3,True,True,STRICT_FEATURE_ROW,True,KNOWN,unknown,PARSED,PARSED,PARSED,73e37f1edbfc1b4072f101788397206e0c9d9195ece67776275c60848c5324d0,1b4e4467bd1053cd4422861d320a14d49726bca4bc7798b097e0d78bf98c7be3,3673456eff6936e9ce8dc1904042cd177c01b8dd0bd7e0e50f63b002b1c0f0a3,a5db5764cb0a661ae3142ae228dac30d82387be85fd20d4f63c77d495bb2a992,d52cb5fdbc68996dc427a9857bf74c68fc2adae12449b1bafd3c7b9e3275e489,10b7e3aa84b10134d22af71da7ab9141f56eb347efd08bb0c34307cd1bed369a
TFX/2014/page_44.pdf-2,TFX/2014,4,True,True,STRICT_FEATURE_ROW,True,KNOWN,unknown,PARSED,PARSED,PARSED,a29270f9127064d2e241ff6cd2b4363d6f223d6ee17ca4cd70b8668ee6f8eb2f,bfc1f2c210226e29411cb9c5a99b1253c91b465d42e80daf55768176c755abd4,4a5504ccf3e3a618d9555c0e2f74d75be4e1ae9b6489f8b55151d1b89ecf6e0b,a8093fdb7319e4548331c6485fe37de423a6d8255efe935d9f65660a2a9d890c,c78d4a91dd9ee55d1c7381dbdba752f9382a361550ec9fc5a1d3f8a00156f6fe,31f68f11462b2e1f9e836fe59fc24788a9e0b9c4cdf4356fa3f32dfd16f2784d
HST/2018/page_115.pdf-3,HST/2018,3,True,True,STRICT_FEATURE_ROW,True,KNOWN,unknown,PARSED,PARSED,PARSED,ebf2c26ed8e097bef498dde1d82cbf3d490c86657113c02fd3be9e1b7ece1d0c,2af4adbc757c7dd1f184e75c558627e1e3d02f32bb1c4d4c01ae628ff23dd3b4,576adeca34e3e30f9383744ad76cf6fa1dd614f5bef2f9753531fb9522a709ec,17cf7faa1bd435671f3952c2e0d5cde68c8bfdc0ae694f688ede315d6d4da51f,c6184d7fb65b588461cbea8fbc7eaf6a61d8a6f4b3329aeb06365900e52bc14f,c5597d729137869e87251940239b7c942d4964097b62a15c72db027d2253403a
ETR/2008/page_154.pdf-4,ETR/2008,0,True,True,STRICT_FEATURE_ROW,True,KNOWN,unknown,PARSED,PARSED,PARSED,116519e81554b461641b7342829cd9d79d7f96d771c2bc79d722a13bb19ad557,d92c845e7da6cbbb532baa91ad44080a8610806223cc5b691db0efdd47e01752,583ed2557f763ea1220c39cb4eca56271b877c61b12fc8520d6ce79985fdc359,7463923d57735a7e7291740961b611c1551b89a2c7a248d209701861a62aa51e,caaa8f2fe83a6871b9f88f6aa4c7af68c96172f104e3bef5b15445aa896e9b86,5912bf3b891ae07b165f04da878ec92884c66ab801544a5854f66d16fdbf3e7b
AAP/2013/page_68.pdf-2,AAP/2013,2,True,False,NOT_IN_STRICT_FEATURE_ARCHIVE,False,KNOWN,unknown,PARSED,PARSED,TRANSPORT_ERROR,d0091457ca5d00cf35b6f31c6e0fe10b672f26483481d2a5be25641d2d8b19cf,37e9362720d5241636f0df2439f0f585c03c7803ac9ba2b06760072e39a784e4,bc89291024bce8c2404b1d69adc7562ccfaf33e097cc5cc3234f208ed693e91c,29d591a602d78c0a92f1125b78488bee589f50666f5d6f2429759ce6411b4077,26a3bbfe53f3ccc26c8c8d03d1c04837dde12d1bd3ba17c684aefac48a9cfdfa,61299df4b05c8353caf38446fe26c2e1b17f0fe15a47454ed16cbe16a419ac0c
CDNS/2016/page_32.pdf-3,CDNS/2016,4,True,True,STRICT_FEATURE_ROW,True,KNOWN,unknown,PARSED,PARSED,PARSED,76a6c73fe3fcefb358a9eb404979624b79ba48b418a4423889a64b51570cb840,abe2468f54df89667f71719d7540acecb90a1648bca9376746eb88b50a4eca55,e139413283a34e3931d02e8207eeed55a8e180b5f160862e25e32e3706b4276e,8b6996ef79992291764740339465270d4c3f62ddccab2da98560d104a1812482,0cac5d3b79481cd25bb91a00464fdcc9a2b8004f4df44ed2fb4bfb6c8ff96ae9,f8b9ee609265d3165da28bd6d71e7bdfab1e1b943d14aefb2771740b48150d8c
C/2009/page_41.pdf-2,C/2009,2,True,True,STRICT_FEATURE_ROW,True,KNOWN,unknown,PARSED,PARSED,PARSED,cda9c2ca6096c479c52c6431b2f26d661c322a080fc0da21cb755c0b560b21d7,ac1215ce9927eb648071d3a1607607b7dc029fa3e645083e09fa7055fa4ecd48,e7373cd9412ea8e76722caf44e5df802559dfb7b22151508578baad556bc4b81,ff5e33104f613626ef9a8e10ebf0f37e825fcb3032dc1ac3a799c221bf0d956a,4ec8cefc0062abc9785db1f0f76c372660b74f0bbfff9f1470b426a8c14cb5c6,b5e654334aa85416910621334efd751c3f7451268f49009683749ef4e66dee75
CE/2009/page_121.pdf-4,CE/2009,4,True,True,STRICT_FEATURE_ROW,True,KNOWN,unknown,PARSED,PARSED,PARSED,6b3d4541431019ef060ef8416c10cb6d584757b21eb7b7349ccf92b6b855bea3,0d71e6815165d1cc00d70ac7e5357e8c276ece02e522ba0841902c97a2fac503,c6637ebe2e792d273b729d29a3207dd1e4aada944daeec1c882435fdab7999de,19e264004e39ce40a623904e1955d32cd6d8759e0447741b094d004df9097f24,153e9c540dec3f3b066d5f552f909f0dd72e6613458dd0ed5721f51249f63907,d889f128e91636e7a855d0095813d3842bb8b30b3c86470adec097d45e484475
ETR/2004/page_335.pdf-3,ETR/2004,1,True,True,STRICT_FEATURE_ROW,True,KNOWN,unknown,PARSED,PARSED,PARSED,2ab2adbacdf584c939957a2c3b2e833525bab22b7406b8ffc4206b4e1325370a,0b3d90ee2380b10c45c86a38a683f3101672477a1ab5012f8f33b0982907bfbe,ee07ed424fb04f7e0a63df88af62646b55edcd35fc75247d475e874bfc06aa8d,0cc30a97b237c085f816ae1293fda0c3add370402408f6bacf1a5f72a1046f85,70effc0ef09b66af7aa19cb56fa33d7cdedef6c522b73be72be1ccf7aef4d2f7,bb236bb0d27fb2835085d77acfab81eae71adc54dbe186d57db59f742da6ad03
KHC/2017/page_21.pdf-2,KHC/2017,0,True,True,STRICT_FEATURE_ROW,True,KNOWN,unknown,PARSED,PARSED,PARSED,4f3472430604bf2966fb6a5ec51b06498273d6f7772c59817ee937c508644cae,cafc39e19351d8b4389a08c5d3b2f2d23882530cdf2985465a4021a39a79dccd,ae1768d893459bfb964becf45f7470ff6d72f0c3356ca9869db4a9b8bd73acda,c891a725efad9c7d1f70058d35fefded835c8db28744de555442471ffba6aab9,386e122c5ab05b55d2abef0441742c1d2333bdc104d3125abc12691043aad116,509bd6a009e4d12f08fff3ae38b4e6ae12b3fd4bcedf59675bc351eeb2ee4096
JPM/2009/page_206.pdf-4,JPM/2009,3,True,True,STRICT_FEATURE_ROW,True,KNOWN,unknown,PARSED,PARSED,PARSED,052f94aeff3eb5f1c038d0f699ee7389d6312f172cfea3bebeeb0fd1d0a2a05a,0818f9fc0658db4647b728905f2cd838c25ceaf27be6662126af8b67152b1cd3,f6352d997255febec5e251207ef12605f7c2c9a895e12d36f2c65e314a5af71b,0aa74a2a2b0f490821a339b1e4985d0a8fa4455b8f8299d98a8c44c222c5f243,d28dda459c51958280fd9c32c8a77ec9744ca0c4248ceb0ac4a6cf674c54f80f,5ed6aeb152fcd4b179951b582f1872722336b9f8760926693f539406c6a953d8
DISCA/2008/page_141.pdf-1,DISCA/2008,2,True,True,STRICT_FEATURE_ROW,True,KNOWN,unknown,PARSED,PARSED,PARSED,3a8208a713fff773008b8b1cb01b8e5e173a00207f72591e7b5f373596b271f7,67bd25fea7605030ce11a84124e19f51cfc910aaf0e27e6985d37f91c2b82a10,1808843608acc98b09de737b5c3bccf7cdc98bed1c9f5d751f5c0c500e663dbf,1fddaf434abc194b075736e4483e2fa4387a8f506c87c3e03135d6128d845542,7737b127f6ea8dabe576f024897aa99b9cf868c7fb7a247860940ad66e651f48,dbbfc58c59fb6a7ba10338c1a3015469772915c8060804cca6302e4d8e11c44a
AWK/2015/page_21.pdf-1,AWK/2015,0,True,True,STRICT_FEATURE_ROW,True,KNOWN,unknown,PARSED,PARSED,PARSED,6dbfbc64adeca03445c21ecbebd04bc6b9941a7eef76db91250e9b8daf6e4a8e,52d45ee6dddda5b0fac5184437a30eb78d4905b0afbf560bddad720c868d61e6,a5f04b5c37aa5bee61f832d60969d5e37d6bb14b0844ee543923df1a94d67cd7,a265b1aa7aa2d4beab2e29586fb31259461f65d7f5835c043860f121bd7f86b0,54ef0d51a8bc4c1ef35cc2b67bdff4127e5952617a1e5c3a81a273e048ffae88,7248034d5b2e7f6a42fedfaa5f28ac6577eb08b12dde52ec7920c374262c34f8
GS/2015/page_80.pdf-1,GS/2015,0,True,False,NOT_IN_STRICT_FEATURE_ARCHIVE,False,KNOWN,unknown,PARSED,PARSED,answer_not_numeric,9eb0d5824e46aea936ff6bc760fa7be73de242a01c8d9c907a038d1dbc85656a,957e1f827e9af7b46a7c423811f85bcea1f9f6a40b0221578356673b5314745d,46ae30694d4eaa10c4e93224f717f8084a1817d64bae65d9170d3ee5ab1f5399,ab78192c34ea582f990c0c4521cf0bd5e54270981b77fe1ca630290c8ec4cfb4,2eb2c96f09aca204cac8de35b1ca96b48759f361e8ac26df8f218034dbb1afbb,e950349ac928e6abe4dff9b4a4ad1fbb8c146461e5ebbcd6a70603c2038aa547
JPM/2008/page_86.pdf-1,JPM/2008,4,True,True,STRICT_FEATURE_ROW,True,KNOWN,unknown,PARSED,PARSED,PARSED,f9c05700a8e7bf20db8b4d16d8ca6dbe6a5ef15045a0f2d1462bf911653bf83f,5fd6542bc1754d96ada6af7cadcd4f3c540532bd916a31f45366fee97cb4e075,33fb3dcf39e0b0fef05a3f59b46f1fa774c7ef30c15a666d18ba7c4f9c99e9ce,b729991e3c7b6941a2304ec56c92761c283a503b68026f9e55cebcaaeba856fa,5de3be426f3f39332640fdcc3ab578a28acc161ff61d028c88924558ab088d3a,f09e58dabbbc4812f7e4c8f0fe466284e9940483a9559caa340ae3820b86db09
AAL/2015/page_51.pdf-4,AAL/2015,3,True,True,STRICT_FEATURE_ROW,True,KNOWN,unknown,PARSED,PARSED,PARSED,43039aa5d96c1ecb6c35326624951d0611d1b13e5510ba33607ad2257c442cbb,47bade980b267da0db4374a7c35ce09e21fe25f089cd31bdcc1b8b11a0cf263c,4bdf28bf6e5cf8803a705a647b2662833c3720235cbf69e6cb2eca636421eb53,01d276efbdd520bd467d0d3e1370996c42b79cdcf3211ffc8b3b1c5a9975d27c,6fb2123454c17747eb6bc322be9a8854f4823c5684a8214a006dc20b86502cf7,ceb5fec65ac2da980738da153b263387c92edbfbeda9faac67a74195801541a8
AAL/2014/page_80.pdf-4,AAL/2014,1,True,True,STRICT_FEATURE_ROW,True,KNOWN,unknown,PARSED,PARSED,PARSED,3b5975e49b88c93c0d9bcda56c5bfac12105c200d46aac7441d5670a402aaecf,d3fce2af6143dadfeff50fe4d55dabaa01166e369ee9c6247403dfd55af01fa0,82121b9dc97786e0cca5303b497a21961d4b84e928806d32752ac43b83320bf7,ffaa90c95dff6964def6dea5a24b7ce417f2ac25ead71e6a14dc56a821245690,af2a5effd50bbdef32707ec8012c3f3e5ed3424fee6821fd9a23e2138f4aecef,8a23a34c9fbd2307ad941995f83ff967f54ebaf0d7c55bd95de3ed08af8a69fa
RE/2010/page_120.pdf-3,RE/2010,2,True,True,STRICT_FEATURE_ROW,True,KNOWN,unknown,PARSED,PARSED,PARSED,89ae4231333f4abc193d1349c71213119ba576232ff7a374b42eea26d294e92b,aee431a904446647355a5ffa5e1ba498182e01208b764b3a1483e73984e7928a,cbba5c4e87f15dc36bb674b2f7b7b3cfa633fc40f301e07053c620e2544ee22a,1dac07d3c2af677b4951619f7f77d8844555c42c102a11ada2a9680913cd4c12,f09e9ca8e8e61d2b12e88557f4f72b9dbcc9857d0eda8eee1cd6630b02e52626,61de94f46d61cce6d032ce68f3df3eaecc4644482a1eeea31cbf18af62ce12e9
TROW/2011/page_13.pdf-4,TROW/2011,1,True,True,STRICT_FEATURE_ROW,True,KNOWN,unknown,PARSED,PARSED,PARSED,e702aaa3c90b6f4d9a76e20581fb69b56b148568f3a932b07a88fb79a68bbebe,8b308e13d44c36c75c5e6063adbf5fb80ea029c10b68eb23144cd763c2d3b0e0,961b3bad46cb5083b83e6dd47d16d0454b087b76a245184877f8dc0f692b9dd4,a9b694bd270275ed5a4a331a54b9c633de9071e8a0d8a9e073e03536a3dbaf11,114d4548c4d13065d301708bce470183e6966773c45b98a72f00308a3e1e3cd3,7966deb638cd249003ae048fa004814de10fc81d3da4db940d45d122e5e4863f
REGN/2010/page_68.pdf-1,REGN/2010,1,True,True,STRICT_FEATURE_ROW,True,KNOWN,unknown,PARSED,PARSED,PARSED,194898935cc14997394d6f2d5ef0c0afcc8b94d4eedd0d71709cb90687cc867a,f800e7b1ac2d187357e8b1a47e02f8f417dac7d7ccc0f2eeb6386337b0d466e2,188091586bc06b894c1b209bdee8bca25a29f20133526014151a85d89cd249f1,0a577886001f730c25957eec993887f25f58d1466092288c85f460a4ebc7f7f8,27986da5ce923cba2f7f453b9a0ad2c4b999efbd105ad34754603ccf394873ae,cc0f02b4d1158b8d72c87b2d0922a70004ba2addc33877d9e9a52208f1452c9c
EW/2017/page_83.pdf-1,EW/2017,0,True,True,STRICT_FEATURE_ROW,True,KNOWN,unknown,PARSED,PARSED,PARSED,06eb00ebe2fb6d317b4a5dc5c934ec63c87a54e19d4477df9f9303075339efa0,3e91f9ae7fb188f709bdee37229dd91ce8ee108ffe24d94316c614cbe01fc170,fdc06fb18148c6f262aa952a8f48a417145e1b55750bcfe176dd43a5c4e6e8c7,4aee0a483cef04b9c3436a48e64fff6c29d28a37692414a54b1dfb4b8f9e8eb3,ffe9f5a1e0c038c08d45ed899c4f926c78e68ac79eb22e9c9048515b8f36df9e,dded549b674c71815c2fe6ba31682a3f5056d28c7b3dac905b041930b02121ca
ETFC/2007/page_22.pdf-3,ETFC/2007,0,True,True,STRICT_FEATURE_ROW,True,KNOWN,unknown,PARSED,PARSED,PARSED,18e5225f6ba372f530384c615821446364330f2242d305279588198665fe484c,f0be5214268929b4e11e612db4c069f44579b98930da1bc4d076195910d69879,ccc0b03816db9d1eabc0e9640b01f621196cefaa5f898f48a425e007f4bea376,1fa724d599e16b761dba1f4d791af3765f6178a9031fb2aa16f194c38eccf32c,89e8eae09d504e7ade52c92e25775cf26bbbb728fd6e875299fdc76e1d6689c6,d0275bf4e1c0292568ea71508ef6f877a1459f1f7aa5b9a42d9ceaaa3dff4164
WELL/2017/page_48.pdf-2,WELL/2017,0,True,True,STRICT_FEATURE_ROW,True,KNOWN,unknown,PARSED,PARSED,PARSED,0d935ae44299c79dd87ded927677074f68c258092d5cd9848b0007d5eed7cf94,eaab4c675eb58bcafa5d7195d690b1be79f4c13903c460c96d1ab7695b494f6d,21226e940d14ab5c58655df93e2e61502062b56dd594906c29feac393a1f1161,5484d76eafe0fbd9194bfbc5a9f3e10f706448d591336b803c8c0208cad8f0b2,e4afcfdc3d0b9dbc56fa53747fbf04e94fef1625a09419c6d9052e29f7bb5e40,177e0c07aae74fe06043c1a4371aaeee85e644fcb08992b572214608a9265c04
STT/2009/page_109.pdf-1,STT/2009,2,True,True,STRICT_FEATURE_ROW,True,KNOWN,unknown,PARSED,PARSED,PARSED,a6bd546abfe289128710140c528b741844bf4a9b0425b3375550f4213a127687,c90983dbeda68704bad59cd55f3d404e5c0f605c1b260cdf28f6d2af114a77d0,ff42a7f9e52217a60302d229792d3f6bb05c4bf898e3533dfa801d33780151d5,4fe09c664e291bf8a94a6cbe34f0cbecc96b93ce30b2825e0c055eca249642a6,ebc0d4b0e956140adb100b4f5b6e757d6efd061d5ca30fb939f6e0754c3cf66c,4fe350f8dbfedaf29c30f306bcb556e7a4ebf304030be8ad452a1cb322a63235
CB/2009/page_220.pdf-2,CB/2009,1,True,True,STRICT_FEATURE_ROW,True,KNOWN,unknown,PARSED,PARSED,PARSED,29ebc8dcc5bd86369ba9cb6d406c3e9e253b74dfd708db5b5ecdd7f03e3b75fd,8aa6d1d0b1e14cddfcc294b1149f8da89477745443489349fc061911f5d10007,82ab2839e77cdfc0d46e156b5fd33f530035be4c4ca4ba5a063380e2c748a2d9,ad078cf97876db34e34aaef193bc96ce6fc6786d6d9ec6996a6dc46eea66c9c1,7e1c477cf4f24100286b69fca829b015ecf8e9d8da75d5d9ce997d2a1345101f,646c096f7e30e03e08de588eb8e0a6500e09df66dda9f43238f4a93a198d357c
ILMN/2007/page_84.pdf-2,ILMN/2007,1,True,True,STRICT_FEATURE_ROW,True,KNOWN,unknown,PARSED,PARSED,PARSED,b105298acdbd9a4a0b628148ef6804f546d806194988a5be96e8ec1ffa68cfff,0ee03b02fdf0f4373592f0be3a9be099ded5ae864c2c55d1bdea66ec4e602dd1,318e9c9e333f8f5289c5674e19f6a5304058b23110fa32b603bf5daa487830fa,c6dc0bacb143699cb8e09f93e0ffc1f385871bb822f43c6806e90dc121686048,361970acbd54d2d50174e01c5bdaa5f335a9b41f273c92d0a21d161b2f745730,7064d6daf500c679308dd48040281c64bf0af609defd6f29132e0b213e25731f
AON/2013/page_54.pdf-3,AON/2013,3,True,True,STRICT_FEATURE_ROW,True,KNOWN,unknown,PARSED,PARSED,PARSED,a9faa4d67e27a43c43687aa6d68a43686f684e2dd99b7dcd4bf30d85c03f06d4,b27117bcf2e3658ccbcc7bae3111d3c13fc6521f6f691b8a9b66cfb34d70380f,b92b9979885b99d527aa41046316b43a9ec271a168f443089dec1cb002452c6f,33ad1fa25caeeb8eed5cc7b117b7142295a037647cad68deebeb14a0b22387c8,15f97fc4a7bcf0434bb152c38f6f4accc6bc9b37786b1cd6f04c882dd657e7b3,6f0aa3e6ed0d63284356ac8ba15dd4bcd812571b6ab1fec42ecb40706e232ad9
ETR/2008/page_435.pdf-1,ETR/2008,0,True,True,STRICT_FEATURE_ROW,True,KNOWN,unknown,PARSED,PARSED,PARSED,9aae085c8ef62546c7c8b5adf6cd3eb3381e0dd12ba98a634893d41066c54917,3e4906b178fa2532eba13bca692b5d67a75b2da31f0164121ca3624ff15c6794,b03d4f89de9e56a84a62f035947e4e19bfa7fb31cc35df634b45aaa7d4326e16,373fa72669296340bc2cb88454cf22ab307b1eb4c76afcd8aeb99273ebbea847,9dd042edfd6391a67145167e21a7714ed162a32a5185703f09153a9a3b9a3eb0,13a11be427f54ad045d32eb01bf5760e06b2ba7a7647529e6c1f86695c7dc094
PKG/2006/page_68.pdf-2,PKG/2006,4,True,True,STRICT_FEATURE_ROW,True,KNOWN,unknown,PARSED,PARSED,PARSED,468dcfa2c9cc8b58a83910f14c4959782439627d3a552991a226bddc2ea4af8e,a4fe25ae447d787e91e1be70c0e4f0c54aa177ba1ec779bc20987e7b1eae5760,bf6c5ff30f5d78137c1fa15e56952e9e97632cbf61b81d2f168516759e10e2ac,6aad19ebe4ddf3605f91f48ca57ac2e933cd1ccf595130e903dd8deb02fb174b,32964aac9253eebb9ddb8ef15ba64bca36e69685cb06e5f2706ee60a690b0ab8,8ccee7f27dfdf384d5fe1b85f31b71c8be4c80beb55994d6512f6c82f3fb20b1
JPM/2003/page_44.pdf-3,JPM/2003,4,True,True,STRICT_FEATURE_ROW,True,KNOWN,unknown,PARSED,PARSED,PARSED,dd4ad77f23453f2b9ffebca38253f308c5aff15f2ea505b6b10d6b949fe112fc,90d1a65c6c7aebcae08a9a402e8c5ee86ab795f25f674b7877f90be424f0fa51,fc149f1d1547216e279968dae4c4f3aed13ecc58ad983db6929a18ec0ed5697e,47d35d65a8f2fc92fa0df5d00ecc307a68f7dd384d61e5409c551cdeb05820b6,ccb2716e78f394bcb8f1e44a59a52f4c7dfa202f6d783225343236391f813eb1,8d694fa9e1d8f2421257d1e0335279ea0421bd7d98b7a68ca1f6787c05f8109a
AAL/2015/page_15.pdf-1,AAL/2015,3,True,True,STRICT_FEATURE_ROW,True,KNOWN,unknown,PARSED,PARSED,PARSED,e64dfa6db80d05df931d1099a330bf21bf74f595ae666218e5be6b684da9df42,e2d665349588f2aef4d85785789d9c03103f49d975828b8e0fcbda66d391b927,892148464da9d136c5f0b184c1aed8ce3c74533511a23e62a2153639db910fbd,b48dd10400e1f411ad3b493f50750b68acfd94b73c039bb8bda2ca286a73af1e,3fcf404b1d9589b4fadd1540bdc0d477309dfcb407e6da9b606df4971e379a6e,6cfaed5698d8a3a44063e1d88884afa528975177606105e08c740611aa35cc79
STT/2009/page_122.pdf-2,STT/2009,2,True,True,STRICT_FEATURE_ROW,True,KNOWN,unknown,PARSED,PARSED,PARSED,ef9ca722968c4153ce05f679988b806a47c7f5df4237f080d947bfe55a38dc26,299a557d534f5d49202b470623431464731fcfb01b26c552698e469bac9d325b,df9b155cd6dc02531ac734b3d929787d15d737834062c13f45566bbf35a3958e,84ed9ccc194a935b3af373a71fbe44efcbd3eb2364cea4daf4d990e21a7d504e,37b5d7f3652706382d73ae2f50a8442b3ea4988e988f1f2b57e2257de4f7973e,848477a3b80610a3bc12b7655653c8a820b734bca2002b3c95fd2867d5be6dfc
AWK/2017/page_128.pdf-2,AWK/2017,4,True,True,STRICT_FEATURE_ROW,True,KNOWN,unknown,PARSED,PARSED,PARSED,e6e33f26803c082e9c93916e893f4c4b4b5b79e8b0bbe40f61bde27b22c6db7a,69e2e4c9c4148e3bfabde9b9025922ebbb1534ba106211c8e8bda36e86c3f9c4,1e6d180065faeb612ff49047dda5c5b5c09528eed313d058fccd3be91904c628,055836632eda3b07da5141ad7b4f26cbeed846613c685e2fbf15e608323ead5c,7c39f7bd1d9a934730fbb950f54537dc1e0711b82a8eedcc77fe6c7f4b028af4,f1e7f8a48e5d002209bd7201bf624f2e9b4031f786822a5fcdcd1c9e4c72fdf9
UPS/2015/page_108.pdf-3,UPS/2015,0,True,True,STRICT_FEATURE_ROW,True,KNOWN,unknown,PARSED,PARSED,PARSED,9a08392bdbae4b5c36aa9a15423303a34d6836ea94831c3a22aea094941a7e5b,ec40427ee04836684f537dca7082e958c2596330873586232f03a3a3c70a3297,aecfbcd77e5b135e23616617f84a32a646ecc7e7785c4d46ccd33cdb0ebe2286,310f8b717f84d5bf53313fe7c1e6a6e6bf319cb57e215456a4cb7a87610cd139,51c657c6d20d213a23add1d5960dc8e7fc2900c51f67759168067144130a24bd,e4585018be87049d820013e3adb4b0ee2518c7b6b05a257fb548b34aa1b09eb1
SNPS/2012/page_61.pdf-1,SNPS/2012,1,True,True,STRICT_FEATURE_ROW,True,KNOWN,unknown,PARSED,PARSED,PARSED,a5cee227d63bfaeb3315e9f19f60bf8c82a6aac73b4fe6d2a0eea9dd00d3ce80,341c82131a7257a1d23dbb5fd13d1268b6b9c31f72cb476a33d6fab732e170ab,920e0ef08809979648cd900614e9c680fe6bd46d2ee163c6499aaef818c33c9f,ad2801149631ba892ac21bf32132e742db994df0a3f3f772da1d5e63326ecb6b,b19e14172f1c59b69fa85098ef3cbaabea6582540f1c8b3e57faa0f490a89676,47f7cec7e38ed6e875aa57084d31f673ff3a1ae351f9523eaa82cbb3f3ad9be7
MRO/2009/page_36.pdf-2,MRO/2009,4,True,True,STRICT_FEATURE_ROW,True,KNOWN,unknown,PARSED,PARSED,PARSED,b35694d20bef1a1bb3c9a4317c4ac681b8d0a4fb98cfc4e5e6c3fe55f3dd7611,b7eb57357a7e04d6b6516180d0701f9df89a1efb3236e52e2240246d776e414c,44749653265802032e84da5bc675dd565d1c4be403e0924c60f464b9588b0068,808099f88c0c4362105070425580a6e95e3490dc6532c6d96be5807e636cf140,6c9126666314779966ac28868910b80f02fe0f5ddf782d759ebbc8d17ee4d056,869583a50a237696206ed1bfd54e43fe28a097c209e2fd5055754f59c8d42f9d
ETR/2016/page_382.pdf-4,ETR/2016,1,True,True,STRICT_FEATURE_ROW,True,KNOWN,unknown,PARSED,PARSED,PARSED,b55ee6e2ed7aa1e97b54c696e32847e128637330f74d3434f69050ac2f34d2a8,04e7e7e7afa03cc931a225eedd9e3b729190d78b28e592b06467b1022d0c831f,d94b2175db957c635bb0c9cacdebf1f89047ff9c59cd32322aadc501ed8d84d5,a12bd279516a48fb9184a128243f2740649962054d2d6eec751da3c18a6848bd,a0706832eeea9580a5c4d00861f9b88e10f8f9c19a8e760e726e5a67df0fea75,b89665d496b00759fdcd77552b8176d82af54a0320c2b6b66a1f4e12e29fbd38
HIG/2011/page_184.pdf-1,HIG/2011,4,True,True,STRICT_FEATURE_ROW,True,KNOWN,unknown,PARSED,PARSED,PARSED,95d48d24ce6540e92ea3321e51c975d45de9dcb8c947e195e034147a05d4a77b,1e11db9357982a07eab79ed76e41b15d0fda52ce84b5b53d62105c4fbbec90b0,832c3493b98338010732b7c9b1831e56b5a1e7b2fbdcb4db83a5b8379a10077c,9ccf93bae55368232b4a29f2344420b64f39b08a7c5fd0783d0ca18cee81e897,ac350251269a9c6f7aa683e7ed29d2c91886ac68beb5e6d869aaad4c244dd3aa,7e0727bd24c45ab61dcdcc63be68c094967490874f9c461f6efa385d5a0b7070
JPM/2007/page_164.pdf-1,JPM/2007,2,True,True,STRICT_FEATURE_ROW,True,KNOWN,unknown,PARSED,PARSED,PARSED,bd848dd5d64fc010177f91f68ce127d27fbe046bf5936d12aeb0f795024b4725,bf7b44579d9324701246888c359850ef9fb32ffb3659d55b98d38dcd44b36c59,8b294b0d379c8651c0961f5b0f4f867aea81e9be2312828b7d9b454d611a64e1,22baa9f825cc3310bcf1b96fbcf3e1c826fc624d1b515b164065c3d656723b0e,396ff1c0f6ee6a4e02414fdb73819ee5ba1849e882bf1145a3dfd206e3083780,51537c98fb3e37561c761dd4bd7ec4a97ef4a931dde5f0a4d4fe94f4023acbd3
IP/2013/page_64.pdf-2,IP/2013,3,True,True,STRICT_FEATURE_ROW,True,KNOWN,unknown,PARSED,PARSED,PARSED,bc664ab41052bfa3010165af0363e733ff3d7875c3d98d173dbcf0b8dbbe6330,ee3a114b41ffd0b77139f8bd70099f3a2f69b8ba72bc319e083ed70c498fb2e8,7642d03de2bf259de6caf3d5c0ab73765dd27233b67288ef71f5bf8c267790d8,aed7983c7bb10c9435e29102a56b95e47e905dfeb974fe70bd38dc268a206db8,df61c43c8a43a388a1785e40d5dc2ab8de169394d9496129e3ea9872994f9ce3,4367eac0a67ab24b2b6d5ad28df71d6fcbfe9a49a3623bf7ba1717d71ca8d00e
MRO/2009/page_58.pdf-2,MRO/2009,4,True,True,STRICT_FEATURE_ROW,True,KNOWN,unknown,PARSED,PARSED,PARSED,494630021f3aa88a9cea848fe4383a9c63dfb3b783c0f72af4a70f78e5821eaf,0a11f50569c88e6e4397c8c833ca690b33bc2a8c1281827425e6ed02651db232,2aa8fe28df62cb67ed894629fdd314ff11819d067903626e967841a59d336a22,95a3205706acaeab254bc075ff201b45a03ade372ca6878a704cafd97f190913,634c2aeb5042223705d0cfdc46a54f110f2dabf1dbf283ddb0a34004dc9e2210,d79fe0d58739a6ec972ec075c91253a864b01895d03fbad71fb8e0df46b26544
GRMN/2008/page_84.pdf-1,GRMN/2008,0,True,True,STRICT_FEATURE_ROW,True,KNOWN,unknown,PARSED,PARSED,PARSED,d0dfd2a3b9c3cdd111aef1199512bd5cf940c18ee9d780ebb22fce1d2fdbd4b9,214d7a0c143a6dce988336ce2a3811a995855daccb6e2d71c1c383ca58e9f22e,5a567a1a176dcadad6965118ec3950481c3edb0c5b0e5d6790e9071788150ad6,f745d724e79e24421b0c869cdf4257c6d097deb7e1cfbdb0f38474f30fa7e66b,215ebb39e1fd18a51524bebf0e524655ea9c714582f12066b9197ca350b42636,f076c2aa30a25893ade3fd2468296364563d465565ab72efa77c012849312cf4
CME/2010/page_45.pdf-3,CME/2010,4,True,True,STRICT_FEATURE_ROW,True,KNOWN,unknown,PARSED,PARSED,PARSED,0b3567441abbd552dd30a29c09c4991d6266a96ba2aa1eb4d0dc64df5e192155,5c4057dd4f7584097fa4c97aea69a0ea9e33daa991027a24788536dc847c6ee0,601f7a5ff70ae2702dd17740f226aea7f2a8f0d21e4877654cc7fd0cd4fec18e,25c78f73b21df383fb0bacb61f2d6679700cc36edb72dc039cbd28017683c145,e0bf580088f6bad1beeca8e3b22f07913198dfae9f1511210516d73bc0a50c8a,247846383fcc20cb1569b3e48e1ba13cf8955eaceb836748b535d2f9fa761c0f
MRO/2009/page_36.pdf-1,MRO/2009,4,True,True,STRICT_FEATURE_ROW,True,KNOWN,unknown,PARSED,PARSED,PARSED,71fe6f1a413d8b0e3ada6c393888287b00c82fb753608b2099e29526c56a6227,edc733999ad67063dc7b70fcbd8911f475afd9ca087f048cb183bc750c54f473,31c3e9197f0c7d1d25f281bd8d2a2a903f1a6e422055a5e7a2be7178b4df5fa4,35a98730902b0ab64c776d109a1e2e071a0851bbb410fd9966ca22a6447c1bad,206c68cf40af131e94b42d1309253260003f751af0981e69e30b0f9547ec3fe4,243349b411bc7e87a57a7608bdcacd49ac1ec1c78cfeb26553b5e667c182eadb
ETR/2004/page_335.pdf-1,ETR/2004,1,True,True,STRICT_FEATURE_ROW,True,KNOWN,unknown,PARSED,PARSED,PARSED,da5beb3e0380c025982916c20f7d067bc57a36ee55dbf893262feb2a4d9af68c,6c6d2e744109519c1d30333c6b1d593abf9155512b29eb7bad884bd2cf60cd08,21528f2d4c794421d1f6ca57cee2e134aa496dd755ff68ee0567fc4f96ad0895,30053832080310719b27379218809ab0d8c894d7b35fdaae6d66da2404a0f4c5,948651b5068571c7a8050bedf75c631e032a2e7ee0677578f87f1305f5dc749f,5c75518b80e0f0753c637960f377cfce40e01444141bd92da5fe502d3fc06566
UNP/2012/page_79.pdf-1,UNP/2012,4,True,True,STRICT_FEATURE_ROW,True,KNOWN,unknown,PARSED,PARSED,PARSED,2743cd051e9993dba202f8d56a6359014d5b078bd505e05617e1c7ecdb9a7bdf,fa762f9cef89a180076d9c2997d46c36ac84a2501b85ed86df2923b7628e87ac,caf7ca9622ea2b3480df596178a6d17632c36a6e8a6dcf499b67b4951c2cddc8,c03d7064fdf93de5a81830387dae9a1e2bbfe0f44af0b1090c401775f8d1ca34,d2805c8e2fdec207be0e560d2ff57644cbfff48cf85cd494670e6a1e99304b04,68ee00b50d6cb00c4f892dde0e3a3c43cd8a21a0cb86de32560d50dfb8a8fa1a
PNC/2014/page_205.pdf-1,PNC/2014,0,True,True,STRICT_FEATURE_ROW,True,KNOWN,unknown,PARSED,PARSED,PARSED,e2f0c56730f55bad612f8e03d5784f91b85e73ded8c995746bf68afec12fc9df,05613c19cf4b4fef61e673fa23fc504d7a823591481adcc82ea5af7963548e9a,b14958d5222adf353d35b25c87b5998e14fe860e98cdd40f627386632e3714a1,a4039d7d95829d96cae3c91a621d1d17a9b3beb2edb23fd80cf31a0669b03800,55b16f235bb4c49b9a6bd0f18dc88ac50c0b650e2e5808a541acc328bf19d511,97507b486f57ab28243079d9b533e5c9dd7610513bd3a161b2c2413f26a6d652
ETR/2009/page_21.pdf-4,ETR/2009,2,True,True,STRICT_FEATURE_ROW,True,KNOWN,unknown,PARSED,PARSED,PARSED,3f2a539ac15f218a52e2842b5cec892fed9b92986722b5fcd8ed7ed1da361157,38b9e6e32ba49b6015e99146957de5120e021dfc4a8659ebf27ae5266c4c2e57,fbe5090b70340f1cd9b58a4f52fece6005d42c88e1583dc0319d2870eab70ed3,6f114b498ba159bcd93341c3fd42bc8d206833689575a39de87049485847d603,677299506783a7b5634c564cbbccf47309a31c4ccb5d02781462d5db81451389,6b631ba22881a7073523fce0ec21eca6f98559ead58bd655aea83800fa24808d
GPN/2015/page_82.pdf-3,GPN/2015,4,True,True,STRICT_FEATURE_ROW,True,KNOWN,unknown,PARSED,PARSED,PARSED,5b5679b692796b4e4431ed5a11025a468bb5a2acda516b8b193078a63a8bab9d,29e5e87107f43d9d0c89f33e992327ec38e2107b5a2162567f6cfe84729d27a4,8fb2d3d9fb61ba121c96f47c0b3613a29a86ed961a16f21c799c19c61467b0b7,6f17660ea932e1c357edc95d4cff684c9f1664a7bd02ab5ee904880cc660cb45,4c60ed6867e771c34387a8d5c6cf0a53104634c2355095db3c3c5f95012cd646,13bf2297859aa0ed519c5cc4ce3a859bed8d5b60adc3ef5478e48bb9f069fc0e
VTR/2007/page_48.pdf-1,VTR/2007,4,True,True,STRICT_FEATURE_ROW,True,KNOWN,unknown,PARSED,PARSED,PARSED,7d2955a7c35ffb5a318c997f192daf74d4ef9c6d4cdc9ff957731b1484fbafe5,6916796decef9438acbceec39b840adc79eb565945e293ac93002961942a8a4a,57c44f8acecb098f7eaa92519e2bfa6ce40f4ff5286d5556abcf55d1eb277594,7dad8bd428fd27ed64ec8588143ec126ef49e1528f97cf34d407fdff7c4cc370,04a33851b8a7f023d502884a6a06a3841f1ccc9e0dcc350b531ddb5d138fb285,6dfc7a6e73fe49fbb39473b6277a4bebe2f38985a715d29af4038aefdf0c296b
UNP/2013/page_78.pdf-1,UNP/2013,3,True,True,STRICT_FEATURE_ROW,True,KNOWN,unknown,PARSED,PARSED,PARSED,a8cd7367f9321f05fae167fc48b2a4e052db60a9f4add3be9525150aab0945e7,215086288efab3d6fade06fa477e4936be591194b142f53de16a4e0f61c43e52,9c9e2c1c4caa33bb74a70ec8acbf899f33d025c20797718b3f6299e3aee78435,db0c7f9a29b0d5198f3f9bc53c22017d25818980b722758c8253b9c5d827d2c3,1cab29238b7f90ae74891886570a18b13bd25e24fcecd8ef488de3fac191fee8,3051b7c70a379be07aa4a50713e23e1206436af4171248f57df5a7600f211369
AON/2015/page_50.pdf-1,AON/2015,2,True,True,STRICT_FEATURE_ROW,True,KNOWN,unknown,PARSED,PARSED,PARSED,26f68883ccc12d0e41b57fa1f9c7ab8e939dd3f2a7fe63449c09317b6bca3855,ce50e1490b2516e8395fd276bbe04903e0873685966c20e80f6553756caaf5da,6bfb87489c6fb32f1b3d03541e3208fd9831844d53d74d8ade526eb2cdf08ebf,d328eee71cd85943a411c62f8deaf4a2837b16c25b0b707da566faca6109cb55,35aee26e37df3ef182c494eb7ca6db2ae21f00b8742fbcabb3f5c1126badb3ca,7f34b63037be75720fcb02c5397202529df433dab7f3bd184d17aa87e6720ef4
AAPL/2006/page_79.pdf-1,AAPL/2006,4,True,True,STRICT_FEATURE_ROW,True,KNOWN,unknown,PARSED,PARSED,PARSED,8773ab986a50eded369033e32584f0f5bf70a4a8ba5900cfa4a1b3eac977df95,27ccbfac1a0032eba4ace01f3a9e9e730416bd9c35eabbe7b571e924d5c676eb,1da0932ba618da41c23820098c383e265081c7b4d0e88637785a6a0a56780784,c19bbc8f2aadddaab71e39ccd1705a531fa97f56a15f76ae2c9a9d55ea405beb,209167c0e73f67bad552b06e799af4f3594d5780e3247a400008cc11d682c65e,ce140c2b31bd7e7cfa032607d018cac049953eb5e28f4dcae0451f1236e1c0ec
AMAT/2018/page_31.pdf-2,AMAT/2018,1,True,True,STRICT_FEATURE_ROW,True,KNOWN,unknown,PARSED,PARSED,PARSED,30b09c93d804f0e5a9c40508fc3202f23ec519e0a189bc220302fd05d277c921,a889475b185bd41365f5536ed7d47b2c9f4e5f38980e2939d103f983f170e265,e4a3b290f8b920b4805008c11d2326be0dba1180840feaa15fb5081d922265a6,f84f46c407aa8e8131613deecac67870fe9ac4ab84339004845cde19a79399bc,f2368a6a213c6fa6d627a7b7ecd5453e541ec6085c9a2acea00eec636b7943eb,0d1f75dee8218bb9317fe7f1539587032bf34aeeedfd00e95bae5c99bfebe993
TFX/2014/page_44.pdf-1,TFX/2014,4,True,True,STRICT_FEATURE_ROW,True,KNOWN,unknown,PARSED,PARSED,PARSED,ac27440ee1c11091f5fb7939ca4f7a9461f720a9730163e44f58a845b4654ad6,ba8eb5fa1a79a03ad988a32ed423c77dd21c5b86d6417dfd5361bc588e2091ad,b8060aeb8eb144e66ef8cd74cd6b09ef4f797261495b18ae96593df36d640493,e4ed6032adfdf394865e70c5fe35fded0f61e861b23e5adf91972563cce7654f,b64496bab2c6c0717b12f11b8a8e619dc14193bd093237f30d336b7e0875eabc,4ccbfc87624f62bcbe2cb55e285dd4f1fe893bf799161ac13bba9215f2a2233a
KHC/2017/page_21.pdf-3,KHC/2017,0,True,False,NOT_IN_STRICT_FEATURE_ARCHIVE,False,UNKNOWN,unknown,STRUCTURED_SCHEMA_OR_NUMERIC_FAILURE,PARSED,STRUCTURED_SCHEMA_OR_NUMERIC_FAILURE,a2bba78a08552c0a0d4baa4a24a820d687981511a4808d90a063e08557074e4e,5eb2dcc079e13104bba1cd6f51b1dbcf301cced92be752443df648c738ea5c10,0378cc70ecadf9766660335722594a73d167838bfff099d4b9e233cd1055c696,fde362e9f6f0411a91cf830c6b421022754673c2087c2f0de1e7bd97e8057def,d4ec7a8abe841f3a6e2a406ab2a878b6ae68b4cfa6dfcb1a0d2cfd7d36343b12,82c58479d0e16a9e0264fbf09cba4e92dec12f3e7143ae2182b20b179c6f0398
CDNS/2016/page_32.pdf-4,CDNS/2016,4,True,False,NOT_IN_STRICT_FEATURE_ARCHIVE,False,KNOWN,unknown,PARSED,PARSED,STRUCTURED_SCHEMA_OR_NUMERIC_FAILURE,b15f151415097fbc0d43e91efc1aa66baee851564e115d61e59ee0d5f84cb4fe,8d1b3c67d4dd091d7b9071d33f49e90efa9df3309810c2840256728f3940fd6e,e16c85b2fd2283557d034e6eb1d8ebde9b404970c395f04322d4ecfa9de0006f,39e9a998a72c4f55294748a330d2b4ae1cde5a18d69be9c2f782d0ae3ae836c9,ce8235fda6ee20aca06ef48cac7a2ec97020e968e7141097ed4e299734719771,927734a853de0ae7281c4bbca6b59ac86d166b02eafc640a0ac43e0a18ef3e48
PNC/2014/page_161.pdf-1,PNC/2014,0,True,True,STRICT_FEATURE_ROW,True,KNOWN,unknown,PARSED,PARSED,PARSED,e7606fb0f0f45bc5c5cf4640344da5d0cec4616385d6dac1a7b2efce2d78cc77,aa2290e3af91c46db8416a2a36870581389df0a09b973bcde7c8d7872d56b5df,9a81800a60925a9248f2a5d315a9794120f098fa3b7463d11e603a652f67429e,31c68c8953f052f1f8b57487ecf119013bba365431ca18828317ae58c25bf3de,d3f8e23bc580bc20ec261f7306681228cf9f53fa61e645a36e111b8099400f4e,acc877ff48dd4634b7539f038ab1b736846dd540c18c9c7ada647cf2d2899e8e
C/2008/page_26.pdf-2,C/2008,3,True,True,STRICT_FEATURE_ROW,True,KNOWN,unknown,PARSED,PARSED,PARSED,67058f987e890e17615c56fa8dea9266a7c89225434bcf5dc584bfae8db2f962,86ec1ee257c0ab4630ceb93c02a9236fa69ca7d081c2aebc0517aece3fc67469,469a588593c3bf82318f50638f3b7e75d926b148a0910ce4d51608d4a0291e4c,13c50274c5f511d1b9db3a7f53152e7475bb9e442393d2e7ff9e95135c1d30f1,21db52200cb7727adec464845af51eb7eab6e5c534de9ecb88dcc4af76abd480,6c7ac65dad31188aef41a6f58220a39186f21a685982ff8d2d0cdc1196bfdcf5
ORLY/2016/page_29.pdf-1,ORLY/2016,1,True,True,STRICT_FEATURE_ROW,True,KNOWN,unknown,PARSED,PARSED,PARSED,196d70ce64449c4c41060320233e7785b283d2f053566ffb060ba68ebe1259d0,6d615db505f8f05a1eae4d6e2a92c31352787e48f853ffd168e3d3ff561413fc,5279c4b7e055ff46cdcb32ea6200a1715a901f9899c38ed542a38511bc1c239d,42ec12d3a546d58ed765561eb1f09acc9a20cca50947eaaef6f414b2f9e175be,a447519232ebf91955cac2a7b241808a58b6954011db9ca9666f983f87543fe6,da3f63659c662e12f57dac06d5f3e636c178ab7eafcb7048aba4c2af445b2292
HUM/2010/page_101.pdf-1,HUM/2010,0,True,True,STRICT_FEATURE_ROW,True,KNOWN,unknown,PARSED,PARSED,PARSED,28ca8112052213f335b78c825537129641d72ec0790f201bd3915f0e4850cb62,e7dece6f2940383c7945573183fc840c8a4811dcdfe2971e82cbf47a40dd8d69,cbe579f7d9db45a07f671978bcbbedd9b7ac8a2046fc5844379760f026f36159,442bf31d20731471ec3c065f2a619246d3787c9d5821f164d8e043690ec4903a,4fc8d8b224160f966a5c9b5f152d85d32a42bd82e943667ca58c6e39f71fa3fa,4386fef2d2cbd489f60c02597d9c5e96d3e907f5a72aee946a116fec1149fdbd
STT/2008/page_112.pdf-3,STT/2008,0,True,True,STRICT_FEATURE_ROW,True,KNOWN,unknown,PARSED,PARSED,PARSED,32a957c4b8d9a3d60da284c1f6a308d03edd1f488b84da2317535b18aa7d7996,2276d8bdfd33caac9cd61521c20a22c191ee375ff551aa2b5ab48151cc1aed51,31529296214dff89da9e869b0ebd02a6b401d6f68fc3a1bc2ef1f10f8292942a,3facec008fb3d0ae175261835604660d5a87bb707079e790297dcb2ad5c7433f,1ea7fcf4ef0f39f6dc329affe93653253822b52d638871cc19a234eb78f5ea9b,b2ddf11371d3b5230fc6ca0b07acfd81a958d64abaf6101f73d8050f4339fff0
BLL/2011/page_29.pdf-1,BLL/2011,0,True,True,STRICT_FEATURE_ROW,True,KNOWN,unknown,PARSED,PARSED,PARSED,2558c9439c6cdb4ef08b96b47ae1b295e2bab2995572dd77492e3fb535649cb4,69fc5a77e335f296a174eeb3d0408abaf6535aa5731ea5fc8e2887c14ecc8cda,ec660207dd688a07fad56d91d1ae0e6b86cc615005b6718afca34172b4535903,2f011d227f943112ef032df6d205e1abed8ae99b5e00ee0797e821ac82fe2c28,da8619ede71f8934b5fa6b9cb5c08825fb4cf12032c432858869709be0bca2fb,d01edbe41c961a121b9173e9e477f1b943621537ce98387f1c07a6b09fe98704
ADBE/2011/page_83.pdf-2,ADBE/2011,3,True,True,STRICT_FEATURE_ROW,True,KNOWN,unknown,PARSED,PARSED,PARSED,7c572a5de9d02670714694b80a0c59d131bafcd131007212ec39639e5d3bb73c,cb89c0531a01fe6d4beca555e346dd78c3d00712e2233abd294def1188b1fa99,3d2d60134050b486a4a544ffdc8f2c3393ba8bca7fd78625672199182cf18984,b212aa7f84b42863b47d6dedbc751d6a74e6231ff50b62ecb29d40cd2fc41b7c,bc6fdbde6df0a4d516b80246ea93426b86ce02d50c9a3e8df4dbcda1f8bfe972,20f3baf58824e430fb7666ada05ff87aefcfe03f8527a15a52f3ca74d26c3a2b
DISCA/2012/page_54.pdf-4,DISCA/2012,1,True,True,STRICT_FEATURE_ROW,True,KNOWN,unknown,PARSED,PARSED,PARSED,b7c1030515d21dc788709500753af9442f87bf5c309547a150020fefc96fe808,ea91e0cc89b12fbc5db9c009c8017550401f3e7cf503db40887c3d8190f4d3e3,55b3b8b5a3b738371bd8edbce444f5a9162814a00f8fb7573bcfea174b04bc90,ac0a09e14529a92b954a2d1c17745f31e79318c02926d117898a6d101fd217df,97f68a2bdf8bc551ecbf4bcc56843a8356093c7b6cb60fca10813e01719f0755,d94a48d1f0abe64c46de79ef4a893fe5e2d38112e135720b152d14a3c02c3de5
JPM/2012/page_148.pdf-2,JPM/2012,3,True,True,STRICT_FEATURE_ROW,True,KNOWN,unknown,PARSED,PARSED,PARSED,4f21503c8d23fe86ae8ebaedec257431a3aec43ad105a9d4ab7ff667d04aa726,a28babded80800623e262b66d01ef7c86830aa56aa4178e326f3ec4dc0c8daa6,aca45d0f589e092230f9c72bb9530080c907f7f7a4afb6161a999d4ff4c06bc7,24321ce51507d6af3a613be542d4e0d36096ec6b472d224ec9fbb22ceeb402fc,9e31bf9d55eb058e3a1443515624cfbf947563f555b4a94a6a7cf8ad0a0f26d0,8a73056f8aaa760c5835ce490f2272b9c3999687687f1296580275e9a604d6b9
JPM/2012/page_148.pdf-3,JPM/2012,3,True,True,STRICT_FEATURE_ROW,True,KNOWN,unknown,PARSED,PARSED,PARSED,d5075bfab4058ffb6be48d15a0c7d23845d8c85a61f60570baaa9e6e1cee7b4c,fc9d7073290d8d08a5d705b2538b1b140a630d38d019f12ffe325145a5247b75,6aefac3e4167337f396793ccbf048021167f2d9abec6a6f508bea4ec53fb1f66,6a0df0997c6aca35584e0417c92818c0405016908571e2366199232361e4a202,e1d80b53728a1f807adc9be0917c941c99e8d71b2cede509ed8a5079d8f51885,5d571fe2d20cfec0cadff9b57db196cebf5c84cf99a1db450cc2ff6292c6dec8
ILMN/2006/page_92.pdf-1,ILMN/2006,0,True,True,STRICT_FEATURE_ROW,True,KNOWN,unknown,PARSED,PARSED,PARSED,db0d0a00c996b055ab6ee26731d10c58f78e41fc07a6297742cf61d7e08716a1,d1018e09faa997ffece587368f47d49d1fb5aee352fd4347a14d4d5a9d706115,e432fa77e48f2f439cbb387684a1ea3f10c7e62ac99d567eca6639c614415b0d,cada69f06cecbd9e937cb9b13064aebca6c8c491206b3d7226be1bd31ca48a55,23acb4cb6fb8cde86ae729daa727b1096bd9acb00e25b21028dc94450c3a05f1,c7a8a6cb25c18ce5b713fd55623562ada18809c67995ba85fda138d51911da53
IQV/2016/page_57.pdf-1,IQV/2016,0,True,True,STRICT_FEATURE_ROW,True,KNOWN,unknown,PARSED,PARSED,PARSED,70d66d6829e9ad7ddbf6843297075b70bd3c03eb5ad811d87697e3423b30d7ca,df6d005f9a48d5f7374f41cf1c6ccbc1bffca5690d987a9ad6b556b5dc756bfa,7533c57ce7be4ebe73bf9376cd5662bb6acfd6be19b77ac0d9349ccd0f2c6e22,499ca6c8a6ff065d4b61bf4f2c9d67d0afe47f6ad8a5e891a6d220ba32f74a37,babc5aba1f53269ff2e46c9232018f9db5ebf1a67a71e65d6e1f86fa6e543048,02c3cd045a63a230d9737cdd05f33e0d0d8475598b76771fae2ba349dfc2ce59
HST/2018/page_115.pdf-1,HST/2018,3,True,True,STRICT_FEATURE_ROW,True,KNOWN,unknown,PARSED,PARSED,PARSED,ef5500ebe97992d3af296a5b2fb656f1f01540b8262565860545f1830ab8e72c,0e072b57d533df8b837735c26d263dcba359b4781b727216636741fed291024f,f2ff998731278b75ce7d1d3ff133fe3f56afa9918e2c007a38b13f750b001a50,2be793b37b2396f698cef1111139d7dcfce76aa992e8913f4b938d27256e0294,b9e6778f586a0f168718e69174fc25e68a82b4c244096f5ca514271ed39d9f9a,169694e82d44156265e6ac137758ab8ed428ca788b465afbeb4b16f0e0432d91
C/2008/page_189.pdf-4,C/2008,3,True,True,STRICT_FEATURE_ROW,True,KNOWN,unknown,PARSED,PARSED,PARSED,e077ddc529ad651f311bfcc78623ff433d873e0c9c6360456f7779413397fa24,6ddfa14919b183f1347add4e30d47177acf099349880ff91812051f6ddd1089f,3dba60e8b0a45bef4cb1bed1fab2548108ec765afd16a9e523ad31f97d3ae78e,0e261bf49389ebc89c61e314eb277acce28a43db74dbe627fbd5764376ae9954,a77f538dd9cab8b161639e28eff13ea008debbabc9df197e893ef12efbb636b7,33f8ec35098cb2904409afd74bbbad7b8d011a46d7f03e2a90a38de544bd2c37
K/2013/page_27.pdf-4,K/2013,4,True,True,STRICT_FEATURE_ROW,True,KNOWN,unknown,PARSED,PARSED,PARSED,8086f6826528a96bdb0fdfd0102c9a9d6c7e17a0bd55c4b4af34375aa59b710e,bdd3810c775265d28e66b1eae698e1c24d9fa82c7ce4a6fa435ca75e4b43751f,7ce7fa17f079568640ad53f39a84db15d438b3f81072fbb986e8f8715d0a6936,73ac4e82b3e946dbfdd628176e4abde0d1d7e089bdecddb5795cd690f57f24ba,1a46070f3450344b859ddf7154899613332bd31c15c03861a85d2516663b3e02,0cc046e00b900d3bf8b5d50057de9ce0577f750d6e52d7882ead710957cec3f3
UAA/2016/page_80.pdf-4,UAA/2016,0,True,True,STRICT_FEATURE_ROW,True,KNOWN,unknown,PARSED,PARSED,PARSED,c2e25e87227f10ecfc029cf887fb9c9a7075c506e76f0f7dffa99d91ee39ea66,7c93b3c4153f81e9d52e08ef12fdf57e851f010c71bd4e90af98e10657a8d4e2,c41a365a64b429ea1edb09b51b4942f06429a12c209047d8d2a749f89d898b18,42eaeb8a84329ac11370f5b0a849a78eb1f10c68f122158b7b2e560ded280c75,3e48fad7ca13043b625e720e9ec20f1cd223b6107f026a3faf1424d4e7562e3e,c82ce7fa86bfdb45b57fa62179f6bc952a2ed9c583cab81adbf5e8285d96a76f
RSG/2013/page_69.pdf-1,RSG/2013,4,True,True,STRICT_FEATURE_ROW,True,KNOWN,unknown,PARSED,PARSED,PARSED,da7c10dd1e74616ced0fc8be03fb3ea4cad77da5afcd8299fc999f5f9a8e4a4b,74745db02525e659cf0f987f32ad73ef87d7ee9c92687f2505fc450c80cb1bae,f72110f061b0a5b4f8e135b45690dda0683dd450e782c35c15f9fbdb7e460ea1,86ba1124e8f37591bce8ceadef22c06921b40e550bdb60ff038b9cfee0614e53,f91162456228d4ea66c2f520fa74909e68e251f9cbd311b8298ecde320bd9584,595b5bfec1e610b611735599710402e48de8614c5fe5934b01e6749d5fd99a64
BLL/2010/page_39.pdf-1,BLL/2010,1,True,True,STRICT_FEATURE_ROW,True,KNOWN,unknown,PARSED,PARSED,PARSED,c151b77b211b53c9a94c7e2f8c401e3f7b7d793729a33273a6852302fff6d0a9,a4b3f1d7f388a28ce1c5c6f7d6306dbe0dd98f37ddee0d84d2a8fcec6fe3984b,1f78b17f0a0948100b5ec32423062257fec85ef27fe7c2064f63fff9b8a5ecfb,b763e2652a76feb6286c792138054083cfd17f89791681cd198dc37b8f8279d0,cd42dc021a2d3756589e511dd0b461ccdf43bde5be99279fc00728a812701bac,e8be9736e7e83cfa009b404dca97e96441e4e829a5acff3ecd6d8c4ddf05fdee
PNC/2014/page_151.pdf-3,PNC/2014,0,True,True,STRICT_FEATURE_ROW,True,KNOWN,unknown,PARSED,PARSED,PARSED,88791d39cdfccf77d75aa5aa885ffdbacd6f0b7a442fbf4d7a594d1709ad69ec,36a5de4f1a8279aa77ce90a35fde63e9fc0f3a53114d649e41e49952962be6b5,89a6605b9f1a4f6f7dbb69c68d1bfc3393d507c72c6ec71cb4cab3911c7ab7f2,8cb3a69676e9a7ff298abe8c67c05989844a6531da823431db570f3e5bf0dc7e,216b916e9c382f29b75009ada82f84c849148bb6b24134aab03344bf0accad8d,6d2694746046c29355fead58f945503cf574059fe626284f41e2645fd5938e21
JPM/2009/page_183.pdf-4,JPM/2009,3,True,True,STRICT_FEATURE_ROW,True,KNOWN,unknown,PARSED,PARSED,PARSED,0958dc315b7f36eca12de2a37689b479e2839131d86769a12fec918c83f9d636,27a380caf92dca654b20a358c96d46f9e686ba0bd1187d15749ba8e5b9e54f47,6385596a4795a9a2530c2ff9002f33c71c698c4e6522276b84789b9adbea974b,8b123ee37fba93e726e6ce51adae1c657113a12f57f556c5d207243a83df0773,1662091023a3e9645fd47aec650a88c46d6cb0a5d133282323a5191e408b0eda,709fb74cbb3d47f8ea8a465e4e63aa546245fe7f4311feb6179a670b7c1fa45d
AON/2011/page_91.pdf-2,AON/2011,3,True,True,STRICT_FEATURE_ROW,True,KNOWN,unknown,PARSED,PARSED,PARSED,79bb19a0ac4dfb8597132b814b03ee27d55c439746e772c34cb93222c4fc98c9,6e8bae6b80ee38d210e5c264bf19287a0c69e3720aa7d1bb7a3c5e329b9bf796,7218e11ef36c38b3d0fb1091c50bcd5af7ce0afcf551bde56abbea902ee5e484,ea3d0029ef310f63d4f5eb14bcab5ae43895a69076fccb585230e85a2a6b1535,f2e0970ffbd2958bbc4ca699818179d3c838ec89ada6565e3f6fe3a69955bb90,221fec3c136c7c8a073da80ce47fcc7fbf709ac7835dc56fa9c002d6decca994
HIG/2013/page_124.pdf-2,HIG/2013,4,True,True,STRICT_FEATURE_ROW,True,KNOWN,unknown,PARSED,PARSED,PARSED,238ad1a4ce5ad71a98d974a7be10c16a006a8cd32b1fc88fd0ead86d5ff3c5fc,4b55d20a62b563758deba9cb63130a3f06e79dc0044ec305f4d9242faba7f7fa,4fd683fd8197d7c0cd90a8b97126c2b45a5853311165be7630d3e239aeca44dc,59eb069aa477361f80aefb4319f7dd54a455a2b4b0c96de2c6ba4d4c1e9d0f9f,5ee46d7f031211c9712b1ecc8919369b074d40e379e5b3a1b4af6593da617bf7,34fce531621ecf63c9e7a7bfd64f70cc9d828c53663e0e28d5dd2e2660fd2542
TROW/2008/page_23.pdf-3,TROW/2008,3,True,True,STRICT_FEATURE_ROW,True,KNOWN,unknown,PARSED,PARSED,PARSED,0c9237e5ae6e909eb6d026a746b7e136d36bd86df00616020f94d2aa02a4e863,cd458fea6d7f975f28b529f440fbf10f11e160281d191d492b8bf857f78a9cd1,572bd0378cbabc2d56659ac46f9e032eec662d29c98081fa480f37effad0c5fe,b43923b86c2808ead4d5f9d87244077ff0673cf3665e05d0e3adadfd4c6c4c20,77b0a7cdd772c87055752be2c74d9e56980bdd85fe2c070ce3a758a83782639a,a6fea57f592b5d445103beafc5e5c4bd8cd36b3c013c2121bb69bc32e01f64eb
IP/2016/page_52.pdf-2,IP/2016,3,True,True,STRICT_FEATURE_ROW,True,KNOWN,unknown,PARSED,PARSED,PARSED,83f29835a1d7e29a27a1f83336c84894e0a7576ce08f2d033e5de8df1572083f,c13136024187bbba65e7283bd4d3ee1fd9d4cfb27151578560cd2b93182dbe39,132c04175abc91470a870502e197366dac850efe9994810d0944957767835d74,2167f8a1789989de2ade56ff6ff7b4e226ca50d9f5b64560c900d36e74ba2928,ad1ba28a8114221bf693aec07f217e14827decd748ae1a3fb1092bd4e915d85c,4858275bc5fbe0c855b6705392c33023cd990feda995667b08969cdf159f952b
AAL/2015/page_83.pdf-1,AAL/2015,3,True,True,STRICT_FEATURE_ROW,True,KNOWN,unknown,PARSED,PARSED,PARSED,a91192c1ac43298f503ae23d0591f062cbac184665f79223ff6004766ab2105f,076e98ca59cf7850bfad36593f618b17a8965044217e20972183747a22f4d9c4,abdc8152a06333a66eaebc11bd8660b651796d9d40b9f2cacd532c02afe84737,fe696161b43b863bcb2bd28d73e3f907e46dc80f4e02133bfb990d6651888fa6,8b53b26781de0274eb3bfedc8d9cb9400328040d3f3895d5714327e29cc6e6f2,416062d923d522729f339b8de029e5384d5b4b68ea3744cba130e85e6899bcac
FIS/2007/page_102.pdf-1,FIS/2007,0,True,True,STRICT_FEATURE_ROW,True,KNOWN,unknown,PARSED,PARSED,PARSED,c26b3a7cb92f2872ad538dc0fb32b4c61c42b241e01701ab7817ae534b95404c,155613c9c77dacb42289d80137dd08c5e1d22400aa8d998625657a1806a84d3a,313526f3258633e794c559c3e08967b672b95ca468e836964a497395ae6ed21b,f39ecc809784312c52da2ef3dc6a09c62712417b69fe645ab70328ca30afb167,b2a17a94c8c736bab4133a997cd14b03cf0134c98bdd599ae5bb1124b3c9718c,ee6f268608c30c8c4858ca90b68336c243e5f698c41dee65a579ba90e330cf29
MRO/2009/page_57.pdf-1,MRO/2009,4,True,True,STRICT_FEATURE_ROW,True,KNOWN,unknown,PARSED,PARSED,PARSED,80747b0de22dce05fe4c29c6d0bc767efb0c197e69c6b083b3305baeaff8e6cb,865b5dac4cbb77fbed42da12690ff1ff5eb3c40b93211fe16dbd50173b38d449,b4cb2f7ba4472ae17bbb21c194b2762ff7a38637d02774dd6a21e6206ad3bb3d,fa4fd70dd03b2e4c6fc823ed01e5c5b6c65662d6388382b56b6d5ba4c7284af4,337ae56754e810ecd02e17335af9f909e18af33a8a51fcaf5d7bd5fa56cdaa23,ac8d869b3c28dd897f90d351a95290f709a34c7176c3af6a8aa7e6694af4302c
ETR/2017/page_352.pdf-3,ETR/2017,4,True,True,STRICT_FEATURE_ROW,True,KNOWN,unknown,PARSED,PARSED,PARSED,e36b0d2caf8a039acf88da8a9af1f9a5b0bfa84fd425e93c7580c9444159fa6a,91498a849ad224ca1ac4892119987b8cff8a6ffef881c4ede7187f16314b4212,95bfbaf6d236b4224c5819b364b8ee7167aa395636323263f7751dc2653273a3,2f9a4dd89b8ae967163e2768b6e4033760ef449789b4e125858586c627f11032,77dce6c55cf47daf48d9483019547ef0fa00928e12a64a26d1d3392f6ddbd75f,ba784ef3420fc453de48941b4136f11d4f139e65cc8da0d528500bae7dcc597d
FIS/2007/page_102.pdf-2,FIS/2007,0,True,True,STRICT_FEATURE_ROW,True,KNOWN,unknown,PARSED,PARSED,PARSED,99a185144fa580d73f0370fe2af9436ac8849100df48333d52ef6b1b1c29023e,bc7e846ef091fa9d38ca76b7840a39055a310e3ad7bb930a579d7189dad42fe4,b5f071b70d938f8f1b8a2df19b5d79375a058b956c7e57d663beb317b26a835f,94a6db087fb6909be32d39ff00d911ffcb49d6aa90f37880f9c00c1d823faf95,3f0cb1d3257f6d58d0edcc111189d2b26091be912fb036a29cff7ae83be7f983,84c72a691d4a8284c119512e5438f27eb1871604691d9c1b2d7ebc0e07a18dfa
ADBE/2018/page_71.pdf-3,ADBE/2018,1,True,True,STRICT_FEATURE_ROW,True,KNOWN,unknown,PARSED,PARSED,PARSED,ab1e58ce63bc1af215d07205961b8bae7abd0a2c91fb5115a4ad5d9a44fcbda3,f33a331fb67e98760e1588817ccd3a4adca97630d95ff3e33ba1cd2ce3f83fb2,9d11109053376bedf8e97533ec278d4f2e55ae917949512fbbdef4f0f41e43a2,78ecb2a7ee9d9fbb7234c2ee960a4b1de5bee3c82bb94d85d01d0dbaa17736e7,5c6e690fa5421c47da6415824d390839437219e5602f7eb5c259aa996f564946,7cd3b108762118b0991b9781e4cc9fa95dee5e137b8d8a8afca28bd84a0cbb2c
C/2009/page_194.pdf-1,C/2009,2,True,True,STRICT_FEATURE_ROW,True,KNOWN,unknown,PARSED,PARSED,PARSED,485a64136bf59823148a48dc17b71dec9f0434cecdf0204908ce7ce838eb12df,0f9d224e03c95f63d8c3b7a9ba1cde615b5134ff669fd2bd21311528170f703a,46258e1043a5c0bd3a5794b02bfe4fff92c6e216e1e6ce50a371ed695b5b74e7,155fa342ba34e4790b21cb4a8c79c4583cebd511ef900304b53284fdd1055594,0a95f612c67e72be8715d696412caf2baae1909a569742d8693bdc7b83f7b762,3e88687ed1292eaffb9addc15b44d4edda7902a4d3e75c265e98e721813d95ae
ETFC/2007/page_116.pdf-1,ETFC/2007,0,True,True,STRICT_FEATURE_ROW,True,KNOWN,unknown,PARSED,PARSED,PARSED,078acc90416539c803bf98ff858055653550610f5393207bf502d4276ba69870,2c0c75c0f92c1c21c01e5a245e8cb6da7f39b12cccca5e05ab1e726a01c7efdf,be642257384259f8346b234c415ddc5684a6957800d39202584a696e77592e4b,f2def75f11a7fc4170f94b2d23845bf9b57e09ba58fa3821f06f51f5ffcc6d67,d0bf6b74040b66553527ca264f2a4ce16107257ac9c5ddabf8c6290397477f7e,df247e70bb37b7f7d3ee4ad6bcac8d5dea92fcd40bda1fe3ebf0c90caa40dbec
AMT/2015/page_58.pdf-3,AMT/2015,3,True,True,STRICT_FEATURE_ROW,True,KNOWN,unknown,PARSED,PARSED,PARSED,faeaeb89b1a743ec5b63cad3f4ab86aa28e6db2cdfd54979a44e8db8e2712916,5e1207e3f92a949fdb266a06e3095f5c49387323593d65f878a6d8feb472119d,b2643c8db231413d41d1d64079c26b7f2220372e93bc4d245826006e92761f86,b49cdca8da8ba15432806f3d5b3fae9f91383108e4e6243bb6d9bd164d16ce84,d527a7c63448c1405230e10468f99ddf29835feea7dcf83d791621250ec29724,6b226578379b0173c592b3bc8e5e750444f084ccbb1594f8399032463cd27548
ETR/2016/page_375.pdf-2,ETR/2016,1,True,True,STRICT_FEATURE_ROW,True,KNOWN,unknown,PARSED,PARSED,PARSED,b588bc8fca07722a81f8b67e61d991ef01eeffdb2b63e2ef03cc3ef19d78a3e2,0d076c32cb65fed7cd9a9b666b03aa036732c16015436895eba2919a401db40f,139e0e9644265562c17bd7d5bfacff9b84e672137505f32c2af8447b2920aaaa,4c7a6ec7216dd6581ce49e1690d6bc753d7dfbbad4edb105c6b1e0af786c255c,8a778a4c728e686a66123b79bb1e654944476ba76746c376d09a46589a6b97fe,077d66c3695fa1fdf73a1c0ffe0d7adbcfff9073702e4db05ef76f1a09345c91
GS/2013/page_195.pdf-3,GS/2013,3,True,True,STRICT_FEATURE_ROW,True,KNOWN,unknown,PARSED,PARSED,PARSED,c5d99a213e8e2dd1ff725efee39ca76bd98f11829d340ef275df1d559e89d8d0,2fc76e1ee913532a1bf478e6a7006346153ade9c05a02894926dde854b9322c7,dd8f98c11c8f5ed392fe2958cab3300c735360129f55239536def9456401775f,5e26dc535c0d6abd3830cbf7f62338525327507dbe60834ac7215ba374d3fa90,9cd0b1388ab134a4f3e75242760d00a660be8c368c1bbc45889b35efe40d11be,9c428b1e69287d7b93488a5d46a58d65a8d4a04de2b812bd96767d8dae9134f0
IP/2005/page_32.pdf-2,IP/2005,2,True,True,STRICT_FEATURE_ROW,True,KNOWN,unknown,PARSED,PARSED,PARSED,be0b6b5c04e11ad75cf8bc9b493ef714510b2a5d420c0972600bd4d3a8289f8d,9dca35682fa78651bbd4a0c36d71597a81f130005b3522a5211e9a20ae17de51,3a7c541ea4668395c2f97462133ae6474fa4375d8574d4b5e16c1fb36932dd60,e447ef76987c496136e70dfd9c43f0c6cdd207d9a22086c533f9294d26d28a6e,1f69aed4f6026f2565df0d7b04c5167e01d30cbf2c0a1e9c356ca8790e4c22f8,d1b77c5933160e6b3e6bda30c4c88693399290fc9331d73d51cd271981f8a585
PKG/2009/page_63.pdf-1,PKG/2009,3,True,True,STRICT_FEATURE_ROW,True,KNOWN,unknown,PARSED,PARSED,PARSED,953afdb22ca931bcfd636e7d45c3da960056d31a338e1418f12b0d390e600f3c,bbdbab618c8fa3cf835fb9f6ed5ff305344c6cf90f23bea42fcf8fbe8151cdbc,4d0c1d0d8fa4cc1fad73f82b0a7da0aa016a794f6e52d2f565f2391f3605d038,ea80f9cb9f1c123ff29840dbbaeb90650f69b0a29f724d310aea5e71d569885e,c3e81ba1d450219c9548dbb2966a564abe60db06d13d0f630b7b025fa1f3e552,d312e378d17c70668b8c6f8ce35388b692d51845420e6a1d29e5ff3bbbbb2f88
CE/2010/page_134.pdf-3,CE/2010,3,True,True,STRICT_FEATURE_ROW,True,KNOWN,unknown,PARSED,PARSED,PARSED,862c8b7b0c66405c9fb823c40f7a74f61039a9f7e99cda70226247081f7a501f,3a0b034a136325bd94af4dd6058045be79909ec3d0d5757de55e234efe47a150,f15d85b2f381571064d29c9164701fa0e89dd72c5a57a005261ebfc6d088260d,f236ad0ca861c7d4219a70ca238c6ef4af1d1c0f5c3e9564a9734f873e43cb12,86e87b6ed6ba9a678fd9623d3c2f7cfda9997c99a8bb033093ba6dc9f452b958,46dbe9bb539e5b3c70fd959bd34a8c90985bb6063d2ad09dafacb6b7227f96fd
PKG/2006/page_68.pdf-3,PKG/2006,4,True,True,STRICT_FEATURE_ROW,True,KNOWN,unknown,PARSED,PARSED,PARSED,482bdd2d278673e68c95517f9cd5e2377f5b19bf0d3007dfb8dbcbc389f149f4,197b71d94324e9eec1fdffbf597faff41c6bc2e84c9e518629a29157f800c421,3d51d91c052434447e38a9e0180f413bab27274ba33bfd78a383b272fa3f38c1,661e2d2b9814d4086da818212ae90ed9b3a2110ead4a73128c848b34b7cdcad9,2d5760824b251760019b18ce1ed176df8a34115ea301faac230daf6888316b64,072c4ce00dc1d0b8092a46cb45037384b6a30185098595556e61a5a77be92db8
DVN/2011/page_84.pdf-2,DVN/2011,2,True,True,STRICT_FEATURE_ROW,True,KNOWN,unknown,PARSED,PARSED,PARSED,f44324d2a0ab0534d2ac069fc2aac9704553f8ac8644d3b5035a0b6f84f622e0,83c597cddd8e081edf49823904eb66dd111793f15b05157c057ef97f6a11a316,ea201d28cbe6bf383c3692b89b9d429c67c631ec4bd4f85a27233240762309d6,e006e129f0a48fd3134d28d628a134987eef242b47ae616f255da658dd0acfd3,454993334628633c8de0255123bc27a1ed2459551f4235148935d2c7d6f1a671,4fc80cf5800fe7a6cf45a7fe0a6c559ee015782e40b400cb9982e06b0bf183b2
MRO/2009/page_36.pdf-4,MRO/2009,4,True,True,STRICT_FEATURE_ROW,True,KNOWN,unknown,PARSED,PARSED,PARSED,88a1eb4deb4fbb68928bc4736814e7b69fe11c05bd61a0fd656577962a11b806,d3de2cb7990dab413f06b4a3cb51d575b7228c12e6c42da2ac8eedf08a86e554,c54aa1f68e3568978fbb0f44f1f4ac5168881fa639dfe6ec364295a6277d9987,078583b137b13e957af314e05e1fe25426f129de0ba012028b5e9eb817b2eff1,e6c1ac29fb26622cfd3858af887fe00be43c4ed851dd5f0a14591cb5b40f4b59,70fdd89acf0e220327c357d285e5e54cac3e2f4fc0aa11346bd2cfa8d752715f
V/2012/page_28.pdf-2,V/2012,0,True,True,STRICT_FEATURE_ROW,True,KNOWN,unknown,PARSED,PARSED,PARSED,17ac2d616fd96c9980810ef8228e79b04980250b1baf01eb6e0570a8dad802df,dbe50326e09fd6d691ca10ae4978eba938b081beb357f8411e19c79f2cfce525,dea7c2e5c7b00b69568a0d355231f3a42023f0e45253c7875ae54a76b77b1032,e2787d8cd08e4e2e23c49331f29cb489e13c3f78a6ed6faf84203dd7a252be7c,81e0745908b2be13c83bee8f82d0cf714dcafbbf88bb64cdb739111db720819b,01e36ca58c37ed9f9546a3b1e1e1689c334f0c29ecbb1fc468cbaee8fab7d095
AWK/2018/page_162.pdf-1,AWK/2018,1,True,True,STRICT_FEATURE_ROW,True,KNOWN,unknown,PARSED,PARSED,PARSED,75b83557a0f2ddb9e0ab089c9a636cfe48e86fa9f441dc660f97cd3286ab3dc9,bb3fcbaad0454ed6b39fd02f96cd321df9c9ae428f365c5ed6f7724abcb610e4,caa86d61717d470fff67278449db4a507f52520e2cc559154d1a8a0ff1541dab,98ec0591b51fec861739963d6bcee913d3ab593873315719361d2dd9c9a8fd32,f50f2b4f07183e50913ab252208e3ba7f9a488e40c98f60d43295d4b35aaff0e,ab9d7781e4537ed5fbf40cfd5d74821b9e80ff2297ff77d9b9da071f7b196389
BKNG/2015/page_38.pdf-1,BKNG/2015,3,True,True,STRICT_FEATURE_ROW,True,KNOWN,unknown,PARSED,PARSED,PARSED,5c1b5db942a2127830914c6bf80e1c62e99e2e9a42fb7b46430f23add5fe76cd,2386fa0335c3de728fd6ea37b80d3516dd0a9c78bd244fa48f271cf4e60db847,51c5d32b614a53184831279b6818b8b07bcc2516a6754d35441ff64b2c876a04,f1e0616bdb9cbef8a099dbdaf43848a893e06f399c1d2c75edb096d84f069bf8,4b1324ab2b9a320c5d433cbed5e57837bde3f0dc17f6a1d0fcd17026e30fe48a,edfde1507d1f4e0482b688e3db6745cbf0121ddd058ad5a9d00f835ea81f9746
RCL/2014/page_80.pdf-2,RCL/2014,2,True,True,STRICT_FEATURE_ROW,True,KNOWN,unknown,PARSED,PARSED,PARSED,3b390c9b6cf3b2dee172306b7d3e856d32b462f4f2c1139c324891ec06e05635,dccfb33b5108fb3b95bd496a89c4f5402f321b19000ed56f0861a0d08e76b077,f6195805be00f0bd0273477002be75f114453f32f9653785d50572fd8065cec7,7173a6400db66050acf50f8d41e52c129f0928dc0459c4ea9369196d2544fab6,0dc57622adca68cfa7753de4284100a9b2eefc3db885f448d8144b27c16e1096,3063bcf0b9af18a040e30df37414065b1624239f113cb4b57a1bc043a65fd2cb
LLY/2008/page_43.pdf-1,LLY/2008,1,True,True,STRICT_FEATURE_ROW,True,KNOWN,unknown,PARSED,PARSED,PARSED,e33ded99adf4015901a6d5037ebe7a80896f7b4c52495bff8fc3e91c98cee07c,9e34bd56e5c34c5bbfe9d97a61386bf5871b509804892a67f958f1054c237fb4,5adb96561721c0aa7e70b9a157b10302b002ab8c8b3ecc8a27ea8aca4a544070,9d4a0e195933ba38792cfefb87fab908438f0517e6e6d75c473b32c939750de6,beee6d82c1cbbcd34b300cd3ec3d5b13f14743a426a935b9c6f455fb2e099827,61b4af05c823965a2332af57cc80386d4546f485f193745f7cd6474295fc2e75
LMT/2013/page_87.pdf-2,LMT/2013,2,True,True,STRICT_FEATURE_ROW,True,KNOWN,unknown,PARSED,PARSED,PARSED,95f7b90ccc65d2e124f2904c3b4aff2f3173bec93cd49d53a5ab41922dd87a3e,549bedcf7fc6465c25a8109306e3858aa56b009b0beb6491352726e4ea6aea94,2956d54c9e9d3d393669ec38fa9eb58a9b3a08a03a1524030511fcaeaa28afcf,877983a9b65a5f94d0220b5f266f149c8780df787d0e8c496944b0706f6e787a,2c68b26e252e974e61b77a2da8ed59ede9bd813ff668f56c536729d090a682e2,c01afb1166a2906765de4f36474504157d4aee37a17f269f11b5c03c46a3ab00
C/2008/page_189.pdf-3,C/2008,3,True,True,STRICT_FEATURE_ROW,True,KNOWN,unknown,PARSED,PARSED,PARSED,00fdc7fdba30d807ff3b051ca119c672316cce0ff7f60700e869b629820031d8,b26864245be852fbaf82ee4fd811eb1829a211de54d91da8305b9c7086df9e7e,e1abdd3df2e93c5581b8c8b5b78b8ce7f8752a52a0f0a00ff0bd98e2a46fcec4,4d04a79b51d3e378620439a969abe102e9537ab5b18306eda562fc41d41a7957,79227153c98d47d016a753975eafe48d1547c44d369ef7698f058f51fcea4408,e18cc7aa04523d4aa0f646998b3588d5dd3da89e8002b33d8c185f56f1f1141c
MA/2009/page_112.pdf-1,MA/2009,4,True,True,STRICT_FEATURE_ROW,True,KNOWN,unknown,PARSED,PARSED,PARSED,b2daa658ad81c9181e21bba5a271d89afc992185c96ff0c23ab4c178544477fd,c4e96b3e05caff57ac53f1739244f6bccba1c9d55962bac1e53224a549a14170,ae18d6842ff542ac885b9d75a64eadb2d153a9c3e0ed288398bba9e522cf5d89,80294cdce7b80bc4ef24090e408098c52cff629372db49b37b73bcf26451a918,0a74a9b35128ffcc962f98bbedd28cca1757c5631c97894e0930a77ff5e9d864,810a7ba6ced8acd02a6d1cca74a742b9f33dd4546d724c2633e2e0972b927184
JPM/2014/page_127.pdf-4,JPM/2014,2,True,True,STRICT_FEATURE_ROW,True,KNOWN,unknown,PARSED,PARSED,PARSED,561f007100384acc4b6380136a4be0818f8ba76b0e2593814ebff1c76a6862fa,01d5a15fdf22b2e6f502554a495edc997b2aa4653008e621ca1b5905a273a897,5a65d463bd39eae5e33317c746142cdf477d6dd2378845dba80d67c619dc417d,e5d254332b497a4735f648b3934acfc6b372c9b708be808d5a2e2fe8edc6e1d6,2ec0e1c718fa7ba1a6583810076cfec742f2679ee112239d87340c7d71279481,161f480a4fd9ffd5e3c8b9aa22c75c9cbe682b699d4df9ab90669d9f9af264cc
RSG/2009/page_78.pdf-1,RSG/2009,4,True,True,STRICT_FEATURE_ROW,True,KNOWN,unknown,PARSED,PARSED,PARSED,518a8fc9945673755c88e836663942a8ebe1ed308e761a52402652d8e129614c,575236fd9b27b8af7c1ecbb74ee74200122372318bbd124dc56a3b465eb05980,0c9999a0ff87391258280393be053fbcf420b953093778ad3b122f6476ff4e20,d5b97af2461869234ec75b5d7458e1cf3cf596c68d6985d08c60cc5fc16a7699,0562ee53d4ad202f3e9c84272f91576c99a2670688c76e6660175f715edc25a5,3e72b73a56083622a5541da9c53674c8b699aaf00dbf24f936b45e2f9375d98e
IP/2014/page_65.pdf-2,IP/2014,4,True,True,STRICT_FEATURE_ROW,True,KNOWN,unknown,PARSED,PARSED,PARSED,033c0c26dde4672ff3b90853451ee7419119fa6e6d3295ff4f0e606cd40d6710,ffc471bc755bae43b73d68a197074b955e625b6d9ab22d414573900227d56437,c724e786ab64636a770f99c63770e2362fb827c48091c164776e5d5021a1d7cd,647fe9c38dae7cb7fea748b9fe220135237316df262bb09ce1b9fbc2ec016d99,d9a7f385d23ffce4c239e88ee0305a782b4ba959a1b3e7c60a35d3fa56d9b93d,e9a715a03a021d28d82708773253ab3d5c9b4dd4ddb61020df8c8bdf2da38a69
IP/2012/page_57.pdf-1,IP/2012,3,True,True,STRICT_FEATURE_ROW,True,KNOWN,unknown,PARSED,PARSED,PARSED,ad33c60fd8d67d74b6211193fe543a8ebd5fdfc75b7c335993bf419bcb459bee,aa03733389b907eed02c770a3295d1ec613019b424070d2d446b359677402ba3,f8ee0ca4ecee630b4b9a4bd8e156f705b7dfe2aa16fe613e9910ec63488efc10,7a227a98e409e44c5fd3e5e18ec25dba1950d80fd425f3117d3232667d8e41c1,cae7e9842f079c1adae00e6621341c5266ea36cda988f773c6735576106296e3,7d055ecf7f48d5a4a4d6faae941c6d07b21f36ff291ffded67ef68870f42c8da
AMT/2006/page_107.pdf-1,AMT/2006,0,True,True,STRICT_FEATURE_ROW,True,KNOWN,unknown,PARSED,PARSED,PARSED,94970d65b03d88e97f59d36994f7e30515d8f3903638273bd293a0132d954886,62ec9ef2c52edaa537014652621914455f52ac41c2469ec960049a827a6badc2,fd62c46f5fbd4840edab4e9bfa6c4006d1df3c0196eea3d3c9c1b808e2e9cbc2,2eedeaeb26bdfacbc9ffbcc5ae2fee65e0b62ab5a71f48990a5187934ee763ec,934f45ccc01d7868cf0534cd28a84846b7eb393f9cda9ea225f6064d6304e9e8,35c98f4bd7d3f49c5e84b150288494baf9b9594d61e7cd5c98e4de7760966bde
ETR/2016/page_343.pdf-2,ETR/2016,1,True,True,STRICT_FEATURE_ROW,True,KNOWN,unknown,PARSED,PARSED,PARSED,470175cc593df66c9ffcf685cd4f8a6d90915e6568ec2a4d5f4a04ca5664f605,b7aa0650a3033c37c8a5ec588f4567250447585e5a5f1e953f88eb3f286970ec,d3cd8f6d8ba9e8a75475477f97922517a3d7623ef1d9a281c930323a60984f06,0c5b7e7e6711ebd3dbd6d5526ce5368d5cd4a8d24632ae4d1dfc2fdcad874a1e,8b4898c211c31150a177431ce62eff414585cf2a58cb77183604bcc789ac06f4,d9b4c81348c1954c3dd6f2d4bec95bd0d203a77cd030938d15f0f1cd437d87da
ADBE/2009/page_98.pdf-2,ADBE/2009,0,True,True,STRICT_FEATURE_ROW,True,KNOWN,unknown,PARSED,PARSED,PARSED,6ad4e4a5cc0524828c0a4bb3e86b6d58ebeb220275948cb678ddf7629da39f49,2ea39f8f47774694d9e7c35adb9121feda0047650c7637047ebd20d8f9c1af44,a8f5a2ff9976af4bc732bfef6d7b30a829409460c526c32bb2da336f1f1adeb6,87a59c723546e571fd91cc9e4aec8e162ef10657540316f9664e84faa1ff4741,33e2966d0d34abbe2b6d5931a333de0caf93dc9e0c8357deff2e3828c7627517,5fe7f295b8e7ee095861d0760ddf2271dee3bff2a2ecc1b397b297e32aaebb6f
PNC/2016/page_73.pdf-1,PNC/2016,4,True,True,STRICT_FEATURE_ROW,True,KNOWN,unknown,PARSED,PARSED,PARSED,833c8b7703a41b27f04eb6f70e747944b37e8c26dd2e17e483ee83c15f2610ed,bf239ca0fcc0ae931eb942864fbbcf2c594e8ba5064a713cb015124b36023921,810405cbc7a1b26de3a271b1124ed96ae424e21969a9ea65e0ca744c7842f251,900ff7b16871ac8d69fcac51b30441f41e9b06d13089a8afec8555fc0405b2a0,80259204a6cdd636b6721b4b91f4ec9090402d111d20e35567b0fe2c5d2d7573,c0a1d18b5143c59a9e8fc9fa308cbc59be6a989d727c8071a15ef415246cbc8a
AOS/2016/page_19.pdf-1,AOS/2016,0,True,True,STRICT_FEATURE_ROW,True,KNOWN,unknown,PARSED,PARSED,PARSED,4f2bee094879577fb2e3d26ae758e7228a08efc2d959d42d88ea27f3b77459de,247a7cdb9a10d45579d3e0f3fe5b405a19336505145f5f112cd1f77b61ba4adc,448a2f6ac9f9dc66affa33f1c558a66ddbb43a4daa4fe37456b2f45d289de38d,9e7e6976a79505931aa6fa6ec4aff20f79f771e51ab527456d4bed69cf51153d,a4bc31dc7e8fda6ccc831caa44039a4f4befb8757dd7dda76351f654bb5645a3,4a3773a8ec5ea84bdb90e948b79a2e21b4574f824d1dc8924bf3efff88d6669e
AMT/2015/page_58.pdf-2,AMT/2015,3,True,False,NOT_IN_STRICT_FEATURE_ARCHIVE,False,UNKNOWN,unknown,STRUCTURED_SCHEMA_OR_NUMERIC_FAILURE,PARSED,PARSED,f1dc4d61fab0fd75312bff0ab05a6d68382ec4f6c707e4d992ec7cb222262a94,e045505795f5dcf726358b6cebc8c3ccf202470a95c0951def70d01d0f112eba,febc6b4ee9cc6358986774e1b98d48c40a4505d03c477721b37e0b0ece9606af,7adf9b94eafa0e74729f765cd7cdbe110a85bd3b4fee41c2f92df2e3850a636a,0d4a58e0993e80491fa38d21a6e4bee81877f1aacc30a9f4905acbb4bc82b0a6,4b3db2cb0bc2a5ef329603c4bccfb5ad0033ecd7c4220ec707caa1f3e2361411
LMT/2016/page_83.pdf-3,LMT/2016,1,True,True,STRICT_FEATURE_ROW,True,KNOWN,unknown,PARSED,PARSED,PARSED,682fc87339d027ca307e54eb24cb8956321e7b619b6f1a25c29e95757b545605,661b6ecfc2878b855e2dd41e1ff9602a2b45bfde37ef066fe6f1b64594047d61,faed9493d0828e6a2f9a88883ec03c4fd32f0ea6fb2c6a43a61c407372d7c0e1,b17ac44d84d29ade1f84b48f541c6b2392f13cffce5ea1049c59d763769e3267,04bb03155e1d04bc8e068ce2956692a3d5e8b549593e762043e123a508818d9d,85ad47aa83d39d42316c758b2e234b972be9d9e91acf794161d213659b96b0a8
AWK/2014/page_45.pdf-4,AWK/2014,4,True,True,STRICT_FEATURE_ROW,True,KNOWN,unknown,PARSED,PARSED,PARSED,71b1e7c696e2adb8bb90d4e2c6feaefd21365fefcb447c75f98b6d60a53d643d,9793fd0a2c8e719f623552f1fc06c74d0b9f864a3a487f6d568be7279d3ad59c,fec805d47096bbf738713673b94f8be43b4fdc8a69de4e481f55e87b84f4a9df,dee5f1056f39ce2fe1684febbd22f9256526a47acddb7ba3ba2d16ff6ac53271,31061d4dac57de25e1fab8d58591bae24e735a3bf578843974e6889302f43f93,6243e9473a74102aa19b1fd61ff258e187a8bd513ccf634dd8ecd39519db6dcb
CE/2005/page_167.pdf-1,CE/2005,0,True,True,STRICT_FEATURE_ROW,True,KNOWN,unknown,PARSED,PARSED,PARSED,267f21938ac38e73c515fb6c2d2b3001f29f959b88cfbf7d295871b891032c1f,f4dd5935141ce7b2df596ad3d0a994f25a215973145604298d128641f2c60d46,a5fa06a9dcc294cc6b6d44dcff333329098583408af0344acfb952805e2279ca,3d91635450e665b40a0d03d8675227b2b74085ce0dbbfc25859ccdc2bf50c0ac,9c0ff2ceda1645098682cd90fc6662b0df8647e3fa661846e92d8cec0faaf8af,435a3e7d7ef295e3681e5dca5d29ff112540bc58eb8a81ef8d9e3cc0391927bf
ALLE/2015/page_81.pdf-1,ALLE/2015,3,True,False,NOT_IN_STRICT_FEATURE_ARCHIVE,False,KNOWN,unknown,PARSED,PARSED,STRUCTURED_SCHEMA_OR_NUMERIC_FAILURE,4c50343ba7020db47cdd57f9ebfb340b6e4f7054c817c0a76599a3abecc73673,b3d82d82d075085796248e3293f2b6db2ad998b54b2e62d8b092529059c9f171,67026f0f04cc68fc199d8813d1998f6dc0736c9f8847d96ff4fc4be5a185f9f7,0e28c7c46169b9d7679e5df39849750472e6b700ab691b398382aa316434b4db,ab448d50558b591f5df4ccad87b5ed9edf194e233a960cabc12b54c9ccd97e2f,f29f53f3d17f675e21486141caaa65282e43d31a1550d258347777ba66a1b803
ORLY/2018/page_30.pdf-3,ORLY/2018,0,True,True,STRICT_FEATURE_ROW,True,KNOWN,unknown,PARSED,PARSED,PARSED,94a500ec4de3838fdac408815e2678e20326b69de121132f94ed756a841b9cef,eca9af5e3d13126db5c4e30b96608a6cdfc1f80aaf70874879e1c7710e82c3b6,5694807f20bc53d023592ac8df1d0c6bcb7360677bbd5eda77ff146a5e1a4eea,354cc370beddeed3e1ea39d7e094c7d1a937d8fdb20ebbd4cdc035c30d716bf7,e6150bc47e0dc67bcf13a4a854dbed197e69ef325957818accfcfba3313bb058,04c7bc8fda0384ba3ccbc291976f05cb06cb9d2a50b78c81388c81112a50c31a
REGN/2010/page_64.pdf-1,REGN/2010,1,True,True,STRICT_FEATURE_ROW,True,KNOWN,unknown,PARSED,PARSED,PARSED,43240f76fac1d6654df872e1450ce0ba6521f83de2d8774fa8ef2a69cc036e25,f21a5f154b2313e0f5720d9ba49387f165dc4f56ed9e4008e863a242d2fd9006,22be0aa2585fbfddaea8d96a01fee5048a3920f3abe1894013f5d1917e8c52ba,da03a414aa0ffade286d6295f14bafc57aadae35188c8c9b04c05c1f388a3961,be764619de81a32437218e4fd9c2297eef28434813095b5e48e4e3e1c42ddc80,7fb7215eb03f5add886944c41af30e70dcfe384b2a882c03dfcdf7acde12fbd5
ETFC/2015/page_27.pdf-3,ETFC/2015,3,True,True,STRICT_FEATURE_ROW,True,KNOWN,unknown,PARSED,PARSED,PARSED,d5038596236f96b09fbbc46fbb91d3df514106504926041a8cd86bcf4be26a26,fe25562749ea51f0c9e6d445256c7a4a23b0aa6e02301e175e2cf6df471d5458,93bd47ac3dfa125f1837161214f8a8b0db7e0b230a5eda6b60c0789b4b428d75,2cc5679885c33b943b9504019bdf65072a86f269fc1c50d600ce196f955d8ecb,e501f1a4fb133015b17d89caa1fef07dc1602856757fa7bb116b2b979b115607,c03e17ebed3af0f08d6f8e0985d52330ca79ca33f46da8810e8e0d780bdd7272
V/2008/page_130.pdf-2,V/2008,0,True,True,STRICT_FEATURE_ROW,True,KNOWN,unknown,PARSED,PARSED,PARSED,ba506bbeb60069ff2ec9c3f59e922de944c1d2cb15be76c147d483807830f393,ad6bb8f20c5a9aac25c7a32a9f81693e451d312490edd2efdfb224ed386e6bd5,899bc884213c19fed39bf15eda63d4008fc30d10ef4785113d27ba1a5f90e079,1c93bb700026e4763a581f4a56b55d1830fbe10a625df8ccbca17ad877bae9c3,a46371ddd09a46841ae99c9d53480b1f866de37592d4f950ebecea7095308983,024f724d01748e37647b8eef1a1ca0099f93bfec7a503e56f8c61d8cdba40e56
ETR/2016/page_444.pdf-1,ETR/2016,1,True,True,STRICT_FEATURE_ROW,True,KNOWN,unknown,PARSED,PARSED,PARSED,927015deff263ac44a120d94359a14133d72c7b62852779b44cea511ab8b80c0,3f2eaa39eb35ef378b571e578b39f70c42d9c2e538b7742f3a964533b1e2361e,b147caafbc4742afc8cdc555ddd629a58a01ee12680921561635bdd122a2ae8b,2d13f70246590edb83fab61f46cf2d7fc8808d0bc74ab7c7bea2a7ab2aa9f9b7,1388ac5c10cf31045d1ba831b4ece19e0c39fefd170269e23ad29d656eb56284,7fb9f39c2b8eb7e002d2fb0e6411366f2027d8dad6445e3878e3410941eae255
FIS/2012/page_30.pdf-3,FIS/2012,3,True,True,STRICT_FEATURE_ROW,True,KNOWN,unknown,PARSED,PARSED,PARSED,b374b5da7ebaa885ed2430f1e93604c37fce16b33fe3e1ccfa75e0c78b526d29,4e5d45544a0437238ce3f6b20f2ef91107c73ddccc7145ce3e5d1bdf8fb28b5b,4b1437c9e02ad13203dfc62e9bdc1f6d92b80868d81841420e89900508520187,2160f3fabe367dba9191b8557b1d294e717983f3be6b84cb80d81fd0706839b4,03c4e204cddb09c11961786ec9246a9b58398e45c5e78f380118fdfe23898b6d,41c3b553c4bab867082fbe1b417af5279315b681c44be720264321ddf29474f5
AAPL/2014/page_26.pdf-1,AAPL/2014,2,True,True,STRICT_FEATURE_ROW,True,KNOWN,unknown,PARSED,PARSED,PARSED,d0b7a9dbafddef0661023f1972f6f36755a04f55a2d2c4bfcb33bcf6577a460d,ed4b4f4a31df8b838eb2901fb68f19c9a24d59c1de0ebc6929fc233f64c1ab7e,ce96952def0054f6334e81b4c4179f52b059ce573d6568d96e48e6bc8686542d,b9beaca38a2ce7ed7ee7dc171e12f7a9f0d86ec77730b2b9b3dd15fbfb87d4e4,67070991ff651e340588bf309a4326f5dc4064b4f4ffc2a5d219a53f342631fb,26442f62a1cced7e0c71fe83fd4603d0eadd2aadd4fcdf5c2379d00c1e17087b
IP/2013/page_64.pdf-1,IP/2013,3,True,True,STRICT_FEATURE_ROW,True,KNOWN,unknown,PARSED,PARSED,PARSED,6e6935225e8eb7cce3c2144b3cb2f78893d2e65b0466adfc181cb0bed7e20cf9,d328e441eb84369524f2c43dd64e648b360d23c027799e7b51fecb97322740a4,1d544ceb2b1f00a5e1f9b5f67f830ca88a249f0125c9cfdc91862240a3e171a3,77c53cf75db89d6ea1ada87f89e27a37ad35b041a61c40151b6d2945ea411d40,a8edf88fd55f433db67884a1c8218a1080867a755f80cb257190e2d4a5423f3a,a9a6793152299491111a85db5c4b9a4e3bdb66bdba4337a6701f29e7a8017df4
CDNS/2007/page_30.pdf-1,CDNS/2007,2,True,True,STRICT_FEATURE_ROW,True,KNOWN,unknown,PARSED,PARSED,PARSED,25ab3005fce8b519756ce22a31914336f14a33029cce5965beb523016987a42e,e35afb7e21f3d8a7d155bfeb908127f851258fe2045004c15b072d27a9fa82a7,44c4f22b5de4b4697f7891e25f88ffd6c9c674d3ad136c51edb5b071174d369a,3f73bb0c0d5e696e01ab53f3bb54ecdfbc24e8a7a3070e057c4c694ac3451462,91916e5fcb3ab37107e9a206c76184ef4978a7b9e1139e0bb4d00c4bedd675fa,a205ecb87def9ad0b177fbdfd91478aa4b953f93626a3dcb829f35f9f018e5e1
GPN/2014/page_71.pdf-3,GPN/2014,1,True,True,STRICT_FEATURE_ROW,True,KNOWN,unknown,PARSED,PARSED,PARSED,30e474bfc66056b5984698ae9ed1fd1b3ac2c282dc95a865ad64c7e10a39ef38,ccd4673b49e8484fdaa4494f23be259c5b85fdb9a1cd856290a19d0cd460cab8,8ae0f482cbefbb1725d616dd0f26efb341b5f528188a11cfe7ad09bd819fcb13,024e8818b9d3a329346a684410982845797ddcf01b12f22647ada36b6d8f4e9f,6edebe1c82bd79121796f2b9d22567b3c9d2b32647375dc8148adb4749ed33c4,bc6fa926dc5a12b2f0c08029f824b80ae933b8c99c578bf9c6b5036d64cfca68
MAS/2013/page_27.pdf-3,MAS/2013,0,True,True,STRICT_FEATURE_ROW,True,KNOWN,unknown,PARSED,PARSED,PARSED,51faee6b18d251715167082b6383d36104edc0016c1bcf41bff5f18e19d85c4b,8a567112bd8dc056b2bd9eec3d1b42c1b3aafa8bc0298b5bed0206152a6f424e,46bafe8dcaeeafa6b16de349af81510d5715e9b8edad9e76c8484133862c73fe,2f0e376c6a25106d18ccbe3345581d458751f0c46634cd983d538385dbf64933,d7f787056598ea540f30bcbfb7d83d66c22e8ae1827813a413a84daa45942146,09058a51fae08d4f0372656e8feeb0d5a505449d94d3e216e48b3952603f7057
GPN/2015/page_82.pdf-1,GPN/2015,4,True,True,STRICT_FEATURE_ROW,True,KNOWN,unknown,PARSED,PARSED,PARSED,a1d1dec966b4e7cd0bb0d578e41085a239b033605e53d63ffd0d22f0fbf487a8,4916716c363f11156bcc31b7ef973f450d61fdcee7021e85c51dcef5d0e5b0aa,8c156ab7e6a3bda994ff633bc2ae210f054d62e21912cb9b654748b52fd9cb62,baf5178f47d79ddb4e29d4643e1626683f287d2b7c50cf8ba6b0d57f0ac530b8,c38d56a96eb879e82a9553dc5ed43e4c01c08d05ec3842abaf77a3677c6c974e,579548a08950dd1d470a75aed9cb5f543c3675dddecbce6115446fa198931c85
AMT/2016/page_57.pdf-3,AMT/2016,0,True,True,STRICT_FEATURE_ROW,True,KNOWN,unknown,PARSED,PARSED,PARSED,ebdd1828b6438c425cecedec592f20613c639a621939ef71af90444eda456eb5,e8d1be35e4360e8db59bea7c6495fe5f75944ab70e18c262d9b00d0e65faf4b6,af9a59d295a461ff1f13b63e719a404ade0a3b83ff42c7e1caeeda10547e686b,d2f25968c7ac18648b1192199096b36d201564185a989b6caad488084183182a,9181985dcd984989c052dd6132da9c34fa4e362a0cc94a666b10f403815232e4,a4a1099047fcdac89dee0362cff29202a1c4444d6f9cd5dc5f17a9f2517fdc79
MMM/2005/page_72.pdf-1,MMM/2005,4,True,True,STRICT_FEATURE_ROW,True,KNOWN,unknown,PARSED,PARSED,PARSED,3fae2e4a88688f12027b575456047ca3f3f3ff562788182fda20837bbec61e15,d61105138bf187ff3afd9adb2322b9584cd6d3ebe8c3da46d5ae404e7964c9d1,a9ac6412b2f0fcd47027d8c6ce492c643c6e9681e4e67492cf1e8624f1beee32,e7ca22a5a8dbd146467011399822dc37553d312930f4e57f7c6aab27c524c45b,f8e0635e77a7ef9d4438124273f27ff1bf2e8f77cf3925259871ffb430acf625,fd1dbf2e22a7c00481efa4f65bd3e11951a8a4c029d9a1797ca8a969076d44a8
ETR/2004/page_261.pdf-3,ETR/2004,1,True,True,STRICT_FEATURE_ROW,True,KNOWN,unknown,PARSED,PARSED,PARSED,5b8d2952fc9700aee86ff0da564f635461f737b07e1536dc6a4edeaa92c889a6,d9ce5744394d5aea7bf879c383035c740211c5e26196a56bde779e39ccfa2624,3083e13216a7e1764564989b2690f7847c4070037a23beb2de40803bbb585103,167ae8adde5fa4015846444a82dbd11fa7d1bd7d4dee970f7130aa7397a57499,45288bed4c35a2d2ec536909055037eb2bbabe199f1e9215cd55df7011086cfc,2b6d54fe2487e051ac1fd2ee51e052b43203808657aece07ae1b8b77bfdf5b0b
AWK/2018/page_178.pdf-4,AWK/2018,1,True,True,STRICT_FEATURE_ROW,True,KNOWN,unknown,PARSED,PARSED,PARSED,b990158b8ff22f69898400956b141755a45b07a29ad19d95e3be72b2ee75d27b,03ec5c5a86ca9b2c1fc45db8d276d7e874325ae7b1ed26bfca06bbad7bfd1ae9,e8afabf6eb2d0a9195ea5d2b26c28a09dae971b8f700b9830a9a8535a102014a,0d66a5f9f264045d42077eec92c6218642f2466a5ba840e17c159c569dbb4ffd,e74529f59ae494eb85e7dbcbd4303e76de3683ad9945d724e3cf0d54970a5ff5,19fcade0cae4339b90d7a8ce21ca50bb09d355ff3aa46ff37b8262b349d291e2
ADBE/2011/page_83.pdf-3,ADBE/2011,3,True,True,STRICT_FEATURE_ROW,True,KNOWN,unknown,PARSED,PARSED,PARSED,44c6e2dca9c50c94885c97de29a1e1030887f844a5c8050aac34e95dce8749f5,36f2d70e034281d37a2392da1d49c19f38b1afe3d83ec151c61ead9eaf8f5b4f,e479cf45878b2fd602cf880fc49a91abc1796a30ed69ce3e0d19765c6f527695,ffcfff06871d606034067da0e8d3ecccabf235571b1d02f4833f555b0d34b218,2f8024df5dc7b2833c341490079539cd6005a787c133c79a9c6183da422f79f7,6440a8efed529f805183995ae42bd35a7281ac177b778e7b90b25ae909e4f800
ETR/2009/page_21.pdf-2,ETR/2009,2,True,True,STRICT_FEATURE_ROW,True,KNOWN,unknown,PARSED,PARSED,PARSED,02cd1a948591e236cd0fa01b02cbc6aff7a1d86eec0b70a76ec340a3d2a73e3d,b3348a1d9b4c20390354b883da6e1a1e63d9f05e7e5f0f7bd871cef1169973ee,c04fd49737e929921fc8a797d0380102cc252f46a3e658b79aff0df06e34427b,8dceee1534afe5db12c7d7b012b8de597fcedec726461a5da7ecb519d06d5a71,5f3734e928b94774f5e405fe418f9d979f89288f807e141e8e536dce5e3e8411,46c4aa299e038143d83d51935132e024d17c14fd352b59aa45ee7a8c3b375df1
APD/2014/page_71.pdf-2,APD/2014,4,True,True,STRICT_FEATURE_ROW,True,KNOWN,unknown,PARSED,PARSED,PARSED,e5463d3ca0d20699badaf848d1583373af041943dc3879df8bc9daaf3bc1aecf,4b32ae811d1a182c14a5072a767d44c7522b6f60a129b97231ec712758a1e7f8,6c127797ff6ab6975fb41c6cbcd7d6cebcffb7881df01a6cabd8a90164508252,b42b8e331993be36f354146aece370e8a3e6371adea6d5930a849e6ef06ae989,baea9fdb671136a5a10be21d03d78074858c8324f48a9ab4cda672f593cd1812,465649094321247ecd944ab989934a6497c1f67712b84c6a20f798f336579f72
JKHY/2016/page_25.pdf-1,JKHY/2016,0,True,True,STRICT_FEATURE_ROW,True,KNOWN,unknown,PARSED,PARSED,PARSED,1629ada1a3c06e0058956793c7fbaf1a5805818f81c20a599fb6097317c3ae4a,a1ef626f1bf73a14170e146008af2c5a293282dda8a0b854179dabd60c7f06f9,ad45b0cb900d27f74fd997527e50924a679bde5b238f9bb6b2fe92b05306badc,329c5def276ce5a861868f6fc59582937e4644eddf1d6a22e5e94d63237c4a3e,aaf203a5043d33b64f382a1ee15bb65d6d9e70834ad75292118d12dd393e3891,98e157d94ec0a7047a002139aeeb2c4dd25d1dfa05de5cda5d9e765a35891b33
C/2008/page_207.pdf-1,C/2008,3,True,True,STRICT_FEATURE_ROW,True,KNOWN,unknown,PARSED,PARSED,PARSED,919550ff9874d641dba7b4760ecdc5908e9a2cf86c2803019c9d3a277dfaedf6,f0779d47dffdb61ebb6ba8081d80ac68c9dbf44a86a55e8598e214c1bf9a169a,31cc1cb9274d60720f279fa36aa04d485f220baf44e8e1bcd755335b9aaff5d4,ade358cbd3ba97b2b31a672f6a343cf83e6d9d2bd55945ec5d4ebe82659da49d,d5f190f30ba2c9cca6300704e86a6047e51cbf196bbd18193d01dda4bd0d28ff,df7763f775199fd23b00125089c6bbd360cfbad27450e92744c27bea272b8189
INTC/2013/page_40.pdf-1,INTC/2013,4,True,True,STRICT_FEATURE_ROW,True,KNOWN,unknown,PARSED,PARSED,PARSED,015845816424e6db54f194cb8b9e790e934b742d9851b14d7681215a63f634b7,253af8b19f64899e0c1c3e9c81bd91fd33859a1574c3ef92e308292f2db57b1d,19967a8b69998cfcb66366c2508e1c6d6cb5614c90d5d29bb745087146d48986,93611b1d10ef954d4eafc7c3ad30bce757607165811d708f8ac8fc062d85b029,ae5729e4f04152e2f225ddaf18fb873c3d87a5fda9665ece679c3d12910b2361,b413747768a18946e1547625e1d254d532f07be08aca07fe2342124293e6ddc4
AAPL/2011/page_24.pdf-3,AAPL/2011,2,True,True,STRICT_FEATURE_ROW,True,KNOWN,unknown,PARSED,PARSED,PARSED,7a2b005c4a4dcf7a9b5f721adad1d1674cb263e237c79fd82865a6e2e29ce763,d1906aad30bbaa18c20bab5302cdd8bcd7b01fde02e2fb0d0bc6bcceb68e4fa9,852b4b8f96d29ebf5838b75e2562ea5e5cee2a35134490d9bb83277ea75c2f5d,a6a7657816fba25642e74631c459c020a4e910e74475467cd4cbd6df34be0685,63aee1379e19e54a94495b806a98efc751b959db6cc4705825905c7b6a49897f,c8000298a655bbebaef75a9ab03c9b52c31440fdef0c4e197e69659ec4ebaefe
ALLE/2015/page_81.pdf-2,ALLE/2015,3,True,True,STRICT_FEATURE_ROW,True,KNOWN,unknown,PARSED,PARSED,PARSED,d22c887cc35bf82a743cbba9a96ed1b28ac648feba9377bea6a87415ba3b7528,e7a95673c7b7d24aaefed0f7f687382299ce874087efd0974b7a455855a3e20d,91573f5c3c5f7478b298d65ac0f1316c734ddd63774e8ff014bdc3d51a9dd75a,f412f874d550d9fecaa7889482b5d0685db41d7c34f64e6cd49ed15e8a4d96c7,d151638f101b307684e7cf2af8d565006f014a1f7e2c11f2b96c55da90a0a290,d4b71f171d4f62c0942fb7d9141be0f1f735d34d71dfc0e89178c28295ec7c7a
ETR/2017/page_332.pdf-1,ETR/2017,4,True,True,STRICT_FEATURE_ROW,True,KNOWN,unknown,PARSED,PARSED,PARSED,24be44faab1f14d1607f98efb5e122217e37230c7e2a389de75a6c24ab44f1c3,8f52fbd63de90d18a43142193954344d46337ebe7624673a710f9e4bab278908,d1b16257b2c0493964878220bb243856b247bc58dff5887f50acc6bef8fcb9bb,2e769a2e584be1abd3ba14d674eee4aa9fc1faca1e4ab9af3d1efdf079b598ca,f71a7ea4ace624342bee298114c05885434c69501314e954de2d303d13119113,7db85e6e6bb25756849a51d4c512131735587bcb66b605c56f215d87795522ad
JPM/2005/page_70.pdf-1,JPM/2005,3,True,True,STRICT_FEATURE_ROW,True,KNOWN,unknown,PARSED,PARSED,PARSED,c65155470011a640e4ee68f16074acbcfe6ee4d591aa9688975ba4e830e758ae,bfd0ac012792d02f6f4e31dd2a33496ce077ed1ec93e74c3068d2a2d7e210b0a,bce51ccd881614aec8cfb5233f3cab3ecd4069f69fb8a4ba1a2501be3242ae88,3b43fcd032811a95670e5f24af4350a74f29b8fcb55012aeb7e750d71135304d,e6226088b14a642acf508f3affc49b5d774dcdbdff52583055d4b2d6f5b3e14c,3bdc4aeccd878ebf5798c0ffc8ae3fca3477bcddda77c5f67ffe328afd7993d7
GS/2017/page_176.pdf-4,GS/2017,2,True,True,STRICT_FEATURE_ROW,True,KNOWN,unknown,PARSED,PARSED,PARSED,19c56f87b7c7da61d67de4d7e22029ca1bb1afa0bfcd951c7104ca2e76b36c7b,bd520d2488ab1ac01e3871361ceb1d44bdeac785f465f86e7548536c20f451d8,bc3caff7866413e6513f453295492f26519a37c8024d1adfb3b50418ec8119eb,02701f7a2bc5fc7a0d78e123185423dc61494229c883676f54c09be181871a94,6da9f9163802eb95aeeabae14bb57adde2c9f563022fe4aaa91efff7bd4e876f,b98417aaafb876c466682a24d1c6a7a9aee1af8d52a164d2231b769849e15cc3
ECL/2017/page_68.pdf-2,ECL/2017,4,True,True,STRICT_FEATURE_ROW,True,KNOWN,unknown,PARSED,PARSED,PARSED,5cd1f0a5f85373af8c484d57a7b990c8aa849de8f695a4feabec12efa84a38fe,58b5cceeb327ee1fe4118c32cbfadd5c34a1d3ed9f9cbf30caac2f853afcb0ff,6157b66278ed53a2c7d340df4bc1e9a844e5850840b61396259a1fecd84e1d2f,c6cbe8757074808101d85b50a84af5056860f4083300ca2f7078f85ce8405e3c,ae0a256d30f906572998a82067c10dafc51e6181488caf679438ff5024afb009,6db7e72728336d2d9ceafcb97302fd6e6ebac9dba4f721c00e6894582b8d6bd7
GPN/2008/page_95.pdf-4,GPN/2008,2,True,True,STRICT_FEATURE_ROW,True,KNOWN,unknown,PARSED,PARSED,PARSED,b54a9cae0c4b9446057934aa8621af21d6f67b4c026a58189af3e3d3780c277c,6a3533e5a986d61318e4c044aa1a5eeb520626d88f4a19b84c489d47a0a12d7e,270a741851386f8577f691c000d53f471c35d6d70a91dce381e2170baf3948ed,fd9d9dfc117dffa72c53241ec15c3f3b91c54d03945465265b217689587b5587,ca1af09b27da959214e635d0eda35cba06a2fdb711267fad7e5edf35df803d17,3cb8bcd23ae55fdeb5eade46b06bf019622c6d4f20557609add9321966ed3687
ETFC/2013/page_84.pdf-2,ETFC/2013,0,True,True,STRICT_FEATURE_ROW,True,KNOWN,unknown,PARSED,PARSED,PARSED,2de601d84d17621866f8599ab90c73d7bffa398302d609b3ac03eb5a115151b0,26e93ccc75a3956415e3b316a27e2c6417841b3454dd2e20ed61e802e3746e34,ab3f155817a29e19844c762d7a2fb721f3a064f96733653084df9c870706cc6a,2c919d6330efc825a7e1fe52a94e74b0e61b7d6a0483a3a2af1a266da3941a48,6e664127c120fecb5b4d72527d5215a1b1de6ba741b555f9f4ec69bcbcdb9a6f,f71a4f56e48875b1b2b0fe31f16568d919508c7a1945cda477ff84e7be49acb2
HWM/2015/page_87.pdf-2,HWM/2015,1,True,True,STRICT_FEATURE_ROW,True,KNOWN,unknown,PARSED,PARSED,PARSED,ce12de15eb7a9d98df9ddac551d0c1a4ab2b106d9f2379dee5aca2fde9785e43,63e8f5758632baa6f84559f7143074c81698cef7b5a5e71e8c32004e71d012c3,f3a61b8b9a42be5da997ec7b451f8f556ad10c63311ca4a1a02fe907e512c7c7,2372f9320ddc4a7a259cb9838835fa62c2add70bef3ee52ffc162c1bcafa91a1,5eb0ca3501b550cd9cbf59abaeb95be648a5fb3a9802169a41d136605a7cd932,c4f2d1506c2b5f6fb3b6c5ccd61695bc10bb98327b27bf219b8ec37c3987dfc8
FIS/2016/page_49.pdf-3,FIS/2016,0,True,True,STRICT_FEATURE_ROW,True,KNOWN,unknown,PARSED,PARSED,PARSED,3758b60e63f5fe8a8ee783d447e886b3054fe0b1ead664129f119e2611d36e18,d7a7243d0da468d5effee4f30d403e2d9e90048b68aeb4aef55da69469b7f36c,9e7c06467a8afcd44a06f651c97b84838df20bff954b0507c586bdad3f6d6b3f,01bf7e795e739827ed3122583a4fb8a037283f4688c72d4573e40fb9a78c88e5,664fb78fb28c0d45d3379107b05b1bfd0b5a093a2c98095a93d748a44b61ef74,5e02cbf1b092b9e71d36998b8998402029d68944d7dc0298b25b96f7992ca109
PKG/2018/page_66.pdf-4,PKG/2018,2,True,True,STRICT_FEATURE_ROW,True,KNOWN,unknown,PARSED,PARSED,PARSED,920c4d963135d0f0f6f12351f2e12761b9a3616d527aad43f72a1f8e9008e0ec,91951ecee07ed8ddcbb3b003d49e9c2d7f97405640571f8ec1e06ca532155633,a30a38ec44c3b73d1ef01183a72118381f68b7b2e5152200e87664618d0642f7,acc1ca8eae3ecb6116e7706f8dc06bd4c625fe4e4741d93af6f107e4cfd684bc,2cf930120cd31d77d584beb1d5c185991c86bee2c7b2b5fab6752acb29236a41,54662bbf7d5f5795fb718fcf8a6318ecc00c8ea1c3b70d9ede77dfd039909299
GPN/2016/page_83.pdf-4,GPN/2016,1,True,True,STRICT_FEATURE_ROW,True,KNOWN,unknown,PARSED,PARSED,PARSED,b2dbe6e7b7d54c622012707a73a15bba5682ca06dbef0ff4019d2801af1b196b,38b0c556cb8fadfe02d1aa1e921078754d2656ea5d1e363c05630e9c993c1dc7,d820c1b52966a913a18e8db2341d191d48245eccc1c46a059849ad5258f8ce79,6f4940752b67ffeb3f5db43a0de65a473cdfd2490b5b50d815c8de120369a103,4d4a1788a3297c59f77ebef876cc8bf98586f9ab50c99a1928e91365260327c7,77bb80425cb372c7925a440a7e36f7da29714484963a8ab966eb37aa7d4294dc
JPM/2014/page_127.pdf-2,JPM/2014,2,True,True,STRICT_FEATURE_ROW,True,KNOWN,unknown,PARSED,PARSED,PARSED,c2e6216cb3eecb0c0e2142b0c80bf6773ae9a6efe7d52adbd144050e71821121,c8639e105a138118ce8f2bb3fcc86862cbb416669c9d8fe14222ed1c37bffc00,caa31bf96b33d06763e22ec0d904c2f95a1a8d58674124739ab9e5d1fc2c7cae,c90e3dbd877bdca540a15745e11e65aafdba9b1e994045a2e1c810b67a3a8ee0,71331ab21f29244c4af09d0f8daeda8be9c635c9eaf92e04f6adb5eb25412065,a45db49bdd1cc9faf7b55def144a17ee34b24044cc9ab8cac3b116ace8b2c99a
SLG/2009/page_84.pdf-2,SLG/2009,2,True,True,STRICT_FEATURE_ROW,True,KNOWN,unknown,PARSED,PARSED,PARSED,e2fe879fa14dcc3a850bf4f060276a0f74b9b0238e301dc6439258180e93fe58,72ce7addd4744909a4e90fdc34c7096ffa434e7e0bdf5005447d538e98a908b5,4a986ec7fdc2abde2d2a5f6b2214e17f80cc648bee51826903c395370df03790,52326cbed29705c0fa8028a92d24f76dc0acbcde3eb637e8922fe0a854836505,a5fc1987185069241b88c3a50ea5b38cb5415f630eac6e91822d527f37f678c6,f5eeb8f05d6e56343bbe4d970fca709a80c33634c1eeeafb2d74dce767f6436d
CE/2005/page_56.pdf-3,CE/2005,0,True,True,STRICT_FEATURE_ROW,True,KNOWN,unknown,PARSED,PARSED,PARSED,eafc6ca6f9a4804a957e93e4363c1876b9afcfe69c7838a4c55f7d8945ca2fb7,fb2089cf653ff0b0fd0a31eaff90e8a9bd3c831c7493ffb66113a07a5df0b2c8,c72668e8d845f0999970b446b88b1a974795fb052d707ca7f4f3aebaa85018aa,46c8c861171afec74c824f80fbf0ca866c9a9e7c07b08f73c4bfe4026c7fb625,23d3a522fbfe284d821f0c9402c055cc593dd97f170d8b87037437216f7ffef9,f4df28c9f07dd2cfc6df2fb85f924de827fe34c832369c824444eb49e2b81795
MA/2008/page_116.pdf-4,MA/2008,4,True,True,STRICT_FEATURE_ROW,True,KNOWN,unknown,PARSED,PARSED,PARSED,e6a583932247e5b0d8853e005803442ad3704a0ddee415f27123886d39000b84,db1ad1f414a12e082262b85f0f056979443954573972d35bfeb0c93807ad728a,daaeae1ab6f88575c4cb3c806fb1e4aa04de96c192a834a5d67e09116a9afca0,c88e1f072184f0bedda3237a841fb3a7392a77e42b53e89437aea33ac711b749,200fe69a35892b0b23dd63750210e8587ec74e0fb6380c1cc246fae39a0ce2a4,949c8b2bb961717c679454f7f30f458f8240770a524071e7c86248ca0809efd2
FIS/2010/page_89.pdf-3,FIS/2010,4,True,True,STRICT_FEATURE_ROW,True,KNOWN,unknown,PARSED,PARSED,PARSED,aa05eb5e8756f2fa150e6f0eaac03c3886b9b8fe5cfc345f9287414c93a81887,fed26057993f1b3688431f0d44431ed62d792311e6147c2ff5a4e74e38d7f661,f72fd23ad7738cfb94722bfdaa067f3b8329291837738c8d0291f1b3087a82b8,4007bcf54e28c73e2530a5b2e18289b08416af9fb13752688596055993a33b66,ae1cd9f83d8baa14b473e58905ec9dc9a9f3f4bb47c29204de328958bcf6de92,8c589df18e70f2e0d2c37d1121e0f4f94736720445dcc620f9747d81b9020ac7
HUM/2018/page_46.pdf-3,HUM/2018,0,True,True,STRICT_FEATURE_ROW,True,KNOWN,unknown,PARSED,PARSED,PARSED,b8452251258bfa7a192e1399708b16e746a3f53e5cfda9b7c14662f401a9b589,c58b3bef82961aa47b9f8fa380f765e8ab1699e493e9276e1863e997844bdc4d,2f56b3b69a810eeb8f3158501c0d283b15b631c719276167c10a6fd9cd4d1050,cb542bacac8ca98b4f6b2a2ee8f41b4c5fd5d8ea7101a3325d480730cfca9181,10de457b5c68c0e85478f2763dabc4fb4dc9a14a51966438db23beff058f15e4,8ffefdd5f5aa1c13092a6d881dbad39ca73b2cb3ee0036ec5ea586b4ab0d9eac
C/2009/page_279.pdf-4,C/2009,2,True,True,STRICT_FEATURE_ROW,True,KNOWN,unknown,PARSED,PARSED,PARSED,02c074ee77f53586247ee8cb9ecfdab78e9be471abea9a4a028d60b4f3285261,eba9ee96c76517db12c391ba909f1268cc7087a56aec1352e3113d0f2a59f8dc,c5bd40f927ed407437c4f195b3b2c68c944da8ec39443c7dcf369845d4305da5,85ed4a68545dabbece8db591e6be972dbfe22b7ba13c713b4e0bd7478aa71e49,15522d628952038015212e8134cced791017c5aa6c349a0f530b5d48d8db6420,a10f19ee91163b3400adeb6f16085f0215954d2b9b6af0e20ffee708a47e5258
EOG/2017/page_103.pdf-1,EOG/2017,1,True,True,STRICT_FEATURE_ROW,True,KNOWN,unknown,PARSED,PARSED,PARSED,fce7d560f1c8fb6a3582c10a4ed63a9cca5897873e9de79a3d4890d1bed7cb96,b3e6a6ab2378f9ef52c22cb104fd5d1b3c07c52e15b6d48e8e6bb01d614c6213,e073544a5e69b21be94b27c014d65f29986241ce654c0bd5a12a523a6260aeb7,48ab36eb23f38d19fc19b923543cd0d5d011d307bb6b18c7ac8a2d77f7e152ea,39d29126b7ebd7392488478c10bbb5e4175c37ecedee4104b25fa7a4da1a5eaa,015a3144bd34091b8bb330601bb8bbf22443a8669a2c9071b8abe01e5793d38c
V/2009/page_89.pdf-2,V/2009,2,True,True,STRICT_FEATURE_ROW,True,KNOWN,unknown,PARSED,PARSED,PARSED,f0279dcd709733a5f838a102429e78ca5c1931b56b764b12a5985b40de8eee4c,c8f053a66e345c0a40ed624f227dd19e9520b334853bcfb2929d0010b46151ae,5034682893c7468386c7bc669469580d415e8bbcd4dfbec83dbe91458b5239dd,d2ad08853b9a7f36e4864b6a2991e19d01b1ecd8afd3bdaf93aeab81fa279385,3a15ebfa206b51897a4ef91007cbe58f0ed8e89d411a759f6305bb01f9328f5c,cd10b23766c4f679671dec0e50b9b43330b436fb5d424cad3874c2cb0a268aca
AON/2011/page_121.pdf-3,AON/2011,3,True,True,STRICT_FEATURE_ROW,True,KNOWN,unknown,PARSED,PARSED,PARSED,59bdaeb1d0cced800d649e8a79184f5133b48b878eb751e0c16e76653d1a4f3a,91bc5c2baf810e6eb88965f25de58c4c4165c0f8183b87254a09ec79bbf5e7d8,73469ce49bef5cf4d4e3df73b8a95d57dedc87293b54694d07b71029b343af36,c275f533ff0ff605f25d51910e3e38bda6391338c2ccb995498673ce0b127585,3e9d9a474bfcf7c5fa9eb6c019c375fcec94b43524cfd9f5441f3ca20e09db39,6d0109bf749be984696eee798eb09eb3a400db05f16e4e305abc4ca8432efa9d
HIG/2004/page_67.pdf-1,HIG/2004,0,True,False,NOT_IN_STRICT_FEATURE_ARCHIVE,False,UNKNOWN,unknown,answer_not_numeric,answer_not_numeric,answer_not_numeric,61e504247d624a9ee5e69d6ca33fa1bfcbe227990c4ef5799778a34555c518cb,157d3f14b8875c40db5501f812cb23b10a3dfa18ce9e915a89ad0dc32f6e6c6a,fe165de917b094b12167510c8290ea684cfe355aa9391323fcce5ed6fb60f9bf,82cb637ef30eb77f240b0424767dfc4241b3623072576ef77c675627536a5b44,1f7e3469f389b197777c067b2ed619d01ec2889d30600e29c6a58d99ea50933d,f515643e3ed57f8a62483da82e77e7e2a5559de3e1ea5dc1e00fcedfb1c7fa7e
PNC/2012/page_110.pdf-2,PNC/2012,3,True,True,STRICT_FEATURE_ROW,True,KNOWN,unknown,PARSED,PARSED,PARSED,432717639022757e0d0e8f421c652fe2f7246c222c2bca417144a5c02053223a,f9a02a524076cd7628e96d617160e269cbea26f834fd04255235dc6cd06d785c,aaf15bce0e8f7c06e91a979e8cd7cfc2837f91034938f76f0baa3945332bbdee,d329b960f4ff267041f9b3003fc6175be723f50fe39418d3af4904a3a644839b,74eb4ab6c5401263461dd6e5547a0ca1e2e6e7f0cfeb513ca6ffb2c6435e7f9a,1674c7fe56bc2974c82ebd159ca318711e3d538c75b497de81c6bcd78b46654c
EMR/2017/page_53.pdf-2,EMR/2017,2,True,True,STRICT_FEATURE_ROW,True,KNOWN,unknown,PARSED,PARSED,PARSED,d4359dc162935a2e9e8690f5bd5e877101424ad7d8883b40e04e6ec6bd53f886,272f72a7e54967891c4169e21e4dcda96aaafee6d172dd6ee8b5f4a4c3c53e82,d4fc0093919d5423f1c6a64736484ac1d69485e078f647e5c0c811130aa09960,7ca347be031c4ce933c2fcf267f5c2085e9f2d9ef8336e3c38d8a23ad369b9de,8456ede5c17bf50ac85ec03f330ba97c112d44975b5da02049c999ff5e7d554b,12481af1ca5195cf6950ab24df6d9f5cfe208f0781b24eef9e57a99b35e3251d
CB/2010/page_113.pdf-2,CB/2010,3,True,True,STRICT_FEATURE_ROW,True,KNOWN,unknown,PARSED,PARSED,PARSED,7005523982647aa4b2e0a66f466a591466cc2d84bccf8e5af9f0774845b0be5f,f1d063f5dd148b31c84356f0c5887d1ecf06dd26972f66882180f1b1c1509715,72fe144455aad0831342cf81b6fa07d1b690de34330ee0adbe69424b33fe1b23,21477065bf93ac52e298d18ad721fce71997d9adc9a3a3e8db4fc2144690c55d,470f005887a1c8812efd1b2ff449284634c9362a5a50f1e3216543f8397f7094,3a8c4fc8c2a6e226a04218e5f04f440ca792a989b3b6b8e58464ab5cfb5ad28d
ALXN/2007/page_96.pdf-1,ALXN/2007,0,True,True,STRICT_FEATURE_ROW,True,KNOWN,unknown,PARSED,PARSED,PARSED,150e41499ad04fc10103249bdfacbe170c8f56dc431714def90c1cc32e84ec15,c66cdee3b24ad81a56827de6ef3874adc2f95074f313287c9054678aaa53d323,bbef224ac7d574d28458c3f605531e473c3b97e15bbfb2620c4bd8453008e600,11e3f7ef2e72eeecb7ef828679c9a92e99289dd25e5fb89ea8aa43fa25917269,1cc9e3039870771b1040462f5490c8aa045061752b2373f78b8d66c80be62bc7,7ce2fadbbcf4724ab43214235f627cbfca38965f698b4e238585b71ba41a6eba
C/2009/page_42.pdf-2,C/2009,2,True,True,STRICT_FEATURE_ROW,True,KNOWN,unknown,PARSED,PARSED,PARSED,b3bd40769a5caf8450ac72a56a0c32a09425239737a1f8ce54e13e5e697adadb,f4923d311400083384371cb39a283df13200d898335233af6a71dc47efe5e92e,078d41df5c067f1a2457ac97e3bf6dec2d1a656f9f5a731988fcf376b38f258a,e1afe9af7d6bc962575441001d35d4ea16b3739ceb640279afdda86c7dfa8ca5,4950fa7e4a9e1ac9229a28a602a90037de2f2c2acce28ec727c2240dd5422e08,f634011e5086d96d92341463ff09994e2f8015416d14500ca705fb0036f0981f
ETFC/2011/page_23.pdf-1,ETFC/2011,2,True,True,STRICT_FEATURE_ROW,True,KNOWN,unknown,PARSED,PARSED,PARSED,404e2ff203dd9fe84ac3de29af56906b83a02f4379bfbc055a8edb042fa51a94,1a193e2052545c3e0d786cf3753e214e7f57d2f47d6648af8f68c7fc26bbb96b,ebaff37299434526dce5713bbdf0d0e2d7a93b5e1e5e7bd81de8500a58cbc62e,18a8a4276e36ffb5a9195d614a1cd2ee520be65c48e73267febbd6cdd8ac03bf,7765a597ad2c8487907dfa540324fc4e57e37a3304d7e8c93ed8adf9a2c29954,114b9a6817372a60d2e9661457d1f39d7b2941c679e9cc7beb648f299391a8cf
MA/2010/page_107.pdf-3,MA/2010,2,True,True,STRICT_FEATURE_ROW,True,KNOWN,unknown,PARSED,PARSED,PARSED,7014d0c003e0664ca7a600741139947c187bb1b1eb83c0f2c49af1300e8c32b0,5ae264ea88a732e76585311caa93bc4816611a5bfa1be6934619ab4eba164c89,168568b5458d09f61d73ac202040485edaec58547db34dc4f57b763906807e7d,147d95ff0198752a9156bb3471665d2f7e5e7cee39b38df59a97c54826d6f7aa,05b67e3100eeb47cbf6ae434d3a5707407002d4a1c6f50d866b6eebfc1275099,7040445f775de8d606f98c2f28d7ea37830fb67de8b0b2f94ab6ee91e60cadc3
PKG/2001/page_86.pdf-4,PKG/2001,1,True,True,STRICT_FEATURE_ROW,True,KNOWN,unknown,PARSED,PARSED,PARSED,c58d360cf7282a03b49e9769fef66d9ac29bb43ed4d1f3737e2a14f7ba757638,f33952c3a0349a52513a19e67a167a803190007ccfadde39ec0f950624ce2ef7,9f9863b0a1237745923b4d34662eecbe5eb24bd0946e5cd992454d6106c98c01,8571ee644c9a00682949dbc004a379925591b77c3e78370a738a9c7b2a30fac4,b2ac6728d5eeeadfca3350f042e3c0b682ad5257d0a08868542c2a9d789bb2b7,0c00fc7e1c2a94b190db56ae86770f4af87b9e4140e8a1174db181a190640619
ADBE/2009/page_81.pdf-4,ADBE/2009,0,True,True,STRICT_FEATURE_ROW,True,KNOWN,unknown,PARSED,PARSED,PARSED,d662e5bd7d63f04e8f4e8412a5f58b6106380fe3ba924918dd710d7c9bd55d71,775dda82c7b73434f445b0346ed9d01e02bcc93d9299787a7ae93495ce69b4fa,83592c73c9890921ccf88cd3cebfb80329f3c83f6a282edfe70da0d1e4d0361a,f9a9dc5977bda9a31626b60ba79115d37c25f55c1c220050252edf17610881de,1a2c003dd7c708b9039981fc96420168dffa50bfe93c37175aac7ef7a8ee61b8,a37f54b02b784d578461c057486a6a95a7b428bfe30d4798e5a41d9bb1c55be1
AAPL/2002/page_23.pdf-2,AAPL/2002,2,True,True,STRICT_FEATURE_ROW,True,KNOWN,unknown,PARSED,PARSED,PARSED,c9d84d93d1731c45e510b2c31f4a0989f826ebd4d4f2d49214cfbd9cb01c62d4,23414a2b75e01ddcce0e227a2496a58705eec955d779a7547a2628332b702049,5e9460855ecc9a63c8e4383598a7a4233e4dfceb62c2d171e9d4d36edc8ead04,d2439f4931b0df26f3baf5ed459cb38efa9eb99c696d576cb49a0344a4a7b76f,f9708afa4b2da97beafd2f2d8141f93e5067f6b26cd93c5385148be0f0b4ff1c,5493f6221daf387152f9c28b92a80caad0df9110028d8046aeb853728d5556e9
ETR/2008/page_187.pdf-3,ETR/2008,0,True,True,STRICT_FEATURE_ROW,True,KNOWN,unknown,PARSED,PARSED,PARSED,bd2aae4548c3840c09691b54eeb8d74692cfa64adc11af8bd3c6143cf05fdf69,d87e506e0b239e3d0b686ece3f4c18bcf3e6b390d7853024a377da29e2e7d7be,6d5817e3c633a100c55a3b4972a1d53764a8e8b286c2356d010054516ede5c2e,91a45c74d0c5b4ead4e3b4c729c7602a7c443f9fa820710e061dd1b6c317204c,b16150731b18012fc1427219415ed5d6fb4b3423044df0f97403c0cb03843d69,f0562c204fd58f879f9139e51648e35467b4bf76b626997c042a4446f9f56818
PM/2018/page_108.pdf-2,PM/2018,2,True,True,STRICT_FEATURE_ROW,True,KNOWN,unknown,PARSED,PARSED,PARSED,54f48571c0f3d56e997765ce081490852e9f83597134c4fd07ec7625b2bc8ff9,0d282c97fdde7779cd54e9fc7d6e38519ff23fef92cc5421e8ec8ebe0e15c0b4,a7e602a290b9f351f0ca723cd2e31f8e7c7f28136a2e3ef7cf28bb03ad9bb641,4780a58dd3deadd830193aa4ade3bccb6414742fbc1a7c0b9bf1cc339197b156,57cd32fcff798a9036c4cfc63fcf3e13ce6fce8b5a178d55e1e57882e415f8a1,f3c4746af5c8575c538be9eb8df7b5103cb09e8d1d0331216542431f93119247
SNPS/2012/page_62.pdf-1,SNPS/2012,1,True,True,STRICT_FEATURE_ROW,True,KNOWN,unknown,PARSED,PARSED,PARSED,0061b7949cb97b3816f5210f6f2bdaace39a53ef64435f8a03d56da0d84a1176,3776b478bebf682da3d453634a20eb516f0baed32b2559fd5c8057e41d097869,0a02513918fe0f7c8844c681fdefc0f0ca9abac50597e31957ed78e6471794e7,c05d7946ca0a96bd187e76155a818a2c1de9a9020e0d681e6be5aed9a4392af6,3d1f1081035daa59bd780f2eced5d3a0f5b692d21f2b1208d1d89217dc5e56ed,abd3640f55ade0558d187777e38bc3bee8219806e2ad4bb06e5b72c9aacee0f2
HWM/2017/page_75.pdf-2,HWM/2017,2,True,True,STRICT_FEATURE_ROW,True,KNOWN,unknown,PARSED,PARSED,PARSED,e9ad0a3c748cab8b719cd954664145e63d359ead2ccbd23fe7b2901af1484ea6,19252de42d33bb084d48607895b619583750cc7831a6dda113f337d94faacbec,dee38c2cb36fc887036401b4ded2bce50e479a9ff7976c1c2958006ac593f193,899da22e38e3299353a5bf9e1ba7b5583bd835f13599aebccac1138fb9f7ac20,8cf70039af3f5f1b94cd7f8d1b390876ed0242a8b59eea9a09587a7a024260e6,dcc621e9962543cf19ab51281d75b8c57c2166663d0b7de6be4bb45d598c13db
ETFC/2015/page_27.pdf-2,ETFC/2015,3,True,True,STRICT_FEATURE_ROW,True,KNOWN,unknown,PARSED,PARSED,PARSED,73e4eb363fd2b5e3d216ef2b44f25be960c58d7e6037e501d4c749b4c7b9a0ff,eb346a0761d3b1eabe77b80ad785e9e80fde1dd835c597a1f2f3ee8b2073ea91,6b29955a16380dbcf1b32a34369851ab937375aa94cc5aac6a890608392ca9ec,c7b306efa11e94b14690a5ec90e1c587d1789da9dc877583ab61af75d59e515c,5dc5d92aca6ee6ec0aad2e329084f4359185769993cb6ddb0ab5c5085c27f4ad,7992b97864cdf6c824a497af35eba7011979f0e0f69bf56f35ff5730edfa88e2
HUM/2018/page_129.pdf-4,HUM/2018,0,True,True,STRICT_FEATURE_ROW,True,KNOWN,unknown,PARSED,PARSED,PARSED,8bccd952f4d8d94479ad15efb6265cb0631867ca313a9b0942f2546a38e2fb93,c4c97bb26ae16a98fc7814344021eb6da1794598b2b3f555272fd428163ef2eb,cb67dc65be0851adea9c65924d059b0c086a7c60214ff8fdfaf63232ec743776,22114dd6afda1072bff14336b9c146d5b0c4e1f6afcaaf5c13be92b274f6c236,591bf44f028a157332913424779b428bf064a51d960b19c768453f234a3e11f5,e1a893de28645b8beafec5434c21c178fab3f0e1c3f3f7cfbf1ea478ad3a65d0
PNC/2014/page_205.pdf-2,PNC/2014,0,True,True,STRICT_FEATURE_ROW,True,KNOWN,unknown,PARSED,PARSED,PARSED,e15de6bc7a0257fd323d41ba1cf42c72c5d152e0f9c1696c3537cfe60bcfc9db,a3096e64d72a2077630c90567250545de5867a4bdda095cee4088968ac835e08,7c320a8fc62eb26fda97696a3915b87b4fe3accbaba8ba8f347b856a5a3b7f9a,e0e62cc052b77990d0290800d5a655f3945546dbbaf1babb55e227c25651c61f,9bfc0d9ad7236b0c400f97796317098a3caecf8dcf365e4bb3961ecb3ac2676a,be2bf641d378181b93af103718fec7aa6b403a2a274dd38274dc41c8beef478a
CB/2010/page_113.pdf-4,CB/2010,3,True,True,STRICT_FEATURE_ROW,True,KNOWN,unknown,PARSED,PARSED,PARSED,897496920c0f24db437878ab68dce27605ee357672a17f8a49d276e9d3993c27,29361e62d3e83fc6ab167cbccc5b3f534c3fff7cd55f9dd66ec09ddb914c5b60,30193bf9ce317e5361ae01ddb0d9b74ae842497427bd59b695b5715ee30399dd,a3c4605856f71c6ad226674650ecc7639ca6210f494ca7cb464b6c1da6311dfe,4b0db31e5fa80a662e714ddce272c78f8ba02b7ee093b86fa74a76ce09a4e7b8,cdf1f66edf32d7c3833ebbee89c16d5894dca31e37e3849f1d3b0436f0f27c6d
ETR/2017/page_401.pdf-2,ETR/2017,4,True,True,STRICT_FEATURE_ROW,True,KNOWN,unknown,PARSED,PARSED,PARSED,414b8c5941f01571d601e9c08465e50c1fb4e78e30a76ce6a7f64e0705a6279b,62ef25ae7f4c3e5c38b35fae12a2ef44827f8d3823cf57b7a9bc1eb70d4763d8,cf0ebc6467017065b7f3564bdbc53784566f8fec81974c88852fe24cd73bc0c5,97f5617979213f63a052a666950ee3b6e16775a0a7ff82dcb0c1767ef958aede,621c289465b8319d1c590a5c5bb0b3ef074bd18c69320d5dc5b0846559e0907e,465dfe59e8ac782fa9090c07aa2cbc7144550ccd911f52f12d272c030406e476
ETR/2008/page_401.pdf-2,ETR/2008,0,True,True,STRICT_FEATURE_ROW,True,KNOWN,unknown,PARSED,PARSED,PARSED,3d2613c74fdbca0dbbb49f6c6f7490bd3357ab0718b9782d29a1a0ae34a96cd9,5345fddd3c6dfa73580f030a0a6545b4172bf107907ab17886e02b7af3d7c89a,7f31bbd04101862e039cd3674bc57bb6bb8c911f2f440813aaeed82497304f5f,6a823857c6e088caeba7cf0a47a98f5be0f72f7a824a8030c5239a6c57e5f537,da3a6f542fd8fec0e86a27819c07a99de5e7844a9d3931d7cce4e706f05f79cb,b5f8b9c2d1cccd500bcf31c4f5563ac05da82303530888afab82d7681ce30158
EMR/2017/page_53.pdf-1,EMR/2017,2,True,True,STRICT_FEATURE_ROW,True,KNOWN,unknown,PARSED,PARSED,PARSED,fece72d9397eb71d57a1c4167080610f085ebee28843c78115b98e821e53096f,c8b472b31a76f9d84964d4d482607286e5daf94d891fac55f7eb086f332d0ff2,b2563b93a8d25cd87adfe4744387edcc7bac616ca2551f172acdd22bc76e45b8,f9210b9885fad6b9bb6f3aedc205d887a782a5955b0e10939917e3a19d88c6fe,fc9889383cb7f9d90713fbb9c0ef33696fbd1f4944902480b7b1809d73cf68bc,35193d4cbb2b6597a116ccf8d023b84b185bba0fa35f8ccb641f5214aad99e65
C/2016/page_120.pdf-3,C/2016,4,True,True,STRICT_FEATURE_ROW,True,KNOWN,unknown,PARSED,PARSED,PARSED,621b08db74fef47eafc5998d784f4c1515b751f6860f910f2dfce7ac58ea1788,c8614ccd9545250e06bb702bbaf971ff79bb7b93cffe67cf7fd6654ad1d5d27d,34664d96e61e00ec40d3e077322d8ef1840a3ce6ea9cd1b51bda72b3a91cc530,8db5e3186b3b6fa9421264eda6c0e9685b03fa830e4e26f9765161398880fbb5,6d5bff7e6047bf165310dc2f601f1eb8d3e9259b95b98ec84f1a60269377a478,9ad7c6e0a46b4da01cce07d7dff564c2d3a20ede00cf2ef57b67179bd72d52a6
LMT/2017/page_26.pdf-3,LMT/2017,0,True,True,STRICT_FEATURE_ROW,True,KNOWN,unknown,PARSED,PARSED,PARSED,1019442be4c974924b04d14602394173e36d5ab06dad9224bff95c3d5efab337,47795f2540a63f5a03d70cfe8a8cee97685c20f3a1f6622570057861d1b1fd81,77a300b3d459f6e6d8c82316f9a0efea8e5b3ecf81294470a60c353f452c560d,0e335beaa0b2f8a516cc160334cac7253354f60d07d0283d812683360b7e60f3,576b1b2c9892bea48e297466b7637e96f70e166e3e464d01e7c16c3039ad4267,d391d74a5cca20b507beb9b25656ccfd072c8bfe861abf3a81476cde7e943a7c
MKTX/2014/page_39.pdf-2,MKTX/2014,0,True,True,STRICT_FEATURE_ROW,True,KNOWN,unknown,PARSED,PARSED,PARSED,0471adc22dff5bd02d10ed65a0cbfb4dbe94d4949e591be9e7cb771c2a777af6,36336fc2d3a86d324b256192bb53e92cf94c1af24a37f482202382fc28419130,3377decad346ed3663f4c7cfb7bc370b97bd2386671b3d69e19a3d37e71c9ad0,723026459f13a8b244f66502bc0ed058aed483fbe48e204681c367cab92511d4,e970d33db1bb22d38bfed43e616a530a679b4a53b30165bc5693a181a47d7b0f,bb76106733357b19f6044ef6321e00eaf44b03795b464c9aad8e41158d15a5e8
GPN/2008/page_39.pdf-3,GPN/2008,2,True,True,STRICT_FEATURE_ROW,True,KNOWN,unknown,PARSED,PARSED,PARSED,0e0989cd033d7a50c69ea006a4d017c72cde68be8553edf4b3b28bfe942a3fd1,e3efaa197f17cd2d5f23a78de4dd77fec56c2932c07d1833ce470e3648ee39b0,e7536cc2f2ee4d947e5fa52313342bbde45960334dc027870bf0b91f9a219e3a,bfff4f7274483bf4daf84625b376bbe5eaba42d76f2425c18d7e5428e7fb866b,221d88757467d895a2bb8e2bfb1451c7d193e9835f3c20698a18f81c3153a6f0,edfda8fe4e3a6033329476a82ccacb92f61800140636ff2970c1d339a32f5cb5
ETR/2017/page_352.pdf-2,ETR/2017,4,True,True,STRICT_FEATURE_ROW,True,KNOWN,unknown,PARSED,PARSED,PARSED,8f0269d8d47c725c69e8401442d3261cb0079df175c1e75a74fef22f39ab8995,104d72c8db455939749d3d9d7477180ba1fac0fc598099afa5c885acaf6f82bb,746980257b5f36da0f753b2c8914051351930f4782bc12b112ba53417a70bd96,b832077caa74a4d202c73243dae88d4887af1a40cc71798dea01876fca832e93,97de89c8dd11a1a6690ad54e7ea4c03a40159521a031e66852d90521de250735,8539f4bfe32af092dada75f481a5c693576b8c3000157f69c3c7225f090b1c59
AAL/2015/page_15.pdf-2,AAL/2015,3,True,True,STRICT_FEATURE_ROW,True,KNOWN,unknown,PARSED,PARSED,PARSED,ca2420e36d33554b4839ec86a9b212faaeca9f6fa902aea0eca0cb5c1f900120,298f4ce7f3991bee57b54b9106a1d2ecbee045bd20a474efee180b133d597f2b,991bcf2bb56f69e83413a4bd32b5ed9184e4aa6f4e76627dace9bb8b970348f3,68bb6fe11be631944fe65d4712abdbcd208fb4b0ff53acf2a1322f2868ed4eeb,a4a407f6dbc321d46de46929119554b97ac5462148f32eba0c355f77af5fb12b,c668ff1624a69949209b3b8daa9037dc38d054ad5bffcaa413a3337f905c05bf
MA/2008/page_113.pdf-3,MA/2008,4,True,True,STRICT_FEATURE_ROW,True,KNOWN,unknown,PARSED,PARSED,PARSED,86aa9122452e2eedf8f5c15f06a090edf1627e26cae759b4153672db7c8e9701,d4428a5c29395daf0aab53bccfb0da98193b26b5d4e542d7e1e38dd95ff0f267,ee2ec29b65b04453932a7b6430ecdf4d32fcacb8b2cf3e4e83f6be6c2d1abe3c,3b551d658e4426b507ebe9808ffc7392f43a5646de4ef0ad6906506b377e9543,9b7570bd99a94819c767f749807b9ef908b6dcf8f02ae5862ac454fef4b46377,914f21d5db37fd08f133b78f65e1ec789da871a7ac8ab73cdd29bf58ab30be2e
SNA/2013/page_56.pdf-2,SNA/2013,2,True,True,STRICT_FEATURE_ROW,True,KNOWN,unknown,PARSED,PARSED,PARSED,989cf2a794fade52c87fa14dd0aae66ed71604230c049802fa6627741294265c,dc7093a0e6933c0ea5ee15538062c622f199b7eb9dc76ee38e20f0a5fd963639,823fc9980fe47545198bde35e5603d7bf190c2f42012f6d97e5c35bbb307e44c,49d4ae98d3199be1475feffa6172c043bf97ab2d8bc770c58299e2ebe213d598,aeeb3fda59d26ef452c12621a4c96dff714877badff683911764a9502b084f76,2de1109fb3d32a24d05d1db8b0b20780368d3a58c7cf48a16608aec3be45d0e8
HIG/2004/page_192.pdf-2,HIG/2004,0,True,True,STRICT_FEATURE_ROW,True,KNOWN,unknown,PARSED,PARSED,PARSED,a135e696d58be8a4168bc1cfbcddd54b3d7939fbc72e1cc310b2c2a19d7c154a,edd3c1a1209382993fb327ebc6c907a61df13120fcc51bc57a98551b67ed870c,1a403e33a8197855e1accb27f4c8ad3bc12ceedd9d6042774876e10a950cd8f9,cce25e17d3192cd58c76c8809b5141e9be3b866fb891e3deb7418f9ed3e92cc6,b87ca8c97d4cd7f50878fd62ff3ef23d1ed1a5753a96986d5a40b6028739c6d0,8864daa3125f9fa83b2b73eb00cbb37b391a9fd98d99251c11b220dc1806fe2d
EW/2014/page_90.pdf-1,EW/2014,3,True,True,STRICT_FEATURE_ROW,True,KNOWN,unknown,PARSED,PARSED,PARSED,e90161d848e4fe80e436f729f2070d09a8a251ca7b2337d74380d745a472ece0,0d08e4e847a7483664896350e5fed8b28626430babef4d26f55a37047a739e34,845a517c6b0c64736e2ab2a603ed7c2d965c479d2ed013fe71eca2e8c815aefc,0c438fa69e52f9a0e9db21deb648647ec764fd380a613d0410616b4ef9bc3904,956780ae08f73d153e4ec0a3ba54b8ebfef15d8b75c921b602f4ae0e32f81157,ea4cb4d721d93331bb587794d06f7631e9ae8a7f50304844f44bdddc30781e59
HIG/2012/page_132.pdf-1,HIG/2012,3,True,True,STRICT_FEATURE_ROW,True,KNOWN,unknown,PARSED,PARSED,PARSED,b026c70e2c3e0b901b5b1329717544a20e05dea0078635f59b0873edd88bb551,6ab0e84ed286220a269e7a54702af0eb7c57d8d90b2117e2c1385e49dce28def,53129ec644b5fe8b2c7c1783d2297a28a3e6fec9d9b6df80f160efb5588089f0,34040f1cc5322a1582e666e05e8338c124fb94e40061282b9dcc6084470aedd1,699773fea5d76ebb0628d84c809dc1e4e95a0c16c235d22b7152ef43aa93b15a,a98b33ac9f3093a2007986ae55cebbafd8110fdbe8b0c6fafca6662f5bba8424
AWK/2018/page_172.pdf-4,AWK/2018,1,True,True,STRICT_FEATURE_ROW,True,KNOWN,unknown,PARSED,PARSED,PARSED,631d95504bb91de6f1c5c8f89c1b7d74536b1a3cdd74cc1ebeff2df10e0aa48c,3aabcbd901cbbc807e53da9d1493ea57f8371b5a93dd4c78649946839fbb8e72,21017b711b5bca57102cc11237305058c0857e7d4709aa42d3ca2463906032a2,a6092c527494b3512eb62083c35d7081b5eee07e3a34fb65f0af1911fbe4bc82,82e1f9562589aba6af9325146c06baee8e2e173cf83d4fb57256a08c9d18f104,ae2e773609e9e9300659703a55ec92aa91aebba762a8585cb95d7059a67cf8b9
ETR/2008/page_267.pdf-1,ETR/2008,0,True,True,STRICT_FEATURE_ROW,True,KNOWN,unknown,PARSED,PARSED,PARSED,f2cd502e7260e48d0f573c8a49cd64af4b067aada3ef5cb72932abfb17181a08,6a31a363a2723d8e8df05ca88902572095d9bfbd31bb5390b3bf0e9d95ce7bcc,2bbd4ec685a17db7493f72ac0619ab0e647b30962fc26fb17932eea2e1d21e56,c68e1e0ffad2ad71f7cb6a2ec4cbe171d1ebb1a1c5733f4e9ab2581aa459e0a0,ce030d93c54e390ebb12ac73ad0e9f0d3b8c14ddbf1ed7303e0c92e2c4d1ce87,3f96094666ac87fca64db146483a447a12d1f1c85652b24de281ebbeccb82fa1
HOLX/2011/page_122.pdf-1,HOLX/2011,2,True,True,STRICT_FEATURE_ROW,True,KNOWN,unknown,PARSED,PARSED,PARSED,6310b58dbe67f10f8b01c059272fa8b902634ac9b6cb4dc5087f1ecbe7134dee,87f2361412abd7899f2f5868d9db6a00ec7d1d16dc85575287d5f64c65835278,726638c95d75d3c1b9b077d004d2f7b3881c63ec9285f50960eb3ca50efe6295,fd4444ca1de5215e0253176efea85680e278d979a43af328f115f86f43bcfa42,de71abbdb896354efd66cdeae3942420b8aecdd7a36a19ab6caf1020a4084e47,4b2fa54acfe07861d678742dd35635c6c2501845123128069fc7d63eb679495b
CME/2010/page_71.pdf-1,CME/2010,4,True,True,STRICT_FEATURE_ROW,True,KNOWN,unknown,PARSED,PARSED,PARSED,e685e2db5f8f452d15e4c0d2f5c0056cc38c857f6ddf2aa28575fd7695fc980a,3a5fdfb7abbc3fb380cb40feab053092997756a30d30227593619b9f71c3cd4d,64fe944de8084511cf73be50db40ed4737c69e4a4c80d152cfaf5794922ccd8f,3875761190f7c4cdf268aed7df487156b8493506ae1ac0ddf4fd7b19d97fe0a9,9b6f673bb18979c667149b692b45c643f354058defdfcce624cd676d576adc71,b6f22eeef380aacf190b7e347a6637f269692731a52cb73a38c6041a8365b7c7
PPG/2018/page_32.pdf-2,PPG/2018,0,True,True,STRICT_FEATURE_ROW,True,KNOWN,unknown,PARSED,PARSED,PARSED,c7f4fe3768e712cad0dcbc8b925f3a9579e29ca7986b91ea17143672289e12e2,826021365f8508f72b5b8a237074d368339eb9474c22ecbe64049832912eea7a,c50693a4694c5eb3b8d5030d1f2169f333cb058da5b77414a130bbcc4325193f,2f489afe2f4465bca9a2f0b5c1cdd4888ff0283f0779d41f8f933ad23fb196ad,13aa7b229df88bc7a4fca6ed2db39ef2f80355b68df67555bdac24b0ca1465df,807f63130d26b0ce055b5aedf90d7eb716a3956922f5fd0009aecc27fbade317
VTR/2006/page_88.pdf-3,VTR/2006,0,True,True,STRICT_FEATURE_ROW,True,KNOWN,unknown,PARSED,PARSED,PARSED,ff95d4a9600cff28014a46995987cf8e6f78e091d5a512e5bb9470b2b33dcce6,f4eb7f75e386584c128b6a6ca8a4f3d44e072f9ef6b575883b2fcc215cca2fdb,12128ece9abdcc29ba2ade73f00aa50fd9a11c35e3031e406e0f591b1ac07652,b65a0898847c044e576b2ba3baf837d3279ebf089dc776f0e1c917c385609a3b,cf21660d37eddf12196d25b7a6f7b2cb78eaa725f3ea2c5c8b47f4ef343c4d49,9fd5b4a9c6ab995798a4c532247a23529ff4c5f62c491f0dc5df8acb152b52fe
AWK/2013/page_123.pdf-4,AWK/2013,4,True,True,STRICT_FEATURE_ROW,True,KNOWN,unknown,PARSED,PARSED,PARSED,54f595b88ce3a3259ba6b4d1fdcdf932e4dc13804e5b10ec398fcba0ffdecccc,6cbe0ae8808b4c44bec0ef2f2cf9fda39a1b3742afc91bba29614bb5b10bd8e4,3acfa4653bccc487e14aa83cefaf10f009e20ce72dc9e0d5f4396f21716a87c7,62d96f1875bf1702610a8de9b2a97106b3401fe19b051184cea9215d7f19c007,b8e25e3f9072d69940de27cb1a3fe0c85f36038acad51cde33e5789772a10f41,644b44ba34d6319c445101d4f10abb6b1ca1ca48fdbdfc5a6a444ff719005911
RL/2013/page_13.pdf-1,RL/2013,3,True,True,STRICT_FEATURE_ROW,True,KNOWN,unknown,PARSED,PARSED,PARSED,67896aa16b8399c086fa5ee4fca436622d9e1d4a10ee76e2eb60a9de1a009997,3b8431db68cf7d20714777c5e122a8250e76625238d9f69b0aad7e43a4ea8ee3,d319c18954305e0ffb60441849da1fd90982507f142bac3f0bb5ceafce0d8da0,5e15959c42994b80c8279f04e371a45a52ad074c137258b2b3e320cb34c66f26,0f0e9399721b2ea7629641c4d9522ba7a2a3647295f420c4f8b58af12a2b2b98,b265d187c5a10e8b54b3a85ae60333ff7c92b698ddcb17b451e72f856b3c3b1f
HWM/2018/page_67.pdf-1,HWM/2018,1,True,True,STRICT_FEATURE_ROW,True,KNOWN,unknown,PARSED,PARSED,PARSED,5c10d12e556716906ed65796050a56e76a93ed1c25b160680ffa9b1b1b4884d5,7db26396bccc4be61f0754c567dbd54d47fa151e2780b0f73c6c0100157e28d9,8a2f46e9d099ac74c44303c2d9ea909919505365cf0d422ccdf68a0b3ade4361,34237786be9912a008e4fb1133886b6e21112ec3ce03062b842437770291a4a0,499c0104f5fca78a41b8e30b685a2fcade91210319c8c3b7aa9d7333ec8478e5,d0d1dac3ad1d7c49c7e486d5d4bc29e44be4589abd08bf2dc7f43fda14a80c15
GIS/2015/page_38.pdf-1,GIS/2015,3,True,True,STRICT_FEATURE_ROW,True,KNOWN,unknown,PARSED,PARSED,PARSED,e8d80766b07750d82fe9653531ebacd45c13b359cd4d0a5fd01fe9cb66ffd6e3,26f165ef45fc9e065ee78e35ce1091410a34b9044b8a062f18b9c4512bdf5220,9bd36b6ee94d50f2f6e1d57b551f8d9e830c384add8a90a8a12bb75865c7286f,4c60c2daa5d508aecf6500c0b955a7e2318df2e94ab37917e68236588f157a18,a01b427f279b1614094afa2f8c97b565ecdd7d4a61426373bee266c6b8ae1c38,58eed4f5aa592fb1e87599219b3cf4f5bd16b13b52ebca96ac04f64a56e90976
JPM/2014/page_127.pdf-5,JPM/2014,2,True,True,STRICT_FEATURE_ROW,True,KNOWN,unknown,PARSED,PARSED,PARSED,1996629e5aa43c96eeeff5157197a1d53f128435b56ca4c4db6835fd2f567c1b,f66654c69dd1d08f40518a5de87f947ae39a904821818b9f970abc24c775f0a5,8c0f7bacb7bb2463f58ed946d8fa36e074b45a29365ed0af3f0bfab57d8db05e,ac0701ae7087909158f12054c85451674898f137f928dc5e01a5303248c893d0,8947d9dc7a0e7acfa12eb981731a4bb2ed5408da057bf6ff0583c1602780101f,0ddd327292973b5cff0bd1ac38afce5e5a912b23a97e2630e02da48083c6a8cd
REGN/2010/page_72.pdf-2,REGN/2010,1,True,True,STRICT_FEATURE_ROW,True,KNOWN,unknown,PARSED,PARSED,PARSED,80e598bbbd9f812629ecb890145fbae97a0aef752fe305be178110172125b690,5d06fbd772b0641c076236181961acc5976e89213a4daf81e26a1e3a831e5a3d,8ed445be133f68eec5e504f24abef78d5b0722268ce1df62b87c5ed68f3b2a18,07d5fdb936346cd0feb8be62ce9c07e1ed040595c779890382d5240c7c69c026,31118c1662fe724e60b20f4806ce7e8ee94c27484cf7b41ebac2f55dd5b1b701,0fd36e7cf7232ae35603d1bf5e0e3246505887a464b64885bad72ea2b6f6413e
UPS/2010/page_33.pdf-3,UPS/2010,3,True,True,STRICT_FEATURE_ROW,True,KNOWN,unknown,PARSED,PARSED,PARSED,258a4bc3d72ed5b71247fc5ac97729a0f1d34369615c2e704de292db6844449c,bb4c64b945d2fd1fcad4fd7553fc8bdb99f5b0a28a7b6209533b262ad6b82281,2ce95250204079ca3f093d20a4a96900b1927f4b375d508aa7743d489e96efec,4d673bc336bb4f97dde64dc756f21250c7ab7e5eb24b896f338a040d9586ed9f,8e68659e64298a9168b7c91d9083edb0ccba3fc938d39aa2fc7b116a841f34c3,0ff21e51b9bb96912a554d61d96f40bfcd9ae054cd940bbd605c51506d024bb4
KMI/2010/page_2.pdf-1,KMI/2010,4,True,True,STRICT_FEATURE_ROW,True,KNOWN,unknown,PARSED,PARSED,PARSED,5d35a9c562009e4471b2c67f29e2d30f4e52d46b77d347788fe9c3b5c26b4699,521dd4ebcce391a000343e60e4f719213fc6d5a9cb29cbd404c93d3c6c76ebb2,3e993ddf8b150200624767053bf5f6a8132c14d99ac51ae09b89d1557d719af4,5946b9a50bebc6edd644e08a87f6bd9a2dfb397a8b28770fe6f4aaf4273c35ca,42dae0d74424fdafd4f9cd1450ead1a4bb1e0ac9fb070d5875cd82704bfb8383,346d697978411a1c429a735e97dce697c4e1444cb0e3b191ef93c6ea1e20db85
HIG/2013/page_124.pdf-1,HIG/2013,4,True,True,STRICT_FEATURE_ROW,True,KNOWN,unknown,PARSED,PARSED,PARSED,271d2f92d4a42a6c1125213da000209407e613c4000839db9bd3ce983e8fe5d2,79bb661b919b68cde00c31d1e302958cf1f21e59f2f67d492723ae95ab7bc381,f573ba3de0736421741809b214be4d9fd9484dd676e5edc3d74142f8b3af19ba,f9a21a326e76b83e7acfc0216ff0ed92568d81430ccbb3884e35fdb9fe5b4d5a,04f5e9b7bd110faef5f12eed5b5fe2793dc908c2ab371ca6f0d7e8e8d5a1be15,d9ea51ee1876532c705bc9dad4913e33dbfb87bc076e06d85c34c43483241d6b
HWM/2018/page_41.pdf-1,HWM/2018,1,True,True,STRICT_FEATURE_ROW,True,KNOWN,unknown,PARSED,PARSED,PARSED,7ee087eeccfd3dee5f559f2d70254fd83c67d4ccc3d0608af99b13a7a963fc99,3a82b5387ee23c8396a1f0d5f743bbaf1b20d72a08bb53e66487ba9315fc2a8e,9d237a885f26887e8afee7927826d5fd0abfa79ce372513ff6677cfac90ccc50,e672b9508532df0cc9f33bd42cb4e1a3ba9a665f5ce5a669f83fa0b5622d90f8,0cf78c92d1c2db4b6faa40adfa16c3e58ef5aa6dac7a13cb7eea04c73c856ce6,3b08003b0a1dea8b99071cec5defc66196f9b101aaeaea98298e964d222de335
BLL/2007/page_78.pdf-2,BLL/2007,2,True,True,STRICT_FEATURE_ROW,True,KNOWN,unknown,PARSED,PARSED,PARSED,ec3e35659b2097a914859b9a3aaa9b07e2e59d79b7afeaeb32def2a4db558ea3,cf01865404d5cac815d7d64fb3dafa16e38b8a540d0bc9d057659f4bbcfe44f4,6422ece6585eca9bd84d3c7300fb1681e609e1c2585440b5ab99119903b6d0d6,9b769d04487a003a47cb5f77f915b5ed49ab4a3ffde919f730d587de14a311e9,df62cd83d9689a1c1055b4a38a398b6af0be84e001a943c95b58293d514bcf29,f482b72279bd08c992a0b197d45eb718722e0449ff0b27c3b9a12eb5cd5eecae
MAS/2012/page_86.pdf-4,MAS/2012,1,True,True,STRICT_FEATURE_ROW,True,KNOWN,unknown,PARSED,PARSED,PARSED,9f1646e9907e08cbebc96f998069d47c533fbfc414b1421e903fa8396803f64c,b22cbeb8fda3691680e4435bf86c209d91891c9595e4075cb6e03f11c92da103,3f72b19e878f23f1f077e8a215a9cb8ed215b82557afd74770bd97d93718ed0d,a087f0c901f9bec640a3497108431e12d8f63483a5f8ba7d591f75abb5913ad3,85da064ae5751e01606e539570eac6904c55aa56de7491772d146e46447aa17c,a529ea03b8aea5da00acb9dbd871d3eecea949aafcb2989d62f68e496dc1f632
IPG/2018/page_26.pdf-3,IPG/2018,2,True,True,STRICT_FEATURE_ROW,True,KNOWN,unknown,PARSED,PARSED,PARSED,3b5fa60654159b4ba8ba2ae5caee541500ee58701b52cdc1ecc17dc447701c8c,1064d513f05abe66a44a02216f3f72b1c3ad5c6a5e16cc39a520fd369ac783a5,9eadf907dfb32bfa49d25507e71ae8948cdc47074eda3d501c376d77fdab6d9d,099ea1f1e9450d3a55180926b4ed50cb76f01a965ec20601c53150383117bb47,3bc89c4f73762a60632f6dcb880a2aacde696582da1f7a1329594db151daac01,faf872eb2f0401064f9f92c1cfb86ecd480030bcb607a5ff2e64e741b260dfdf
AAP/2013/page_32.pdf-1,AAP/2013,2,True,True,STRICT_FEATURE_ROW,True,KNOWN,unknown,PARSED,PARSED,PARSED,d717119ed685fe877cd168362fea948d788e93e6d3a3c362acc7c9689a04a296,95b6ac161786d1367fc7c0095905b08510fed14785fb35834620063eaa6b591f,60262ea314bddc0c19ed09384916da6bd55c8489c1536ac4ecdc6114b081fdcb,35e8ebf97585ff107e83271deecbe9a92ad0b6696d8d89b9a9809c1ab93348c3,dc3fd1806b040702f1ec4f86c9d70a320a8e7d6257aba286b99a71a0de985dd1,4d621a32688fcdb04e184b4f8a37c2c364028391ac7b1bef5011f92a438e3bbc
IPG/2017/page_26.pdf-3,IPG/2017,1,True,True,STRICT_FEATURE_ROW,True,KNOWN,unknown,PARSED,PARSED,PARSED,2aafcbb9a2dea181876d2437f5c0f8a01e4c0051e2f8a5f875d9679fe4ff1762,ea7473386586a4ecc8e2f2e72d100d87c654943a4198235c0c15c03b7124e85f,0faa743c31d11cbdfb4f01ccac94e03765d2eb68b1914b45430848baa978ddd3,23a46f1355ead8b4fe53d2423276bb9bb297cf157d3f207cd6af9e17e342d788,f41f0f34c31668ff510a7cd82b1d9e9e0496e8633b98a43f263bbf66d743062e,5bc1218e63b74822939356432734242fe0b31dfa61d7d19f671d435a382963d9
DRE/2009/page_60.pdf-2,DRE/2009,0,True,True,STRICT_FEATURE_ROW,True,KNOWN,unknown,PARSED,PARSED,PARSED,acebbd089f4eb5da5cc416e2f879a648f9a4083db26506eeb2dc1682a8d32d87,0e45b23275a9a80563e5ec20e8b5c7070c65b81fefb2c8144cc6c1275086f202,9ebb75d8f4502b61f836eaa52b884641b253fe9bdf76750e5098e90f688132af,d63389ac3f67912752bbbc294d9cb8b66cc35b0666304b2b0fa03d9de5dcdcd4,e9e22bf5fef83b08d0e9164e8a68333d32a3e268e319dad66727e74fa78b5b35,c92cfee427da4af666e7683c68b12b19730103d32abb69f1cfdcfe9eecf4a460
LMT/2016/page_105.pdf-3,LMT/2016,1,True,True,STRICT_FEATURE_ROW,True,KNOWN,unknown,PARSED,PARSED,PARSED,5e8a6c4fb496ea3ec709fdaa107c2e3ad493bfc5d6225857f01bbc9976daa685,2044279538cb4082e2ad8694d88b78eefd9f9cd0d410d41af78b86b488afcb50,a85af3840e2e481d9c56d84fc3564d252ef7395ba58fb1f9eef0af92af81809e,35dd11e713851f83b6a8328cb9c03db6397253d2050342fb1348eb0de51379e6,6d905352e5cc53d3cc1f3057f5be893c93620a5658223abc3ac5c6d17ecc5299,33156805685a3f924482b170fa48b0961dc8cc64d486b4075e60b11be84835e4
HIG/2016/page_250.pdf-2,HIG/2016,3,True,False,NOT_IN_STRICT_FEATURE_ARCHIVE,False,UNKNOWN,unknown,STRUCTURED_SCHEMA_OR_NUMERIC_FAILURE,PARSED,answer_not_numeric,81161def041088c33f7978e28f2d56c7cdb9348fdd003fcb631032323059e8e1,31bbd589e48c85405ae5d8168a5627ad4aecd11bdb8d913ffcd5937a05420096,6617e80fe6706fa41a81a3f1def4ee8150b48bd30a3bf9428187fbff5ba35f1a,8aead7a0141719fe3c478b9f48de65a1df7bee7cd060ff30d7e26d4845295aa0,36534869a74ed5c76f091dcfef3790028e3b69bc3d6bb0610867ae77b9e9f712,54e2a028d99a74bdc96398ddcd7e42e1cf273ece1ecbb0e276f263ce40986b99
LMT/2013/page_47.pdf-2,LMT/2013,2,True,True,STRICT_FEATURE_ROW,True,KNOWN,unknown,PARSED,PARSED,PARSED,76dbdd95e12f0300a46b9f4e0b9c802b65e5cea2e176ea260801e9b5a18fadab,7279065d73617de883e5d3d621b51547b667bcacef05284c3cc2fa91480d81ce,75bcb288e8d2edc859e6637c0b2a2adbc02b2e88b8b89dc1d8d5370653696d59,00bf7f6a00b54ad5338f488df4dd3c6bfedce0ee49c24be72f28841ebbc3e2b6,c0cddf0b7760d55bf8ed3af856d48abf9ac3f4fcacc1e916083fb12af359244c,e7ae7a2abaedddbfb41a84ee9c46a435cb68933ac45eebcaff2b81c88e2b72d4
TFX/2017/page_48.pdf-2,TFX/2017,4,True,True,STRICT_FEATURE_ROW,True,KNOWN,unknown,PARSED,PARSED,PARSED,cf1defcf208361a66ce7669ad208353c092fcbaeb7d0bc87e8aa9cb2e90128f7,27cf3dc629ae2ef174da849faecf2b376278342625321cc65653bfd03646d87c,1c66f13870eb41572c6ab32386fec77404f95ae76662fc16c3db5900e88cee4f,54049d433b1f5f6f0e0d75cbff2e436a62532eec92b57365fe378a65a5962e1b,b447c3a1e3cdda25e58beb4939942edb67ad1d6452c94f570660dbc4e834ecb3,9836c7aa72a98729a9485e36e937d63a5299eab39e3cdde40d4dd1fc1a8b5a15
AAP/2012/page_61.pdf-2,AAP/2012,0,True,True,STRICT_FEATURE_ROW,True,KNOWN,unknown,PARSED,PARSED,PARSED,5581e2551d3e6864bc1d9ea034dec8a840d172209959f8d9e79fb125e5842bdd,af5985e95cc047a582a01dc98813694e3a8b6980d60353db6ab7c94b285f07a7,49dadcb69f48a5150eccd7ac3dfcc756f4a20206cdeff31244c715d18c73c342,0c94feee49fc78c3879699872aff4bd502dab271dcc86b7cf9542a05ff2dc2b7,e76741c460451ce42be07fc02e54a91849adbbeeb37575d4dd6c39f6f0b7a714,92ce08280ab6299b7479fdfde62294a596fc63701e24b1159ab880ca89fd3a65
ETR/2013/page_136.pdf-3,ETR/2013,1,True,True,STRICT_FEATURE_ROW,True,KNOWN,unknown,PARSED,PARSED,PARSED,07f6da0466d4e8d9ba3416199217183a37bb0f9ec2e3f6fa6d319498a2bf8a3e,84f5d3f8c685e7b24bbbda62b0bcf7dd74469b4576f19bdfb887022e0b781589,28275c8811a9f843512f51a5e90b5675542751b380d705eba56892fbf1eb72ad,7d3f634e8c3b3547cc39401e6bea1c19707330946ff50928e4b6619b1bc5a949,1d0b99fdc7d8fc9810db6584b578630ab0588001d7ecc07e4781e9c83a4c809c,7dd8b9db4c5202bea477b379c2b3eab96b090ea38595e7b03ae82d80a10b94f5
IP/2014/page_66.pdf-2,IP/2014,4,True,True,STRICT_FEATURE_ROW,True,KNOWN,unknown,PARSED,PARSED,PARSED,86d9e8edfb098fd02912a77adb2ddc7fbcd40c8e545e884f752fa863c049bcaf,3630c620fcc642df8aebdfbacd0a829913b05b728a501f0958e4b2b83ef8a5ed,12deab2ef70c975008029dc83c4db9d96b904120191862dbb625f16ba698db95,ccd29e68a1b9c3f04f28a285a92f412e61f6ade31d729176744978fcb4af688b,bda675a39a59b3bf1ac8691f1d4596b05055c6a225fb2a82717677c2930d5ba7,80aa7ae14c3fe53b4ae3b9fe8499786208d1dbf79dfaa566a6e3203318c40743
AMAT/2015/page_31.pdf-3,AMAT/2015,3,True,True,STRICT_FEATURE_ROW,True,KNOWN,unknown,PARSED,PARSED,PARSED,8f8261f99065200bfc213cbb6ec9246fb44e5b720a73a1f13d180f10d231d00c,d090b44c675b5b142f9d03b80891837ffa4c11d11c6f0fbd19ed70f577ca7b04,01365e68833f5a8625f1f4dcf206fe5f429e6a762f79b695fc0ffc3f71bb6ce2,16bfc9ed467c760cce581b1288a6b2d695927beaaeb56d46fab0b95832afa238,27e4d1bc16f450f8775da6952046ed79a88f72e22cdb59f33f59634967f6edaa,6cd1510a96d46bbef28384407aeff2e42b388db3d0455b1316bcbb56c386be4a
C/2009/page_255.pdf-4,C/2009,2,True,True,STRICT_FEATURE_ROW,True,KNOWN,unknown,PARSED,PARSED,PARSED,2d93e5e3b9fd62e34cc06811290da43bc93b94d6d773df32347964181adb672c,6e86db0c7a2b98a0fb8712bb1c99d2a1fde0a7e42785e73340d5b9543545d0f7,365e60373733416972215886d381d2cea892da7f99ec1f351b193d49cc11eafd,13a1d09ee8a5db89c2e0f190685c5f2f99e87a31d6512545cd3b1c6412aa8fa6,a99fca283842ffcd372f94c5c1864fa7bcb2ae08dad9d83bd62f43b5f94d3351,f8bf1bdef60e1b937d086784a1f0f156cc9ee4307a252b6b76e2b992dc7f95eb
UNP/2016/page_24.pdf-1,UNP/2016,3,True,True,STRICT_FEATURE_ROW,True,KNOWN,unknown,PARSED,PARSED,PARSED,ea2bfda18c282ccb843b8fb1db19d0f633d92c670845b665b591f0cb1dfc81c5,fd2f593607e5f310a76d54d56264da5f0e31f8b45931b828c22da92e577f8729,58ba5cde465678aa006fb9d85817c3c0a56993908579bd9a70e6969c3db86a16,3841bffd7df848d4b7174122347c8b38fe515f2da0f29df320e7ad7105d87f6b,f4fdb85f5e082a4dc3d343ba9a942240cac9404efc6e66f9defe245b6bfab870,8d9fa513e1477fe0803ac01223d16533b5f2a2792035496b4b5ad338c8df2569
AMT/2014/page_131.pdf-2,AMT/2014,4,True,True,STRICT_FEATURE_ROW,True,KNOWN,unknown,PARSED,PARSED,PARSED,b665fba56d5e9e5d69153585b46d36994e7a66e0e595b5c1dd06a77542d0e12c,177569b593e45aaef579b65475297cb991afbd3b7510d88996257ba059c01b03,966ae3fafe33ee21431ed3b7592e55844a1a91a3685ec63f3ae89e8a56f2d2a4,a4b9e5d2d9bde8119c5eb5e9a15804fa7d4e04d9d000e48edf7c760ff45f2ba6,d690df7727e98b80442653de57d2fe9b2de1f7ba2de5bc0a5f768d72beb7f9f1,1442ee3a283fea372d58f04fd6acc108866e4d3863f627fdbaddc60b9b3050da
IPG/2015/page_24.pdf-3,IPG/2015,4,True,True,STRICT_FEATURE_ROW,True,KNOWN,unknown,PARSED,PARSED,PARSED,8ac925163797aed74eebc123e60ae1eba5eb0b1b769c4462827f14fd0c4394c6,1c6d180a6c5d487d9cd37124704c6db2299986fcfea5bf9d539fe3056d037d3a,590185dccfe784882c257cf405839f24507c5ac3e38f3f9159841d91e070b557,4fbdb121663eef45be40017e90781d6513d516a75f6e9a5305dea4751423c5a9,64d552e43ee8c2644d05280a1e15fd4abc8e75096a8dbed3aab8a13cb65ea306,14ad2c1e80d66d44f11c140c1b66667823bdf1fb9822a17b856207dae887f87c
AAPL/2017/page_23.pdf-1,AAPL/2017,2,True,True,STRICT_FEATURE_ROW,True,KNOWN,unknown,PARSED,PARSED,PARSED,7fe52982dbacab11c5c9c6f78158e90df097dd50b84a6611d64bc6feef6241e0,55acce8e6325e0032679d35f28c8149ae8a58680243e6cb1b1419b049422c560,2008787eee604a88ada0bf0849bbd5e65437af72cf2c6c5ab63e08d8673e8d07,626b004288eb930341c3f2211a845a883863ebd105176d067bdacdd77a945098,4cc6992c3e2ffebb3af8cbdfbb992cd7333fa434916ed2f99c19e97ff1376d38,dd309dd53de45695096097d48bd84153a9ad5c77793106adccca90c82b724fdb
DISH/2011/page_130.pdf-1,DISH/2011,3,True,True,STRICT_FEATURE_ROW,True,KNOWN,unknown,PARSED,PARSED,PARSED,090e8cd2038ad3df12a58224abd5891258c7c1b3a53ae29770e38cdb7cd8459d,c73448ac3a863c33f7d3ad6061d90f16eee218030991c7c70784a61cfbd99e04,46d8ebb0af7750a98becb491591b434f7490fd9926aba4eac0b529da9f4aeb8f,8d0c40684a1ddd02cd19f77608d2d1ab5fea84a85bc727c288c0779ddbf662c8,5fde71106362dd7faa2af09915cc4f30811aaa7f4bb826639d3242468aa18f0b,9d371c7ccefa6349c98d18ed9350c2a4d9ab27298aed3831e42f5280de008ac4
MRO/2009/page_132.pdf-2,MRO/2009,4,True,True,STRICT_FEATURE_ROW,True,KNOWN,unknown,PARSED,PARSED,PARSED,4a5df7e11f035ab8a5e94b2304f6a7176a54b194fbfc7ef1b59d5629527c853c,4a8a2127840c882c67074dd64a0730f2c14b885b5b736d46fa20423705caf0a9,511e7a31a72aec17d8003cc9bd62c341d761f1c72a458d630ca33180271448e6,7e8fe4a0595cc71ff2409b552146ab1406d25847cbd50640d3ef317d0da87580,822d34388cbdb6ee6e990a98d5b31a1eada8dd87e0ad5d3b38996f0ca79bc7b5,01b8f88c99679c72e2db6b38988db96f2922f4c2d27acf76dddcb65357379129
ETR/2008/page_212.pdf-2,ETR/2008,0,True,True,STRICT_FEATURE_ROW,True,KNOWN,unknown,PARSED,PARSED,PARSED,afa4f25ba8774c0837b3b339918590d712bf43cdde0d8ca63b1d0bade89631b5,106cf5581f68288e3fae7ac4563f39a42f3e9fbe59f88d466e071173515fe745,4f6934c339600839ba20efbbb76e395beeea65a57d6269e0f4ffdda01cc39365,835f8c7b311b6c1610eacd05a176471ecf8fb583bd9190b8bf25b86d0013339d,001993c8389832389151ed6e822c6fa279d145e5f743912bf4910bba26e65daa,8ed0db8df8ccf98679cbbcc66b4f921f00319c16bbdff692e61ffa13260ed881
LMT/2002/page_33.pdf-3,LMT/2002,3,True,True,STRICT_FEATURE_ROW,True,KNOWN,unknown,PARSED,PARSED,PARSED,c3fdb8a8afbab0b8aa36a2e135d0c1c71136c3da34b46d9fb868097f569516ce,25b47352bd5592e45d302833c2a3480f71eb01bb11d800ab1bedffa296bb2526,ad424921389062b31ce2335cdf9598198ff97beeb9f4489dc344f4d633bf9784,b68583316e945d201e138c020fbf3cdfc2b183f8d21198f64b07faf1954b1909,deb0ace385c5b302390b0f04ddf3aac29d4ed29b44607a9561526502b1fc274e,a9efb5a3be2a4b006fd84a0b6a057261bee63238b82f780fd01a9f2a093a80e8
GPN/2017/page_72.pdf-1,GPN/2017,0,True,True,STRICT_FEATURE_ROW,True,KNOWN,unknown,PARSED,PARSED,PARSED,8f9e885aa7aff86c24e811bce3c0d8b6caa752a71651ab2fcbde26bcdbc76106,f365d380492734f14190d720073d9ba08cf1f11deadb3c3286fae24c4c34f3d6,bb8f317491a7fb147c48f41c423943fbd00fab495771666a6bfb0d444cf6a2c9,326116d5fe4a4a35e39e6685b496d4552e310c452bd128d22a6124a262b66d28,643a113a495fcf2047232a5fc91a8b356d8d7a665bd4a16cd0d156365437467c,fd73411dccb8979cce384abb5e20d4677e0b1ceb642680338fb98aeb76424aad
RL/2018/page_9.pdf-1,RL/2018,1,True,True,STRICT_FEATURE_ROW,True,KNOWN,unknown,PARSED,PARSED,PARSED,68e894b437fe5f6d0322f7802cfea2b7f18fca3356d00fabaf3996f1294e7eb5,0392de13e158b30ed6e7bea6377ba88cd92ca98896d8f84dbc118294e12b8b4d,5f5b22716c59df51b456e8efaf31810c1c882a19e4068474856fd62f7c5ba7eb,282f0409eb148e9df34197de0bb6bf4ec26329f792bf1e801b72e9cac5d1e952,c1d1ad95816e3dc6745f2f6156a388255e5d6f8e5393db6460db2aef13719593,9be3e922ae99e2bf320fe1f295f0c5f9453c1c7d66895089ef2d735f7d10f835
AWK/2017/page_172.pdf-3,AWK/2017,4,True,True,STRICT_FEATURE_ROW,True,KNOWN,unknown,PARSED,PARSED,PARSED,499051b756e02a641b268259a018889355a05530d5f563a6dc2fc8974a515a0c,9cf48d77b7ef0d01898b2891a4efb3d0623be2edbb4fc8e2f7e3cd0d2af82882,227c73dc65e3e8cf219f76249e4af89bf924160c9399d6bf85f137b383481b2a,7ee08393f6d60541ab0bbbb479ae97bae1dd425eecab4d021553e550ac9b936a,62afc6d972e1134b8cfab4271649cd0ff46693a77f86c4173549586a4290c1d0,604a511f5ad0bb59f69953086ea221131c7be266d1f424711e275533f4d1f3aa
ETR/2016/page_24.pdf-3,ETR/2016,1,True,True,STRICT_FEATURE_ROW,True,KNOWN,unknown,PARSED,PARSED,PARSED,4b47a2feb2b8971fba520bff0cb21fab79144409eb38ef0819c69097a6d18ce2,b902658ff45f526b20cb135e706629179d674790e2b819ae68b6ad2b1f0fee72,1dd82458827aa0ab961c51073fe5551eb1ae6a9f6cf13f66cd98e66ccf7031a2,6646d440fca45e7bfed7a08cb7fe96b9f8d26e89e89d971ffb23b5c50b9203c8,d745d951eafe404d528c8a9b57b76fce8baf2f660be1b8b92324742b268eeb2d,f259345190c08129b1a042461fb094b024b0b46d17fd87a53bd21c598775e8f5
AWK/2014/page_122.pdf-2,AWK/2014,4,True,True,STRICT_FEATURE_ROW,True,KNOWN,unknown,PARSED,PARSED,PARSED,f16a5b9283ee54e1d868af4ebd3d3b97d7357013eb6e447f4c11225473b3e792,16a93449612369a6519adafd11916435ac400d33e032700c642991a012fbb329,dbcf348be267140596bf0c36e115bae2bdb699c2298ccb931778135c92d8b266,03605160701f5d9fe4ea081f5ac1396c13b2785009747bf00f04dddafd4ad414,980901ae7c106dfde6dcbe7bcc42177582209c4d96f07efbb371d25673b217a5,72c1f22b4476cc2d282b298340164db7401ec5eff31ae6655fd405702b1e4311
AON/2011/page_91.pdf-1,AON/2011,3,True,True,STRICT_FEATURE_ROW,True,KNOWN,unknown,PARSED,PARSED,PARSED,ef1f09bc72672029eaa57879d23c23f784f110f55f5aea5f390df71771db2d97,94e645a63702846aca64a7f6274dc1a572863d136b4acb5fa24fd9b0dfac0201,b1328b27724732f9a02e7f5f0731f6b6c4e67cf0087c0566f3be82ee4fb52ebe,245d7e85fc0b37c5b8f1b933e1f2bf4fd94453e80ee6b1ccca4d14cf8eec7e82,427e8e7bd582f73dff9bac870e6d15cd31f101155442d1339e4b485f29b67a63,e0e16c8f4ca18a4c19d60d6115b99bbe4c6f2496b219db123e05c05841cca2fb
ETR/2016/page_144.pdf-2,ETR/2016,1,True,True,STRICT_FEATURE_ROW,True,KNOWN,unknown,PARSED,PARSED,PARSED,6c4af8876fcd5e2134ca7664254c70f2d102b3d078866ce359597f3f1b23dd01,2efa5e5de7bb5373cd492b59f8e35dd31a36eacb76a974821c396c4555586050,9bec6ef15bc811df6ddac2509fec25cf68f518d5739c7bc706a70a20581ec418,a290c88a0b7141828f06b22c4a36a52b5fca4e9690b157975740b06bf0bf4613,1710e1044ee048267a86c5c43ab92cb0e09191016fce5342466fbc70b20bffd5,5c896e0618efc6cf73466e0ea596c9578b029ca88e574f55d6c2162c035ea7cd
ADBE/2012/page_87.pdf-4,ADBE/2012,1,True,True,STRICT_FEATURE_ROW,True,KNOWN,unknown,PARSED,PARSED,PARSED,9146b8317c09a08d16a36822f1d8a37720dce9d6189fdc6579691df8e2c89664,9d79c6aa82ff59120090e7067ce65d9ef8a2a12456a117bacf0a0517c00cfc65,8f791b54b987d629bead10033a24b8cb97216fa5444bb628b3065cdebd0e898a,f540e9874ceb0dace22ce64467d53be80369080358e00f48df581b0be3d11e54,b8f227e2bae7c41ac0934c8edd16b3adae379995ff2da64c8bbbf1d7be2c280c,3cfdff1b0a347b706d97c5e66446f14970102ae78554bcc0c68a0926581021dc
APTV/2018/page_34.pdf-1,APTV/2018,1,True,True,STRICT_FEATURE_ROW,True,KNOWN,unknown,PARSED,PARSED,PARSED,a65ff0304397e79eab9580ce7d8ab3443efbe6494f2d29eeda058a7726fe32e4,c0d9c27465a6f42837015983c8c09b6cef2c772870a4a4187bc1ea8d35b7b30a,952c6c4fa4b6ce0d935455a2a1446909540f98cd310f9f0097a480c5f40702a1,d843e64df515e24e425ccf84b667117c0691d1c2f5f8c01763e0ab3b357e1644,effaf381723b8b6a2dccfa6f99cd352d58cba570ea57272f6a7b758d84c42bf3,011adaf69a8090b4ca66655e65581dd7071d265831fa2038dcc0001394ab8980
AAP/2012/page_61.pdf-1,AAP/2012,0,True,True,STRICT_FEATURE_ROW,True,KNOWN,unknown,PARSED,PARSED,PARSED,020656c2af6802ddac509785b1561627ac756c7078fb4e3d2ee1026164dc2201,b4026d77083e048a1584ece927c9777e9a3e961137ab81355b70ead2c2e1707a,296273f3e7914e3e828256a25a32b483f34ac9ef8411acdd2dd8022496331c48,240d04ed31907487833553c061e5b8be7152b13185450f16ddf6dc089677e097,64ab75db68039c912ddc09a6714f3041132bdd2d02ca27232fc41b303a27b4d4,5d243fcea6c948678f57c700ca6edd8de07d522879a5b1ca22d9454a1a3560c0
MRO/2009/page_107.pdf-2,MRO/2009,4,True,True,STRICT_FEATURE_ROW,True,KNOWN,unknown,PARSED,PARSED,PARSED,e89ea436d1a67753de6a33b8a8e4e2ca8217a8d2fd3529c92f5e96d00fbccb0d,a7c99ed64419feaa7049b2354f51a58951ea6a35656f0785f8de9f0bbf191841,ad986456b0dfccb3c4dd4e104ba3949b5e3e954ca16594e5906e16a4b17be756,238c9ba56ceef52deabe5b10428e73b83409a6838e27048903eba1aa1c175daa,fc22ea719e9ca99e1a37ec83fb84799c427bc179b1b4ad8fd6ba4468ba08517a,06fab3e20cd5d842f675a7dac2604eec7ba064fe85fec1e137305e9f98e1c599
ETR/2004/page_125.pdf-2,ETR/2004,1,True,True,STRICT_FEATURE_ROW,True,KNOWN,unknown,PARSED,PARSED,PARSED,67d9d98e21eabf5234dc4b572fe1d52b0094935c86824795b630ddeeef9750db,3187b64b5b6c699103f8078a3b21f4b6e0771150b94d27549228f54ff933d145,96f88fc0a06002c15195af65205d491ce6acc9597228fdc3712e9e5e0e196c9d,884521e5f01754a6c82758d6a50ceb1841ed01801d0a230cd8db6972da3b0239,20a725432a329563664c4aebf656f462c13963d38768619ccf39bd00776c0145,fd08f6e2b9e2581ba7f5c461de2d4612a8a14afbe5172a75c07e5cc8078a262d
STT/2008/page_73.pdf-2,STT/2008,0,True,True,STRICT_FEATURE_ROW,True,KNOWN,unknown,PARSED,PARSED,PARSED,f3f5076257dd99339c5a79c66f2cd28c1472d2dc1f6ab5cc8efaa590712c90ea,d171aef3399d3f7ae8d6a36896527256e6ba5a3e005384e6c9e2b2aa5f92def7,1fbc5adb8b136f6053e7db974158eb613d0368bbbabf687b492f6c3504da282b,cfe83c37f9e3a6cb46fbcf177a3cc3a32d74cb69f3a3478bbc687690155fe31e,bafb194fd74fe45c2a06dc7df532fa621f7eb8f9d36f2416200fd7e91abe7906,dd5a4506c639e4fc03a0bf6cc9420f43d785de12ffabc6d14bd65f903f29cf79
GS/2014/page_167.pdf-3,GS/2014,3,True,True,STRICT_FEATURE_ROW,True,KNOWN,unknown,PARSED,PARSED,PARSED,463c5c80a31ac0e3c09fb3aa44f1cb9e45e948192bf2dac33a702509315a3826,e53053538dba611aea4e52cf034e770769c07be08ac27ee507b1f025abb3026c,42c7754be0c095196b8ba5f75a19e5d91255c653d28f0462a4452e1a60cd149a,e9c5110f35b810772c28acdbc640cc676ba932048149f89684b06c3893b5af8a,c8b18fc642d8115d74da02b57048c9908d7b0a782faaf657599aafeeae1616d0,cdfe73a3ae17c6a7d4ef5dd913cd01db604f806e698b0bc19e37e91c8eb333e1
AAL/2014/page_89.pdf-4,AAL/2014,1,True,True,STRICT_FEATURE_ROW,True,KNOWN,unknown,PARSED,PARSED,PARSED,4d1845a14f2223fb517768a289fe84735c1f42f5206233c88914d1f115dfb3dd,7510a8c06b1603c1dcf9f2ea58abbd910619f57574771de13b9984d70e7265df,12c4ede9ac466fc5b8883bd6574a27e2faa8af0cca34084b79f2d7cae1126e05,af581b0c4310053dac0e2dfe4249540543fdc7cfe08fd87fb5769a07aa206b3e,48cfbc53ad65f4a2086888fb12f4e591a6abcc003fafff32b284517d3707a625,f31e6906b778f4649edec8f6f3cce93a86d9470d3fdd4ec4180245244ff607de
GPN/2007/page_39.pdf-2,GPN/2007,0,True,True,STRICT_FEATURE_ROW,True,KNOWN,unknown,PARSED,PARSED,PARSED,e012b4ab35c6e84d328fafcf471f608eae7c18d0f44dcee0f616450cdcd8d024,e9edd93c2ece42b9a95114096b3916f7d26fd53c7342a6f05a05850039265a98,0d527afb27e3bfdf3bac8e46293e58fec4df4a1850e0b1107b6334ba5e418aad,cb31f750e3fa16e266a6b56fdbe82f2450b2ae2e7c18ee51f1bed5fe4197e373,c9136c8c00f9fd2147d8d3e3724a28d6c9924685067de81ff38ee02ebe4f30ba,7e26ecbacb8a3bdd3b66e56ef9218c20b51045ca4f68f45bc0afc7ec30c2b1cf
STT/2009/page_109.pdf-3,STT/2009,2,True,True,STRICT_FEATURE_ROW,True,KNOWN,unknown,PARSED,PARSED,PARSED,91ec568d957c063b5289730226e8a06edfedf4bfb5c842b1f3044b049895ccdd,ca3fe7ea6d87bcb5bcbfaf519c5d23029cfb25018252db2cb0bb425664486350,b6e70b07e2ef7c0ba0fa174a0d5db49dfaaefd076182ce29f5d3009098954cf2,a89328b2ec6d63206f34c5917f63f0b6e0fff5c59c9b9542ce1e9ed283c126e0,25b0b1eb091606e533d4d57881d6713c80aeb29b3c97608715d908eb407b033b,606f96d8df814ffa074324e6883cbae9f93d1cd79480f93e2cba5971513980cf
IP/2015/page_51.pdf-2,IP/2015,1,True,True,STRICT_FEATURE_ROW,True,KNOWN,unknown,PARSED,PARSED,PARSED,204f2d1edf4e9c5f0b6ce166561792917d1c4c57d09c26cad82195602632dc37,e4a367749b233084ba25c5cac49aed7e0acb6939f9db422b3d299021bf5d7887,20b38f5d2f8348b7f47f9b1cb19d98db2a408e940667d9ceb38ed71d1469b51f,45dbabfc4b0b0046e17bc2d766fdf2751d21368c89b0336a88ce95e8ab7c5504,c126f0cd3f4f0f1e8531533af0fcd2d98be2bea2ed76ca0e6aaef7a4c6b8497c,769a6205b4514177868bd32c049668715304f40456c8ecd19720f0c1b92e62f0
UNP/2009/page_38.pdf-1,UNP/2009,2,True,True,STRICT_FEATURE_ROW,True,KNOWN,unknown,PARSED,PARSED,PARSED,89a7aa4412dcb3905c9013002029d977f9ada8e565368c3cc69da7bb3db13f9a,9b3976737c8a03530f7fac2e1fc9a39e200701095ae32d39f4149136261d7371,105ed739c2bc82562c707c83407f9133194626f3db7bc1ce16989488b2edb58f,70acc9ea65937e702470f7684f7078472f904416b90cb40fdefe710db7fc9bcc,69a9222f41712125d80d38c5bb3993e8b2279741c4f3686174d35b35de239de0,bec4036d63a3b1b2f4872eeca25cc5608fce53d0499cc4ca6363f972455deb2a
C/2009/page_279.pdf-3,C/2009,2,True,True,STRICT_FEATURE_ROW,True,KNOWN,unknown,PARSED,PARSED,PARSED,12616b9daf988cf8a69fd5109d97d4505209c757311b12fefb4f793036a25ace,aeb170a31b099de68d25e3dd574dce459d6ebc06cbe09ca78787a6900c157dbd,c67dfc5abc9efbc2bfb2882d60d8395b535667cd4d39f62b6d927767c221dd24,463f1cd74a4f68a4f5269e922b1abf9be8e79c8f427320b163be352074013fbc,b17bcaed125796d263f5abe27d5ec6380d443a10727d368433d001cdf6e7e5d5,8a57b0aca57be5666ca3a2efbb390d6f0d16a52abf5ea23614c3d3fac58b6303
STT/2017/page_63.pdf-2,STT/2017,4,True,True,STRICT_FEATURE_ROW,True,KNOWN,unknown,PARSED,PARSED,PARSED,c46999d698509770b63e797c2e7266cdcdf10655d4da1868aacf9bd0e07f0d67,e1fa6b7d54d48f4a09c2dc2c06293aa4e27c7b029b9750e76522e6d8406ae425,5aa53b0784363d731d876beae19325aee189e355f870d7d2a0b575f9a47e2cdc,02bf6442e9cf2e2a95855d21a8cce90f5eb4c7cc4d521da521164d9b08a2fc1a,66b4b62402826ef39530634db1cd1de9dcde9a72362214790281d7ec657600c0,b0c38592845fbba4c25a599172cc3cc358d56d505fe66c184e5c4cad9fd8ac4a
ETR/2017/page_379.pdf-3,ETR/2017,4,True,True,STRICT_FEATURE_ROW,True,KNOWN,unknown,PARSED,PARSED,PARSED,a728bda40587a7c23a167bebf80387245d00995c38139bbaa534486b68456b1d,a8528abc1a6df187ce6ab7a9cc7f86807d5e3cd1e659b406b653590c07a17023,d5ef2eb6cca1e70f052436d6ba00536192efe4e5e96d0141fc13809478dc39b1,2eaecf71d956a222aacbb4bcfb7f116bb81860d456fc702b0d2f1b027c0fe859,68d3191e085eaf3d3786d0e6bb75e3359c4df4ad9d06578e39cfd2738e8ed0c5,4fb9be8d579096a6b1113c3b167c4a6e6267fba9518963be004abf46ae395fb4
IP/2016/page_52.pdf-1,IP/2016,3,True,True,STRICT_FEATURE_ROW,True,KNOWN,unknown,PARSED,PARSED,PARSED,81f169fa02c60e22c9841196b254937950fdd1095f84ffa595b6031bff75b664,ad7c8d16d033d1f5abba46712ca5d28b1b3cb68b60aeb899248b6105d4337f36,1ea379c21612b8f7df65e88326bd5186b4d9bcdff110b15d73765dfd81a26bdb,fa7b9b95f7b6d4843225ed1c0d7861695107e1ca8af5c3c31f753b06052d21bb,d6c5838ae332d386d4896aad4fe50201f89253a343695994936912f41bc57f3d,8307e4375ae83ec488c28313c5804fee81c07ac9253bef66141e5f52a476a059
ADBE/2012/page_87.pdf-3,ADBE/2012,1,True,True,STRICT_FEATURE_ROW,True,KNOWN,unknown,PARSED,PARSED,PARSED,272f135e8490a2b50aba3449df765ebacd49618296624690b4ecccfae35b9cdf,1d56d355952478b9b817c2f50961de02f05410463fca31aba215e007d66359cf,e0d168cb791a1c9d56bec93901b8a457f59c4cbabccef771b9402a997c543880,9a85994692088093ec87fbcebb6974c5925f170050b52ffec91dbf51d89b3bab,be924088357fc87e0a8cb69929db51be14566b18d054548288c538212e895694,e172a7b871e10dededebb2cd9d52771338c2cb47d27f3972f9c856bf94461df8
IP/2012/page_56.pdf-2,IP/2012,3,True,True,STRICT_FEATURE_ROW,True,KNOWN,unknown,PARSED,PARSED,PARSED,d20e70817bad95debabbd6c6be85c260f76835dc8f00f595b066305ea7da9340,76eb33c4aba480d561f3ef5009d79f626df44bff2f3d8c55331f9c822c2b4a7a,cdb98035f3bc9bbc4750f41948710b48eeec40506a9e6a383b546a8d55e3196a,eb762d9f761b1afb3e7f62dbf2596a1c837c654d77698e57cf4f999b61df1367,12f31159167e1262cd34cc861080f616713bbe78ed905b1f8d1bc52994d4f26f,9800f3c84b1b5940d9b2764cddcd586e6386be5eff3cc1b8cc8d274eca270d28
ETR/2008/page_401.pdf-1,ETR/2008,0,True,True,STRICT_FEATURE_ROW,True,KNOWN,unknown,PARSED,PARSED,PARSED,3e69cc9ceaa667dab35e73512077b0ad3018b4f4aa02c9643e46a2efee058c6f,7d3d2b03f877266aa863a4431baca2af579fc7671c6d02f9c72e6722ae586345,6c756a6b53e9bdc5e37813707631ae36d095e31578ec06f68397871648f10ec4,231a413b8b425402e86954e6ef8f3bb18781eb44864c6005d63da3167f59b1b4,c75da5efd1c388e316df15be3b4217d89f09ab96eca15e54a448236bb1ccf12f,4a00ae2ca0c61150e1e18bea636be6f21c3b31914db01470686a598a2793dcef
GPN/2009/page_69.pdf-3,GPN/2009,1,True,True,STRICT_FEATURE_ROW,True,KNOWN,unknown,PARSED,PARSED,PARSED,83b18749762b0e259cdb3e4baf891dad11077e4e7fad738fd3ed2f091f1bac12,6d5343032d4958b28af92c93f0dd612c789c74454f0b66db9b974e5fa6789640,a20b7f58406d1e2740daf3b3fcd839f32c313bdb996d70967f94bb106f06650e,9737bc1a4ec603dcdabe65fd00a1ab1dc32c9987844146918604da6d9c3a0e14,95b36298f4cff2314e8291099b89ae47e21e62ff98985da92ef71458f2cbad68,24478fb2a8a905a40574687bd682b52f23a6d2273852962b27f81fe3943cecb4
JKHY/2018/page_16.pdf-3,JKHY/2018,4,True,True,STRICT_FEATURE_ROW,True,KNOWN,unknown,PARSED,PARSED,PARSED,7d2049ec771e274c009cdadb6cf6cadb30f0efb64873c101a06d510ab15ab963,0a53cf22f953814e3df043353d2c37fb773b5ac9293f39186b4f48319a1a60b4,308910ac7c224f9b9aef920ce9c09e70fa4ac762a5280266b3f098d376e90130,22dd02c5ccf03d8f9ba2704bb8ec1367bca6176429b972990d2bac300551b75c,36f67d52c397ab262e95a22ecc67cd4658977386a9298ffc5c033ba52ba123a6,7857a200d7f095f26dd520255c03953c2d7be1e11a01eee82c427ac15c12f59e
IP/2013/page_101.pdf-1,IP/2013,3,True,True,STRICT_FEATURE_ROW,True,KNOWN,unknown,PARSED,PARSED,PARSED,5c6aca262c8cbb3f5cf0c118459279f6f76f63c62ca6ccfed992940d11113dbc,86d0afebbb88b37adc5184ef4845492652cc0977c0417e8a5bae2b8c67ca973d,f3993dfdbbc05eaf449c768ac116595cc84fb5ee7e27443604c09995fc0747fc,c231798662cf2c55803e7e51c2a91f6d3afd3b078f16841f55e1e78439c15d65,421f1cf63b660b72a9f67a3d2997b7c04c6d773b27c734856b77d2ad7dae0ce6,8ad924c87c7e6c8604dfa2d640cfc779541ee38abe1e9665672a2b6b7728a70e
PPG/2018/page_60.pdf-2,PPG/2018,0,True,True,STRICT_FEATURE_ROW,True,KNOWN,unknown,PARSED,PARSED,PARSED,c19e266e0977f5a4abfea182b22a7cef219417e1d7169f07227f8fac04574ce0,4908d613aaa5b2d027b5ae72693f72ba7414a213e75881e70ab4a0b6c057f208,09ee2c561dffe0eb22e426ce6edb0a120fc86d4e9aa70eec76426b29fa7c27da,69964268bd8b57eb07c0acae1abc5f95f9a30d564d9aec50cc6b903ef75d6f19,37513633abd8dfe607d903a6a076e206f2bdf020435367d0dc46c5356401996c,86aa84cbd8d97c5db07b15f1383e63a96d889f96d1ead9c498184553f5b11ee1
AMT/2016/page_57.pdf-2,AMT/2016,0,True,True,STRICT_FEATURE_ROW,True,KNOWN,unknown,PARSED,PARSED,PARSED,3ccb245fa1bd176a82c80d045d2e984a3207223c689da00d71d7c7bc4ae1ed28,f2fc9c4f898be117f609cd78449b009bb78423b2f55c137e7d7f16d12fbd79b1,22424bde9b98a438fd5537d0da0c6f514fc4ac1229829bc222ba34754032f337,e98a3720c605a2d5b76f7c27910dc513bc7ce30eaaa0afbbcac2fef32e61eaf3,dd81cfa42dbecf1d95c1102b9e3003d33c5d3d653e9b8ee2093c91294ae4c673,65a824b3be36bd02b8e64f799e630b3f3737cee53b7822ecb87a64f3e94a4c91
C/2008/page_193.pdf-2,C/2008,3,True,True,STRICT_FEATURE_ROW,True,KNOWN,unknown,PARSED,PARSED,PARSED,736c2232ccaebe9878f8951a0503a5617fbdeecc2156e91b4eaba8a68dbabeef,f9f6c1c75d5ba46bd582ff959265df51b18ad9ff5f8376918aa1237b55a98c5a,332a31c693211930f784a6be21f0c3930a38413e3d63a030f95c41ef96d5182b,fdf778c25f9ba113eab855548d9a68c5718bc033bfdc3f393eb27eccd98f429b,8ece5e591806afb2e2637ac77fe5548dc0547c7860531c8bf031ca031794eda6,68f8321b11fc41ae58da3ad2c4d90aeda5b9e6734c06da6d3a6b6cb83a34dbc2
GS/2018/page_134.pdf-3,GS/2018,2,True,True,STRICT_FEATURE_ROW,True,KNOWN,unknown,PARSED,PARSED,PARSED,08ab469087f32c842aa461ed313ef8ad5bd78dbf4c7cdd4e1f8b0bb866ca5049,ff9341640e8a2c6e99ebdfbdffb086d1f66f987412e143d51484761136e224cc,1f2a664715f6e41026500acb1dd0a2e15c26b586bd4dab7d1c098bd8a35597aa,8569f5138445fede074425164a38956f335e20d9740523071feb30e32457d560,0c8b2d7c7f2d124f93fca11bf9b45b0d4a64aa07209fe349db8dfcd250d2467a,be6e35283cf2ccfa37a0eb0552b83ee92c2c3c7f01f5a3b6e2d2e25b4d421433
HWM/2015/page_89.pdf-2,HWM/2015,1,True,True,STRICT_FEATURE_ROW,True,KNOWN,unknown,PARSED,PARSED,PARSED,d6cf782510307d0ac81ef01c7b5e811077d8230aa1ee2fa11d8ecb355c88b65c,82628e91cd560a4e4d8fa7b57695ef107bcfa18ec2c41f99a5cbce15f1d44368,082f5ea02791b819afa2ffe4eba35a94ca3463e9e8085b8dba2778273265dcda,f5440099c3632eb672e1b1f540b43512e9adf394707f4e8d03f4a3c781d883c3,113e0a8516ad1290ae924a3b4aad8ad38e3f90ccabfc28290097122895a176ea,716f97f98e5a54f34c963dfe0446e7ae42d95b1d831d633d1c601b303744325f
ETR/2017/page_373.pdf-2,ETR/2017,4,True,True,STRICT_FEATURE_ROW,True,KNOWN,unknown,PARSED,PARSED,PARSED,f5b000c3b5c3d011548547614e44d919b1d82d8b7ceb1787c3b22627dff178ef,977ac78f9a0ad387750283e360b284b4bb9a644ac536f5469e9ac242779db940,6a22fa0dee97d8998c4b76d9c00f6d5b443d676d2d3d19c5f7d35069e062b241,9ac71c553d2398ae8578a2ac9f8b2abe196249950075939fd5d44518f90670e7,4ce696c40d9cb1e673af7234c4f070847d5ad53fe73e68dbc3ecf2d091f35202,b23cc21265728140a2cfd757e9fe8dc3bff40134822128ed909acc787bddda01
ETR/2008/page_33.pdf-2,ETR/2008,0,True,True,STRICT_FEATURE_ROW,True,KNOWN,unknown,PARSED,PARSED,PARSED,db3a49468e7e2cfc84773d336975bc6c6b6c7ab7b4c8e4391749294b1874d269,a044e5c0b327a02560ba64615e3f4dc869b6fe6e409d2648bb7e32775e659f70,10398d1ec3b33ee7db6e86476308d538f254075fefd90128d8865d0ff75a94f2,737c7197ad7b00075fc65d141e8669a37224102840124b5867acd5ab346c7c88,21add72e5fce5df889b8770d1d5b14a64ac56dd4f41dfed94209f4c25e821e8c,4b9e0b0e2a7b566ac9ad3f44f47b243ff2cf62b53e2f9f874ce3c28d5f9bb176
STT/2017/page_100.pdf-1,STT/2017,4,True,True,STRICT_FEATURE_ROW,True,KNOWN,unknown,PARSED,PARSED,PARSED,b43f9f2d5936a0b4ca2a5b26fe1fb4aa5b6dcb0b173a2d1d07b991fd94741bbb,1d3cda8d45177796552de644d1cecbfee3f88db41c5384ee31f9169d6b14aabc,da87275d5a7876f131a611e092836476a83df52c88328c00f547704e1357aee7,11f7538240a85efc133096bc5f9592dd955f6385a1ddc17498d0b99082fb3e69,5325f3e90d0c8db29b70260293d5ac931761b8dac3655c6369b64382a735637e,6d17e42fc658120ee2e0bf0911bae9cea9b13255615d706e0357a367cf13af66
SNPS/2009/page_59.pdf-1,SNPS/2009,1,True,True,STRICT_FEATURE_ROW,True,KNOWN,unknown,PARSED,PARSED,PARSED,417f487fec1a3b6238757e6cda857cb0587c8d6e460a1ff557228b2a804e2ca4,4d338c5b4c3e8501a3d760547dc46b08c1f24ad4c81662639a79edd9becc51a4,fadbf9c080e08b72397dadb925b26c3c282afae55b404c0af3d65f43ac289215,71807fc728b0aa6a82a2fe54f51650f79d1196659218c7ecb2fce7da454c270a,5e4d17572b5e1db6521383adff0b9304373025dd0bd80787b63150ecdfde88b3,7015bfdf4bcfc02cab7b712a50b2bb2059cf2d22f930dc6a25800cbc8ea3eb72
APTV/2014/page_46.pdf-2,APTV/2014,2,True,True,STRICT_FEATURE_ROW,True,KNOWN,unknown,PARSED,PARSED,PARSED,dd86b900f07d364141661faa4bc8c5b13c32eb038207b7f080c7ae7c13e1b272,55af86c87067a5b31cbf3527a6f3e046e78cc45e75727decebc6ff5cc4e5f214,6a07900e30587bd57cc096df14020454ddc828578073867047137597969aa731,4411ed083aefdc22c53980577326e7e1e38f195982ae03a4be40c21038e85545,6fc150e320226212452947c44735c3c77dc6a877258321e5709d84eaf7d5340e,c18c793dd1b562a321c6faf30ce111b806698354c67d0d7d8d54ad26d4f5db6f
DISH/2015/page_142.pdf-1,DISH/2015,2,True,True,STRICT_FEATURE_ROW,True,KNOWN,unknown,PARSED,PARSED,PARSED,968f9d70d3384a1d68681dbc3fe18c9747d518bcb8204cfeceb367b2dc06cf71,f09b99959b7264c5a0289f30f19597cf72a587c7acbf6decb2e84bf43b933801,383381726a72dbb65f0b5de9119b449e0ca4f03a7ad93c485af03d380f6f75ed,7234738c984e223b299dff3e7e339ce8c1166522d42d9a9cb2d07b020ec8c8ad,ee253f97ca2ccd6dcb3466a01d0a00e6e10f88f64ffe3cb9027e31101f17c296,9ed93082f7218faa3e2036315a6368197b0230537d323f51d91c4e04e7151467
GS/2012/page_186.pdf-3,GS/2012,4,True,True,STRICT_FEATURE_ROW,True,KNOWN,unknown,PARSED,PARSED,PARSED,0193b18a415f9f1d4485fed50fa59e63fdb8ff90998b0a8aedb691467ed61228,1506ef092053337fdbaf3cae74878e99636bf6b89aee052174766c5c693be625,823ec8d472e8f1528a4fc43c44860f32c4e4ea2c435a8af72658da6ed24a64a7,83468572a7ae71e4d013f219d787a33175b6c1bfb2b3c927d8aedec7661efea0,d0de5786a03565ea751d22699017e21262502926f087d699d12a2d83a8813191,88cde954256580ce63338c464b6f354c13f7372967001fc89f61662e112613fb
UPS/2013/page_34.pdf-1,UPS/2013,4,True,True,STRICT_FEATURE_ROW,True,KNOWN,unknown,PARSED,PARSED,PARSED,3b63c31e73628713fee00172a74aaa4f19c1afe23c66c87581bfecb756d0d5d8,e341eee90812ad6b3af50f6ea4db514342dc6a12b16571125e0f3b17827abeb4,597051fe8619dd3bcbffe5759180a4e87802e072d0e3e5d8e508f424bb092b58,cf6a0292300043c9802005acb7534eaa11373fb100106765820f0f9c138e506d,1837fc0354d14e98136ac185e2e109bee0a713d8f028340518a2d739c821c0e3,a6df421bae5f4d330bfc27d76c375144c3332a811699c6a261e412064be0ed14
ETR/2009/page_21.pdf-3,ETR/2009,2,True,True,STRICT_FEATURE_ROW,True,KNOWN,unknown,PARSED,PARSED,PARSED,ebdac7e054c53ac06ab652209a2a5ebb358891449292c6e5c6c5b1555029a919,e2355ceccde2d8aa2ea53936904dff25ab8ddf6876cf8ea6c36806c49a60e477,9298476ae6f462bc5969de4fb54793b2a978d945299e73a201a5811a2e927009,15c034e7ee0a0b9011d3a89d4f7dfca8a862584bba7b23ceac6f1b10fb31fc07,4c4a82215705acb30fbd9b778df95d06e2b6735c638440bfaadaefdb8d42f563,4e2895e6532a93b107e7534581f16d441430643a8b5ecacc0c4fdd5ecb1fb22b
ETR/2017/page_379.pdf-1,ETR/2017,4,True,True,STRICT_FEATURE_ROW,True,KNOWN,unknown,PARSED,PARSED,PARSED,ccd94c809cd3f103f9bfb7ae526966595709798aebd0cd4baed4ab1282b120b7,89104fbb9d12f17363a3e90f3aef6d9176c3bd14aee393da1a23fe3cb5baba04,f4528ffca69bf0046f5d78159d8f345b20044d080728c858c78a904335be32f6,20304fa8fb06f388913b25d50d65cb5cfe9f58741611114efd0ae81dd1c46956,84cb61703afc25c2e5c3d3d61bfc8bf5af8df1eff068d5cd131554ab4758ea2d,20f2142047cc2f2960288d670202c366280c9dd35650709779eb8298bf554e4b
UNP/2017/page_50.pdf-2,UNP/2017,1,True,True,STRICT_FEATURE_ROW,True,KNOWN,unknown,PARSED,PARSED,PARSED,9feefa110052cbeece29cdb146dbce1463494f06269249e94023b0aee47e866d,fc1a6a3f8369059f578cd6b566495069285aa5d5267ade0babc392fa7cf0aa8c,12805b606d0c982b8a7da31d4ee45eda77f7910994de6d9b26384a0ed05730d0,c455753cf3723d807d169b36eb329a19966e7d5bf0cbc2923a6afade58c490ba,2a340c359e7131d3cf066688d956692f03a6a4b3546914cefbd06f8163f30151,241431daeefad0963103cc7b93828ef64ce1929126ce90d1d5410a94ba8070cf
RCL/2005/page_40.pdf-2,RCL/2005,3,True,True,STRICT_FEATURE_ROW,True,KNOWN,unknown,PARSED,PARSED,PARSED,30c4d38074a4d5f800e693be0f34afceb2e31a4d6f33e0563206f5b9de28ca73,f15f51139366e3c5e480023d1153f86995de59c36d59d60c8e60796855ddae6c,ae9ceeb08e25acb28fb3ff648a2e1e64f4838162b057793d1b12223bc56ed6aa,65341e1f1b742b7790f3c1a75d305fccf1983636607ffb01022571e479841a05,900c1cc486288ae2e6ea809d68e9df1b83b40c707a2f30d649c0330d276a6ee6,2a623afd24818d34b9be4813b58602507f321de1ecdec28c0870f5b833857631
RE/2006/page_31.pdf-1,RE/2006,3,True,True,STRICT_FEATURE_ROW,True,KNOWN,unknown,PARSED,PARSED,PARSED,c0e2d8b7d5e46b8cbc5dc720490c0c0bebb31aedaca991befc26f2eb551cf985,8382045abd7955c887d7a950348dbf3dd7d5caa7c1c9de237118c1620a1ed7bb,7fc603840e2dd2846473921524713c153763c78bb864b188a94c637195abe36d,7ecc36fc84997deba325e1c574a31d69ee8e9bf7a687a753c9fd6e4c3554c6ef,ef10f6177166b9deb53427c45dc865f3d9479ae925b0c4b1a7b59118dbb7fe43,04c9efbba45c85ec5d9816a8219813595fa6aae01dad01b2ab7003d6da36d74d
C/2009/page_48.pdf-2,C/2009,2,True,True,STRICT_FEATURE_ROW,True,KNOWN,unknown,PARSED,PARSED,PARSED,ee36953694dcd4d3a7e549eb50d9f75e09b50e2a5f1fcc21e00a7057226ee5e6,7019ecc8625760d6457a435da7dcf8eff68ac4a746e7184c6cd1d316c17731ef,7858193d808a1facda4fb923fb32c19894180785aa1ee1eeefeff343149da034,98589f4cf99e4592dc5da05af9a498b66f4ae3a6aa8b74601e853a8e34b36e0f,48151e7cd4d2772c5db415049fdfea93e7e5dfc65f456afb6e9c379ced7460f5,57fbc104d57809c29d069f6b9afda02e9030021d7dd52ec53e080c33942fd6a5
BLL/2011/page_29.pdf-3,BLL/2011,0,True,True,STRICT_FEATURE_ROW,True,KNOWN,unknown,PARSED,PARSED,PARSED,d7e8b9e4a7e4340594a4d414a34cf099af10599af2b4fba831cde6fd32e01cbf,6e3cdd77405303ad5c3f9fa1d195c114efe1e0d57cd4272cc39fd34567a5385b,bdea9c8d520bc45ccbe7bba43e3769dd025d3aead5f9d5b291c7395f50ea3299,5da36a4bc4773cd0a3e13d79076ec27bc957033252e906fb4fc11e01ff1727b0,6579e1dce065d7cad1c8fff6f4d60f9f3e0dbc60ef83e160b75f2888f9753186,0f15f54bbaf36094dfbeeeb09415ff93c027f78099eef8609b24d2af37dde542
EMR/2017/page_66.pdf-1,EMR/2017,2,True,True,STRICT_FEATURE_ROW,True,KNOWN,unknown,PARSED,PARSED,PARSED,4a97adf84fc65a82f8674257b8fffea866a9c4a7eb25ff610293d19fc874f1bb,3a3fff87728333e8c1904d369f2cb23916692a48d2c8b9d3e670cb344a9d6ca6,a2735d39459f16519271d14db2567604b0c047407226c26be83c9d7422e39938,36ac1018de027b1cc1dcbc83c7db984a82632fe49d8175c517da27bc5ca9c548,5c8fe1eb9cb4750bd9d515bdbbf3e83f0ef0178f2f55cdc3b4445148235e2de1,d393bde4a66343b6b30adfa5d04451c23a5413f11ce51cb79d7284cdfd5ad4c5
MRO/2008/page_146.pdf-4,MRO/2008,2,True,True,STRICT_FEATURE_ROW,True,KNOWN,unknown,PARSED,PARSED,PARSED,03277a3a07543fc0953dbe6c25d66d1acaf97d7ae367d4717fee1fea6f1b955f,84986230efb217a617f50472aee67f71316dcef160e4ce7b0729626417912b6e,518d6508333fe0085f0793dbc02b373fab0373496fb7091d3f20bc59d28735b6,28d53c1ee42d651fc1c7f188d964ecca29b3212d3cd51726a14106f66bbfcc88,ec7cabf8ef5e3ebc67ec279a00ca8c6ea5428b06446b955df1bb03a519f34b32,dec9e8f6cbfb5315fd722e4f704f4d926d54b2d5962a757153f222093f74043f
JPM/2008/page_177.pdf-3,JPM/2008,4,True,True,STRICT_FEATURE_ROW,True,KNOWN,unknown,PARSED,PARSED,PARSED,a37fd2623370efd423d31efdb9928b7c43bfe44525d900c3bdf9561dc96c4355,659125e88ab70d0695084746fb6b64b6ea606a03f64d394cb69669246d4ee1ed,ec7f04c1af2b043f1d1c09a00270816c555990c6f2ef662174f64f9b03826394,c2b8242d6d694d7d82127b8a80957cb404df23efa76d10b11eda4034b990d9db,b92d6a1de901fb74aa6209ac4b330c4af5c25859e1d76ebfbd9098d6a7e1d485,2edd995a9a4647ac2051dbe81ced3dd4b872ae2e9d39a57b32ff66de2981ccc3
GIS/2017/page_46.pdf-1,GIS/2017,2,True,True,STRICT_FEATURE_ROW,True,KNOWN,unknown,PARSED,PARSED,PARSED,cbc97ff8ebb9071536f579cc7e93b7973dfb0d8a99d6580838d072b3e1c95220,931cf063d4d84abd172f458fbe4b3dd4b4ea0de84fb8c1999868a53f3cf0bf0c,189193e23c4e9e3dccb3ffddb3bc4b1e36c110aff3c5dd88374ecb2e09f04a73,01233f19d393708f431072fed203018eb9b96c0a9562946781d4dbe457b02c8e,e837d9936c575edcb74d5996f6919be959487df493b780986e06ef04786efb46,51e8e2fb036650b63414cfe3c71ac14e0cf2b80dc23db9fba52751354127d822
AMT/2012/page_56.pdf-2,AMT/2012,2,True,True,STRICT_FEATURE_ROW,True,KNOWN,unknown,PARSED,PARSED,PARSED,fb82b9ccd961e916fe8aa784e272e4d36384bcb40a15bf91ea0e3e2de660cc9c,65f282f89e20d1aee774b82e16b5b6bb025637fdc8360887dc3438d349f11bde,a2c7626fd05da670ad1b9bf09abe5da6bc3369af0503e95c517c8ed1e99bafe4,84aa1e5693320a6b866bca5c1e3c0d559fa06c36f7fff6bbad28038d20d5c1d5,dfe1120751177000352e22f68a95ed6c0d345b6ce79e84c328d6a96bd5c62120,bf8cde41e87b1df0112fe5fb066f7474e3ad152fef3ae3e5ff130a19726e3e95
UPS/2013/page_56.pdf-2,UPS/2013,4,True,True,STRICT_FEATURE_ROW,True,KNOWN,unknown,PARSED,PARSED,PARSED,0a8b92f9db4035bcbeb682451c961ee2f1e248560b9076416bc82c7d9ad981e9,a4c723432ac604bedfc6ce751a036c757770841fd1ba8535ffe32399d160ba41,682c0ec4349800c38a92e227b9c5bbc992e244ef3d456d8a93ae31bb4a7e1a8b,fc0925ab693864d34dcd7ed92dc2449901cb34add24c7c76810bd8b4e81eeedf,c9951719ceae1735757057562f43569d34128c3678b84b494cc36a561d2b0102,cc8164b00c443ddffc527df632ddbe40938d22203e6d50d568dca5ff77b35d1c
UPS/2015/page_108.pdf-4,UPS/2015,0,True,True,STRICT_FEATURE_ROW,True,KNOWN,unknown,PARSED,PARSED,PARSED,09eaf009f5ecc176c1067901f6321e4c0e2992033a565191a095d617180c39ec,ccc601433a968c385a5b5d860ab1cc7bfb47f8d4fa9c371ab208f40ae06dafce,9deff29ab080fe79a06a2d350b66c50b5cc005ba744465f1b5162d3526e00379,cdd5fa3a82e8527ec9f678a6cb6df6c0a54d71b40591535dd6985f2c9427caf2,e75a6a5d350334127f81371487c86e1510c4e3f0fd463f0c5263c868d0ae5262,dd33e51d96b0d9d37cfb62c4f4222f257a1d5256add7ee896cc5d1281c34bfdb
AAPL/2011/page_38.pdf-1,AAPL/2011,2,True,True,STRICT_FEATURE_ROW,True,KNOWN,unknown,PARSED,PARSED,PARSED,babc9125edb23d9b848a85586ed5325b42ff25277ee5b80c3a99c41b3316ea7d,721773650fbd7c62934ed4a7eac5ce3f14a7b97d067c1d25c36aeaad24bf0682,93efe4a41f47ecc17aa3557835622f7c4de31e4875e29c551f8831a0ebe40c25,6e9ae8c6a73c969a0bca5dc76193c933ee9f1666759ee48b8d3249c84cbe2527,97f162f3e2637f3cbf015ecd08c989bac0be844becf9fe2a0175400b55ec09ad,0e3951fd2f2a4bd8031b67854520f9a4c366957e3396a45aaf2a857460631d9b
ADBE/2012/page_113.pdf-1,ADBE/2012,1,True,True,STRICT_FEATURE_ROW,True,KNOWN,unknown,PARSED,PARSED,PARSED,d23271cd37cf40eb3d2ddf52062865897b6fe7d15205965c7815914c98a62109,3bf831f9315407acad336cb4af403326cf92b6323d0597cd97cfcd292df1a391,f4f95584f7d00def9215f1b40f35573753e62b2f239a2a120603899576928b1c,7ce383926a72eeb79a486eb705ba1fbb8cadc8ad0e82dd9d7d528a6b4519baff,b844e2c340721687d6ae1a5a756c179006bbac9af1972325e8219e64d656f30c,3d4e4ddd1f51a0fa0092c6e08416d692a53888f805b45134349334efe09ade32
BDX/2009/page_81.pdf-2,BDX/2009,1,True,True,STRICT_FEATURE_ROW,True,KNOWN,unknown,PARSED,PARSED,PARSED,99b0263fd1aa73621824aabb4a88414743ccd7e6519437220bb00f6ef4cb7238,b8e341bc5b7327fde0d1a82e7dc6db44d5df474160c91b9c2f6e0e5238d09af8,a8cc1d8d91300564d832a66d5221e747b2c4046e097ce8a8e3a49d7522ce4d75,f5be2f7a9afce7cdbab31bde3ef74845dc95a81a951c85733a1a601a012753b3,32021c710200c6399f1ff5bb25bd31c8c3af121e2fb172acbb1e46db5a7863ae,222ffba88f186489416ea0beaac480ec03dda4f6bba501fbc3b3320e067a32e1
BLL/2010/page_58.pdf-2,BLL/2010,1,True,True,STRICT_FEATURE_ROW,True,KNOWN,unknown,PARSED,PARSED,PARSED,dc73473a094daad3de771ea7f9c4143d955b764e613b6444d99eeb76a99b1793,6d5a0ce59664af1cd66c4db757767284132bacb1e94079e6dc05546f5d932c2d,302f885af9471a1e52f7e19c90b4791de0e3f82cf9ac988ad8b2c73f44f1e173,22864eb5a7b2de051d3c133e52ca9c97b266cb1c0a32f03f3d4d0ed0ac0a712f,5b21f97d53c7eb0fb54cedede4264e0c404c3b565b59b1575ba05ae9778cc31d,1cebe5fd666f7a6a25726caba0ba2adf45b161f88d210e0a2997c37eecb8d361
AAPL/2014/page_78.pdf-3,AAPL/2014,2,True,True,STRICT_FEATURE_ROW,True,KNOWN,unknown,PARSED,PARSED,PARSED,0b0d9e80ef5b2e4fcdcfaa02c1cf1776ff05bc5cc799efcac565821b761dea51,7ac48d62051fddb0f16590ca943145fae19d75a99fca517e55584a3823ebeaea,819202c698fbbcefec98414618f0787a26c95311788cd878c638b87f3a1a2a52,4f589c6de685bbf9e6210099e5f2670a32e15798d358c354756da1a4422342a8,de80772ae1a598980824525f4228bc1c9a8775ed28183f19553e744265b15fc3,84f60cced246d3becee9cb9c61b6b95204b6a7a376f2ae39600a73e1dc3d5319
UNP/2012/page_47.pdf-1,UNP/2012,4,True,True,STRICT_FEATURE_ROW,True,KNOWN,unknown,PARSED,PARSED,PARSED,52f0c4c8996dbe52baf996a31bdd7e43da273dc885f0ce63d505ed67730d3bfe,492552d403f5148513f4afe0c5ff417097226655eac0cd43e50910d63370c7d0,8230dac855c813e578ba8ae74cd146d77e7ad99ef2378fed0ffb9decc89f0856,263652e7526700cb1026fcf7568f4c9e146ff25f1e1b4a4098cd25a04e17931b,09832e49e4b39a1f1a424597fa4b5bd393995b0466343eb6ea30c85e9818b540,6b109998ce82cb224b35e8fa821e315cf73ba0599e377b482d7c7669a86894d2
ECL/2017/page_96.pdf-2,ECL/2017,4,True,False,NOT_IN_STRICT_FEATURE_ARCHIVE,False,KNOWN,unknown,PARSED,PARSED,answer_not_numeric,e03cd2945a9f93c813b689988fdc0ce6e7607386e0f111a6c981bb5654acf844,cb0f7875687a729623f5f7440b33de586b412137050ebb4f2829c372a2478851,16c21ce41ba9d2b4db0ac21f1a1078d761cfea180170f38ed61dd35ec47a6f6a,9da05127ff2394931c3e1c7257cc73c80095e161c305a55ce8d226057bdf21bb,97a4f178f1b1d05c52945a107e9ffc249004ac2a9b7dbf5964bab9f3929b8a6d,e65ceb067d6d57fcf3e9040d12217bee7196d8c4582327eacd3e14835b42dadd
MAR/2010/page_55.pdf-1,MAR/2010,4,True,True,STRICT_FEATURE_ROW,True,KNOWN,unknown,PARSED,PARSED,PARSED,60002a376fd0df54c0a5c051b6a4466d958100048f53881e53e43b97c4edc17c,b5c6f227a801acb96e4a1d4f7fe8a04ac0b27591166c3caf81aef63d5af0af65,d0dc76b6742c3913d2fba87e3fb71bce76b04b4d6b4b609be34e2404a5cd7dce,17e6908ae9610716b7d574692e5c9e0bb8a69a43995a30915216ad6f531c80a8,bcec5f1726e9d58bfc0b463510b474b0990668dfbd4ed26043674b329dff5660,bba7f867aea86035034b465c2c9a326074e5a1df77d98007f1dce4b781e7171b
IP/2013/page_62.pdf-2,IP/2013,3,True,True,STRICT_FEATURE_ROW,True,KNOWN,unknown,PARSED,PARSED,PARSED,21d91e05bf0c5845c65dfecf98d5bb18c0c8f13c5ddd952840753045283fcd1f,41f0231f279f8819c1996450513be24a52e92541a28803b6655c2d0474ab654b,14773ad36eeb4f072d69edbd83f25de313eb0666a120631fa1b26c491e7aebe9,87c4ca755471df74fc812bdb2b008a0efb5bdf18399ace237e16f72f8896cabd,5aec3b96566267d0568f7251fa7ca4bd033f0833156ad0667677b06b75102230,7c823c0744951c40b5ea127eca667d12cba446c257e02d8bff0374d9d6e4336f
IPG/2018/page_100.pdf-1,IPG/2018,2,True,True,STRICT_FEATURE_ROW,True,KNOWN,unknown,PARSED,PARSED,PARSED,9d40da49de4f70bc7ad9c9944200eb411252a2935611ff729fe643daec450676,33f13051f763d55ed1f8870daba35296b1549b6db0c7e460669eec35b5ee695a,db4b7e986008757d0bfa66d26cab18e4a064f2417139f0747f82f88948256f0b,696a2144a2a8133469011a18373956c876d5168152253741084e14594a7fb53f,2cce22842c8b2fbbbe51bae0713b30a11553911c1eb162ac7f8fea599ce656f1,281f5fca738e9cbc67a5c98bc9efb1de2dfc1360870d08e47d5cb13b8f33c9d7
MA/2008/page_125.pdf-1,MA/2008,4,True,True,STRICT_FEATURE_ROW,True,KNOWN,unknown,PARSED,PARSED,PARSED,26189c5a8166984d9b7b41ea040cdb3677bdc87220b13d5a075a859eea291a27,b16f18c26083316684d3ddd82cd8063d470507ca21966f25c803e42506a3cca3,3062d06a71c9200aee5af080b4f6951beaefd2189106a220af9d61886ab9480d,25bd10b1cbdcd683e46450dbaa95ba00bcbcb5d0457996e5cd03aebd6be8b181,8c2f41111685aeb941a9e14d28637302e81197f86c957264e38f395bfd37cc56,3a9bbd28ed7cc127d2d012589e947af1e23542a82c8db39b189d5efa5f48dac9
BLK/2012/page_31.pdf-1,BLK/2012,2,True,True,STRICT_FEATURE_ROW,True,KNOWN,unknown,PARSED,PARSED,PARSED,03537ff204b19bcf926dc73fcb033abf15f04e1528095ceec633d8615decb55d,dec997faa4a72d545b508abc479775086e4ab23397352408a4f8cea524533d9c,681d021c8ca26268de8507ccd5749207fcdfb431ad1476e3107b0df1b9ac1583,dd482335ddf47fa01ae38e7f9ca33519affd1642d15ed8bfd9860a7ee3f30cd6,f99d6d6bd3b8eb62d33460208d17b53bb305b66b5626465b0fe3c5ff63e6177c,0302c01d363653c138d756f32d0eefb7e9b8179e8ab81b91b39820453a3901c1
AAPL/2002/page_63.pdf-1,AAPL/2002,2,True,True,STRICT_FEATURE_ROW,True,KNOWN,unknown,PARSED,PARSED,PARSED,50f1eca4cc1d5aeb9ab91942b6587e6300df53d3398a3a8787a0f8e0f7784747,bc2b03059fd19bc7b0f4355cd6f7d78ba5bc781118849524e1a344dc569003e7,3e1ed8edfcf0e5c9d4562cf50fed29e77901bdcb787cf59a296d0e4184079c29,85fef3a917bae0d9bda7670175056538b67da47bf9dc12db574ab7873f708e36,a99c693892c804b7548107cb1510c1cdfe0554d97dc0b888345d4c747347be7d,e4b1cf6459ab76257bd7491165cc05108e2dda81c053b1effd6b976f3a43ea7d
AAPL/2015/page_24.pdf-2,AAPL/2015,3,True,True,STRICT_FEATURE_ROW,True,KNOWN,unknown,PARSED,PARSED,PARSED,97b5dbaaa0b0c738c1ffad90195f595cbdc24d5913e7d6f87d81a064c32ed0b6,8503e1e7ad9428e9b1719db040b5f578ca5c77079f663802282432350494eb45,db0e3a328142a0c208bb245ecb93c8d7d440429f173cdbdcf57b5489d28d5400,426d31bddd2d7571a73b9214fb6b1f6173398e4c6ec98df505611a0321c0dc87,fe646f5fc30f2e44886f29f78a9f4bcc4f63029fece0929996302efdfb28f491,18876fe3e89b30f3b7dad3859ace0b521cfcd683c83366c6abaeb8acf763dfce
REGN/2010/page_72.pdf-1,REGN/2010,1,True,True,STRICT_FEATURE_ROW,True,KNOWN,unknown,PARSED,PARSED,PARSED,bc7b8742516e66976ef1c0181a6a2a231e519c4c03327b41a38f7f6450f8e5ec,a7979841d584a63bcf7fc260268f1de86e4e6fdaeb9d92ddd8cbd982639f0fe7,ec55327a6d524e31d9e8666577be74fba60325aae8f3d78f17a655d89ca8a192,6f78ae9f539a7a6ee96c03b456bf79947c17ff2f266cf5f1f90ec4f7c0681f2d,8b1d7eb5e086b5acc525ad1af491685e6d51aa583fd74d2431da81b0c0dac629,dc1c4c0e295843a207888b4c5f6f01318d63638dd82330ae63673a029d9e6cd1
EOG/2017/page_93.pdf-1,EOG/2017,1,True,True,STRICT_FEATURE_ROW,True,KNOWN,unknown,PARSED,PARSED,PARSED,dab1bc1df6afdf521b9bc5cac28fe624c7e0e065591ce241b3320ef09ee5e632,719189f1ba5426c349af15a05ddb40b2a508606a913c5f193c1be103c5d57bc0,5c8560e9684002a906ea23f63f1f0ff1ceee4bfda241d30e5910905a4186c2cc,071ecbc4c55858dfce2e8164e3a26aad0eab6586e37073614d6db455b030b3cc,7e4d460ecdf91d7ffa0e79c0b6d1459039c75144305dd51e00b53b18fc32854b,0aa9cf96341be9fab252f00487c4d96ba54530eaa18343fa6445ec8ebdcb1a52
AWK/2018/page_150.pdf-1,AWK/2018,1,True,True,STRICT_FEATURE_ROW,True,KNOWN,unknown,PARSED,PARSED,PARSED,0c361c88e7de05238f4d894e5f2d840945fde575f08322d30ffcb49540a3188e,6fc6c2ff358b5e094190428687b5b1b23bcfcd3b559e411a0e678e47b687b04a,0585c4c0e8d3fd951713c5e47b87c72f3fdee890d2bc1373cc8a2b507dc25b48,1fa72baea3baeb1b295267e3929d96b959fcfeec04f7f6c81619f819a3a9b8cd,919bf0801e31a97eadc4d3c42ed14c9cfd057904ebe9bb51300935b3868c351b,7dc7ca93068510e8b17ca3612b08b2a353b014081084aa3de9be5709f3453ac1
MA/2009/page_120.pdf-2,MA/2009,4,True,True,STRICT_FEATURE_ROW,True,KNOWN,unknown,PARSED,PARSED,PARSED,c3e7a0c7d47cf36e9bd6b33d6b581e06f42a7911d119333a3bf025d96b56b773,e5548666edc1ad0c988d32adfd85433d01e78eb491ee3dea1f24d7ba6c198903,7a4a2d2561536d159155d12cf13863a8d634f9ede700bfc229ff9b821c806b0a,06259678bd763870cd74826354379523a5c7d72580a339582a2a0f2f2091e512,420b5a2a9fa20945c11144d2b7800ceb8353c96820ecaed7753c74da8c33d6e4,f5e242536a4b74f5539d70581d825cacbf9e62095da7b3feab7b463515da9fe6
VTR/2007/page_48.pdf-3,VTR/2007,4,True,True,STRICT_FEATURE_ROW,True,KNOWN,unknown,PARSED,PARSED,PARSED,bb2185405a632e5b4ef20427c0fb80f9abdc9266c716447f58240f6d13d91c95,9233aadb1161ef458b34a6b705441e1ac6dec589ab95d9634b7d76222031929e,361fdd5a4dccb6a9a1ed565c9ebe66ac2d00e457a65eef52f0e9b525a6582e22,f73f6aea45b3d37037648b97aec6a6e4f35f844b269db739a360f6222d20daac,8542ee31ce3f0549cc6f11f577db82e39f59b70a5c229b25f95a45bfe0c3fdd7,3e6588954bf211bcc118fd0524c731475d858a2224cc229942850412835dfba5
ECL/2015/page_70.pdf-3,ECL/2015,3,True,True,STRICT_FEATURE_ROW,True,KNOWN,unknown,PARSED,PARSED,PARSED,22ee67539815ae0e0978ee8effcdb5f84b8a581007e669314101d3e9ad69c010,95b35af3e2df78bc3a5687a6b34e4841cb160210fa4d37299b64b3cee2c4cb99,b4d1f48ae717ff11aabe5704c2f618550b2adc4553f27d316333bd77994c3d8f,3370f1f4ed4db9ab4aa378c119456d38a56f10e798a5ea71f0a91353df2b0af1,fa82eef4f5aaa6ed2a4796c992e1b744fd512a10e4222c775a6eb60f72a7dd2c,1a5bd44cca56fb15484656c73c4c30112b35398ffedd04c518057e522e69c962
ORLY/2017/page_30.pdf-3,ORLY/2017,2,True,True,STRICT_FEATURE_ROW,True,KNOWN,unknown,PARSED,PARSED,PARSED,88216967dba083317005d1985148b29297a57085fdba99742cde8982a9cdc720,74db657783938b597171f8e35b3b181427bda4eb5190ad59e37f02d712df70ee,806d72460c7c4d6489ee6f31272a7bef884938bf0fb8dbfcad802c22932b04d3,1d572a0a2c90388f9d246be832980c53b2d93cfd6a815e97bfaf14a7637ff6dc,9eca9698cc0d9a0add5ce022f29dc332b610fc6de6bd41698c05d475d55660e9,31a136f7a09e1e9286a323d9e2959446ec73ddf3acea5e5028778bd5048865b1
MO/2016/page_76.pdf-1,MO/2016,4,True,False,NOT_IN_STRICT_FEATURE_ARCHIVE,False,UNKNOWN,unknown,STRUCTURED_SCHEMA_OR_NUMERIC_FAILURE,STRUCTURED_SCHEMA_OR_NUMERIC_FAILURE,STRUCTURED_SCHEMA_OR_NUMERIC_FAILURE,402457eacfc5d6dd0f664f2d108acf266db2c491b7b1f887c9031756e537eb73,b420746a52fd50f27758cd73e4cb1cbda9295da0399b2ff5f2b4bdd6c0cd3f0a,517362a34107452ed2336278444c504326dcaeaa629b5af010abdac13c88ce71,3f718955f86ec771e88d1b9a72d7bb2094f72d8a829b69a679dda3023d57d0b1,7b6fc3cf8f09eb400e9413fbab27c82c43ebad0ff5bbb1a01a819cadbb27bed8,2f5310c60469c9c14f18f5e70e6ad60500e6fc0374810d94870617c3aac8f92d
ETR/2016/page_144.pdf-4,ETR/2016,1,True,True,STRICT_FEATURE_ROW,True,KNOWN,unknown,PARSED,PARSED,PARSED,861b2d342b25bd55335b51ebeb7671f986b9b8d98ecfa796696fcab0341508d2,ad829417f5b4fef2fb5166cfb8422fcaf7fb727d65746cd0ecd881d7f6164e60,e78f37869539f07dcd39293daf47ea84a9c577cccb5625135524496faf166d7e,d2d36e90cfed87e153cff0491717339ba23083927d36f7c80f2b6e3d25974ba7,44dae33a6c5117d056986bbacce44a5c0848539ede00aadb9113b3938b6d85d0,d61d46513287ba617a3bccca2e249d77b9b4f8a134b14285eca5df0d7d99c7a1
K/2012/page_80.pdf-2,K/2012,3,True,True,STRICT_FEATURE_ROW,True,KNOWN,unknown,PARSED,PARSED,PARSED,daaa9f6e6cbf201622eabe0eb351407a7bf3bd17bcc8d0cdc555e482d9dbb51f,64591797fc84d0c051557273425942b0c1d8fe5072c2ec47a6536f5a3b3a7c3e,3c7c8e1f2a82bbd54ab058ca7eadaaea6db484e479ed4af2f1708b10aef6604a,b652d3e57cd477fd475fe7c7e4bf12c54ca43d6880d523c3d240306e318b0250,8f1ae1a2b21feb7f5ff050c7cca58acb8b627ce433004ebb7fc127b9a9be9a80,ade1af6c3cb1231ff9f8b5ca1c026aeaeeb120a1262631e7a6938a314ede34c8
GPN/2015/page_83.pdf-3,GPN/2015,4,True,True,STRICT_FEATURE_ROW,True,KNOWN,unknown,PARSED,PARSED,PARSED,9cf071dae8ff72d15979803d10efad6f3e026a7cfbceed0cd23f8d69727b9068,bd2417ecb2498fd71022e82c49ca0bab5b0a6996ad3c501aa1495bb270cd83e5,aacdd12379e5d18117c0834c7bee87f6480c548edae08569b7d305bd52037268,5306d00204d570431fca69e59d1515528ffa364539057de7074e78defbfd85e6,70ef11f9a29c997e9d13f5c3e298c4b183702a99ba180929d7dfc229951ba0ee,05fdf77e02488a6f876b9f1fd234c0ae41fcf163782fcbc6a3f7fdd18faf884d
PNC/2011/page_209.pdf-5,PNC/2011,4,True,True,STRICT_FEATURE_ROW,True,KNOWN,unknown,PARSED,PARSED,PARSED,98f96c8ac3713d32aedf97eb22856c4fd5fb02a5b18d08474d9d76dd0162162b,0e0ce0dd98e7eec84c54cb144b930ff9cdf4a3cdc8dc486963744efe38c2549a,4abd6f3cb5c133a2d9049be42b4826d748b8c994eb343fd1f776b4d0ad31f10b,35b46ba57bf86a3653861bdbfbefe36c7e311cbe29bb1012521c86225fe6addc,e61a430acfe6ddb8b68afd87dc5e7543724e0a02026605c5c66b29e211b6f292,34c285bb01765090fec9146a1add98aa96b63ac5075505e4d0a828c2763dd502
ADBE/2013/page_84.pdf-1,ADBE/2013,2,True,True,STRICT_FEATURE_ROW,True,KNOWN,unknown,PARSED,PARSED,PARSED,f08248f90ed5bd7460e0232782c44934d8d52f1874d6bc95ad171a72446b9643,99d091c84e47af2c1b6ee6752624b8019facc605e3abedbf1be4ac651c37f4e0,a5b759f0390c4443402ae65287efd038a69b53fe817a950f1864a872bd2eeaed,76fe237d25b9fec5f5c30037e395336b6b068aa405f7502512182093d1df2b41,59dc353f8f2b93efc5db293049112d8c77214a6d705b009f71cd880b001998be,adea205f555684cc64e19997a54519999d98de5d4d31e293ec6586f2ffd86b16
UAA/2016/page_81.pdf-2,UAA/2016,0,True,True,STRICT_FEATURE_ROW,True,KNOWN,unknown,PARSED,PARSED,PARSED,6e293062f85d59231e6b6f9e0bffd37de56fe1f58702ed92fd79c482c6e7d945,f15dfbd0d58ebe4ee890ce8d71f866e33a9250fed4927929124e48b300b81cc0,614189309c4f59fd3800afb1eb483785516d164641ea86a50ad9eb0b723acb77,e02e22324d9b506ae988afc42f30b995ca74b3b16d3737b4aebc13976a0340d3,0680e682b868a8d8120ee20adfa18b3175b018f0157ea240ecfa8552957d27cc,83c554a6e5f0fb4991e1d038a8a79e0fcb22225c6d19b21edcfc25a9d1d649d3
CDNS/2016/page_32.pdf-2,CDNS/2016,4,True,True,STRICT_FEATURE_ROW,True,KNOWN,unknown,PARSED,PARSED,PARSED,5b88d65d055a998e41abce0c61e239f1f90fdc431489305b0d741032c4e16b7f,00181d5726cdca4806bfd1117d0c0aa2539839fe037c49bb58f5c904da9dd55b,c7a7847f1bce071f63003b84038775bd95329d31f64bbd0b8e6d60632e54c86b,34bcfcb91c6c11b29f8291cfa26b2e24b1ecafe8c6b341b9671fb0da7678de2a,820374b53c2e8e87afa8ae5e48a6d7e300bb413b87eb37f367d14dacf06d6c27,d88039894768cbdd01b53da8757a85d0e39286655b395764ee558c5fdd66be26
MRO/2008/page_42.pdf-1,MRO/2008,2,True,True,STRICT_FEATURE_ROW,True,KNOWN,unknown,PARSED,PARSED,PARSED,2c9e0f7a3f9089309e12e40b85f480f26640c3f4cff1620e82f228f158db307f,c8af923023585369fb7889796e6c8a292b426036d7129cba96941c3288788fb9,330b5d9b865c6fc3ce828066a3be7a4403a072e3f10701441352b5daa86840a3,f8879b94822cf8d9c3a5d6766f36d8d02fdb3c787f7a7217606b0e00d0afc56a,a9898b635dc32c928e1e3511f29b1b196b761efbde859746144c3e7bf00aa6ef,4b927fa49f080bc1d75131f124b80a12777ddb01a9fa30a67363c19467121a8a
GS/2012/page_64.pdf-2,GS/2012,4,True,False,NOT_IN_STRICT_FEATURE_ARCHIVE,False,UNKNOWN,unknown,answer_not_numeric,answer_not_numeric,answer_not_numeric,f90ecf7b8c70c3fc658504d8c7fab38b0f83d1e4a740c088bf374bdf0db0a540,8bbdbb34f4f241c20f7c2923cd815c4332619e5c06a06c286cf4b51478c847b0,2c7279cf0738aa614742dcd55bd20826f7fc7d345af82173b7ef5dba6bf983a6,de5c46c930afee322d61231e08d18c46f0899a014571983055875103c6235b78,95c0fdb810681f0e79e1d790fa4e73de9983ff86a0296b76e3a2238120039fe3,290a9142472d507f0099a23e54dbe9b1313680325750c9c55d5654d348acfbe8
AAL/2014/page_80.pdf-2,AAL/2014,1,True,True,STRICT_FEATURE_ROW,True,KNOWN,unknown,PARSED,PARSED,PARSED,688352a396be076f8015024431a3edbd0020a5eb57a98bbe7b4aae29fb5a736c,1e0b4c703339ec74c47b37fb330bfaabc7f3442a16a92b8a7565af9e65d24516,c82ba25499ca874b074ce202c8b002432826fba67cc0daca9f3526c73b8b03c2,02ffa5a59048a847adfb975db1605406a81e96d916095f7ccd730717cef6c41a,676c5234d0e20ed2d2865d5e3a7a34bf34f8f10ebd275d1999bce97ec6bbaa4b,ea3c7b219f58a9955fd4936f7b216f71f61c3f3c2e814e080397f8e884c9b907
AAPL/2015/page_56.pdf-2,AAPL/2015,3,True,True,STRICT_FEATURE_ROW,True,KNOWN,unknown,PARSED,PARSED,PARSED,f1992eb63357c5623758d39d33e49ad0f046de154d331209f518cd7dd1f6f44d,6b7fac122d8b6a0a7f801259cbec33b4bb9b7413e617aaa80303435c97c6bd8f,45c56fc55336612fbc87a50a2f8e1caa847db7f60509fab5379d164762bfb41f,e410da943c0c96c3bdb5b3024e328157f20845f4ab8c72f336fa7f18b44d87fa,8e79e0ea63e827f11810e5a0fc43fb6900f3c8cd9921a3504a8bd528c7edc6bf,741e6c6d6fd9e5ae69bb813742acd2adc3417c42602d4816a7a080ea3193f7e2
JPM/2015/page_83.pdf-2,JPM/2015,3,True,True,STRICT_FEATURE_ROW,True,KNOWN,unknown,PARSED,PARSED,PARSED,d62865eb1ec6445a03a418f8192c07023b7027018bcab49d7d4e80c2034fc4bb,54708cc64337b56d62ebf56ca6f492c9c862a6d5b84fdc330a934abdcaabd10c,e4d10af2f1c047e124d82020944472cc3a492ff22068a77291d0185d28399287,cac3936685319fc625875231c2934d37d8f62eeaacde5f26aa200966a17c7b81,b6f5d750674f0ecbab9af75c440c568817d0f06d79e4fd8daf103c49a60a21c1,b98f44f6973db44b076dac441fe192cc5e725a453c4c065b52dde03f6a282802
RL/2015/page_11.pdf-2,RL/2015,3,True,True,STRICT_FEATURE_ROW,True,KNOWN,unknown,PARSED,PARSED,PARSED,ff9416738b80fc3ddca754d7fd17ebb28383bea10b4fcbc95596327db03a8b0a,b34f00ffc728fbbb62ca52683b1810cf02e07bfd9756c866f5968ca2b593d4bc,9adb6d0890c85d88d150f8b09a6941a22519229d8dd417cb214a1fd12887c545,015e908fb6859dfd8554b78a90ab7577f74072767bc522f137eb1f4df600287e,b0ceb9b1e558bec3f62e4d3a512245ffc219b246e59483a097c4d64196126567,75e691c2383c499ad89c29411509a463aafcd0ad393c57f4af4e4a0262b4372b
GPN/2010/page_92.pdf-3,GPN/2010,1,True,True,STRICT_FEATURE_ROW,True,KNOWN,unknown,PARSED,PARSED,PARSED,9c75982ed006e8580b93fe7cda0844bb0a6d6a577d6e7e96b21ef17d34d660d2,a75e471087c6cf4def80f5b2b9bd29c79c6d5d9d55d1d7d557d7338b5eb9e1c6,52653d8147e82625decb32d619046d48b201f65b8ccb84518eb9b6441f5a4fb0,6a190bbbbf2715f4221bb86d2e95271b09b94259e45ef7f3b9d693d2bb68b8a7,33386818d9225f4b6b66136223e19eea1ef2bcba742ad967bfd32de1b11623a2,c435d176691cf79b25ec35f2e0e0a989bf57839a49c79cbd022f644e5010f0cb
JPM/2016/page_141.pdf-3,JPM/2016,1,True,True,STRICT_FEATURE_ROW,True,KNOWN,unknown,PARSED,PARSED,PARSED,9857fdc6015a98a59ad001624484ce5efcfa84eef51186428ab7cc44f186207b,d0afcf15b249ef7669c3f7d67ff59c40b359761f715a747ac8d89f01cda98914,2ba9f5864956bb795f1c22e27f3448e3b0405775c748adc1f250ba7aa20cbce4,7b8fdfd8a3cb6b77b7429b4e7dac6cb1039cc22108335bcdc9b1e1b9894bf38e,455f7e3a343c528f4e975f0e2af038ad6ef500406757ad3debc5b8cb9c09730a,8807d98dac86f746f2f722f4e5fe2e23bc4b7bf2fd4e9a5492af34a14d3ef553
STT/2011/page_85.pdf-1,STT/2011,4,True,True,STRICT_FEATURE_ROW,True,KNOWN,unknown,PARSED,PARSED,PARSED,966b665ba6b8ff42056f8b1deb5e8b8ed984d752ee92d68bf5a72d2bacc11a7f,561406203587172b3af91fbdc105ec644997c03cd606c5df577956354e3c47fe,babef342082e2ba7c6a9c219c71659347769893d20806759f86503f754d01eba,7ee5dd8c2e968c2596e6a017621d13b289aaae379b67b7bab61f088c96a6bd2a,758fa59f67533e672eec5600de8160093924b6de50ddc45b4ddc6c1f650f07ff,717674b93ac8ffdf88d54b1de75f2f97f5c7aec14cfac409fe150a7df28b8b9a
CB/2008/page_144.pdf-1,CB/2008,4,True,True,STRICT_FEATURE_ROW,True,KNOWN,unknown,PARSED,PARSED,PARSED,89227f7b06cd0f31cf7ce5ac91cce22537e1c833cecd4ca56bd5ca57eaf36794,da700efe9eb0b03bfb5c5419b986c0da94df4b9b98039abb5e10c57e09bf056d,b3e6d70ec805b9f8043754bfa3043e26d023971b655149919dacbae85890d1bb,79fe1bc4e8bd7e59d88b70fa2c12292d6f786b9d837ed05825588de113e6e458,46687a3a0c657b9474f9bf24401ef1d973e065a08ea7ac3d89cc9a10c17a2026,a33799d3cd660bb1f2a091ed3d3bf9d2884f25f41f2b3ef73d7ec398c513393b
BLL/2007/page_75.pdf-4,BLL/2007,2,True,True,STRICT_FEATURE_ROW,True,KNOWN,unknown,PARSED,PARSED,PARSED,bc8026666dded3947b2b4582f415d9176537ba4633a301a6739069294345ca95,32977b488ae0e6c6bf645aff94a100991823d51fb53f6ecd2a975ac54ba61a50,23638db92269ce1ef52ca4e10e0048ef54d4e1ceafc4e6879f6aebedc68a34b3,9eebd7572f8f68db9ed65872bfdbe1b8cc3be90547b6e1022f760002eadb9484,141e9eb4af6d502d6a4252a7558ac435da14bf602b2bb62e4f250ba8e93a5fe3,70465f0628011baa626717a5e861edb528de8aaf4241d815b4b8b79a01807734
DRE/2002/page_13.pdf-1,DRE/2002,0,True,True,STRICT_FEATURE_ROW,True,KNOWN,unknown,PARSED,PARSED,PARSED,b611c8d8a2b3b141b844f0622958ae01564beb488d09ab47bd60f7a37a28aa37,9a5181138d61f68d041e6008d269297b7041ae104c295c7c9f44b7dc65a86e11,c801fd8b1b2336197f29442a316cb85bd73a48a63767ebede8b826de66bac208,835ccdb78992d6ee25007c2a9f242de42e2bc1cd59354d6e6fe13a541787c1b9,7f80754ad5f4c0f3508cd1b9ae1898ad20d8236c1bd31f91be48245c064378c3,edb40bf6f696d7a080b7a18c519639882f6bd0013ca5498e8b33fbb729343046
BKNG/2017/page_35.pdf-4,BKNG/2017,2,True,True,STRICT_FEATURE_ROW,True,KNOWN,unknown,PARSED,PARSED,PARSED,4b044ec14c80b6f8635974d423aad8aff97793682ce4c3bb612a45e892c3f78f,4bce2cadaa45970bc5227b484a7f0ebf8a8192ed256e7e38601378c6d33b814e,91b7c8dfd2c483405abd66c665a6a46f9abc08b78b6717c0c79045e30efa7dc9,46f65b9f1bd34ed7627350ca936378cee0093a47bf82a81e28f4b1a0e6c821b7,33b7ea10e3458e49a69c06ec9a1d128e91eb9783a49dc3d977188a5b68347499,80b058d089d4a2aa655837b76f6a3c1ca67320e17fd4ce8ae04d0887640408cd
JPM/2015/page_132.pdf-2,JPM/2015,3,True,True,STRICT_FEATURE_ROW,True,KNOWN,unknown,PARSED,PARSED,PARSED,79f83e869942afa2cd2bbbe0d0e75cd956ee4c22a019d72a2ed56793efd334e0,625203f46542808810887c393c60082a6a2bbc10594d710d99532324e4ef454b,df07cceaa80e7ec8e0b0f982add7004efe747161f8206087f85212909593abef,7d8056d10bb656c964c921dcdc72ca61e820b003dfead704a58444aaaea2e962,9dc3e07cf8d850fc734dac8eb24c52b567492b2a409d33d07ab0c163e07e990e,e52672739a874323642f02095ada5e7e1f6f0e1feecba1064f69f3171cb51a18
AAL/2015/page_83.pdf-3,AAL/2015,3,True,True,STRICT_FEATURE_ROW,True,KNOWN,unknown,PARSED,PARSED,PARSED,671aed2d160cf9201abceec0add2140c1d50020db05142f897ab349b60634c6f,fbe5884f1b8974c200ec7544fe0b3797c9dfe7b229d3acbc8a16f0b2ea2899e9,d657e8f5a8f5efa31932759a76825b080099373e81bee5832d40a0003970aa07,7b7f37bb068881f43d095580be28b4d7f264e734ae951f00dbf851819adbb8e0,641680de1061402b1efcbb14fece05f3862a40dead2aa271b100bbaa8b724ed2,3977c08007dfa996088eea391f10c3c202b3f464db1dfcda001a4b0ca615d868
UNP/2014/page_16.pdf-2,UNP/2014,2,True,True,STRICT_FEATURE_ROW,True,KNOWN,unknown,PARSED,PARSED,PARSED,66a41c0768296241ccaa39ba74a102685beabc5631da064cdd2d5a3fd13d0dea,678f61f32d633776595a5dd9a2c5d28a5f788a4dcbadd84d54ccbda5cb6a08bc,8d471843c65629851a22547b46cc5fb1dc035ae80f5f78707db56a915f5b1950,5bcc75c28925ca30ab1ae78953507a45e90c4ec42e98cb16be38dd7604a050d5,f007ba9282268579e814511a8a1e1d8d86e7007ebb22174b78d04b957efad22c,8c0ed71763ad1d414359e75a593951016941e5ee3db3755a42eef321e41ff390
EW/2014/page_90.pdf-2,EW/2014,3,True,True,STRICT_FEATURE_ROW,True,KNOWN,unknown,PARSED,PARSED,PARSED,4356b26a0b026126a30e8584edc8e89f2237351d07d72dc7f26ed7c3c2cfd18b,91ea73acc53fb25961f4cc29838d641bbda303a501a050038bac8598674291c5,fe7ab7fede05c4ea3b76cf5af24dd1c16409b07a3ae0ad41ee9d3d011c82caee,b9602d7998ad6bd9ee9088f9dd261ba6fdf5d69ae634852aa1a61de2f5baa843,076a87ec88415198f3efd861568d62c5061fb4c095b054a168dc72fa299d2416,6b88af507a35f9e1cc78b613acb535fd5a197c26ee5a4c7eaae4d6d266da0dbd
MA/2009/page_115.pdf-3,MA/2009,4,True,True,STRICT_FEATURE_ROW,True,KNOWN,unknown,PARSED,PARSED,PARSED,a6220d88dcf6528553958b05fc310cadd96d83893ffecf531833b7ccc4bec1a1,ddf0379a1c9b3b7eef2d787b66f5251e9260e62c8cf6390e843c937da4f996b5,cb23fc49f67f575cb382e9bb66e82be2673ab33e3b8312c1e3f6500965adda93,e5313626105cc67602642cf48c22862c13258515ac65d1bf59a10529ef992359,a81fd8fd0b5611c8e6b88d0c0ed24d7812ceea3a86e1fa36276839b25b2926b5,46158e23f607556ba81ce8c124b89cd77407516d24101c174dcaa4a57868e63e
AAP/2016/page_26.pdf-1,AAP/2016,1,True,True,STRICT_FEATURE_ROW,True,KNOWN,unknown,PARSED,PARSED,PARSED,321c1052981f3bb215447bdfcea370adb4044432202fb32782669c71fb74fcd0,e971352c922b54c1427b9e8bed586033f9b264f148aa26916ffb943373c8374f,cfa9b908c1ebf3be2fea924c7bb88dd50b4052148aed33c9cfa7e137765835a9,3e217475269d24e40325da3205a41d6622fff9c5d11dd37a5d542835bbec4c91,ed7c0932b3b0baa0aa58b1f1123eab5db31f5e82c9535646eba987c6c4e4171f,872de98cec33c012a886b4346c55db818aaecc8aa93024dd0848186d4dcacc66
SLG/2010/page_50.pdf-3,SLG/2010,3,True,True,STRICT_FEATURE_ROW,True,KNOWN,unknown,PARSED,PARSED,PARSED,8d2f2e08f8b059cbfd7ceea314d58047f44832fd0fa8e9089eb95f0bec509484,a9494cd1c27d42a67067ad3f6c5ad50b2d828439f57ee43a84128a17c24701d0,3b8fe2c117936d8a7e2543ec2f71a8a7c90510f5da0cfe4f137e6f75eebb2b35,38fe15ba9b7df996dd77e9e263ec762586d0680240a45791cdb7ac690a7fa22d,dce2cd50f70cf13d268562a5ecce917bad619010199414f70841049ba7fd5fce,26a75483ae8fa297d5a2b1724cd33a3c6c57baf462d7ade54b5fb9fc28e1f106
RL/2011/page_14.pdf-2,RL/2011,0,True,True,STRICT_FEATURE_ROW,True,KNOWN,unknown,PARSED,PARSED,PARSED,0dbe8ed67b9a5456ee1cd161720820727596789b611d06576ce0ba43643fbb94,33aab796d6b09a0674b2f22ae4d8ef86d5e7cbef0a22fed1be2110c8a4c8e8a9,ea2ecd59618edce355fd7dcc1fc16fb67e534697749623742e29ecc182768731,691433ead02c2c1044c54ca2cd4bdb2c80a27c1a70a13a43506d6174f8b3933a,88b4226b84506ea250374a6e862f75d3298cff56dae1c08e11a2bf3d1cedd2e0,38b9af3f095be146bf508ab2c4056b873900826e51cffcfa884ec6b510b7173b
ILMN/2008/page_77.pdf-2,ILMN/2008,4,True,True,STRICT_FEATURE_ROW,True,KNOWN,unknown,PARSED,PARSED,PARSED,2acc43917de260957301704c0936265de416445b4c06bed56618332771b266e5,4d030062111cbdacd4c3da26be901432662a7bdf292aec81f763794393615cc6,5553eb22bf8ddd26c3bf7b7dffc9cb23b4979beacb0186244dd9bc9a03e6ce4b,a3b1e37201fca01398af5728313116d03ac6c8fd3a914c1a8a7b8598c6723b39,057dc20c8b0cc4b4d699840fbe3ca6e31da3b8ef1173fa1cf9c4585acba7563b,9f2d3a6437a8975ac063f32cfc7ee38d16072385e0e58e3df39a5548325e4977
AMT/2006/page_107.pdf-2,AMT/2006,0,True,True,STRICT_FEATURE_ROW,True,KNOWN,unknown,PARSED,PARSED,PARSED,27c652536b957b005a9fdd0edb02bc479901045a7335975fceb6638659e19b0f,8b2cb52c9ba1f1b758cc8dece5238327d70a6c62800c7b12edde47be80b50ccb,be2a4507a84f89e77a63545cb372fde33ef0dc8ae1fe7f12cf764bcbb9e7ec6d,dbe3f2661b7a6f8d0baecfd183631b5f895c484967c68dc967df15583287298c,ddf5f841675c9d69c3c6825c76e97a18e487e66e7b43faf0a4fffd460c1e6fea,502c1fc15e72c05f3430168010aab5f6fdeec0212a13a1816fc21209b5ffe98c
MAS/2012/page_92.pdf-2,MAS/2012,1,True,True,STRICT_FEATURE_ROW,True,KNOWN,unknown,PARSED,PARSED,PARSED,6f0da6e9dc5e86556ba687ded6365ea106e3712b811a681c3aba56d02abbc7e4,f10d88f547acd59015f0aacb23919839943232250e376e726787f75d9e7682b2,62830f8077d61dc9e29d8e7681dc193505b3610975c4b7db2cc3427736f72746,b77fbc375651d4df75951a2fd35c2bf13b8f18a334d4131eb9ad304e42174dbf,8357a7b512931018e12332b7ae5c4f5bb670e6ebb9ba9b71675a73e013f5058a,4d05664c54c5028830473cecde98217744397c0b175113b3567fd2f2b11d33d5
RL/2008/page_21.pdf-2,RL/2008,1,True,True,STRICT_FEATURE_ROW,True,KNOWN,unknown,PARSED,PARSED,PARSED,c64086ec643bc13b2589c52c03d27f7e2cc32f6737c5f696fae55895b5dc4050,7b4d529597251663fda44ab1c937c047d79d2d3702ba16189db1b165bf6e0f9f,2c615f408b18dbaf94fe6cd2d8a4c88e5aaae139b38944228c804caf3da63036,729faa61fbaa34e055f55ac520d1bc66149b31cd7b5099d66442682ef13271c4,7c9de97776110e6155e9df78ef6fc6a24a9617ef8073eaaf44f8db556d4f319e,57e314cab709bc8b78bdcdb30e4f5119cb9cb8232425d92cfc669fef9a74ce7a
GS/2018/page_108.pdf-3,GS/2018,2,True,True,STRICT_FEATURE_ROW,True,KNOWN,unknown,PARSED,PARSED,PARSED,0c4946bdb8d5fa0e3f6b5761c564d0c4ea1a8cf70314d59f5e79850b579ac05e,91f93acadf1a2a3ccf29e8030c80a249c2ba23aba8b2fa4163c8b3051b5877ec,92d224e76937f974e775fb4875c71c8977379910d573f1f1d703d73f35228f0f,34be6ebc2f1143e081046c64f4c24441f40230367cd0fdd5d21d9197f6db518e,e456c71a9951e63d265963e404670a16db693a713edc76850c6016cda38ae7eb,8f6f21201ab4b19e46baa6b4d8a04592e2a1a5d24cf33bbfcc0790e7c305914d
UPS/2017/page_111.pdf-3,UPS/2017,3,True,True,STRICT_FEATURE_ROW,True,KNOWN,unknown,PARSED,PARSED,PARSED,d26d8c62ed3e5f056cc29532f4c3faac604f41175d10dce4d18ac2e848fad485,855006f5fd528cfecc74e10b7fee1e09b6ad8ab3c3e07825225df9969e0d1c86,6b4f3e5c3957e945f469f0ae02e3c35562578a49556ec39c6e501f003cd5252c,1439a0e24ad8d72c624cb7e12946c10fe10d978da24e3bddc6d96951f207b3ad,5db2f2016279bf948ee84d78702e9b7ffddddf9c98266119c634f6a7620fcf0e,fbc2a0e5c3455b46b2892d852b7111be0bab6428e4baf4a51106fffc8663c7e4
ETR/2009/page_141.pdf-3,ETR/2009,2,True,True,STRICT_FEATURE_ROW,True,KNOWN,unknown,PARSED,PARSED,PARSED,27a5f5309d1cb0d8b96cc3ef47a911a4fcc86cafb30673c65f54c95c04285157,69ff06848d917410f1822ee5d81450839ae1d1428aefe7a6d425b1a402268edc,0ed9d65f7a9964f68496e6e1fd5664c9770ba3950f000c81c90e28ee85fbba7d,05231ae31b3011a0be2b4868f4ef11a96d0ace62a36b87caa82bc135cae0bbd7,2232fd3457de9b57e03b16411195c23018200406280d19adbf7ce7a7b4caa39d,c311732093b1c023b54934b6bbb7a5d513d23fec925cae50d8148a97f0eabfac
ETR/2016/page_18.pdf-1,ETR/2016,1,True,True,STRICT_FEATURE_ROW,True,KNOWN,unknown,PARSED,PARSED,PARSED,638183954bc7f3407ea411aa88dc0259ad4a66bb6a75e86bf40c53dc3a9d5cd5,58ce02a3de38bab23fc7691d6a95242661ce8f0b091fc610a7a7566bd5f9d82f,a066d2bb17317a80d6e7216eb04d834671bb0336d902b0ea3fe79f5ebc48c046,00d3dfe8fa34f66666cf4afc0b156c6afe276db5543085361fa502164a930835,de35f43525ee9e5908efe19d39a92bc79558f3245fc674974d2b0c1a6eaf22a1,aa9c41369ae38d04cc24d3f777a9f72b82cd50a8806dce304f8590e78446a649
UPS/2012/page_51.pdf-1,UPS/2012,1,True,True,STRICT_FEATURE_ROW,True,KNOWN,unknown,PARSED,PARSED,PARSED,ddfc41729d3dd3c3756b8c1b54dfff538874ff7d259472782a824c44873898ee,9fbe3b67ac29ab7e9f35b69d4cd85566a9b1eb30505405e2883ee3c4da4ce61b,2f0233c806693a2e34d96a4ebe031acfe5121e1779c384731c64d31dbea23042,02173ab29ff5ac155a6a1e0ebe16700c0821fe37fe49d706ea1fc55aa95dddb9,fd754fad1de6a49d25ba593d2931dc8c538f1eac146713e40b3ab5c107374a90,d5f29915b12705038f5901e0dd775a5b1fbfc819f8985579d6a1a75262cdf402
HUM/2018/page_46.pdf-4,HUM/2018,0,True,True,STRICT_FEATURE_ROW,True,KNOWN,unknown,PARSED,PARSED,PARSED,352465b55ba35d9294467ca51467daff86df8d8ce5d0fc070776506c598b6835,78e351b613b848c16d355c68f4fdc15a2220fa830dc01aa81f2344f809a245fb,2208f7c9e70184f70c4dcdadd3b99dc1e61d173d205fb8d772f022877ea50a57,f455fbe213a0f0f3045c677280f0e00dd557ec1243ba24624d46596d74ff200d,292d3fda4f0927dead50b834be2d21ec2a734ac08abd05644a3d40058d2a622d,87a9fc469463b0a494472ff0901204c168423b17d48598bada7dccb547f44951
ORLY/2015/page_28.pdf-3,ORLY/2015,4,True,True,STRICT_FEATURE_ROW,True,KNOWN,unknown,PARSED,PARSED,PARSED,faa6138b7375c1eaf2b3aaca2158b6d4c6b9feacd2f37db5673aa81627ebf64b,0b91d5af2f69b0c6e42bd12926350b19a4420e50b08fb99d95a44aa39951667a,5dedac2866e62eb2ea56d09d0e24bc0f510e28f64504857ec267b440cea93e80,d5d43a22085fc247d7411b85f46dc324f0c5b58241cf60fd8478069c099fc514,a5989c2103e11a4ea01ec3dd4da873f5b74b4393021b9f8c9c85bfc709b79ebf,591b176647c3f81ff0fa7dcb13c2d4c5ebfaa643403d7fd9bed997d121ff30af
APTV/2018/page_34.pdf-2,APTV/2018,1,True,True,STRICT_FEATURE_ROW,True,KNOWN,unknown,PARSED,PARSED,PARSED,d3b78b8cdddac2ba0a28192acd6e27686db5763397ed605e677a5df5876ecbeb,caf5f071c9a92403bbad415f87c151a19eaf6e0059e32ae0a3e2bd3b946d4038,b61ba3c55a4ad66405fc6cb46286f361948d931daa806c255d0d77739856a673,db26603976a394321ac51b5a88017702e40c4fc247a8fe2253753f2dd4a28a97,7f5577a8418003d3e5a2865b6fc79c32c4a35f0f563bdb467115995bbc8422a4,55dac955553515b1ee42dd0ce1b56e542463207b88204aaba4135f94c1f6e94d
ZBH/2009/page_71.pdf-1,ZBH/2009,0,True,True,STRICT_FEATURE_ROW,True,KNOWN,unknown,PARSED,PARSED,PARSED,c159ba7e326fa183e3c7ffffbea6cca14eb93812dfdaec43d267070c4f9c533d,411873219c6287e313d93f2edd5d22ec2abdcf03e069036d33f41d525b9fc9db,475d20a515e51d5ba448f42f59853d156f407f24930f5b8ed244d984a245538e,a1930778e4531ca01cb361185ccfec1401061d4d779fba53bffd50d4b3da10a9,e2a7c64ae08218281fb5cd68ef71490eb68f6007d2ed452f90cf32e6d7f0885d,4f2bafc90f99a255f2b171034d505fd182ca8ed2f517b217cd14890797743195
ETFC/2015/page_27.pdf-1,ETFC/2015,3,True,True,STRICT_FEATURE_ROW,True,KNOWN,unknown,PARSED,PARSED,PARSED,b4bd9268777767e9f6aac36bce91af885106e6a6e3fe27409f49374090da930f,d4b104486df475552642328419c6d3689fbb24084fd71db49a0ca88c1a845e41,c3b3ef2490bfa485b77b85ec242866f68454a04e7a3a06ba0ab73468de21182e,4ec0dce3c3c68eb5dbec8f67a72a2580989d4815daf98f9f9e7a04c5e23c5477,84ce2f5d184e4b1108390498730490e499fa8c379dbedfbf629c3a3c9e43f330,8b169e204be0f82a9cd613c018329934cdd102df28a58b199c75ac0258e48400
LMT/2005/page_76.pdf-3,LMT/2005,2,True,True,STRICT_FEATURE_ROW,True,KNOWN,unknown,PARSED,PARSED,PARSED,62d788b2edb0183bd4e3aede23331bec9dde4c850de7a258d7e946bf0c4eef6f,dafc63cf7e6b9e9ad89f2a33de74706b3a17a0d3e76f95fdf2186b3620b3b785,af1511fa18846675be4502faca313a5a5e7bb124c99eacae2e98f1f6f239ab82,2dd9324792e28f180aabac365cf78e1dbcf398f1070b4418f299dd18a15cd28a,8053c6d048bacebe21456116294942166dae0614019bd85157fde945db669873,4b690df430e816114e9c3687d4c00ac2697a9925c1f64769d04327fc6a0a0fdd
TROW/2008/page_23.pdf-2,TROW/2008,3,True,True,STRICT_FEATURE_ROW,True,KNOWN,unknown,PARSED,PARSED,PARSED,9c4a356d020997091e25f86d9619cf3f9ec65ac654489db99e4238291456193a,35dc2284456ec44e32d764fa6b0e1d8a9987b2068f6baafe04d2fe43fb823092,e06c314417e672c1e0b2bd2bbadda8b7952205b7605880d17a1bcc3949b3442d,828936d5b098f0848546d56da929442c5aaba4782888facb5d393084051531df,5ce67f921ae1fbeb0913dd58e3c163d95d1c0ce2daa867fca05e5891054f58d4,d3b7da55a58bab2e36bbc59a29d5810dc2659b1673bb7073aae685737ca32dd6
MMM/2013/page_26.pdf-2,MMM/2013,3,True,True,STRICT_FEATURE_ROW,True,KNOWN,unknown,PARSED,PARSED,PARSED,b7b2ca388fc5fba3ccf16cbd7a81e2e08b1377dd93572c831b62288d14c71aa5,fe533000e734dbae3e0f7fe557f7a4526624df5b3bae461540573c7f36322064,3bf5cf5bf44b8922c6f61abd8a1e0e878a1ca7502e9371a05cb31ad9ca591b04,695136c5ac89ac8f65d2173150ee70e91c310f97ed8ac92ff28fe247d7d7aa5f,51e5f28876661c046800d046d7259ad8290349b46df995613e466f3dcf8ed7ae,846883e47c352a0bd013bb416fbc49e7c5cc3637715177fa35cd4533b183e905
AAPL/2002/page_63.pdf-4,AAPL/2002,2,True,True,STRICT_FEATURE_ROW,True,KNOWN,unknown,PARSED,PARSED,PARSED,31244889c6e116ecff52e15657052b1fc5c986d25b3ed2053af19b887f12781e,3aca3e8c603122ab14c2a1129a082097527e08b21193475bccf5024801ee0d6a,45976762a69980b61bd886f848ee4342368edf08b9a8cecae4f8946a9db87128,c0155d412a86f0de06f4d43860860ac9022d9697509d68fc75b3e41d1d97739c,0ccaa9d55fb08c77003137967bc8415809a007624b5733891cd3407e505dd137,2d5c53ae3b8ae5ce942e4d51f06cff4723eaaaaf6626197b784be4f19900af05
LKQ/2009/page_66.pdf-1,LKQ/2009,2,True,True,STRICT_FEATURE_ROW,True,KNOWN,unknown,PARSED,PARSED,PARSED,e93883edef80617a2b696bf63b416f30e3a3fc01964ce271e636e233347c4409,415fa40040766af6b017079d8251510605b57e6e6c424b53ad4ba4a299013f89,c05782deb8fc5445d8c78a54650fbef1b54a233ef2cb1738fd8ccd3de13b8841,01e08d65ac50ae4aba36cb22b5a6ca89b7206874837ee31fac30c1212904f90c,b1ea9cf4bed4c1dd0109790047cb129e898df28057af68e06e8c9d7c12bd803b,39f2010ac7dbc7909f9ace1f638c4529f022bb1c8c5a93887d2ebb1d4ddd98cb
JPM/2009/page_183.pdf-2,JPM/2009,3,True,True,STRICT_FEATURE_ROW,True,KNOWN,unknown,PARSED,PARSED,PARSED,2725762d204758e26ab0e8bd3b554264a2c7721addc45dbdf0be794e8659f051,13ba5c83a28df78d79af46e0b7a48f8aacf04e84e6aadb3914e497f41ae947ea,9ae72beb99c2e3aea8a08a2f03de6b85b4b54231c0c9dc8f5c25815f2eb8316d,1b80863e52a234a882660aa152b0e390cbb14d7e99148e5c735aebda57a389b3,89238b73062e758a898089ce57182936e0652d9c3b32095dfefefc648079920f,63da9d0fe09ebd11a53311d1ffb69dc138dab61f6128157b9f7103f22e65cf69
JPM/2016/page_73.pdf-2,JPM/2016,1,True,True,STRICT_FEATURE_ROW,True,KNOWN,unknown,PARSED,PARSED,PARSED,018108a07aaa41f3b94a8a665c2c4a58608528045e1e8cc47646f34b2af41a86,3a0b9340459bdfc79462ea88f57510f06e0abebaa999c3258985625fc93e7dd2,11413225dae45f222e1e9cfc3ad1bbff400dd7da4297b5ca00917cb255e80a92,c5e5c3f83737732c51d2da23fc3246909b90a99423ff3f14c0b4054ed7dc37f7,20e87d8221170ea068860358740f74b6b0f1e5a5b1565cd39a84597003b624c3,63ba43096ab410f68e078c461fb2dedea0bd854776f45b335f8c20eb1142b750
GPN/2017/page_72.pdf-3,GPN/2017,0,True,True,STRICT_FEATURE_ROW,True,KNOWN,unknown,PARSED,PARSED,PARSED,0d5533ea2987d77d29dda5fbcc08753d5b082b206fc6a2b265c26410cfef811f,04f872cfdf5350f4cb582201ccc1cd0de22c6eb6373f3129113bb0fcc37d1c0c,614a87fce12640a0eebef012fa205d98a138e2193fb5856dd4b0c573a396f02f,22f6dcaf93ae6515dbece6d86eaca49dcc1bd4ede95bd956f7a8645966c2e032,6656feaa6c610d67d82d0cbfc4c7fec23f15c869e5e3747b264c2cff45fc4a6a,25d5b4398c622ecffef726a1f7c76cd8a719ae062ecec5c2c9f9b9f309e427d3
GPN/2008/page_39.pdf-2,GPN/2008,2,True,True,STRICT_FEATURE_ROW,True,KNOWN,unknown,PARSED,PARSED,PARSED,2a18d575d933a64b38cff486bba26a8091c3c7005c0a5f0611937daf050b7742,c31a4a487f49f0d5dfb3103a1db59a09e1fbafbafc2c32d5ea6dbdb425b9d90b,c883481a20bd7a2477b18b1fa488894965e87cb3cea6f9cbc5915884ed340382,a8d7c86320728938eeb4e527fc7b53205a3c3761d7bb96285fa4d872244e6a50,32ae32e25aa6f9cc195dfda92efef5031d893a032df9119e5c8166b89700b9e7,a5ac1b2a3da88fe8a4100e1fddd2e76ab2ec906b95da2d832bc31ef9a4b0510d
INTC/2013/page_71.pdf-1,INTC/2013,4,True,True,STRICT_FEATURE_ROW,True,KNOWN,unknown,PARSED,PARSED,PARSED,eed04739b252ce8933b1bfe64682eb6db8965c6c104a0f36d5bca5e6bb9ab0a0,154002d6de638c96b65def4230f26634d5006747f160c7abe2e9fed293cb2aa5,5d6fa7e0fe1aac9ccb41d5e1fb08a46aabde8e81d220239cb6083ddf5a409007,4d6a91173f9ac2539f72050b333baec99691cffce07ec6552d08d32d4c58b13e,303e4067e1fbd424588e79aad2a17eb2931171d77a1f0246618d45ee5c1eabc7,f19b2558dce31c659df0eb3c11cd632bd9d5e49d8d42de49029b294bf2c40f2c
C/2008/page_217.pdf-1,C/2008,3,True,False,NOT_IN_STRICT_FEATURE_ARCHIVE,False,UNKNOWN,unknown,answer_not_numeric,PARSED,PARSED,b89203c2092430ca3de72c5b8c43f8b2146827a51b89447b4349a703b50efa79,ea36125e4d34ecc79178df559e1102bf9a8384255b29004da91dcfbb8b3b8dd3,e5728fbb0ced82a9dd5f8c20a946981d3d7a75ad0a7b41fd8b58941b2d878082,a27306a6456deb6491cd663b16c3a0f04e1cf5e8b910dbeb934652ecf06238d8,a754f635060d6381fc3eb7a1c826a29b0b41e365a68b71bcf40c2e17042ba91b,be2d443dfb334ac4854a443b2eb897883149bccf14ce1e2fc976b8291c4ded0c
UNP/2012/page_24.pdf-1,UNP/2012,4,True,True,STRICT_FEATURE_ROW,True,KNOWN,unknown,PARSED,PARSED,PARSED,b9f2fd8c7a7a8768016330fed305d299aee1ff66066600464222e65acf0987ef,536458e75f644df73af896224d30bbbc3b80258feef78a5627072378a94d6e87,6eac900097a42a7bc56aa3fefed7da18b645394ca2cf1436470be717723019d3,a8790bc4812a0eb2233c4cf668561e651a6b07bd93d9561a7645ba01f6f078b5,20da0d9320f78f141f1faecc5a4328dc74a09fa02a2cf699ced2bd1d665b785e,c8f4ac621874ad5be7b61615ca3569503e94d630e8a6034a6fbe8734ddad1b2c
ADBE/2013/page_68.pdf-1,ADBE/2013,2,True,True,STRICT_FEATURE_ROW,True,KNOWN,unknown,PARSED,PARSED,PARSED,07a4fde79bd3294c2b254db23f7cc17702685e136343163d6140e6da7540310f,49d179838b65493e219650e8659073a78198def6e385ed88c92762706ec9f048,778006427da7d20b71d3ea5dcc6640dab540917f0b103c07ee9f034d6424da88,1e349a62545ff7525dfdd117bc1571485050f61fe000f14d796956947a2b3370,12847c8083d04a97d85f76a10a9ec7e8bd3da42adf5d70229675019c45d5752d,98462b649ce1db23c3656a65c342a6a88dff8872ab16053f6aded9bae0af4b34
AAPL/2013/page_78.pdf-3,AAPL/2013,4,True,True,STRICT_FEATURE_ROW,True,KNOWN,unknown,PARSED,PARSED,PARSED,2e698d79f607911b921958417a7f93536cc9d3b42a728b5c0280ff2352998515,cb186a1c856f3ac0a0ff9da8297761537fadc842a8ba29fce03370036550a845,5a630b2d5dc760c77c785aa32e4790ec123b82a991b720353ad779d11c92fc42,0ba1a1e02a66534ef3c18b50732008f481f270dc35b6da9910cf778cecae0686,819b2767ef6c2314db6ddd9bae8117da63773ee05848c142f59b131fe029945b,ed9c3d524d6a3f2f8751d9aa5631a1306c59c133929864b08c3e3b5d14c3d48b
ORLY/2017/page_30.pdf-4,ORLY/2017,2,True,True,STRICT_FEATURE_ROW,True,KNOWN,unknown,PARSED,PARSED,PARSED,3461e60597d06d367953b605489cec01c0189410634ae8983de2a7bdd8c584c3,b94e6cfd3ef376c774d449f1e0a30761b75c831c3fdd6b7cccb1c12cef47434d,abac5bf47cc335188c3f12b7b79122e108bc10aedf8039d53fa587dca221b9f8,52b542a18427a27dff573913d55b5cead34cb8252bf16b228fc5d0c97a751c39,5e1d6b1b9dedfe9e8704d2c4889eaadcd38b7f1c1a8c5ea87e5227c6d6a0e506,609c86afb7f9a6f0c87cf15a37e2dbbc1b67117a7f65bcb3a511d22846cf8458
ETR/2017/page_414.pdf-2,ETR/2017,4,True,False,NOT_IN_STRICT_FEATURE_ARCHIVE,False,UNKNOWN,unknown,answer_not_numeric,answer_not_numeric,answer_not_numeric,5b62d73d78011acae5c0c6fe4a5d056430d9a3ecd906ac7d5cda11efac263241,3b3c5912237a6c1c783cbfc8f89217851c8cffa228cde1c612d1ebed69ebae7c,7791ed7be7a65adf10c772d9495909a378e2aa484ce100121e763922418bd8ea,40151358869c6d93487b7e263401e89f7cceff8ed115e98d110f89936a510490,488f273448ecf0f65ea4cfb92b50c88d2408ef3511038421d9feae91e88cb469,36f51558337e4e61da9a16141497532da9036bf555b6214035588d250dc9be90
GIS/2019/page_53.pdf-1,GIS/2019,2,True,True,STRICT_FEATURE_ROW,True,KNOWN,unknown,PARSED,PARSED,PARSED,301bccbc891412d1564bc42d4e3d6bbf45ec31ac41e3c68d5edbcbf09f4817a0,c95a3b3b7fc432f243d7f006fde7c6203ec1d9d59eb07018edcd9a9ebb191c8b,0912aef6549e8cc76b0be1e82b8231097895309fb73e8169f7f6e796ddf9a55b,a13fe678131081735436b6bf91e044cecc42b0ec4e0d81440da5dd622ea41ded,322b3107883591ddedc02ff149b1a8bd367747a794dc5f4a2ec915b34d248bef,d3d962f9e100b10547b98cc2b8ab0a35750079e16c3525443a2e25558872cd4f
FIS/2012/page_11.pdf-1,FIS/2012,3,True,True,STRICT_FEATURE_ROW,True,KNOWN,unknown,PARSED,PARSED,PARSED,34a2298dd0cc656247a3f879fef24da8d0cb09c0a48e923bc4dec4def675b729,38dfb9d6d356abbe7cb1819a9aa90bf5b4d330c1c8cbac5b8ab88430dca89527,571c688cb7c752b4201ce9886c5b8a7296c8da0989f2fc79656c484e8a685fcd,72802ad7f87c6aeb52a4725d978a9126ade80f5f0b6d29ddae48886fa354fe55,fde7438771bcb55433bb8d51d7f4eca48030bc00a21be2d2e464dc3be08c1f38,ba778aa6d37a691bd915c1dcfe825a4b47fbb4aaad910bccec2705b81d3919da
RCL/2016/page_37.pdf-2,RCL/2016,1,True,True,STRICT_FEATURE_ROW,True,KNOWN,unknown,PARSED,PARSED,PARSED,2c037cc4e8f41d639dc251441927d7d580cf037dee018201cd644a88b03a35d0,9f6be0bc06e30816010e02482b16342cb33b4812054675f8c6cac960a25f9c82,72df0317db77b291507a91ce89edd878ecafaf5e9627ae56c9e7e2ae9d6fd7df,be6d15790a8493d5949c99289b58c785dfca33b467acc88e96b0afdd853f8ad8,abec4edf168e5a3ed422d69b4cc8ed8b512115095d18ef49cd72668704da5c8f,c2c337dbf6b9aa42d41bcecdefa2d5636ff6a2aeaeb2cea72b527c230b89d431
GS/2016/page_81.pdf-2,GS/2016,0,True,False,NOT_IN_STRICT_FEATURE_ARCHIVE,False,UNKNOWN,unknown,answer_not_numeric,answer_not_numeric,answer_not_numeric,37af3799c3a31cd0f63afa33d123d2c21dbf3db09be9bf5b84af55a802166f1e,d2bad278e97784fdcef0e470e2bdc60faa951c304ccdbd99be43faf4d1424a0f,7de54f53094f395c1ea25a86879eeb995c6ba9af21dadeff84a3560e627441d0,f40a711a4707e5c2715fee355e0b6fa8c5b3dc845c457e59844c3fe09278d029,05175ffd47608ed3c8038dc0022764c5e6841303f0072139001e8d2c9c793d0e,f3c1b46209a9fa9ea554f61e87fcec55c0448065198ee908f2348c2f2195fc64
EW/2016/page_72.pdf-1,EW/2016,1,True,True,STRICT_FEATURE_ROW,True,KNOWN,unknown,PARSED,PARSED,PARSED,13380cbd13ced18e9d0cf751df818fda27332c58fde6cab6d0a8975515df1921,8de4e37dafb30b2b89d8c883019748b1be50982dfc2b03e30965675599a4db17,d31302738c060ece473f9396af1f58f9a1318b75692e5ca21e6a5bf16aef91e9,d1845e24e09605dd1265dd3bb059b05fb95ae72e43469229b6a4b8bae2e60b18,3af9f99dff8908d799c018b02239b362fe6caa06c663727ab89686d3645adb7b,f4f589513510ca2dd4c4d1abb10d85317378a61bb57c321e39272730cb722170
GS/2013/page_184.pdf-4,GS/2013,3,True,True,STRICT_FEATURE_ROW,True,KNOWN,unknown,PARSED,PARSED,PARSED,1ee4b4b48d5c19c12829455fa4713ffa948e9c0fc60ebd3290c0bb6e30c0205f,bfe683dbddf246866622ef09854d186b8f754e980d49b6561d64788b88c29fe8,db42614b35679fa7e5236d74261ecc4a3b1509cab60c890e9f2aaacbcf9744a6,fd5c862eb6ae2e38710e2a45c794bb12ad0298618bfdfee75e91393c04ae5c52,ba401d39a51bcfbbe5014246f8679c6b6ae294d6b0edc91e856f9f84004c716a,0f0bd8ded4db61ccc97016e4b827d6cd253d6977e3069ab9371bc0dca2049c97
AES/2011/page_216.pdf-1,AES/2011,1,True,True,STRICT_FEATURE_ROW,True,KNOWN,unknown,PARSED,PARSED,PARSED,3ba8cd2704ae784749d23a6e7b4351a297ab6de19f65bb942365f79739ab02c5,de1ff5bf589759d22be5f08b1ced4be8c808609330e6864ca54bce4341facf3c,81fd170ae36cec902720508e00b3eca1fd3525aca4b4e79096688b31e4f42a22,bad2f8f42550a63ea2afa12a0a6fa1b93afdf15c1793aca873b83102a36dc979,3684368e49ee8e196da14f27907a0535f34b4982edd71757683632671a3c7375,35e99be78a8f9f85f352f48af8b1a053c65a98bfba56fbf6e01179e94e5cde33
ETFC/2007/page_116.pdf-4,ETFC/2007,0,True,True,STRICT_FEATURE_ROW,True,KNOWN,unknown,PARSED,PARSED,PARSED,c612b3b694e4936937be30d77633b30de49d704205de806d7820c59e73c5dbbf,610c5b95227d67df09ed2bf7812400ed230b55da936478de08a6d0afcb311f53,d7f7af3abaebf07c42455128a6eb7456cd0446de360156a1434bd5f59abd356f,6b78f4f4aef9140d6467deaf3140c62ac713c1c933e579946ac5ae707f5a3d64,8997af6f5e852b00da3fd20bf33dfbcc5ff6560f31bb50a6cdb776eb1c91b486,a1a99453317df7aeddab70b066d85e6552b9974ce1b4e9fe905c76831a404fab
RE/2017/page_145.pdf-2,RE/2017,0,True,True,STRICT_FEATURE_ROW,True,KNOWN,unknown,PARSED,PARSED,PARSED,7792a9d60c09be75ff7b97ca871f219248b901747a43dfec5e4c74c49dc16546,2e06e387a169d1212cadecd496c0053c45d686b9e9bad2096f20f37bcbad27ee,19f3f1572a7cdd06f22fb19149a9831310ed098cd0416361e85c9f55d7de3f13,1903fdd7c3853c95aa1478e0ff1fe2384e262596dd00d1af8f40ec690f7edf02,0e3b484139b1f0b52578a5b7a10de3a4acabaa5e75b49f9fe84126fc4426fd9c,4449e12b1f17b84b05ae2e2ffcd78b7ea1f418531325e8304baa22928a3aba16
AAP/2006/page_85.pdf-1,AAP/2006,4,True,True,STRICT_FEATURE_ROW,True,KNOWN,unknown,PARSED,PARSED,PARSED,c326281e9243f9345f2320446c93ae8bf196f59e2629194a5b68df1112c6f5d4,5a1f8580af1a71763149361eefb521f1f9007cac4b303a8ac08d7f78fedd8594,c1d5ec831e633a2fedbbf0b7022acd4e628afa4f222fcfb4bf3167e217da650d,eccaa105b509cf9370d6832257079d802af5400e66e9f7d4640918fab6190cc7,54607580a2247a4e0d728c510e509593739cc1a32902c99e8fb7ae71c45df6ef,46187c25f473353f7b452eb7e5675f2048f65fa53dc63f0e6e4cd48e33b7b1df
DISCA/2008/page_141.pdf-4,DISCA/2008,2,True,True,STRICT_FEATURE_ROW,True,KNOWN,unknown,PARSED,PARSED,PARSED,6f48658075886504f6ccdfab0628a2dc97a15083f1ab4138b0639e75f85cdb26,cf4676a1619521db8de30a41a22f3cfb7bffa95ff77155a17f0d87d1477ce4f1,5cd86f5788e0e984e51d512bbb0262ed2e1605a005a52ef5d0f5dc0786f6c152,623632d5f5b64c182c804d4a890b9f79ff5c1b227853d832ae28c82098f0e35c,15890a313ba7a5421cf71195f519d4a470bb7f73e92a6f38b481d5d5c59cd985,273067c8c369a3676926255cd54228827157321e18aa52156a967af906e470f8
STT/2008/page_139.pdf-2,STT/2008,0,True,True,STRICT_FEATURE_ROW,True,KNOWN,unknown,PARSED,PARSED,PARSED,9e212a542beda34cd00f3da309df1b4e95339995cfa878fbff4d7f41569174ce,2692132658db2e68487cb1bc7273d60e8e33a9f541002a589b944b926f74cf5f,63c080c9b5849f94ca4b22a374c45400ebfc9ae9fb01672d656d78a175e73d29,037d7fe794469c32db710cc0649db7c5bf185f35ed567da5c85911c6f9314ea8,036660c0b81bbd6c19f5e33cd1a325b7218c494ee4c2af02a607dc7c05a780f4,a130bfb8e2e53fe101f8fb8c7badbc6a8acdd4932235cf90aa9919ee911abdeb
TMUS/2016/page_32.pdf-4,TMUS/2016,2,True,True,STRICT_FEATURE_ROW,True,KNOWN,unknown,PARSED,PARSED,PARSED,43f17508b6a31962e3557110e1927b32ca0b8371deed1dad3479cbcd638a0343,f4bee7fe29b8ed29504193d7208ffa6853a4511425b634a71a14c4c98dbf7122,774a5df25127b0ac3c31c4570c3c06b1c40a3be591e680f15f459c3d0ff2279a,6684714eb544f2c3cea5111fd222eed4e352ac376210528d621ee0a5a68d8c5d,47d106774b2c4573828fa5f76569f3334a4be8bc35b51e588795a1d472d2b6d4,b60273c1c3d9318a2026561bc11a1498d32ad76723429ce1163d5114edc0215b
DVN/2007/page_78.pdf-2,DVN/2007,4,True,True,STRICT_FEATURE_ROW,True,KNOWN,unknown,PARSED,PARSED,PARSED,a1e14b66ea71da3e010998852cc4412d87a695d90c33e20cfe517b96efa31e35,4d89750d0928f20f5794bab595c332ea676ac3854551047d032290d0eb524038,95738225abba1aa9c4793cb4f0de7f72520ae71dbf0769549f2395511d706a4b,ed6c5828ae576cd7a644e69b9f6909d262cacf1cf1d5eb1f538b49f6847c1948,2ad30d0e0d544889bb828ea40bca8ce1a4f22d906a8cf812173c0a7e49b3ab05,0d1782ba3ffb60f8a331023d3299ad0419ba8536afac565db91c88c5cde4dcf4
STT/2006/page_92.pdf-2,STT/2006,0,True,True,STRICT_FEATURE_ROW,True,KNOWN,unknown,PARSED,PARSED,PARSED,fd3ceaa434a467a93daee2c60c84cb75d88f422b35e66de53d20d72d4910d390,73258577245e0799ffef4804fe27e0ce5e3c6cb5affdeb8a578777dc3c62afd1,99d180525c9dddc3669fcaa443b5bf57e7a8a932e1676a66dea829218f0d7f76,ba1d81110b6a5ad0c983c802f03d96149d107bfd1e3679c0973f62f130c32072,80e90b270d7df198561bc87dfce3e71ffe5b4d11a30bed79d4d62f8f5b18382f,1630abe66b5f9c986a8059354e586e3c30326713c8bf62c7a01085e8d43ab4bc
UPS/2017/page_31.pdf-3,UPS/2017,3,True,True,STRICT_FEATURE_ROW,True,KNOWN,unknown,PARSED,PARSED,PARSED,ac1ecdbc9a6433c9382f11648ee7d27fe7c303623f49ad78783ae347ed499f71,fa089584a3e60671c06a724e94ddd730241d5ef0731b125b2faba717c3be9865,cf4aa16bd19a4b6e72dff7f184e26c262f95811ff1dbc125ea2e9ec22761ceff,eca76d04f911758bb97175f82e2e2570cbffef37ed221844cb7334fd1426059c,bc1825490f8d9836daf4170e2b42a5857653cf84ba12d59c9bae68e28146323c,999b63adddfc7b5131cac619adce76c45f460cde40d456337a06cbcd04efae4c
ECL/2015/page_70.pdf-1,ECL/2015,3,True,True,STRICT_FEATURE_ROW,True,KNOWN,unknown,PARSED,PARSED,PARSED,a928bb0ea5bf16aef8396d0ea4611b8f68ce819a76b56f7517b2c6369d2c3f08,fb7c64d61cf8e3e84e7c3bb4b7af77a0c0634b1fd43e988144202905d6494a7c,c39f065ac4c126677dd1f1bf507657840d2cf1b667e81216e10ad5e11cc6cc59,2cd164496261977d688cf44906180019dae3d511a6bad13fac460d74cdcba843,f47e41b5f1eadc97af9c0e4805de1a884b45e8d5431666ba6d27e4d6e8aec017,6126e75e8b49b01b1b7c968e258a1169456236d493295cad7d081bf8ed315b02
UPS/2007/page_32.pdf-4,UPS/2007,4,True,True,STRICT_FEATURE_ROW,True,KNOWN,unknown,PARSED,PARSED,PARSED,5b63bf267c138c7caae046a0be8dd78d0a745cfb61c136e927e721af644bda79,0036123fd85a665c20d2535f2eba35d4aaf471afd599accf035e69935c65f83d,56f6e6fdf07a0594fbd1b99db646cdfdcee09d42fa6096806c59aec1ba716cb2,fd05ea6fa3f07608cf3737c2add4d010669aaa4202540a2763f11c73d8f3527d,6528c3cdfc6f836e6272912785d53ce175057fdf658d8c4251a83f6e9e7f6bbf,bbecd3006855ad9488d381ec503b23383d7f0bcbf240f9d4a588ff9313f94fe6
RE/2010/page_138.pdf-5,RE/2010,2,True,True,STRICT_FEATURE_ROW,True,KNOWN,unknown,PARSED,PARSED,PARSED,abe8ecd050cb1f4f8e25de3dcc2ca3c48bff321e34ff8e64b1f4a082b4f8de22,32361bfa51041c55f42afa3af323da9a50ab8d4600c4c0ed96b3def1479e545e,1e8c644bbe4e3c69ba6728611448ea0221951dcf4fc10af9da67cc5eebbb8f0a,a6a24e164f9975145342c5ba4a019e74bf2a17dba1d2b2d003b4aebd373f8be9,f3723c3636a7df0ff3a84ebe339abaf611e7fa79b54858d51e81a584e73ec4bc,f6fa87afe49b1cad615c15647828bab8a56cc0d68fb0c1bb32945f5d62b16c0e
HII/2018/page_64.pdf-3,HII/2018,2,True,True,STRICT_FEATURE_ROW,True,KNOWN,unknown,PARSED,PARSED,PARSED,ec8ffec0d31a75ea538c474f8d3fc832caeef483f41bc252083d6dca8860703b,5947e6647f6a43012a17e92478267a8055efb1c36484455c19a32cb18893019b,eca5f800d98fd83f2ee4680e613d1e4effa42ca7c033660ee0c98df9bbeebe61,24b0686258a9e0bf216506a46a12f05657b653a861464c59ea61d141404a1889,f03db4e67f938a5f4fa27fe7cbb6db7ebf20e9c65de337b79baeba791c4d20b8,c5c37f03694268099a7fe4a2214250857a6ecbf7f05b278063f6ef1cd0e9e495
UNP/2012/page_39.pdf-2,UNP/2012,4,True,True,STRICT_FEATURE_ROW,True,KNOWN,unknown,PARSED,PARSED,PARSED,7b9ecdf05876157d11e8ab5d5699bef74766dbd99cc2555985dab170d3946463,71625ab6c52ff51639319d583e9bddb4de4c89ae14abc6dcf4ad09e77664544f,56484bea7e516e1d08148f626f631f330e831f2917bc8570eedfaa3edc03a1b3,ab948c33f3ed46d8754fe0010df6e7894c57c9f45114e1a6c4c7a9da6ddd463b,c45781e0a00591ea932901067bc017f59dd7a86957df421deec797adaa3d69df,92f57c40b1af00488318b0f16ee6572ac31eb4c517c1e8f5bc48683a1770b989
ETR/2008/page_187.pdf-1,ETR/2008,0,True,True,STRICT_FEATURE_ROW,True,KNOWN,unknown,PARSED,PARSED,PARSED,002756e463470064a7c0e4edd015bb6ff51c168de8a529cefd8414572bdcccd9,ea6c86c928eae4458d20198aa9ff64c0e8955faf66ce1eaa716601819ca63ae5,fdcef09e25c2312d573672c530dec026b8d8443e3c83ba51786d02d967a97ac8,0a52d23ba17b9fccd3e105123a2fa6bd225c3ed4073b9f4493770d59b843f607,fbabd7deda217347bfffd266d3ce340de02438894adcd0cb67e3036873cef475,510a36c983d8760f72c2b7d7ee35be994ca8f0820e21632a5a7db2ca8494bbb7
LMT/2016/page_117.pdf-1,LMT/2016,1,True,True,STRICT_FEATURE_ROW,True,KNOWN,unknown,PARSED,PARSED,PARSED,d17de0e7212b7bb7eda7d5875c1ed567435bfaf7e0c8297ab57fb3233f52bf7f,f42671605c9f8f3f61dbc4ebc509a01d7367e1662d6ab077c6fbc9ae70785370,60c08142fbb1fc4297eee9589c8774c23ce89cd7e0f21b3d036f02742fffa385,af982de0122f5deeb2ed25235a3029441f34a00db5bfbc68b6c89c2758af5248,3f8dd48e52c9c1742b0dc5a9430d5b29ff00a409fbc71dff4d52199f544c7580,a4e0fe7115f127f0e72042dcd5974c78796c4f862a7c1dff34dde62446e81ee7
AAPL/2011/page_38.pdf-2,AAPL/2011,2,True,True,STRICT_FEATURE_ROW,True,KNOWN,unknown,PARSED,PARSED,PARSED,0aa945d18326ce25b3496ecd3d4aa83d44a1e9d3056187611aa5b02ae4309275,7b619841fc6a320db4599f26ff3f7bd55d57c2d3c2ed2ad47346921afd53bab8,3141c5801bb0cc3898b5b6f8b87cf5d450349469e722fc69e810c0b124e1355e,8cdbe30c33d064ae1093c04371fd5d4b82175d5301b89caf652692d725f82b53,0442143b84a95a70505b17d43f3d62ca651ed0c5d1ec90cb8b9ec932a784a0b4,20842a1c671717161e41068f8e07f5695a729db9a1b06eb599b7c90cec6dc6dc
AWK/2014/page_45.pdf-1,AWK/2014,4,True,True,STRICT_FEATURE_ROW,True,KNOWN,unknown,PARSED,PARSED,PARSED,e5e23af66816069afa531ad0c32cb98021ae01393c7a66ad46cb90c268c37325,ee6e42e0e49517bca7c3c82221dd598e5e645c1ad9cc80842eb052e6a7eb9b6e,7cb7dd5cc14747e661ca199b8b955b2fdc0a1125d0a1e48c60258c9edf4eaa1e,2542d160378581598a0881a6e762d9b62708e33b4e9d5d3db29791a829420028,a3da4333a0048e2be04d24a5f4d4a62eee856370aad1b32a2351158d933dbc25,671716aa81a994012788548d824eb97a3b50ff97e146ede7c46a75e2970c454c
SNA/2007/page_80.pdf-1,SNA/2007,1,True,True,STRICT_FEATURE_ROW,True,KNOWN,unknown,PARSED,PARSED,PARSED,c410aa87d0fb47fb287cae5dbf06d26afdd2c11f937ce3a2b354191831f59962,a911233ddf45052b88d20107ebc8c4d6a018bc028b7a61718644141b20076080,bf8bd0213b02266beecca014a6b99901217ce09401127395f6404df9d27b69fe,5cf4cd53e3dc2638a188cfd30d45474d7b9114374d073c8c25599d5667ec880a,4746a74ae10733dfdf65ec08fe628492f965f41bdcb779243ba7e18c53102854,d7de4a3f7177f9d7bf893cea519b0857cb579d050db68fb8918cf2a3c00b1913
ETR/2004/page_335.pdf-4,ETR/2004,1,True,True,STRICT_FEATURE_ROW,True,KNOWN,unknown,PARSED,PARSED,PARSED,e9f6058cb98eeeb3076bfe51b06bd87de9e9f3185053ed52969f4fb740f18ef5,82d86a118c2edd8a5eedb0c62d88da9d743601e2d44ac113d67a62e7a717f8d9,98887f46807785fa8b70d34ac8033b6bdb4e5ea3f677c7018e61a9053134285f,fc3e80f06451fbf7affdc723537a49ff96432134d25647b1ed1da0e87a5cfa65,892d7cd784bdd5b8635bdf9a785a18b48f911f8dddee5ec66c1f2a179ee9ddd3,5609839db9a39e9939c096f4e58ccdafcf47a86d55483a4676cf413c5931e5ce
CMCSA/2004/page_30.pdf-2,CMCSA/2004,3,True,True,STRICT_FEATURE_ROW,True,KNOWN,unknown,PARSED,PARSED,PARSED,1c5c009c9d583fde0cbb45c4bd872d30d4ebd9cb38dff72425a922f80d1f8f91,920c67726e9a72f68be1060cdf40c181ae19ed123eabec70bd4d8955cbe5cc0c,1d7aa6a88c2a0e7d2631648f2ead596518e594bcc33b833fb35c1c4a7d0e9e1b,c6c1265749efe2eaf974be0a8fc4cedbcf06e68f60be754dd9bd6427e57be3be,bc3624119f438825640c8cabb5fcfa1f705b34c388b7c411d30a40c651fb905d,c5aac0c1d9a470ad85b147c3a2ee3c2a14a977f4430a3809683848f1fac9eb19
JPM/2014/page_128.pdf-3,JPM/2014,2,True,True,STRICT_FEATURE_ROW,True,KNOWN,unknown,PARSED,PARSED,PARSED,30e5b7a3b2312eb1cf8f8e3c8acf8a90689e864ceb1a19861d0d2a93ab3ba7d9,3fe999fbc4e741005556eac989a5ec62293de601e3d14a68eed4d5243865965f,c113e02b5cb5e21c730d54add6c0d3bbfea96a5811477caa9170a3be912c79f1,88a3438211ccf56e988bef9e6c2380a5dd65edfccc9b75b54a637a2774709ea3,6195129f23a46d1bc255d8634603c1ef4fcbc90e94b12aab8e0ea14ef181e44f,cb17ff4dbdaf57b344f088d256ae87100b7a04689fc359a1093015b4c9563a4c
IPG/2018/page_104.pdf-1,IPG/2018,2,True,True,STRICT_FEATURE_ROW,True,KNOWN,unknown,PARSED,PARSED,PARSED,ffa5ec6554b94bb8bc66ef619ffaa2e210ea25a643d403e8c8e9a2b86c86bf3f,b898e6d325da2e696f059b9b84242a4de862f034843048a03c3c8f28d717c45c,bd0dcaf141db91a7fea0a8eb61ecb7efea9d7135c078fed69e2f9c5ed02f9efb,1bb47f48def860cc795e935753bc420ec6db9cb9480dd432fdfda0ccbb0fb380,60ff43e7a920f6fea0b2435db45dac47b4b7232f4952a1749dd1786db5c04d6e,55ff2ad102920f41cbea3427dc2db6702c068d4734030c244713ffbac4b474bf
HOLX/2005/page_61.pdf-2,HOLX/2005,0,True,True,STRICT_FEATURE_ROW,True,KNOWN,unknown,PARSED,PARSED,PARSED,9ddd11e0611f3b83edd46269f489c9c0322f310e3502c138136b1ebba4301416,83c6b35425a1c83d23802a745cb210d02ee2fdc2f2057b8e3976e4abe378f4c9,c1975fc4906eb906b4154a64a3ddbc1e6f41e0b49dc48bcdb15e2989d4ed2b5d,a4824765a977f0361f0d5ce6facb2100aa8fa6ba90ecdeb6b50a730da3392708,5ab5947451eeb7c33b79247fb4d169cfb08a152dd5aa5721160b250e0b56324b,d5a425be14a18bbffb7745216eca3a713b598f53c9e37ea0d67e946c4659ce3f
IPG/2009/page_67.pdf-3,IPG/2009,2,True,True,STRICT_FEATURE_ROW,True,KNOWN,unknown,PARSED,PARSED,PARSED,36eeb77daf614c1fd1b9db862a8a9ffe9b315c3250ec9cda6262d055d709d47a,f9e827b70b50e161d0f2ff3b5eab59fb5de850ae44a875156b9556514c0a0cf8,099c460ae9d2db0e3480872474f0ffe257c393eb513e4c030543085565328a0a,fe5f9cf4a90f675260b5428b42cfa636679a061182ad7304ab17d671b46f46e5,41d4ecf34b001faffb6c8a1df15ed14af6b58ac2d5447352522f0d50fe0b9e14,6c49461f9f70b50a7e0be255a349fa6c772109bf7c81dfb39e592d284aa343f0
DISH/2002/page_94.pdf-2,DISH/2002,4,True,False,NOT_IN_STRICT_FEATURE_ARCHIVE,False,UNKNOWN,unknown,answer_not_numeric,answer_not_numeric,PARSED,1818ab3f4f2a0b1de3d9c337b2c72551083462933b1c3f102f8875c71cc7b412,fd5b1b54c69b603ec00f2ca6d4a033ce3392ab9a261b3febc42e99cefb73c5c2,520204eb5ead83a33146b191c46370c7c92a4e75c58ecc0423fadf38bec9b878,86e179f44b7c66641145b8275a7b1cb1bd012d70cc97d3a1f6aac57423928704,3fff68ff3f24d19ee9d3101b3a781bb369323cc1fd8f30c11bcb3e7a7be74969,3e6a385809dd88f099ea31cb013d28954a6085216d31aafda822995138703747
HOLX/2007/page_154.pdf-1,HOLX/2007,4,True,True,STRICT_FEATURE_ROW,True,KNOWN,unknown,PARSED,PARSED,PARSED,c8a7a36c0ab333f8ef6ae3007b34f869c69e77dd7c7d26b940b7a058a7660ecf,a33a46d64e82c97954e29cbb7a6e985b6247c5d39ecb47af39181d191f9fc243,d8df142943571be63a7626b7bec8a4bb46f925ff594e55bbb411cd7ebb3b3e74,f77ec82565d10c9432c2439bfeaea01dbb22d71cb2f9e18df5fd20918517f6ec,557d9a0132545e7f296c712fb480a31248e9474db1e506f42dd163b772c1d795,aeaab7b1b34978d5551e6f32b10ef53591e66659071d967ef687a0173f41b4ed
AWK/2017/page_172.pdf-4,AWK/2017,4,True,True,STRICT_FEATURE_ROW,True,KNOWN,unknown,PARSED,PARSED,PARSED,347a95aaf6e541da20d9923edc321e54950e5de8d22a2ba349d96f07b305a1a9,7481a7ccd238876b86c0fe187a0dc65aba62b3b3a66a134f44a46e1665c1cdfc,d76f74621d88deb84a6597ac6ec02596b4fd0f3c3e83fb713ec9a1b737668845,358c773379d26c8095467d7d9c024ff8fd102011d4532ac79cd85bf7ba7c68ae,8c46dd9cd98a1a0103c7a961c7520a8e23e4c9fb7a64ffab6252bc573ac01f78,b32a855d0353f3274f9471e9663498a0b04314b82afa8be86a88d9a74fc0ee97
UPS/2010/page_33.pdf-1,UPS/2010,3,True,True,STRICT_FEATURE_ROW,True,KNOWN,unknown,PARSED,PARSED,PARSED,022f2d5ca6c9355a6758ec6ce98f3b5a4b1add2a0077724869c29b2d6042b9cc,75d20fd3cba81e1f68c418482211f63eae194e0d56adaf999708983e7362866c,87f80c3bfc164197bfd76a228a101b5e77a350a544947d83d940c6c76194a62b,dfc53552369e8c20e9287e189ba9513ca543eca1a0edc1452656a44f9861a9d8,5d2cb08cd920ae22ae2ea6a60a8018a79b581f2aea13ebb1253d77a8d13352dd,417c02be513dd7409890f0b4269f2a905b921bc9e4f666c454debcfdecd4df42
ETFC/2014/page_22.pdf-1,ETFC/2014,2,True,True,STRICT_FEATURE_ROW,True,KNOWN,unknown,PARSED,PARSED,PARSED,e73d4332be96278b3202f6798e3f7e027d857986baf177db4b897195235cfb6e,f4cca591b0e15dd5d1aa4d5bd3c681249fbaa2fefc998dba60a4d3f45300bd79,113073e52bc124d7002afa5eaeda233cffd4223e11fe8369796ac4ca689b55a3,a4927b2ee4aa68377ab32d2a3f913e82a8627e0e8bcf3dbe94e32d0a2857c429,3b0d6b6cb26513e8d051b9fa3146792db0605f7414d90f6006647d8d3f1d681c,dd5828b429cb8c5595c57341ec78340a6558f9a7b7cb5a70cb1ce08cc58d9d3a
ALXN/2007/page_96.pdf-2,ALXN/2007,0,True,True,STRICT_FEATURE_ROW,True,KNOWN,unknown,PARSED,PARSED,PARSED,fe7200ddb0c5d0bd71ba3c59b5d9e4652f19fc034d1b7da0c51a90e8fa3bf91d,db24fc6b1635450d790b696abd83970a140f2b84f7beeb1ef8b53d6c2b5192d8,1d252f861a8661484c41470eec03b645b60d6b3e3230a11da405bd7a251bec4e,181bd952848b418e27ba832ebef08042a7d2d9c142abe358dac097d0a070961f,4cf160d5541a4429fd2889281aa634b49997c7defd787d023b8a248df7ff006d,845b3f6de086e859520f2290f9fd786dc8a602ff783cf6d991dac91b7d24ba3e
TFX/2018/page_47.pdf-2,TFX/2018,3,True,True,STRICT_FEATURE_ROW,True,KNOWN,unknown,PARSED,PARSED,PARSED,0ec8b8c06d7e3159585671d81f5928abd4816285903b2c1c113f6cc7c0fe9b13,37b7ce524dc866ab446a24ba5eec718d58d7ee452d365e364a0e87e91bdcee9e,262b00dcf9801fbde583b70ca346b59b1cb7bed267bf3fa36a659a2bc265e7d7,b9a7f2b525a4b638c2d363a56b433241d0542aa21a9541c834214c70e379f1c4,5eea427bd531e50912d8aaf2ef03a126eb82f50dec6a9a0ba609d6e3dd000981,d3c3ec3e5b7b60261bc7cdce7524cd8620d2a9d4b575a688216f7c9330c36594
GS/2012/page_129.pdf-2,GS/2012,4,True,True,STRICT_FEATURE_ROW,True,KNOWN,unknown,PARSED,PARSED,PARSED,b3c2fb8816dfb934de4e65c7398d6c9f7064bebdc11898211d70fcaf1cdd453f,297f5e0e84c2b98d1aa7dae90f9df3b245ffc1cff96a3712cdebd3c8feaf5b20,b5c6c08f8fe29fa8838dae7d1eb9ae8b9f63ce8cc802a90990f0b97749426124,8d1757f4fc18120d731ee628be252079e6387fde706412fb57a3f0126a2c8715,de3c19b8d65c656ca449d1d68fc829457dd02a33b909972ad1c05b7e2b606e16,1c5e4a896efcc94458f89c12c0dc670d0375c2156cf73f93b8e867c2ca69b0bb
UNP/2010/page_55.pdf-1,UNP/2010,3,True,True,STRICT_FEATURE_ROW,True,KNOWN,unknown,PARSED,PARSED,PARSED,f25b3721e2956d9b111a35679beafb6f381660d8404ea94bf65be0b730295838,3483b0de6f52bff8175cbd5b9679f2dd98f0b64813456d2572b7af74e361c6bf,6118bfdf2d8357a1cdd47da1baa5309969f222ef82115b2601a3ae75c510d36b,cf86044e2e660a3489af9a46d8bb9c6cac640f375f217cb98861ef9b5a4f3117,44789a8e26a84c86ebb97e7f8c577ee117fc362b96cecbab03c6914118e34355,34ff9bfff39f9e7f8b7929b83d5d0ed8e38bef809974e50d9314d10b87685f07
AWK/2015/page_110.pdf-1,AWK/2015,0,True,True,STRICT_FEATURE_ROW,True,KNOWN,unknown,PARSED,PARSED,PARSED,c5a23841ad8bc585e702c45f19c056f736f2790ce864e2f7d40db57ca48b0ee2,814a8bb1a37b86361505dd8dcc1a85e041717e0d26ed4879bf1da8d1fe68736e,2357ca089689a007e968f83272b1bcabf2d77456400d56a827a6dd31e79f3b77,ae7c5ecf9b9975742ab3389314450553a63acdc6fbee05800d8ab5da01454f16,19b02b77d4fd4d4000b20fe76840a483926b37d2a13e0ef876487c25108b6df7,d8283ae94a0e57c56f15f5c90d8a59b92a74e5786061e0e08496e54edea5d83a
CME/2010/page_109.pdf-1,CME/2010,4,True,True,STRICT_FEATURE_ROW,True,KNOWN,unknown,PARSED,PARSED,PARSED,c6b154ef38b47ad102dac17c02420972bf39afff6f3da751269a167672011093,e71a789502e50b705e30a19d9288f682f3033ad497924271b412b321db2b9d37,6dcfac7d835f5b961bda0aa9569f6ba160f5c0856c1a3fa696b792d90d32f025,d5d58c2c9bbbad1b17c6724dff8c6bcb89e9d751109310a6d402a24d67319d4e,887a46eb170c2239a81479917ec78ce1bf382f8fa56b019c2ce9517964f9bdb0,3418f46d26a8804826cf5215058f86c465e7d3fcb1a9f5897a7283b568ce56ca
GPN/2017/page_30.pdf-2,GPN/2017,0,True,True,STRICT_FEATURE_ROW,True,KNOWN,unknown,PARSED,PARSED,PARSED,35226aa273730d2aa54c0f42d16dddc1db4b38203dad23b4505bcc345a4568c5,5d2562e58918d83eddf11155a431cb4028e907e2a957c0fe34e3d7a8f72e7844,c8a5df02874db4d8047086280069d1912db167e472649ac6e449f605dfe59815,d7160f61862ac1e1827b25d13085bd5b2cf8eeed5b2cefd3efc8bdba5fc42db0,a2a82d987f019fdd9e3f9ebb47757bb72842c3b2a18fe25b337572c583a82cc1,cc80a5debac6ebe39ce7b10e5cdcd01a8a7757bdbc8d75ae5e52874672cd9d6b
C/2009/page_279.pdf-1,C/2009,2,True,True,STRICT_FEATURE_ROW,True,KNOWN,unknown,PARSED,PARSED,PARSED,3ca06d27bb709774ebdef0d7a0240a14b84dfe3d2b6b7eb48617e5f43bf93f42,ecd9ebba219e1e499d3aaf67295966fcebc266d17dddf5b0a49a4ff245d1b0f3,4dc1c727ccd352d91d18e90e475714d3d188c32c8ee1e2ef0b76fc6f27ba01c2,2c32ca618e462f21522cdae545978a892cae07507b3b95c40968c07654520c4e,e0f5f958f891036daae4f3d1feb44c4f7b96b60a83081d61a125910fc45fba0c,fe355e999375acd962b646e56d17b6a6cef1e2bee16ca03cc1b43ff5c22b873d
IP/2012/page_64.pdf-2,IP/2012,3,True,True,STRICT_FEATURE_ROW,True,KNOWN,unknown,PARSED,PARSED,PARSED,af1277b9af40259a04956742cf5043518c85a8bd33f2dd9e134881d2df79d9e0,7a3548a375bdb95588572e6a665f505e2455185d163a694c986e25170769a207,31b934e79a4aecf195f97f301d44bb5099368cae860ba718016fc930219a32b7,7b099e6800e85d141e7ebcae97e93234d4cec74af12e932f37808e0c835ba18f,e1c2df676edd1b550500f60971d9c91885950989d737454932a1a9e223e37152,890e841293601f81f0d94239bae1f58bf826f959f6e653eb179059b85eea747d
ETR/2017/page_401.pdf-1,ETR/2017,4,True,True,STRICT_FEATURE_ROW,True,KNOWN,unknown,PARSED,PARSED,PARSED,0b0f26429de9f3a853474b9080fb5c023079e9f74b760022a9767f9204d604cd,8270cb2f07dc757c2e59caf2cabf75715cf1bd3d96cc885d58cb61d08487d4e8,4968c9402f01a54a79e56b8c786ee654af82fd1ad780ea49cd0c820ca29ec15e,a560468a20afe7bce3fb4ae0b12d96773d9f780ee1fa3c453261994147af6560,2f70fb215c8b170b4dcd8da8295a92ff13c281a1f6d227467c9f0e271d3bd656,a16a421de18c65f8e913fbba18c13f402601cf2f070a82142b0ff5d6fffcfb0a
CB/2010/page_114.pdf-3,CB/2010,3,True,True,STRICT_FEATURE_ROW,True,KNOWN,unknown,PARSED,PARSED,PARSED,2612df8a3d4abba5868c7a68446f013f15a705a3ab6560d02313f299cb2ded16,33a2e0e42ec0bc082132bd9300e598f0ea6db0172342ba43e8496c424e4e339b,8e0063e34c7f1d361e59e873e6498a539cc1625c2e510ad17c6e1af26ab3ab4f,f39126b6d056ddfc4cc68fa5d4b40915349a67b24a10eaa71028bca7bbd37bf2,71ca31b25d5b45ec032b3de3b79bc34b6f5c0101b7ea5ce4163a4f71b0cc4a2b,25fb7cfc4bd2331fa788d8ea7c3d282508f0727e38f119a024fbe985a44ce0bc
CE/2010/page_134.pdf-2,CE/2010,3,True,True,STRICT_FEATURE_ROW,True,KNOWN,unknown,PARSED,PARSED,PARSED,127e5748a3626daff81e49719d477670dc616d73afed1d7d5c2e776a92dfe876,db06eb54d91cafbc86c1d0a8876e74a3a35e45e4909c0595d9eee8eeb1af56aa,ac88b8011ad4b4fb957dc67e6bc4e8e744a8d4233584c891dd4c3a292f163684,afa55ff26f10f92adaf61a87c51ccc95ffda4352181f5032a962f0c68fbea3eb,60c7054e8a047e228c755ff15c3110bb12242379567effada2520cc49d142a78,1554c02720ca1e9d15ad11ffd25a81ddd0816eeddf24646f55a2d12fc74cf01e
IPG/2018/page_78.pdf-3,IPG/2018,2,True,True,STRICT_FEATURE_ROW,True,KNOWN,unknown,PARSED,PARSED,PARSED,c7f89c0e852cccfbdbadbadd9bd6a4f4752ef1545a7e72e64b3837109f698b39,672aae206def1e70c15300535673fdb4e1283dced7bd1b72363c832bdbb30ad5,7a2226e32f5037fc45d539036451d87838133d5b2492ca7f2b170407d9b1bdc9,31171a9cdf4fc3f2903ea926701b5e5a5ecd91c3198547cde00244424f0a5182,eeab6654e76eec8d08798bdf0e81f083c60096ac7cf8ca78a1264223272c5c6a,c8c26466641a53c955fd6d439c70b22d38177cad83351be21618557cc9ebf17f
ETR/2009/page_21.pdf-1,ETR/2009,2,True,True,STRICT_FEATURE_ROW,True,KNOWN,unknown,PARSED,PARSED,PARSED,543521cabc3de7983bdd76b12ec8f69940b6f2d3bb0035ca469b87cd1d2e4d32,33c48e0ef9caa8dc5cc3b86e0fd7811c2544dd3caf20b3dc6c63cc098be89806,02116a4ec48835a197f46382f3bb99e1b7987925175e42fdce7921398a80df76,cfbff0d5c2b7eab548b27f36206cb600f68c80448e672d3aa036f30b866a0f57,ff055328b1b11882b1fd727633ec1acde385383cd74f9f97dafcd22513c845c4,d79205816ac8acff8db7a893f458b43a1194bd6812b5ec4f9f0d92b6eb6da0d9
HWM/2015/page_80.pdf-2,HWM/2015,1,True,True,STRICT_FEATURE_ROW,True,KNOWN,unknown,PARSED,PARSED,PARSED,61c528e9f8373a7d008289465807192531c2808e809ce7a521354c27282bd5c4,82f48a93dbb6159ca78635320093b9edd8bb2645d6d3dd445706c038a8dd9b23,affffe57a41ba7b7650595420fdf43444bfb1c961759182cf4c9d0857dd73e78,5afee418c85e8c20b897f6bd251023f7303540bc3080ec618a26fecca8863e53,1bd1cce403ff1b11fa5ab7e73b13297784a01daabe9343e311a5b958a0af7eb1,f0abdb9ecc497c6c7d698830f230446f20d9f3f9efe3464a3471e8a06e1e3003
MA/2009/page_112.pdf-3,MA/2009,4,True,True,STRICT_FEATURE_ROW,True,KNOWN,unknown,PARSED,PARSED,PARSED,fd543c640e8fd870615e903653fd00c47640a8919666b53c3acc98a3664311e8,02b24803b64e29183cd626ae9fa03f33d75148e5913fd3036409fe50b6ab6518,8c923c4b3218f4f5cab8d69a5e484209f128a4760c80092b7a656cab412d7a22,f608a621e0e12870a5c28d5809e048b8dab391fdc5b64b4f54800f2bcb9b97ec,accfa6b36655af785e324087216dec254bf34fe7190f4b20a60494ff9caf2cd3,53b60dcb2991d9e14403a9546be79e4e2521279fe6d8f91388196233b6e447c9
PNC/2014/page_94.pdf-2,PNC/2014,0,True,True,STRICT_FEATURE_ROW,True,KNOWN,unknown,PARSED,PARSED,PARSED,0a58077881b431aaf277366acf1ebc718806b7f3d3ba15817df294f8dfc08282,afda4b202d7c2d36c509005fba3642314000b57265c1d0ae9944f99d2c2f6ed8,82921665d053e50c44fd332cf28c79561ceaafc872411957039c6b16d800091a,ba2cd6b201022625696cc340feef46ff377cbf9292c13e30f56126a6f6003860,f1be7f071f2d08e528f9cbab0d59e0fe33b7c4de1dfdfcfdbf314888745fe10e,2c6499d4b06250ffc91ca974896bd22a506b9ad63a0c3fcbc1c61e6b754f6b0f
ETR/2016/page_444.pdf-2,ETR/2016,1,True,True,STRICT_FEATURE_ROW,True,KNOWN,unknown,PARSED,PARSED,PARSED,4e6b486e5333133597ee5d0c95739387a076190bec5d018fd49e31336b85d7dd,3b4c00022126fa669a0be3c381d4f11bd48f5cf4e7a161ddc9ae512adbca2e2c,196cd86cf41f2044148609d6608f14a76fc255511ef3e935814b186940f418f4,7f0ccd68a58a2198f498653a6ea394bc1e41920b97299818f615fbb305d4816e,0671fa7d0e3d252101f5965e0871fd5301c92f5685767f70a4ecbff7e0ab0c03,2e826993ad0d3c52c769e00958c256a3ccc8db2733c05f9606a2b719daafaefb
PNC/2013/page_66.pdf-1,PNC/2013,0,True,True,STRICT_FEATURE_ROW,True,KNOWN,unknown,PARSED,PARSED,PARSED,593d27f03e70301d13c83f973b3c3f912ed3d31b7a7c90c5bcc5cfbb4dcb13ed,6fd53f873446482b1db75f5bf19ca8416bc34bd47bcd328acf7c3470d46ac4c5,dc267e3f5a1a794d17c88ada6773cf6d04660f93a5531e45b6f4bba3e33bf47d,b7642e155f0889e74f9e6872eb83e2bd132418efa987d8368988ede1a9e57337,052990af16af9d0c5b6940f3a1feca3dc8603f6bd871c6b3606d29060db9230e,06a66283886b74c67b80d366c753ed88ffdf87ebf9278ce34086b4e71cdd2f35
HOLX/2011/page_127.pdf-1,HOLX/2011,2,True,True,STRICT_FEATURE_ROW,True,KNOWN,unknown,PARSED,PARSED,PARSED,cc251d37656d68b1a6ca825e947e34d603e7934b41edf8c5540be1e95232f13c,9c8d577fc94910a0579fbb0ecc39e77225d5942d496cdd72092a24572d77e373,ce27863a5c587493ed0eaf1b991db93c6b4044978bb9f5a54c3e047e644530a3,a43a0e16486289a03dcd792c1bda79d39c072f348fa163f29d7095c61805e07d,bb3ec73d2c14ca5f201660c949e4e9da087923cc533b601dc8d9e2f2d016c5d3,0f299c369ed587202299fbfb91716149e9ed3ced49b39f6ed8acec4faa30044f
RL/2015/page_11.pdf-1,RL/2015,3,True,True,STRICT_FEATURE_ROW,True,KNOWN,unknown,PARSED,PARSED,PARSED,65c82575604cfaa6d0c4d2e797e625d5fb2a9d9776aed40f2e04a41235ff9df7,ec28ddb3a930dcdd814f8966d15e6429a003e233ec408fc454e7212d1c9d7a14,24b83e125a85a04445e2e3a7fdcf198421e9d769b5f7284a9811bb242a68a1b1,c952e1871f9b6129533c2688ec75218a5732b1f4af53da0d8ed5234adcadf9a7,c915766a82fb11efb01873d2803cc2121f1c49df9aedd0eacae3c1b22a288620,1e74f43cf902cbab3a6187c2c6907c5584e3834fd83528e9dca07c5032f0cf98
UNP/2013/page_35.pdf-1,UNP/2013,3,True,True,STRICT_FEATURE_ROW,True,KNOWN,unknown,PARSED,PARSED,PARSED,d58f07c1a6c03c3960b74a67269fb9478309c2c37418e16c6f360f75cd84d8f3,7f6a859b14fc536e1b0287d117a6bc57b83c6924785aa507b0fc51af9e5a2920,bce86633d5084157fc46507b458fe19ab9a4e9136a8a3a1990fd63abc2ed9ce3,92988adc834d4325b419a8c8e9ed051b7e8ab71d5bf0051545b562a37f23d8b2,672446e0ea9a9c64f78f5134095f00ccdb22f23e6c4338ef593ddadd54f521c5,ba6e22f440b10434af212ae4c6bf4e91aaaac8b6dc41203a558b679d6324a4dc
LMT/2010/page_39.pdf-2,LMT/2010,0,True,False,NOT_IN_STRICT_FEATURE_ARCHIVE,False,UNKNOWN,unknown,answer_not_numeric,answer_not_numeric,answer_not_numeric,f63dd4c50ad6d03488c07c304d760afb7deade8c6e6bba056217da0369c592a6,efd4cddf736ee8f578e7454a5263c1a4b6fe9dc5bb6c075f111dae33e520d782,ffbbd348e76d59dfa8a220f31f2c0a6b968585cbeb554546261df84e16ebcf6a,d69e9081229f189e387d4fe46c643bbe5de6976b7cee384944a44c65a66b02a2,6ff0e64b784a6c14abc0c9469b2d4d4c0165a5d267f4b4c965eace8911065358,babd6e45d45478efc0f9c82dcf7360f25977ef4e30d9630bdf48d5cb70e947fd
ETR/2008/page_267.pdf-2,ETR/2008,0,True,True,STRICT_FEATURE_ROW,True,KNOWN,unknown,PARSED,PARSED,PARSED,d21759165611e7192dad1a60d840985d0bd7d809b5ed87c27b04081e06cdc254,811c4c6ca761a9495fa9b6646751d9c5888cba22d47dc352f82fde7fc98b1a35,ee5ff30380f189440570b0b3f39a0ed4be013d954a359dd21f1f2fa0420eba2b,2ee8a8a4be798e0955a5b61f3951dedb4ce005b819083f1f9944e5ca11646448,9af2abee35d5e2191db9282e785a60a7b41002154c84517948c8d27df3edcff1,6c5af65b8626f0e52a778d3115596929661f39e79c68bb9b488ba2523d3aad47
IP/2012/page_98.pdf-1,IP/2012,3,True,True,STRICT_FEATURE_ROW,True,KNOWN,unknown,PARSED,PARSED,PARSED,9ed646e44b535e160b79255b57957d9005bcfb3c7dfe53c1da7f5573ea43555a,0712e30781b1eba9fcdf9a04f68952daaa727141e51787af4bd6ad3ebe6086f6,96d82b4a72abba5bbbec33ea7d677cc46eee214e2820fd4e058b028dd3928523,62ab304bd6d0d7870fbee610f781be99cad2f1869c5419aab60160f46c64e3fe,2e2f047fb3939e0299eac2ff01e1715e5aeef88ba9e94fef153f855d26732ac7,0e2f703c7e9860ea0373cc54d90ae295f99a394eee10d3993de9f510d038b4d9
HOLX/2008/page_140.pdf-1,HOLX/2008,2,True,True,STRICT_FEATURE_ROW,True,KNOWN,unknown,PARSED,PARSED,PARSED,936d1885b57bc8c69f3fd9b509fb5414ffca73a62601bb46123a9f67e4b0d3f0,51d2aeb425c3ae3bbde36627fcb2212915fad961e3313507f5b8846ee0ce25f0,0852b7af366d73deccd3ca92a3f30254847c3cc353f5f9febcff55ea02e9823f,30b290133881c3d38a2a60c1e65be6e6b878a550e27bca9acd0ec96909749500,833e4c048107688dda0355acf56b51ff3b1b646b763ba190d65dbe545a66f902,376a595a2c77d0078659a3554081ed37e55a4d17aac8d85490d885cbc2beede9
AAPL/2002/page_26.pdf-2,AAPL/2002,2,True,True,STRICT_FEATURE_ROW,True,KNOWN,unknown,PARSED,PARSED,PARSED,ca4e95cd9139a8f27fd7d695c6764d7d95b82010f1c90d5890e1409114e07de2,8f4feac54df6031d47a908e875a8595c6eb4e78a93b1947bf139c0e39a470a77,4eca9ef7a13e7fe7674da0ba5a47a62627e91336a0f388fb70eab8d8cfc5a56d,54235e4da8d7f6c1ef87a546d45048d8cec7734c5ca1c498e215eb7fc6a5cee9,2643721565d7cf43875a7542e1577e5d11e60fb22546843c2e5815f3b60f5c5a,fb53ca0d992c624165a10b4f04ce26841e93390538fd5caa7a015f0a65629b19
CB/2008/page_83.pdf-1,CB/2008,4,True,True,STRICT_FEATURE_ROW,True,KNOWN,unknown,PARSED,PARSED,PARSED,7570c1407af13638ebff0b970cbbfd5bf59ac9844277f4cc75783ae95f2128fd,8fc3de15615f52a5a810b00cf0f33657e5b0be1a81ed21ae0d112a849f6585c1,e28c8c6d7057a6c9d461f9d3d8362dca2e95e5710adcae509beb006517bfa6db,b9f4b2abd0f9541a75cb343a5ecdb4560b451cafcc46a71c47af1f069b35d262,66df8c6579f7612b5e10af6c6d65370df948dcff9cc9f7b13a7d901f3f7e5b60,20f29686ae4328d5e566be9826b80f5ae81139ab6f61682035ed37f7b98fed61
IPG/2016/page_37.pdf-1,IPG/2016,0,True,True,STRICT_FEATURE_ROW,True,KNOWN,unknown,PARSED,PARSED,PARSED,74c8c442889ba17ba296153816ddbf9e401b11194b5c277a3a2ed8d155812a16,baaff82ecae51d86358abc282a81dad7e92c39e4606323dfeb3d63faed7475aa,10b7e9084be1c071ee284fb7ed341950cee5565485c9dedbd8090274ab96b6c9,6a61ba48e365b8b75f31a58436fb7bc9d5ba8a40223527318416b2e7961fa40e,e83b526f9e885e7b6f8148d316046e6b746eec0aa6ddc144fb74ed6eeb8240e9,978f40c5efca88d6ae2fc56aa50f8fb90bdd0a91f4511bac26bca5503d2036da
AMT/2012/page_56.pdf-1,AMT/2012,2,True,True,STRICT_FEATURE_ROW,True,KNOWN,unknown,PARSED,PARSED,PARSED,afcc19ce2cb848466355421c444b050ad2b902a9d63ca887c9f735d262c08799,c73663bc992d1bb9ce647f11b1540ac5444efc9e1c91e472a434f27c98da0930,33b26f93785b7d37129b842b9af419fd0e4af0bcd2a90005d8a74d0a88f0ab97,507161e36305ac89cd25143af59d4d65e602ee1986167bb62ad3b1b9978192b8,e07d607d76ed1c5a569da9cae9057d97359e3b73bf402f3a72380391198228dc,cbd890d2c76349873b3991158146ffec45cd0a2dd450a5a9c5cbf686bc18580d
AON/2009/page_70.pdf-2,AON/2009,4,True,True,STRICT_FEATURE_ROW,True,KNOWN,unknown,PARSED,PARSED,PARSED,d3a4bcef18d14a3b6712070e339e4f85c98d216d609a7e57925010e83a5ceec9,79fd11ba81dd2132f53544eb516251fbb8d1806810b2985d09973ddb4c5f22c5,6c9e9aa3e1fb3893e2598c8064279ca59de8e2a9fc49d908b954e5a3c15dac5e,075defe374baeac4bc631d7ac9cdc3e0b6ee5fdaac0b0d646c1c112a924b9ee9,22142a371dd71699de07f13d755b867a45f0bc228afc0474225a2c542af5ae1d,a06a8a3410503a9c76ad7444aa7ac115756451d1f8ba2e444229c880692f104f
RSG/2014/page_22.pdf-2,RSG/2014,3,True,True,STRICT_FEATURE_ROW,True,KNOWN,unknown,PARSED,PARSED,PARSED,80b1fc3dfeec2d92db41b6d1cb8048409e454827495fddd7f02ea4c86cd2e20f,5ceb6331fc8d6b6d19d9aad70a74f06131aeb39c4100dcbbfc025fdcb4207c75,5ac1ac6055b8f8190469e602b0030eab4fd03fd5f10b6a8bdd651bf85154fbd5,365b765adc10920123d12d6f76f54118138d6a2628de86122780eb6059137cde,361dfda033d9be03d75ee003b1e5a9f2e7a2aefe9f1f776f0d2d7054965442fe,7ad9ef1b8b0ca2701d16b9c5ceca72dbb59039b9576dd9afe149682b8b94f0b3
HIG/2004/page_81.pdf-2,HIG/2004,0,True,False,NOT_IN_STRICT_FEATURE_ARCHIVE,False,UNKNOWN,unknown,answer_not_numeric,answer_not_numeric,answer_not_numeric,9fb627a33a063b09fd467795d90143876cd44fe7a867a970f9a3f5bd71840396,4d4679916a1f95de8d157da8b607d31ec602f13ce3f86eb1ab1374baaabde224,e1fb2b1bd9393eb6a2dd983acd684fad5926bb62e8f5556be9c06bc7f82b2766,0f907a2b237fb8477728be5f0902f6d9ae041865fa9b97ebb87b5bb8fec0793a,1a3c76df1a06498513b479ab220ff216f2743ee98888e93dcb554ebad5b27b4c,1b3938516273c77117f02463d2d8c6a9bccc08a81ab41eb17d70951febff445d
AMT/2012/page_104.pdf-2,AMT/2012,2,True,True,STRICT_FEATURE_ROW,True,KNOWN,unknown,PARSED,PARSED,PARSED,8ce5de145a7cf12c460099a1830d79d902e8748f8ea988a00ec56619e664da5b,4aad9e1072c3e745103d5baf826d2a74d16290c09bf89f01583c6e75dfd78fbf,a1b21450275dc716bb0b427026c2b24792ece941573c4332b71d5e8cd5024c1f,a70ceac515315faf5940d5c3a0da8ce4375bf76329b55a6d15a79ebf25d9f462,b55c702b4893bfed49efce32fd79d4118a9ed3b98f870e6b59513d361e4efd12,21308e74957315341c55b2c1bbbf6a2b4c1dcd84c6a7cc69df1739832debbd5b
AWK/2015/page_112.pdf-4,AWK/2015,0,True,True,STRICT_FEATURE_ROW,True,KNOWN,unknown,PARSED,PARSED,PARSED,7ac23e8aaa687b116482db1d2dc886bb98ae68a6e69144d61092695de604aa7c,e157aae3f77a9988264bc36f3899f3b1f04ce72f98e9ea00be6500d1ec4287fc,4bcc680d7c96dbf86f08661921f33267d8a0d73a98926f7b6582f874c2df7fbf,72e31e104d5e8d65ea580ce6b94a730c638cbcebb08fb60191e7d442a1a8aaa5,1809c31525d0b9b48862cd84736eca62c26d7ab65eec217efe3e5281cd264457,0c82850099afbc7d49734972760a5aad93df7052e800d1f6d6d025405b882db7
HUM/2010/page_101.pdf-2,HUM/2010,0,True,True,STRICT_FEATURE_ROW,True,KNOWN,unknown,PARSED,PARSED,PARSED,0630c95d37db96b3b8b006e776e97eea1987374f6205d30783f471a92332f194,adb201aabda877cf36f1e3b7851da93b4ee5d4b78ed2c9ab2dbbdcc50879ffae,abd4e2b8864991eab2feec66f769a919fdfd3223a0f5a3911ef0c381d1166bbd,4b9cc30c87dbe2ddc218bd818f928a0cc44b58e45bc90c808062b5d80a826834,cee595c1a5bf70ec832e0a8a8431408172a307ff63322460d23f8d606826d603,13b8c1b45a430be8bf89d01443aaa344f09632f1f9c610a51ce117c75f38bae1
HIG/2011/page_195.pdf-1,HIG/2011,4,True,True,STRICT_FEATURE_ROW,True,KNOWN,unknown,PARSED,PARSED,PARSED,7bb5effe189678d72487622bac6129cb2d97e357a197ca590f67e199b50072a9,dd4ed0f436dbdbdf430041a3cd356f0049bceb95abacc656d16a3cdbc5f1afc2,5434d4d13db7d8829651e8bbfa2406e17ca81bcfe0fc42d10b1a24e991286307,57b40a8d294ed29e73102ac328135dc87a7aa65d072cfbeb970efaf58f5c078d,112096eef58ba3354ea4d58a286f28fb97b5a44c49bf310a822b9b9f4daa2116,85c17eadced1d69c80f63a759eb152e81e6f9df0cef1dd03d67b7fbd30dc5457
C/2009/page_255.pdf-3,C/2009,2,True,True,STRICT_FEATURE_ROW,True,KNOWN,unknown,PARSED,PARSED,PARSED,2528b36521b95832bdfb47fd73722627fbb9435ec8eeb141410c5edf17391b59,3980054934bfef55d8453439f54453d0f33033ce0ee1201e93f583631c04f24a,a3560cefaa01e9c18349a61f31e9d82ac26ce5d9334ea10024195f47bee068a8,39430f19ae0ba010b553f32b8cbefec553ed3fe780193dbab331a2b9a9305a7f,8161bcdb095f83c51cebc82bd061e874a1a3d153726c20197e7d14ddcd71a638,fc76d0b859c5f5c5cd670f91000a37973f8678df2392503bd1c842fcc367f114
HIG/2004/page_125.pdf-4,HIG/2004,0,True,True,STRICT_FEATURE_ROW,True,KNOWN,unknown,PARSED,PARSED,PARSED,fc9ca2da5f2e1a52bb985d19892bf64d791a7cecf737580423e07af3471aa273,fef7d0edb4e01e8742205d47297a233d0e60ee4c0edee0b2fc308ddf29eda292,3534456a27c76b4aaccaf2c5a51dd94b50b76a992217b281df1ba456ebb6db69,511c8db391aa84e6555d2849c759b1332c0547064424eec0314f5ea681d35c98,971cddba5a9f27f38034ecdc6a758f02a30d2f775024e8912c339d359b9233d4,0c9cb950fcd31e87fdc8a84ffc64e5209e08af568470be51fd6e8d48a2ab586f
APD/2018/page_54.pdf-2,APD/2018,2,True,False,NOT_IN_STRICT_FEATURE_ARCHIVE,False,UNKNOWN,unknown,answer_not_numeric,answer_not_numeric,answer_not_numeric,91fb5cf904670eb1bd14741caa294262ef5e5a6503cc5c0d5918b43acc25978a,7a5bcc28d66db94e0ce4ada1e83e1c4caf8e10c99a602feb8d4058f7fc0fec07,b839195fea093f0f1886567eb9c69864096b3dc9093fd7c9060131a098266693,f5d45f11409f470d3533588fa95c153a183f65b26c3c73783c269373fcad6be8,c3b660182b47404d4f9e7199e7fc182c3eccd209634ee27913028da42d052a99,92cc7e3621ceb6578bb739253ee36fa16a0f5cbef5069dcf8d33b665ad90f021
GPN/2015/page_83.pdf-1,GPN/2015,4,True,True,STRICT_FEATURE_ROW,True,KNOWN,unknown,PARSED,PARSED,PARSED,98201c8622d2baf675ccda421e7774d0ec9e7cbed6137ed8cad8eccf1c5397b1,bf90f4a23112826aa77b6d02a34d46089d0567624b888f402bf797aaf79dca49,9eb2a9f670902e58bd47b6c838bcfc30388747d8620fccb73c486090bf096380,c39a5eb6aa996bec8edad48a2049a20bd8e6afda1aa24bbc215f0ae860c1519d,ad8784ad6757b741e17c2133146ff791beeda70cae5b28dcbc202a9f1ea5c621,261ebcc16287dc77ed78166f9f43af6cc6217e523aa446b5c64b0ea128a4019f
HUM/2007/page_18.pdf-3,HUM/2007,1,True,True,STRICT_FEATURE_ROW,True,KNOWN,unknown,PARSED,PARSED,PARSED,032959de0de8f0775f6cf1b2bce5b0b5604ce82ab652f81fdc70b3708f73c492,b08cb62cf8b26e118bca4e5728fb72002f5f0481d20395a35f621672a6dc17c9,95aa5c13b5bc0bc40bdcc3474b310a47087f6af4d9f85b64d2a13f25867f3d72,b59250e80b2ddba430286b769d2a47bb0fe664281e1d6a666aa275386a60f996,8cacae587338ceedc93c66aba1e47a3f5a97b5c248bc4740c014d36e9450eb1d,34fa88de58e9b0a84122cfd8e80d28e5a82a2c028e553eb15b3445cbce104925
AON/2011/page_38.pdf-1,AON/2011,3,True,True,STRICT_FEATURE_ROW,True,KNOWN,unknown,PARSED,PARSED,PARSED,6eafdb78600da31a0717ddd9a85be1f74417147e848724a5ac5edb12a8b9de62,10b6a1f32bffac662b0785c00906c22f874db0ed230dcd6bc5599de5763b6fe1,4fc08260337b6cbc15ee9d6a5689f392167ba81ac73d7da25eae162b6f8901a5,1e4dcd609a02d75c9f9557384047a6bb652b06dc802d05e62755d94a3f76d343,630d3e6e2bcf1f489efbed1a1eeb9d7b8b9cde2be30ea5280611384623e31cbd,2fa7f9295ee580a8b7e402408ec74534558581ccef3974b8d1f4762a151b42d8
PNC/2011/page_209.pdf-4,PNC/2011,4,True,True,STRICT_FEATURE_ROW,True,KNOWN,unknown,PARSED,PARSED,PARSED,3982c5c25ed7fb0ef7aa16685c007310f6b4c68e752f5c43ce7e37406e71907a,319d2a5a22e6b9cc45e2d72552007b9d367cafc7d6d75a18a500c2fbf9cd7138,5fa5b34337b50a6b63c7b8ecf3e4b091f8b1f9f21ee8b5482453f474e73810ec,d4c2fed8e43ab0e5f22df15b70b0149400309bbe1d0d5ec4d987d16eee2ff59b,dd9d87a77af582cc3369f78e9af9fdea196ce3eb440578a5ec25903bc06baf85,15788e91c3de963349678442d459a6dfb40ea8292a5cb78a33caa4b8c7c5b88d
UNP/2014/page_14.pdf-2,UNP/2014,2,True,True,STRICT_FEATURE_ROW,True,KNOWN,unknown,PARSED,PARSED,PARSED,abaeb6203e65a8a8c992ba6214b0a71cb8b5396c97129cf66c08785df28a5422,3dd8082cf5170797cee935a65698642e68799faf729ef6040bd15bc434b7501e,fdab142ce6134d15b78faf72053d7e622c30df4b770c91f6f409028f2c5d5f86,2fdac40f8aa46b3b9d78f76d91e1f76a4c893a301b6d9ca120f564b162df8fb6,244c4e943c49edcb1b03f903ebe0edf3f0b3d7368cb1116d531626e54cd79dff,875e39df94f84a739a8b1fdabd38f6ec07d767cf765245e50d3645339664be42
JKHY/2016/page_25.pdf-3,JKHY/2016,0,True,True,STRICT_FEATURE_ROW,True,KNOWN,unknown,PARSED,PARSED,PARSED,34f7803dd8a1d10d456ff482432bd53c99aa2f725de3b35238c7c3e20dc06fcd,4aa4452f8995c50a4260a1d71189e7d47f64899ed19c48ed32f5c30df5cab894,1309ea85790d2d07203505ae89eb5c06ac417eedda12117f8ca6a17b5736bd56,bc8830295fca0a0ecfd299655e20aace4dd4f30346de20c3ae36e688aa0ff3af,c459947e5c6e7ed4690234cb90d87b1cdb3d6e70ad537fff7d092608b0394335,7ee10cf5393675e5d1ebb0a70d07d9a33bcc536ea481c518d6db72c47a1d8a5b
PNC/2013/page_97.pdf-1,PNC/2013,0,True,True,STRICT_FEATURE_ROW,True,KNOWN,unknown,PARSED,PARSED,PARSED,33cc0d82300ede7ce3847c32e152b41da395f30a215b254fab4883aaaef5c1d3,2037f5fde63639c8caf9b51f6fcea05380e8a079eec4bb227a5e4df096134d57,99c6b1021441c925d14470934cf2f9aa9f3141b11cbbb81b1d43208f16ae80e2,305c0589d64a67822b98e86f6026f6445d3329cfb4769a3dc0d5e365bbd2e2cf,fa23e1813370ec1c9ff70ff5837118a8cf67b305a49480da6bddd82973c7309e,955871b9aec5a08dd3fd49bf7ab8a2b9eaf9761c5bac337ef5adc9c5770c2020
RL/2013/page_13.pdf-2,RL/2013,3,True,True,STRICT_FEATURE_ROW,True,KNOWN,unknown,PARSED,PARSED,PARSED,d0d785ea0b7bbcc0a8c8b8282aa23504cf04bc20c2c104be062749eecb5cc8c4,780665c5ea8732d7bed7cf9ed018c88b7ad8b1ac3830828f5c602b1e86397bea,648b23d7a7adec4e4235d139f69163966ab6a64b31f8555f1b2e64a76c7c55af,20e075e481174a46e12920a52889995f0deb532d0c0725abbfe95d164c97734e,4b648ec220afa88ed76a1860fdfd7f8d7ccea50b7a7b2b9dda7c648ede574dec,7bb0ccd526daf011e5ffb9f432b449070d6c66992aa00cb8954558906b58e3de
ETR/2016/page_403.pdf-4,ETR/2016,1,True,True,STRICT_FEATURE_ROW,True,KNOWN,unknown,PARSED,PARSED,PARSED,4bd298c01c00d6bc96ad322dc69b5f900957d5eda0633b38c3b04036f5b69f77,bad9aa2a4d12b9f7ea2a316c8ff7ee3bd67c7d8412a33d67bc4a3a44d16d116a,22b568f20606817c0490e5e4a732010adf922abee6ad095b82ac24e8ecacaff1,d51549e20334b754413da05585001cf940b74940bbf58ca14b7d7a07c84f59ab,7d014d02d1e59944d3b4378c803dca170aeda447397b3b1e2830dfe1af3ae210,47d5d0744fc7cd4db9f0e93bda2e72b97ab6eb2d5b23e4365585425ee6e4974e
MMM/2013/page_48.pdf-1,MMM/2013,3,True,True,STRICT_FEATURE_ROW,True,KNOWN,unknown,PARSED,PARSED,PARSED,318f8f53f0b419481bf6d8e89d06fdc31dcfcc48035f2e8f77daed0945585510,5144c102876aadfc520ca8a078b89485b7e2fa6509a14ca5153c6f359c71363a,ee44186219d682a6cce03b81133a28312536d7c8fc7d2fa113f01cd3b58f4962,7303357310414878c2d0b6fe171f4698cc4b8856bc13e31f9fe7562fdd76bcec,cfa60bd7c1f519fe84242fdcbbc7bb671afe6e9ee2aec1d947c2ecbe50162855,d6ed1bee9f5ecc4f4289f5f7c9a7323b915da3972ea5b64ac36da2916ab901d1
GPN/2007/page_18.pdf-2,GPN/2007,0,True,True,STRICT_FEATURE_ROW,True,KNOWN,unknown,PARSED,PARSED,PARSED,4343a02b87ad8f151f3cb1189ce6f73fb08ed7c264e26c301159e78dda03769e,6c55f32de7e77626f90755a065757dc6a142df6f15bd95d193785341b32ffb83,ed2b968c4bf471f746ec32b323d4564743fbb9909c20535a298be6afeab228c2,e79e15cd5c323207ff7eeae5be01c6fde41b81e24290e4c2a223b21b68bfcc8c,2eebff571bca0710871a87e011dbeefc20a49478ed33c989a3f826b31fae8821,10179c243e99ad2f227364e2fcc4a657a27a91d7399f9fa693f1133892c6a582
AWK/2014/page_45.pdf-3,AWK/2014,4,True,True,STRICT_FEATURE_ROW,True,KNOWN,unknown,PARSED,PARSED,PARSED,1759fcf62e20761445872a29b12b6ab646a95f84dc78c4b040d88be4919d4d74,cea1985462dabc8ffbf39b255b81402c0a0324619922e53c2c26eb201e2e471d,97586434f8f0ee582340bf89aba1b913dfe623533f6f17307e4b8575ea493021,71cc6de4d3bb6770fa965422382f0cd56cc752adbbf8789fbd9b95c4b34c06c2,44eb86029f234811884b5f511f7a5316de91c2cad7e6fe8894539acd8a6c85a5,9ff35a2656507f1005cf1168b3bbb67cd6bec865ba367960b248a5706b9dbac7
SLG/2009/page_84.pdf-1,SLG/2009,2,True,True,STRICT_FEATURE_ROW,True,KNOWN,unknown,PARSED,PARSED,PARSED,c2f76d52af8c6d977f4e7f4e3f8cf06ccaca8a31ed27b3d878d15fee41e8e9ff,3067310bf183cca124ee63a0b0a0e82f5e282a24bcab48f9336dea33a0d489ec,e04cfca664524abb5b9b4eb63374fa2062d7986184345a7a0a3c3bd66cf0e753,f1da26af4071506f001b89668262ce6b8a9cb7137aaff7de99f47cad01f08ff3,f37109f33b9c5b3a7208bd7ee7d1cec883a8165a3296f65b7bd3950b06dcfa59,754ba12b0a22dc1b84ce35370af4c670241bff142b34286a8ff04225d14c44cb
CE/2009/page_121.pdf-2,CE/2009,4,True,True,STRICT_FEATURE_ROW,True,KNOWN,unknown,PARSED,PARSED,PARSED,587ef496fb1c40f2fc649adebfa0153c66bed1bb89ab71e1b90ba0fee10ca097,7b7f0f8fafeca0948f147252bdb2e17c3dce7718979dbe591ecd1ea230d936d9,f248e088bed6c86fca2416367c5ef26fa7a36fa12d934cd9d69caf678c3694b9,dbae7008b700393e88080bcc2f06fa2886ad8faac67960a97912d3c837154dbf,a8fc1d58f73b0144a7bc7a4588ed47f769a76c3abd091bb00b630d07076fb1e5,ab092d9881fbaa698db89352c3ee98474d3f197b003a31625df3baca99435dde
MAS/2010/page_29.pdf-3,MAS/2010,0,True,True,STRICT_FEATURE_ROW,True,KNOWN,unknown,PARSED,PARSED,PARSED,300b02577d6d258e7d635341ffb6424df9a612d0efb3286936163412b73390db,b467c07a342981a5ff78d83471a59e618621ba3fded45a7eb933cca85bbed392,74c8c8595a9c146389c311789cc3ec1593615e7891285c2a02336df2cb215ed5,db5f73ebfa95d8322e48cb0d6716bb700c8d02ba0c3c308536394249bb64fd01,b7ec269bc6f681f9c7da496db91ba736077ee7ee6119a976b63e608f376f74a4,125ecdeff4623193303aa1741c7716432ad2c007249e1dbbba8e72a522684afc
ETR/2008/page_266.pdf-4,ETR/2008,0,True,True,STRICT_FEATURE_ROW,True,KNOWN,unknown,PARSED,PARSED,PARSED,6adccf59c5aee904f90471a97a283d22ea4b5e5fd2660eb7f06d53d3aea7bf55,e7d3fc29298f5c821dc0f5fd7c03f5de61fbcfdf235476802264407b2aad4272,f021d4c9d60922b25c601cd051e92c1e57ee1c561d2efc1794fff6e2e616b7aa,34db84a65a33ae1ed70208486831175121e267c5aa74ca1012187587d5767381,59f6b0083b7d9952dea1d6d7051b6f69aaf7b0b0dacae3469be44e7714bbf30c,93cb3a1532b4982ea739669e37125d82988ddd6fbeaf870c5e38ea9954db36a3
ETR/2008/page_362.pdf-1,ETR/2008,0,True,True,STRICT_FEATURE_ROW,True,KNOWN,unknown,PARSED,PARSED,PARSED,5546c763802a5dbf2e8b24ff745cfec8609173bc5faa9adfb504dad0399c1bd1,8a84eaeed1ae4096e3236d0ea52a9c931aac578f98570f5e7f2dcf01d17f73be,95468bc751b8d7ec72c77b0caff05f0ebb1f072d3d5e2325a7c8ad8e4ec15243,cebc8a90b6d0a399dceb2700782da390cadfb49f15f3f688f3efbb76bb37139a,8524d627e10758be6c06ede351b4ff550348dfe68bdaae073f062137867d153e,616255cb093f8a65c082b0abfddbfdf0f37fa90e5f0371a65bc4daa4292a13e9
ALXN/2007/page_49.pdf-2,ALXN/2007,0,True,True,STRICT_FEATURE_ROW,True,KNOWN,unknown,PARSED,PARSED,PARSED,903ddcccbc61906bde51f63f0f470b8b33a22c9404ed3f066ee9a40e5dea3db4,79b711cf67666a8bca23518f56fc3403c3e74ef6ad8608ee9f5d699a391b209f,0d4eccf780df425121f57f2eff729a633db445a15693008be7bdfb9f8d2172cd,60805b66bc46c48320182c4eef907b977c470665159b77876ba621cfc4e9d061,e1aa25aa52bfc1454018d989a64a9e5bb849c843394c0769cc3b152baab1df74,a3fcbda2181d90a94a94c0980af8900a40f59c787820037599c99f51447fe566
JPM/2003/page_28.pdf-4,JPM/2003,4,True,True,STRICT_FEATURE_ROW,True,KNOWN,unknown,PARSED,PARSED,PARSED,156ea75c68f4cf54a469d9a8136a1e171753b9a00b8a6e918858ea8bc46b3f4d,304c2b6d4248516a983f0b3f37cfd5bc1d64daaee954832855e1f4bcaa315db8,dfecacb60bf54d093d993d816d05cb59c58ab3cd0001b33122183075935bb1ca,426d0970d72d063ec1c867083424ac27361eb505aa5e4555a4cb0894072843a4,0ffd956372e04c55bdec98422a576b5ebd2d1cdd7682c93dee8062b40c3f81dc,7176b855d46a575e3319f23a9ab5fe5303b7474773c5af94c85e685bdb6f867b
MRO/2009/page_132.pdf-1,MRO/2009,4,True,True,STRICT_FEATURE_ROW,True,KNOWN,unknown,PARSED,PARSED,PARSED,c5158cce57d247bf3b71de187a563ec9373b8037b739281a72a0ced064e10af4,a6331cafacc7ce4553933b722973a5388c30984094741778b3225c984c27470a,9ab133886c34bd8de0310668dcf27f32c5cd2666b552b4e89fef38ec498b2b75,4bcd1a90cb2a41809f747da5811aed850e774f5c684b84c8936384ad9d4a3279,d0cff210c7bccc27c19b38b4e65aa1ee60b5780ce967b11f4dd069c0b0a10784,8988c510554beb0ccc34e290ea76a21f3a8dbf190156cf63a5a4cae43990f039
UNP/2011/page_78.pdf-1,UNP/2011,2,True,True,STRICT_FEATURE_ROW,True,KNOWN,unknown,PARSED,PARSED,PARSED,f9ebf611a65a940b524ac453af32a90ffa1e3cf706faec5f3dc2518364699af8,a7297741ea52f97eb52b3c002587721b7a536fef4434f720e61a2692af4274f5,1c8ca7955377413b43ed608b9eb8b3792adda0f702c310878308bc3ac6d71330,b1df84dcf8b878ad76567533b9cd51bab4b1109cd4f695e17203f720b726e78c,150ce1ef535f09cd9c6b55de7ace9d765b123672e89c0636c38b269093c9eb63,a03e14343436b89db3e4d25e5b886cdee62fb1f38de329c1d7e0cfed3939d55d
JPM/2009/page_206.pdf-5,JPM/2009,3,True,True,STRICT_FEATURE_ROW,True,KNOWN,unknown,PARSED,PARSED,PARSED,2c81608b39abb99d3dd02d426933bb6095ec2c5e8d327ae8fa2a0c938be1125c,547211ca1a29ee8c2fe5660924d9d759575b6204a195f5a5d452d87a449d49c1,63dee39362e292699faf270eb37c9214b94b8268c25f0fade45e1536bea30b5e,bb7baebccf2db7deba5402c6acf265cda074995426a9238ab8eb418454a00c34,041de6250d3c6db371fa05374ecdcd8026278e0f2ace0ce70287f611de86bcfe,b582bed236bd6666b74879493385fa74be3bd8b138c2c8e598c4c422b56255c6
IP/2005/page_32.pdf-1,IP/2005,2,True,True,STRICT_FEATURE_ROW,True,KNOWN,unknown,PARSED,PARSED,PARSED,3a830e36aad19a28e181bb3b62ae560ac55dcf6c6385187de2dfe9fb9adb6a9c,9ec6762d6d4314caf3ab8bdb37221d317d3f60a6f714ee8e7bb5b8d916abe4e7,caf9609a295fe8f84e336bff14b6f80a0af8c28cd1a68339e518851de2fb60f6,d07eeecdb16855423103abe77a42635fce3259d00b85554f782539b3e04d9c1d,1a348007598a189ddccea25fc1acc0eee54daa1677c2fd28f7025e777a5a67d1,9c1afe4b80d23e16ac8d7a3ee7e318c4f0b526813b5057e32d4a1c16594ace0e
UNP/2011/page_35.pdf-1,UNP/2011,2,True,True,STRICT_FEATURE_ROW,True,KNOWN,unknown,PARSED,PARSED,PARSED,6e1b252d139f7feded05349cdb252e192106a83c3725857a94221fe9506e83e9,404d867cc25147698a9052f99c39752bae7a57102685039bb47b7694ad786a67,7b07379dac8005f834cecff6ccd409207e5e65a922e702b25a0b5cb2a7e7c387,2b85ea7a68c18620d708596c350872f9bfec02401bc014a2eb24b7e4a8a5eef9,055d8955073283681b448d1bd782ca0a0bd7c515f691cdef7141d5dbf78a9260,1b7a3a5b8ed571dc1bf9ec8db87d144c3ed87f418bd079b44c78c958dc29bb47
AMT/2016/page_57.pdf-1,AMT/2016,0,True,True,STRICT_FEATURE_ROW,True,KNOWN,unknown,PARSED,PARSED,PARSED,1d0b62339f0d368c290b0b2b76b689fb54ef3a9f357303eb45c49bcd989b7d06,79fd5fd89751f0aa6a1e7c1a8bbf8087fb3f4f71345ad324fa3dc9510fa0688a,937d94ffc581312a15deb28e06d84ed2a8af1cbcc042610d1174f637ca7c7834,e54f86d22b1c149ae0366b41e5b2ccbb13b43724303927944f62c60214a8c0c4,36d5d53ef03e9363cd0d4eeddcc45880ec265a236dd3f989b343648096c6b5ad,8ea1dade12f30e219459ad68220c6047aa2861615de420e65d05f623f4cdf5a0
LMT/2015/page_86.pdf-3,LMT/2015,2,True,True,STRICT_FEATURE_ROW,True,KNOWN,unknown,PARSED,PARSED,PARSED,30bc757c4fd017a9f54f05a1ad87f11ad13654455453559cc7f6876ec7720748,ba7d62bddd5b7828be3767a9dbde61d49b8f53f89318c5576cc6f673aa8e33b8,1d61f6a247eead6eda77bfe2d36c2cf7e70982c089262b5746d816f431ea6a3f,d9085fc4981e86ac288c0df01a34de769fa416c38fba6656ebd556323e782c47,355c69e4e258312e7cf6d523ac39c6d84da4694024aefb5264fba0741b4e296f,af8ad5ad0653db4e74cdf2f1e9df5dcbc344a0c3f1fcd14a9209789e2894ae26
C/2009/page_255.pdf-1,C/2009,2,True,True,STRICT_FEATURE_ROW,True,KNOWN,unknown,PARSED,PARSED,PARSED,d69054f1ac320eedfe6d670663a13d9801cc097ea1531aba839ccb5d396d48f5,7666f9d6f42d3294919c36d8ba983e4f1e20b8297ff49f02eb675be202e5003e,eaded42bbc5339d8767b70bca594dc296c9650a072df90584e5d4a8c45c44ed7,42f3336a95a965a33300c9eebe8a782213fec414aea30a4a7525651501d53445,691fc2ded0551ed9fc4afa56b81edea8de931f866588678eb16450a3ab022b41,1111a92ad8b6119148593472dc7bf86c35f9a20a602d86fda1689c08682a3e13
MRO/2012/page_39.pdf-2,MRO/2012,3,True,True,STRICT_FEATURE_ROW,True,KNOWN,unknown,PARSED,PARSED,PARSED,8f378130982e644f1a28b8d2f012ce8813ce0e631a317f0cd928d8a9ce627549,d9c699e0c1e8a2192973e474fb959658334ecf4d9b50ab31775c3d0e7594c205,9715231cbe9cec8e1eb34ef1ee6c353efc97a8c671edd060febdc367563d73cb,1e8235cf19b13ba6aa83941d7c527f2c4a614f700621d9895df1abb7e6420d71,6e9524eb89ce90687dd82884eec3ed27479119a54d44a0a5e6666620dc24cda7,60516dff78ec5f1dbf426dbf2a7c1aaede0f5ce48108cb13f5f2a10a81bf0c08
BKNG/2017/page_35.pdf-1,BKNG/2017,2,True,True,STRICT_FEATURE_ROW,True,KNOWN,unknown,PARSED,PARSED,PARSED,b456e599f702c448960c35aec691e4bd6a560825e46673b74700bb5e9822779b,d4fac7892ce6292fe90ce6cc45cfd943e3051fa91b310a2c67577739dc06e8cd,d0a8218f5c51d0bf2833e114dba7b68c67ebfb6e806ff037d02422080bf79f22,0c3c844f413fa6032898708636c54b956178967b14b4181d81e808b38d1891b3,4fa378a1196340a780f4bc8a333192a2b0d72d891ed30a76f8d94e1681048309,ccfaa903af508e54aaebc6c5d12dc327642af36c8685a4fc6756ba00a48a2d7f
SPGI/2017/page_73.pdf-2,SPGI/2017,1,True,True,STRICT_FEATURE_ROW,True,KNOWN,unknown,PARSED,PARSED,PARSED,082acc14b9479effe5169ec7345636523177c94fbb19bfd38e6e4623acc5c585,5718cd3da8907a8c9c686c08ff7ad5a629dea116c0ec0682fd8c66960fb2db70,e30f2f6596912f7c664bfb0da79a29b4e9f46be7ee05e87f4c673f493b25d85a,0c8c2a880bd4591ca80ac9e9fdeed7006699dda88d5b4059e17d2f8be9baa3f8,a4ed0395d958b34b57bfa0913e1ea121a2b4d1bc93d441a09f65a2a637890119,eacbb65cacd25a6943bd3697056d823071ec9b8971e8d9841f9576259f1e878e
STT/2017/page_63.pdf-1,STT/2017,4,True,True,STRICT_FEATURE_ROW,True,KNOWN,unknown,PARSED,PARSED,PARSED,1af8e34def7684bef79239b24c976db3a997e8af49d335fdb6889c7a8a8fcb5b,bc02a84bc62ce7e80dd4ae9edd5240ab6d9b577c46a235b168c390cdc7878bf9,418945e7a9f5accbe6c3002d250d40484c156debbca113a99a3e928c2244ee0e,294dcf5682c753097963a74efd588990fd40ec5af178dda304a0860013f542db,97a7eb5ce5ebd2b7d1dc28c1e5dd50ec6fe6b7c32c0fa18a7fea42b148726274,e7cb1310e5c998ed692cfcf9bd52ca3ae8e7a71f208b99dbec113c955c311ea1
HUM/2007/page_18.pdf-4,HUM/2007,1,True,True,STRICT_FEATURE_ROW,True,KNOWN,unknown,PARSED,PARSED,PARSED,c3ca4b1f6db64e1db6c488d3b1b4e0f3fa85d1182124c51c0c05b824df67b35c,0100e093795719cd6844dd8d188d4de4bc49b82494fe0ffd0ac7bed40f6adee5,346563b2329a5362a21a68b2be0ab6e72666b9e167109d37c5a1da3abcdb0287,244f214f916732889c6b7295094584d543874ed88ea4fa254173073fad28f703,ddeb7b7f3c0a906255e43b5d6eb6948c53bec61fe0621599a9a40cea5fc7388d,501a3ff3d5c4fec6f736979007e960d701904616baac4c5e5056bf976b702652
PNC/2011/page_209.pdf-2,PNC/2011,4,True,True,STRICT_FEATURE_ROW,True,KNOWN,unknown,PARSED,PARSED,PARSED,4565d46e790b70bc25f73d5797d00301e4c1304027772e0f5b5a704c500d1a86,8101f5a47d5e0b216698fc6cc4e820d598d69bc31b07b4b407da16eb977e6e31,6b4f5f953b99583f57dedea80c1b58def45870ea2e6c7bbce054ff372b8adca0,2532f261daa6177d6902d690d5ab779f45f6b29a1eca80c51641b50d76ca244c,7b238bb4586a7fe62eaee7bd4d5450d5a15716ad967e03f6cc9e4b1a8e64e376,7f0c2651d4b982c8371b16fd12562da5f6cdcd82bef2f81885c57c0ce64ab1cf
AES/2010/page_225.pdf-2,AES/2010,4,True,True,STRICT_FEATURE_ROW,True,KNOWN,unknown,PARSED,PARSED,PARSED,6813c1f447688dc2b0876f46fa5c86356687d4f0ae46403b3160fae3ccef5836,7cdc8c06ffd64908240b24a7173c4afb502c7dce67063ba09663a7bdba61e680,751ebf4cd7cdd8f71718e78ed66ab9970acfd67ea4c03b78753c53651aee0217,f9ad48c3f866ee29ec6273c6da473a9590e653c5eaba5c15837ea451b161b31f,a8ab18c86fd0912f87b97ce8674a80558dfbba60c29f0fd7fab645ab4134a397,2a15d13907d7e5bd0fc50a9f2b53b7152fb646fe9565f41f539db616908de156
CME/2010/page_109.pdf-3,CME/2010,4,True,True,STRICT_FEATURE_ROW,True,KNOWN,unknown,PARSED,PARSED,PARSED,41764f77fe89372e179e5bf4557e9b6eb11b6aa6eb17dd07de27a0fa65d88d37,7c748f1b51524aa91f975f1b49b15edb62853cb2a6f67fecd6ecd3e6d8285d4c,6c5c01f1b036e467fb80c72e73cb5fc558b390865d350389b617d87f0ca7ec4b,70d5a7fb1bdd2222ddae38bfb5976806ca90ba23772edd9a85d86f3f13a3d252,ed831061a13f2f218410623d49b30dc94732071847295ed6ecee5010c843e95c,ff23fe319693e7287c159672a407f9f072f9a3cacd47fc657b322f26de1808a4
IP/2007/page_30.pdf-2,IP/2007,1,True,True,STRICT_FEATURE_ROW,True,KNOWN,unknown,PARSED,PARSED,PARSED,fa543db38b87c446acd42e259380bea289ac78a0c0d246be82d66183349375cc,711f26fbe105abf633ef2a507e622ff16e1880a9bccc990fa1633e87ce7e0852,2839d4a46eab6d79a8c764b80236bb49d2d3f4a54aa638ce92497a3542ead6df,2f787cc8281e651bd9f500172087e6b023714ba059655d8d7f580c270491c1f8,60237ce9d3eb65ace5f479b1a70251baade4244bcdf348849b0c63d9141d0f73,7c6640e577e32b74d54259ccb349ee2f00373b9f67fe676d2bd62182a83ad2ae
SNPS/2006/page_67.pdf-1,SNPS/2006,0,True,True,STRICT_FEATURE_ROW,True,KNOWN,unknown,PARSED,PARSED,PARSED,8e3aa912f2ff6fda84d989269f7356071f5080b24b2b794300f90b953efac030,67fa7ef74fb7ea8e7251fa0e1f2ad87f5508823e1efe4e65998e62c3650b241d,8e244a319a8a5ed3005aeab4e243b44166eab595e1d28be9bfbf1f801f6ca172,1d9febc6473321c1fd6f27dc58bf1669db7e698f0c2ba1ea14ca987ce5c9d9ab,d35ec11b6436b92298dc1ce0e6018463a680caceb12ee7045ae9e10e260f6cff,39d4ba096b4622f9a78f910ddaa70797ec329f82e119cd949c18efefca75c07a
AWK/2018/page_162.pdf-4,AWK/2018,1,True,True,STRICT_FEATURE_ROW,True,KNOWN,unknown,PARSED,PARSED,PARSED,6fc8b87f9fa089838d5fd042a33ca13793935552b79812ddc74ca1d4edbdba08,a2ee994a2aa05c2a025379a4bd765245588c97488f14625a562378da36993b2e,0cdb0f8e6930f33f4577ca2ce43549bfca064933a76b6e92fe95b9b501f7981f,b54caeae57f33a47a142b3d97ae1a834aad457cb20b7c433a0fc3ac2b2dc693e,44c4c05e9adbed7e94f4c1db60deb84770904cbbc6645583da1ff7b896aa74b9,4116e543ea1b99cdf0ca15da0d000445502f81398c9dccb049e1fd8e96f1b1cc
GPN/2017/page_76.pdf-1,GPN/2017,0,True,True,STRICT_FEATURE_ROW,True,KNOWN,unknown,PARSED,PARSED,PARSED,6d9ab4b94d8a3e4d33b2929ff74ddda9b9d806aaaa73bea17fc4bac36273da36,a5c886694e18d12b584cc3ac3fe61174f708e36fc130af0815964331c8af47d2,7c1f61e4ac50dfa631bf0414262a732ad0df7d9fe652295e8b827cafff9817e3,fabae0c3fe7c4482fa552ad0ddf90356d68d5a0d54559b6376760fc40c3d6db4,3526079262e1bdda2776bb385e36eb934967aec99a34623ee195b9a4f30f1d2f,5e51010c024742460435988806a3dc7b3f7df56b59e15936bae2e2f0263b0aed
ALLE/2017/page_44.pdf-1,ALLE/2017,2,True,True,STRICT_FEATURE_ROW,True,KNOWN,unknown,PARSED,PARSED,PARSED,5bdf8c84d5261e681daac037942e15f7bffa2c397a39bc533c16a285450fae04,6dc6aeb2bd97c79bcd53cfc638491dd19b66092857f7f343670bdb2289882d82,db382857223e62c603ce9ddb1f7bafb3100b1db7cde45eb2e141e8f9009601db,11515c7c32e042cd264ed5c250aa384d8c0dde5b856e4de745eef5de33818f7d,5fd3c7fc0311fa43f0746d3f5d2c76156851e4ea8ef9311e92ceb6333ed26934,d57afd8f75679eb1c14776eb8aabb8e087e3d5e1263d7492f8a2ccadcf2c65b2
MRO/2009/page_32.pdf-1,MRO/2009,4,True,True,STRICT_FEATURE_ROW,True,KNOWN,unknown,PARSED,PARSED,PARSED,4c2a98e3d539ba379fb078a9a96ccb06331ae21c3822eb9a06174120bc386ebe,8c1e69add6d312da64f37c7735bbc4e490ab2053dd59cf5c5a521f1af229afb0,317f90c457321c694fc3523c820aa0b761fed0b75b1b127dc4187c6afc433e3f,2f059ff3a72de426a3dc8627f1dbe2d668aaafc805e7718b3ebf26a611fc0961,31d87426d8285cba85633bced5581fd22bd519f036548ec432547b37ba937773,9eada6cd1fea35485d721a48d0d7855913e9f758043744bfb4bbf4080296fd3e
FIS/2007/page_52.pdf-4,FIS/2007,0,True,True,STRICT_FEATURE_ROW,True,KNOWN,unknown,PARSED,PARSED,PARSED,9679699f5077ec592e2cc9b04be5183b025bde26e1d57e99fe949d3af1c93a22,0ceb2208da77d06991e0ffd3f14288fcb31f8888f0e309faf410ab871d9b2d4b,9df771f23b43b4c307a48404c37faf9e70a0ff88be4f82e8abcd123837e8a118,5e3fe9414319655e530b43c85a5e4ce26111ab1b68590d046be82c65aaf737b8,e9e1f47009d4150f724fce407c83f558e7070e3c7ac06c2c04fda709369e3ee6,b944383e50b5c876a2b9fee3fe174260a533b9470b744fbc318dc13fdbeb8519
RL/2009/page_20.pdf-2,RL/2009,1,True,True,STRICT_FEATURE_ROW,True,KNOWN,unknown,PARSED,PARSED,PARSED,5c209efc5dc12d74f39a2817b893e062fb921a692876b070366c60dbde3e5c75,6dbbcc0a69ae33d60cd7dbc8a832fa8ca556ec3e33d437b2b084ba698caa2ed1,946d89e8285e6c0075125b69d64bed3652dd98ff0d6360c5511880ca48f3a6c2,fa1e6af7b8e73cf8debb9c3a23c2053ba09d1353be7d2f460c44ba4c91354741,703680f924dbe049aab68c3157817b0bcb58554cee1687b6dc044375b9c25ebe,a85784a9e4318a39a1a6797a8b27811f931e9e0117c8bde396a6a074a5befeb0
AAPL/2013/page_27.pdf-1,AAPL/2013,4,True,True,STRICT_FEATURE_ROW,True,KNOWN,unknown,PARSED,PARSED,PARSED,b50e669d4c0e42bb1c12f57f78f71859d9926b881dd95dd49a4f598e11582e27,e81eb9348c643aae23b8cdb88a1eced306f494a159ab74a4adea96b8f3fff722,403c31ca7fe20a40f00bb8e5e2c39e09d789c5efa8b2a4f73790873f7296b3cf,546cfbc00137a4326962ba87ef793c616b81e09be1c02ca75aa5a9b0040f9782,65ea132fe61159abffdc7831d8e0fae5fdfa456b4012b25ca17c0f26683a1716,e0397287f25323352f081545dd48e2000221edfef11f2673f629391464a66356
UPS/2010/page_33.pdf-2,UPS/2010,3,True,True,STRICT_FEATURE_ROW,True,KNOWN,unknown,PARSED,PARSED,PARSED,1f2ce8eadf8b71afc98e19d1ec673ff1d343cd5562964713b1a05b5c314cacc4,8ebabc0a0d0263c1ede1f4753fc2d9fd249177c3aa4371a981a7ea4ab3dccc3d,062a05d7172b996656d9a9d3263fdca870fb5f67419c1f3c62f3e18412d9a09b,4c44e7197b5cff3a58b9bbd6968ee0486df65fc76fc41578b3fbff88b973ee0f,e57b9926a54d48f6190e6df4e2c6e1306215921ee0253838b21ba58542031895,0c8929979a5389a2de289d0ab754c809a46cb701346e1e7ad42d07a9ba6debf7
ETR/2016/page_24.pdf-2,ETR/2016,1,True,True,STRICT_FEATURE_ROW,True,KNOWN,unknown,PARSED,PARSED,PARSED,1ea6b86b9d12805dc4b1e91cd508b913d6c5e62823f78bc83470ed37668c8d44,d77af0e7fd31d63e40bcc64020fb789492103dd0c4d250bee0ed75a805a3064e,228c59ecf2be422fc8f62272640716b12d4b6b5937af50505315abcd52a1b454,b2f0c648a2c1cad5bc5571e323f489304f7875b6a9260201d8e6c287f77cbdf8,d14a6f4426fc92d41621db930ccdeef366a5c3f4ebd9c0d710c52d8f5fa21956,7b78c241f7ce53da14b20f3c64d399c8e6368fd23d92defb625b792b7e29c648
IPG/2015/page_24.pdf-2,IPG/2015,4,True,True,STRICT_FEATURE_ROW,True,KNOWN,unknown,PARSED,PARSED,PARSED,ca99a5c3acc952e0424d2e3868c8289f8076a3968198bf6c0017ca974fae4db1,0e8f5644d291ebae42ca853aad1882ab90cd9123d7ed908b809115de9363229b,885183418c669f22973a9733dbad1028a63ff5095632ab846998e320afc9d95f,1fb932e3e5eff89180db6abad812b500fa6495149313878c5a7596323a072e3f,ad62b829dc0c597b47bd6a574b8c825f5680a182a5e6c8a9e610f7b1d53cc94a,9d76ee43cd026cb06e511e3b657b1309a69eb4b206f5fcb5dbe6249c935d1330
BLL/2006/page_45.pdf-3,BLL/2006,1,True,True,STRICT_FEATURE_ROW,True,KNOWN,unknown,PARSED,PARSED,PARSED,a856fdbc0ba9c34ceee1c8ce29cca13a1ea8489290354faf7dc1f5268568cc6b,5aafd382384aa92a1fb1cdf04f3be41d99a286e4d62b9448a4d6daa9fa5cd371,807623ed87e09c552325eab8d4cc4ad987451efe938122edb9b83f0837bb1af5,5ec15694056b2d762b05e54c4d0c4fcd59e4010018594595a7502cddcd4c2698,058af46ce3e923d303546b67c7a2f4196b7c7083b1e2c666bdb1a87f0fecf4fb,4da1b28ece68bbb6e06799933942ec8b785d6eb47c01ddba7a5b288f7cf6d2f0
MO/2014/page_11.pdf-2,MO/2014,4,True,True,STRICT_FEATURE_ROW,True,KNOWN,unknown,PARSED,PARSED,PARSED,f457b3e0142f470dfcf8e6cdc5f084ee04b4313973c4ea7cbd4b6e75c9bffc7c,1f0e4b72f2c13d82ca2c92e569b32efb74db15d72c968fd8bb93d0df4ee2449f,1101e520c1956a1ea7454025e332d50230839b19b6f47e07d1b3d1e8ac8fc74c,f4828633d44237d5c09841569cfbfa43f6b0abf79c765cf54a00ec1adb11811d,014166489240effcbbad52ae0fd6c1e22e3c0545cee4a99c2790163e78ef7667,f5fe7fa983c026e55317d1e610db8952d21f83d70ca38678c4a702b586e968ad
RL/2011/page_14.pdf-1,RL/2011,0,True,True,STRICT_FEATURE_ROW,True,KNOWN,unknown,PARSED,PARSED,PARSED,52b3aaaf438ececbb3712fa57328f5fb93493742eafad2fb8972ae9735c88d98,4a403f8b96a746d1dce02cc2ac8321781fe1f6df687ce3c2da15a88c6fde7326,e66a9bbc5e913c997309540e2a40393ae306176f632dd851e6244aed6e096dbc,5166c7d58362606351f06de0b6be37efe36722d88952da8919486728f0ed6cdb,f4aa434a1091a52663eb497668cb0ae000e3f70245bf651cdd44cd356e6ae2ea,ee7765661b6879acd4b908f3a478be28d5bdd8694c5a73662b3a36fbf6b3a226
ORLY/2009/page_77.pdf-1,ORLY/2009,0,True,True,STRICT_FEATURE_ROW,True,KNOWN,unknown,PARSED,PARSED,PARSED,071bb82855e5ff030c0e47091e75f53bb9896dc921f4fe8ade1a787b00eb7b08,5960a549bb843342c8c11244e635266d94d4028f5504ef580d3a4b069bc2a5c5,7e3f4b86631d87facc0a9f79984da2d97915d77c0c2a9602d33637d34fd3f7b9,ae238dba6c7d7498f778e165a036cae359bb4b44e1ef82aeabd42204a10451d9,b84f8a663851ca4b1d6c4e829a9817d3f23093bd15216701048907772273662b,6a806ec303674913216ebb952773e19d4510989367c8e5da092405aa6ca75774
IP/2014/page_71.pdf-2,IP/2014,4,True,True,STRICT_FEATURE_ROW,True,KNOWN,unknown,PARSED,PARSED,PARSED,7d783a2d2ec921d3d706b9587c37379ad9344920f0925d4386b12f06eb21d53e,05744c0c487011a66f894a4adabbcb73e9af20f282ebc8ca4c97d759ea67208c,db43b90aa9834a43f911cf4bd556768ebf052369ac678917fdbda8cd485f3e03,510ccfd85a791b217823803a73ff2c3a981f8cd7d7fd00a9117e9a479c76cd67,dbbac72ee64b1a15bece791bc8b387e09c1087074f77a93beb848434de6e8061,91009a83abdfc9b642eeb3c18094c9931347064204a399ff13c79ece9c88d750
AAPL/2015/page_56.pdf-3,AAPL/2015,3,True,True,STRICT_FEATURE_ROW,True,KNOWN,unknown,PARSED,PARSED,PARSED,aae90e56c917fc907767c8d74e5799f1535ceb72c93194a61b2bbd0e1f958660,ade26467fcf8d5217fb215b9b0386b8ea8b0b554c8626aad1ef57cb34ef3f503,57add073bfd6d4d575979bb6c710c0ff67cca21ea08ac6c63040a637a14b9b58,6a00bac17e658726d4b107d9f17b828b939c284ac0977627b891816078cd00cd,f187bf02c8851a2a6bc4f1ba832ab65dc60e33e31867133c5a6074d4e944cc1c,0eae63be6db66146202a9e99eb541323fecb89a65028f6c282d54f34fa9e0dfe
GPN/2015/page_80.pdf-3,GPN/2015,4,True,True,STRICT_FEATURE_ROW,True,KNOWN,unknown,PARSED,PARSED,PARSED,fdcff24d17d03d87c294eaa701f9470bc450a189cbb55db1caf08ae4ca1ebdf1,d212211063642c6d0d2923d7bab19e19904dec5ca3e69b11f47e7c62b7fa2b16,2fdab2e633336b52c98ce645d034fff705d34839d7ae280350c74d6f839668b1,772571978c000b02ff8e8b9cfafed4028f9a57ad20015ee62eb977839594f8a6,7a6095ea7d21e6877070d8af2af2fed617a12512419ae788d905d2ad8777dd31,7cdd375f609e77cdd2a4a2015fefc352679c26250c4050dbbb60bf64f5b1d0ff
AAPL/2015/page_24.pdf-1,AAPL/2015,3,True,True,STRICT_FEATURE_ROW,True,KNOWN,unknown,PARSED,PARSED,PARSED,7ca8945c6d169402b17c6264b6027aa1d971c36d3f3a569cee23e3a8efb5cfef,0d9356570aff3b894c1944189c8b105d984d8763713395d453c2ab4ce89c0c06,495d30b58c7917f8fa7982f5927711a765e86172510601b6db0de8395ae549ac,d9bbf5066c9fe7241143e258f242fbfc65ac420a1800673d01aa00c02139beec,5fcff8526a39b1ac35ab64069c440f165619149dfde8523297e499e6a3a58b8c,5106c40024b365731b606ae0115fe723caa34c87eb28090318e516c2a3e6e228
HOLX/2006/page_103.pdf-1,HOLX/2006,1,True,True,STRICT_FEATURE_ROW,True,KNOWN,unknown,PARSED,PARSED,PARSED,0fdc0aae6984a27ffe244cd74cedf8896d9c620f59da59315c630c1131d44de4,aedf34fc5e3bf89dcac35199dbb5e774e79b4b1203fdcb5c7500d2946d77dfc9,fe73fb63a94d00469dfb60f2c24f6b180fe4fab0fbc475617908a780b4d6d0bf,68bed329baa93303c768d357c6108311011861ce4bffa22fc4645fb0519f9727,e4d9265f494476bd59b524d7da1cb2db75388c2987c218dc92acbbbd03bd8cec,eb413253c3666e626e0dd2913489bcaf70e4733a9e71d97ebf1e23e6ab090895
ANSS/2016/page_85.pdf-1,ANSS/2016,2,True,True,STRICT_FEATURE_ROW,True,KNOWN,unknown,PARSED,PARSED,PARSED,ebc69f82df8838d25ea7e65777d82ccac7a72a545e54ef9c6f703b34da400851,a1a8d89ddce6698f39338fbf33e0056caac766339a28af8ca39dbb0a322ae302,cab4b97f889c4b28a872bdbf249359bc60b575821810d0637977a3ea03f44e24,13dfb2864c43657414ad48bd605bf85c2d74416cc14100e230147a8d2bb9ff44,69bd37f3bf6f496e30fc557ba6b006d05d1e9362f53cc9b6e56a85d53b8f7185,d9ea88d034a57085118023cfac110e67ec90f9cd211a170a61a821d11099ec15
EXPD/2017/page_30.pdf-2,EXPD/2017,4,True,True,STRICT_FEATURE_ROW,True,KNOWN,unknown,PARSED,PARSED,PARSED,235821881683c55a04790a36497caea84bc1f31dec9282c4c2fa258da96b8477,a9da555d3e7a12e50c1f25687d7c70b20b2b4f1e643c6fcb43f1b4b2cad25b8a,9dcc19dd73ec1e8e5d8020a4028cef26963759b01ea3865f0e5967c5154fc1ae,a9419b8dad25945c910ca6609cb0051d82b4ed500cf550bfd55192498d47a1cf,309bd1badd59c1d8418a1214fb6e393148ef5f4960198f6dde792659ff0f0109,84be622068c31f1067755b34de79ccc935f9bdc4e5b9f1f1d719cb46b22554cf
DRE/2002/page_30.pdf-2,DRE/2002,0,True,True,STRICT_FEATURE_ROW,True,KNOWN,unknown,PARSED,PARSED,PARSED,c1fdda3b0622149e847ea73bc0507b79f579cd93c3e1f7f4eac94b0e22e1be04,9c21f50211b06439b03850e4f987676243fd03ecb4092937774d62e4f7200ec5,38dad2a3a45d330638c1655f27e49df07dbe0a4223868a0da9effed5be2f9c1e,bbeec248689a52e75f8275636c91da7b7b9f9fc6d148ab6db2c640d7eeb9c5a0,6cf0bee56b1fb0c77c683f8e4201b9ada58831c8a0cd9331264f8f4c0319bec9,aa53f075967aeb8718a587da3aaeca210e69a99f5df4b399333b6c14b1b594ed
RSG/2015/page_75.pdf-2,RSG/2015,3,True,True,STRICT_FEATURE_ROW,True,KNOWN,unknown,PARSED,PARSED,PARSED,f7c8a90b80e4613c3059c6455f0257743e31b3b2ea1208934fd585421136309d,d84936c364fee1e80efd780a9627bd91123d8c50e72dfaa7a11ddb3ae1c3bf90,de02d6d69d2800b4b5c1dc7b3537a8d365257dd251d1649003eefcabeafa6f7d,fbb1e583b45cce497d37d50a1b59e0eea3fb650254e5a11d581c8496282b691f,704ea96144c4b2a7a85477a074e04b7ae0053981da20e6430f510976747f0df7,796990012f490f85e4666ba39f971c6955bfdf9442327c5e803d54a5c11449e6
PKG/2001/page_86.pdf-2,PKG/2001,1,True,True,STRICT_FEATURE_ROW,True,KNOWN,unknown,PARSED,PARSED,PARSED,163fd97fe76ce2786cd87104cdc757c2f94125477e9d2538a3cd8a5cd7e87f0c,6dc8dd3baa4d883b10c2f4ce9ad6147aa4a14acc77cef9f9ad53b09700a17ca7,1c4ca2d40932f1b030beb7835450c2325c46ca01dc6a28c41663d3d88be32507,e964f277b4e7b14aecdd77ee0b4652e594f9db319a09f82ab90057fba633d58e,89e9ab0c44b363d11e955b20bfe38aa34734682d37146d1ac0ac16f2c2ca117e,1d0858dd9a9c9f176e449fc18de29dbacd4335e847f6d616820103fee9183a11
LLY/2018/page_99.pdf-1,LLY/2018,2,True,True,STRICT_FEATURE_ROW,True,KNOWN,unknown,PARSED,PARSED,PARSED,934f144a240c95738a51e36d9f429895236a31c77fad3457897530e03ddaf2be,1d5bc3d424e6b4a35542f7092663cb38f46992f9eb5652b1e2363b8e802f2c67,c3e38f879a3b8b3622895be855378d9dacb7c25c72ed8d37ac2f29945ef19d57,8b59a06d6a52442f22b392d19eafcf3e1e51a8f0b7e27b6a81ad9f3884ec4c45,386f0fb630d7d949e7636e42414a48249b2358027f5cc81d1d883bfc8c7f64a9,0184bff1697583a0e3052cf63affeb1ae427a9b9333487658ef377fd377835dd
GPN/2016/page_69.pdf-1,GPN/2016,1,True,True,STRICT_FEATURE_ROW,True,KNOWN,unknown,PARSED,PARSED,PARSED,85c36d339d4691473468f316de3038771d1e593481ffe7022ad24f03300cda2a,81e275ecab5321588da7c30150669b75e41058313e363f32ac00d738a69295c7,589f0a9f35f9440328b4e30cc618a2283d42699f9edbbdd86d187d0b90529384,d831ee5b800f27513b623561d65e8e438b533e5105627a732ab4f9a0c21dfbb4,03801c4b37591bbec5a8089c83e632e581e4da0b8424136178c85b5547ce1940,bb6ce13e6e21dd5206f0b21e8f4b23fe4a2a15e115fa3ab2f1a32695e975d498
RE/2006/page_31.pdf-2,RE/2006,3,True,True,STRICT_FEATURE_ROW,True,KNOWN,unknown,PARSED,PARSED,PARSED,583bab1324bcbd32a9114365f6eb7d989562ed218747da61a5623be210f65e7a,9fbd9d9e2399345c192d8730574cb35a3d2117bb4910423404792fcc984be966,21086326e7aa52ebfcf32d270e8dd70eee10e32df6b7c90711c4f17b76d7bf2f,44797b791ce48d18287159f3e8e4bcb5cf5a1b3c90883f15ce997f24159bdf81,475e2c750c48288c84d7d938fc79eec37cd09eff032768a1e36f284b05a53c32,eb0ba033984fc1f3966ab2decec38773cf3a4faacab75c404da9a6e4af10e6c6
HWM/2018/page_69.pdf-2,HWM/2018,1,True,True,STRICT_FEATURE_ROW,True,KNOWN,unknown,PARSED,PARSED,PARSED,f79baf1ab943e247e2008bb8d2c01338d5c8811199f64e403b16cc16366556b6,ee72126e6e6b4b8437eab83fa44355cd80bcf6007b136028f94540a92228227c,b060b9a2b952a40bd99c699297dddfa352e57dbd1ed068c7d66838343bf3a1a8,d062601274cfabd11f4db43ea99b7690dace880515ce484945d10a2ded919fd7,b2514be26b72b961357fd2d456d5285ca309fdfcc6251caf474d81d101aedec5,b4ff74de27b4487e7bc242b81dd7d435dc61261b929812b17a94131889d80603
TSCO/2017/page_68.pdf-1,TSCO/2017,1,True,True,STRICT_FEATURE_ROW,True,KNOWN,unknown,PARSED,PARSED,PARSED,0f4023e8549d1d0159f54d4cefbe1c005f1263b08a80fc72df2201c24b5e5b13,b686124b515f20192ff22e9c7397830abe94baa81b4bdaf234a20f225fd9684f,24c9ab55de4d9533100e3b7c46d1838c9cb790c21169871ccd60b9cd6c0ad928,eb766a10a6459a9ed1e206393543d8a6ced4d35377cc2d9516e904fe7bd85692,6d039d97a0e00d9c14e5b47801680192bd5747629fd989da969a6b6f81a94b3e,e7715014adf3eecd194af87419014bb2c94dcdb961ae5f3cb3bd878d9b565b96
V/2009/page_89.pdf-1,V/2009,2,True,True,STRICT_FEATURE_ROW,True,KNOWN,unknown,PARSED,PARSED,PARSED,8c0954f6fc31b772c00df05638eab4a8179bbf578b55d4bf7f87e932be8e19c7,34fb2129858c23640ee5bae68a8c0dec1450df7a95fd7445c7ae733e06dfd55e,b9b49cef9242c2d7d7543ef841dee1ebb78c734a240e7fae407d0b30d14f5003,82fa59e64cbd2e429593ff7cc8e913afbf5531e1ef44e48c172aef79d0e0dc30,24bddd57b9ce1de58e7b6b51b42efb4abfd94705056aea46de1f56f6fbbc6193,8be61cbd4239ee40a1f5b6e2b5e29402cf37eec5f081e399343777e52aee7df7
UNP/2014/page_24.pdf-1,UNP/2014,2,True,True,STRICT_FEATURE_ROW,True,KNOWN,unknown,PARSED,PARSED,PARSED,3a315ad55a681a5483b1411d39666fa28c830440d2be7b4a616408bf8b571b9f,b1620da249265d7b1d64606ccd73bbcbc7b3e1c3613b0eaa1a76211865e99225,5ef27736245fdc64bc6bdea456d3b5606c826ff8aea620b19a9479de7fcf6acf,5b39df3c1730c1f7330270958c3bca8f467a5731133beaba97ece7dbac398b20,dffe3e8e904b69c9604f5cca303b3d1890603dc86ba0133026b9a1bccae7b01f,8ecd84d76c110bfd74a04644447a181bfe4cd4897de65be0a2c60a2799e030cd
UPS/2017/page_31.pdf-1,UPS/2017,3,True,True,STRICT_FEATURE_ROW,True,KNOWN,unknown,PARSED,PARSED,PARSED,d1c462204abde042a4c7a34cdf585104eb2d108d4d9e9f99264f490cf4fccb0b,e7c099fa624966d5da7e75abe7d667eff881a00e115c3c4574472fd08823aec1,ddc758643d5f7ce6c5c4d4a741f2e80f007f9befbfbae3cbad6c453587d3acf2,099c3e7b87a8c5e3e4165869015345d3823e351ebf7d42330e86bb9fc30bb6a7,300375500ff684ace248ad81f04b810a30fee0f8173ff1c9670ab21783c601d2,89bc36a39a55174fef39f91f469dcc66de8962b0551e8f18071eb012d786c51a
AAPL/2014/page_26.pdf-3,AAPL/2014,2,True,True,STRICT_FEATURE_ROW,True,KNOWN,unknown,PARSED,PARSED,PARSED,d7760e8ba152292113708cf734721de0e848adf9da282952eed1f848840ae3ea,934429dd1eb5e6a3aebdebb2e59c6602d21f70f3059333f2a600d91107f9c1a7,9f9ddd7663a16cbc5c64da37a823eac051cb90a38bd05b7c829c601b239271fa,350c04949aeef7eea319d135b559c269115a3a0e91600ef2cb6f2c2e3c9abeed,2969995756e4b7f5280990d61d2fb54d5273a176f96b7b0c0b033db0484d55f2,0d72e5ea707bf2dcc2d7588749c2c4a3a8337bf329a78196a41ba00351d580e9
GPN/2008/page_99.pdf-4,GPN/2008,2,True,True,STRICT_FEATURE_ROW,True,KNOWN,unknown,PARSED,PARSED,PARSED,96f24a40fd389a33fcd83881e164f14203e24712f660d701770921c4b7e8ea71,49b9e7e08fab94964a81f391ab928c620707fe0b6aecf93f47a4349c4284564b,5e443b616cf387236a67eb22f489ea85c1357949b21db09135e7503afd2d4cd9,3abda0ca684862f57cc3759796ac45d3eda32cbdd22d5e66c64a62c759cabe0e,f87e5e503fae67f9c7b232dc00e0eaf15990b2ef5d776b78d39ddaf137ec022b,8ecf31c03ee9aaaeb6f45ae906ffce43e3c587b5432abea849ce6b6c221db216
HOLX/2005/page_27.pdf-2,HOLX/2005,0,True,True,STRICT_FEATURE_ROW,True,KNOWN,unknown,PARSED,PARSED,PARSED,3575baaeb92b076f568dae92c4003373651133c63f412cc5cf829cb6417fd6f5,beaf6918e42de1242223b42d9083a6586c467323fb18c877a68791ebfd164147,2377a091f1416c551098ceaa482fea26dfa4babb9207f1fc2c1c9fff6a401358,17f9ed8b933e577a1e1ef1bf4709c21b55f0628884e55c25c2c543e132267680,0605d15a8c2dd752616f5039283bb48163e781129b28d612de7a07b859bc3ed6,93fa8698bd8c545e4a28f9d92e5c2b36eb5d83d8fdefe7b4117abe5d4929430c
MAS/2013/page_27.pdf-4,MAS/2013,0,True,True,STRICT_FEATURE_ROW,True,KNOWN,unknown,PARSED,PARSED,PARSED,f3c851198fa882de27763656b60a34ee782903e2a2aea3c5ddf7b8b190a03848,20c20dbd23775b629e229d6a7ef5c4cd6f063ddc1318f0cf057e5904a0ccc6e2,4e54494bc441ebc5629ddf1fde8a0bf3a6c80f47530f00ffa98b1276b31eb277,de48d2e33d436c1f083fa61c18738fc454620c12b8d64d688b870feb7f465263,f4c2eec6b799d24ac3b2ca2e9d9d1951e102167b163e43f119ad038b5a942b7c,f3cbdbaefb7d3e47553f2a6408fb05fdf77bbaec9047a7a0addf9a4a1d4e70fc
ETR/2004/page_158.pdf-1,ETR/2004,1,True,True,STRICT_FEATURE_ROW,True,KNOWN,unknown,PARSED,PARSED,PARSED,1c90259add8307bd00525342746f50627bb746b95390cb643229796231d0796e,9060c420c8f6111df1786aeb45feb6b0f4fc95204489c340a8447128d41e3546,74b8239cc25bf749045101bb51f0958bb2c05a5d563b1393369608828c319339,40a2716a13b2b175403f0d02fb481ffd2a41db75e5b5cc8a9181a905a68a172e,77ea57af6e6b35c14234479d62c9fdf648d01dd1aa0f7229772b16928536895b,2b2588f7ff91d28e58701b87f3b1921aaa5f403f1bf3d7c5f9ba6d4a863346cb
UNP/2013/page_30.pdf-1,UNP/2013,3,True,True,STRICT_FEATURE_ROW,True,KNOWN,unknown,PARSED,PARSED,PARSED,5566b437251875b8b1da5065d450ba958015c39c61448ad9190e8716e802da11,46ab5bbce28fca491ab81dd9be33ea8c88b79d479f99d54bcc16524bd4fe1bc3,3d4db7bc62437332f3fa71de3abb8e6aecbbaa08c138d251700091f56174bd6b,efefc16b3ec558e9c1c14b48db0f5d4a4836d5d1bade842996a62885509705c8,f9ace80a52c738621208cf19b804a95d0c30fcd3769bc16fdbdd9209245c4405,6b4a2fbe6924e2d9ce4d98b2b5d2676684e50cbf2ad3198e615e0c3a817d5381
ALXN/2007/page_49.pdf-1,ALXN/2007,0,True,True,STRICT_FEATURE_ROW,True,KNOWN,unknown,PARSED,PARSED,PARSED,ee762da1b8f6e8c9a29219674aae5672f6d13e1249a2bedfaac51820e45e1db3,034141aaef98cc50fe26ad93dc8b39a37b526f2a73633d1c752818c1cd96f415,0d72d92897adb1fe040f290a754adc739a51ce064f7c05678c55b799fbc8d5db,a2bd3ca14c47c433d88db975539b8e58a7761ad0eafb57d551ad550e36af6c0d,07d0212dd384283371c38a62342912e2fbbbf64439b5589378711dd1d110e7d5,9be5bba5b6c36a09dca6c95730c34ea9b0a69254b338ce235be0373ec71d2802
HUM/2018/page_46.pdf-1,HUM/2018,0,True,True,STRICT_FEATURE_ROW,True,KNOWN,unknown,PARSED,PARSED,PARSED,c886f62d8ae4505b5124699642cb90c6fdbce02ecb220769821500119bcc29ad,c50af53fed9fb2c8f908f7a2215cf887d0222a27b8f28eabff04e3e5f38f525e,5efaa49219cc13f15816ef3aa3de88ea108a4d07444f3b5ac616d0d027f5d45c,183787cd7e8e719996005258a6bc1ee45ab09a4f079a53aadb009891c9cadd12,b7b022eb334a7fe5be209391fbb11d63ee40a72a47ba1f5857ca4dc6207513f2,a5a087aa4de21cb2318e4d58924993eec014e480ad96bb3149d4c42d30cfd1c1
IPG/2015/page_38.pdf-2,IPG/2015,4,True,True,STRICT_FEATURE_ROW,True,KNOWN,unknown,PARSED,PARSED,PARSED,9d86b3ab391ab0c41bcab2d638e0194166f397ee8fec2d0a84f5d8287e58503d,988cd75ff8163be0ac87081b52d857ca986720ae4bcfcbba5c0f14c9efd4d01d,8ec35d0e5e2ae04ff52bfd79ad0ce74d189ea30c09652bfb20426b992d4d1b16,f67a1a7a5d31b9c5b91742b1568ad59fe56136b8512e2dd02b7e94fb211f376d,0129c644692895e3a427edd6e94fd9ce7bee4d6a86df8878e0450665e2f6e4b9,7f46d3529a30987a6ac895edd7550383795189948c0bea250c84a8d50029181d
UNP/2013/page_25.pdf-1,UNP/2013,3,True,True,STRICT_FEATURE_ROW,True,KNOWN,unknown,PARSED,PARSED,PARSED,b166d2657777bc55ff8e8eed7240aed24eeba4f631976210b36cd7f11ec6774e,4a3ab076f34d42984291adde6b3d8a656a5ea2e21f8d6983e163dbc63409b287,8838485174dfd1bcceae3457923a8bbdc638c510adc14923b561360b04edaeb2,3462497de12c8b1ac0a0090d0976aae7c06c6e9930c5cb3fa55a2484306d794d,748d3c593df65df6c1380ecce2bb8586d0596acae7ee78bf7d579bd2b55c82b3,21844293faf12b9e9544d7b681d49b4c6c4c44a0e4f64618832ad6a833e6cdec
ETFC/2007/page_22.pdf-2,ETFC/2007,0,True,True,STRICT_FEATURE_ROW,True,KNOWN,unknown,PARSED,PARSED,PARSED,a5164ae754d595b610eee93dedbc07b5470b7f35fdd41a64d24aa94c0bc2d2e9,068685d5dff3923db94ce521b95cbab18f5a763d51eab45abf7a4cab1450ddeb,461554ae717ae0b5bd63669f0b721652a5947fd10e2a6488b80f4f3e9d72a162,30675c05bfbe18697dd8e9f96fec5f809dc5a509de06256cc3b57507627dcbde,52a29350d78f95572fb41aac53d8390c31eacff4a35731c627372b0a2809d611,65607db17864016434cfb69a41037997f68b80ab055d00bb9b8dc23a3482aeed
EW/2014/page_68.pdf-2,EW/2014,3,True,True,STRICT_FEATURE_ROW,True,KNOWN,unknown,PARSED,PARSED,PARSED,925ece06fe2bcdc281f7dccd486b79682ad2008fb415bce1bc4c383c9e33938a,6beafd2399bb9893f0e98786f3acf43e9c037f5de8e596e1eb621a3366dbcf47,728547a6c5c94f98e591a3501d18cc568d02525e79eba8a50b9ab525ae2592e2,c67066955dc8083f24fcbe98952099af088ace444188780c51bf23015bd9912f,b4e653822ee0d3c416ce15d5b10db30f00dffd825b8322440eb0caffb7c4b781,b8356f6ea625048c39cd2b96e163245f4b69986dac4b652fed52888effde4b51
MRO/2008/page_119.pdf-2,MRO/2008,2,True,True,STRICT_FEATURE_ROW,True,KNOWN,unknown,PARSED,PARSED,PARSED,a4bbadcf1406a665b6f4d10e9fbb10fcd05fa51bd1f5456570386cd17c358fd0,19bd6a5ccdd27250c2ee04e284197edb8d2022b1889050af46f0486e0dcd4cc1,e5031cc6ebc7708c95a4e3827e2121a18db350cf8a6210fe3c4ce450bfa75b0e,c19b1ca6ec034af8b3a1a75cd3e56e5d12d2c1b781378ac7ba79fb633cf64bdc,769b4f883013415a4ba43dd7fba284e97d85e0ad019d49d01b36b78a74077dbd,93fce729aee20abc227ab1dcc32eaef4526f46c7da033be0f80b1243cb83e7b1
C/2009/page_248.pdf-2,C/2009,2,True,True,STRICT_FEATURE_ROW,True,KNOWN,unknown,PARSED,PARSED,PARSED,a6d5ebd793a3eb4af063d85827b574732d66cba9b4e2c63f9daf217e7b8d8dea,bac874986d49a0eac9178cb41daa77fcab318232e15c0d67b50891d1d1f0556f,80e35cadd6739af00e13355d4f3e25317d00c02a63556272e328927c70a9145a,694b9fece1401621a136911cdb6c19ef9a86b06cdb4880b8490677a240045551,0b557904051fcf77f3439bd8e5345f64f0e7917b3f7e418a17488e6f5cac2d26,623a3820e9ec955db9e21192d6a8dc5a8d6e0f179cafab82d9b496e1e0caec70
AAL/2015/page_187.pdf-1,AAL/2015,3,True,True,STRICT_FEATURE_ROW,True,KNOWN,unknown,PARSED,PARSED,PARSED,64f27a10a525e71079fd590d86015e0a1fa7e390afd8a33c8d611bc46f49126a,abc2666d3d656dd30a79d3b657f94f0bfd7cd1357a11369db3b0e9a8a8a8bf53,8c99c3694b95f4525a47553b7587b11a2e8b78aacb55b88bfb86a3c6c5b13e46,40d4461aeb629fd3c3a62abc13a3303ebf795c39a6d6b04c85f6a1ae177f503c,964fd5109a07469395972342258293c3bf08e1c1bfd631e0bb9cfaa21291acde,ba03bdc7bb09c7a014824c36f1c88b34ec0fe78f778a765f656963b37daef047
GS/2012/page_177.pdf-3,GS/2012,4,True,True,STRICT_FEATURE_ROW,True,KNOWN,unknown,PARSED,PARSED,PARSED,581e38af8280951827d54088de9fc963be43aec4102ee80672ba35a73ea1a53b,ce0127a45563f5c7c373678db331b6d9ce8c6af2ad6649261f72fe8eee56e929,66af4e7287a2d885d5029e199b0cebc662aa496bccb10b0f354c03adfcfc59bc,f17be7707fb3d0af9e17001b53db439db95bd1ecc4dccb46d786a66f32e2e7bd,ae6cc6684d8a3cbf595202b2e66a08e3c6dff69bbe39f2f043f0eaba7cf3ed4f,37aad50ddec9081966470105fbf44afbe6db43306d4d2c9e5603d9b314fd2f49
AAPL/2015/page_68.pdf-1,AAPL/2015,3,True,True,STRICT_FEATURE_ROW,True,KNOWN,unknown,PARSED,PARSED,PARSED,61bdeb3dad9e1362ee338d860e4c43c6f86244d20636ee72ad50bd384daec176,9d0e6a6149d3564784f6697eb01b156aab5e6ab2ac7fe8e96dce88bc03f810a2,021eb6e73074722c998d29f467a208dc03c970a44f7e2099351dfc0bb2b34430,1dbac6fbe64609f302dc4419e4fe3d08ac861919da08b7a9d7feaa0d06f8338d,bf611d0fe5f12728b45f9a0e73a68df37b546cb9dc8e01519249916f67881dec,7dd716cb9e73ac69aa1905d7aaa2eedefb04eab365fdc8215bdc41d3582a8c10
HUM/2018/page_129.pdf-2,HUM/2018,0,True,True,STRICT_FEATURE_ROW,True,KNOWN,unknown,PARSED,PARSED,PARSED,6ef379424d4e16a85df165c449c8a8fbfe4c5a06f75f1e999b1bc684bd1e8b44,351735b40030a3e063594b6eae51a7e20a5a0fd289921504c80a76ffc698be3b,5845d656114719d12dc87173c89f59e5e441bac37d53f497704654d3ed8f4841,753ba98d13d15190e411b6521bdcde9e16f58c01031116a3fe12a60e2a842968,06bd7983a447d40ccfff1bf61b813c581ba81d785840cd315aa332b4c78bdbe1,34bcd51e2e8adaf7bd2a8a32bd413fafe66ad3828f9aaf5d0ad6827bd7699183
CB/2008/page_83.pdf-2,CB/2008,4,True,True,STRICT_FEATURE_ROW,True,KNOWN,unknown,PARSED,PARSED,PARSED,3b646364ed36bce4692d3b869903a2c98243145958a85aae165999247403484a,02d10beab8a87cc6ebabb3339be56f1de312df194873498dd42d8d87f28d7bc1,64febf6b13a83bb6df76e90fa73fe315ad8315099b8d3dd36347e090fc80084a,e6aa20f09c253a27f3b8d6c39a52ec259e3c55f5a7634468039ff19f21ed49b9,27cc5790a998b31177172a58dfda980e8e7d6364105482544a3efa25c85788f9,98f7fced3fc229b3b064e8c96122010a1a2c36b02b41831a388a51b489278f96
C/2016/page_207.pdf-3,C/2016,4,True,True,STRICT_FEATURE_ROW,True,KNOWN,unknown,PARSED,PARSED,PARSED,9ea3da3234253ecd7715f73b21047bc6c7db804030183986ab86f5be5df25bc4,6e15d1ca1ff36ecd5c8b8d908a4d010194335befca1cf0006fe34e536068960f,f080d026ad91ef146aab869314cf842d9d71445f63bd6c9268ee27b7d8524432,d577603b0dcedc73a0a2290c4737d4607c0238c04ec363c96a5ffb18af91def2,649a289f5f1a775b1614903a7dd4533c78af2081649a99ddcac4884055cc6b2d,6287a5c4f1584ead63e5ca2e7cbda1ac2c76e0f77150033af201c4083a75cba9
UNP/2008/page_35.pdf-1,UNP/2008,0,True,True,STRICT_FEATURE_ROW,True,KNOWN,unknown,PARSED,PARSED,PARSED,9a961bd8e37a42b51dde3170a3dbda08ede1b543ceffe6d9e8685c0a81763082,975109a84c83520ac2318eb511b977ef6bb87721539d05bb92b52a4328c16133,256c045d50a61bc1fb349f126ba5fa8446da41138ffdec5c3c69f90f9edd2dea,9328146541e8a9008aad788a547851279f1e161736559ef30dfff58f6aed2615,8b7aefbf05d9f44a98e9206181430979de0974f1a2a2711fc6209735f9d25f2b,9bd85a93e54b3ef68a86363098200d1b17459e851f31d6ef6102f92323ee6239
AES/2010/page_225.pdf-1,AES/2010,4,True,True,STRICT_FEATURE_ROW,True,KNOWN,unknown,PARSED,PARSED,PARSED,c54e20e0163352769d7ffa5de6c0a8ea4b84fb9eb3944c04faf79d27310176da,683af4216ff2b3a4ba6522d1564490e3236286b48f1a4f7c7a75c3c1c387729a,54ef6e03d3ea9917ba3e33621b17ec77d5746c87fe0eb6b0bcea2f402536554b,8b0800fdcdab07e7de719064c58ac8bb477a81363c84327c788e7693277db0fb,0117ec7e6af38e903563268140e93cde212524374a783c9d631a0758c4aca8c3,7755a1ed4b805389299e44c06197f92ca3d6b954c66f34fb9b0c2cbfe3bbbb6d
UNP/2008/page_59.pdf-1,UNP/2008,0,True,True,STRICT_FEATURE_ROW,True,KNOWN,unknown,PARSED,PARSED,PARSED,ffb77d301393500dd95c3b1e0d930f7725ad59008891892c71f29146370734e8,e0e6a071b103f688e685792bca5e3793e5c1287606ac748b604ba5ae7679a8e2,9827046de96a230947326b979b9087f8178da334c1e457ddccaed6561cccb92b,bc92aea975da0cc768533e506fe91e523aa040bb6c6a89cfd68b14f6cfdec252,d61e567d9716550e8365937c2725bcf150ee141652f5de108424883846c1baaa,c50915f08815f8b16323f24a5816869a8852dbeeda3065097fd6f217e68c8f7d
LMT/2010/page_24.pdf-3,LMT/2010,0,True,True,STRICT_FEATURE_ROW,True,KNOWN,unknown,PARSED,PARSED,PARSED,bbdd61a9e188c91d4d0a8c3f8cccc8705b0963e1a4efb906d3f4d111c5b3bf21,cf6dcda92b03ac91032258e40dbd8f25991562ddc2ec305b4eda56994e259062,ae87f82387cf220fd8b2eabc35ab9cf1e62ed8fc1778760ad72ee39b30952242,47cd84d25541767980a12ac7d96303aac628edd118e7e2299cdc043b9b0b0408,5e01aa3f5587e58638d65c36afda2ffe8d9d4b66e57b15669f56ba4fa0d993d4,8b3ef3f4c5734dce59a4e56844608ee3cda0b2960897b40e1ddb445835351a63
GIS/2018/page_59.pdf-2,GIS/2018,3,True,False,NOT_IN_STRICT_FEATURE_ARCHIVE,False,UNKNOWN,unknown,STRUCTURED_SCHEMA_OR_NUMERIC_FAILURE,PARSED,STRUCTURED_SCHEMA_OR_NUMERIC_FAILURE,9938540daa9869227199121c4bbf66e8c9ce5ac2e47c31b327ee1a625349f030,168803b200f97a1238b70cab8469b0a1a7ccf31c840e9d0ca639b7c63d513aac,44ed022f8864123b161ddeda676db2829b0b3c1da0caa9fca5d33be3e6ca1f01,8a3698712e8483a8e62e5d0a04cba4f75a207b5b682db5e43a2813ac3eab6c88,fb541cf8a1049a238e7d528312634b9ab8d4d7c05c23c69b668c083a244bcfdd,bab4cfcefe35cdadaab1412cb12969b47b58413ec1dcb2e9fe5bd306f4cbd6d0
ETR/2008/page_212.pdf-3,ETR/2008,0,True,True,STRICT_FEATURE_ROW,True,KNOWN,unknown,PARSED,PARSED,PARSED,b9834eba8137e780377faf585e939394628c3403516c233e02a5d6763fd81a5d,a708b4e674c56046ea69cb47dd11aea71948d3f1ffde2bad45aa73ae49629709,3ed499207bb11ccb2501e11237930a2f2340a0dd408f26646761dbc8e2b9c95e,67f095bb608a2d97725509f4c1e84db7f62d5eecbac8291885f8ea905e88a9d8,2d8b87c36cf4b299b6836683992b3466b0a157255e21a0d3d62604d8dad11907,d2172780bba0ec950d15744505930037db29a6a2dec44168620ad836bc47d53f
ORLY/2018/page_30.pdf-4,ORLY/2018,0,True,True,STRICT_FEATURE_ROW,True,KNOWN,unknown,PARSED,PARSED,PARSED,85d58e3d01d7a0ed6f15203c478f4f8d6ac3f7f6fff17e43869a6ab0b54fe9a5,55a4203707525fc06ff101b8cac4a1a3b733a397af2542509465aa46844b7142,4112400637f4f3135e9570bb159f180b3a8a577fc19758fa27b6b5de9bd941c4,38a539d755bb4794625fa3d255d3d5f05e974ec04d15251e317c09a8090d62a3,3d9e8958b64486ef25bef822e2cf518e27bd75d47b396f89f9dee7ebe8aec4ca,d0a6b7341d3d82d98dac3d73cdbeefa29c05900491a97c7a3eb629880f191165
LMT/2015/page_106.pdf-1,LMT/2015,2,True,True,STRICT_FEATURE_ROW,True,KNOWN,unknown,PARSED,PARSED,PARSED,83bcb999d3f156cd17cc8a7e468a57e9e7f2d2a55cda55a035f66d63202f114b,5e94d080bb649b2d2cac376e418a393915404a2b1dc9a43b3bc85d74bd2ff900,2a6c8f1f9d0a654aad1142d4d988b6a8aabadccdb8c3a06d5e939f647d9977c5,cf72a5223fd54ef9f4bfc36d60ff9bd62925290332e0e6c5016268803a5c1fcd,1bca2364d65304bc66f256bfa3b1f8c218a34d3bb0aa5b00bacc615f39f79685,a552e57c67c9c66649a23dd647a0c26cf134c14ef65ebff1e636ec4861d2ad34
LMT/2002/page_33.pdf-1,LMT/2002,3,True,True,STRICT_FEATURE_ROW,True,KNOWN,unknown,PARSED,PARSED,PARSED,b50b713ad9ad5585790f6ab90ce9cd00829e75fd2823f964d6cfb595ea3fdca2,36661bf5323f58faf042f2dfc63a2de54844444b847c6fc916519f178d9b6ed1,13939dba78a56112446f9ef309a014c0a0878e326ae6174a2e45c5ec4c4d8fc7,23fc501ea2cd0f32c8a0a27fd75808ba095aae1e97449878abdc4a7d2b7c4243,c2b57e99d4860bba2909c9a7a9d710fcb33c3d8dbc68584f540078c904892b7a,52d9a7d5a3a5e3b1bd2474c5edadb7ef9f453a3ed942f73a7778807520cda295
C/2016/page_120.pdf-4,C/2016,4,True,True,STRICT_FEATURE_ROW,True,KNOWN,unknown,PARSED,PARSED,PARSED,283edf0139bffb1bfec58511f13d083a6a004736a3c69e0e33c86fb4b2a50656,2a20003f25f25a9556fd37214dd48e1ec802598b97c37b669c5b2806a0af23aa,dc142f1498a4bf95ad8d552e32e8589bd01780034e60e5ca0c96ed358ebb7ecd,6d1130e0dd5339ad070d7ad8b5a9db9a1940b8fa0d1b64271c030c9050cd63a0,0e33113a7180649966072e1ae33d7db81c65f66dbd0c06d7481aef2dcd9aefe5,1210e7c2fec8a1148581474388b4d96f8b651703da9fb783e1d5e7c9fe0a6cd7
RSG/2010/page_157.pdf-1,RSG/2010,0,True,True,STRICT_FEATURE_ROW,True,KNOWN,unknown,PARSED,PARSED,PARSED,efb962593438b0f348582d0a38d50e7761b38a218686bf85d7f9a8eff1e171d6,c9b31b7ff625d4516cf108143acf9980c03055a638758ceb20d68a72b8b07c12,854685c2bb5677bfc18d7edda9291d4f6b2e2255c80f11fd6da1e34977f6237c,7c9b60108a94b27cef92af19a23c501db0e77b490e37cff1a8b8ba24a042f1cb,def9aab4f606bea8cddea7021ac541c1145da69a9e994a76356dd90b42e8aa65,2202f0a7950e44fb55d7e2654da0eeadcf76a13b556a0b0168c622ffe7f8c0f8
UPS/2007/page_32.pdf-3,UPS/2007,4,True,True,STRICT_FEATURE_ROW,True,KNOWN,unknown,PARSED,PARSED,PARSED,e7742175460c3a17c9caffddf1158a9418ded514e7dbe7811194753a9f770bde,d994f6fed440185565be55af7b8af3c65b73d6bbf8f7456d22ebdad2dbbe4199,c2fb1ced09ace09f5c452490af1dfd75de54989fa623e1ee029c23efe84477f5,ad15047eb48e89e264fe4f9a02599c350d0eb928062035743280ebc319cf413c,985784c7f50c31b2c51fec84e2f7f6859f82c23d1c140a2d99cea15ca9b90dfb,37364dfce2333cd1fe02ed4379b25ccaeaf9e92fb6af2fe4a6dca826049f13b4
V/2013/page_116.pdf-3,V/2013,4,True,False,NOT_IN_STRICT_FEATURE_ARCHIVE,False,KNOWN,unknown,PARSED,answer_not_numeric,answer_not_numeric,c489f5eea53d88e06086d38bfc2f83ab66ca5cb65e9903e9b09481f6b70dd63a,05c8d855864ab53aa4042bf0f94d93c51bc5a9159601b0c7fddaa43c8ba08b29,aad8d353a1e4abaca5bac95ca2299f6e1d920b66759098079f2eb8eaed71e000,06a3b1697e95b8e99b7e6975f6263d86617e04f6594c01326e74846a30a46567,0189928523f0e7978ef26cd1af13a5ffc2a82fe441e0ffc56ae8be22c66e6a5f,a367086b44fe67d8bd9fd32e9cf1caa79ef85eeb6e7bfa7328b454a030952931
MMM/2007/page_90.pdf-1,MMM/2007,2,True,True,STRICT_FEATURE_ROW,True,KNOWN,unknown,PARSED,PARSED,PARSED,2874e81c6f0a2a6a0f27056a8ba03b0cadd1084bc474a88608ddc840d4ee83fb,e0b9826ece4fa5804c5ded04d89dd8fd9d3cc513bdbad72591ae34b711a500b7,c1fd5be78ab9d6ff2d17b06e70e20c04ca8bb5e3f83e1bc86f31d6a3e6cfb003,b2dde62c677ae18e000a06e418750942eafbe0719e9349bf8d8d483550d9e9a5,8c6eae304341f1c5ec1291d9c7a5beb918ab2d4edf3f9d0c80123921a4c54a77,06e1d15825416c7be85e29c631df950669345cfbcca49d94175621844a4500d7
LLY/2008/page_45.pdf-4,LLY/2008,1,True,True,STRICT_FEATURE_ROW,True,KNOWN,unknown,PARSED,PARSED,PARSED,e8a310f794348da3b69a91bdc176b125ffca2fb59586a7d6a27d7264929f6538,724cb1ea2f85b8217b5116be87ee644cfd635438ce80a44b81a0579d3182aa06,33f14d4fc73fe3ecb78cdd3e3f7aa7322c69720c9c899ee739cc2f7765b2d32d,9849379bb9dc4e464617212766a688b327b65721825c424553bfa04ff2a8eb10,4c31c8163156118f295fc494c51f91918b082b818f934fa6b31ff3b137407ca4,00fcc9b69dd5e20f8b3a77ea12fb0404a008dd9a9896bc5fde996e1ee5569ab0
AAPL/2013/page_78.pdf-1,AAPL/2013,4,True,True,STRICT_FEATURE_ROW,True,KNOWN,unknown,PARSED,PARSED,PARSED,7b20b1a709d08ea9f275bf4f398d705a4ff1eac75ede3187a5b4dd6032cc225b,d264c56a0f4083b0b17db3553ab17cae36a71e74f5c3d3a36420ea81c3e06309,56a1af67733c511eef1f163801dbc8673e741196b67bf9b420f72907f1fa1386,88d5861b2607f04ef59a5f67ba8f900b52037c365f24e8b5a4a71fb0dca699ef,93812de0ae2a8064b6335df363b22c8622fe98c451147d277830e6688a56704b,b608199f009774d8acbbf829e2eb24e2bda5644e4a62fa6858286a1c3a79ab1c
JPM/2009/page_132.pdf-3,JPM/2009,3,True,True,STRICT_FEATURE_ROW,True,KNOWN,unknown,PARSED,PARSED,PARSED,6b554b57c6bd914eea31aab16cda0d43adc1e40ac730a2beb571e2cd4f700939,088ac492abfcd04cd4deeb76b31290ca39464590fb21fa34368e10c8e41142f1,de14c33f215863e815ae5bcc34e3bf780b4d05284342c1384f000d8d4c2260a7,1f3437ddad3df491c31b761141fcff8887af9891161a0c0974efd3230e1665a9,b34f3fb5d79330bb99cbac5d7ce57af21df2b0ebf460527fef0e8af6904dd280,fbe73633dd09e5dd03f6944a0f4927b971b463af0359798be1d2c705a7cb41bd
UPS/2017/page_111.pdf-4,UPS/2017,3,True,True,STRICT_FEATURE_ROW,True,KNOWN,unknown,PARSED,PARSED,PARSED,084331f10ab816b228cd8490bb42281052d2b4f4ddc139a10f5a67460f474cab,643fcc162cb9615dab08bcc758226b6385804dcc1eeb2bc2d178a89d197dcc57,8963f4802e87b2338aacc62f266dcbcdc8fd3149d766170e9de67e02babc102f,fab0a718308d0e4cd3be15b9a9370d68b12922d7af82457434d278d7b2eed6e2,96714aa3c744d4b2e72fc4e8b38ea90ed247c0f990d407bfcb774dc4566e2f72,363fdee12a0bdcae931edd9b056aabfb581fb0ef6a2a74e7c2b9fbca54c8b7b6
STT/2009/page_122.pdf-4,STT/2009,2,True,True,STRICT_FEATURE_ROW,True,KNOWN,unknown,PARSED,PARSED,PARSED,2d9ee6ec21e721c9ee422e922a943a32ffed5e1d1ea29e59c7ea9371cd5c108f,66e6a1feece8603251f65554855e27baed0566efce35d417f0d9e36f49689b98,c1085df08be203b0fb770ab8206a532afcf6739bbfcf38ab49f536d198151dc4,bab4f9ee002aa6c1d5dc8172cb83fe9bc8c7c75254ea0195821f996a81e07906,0bb58064a8687c7ffc47b2ad3ca3b8c7e4b016c52ef84b562267ddcd96c36323,8658838c5b6cc36219fcd97fef44f17b565d8b1087e131d47b2f1fc8fcf24d20
AAL/2015/page_51.pdf-2,AAL/2015,3,True,True,STRICT_FEATURE_ROW,True,KNOWN,unknown,PARSED,PARSED,PARSED,9117aae54db20c30bf6a8a50cd84de506913c4df26be422dd66e4461467d1209,cf000ae435665806ba88624ea33ca761b3f288ad1afd3b1ec7130196c1cf7722,5c72bb5282d7e94a1dcc4362b3b871dcf777d584ab783d3ac0067e9680a4a049,51c169953d33cc19bc8bd0fdc25510d4b374c7953ce4150e02fb4aca61122eef,6d9ad1c303bd90482438c6d7903eaafa0ae586727497e61f8fb63db1047351fd,03a9eab26ea305ce95f7b7eda80f4539af8d091c05dace4370b087073c95741d
AES/2001/page_77.pdf-1,AES/2001,2,True,True,STRICT_FEATURE_ROW,True,KNOWN,unknown,PARSED,PARSED,PARSED,40457f16a7625a7545a22c70449c11b1adebe824aa5afd2bb350e33ad2df77b8,36a554fd4fec01b7615582452f10ac963ce0acca5f9ab9f4b0016b53e3ffdadc,3fe2ff55d15f557750d7f6389304a30f86ef950dd29e46121ed4022bb5836bf4,277ae0b59ef31b51432758b947ef5e630b1b0686b8406e96b7838520c2461bce,e249482fa8560a91cb0295d82be306c391025ab11f626c337adee9918b829d09,f7ba23c9ac8ba3bee6bdf34c1bd3ec6f11847d5203a5ecde131031128c6e07cc
EXPD/2017/page_30.pdf-1,EXPD/2017,4,True,True,STRICT_FEATURE_ROW,True,KNOWN,unknown,PARSED,PARSED,PARSED,faefa9a465d968ce57b62cc8f89665d8db46e5bf466cb82113337aaf97046ce4,60a9c05c7678ab37e0240fcf04d6e66aab54d65ee75a540bc6b3cc5585643083,0000f7bd076c3706237f5458f2787748dcd760b1d15d3c40e6d09e093b3c54a4,2c90518cc702012e9713539f7c20f1f6583476bfeca7aeca3f783fd316c348ba,63ec7264d73723722e4484e1b30d475645e7a2fafcb6335d212791f49a5dc245,fe46965cb75944cfa7892c4df3b7ab95a96f12530a366bc148cd18c6d15f4565
HIG/2004/page_67.pdf-2,HIG/2004,0,True,True,STRICT_FEATURE_ROW,True,KNOWN,unknown,PARSED,PARSED,PARSED,2a1fe2d8fc79281c81b359ed46360d922c0411ac9d9085f05b0401be6902824a,5d7606d1189ab67282692e26de740daa94a09b90afdf2c752c6e95de79716cc9,9815a72d363b9af8104d3b0a5964cf491e535920c32f515b034441bc84a3154e,14fb2375fe7d68ccd8f3b07b1d6c3746034b99a0a32211b8e07425ad3d10a287,5e64cfc44f38265806fe2a2d8b5a10eeda73d995849235dd96937c6c4005f435,a0d4d33100c54fac79fa1f0ae311c614179443d234eb6b2540bda0f8afe5bedf
NTAP/2014/page_33.pdf-1,NTAP/2014,2,True,True,STRICT_FEATURE_ROW,True,KNOWN,unknown,PARSED,PARSED,PARSED,fc08cc1c250a50aa18d727473bf26965d84cb0969546f82a6667d1dd087fd92e,457ff0cfa1b1d3b8df51d176b48a2f449f04fadc8a479af47baf82c4b7c89fdb,234f576f2a32ac8150cb2f801898843fbddea679b68533f506ef697a60ec46e6,c357d29f79b159011ddb7550d45c7c34c1a751e5ee46c8a27ad6915e5eee4be0,0b68250a165d7c07265774b7b09810dbdc015587d68c86b32c47aec7678d69ca,90b96e1d06c9f7224c498e728e36dbd285784be0f137a7c9b0e9384fef7aa06f
JPM/2016/page_140.pdf-4,JPM/2016,1,True,True,STRICT_FEATURE_ROW,True,KNOWN,unknown,PARSED,PARSED,PARSED,eba9450f33b92cb23251dcbe63c02c3b924aef95fcf940ea6993024868abd7db,a698dd475d56de8409919938e9b1473e8ed02d6880a5d206573223f18685e4c5,053bec5ae7736a9d2323c068bbd95820cf4bca98ab934436d501a4d2b7e6863b,f171c35ef5f91962dee33df9816891ac502f346c236c965f1dd996da06128eee,2f08ed6b2c87629771b475082d298f974c2ec1bcf34ad52e74dbb55db7b1662b,f86f0b5366356d58d79727a1f764bfb2c7f806884717838deb1909abaab32c57
DG/2009/page_87.pdf-1,DG/2009,0,True,True,STRICT_FEATURE_ROW,True,KNOWN,unknown,PARSED,PARSED,PARSED,bbb8778218463771801b6530786211673266ebbcf565b5f9bc623ca9b83d5e61,f8fc073ec110d83e0a9f13c7dcd6a8764a33b8e72a44fcc2ccca865e0c2d55c8,a4045e06a469b2422ca2f36f6f680808fc7088253ce9a8c5cf5f644b8bc26911,35e4753f6e36ea49f1b210de2e5099e4675cdc31fde25cfc455bf617a454f2ac,52b740fbcf8c53be997959b0f72d9fba424800edcbc880b14b6f004eb37796ec,aab7c1da052dcf1525dff1b58c10c2516373a4aa442461f8bfed6d32be08125c
UPS/2007/page_32.pdf-2,UPS/2007,4,True,True,STRICT_FEATURE_ROW,True,KNOWN,unknown,PARSED,PARSED,PARSED,071b14d7a421e5984e38a3c4758cb0f284f2c001af21cdb9fb25debc88debb7f,4f48da4c50220c9738d13c0f413ecbd34715739f6aecc6c316a0f13f01bc7eeb,eda7a038c4a3c37461873013dd8d635347f666435736e79f7ad69aadc7323038,b54f8dbdd625b2ba3cbe2d2e997cc5df542027350548d7270211b6ba043c9031,b7e10ada7fa2f733fb00bab369cc39961533a2d3162348929b09c0cfb9f6bc41,8e7f2c1c63526e67d67ef6254f97d0be3d5071d3f9a811a63b70eb1aebb36528
JKHY/2018/page_16.pdf-1,JKHY/2018,4,True,True,STRICT_FEATURE_ROW,True,KNOWN,unknown,PARSED,PARSED,PARSED,f47d10349894b623ed17653a25da1dd693681ba92090fe101b00cb087cf452c8,474f0c6c5a805de7e5c2d0c3232ed0e632217e01ae34c8a0086f752fe2b86161,7cfed49c96d75d14cd1d5af384c6a8f997c0f5faeeb1eeb7cdad9aef2eff24cb,7162ccf3f780e4968217f69073138d5c9fc67891f5efaf6ec44f6c3c728f646b,a53d5db9caa84b0ff404205cac1b04320277748169bd98e5486d55dd1f40b86c,c4800a71afc2e85f08c95a3f1149f683910a284691293c874d180cc0d97da1a2
ADBE/2014/page_70.pdf-4,ADBE/2014,2,True,True,STRICT_FEATURE_ROW,True,KNOWN,unknown,PARSED,PARSED,PARSED,38fcf4e76a116fd526e5660edeb3aef40f22c3e24b4b53599d879f1c5c54d436,5162971eefd21ce59259399ae777e352aff46f8ea07223b76271ab54d576f712,6d24db4e4461116b3779e5d2dba6b119d35c14e78619d4a11ee8db180539dfcb,5b0cbf9114c266274ca055dce122c2c07d43f2065fca6dc15f092dc1c5d0b7ed,309ddfe17c5c7136f91d52c4f98b68cb4db4c2f9f16525803b17d707ddf1660c,976708ddbbfbf15f9a8206322b6cc869e347b28640792862c96a3d1eaf4bd552
ETR/2008/page_153.pdf-3,ETR/2008,0,True,True,STRICT_FEATURE_ROW,True,KNOWN,unknown,PARSED,PARSED,PARSED,5b45d1e48b96f9b4912c72ebbd53540a780c30d12ca7b0aeeba7edd6872d0705,8d06d2f1651dde0250563e53e487305593bf8130920b7052e9487ce9ffae072d,1293976cb06734d26c9d237eeed5d23c23aa503f70be4f7525e76c11de6f02e4,b8bcb3fcad606f30ff73bca35d00cb5450cf17ab827a56e2d8673b488f4f586d,e44bd9a59198e601483dba271c43eaab2ebbe3e70694b2d0467dedfdf5d8be54,fd2b6edbace9e81e00c7c8485a9ae4ae75d840465ce19a238c377287976604df
PNC/2012/page_98.pdf-1,PNC/2012,3,True,True,STRICT_FEATURE_ROW,True,KNOWN,unknown,PARSED,PARSED,PARSED,acf3ae572fb999795ca4dc3ad7ef9604cc7ea917569ad050ee09a87276875704,4b422780a52d7fbef6cade19226ee3e1e9548ac4efa08f799018bce948cd591a,791703a57c7d505bca514b6ad2f43a90054a1e6e041fbbf958d965b7cebb57ba,e9cf2514974e51f54ea59423e97fb3e69ac5958ffbc1731681d236a60763f31a,4641f63d2f9e1d2f86b14e618e0a97387b7b064d371b3d45371461e5da2a42bd,3b94cc98fa9f3dc9b2e122d358431a38e9a20a00f15f1a970cdea207e73dc0c1
DISCA/2013/page_60.pdf-3,DISCA/2013,4,True,True,STRICT_FEATURE_ROW,True,KNOWN,unknown,PARSED,PARSED,PARSED,8105009005ec2838753815c3b62aec94b8963cbbc45de09d5c79b3af1252a69a,040f31979189f38cbaec290843f8d0fed8f3864fb9463349d9bedb27b3fd3e9a,1d99f21378d87e5a0f5a5961c064a51f0bf9c1badd5ddbfdb27f4b75d495b3ad,4c48112015ceb5d3cc2da55a840ee3f7b719af594090eada148aead7865f9741,033cad73af1cba84a9d320d275ff969a47558c1fb06bf7bc9cc32fcd2d4f67bc,7adcbbb2414fb35e2d3819b07b13c553178df7d78217a56c6880b61cb8c02fd1
IP/2013/page_101.pdf-2,IP/2013,3,True,True,STRICT_FEATURE_ROW,True,KNOWN,unknown,PARSED,PARSED,PARSED,d0927e623a7de585da0ea2bf348bbecdbca6c5e569b09cdce6f902b6d9a5a79d,cd192be56baa6d690a479ad1ef1bb0b43d76b4670abef1d59f2e2c70d5c371d6,9721b60f1e421100017afad68742546cdfa91b8e80bb75b131a95573b3fc9d5d,5e3a830c06630973af11bb4e6626234f53faffa8e17b7bf41cfc423f0b50c275,ba70bf14b34333d146ca71921a44c941464e2b7a6ddc72d2e34c4e80ed044878,82a696c267651f6fb4df37ec6f9ad19549dd9ef3d1687d589ec3281ce5fff3ab
VTR/2007/page_97.pdf-2,VTR/2007,4,True,True,STRICT_FEATURE_ROW,True,KNOWN,unknown,PARSED,PARSED,PARSED,e9045463a832ec865d4975817006c0916e8da744d4911d2d463c8ec4d063aff1,9bad3003aade8d583cedb0e54bb30ef33b038c9f2d6b36683ae7fdee9b8cab0d,c74d77436aedf4b74f8b2ac11daabc3010fcca3f71e5182b97d8dc5e85182a8f,d8c0cb61e608da3b46639f3510c4113fd5b858433f1a150a48de57784f6999ee,52addfad06397d1f64fd170b23c2588e8288fe942228d91e1f7b87bd21240552,53d6655c154f46e1b91e06acf1ecf4c8df1895a5ea8c68bff28e1b6e92602015
VTR/2006/page_48.pdf-4,VTR/2006,0,True,True,STRICT_FEATURE_ROW,True,KNOWN,unknown,PARSED,PARSED,PARSED,be233a628677e4ec32e930d830e032df598484ce7b8f78d40d484ad38dc0f289,fa65037b0e79fdfa5213f5b28222b7f9ff5a2c6b310dd22454c11af385a1a55b,5c1acd9580df3a56559efa7ab3d896e853bab740cad4be90e8a93c8121332a0a,e0510d610006d0dd6d162189540e463a3e3499f7925f7107a48783d7db63c746,14773b3394e5b9dba13f3ec7cf3924b0fa3e0ae883202bce1865585510459fca,bbdc5ed7a2b7e4db3f676fe6709f706a21d349b8c41b7c34aedb1a0e82cd6a74
CDNS/2016/page_76.pdf-2,CDNS/2016,4,True,True,STRICT_FEATURE_ROW,True,KNOWN,unknown,PARSED,PARSED,PARSED,1ebf1143e4476dd52e78c346d7df263e1f271027ba560be6f64db0d1033cbdc2,203e36fd3683c309b233703893e0223e50ed6c3218a8de88c9433289dfcd20f5,6cae33a154a983b333a7c9a4c35b34ad0bc95c960cdfbabb6806b2aa656d9db9,8d521870d80472fe488953a9951c1ab292c79c1939ef487b1f1f74a2774ddc34,7ce77bdde9ca58a9a4f942bcdda3c98923127da2f18669dce4262afb1569236a,eee43b66b3d35fdc0f197a2479a5c29d5b3f46e19c8130b6e093f3c8f75d05ff
GS/2017/page_176.pdf-3,GS/2017,2,True,True,STRICT_FEATURE_ROW,True,KNOWN,unknown,PARSED,PARSED,PARSED,0e3bba87770a9fbb40dfb539fb92a0a2ced43f23c2476618a4f566bdfc32e7cb,7fcbedded8cf2a30f41ce5e3f81628fa57b3c565428fee5ed1cfad261ae8d18c,88597764fe934f250f9df9913b42c07d658527bafaf81566d7e5a96163562060,76504087e72a0d6c0a5414f7989596c851b9fde78b071243287d6962df2e55e2,d0762d929d7d6c74c3e9c3b538f61015d3f59331c6742bdba45b51a97f6f8372,101b8609830a64d04292f9b114583349977d12583a13df3201aa016d0fd43dfb
ETR/2017/page_401.pdf-3,ETR/2017,4,True,True,STRICT_FEATURE_ROW,True,KNOWN,unknown,PARSED,PARSED,PARSED,c04e8f251a545935fb0ef54f49dab19ae2779bc34b284ac613f0fefc2ecb295f,c131aebf38bd833d0fad674011f8dc721d3eea0e2b16c7aedabdf9c2f2b38d81,bebad80c3aad29e97b6dfcea03bb9699483f20e057d48e2578367f439d7a9ca3,9ffac96ff5db0d14c9201eaa573c0fea5f7e0d054fac30c5ceb1390598e36e77,ff56928ac836dd8da9ad0db559ff3c23ecd98b7c98d27451e0fda1e993d9a20b,907bf876e13e4e31c5104ce0f6f98c6d0b504c26281d1d5916156d69635f8ce8
V/2008/page_165.pdf-1,V/2008,0,True,True,STRICT_FEATURE_ROW,True,KNOWN,unknown,PARSED,PARSED,PARSED,d4203d6e2513a9cccd99abd7ed1eadcdbf6daaaf40ec91e20a25b9f55ffd240b,2386abf6c4f3905f56be163b8d4b968150e6c546c977ad125f976fe0dcd8f5c7,0c8b0d3766d1b5193f1799cc73248b30db4c2206713acc95cf71236f34e6d4aa,dcfa5a7580a53627001dace517e0238a60cd02844d46e41d8bb50dcadc6b7ca0,8777374eb53f8c582a9c554033dc4610a596180eccdf73700da937a5c5ae5a6d,7c7cd1ae7c667ec406d7037572455952e3d5195e8754502c28606e8cebbd9424
IPG/2016/page_86.pdf-1,IPG/2016,0,True,False,NOT_IN_STRICT_FEATURE_ARCHIVE,False,KNOWN,unknown,PARSED,STRUCTURED_SCHEMA_OR_NUMERIC_FAILURE,STRUCTURED_SCHEMA_OR_NUMERIC_FAILURE,cceeee18d0568a19c03f888d4d1b0f5d316117c87f002d65c756ab723d58cba0,0840e8f5920098ede4b3b9b29e3944895054c9e43aeff2d26ba7001c3428ec62,9eaa2ff1209ab5f60dab6a14210b559457f77653fa1a57f5f9ecff2048f087e6,19548cac56ce9b445dfc55ac541d8f5be7834d56bada0f4fd987383d82150871,00ff119027c15f164f399ce685e1205142c0ec87ea26f86f9d3477f19f8c18a8,0453626ed8179d71a8bbaa0081c3018edbdb7658f3c11c79c7f741b5dfa72ded
GPN/2017/page_72.pdf-2,GPN/2017,0,True,True,STRICT_FEATURE_ROW,True,KNOWN,unknown,PARSED,PARSED,PARSED,805542a24b0812afad42d898134c71ad766e74f7c3560d45b2cb0fb32a8b2e4b,4e4e09fae944f3045f069736e596512292e2dceb17e32d97cf0251ece3ac3109,90b40cae2b898ee9d4a96d880ce8979537ba48a257845186a0a138dd89aed272,3e1b353699f700dd98b4476b16e4cc7e0718cc85e3a2b851e2dfe7a64d669350,db078c00ca2a923866d57f499c8e63ffe5b6c288e6be3cb5c6265e4ece8ca63a,b095a5cb2842dd03df0dda0b3169a4dba1b4060baf0e27b0b262a76f6d19f92c
IPG/2006/page_41.pdf-2,IPG/2006,4,True,False,NOT_IN_STRICT_FEATURE_ARCHIVE,False,KNOWN,unknown,PARSED,PARSED,STRUCTURED_SCHEMA_OR_NUMERIC_FAILURE,1be5f8943001cb5167b7f9e3487dbf56bca13dd6af3c42b3252cd28795ff6bf8,dab900d4333169f7062b04940a3382d812d75504656f412b2ab4615b2d86870e,69bfbd2d33bd2963688b544c10fa4a6c281e7274c170b39853f20ecf0f09c757,8aa74dd31ddc95db07693c5f2d30153654796b98a9d975bbb143a006f4a7cd54,e9aa1ba9eeef1544a4e3056cf3587f9bbe454b8c4ea80eb91d31faecef93edf8,b8b4c62ed8b0cfc378a86e30666f7a115be0b7b21baac2a594fc2c7a1a7b4f1e
UPS/2015/page_35.pdf-1,UPS/2015,0,True,True,STRICT_FEATURE_ROW,True,KNOWN,unknown,PARSED,PARSED,PARSED,ef50db23304315cacc878b058341fddf212637d55d40f431c9dd282bbf11a2ad,92159760c7af9b0c047040bda140e9c2aee6c5bde290d52575c3da90f7623e1f,fca730b851d7964115778ee28c5da9e4d48267192840ea1f3ced75838a42fd9f,7ec2a68d553a188c0127cee35b9de3bb4df73d1bd5b3effdd566d7a432323d6f,c75562ff50363b9cc4e5b8782d7f50d80036195474132e222095f6b382a4f4d9,1df7993ddd3b47793f9f317fa7eed4f6ebefb85e65a80af5ccf954132b4d2de3
CDNS/2007/page_30.pdf-4,CDNS/2007,2,True,True,STRICT_FEATURE_ROW,True,KNOWN,unknown,PARSED,PARSED,PARSED,23e1b9e0253f9c8712cbfec79a73579a447728a3ff701d9f84d1438cb7a58952,8f56726ec288d6da6432d3753aa87dca05f1a22477336d960f77179c19d97d08,7a84ac3c73f1a614d7a9b29b58af7325677a4e1fdc829ef427628fc358fd0f3b,82f4f9e72be73e590a4fa04967db1aecde54861715721ef6f082d8d0ab2c9a5b,089a3c187a79f7b09a865adc4c8f69282f06d6bdc4548d00dfb69df21b27a2dd,b148f5619aa38e2298976efd2177eb2b3bceb53ce92b71e48fc34a9c9e75f664
STT/2017/page_100.pdf-4,STT/2017,4,True,False,NOT_IN_STRICT_FEATURE_ARCHIVE,False,UNKNOWN,unknown,STRUCTURED_SCHEMA_OR_NUMERIC_FAILURE,PARSED,PARSED,aaa0431ee25a9aa775704604c107acead2ec329173de1f38293751578b8a74dd,5bb8a02e3580e1fc98ea693986a4ff616ad2d0a09af60ff57da67f31977efcc5,96c75dda20ff16fbbc86ce462ece4db760b0bec0012e586a438d7f7276292517,7487b13ad0c57190af236859a8f82364c4824795a86e87358c0d9d8d908f759f,67fd5015221eb3c021ba33e9558f2b6ee6a1a760a9ffd7fabc1f2f5fd4d90011,1b8353194a10834a1a9191fc32a04afad3fe2351776535d0b71e185806156f81
HWM/2015/page_73.pdf-1,HWM/2015,1,True,True,STRICT_FEATURE_ROW,True,KNOWN,unknown,PARSED,PARSED,PARSED,7e8bbfedf7c611cb3014336fb5faa0d1d072d9781af5fca17815eff3644aaaeb,32e5cff6c12962ea59f5f3d434bace943e40f2f6cb280e90f610f334c996f1ac,e0969da58bc873688412706b9add32b824bf2c9e1625fba54550369299ee1c16,0d106a349c1ee2441f21d540eb1a6fa6e13f1d4ade6c279af326f4731add99a9,7e09160010c54f84d95efafe99b9931fe7e9513bd5487dbf3209dfa34dcd4e8e,6b7e6b920740ab7c2a947c5e4cbcfbf3d0e990c80453af1e213fb7ab2b4511f6
AWK/2012/page_12.pdf-1,AWK/2012,0,True,True,STRICT_FEATURE_ROW,True,KNOWN,unknown,PARSED,PARSED,PARSED,489a2c65c40479a9af8d489c0253502b10d4e7dab27b5ff6f441bc9676caed8c,836faa6fc96dcb04605b682593cec88b3bda8212e709b97aca926af0bc5069d5,ea414baa1da2058c19b4c15064da38b895afd3dd6dee3353a59267505c6d892b,85c6ddbd3fb417585c80e502d695df93cf87c9cf06635f0c55c628a63bc422e3,c12dd9a27451ae37d74c6461c7b22f7b35b66d54285c97cbf488136b7ac68cef,1fac9f0b8043e770ef05cc6d7067d11850196cee617c9239857db5cb49a2fa18
MAS/2012/page_86.pdf-3,MAS/2012,1,True,True,STRICT_FEATURE_ROW,True,KNOWN,unknown,PARSED,PARSED,PARSED,b2d2e8fec9955df6bd89320a1e8af80ac1817ff57d7887385f25bab38174a5bd,25f877ea788ab92afb3851eca065bf8763bc1121d4d0cb4fade68f3bda863de2,ba7c202e85b7cff95621fe04c117190ea400068a2accb2ab39f7e8cbaae49121,e1a341dc7114fbd715e30439d3814a1e266c29d7d4c1037994839a782ba551c1,f209e5f8f1330868140c769b9397cd53255f8eb4b2078aa537816829c651465b,66c8233249cf4e6acadb5edfe3c6f934bdb71c43b8e315524307b4f26b3c9d53
AWK/2018/page_131.pdf-1,AWK/2018,1,True,True,STRICT_FEATURE_ROW,True,KNOWN,unknown,PARSED,PARSED,PARSED,f6add5d7e6243627714003769c4fa3aa540603707fbfcbd2241473e9a4ad9425,a2ebe5eb75e35e63edd0969d73f1b232650565ef259185a424df7573a34ab6f9,8c241e51e90fb28dd3c82be14f37afb07f96f0fcfda2e73f39f7013987574f1d,07dcf9a82980acd78828323c847780b535b01020a248d91ea400c2f3360809e5,a9bf37cbdc3c443c6918b093ffa5acba118561f8e3ea101b03ea0a78ce33f1e0,7191e9c39135e97922f7c25a846ac9ae5d23aa12ee13dbca1f6a039ec2646ecc
ADBE/2018/page_66.pdf-3,ADBE/2018,1,True,True,STRICT_FEATURE_ROW,True,KNOWN,unknown,PARSED,PARSED,PARSED,1e55718a19b4a42734771b152176f64ec2dc0c8e86c14bd045483f8b282b2fea,e90416f2196febb48a8e53c911ed2fbd2d30616ab1fca25154fec069a737bd74,3617253c46896f729b871bb5fa6d6fefa1bfa43a0d12106ac0994a8969fcad44,057b1c5b03db1b3dfd6aae9e2dfffbb703699ca7df444b92c900d7fa46e3cd96,8cebd01040f9a62bb17b82f858453eaec8414a5c1800aef4a1c21bf386d1fa80,9ab3eae76f4820f52902fab0cbd60a3a0998a912294774102c1fd0770a331450
MRO/2008/page_119.pdf-1,MRO/2008,2,True,True,STRICT_FEATURE_ROW,True,KNOWN,unknown,PARSED,PARSED,PARSED,cb0a0fcd2c030a3784d63a25adc651d26b5e0c84d3f58c5b39bd7841780f83fe,ebb55c3ee86eaeb2f0138d524d34eed8ad283eecd50c9e51b3008a67bca11025,0b5394712b18d663e28340f12377453110022cfcb5ee267d977f32d962175e5e,f06eaaad94f211b31599899e258645f41e02859622514c0684c7197093b5883f,6496868bd1acdbda9b897abe0ee7ec564591976a4def81547635429123dfa3ab,6fdc1abd66fdc6e240faf92f94228df9abf44a98351693ceb6320214ba492a89
ETR/2004/page_261.pdf-4,ETR/2004,1,True,True,STRICT_FEATURE_ROW,True,KNOWN,unknown,PARSED,PARSED,PARSED,8db8de5a1214778112414d8e3221247a57ecb8c1c353c1f55870f43213496f50,a62ae1362079d119300fa94548c0e43075dcd563269debb0caf760913c33aeb7,577220ff84837f866190a719026b1d66cf0abcaec98cde4c437688c84d525914,b4a6d5ee7715683a2381b804b54b63caacd34684c1d1fcf6a198882ca519f775,80fb9570f7b6054d2b07d154480088e610e79bf4625c722508bf9fc59e26db41,ab630c883fd4ebe57de23d57d18d4a82615c2a35e483c43330d45ff6ab975cbc
UPS/2010/page_33.pdf-4,UPS/2010,3,True,True,STRICT_FEATURE_ROW,True,KNOWN,unknown,PARSED,PARSED,PARSED,44a5483b24074a42e892027647a0cd9876008b1102845c44f93ad7f669765f46,fd00d4657f64c6dad953ecc2136fd8b538c5498bd7027ec1f1ed8451e69b3c5d,e2a5e7ad0128046055d124f5972516dd99991a7dd14c0ab2aad570314ca38f8f,6b0d34521172f44f79f91592c86d4e7ecb9dd2dbfc0c0b8fd7bb4e81051e7b3a,15ba091a107318530171a7a104bf7edd6ecf3725237081747d3017d2f1f551f0,554eb33a847795484704c4e2fe1cec3e1c22179e1a864d385b3639220c1ec7fa
ETR/2004/page_86.pdf-2,ETR/2004,1,True,True,STRICT_FEATURE_ROW,True,KNOWN,unknown,PARSED,PARSED,PARSED,ce7057cee87cec2ed681a80ba5221c4acc2c5e12ea63f7e627369cc175ebae53,3d5e87d4c49256bf2aa0b03557112b414f20ebc43708d07cbd0d79372ff5cea8,00b2637cb62656366b96521299af5c10a6f605b3259a8a7330ed4579542bf2a6,fb78434111b57180ddc94b21713902c2d30a39872e4cb0d9580941955d33209e,653161ef1abd1097f60fc09d7cfe87f5841456234ba057f6b882316c1892b24c,b0729485aa44d174a5a5682ddf5bc0dcddb9314eef4c6723c68d3c8e8983bd97
C/2008/page_26.pdf-1,C/2008,3,True,True,STRICT_FEATURE_ROW,True,KNOWN,unknown,PARSED,PARSED,PARSED,eda13078dc23e2b85e3012aa433ec52332e13710a40bf2281eaae0f10e220834,176b669ec13a35fca4ce9fcb69fc2bf5284dec73724a4346a31a8757f420fd9b,f7bc23f1eac6dcba9043d52be2482b2eba196b95b1c1daf348d845f0e20df4f7,81e792d0cb6c2d00d6e12599ff5f7920af82b2563c405a05968103953bdec335,9c572cb5d45c5ba0907e23d1db520b16c48649909ca9b10a41034341a7816295,f56a0b7cc99d4f60e13980336b7b60406664169f5c4bd43663bd14a969ed3338
WRK/2019/page_31.pdf-2,WRK/2019,3,True,True,STRICT_FEATURE_ROW,True,KNOWN,unknown,PARSED,PARSED,PARSED,bfcd5d56610352b88ec41bf1a137c6feb0f5566459cb5e46dad896510e9df4f1,6e53f03fe6d50eb47be69a26ab31868aa923853836050bddf46a331a413cccb9,8a67796f8bb4e26be873b379f4d87da6cf9e2f2d7a58f0e0d113eae1d70c6a13,56f99e37eb714face34a4507d7604583021b11c684c37d935d758f73c9b36de0,062ba33cd2cb179ec4506a03e4fd640730fa7d60ea8ef8209479417c4d920406,256a986357b4dae5bc0e7330925dfeea6a1f1a3caa950a24dcb03e43d8bc3a01
MRO/2009/page_32.pdf-2,MRO/2009,4,True,True,STRICT_FEATURE_ROW,True,KNOWN,unknown,PARSED,PARSED,PARSED,b83786767f940a0e3ef1cce75a8c8cdb616aa1b07ea30705005720a9cd2f8784,3396f7da602b336ed414f2954f6d99f0fda17d9f83fd667e37111aeb725c3afb,51a56dc88caa33568ceec3b0d249bb37707689e986f50dd36f96f8f8b675fc8c,dfd49894076838de4423c2872026de57e1c2d1dd33ddce9e2d05c857fd4fad97,87a4945e37bf22a6167f5dd1814c4fa90651fc9dcac4403ada44ab5b2122b143,02fab9be59d8e1b85d9c3bd3ba61c62813c40815dc99d0ac171a771fc469f81e
HFC/2011/page_85.pdf-1,HFC/2011,4,True,True,STRICT_FEATURE_ROW,True,KNOWN,unknown,PARSED,PARSED,PARSED,1513e1a92fa948833df9e4b3e54da32f23da83a8eec537d1006afdcff6329e0f,a66298461ad0cdf9a15eef6d2a2e3abd6728deec561b3e4ba0793aea5aea1128,2af2ce71de53e1ecd56b7b5f21aca6566b836314fe073c245bb1856282a7da80,36d3400414b837b70fb9f42349c45a25ebf7605261f4d30f8bf89c9b4bef36ee,763dcbd5a6cbf1fa8138a3ba5f85159e78c905a23fd76303420294d9160ab2ce,f0084b81b99a8841bb3d665ae5d5880471b87f6cbc725ee98bac2cbc227a2e09
C/2009/page_42.pdf-1,C/2009,2,True,True,STRICT_FEATURE_ROW,True,KNOWN,unknown,PARSED,PARSED,PARSED,ca1ead600707f2b62cd702b57fae24bb7aa81d9faf394c9d57f9feae087bcf7e,ea3c145d0442e16d868cfe7d1f927f6cf934d364a6d0f4052ffd5f3f87a8ecc2,3ee4802aebfefcd787195c681801952313f55eaf5f3f1f20bc71b43bb4379116,45e3f9fc2926518bcaf3c034cf219c1dbcbae73b6de586ffb4e7801bbb3820c1,1204dacea2d123bd7111222154d42805a8bc2c0b4621209cec73c39337a07ae4,4801b43f6c5e8a7a8ea3b6c404e3c450f1e5ec1fd45482fe342de024f1bb3c59
PPG/2005/page_20.pdf-1,PPG/2005,4,True,True,STRICT_FEATURE_ROW,True,KNOWN,unknown,PARSED,PARSED,PARSED,c83616bb69e75596a3a963541abb1a3e8942ccc827b48cee68660bb0de1dd6dc,2fb0f33516df552edeb8864f428be4de9992824060badbc8be8e9015e28ad7f2,88415747fc242e97bd80e21d235622a0a6c93ba01501dcc0ff60a895ec4c8fdd,af8bbd79ccfcc55956c545ac2c61e4d65b0c25110e40a959db03b2ad0f4eae07,2558a79ad912da3be8561634989e43810d363b90a833a38bf37279656a258dc4,7e1a2c3d5e284cd413c8b534ad9f0c6073ee0112ea34a1dc70d66e812ecfd10b
AAPL/2015/page_68.pdf-2,AAPL/2015,3,True,True,STRICT_FEATURE_ROW,True,KNOWN,unknown,PARSED,PARSED,PARSED,6c2d5caff4a8097bdd2d68a5caa7336ea8aed63e951198ee90c80e9c98d4efc1,b5728ee538cc86a7b0e531ec4bf95db58be7e7e84d66fa17d4afac23b8b5367b,ce00c4dbb9446eaf5ba39f8ce75ed2a24dfad465f8280703af4094c5f3266aec,68ce221314191d16c4f180e261bdd0daa3e67d1b24246d6c01728c8c48cf3fe7,a7fd08ee8794b6f0ced0005360c707a2ba2f9a9565c37c900169900be871532e,c1cc862f9e17999704ca937b3809bc6c9d80222e1f900efee9ea7b68b60659f0
BLK/2009/page_98.pdf-1,BLK/2009,3,True,True,STRICT_FEATURE_ROW,True,KNOWN,unknown,PARSED,PARSED,PARSED,263346b0c2a03e178e7f9ea3219df2208ab7b2b6aa53b12614021eb345bb993e,a590a2a4f4c8a0adc96ef8562824b4aa8491a76d38997a6c64d6ffa770ad8925,da32b8c524a992ffcdb60f3bb01478250f5927fbf497d217a470918281417f44,63ca816479210db7d4d4d70ea3ed2a01f85ecd4200f484314f825f9a8f9b5f0c,d7567c5c0435ad670b0db36764b3ef74f42d6cc8c945aba5f5122a72108f27ab,341afc44f0b6b87e99da0c0f06de36b48153faac2f3b6eb161505ad4f242ed46
ETR/2008/page_343.pdf-1,ETR/2008,0,True,True,STRICT_FEATURE_ROW,True,KNOWN,unknown,PARSED,PARSED,PARSED,c0ed106dc61713af7c7c0a54e6f402db95cafb2aa853c7153d4bb270fdf0ef34,ada8ad37aa4be0cce4efbaa368a50aa5ede43a60a7f71c31017d978f5f44482d,a35883ce51800e86283db8b15bbc09fbbcb7e06fa0239c35b69318651bd66955,ba662452ce03f4352cde249b4e4fe43a2bcd501a6fa7592a8e7faa2dd7e39297,c34f5cf7e8fdd58172f20581aacece3659c121d03cec5e18cf653f43c8fcc21f,c8750f5be200ea33c8bb10ac0f55a00853ff5064f2dbd8202acba374fc90fc84
ETR/2004/page_159.pdf-3,ETR/2004,1,True,True,STRICT_FEATURE_ROW,True,KNOWN,unknown,PARSED,PARSED,PARSED,2d7657254b5306542971a7a365c41aa7b992e37de8bc2795e0807e4f6aac0381,98f038dd3a64760ddb35d2c076e58d2010faddcf9d979ae58229eaa9527b460d,1666ff807d1519ae6ff7db517092c10fc5dd5efda90283bd61c2634f3ba9a5f8,bd010949914f9e0ca91e0914baba37cf1fb762fe240ec5c1ccef13a021261492,9c41369d41c8da79328eaa03685f0aa5c61a0d18cb9fc4a091f0f8e8badd3753,e0ed55308ea9752a327c878457965e166f4930f64789220d976ee2abf9956e2f
MMM/2007/page_58.pdf-1,MMM/2007,2,True,True,STRICT_FEATURE_ROW,True,KNOWN,unknown,PARSED,PARSED,PARSED,6cea9727cdb52578ae21fa92350a6312b5208d67c7368fc342ca025a8d83451a,9b70f76bc497382214a95cb8860e0b7303ea9f26bf1cc4ad037f75d7a16ba9d5,19f2e20ae3e972a805c93309324e246a9998da586f97ef6d0c2d0dd0e7247b88,3d344e86fc6a4b9e63cfb2c13487dc8446876a94bc0eb698c4afa06b42423213,311a77aba518b711fda753e24a76ad904263f4df92225d6e0fca6180b261f5e7,a0551f1a6093654f832664c6797d7602c255dad727793280fa13ea9fdca4ef02
AON/2009/page_70.pdf-1,AON/2009,4,True,True,STRICT_FEATURE_ROW,True,KNOWN,unknown,PARSED,PARSED,PARSED,eff75d862127161e544ee1190776bd98c5de816e0942ba5258404594f1cc004a,3b6f637a5c92009a38a68aa841f5e968fb7bf0f6ca40a728445fa544ba543bdb,97116bdd292fa5c0a63fdce9325529687680d6327578fea51597809e58a95fb0,4ba7156419a34347d72d68a538b36be67ffc494ab0829da69730b1364694ecc9,3a053306f6268157e56dd3a6a328b0046f81af22f2bdd0e522d3c62458b0acc4,935d9db36985a3dbe0546bad1c3f83e9c761f2465efc4c6caa6bb5b0835db5f1
GIS/2019/page_53.pdf-2,GIS/2019,2,True,True,STRICT_FEATURE_ROW,True,KNOWN,unknown,PARSED,PARSED,PARSED,6c3c80d918e1e7fed941602527bf2a8237fdeb2c824a9f19029b08b431997c02,bc74782ecba2548a191703f9f76dad8467ac2f72772beeaaae6750c910a9e885,19257538f701477f3374012d1dc7be5bafbab539d46a4e884a9be2418d6fc99a,ebd01d897fb742c93be257269185b93c6afa77f19e59d854db865a8cf3fb1494,b3dd8c5a787447a8338cfb4a40c4e5e6d29b587cffbaec6dd3441dc57fcf3717,b37e7764d8d4d79dc3f012105af6a1558fa921205184f44d26e5999748282454
AWK/2013/page_12.pdf-2,AWK/2013,4,True,True,STRICT_FEATURE_ROW,True,KNOWN,unknown,PARSED,PARSED,PARSED,8613224b86d9793704ae367fdb6c41c65d76c22d3ddc1b92e268bd108f0669e1,8d51473b8723ad8b380fd5f682eeb9c28cf6a57cd20ba9fa75078b2afe2bb4f7,ef8191ea21441fe1e088287406d13c3273be2fa6cf9f7bc7b263210ab4576e93,4c7c2cc557750ac1ffb5cdb7467051874820f767e234361915bcd81baee94cc9,ab8bf92ae98aa589aac393c5f66a024ddb6bf16feeb8314720598ff42d17481e,308636c4a4df7d69010d2ed59e24002eaeea949800ebd291d9e31e6fa034e8f9
BLK/2017/page_87.pdf-2,BLK/2017,2,True,True,STRICT_FEATURE_ROW,True,KNOWN,unknown,PARSED,PARSED,PARSED,822e659d0e775754fec5c072b477cf2cbfd2b11496043772a5f820cf34e8ffea,371a02585aaf2ed0a225e1cb1fd4fc0b48d7c2e428eac777a90029a1e0203fe4,484a56ab7f4ea0d8246e896623bbf8bdb6621264f7507a5a494ad2e70098f503,2e9831fdfa52405528139b02160cfb57fa7aa13db018f85f1f03e46a0d536e16,a4b079f6d92be852eefc1d28cc8e20780f6fde4c54fbf0dfa0ea95102f4e547a,7f75505b4d7cef8f369923329d38f6163dae86431cf35c6b309e804f50c7075d
GS/2016/page_81.pdf-1,GS/2016,0,True,False,NOT_IN_STRICT_FEATURE_ARCHIVE,False,UNKNOWN,unknown,answer_not_numeric,answer_not_numeric,answer_not_numeric,865c4b2e3cbb14f520d59480e47c83953c50a4b3255c5a01c4f3b584986e46b1,c9b3c7b4b1dcd24647390412a9f189416ee62d1b605c630c63c3ecec9dacc15a,398b5b612a81c712d12d318c9b35b044ec6195d0550c6ee9194ec1bfb4d7eac8,ccfea98e7ef35dd7d29dd16240a0b41adc938d0f812c16c9bba8048bf3a8921d,d718c93fd12ace98c17b59a7ba364527f0f3a752e9fef7536b892931640b0579,526b9b6a9a18f158af707328208063da2b5958bd6952ef13ea46c7cfbe500855
ETR/2008/page_343.pdf-2,ETR/2008,0,True,False,NOT_IN_STRICT_FEATURE_ARCHIVE,False,KNOWN,unknown,PARSED,STRUCTURED_SCHEMA_OR_NUMERIC_FAILURE,PARSED,c84337fcf0278eb40f8a99b1087ea42bf7bec4c9781fa09d038b5ced9ed8dc6e,934141076ffd7ba7f13bf6b8322336a74de711670a403ced832182fbd6adc285,8289b9a65b40ad0eb05fc458adcd4f21262670d86a371f837b8786ec4f5a3c28,4f06e14d90a11e01bf97715bdfcc315542a35010acf36914ec79f881ef9d0501,232d0adb8e59149fabcf424d739946bb66e638d716aee8282de3b4f1f83e2f62,5e974949b1f92d55281f6482eee47d2067d2b69beaf6f880f9d4058e50b8b36a
ETFC/2007/page_116.pdf-3,ETFC/2007,0,True,True,STRICT_FEATURE_ROW,True,KNOWN,unknown,PARSED,PARSED,PARSED,d00bd63f667c29bfbcf57e8a9596b94f379579e8fa7ed490bc571f22ed4cf39b,dbb66ca0a7b99df8080ce4d88dad138afd18395155ae01ff4b3531fe1467a77a,e0f2c0bfb7311c50743ddc236cb38f95257bc0d64b237d147dbe4de837a9672c,d9d24293d1ce41cdbc0df21a5e7044faed39b6b8ea3846cd2235fe1aeb997a29,850a76bf9e5d7c3387fe686496e9e5b395f8f44ded8b577ac67aa2f2aee98834,4b8403f4fcfa089f2069f723d31758ee294948e9663496cd6273913c059d33db
BLL/2011/page_29.pdf-2,BLL/2011,0,True,True,STRICT_FEATURE_ROW,True,KNOWN,unknown,PARSED,PARSED,PARSED,b373b0738d3f13bc5ff6d8a5030a805ec2e8580d8e983dee3d8a7002811d13e7,025dcba9948bc9173d7a4b7e90efc2dd4a20cde672816c6c8a00f9565fefbd67,6fa360b5515c294f396eabc77bcbde74ae8f7b9688f7b030f13de5adb5f3b27f,e8970c9cc6f2e1cabf6b9d7ebc73374c51e0960fec158e315ecadad239230218,1dbf4727168a3918eea85885c7a25b774858a375de509c4f2b5439a8be56f828,937e8908561e8f097d13658bd5e55dbcb3b72bf41661227038fe23889bfe2c6a
C/2008/page_105.pdf-3,C/2008,3,True,True,STRICT_FEATURE_ROW,True,KNOWN,unknown,PARSED,PARSED,PARSED,7903622c58d25398ce982c43069bd51adfc0eaf379da66c0674085a024af72ed,dc49e5dcd726bc48fc6e6f350ac617a7df2925b0a5461ef2f053273f86ba27fd,2c21f6ae845c4d9c36ea2e44dd6169854b71896ec8100afea866c5292ac02f1b,d81b62e4f2a23fa84b1a32a51b5a23f2fea647eaf3565ae6d76aded544edb509,d64a81e56ec3ea2e01467744c5c27507142d555217c88d8068b41b0826a2d1c2,f0bc859c627d7aae843170228c7435724e68410973f97990b4405dc6b0342e7b
GPN/2009/page_69.pdf-1,GPN/2009,1,True,True,STRICT_FEATURE_ROW,True,KNOWN,unknown,PARSED,PARSED,PARSED,ae10badf46283f28f76502c85f5aea86f06c0d0046ad3da8c747ff0e77baa0f0,50203ad3c6aa39dfc826904c1646f51b68f1ed4eb2d5bcb92e01e2000599c356,e453a7aeb26494a8d8000f647449f7c65ca48ae6e5bc245ab945bec75f5ad2a8,83c3be2c9335a5b087d0178735c74f833e4a85e52f99ed374e64c8de7dbf1beb,b4e4d260784695eeefff0535744983d5d825040866c4c51a199ed6c7c1d4eaf7,df5056c1410343e26bdcfe45e5dc872228b03313c2c54cf11ca9e1b13b82cfd8
ADI/2010/page_50.pdf-1,ADI/2010,4,True,True,STRICT_FEATURE_ROW,True,KNOWN,unknown,PARSED,PARSED,PARSED,e41d2e3b917258545ef0d4fde26334ec44edbec634742017747f5e8105a68b46,2e06cc2cfb4d6684512bd764f72320fd315f53ec8ca67b26fce00c90257c25fa,376db92faad5cd45005ae54e2eab306796c0e4409553cfa24ebe5e119237eb92,9f572297ae73d59905f6cc88e0e2cebb0ed522709e00d30bd8a80cbd438b0cd0,715f24c4f9fdecd7080a8bcd389619b12a2251a721155aea3d6133db75032d08,59cb23ca7deecb7637900861974601bf3508ad46cab78fa6480cc6636aad8fc1
JPM/2008/page_41.pdf-2,JPM/2008,4,True,True,STRICT_FEATURE_ROW,True,KNOWN,unknown,PARSED,PARSED,PARSED,236cd27c874efcf8e65fa341f51ae691270d7534509d5c4b577c0f70e4bffa37,1922a17a121b2325df328c5a48cc2428b2b92b4a337cef004fa2b9561f555581,03e3dd30b85088ec6fe7562aa6329f5180b246fa8269c8e2723df08af319121e,b0d4772565a6fc883dd19327aa3ec87c0ee78f0d49f64b44a34a7ab2c482b467,0d7edf57f3bec313aa572a03bdd8bb7c73fe2e4f76f9859c1dd5e7ccdf5acf7f,8e2df2ebe0478e0dbc8a4287eebffc6b052f79dbc02544d7b140de24aff61886
MAS/2013/page_27.pdf-1,MAS/2013,0,True,True,STRICT_FEATURE_ROW,True,KNOWN,unknown,PARSED,PARSED,PARSED,32a1374d277711a529f5489b2a84d5433d508e08a07cae03977b637b16c34c1e,c6c236c81885ef9778c51abe8e3e5b6c02e24ddca97d59f5675d686f3771cc8c,87c1bcf723b2d394b279b01821b0972a79803359ce86faee8ebd6c0277cb3797,f02c4151a7df1f584e9914111e59ec54f4aa054c8f2f8d14b161bc349b895a75,e61df0d373eeb71d93474f2066c51096424994cc53468313c1e615898f4ec3d0,2ad801a8b5e130060eb4d4076085890d579cb7a66f3f4836d43624d5146c4d5a
HIG/2013/page_212.pdf-2,HIG/2013,4,True,True,STRICT_FEATURE_ROW,True,KNOWN,unknown,PARSED,PARSED,PARSED,20d64b0fc0b3131033c80bff02b49390e64059e690ce041d99da2f432b86e1a4,ac1c938c3cff34bbc9a07a2a71583288ec340b0b61fd46cd36b78eb02baa8113,670aae0a91006e25cb895cb9b1882f9f85ec7db78d6479d5112a949cea78cf7b,7b62ff0b67186f188f897feae3aa40fd3025c08b36339ba275ab9083bcb8b529,a9686d6eeaf63f486ae05a7bdfbc151af3ac34808bba313f501f0136192588a9,31f64c3cb309949619a47b2fe044ee45776aa521f6b9e123dc3b3cd7f82c2100
UNP/2010/page_79.pdf-2,UNP/2010,3,True,True,STRICT_FEATURE_ROW,True,KNOWN,unknown,PARSED,PARSED,PARSED,cca9c6f89c3cd63601597389f33573e1fbfb04624e365281772c6b6f7675f70e,84116131edbeaa3bfc6e0154a35929cd7eb72ca84c8d55f91f8ca71bd7fcb340,9ebadf13f39396cb53efc78f30f5b9acef24adcc7738d2c8a58b5e79d88d84d4,ae2752006869c85e912f77a1e33df04f4c297fd557690352922d6ec319624c91,1527dba95654fdc72b641469f216c1d096a27fe986ed75fb8c58cea9245a01b6,e191ed4819850314f00004177f2a8f87a1c792baa673519e53aaef414ddc5d94
HUM/2005/page_18.pdf-3,HUM/2005,2,True,True,STRICT_FEATURE_ROW,True,KNOWN,unknown,PARSED,PARSED,PARSED,dbb52867209e2f1d0240da37f2860d1bbd0515cda5cc7cfd01915261892c6b93,3deb262eb6e8457d75b17259c279ed172859582b84fa11b9df54b3bd32b34eb2,c1274b684639649ad92480c9149e4b95f7b220bd84070d4d0d4dae86b843db73,8c19c3698a9ab329b763ee79bc61f6785e30476b70f6cd2e96a3cf899fd86eec,f377891db8da7276a2116656de0636ecc88d6e596d68fd2d71045baaea7f6546,7ebc346c7ff0a940c29e91293dd835282173f59581da024a726bc69b9e977c8a
AMT/2012/page_121.pdf-2,AMT/2012,2,True,False,NOT_IN_STRICT_FEATURE_ARCHIVE,False,UNKNOWN,unknown,answer_not_numeric,PARSED,PARSED,d3a5dc4231decf89805361a604857445e6a1671ababb86adcdbd40c510e1e868,ddb2bce412fe8660a729c199cf15854a79917c5727e73ba5070990c7a25ee0a1,cdccad6b55e559885dc48393835d41ae9b411b5e5dd115b097e508f0615a3cb5,5791b44e18a8b973dd893354beba6018d8231fd094240c383ab1975836c40591,e0acbf30d3b9f895193aa1d730e6696adbf3e25f071ba94561edd312053242de,867014f504029c5c804b0e2bf47512f7eeb5181af8974c7a58149d346b49eb04
UA/2015/page_77.pdf-1,UA/2015,2,True,True,STRICT_FEATURE_ROW,True,KNOWN,unknown,PARSED,PARSED,PARSED,97ff53a9dd12e7952c49f69d98eca331ede45edf82a11fa3e065a61b46683752,154cb66b373181d5984c8d3b8e6cd7e5e580349ed0dc6bbb7c64b53d985ff0b9,85625278377a2ca5dfc295ec55db166dd416bae9417bd6b9c521114250b48c57,389dd2deddc968814d2d47855e500b8000f32d70f802f7854bfb58276a02fac8,f4c0be1b662924b504ed01748480cdafefd717955ff6d90ac173a7577a5fea15,e8d52147d3cbbb3fef872c5d5c231882a9b1219672c911b02b60b73fc1656200
RSG/2015/page_75.pdf-1,RSG/2015,3,True,True,STRICT_FEATURE_ROW,True,KNOWN,unknown,PARSED,PARSED,PARSED,efdff1334ad06e0c048552dc92ca5efc0b5a163814f63c255e2a48e8b39bd7af,365df546bbe9e0f2bbd4168519c97685436836196fad3775bf516db79e10beac,e11ccddd5a971b2e08bf9edbf10d93a479aca2946087e68d3e0a1a3f09539785,0f56156cf6b99f33050d06410626763a1543b71bb66c5f4a353bb7d7b957178b,58bce526ecedfb23b5560fcfe911bed1252ebe72528b562894fb00e1237ec2b6,54b8eb91c18242a1c758b867bed9b47bdf80af486d5dc62ca377f96a0e226864
AMAT/2015/page_14.pdf-1,AMAT/2015,3,True,True,STRICT_FEATURE_ROW,True,KNOWN,unknown,PARSED,PARSED,PARSED,746d04bce9aaabaa0fb6c2768fd8da1f36c265c4eb5d69443bcb9562ed30f800,4dff86da06edac295e974bbf22f87734d0b151a1c133c6a73488713113903ab4,c1e41ea84c86dd3e57c062aa855ba26f31d185ec7f13772da41f100460bb1ba1,32f50919e2966f261b443c7ed71cd73bd0927d3f0e6b9fd966fb351663051b7e,a1af3e8633c21b50f4067199a7850d9867685a2fd37fdd6922c24905bb5fe942,1a65a72cb3960335283b935ac277ebf5f224eab801df6b465a43a23e44cdb47d
IPG/2016/page_46.pdf-2,IPG/2016,0,True,True,STRICT_FEATURE_ROW,True,KNOWN,unknown,PARSED,PARSED,PARSED,ae6a637a9aa2924b548475bd0d1b1dc5a6059f99c4a5fe7d5e5c6008c306cc5c,8d34253b1d9908f6773e52ff14a94f4d3922a1ff8545bb70198b8f82d48c0258,2b624ad75c2b0c39626a861c8b497fecdc12b268fd28dbfaaf09e42232593a6f,28442bf0881d4cedda45b4aee6d528c704cb93a03bb84ce6578cfb97727b99d2,cc232e2e532a4af3b75d76eb4f3d81c25afb5c5903539df24c35ed384a2c88db,551dde99ca8f71712af06d8fc1e6ecc773eeb63ab23cac25ffd69820bc7343fe
VNO/2008/page_183.pdf-2,VNO/2008,0,True,True,STRICT_FEATURE_ROW,True,KNOWN,unknown,PARSED,PARSED,PARSED,214d17242dc1f3a73849b5efd4f0d7666bf12e8162140b2e2a2f257f152a1783,510fa9315c5918551ed7ebb12ea0776dbab5aedcec5a026d0b7000204c3315f6,84db5b1febebc2c3f954fca190a8d909aebffe3411680ca52722cfcc5748acdb,48a7632096ab7c26222c1ff5171f90aeee2502beac25463fcb90cd372f1f1928,a3ae7dcfd24a378b85455c719a156107f01a1cf85f4e34a78d588289b1775e24,b15aedbb4213305f9baf57c1a54a4c36bd6c821315c08dc6b33a9cae317a22df
AES/2011/page_230.pdf-2,AES/2011,1,True,True,STRICT_FEATURE_ROW,True,KNOWN,unknown,PARSED,PARSED,PARSED,a872379652240d6aa36f737138b5d7f99b1fc38aa61ba1555691e0cc317744e8,bf686d433e3660ab59db8956982702aeb1b35660ba94122aee752d1a62f1e9d9,2bc62499ff7704488fe32f29c9bb84b3003aa70367a9c4b05933c82b03cb6499,48cfa535e900b32ce4bb4d271cd2b5e485a0ca88e289f7750a872dcbe088d713,86ee9491bed486d50983434f375efa88ef3fee8d5975b03e1d64cd85673c81e5,c74505d6e7c69e682c082953c3b6d9178e5425331f457076766b66fd646e283d
LMT/2015/page_106.pdf-2,LMT/2015,2,True,True,STRICT_FEATURE_ROW,True,KNOWN,unknown,PARSED,PARSED,PARSED,28fed615ac0119f77faf8e7641b08f609d41692c0fdad9b2c7c8f74a5d7eef5a,a7d4d6814285b29223b87fe38f57a1848059ffa9deb11981dde0b3bd9a68b217,dc55d0c9efae97740f62e0ecef1876e823cd585a9df79f4664cb8f34727b9de2,f7cdcb69b392fa910bd78ccef5a248e25c359be522ec066e63cd70255e23e475,c13f1498220b7ec87d14c50180d1b9e792b4a89ee68feabb411bcb81435f9709,945f7cf2fbb3cdd13bda58902c6bce4ec80d1acdf0d8d5425f159fc8fc268388
ILMN/2007/page_84.pdf-1,ILMN/2007,1,True,True,STRICT_FEATURE_ROW,True,KNOWN,unknown,PARSED,PARSED,PARSED,21bce7bbda0bde1d25983d1850ab8a023026272c3669bb54bee8fc35da9fbd79,9b5320f4f91a1506204f35a32567ea70250ad9ee93f17297abc30fc51eb790d4,9fcb179683d868a8828c6a38867f041036ccc97da1f62ece2b92cdc3310733f8,ea3761e3df41d6240061157fef68536b9e2e7ea323e884f18bb47dd0e2c8b75b,367c7088e2368323fb6f080b6a6e7d8376018f8cba43575f82b43b5c81a0f75f,b718e5c33fa76e24d638c5df4cdfa42ccba58032ab8320a2ce4a1c5385acd938
IP/2013/page_61.pdf-2,IP/2013,3,True,True,STRICT_FEATURE_ROW,True,KNOWN,unknown,PARSED,PARSED,PARSED,fa8cff711d4578446c3a8516c0ae0b1cd7275eb72d8130e80c34dd9cf8d08541,2b38774bcb4854ba4ae1df359f96fdbf03f3be0042fb7b5c89c342a71fea9a4d,de21a6292848ce6c4577157b21da4e854696aca24c5f89650dd2a61182d413c6,939d38354598e354bdfe8d3680d43b291f2a671d091b0c42330cc47bf69cb62f,d56335ad9e37f680a7c59088be0281bd8bd7e55b58eb42494fb80782d8bd30dd,070b35610793b7ec1a9f20c606a9087a4829211a2057cf7446920972f9176ce5
C/2008/page_207.pdf-3,C/2008,3,True,True,STRICT_FEATURE_ROW,True,KNOWN,unknown,PARSED,PARSED,PARSED,a949aaafee48fc579c8dbf83b6ad1a9db1fc842bcd19239ba25ff3a86889c778,6535de274f9c32956c83ae67dd3e81c6bb6395ef5e189ecf7742ce6bd1425772,38f11cc7100be9bd39a57eff4062b892500f429e9ebb98abc579078a355c0966,d38dffb2fea421d9d1e78011f1b0c1f1c9dcb24407685d68258ac101104a4ea7,d0ef5cad1e129cbe48d1d5dfdeb52218db5d14a39f6e846fb69a5f96fd16cbc1,5078303450a0d6d2e3ea9d5c3a1d4d166f5a881ef22dd20ee5d8c67597c670b1
AES/2011/page_131.pdf-4,AES/2011,1,True,True,STRICT_FEATURE_ROW,True,KNOWN,unknown,PARSED,PARSED,PARSED,c881e38b414b7cbec7849ca2a59efbd8d02c49a186ef6d961ed6881842ef905b,d99658071dd19ae2d01059e71c9ffbd0d36ad8130134b15e0491118762ad7ba7,a7df1a533d08ddd4286bb7b7a6e7c02cb4018cda8e18cc03fea2b72c6dc895c5,62de8bf36ee47e315e8b889e91a58ea2a53c1a9000abe28ae2e226108070d23f,7a9a3f3391b1509889acd322752a23249c895b0b99b8b64f00a170e4b4e3c05f,2a19dbcedb725bb61f0127b7a71b7bfbb62df2bc8c7680981d147e62d0b4cd90
AAL/2014/page_80.pdf-3,AAL/2014,1,True,True,STRICT_FEATURE_ROW,True,KNOWN,unknown,PARSED,PARSED,PARSED,91c653635bd9eed5f8b30994d241c5fe190c3314ccfd156116bab8939aff1fb0,f16604dbbefa4c8562bd9feb290cfd38545cb4195e2a35650ca467ff646f2df0,9480e8e87893473faa52e4c77f1c3413e0e0278f861f900ae9541c160023ef7b,3e6a2f4c5e878e36bf93939162cabee98e51fd64b6d49e77d60198f8a3f7df53,9592ae67e19d06103052746eb20bd729584ce7b423c1250a0e4d59fcf9581123,b21adb187a20a2b44c622f090cadc9a645e8532b1bc3354578be48e84969429a
HWM/2017/page_77.pdf-2,HWM/2017,2,True,True,STRICT_FEATURE_ROW,True,KNOWN,unknown,PARSED,PARSED,PARSED,e513ea187f141efb04ce2308ba112aed984c4ebbe9fe4a622b7ebcf4deaaa90a,b2f233ceed14fc775cea128a37c83126e2133b4bf5e9df2766456b28ad9f909d,fb6b8026eba8c54ef72ad6b83b2cbd5c9c2d2175f9e91eb35473f318e4ab2fad,de9761c8d633723a8261573829532a250dcf9b510aa70d9c17209b96ca05fbd4,739cdc02af49a2b72a6810e2404c847fc72926cf2c4c00573192f718dc3a6b09,4edde78146d6595e05c48402e510ba2ad8581b6fd3a9cd6af107a9989e62d706
RCL/2005/page_40.pdf-3,RCL/2005,3,True,True,STRICT_FEATURE_ROW,True,KNOWN,unknown,PARSED,PARSED,PARSED,cee09b28654d781aa8b83d896b94e176b998d554099402e59ba55a0385c26fcd,6f2edcd7c4fbba508c8bb2ed83e95b85548bfe4d77d71b17cd06b3b428d44c06,15768547804ba9e4f2d4f57bed03a6b1036c8341b732f0db70142676a3392869,ce842bce871358f458bcc7c5f9ce53193d3c90ce180f7a291084ee955f790c31,89069e9271c45600ffad1f69e0074a864aaddc0678ca2401165d27fdb6bb920b,8b197e13e3c9b9e6f0c1d1cd4976192a06b8406bdfbe444d6e7b3db8bfffb20b
TFX/2015/page_42.pdf-2,TFX/2015,3,True,True,STRICT_FEATURE_ROW,True,KNOWN,unknown,PARSED,PARSED,PARSED,004e31c856b96f4ffb0d9b32548523eb206dbc45d3f9c0ffaa0f481fde763692,5644a2bdd5a58995317037b4c363220dc2fd651aeef2d0f320b9f7b870e7b289,f572d5f97f853a867f14fa4b041383db232cbe4348b95c53c8d66e6ff6a1b816,e489f0b592f95aa56f3f330a186eb12b1d1e768e064d67302d1fe136c01aa747,0cc68e97f4b5e1ddb894fc3926c516b891ab24063d8329bf91954e267515b10c,59948c0affd2af3dec5fe95d1f61eb3550bbc5f8f0e975b45abb0ba432c2c6ab
MMM/2005/page_53.pdf-1,MMM/2005,4,True,True,STRICT_FEATURE_ROW,True,KNOWN,unknown,PARSED,PARSED,PARSED,454fe030edf57fa60912b1108263af3fbd9abd9919c0458efa433fc6353941e7,43fff8108382edb628efd931a5dc324fdaae9ba7e9aa310935c6ad4b4d3aa822,bed5fc4db7cefaea8a43f272af5123f05044d50dab11ebc5ec6eb9aeb7e0ca71,1a14f2edc8daaee35f5e4337a47942ff2416efcb6048fd9935b11f85952a132f,196497966341bea834ad9cbd58ea15fc4edfb62fcd7221fb614bee564fce0761,c75f5a4f48e962a8c099b28b569106efef2d8b3f87c5d143265f5a493eb9fa1c
OKE/2007/page_51.pdf-2,OKE/2007,1,True,True,STRICT_FEATURE_ROW,True,KNOWN,unknown,PARSED,PARSED,PARSED,0bf7a928936bd477c4a0de05425947724066d0e6bd9ddfffb0a35110d4617c9e,d18cc803bc629350d72888a9f74d5f33a09d1f93497a9a60fb3c15b15e2dfc24,d7da999ca5f60875b69193b6e60d16fc15dc6e047bc4ed7f26c23466252a3d80,166af39623da0a8d1a88f809a52c663e8a8cb696b0c0ada75a0556d22730da1b,f127bcf4618a771a33451dd19b8449555c2eabb8a8a9d6cdb24bf7b1fefc448a,ed231265b1e136c6efcdcb483bca72eca506c3a7204df40036f70ada5a96a15b
AWK/2015/page_127.pdf-3,AWK/2015,0,True,True,STRICT_FEATURE_ROW,True,KNOWN,unknown,PARSED,PARSED,PARSED,814c905f9d068e6e57dd87f6c646f2fc9e5a32a732b28cdf90062f000f758092,8771d36b9e06a3373fc33fa455e0386e33062618b0f9af8ffc5653da828598ea,c902f6f8205bd1bba17b80eeb8a6d761ec82764a2aeb36af747cd786e4571e71,0c9673ee0a4b07950864534d24a271601ad425fc7c735b71f7c5b1fa7fb33d2d,c0b1e5841185234447d82cdcebab0d9373133b7b1f5f7ac3286dc5c0df7d46b8,267636dd79ccc880cf027412b1fa99d894b707daff57666bcd8093df6c5ce4b2
ETR/2008/page_435.pdf-2,ETR/2008,0,True,True,STRICT_FEATURE_ROW,True,KNOWN,unknown,PARSED,PARSED,PARSED,d020947a0496e3ea4294c8eba30d7cbe55163c1f5babc969b9d77278664ef348,428f69b37f7a453d8ac5cf01dfd76b0c9de5b7e723e9ac9c1c8999b6cfac6733,3be5f8bc68e911385603ee6ffa4e7d38f02afcc6b8eb4865ca36ae229eb4927e,878a388e8084624dfa2a9c94321a357c1dcef957a3b1fa3e3ee7ea678ad881f2,f32018585d33bf0656cf6739d4211c8af7b5663140a85e4445eb50518749bccf,52023032a7e91febad0ca83e6746b5fbd11a04a78c924cc63fe580dd36ca5c98
GPN/2008/page_95.pdf-2,GPN/2008,2,True,True,STRICT_FEATURE_ROW,True,KNOWN,unknown,PARSED,PARSED,PARSED,bf45a3b31fd4a68fffbf9490eccd9c6c5606032ceb3b249ad6eb255b7e4f5cd0,28b80998213470b9d156989c9802981c79120e10698b24d6d636e549cba0738d,b6e4c2f7eff19933fe3b2c70b2dc80dff181bd9cdd85ed23626a21723501a283,fd9d9dfc117dffa72c53241ec15c3f3b91c54d03945465265b217689587b5587,ca1af09b27da959214e635d0eda35cba06a2fdb711267fad7e5edf35df803d17,3cb8bcd23ae55fdeb5eade46b06bf019622c6d4f20557609add9321966ed3687
RL/2009/page_22.pdf-2,RL/2009,1,True,True,STRICT_FEATURE_ROW,True,KNOWN,unknown,PARSED,PARSED,PARSED,58446f5fceeefba909045cc35f6d4c0f00e0397282e73131dd50a69af0cffde6,d29b9d4fedd24ef1589a64368468c135b4658cf11113a0699316902d8cb38058,112d9a103e4b7d7adfba83aad113bc903b1ddbfb0a1dce4c462aefc7529c8507,f469141d5a2171cdcc7cbb1a1fcf8d57710afe2a83dd34ae5a0213b24cba52cd,dcc107db72f18550e2b9d7a4148ab575c5090cee58a9b63797d15ba8ba7598c1,ac5f993c26579329e8de38579f1dce57494929f9cd25fc5537ad9aa33c78a326
DRE/2010/page_59.pdf-1,DRE/2010,4,True,True,STRICT_FEATURE_ROW,True,KNOWN,unknown,PARSED,PARSED,PARSED,f7ca06757feb13a0c9c216807d27147614d00b445212d95a30c2e49da91ba880,624fca8b2f5b31a6d5d3dce30741d8abedd20a50b02aa8332d835313559633c2,1dc975acb2f4fdfd03fb73988bc23654a1d0d1dac96b21b765cd7340894087bb,cfd3da41224255fef257eb80309e978bb2319083ab36ae98b6ccc841f935dc2e,f41b4791131f7673e0d74ee3e43fc08c5711397fbd9944984b19f3158373a2ff,409d407fa0fa700849c473d4de95a81829620b6418e01aded3df8db0f3f83046
UNP/2008/page_34.pdf-2,UNP/2008,0,True,True,STRICT_FEATURE_ROW,True,KNOWN,unknown,PARSED,PARSED,PARSED,a697fe5eccf3ee6e43f9971dff2dfb59fa9ebb622310cf7a147f39d0d6295b02,ba42f844de4077f9c2e07103f430a9f7c93c9ccaeb04a0e6825d0bb48c42b9b8,06a2bb7732fb648b732acdc643356e5e4c9964ad80919cf4fe4a986f6652cea7,04c26cfb2940104c46478096dd121c912267da25c0a483bbf684f5bf38833d8a,c6d1b2b3be707218ff06d81c6e7ae833a05b72a2c137374c1ed5efb98745643a,80f12716c3938409005d357834298e084616341d08cb67385d8dd663254c91f4
MRO/2013/page_40.pdf-1,MRO/2013,0,True,True,STRICT_FEATURE_ROW,True,KNOWN,unknown,PARSED,PARSED,PARSED,de497b4d2067f98b51d37406a93bc9e944e7ebb8ac64304ef6ad7db5d09bc7ec,b85c0b0b82ad369400630c4a99f2a01a8c1c9fff7e81b3a3329c1da46cdbcf46,40c7438746c833745e76026a332d5a2ea6b6beef512a0546e7225f6af180fe6d,566e30114646a4e2ce19dfe3566c1488446d2acf2eba9adab24a01d6d3b4d993,eb644956de7301624088c3b34190f473fc45e2813c1a8bf9dc29cc244dbbc738,eeee2707864853a033af45ebaf26017559ccffba990c9670f85b58fe2578a481
GS/2016/page_161.pdf-2,GS/2016,0,True,True,STRICT_FEATURE_ROW,True,KNOWN,unknown,PARSED,PARSED,PARSED,e1bd82200346b3d13ad21cd295a6c40bbc7a5a43ce4641c2ffce6297cf7f12e3,da744acdebf6d97d170a7e3ed08a2adacb36e6ebfcfb2db16b0ebb63c2cab2e8,61df6795bb368c7e2c14cb73d5bfc3e9fd7eb0c1b99ce7bd234142bc73782a8e,edc0edcd526746a4c54fdac7fee740e87ae310db921835e3f6e60bd981dcebb5,f84cfa872738ea5ff85e836f6a88f7f3731d49097cda9e16facf1c62597bc027,bb46892a5e54474856a71401df994af66602e194df6ab62c0f673fd481a72390
ALLE/2017/page_44.pdf-2,ALLE/2017,2,True,True,STRICT_FEATURE_ROW,True,KNOWN,unknown,PARSED,PARSED,PARSED,ed696cd1f3011ecc68ac413d06b4adc3b07fd27367cc176d991181ddad74ad83,96eba9d090aeeea84db08845fc3bfbf5793b6c7508c8a8c0c89a5c737211cc56,efebac7570e240939cb2bf81a7c761b77e6976863528e9ebf58a538de24eea10,177f7fc6e61c8d77b7b590be357f2e383824ccb61504d60c2f59ac02cca02fab,6234abb4b99b87b6aa26bcb1318bab1718a92c3f85833dc24b84a4fc4ac4aa20,12ab2912b953673778e132a992603a131f6f3ae03a5c35669bd1fdde1c9ead4e
CME/2010/page_45.pdf-4,CME/2010,4,True,True,STRICT_FEATURE_ROW,True,KNOWN,unknown,PARSED,PARSED,PARSED,0d07822606348df28ba0b38d360438b2239f2cb383cef46c3cbd7ef455645fee,fd6295a05afa58d0a28042616bba6b55d2cb4d41cf3484e4c6bfeaf714d95deb,50d11be85a3fc1325148fe86fb658892b072061c2fa5a84f3853b86ce6410e56,92e497a30d84721874ad4be7cd476779e3a0031dfde774af505d286435fff97f,b42940fd66396debff0e5a2cdd5bf0d98990a4f7b9561befc20babb4c51fb0e8,eb1d87dbbb9f66d480d62ac8a65bcd17f40928c4588e6ea9b6ce60f99c45911e
GS/2014/page_134.pdf-4,GS/2014,3,True,True,STRICT_FEATURE_ROW,True,KNOWN,unknown,PARSED,PARSED,PARSED,f68fdea15009f920e589e3c449585f58e18aaef1d47fcd385907153f16a0a7d2,ff24aaa4b9ed218554225df0824f70edb2952ae2fb5a87b138c2ff7e3d2f6c98,f86f1dfeabcf7e7e968a3e02c2fef5eaa2662a283616557b17ba49835f9950cf,f4507941bbcfdeb46fd46ef4fc74b02210cf309cf70cafc0ed6acb47c50e7dca,5946ca02053d2a9ee4d3667019e3a7d34c850af3c8bbcc1d3a1dc5a1f2532cad,dd3b78bfbe2abf101a44298fe9c8b6ab22f0a27c77a7aed66854efdb5711477e
RCL/2017/page_38.pdf-3,RCL/2017,0,True,True,STRICT_FEATURE_ROW,True,KNOWN,unknown,PARSED,PARSED,PARSED,c0bf7795289e48d0763a974bb327531866c0bef35d31bec6c489eee396565596,e146facb7c2cfdf71069c3199a36a932c3a7cc3e49295bc298bf85917ec43191,b05e0cf60a8e900919804fab90eb9aa1be8c2e59955b8481b0414657f3d5f91c,37264ed1952b9fc3c72ab2659fdd9844188a8e944b5791a5fcc9ed789d66884b,e8ede7bbb0de9dd548443bf7f7d91b20f538b7b08518f98aa7ca52dcd20656f9,3c46f5e5b45ef56d04fbd948664de276fae86b7db46e7dd54255c9e5227c9c63
ADI/2019/page_77.pdf-1,ADI/2019,4,True,True,STRICT_FEATURE_ROW,True,KNOWN,unknown,PARSED,PARSED,PARSED,5de2a2c19e81a0ab4b395ca8d9f8f361fb943ff850b345e0e2bdc1f079c4968b,594ac4ffd069af24b005cd2615cd85fec1fa4a8f6ee920b92219e275200b11ff,22795e0ea1505bf8db5bd3a0ed14b89f82e6195df0ab1a0450116dce719d0e22,b788565f3a77d56fe4922300db788bab5cd636abadac94c207366a5f60e42778,87a7bfa0f409f1d6d0705feca557c64ac9d0cadff598240a7850b62c8a7860ab,d4db235beac48157eef2e21c1be00f56fb59423c34a99df858c29e5be0012a77
IPG/2015/page_24.pdf-1,IPG/2015,4,True,True,STRICT_FEATURE_ROW,True,KNOWN,unknown,PARSED,PARSED,PARSED,91a3657035928ce689921bac93f79d226106e1e64d1f1a374ab0a58b2641e0c4,5a8f6b2069118d9625146df9ef3b935db2002199c235265922f08ae77498bb51,d9bacf13f5efa0cb820fe876f06a5af3fd1a91b2568a16a2edfe3a94d69b4dd4,731b800b1948327f46a03eb34a3cc885c9feab365dfe182091eb5ae49258a462,2385ee1adbf25512b3db674da073c8b008efc5a7bb45d90baec637b3686a5cfa,02149d67fac86ff260db8bb109bf93b6a3e747ac3d60e83fe5cb53a932f3f528
AMAT/2015/page_14.pdf-2,AMAT/2015,3,True,True,STRICT_FEATURE_ROW,True,KNOWN,unknown,PARSED,PARSED,PARSED,620231b82a8d64af1b16c0ec54b293fcc011966ecf76d3d6a0d56c8b60ccf29d,a6ac250fedeb8747b2a495f1112e91c77a8fb367763b8abbd2ae41f35feebc65,044f455953a14f2f62a85dce49cb59443ef59c580a36729421d2bd3dc449d0b9,4cd083e739dc30dbc373473240beed44d1ccbb54372679876b03952f67da89f3,b9ac169149ab4f31da68d33ecd64153585ae73923f3f9c20b8c6a396e3a91265,0bc96309e834fcbbefd1ef9bafafe27129faa0a490a9db1d4961896cfb74a689
ETR/2017/page_477.pdf-2,ETR/2017,4,True,True,STRICT_FEATURE_ROW,True,KNOWN,unknown,PARSED,PARSED,PARSED,7eb025056b24083fb8b76894c40611f61ff395b2db794dab53da4676592e461b,3ba2ffeeb8dbe147f386daf37f0a1ce7b0b6d58369e77bbbdcde8b6a2d6c1cd3,e8d55720b6fcc3ec3fd202fbffe3bcbe94fc2d94fed5da9168a1f738453df7d3,e2e7507f7b151feeb54442bc804eec99b2bbd605b2a6cafc353993cd3e20d713,2bca32993f4685222fe32c7af63cb71625ba47c88ba288b25d7b19e68183f3a5,819650a82b21bf1a4b24e50088deb731ff08895bdfea6eb9592084e54274f7e6
UNP/2014/page_80.pdf-1,UNP/2014,2,True,True,STRICT_FEATURE_ROW,True,KNOWN,unknown,PARSED,PARSED,PARSED,cf7210cf47f6d802abb3437c458410f42c443e9d2c120e7d4f94a2502bc28ea1,43d80d2d8c762c4b1c2441d64868fe06cfbf2546e763264c46d694c1b55b61fe,e5259d9eae1e5a3e9964222621694a354b1876ae3b01825134b84da8780aed5e,2e5cc6b5439cc6ec066b88b9cc08d637a8279599b7407f78e5525c7d58a1c06c,4432051e3f6d32c6a4cc9e8053c0dacb24a07cd16e0bde4b16f0ed2e780dfe1d,b3ce637a4b6ad2bfcb2131142bd9ac867a5fba38a155a9d7e2cddc1a90428a51
AAL/2015/page_131.pdf-4,AAL/2015,3,True,True,STRICT_FEATURE_ROW,True,KNOWN,unknown,PARSED,PARSED,PARSED,1c28e24c2229e8d53bf27a18ac85c4e0adaf01d69bd995e7b41e2dc9deac9f03,8098576923d8b30084e52026acad4cdec5937889e4370f678e45ae126ffcb07a,7d9dea20a7417f1de9add5cea6cb21266f3a63a9969ae7ae271d8ede48873efb,5d68a305207c55446a55808a972d6a0f95c7a423d0fc185b55d6f51c12875409,34be0aee602bb0cc8653b2bb3e2a7d5e145549ab208171e21546ca25463e3988,710998a5d3a6f718943e1d27c79b6ffb47035b4af9ae88d79565be8db757bda1
AAL/2015/page_51.pdf-1,AAL/2015,3,True,True,STRICT_FEATURE_ROW,True,KNOWN,unknown,PARSED,PARSED,PARSED,7213901061e860ff42503742c63002e1a02b7f7afc5e529b115d49ab6fc8abcd,7dee55b85e1d668e39a846e51efe44c17dc62849441088af91cdd538373c243f,02aca0509baa04710fe57cbb0dff8a3cae03ce6a99e781d1dc6a65fb027a736a,c56b3c23265d7a2169bdc8da00ed917e89e37f07d0e445564d09250ed2d6d1af,549f836e86bc1457adb2af073d4b9a9da278f463c44c3454311ed7d8fd96b463,3764c1f145731949595bb501f3621d47bd2ce206d31e870f63fe02a30551dfcd
AAPL/2014/page_67.pdf-2,AAPL/2014,2,True,True,STRICT_FEATURE_ROW,True,KNOWN,unknown,PARSED,PARSED,PARSED,421c8a26c90c48c201cf51ba5dcc48739a4487edab221342b0f61b221039f112,c5ef278da06873b611bd764ecf6af7670fb0251e265ab80f88222a8a7eea1ee2,b28a012013cc3d2bf43bf0f375e0447fe2492593663a54f294e1a9058abfa453,6a67139e2b2896d21daf2a5678eef079bd053db547462f1aab5c0e07fdc99cee,fc2c93d988c4e8612f7c41ea541e79745cb9aaa02bab720afe1ba248abd00abd,d243c1d1287bededf40d874946231ad45870fe94d04fd3975e3f9c42fb257dc1
BKNG/2015/page_38.pdf-4,BKNG/2015,3,True,True,STRICT_FEATURE_ROW,True,KNOWN,unknown,PARSED,PARSED,PARSED,64bf3fac10a4c3d2631fc6d21b35b63e0a950fd4bbe0711f96469209fdf30ce5,21b7dd669b3f650b1ab80697e65f6487edd421e8f805eaa13357bbdb4da9600f,8eebe3aea3f91c07e2a56e73a681a1f3af608f9d7c7bf23aafde1eb40dba2033,df73ceda465227dbb36df4f0a9695ead31809a1cec26fee9b618d40149b134fe,bb81b2deddd68ab3208f463d02451df2c688148d6cf2e49cd687d911e5c0d5f5,0f10e9d26f6a5dd5351f72ed9a7f1fbe0d0727e01c7c4bcf76a735d93556ed8a
PKG/2009/page_63.pdf-3,PKG/2009,3,True,True,STRICT_FEATURE_ROW,True,KNOWN,unknown,PARSED,PARSED,PARSED,65978a7dbcfa471065087b387bab8dfdcb9d6010967319d6830d088d4f44aff4,f2d6b57b0a192a8f7fc90d377413268dea4cb88172d59bd43135985d39ed2c2c,b38772e9f27501823a5d159ea6fd819746d586a1c8ab8629b97bbbf7bf92ad6f,20c0b54958458ec030406a17c6f1205f9e39f5ff2329b26e92c0ce22b50fc031,406989e3b9527855d814f1e8002e99389df1fcc03689aa1bdb5b1b69a7a5c3ac,ffcc25f05c08925aeea1d2982732727343b0237f82c610762d6d98f8d931ac86
PKG/2004/page_23.pdf-3,PKG/2004,1,True,True,STRICT_FEATURE_ROW,True,KNOWN,unknown,PARSED,PARSED,PARSED,15fd35fe47150b197fa6ab6d576bd9fe416378ccbea937e52be68e1322b020cc,fa8d3748d43605664f9b49d9e444e26c224547f5a387d3f6749dd75911241ba4,124db69d345cb134f96262441e54114d06cc66b3b6efeb54c62db012089c58de,1b49d6dbce6aa1fcc29d125bffd3524dda43337226c997c4a8813c481b9df989,dbbb55aeb9dbe60b59f2acdde05bbfeca3b68194fe5cb159cb6aea439fc4ef42,7914ec67b435f20a489367bb7247313e66025905d6b612df9de5439b0d5c1824
BLL/2006/page_45.pdf-2,BLL/2006,1,True,True,STRICT_FEATURE_ROW,True,KNOWN,unknown,PARSED,PARSED,PARSED,3a97e9373ac7c4155500ac10b09dad0c0568eda4442ee8d204eb55db3a2e7dd4,698e7e8983ee5207163938205c52b492b1a4bc105c84cce9dadcdd958ee055e5,dcf226e8d318659efdacd51d924fe8a609efb52e41974c192703f55795eef79c,831550c938608880fc16f833cace75d4a16d6c445d0fb5754bdfa3db4d812890,6c67ec57a08fd18e7c71631fcfc53b4fa3bbf77827e756025a55d8f51689894b,0d16c1a11d9f30271d1f7fdec477248b442aea82988430390dc3b3def41e2d2b
INTC/2013/page_71.pdf-3,INTC/2013,4,True,True,STRICT_FEATURE_ROW,True,KNOWN,unknown,PARSED,PARSED,PARSED,59a85adfc4d9f5c4623283ebeb6a6a76b08b4c3527a015d169cf2871825dd993,5508e98bfb38ba753019a4b18ff49c4954e12242a31ae36a7430b3d5cd7b1e2f,52c0c4d5f8dcc37a048f6ce7c1b9272f9e779cac22da652aba553ef100c24894,cd2bfe8ba2d9d5f2ce038467fb4080c38e641b6fc54c7675c401875371cabfbb,bbfc17f1571469898e2f23f0d73d7ec89ab07a5b8d4baf2bc342fb2de19341c7,6a3ecd88a1ca70e0376f8ddb7862197e7d065d7a82cba6a19c77e16199d88cb7
GPN/2016/page_29.pdf-2,GPN/2016,1,True,True,STRICT_FEATURE_ROW,True,KNOWN,unknown,PARSED,PARSED,PARSED,3b7af66904ff26289c1bf6bafb93e55fb983678bb30f81128d5b658a947f8ef8,ed0314ad9985011b80c253eb92cee09eaff3167d9810a5c36ea8051967db36a2,593aadb1ae7af82abef093cdb33b30a7f20f5ec3413b6d57d28c6502b68e5967,6b1da81852dab59ae608c644f28df38eee355b2480173c6a222583838f1a7ac2,cef82d58af6eafba868c4580cb756b280f94e2729a4c39bec1861fe0c0d1f3f4,c3221d184aa2ac629e69f76d9e30bcb8907a8a6144553f01e091a19ef842a030
RSG/2018/page_13.pdf-2,RSG/2018,1,True,True,STRICT_FEATURE_ROW,True,KNOWN,unknown,PARSED,PARSED,PARSED,9ede949a027fbe34cefa1bb1436074fac149656a0dea17fceb0331ceda36ef49,b501de47d7029da327f3ccdfdb91cf0c7a3e1f1826b008a14035458b55a82dc4,d36434458320d39f9ed60d4bf6026bc201b9a4cd6bcc3f1206abfdba00f00d2f,4bd01d3c0df18d589657ef406ae48ccbc405c2f3b35aca622f15225f552cffbb,f35838747500e97bc2b8dd0849805fe5c7e97b2eae07cbbc2db48b24466cc995,704294891558d6fff6e80d28ab8cc03231197a1e1cfbfcfbd135adba9bfcba4a
ETR/2008/page_33.pdf-1,ETR/2008,0,True,True,STRICT_FEATURE_ROW,True,KNOWN,unknown,PARSED,PARSED,PARSED,49f5ab882e2aaf655e4b021156eca56eed6d3fba12648f1987f48cdf497fea90,edc454399a3896486057aba17bb71f27721f812757f03c693c0e9c5126bd87e1,475421b89250c277269e1838dccd5598d32849e4e5316525fe8d9985c23543f4,a47e3741cfbc978acbd4d2307cffee1875969ca9144842582a7ac094d7d17ca7,d946a1c64984ea574f1e00bdf5f2e4dce5bcd479c21a232e355ed34a88a86c8e,c63604e1a1d467ab57d0aa2158e9e44a7094399430020499027091262489d79c
LMT/2015/page_55.pdf-1,LMT/2015,2,True,True,STRICT_FEATURE_ROW,True,KNOWN,unknown,PARSED,PARSED,PARSED,c21c9044b8088e187e2f5142a9cf590241f3c0df0cd959d4487e15bc9519ac9a,4ca92b7092bb5ba510e0c58076fdcae4e3be1b67fb81066a7be2f5eb639f804a,516b9eeeb4af3e03663bb071f2a2259d343c5e40351d74764e7c4b068e1ce83b,26662fbd7e2e4f81f0d7e9bf19b2badcecae9d7e570e6252bc1dfa847e403812,3c4663b95927580ec1c0734e91667b90136e31e8c2cde09e605bf4a15f1a7a5b,39ae6946ec5b4def52288571763f8ee648c2783301d60dcb753d6cebe7ecc801
KMI/2010/page_164.pdf-3,KMI/2010,4,True,True,STRICT_FEATURE_ROW,True,KNOWN,unknown,PARSED,PARSED,PARSED,d54d416b2370f474a0319148b29c6725634ff4163424868aab6ea13e3c0e4203,53316f0f45398c11d547337939229b3147c0c42835f5295998b7f2461078a90a,ec633c3bd33e72e9a1f6de27b135639a38a9b5a07b8ccbca0bd287022877dfa5,422e5c53fac4fd2acb2621a0f0c4aaf42c316cc7bb56d7dfa136b8e369315b57,cb319425c7ac420be7ad717b4305dec8bc00df3a73726b9b90be4057af0ce435,dcec1286788ff79eb18a302b7c397ddca29ebb819c521a383a60d632b484bf11
MRO/2009/page_35.pdf-2,MRO/2009,4,True,True,STRICT_FEATURE_ROW,True,KNOWN,unknown,PARSED,PARSED,PARSED,3d51a2a972bb3aced6c68f0ec00a1d7d531578df00781ab8613571df49216ee1,89ad956ae4ba83df428ab9996f520143ae2994fe65e9c149504e167d821e4672,a86993062dee031436716dec43081a185da904012413b55848e888d272117249,15839e360669db4da7d36ccf6f5e10d561fd785fcd325a04a1be13a90a768fd4,51192c4d3b84bc5b3c067217e80023d74e2ad738c34b7c397180ce44c39814cd,8c97989b0f62e812c77f43fa19ea2a128e98ccea808f6d5a358f6dadb682ffb5
DRE/2007/page_39.pdf-4,DRE/2007,1,True,True,STRICT_FEATURE_ROW,True,KNOWN,unknown,PARSED,PARSED,PARSED,f991d267a82c5c7f8d8be5089554c843cd14a2175e6df8a745d8b7f8dd23a4bd,0fc9fb8348a9d4e5b81eb509cba413d89cba6e7d46e86abb9d7e83a3a0a805f3,06a147b03f6e4024e7440e147fa4eb4a700b5081126717fa032ed153cfc048b9,3a1f8acc75b88a44a51af753d7260a22305afaab6e435dca8a9f7d089c05b534,c32f6ef3b193c65e47a6f085e7fdbe940f2c81e53e56145f840931ff41cc6000,52d38fabbfbaba05170f6a667f2367f7cca1511372fa527e00411a72ef90c30c
IPG/2017/page_49.pdf-4,IPG/2017,1,True,True,STRICT_FEATURE_ROW,True,KNOWN,unknown,PARSED,PARSED,PARSED,b466dc6fb1f64239394861bf593e926277d309745c019edbb38e777b71fe21bd,33921c7ae87561750050ba487fc4422fc310fd63d642ed88efc3a89b6b883ed2,f942d69b0376d2131d9432f5375d67384755018ca5bbe15b20282135121be735,7fa7847af8cc473f5804aa1a9cd53ccbcb1336595ee3150a3a62794ad73cdef7,26d84495f6d58eae1f6dadeb478733a4df7ce2add3e3d5f6e22cf76386623fc7,01b300282d001f69b78a2ffee4816273b322859b9af04abb63eb8376e9cf4866
IPG/2014/page_23.pdf-1,IPG/2014,1,True,True,STRICT_FEATURE_ROW,True,KNOWN,unknown,PARSED,PARSED,PARSED,d14493f499da66435c52828ae07de479c5c70e7867f35f6c314462656cf15600,eb6951beff406b4c8e251d3510077c51c63214db63a9c3a73a59304f10327ccb,fac2044320f90cd4b292690599cdddfe03b8337ead2394a22dbd7f5fb99decf8,fc09cbf31d57df1d72e2b4ece7c53de37648001cc9ecbc81051bdf6481532a62,3d5c899932869d398a7b88e525322648c15bc129a9fe0fc5509f0828012afa39,5cd1ad773896761ebdfae8ac4086de2d9d74a6af364fc59d090b3754e6e39d95
SWKS/2011/page_112.pdf-1,SWKS/2011,1,True,True,STRICT_FEATURE_ROW,True,KNOWN,unknown,PARSED,PARSED,PARSED,532de39ba99a97fad53445f1f95e7b8bab1702b263a6564233b588a40435d6b0,131e9a8fb2c7c6e4cff0261685b0b530e719e3e4342f100482d52d02f2a55778,a54b6c094d402408764fa4508dedc0feb8521c22a715a1d7d11f73631f3b8797,ca9e0dfa190937485bfd55ede377d4b7d114ea08fba04df9d7e4feee7a7ee15a,276326c33985ed2d9a2e323b0c3c514f195ef567e725c5f91e3a8000db4919f4,ce2f443773b224d1c42c797d7ea40a1544d677217f25769d736f72d760335d66
RE/2010/page_120.pdf-2,RE/2010,2,True,True,STRICT_FEATURE_ROW,True,KNOWN,unknown,PARSED,PARSED,PARSED,cd1596383c454fc9da5135704175d7a91c611903e06970d23f04da1b94a35375,9768590da79d8ba6307640a25933d066d65eec9b1f10bf1d1eebab012971b948,f143b7138bb9b2bc8ec9ba8901b9fb5681641a65f5928d66001e177d23a27f71,17c35db7a054917a63437c8c64f23157200a6d38c5d5c97a5c1b5ec89ea3bfcd,d551f03c259869491bb3f2ab7624f82877b6b177e554e690088315f977df5b84,d4bef2a8a6abcffac34d0cdb53d3039e48710444a800224ff1d9dcb0e76ff662
VNO/2005/page_69.pdf-2,VNO/2005,2,True,True,STRICT_FEATURE_ROW,True,KNOWN,unknown,PARSED,PARSED,PARSED,ed2c9ad91ce1e0da1b7a3ec8936037da6ae694809a053b3c91822b8ccf5d8936,adb28d316eb4eff570f42d462e57be58bd9d37fe9303551633d309ee9b539c55,3900831342b7d6a708d87785d643e9111e5769b23eb987008ef0d2864ef21019,8a54e001d7e5f093f29eb80b558534da78d85caa87f17e10d97c4bda4df13afc,54bc03ff09d4217296249c8b6d7f611a6b79b09c0200596ce0620ced21a097a0,96442285c2797678d5445fa34f55dbf51aacac9a4a2c514d273e2ab6b9805d3c
RL/2009/page_22.pdf-1,RL/2009,1,True,True,STRICT_FEATURE_ROW,True,KNOWN,unknown,PARSED,PARSED,PARSED,490ee839a61a5f452cc770b1d74abf16674c730c13a4a6eb9c93e4beb80e70d8,0cb14f1cce563b0870b5cbc8d8e1047a78b811b3ef1b4614120ac1ef5a75b6de,601b9cce44a67bdbc663f9c358f4f19446aab284a78fe6732af0391f98fffd64,4b56f40a619440a72d2786472e2f8b53185a9df4ee7e11f1787453dda702864d,4fb3a64e799d56cd05d08fad9ad9076a72a5f02fd874c1a2fc98deea07e717d1,6314205f8c14699a8c5aedd343724a4d349221d12f0c90b1a38d5c17501c5d06
MA/2009/page_115.pdf-4,MA/2009,4,True,True,STRICT_FEATURE_ROW,True,KNOWN,unknown,PARSED,PARSED,PARSED,d0f3f17ea8f9d59e1ab7fe2e9a216c2cb181756776535b085fbf9ddc57452bd2,787adb0119b11dfc56dc947e3dc561d76eaa8a3d02a2c10f115f4c7a7dc61a31,a16920258849aae19a8fa73cf0a1a371820021ee503476bff9874582f8037298,b14a39cf8878d27976bb060c39fbec7d20ec3eebebe1da14ccf3fbafc05a15d8,d1a08969a21c69eaf91a89e9c426f4b8a0d1327417a1dfbba22d5ba6bd16bce3,2fe69ffd4c6e9e57943fcc33fa620ac71436e5242bcfb754f64d77dfe92fb8f1
SNA/2013/page_93.pdf-4,SNA/2013,2,True,True,STRICT_FEATURE_ROW,True,KNOWN,unknown,PARSED,PARSED,PARSED,e0beea037f4efb3cf9cc5755e9a327fa0e0b28e4515718636d15d0712977eb5f,9c65e34ec053e84365fdfac0da3d00b7abe3eec96317899ed00d26c2cf463774,b213b76bce6d2d39b4766aef4477bca0187ade8cdea2446ecd0e6d34b84c3e9e,f54ad9ebaa9ad9b769daf7c2065df8bba2dbbe27bbec791b8a52d8c30b0e6d20,1027fb74ae8be9aa37fa53936d2a6b62721f2e16cfe38b97b62adf49ff78086f,1010f497eae887d9e4a9bd3dbcb08021038afd7b3518ece282d77ed86c8828f7
HUM/2018/page_129.pdf-1,HUM/2018,0,True,True,STRICT_FEATURE_ROW,True,KNOWN,unknown,PARSED,PARSED,PARSED,3f2d0f5fd6f754644f142d1bf3f9cf66585bcd79b27178a41551adef2ad8f01e,4c2dd0433b80ffbad6df1c7d38ee8e32eb9c880d3b15e7d1144eadff966bb79b,4a69117e4cc664dba997244ed1e27fd59633545c563bfda4d449480217232cfc,2233fe60242c71c6af2277c7eba65b802864feab7fb8c555f3e385f4ad0596ff,07078696c5cf550adfd0d382fae806010c3cd877c90319f3d328b859e439758a,13f0610feab5a470360e0db2785ecaed33162c1bffe13aac71edebb0a2b8e55b
GPN/2009/page_68.pdf-1,GPN/2009,1,True,True,STRICT_FEATURE_ROW,True,KNOWN,unknown,PARSED,PARSED,PARSED,1c10afa280fad13531423732bc2345bf0025e4dce8816026df248f9ba84057ad,e627cb1bcf534cd9e1cdd468358607293ba1d737d08a9f1f819f2958f9c764c2,910a1e14d3ebd5f09d8f6df6af5f59fd282e38687a507ecf0ed9dfb168f9a240,8ae5019e7f7dd4c68d219a282b652a9fa50732fa0643bed9218f0076a9c17c6d,846b0058edb1da14503ffe97e0f634dad05774d3ed63c93aa73701f9c0023d1b,ddcfdfee1795470487d40c4dfbb6ea19257f1ae3bde3c4b8c59db79a7d28a542
NKE/2015/page_37.pdf-1,NKE/2015,2,True,True,STRICT_FEATURE_ROW,True,KNOWN,unknown,PARSED,PARSED,PARSED,b0115639103ac8dcddf9e8406eb69177a667ac42a90cfb58214cca6f3eaa0e0c,0c257613548a170cfcf76808d69130f54b618be78e54e10b8748a56d64cfd7ac,d2546ef84feab53c07b0ee1d34683fa16b6f3208a010ed5903c3d808e623d7c7,1b8deda3f8df4c8bbcc11d98cc2bfe4483dfb190427786a90f316ced92ec4461,648b5a8699a75047086cf2f5ca6046dc911e3439677433ff315278ae80343751,3c500075a36c25d4ba86e85e96e246dcfb8babd42cb896025bd0ad1549f7be60
ETFC/2007/page_22.pdf-1,ETFC/2007,0,True,True,STRICT_FEATURE_ROW,True,KNOWN,unknown,PARSED,PARSED,PARSED,8e05f12ef311388d312d5edfcc2b5a3bc787643a6e67cf287cbe5bb51de36540,d1016cd77808c91ef2b364244d0935c31b0500730893a12aeaa6ae428c4cc639,3fe8c7b1017a433dc3edd22b75fb032e4fdff3534b7e324d4c97241dcca1c22f,2fc2ec46db72ef7e5e0d2a4990897ef5d349813db4737a7ca69062cadeb6be03,e909c1b75e93207654f092421fd6ae726cdf81a59bc1afc607c99372338baccc,07e8747cdd72aa01f6b3a6dcaef1fc235fac55ccee989d4459e0649a5ed13f66
AWK/2014/page_122.pdf-1,AWK/2014,4,True,True,STRICT_FEATURE_ROW,True,KNOWN,unknown,PARSED,PARSED,PARSED,a385a320c204b6774d9262e948fface4a9578bc46d916f4c3bb0c56e294f70a6,f5eb84cda372ae365d549c71400770cb9ee83642928c917738b0d1c82418ccb8,0e9c3e02c22e6b53a3d7300af45197a7f7ddad52bbf130ea157f177aa9436650,13a7bfdf56778021091222f542d8f8e76c63a52970ed6aa5ad2b4df7b0517023,89a719e5fff692be7e0ab77aa6cae5983724a5736fbb9b2b70fe59e460dd1208,e10b4c1517396607c734e4f5308ec301c9c439b0baff959c5a37df2ce018f018
UNP/2008/page_71.pdf-3,UNP/2008,0,True,True,STRICT_FEATURE_ROW,True,KNOWN,unknown,PARSED,PARSED,PARSED,5369c7f6ce9e503d1cebfb831afd81c40c3a300f62576d3ff0790e91d7c2b4ce,885b007e0883c753478066db7e0e047938c91c3430447938d1b850fc5c7ace20,0e075a7f7eda18b6e88f7936b6b6057c0bef4913f5d6c1749fd46b9edee3f6f8,7a5433357ef1712cc143e663d1fd8a3c62285815b73688f2915c7d553b1253cb,62fe688f7c8b77ba3dfb3ae3da221f2c7f8cd3db344a5d72975539a2d1022f4c,e52ce370e4f20b3a446c1078529fef2da7cb3bc5b547ace55bd03919eb185796
EMN/2007/page_111.pdf-2,EMN/2007,4,True,True,STRICT_FEATURE_ROW,True,KNOWN,unknown,PARSED,PARSED,PARSED,0738e4795a18cf63f70a5edc34adce40e359bb2444d76195355c1348a707c608,b5a6db114b1ab9247ea1e44ebd7e2dd7e13f3ae7cbcd4b14d54ca7d612114c7e,5ab50b02d5b3882b3c174aa4e828d6b3976dc288781d4103da18a733c801c79c,18d8709bdc188b39f7e9fd85ceffb90331c6b1cb9491d259d25cdd69d15ae1c3,5bab279e52b48a67be1f315bfad937655303f6df00b79db9ef3cf284ce0448c2,c8749c04487f4bfd5485667d3e425ca4b5578b36f5075a2f9742bc2c4178ea3b
MO/2017/page_79.pdf-1,MO/2017,3,True,False,NOT_IN_STRICT_FEATURE_ARCHIVE,False,KNOWN,unknown,PARSED,STRUCTURED_SCHEMA_OR_NUMERIC_FAILURE,PARSED,b663b65e7d897c0507fc940cf046cb5caada4df5cbe6e7c691d164acd7b5c540,28509056074d70633cf851792b365429fc2727a83b04fe17d984025c534ae4d0,9ca3d0199dcba9d6ed98f956101ba6003b4630ab018ee6868db8ba386aa76a32,dd3a9e014daf63dc9ad10682fc3edc6620ffbc8b5b2d605e70b795c69d791247,9e9918b9308940f8706a93a3d32bbfa5b8b53d02700352d662bdde5c78b6120c,78de0d82ec5fa202881af8d25f559b6e8ceedcac1ab063b5fee67ae0d6594892
UNP/2009/page_26.pdf-2,UNP/2009,2,True,True,STRICT_FEATURE_ROW,True,KNOWN,unknown,PARSED,PARSED,PARSED,676ccd57716e672d04837b79b8c299bb011062c604e535a6f57b7aa3b572cc91,97e9ffc89e191072cabda1bc274627be470a9223342a7f604581373bacfc2011,154ac1a51481d525775cf0609df47738457b4159dd3865757ef921235602b231,4d58d32423f3059b58280f77d87683fe8ef52b5d0f6fd380910c948d78bcaa74,bd97042574936ce36d6171c819aa4db8ad919478990d0c4163be9cae7267c299,6c137bdef5423b0acc4ecbbe0f97527b5406a53688898b39b3484c7e3da7d3e7
APTV/2015/page_47.pdf-3,APTV/2015,0,True,True,STRICT_FEATURE_ROW,True,KNOWN,unknown,PARSED,PARSED,PARSED,55de1fb50468b9f1c8a3ef2e40d2c820387b4e58b321c28ddd011eee7d69c7f2,ac59dfd5d830688c7f48037c692e15e1691e144966d1507d67984a9758e37935,a939a175c328e4c04d6046935e3e9faeaceedb5c6fb51c7766ead870ef4e8898,fa0763e63cf08bd8057e35217778552d5d85916dc4ef27b199b1766ff3f88a42,0fc4ab16a8c4b053f26e03c99f54d88ab1f09b597abaac0009d30ae4f1053e09,a66b3642fbb293660801f549cf7505d94701bfe8f058dba8909f0b1cc432e721
UNP/2015/page_76.pdf-2,UNP/2015,0,True,True,STRICT_FEATURE_ROW,True,KNOWN,unknown,PARSED,PARSED,PARSED,58bc06bfe85862f006339e8b7b4c2c36838d7dbc7e6c84d7972b7ec3696624db,f3b3c770cb1e1aa682996f8f1106164d4157bba96e2a11814255dfd8e291aa68,942903559e14db88abc18dda601213a4e1495a81f0c129e5927fdbdfef54a2a1,6755805747da6c1aba7477169c1e52a0eb72f137bae8bbdedd975aa489a042c4,9800982de396cfd1865d046a0fbc4950db5ed4b9b602efb3ebd69a0eb804c651,1f7afd9f1718779bb110bd14f6a11ffa6ef84a283259dca5decaf0e4c440a2e5
VLO/2012/page_27.pdf-2,VLO/2012,3,True,False,NOT_IN_STRICT_FEATURE_ARCHIVE,False,UNKNOWN,unknown,STRUCTURED_SCHEMA_OR_NUMERIC_FAILURE,PARSED,PARSED,b479cd23620fb31de18bf728d26848c43bfea0468475673e126eee4bb71b6562,45a512b0dd2aa86152777d344f5ef3d63b352bd7a1c3defcea7cb1ce8ecf1c42,dddece689400c50863ef5413e65c8fe6b29ad9bc9c030fdcb5ce23d97549389c,6d75fa16c93eafb408f9cff4cb8e010cd4bf764dfd928e2c991468458981bf60,ea28e84a090903d4c4e642937a59dc33c771c511fac27cd290602bb594b41b79,f8e46b91a1883488b441ee8cbcbbfc1c5f6b9a839ceb6e11b0c3f06131223260
BLK/2008/page_75.pdf-3,BLK/2008,4,True,True,STRICT_FEATURE_ROW,True,KNOWN,unknown,PARSED,PARSED,PARSED,fb7ffbf321d48de026ff2d32886db451c7733484b5ea9adfa51c34e6dbcd32f3,a0bac792965d2f5173af8e7eaf71ec8a094df50093ed356b31f281c9169739c2,daca04e589cfb478f2ca8f9a546af241c1751ad1f4a76d18c15c7b9b6cbdcb56,94d13938edafbef0f9eb5e133deec4b4d7830c5a4fa5f677f687b73ea9abca8f,1cc4531f0ec093fad96ca931259c668aba7e3f0d15bedcdfb0d9d6de96027a39,3904df066157909ccbc57eb929e37b2389c868a8c95b717e86d22a045a284e37
ANSS/2016/page_85.pdf-2,ANSS/2016,2,True,False,NOT_IN_STRICT_FEATURE_ARCHIVE,False,UNKNOWN,unknown,STRUCTURED_SCHEMA_OR_NUMERIC_FAILURE,STRUCTURED_SCHEMA_OR_NUMERIC_FAILURE,STRUCTURED_SCHEMA_OR_NUMERIC_FAILURE,deb8e14bc9f19bf892e40c46a6a9bcffbffd85feb997962d69cd7d6d934deb32,3c362975641a40a158e4e97ffc7bbb8f45e74112f8fe9df2e80fef73442b0828,b6cd09454feca2aa444b469ec5bf0c04b81e12f99d4c06240a0dfb1b79ba408b,53a0a3db745b637ab3fa296bf6862b7cf111f66f14389f1339a15e1e0db99b67,437f081b7fa4359da252260019cb1eb27fceddd83f40939fa7726c0327ebc490,c981252d822f957b9549faf0be2f981b499057ac85be627125d225bc32b3b465
IP/2015/page_44.pdf-3,IP/2015,1,True,True,STRICT_FEATURE_ROW,True,KNOWN,unknown,PARSED,PARSED,PARSED,1b9eecfc36e1d680b36875ed388b790ed728255d738f4b9e190f7972c55955fa,a4fe0e6dc1b4a1675714b1093335f9e40557191e54b8de2f03830a3967e39c21,8ebcd1c4ea55cbef98d720acb4a9966223662f4af9d1f0d4c8666a0067b13916,c3e82e0ea53b9ca0cc414221d4a53dfd3e3e9c371460cd81a227f0a80ca87473,087af6a0e4e1a4011c7ff0855b36263fbc4a5b871f08480f83497a6d8b627c22,b2d3ca295e5b50ba7cfb9e87e902aae28261cf9e007f653e6a9540800ea43da1
UNP/2013/page_29.pdf-2,UNP/2013,3,True,True,STRICT_FEATURE_ROW,True,KNOWN,unknown,PARSED,PARSED,PARSED,c54eafd1a0124c59a4879622f2fe42e38a4adfe12c919a3974bb386c9d41e737,1f94003c3a2b95fa7b14752b54696fee29bb03c737cc4f7fda65e45ab8cd96bb,13ead091a721e4e9033100c5bb65b8c941297ef8c0a1fbd5fd8851921cc7e227,e22bb258dcc9b273e0a7f8b7e6aaffa444cea3c1e7526d84fc31f6f43ddf7b8f,775adb9883ef38cc030d53c90bf8c59bef0d226bc48c895f4db2fc61ba75ae47,0af7cc6cb251501b5d5723a2f47c9729f6f7514c600a193851732004fb60862c
MO/2014/page_76.pdf-1,MO/2014,4,True,True,STRICT_FEATURE_ROW,True,KNOWN,unknown,PARSED,PARSED,PARSED,9f7b0c4d72b456695a22d94ffe95d7cb5b61b51637431a61452c7d812379c1f8,e76ac5c12b1cb011d7120166366a6af890599c1cf849403ba3ff342e360eb0a0,ad5c051e7483fdf53b90c5b259566cf10dff900ebab86803b0c50c9ef3b16c4c,adc82a54b975d923b8cecca8fe1a9a128b19662cf19495e5fed1c35c12d187ff,0a3b4b1d708e21d7da0b049399f1272f55b3dd9be8bc21c1f475595e8a49d386,e5493bb242b5de262a8d40e72c0dec6cac0fb1d268aff90b832b1d6e995c59ef
UNP/2013/page_29.pdf-3,UNP/2013,3,True,True,STRICT_FEATURE_ROW,True,KNOWN,unknown,PARSED,PARSED,PARSED,fc24dd881f9fc4bdea83e788d9850f466a3d8e970875a73c11093dc0d4723ef2,1442ae4a7e1813cc8171f59cb677773165bf95c8d6c3cd5a6a903b929879e4f9,9455ad880e0dfcc3e9899b6247db4ee66f34145f418557a59fc45cd6d705fe12,73f0016ee7bc036b907be693ead227106932b10d8ee466451fd6d63e1b720d24,81b86df0a99cdd821523b5c501a50cee1c7e5869268909c56ea8dcc9379beb6a,3e5472650a1702ca46b8790661e8f872486b5f4e09d96fe548fd7b6ff29104e8
IP/2007/page_38.pdf-3,IP/2007,1,True,True,STRICT_FEATURE_ROW,True,KNOWN,unknown,PARSED,PARSED,PARSED,82ede1c6774df0851a297baed84940324267de0d51b3c635d799772c29351068,05bd54747ccf0ecce0ab9d58852a49e9fc0227e74048cc99e6957b862e5c0186,7171b9a65272e7a2099529c0b32830a27f09d62e98a1acc8f833bded6b06aacf,c6930d187050feb5d27393cf6f18ebc54e5d3a28bf483c136114e70812ab6f3c,8a83b24578f9a67152fff77610d9004570c2f3db57563c4dbe3ec6e017145c93,31dc6bc089e6de6acd29e9fad5826f699cae16ff2e510511cf2e3c2a39967005
UNP/2011/page_56.pdf-3,UNP/2011,2,True,True,STRICT_FEATURE_ROW,True,KNOWN,unknown,PARSED,PARSED,PARSED,042fb73b74f047eb8c6586ffe12a112b660401f5cd419e58093222bb5160ccde,76853dda3eeb7e988101bdeb49922aee6dce2875437f58ed0f903951da268561,c1441160c62ab2f57dc8229521ad7d2e51a06150dde94a28a30658d603818305,747a43d3c9932fcbaecc860c9c01659e03c1f14b9db77faa81fc37f23200c38c,21bc93672b278ca6130c239544a328fa42b7e6db91e1da4ab07e2a9cc866a3c8,9d2a6453952e843a37f9a952a619a3f17d283d12874857d7764c60a4afba8553
BLK/2016/page_35.pdf-3,BLK/2016,1,True,True,STRICT_FEATURE_ROW,True,KNOWN,unknown,PARSED,PARSED,PARSED,730299315e1584fba6eed985182a1fb88a83e5db375739de2a657e570e7f314a,570a0ab2cb0897ab172fcdde6227f0342d7c0f2177bea7b49d9172f900982fd0,cf3bfd9f02bfafcde21fe9fe2616d28608a7b9967c7004298b828ee7a8ee8486,a98550ec724a5362e87135a61d1b21bbc5c9c94b63bb8daa74034c2d6e761dce,3d0a7e7428ba4aedc907a489500452f29c02a60d6cf6b7e20a6e4d42548a969d,354dab8ae46951c5de0fc7cbd290149cc20d010a57cc38e392b53e66ed6ef1dc
APTV/2018/page_36.pdf-3,APTV/2018,1,True,True,STRICT_FEATURE_ROW,True,KNOWN,unknown,PARSED,PARSED,PARSED,fe773eff45a11d50ac8ad35c35d9ae1a679668776332f722737d7e0da0b02e83,306c149b82c1251cae33109755c24960c512572b1be3e0852403208807f1ba60,2e0d9a6180e9e1153bc49cdc049c98ce273569a77847cc9bf2970b51ab6b4e1a,a9e7875dcb87c857b6d21aee8d612f104ff6874ffad1b4951ef984a5f3d34f7b,db38c7e12ca29e644a9b34f8bf3a99b95091978ef1f8d95abdebdf282b6f18c0,9936b95a44e97eb937de38ac3131c397eeb1d3d1f119fa2666456f2c424b0097
UNP/2015/page_76.pdf-3,UNP/2015,0,True,True,STRICT_FEATURE_ROW,True,KNOWN,unknown,PARSED,PARSED,PARSED,a310e86cc2a0ff8122ae5e21afa7c4b1c8eb1f57579a0592e059e5242371972f,f46f097d65e91914e9d007d0683d1f6d3c0ae53ce5346132667631394ba1a693,c902018525ba4117f70b9ff28f9f81447686f0552a462586df282dbd103e59f8,160d88dd89aaeb36c0156764f6917268c03466a206c8bb493ba042cda4e999cd,a68ec1502fc8bf22c85a8de6b3989e956e4cbc36deb20582ba829145a07323ec,43164a4cd06f0bf9554553799217687561f4db90b861c01b5d18c506bc5e78d5
SNPS/2006/page_68.pdf-3,SNPS/2006,0,True,True,STRICT_FEATURE_ROW,True,KNOWN,unknown,PARSED,PARSED,PARSED,be222505fd7aa75ec2efa1699b9df60e64cbb456cb0733dcad3a4c838607973c,18d8c3196650997718129b4077384ff06af0342c6636141f7f92723f907fa60c,d4b28c710900434eb73476ee85a33700863ceae48513b541c31fc444eed1a637,a9245877ec8613e1cb41bb76af8a5f8f0491fc512d408c4853102a4e8cf41eab,f5b4c482029f27ac32e95c87c5980a4a3fbbf7c72b63d026b3701d2ba6fc8ddf,d4e6db41c7ac08e37970a97d0fbeecadb9e8cf2b7558002b036059a34a74be31
UNP/2015/page_80.pdf-3,UNP/2015,0,True,True,STRICT_FEATURE_ROW,True,KNOWN,unknown,PARSED,PARSED,PARSED,224d1365fceb31bb33922d56ac84d0d72947d07d99b2bf88d9dfeedf090c6499,e8f34a7e783bff9d2e589892551f29210665950ef047f16e210b0ea8cb354502,3a4be8c0235ca021f3e4a355a5a7f0ab96b55f886312a1534a096d2f2332b712,e0738e603a1489884d3d130c4d63cb5fa2130664b26f5764fa08a817f1195f67,7df812c454575ef8374ae6857b056dd9399e944cc4d2a269f628e7d4dd482c96,5d71adf98badbc2257c86372f7008fa5b9f9f9225a99cea550a3a8afa5e404d2
CAT/2017/page_113.pdf-3,CAT/2017,3,True,True,STRICT_FEATURE_ROW,True,KNOWN,unknown,PARSED,PARSED,PARSED,be69b6566eb8e213e6607dd477771a1c3ff2cb3438a31c66cd3b5f96b2ac5d8f,5d07fc040550a3de88b1d1ef8951e272dc25bf0295eb2efaa3d3816d70976a1a,b1c9c18f032a2d7d5d73781674f1bab5d37520389e252707ea7a3a121ce2599d,6973618fb5953de497dc9d9dc1465b393a490b5eb941066f7497314ad777ce9d,ce9b7c9ea9c08b3161b830410a825d3bd8cdbcd01aa9087d439134eb058aa3b3,0e57ad94c678a396a7784fa6bcc58554d9c060e4007cb0454cce125ae51896c0
UNP/2011/page_35.pdf-3,UNP/2011,2,True,True,STRICT_FEATURE_ROW,True,KNOWN,unknown,PARSED,PARSED,PARSED,a3b91f079ae16f5c9d13b885e13a634e473f3d5cede4c2b7d7a4ac407828bc0d,c10a84d5cebfcc731ed1d142d9a9ef242ca009748e373caf9aed21008ea294a8,3a5da0f45c4b34fd7f2481058898ec24a2a3e0e9151a350310b17d94ec66c02b,e39627b18022c5858c807c57f27f28c4778d0d77e1c864d3435ab33d093a6f0d,d3cc153553ea63f29706b9f2968b1460c635a42b534232bb2823c962f2705817,6067483999db5cf2200b0f8c0b7db2010c564b5e213db085444c7774caea9d00
UNP/2015/page_31.pdf-2,UNP/2015,0,True,True,STRICT_FEATURE_ROW,True,KNOWN,unknown,PARSED,PARSED,PARSED,96e909476115f677b18f187298cbcdb37a8495016e451bae268f7cb33675dbc1,998b54bb7e2eda977071dae158094063fca267a11e9421271b61387127d49096,75e72ec55902e99f13e9fee9f1cb53b41603c9da537bc7178a32b5c30c4272ca,45b84e8601e55dd003d58e0281075d40b93dcb040091e7c94e80f0de0185b439,8cc751484d3c87fd0f694fadf46c3d45d8b97eb2835666a8f27567a3575475ca,8e180636d79d9a0138be72b7da0d67e4e7cde92564521fdbaa38a2f5e1b6f342
IP/2013/page_70.pdf-3,IP/2013,3,True,True,STRICT_FEATURE_ROW,True,KNOWN,unknown,PARSED,PARSED,PARSED,94e6b880d8c09edaf3d4f7a5f965423e60636932091a5644e0c96e422627d8bb,e76fd34547f8575b8efcf10cc69fc497df7400e364d6667830447022036287fc,d9587cbc8c91bca592e327d36911cbbfedf37f5c006496501c1914f15217ad1e,d541f1b558f930cfe50361d68af426d7f3962fa37c4236baefa65be86cf5a28e,40f1d5dd5e411ba01e3bec1d81004b2042efca5a5c10af317c5225e223ad493d,f6aac2fcb4a8e57995ad2b9da35cdf794dfdd541114da38e5f2244f326a2ea6a
UNP/2010/page_79.pdf-3,UNP/2010,3,True,True,STRICT_FEATURE_ROW,True,KNOWN,unknown,PARSED,PARSED,PARSED,2fbf2da31b068d892b32365b3687322ccb99daa0c096c2eb0c38d991ca7ae302,7d96c2363551f2ccd3d3bd3d83b0268cb69b83c1213b8ba6139e7e9165bd496d,96685f2a9fd63efcc5ab280c4c9583b7de00fd08399506d064ff8549a4ab6268,bf8d5671f91bd519ed6cc2c6fd42f06de0ba16312a532ecc354cd99cf6114ddf,98d176ae778864f9b8c06cd0b1221b5ed88d82bb269cce73d54e204051af6fcb,746d3f7512d2a5654feceb2158a6bd69acb81adf08d9d903aecb8165a72f4705
APTV/2015/page_50.pdf-3,APTV/2015,0,True,True,STRICT_FEATURE_ROW,True,KNOWN,unknown,PARSED,PARSED,PARSED,8ba8ef162a49245edf17499cf132b53e7f666c636c263f64c52129c596768f64,ee47ee4bd16630d3396adadcc8aff163d94954af1e35efbb0c2335822762b249,410e25fde041b9541efcfa5638e1b7eba22b88cea9f882065bb62d134059cdd7,832d2363f1d87cfcbee37a55439a0bad28134779e3e5942c3f3f19a013a58094,749b13e64f7199126b9d5b72c7bd83eeee45f3edc0fe0f89ff687adfc33daf19,ddb682abc93acf6913d56cd1ebc5b9c6b9688c0602e1b68f5ac9c3606ad94b7e
BKR/2018/page_59.pdf-3,BKR/2018,3,True,True,STRICT_FEATURE_ROW,True,KNOWN,unknown,PARSED,PARSED,PARSED,d58a923d85f6df90cda7b20d7a52274daa94853f981449da3a75da5f24290193,1a043fc80f67d35c5b4465dfbe5ccb3440b4b0acc2461d8a47883edf5f9c5a21,886edd4a9c11506421cafb85a5b2617c5b3cfca148881bf95c6477a6d83cd629,988ff2ef92cbb7244af8e330aa2d23a974791a62fd9611ee821c97d7510653ea,ff00a5e9eb95f47116486310a4841aa931107a3196d95eb9594a4ea0b22a5f85,0cbb97d643c9b2498f29a4bd1fe5e1be0c765806c27adb389ef8f7d2aeb7a8ea
UNP/2008/page_71.pdf-4,UNP/2008,0,True,True,STRICT_FEATURE_ROW,True,KNOWN,unknown,PARSED,PARSED,PARSED,135a0102d1c31402d6a03c27b7b495bfa07da6a64d0e6de6be07b34bd00f3ab1,921aeb5451238c81a16769ace364e8755249a13899478f0238042cc58ed09a18,68c6703595477ef2390bae00525b98d7c3ca433b6c3f42a59e6b38a630171f85,689e7cf2c476ff6f06c06a5c320a8514544b2274344bc6659b027516bd0c2fba,ac1eda3f6a56c77a2f6d009d70cfb7b7237431e270ad73cba08bbbbc6fadb355,671bd9cf3c8d5a65d6183e40d750a656bd5d0d043d65dd4dfd496533479a78e6
UNP/2010/page_33.pdf-2,UNP/2010,3,True,True,STRICT_FEATURE_ROW,True,KNOWN,unknown,PARSED,PARSED,PARSED,03a4fadbe65a465566d7e0bbf5125fd34253ba3c5fef4df35e4826a5658c04ac,4abf1a29c40501b536b19b29cdd6735eeffb4de917e71c20a8ff177ce5c9b3b6,a86593c1822fb575d483a0830208c367c80ecc446e9eb639022059366e53ae81,c05a74e828be51f548919026b8abe2b256771617fcec72eecb125e3c29ac41fc,81bf344123748c783fced1b371b4d60501195253dce0a9396ac7cdfe5db84fa2,ce202353f854ff07713fd5961a2b7d22bf1ad1a2a378dbb3b64791383e7b8ec5
PPG/2018/page_60.pdf-3,PPG/2018,0,True,True,STRICT_FEATURE_ROW,True,KNOWN,unknown,PARSED,PARSED,PARSED,90e95fd10453cbdf72d7c2064ba8405e78f2ab67112f0d0167bcf2d74d98a9be,2be71f3c66ac80c37340998eb8e870d1ac49b13b049359edd86816cfadfaf47b,e69bf23fd7ed87a0fe8e49517f30a8e40a1f5e496ba5320d3c9f5f287969cdc3,a589a9b7cf4e00c10d60dfa0ceb2a851addb8075d5479a24e3065c14636a7ca0,a8411456c4cdde0d60125cc4d640439141d0abafa838ba7af9ede5e235742374,8c302531f2150ad15050034d934e2364eb757fabecf17a334b63d7c13a51d7e3
APTV/2014/page_46.pdf-3,APTV/2014,2,True,True,STRICT_FEATURE_ROW,True,KNOWN,unknown,PARSED,PARSED,PARSED,66c72d6fdc268346ee0322f78d846fc64fb692a141964a0d9959e53a15de3f14,d7799e53db59a0ee598cfaa9d00be04eef63361247434f612d266cc0f697f79e,af8c647b291e149f8f59804a05a85353fcee3fe89c9f950ce1382c96d26ac610,de2d86d922f29d767fdb521fd6a2fc17af7c60fc890d91bef33431dd8ff576a8,c60089f1b42ebbc72ca850776de64f2d7ca76a7df4df3b30d9a2b20236099287,0fb917ca97e884d6f8714d900c6a77737af867840573cc9917702b57b6c2293b
IP/2007/page_34.pdf-1,IP/2007,1,True,True,STRICT_FEATURE_ROW,True,KNOWN,unknown,PARSED,PARSED,PARSED,fee13d52288757b192382974cf492719a0546bf4c048cd03fc230525345bd486,6877be78c911d823e0c2912c805e52d0fda7818050431166877a77a6f3df3824,3c213392fc154e4263eb897e0304c8120e3d882fedc6db90316108d16d625ce8,a1b0af6a30a8860bb9a6dce9b32aa34d452b88d25374096ceac378ff9bcd85a8,a890e9eec4932523ec1dff1588a5ab34ced33aca1bb64ee5957ba28c377aba1f,783815216a21550f1756bf8145a0e18ab95ef08698a3103f6041085450bfbd88
BLK/2012/page_31.pdf-3,BLK/2012,2,True,True,STRICT_FEATURE_ROW,True,KNOWN,unknown,PARSED,PARSED,PARSED,977924f535d4223d53735f2719ebbf4f3ea9c088cb56799f2044c47b8eebb71f,a60455f3f4c9b5959b0cee4134d04915f86fbc78ec9383f60c9b4e816a051270,e3502b8791b46082c4db84a2c874867eeb113ddfb8b9ba2e95387a2c42db6fea,fc55f2d8152a69a3da4b3735adc1672610e0ba3ef6defd236c5999a8422c3cc9,6270d0bb159318be39ad0f34e5993cc582ec739086a23f9fec1ec9ef5c17ef27,1c7a726ca80a92877ee57885c27f485189b62911d7b2d2445da857282c7f056e
PPG/2005/page_20.pdf-3,PPG/2005,4,True,True,STRICT_FEATURE_ROW,True,KNOWN,unknown,PARSED,PARSED,PARSED,3294b3f917f998f5c107832334e47454166a1df9fa653a97cf82db11758313ed,c7d1b59c7e06047ce1d509336f266cf20f10b45d2a3a53ac554bac54e4caf39c,c178ff1d7f0f6917a09ab406cba9e735b378ff644263b068146cc2d96b570fef,739b488bd20f8e5e825cd55b83bb5f6c8ae58901c770fbffb8b8ecba3120a74d,3c21b186b146ba8527c8c78473e798a63e032c070bc598b7a7d0ba2312df984c,8d343e6ed78d473617ee41973ae384f08b7e002d7be78455d5eb11dc93d74bb1
UNP/2013/page_35.pdf-2,UNP/2013,3,True,True,STRICT_FEATURE_ROW,True,KNOWN,unknown,PARSED,PARSED,PARSED,86bc81df3eb644bca909f2817475d82fe9626f33f06caaa048af21c7856eb3a7,7857a8ad2ef4cecc2e7abd348c4d49530b32e62faae779bf16a5edf4ae4e72af,c459b45cf5c4b1b2b39b9db8ab5f204ea728a238c9242f06d87b91eaaa033dfe,f72085be29c4da306b42291bfd4cf6be81bd6d95501f9bbe5177f9204d2d51af,44ec438ed1021316d11829ea98a4872fec59d1189d056d016d1d199df3a6c0cd,13134c5b5ad70542be4beb0470aa8dc0d01640c1e3e5eb25a58bd99d0d64fd15
CMCSA/2015/page_70.pdf-1,CMCSA/2015,1,True,True,STRICT_FEATURE_ROW,True,KNOWN,unknown,PARSED,PARSED,PARSED,1231ab65da5bdb5a39b49a0e6942abad067ef3179736a3b65237ec3cf0792e42,2529664b48eac1bd91d686a109c396cc22c32dbdabce3c5eff5446482055aed4,af7ed52dfda760c30c2988b1fe1dac90c95bdc0c9a67bd1a689fa2da561e20ab,50f7ea702f5f5cf5b24a865531b97b01272b5bd60ddf9d2ce8f0f9df36033be7,b470c6a3d75517727574590951d6c8643d7a1e750e27c3eab56cc3f9de58e1d1,63be638f5f74c7287e708f58dbc7e6ff99455fa153c7481d3542634ca2e4b7e8
UNP/2012/page_47.pdf-2,UNP/2012,4,True,True,STRICT_FEATURE_ROW,True,KNOWN,unknown,PARSED,PARSED,PARSED,0b0a323c2d3649f3a6c259c8317fc8ba5d35071cc0f50c570b28d3c4e203a1b2,924df6d34ba44c5b874cb554396cfb6f39e929d0758c524073adf2aaffcca3bb,514f2db2e27501a95e80d87f5200be78700e99af7dab50c5cafe65cc5423f5ae,81068bacfa264371c10d158716834e1a3280b786de6f2f2fc9d3456e380b39d3,711c8d72169f7fb583106336d5a32cff393b15503c3920bc35e93fa62a8746fa,89fb9d6f88a524eb2bef9e4603281713b7387aad3332a9af995aa66cc4b8f3e5
UNP/2017/page_23.pdf-3,UNP/2017,1,True,True,STRICT_FEATURE_ROW,True,KNOWN,unknown,PARSED,PARSED,PARSED,d52ae62012a7c958ad2670598f66814f6ecf3541a4883ad4b48333a6a59bf3d8,db3637742bc2acfc380c62e9a0dd7ee96248042abb9aa137bfe871d66e7d528f,1e376744e207f2701fdbd9edea9fe27d6629ccaf361cefab73e569126dc06187,3bc3e79324674d558c7003e4320700eb564de5ea101da131520b4241507be025,da814a96bac1116cb7122867a61b4e3b7c1681cc054ad46bc32c78fb10ad4501,6d5464c595cf21fafbf12f2f3e0f789cf9dd1b79f1e8a4a43b5815a558588065
MO/2017/page_10.pdf-3,MO/2017,3,True,True,STRICT_FEATURE_ROW,True,KNOWN,unknown,PARSED,PARSED,PARSED,afc573abc1b59cb02ad0cfd91eeefea9fe9a009ed9ea7b5f81d8532e59111a9d,dcf5fc0c7527f214dbc1d546545ccfea53a4117720c0dd96892f33715f8652b2,a107bff5b0bbc3f4c11d1921275a61bf307217906b8e25b669c10291c0298db5,b3986105dd44bd493220f3398f40af73d56015858e5e3a0a78581cb7886889a5,664a7ab5b7bfd690fff4254eb9d0a8dd35e691adaf8e03972b9c7113e117ab06,a470c688bf85f0a376b00b0f51bd130d392221e38fe2ba4ce6cd65567a84a2f2
UNP/2008/page_81.pdf-3,UNP/2008,0,True,True,STRICT_FEATURE_ROW,True,KNOWN,unknown,PARSED,PARSED,PARSED,75673156379bda13056b4577b4477d79c3b6747b203bf4e8a60e5f71e1387eb9,86185d4a7a6e26c0e82fdc47eaf1f18d755847d23b36ed21cc84f0d4e3edd324,7e3adf4d926b9dcce6a897a058e277aeb4d2eeb729f32041e8fd43d7a8887beb,b694b2f065c508fbb5fe0043808f1d8872d07b87fc72a1c17bb25a05cd27de51,4aaeb47694fa0d47663640d56ab13cf571381a9967f6c29dbb786dd0b39902d1,6204a6254a84dd5d02e335f87587c91b81f735368f4722f381cd63b44f8f9290
MO/2014/page_11.pdf-3,MO/2014,4,True,True,STRICT_FEATURE_ROW,True,KNOWN,unknown,PARSED,PARSED,PARSED,92bbcdcdac6d8e49137d4d5b58e3b59c052aaf4c9f062ac105205548874da81d,db35f91738f69f0d38b354527a915b15e2b7a8dc87e46e5d5865ea632bf34c15,8bf0eb95398831ab514594c82bfd47b0922958b25c6b9a3f0cb57524eccd05c9,1c9c7b16bc3a31ebb41f131315ed3b564deaad520bc889e7385d8b080d4a44e1,ad77f7a58e01d7f4fabfc2c8168f83e6e3b8d75ffa2f67cf0f78ebcf51eb9763,4f7b90f2d8bfa40cd1bf2be139f2590eb79dfa78508608a8e6de885cafe42c29
UNP/2008/page_59.pdf-3,UNP/2008,0,True,True,STRICT_FEATURE_ROW,True,KNOWN,unknown,PARSED,PARSED,PARSED,a162e845d8e59cbc7e6051a418209ffe72ba3aec829bff4ee88a6efc3e2b1085,0c55f7cef5232dc84aa0a41df91df9c5f806304ae6b8a435cd605f7091bdfc21,3c7e51dc4d93cfb46fc32be2c009b2a61474c50ba4defcf50f6f8a3ac40d8ccb,984590c1d88c58545b898adc477c4cbdff3889611898bf4dddf4b3668f661c21,831a8f2607988fd43b74de46417e901e4ecfa764ba398ab1063ae6fd956dcc71,47c9eb42b2454cd5571b4193fa113652aeb90112a4960cd7fc387fe82ada1d1b
UNP/2011/page_78.pdf-3,UNP/2011,2,True,True,STRICT_FEATURE_ROW,True,KNOWN,unknown,PARSED,PARSED,PARSED,1218e157831b165af1e06d1c922261a9dbe87d909e5b67ac125352abc4a764fa,f2f27e4ec59d240a2c94b29e71ebb79a0488b8131cfe9b95cdc6e4e4c1fe2762,f941fe669cf0a473dceeb864e0069b3548c43adb882022712c6f91edc298b284,ef66d3a28c88a7a2143adeef980a520ef505628733f2245b2af4402533c545c1,8ae8b80fe0d813f00ffcc80e0062bea5441a91130bce1ea6bdc8a1fe1e2b094b,4d7ca255afaf619b749555a291f0522af4355ba4414f38d54a6eb40103095607
UNP/2009/page_26.pdf-3,UNP/2009,2,True,True,STRICT_FEATURE_ROW,True,KNOWN,unknown,PARSED,PARSED,PARSED,44f6c18166edf4f8d615f868aa8f0c2e28e5dee0592263d6289f64e5785db063,35a161dfe3b9e225077b248ae50b4ae29d2110792a8c35324888cfa0ae3993bb,1ca17755085c6806fcca325dfc2187424eb1b3ea08608c02342f2d1190db0e7d,1d88c886a4737b0d0e07cb96b7e1d886bec659b1725eb459fdcc3d545f6b0d19,d5585b8ab234eaf939691aed9153b29393f717dbbcc1d710d4970093f4e48a07,93124ec41aaf368affafaccda19c4a206e89c1fbe9de3ab4ce0951f229b4ea37
EXPD/2017/page_30.pdf-3,EXPD/2017,4,True,True,STRICT_FEATURE_ROW,True,KNOWN,unknown,PARSED,PARSED,PARSED,6e135c3b4cee1a8e20d427710b6360f2392236cb9fb3130d8568fee3f2193436,6d471575c1791c28b9af8fdf8b4e520f769a3061344503280de9b4eb8bfd848f,854085d9e43b6ec5673594d3bd0e28a052f2b6435594491b69d915f092a199b5,4e2b22fdd17d2e2bdd89ad83eb176d0d16356f3625bf07263d6a40c1d8212477,ebe190473de502da721cfeed1b5655e043b7bda4765f5ad0ff327ed77a310ec9,d0256426b467208e17b3f7fe5d4b50100d2d513e510cb9cec0354d11868e1b34
MO/2016/page_76.pdf-2,MO/2016,4,True,False,NOT_IN_STRICT_FEATURE_ARCHIVE,False,UNKNOWN,unknown,STRUCTURED_SCHEMA_OR_NUMERIC_FAILURE,PARSED,PARSED,79c7c35df478bc575e52996e0d639e97ed6e3ac515cf6cef96a0b1e1caac4c29,c534cb0ab33b7979e947a0c748f8ecc9f9ed440f5c463814ab01f55cd199096b,04de3afe90b48e63c54f35635ed6504ff26d9375e7588eec01783f410dbd14bb,23ea568177d076a70a56e84f1c82b83b3ebb8a4549826439ed38ef7afc644b41,532c41d4107be4c2a6533808e4ecfc4b621b18ee11729c1d01c00ccd9c0cc7cb,785090943e10be80bf2738d348cd44d2ebebff5a42bf4d701e8e88b91859c1b9
UNP/2014/page_16.pdf-3,UNP/2014,2,True,True,STRICT_FEATURE_ROW,True,KNOWN,unknown,PARSED,PARSED,PARSED,ae449acb04887bbc5889b15abf5cba3b5ad20e50986963c165b07e2d4346f788,eef72871c4ae546124699980789f1363e480fae60cb0b24f49483e4e02e1aa9a,155fadcfcfaefa35b2963b1184f52260ad1d41cc386c83b9360844339be3c66e,e4091e50e76318a6a0bb2ee3ff645c11f948494a1ec27d3887d2280fafa0de1f,d6a3619d24a8ed514bdd8ac0997438f5a26e0d4bd9d6fdd8afe8902844cbe651,da364625cd35354606ba2a481acca3990eb9bfa75a65f3057adc5ea48adf08d9
IP/2015/page_46.pdf-3,IP/2015,1,True,True,STRICT_FEATURE_ROW,True,KNOWN,unknown,PARSED,PARSED,PARSED,76cd64ba65035f99c072eef6f7a9fecfa61bfdb9863104288054e5c8475f3c13,aa5c8fea5757f38406c1374688ccf05485946cd924a184109963fe948bf568ab,9dd632f35f406f417356031d3ee5d1b33f9dc7c8da58b78fa9560003022d1034,7ef4e00a12164ccbdd998ed3137f4f5a55d5373343dd0aa2788af3878233d8d7,0a5602e7984b2b11019816bd563ab1773afb7aaf56b462a6a1f169fec5e04462,97121254ff38a365c798b49d4238757d5e1365961b6f28c1bd2dafe715e5cc1c
BKR/2017/page_49.pdf-2,BKR/2017,4,True,True,STRICT_FEATURE_ROW,True,KNOWN,unknown,PARSED,PARSED,PARSED,e9156dae5ab082b3ec2a3461b306cfe94b75cf94c4b4e907c61a94834e693c1d,8aa8945cbb42ed59b5ee4516098dbcf3622715a7015d2e8870390310080619ff,152482e95214a9f65ad966ddfddec203e004f660dad98b67dd4f6a9fd53d33b9,eb4b315ea4c02e314f7a7ac42d4a8d6eb937419e804852f5ab5dc889a59a7848,af8a8f5c908f3b9a7bacba3ee928d1791fb2e67137f0c94a70bf91016e42ef9f,0a6c006064b89b3a1f34dff12b5dbdeee6fe479974503ecedae35eca5691a6b6
UNP/2009/page_89.pdf-3,UNP/2009,2,True,True,STRICT_FEATURE_ROW,True,KNOWN,unknown,PARSED,PARSED,PARSED,fc89e4d99747582c1d161782ebcb5f7a6d36ea26ca9b4c55ddd6264fbe6fcbd2,af3f51267ba339d6bd40f05556cbbebf716768ceadd14deaa41cbaf4bed1f6d5,c31f6e61880c1af31c45de35b144b0dd4c361a09feffeb671846af79ba2f52fa,a0d03dacf58f5eb65f954a85bf2cad0e1b7425f03468ca840b31abc0e1b8c914,0b63f0ad4b0f60fcb6b1ecf7c2a27a9b429968e1ada07d447ef77e7b1d86c06d,2d38ef214fd9191cb10679257a3fb3b04f221202a0f6ade899e28050ecb3f6a2
UNP/2014/page_14.pdf-3,UNP/2014,2,True,True,STRICT_FEATURE_ROW,True,KNOWN,unknown,PARSED,PARSED,PARSED,9d543cb2f0b17a5838e9e07fcc0c9a237eb82aac075ca1a4acc2536df9b4e2de,0c26fffa893ebac02088da277d3cb66e1449c93b4313710aaafa35ab741090cb,5414da57f221785b5c8b1b9e23569906b2f4f4531e0e2de7ecbe3080b2e219d2,43c6964b5b3e2184ad62bbedbe30ce54aa525086e6fd9268414162973c2e8337,134dfe6b2493d2c6a2a655d255f7310670badbe0fade342347ed83a91a3d04d0,a4a4dea8bd8e4c351661a7e7fd0bfbc5beb6cb5537bf7d4395cd54e145012bcd
IP/2014/page_101.pdf-3,IP/2014,4,True,True,STRICT_FEATURE_ROW,True,KNOWN,unknown,PARSED,PARSED,PARSED,2e6c3217b43823148f53ae17e1a1ff679fe0ecae27be7fb706fedecfb9d45f34,d1a0f288ae04ce44e2b99621ff6daf70d09883ce0ac0feb28b71dacba5ccf6da,e5da9c1127386bb76120499c89764cc6f221d7ae86a87bae6f0bff50d91aeb92,0c2151c33bcbd6f33a4a5ecb9217220a974801fc56f5d2e88b50afb8cb2cb093,e394d13e31525c38bd98da5e621b22739122f17491fa03c38c717db7e6b415f9,023e4daea31280014ee7ffec26dcb41fb16f7723af0cc5092fff6a3e42a7007b
UNP/2009/page_38.pdf-3,UNP/2009,2,True,True,STRICT_FEATURE_ROW,True,KNOWN,unknown,PARSED,PARSED,PARSED,a41cd0229d6a8bfed0155cf114054626def182da23df9123e219ce96b586191f,91fdd13c84c50dd00a39c6bcd17286d99b92544f9664b4a7fcd29ac89bdafaec,cba2a43235993f7cd797a3ceb294a2de89e430942d44b827c906c34e9eb5f3fe,194a420a556a8f2b00eb2ccdafa57fb665d720ac82449424ccddf757f2aefc50,31b2d5214ba13b9e93d744663713e61ef44a8c544d24859b11e9ead6977c0d8f,0183814eba009c06914dcee298fbd5d5c10f7c01f68e8422084b0c7be1033c12
AAP/2011/page_16.pdf-3,AAP/2011,1,True,False,NOT_IN_STRICT_FEATURE_ARCHIVE,False,KNOWN,unknown,PARSED,TRANSPORT_ERROR,PARSED,c535e618214bd9b4f9065102b5d6eb90f7c44e3ae3ebe275816f1f9ccd4ffa3a,798e886f351a022101c7a02d90cd1c264d9173944dd8d10308c3ee0c54807f89,a145d2370199d3632c8c908b13dbc17bdb9ed056ef551ddd5be9422b69a5e627,07fc83fc3a61234130a2be615137197680d15f0d275a298de8e7a7a0dee303af,3cc47bfef0bb1cbe70d444fc52e8a35c576aa299fff30a919dfcfe071a47e233,70eccb70b494fa424fc87d3cab6915842729a8df8bedd7387ef46522c6fecd5e
IP/2012/page_57.pdf-4,IP/2012,3,True,True,STRICT_FEATURE_ROW,True,KNOWN,unknown,PARSED,PARSED,PARSED,7dae5c7f876dd3867d0390edec86b1fd72fbf2084208f7769b3dabef8116ac50,9426797229e96b72cc36fb31a928edc4ca23eb481f017027ba66091e72778680,483f726379ded31bf5d84cb5c1f201e0251b8258159a129639a9d6770e4e5745,e1e532e6fe5343ca6716dbe3a9d92c7615e14d4ca37b22d3b946a06a67b9d986,a3f12035f41b056a6710c8a4be1d10cb3c7dd2e5b81d980a13d4cc969aed7de8,00c90f88ae6bcde73c07e14c7ff5101fd7d72235f5253f64521cf689c60d3b61
UNP/2012/page_55.pdf-3,UNP/2012,4,True,True,STRICT_FEATURE_ROW,True,KNOWN,unknown,PARSED,PARSED,PARSED,08f00f0fa4f41afa5b58acc310d575783c13fb6172b4f049700eda8a5643aa05,f3440e8e1338b2abecc0becc3d3c516d8aec8fbc97ef6a854d3a016cca789095,0800a3c476368f9f1f49ee7d16b00acfacb28a84dbc25969d9a285cb1f4e07a7,85750ac631df7e34944a40ec8fb1772eb0f07b32d04af4e9c5d4533c73518a99,76c913e6a426f0c852ad29724639b3fe24150a1ddd4e7eb6614622f05f320f23,009357bbf0ed80efc7a50d2fc2c629898e62a227c0e70b75a4f5556187b9142c
VLO/2013/page_24.pdf-2,VLO/2013,4,True,True,STRICT_FEATURE_ROW,True,KNOWN,unknown,PARSED,PARSED,PARSED,c19c383b566c13f4b3f20b4baf0b80b197b74397b3321387cdb3e91bf4008073,397262d66473a5e68646742693d5807e41236292e890f2eede25e2aebbb30bf0,2519175d5781264cbbb095d24d37a7f043fbbfa0468c78c2ed39b1eaefd602dc,22bec93c89d2b43d35dc5b561e38c14409155f079d06ae6e5ff9eba44f2012d2,6ddde16cc7a54935201dbd9e5fece3bd265d15364cabdf475c0535264799e1dd,dbc944863ef139a8f584cbd849597cfeb5d1b03c3d1a46a57b56b2cec1589652
BLK/2012/page_31.pdf-4,BLK/2012,2,True,True,STRICT_FEATURE_ROW,True,KNOWN,unknown,PARSED,PARSED,PARSED,631135b2981c2926247c187fea289fa38c2da3c7c80d3f6f188e51aed4bf544c,75f96b26bbc3419436d6b62d954dc6a8ed89d8e906e735c692130b10a1820a39,d825f1e987457edd69f45590982ddf97882b92c389391f28efddfa7c25a8c051,aaf9efdf0885b9e9f392faceec452e158c416c06ce36af80d976d0e33f24f6d8,c9c5149b1b033a5bd149396487a3819a24e66d38dec81bc18fe27ce1c8f2ab9c,5ec04bf04c5aa2b3022c8a3a7d16d2f79cc1de25a65836764c59a2f737e39e39
ABMD/2015/page_93.pdf-3,ABMD/2015,3,True,True,STRICT_FEATURE_ROW,True,KNOWN,unknown,PARSED,PARSED,PARSED,8b57bd9b2c5ffbe5f32e56d377cb40fa466c56d8210deabe5115e9286ba4e7f6,a765b7e36c4c71b1914eeebb47fae720bcdd8bf344127dc6ee0dd35eaf72d292,79e1484a6f0ceb5dc822918dd2f6b6e95d2d1352b2a12575a5bc2c6c916c138b,9598e95961cabbeb3a2b70c83b743be0613fde3d99e548ef80a7ad28848690df,e204bbef1eba3ceccf9c36f21c3955d8d6298685d2d25e627322a60bc829b686,00e0d7c2d1b37570994b868f05f7bf59bb6e00cb6742418d753d26bc2e31f189
IP/2013/page_105.pdf-1,IP/2013,3,True,True,STRICT_FEATURE_ROW,True,KNOWN,unknown,PARSED,PARSED,PARSED,631ef2820690767e537dbf43053e780235cfa8a7f4628925909786bbaf7cb937,9b5a9b8ebde2e17bb4e79834526aa0196ee0485b1a223f0927b52c863fd93a08,50f8bc767b139853b2edf75ef71d77b434220aaf409eef52a1cdd154bc1b749d,4e064efbd1409269ccbc9b021106781d4b24ef52e7e50574444b0d860faf9b88,e044a79c0081340a8cb7fc431fec56bd1e5b76f65def8da0d7692b944a4d98c5,d16938e096e353168a49fd92b9fbaf786165c493ef72796e8ade826a2e3663b0
BLK/2012/page_82.pdf-3,BLK/2012,2,True,True,STRICT_FEATURE_ROW,True,KNOWN,unknown,PARSED,PARSED,PARSED,ad1e5c7ef59cf0e10a289bca3e8780bcbd17cfe53d446ba1aef91a8c724bc144,61644e2a0376f2453be2636b4c8cc8c6f582d69c2db97aa24a0cb08b86ce059c,7a5789858d37894aebc835c787ee15062fac5ba10b07d04ac1e64b86f4f4e1cd,5bca5385a83de060fd959de8c7e5fef0698c0165ab37a8ac1eef4b0fa45ebf3d,7915b6fd4fab92157282617f921d1b8a645d7bfcecaffd96c8f15d41cfb57b08,dd3e0079dd433b57936f50f103bf7a03feb3b6e39093d4816ec309d2672a71fe
UNP/2012/page_23.pdf-3,UNP/2012,4,True,True,STRICT_FEATURE_ROW,True,KNOWN,unknown,PARSED,PARSED,PARSED,1c87a03f814a8c617b8eae2a1ed5408e010e35f93d62e5ebd65901807ca7abfe,ffbb33faf83b80096172e6ae4ebd8ea32c37c8776602df5c1dbe850343b7d55d,e6b01102d664806c0e9b308391933ae5ab86bce9cbca38488e2c645ff454d0ba,abeec41f127d1e0bbed484f166bbb293f78c51949c11a9010ebf71d9739b1357,c8de796b7d48cf42c5efbdee1c124e05afc2178e2106c765663d7971af3e8ee1,2f158a94a5d489c0a660bc490af443e9fdd84b3c3ce3701392ece190a8c70127
UNP/2009/page_25.pdf-3,UNP/2009,2,True,True,STRICT_FEATURE_ROW,True,KNOWN,unknown,PARSED,PARSED,PARSED,c6686268a305c1c08f23272d1b6d57bc9a820ac5df2f69a75d9b6488a059c04c,63851deb818e7860a0794125bfc08701a3db95077188e4386b2f1b441c689510,9517c99556e80d44b5d40cc11df73698c56d17f044949c45ca5151c609c12990,9fa9902f6076ac9501f4c2e58f2b60c05c6cce06cee651c8f32820460159452b,6287afff6a2efb9baad27296eb05f4e999144311f988dd016c68d61c913673dd,7a1f18d40bf7b5a279e4e3d3bf45a0ebfef9c0361bd36c914a51c6b579b804d4
UNP/2017/page_74.pdf-3,UNP/2017,1,True,True,STRICT_FEATURE_ROW,True,KNOWN,unknown,PARSED,PARSED,PARSED,16be07ecc05293329d481b0d60b64e9d8043a5792ff68e70bdc0fb6357fe0969,819d06a9cf5c9459bdd6a509655b9342fd30bea9c01f1db5b75f58fc0b7cbf25,7f541dd020cf52a2926b163aaac339e43e5d99630d8a3a60892d49321444dec2,ac9575eecabac4be6ded03e08b6fbf56e838828ef6a9714ff7b481175a03a8df,b801ff866d8dff0e68e40022bbf768f575725134970485420acb53cd2d4a2d82,57889d8a04061f624674b997e7d875df8a953a5751022e5b2b9219fb7970ec79
ABMD/2011/page_33.pdf-3,ABMD/2011,4,True,True,STRICT_FEATURE_ROW,True,KNOWN,unknown,PARSED,PARSED,PARSED,aecedd2d7d2ad1468fdce2acbea866975a0b1dc209354c8143ef4e93b72271bd,afe020e846bb45053375958029101ab5ca3d82f45fa55f3cf6a7dad353380489,a7b793153068d74c2c19dd4ff312632491167f43b2c03ac44dbf89dce9000503,465d24e247849577279c22f671d5115cfbff0754a1750881a44d1960cc826a82,dc098c236c8d6bfe58cd2eb97d09ddbfcfa331008050014eeffbfd02691bc087,442655b90cbabb8601cc60437b2bbb577dfd0552b225b49ef9cfd0dcc16b7004
UNP/2007/page_79.pdf-2,UNP/2007,1,True,True,STRICT_FEATURE_ROW,True,KNOWN,unknown,PARSED,PARSED,PARSED,dabba1dd538bc1cb45e09a19137005e3345f18c39e5089f0dffebc23fa3e2763,55f2e0ede5da03248af8fb7aefffce4686ea1de383c555e15a97f1a66adf8a27,2e5d55b1915153494027ce9e78195ab46cd99a777f37359121f185c23c95b5b4,718fe1109bacea93f1133d891d9d60d1b3beb4482accf3e2969948b9b45d36bb,454e3f23777b6f1426cbc4b6177f55529246bc387856218151f4418fd16f5950,263d1822fda2f99eeafc4105417c6fc31afffe0d34405e0b1447e9321bbd870f
PPG/2018/page_54.pdf-3,PPG/2018,0,True,True,STRICT_FEATURE_ROW,True,KNOWN,unknown,PARSED,PARSED,PARSED,d1f548be1c02c3d3d84f4d7e27d1e1d4ee1f5dc6e9305942a89da16acece9904,62423d2c811fbb13e374b82927ce269f57018ff02184bfb17d1b77665a9647fc,189742311f26b44c723cc0cd3f5ba44ed3c4ddb5b2a3689358dc005876b0bb7b,a4372c2deeef7794bd206c3301ba0c6f3506407d81b18a2cb76c984092e66d13,cf1c3ab33feddfc50319df2728a007a629d33a0e2b174ecf31b14ae0e5c9943d,00fee53841a9661f3fc39097fa3397a81f05104a8abcbda78beeee90256a9b4c
UNP/2013/page_24.pdf-2,UNP/2013,3,True,True,STRICT_FEATURE_ROW,True,KNOWN,unknown,PARSED,PARSED,PARSED,610c1de00393bb06d71140ae9f0a57e003958bf8a8617385c3a0c56d76293370,cd9332ec7e9c956aa3af9a850264b62490daeddacb3ed7d0e8dbeb1a5cb1a7ba,ed39edefda20c9edf6763729f04bf5f6019b249442671c46e91dddca7ecd1285,9579b1f73063d91b4899f2a676493d2d2abf3c4eaa7af9d96b2da33f6fc9432f,1a133324362494ccb1e815c503fc43270ff60527edcf4673e8916cab1793ec29,83881ded4bfd09aa55a3ee7d4416295389a3c4040967aa021f86cb74faec192e
UNP/2015/page_31.pdf-1,UNP/2015,0,True,True,STRICT_FEATURE_ROW,True,KNOWN,unknown,PARSED,PARSED,PARSED,30a7d4953de823cc4a172749a5f8b9e808f0a978a55b47a21d8521db60d2e93e,31d8f49b49866ef94f09285371f972a2e078e1c1d48fc113d9cc2865df85faa6,23650685874a85ee34202c3f94cff3bb7672e9b15a1e2867086aa7125d25231f,4b1d1ca8a50b52be2c988de7ecdbd9e726836783ae57da9742e02db62cbe587b,ea474c0a1b6c7eda30face6390943ec1d63ffe4da1ed797a4bb5ef576d03f954,5caa94a8290b32bb64eb092126dc430983e593c024d93edff2a5210b497ece83
BLK/2014/page_33.pdf-3,BLK/2014,4,True,True,STRICT_FEATURE_ROW,True,KNOWN,unknown,PARSED,PARSED,PARSED,c735de0f16a992e3bb49c13ec57b41572e710609ebce666c14a4272adbfa6876,50315abd7d3aa5e223bf20c1d873ca713d255bef6a282c1e04ab8f07011174e9,395108db896e726c66660365ddc422d1e0d13540dd78211be2807ab0bd17da60,b5619d89b962afc6db2e5439d41e1036c3ce62a8f66a330c3313f2875f992cca,1a8d272973b0f61f1f33f5db0bed832feedd260a792bb0044392437d7fb3fba6,f95c63be4efb2057cf5f37f718018117268064cd373e33ba1c2b7473283131ae
IP/2012/page_84.pdf-1,IP/2012,3,True,True,STRICT_FEATURE_ROW,True,KNOWN,unknown,PARSED,PARSED,PARSED,54f72ce229121034ea96391939294e0fd1e64bea1e230d9c7b37fb2f4c112631,8131f5aa5f7654cc5bd7f2e4a67d2d2f6b7fe763d23170081af6b67288bddc89,5dd921eb686a121a335c772066a9fb30cb008e5b19804b6f8d451383aeb59d54,854140c8711e11435f8f6ab56b413b7b3449a8dffd7622c6814c312d1dc2c2f1,ca308402143df0d6258fdff01b83baeed4fd89624a6a0ed08114c35f3927cf85,bdebe71387a294a9c12220748dc20a1f597cf44c3f0a54cd03a4f4b5e8c59398
TFX/2014/page_44.pdf-4,TFX/2014,4,True,True,STRICT_FEATURE_ROW,True,KNOWN,unknown,PARSED,PARSED,PARSED,b839faa322c8bd4484d4065c08e1bdcf47b85f9329a611e663c3318dfd68db34,358a9b22c8fae53266a3c1a3c0ae5e27006428e4a4a4bd181988c3f02ebddae9,b264d2927b6898517a983db31247ce8a9b16931cbebbc98b4fd2e20c776edc9a,8621f3174b995d1099ff25b60e41ce4aaae76e6b993fc7c8cb8fecc4e19faa85,2d8d56829113b2afeb73ca4726d69de48d36cc52530f93e754518a4f0f75153e,f35f2961cd7c1b578d1c665ce32c645ce799fb87dc7d7f534c9ee83870d708cf
PPG/2015/page_40.pdf-3,PPG/2015,4,True,True,STRICT_FEATURE_ROW,True,KNOWN,unknown,PARSED,PARSED,PARSED,49d703ad1664232fe16388c2a667d14331cd6b5db44b04d9070708b71a649875,15b73892428f5fe4299f489a76e82e75050e1bcedb7dca9ba2c82b4dd49c97d4,eb57386d7f32c705060d9969767d19b6bfd171d93216898340163724c42e734f,c04d28ae64b8c26ec5d2b55d73adf5f38d450c18800e42d6fdace0a60b9882d7,50a097be73428d4ee5fe30f59eb2e326bbaacf55dd6bb9a569ca7131d95c4bd8,6e8a4457be144375650fc27aafd789613b5926c3aa6ae2643d79c284086feaff
BDX/2016/page_62.pdf-2,BDX/2016,0,True,True,STRICT_FEATURE_ROW,True,KNOWN,unknown,PARSED,PARSED,PARSED,09b13e27f55955ea59dbdd9c42b0f2b2c83af71ff446914c01b5029f0f4ac050,f3824356899b74f11018dfef9b5cf3f79c32aacd99e6654aa8c749f402d1e029,a848fd5df90f943d066da2f81b74f2c769092ece91346a327f4b45b15b323092,cca56f4d50fc9c8afdf76ca83f96679af0d3df18c416d8408c0a23c383b15f6f,9979c356fec6a65655fe80ada50866c85e61ed3f3aa3a57dd1773d0b016e06c9,cad80ef999f75129b361c3628261769d20e7762be7a37997f2542b662d487ddc
UNP/2010/page_75.pdf-2,UNP/2010,3,True,False,NOT_IN_STRICT_FEATURE_ARCHIVE,False,UNKNOWN,unknown,STRUCTURED_SCHEMA_OR_NUMERIC_FAILURE,STRUCTURED_SCHEMA_OR_NUMERIC_FAILURE,STRUCTURED_SCHEMA_OR_NUMERIC_FAILURE,2ca89076579822a8df2f336327b5d53fa5d16f39f88590658e73ff729a375f52,09be854c8f345fa7f9d81f9469e6927adc618f5576ca523711db891dfbddd9d4,6726d8c1809d4336c9594712c32b6ff19c6d0c0e738274edffde5c122fe3d2e0,ac921bead01e12b2d20a48ba8c0e207b2ee38d73f3fcec17a0acb51d5367d79a,ef76d897f25e99a634ab03318c34e4bfb621d91251c156f65c237de657821a64,4a577261ee83d8b5e8f1a50dfee7bbc5bf4d1cf4a445dead161e66818b06c121
UNP/2013/page_35.pdf-3,UNP/2013,3,True,True,STRICT_FEATURE_ROW,True,KNOWN,unknown,PARSED,PARSED,PARSED,36a36a01e7c20a08be2d9978c6a1204b86ae2d9907d0e29331908539c83ee402,b19912603a3f153bf8e25c99f26db0c3f4896fbc299d2795542251bf86dd55f5,26d5667f00752fcb1d0d740b6823729ad36e005d5a2555d6aed1fb7a686f0132,49532372451635ab255785c1c406044daa55def2c0ecd89a6688140d498ee080,2eb1eb1d5e60379df11ec0165006db6f8a2a8ff5ca20d7cd8c84ec4cbbd64142,607e5b472fbbc73cdca4723189adfafaee66be1cf2e49f9ad4c9ccb030266c60
UNP/2014/page_56.pdf-3,UNP/2014,2,True,True,STRICT_FEATURE_ROW,True,KNOWN,unknown,PARSED,PARSED,PARSED,4615b6749b1aed4f61ab4f9ca28b97890faf21039a787f9c52e3a18ae9d80d4a,296ba34bb9e2a698a5f251e534c757eeb022946574ffba901c073b136d8b3685,e0e314102fbf2e25b01b552f730b9b8016436e3f307eb6d383b83f120a4c813c,6c48406f80a9ebd2781b77ccb1c653792fb876703b64d597bfb4cc41c3f9705e,3b01fc88a6bd35459791147085aa05040dac797bc878be903122b84e409773fc,3184a512325c003d93b7109dfc81420a1eb3779d1d6493a366f54afd9e8edecb
UNP/2010/page_25.pdf-2,UNP/2010,3,True,True,STRICT_FEATURE_ROW,True,KNOWN,unknown,PARSED,PARSED,PARSED,68b3d81bd7e0b349e532a4f0d0dc0a6f29261828632bdc2c909d3d7ad1fab151,2a8c998b985af5a64bd98113adb49aa10325cb529fa57d87d526bda5a921df32,806e175a090cd30404ef09e197c4b67d5af019c2c36658f24eeddbe349de2334,c1d321dec1ac1ca322b51c4e6b32383eec9e16149d4c8352005e2b890b12c8a9,3384313a7860eef06cd5f37f9f3ba4dec922a7bb2973fafe7ea46c3e965c42f5,e68235b82d23a61badbadc42ccbc8ec86128f69b0dbc81f7bcf0ad15572f58b7
ANSS/2016/page_85.pdf-3,ANSS/2016,2,True,True,STRICT_FEATURE_ROW,True,KNOWN,unknown,PARSED,PARSED,PARSED,c049f372b5fac4c171145bf16aaf3be8b657a2ff405a79a843ede5802ef8a03e,47229bf5ea3da61bd89f5024816ae3c4f1e4dfba8e265f477c2ebc263ad76e41,65fcba2177b3844296ff5f49f3f659c77277fb329bccf3181c37e760c73841ad,e27a23ac9dbd2d183783357b3106d47de17b676ae5488d6593876379b27186f5,99a05948332a666d770e3e84417ae01cacae19d6fd288c41ec32f8c4b7120ae6,868d32f632de4a79978d02c1a58a722c3aa589127be42281c895afdbbe7a8592
UNP/2008/page_83.pdf-3,UNP/2008,0,True,True,STRICT_FEATURE_ROW,True,KNOWN,unknown,PARSED,PARSED,PARSED,b940de95ca2a8b1904d268db1b480a66af69843ad51c82bbf2b8c93c570864a6,911143b3e1bf51163779bcd0ab050b7599b0dd2e8a1b2ea2c976721182ef0cdf,c80069fc27119d82f913ceca4da7a67b0c62c2a775310b8a19c1273ca342cd95,1899b11979036d683505e5926ae711496094b023927e4311523ae4b6e3a82681,5f5b634785ca0406671f3ce69c7e3d8440c91d6541cca38765fad8909bff1af5,51de2e29cbd64482818ac911a87ca22217c50b3a8598599d8e7699d38b94f3d3
BLK/2016/page_75.pdf-3,BLK/2016,1,True,True,STRICT_FEATURE_ROW,True,KNOWN,unknown,PARSED,PARSED,PARSED,17fa88b9eb9df913cbe92e3a4f4786cddd5ee6ec3d125475ea65a809d9cea036,725c42fa0287c4028de65bedf2e3f0f313687f168fe4ac3b575df4f484920fe7,a8ec1f9743a9f6473747bcc04bb11d52d7b700a4cb15405612006e74ae2d6179,048973b822c8ca591ab495f31c7cbf12fac3ffff54b0aa8af0ff5f864a316e5d,331f8a3660181c08bb9db47f2a424052e9f36c953830e0cb461a54ae7a491547,47a10cf5b6ff2f72e4c2bf69358ad945465813c496187d91b0c75c7a030004fd
ABMD/2011/page_33.pdf-4,ABMD/2011,4,True,True,STRICT_FEATURE_ROW,True,KNOWN,unknown,PARSED,PARSED,PARSED,38516260e8c7932d7fc38998983e74dd43908af1ad60d62a352a41f60fdebc9d,e45a5fceb205b66f40b408301e4de897dd4f1ca3c117cf98e3bd67add35a8be3,ba43c05969976e599e5fd9d08c1c2aa4c367af9e8d1757649ff63b83e391a283,d6db5496d35e47c4487dfc5013d8145db24a38717393d24e9987ce810e924eda,1a0fe5fd0d04717324cb644c7acdc44ed0c61f6d3d5d8be9719f9c0af901a14b,08c36706305ce1704ceeb04c083995ce1cdef57edbcbdc8e1111abc97e95ef1c
UNP/2008/page_83.pdf-4,UNP/2008,0,True,True,STRICT_FEATURE_ROW,True,KNOWN,unknown,PARSED,PARSED,PARSED,f8585d0057fbb0dca60642defabcdb5220046e25ffa122aae35546ae308a1dd5,16d54edeb79b97e4ebc7345c4eaa6f167abda7d5d1c33ed6b431c6dee6cae9aa,98433cae027e9389c8ead0b62b543a1ec4aa350843424ce2883e3e378e42eddf,e58fb144b8240b747c11fc0711c9ef92ad3ea18d21e0bcf6ed5b4e85fcb56295,59e4092f7720780ec2bb113e384a502c414699e87f14aaee8d6a78d6c082a7e9,830549134d10991c5a8e997bdea2d5c08e1ce6c6c1ef923711aa09374c312044
IP/2013/page_62.pdf-4,IP/2013,3,True,True,STRICT_FEATURE_ROW,True,KNOWN,unknown,PARSED,PARSED,PARSED,bdac57905e39ec19b30ab3c20c242336c97ffff17526954fbdf1787a7731b95b,009af95b9211b3952cf7420446cde9cf0ce48559ee30ed3434cd81ba09c03340,a7b08f4b20434db2d39851e7a94e2a630be37c49f812f90a4afc5a1a4551562a,27537344c4e99047e8498178cf2c90dfb137d9ef82f13f7db58ee1b06fb5b543,0204515306b70e5cb5a58277f139e2dac786a7154a365f216f72eea4216a2adb,50ed8408853a179b863e566dd79ed4485da0a8668468f0ed518186eebb049cb6
UNP/2011/page_25.pdf-4,UNP/2011,2,True,True,STRICT_FEATURE_ROW,True,KNOWN,unknown,PARSED,PARSED,PARSED,6753a00aa49721ddedf3139d650ddfb02d4aadcd295104fd5d65f7579f413753,348ad119d1d3d4a91969f0623eb63902e6d69c07e26bf8ff2e7a9a4ff5c26828,fc1c76bc26015846126e93ccf5964b34f7a8d4d87726aa9542bc2359736504f2,bf02341bc4cf3656435924be51b6f778402312fcc8a98fe207a280bc2c844df9,15bb5889aeb5524d47edc99a008d5d2639a101956116306bd1d66f8046c1cf07,e9ba407947472bbaf39ec608f02e121c883d8023c6e5d2f79a8d4b839cc3b593
UNP/2008/page_26.pdf-3,UNP/2008,0,True,True,STRICT_FEATURE_ROW,True,KNOWN,unknown,PARSED,PARSED,PARSED,b376d1ea784b36f9b9193925c5c5a5b8c7432a7ce457d45a50b11bed3a436b0a,81dfd6795705a379b0e3a4ee74db3d7a33189e4032496590e1e44c73a65ebb33,dab3c111eac39af5f9e103e32b0dd6f675080cf9e456e0102dd94c31f6378f90,75bfed2b017861566988a7ea9dcd9beddd2646726b9211535e265bc580cc8aab,2f88e7016bc6ded259ac8e56ba3ad96856b463bd4f611a742c87087913bad540,39ab8a13662f4f207457095f1457dc94df9851ba0a24213b9c049463ad719c89
PPG/2015/page_40.pdf-4,PPG/2015,4,True,True,STRICT_FEATURE_ROW,True,KNOWN,unknown,PARSED,PARSED,PARSED,da267991a698f44434e832605b0f53e06ea543ac739b09185f7f9ded8189d72c,2a86f4b177f142b76730c6d52fb8c4e1ecd5f926e60027a77dd93a482bb6b164,cba2b7649dace24ac71cd0a3e5d6d446959193b10004f769840aedb7ddf381b0,dea74140d62a154acf955152a110edef43e24432ab022c3af6ae09e368b387bd,c49d5a6da22e877caabdf0f71d9e1b22ff047ad2e1a545ce6bc723eb9ed2cabf,e1055dd3aa4946363f025fb761fba4e5541d49bb06ace14f7870e72bf2bf2abf
IP/2016/page_52.pdf-3,IP/2016,3,True,True,STRICT_FEATURE_ROW,True,KNOWN,unknown,PARSED,PARSED,PARSED,71053be3b0e417cb2dc3c1b2f01466bff9afbfe65da6c473fb52b91bc7d90a0b,9b1a8a16436f66bcfa26c5c9bdfd4785e8a4e814e38c64aa24dfa3eef5c23cbf,780146edc4b337e110eb71344d0971223f25094eff1e5eb704d4e7d122ae2c96,e4cb30e883e25a853e8ea250eb2578daf99049daae7f642c3289aeda29d6bb0d,4b6c6e2bc5d96ee5be8449cc87784179ce8996bf25a37da717d0053f9288d77d,42ba92095af82c9b053b7c968756a975d941b46f2904628481908080c94b7d3b
AAP/2012/page_61.pdf-3,AAP/2012,0,True,True,STRICT_FEATURE_ROW,True,KNOWN,unknown,PARSED,PARSED,PARSED,4aa1d53183e72c80aaaf8d70f9a6da88ecc8e74f139a3a0468a3afbe558353ce,4aab6a98bd5765feb99191c67101629378b59d2fb293cf7dbb0e605eb21fc778,4995a370fd0bff6f6eda031cdf9078fe0a9ec67eff5ecadf908ce9b3a1aefbee,c98f38c4b677a24a34168fb1eeb3922c9476c13007319f0cf255587338691af5,1a951d122f8df2a49bb73db9bf212a16e1c4d7eb42e89a37253f66622d96eac5,6dcdbd17cd39f997e28f715ea078855c13769269670d2e7f6e542069c591bfb1
MO/2017/page_79.pdf-2,MO/2017,3,True,True,STRICT_FEATURE_ROW,True,KNOWN,unknown,PARSED,PARSED,PARSED,f9f6bbb93750cdbdf1617deaa4678c206968b7f09f2ded0986dd379bed0a64c2,19a7027ef693a19531266168511772975db699a298fff4da378b702ccb0f9b32,ef4fd61a95c2bb2b12e476ff8c38ccbab79b1ea5d0b8af0e4dd848f9f9a90729,7cfa41b3947df11ce90f1975deae54c3391c212e481051b39cf37cca0c6d063f,b3105e7f02fb5ce8aedf19510f690ce4fe1e6e6d1cc8e1f33820fa7e5620a43d,4e06e637db0a15c95d376dd5849862af3e149b683e6ff9ee565fad176e3c8c52
IP/2014/page_105.pdf-2,IP/2014,4,True,True,STRICT_FEATURE_ROW,True,KNOWN,unknown,PARSED,PARSED,PARSED,c62761bf57e9e2773f1e629194bee2ba7cfc0804d764cfab9bd559044af96ba0,91bd0761ad5e32d01286deb9dd4d4e4939f87e2b21eaea9a05b54f883ccaa56c,29c521a566b9f5b857c3594a83de16bacffe54144a7f87105566b30957e5ac93,1dbe1a2444dfd036726949e272ba879bf8d638aa3ee29882f268c3f02486fdfa,4ebe2abc854872274dbcdcfc1916b763329e8b0796d18a0c66be7e6c71269013,9013c9e8793867c983b6a8e3c1be444d3b3f50ace7fcc042e77c59d337b1695c
UNP/2014/page_24.pdf-3,UNP/2014,2,True,True,STRICT_FEATURE_ROW,True,KNOWN,unknown,PARSED,PARSED,PARSED,b3e1a1db2efc886b4228e5db0038de5641e8f058ab33cfcd46f0634b3ca6b83b,c171c5d1ee556debcf4a36ea8b3a8224b8cfdc38580ee561e30be97910c5cf2d,183a1a7fc1f54c85918bbcfd9bfe465a9c8a90a9f6560c15075a87f06cff2f23,96dd0a4f2e06fd08c669e8345985b628b60f34a9b9cf2beebb3236bd324f21a6,6f069af478f9608f3af9af50a5903ec0753122290c187827c5bfcb549d262462,b3e190bf5a9c91e86b22764cf2bfba3680d2576daac68a8fe847cc55b4b4a84f
LKQ/2009/page_77.pdf-3,LKQ/2009,2,True,True,STRICT_FEATURE_ROW,True,KNOWN,unknown,PARSED,PARSED,PARSED,881c7be0c61528194ed1247061972bb14651c6b640a44a6e0855a54152518dac,aa466c644bc4a4e11464e3c2aa886399af90874458760cdf84cd6316b8ad1782,8dac34a6ac2d980833504474380b26be3b48d91249d112a76b08737cb2b9d083,8a0a9ef1b3ffea27b73db8da918891e4ccf444d3d539282865327b45f45013bd,bb69555217bf20c3d7d7abf771dc4c729b0adce9456e011958e1092d40142358,7d68372b5f0588515c58c78439c34f0bf5029de215bc177f75ed99d941b4f0a0
UNP/2012/page_39.pdf-3,UNP/2012,4,True,True,STRICT_FEATURE_ROW,True,KNOWN,unknown,PARSED,PARSED,PARSED,991b5cb344c87392a30064b908ebb79d2166443454d945c36aa0e3d70a7d2c6a,13374827bbd093349908ce06fd1d8e7c628c73c49ad392e0f3592c8a813a07d9,084f3ec9cb42a668c46078e5fde062832c59194ca2a01beb4fb37195e9a54cea,ab4d596f5f861cb29c786582b5676ab4a90ea2ce9a5ead5887d2161ae720bbc7,fba79ef8390e8e4c6cc9db3f496640e95cbad9f701780261abd57f92a3f421bd,dc0ad26545bb9b66d69ae1fe55795f5990181bafbdc4832e556f9bedef4f857e
UNP/2012/page_74.pdf-1,UNP/2012,4,True,True,STRICT_FEATURE_ROW,True,KNOWN,unknown,PARSED,PARSED,PARSED,39113a0aebf7371f30b88b26ccc9d485c4cc1a855d3a2119c8b4f06a86063d7d,c85aecd2150a7ef93ecddcdb54880d7e8b83f54360bb4da213f32e77f1ec4b29,efa873529a04fab43427e6a07cb887e2efcfa1784a807aaaf9afc6466a9261ef,26acc5ef62efe77856a53be304868be591b7d36152c5c7e945b5e1df24fad899,0b80f7f88bc5a46e003ce9b883fc707a8fcfcc1760ae37558e3818de53740cd4,4cb379d11d24c4e610842287da218dc2ef5b5df7b33c87266d0b83e28ff0c33d
UNP/2011/page_78.pdf-4,UNP/2011,2,True,True,STRICT_FEATURE_ROW,True,KNOWN,unknown,PARSED,PARSED,PARSED,e4c95927202bbfa5beb113b49d63702dc6cd8ae32ab2d3cb7c777f696d60d038,224c8b34717219671ebb32ccd3fd200afef2f7744d83f2f1d414ef517f4b5897,a581ae39ce7d30cb065063244a80e6f9ac99fb98aefbce232d5da00f10b48789,ea7eb5b88c3b29b5739f954eb46b6f277d038c9cc986f666fb6687e49bcc524d,ecc12d3e26be3c8c09cfc9e0cfc899abefe14ca661dc595dd5554f64e0c5f6ab,d08e254311cfe82f6e8d8dc3070aefad83a77eefb1286e3c95198847a8f0a956
UNP/2014/page_24.pdf-4,UNP/2014,2,True,True,STRICT_FEATURE_ROW,True,KNOWN,unknown,PARSED,PARSED,PARSED,f011060b7eda4de444110f44b402a1595ea41e4e862cc00e153a2d20d95e4534,5afaf774b4355b1fba61d7fadeb0f48d59a17598726142cb019db05511ee590b,4646ad7e28a4b63e41951d61e758b6a43c36b18b991ed428f837f751c35cfeca,c9ce113a066f2cf32c9a94384a71cd76bc744313b0108467ccd1a4f9e5d26d5e,42e0bb08c8f708234446df5dd5b4801d227ebc520cb9497eff53fb75a9ac7fe7,e07063c73dddd0fb1432a7ee6e41925ae1450f4e7c099641ad5e94c7a5d732bd
UNP/2009/page_31.pdf-2,UNP/2009,2,True,True,STRICT_FEATURE_ROW,True,KNOWN,unknown,PARSED,PARSED,PARSED,f4cef8a4f843271305b00cb39f37a0cd7c75d1f4c7a900258dbbeb7401a61e14,a7f4ac8cfba13b352242a4c85179c0290f7f3f0a48e36eb107a840c9f48869ec,b2cec6386312d25964e5ba1f9fb0b017bbd1cca09352da214b41c88f09e63e1b,f714af6c93f3685ce7b62c31d5b9bd2e99a2b7acb0023cce83952e8169a67ccd,da761d3ba7d4ef86b2783cd7fef10214fb5443a3481d4a04b12752bcedba58ab,546d8c54495ea6be848ea76621aa7bc684bccdb55bf9667008adf58c2dbef1c8
CMCSA/2015/page_165.pdf-1,CMCSA/2015,1,True,True,STRICT_FEATURE_ROW,True,KNOWN,unknown,PARSED,PARSED,PARSED,8daeae1222f29f35067ba77b30d36e9a30db598479d8cb10be9aa2543791ad97,924ccd5f0c5a45543f0039029601d5a539fd54042d121ff4434cd4e261c0282d,6cbf9d1b3e8c0d76f5e4771ccd85cda35ec468d56c87332bc7a2e338399dca63,08b1a133cd385ccc8fbf1c24f8f1980af702cd77ef33ca69e237851878fdff0b,a49da0b82e62b462182da93081919cc74f0c2556038bcd7f254ffe172ab39750,67cc872a44dbe81ab59c70a62eb91beed8b6327b0f218f8912ab0f0bafc094c8
LKQ/2010/page_72.pdf-3,LKQ/2010,2,True,True,STRICT_FEATURE_ROW,True,KNOWN,unknown,PARSED,PARSED,PARSED,440c030dfcac1e023f0a36a0c5eef2bfe294af4b09209ac3e85dc2253f51d47d,c62b32857bd157e48a806adf8780c178cb7a4c308c3507a420d57fae2bafc02e,288e6d3f664ba06eec64f93a149dc1db1e4bd5cbbb5bf1b28b79441307b1dfad,7c47bf9c58c1242e8df5f82784baa18166f323e2141a9a6de24471f4994f578c,3581dba2419d1706c419763a0059d6ba34a3decfa23ab5767d3246958fbbc115,ea2d51f32dd5bd9821377312f04b6f2d5a7c73797c46cd78d5854ae0e2c93fd4
UNP/2013/page_24.pdf-3,UNP/2013,3,True,True,STRICT_FEATURE_ROW,True,KNOWN,unknown,PARSED,PARSED,PARSED,64b14da66d7465a35f1187b12768b8e9887a4427323173cebc048fea73dfc777,bb8cdc2ca649e4f343dffb9a5ea69ad619d18c26e2f269bfaae3ba11aa713429,2892b8556de2e3bcc6f47467a7427f4f16bfff4379573838d86e4eef133ba831,881c9a08478d8fbefab1d832ff63a254e480dbf54d76d7e62e1c61641eb7af57,23edd7f3b048a3237fec5fbda5532c12c092d010ad688b8db217a3b68e9aa2ec,8a76b6afdabf98187af5ef2f1c5217f2aac11c5de566c3d9b96bdb311477feb3
UNP/2010/page_30.pdf-2,UNP/2010,3,True,True,STRICT_FEATURE_ROW,True,KNOWN,unknown,PARSED,PARSED,PARSED,208ea1057c3952d78c9475b569049bc93d808e2a6a39417e3beb9f8327a0870c,233b32b0c07ee57d54677a2e7bc7fda8e1fbcd709a0380f6812ee18da4e426e1,24b2d271d6b701e13042a20274ef854f8876361298a75e133b53287304ea8c51,b4626a206d75448c04789407432334d66038c650ac2fcb99afe836af436ad271,d6e9c64706a9a7b55efff3840731aabdafd9dc814338d6ddf55957661515373a,b32e7645d5c36195553668b32512733aa9c9493886d1eeecb5e2962b8dec4ae4
UNP/2014/page_14.pdf-4,UNP/2014,2,True,True,STRICT_FEATURE_ROW,True,KNOWN,unknown,PARSED,PARSED,PARSED,99d5833312e60eac432443dcc762dc08860f3067768c9dc3196e52080ac60a92,3d81e56a810cb0e340bc7d36e4d65659c35f548b13857adeb5d4c2b12814c082,c1940ffa73317b36edfcfd6cc0f705056192c7c207dc8477a9ec5b4e92331961,991998f97b9c3b6ccc35bb996dbbdb03977d7322a1c244465a445fb4b9fcdfb7,dd079afce6765ceaf97e9ed64126e3bc6eb63883860e90f3681a6a690fc4da16,eacf639e7af41541c5010708665d51d47c1a65e9a0e63038ff0d747cec17b2f0
TFX/2015/page_42.pdf-3,TFX/2015,3,True,True,STRICT_FEATURE_ROW,True,KNOWN,unknown,PARSED,PARSED,PARSED,7200c5f716894d483d6f09c8abd2b3699bdaa78dabc8a1b7a0aef935a82fab10,c7adc62612645381f1608859f71627ef8d35bd103155a9ef9f65c79a6162509e,a7aad6f107134510aaee948884427ea3ca3245f9b067576fdbc75012fb12dfee,3db99c0706b58f1175b50c2f3666a0701611f93eb2c01ce7cddd8fa2e5a95580,0098938e596330f2101749b441e95fae8b9f3512ea17e7ac1f4c681e1d5fd880,2d867302c6b87342bab1ecaa298d2956a049a23d0375554d2e4e46031dffd6eb
UNP/2015/page_16.pdf-1,UNP/2015,0,True,True,STRICT_FEATURE_ROW,True,KNOWN,unknown,PARSED,PARSED,PARSED,3aa92202c6b7a4a52abf6de5acd4cb50926bbcb5ad12d2704fad3f5472375765,58c5826672794588c08b70aabb9a13c319dc0b4fca5d1cb59290535e597d411c,dcaa286381648ccfff26177cdae12d2fda2799ed991357cae246c12067cc1428,7f572964a159f48041b10645121b6e6af059bcd85563d6f03baa27424e1c20a5,504332e36b2250fbab0d618374a66aa838291f8377b03e477684d4b17a7022cd,291b34e5aa88277f09fc3f1b2b407b300da6966601876522212e5afd65b1860a
IP/2005/page_83.pdf-1,IP/2005,2,True,True,STRICT_FEATURE_ROW,True,KNOWN,unknown,PARSED,PARSED,PARSED,72e2d8c4077ecb99bc9e15f28c8fa7f96f89e1153d82a28f7ee7abc5f9f54088,7d7d6964d18469ce1fe320afe5d2228675a2e7ad423f921ecde9fbc7a3b84035,0d00404c9ff77e380ce2e69ee1c90bdb4067a2b537f9114f52bf48974b109c86,72f56066659e276c91505271dc620cb1b4c23db97938250b721f81e74d165f00,efa220bbbf15082b97796afa4b0e6515158bb5b2dd1f8aea1419afd7cf17e525,690abd8be6bb750152deb511671fde7410488f0675069a3beb3bf57215ad06f0
MO/2016/page_76.pdf-3,MO/2016,4,True,False,NOT_IN_STRICT_FEATURE_ARCHIVE,False,UNKNOWN,unknown,STRUCTURED_SCHEMA_OR_NUMERIC_FAILURE,PARSED,PARSED,553c5a804035846c4a8de6162038371e93994f7ff7b82ac412d12673dc934f06,63f0c0d9a26f024b7a2e5d3a13b2440cfc62ebced85e247c182037dd207769a3,2efce4d4320a5b6765a4e2514cd625f1d4638b4ebaaba9d8e9000c49776461ff,dbe770e534b0cd95c2a785d1f9dd6c71b5437682b4073833a232146ea700b7f6,884416182bc9bc5e2b348db8baa6456ac9e09e4b781268abb7472462a4e8d694,5fb827891f8c9c39ba7103a3b80cd5ff4062b11129e0855775281494addbb622
UNP/2007/page_79.pdf-3,UNP/2007,1,True,True,STRICT_FEATURE_ROW,True,KNOWN,unknown,PARSED,PARSED,PARSED,b5f52c0c2298c120451c1befff3ac22a2264cc18d1a669857dc14471195cac21,b89d3f5c3c0175cbe732a7d932e69ca3294128a84719a37fbdbf4e7203d31f6d,45ee7dd015b10a279f68b754b8b0b86a137f21c32b58ae4fb430d7a0573d0da6,441aecbf10ab896a02d9f592bf6a6d7f50d69c5d3c12c861aadbf52cb130d90e,293abd4fdca51bce18caa24d363720e6a5800fb9252712d1be2a8cecb1582cad,a179129b9976822cd3f8701183cc2e4e65f96a1c6b68c11c5c2d5b738faa2723
PPG/2005/page_20.pdf-4,PPG/2005,4,True,True,STRICT_FEATURE_ROW,True,KNOWN,unknown,PARSED,PARSED,PARSED,eb316147b7922026fa1147b8051dd6de192be6af56cd95fa1f3d8b22424c1792,7f891fcbbeaff0bb105d5af508cc9c21a8f0ea2a95100f0694bd991bd4e990b9,eeac5518a39bd10926fd5b4245a639abb78e218be8f815fb65618346ecfb209b,fcd048cc56f53a6616007ac006599334bcb7cd5baf28c34c6c5c85029ce0cde2,878126d48cdb477675637b08118d95a2984f443ee15fdccbdebc4430f34ad4db,57f2032ed04ed4351cb71a3ea89e2f934ade4163c7f744056cc8c94c22981657
IP/2005/page_32.pdf-3,IP/2005,2,True,True,STRICT_FEATURE_ROW,True,KNOWN,unknown,PARSED,PARSED,PARSED,3c5869519ab780433ca0090545a95a606d970454c29bbc73bbd8c8847907ff41,f57c3ad5ba7056ed7497586a9b602a2fcbda2e5e5335fe1b8a183c93556cc36b,1f6334abc3007217aea218fce327fd87a9c1f5eb12c5bce67d1609c721b49c04,b5b2519af526ed1caf98b6cb74cee92ccbe411a09e1bd1a12663ea28e3fd6116,7c8911f7f72508c43ebc42beb08c665d2408cc49de7278cdd526873e33b2df74,436b1d5d52b46795505cf330c90fd831a060ece12434c23ff264c68542a0c5e9
LKQ/2018/page_102.pdf-4,LKQ/2018,4,True,True,STRICT_FEATURE_ROW,True,KNOWN,unknown,PARSED,PARSED,PARSED,13d3188ce0ac92abd161f71d36e20a0ca008274fb65973b4874374d151ed2371,90c9b8e7fb696285029bfc9dc71d49637fbd4cfbfba28e989fa8073ee3bbb3d2,8dcc82501640717ddf90da99e7403c413c2ea3200aa24cc13699e8bfaf829837,d5a1dee610f9a179afd8060b0b4a7b4d73a4e62979241c53e801ccd07e4a3522,a08cc0a65245545cccffcf1e992ef311d036aba7f3651a3d92e9b58df1d17092,e7baac13319a7d03e5952c9ca50050477197b2de40831f16f06cdb8563c637ad
UNP/2009/page_31.pdf-3,UNP/2009,2,True,True,STRICT_FEATURE_ROW,True,KNOWN,unknown,PARSED,PARSED,PARSED,c44f616bec81c9c4e02d0f93baafa7ec7ff452022104b5f7c02bbfa78bd95fbc,277672cdb844f78d7e3542e27f3c63b26b3327de426af4b720f0ed90eb134abb,34708f6f5d947b9ce23f29c684fd76d09ba1e6c5bcc68155c4817d4658effcb4,6cb09cf87f4efebafb147ee9f052a1bc35390ad81afcea0721eb257072891a7d,30e58e8679706b56bb1acc7b7070e10e6462dcf79a85457ff8e27aff61d957f4,2866c043f9657a99d1f108a43369486f3648c375bf26c290b46cb7c44618c547
BDX/2017/page_28.pdf-2,BDX/2017,0,True,True,STRICT_FEATURE_ROW,True,KNOWN,unknown,PARSED,PARSED,PARSED,079ae071411b9407d538e668b46c4eb11d401115412c12648e201fbd3e785445,f2b6d3464cdeada997d732e4a657f54f60821c3269d0405cad2f370a7c136cfe,1086e618dbaa00f01e7540f7cb42b67e0b37d06266633a9095bc3cc1d0ffed7c,660105924a9fcfeadec91b136f4bd76e79e1935624f223c2f0b6f7a0a19c2461,265d1e33b214723b5bb7ded05ebaee96abeee721f61d1abe57c9b3c3d015b27a,b14dd91b4dc232bbd35202cc01ae7bc5e6ae8203b642ba5d3dd498e1aed69293
UNP/2014/page_56.pdf-4,UNP/2014,2,True,True,STRICT_FEATURE_ROW,True,KNOWN,unknown,PARSED,PARSED,PARSED,c21ca3fe8c62c336ea3ab348f8bd8ffd3e1a73fc66e65f112ccd5cc08e6284b9,09295480d165c8f57b122a6606a60fc215ca4b4a2db13a9dbe99e4f94d3fe1de,6c54959db48ab1de26f6a2c7d895309094fad51c1d06a2da62febd8fd65d22e9,498307b23ab43f55da32488a6da87e10253e8d9e6380b13042dac261f917dbb0,c4d695eb61daeee770358110a226cd43de2f311ad3f332da08107f8d2996c72e,12e971c91924118760399ddda9a2abaa874e7d48b86d289d1a7e0e4b5914ba32
UNP/2018/page_50.pdf-3,UNP/2018,0,True,True,STRICT_FEATURE_ROW,True,KNOWN,unknown,PARSED,PARSED,PARSED,074b38b7489bdd5e713a79eda6703031c3e4c1bea566652e1a24ac7fad4de66f,b63815a0062eff130c28fd4c25c528bdb7c6db1a3dc865ed8b5f20186777aca3,feb7ea5b49f1763ee3879c9ddfb436f9cdef558325659f1daf607d4994d94ffc,a149026087d664e9ad5fb0a7f83b3e6d6ddd2a5875d1d9697c907b2e3e2b4f0f,44d6a028968e96c3e54cbe9bb5fc4f4a60de78278bc59de2cc4b3c9962c89e66,02502efafbed946bd89022c78a0a6afbd1a1052731d03b3f0b99c4e9b0936ceb
UNP/2009/page_25.pdf-4,UNP/2009,2,True,True,STRICT_FEATURE_ROW,True,KNOWN,unknown,PARSED,PARSED,PARSED,c31d685c341279c2cff3fa10118f22c437d84ec94c309c93aba31f0e2e0edce0,c6a1567f7f5b3b68dd481b8ee839f26b9055ad76ca8eb9494137184ccb59e268,7e2befbdd9986ee3d52c495d88c9c79aaeec03e3ac7aefd3bb754e2ec5f16eaf,c0b4f770a627430eaddae5bd6ad3bd8305f201bd4ba133f7da2e80f803b43be2,d758a1bd871e68a91cb7c430267b5dfa05b95eb5957c177c4632ff8101201a9b,ed8016842b22b8d7178468dca7bcb5b123a5086c22933953c608200bd21a01df
BLK/2016/page_75.pdf-4,BLK/2016,1,True,True,STRICT_FEATURE_ROW,True,KNOWN,unknown,PARSED,PARSED,PARSED,a1120ddc486e72662a3f17a5093f3d217a02aa0ac41177cdb81fb04851b367b6,5e73bb763cb87c5781a93ef77a97af8f2acb2036376f9b0b38c9905c3344bde5,c986de23d993c322c0b0afa65018ebbf9ec2af701fab621e511041de71735120,8fc17a15b3600d08b6a8b35f6e305508dd4512907ac701980306f4db37b86ab2,3ab6dcdd15239ae62c5fa18d3817ae21b35ea525317f25a38b63d96e6d9353e0,5a8e9a76460dec9e209089d496c51379f9ec9b7736a4586c594c0c1dab725279
PPG/2008/page_19.pdf-4,PPG/2008,3,True,True,STRICT_FEATURE_ROW,True,KNOWN,unknown,PARSED,PARSED,PARSED,471b2be5bb19ca0038be14f4b76468705e6150556fea99a9d65e862b247fae7a,aa53d339dc41608b4c86abe8cb2599f678094a2815c84c2fe7efca47a05ecf6d,27464162780b081f43e978f1335494ff35abd35fbb42c5475557706b1955c900,9cdcbbad9ca1c3413ea3cb371de04c25810b4a4129e2b7b1e1353ce09070d5bb,2509710f2fb5f8f16d66a5dd42ddf2ef6f1a2159766a9c28582ef1a05b17dea4,67a71484d511fcecfe908ec91704ea2331053ca3c958fdedecb55b07185b862a
UNP/2008/page_26.pdf-4,UNP/2008,0,True,True,STRICT_FEATURE_ROW,True,KNOWN,unknown,PARSED,PARSED,PARSED,b610e8b47562bf2c307ee2002a2a4e9662d223a71fba1ccbced170037e94ca07,d649293568a0f49ac2928da02e2b42b47df0c6de102b348d059d1fc122d49015,437591c399f51c6bfb07b3e388cfbbec3ef908efc2125495b85d624a010c51e9,220114cbc742fed19d9cf0dcc64316d4e26dabd2eaeb317bed730fb9e23af56b,b9c4b87042812b0ba2a063e2b9cca42fa3dfb9d5dd3b53e5594490d43fa6c584,31c1b262ed8c198ae9df76167d634cda3868e66bdc66bb3d0b6c1d1a51eda393
UNP/2011/page_56.pdf-4,UNP/2011,2,True,True,STRICT_FEATURE_ROW,True,KNOWN,unknown,PARSED,PARSED,PARSED,5d602c8354749b9d27105621ab47bd30907d7d83e0e1f03ec2cd28bd6d762ca5,5f88369d4248f5adc65ced6ebd14451e93e2481403be8be811136a8152f383a7,28ad4ea5a9c5aed02d90aa6915836a7f601930de16bc01cd1153a3171a0c26fd,37ae3ab127d7850cf068b18fc50f69b0ccdb7e21aee58e7bc45748027fb15229,d55b81e537751f6cc8bcd345e0bc18426ae73bc6fb756f83e20c08fd7068d761,29eca66faabcb2f03810737acddd225995dca9c598d338a4430646967029c905
UNP/2017/page_50.pdf-3,UNP/2017,1,True,True,STRICT_FEATURE_ROW,True,KNOWN,unknown,PARSED,PARSED,PARSED,17f0dec33badbf50c526c096ec4e447f9e6b1353ebea06059a909743d99ddb66,98e1611b84a9696f8f9df9b059ea3df434948e7b3d17302b9445e6624e95f638,4fa68772adbc8a73d21ef6d1f50651bd91b2009698bc53cb8e5f5b63362feced,371cbea9637773825ce52f07ba33e855a3ea002f1c900d9b952d1e7ef63bb30d,df6eb83ac73fed0c1de635d911e1a5ac3fa7de08969c74575616e962bd089719,ff85f37722d744e70ea503276ca65fdd1cccb4cef1885e9be934a26a2d4850dd
UNP/2016/page_24.pdf-2,UNP/2016,3,True,True,STRICT_FEATURE_ROW,True,KNOWN,unknown,PARSED,PARSED,PARSED,ed91afdd792bc04bb3d5c05e2f4f4bbd10149ee446a754a00555a978e196acfc,2eb4d412f978b35d59b759d37b541c2c1e273c71418cb699c7b1d3519cbeeed0,0ccc7b15bbfeb9e4e880aa571c64f2a11f02f433f68736e23b6924cf870c30f6,68aaf5dd4c587477dfdc58bb6f19ed5c2a094ba329f70d5904d204e357688d0f,082122b82e55fae36ecb46f94240382d6a3e059e7ecfd62de4b6ab252275058d,5b7e46bc9f3c8b1a439791a3e50a47776ec6ccedfbfb3d7b542d44ac0533547f
IP/2015/page_51.pdf-4,IP/2015,1,True,True,STRICT_FEATURE_ROW,True,KNOWN,unknown,PARSED,PARSED,PARSED,1662c3797127277405317aecf3dc90721561745c7617dd27fa79e84dc20ca08c,7e60fed83b01110d2db5478960ebaf95b13ec0b093a2ea6fad1cdefcf939f495,d94d3b34d4a68c6f009378f9cfe9f585068cc5550350a5f2b773d35052e3470a,d82c18967e47e6ae05312bec3138eb30730f39afcf649dc78d69d160a60f0782,0208079c695c7cca7533eb1efbe0fe6bcb1e28bf3f2117336f161db4cb9e4bf1,858f1946b9fd072cd6816f6ddd4840281154c9702108b021f9936375ccf73d47
UNP/2012/page_34.pdf-3,UNP/2012,4,True,True,STRICT_FEATURE_ROW,True,KNOWN,unknown,PARSED,PARSED,PARSED,776133ad5283827d4c24093c40f33f37031b858ad4260a07f8de359cba3cc1a0,8c343c437689722154a5b03f3288f14dd43fac72676810c8a625316a17acd273,8b20d1be397c6143c2c348cf82e0825049036df81304ff6cad0a83d39b717988,a4f3a8b2629642e6ad46c2ad1aaa982fe1ab5a33a8efc2cba9497a5fdb62dafd,821f5502414af9ff46f72489ce4cb9fb4957eeeef1f105f58c349664868d748e,f2ca7a919d4d9b1fb5658d4893679059ca842d32231c5c6c9bc73d9a54d1a773
UNP/2012/page_39.pdf-4,UNP/2012,4,True,True,STRICT_FEATURE_ROW,True,KNOWN,unknown,PARSED,PARSED,PARSED,f9b1a704fa8be83396000298cb72efef5a6e548f27504e509fb6ace55cb23ee2,4cb596494b68a5d7e0aa6ef3819510c28779e7f488f1e06df0187814d4d789de,65722dd5489b8e5c3a8528a33ab8458fe01280cb5dfa78b551c43b7a4c98b46d,ff0ab2afe19d508b8969f09103fc045157f7dfebe415d0da7203db3a5ac5be11,da2b631241f885298225058ceae46c5311a8519fa0b951565732376b769466b5,2d0e4be68f8074504f55f71844af469ed1c0992d050685f083ade3e9ea493b0f
UNP/2016/page_75.pdf-3,UNP/2016,3,True,True,STRICT_FEATURE_ROW,True,KNOWN,unknown,PARSED,PARSED,PARSED,2d626e2ddd729c473b613fe0f4cd7f82609e16d9d754d3648c17afc156e4be61,957046928faceb3e39546bd820bbd2f39d7ceec57bea9efbaacc85ecdef792fb,4c5e38488d005a11ae2303f1ecc78ce0af85833d62b513b6e006c2dc1eb9762e,929986404cbdfc4f7bc37eb43cf83a8ea2da48cf3bba2c99f5874e6c2ec5c1d1,aafc1e061cca66682942647c73ee149cb181969d08b46983a8a72c5988be67bd,456bc7c8944df5caaedfe05825ad0e06624852cfa10ba81e9ebff14fd33d99e7
UNP/2012/page_30.pdf-3,UNP/2012,4,True,True,STRICT_FEATURE_ROW,True,KNOWN,unknown,PARSED,PARSED,PARSED,9c8cc4849b67fad75f6aa0f37daecdc3ab8d264798a14b2ca0e1de6a3e66366d,4e0b6cdab4d43c106d752ae14451b313802d40810f7127b77a516d594dff4b7b,859d3d475e302187a79fe518efe625e526adbfd5fb7022d513f6e8719ef81db0,e0381f9d45caffca700b6875533a4379a0e6c7c4a40cca1c8a32329a72a3f1bb,e90df00b89a89b90037c165a26b0bd9cd9e9a3342a73160cb7e2312759f72054,fb3adb000126042f0b8fc67852375c244a5849d360d27bacc8e2392402adf7d2
BKR/2018/page_52.pdf-2,BKR/2018,3,True,True,STRICT_FEATURE_ROW,True,KNOWN,unknown,PARSED,PARSED,PARSED,ec5923cf1710e2aaf90f6b972f4f04f3f15dd6cb0ccb7a90c42466d65dce3b4c,028fae58659c6cca2f73bee8caec5893cca2c66c1d0b4a7be0fbce1e226f7b96,0f5cebef59ed34b2784dbb49399ce8a0493937c73f281fdf09f22fd85bb87300,a8bedbbd8694c0301eab7520d36b4ec33eb9999b96efb13e18d0d486bc6b4697,48a906aaf3736f792f1b5c06f4aae07d86658c7c4cde941b4fc8382c9b0ebaea,88e3573108f36d0b2a0a079579c13da11f6b6e2c0ba40392de365c491d79a6ae
LKQ/2009/page_66.pdf-4,LKQ/2009,2,True,True,STRICT_FEATURE_ROW,True,KNOWN,unknown,PARSED,PARSED,PARSED,738ed7ba622ad7a7c082908c8632bea0bc8d16dda8784e0465c386b81a9de53d,090722d6fc0c5af4f950aff306e0d65e0bcf53cdbabf3b569ba7bd5b5e0ee338,a1980dcf17370552d8b546924057583eb24883183a4ad85590525b107837410b,c539f290b05efc010d6b6e021f63b79b18c225f9aabac6d6c51750deedbe4156,2a86420491b491e08817c64a17212c1a63d50f153a5c450ab99407af1e42a6b2,91c75469d91c98f1e9bee6ecd8dfe115896639c543ddb7931565ceb051dbe0fa
EMN/2004/page_82.pdf-1,EMN/2004,0,True,True,STRICT_FEATURE_ROW,True,KNOWN,unknown,PARSED,PARSED,PARSED,21962c0082573c0de19e5d5258b9e9794c253acea72c4fb56ed1aaf8f9b151eb,88ea3ea6e1d5c85f3679264cbdee59bcfb143cdb5fd479ec66cc8a35ff89c54c,05fbadcf80997d7f9df0e5abeb2b384a03c0292aea969b429d699653b3504917,e4f8d0e637556f4f200dd1902dcd27cbe76a64b0c1c10d7e4a8c73951ce5dbe1,8af6799d3e2d296133e2ebeefa50ea4f13ad401ce94081d0ef910ea864a936ca,743f08e4aec95d37883d0f16601f08618dff978eb70b9889af56e69b07fa79db
VLO/2012/page_130.pdf-1,VLO/2012,3,True,True,STRICT_FEATURE_ROW,True,KNOWN,unknown,PARSED,PARSED,PARSED,1cc0fc8c6905fa0d36b21682fded571e47d7e0eb6e2c55db2706bbf3a9a0ebc8,4959c503ab47820855751b67114f3421a3c6928b1eadaf825f66ce9c576f2e32,0e0339b48b60523ca234d53208adcf8bc3daec0ed6a0314a786ca99451ec7c38,cb00756496e2793d34642624ff28b28e534fba47c6ce6fcdb8c92a7a41d4ea90,b898388a9a11e98d9efa36b79ac9fee849571d3cd9e27e6e724bb34443e5b361,9bbdae36728c8d8a3565a9c3e3f089ce94de7c58f12562fc14c2b1307d05bb78
UNP/2010/page_25.pdf-1,UNP/2010,3,True,True,STRICT_FEATURE_ROW,True,KNOWN,unknown,PARSED,PARSED,PARSED,6268fadfc5f649ae57d276baba2951e85480ae8e390ba2832cba66b156df2fcd,c1bef31d4bca03c28318e96b5e06b27eccf3a8943c594367e61da48ff768f5a4,2bac9ad67084c04fd8ea0b9321c78a3c18c2d9b23239e92033afacdd223aa987,ee054c6e39bc4d1b705701f1019e555f4b732bd081d7d1147848a3045f36a509,32179fe68c4845a901b9ae899663cb030eb3351289a7fb3d9316489a4d621447,62c876a3e6847af41ae6d6d0de42f4d1b64f20375b65173c09447bfd3413a931
APTV/2013/page_48.pdf-3,APTV/2013,3,True,True,STRICT_FEATURE_ROW,True,KNOWN,unknown,PARSED,PARSED,PARSED,bc59560cdfc34b6b39a0af9e674373fb48aed3a68c990746ebd061ea0a2fd53e,246b05ee2e32c105facb6f8cbf2b3382d051a5f0f64bc3694ccb15d76bf34dae,10aaf601da6fb5a3df36d35437529375e1ffc90ac7a221aaacda7170e853126c,f0565112a734eb437b32e312733eea0817bde748be90fc80cedfd3f14ffb4e67,4d7e5123a1bd9c078fe7e2f9fddd07d21be7b26f71502d4d24aeb0c9a6e20614,41017acd965dbc597691695db675674bc96bc756569f8d6c6173f655a1161438
UNP/2009/page_38.pdf-4,UNP/2009,2,True,True,STRICT_FEATURE_ROW,True,KNOWN,unknown,PARSED,PARSED,PARSED,235036147a5f9d4f5afd6880befb1aa8934481b687824fdf44c10a9b1e6bb3e6,4708878456c0bd804e92da7517dd47cccc9c6258966e020937ec76af5ea7d629,8dc1638c5e604be9d62f0a26932041dd13a24edcc8431b3aaad37ff3762515e5,fe27fd729501867177b7146b472ff47e2f0efd8b27486b67dc8a501d7321682e,e16836a94fde298a6d94beed34777d7aebaad28595012daa7af96d8b32c74155,de052c2dcda96bf9a2ca9350d3d51a8ffbf3ba2622d10c8b2efc36e08047ae5c
HOLX/2011/page_122.pdf-4,HOLX/2011,2,True,True,STRICT_FEATURE_ROW,True,KNOWN,unknown,PARSED,PARSED,PARSED,1df041e4f5c07c2ca1fdc30b3dd91019f27bd75db7ed8796738f94b75ce1c581,c98237f804d51f2c4a9d6137a4e40d5be247fdcd9ac2c4a3e0db055fea72840a,5495ac9fec45e5cc36e53aebf05b84425fb5dab5453bc0d19581a9ccd6e9524d,2af368ded43271ff8aeac8dcbf742a4a90e63e61ed8458c9e97e7dbb8a88d680,90b012c5011ded65230ef79de58d72058f3aa38e4c9a674bbcafbd3e5c7274e8,c45b1b3b0fc681be80fbe1cccc1be1bb4b021f1aa4d64adb42426e16f6b580a1
SNPS/2013/page_61.pdf-2,SNPS/2013,0,True,True,STRICT_FEATURE_ROW,True,KNOWN,unknown,PARSED,PARSED,PARSED,8a46e873d0185c9b52bee36e9dbaa089fbff4a0bedc428b711257c310398c7e5,64464950385e7698f88655082865e8bc5568f832ca709be0e90de06db9b78c94,4304edd352284504f3349003a6749e98479df7ed406d5554f2deaab5965c3b34,044305a3057d7e22fd9cd48e68eab3f927f6ad2c75daa40edb1ed3b61e64f337,6ccf1f06fa59b4da6163874d6089908c66fcfe24ba85468768ba691246238541,99490b1ca54eec769bb85da1bfb9983f3aae8d2847fabf0c296f19a000b98595
BLK/2016/page_35.pdf-4,BLK/2016,1,True,True,STRICT_FEATURE_ROW,True,KNOWN,unknown,PARSED,PARSED,PARSED,4eb5f71dee0cd306e034352482f2be4838274c3f26752c8d92231d7e12d88876,5fb02402da46254b65323dac7d079a35c78a56f862eb87cf46dac36f1040bd64,63e000293af04f703a6e0f4a51651829ea55bea7e37e3621cb3f6c2b88b77dd6,189e55976f794ba6e4a1d42d03278e86a9b9babb82cf570b8b54569c238494fa,a471e75b68292d818855ef6e183560e935c74c8951d9686ad24381846f119db2,d4eb65a8ec725af3b1de48d22a62a7070554a2194a04f1df104a9b19f37befa6
UNP/2009/page_61.pdf-4,UNP/2009,2,True,True,STRICT_FEATURE_ROW,True,KNOWN,unknown,PARSED,PARSED,PARSED,fb267edc8dcf99752157d572b90ee932ce9d4b5f9d43ff3884d3156523bbfedc,670ed9c7353f7f10fdb523a1d077abf83825edc4ee0b8e4eaeec094d3d91a195,9b2c0ca2fa824dde701fad156e181aed3b4c36e1575bd865cd51b2278fbed8f8,21face58d4dabbddf137df743e693fdce1ea8f10bcf773b237aefe965ffb39e4,248fe198fdab267926002eda4b3ff6d6d4be782bbda1cb42e9e6022dd8ffe953,72295e4515a38dd2d0e004211b982a1e558560ba77a2c1394383a0f96ae90a0b
UNP/2012/page_55.pdf-4,UNP/2012,4,True,True,STRICT_FEATURE_ROW,True,KNOWN,unknown,PARSED,PARSED,PARSED,c8bd2a97d12f0631c2d6e046a963ec1bbd8e93e5f46969a3689dfbfca34361ba,85aabf5ef371e0bce8b038e71e8d5450f124bea2b253b457e57627073ab89694,fb98b5042fdce23f8f6ec5865237d0c9079495ac3e9f6f14a47618b90e6e4078,317626f1ac0ff4e9b4a78a21b4f0687c9b6b591f5b119ca4f6a4611c15c3e26a,44f7209542694c7e5aeb6168d33e2486f5a3586dd1038adcb183314553db17d2,500b23b593b5ceab3a8cb7a19ef133108bf4eaedaeb2cdffa76fa1fb6cd83aae
UNP/2011/page_80.pdf-3,UNP/2011,2,True,True,STRICT_FEATURE_ROW,True,KNOWN,unknown,PARSED,PARSED,PARSED,f604072970e7909e2c649b3870d405e799bda766afdf83aabefaa488c3d476cb,a2def98952561912387f4cbb5f555de9c60b8a139529d75c6a6d30ad3d6bea72,5424a28f596424b7f72db4fb1cdf00df05f21f7f34c0ad7d15a07937c511eba8,30ade4f1233b314c24838142713835ec4ba5e8a33ef5e6c0db494a73ca788b8c,fac30718ba270b09327bdc635a4a5676461125ff9625a253a44811bda47bde91,92c6c5c06b802ee5b1b9ed11d5cb0c49e51708cd715a3bbb255f4f30d278721f
BLK/2017/page_35.pdf-4,BLK/2017,2,True,True,STRICT_FEATURE_ROW,True,KNOWN,unknown,PARSED,PARSED,PARSED,930ff0c673213a82a4b085a22652c6b825e449e7561b2fee5414fbe97935b799,9af900b7aaabf54d3633d1fbbb8ee16effd6ad0287474c7b116412ae99db08ee,35eac804316d90267dca21565acb4e30d4d7eb946096a5681991bfe34b371f51,852eb059af1f56a32ed3630715093e01c9d4f17dc5f6b1a7d6a3684df7c26241,4f26b57327f0db074d6cdeaf56f677ccc17071b506c2c7a5c724aacdaeadbfbd,f281085e7de7a7b268828c20f91fa123648c8a8d4b2e3187e2169caebf885cd9
UNP/2011/page_35.pdf-4,UNP/2011,2,True,True,STRICT_FEATURE_ROW,True,KNOWN,unknown,PARSED,PARSED,PARSED,7a544a2a196ec87fb6373a66e3e5c58e294eb82922bb6884470916be8046b2b3,f438934edf42df8e0a3deedc61868f7ff4b91dee4b3806ff54635022b2455609,e18620a14c5836a8103a801ef5300c81120f4b56c02caf1fcf5f6d7a63fd5f1a,05bbde2940d397edebb1e599fac022dc884009144ae3a5be218f9b1773c756b5,3eea1ecba55107fa22e898655ee0ee8361460f2d5ac21549233e9136a96d266c,6b552204f5739da9b9cce145723206759df15aa5194e6e9e5c935b59168b6da1
LKQ/2018/page_93.pdf-1,LKQ/2018,4,True,True,STRICT_FEATURE_ROW,True,KNOWN,unknown,PARSED,PARSED,PARSED,fff419ca9da4f66dde11fcf1f1f3d289e4dd0ea1bdb96b51702e9d0bd8441a90,f67b1354edc180388d48d5c8c24fadbd036b999252461ef99901d85786292ed6,b3e2e1c1743d0ee04dea7084120621756daf8ae775240d1ebf8217fc0e8b45e9,67e4bf937766020a260b99d2c2ffe2d80940e663960d43c80e24a067129460a7,49b2b11303ddf02a64b6c7f1a7afa39ec9ef09e86f4fdfe95d0b3024773df969,0ca7cdbb37e671e63add493461fed83a4f4052026a24c96b38b7e4e2c907cc63
IP/2014/page_71.pdf-4,IP/2014,4,True,True,STRICT_FEATURE_ROW,True,KNOWN,unknown,PARSED,PARSED,PARSED,29b56ecd4bfe09e83b3dc238e919ecdc55dca3bdfd54673b6a93b702b3b063fa,76a4542c67bb0d6f10bc2427d93a296b86bfb10ac98571c87190cbbd57a5eeb9,847575a3d53c94b2d4759144e1c1726c612905ead0e4ee277afc8e856e586ced,c0732386b601638a9040e19744d62bb45870b9fbc6c07878581fa8f5f12c8de5,cd4388be96bc44e40f1dacf138929cbec7d44e08fff9391a2b35307efda1f851,e8a0c2af986817e4098a538ac4c6a85f4b3d62ac95debf1e8f2cf32d21cdbb5e
IP/2015/page_83.pdf-1,IP/2015,1,True,True,STRICT_FEATURE_ROW,True,KNOWN,unknown,PARSED,PARSED,PARSED,1950b26f0bcbf5a2908df22602750481c6a8c38424086720dc87d3707302b352,7265fb034ed71f708ece6491bdaddf43329c9ad3284db546bb89290bf6c57bd8,9e153bbd76ff31e98be4c7a120013188958973d1227fb4332f65364df449b2a1,aaa98ec1dbe9cd0f4a6fa0966f709d2ab050c011da14fdbb087e61766c470a5e,bd89697dfcc8fa198295762553b8bd7e9bcb4143577944beb588f86302c312a1,84e104040b5591720c20212c1583d72762128a673152b164359524b2c9a8c322
PPG/2018/page_61.pdf-3,PPG/2018,0,True,True,STRICT_FEATURE_ROW,True,KNOWN,unknown,PARSED,PARSED,PARSED,e3715bf18ef4d4d224237d0f51cb9c51056fc06d811dbf620cde9481c8df6934,46945fd2653493f03bc8a7c8f73ff499746253a349f117b9fc8c27d0c2cdee39,ca8b96d95b94e7d64e610adfc01851cbc3eb48e99831866927806017d75a6bbd,c7db48ad0de45f488dc6b42bf884fc9b79aea2657b93655a0ea0bdf6fdd762ec,5c41c87063043c6e96acca15da947164487b6ec35b32bb795251917fc7d1fefc,cd5e905cba3662d7323d76eedefc0a70bc4ef34ef4b2d954ad1fc318081e1170
BLK/2012/page_32.pdf-4,BLK/2012,2,True,True,STRICT_FEATURE_ROW,True,KNOWN,unknown,PARSED,PARSED,PARSED,f587d00be92092ece0e8fe00730750cbd97bdb79de30bca32b13e831d025d298,c706f860822cb4431ba982fd961b62e4fa86fa45c1f95a173c170693fb68e6ba,c8753f92ad6872cc0f0d0f0d2465fda648b977ae128ed60d1ab3bf8aa0db3c43,3b601b1077a2e92362cf9f26b070c19768775fa3e37a4fdfe69cb53df612587a,7abbd86078ee77f031a8ff134f8b93911543b624dcaf5db0f494794baaff2007,c9f52e7d29fe06f32f96eb828fe6de1df096ccd41f3972e73fb5ddaa09f1251c
PPG/2018/page_60.pdf-4,PPG/2018,0,True,True,STRICT_FEATURE_ROW,True,KNOWN,unknown,PARSED,PARSED,PARSED,722aeb6d3931e831c3953a5f3be97c8120979bf6020d2a38736b6f1a1922dbbf,0f40b444b7484355784058d2a97637a9737fe52fd57de42c87d64c289d45af55,7153e413b876fbde811397fecaba0b7baa81c687a05c90a4de2a6543622b6895,ec224273a5ec37c94ff272d7f8d547f7396463fe630c7430496ea63fd345ae58,b7d37f346a8008d58484b3779d557e852b27af4e38b28df08d69cf3a99f3fa76,1fac66c2d96a4626d9de85ea079dc2e1fc8d16f9a14a5e9a8ee68a99cdf1cf84
CMCSA/2015/page_158.pdf-1,CMCSA/2015,1,True,True,STRICT_FEATURE_ROW,True,KNOWN,unknown,PARSED,PARSED,PARSED,8d4f10dcd19e2e9e89149528f21f1883d3e24df3a53c9dbd6be3623d6f0d76d7,ac9c283af7909888b59335657f6cc43007a429ed4bb9156c9e1e4ea2de56ba76,175d38a1071905c58941f80f7ac354ec5e8b19b1392fd7543f01cf9ed8d6a457,7f132235bc07f234ad0c598ef2129b13b89b8bbb0df8277e594e89bd1ddd48a1,eb0ebd072fa4a12dd63a2ddb3b0ce724a953c78eff56ca7b7497956aef2c0695,e9193566c667797366e88ab5ab4abe2d69018436c1c4b763a5832895e29cc92f
UNP/2012/page_23.pdf-4,UNP/2012,4,True,True,STRICT_FEATURE_ROW,True,KNOWN,unknown,PARSED,PARSED,PARSED,36e9a9bdcd48dc21ac724c6fa2b9069057ca36f856a832fb13bf513944ec6cc7,b0ae0d4e03c079fe14a80239f6b965f38e03c49d34f9a3cc2d1d6825195dfdd9,1743c4e2f9c8c4f79f2fca9a8270330c9d163070890be79baa1094c26b1d1cdf,43429284b8729ad942da9c3fedca773fb3f6081c0be98930c676dc3bd0e19434,1b665f097d3a6f905111f2f7e78dac2a7a7d0e328713047d64d9d65ad01aecdf,6cf791a01446067fa4b86bd152eae01d9aa1d43ae0793363ba34c9f823d503e7
IP/2015/page_82.pdf-1,IP/2015,1,True,True,STRICT_FEATURE_ROW,True,KNOWN,unknown,PARSED,PARSED,PARSED,23405033f72a5f2e7b30100164cc14946785a7a25469e11b3c1a0eec123ce35b,255cf384fd0b27a3e6b7c65239ee1b79022edec79ac8cba616e07c6f6a4017b4,958e74ebd324a17adbc3752d32dbe9441c3117c4188461b56ca853e67bd39d5d,a41220a81f9e4a9f987358750d6092ae94abbdd990da5f2dadf908dd652f8407,6f6a9939898d5264184ab9eeffe4cc9c42f22c94efd0f54713f5d5dd33e38288,d71fad34b623a04cc3973a54ce66ed444e9002f432ce03c1a3aba00b9ff366ef
UNP/2014/page_16.pdf-4,UNP/2014,2,True,True,STRICT_FEATURE_ROW,True,KNOWN,unknown,PARSED,PARSED,PARSED,4e7c796f0b59da4d57074977d519c8724616ae34450b40bcf2a18d410d8ab6cb,50d965ad3094b47e205a66cadb969e6e7c6f30d7ca488565e4d351735d99f474,55229ad0ae81b4f8dc493638e176eed3140fca8b91a71d301c54d01468b50e81,9f83a528b67b6800eacde32ba347dc3aa00167beb1ab739098ff62ea0ad40021,f4cecfe9008ad877c51682d5c5108e6aab92abab75b26b53fcae944742099ce1,54d84e42b6bc8f082cbde11fa63731371e1c0b41bf4aa7a690f2ea83546993b0
SNPS/2006/page_67.pdf-4,SNPS/2006,0,True,True,STRICT_FEATURE_ROW,True,KNOWN,unknown,PARSED,PARSED,PARSED,e0c15210214366674ed35df7088aa484224b839f2f488ce47b7530fa527d17b3,544f9646373edd2f81b09d9a98a1d4cd7eaec7941035fd7cbc99799dca99f2ae,0e927f41039ad394e05948faa6f014ee6262ca7f5989785b3379cb04d4f2c54d,89925a61274dd03d0a132500919a0fe7b47b94f94eda68ec881754c7dcafe190,bf294ad7ca0e6e1854b038ad75437234a20ae4da4aeb38f43fef2e3949eb6c90,c15b37ec06e6774f9fb10bec8ec8827c23cbc6cbfd9423ae16cf07a4819e0520
MO/2017/page_10.pdf-4,MO/2017,3,True,True,STRICT_FEATURE_ROW,True,KNOWN,unknown,PARSED,PARSED,PARSED,9737b3f8ae2d09dce7232ecaa65846c46879c47ef16e0330b9cb887d34f6b6e5,0b466687e40febcf79a4ac59a85350155bf34716cd512dd714446916875c5d7a,746f36812ce5fe1e4dff5df59fdd1a7f0b30a2c3a9c35245ffe858949c3f0bd9,2a71618a724ffaf1ea92303e60cfd645eaeb5ce6bfdb189f5b875ac9fda35d22,18b3f47f1b53a949b06168ede1a9bd4cebabaade1795d50773755c5fef15b034,28b613eb365a9227f10afc8a33370ca229236a1e43d33b4b3b66b1f5580a2a07
UNP/2016/page_24.pdf-3,UNP/2016,3,True,True,STRICT_FEATURE_ROW,True,KNOWN,unknown,PARSED,PARSED,PARSED,671c079922a25f13ce63dc183c3115f464d0adb1e342634c27daf6858c9d52cd,155297fa41f331ea26493809546aa41be431fdeb228d8840b231c4eea4bf370d,f59a4c0b55f68ea847d339f2679b671eea55e2238dc434f806df888596173708,8fadb21104e4ff1f51443d0289f19bf6ade6f733a9766a1a332d244e8ea91b84,b016fce811b53f1f1d3685ff1da4258bf926a27fb7db358451ce0b569f603920,0602f38e2deffbacfa4b5d7dfefa25dee98a0dbdb04c99c64ab31eb6fb3a014e
IP/2007/page_19.pdf-1,IP/2007,1,True,True,STRICT_FEATURE_ROW,True,KNOWN,unknown,PARSED,PARSED,PARSED,9c13e4d9055a9fcde21a086a18010ae2f38e0bbad8246dffdca559ab974642d6,490b444bd8e09a8dee5beeffca6a12c8de988d9a894e881292d428860b76eec9,856f27b54b36ef8d148b07a23a3fe137a928a12efc3a4af7a62e15fdea3d88a3,d6efb136202260916093b06ad1487c22ac9b8ab15de26ea255a3d4195902d60e,e75255e4ae7671e4a7970ba675bff99568a21f1c5bd9848099be01c9ac794d18,e1e705c55ea3ef7906b924346d1cc8d9cc19282c68cf8ce51ae8891db988e85e
KIM/2006/page_67.pdf-3,KIM/2006,1,True,True,STRICT_FEATURE_ROW,True,KNOWN,unknown,PARSED,PARSED,PARSED,96a09d738dd3654c245f99b91fb4a76a23dc32320f52daf7461710dd7ed17165,375508dbd46d067a60e13c6d00259c8417c764e2069ca61844fb19bd2162adaf,2d0109a1844067c564026463b3e247ba55b5ce4e0f39429ca24b70b0f5869c2d,965ef32f208a6263397251d4ca424bee3a5b589d9fa8bec6e61dffe4f47c3f26,6365ce42f5966ccc355e311afa901121b5b9ed125124b7d0e55077dc1a3b72d0,55939a2e91b15b9b4989b4ca4c6d6108a0760abac83666a5aa9d0382bf7bcfa6
UNP/2015/page_14.pdf-1,UNP/2015,0,True,True,STRICT_FEATURE_ROW,True,KNOWN,unknown,PARSED,PARSED,PARSED,e992565881a9e43221a7ffeb472a3ce38449680c18f346b6f7430830f81b5b95,b291b6fa8b746b2adba528f8abe718d234a388d4653d6069d7857caa8a4d6627,eb7c0de9802f3d51ff014f55405263a88b6f81a4279339a40aac941aceef8802,e30687a2495c8c02b9ba8210d26f13c8c6e6e3246bd0d8b296fc0fbf316d9803,5914abbe2b1fb39e1b4e8959dfd10c8482e1b6b31560b25483dcc2c2c3b4988b,3df26b32515d24803e4b3bede8d7af440f2fd433555b9967559d5a91d88d62e4
IP/2014/page_104.pdf-2,IP/2014,4,True,True,STRICT_FEATURE_ROW,True,KNOWN,unknown,PARSED,PARSED,PARSED,58b8821f8f77e6205e42d9f44c7a5c26cefae5a0e01811fe991d9e2544c32076,18dfd9cb09e4460e4605b02fd113f6b5a0d758b0f7963355a9135ab7a18cacb0,3d1cc5200b91229d2c5c5473108cb7847f733a5ffedfc0cbdec92db21e6abc20,1204c805080f605b495c57ee13c76c21eefeb4a4383f6cda09db4c6ce4039260,3a5bc7a89d463d6f93f9dd61fba1c10a5e12b1d519f3e43141dafe63d39be4e1,64394d0813e543b19d4e1bffee0e02b83694371bbe849917889818b22a5cc326
CMCSA/2004/page_30.pdf-4,CMCSA/2004,3,True,True,STRICT_FEATURE_ROW,True,KNOWN,unknown,PARSED,PARSED,PARSED,37a2070f83cd50da2b333e3acadd8caebaf76852d724c32ee8cb79feca55cfb2,f7f42eccdb9304a16eb81d54c13cabc0f09ecc7b58d87375d23af74bf7c3caae,8d99a3400b9ade9624133e75878f9d5c1b397e114788b0f68ef59a04b564e4d6,d58378f4a62a23f6eb204f5662e0228fc352d90b9bac8185a28f03f50f7d3000,211410c277011f585351603e07d7c75626bb83535fda3e56826c8975fdf2e9da,e0087f1aaee1d1a6e5c9bdecbe6438d43871a73527c8c904b87a7f7621a9ebae
KIM/2009/page_25.pdf-3,KIM/2009,0,True,True,STRICT_FEATURE_ROW,True,KNOWN,unknown,PARSED,PARSED,PARSED,3363752913250d59419e2d1c503c57547fd84e52baa717600cad6e638f28fbb9,d66010b897021fd8ce05beaa91d64b69217050dda7131d648fac0211a79ecbeb,1ea414ef62405beecb5a2aef36d2c9b0b78339fce13cbe4d7f93651538a733dd,a3bebe01415cc9ed5260fa8892351bb940a2e5993b04d4da63737579e6465166,d2f59317a39ab723847372926c1345e8ce9d3312e32d2e1861f882169f0566d7,5cbd288cfafdc9d73ff6a70462478e54d94944663bc01be61b0d89e7d784b2d1
IP/2018/page_45.pdf-2,IP/2018,0,True,True,STRICT_FEATURE_ROW,True,KNOWN,unknown,PARSED,PARSED,PARSED,3a445198b9ec8f3e42553309bdd71c63028f2c6c172e81e214541f2bfb415a66,26b4c09b04c28f0ef7a5f1e6b2afad92eee1dacb007722ec489e609d2742ac36,6674384cfb838223e0aae1bc45c4463d9d13ee26fccffe0a4fe1e7ebddbcbeef,9cef2ac453cf099057d8035bacc07cd6d8876ac4126baa1c5663c347ff63f9d6,3a7d47a18c6de95afcc77fe84ad32138f0e8a28e0e2943011884c688255da909,d1ea0d048ce5e84d1e71b5cfb79ebf7b8453b6f64951968195f59988ec7fd156
UNP/2014/page_80.pdf-3,UNP/2014,2,True,True,STRICT_FEATURE_ROW,True,KNOWN,unknown,PARSED,PARSED,PARSED,c1d559a9fb5783a44fa441f8cccb8d76cea2fec2f6fb7939618390d216650911,f58293ed36dd36be7e3a1c26c782c19f79c030d1afb6a878fc482625d2ad5b8c,69ae4de1b9d8ce83bfbaec35dcbd7fb2416ee817b6ea045020b5407037e809f9,4e6c7e1e50c15167633b3255557e6d5d34bb29cd71762722a96ae1d69e6fbb94,d851181a385581f7a0f268558cb0248fb4fec13374da78d2edd4b283821e259e,900762f7a64f79294a625b7b79e17beb1fe8b33c6482534bf090450bb4d615bd
BKR/2017/page_49.pdf-1,BKR/2017,4,True,True,STRICT_FEATURE_ROW,True,KNOWN,unknown,PARSED,PARSED,PARSED,d413168c81630c7b61509809ff568748a55509606d94079491ca30c8c28f21f0,b6592958a5f131c7c2a8c3d494f925a62d2e73f2ecfc48ec61eebf54d190d906,0a7ac39be90f3e8c77b10355b435b3aeef4603a78a986d068006d172b81535b1,8d54be08a8db78cca965994f3bc7ee864cca3437c3a4c39a331e9e8298855e45,55d9bd3234bdcb959b9b622f4630af85c402baa0310f4518ae53db2db8609c0b,7d201e64d4f0e17e5bad16515c6b35ef212a5302ab2c46a40bb45f7a2d39c437
PPG/2018/page_20.pdf-1,PPG/2018,0,True,True,STRICT_FEATURE_ROW,True,KNOWN,unknown,PARSED,PARSED,PARSED,14d8504ca951e86234339357c4632008e294cf50a0b75ba0902e4a30b4c8f9d4,8c0020fee25df70004e49b18f0bcac7c3981533e5b410883aad8e6d0ac3ffa80,3f60934fa533eba64cf19abaabbd340256e15b0dc842ca90645ec545eb5b5125,1e066f28a525275e37705dcc0522e71f61ab235fbeb90a4e24550c2e7a15a020,560422933c3320f26086390249b2ba0059dd0b9e33a9ba4c038bcfa7910c263a,02b5251a62f830f2c4f6d9906f7b61c3580e6c82a4960d62fddb2e0949ea8811
UNP/2008/page_59.pdf-4,UNP/2008,0,True,True,STRICT_FEATURE_ROW,True,KNOWN,unknown,PARSED,PARSED,PARSED,0fa965be958555c5bd48f862b52af88975670822c7d4fa8deea0e8b1aaf11f0d,d9036f11f38eed2b0be5c88290bf983f340b5787a24616b43859ba4c88244274,1de478b2bac97e943badb93a33c25f347a85f0fd2ad614eebff02ce1daea457f,76a0b825bb44fa340f86c1343882ef93a06693fcef25bfa60a71e6d6ba85baa5,a280dbb8dcfa2b0fa67b5714c2fc637bc8a96af643fe95768aa7481c840baa38,fce7220ab38243c3e164acbc5d0fcd984c6a74a17639868396f2c9197b350e4f
PPG/2016/page_42.pdf-3,PPG/2016,3,True,True,STRICT_FEATURE_ROW,True,KNOWN,unknown,PARSED,PARSED,PARSED,f503af3d1d39c7b579c473341ae1edfdc0310134fe66acabacf5fee4055d68d2,2d084cbe84c6198217201f344766e8ecde22c27a9ea58e7edb1dc0fb23957b4f,dd13c138678b6b3e6bf7f97048aec6e6a250e88f425e813565117ac51f1763b6,34eb75186bb3679d0c3dc5d0f918e7c3caa779b6982730fbc468a22104d2e2df,acc95b1327137e50fb959f42887d761939c9d2cb391d7085cf04306a6b19209d,be058cbf3ba8c9c318f21dfbfa8560f0868a6c172c4ddbefab176fed4155070c
UNP/2013/page_14.pdf-3,UNP/2013,3,True,True,STRICT_FEATURE_ROW,True,KNOWN,unknown,PARSED,PARSED,PARSED,f08439eaf4954964b6087b95bca731717fee6a80ba66d2b9fd8d8b963551e20f,cc113e7db3b0791d4814ccabda39ec288621cb95d53fc24a91d569afbf98a329,72a7e79423fdfeff9423157e2043cccc1dd2dede414426b85f560bcf69e86247,6555b340ecfebb26cfea21151d36a7dfad25bf1b400c6d518f161ddb769ece58,4599128e65006eb8318f99159a81099dffda8f2cc152dc0493618e56649268a3,c5dfdb33d369e8bc71f6a5ec7191ae4dc70fee126e1f2e0656bdbeee3f6b4c34
UNP/2011/page_80.pdf-4,UNP/2011,2,True,True,STRICT_FEATURE_ROW,True,KNOWN,unknown,PARSED,PARSED,PARSED,a574aefa1bc746c649b68239929988ab9f2b95348d229feafd3c38b0a822381b,a7abc4e9e620adbcb13353c817dbbc686ae1230f348056cef287648f90e4e85d,6eab89eecd5794e7589f30918dd4caeca850d3af95b482ac6d06b8e607a32066,bb7492264478b702c8097cead16e04599023bf81e6a960ba8ef3511a607450de,eac94a1a4b27f67c8dc0dbcc5b47c8697290b1967cafca89bb2e2b7961a4c044,15c22dc088edbe322ee49740cb084a440e3c48bea6ae819844659cc456aeda07
UNP/2012/page_30.pdf-4,UNP/2012,4,True,True,STRICT_FEATURE_ROW,True,KNOWN,unknown,PARSED,PARSED,PARSED,4dfa047a2bd7834a99bd79f284e6317f879198d7f8b79ab1d29472c3f1063aad,8bba94546dcb9c572703d600da74dfcbe69377b9c15bdac599686decffe681ad,b11c6c814c58ca6c75545b7fbca0db8da469a4d64a30b8700ef7097a58570630,76cf62ede604f17370087d95e3c66ce9b5c15365dff2188473310abe3387a4b2,ec4eeaefc7ac2367c5026739803cc262c6b4cb8c77271cf2027d61b6657f5341,21e807d7799557955877808aa8bfd6a3e8e4759879ea34225e8f5d926c3ffcf8
ABMD/2015/page_53.pdf-3,ABMD/2015,3,True,True,STRICT_FEATURE_ROW,True,KNOWN,unknown,PARSED,PARSED,PARSED,03ec58b937fec09009086def19db1317fd28c3ece475a77ee288a5dccaa9113a,5e0512640b8b3a934aab41c943b0d83572d09aa2dd370d88eb029206361ac30c,390ffb1a09c1c0a86eb5643f6a12dccc6505fb02731979fb2e99afbd1e1eb1ed,fc140c9e35dbd26838a2bfbb30ab0365c357f96de40475e38621f388e8ee1d7f,90d6a683dcbe920e8fcf4d829cfe143fde8f6f45a6b165dae8d0bd1a58e1f4eb,d743716320be6f8c1f5f06b2f90505ce44ea1613ea35e0f67c19370c9b54bcc9
VLO/2012/page_129.pdf-1,VLO/2012,3,True,True,STRICT_FEATURE_ROW,True,KNOWN,unknown,PARSED,PARSED,PARSED,148cf7fb7a2d92fea993f95a18c81df569537cd4df1044b3cdb4a1bc3c060bf3,4a09553a915478b3d706cd00dd546fa3be6a8afd315d17ce405dff71c3791b3c,ae921fe5c085b729dd20bb73ac587276ba4f4cf5c233516a31bc93099a97ffee,802a4941ea803b0dfe9d5b32f2a0867d050ba01a7c9f032e736d114348b370df,984a90a534ecd22c892ec7f81d86d66f90faf9ed985cef032ec7d27304f38c60,3cf64c7a26a48c4b6ea0fc999430189e486c350b2584f7b402ddf1c0f414fda6
LKQ/2016/page_48.pdf-4,LKQ/2016,0,True,True,STRICT_FEATURE_ROW,True,KNOWN,unknown,PARSED,PARSED,PARSED,2d988a26a33870f222f57412ab0f6f018babba6f1675898a4bf0575bb7b8767a,998d77e2087c417c905e5d7fb5612431c20085fbe39a5dbd8150a5b43f6fa374,8c7b60c0af4922e6653569442d372e92797406a422c39b0df10b771c3d333934,4191d4cbed5493e2d69030c624e32d1d7e29b67aded94ccff606558861f35673,284d4350c8dca65757430ea38d24fd8a49a47228a995cb3fe1b2c0617ffd2c04,d4be9dace83524574ac30ce95c144a8a8061f6a19254284456307e5a4ca31ef1
UNP/2015/page_14.pdf-2,UNP/2015,0,True,True,STRICT_FEATURE_ROW,True,KNOWN,unknown,PARSED,PARSED,PARSED,4c2ccc6af61cac3719af4f0651d815d2286b4b984a682950898a7953d13fbcff,1f84624d27c56cab7d4fb419de61101deb353608d80e2fa644da6618636406a3,93a300d4379e60a36cb48d07a4f32510537bba068711f7bee71a9c696d74e45a,564b9b23bbf05a61b3d9411a3ba9d8193493b1967d1fed995066fee152f4c82f,a21d4ea552ba65a189ea2cdd9657cf49f2f49a47d8fb486e4968fc0f2e6840db,15220a6cb7c33cc16d678e2e1d62374f6303ec96325b2d65d417cb81156a7953
AAP/2016/page_26.pdf-3,AAP/2016,1,True,True,STRICT_FEATURE_ROW,True,KNOWN,unknown,PARSED,PARSED,PARSED,406938613460ed93cc99aa7182fd7df9898aa8c9ca6be88c0cf8f18bde327cc6,e636d14659341bf6937a36a191d0e9bad1a53d39f5805b75be728cb39829c18a,bc25ec4db722fed2f9ec987a899e089a02b34cdc564afa58c37bc72fabfa05e4,83ae473cc3bae4378c3fab26f2a9b60a358ba4346b2d2d71c84a55d16ab2c086,7deeda58737418db8b40a92f0333d7d9366014261f693840b07ac757490d1f61,ee0c8d2af000fe2c7e570d3d2a5c8aab462103ca9493748d840070883cf9935b
UNP/2017/page_50.pdf-4,UNP/2017,1,True,True,STRICT_FEATURE_ROW,True,KNOWN,unknown,PARSED,PARSED,PARSED,33b073e1f13e25a7e02237af28cbcb86c717d197b2be1a3f23d2c5a0bb629a05,19ad7d7bbe407e59a7578368ff8bdcf0e2fd291a59722611495f45459c7dca8e,66ffeea5381d78df54a1e46d967c70138166ca844d58e98f4f5b38ccb027dc46,8ed595142f2c0c59712f96fa0072508c922b996bd2042d3b2e5ed6d4a8809926,95663a288fde913897dbecc05bf5a333a6e7b48f2a88b5a8ac17b5b579bdb3fd,71453314e78d10f3702215080c4a61f46b4dfd751d897548f1af2b8dcd132e28
UNP/2015/page_16.pdf-2,UNP/2015,0,True,True,STRICT_FEATURE_ROW,True,KNOWN,unknown,PARSED,PARSED,PARSED,1211479051e709e15aed956783561f4dff82bcbfdc2804d0d9cf7467c5b45e64,a52184b8871b4d69f9aa2e38338cb53a22cd83f88a3f3a2124328fa446b27c7a,9248ab847f2d46089f41b04c819a78442f0c6f5743648cd3a776646564e21b7c,31bd9964963b00c5846b2dbd19ba90a050f490d452017800c98a1eac31850518,f40442db7abf71bfe900c6b6b745cc5b9a5ab7bb6ea7175d44c90cce1a6bc6cc,afda2d4f6d2c93283a3efe454320bb6a37cf33daa2eb0edca61128a88f2bb220
ABMD/2015/page_53.pdf-4,ABMD/2015,3,True,True,STRICT_FEATURE_ROW,True,KNOWN,unknown,PARSED,PARSED,PARSED,c8147a73d185aeb00f8c8c08b84677ee6ac881a01ad4f7e082ab9da69d3cd82d,c47cd5bc21e3fcf4b6b265ab89dfa6d5e83309b344cd28f5ace4c1f0dc150535,60e1eb26e9dd41fd3a029f2766814b694c1e314b7aa0946b91403acab9f0d068,ca49f71a52c782ca15a8fa1ba938f84fff78ac914893500a9eea6f0d4d4a0565,28175c05a34f128ee513d5b9dd42b31d73947bef9e31633d7906adc84a9de218,98a7373c1dcbab93df4fbba81967f53ad517a5a029ddd378fcc222918fe136d3
UNP/2009/page_89.pdf-4,UNP/2009,2,True,True,STRICT_FEATURE_ROW,True,KNOWN,unknown,PARSED,PARSED,PARSED,0f739229c7e35d9f74cdecc6c9daee57075d2c43b700fe40848fe1f5b23d6f75,d7dda72f0ab829ee516c212db2330ac8bdf543b9b1dbc2def3de71f6a8d10609,8178a289c6c4cb9afd51c11c3bb891573af585fc183c9988d43b77d9c1734946,6a22d91fbba37461f91aa2a212a7c6733718ad57a43fa003c413d76fbe20199a,6b2776bf1575f67803c6acb5c0bbcb94ee8231d9fb72881e988f50355ea00ba2,f410fe3e1b483dc1072f7aa6b845076a4017863874690b2b60648e5bdae99a7e
MO/2014/page_11.pdf-4,MO/2014,4,True,True,STRICT_FEATURE_ROW,True,KNOWN,unknown,PARSED,PARSED,PARSED,f0ee744fb50e42f973c0ac94536e4fcde463f09d30a6330904c82dcbfe380572,47096ccdab61e9c579d5b317c254e2009f0599a4936b35aaca90617f100986c1,14d7013024550c94156718488f54eaf63636baba745c09826dbfb9969626743a,83e3a705cf35eec4bc473c140696e735ed40340da967336dc6e2cc0154bf7b50,316ec9e950753740e3c17d5a22ad5e6925bdccc5fe952b413235aace5490627f,b25fa422c97841ed7a68149956d2e1ac8a79c3b86a4ab23d653d737fe8525a99
PPG/2018/page_54.pdf-4,PPG/2018,0,True,True,STRICT_FEATURE_ROW,True,KNOWN,unknown,PARSED,PARSED,PARSED,1b7d40e0ad623ff2bf5c2da899dec43842477c1eafa78b387c709162de12f889,b31e4c493fca57dff6649cb02a6cca77b1ce2094accf932245815b0a14920f56,0b9a6ef41d14ec6c51906ebfa9766b8f6fcf460b8870230bb5865197d24c11c2,d3445bb910f9df0fb87e3a135d1b1e9e30433c0caf1ffc1135298ebd4a7978a5,f8b0826dd660c912347d22656a9303c272b835502b750cc9e42c1d5576db9016,24afe60126f8037174a69e43dfe797cdea1d19058c178c439641edffc219a178
UNP/2012/page_74.pdf-2,UNP/2012,4,True,True,STRICT_FEATURE_ROW,True,KNOWN,unknown,PARSED,PARSED,PARSED,5c45699591b03f3cb996354f303669eb76f6d6c33e3b0e365a46e17a1e7346d2,8b86581825aa42baf15d6c8b2089ccfeb90b93e63b1481a8d69029dc89ae756c,0d1294bbea49a59b9de112ef70c40a365b5c74db3a1f9ce8a1e6194c4e737679,775ad595b221550d74fe3bb989a1c9dcf1f8546da564f90d7fc1ad36aa802d12,366dd60dd208ae09933c927745286c8a6b11c5cd202c90937fb2c781758496a6,90c50ba93ba943ad87abff789257b46aafcc02ff3e61469c501aeeeba88c120e
CMCSA/2015/page_100.pdf-1,CMCSA/2015,1,True,True,STRICT_FEATURE_ROW,True,KNOWN,unknown,PARSED,PARSED,PARSED,efbbe1eaf651e7fcd0f78a99f61f5da2a417c4c424747b36c228274de89326d0,4529df02145f907a97998644e9d13b91661af41a72304cf756854c1d61ef595e,e462382feb1943a23bf1eaa9e8812b740090dbca534ef783937f399318f52795,3aab6da8b1d3e75054a2d42d0b2df528b2e80c91740e417efc3426876bcf3f89,cb7268989883385e8f62072545de33ddf6b34409f58d9523f2ff013d136ecc2c,7227b8e5283499d218ccb602386c78db6e9e24a9b05136b67146c39b3b34520e
PPG/2013/page_54.pdf-4,PPG/2013,0,True,True,STRICT_FEATURE_ROW,True,KNOWN,unknown,PARSED,PARSED,PARSED,8e2c271df3b1c51965d614baa29ccd0c67b03e740e7fa0f45d6620cf49987023,1da25d30ceef35a653a0f43efa2ae7b6643a1abd9688c7af413ee0604abb17f0,8a42b251b24ffad04f1861280ba6f7b478024110ae48770030c7f3ba9ebc9b33,56943ab0a17fcaa5e1565833230f87a4d85e9ba0565303744e5c67714b3edbde,49bbb21a402381f042a5ae21ef2c4a2980e3229fbe16e19720793d29b4ddaf12,90ddf228a5c09d0943af8c6db650d4673afc7dca1e1b66ac69ae1a261e9eb93f
UNP/2017/page_74.pdf-4,UNP/2017,1,True,True,STRICT_FEATURE_ROW,True,KNOWN,unknown,PARSED,PARSED,PARSED,6d14b9336682993c6042639d3002cc3284178be5db16ed1630c76cb116dd112a,8e1a97246ea461b21663042d7d94ed786d9aa866258f558b3761bad1a2ee04e6,0abc969329868eb74804b4431004485b742b083b77209b3a3df346872c919846,b552be47d573bb87c14cef5c93ed9b283a2a18defefbdb9e119affa82b72d9c4,43ae23abde96347d700cf24ff38106ff398cda202378af81a6cb26ea142a3899,618905a840c764648d004eb0cee72f5c594233cce7f746ae57f5649f44ae4f8c
UNP/2018/page_50.pdf-4,UNP/2018,0,True,True,STRICT_FEATURE_ROW,True,KNOWN,unknown,PARSED,PARSED,PARSED,c4eb030f56d2e2c81f038d6c2ed3d46ad66eab6baed044ba4e2f6ce7d6aec115,e6aba618a6e23bd959aa1fffff092b3247b103b3517ea32ef97e0193b8c404ff,80922d5ca01ede723b8a23092c19fb7a16f4338e003154d9750202d07c40a2cb,df734e4d4d02bc8abae5f2bab8c905339d32327780ea1eccd76896d1c7b49b89,504d39b488ae8d4192673b60ef72822e137b9032a84428ad190550559071c5a7,2126e4a71327b5449ad9826cd728a7cb9005d6e2916053cfb9748583fd5384bd
CAT/2017/page_136.pdf-3,CAT/2017,3,True,True,STRICT_FEATURE_ROW,True,KNOWN,unknown,PARSED,PARSED,PARSED,4fa2432efef85e59e4434422fe85ffab6b7d689d70473067acdffb7f76918a49,3c387d79cf565720bf678f8ea6b2c25400eda98f03ab06114417c8c47caa4de8,b3d0ac6a4cf012a8d80601397b56f8a8ad9a62ff431250ac49a6a4ed1140c4f3,db95403fb89a945541a5b1e44dff86e6b0b3789af630317326710698a066e02a,3aff6c87d244b87d1ae5978a7350e5536d7464a418ebc27fafab8c6d0c301436,c01455d4c2316efd226ba77bb18a733131c397f93fb2544712c510c6f079f3cb
TFX/2018/page_47.pdf-4,TFX/2018,3,True,True,STRICT_FEATURE_ROW,True,KNOWN,unknown,PARSED,PARSED,PARSED,e363a6a30749e763ee647e05251c2a6626d7c347e2d1ab94ca7aba8d37863bc4,e5084d7637b5b7770923a3f0f68ea1fa90bfba71f731b76549498ba360b6f030,2c4151d64bda5c853fdd15994fcc87f7f5a29246a778a4a9d6d2c1a51a9b14c0,ab67b0772d9d22743c25f55874819d20f506e140177aed5afe87e57db75004bc,bc1bfe07ee2d63b43b6bded41db8ddf78d8b7cd16736a7fad5344ad6cccc348b,470cdafb17dc473a4b1d8c62c6a5b1bfaeaa1e07026b2cd0d337d247a29af7f9
UNP/2011/page_40.pdf-3,UNP/2011,2,True,True,STRICT_FEATURE_ROW,True,KNOWN,unknown,PARSED,PARSED,PARSED,23e570ded89f60cbdc380b8fef9da450319aa41d6cbe5bf8b065266f769e0866,d1414b6358667489ddcdbcf06714c2fd9ee9dfdd84c1cce68f7ce99d4cfa250b,4b5320c5712c39f7067ae7aa224ef90d9f558d51aab8a6c7346ca98137180032,b1b3a66b97adce4ce6afad0173faea94d5146074faf931e36de8278662e2cf40,c8f629905016635989516079e98725bb45f3d09a06a57c83e786b488cf40ea09,e365087edf2d380b0eb951583a075adcb811bc9e43a5dff4544547327748ec18
UNP/2013/page_14.pdf-4,UNP/2013,3,True,True,STRICT_FEATURE_ROW,True,KNOWN,unknown,PARSED,PARSED,PARSED,4dc9c1016d526c28dcd2a004cd17420d8a4ca13ccb86445043a9f26e9deb1410,acda16fbf2e820f414442aab3a9b6c9e95aa10af8accf97de249ef29416dd387,4d17a145f2c18c9e0ff17c0d274dfb3469fea7cec853597d8230da9282edbf54,5101605a42c4fa76a361bb55e8356f9da6fddc9584ad8df8cefafb9ce469faef,1163278a8d536f9a0ada4c8a575fe2c1d08836fb28f897b332d3c9a76795009a,8f016fdcca27a72c5e5fbc92059598a23b50d69f558d062e23b2f1f4c9ff86cf
UNP/2009/page_83.pdf-3,UNP/2009,2,True,True,STRICT_FEATURE_ROW,True,KNOWN,unknown,PARSED,PARSED,PARSED,b62bd67155a1f0e477db75123439da35b6e1e2047392ce4f8dd9e63892edad1d,edc54779a061ce78278fc8f95c1b5780e212eadb35387398a7b97436193659d4,e259e881b816dd7baf8adb04b7f439811fc300925bc19441d6a4165c825bc21c,a0bfbe58438f8f7eccea942b4b0c8cd9c5a9e0f9573d7bbc927c785260231916,a40f00548604a49d57a337b17f54e7bf22302e6c454c16588682233b33e0510c,b487434be0af2544bc21d00211a682a2d707e305f8b1eafb9ed25f90afabdacc
BDX/2009/page_81.pdf-4,BDX/2009,1,True,True,STRICT_FEATURE_ROW,True,KNOWN,unknown,PARSED,PARSED,PARSED,bec506497ffc539d85b5c8ff4ac3bd241ec535ec44181aafd394010d01dd7ebc,361ff9b688412f9fa329311d392c82264af6f656df0bbe1616eef72d7a402ff5,42925c8285c77ad229af9097a151029d80094a18a8536b4a676b2131b122c948,faaf109d31cd45928e948194d8947080e0196a23125b6e4f2b94a70c4ea7afd7,eedd02fe564e9c68b95812d7a13180646133a96261341633318b5261ea0e7262,cf3a8adcf3ced3e551216e12be6c6690e9d94c05eec3d00ece47e1e9a3679f4c
PPG/2016/page_42.pdf-4,PPG/2016,3,True,True,STRICT_FEATURE_ROW,True,KNOWN,unknown,PARSED,PARSED,PARSED,ffa8741a2f6dbdd21813e75db4ba80f81f3c0cb331f234c6af788aee38b7f2bd,81b7728b028906b7d993568b0d0b1ce708ad038d989ec2640849df421a484333,682b3c7d8dcae917b71a6cf640d94e4ab9da917d483345fd5b9a76a677473f08,3dfbf17f44a8e8bfb67fa6511f7103bca3cccf540e481032dc73b4be54397000,78d8aa8b0b87f78c368d1cb52dc2204ae375172a391b797579b7d2e216cf9854,66b69dab9899cf68260b67d54f39ac899a577febbacfa42464a7d3fb4e648ce6
IP/2012/page_64.pdf-4,IP/2012,3,True,True,STRICT_FEATURE_ROW,True,KNOWN,unknown,PARSED,PARSED,PARSED,7131e8c7070caafd32442a9a5cb3adee33eb4da6954dccc843d7be0c836b13ce,7383020b468f4333c5817105aa457691ce3382551d16898f8c97d12f73877057,f37f0fcd291ac767b061689589af736866e9dda52d05b99efcf3603d2b7329fa,5ee420851f3acc74fe3b42c93af2d99367219587eb53d35d7e55d39f436915c1,d692034c40fdeab4902adf00fbe4a040f75c058f3b020d4804e619a19db3b84d,bf2098f03da30678a837a574c2e8dfe98459d5546b73efbf7466c3f6fc93abd6
IP/2013/page_101.pdf-4,IP/2013,3,True,True,STRICT_FEATURE_ROW,True,KNOWN,unknown,PARSED,PARSED,PARSED,ef2e57f3251c869e63546f8701cac82c42e4dcce697c5016850e3c46053a76a3,be018fcf46298b2cda2d7abcf1abf8e3b18ed8054611fc3200f707392ea6c929,c90514f5acd38ec74703f92c0c9675bc7b62498c87673a022dd6660ca8858791,2ef91f6f4b0626dede26e6bd7af34c0acbe386556088ee1e1267d969494e9e6f,9574860bae72b6e086247e5ab3e9cefa43c6a60ed4f35590efd4aca8f935a2d6,7264f813699194dbc6abf8cf4b6308fd8082d95f3254e7aef59c75206322c931
UNP/2009/page_83.pdf-4,UNP/2009,2,True,True,STRICT_FEATURE_ROW,True,KNOWN,unknown,PARSED,PARSED,PARSED,2e619b9943cdc004b4aae1edfde1927b3c7ddd89f1bff1d65119d92281f38eb9,de674770312839573879f4868267b025540b68b411745ce26c6f4e81b9d1d094,552adce874079e8d86aba4d1adbcda4e88f643ac6e57989b4c66d8b17c764f5c,6fbf5e2b14aad57d7be5a48095ec6623ea2cb77505ec2b1a11f284c257e60e74,11c9bb255a35c041af97b40bad4944843a370ce9a9dac1a3a6e82f854c6fe299,0d361847a5af58b3b364d9ae1d4fb39614f07893dea1ee6d110e00b9217f6b84
BDX/2016/page_62.pdf-3,BDX/2016,0,True,False,NOT_IN_STRICT_FEATURE_ARCHIVE,False,UNKNOWN,unknown,STRUCTURED_SCHEMA_OR_NUMERIC_FAILURE,STRUCTURED_SCHEMA_OR_NUMERIC_FAILURE,STRUCTURED_SCHEMA_OR_NUMERIC_FAILURE,f6c020df909d62c192e538360f2db14a4298f68e98c131e0ff2b7ac8e0911e18,6b8ac9cff6d6e8dc21e3dbde02d1e4fec22a53df4b3a874378774ce6ba89d82e,86ab2d840ac37f8764ceab72b081c868a68eecfe7ebf1a36f2390806822a776c,13d8a5971a9f57ee5338cb4145f41b000fc0966daf5e0ee50ad207fe76aaa834,da6903bf3c13a5d8ec964c92aa6ab7479d5fcd8c5b214006057d734a376466f1,19eea11f12228fe2130858bd7409ae832205415188cb4534f6ff9952284fd194
