item_id,source_group,outer_fold,attempted,strict_eligible,eligibility_status,feature_valid_recorded,label_status,direction_status,original_state,positive_state,negative_state,original_response_record_sha256,positive_response_record_sha256,negative_response_record_sha256,original_input_sha256,positive_input_sha256,negative_input_sha256
INTC/2013/page_71.pdf-4,INTC/2013,4,True,True,PRIMARY_ELIGIBLE,True,KNOWN,INHERITED_FROZEN,PARSED,PARSED,PARSED,d54e57ed90949b29a4de51679613e4a0cd7e8009b84e1647ad698ae2dfaaede1,f02db46eb1e90aa739ac4b20244e0e5e72730063350e2651ac275d1602041d93,7cb8a8d6e1c7f35a58c41ccc2b16f8a166b298be723a2c133b8b6b16ab462825,9bd10223e2bf632d1daaf16cacd9329dd4b0666f31ecac50f33afe62ccefbb4b,be1321112dfc25928d99f84036c577bad578bd0d11a82f5ea922f11f6b7e283f,7418f6d71734de7e2608adeee9ad6a00c6ddabe99b9dd8958730c42b99976c11
PNC/2012/page_110.pdf-3,PNC/2012,3,True,False,LABEL_UNKNOWN,True,UNKNOWN,INHERITED_FROZEN,PARSED,PARSED,PARSED,060d16f20d769a32784000ae4304501bd0fccf1b057152b93ed7b043dc3492f7,349ac749aefd7c127d7df5c35eb436060e47cc15b4ef1c4ef3a2d16c1c0922cb,25ca92ab83708d690f6fe5aa17155278dda9521cb3563cb311bb145e386854ae,9164eb602733b72536b265c18b08e52d37fb9c129f5b9a0659ee7d791deab166,9843f56bd16276c8285db6fc4ff86ac8960f95d9d382a3f2f6c71cec58a0fef0,0c484809a78588e7d3d6403269a879ddab6749cac1ecfa0fe763723b609b51bc
AAL/2015/page_74.pdf-1,AAL/2015,3,True,True,PRIMARY_ELIGIBLE,True,KNOWN,INHERITED_FROZEN,PARSED,PARSED,PARSED,389d35c3a189425124172ea34b8d9de155c2019cef30c36b475a96be7a17f4c3,c986685647acb1184b6abe707a2b0001afd55d21581c928dac85af166401e2e6,02a5719841d3b427f88ab8975aa34e234a24fbcb0682c719b2e2bfd358990a79,9ce866af7fc27b17b6af3d6a7b9e450e455f239005e83ce26f1d63867a827c49,8ee7fddb2a4c4d87f57856fdb028f4132cb626aa045bf652525d62f68f3f15ce,6d2c96a0c321716a60c8fe063abbc29fcb34fafb15137d4ea7e2c0a0b254813c
AAL/2014/page_89.pdf-3,AAL/2014,1,True,True,PRIMARY_ELIGIBLE,True,KNOWN,INHERITED_FROZEN,PARSED,PARSED,PARSED,fe2810fae706ec3f1440b37b4253a398ff09290ad0ed0b7bcbaac58f34c7d662,1f4dc062a18b5ce3f72089a9a63af06bee20a289e714e06d571932dee6ed7907,8d585df9ce35b5feffe00f75731a9534b22880f0cea1dc0a55a0cd8f1e4b5351,6b5042f826a635e859ae0305a6c1ba3291f88b34891dd126fa53ebad52ab9cd1,561dee650f842271598d075f1e3d01e9f6f1af1816dd830bf478d13bd5a24727,968ec7c2f38c44f2542fbad07c4d8e123bcd38547579625089924ab54a92f19a
GS/2014/page_134.pdf-3,GS/2014,3,True,True,PRIMARY_ELIGIBLE,True,KNOWN,INHERITED_FROZEN,PARSED,PARSED,PARSED,2098b172f7d52eea65ab289ae1282bf47c389107f1b02bfaa768b5a151c0d115,50303fbd64809809fa215b9487cb5d442167e9d4f1bfbb24b885c500fc1a249a,b0c27ac80021f750259d80721ecc725758245609bc64b55c6c1379a2c7e24a13,483e34b593d211b6690d9636d7551890460a4eb2395c0581052a4f7f0f6c7cf5,ab21ede55b9157c0d9d92b4e97104c03c4b125cf24e351e8c85f445fdc1e81a9,fd3ee5cfa1aeb5abd9705f42fde43d4537420231d80af7d234213711499db9f6
MAA/2018/page_19.pdf-2,MAA/2018,1,True,True,PRIMARY_ELIGIBLE,True,KNOWN,INHERITED_FROZEN,PARSED,PARSED,PARSED,6abf91bc0579d543fe92580d1836b9a88e6dca85c4a21be374919fbde48c4d26,4f2942599581d94cf37a653ab915788179d3ad92e08ffde873762754742adc73,387e27b7aad47ad6937f8a58eeff598ec39eeaaa27b4aa3c4ddb8744f22f39a1,cf1b910fbd5343a59e30d95d84a26bb4a989ba5760da3ce65e8fa24c47cf3ba0,373095828bbd1b023c247a43411957c524b10a9f8b3a2f87e3d04cfb1a27bfdd,833becbdc5fe77962b75f91d41aeb4c0fb59bbf90caa772cf2b1812960bde2c5
HII/2018/page_64.pdf-4,HII/2018,2,True,True,PRIMARY_ELIGIBLE,True,KNOWN,INHERITED_FROZEN,PARSED,PARSED,PARSED,45fa38015ddffdcfe369030263ceebc33c73c9e5b8262a2c775a278ad0fca390,eed658b619b060033c1a9194866dedf789bf7f82d423f51bdab2f55c5222a597,eabaf3ae4598953e31900c89d35dcfc947454339e345296d889a1b85cd357737,2db9b1f226c3438b6fefebf0c027dd0ae65531e9bd71565e9645457997cb4e65,5fbda6823d1988c8ef8c580b852ae8a93738d6805c3ca6dfc8f83a2e41642583,a6a4177e4af8e99e1c19a5c53b9af4e3a844632cf2695ffed04e2a4a011ced15
TSCO/2017/page_68.pdf-3,TSCO/2017,1,True,False,LABEL_UNKNOWN,True,UNKNOWN,INHERITED_FROZEN,PARSED,PARSED,PARSED,74a7bbd5fb3fc7aac68abfd6570a4bac10156865d057abcdbde5a55fa11d1d3a,ef8502698fa3c0915054497f952fb0b81b7a1582253fedad82156eba1b52a897,d9a264612dea4a3e94cf4c190d21af871c994200e6dce2df3c6d5e387132142b,7f6f43fab924048534ee64b63d423737b70de4fc2461f8e74cd388a1fc397181,f1c60fb8ff8eb6031261cd067d68c8cdabc3ea35143c24802010ee30e23768a2,15a14049b9625db09e6714d4041f5273a92f8fa529edf5d0f074d16106c8e059
FIS/2016/page_64.pdf-4,FIS/2016,0,True,True,PRIMARY_ELIGIBLE,True,KNOWN,INHERITED_FROZEN,PARSED,PARSED,PARSED,9f55e7941cd40b9f43036204bcd2a6f4c5a1567c346b6dd73dd7233f99548e41,538b1d4a02acfdc7f18b78fe0487b338f8b927ecf083a291d803be6db02c6fb2,7760980fa9f6f54fc34f3e6f8f970be338d170620961518565b952ee3b37f21e,bda33cc1a8dc7409b369a9499df2a999532e89f41bd6fd97a108bce638e5d9db,c005ec4f07984fb0264aac4d18e22740d2db340259d84314903fb331997946e5,d9dfeffc4dbce0bbc0826ef309c56350ab6c73a1245f0f87ee1749f61c6fbcad
FBHS/2017/page_46.pdf-2,FBHS/2017,0,True,True,PRIMARY_ELIGIBLE,True,KNOWN,INHERITED_FROZEN,PARSED,PARSED,PARSED,af1f8250769db87953ebeab32b0aefd253ba850d3ab4f869afb3ac108f0aea33,62b2a627bc364b66d5d44c3047c7257a37782c6919c5a3bf98eb7e4ace2461f1,39e9a8863aa1ea9776217383ac2e0ff13c3e2d9acdeec3b90be58d98919653ee,ee3af03232f24ae2dfb551997602baad12ce4462d65cc5aaf02fd0b2b44ee07e,3bb6696d0c50b51c040135027624e817f07dacb50554242064bd516350d273da,877fb4887a0158729c32d2b3e3dced43616034c931d5d56e5259e8aa52a2bcba
BKNG/2015/page_38.pdf-2,BKNG/2015,3,True,True,PRIMARY_ELIGIBLE,True,KNOWN,INHERITED_FROZEN,PARSED,PARSED,PARSED,a7f0dfbeddc28ea66c6bd25c546d3eed41e4c21857b15ee05b4b5d1a30acbd6c,8577925c2190e81bc0da1529396e0f53a70fdefdc93e864f7d5d80e0908f5331,e23fb3f07543ebb55269359985a9e644c3ba4e6ea6d04d904542d8868455bd72,1820c3ca3e657dc4589a2d89a08ad15a773ebee190e08197881a695bbd8fd925,0d7394ba21e811f4e41490156193e5ad9cc9f9dccc1b792d47f3d4dc7848bea4,396432bc1a4f98d79ad90688c5991488de807062ca24c6190483166796ed75f0
STT/2012/page_42.pdf-4,STT/2012,4,True,True,PRIMARY_ELIGIBLE,True,KNOWN,INHERITED_FROZEN,PARSED,PARSED,PARSED,4b898a4a1309a7bdee614aaa62cccc7169309983eee2c65d4b1122b70108e117,608ae4bb810ef9a9035c4b8599b831d9503fefdb71c2969dbefd15b5ad3c3b14,84011b0849b68bd55b1e01b7fe5b571cf5d1da34a6dd7dbc0a31309ef4bf4533,ce363f719d19c7ca1d9e78a5e5ad6334cdc5396918fd47228260967684e4219f,7c4423505c6e000bf51e81df82dc58c78c76b084add3d0ace064744cf617fe7d,2fd8fe91256c5de3fec06344c8bd6608ee63936192ef3597c052d2c3e97b08a1
FIS/2016/page_64.pdf-3,FIS/2016,0,True,True,PRIMARY_ELIGIBLE,True,KNOWN,INHERITED_FROZEN,PARSED,PARSED,PARSED,0b00496b52179f94d000154b4764bcb5287be24bcdd8fb496c60cfb7ff3f37d4,40b7e968a57e52fbfb7437649646791266ac29867534ac0dd8dad4d1d1b8389a,88c816c7ed480e316b91e1469be3bb02c57fc8cecf286a61fb851b78d33535fe,b7635a5ede26ddeefcc15b1e30eea022e725f9ef3120db0f40d52f3dde80349c,988fa39cf38aeb8237f4f64363bb912fcd3b2d7dc1ed8f6de25892ca1cb418f0,60cc933086ee0cb207a24517116b9797e196c9c99eac16136e8df432a1d1faa9
LLY/2008/page_45.pdf-1,LLY/2008,,True,False,DIRECTION_PENDING,False,KNOWN,REQUIRES_HUMAN_REDERIVATION,PARSED,PARSED,PARSED,eeb28896f265febbd4662d51b96fd7d9f3758d382fdc7cf052b09a52f8e1db65,fc6542c7454468e78ddc5461ab1638b803778cf7434a0b8c61bb0f6c025e6680,9c43c63d865ac0c909fbcc0b292b4b57458db707d2655860f80c2d06142a65d8,8a3b597b13661fbdc275c5e7dd19c723fd82a098a2d70d69a592a78b40d55d4f,21fe1af7efb0e809448ec860017db9b06d656372d6ad7743d87d2e37972ee41d,530c1de195235a2940827b1ce3236b77707f596d793b75b81e666ce7bc368407
ETR/2009/page_107.pdf-2,ETR/2009,2,True,True,PRIMARY_ELIGIBLE,True,KNOWN,INHERITED_FROZEN,PARSED,PARSED,PARSED,e13ef6ee4662273c2feeb176290a2f98afe920e09c5f5b98dcf9f195659c247e,6b5e332a8919fa744f79eb5c4c6ec05928ac9a9e71a70d1309bd15cc43ab9bf0,ed5db562b75929475a2761d36a5bc404f5aa104a1b6b15d522d26461b70256cc,8f9760629888849b694be29fc2976e7cf2d10f070256d3a26b0b73b0db8d4334,f4ba96d6dbcb760b8c84431a75c3ed6e9a99c5db712380539d71c7b4fa583081,2708f4590101aad4a063288f9a5f50248e846a09d21fe2cadd5254938b0fd287
AAP/2006/page_85.pdf-2,AAP/2006,4,True,True,PRIMARY_ELIGIBLE,True,KNOWN,INHERITED_FROZEN,PARSED,PARSED,PARSED,dd46236738261bbf1711f85a0eed4bfdcf39a1797ea484665609889de8f6701d,a8621c98ebb5f3fe31a68e41394413b2bee4020f04102123e8d39545280d0d3f,810e8a0dbc9abe8c427447e9442011deef4d3ec40492c225f3ab5457bc510056,45f8f964558fca0e7453c076a7bc05dbdea1bfa068d011d9867f48104dbe4d6a,81ccbf23a43106a6a0fcb10dfc23e43f7b5754dd03f99f975ce877527802e240,6abb8fe9858e900972bd45fc481ac4de130f462b7703d68f2615c891a67b1ebd
AOS/2007/page_17.pdf-1,AOS/2007,1,True,True,PRIMARY_ELIGIBLE,True,KNOWN,INHERITED_FROZEN,PARSED,PARSED,PARSED,9cd21fa98b31a31efce11f08f69ee0854ca7b247c17a5eb834af3e55ba74e89c,eccd357078935a6958f0974c2f8861d50b1ea5663393ec52e4b4956999428762,299db18c6ec018a41d5b97bd47745c82e3888e53868b14e2b78c8bfec35002a9,2a379035b4599865461b4cf77e2111e72b8de8c1dd259197077c8b10958894d7,c99d3c657887f4d03908189d7c3b80cc8f631216cc783e65096077c231d29f0a,ecc658945465af5e1596841ae4ed83560abea1342256d5c80383ecaeb6d8f3de
UNP/2016/page_75.pdf-2,UNP/2016,3,True,True,PRIMARY_ELIGIBLE,True,KNOWN,INHERITED_FROZEN,PARSED,PARSED,PARSED,5030bdbab08b8d834fa337f405b3601f9f806e10b413843f43f605ed88451009,39104ceffef18b7d5a94a84a2200f81710da87db2eab33fc8833ee7272c54c1e,b04b6b67d7750f2d8dc5d65c07d65965a18cf75bed7afff55662caa4e606b2a6,35e170bf025d39ecfd60d05909c8c41dcbac1eb48e88c3dbc91534737662ef14,7e7e68eab3047de838e3a2b67ee9fdfe0f21abe2e9e6afe6644d7ff5f4bfe743,242c64dd890f8113c54dba5a644fd0130ddd7494e5730c41d1d05d91e8a01885
UAA/2016/page_83.pdf-3,UAA/2016,0,True,True,PRIMARY_ELIGIBLE,True,KNOWN,INHERITED_FROZEN,PARSED,PARSED,PARSED,f114607213f4aad695b221c65a0da4ce2b5fd02f467c00c5a369567fdd1f7dfe,9c6f8509c94a92f148e44c38d5591488366559bc6420ecc25e522e23aa2d361f,2affdf8541753fc1087b3ba9c3cbce24c9610df104baa9528195f38e49354d0d,71719dfde39a59d4d75c91aeb4fcf32f9acf271e536aec183db086a246700c8e,59b23de32e7e9c937d4e0ce1166bfa9598473148a26da4717cfa2b5dbfa02e37,5e7e6e9cd766dd2dd35eb28e8de336a5f0217214dd081ce8ba404e3497c6e853
MA/2010/page_107.pdf-1,MA/2010,2,True,True,PRIMARY_ELIGIBLE,True,KNOWN,INHERITED_FROZEN,PARSED,PARSED,PARSED,b405d0cc134668a418266809c7836b17f112ba6ad0b2f356a97e374cacd1a991,016e65081f3af72bf0f72173aeb9d013b0a66108449168d1970fd4fa26c2ffa1,603c3ce0b5a4b97d6967900ba3f4ab2fff7509ee36bab4d04f6907e2bde6d8fa,4152574bb4299451465349cfa126f24252b0e3fe4feefc615e56429c63e6fee6,9f50eb3724aa75dfbf1d324ca2e5de1153e678183cb50ae985f0471c5b87aa3e,680ffa7502ed572f3f99c31d891a8443353751c226b3db5ccd000980de9297b0
HOLX/2011/page_122.pdf-2,HOLX/2011,2,True,True,PRIMARY_ELIGIBLE,True,KNOWN,INHERITED_FROZEN,PARSED,PARSED,PARSED,4a1adb51c422f08673e0ca8a3837fe185efbe03f3901150d8f960b9e7433303c,7b24e32681a89b05f92760aca369f883efad852e1f21de9b740dc44be6d419a2,f13ae6032afc42755c4beb9c27efa50bdeee55c9671593bca2f48a15bf2fe784,7736c6d9b72e0687233a1b37001a787f77a71b30950f215a68aa1c1c113e1a75,4482c9fcde4d4cead69626b2e2da8cdcb369b39e0e4309f4a51e586040ecb8b2,97a2ca621b83149f5175b7e3917d2780c264238524c50e3daf2282656d6cb1ff
ZBH/2008/page_70.pdf-1,ZBH/2008,2,True,True,PRIMARY_ELIGIBLE,True,KNOWN,INHERITED_FROZEN,PARSED,PARSED,PARSED,fa79cf24811d492e4a2d89d45098c6b7b8169198f3109b2ce8c70008b1d47bd1,dd5a0df2d40dfff603a01a6b3f8a4c6ba3e3ea2a97029673db1d1cf9062ed1ee,607ab02c45ebe96b9139e44c22d5a1eaf4560b6d11af85ad1b0498115f89b4f4,2340dcff1b0a685a59cc85ae2d24544507e4ff99f46c84fe585e96c93413183d,031b5266a688ed6560e90adad35cf1705fc6875d33ccfed1c8389143ea683f45,ee5e62bf596db62eb7ee52e5ec8854f1046b567a6dc9d886e90608f1925d6d10
AAPL/2013/page_27.pdf-2,AAPL/2013,4,True,True,PRIMARY_ELIGIBLE,True,KNOWN,INHERITED_FROZEN,PARSED,PARSED,PARSED,99e3ae151fe07660ab558d655dc340f0c9d42fe240448b2398ed091c7facc6c7,5ec30cea8832f88f9ee84a60aa315ac3e69bbec2210421d7ca3e94edd63ff59d,f1ba1df79ab3d7ac9a2a7b08e550c45ad7bf706cbcfde5e416b506143d860e0b,6a5261738f7037a69e70a1042a6d841f63f05ee83b3dbc9da3da67a9ee461017,e08b3fd8de666bf83266b15a33ec5b26a22508bc934e9c54ff2729c938fde9bd,d6723cd91585f1aad44fc297071ff237e3f25fdf57c702944200810b87057d81
RL/2011/page_12.pdf-1,RL/2011,0,True,True,PRIMARY_ELIGIBLE,True,KNOWN,INHERITED_FROZEN,PARSED,PARSED,PARSED,341a50b4d7110fdd3dae09239afc7a8aa2f25b772e8cbc9ed0d429e269976f81,429f9b83c08430299ebf9a77d9f8e5409f2ca1917cf867b0502ef488cd9def09,5fb93b3ba5b4e96fdf20b14b46c2446d21793c07c3f31224e22c531adca21a2c,42adfcc454119e7ed716627a4920ff3ec96333113763186596dcf98e3e9c49d8,be2bab91dace2e795595682bf0648560c7f6e83672cad6ccbabca8d94ebe71a2,f734d6d8b3d73e3536258d1b33182e4f635548c26d3fc8113a9cf7605dbe13e4
DISCA/2013/page_60.pdf-1,DISCA/2013,4,True,True,PRIMARY_ELIGIBLE,True,KNOWN,INHERITED_FROZEN,PARSED,PARSED,PARSED,16c2edbae0314fb4f51813c711ba4b93c9e2be94c74210197b40017f146cd2dc,fee39dd4f9d6362fcb751369c0162a94699257f37e6910ad3ec0dd06a5b1a649,30680952762be51bbda4a5fed028cd673a592b28129daeb4f1c0001268ad347d,fbb186f928d9d7b4f9d9b03642a687ef4641816d513e785f9bac875988a0b1a0,aaaf4c6cccdd19b7b268b4081697d6faf472d613d8b76cbc82184154b0a2add1,0f693b62bd8d6d18fb59508379b479e8d8ef945f70b55e5f2f2c6a0f88d8c8c6
OKE/2008/page_38.pdf-2,OKE/2008,4,True,True,PRIMARY_ELIGIBLE,True,KNOWN,INHERITED_FROZEN,PARSED,PARSED,PARSED,989c4da835a4ecf3e8603194e55e16fc981059cd084b3c105b4e5399ca3d94eb,a9a48ddef49b439cfa97bbb3b42e2e1b0b23aca1d11f0cff8e41ca8c925ae508,79787bbdd4c87300a0f8685d96fd7ecfffee4c107368d4a11bd44b7b2d5af624,7aa3fbe68c23491584e40bc8bdaebe1debd7fb88ea6f3942a6e72c1e1e833b64,885a7716dc11f36d009a05a5a8539d977999369d7720079b097f20ce54b71cbe,1f97d9f3cda914fbf3dbc1d86a9afd3bdd0874a023d5d563342e918cca0e785e
ETR/2004/page_216.pdf-4,ETR/2004,1,True,True,PRIMARY_ELIGIBLE,True,KNOWN,INHERITED_FROZEN,PARSED,PARSED,PARSED,f18d99593cdde799097b97a8200ba411a46019ac84242496a52c85ada52fcf61,72d94f94270f6675d120619eab9c538c57f8db4375f6bacbea3f94ec04d11131,449c78ee327ed0b06ceb0322864a92961d788346ab06eb39a925b89236a36010,6bb8cb7a73a0464c94aa448c24efdb75600956712db469c9342c9626628c4ff8,62f525f64358e61790c9349985cb3010bd6bd7be33b6730de816a7261b4906ee,2ab83cc47040543d84f61c1b2681d522dd161ea49b94fd873562b1a8fcfa28f9
HWM/2015/page_95.pdf-2,HWM/2015,1,True,True,PRIMARY_ELIGIBLE,True,KNOWN,INHERITED_FROZEN,PARSED,PARSED,PARSED,d6f052d77c2bcf3d29699cfa83e38a2ec83b24879c88e5b2df130b85ccb4e3b4,1bacf66aa46315d8454099b17709aa76bc3c0ce0e7c28f9b575a2bcc02d3975b,61ff36b7d49cd2d67e4bc25250cac33e3ab7cb145febe983e0646060486eea67,4ae077f020a6e9f4717317b9d4b8c0bca883e00da653f52d1a7c27f7ace62726,a2c4bc41d816a621c577bbb467006a20b234439dd7546967e4e42d3cb5dd7009,addefa8cc17a807a6146b76a30295c01a73d8edaad636ad1235898d4a7c58556
AWK/2012/page_118.pdf-3,AWK/2012,0,True,True,PRIMARY_ELIGIBLE,True,KNOWN,INHERITED_FROZEN,PARSED,PARSED,PARSED,88658f3ac77063c891e94c7346624ae2746e724c140402836257b9d4557a2b31,43f2a268872305b6deef437964ac0486485897819b37e170e0b4086eb268f8fd,aadaa22aa7f848d53abb6420d5459757baa6d424d0db91d9b7947d67d309edb5,a3cb02133f4af607a6552b4bc3554bc71ef62cbb300973eedee24dabd69e9aec,bd80d01598f3a62844d465419072d5a73b1abd2715038d1379fea9b5f67f6710,6b3eeee7bf07b881b5ed69599dc97fd42af5b283432e0692aa0f2413fbbb8641
APD/2019/page_53.pdf-2,APD/2019,1,True,True,PRIMARY_ELIGIBLE,True,KNOWN,INHERITED_FROZEN,PARSED,PARSED,PARSED,966201d2bf6a7e84331e623497def786b7199ae1ca0ffa7be863ec3740305f16,7d935a3da4ff8605cbfe1f7010c01ae0b2a8176d0002a68029b99cfbb66f467b,769630c08ce60e73601861d3b8b69c83723899090afcc9c934b05b72bd384e23,cddcedef85595b55d933bd894c8e6585923f8c254c5e3ef0dd3d1ecf061ef43d,58b26255676b701a7f29d728cc8824853cf424b30b9f8844f77afe2f47811b95,b9483af406dca5bdf060d8fde5e43885a8f482d0ea2dac3cdc4238fd0bd69794
AAL/2015/page_74.pdf-3,AAL/2015,3,True,True,PRIMARY_ELIGIBLE,True,KNOWN,INHERITED_FROZEN,PARSED,PARSED,PARSED,30320915664e9d4e5cad48dd8f8dfe5e73f34963aa2e718c7aa5831a84ec6f52,e2c07ee8e6d8af9d959e93b84cfee2c1797191eeaa25602eb74618f8dc514b85,e2c4f1d069dcba26067fac49676401d9af2d8e753fbc496ba42de9758e923f02,055d45f2330c5cf9a041d734fa5f32b79c825787cd4fc429e6de4c27c9cf0df1,63d5964c5442819aad8090774fd86703c48c37b90c5024e2da69492a97ff4a3c,af1523a6d9ed502b5a1176a00c26d535b705a019f6b936e0f6df77993e773058
ETFC/2013/page_84.pdf-1,ETFC/2013,0,True,True,PRIMARY_ELIGIBLE,True,KNOWN,INHERITED_FROZEN,PARSED,PARSED,PARSED,6d9ed8ceb92a18478eb23056e0e35ba0d6a2816abf4693e3c40585a615c1b759,66525ac7c4b76988f4ecae4ce16c17023be96354b02eafdb02d51707f794ad51,7ed7c226dff1c4ca49885a5f1557ab321c92184a379dbeb094cdcb1ab4ddae6f,7d120da626da8fcb5da2d424dda7e72f5269136d27566974acf95311c7013e64,e34f84fc3964bcdd0984b88121a84e8a0f4b7ecc95b7a9ccfa1604a60bd3a527,7544bbcf063e1ae33bce6e1bcf391c4efda827eb0d5c2537acac04efd690be8a
ETR/2016/page_24.pdf-4,ETR/2016,1,True,True,PRIMARY_ELIGIBLE,True,KNOWN,INHERITED_FROZEN,PARSED,PARSED,PARSED,380011a29f8fa82597eb56cf24748ed6ed99295beaef2e5f642d391e51e481d7,c1ec24eda9aea8d54425cc8e7e85c9af5ba234e66ef2d8847b53096089414d39,1017fc314471d2f83fb116e39e6f39e661fa76042989c42d781442c7ff913048,7adf87bfca65aa926a1e223ecdc3a42e55ae2717ffad9572768c0bb73249f114,de3a745772467868a45b2a088094c0fc5cd5a868f34be5d781c86011360415c3,7e543e56c454b1a7bb390c3ed1a406381fa4afd363feada233e821097ac0238e
AES/2011/page_230.pdf-4,AES/2011,1,True,True,PRIMARY_ELIGIBLE,True,KNOWN,INHERITED_FROZEN,PARSED,PARSED,PARSED,3cfa6699f1273d463d7a2859ad196ce3125f1adaac5088acd4f40e8234f27b0c,ab193f0a4274beb8c3dae7a01f84948b588e8e8d34919bb6ebc3b55ea709fcb7,af788a1e9b09033587d4051d62d855e0ba059eef5fa4c965cdeabc29a9025e4e,fa08d8b841561c57f398d145eabd25e2bfcaedc975f719b563e3ffbc8929bd88,009de527247fdbd89f649c753f25c9639337d66b9b98552c672f1126b6effd5f,c83e112994d2394959360210589e457a9f5ff5267181a237287221839fdccea5
ETR/2016/page_403.pdf-3,ETR/2016,1,True,True,PRIMARY_ELIGIBLE,True,KNOWN,INHERITED_FROZEN,PARSED,PARSED,PARSED,987fe122121ece1c01db8c70ef88cedb9383616ee452457f5aaeaab3fde6663a,e60d3e63b106de54d732aa4115755a01fc2812d52f5919d1467827a87a50cf93,4e09c44866b163d0bdf010a1aeb44df34af2a140bcd465654a747ac53ed5da5c,3747b8e2ee36f8ada033ac547efad85c321ad690fe1fb889b2ae8cb34f1f4342,c97a1e3e63cb1288f177df47921ad641137c531ddfb53eeae907444e30bf3ab8,0f09d5b123531124a9fddfa151e87cc8c9bc27be365a89cfafd6e8919c2fa4ef
APTV/2015/page_50.pdf-1,APTV/2015,0,True,True,PRIMARY_ELIGIBLE,True,KNOWN,INHERITED_FROZEN,PARSED,PARSED,PARSED,613d3db8b1cc9a733662a2bfec373a92e163aa1745dbcd27e32706eac04ac538,01d1fb574c26ed4926f5c439e046c8d2a52277cb1998840cf19e9ce8cf4ab5e8,5168fe5b1fd9c3ca3591ca4a14a0d52759b8ac8d7e75b5fe3a4d1f426ce3e5cb,e97ae2404885bc63637edc0f8ab18bce30b4c1de4f18f7d60f73e42783827d3b,0a935f06d8324167aa0e39de1a449bbcdd22edeeb350a9e3913ea6b52f018074,ed52bc479b6c206b0f852763bb29757a59aac52d205ef38d08c8a140c92b86e5
AMAT/2018/page_31.pdf-3,AMAT/2018,1,True,True,PRIMARY_ELIGIBLE,True,KNOWN,INHERITED_FROZEN,PARSED,PARSED,PARSED,bf5f139dee55330563601eb9bced113b52324bad54f56920525f755bf690271b,350e16ccfbadf9dbf888c569d73c344aeed608d912de47ed4e3bddfc8f6379d8,d915cbcacf4e1fafab6dfa8607b033c2b0c31b7abe5b8d43f8f5f74fa6e1e2f8,2cfee09defe8418f076e50173668e097dcbe3589092410909b0ab8cd9d05eecc,c3cca3455211ffd5e1be89a5453a091695e3ff92150290eabbd4ecc3c3bbbe08,5018a2dfba6089462287e61ba49e589ea9b985b6f2046850bdc593af6056fa14
CDNS/2012/page_31.pdf-2,CDNS/2012,2,True,True,PRIMARY_ELIGIBLE,True,KNOWN,INHERITED_FROZEN,PARSED,PARSED,PARSED,18d142cdc0c7a6bce49dadfcca0ccbc988d03f9c9f0e29cd47fd1015b534d7c7,7c1c82bf699164fe65177c9d10fb9b11a8fcb373813613e56b12626f9147cb02,257a105b8bbcf3f971e170e2fb69fbde84ef0dccc91352f358c5cec65bee8c33,f811d59d7ac2c482da50345c2c66e1102ea91777332611558a90aa697d8e50d2,52ae7c5e00fb10b8cb9a1988eb538f7db5e4f64df5493b3cf245a94036d087e7,dc284c8ca835406b67d7d6138a4cccc94e1c4cbfefd967594a7f198a08eaca3a
AAL/2014/page_80.pdf-1,AAL/2014,1,True,True,PRIMARY_ELIGIBLE,True,KNOWN,INHERITED_FROZEN,PARSED,PARSED,PARSED,09783b66911f125d36bb76529da505c93124774693b03870f052925723a2ba41,3675aa7c8f2b967bfbac732d877d385cf1e8237dcf5db3dbfa100f45b3f84961,e33472f45bd9adf6ad0dadb287f0e4c45f1442724b29441e347ee3fdea346150,e514f9d06f66bc1c77a0f3fbc2b347c551da71ee29823e89a4fdb45109f4b34d,7b4feab572d9335ddcae3744c364578233aaa441be873a25062cfd96869f38a3,c678a219c433971c3d69367164dc9138a8f4cd2e0e7425ff1b5fee6a76ffaf4c
ADI/2019/page_77.pdf-2,ADI/2019,4,True,True,PRIMARY_ELIGIBLE,True,KNOWN,INHERITED_FROZEN,PARSED,PARSED,PARSED,abf792118d5a62e86d9a92328aa7f4e25feec88490abaf64cbe93bfbab19a4f5,07181eb321062a854d7bc15ea86a051d0553ee73702c3f610255f3b6c7a0a40a,ed676492915ea1f82832bfe06d477f9e35a91e2ec1655d2ab579961605177f66,ca58d6a1399d77087436868cb69b6557bd6b76f50a42fcf35045c1d5d7edc80c,04ed50cfcdece75a642eb5be603899bbb535d14faf43efeb1a57aff597d788b9,1d624f5afa37bfd950abdec7eb0426e46046d9a7811a4498bdf47b978517fd91
HUM/2018/page_46.pdf-2,HUM/2018,0,True,True,PRIMARY_ELIGIBLE,True,KNOWN,INHERITED_FROZEN,PARSED,PARSED,PARSED,86ef157ad034102a9fa6724739096ed160da66a4f218e2c97e61787e3630bf0f,96fa8ccda1906e287c04acc74952e29f9310e45cf4354f54f9e9adb93f78fd73,acf937714aebfaf3b5627671ff18b3516c20be5367ea5e26ab878b1c7eb3be85,3be265e2b2c7026b6758ea124203d7007057c0b1ed93403533cbba9063301a61,b389f2adbf9243fb5f0f38faa9e15ed9d1052209d94d7c48e04471e228b91a7a,ae1db9e7c506006995d279795bd5a040e9d198cb669ab54b5704db86f4b0710d
PKG/2004/page_23.pdf-4,PKG/2004,1,True,True,PRIMARY_ELIGIBLE,True,KNOWN,INHERITED_FROZEN,PARSED,PARSED,PARSED,543b0b454bfd97ca3254c324108a279536a077b89e488edee8ae1c0c144e9f9c,ffd5a06e9cb24fbbc73095b449818764414c7b4d84dcad43e075f37e11ac2592,73ce89f7625da51623d4d0dee7a633806595667f5b21ac1bcc4d0c149324a288,625fbcdfce6e25de4ebe9629ae9c0b31bd7bcfb77c15a540c640adf988012127,c45e1dd37566f4e2602239eb55c45ca07866cbd61e60b3e62599812a057f2ea9,74076b1cfa7d0ccc84c090c8d25ed044b6b5a7612f2888774b7ce9b46bc0ab5f
IPG/2014/page_37.pdf-3,IPG/2014,1,True,True,PRIMARY_ELIGIBLE,True,KNOWN,INHERITED_FROZEN,PARSED,PARSED,PARSED,69774e1fde33995d59bf73f61c833b52853254caa338d82f7f5f4145a501c311,d3128439984bf61e722c747a47c73df0779f045f807ee116a129ed8526940e89,d300ab502e2b8302e37ec04a406b02f8deabf3f6b20a7ff80b527cba6e9f5fff,7be09236f12b8e727b56d71ae37415a29ad58c96ed7a4c6595e9d78aebfbc907,94659574d4eb8645134456159e5374655a7489bc69528349bd2628ae8d066f61,80f16ea129b56ffc80c323dcb151a2fd877cd3b6bdd1b2e473e1575b85f3e06b
RE/2010/page_120.pdf-1,RE/2010,2,True,True,PRIMARY_ELIGIBLE,True,KNOWN,INHERITED_FROZEN,PARSED,PARSED,PARSED,b44d569a7553ef532a3961d33f90d54b690ae5e96e2aeaf16412b8c588f05f25,302e522810013bb829ebc99787f87082f1b4534704c0bbde30381c30aba71398,1d850a35617708029ac440fb6bb5c705d5571238100eca47ff648ce760d13b50,69cefe5bc404cd34f4abc49d63e61500dff56c13ef85aa3ef33c6ac731f9c9a5,198a72afb14ec8a4ef61c8b7d49cf2f496d52898f2c41a6de5f6fc80d5606c94,63df8ea75d31d32e20d2e379e4e172585c2c7f6022f1f3ee78afa0baf1fb30f6
JPM/2016/page_140.pdf-1,JPM/2016,1,True,True,PRIMARY_ELIGIBLE,True,KNOWN,INHERITED_FROZEN,PARSED,PARSED,PARSED,8bb18dcf3a180a68eb1aa9ae4f76fa9056601c54514c9a51be690522d1d46c4d,8b55e93cd004ea658e7c9c02ee08b955b423759dccbc18f082c40fc17bab57b0,6e74f18d887b7fdc74dee548c0e34811dba19bfa95177a35a3e95ae3e8dde6e5,9b9b86cdb2d547cf73e5f70694cb7f45f4010c6771a2bae2b25f73e5d9df8607,b82edbae1c82cc2908aa2866395c769d05a2d53b8fe17d98c308d1c041d50af0,daf1df4eaeb024f212d096c2c7f49525b2fcb4f251b4634a6047efa6c0d6f5c0
WELL/2016/page_61.pdf-4,WELL/2016,0,True,True,PRIMARY_ELIGIBLE,True,KNOWN,INHERITED_FROZEN,PARSED,PARSED,PARSED,e1e9432f8bed0d7ef86b9d1ad6a0f7d8307e92ad69a62325c81aab027e0929eb,a0acd2fc9a9e8b7fe10ab2e0a55bc304ce517cf509f5008b3c93f0d83fc7bc22,2b3095acbdc0f749a6612d3e59831ef0fb5514588577f3d06073d550e0221418,3a4dca901b5b810661c662476f1196468a2b28831b9e956ac8b48c3732a888f3,25b332486d0c9a362c8c64472fa43b8a0cb81d6871bd787c3edec144eb27f888,e22d6c103008eee21f18d74ef23197a3cb48a28ac76faaa2adb49a383d562ac0
GS/2013/page_193.pdf-1,GS/2013,3,True,True,PRIMARY_ELIGIBLE,True,KNOWN,INHERITED_FROZEN,PARSED,PARSED,PARSED,88b825dce7c155cd007bdcceb69e923007e8e28dbb7d4b536586842e03c26189,48a59abd4219ed5dbafbe6650560e17a27dcebddf41158d5b22925308103e89e,e7e7f637747e4f616ba1ff1fb2dbffda46d8b694a5fbf0a9a787a577a219900b,0f7a6509e90ead2519247d84abe70fa133190380b69b455bf09d1004f5113369,f35141aa7fd873ccfce9f0a53e278e50a49f18c1b80ad0675b2b0a0d42250ffc,9f353f763af3f24c2c8f6a2c6d2bb6a3d9edb383fe99d8d829b736819e8d662b
HUM/2015/page_46.pdf-2,HUM/2015,3,True,True,PRIMARY_ELIGIBLE,True,KNOWN,INHERITED_FROZEN,PARSED,PARSED,PARSED,42c97b7cd5921bd47e7fbb1a5cc7fbbe5ca5d891771dbb7325348351c8f685f2,07b44dedbbd0dac9b6fbbb05d3e21fca8396b40da5e33248c9f8a92f4db7c43b,60c16283b08b05b66e1bf90e3fa9a7bdc6e687ae23f5ceb0906401f99f5a6cee,1fbe629893c9bac9918569c62f4a7872dbc9e1acfe4f1ae8b8a07a57c1e2b788,fe9eee28c1d3ee25846edca314aff8bd573c75ab5b38ce6da4befda0991ffb58,47ff02f8a257bb7b08106e0ef9ca66a91fdbc98caf6f13ae59bf398b1b148bbd
ETR/2016/page_324.pdf-1,ETR/2016,,True,False,DIRECTION_PENDING,False,KNOWN,REQUIRES_HUMAN_REDERIVATION,PARSED,PARSED,PARSED,59c0bc51b3bb2431946b0f1205fd8036242c78bf59df2ae2c5ab2581f1dda597,e9609e2a3b0efc65133efb7819dfcd137e937717f900ab6505dece604ebf778b,f9ba678dfb460928a2bf183d22ac5d1d172ff32bc3bb63af6a26f46d3a0b349b,f314f9df8d375876c8737baa84e761fb48782ae7bbcb217e7e45b03d94c65269,ec07c950f9d3f3398989ac7aebb891dcc6c224d93db2c7094d3f701da11407e7,9aa433fbf0c9df33559e9f9bb5d4ddfc88a84b1bd704ee8df273417b129eab64
KIM/2010/page_94.pdf-2,KIM/2010,4,True,True,PRIMARY_ELIGIBLE,True,KNOWN,INHERITED_FROZEN,PARSED,PARSED,PARSED,aa748d573981f5410bd8c0a7dbaffeb7c0efec5d81cabfcf8861597520348232,160eabe66c79fa4742c20119217d83048d3b8077798c79276f9743f587d764bd,1689bd8479e25f3dce36b285f02976c2e4083c3c2eb27e947434b6f13c6d13f1,8bb0f7dadd7082b3d4d3a4346adcb5a79681cb1c8e04329303cf9080ab0e72d8,0749e775d16e46660bfe5ba2477ca33978f0d12ce77f6649c9d5aad3845f0353,7128f3d7dc1338d516e77afda08280d2c961d4b8f8954181216697bdc63bc071
DRE/2010/page_56.pdf-2,DRE/2010,4,True,True,PRIMARY_ELIGIBLE,True,KNOWN,INHERITED_FROZEN,PARSED,PARSED,PARSED,094fb28c1c68a9f0fdcdb42033254d80821a614363541c61d282f44310769e11,6d50d56f4974d91a6800165228292dd5144bd6c936f9067f1ffe3262fc71a235,5c3f1939ff66cf93b5fc77f99778fb99f9be293bca245b3c9cc818f69adac25b,b5cdb994e5e628290ff82ca11942299a109a174025e25b6e7118433b68829b79,970545ff01b22407fb342dfbd681aaa5345c5d0ec6044528f5362f02469f11a5,7ad7e1c25fbff67a255e94dddc5789e80c7cfcc453a3f6fd87be6cdb293a871e
AAL/2014/page_89.pdf-2,AAL/2014,1,True,True,PRIMARY_ELIGIBLE,True,KNOWN,INHERITED_FROZEN,PARSED,PARSED,PARSED,edf864dbd5621ec9da6cd42a2183d6116fcb87bf9ad20e7d031fae41515b8367,8afd36c0fde9f1a8dd734c45dde01680ad892d08e07eb40b9cdb5465a0c2613f,a1ba7115da33f8e99589a9c8744f0ffd6683ef246284e2231988c327e8cfc0d7,3b81a4bbb5069a140745761515d6f7bfcd38c5195c2613c3d6adadabfe4f90d3,60f37827eef8b2fb1936039482432e56491ad5397399cc011f47c06f5db9571d,f0e14996721675d3c8ac9bc2192c31fe3b821f247421ad10cd67e14870b21045
BLL/2007/page_75.pdf-2,BLL/2007,2,True,True,PRIMARY_ELIGIBLE,True,KNOWN,INHERITED_FROZEN,PARSED,PARSED,PARSED,35f8b99baf75f298721b35c70f7d8d395ed335bc3395a5c2f54b0e160b5ae2a4,cf2fe8706bab586941964767ccd31c1b2a865a7162e05fea4210f91a93e0132b,cfd2d16c26b0fb98f60b86fb4aa70dc9a3d311e7ff0196e0bdb8ab1a2b73c0b1,ecfdfdb1dbb12cea375fb46cb2b6483856871150b9d9f7deb8162448694b0ebe,77dd764d31c4b80587d22fc266ff563f07fb2c72d874e9f4ddd190a8f7b5f489,40a115bbc4907b6ef092fe0e7543e43861f9d8c70510cfc36c77d0af97caa409
VNO/2010/page_173.pdf-1,VNO/2010,1,True,True,PRIMARY_ELIGIBLE,True,KNOWN,INHERITED_FROZEN,PARSED,PARSED,PARSED,15e215d5450db8553f10cc911da7b69622ed1a62ccbb642d9a5f49e6ded333cd,fac5dab840d98548fb190cc661cbb7a219127ced2b19c9d7fb6e908aab53b2e9,49adb3c2ebac80d32369f0c13cba1a434a13ed9cb2a94273ce8216086f700cac,f172847556a8fc5892a51cea32b6c84bc97529f0ae961ddcdb9994b7d5748882,4fe70e92e01d835362629c77a695b3ab604bbdf783bdfa3121ee7c73395e2796,48a9f6644f6921ff7f13fb5fd2db0606c2e2417addaab0cebaf19e0097725f43
RL/2010/page_11.pdf-1,RL/2010,4,True,True,PRIMARY_ELIGIBLE,True,KNOWN,INHERITED_FROZEN,PARSED,PARSED,PARSED,b2f5bac3e07b57574c63e2551348ded1a1355dfafe2c287a1867b39580fdb198,082ca40a15ea835482e6c1c896f80fce7f79e44b6a8950a7aea1f190f3eb7c58,19a8dc5a82cfba77fd3c12e3581974886ac1dab041af43bbe90a3b929e32a45d,628cedb10d7f23024eb4fc499bc9558c47ae0a1f013a9b1c47a26786be80c01a,eac9b563de913bc86916ed3954cf5fddb3f8e0f66616eff6e44b293d439b8abd,8d91c3b09e3855d50ff773ebb8a2d12093b72438b9fc93f0bf1fbc0d1c1d3f1c
LMT/2016/page_83.pdf-4,LMT/2016,1,True,True,PRIMARY_ELIGIBLE,True,KNOWN,INHERITED_FROZEN,PARSED,PARSED,PARSED,3855994e4515ac76525127c6a4c994c30715281d5e559050abb05c5b539bb32e,6c803e9eb9ec3662acac972b7b9d4926fd2d5a64b953a7b1e1eedcce50d454dd,ed699f38273346dc8f763f51c10ef8e2130013ce832c5ac06169f9a0b675c906,ae47c1dbeaa37de58405e7b0539942e9fdf36a72d4c7767c987be1f66e5fe314,1abcac0798e5e0c34cafc23ecd5c5e7349d5a05e3f374fa97580644550533017,185c519f852740f6b10dd40cc699e2b1fcac995a215e9367e996c10930ebf52d
UNP/2012/page_29.pdf-1,UNP/2012,4,True,True,PRIMARY_ELIGIBLE,True,KNOWN,INHERITED_FROZEN,PARSED,PARSED,PARSED,40bb1f3f840bb08b2d6365c985ef213c2890b39d1777bfdd3ee1723a92ca6739,ba30905ce76a4b83038c0b252a28de652a94b4c8e958d0e6829086632e93af33,b459f3f44c0256a66f1a3afdc57a55e51028cd21d8ad18727f2a4d9ae2b5f774,1cae8924bf3d13fe74847cefbb85c87e755a1b085887f596741b682a1ca89652,aecb83bffc5ca9ef0f1acad37d615ea1b55e62a90a369e586858279ba9a69a99,caa9e7227c205efc576ad056b698d744466ff4251b381d3aa931ca289982a3c6
UPS/2015/page_35.pdf-2,UPS/2015,0,True,True,PRIMARY_ELIGIBLE,True,KNOWN,INHERITED_FROZEN,PARSED,PARSED,PARSED,f6fde1951eada769c424f85c47691eb964f2797874fb901c4e072aa901f29b7d,a4b6902f43a03b42fd3fb3bbe8cb08c930b73663989ba18200901b87568a2ca5,7db70c15d3b78a3f5e5017eece61f42d6aedb4ca4191cc7350fe39d692b70300,9dff6a40279e6bf1a35ff57c2acbd391f0733eb0469d635130d9ce3a45db8938,fd35038525df243bb95ad02f7c54b4ccb481405078062be110f26fc4f6c1365b,259f69304be6099d81863048908ae92dfc9b3d6a4ece672b7975b49af7d8de29
UNP/2010/page_24.pdf-1,UNP/2010,3,True,True,PRIMARY_ELIGIBLE,True,KNOWN,INHERITED_FROZEN,PARSED,PARSED,PARSED,c80f68e2fbed739d7c69a857a6716bb43d157f4e83f37c31f813f36ee62a731e,65a181d0ccc8251a51d015f4653d10d064689a0cfbf8ee6bb32ea960065c46db,34308fc7da72991d1f695e9fd1f472f5a22514d2c218b3e2c71e6f3f0536bfe7,610af4cfad8a9b7137a1452a85d798df800d984c568f6601757ca3743c4dfc8b,a7123e28dde73fb04a03a4776eaa277edc66b0ac6f13494a5f0dc81345fca5c2,3ad58041336572d42d59dd3699055e3a970508c72565fba84513d2153c6bbb52
REGN/2010/page_72.pdf-3,REGN/2010,1,True,True,PRIMARY_ELIGIBLE,True,KNOWN,INHERITED_FROZEN,PARSED,PARSED,PARSED,c41056d04ce072170691019a3a12e5cb576890021e02ad93149283108fbe0ff7,ae60d7052069063e8e15534776964c7f55acab67d264015122cb19235efbe88e,6277bd25650b2a866ee183fcb5b69951a1f97e5b76478016d9e8dd4c7a86cc97,07d5fdb936346cd0feb8be62ce9c07e1ed040595c779890382d5240c7c69c026,31118c1662fe724e60b20f4806ce7e8ee94c27484cf7b41ebac2f55dd5b1b701,0fd36e7cf7232ae35603d1bf5e0e3246505887a464b64885bad72ea2b6f6413e
RCL/2014/page_80.pdf-1,RCL/2014,2,True,False,FEATURE_OR_PARSE_INELIGIBLE,False,UNKNOWN,INHERITED_FROZEN,NON_NUMERIC_ANSWER_HASHED,NON_NUMERIC_ANSWER_HASHED,NON_NUMERIC_ANSWER_HASHED,9324d41ebb5b5bb3c06a3ed0be59a75cb6b6c3b7083b532ccee078a5d6c6d355,f4e405185b63899d9538e580252071688ab90dfdcb2a8d2ee980527331685a03,b09d0f1266cdaa55bcbaa82100d1119d391d4dfaf892a1b8777fc41283447ba4,24b33a0c1146f01d9db0c6c3b5ec3ca091afa40ca4746199bc0a48fd46c8e851,da1286feb669bb986a5b97860373ed5875c32eec23d8d9173da8a812b536f9fa,e37b2534e51f9de67a32846d7745ef6a79ccb975d8dc77139cf86f12f790a99b
ORLY/2009/page_77.pdf-4,ORLY/2009,0,True,True,PRIMARY_ELIGIBLE,True,KNOWN,INHERITED_FROZEN,PARSED,PARSED,PARSED,74eef2a9a9b780a366c8a71c4041a425ee7115405714ef8c4040c3384333479f,0c0c081d21f459cac4ae69db60a25acf8eda3e7096ab52ae126a433789a85355,ad9cb143f83163436bfb92dd54a236b0460f23fb08ecc6bb606fd99b9adf6f87,698ffb55b8ba5b8c980c526b868d1c08cdce5ba46fabffbd84e66c13880aad4d,bb40e8294146bf33f1d243a7ca9032179b8d8299fbd63f32b240d4c38eba4580,6ce336042c869fd735b491f8b5c0cb7533103617f7566ba0286cce9c27e7a2e3
HIG/2004/page_192.pdf-1,HIG/2004,0,True,True,PRIMARY_ELIGIBLE,True,KNOWN,INHERITED_FROZEN,PARSED,PARSED,PARSED,78115e06a323142b360e7841efa2ac609d4e9225d3b61ea13afe80e720af5a0e,11b74ea490d8d14a7de93df0ca1b1ff1493f1cd673d90cca7c52490a4fdef381,dbc1929355b5f95f5a134b4187abb595d661b39040899a5487d50191a926e9b4,fa346f317606058a0d501cfa59a54e32e373173ebc4f5c735ee95516041afdb9,9bc2ac8d145d7ace3bad86f4408b11f9a39aa66f5780bc865a53474847899d11,c98b455fad6ff9914ce80d9c78fac79bc20ec09041294c7dca256dcf3fded845
AES/2011/page_270.pdf-2,AES/2011,1,True,True,PRIMARY_ELIGIBLE,True,KNOWN,INHERITED_FROZEN,PARSED,PARSED,PARSED,4e8da94c80e5d64ae66ed9c71b955b178920f6fa1c27a024e242f15ca2a83a45,c0eb0fb40f18d0a37ff8fd8414d57fb824adc6d82020ae0456865f1c3bdef833,966dcd66e971e01fbbd78d89f0989623c49fbcbee0b98df75970a17c4fddad77,4de509efdf75609dbc5f5e1302a7b839407e409909845aa7a3d6263db4d5cf63,f77377de92cfbe7d3225628e042d8004edd40bf1e60172e992d54cae7feb5890,b40732d20e5e30b65aa8af42e5cda1ecd1046321a4cdbd4f9400318e7eeb26b2
GPN/2016/page_83.pdf-1,GPN/2016,1,True,True,PRIMARY_ELIGIBLE,True,KNOWN,INHERITED_FROZEN,PARSED,PARSED,PARSED,f16a10fa1cd916d71767fe1ca0ba7fad226a84fe0350c825c3ef96dbc78e09b3,3fae80f21c1a71af4d20fbae9b42b40086e5693517ef447f24da143d94eff630,17a6dd1b12b1de5c6fb0af1e534fb8e6671e1e0f0d12dedaf24d0a98fb46b7bc,cefaf185a24d996b035403d5eeca85e783f32c07326aed7577ae0215feb5009e,1de9cb76abf4d817dc84ffe4ef3459a3017fe1da3678aa719f4d5884a7def186,b92af6ed05ab8c227f83c811470c0d9889a3d88353a638a9db2a4e478268ceed
RE/2006/page_122.pdf-2,RE/2006,3,True,True,PRIMARY_ELIGIBLE,True,KNOWN,INHERITED_FROZEN,PARSED,PARSED,PARSED,d8969b0357b9b2da22a91effbdc47950539e5fc650ead9e8a612f1a080fd0760,8e8bc22bfc7c2a01fe466949fbfc42460cc0cba6d6edb97eb14648c8876ac5d5,201daa7e848fdea1cc1465c8cf63edbea07ba9810f32782794ae4bef63929e20,74862c9f96070e0de77c100c3ba7e2afa69bac6b584469dcb8636213c5cf0c27,eb68c65968688fe7a71f101fed20c44342d90c6849a1349aa04ae9036b071279,a046e074080821d7100ded0244eaaab03f7bc674970524e631242647b3c9dc1c
BDX/2016/page_62.pdf-1,BDX/2016,0,True,True,PRIMARY_ELIGIBLE,True,KNOWN,INHERITED_FROZEN,PARSED,PARSED,PARSED,fff8b02a2e3a650fb5e890f36c673bf6231855d2cf51f9decc210d490372cf94,c69720f2246088dd9789d46dd881318fd530a051418158cb296a0cdb9fa87210,4f445c8520455ba82360905c4364f264453eeee510e8f3e3608ce556a265868d,03cf8357d667d02b8c677fa49a99e69914d904f986b7bd0681cde4c8e851e235,4014da2381c7bf98436aa17ba949bcb0970e16776c0147ba16c03c3c9f8b75bb,3e0c3ef56bd21104a60963446d9854e992542da39c547fe9d60815ae36fd481c
MRO/2012/page_39.pdf-3,MRO/2012,3,True,True,PRIMARY_ELIGIBLE,True,KNOWN,INHERITED_FROZEN,PARSED,PARSED,PARSED,5054c3895cb6df887096a03c0825f0b36a0771858595ecbcec96a32ebea4d184,c14c7171506c160be7cbb7cc351744b809ed36ceb1a4b8162124d65b0566f106,c8fabf2c0bd7f5ad00c8f65d9520b5b47cf03435a55f8476c7aa9e6a3f16a8e9,6627c75c955dc7eb0fa6c4ffe00b4d1a9545b5768bba4075d3cbc6a50ca09305,4ed88deb48b6ce18fb8f358e2a60760d613382eb14d7b5519eb95dbeb467cbcf,87a82c3ad73bc9ae22dacfb0e424e7b5646622a0ba1dd567604d7ebaf0e60c22
VTR/2006/page_88.pdf-4,VTR/2006,0,True,True,PRIMARY_ELIGIBLE,True,KNOWN,INHERITED_FROZEN,PARSED,PARSED,PARSED,17ac5dd4df09f80f3412d518f93663724445b2c3983b058b660386560345248d,a61f22fe11c6a57c15db64b564f4bdc06d2675b366cb75a4dbf1c6e496f734f5,7da9869b736aac3bfe19f75d47963cc98159f246da6bd59d38940fcdd31fdcdb,4ec645dc8a632a1eb98d298a394eb54135d11fd9ee63452a751dd51803905b92,cc3a7b49aba04d0d08800aa5a18f4cc6254d9bc4fb8f5ecb504a26cdc8e9cca6,0df07a382be72c1e3813748d34c2bd4433c6f691e8d433a46bfc1ddf67d5fa69
HOLX/2006/page_102.pdf-1,HOLX/2006,1,True,True,PRIMARY_ELIGIBLE,True,KNOWN,INHERITED_FROZEN,PARSED,PARSED,PARSED,f69c60b003a7357624360fb19d0a85610f7bc7b81f72d1b29cd12cdc88030915,ae1aaadb9df5693027bf86e91c9f7e912dd556a85393f25f12452d3b360a08b6,8430fe19b6fad2f782685b25c6960dec77a35aa8e018e4639067c56996e4d3ad,9d00f2e88a5893db8fb376d4a2042750a780fb5a76f0830b26f9a149ae20e735,edc4325c4bc77f2207c41b79cf841086edc64f28a8cee53c898c489067eca089,bf857f0e6a7a32aa20ca99a9b507c6de54161478ca2af6a26bc7a2ad3612d02d
MMM/2007/page_66.pdf-2,MMM/2007,2,True,True,PRIMARY_ELIGIBLE,True,KNOWN,INHERITED_FROZEN,PARSED,PARSED,PARSED,3ef7517a605bfd7739f6983489746728724ee356fa9593365f13764f3a431f01,f2eef5853cd5e13edaa8b465138af4c070662c079f2b7737974908372255c5c1,ae090d3333bf985535e6d19336ad99886cbeab5a0a7418376365d1595e424c3d,1b7429b341983321d1912f532e5d7de4798137878097534924f8f4a5ea6ce962,8b5803ac30fbf578ed515915756aed3afc3dfb8d91ffc770d85b1a30f1d7b942,ded562a23ad7b609f8038688f52615e9b4d7e2a6d5a1830c45ef41cb2dd97f74
UAA/2016/page_83.pdf-1,UAA/2016,0,True,True,PRIMARY_ELIGIBLE,True,KNOWN,INHERITED_FROZEN,PARSED,PARSED,PARSED,1545e0edde5ccbcea33a92a35e8050346ccfba03ce0fa58dea2a8df6ee51b298,b23c35c08c4cb6c5d6bc43268d240b83eecbc0c8ac182b4cfe429c8b573300d4,8d7cf8edfc009bfb49a1b3c86e0a7ee1e12ccab2acfa0491a0ce9ed331e3f618,1b2c2fc0bbe2d8332d80f2ceae704ccd52ac7117a23c893a57a1458433217a89,92fff130d003cbf0b7ea944979d7888ab7fd2ef93242778c2d75aa14b3dc4c94,040b1a28acad1a7b76714542553a5de07bb8000e36a672fd69f505874e15e097
AAPL/2011/page_24.pdf-1,AAPL/2011,2,True,True,PRIMARY_ELIGIBLE,True,KNOWN,INHERITED_FROZEN,PARSED,PARSED,PARSED,0e994c57e0f35d570bcb534e19b0e2678160353a40461b4bc73d392fb22f640b,bcd847e2a2eba663eaafffed097043c726167aeb8be5b14051fb5b0635a8a404,4d0d4e23184df3a4cf5be199c614236acabfbb1c0ab2d63f58f77e0fc4337023,113a8c3202e84d0858c06b942300e88481102d0847150cedeca12f74029746ff,56d241f021504fc5d7f4e41b127a4c0fa54c898a13f0075e9d0295adb83c1406,4a1d354800c61603fd79780eb3cc382911fba8683eee4b8b527d0820e449597e
VNO/2006/page_95.pdf-2,VNO/2006,1,True,True,PRIMARY_ELIGIBLE,True,KNOWN,INHERITED_FROZEN,PARSED,PARSED,PARSED,4ffedadf2797147da330e7daf2ae1a5f5e954a39cb5164f1e2062ea94ef7213a,1a7dcd079d7ba9d0e1b0a92fd756adbb73d5721d7991f2f00459e50413a6c601,2a64445d931d17ad44a2c2d505b71903d2dceffe040fdbc65ee4cba05a2168c1,12ea2e4b3c87a5125434958dfbe2ecffa7bbc3e2ff7d36d4733b096a59d99373,aca0824a4665f6646fd4598de50fd531e9d937355df24b3ce5aa300cbea38579,27185732f49f4e4b4f4168a63a9ffdc3e69941781113a8c193fe7ac276ae825e
DVN/2010/page_70.pdf-2,DVN/2010,3,True,True,PRIMARY_ELIGIBLE,True,KNOWN,INHERITED_FROZEN,PARSED,PARSED,PARSED,75fbf2ff2e1af8b300b78da7a2328698efeac8a64368317ab255a0371bb9c94e,36901520eda428014fe67265af8c93dfeac644bbfa1ba1ec195fc6d969034bf7,42db99199b773ee24496e733d4477d6811c2c49c3fc9fda6d1524a72b23f0ea9,fa8c43bc8405e462d09792f030498982c728142626c4f251cb44cb8452fa4bc8,bfad8de0800c08701d358cd6918fcd653ad037563b51b5a3b1d5fc67e2f40407,1d4da2cc9c39d94de98138764be26e1033e4d2cca920428a49b6b0c4c79aeb20
AWK/2015/page_106.pdf-1,AWK/2015,0,True,True,PRIMARY_ELIGIBLE,True,KNOWN,INHERITED_FROZEN,PARSED,PARSED,PARSED,bfa76be9227b3eef71a7e9f9be0986a5c9ca5c06c70fe39c87720e1a9e614707,79fe3d24c1aeb531a904b7a59f60de15e7b780c835a20d406994359ea147054b,dbad30cf2c0d3eb2d6ae6f0f289357b82888fa247b2e5f6a6cf71ba400819353,1b82f630e9bf3c4e263eba73e87ce6819632f4be46fb41907fcd47e73a57cb74,f5beb5b58db33986577962eaa253df133b7733cef20583a782528fd6273619de,785bbdbb7894a4e8a11fa68ba8e1e06ae461bb36807c446a3fd2f9f41ae0504f
WELL/2017/page_48.pdf-1,WELL/2017,0,True,True,PRIMARY_ELIGIBLE,True,KNOWN,INHERITED_FROZEN,PARSED,PARSED,PARSED,03b02b72564c75cf3f6e022a4eb127ca7296fbefc882380d8cdf50bd0bc239eb,143865fa44ef08d68a9f7e9645f63f98f8b91f3e22d415ee801f99eb6948152a,df0bc96bdb1e5a8c984e5b6d92ba06be876820327e378d70cb23a9a9eea54354,e3fae16e0c4c2be7635b7970b532953c6d11a01f78526bc72a969feee875fa0b,28b1072c1eae91772839e7fa271bddc53a6117888d5bf85b0285d1693fcb68db,0bdc59869f3fd9ff4783317a80df57b80421cac265b865c5421495ac91dce936
CME/2010/page_71.pdf-5,CME/2010,4,True,True,PRIMARY_ELIGIBLE,True,KNOWN,INHERITED_FROZEN,PARSED,PARSED,PARSED,2c9fb2c72478fda50f564ebbe0737e22894542ed36431505aaaddcdf4caf0e99,21d5cf328a9cefd315dd58b59f41ec476590e853cd7798a9872947308b450d02,13553887181b4821ac7941beefba4695e663b575125deffafedbdb2f9a25b7fb,062691ee886f4eccaaaf83bb407ba5077712c98a8cfbd31c577c7d7233a08e85,ba278e28cbe4ed66be71828e16fb0ba27367d4bcacaa1f7caac368f472cb5ab5,51c10ca7e0e6744cc8ec38c19403503866e7dd105501d0814914a8bc37894db2
APD/2019/page_108.pdf-2,APD/2019,1,True,True,PRIMARY_ELIGIBLE,True,KNOWN,INHERITED_FROZEN,PARSED,PARSED,PARSED,b30c9df864f6f54347cba108e2574cfcfc15a05e4d75e584a49a995eeec463da,c2c78d42bc5bbac18ea02013c5e7bd7cd735b54285c92e928eed97120311c402,9b71fd7c91e111a9b88ebc91fbee5a50b681bbcafed5fea569f5fd98da9b5fe0,4b45e986bc70cd5291dc4369d0f5eddd56136686dd649517fc13a5d9a5c6eced,d0198d7dcc0485575bc6ca1e19e075219fa01823efd733d6684828136dcfcbf7,07aff4ff77bbf4d850315af369612d13af7a01c582a2c5feb27d1b5f402df5a0
TROW/2009/page_24.pdf-3,TROW/2009,4,True,True,PRIMARY_ELIGIBLE,True,KNOWN,INHERITED_FROZEN,PARSED,PARSED,PARSED,e1388cf062f9ae0a503f61eff3cdf4cfee070c98abc485082e0ecebb44b99e96,828745f7c4fdded1500f513b1f0bf0200c258e06e56b00e8da106d897f7259c4,7cc7ca2e0fc14c901ea712bd776381a6a81e7ed7ba3d7d6f24a1b2b8a293f670,2114cd6479f07537d9b580298461a8c5b3bf8e699360e9a5c5b97f6196d6e231,6a46bd17a1bdf5f0b7c93c90c8e2a7bf6d96cb7ae3a292e4f73956be9762e82f,b36a4c82d191ff58caa4ec0559a9299ce03e3855cab476c5f68ae5e981751ceb
ZBH/2008/page_86.pdf-2,ZBH/2008,2,True,True,PRIMARY_ELIGIBLE,True,KNOWN,INHERITED_FROZEN,PARSED,PARSED,PARSED,ad4cb4ea4ea5fdc79f188b4b828d24d9911dd1fc92036cc4e69be28e55dab61e,bbb8d22af373a57c99fdb74312cefbbff04c4436f1807bc22faf84aa660cc3f0,8fad2ee3db8be0359df384693a1820b09b9a23e6dbace9de43810b33c36d9187,9fc792aedfd33503419723396a24cce3f6012c94585d6f9d17c5c4f88f2bfe62,4f3327c3fe534888ed8e9d0f9eb19ee645aa4330db5e4c95e05b29fb5d2b420f,dfbc0743a65b3878504f92217812f8ad7a483343cc4b338edc6e5b60be93ef60
DVN/2014/page_88.pdf-1,DVN/2014,1,True,True,PRIMARY_ELIGIBLE,True,KNOWN,INHERITED_FROZEN,PARSED,PARSED,PARSED,bd045112ae4c9aefa6254e8de0a50849a6988e72e69f0e6b230e011d1e626d36,4d7db8733c067dab8977594f0edd343a5dbc414f71866f5f4ec92a5b02802704,7f29a364d12d3702ab23d85eeb00e606187723efd1eb8e3b9e93fd97e87de9f7,1d7a93edd971aeffa5b079fa11f78343304a75ba1cf6ba12c9a64feef7bc689e,2296522c205b4209957969ea15b443772f63f80323405d8cff47c47447f6210f,59f0ef2cff09ff81b5a49dda0d28e9c4b5c67bf677bb57621815ff7078599b00
ETR/2004/page_158.pdf-2,ETR/2004,1,True,True,PRIMARY_ELIGIBLE,True,KNOWN,INHERITED_FROZEN,PARSED,PARSED,PARSED,c38e9fd4ca604ad44140c4d55dbe5f194e1965f05690057d122cf2defb4b5472,187c66af6632eaae0ee6095f84637bccd1d90b5e239100a81ac4d28fccbc3e18,5cd58ee517d7eaf3ce22a46469acbc13c76aee4cb0ee01fa5d53d46c4fce8479,0728e437311578e37dea774d780c40420fb0164975d8ab4347af8dc5c7c2dd7f,ed9eb09e6ac1658783e4f8b89323f333bf86f0caf3c39129f00b1c1431e2f4f3,5196c6ffd2cc36aa10844658d22e53da853a41c853f4440699fbef0c6708d753
SNPS/2012/page_62.pdf-2,SNPS/2012,1,True,True,PRIMARY_ELIGIBLE,True,KNOWN,INHERITED_FROZEN,PARSED,PARSED,PARSED,0467f1ed2966507035d5ae1812afd734a9ee78421a7dd0f5438a7cc4976237ba,68e7ccab82cc96cd739203b2f6d93912974a5e0826fa2170b08163c7aadf76dd,7def3534e3d13909324d1191ebc7305b7f8ad56a3c260a5c5dff605aaed38ff2,4f01a10c39329dd879b2c6490bc808ce9aec2b420d7753423b8ae368df957ab2,387a787081e5e74a338f02014f23c7d8e351212dab89abf06518bd5e7af96e9e,0c5c446473591711ee2fd4518d7d335f4939f5a8f21558a59a2c370b610288b3
HFC/2017/page_103.pdf-3,HFC/2017,1,True,True,PRIMARY_ELIGIBLE,True,KNOWN,INHERITED_FROZEN,PARSED,PARSED,PARSED,7f7d635dc5e90cc5f2cd704bf29da794f0dc7ace5047b541059dd879bf134a41,28c4046f25c32872ccb79123903ffd7a74903c8fb6ea354ca69e6c838111b107,2a31a4a3e746044643fea5d258eeef523040da359bb2e5a2f118a584cd5f047a,8e327e408cf5f334a5d039072e1493228a3370598441d6a08fc30b9b90ed9d7a,54a257f56f9555f5bff880f6595f9a1ed19ab86bb03b72b05302a2844e73a2f4,e2426125c93a338f3f556525611c301fb9c56a4ac5de2b38835e072bcac5ad5a
HUM/2007/page_18.pdf-1,HUM/2007,1,True,True,PRIMARY_ELIGIBLE,True,KNOWN,INHERITED_FROZEN,PARSED,PARSED,PARSED,8e086f242a6b8af3d8b730ea8c675168c00e77b274ed4599541850e2d615f5a9,e86ceaa22ccdc3c0cca404f4705c609139534e177a5053750c1f9fd586d8fea9,364a58da1164118fb72a7daef561e3f66f8b3bc86c35b2e039c267c3392f4fcb,6411248f33decb7c257c3c567dcd42f316d22b087dcb5c32becaf68b00f0a3e7,d3e119b7761c08c00644ff1e1c3f7429967c7f5a867e1a82d9092d85c913a8e4,ab509d04f0995b567d5eaf9b731a739b59cf2254e0e872159da2687be808fdd4
CE/2016/page_88.pdf-2,CE/2016,0,True,True,PRIMARY_ELIGIBLE,True,KNOWN,INHERITED_FROZEN,PARSED,PARSED,PARSED,be4e0bc65a6c9ccaf69e23e1e228e6c817dec1f3c2b6366f2c463694caeb48b6,2f20415670c0be6265ed6beac84186b5e326665d4e7aba63313bdc3f2a086bf5,baf9a0d5218e56609957bba164093f535e82e39ba40ad0d65ffdacdc3fd4673c,b60774b0e1852be8831df5a51861ddd7d1faed685e1b3df8f5c5cdc522933fee,e51c91247f7c81a4ca393b2b50bcd1abd6274adc11a812ba4b0bafac8e968385,c510c01e9894e2171a7b0cbbd83396cc3915ab372abeef34b9922ce02d536af9
ETR/2016/page_444.pdf-3,ETR/2016,1,True,True,PRIMARY_ELIGIBLE,True,KNOWN,INHERITED_FROZEN,PARSED,PARSED,PARSED,6222d3f3909419ea287a03ec542840e2c2ceedabe7845367404afe7940b6357e,2bce24a749abaa167b6aff58a23a137fb75172d686163a34607bd9f34912ef42,e7edaae03a7b7c546df98c8ba12a54e6ab459c34393d98a673369b288a85cdf1,a3f24884d1fd0b5e03aadaecc1b65e9ee20a56453fa565000ee37ebca653bb98,dfac649ddedec6f32a5db34fd9ea2f3bce0aaf12633cb68bb84caaa69651337f,8e5809d37527882665bb26f71b1cbea438536a9ea7df8c360bffb4741cf59e95
RCL/2012/page_80.pdf-2,RCL/2012,1,True,True,PRIMARY_ELIGIBLE,True,KNOWN,INHERITED_FROZEN,PARSED,PARSED,PARSED,68ff79861daf38a71156a2d81dda56ca45c78b7eb94f635de973353b4ca2bb82,ceebda26c6c6ab517f0736eef3d91b3add16f71622654cbc7bc9f58452dcd324,22017a5dfa2ab30a089bca92d9fb1f68b7bdc403ba5f73ddf6671c644a0695c4,3a34f2f43439d739222cb8dc860e3a0634957eb32aaf753a169d484afbf3534f,b971253637c093ef874511449a8b4bb9334a1d22b0e64bdb010d391cdb6190e3,21718821fbac136498fd0fa9e37643bb812740d0569cad09d2d4e48fbfa119ae
AAP/2016/page_65.pdf-2,AAP/2016,1,True,True,PRIMARY_ELIGIBLE,True,KNOWN,INHERITED_FROZEN,PARSED,PARSED,PARSED,38037b1fd676ec8d35fa6f9b855053dd8954af56242a0ffb7b365f816fca8f93,c11e3766eb745dede3bb6efec4595e1871cb38750eaa575bc9707dc44aba01ea,d56b50abd73d1a0492f73c32fb66bdba73b88ce79090a5e68cce11aab2c5b592,831f087440b203886887c4f6028bdda16e49e8311f7e4645e1b2b2e2180c0148,d5ef11daab3c9ba5cede80aa4e19e5eab79548670cf51a4fde085fda451fe073,df01d69c36d499b21ff6a73ea92e934a8b0845698fe74b108e707103452ffe8d
RSG/2014/page_73.pdf-2,RSG/2014,3,True,True,PRIMARY_ELIGIBLE,True,KNOWN,INHERITED_FROZEN,PARSED,PARSED,PARSED,b28e7f509052cc1dadc213ad805b58807eeb2e2fde6d502eaecd8705bab82605,81e5269bd15962f9788a7f9cd369b2045fd9f272ca35296ad218684199026e8a,38aa3138a3993b8d67f68161023f358f73a16d580b7527ba51ea7f787a0e57db,6ef3e69281242c5e5e8f68101ecba59096b7cb097946ef6a2dd64833a433224e,f57726ad22143c152736ca9a096a83240fc8577480438c5393e9386a26efc11f,df8ddd3a8f4038105d6e68c118f3b17f011d5f475130a2d47840e84424830c42
ETR/2008/page_130.pdf-4,ETR/2008,0,True,True,PRIMARY_ELIGIBLE,True,KNOWN,INHERITED_FROZEN,PARSED,PARSED,PARSED,f31bf2750e3c9b3d2ba0232fd3d6c43ccf06674538ae41d32f9d0f2c1a5fe7c6,c24e9f07b732b87bbe061986207283ee3ee9ae74c988bb9ed45b8c588b4e2ef3,6de0583df0cc18aac697dbe913785beb432de44a752eee83725ca0f551e9d5c1,519a9aba0fbdc732a28b5e741d4f9cbb186a64bfdfaf86c3ae58cbaf81548ea1,09e6c4da8eb62a759e9ffcb3aee3cb03af9a16c75b587ad1c92e59518dc3cb20,71b2f9f82ee8a92f0b0a9bb19cc69040f98cc14199cf9b0a9cb2e42e92b7e562
AWK/2015/page_115.pdf-2,AWK/2015,0,True,True,PRIMARY_ELIGIBLE,True,KNOWN,INHERITED_FROZEN,PARSED,PARSED,PARSED,31c83531af88975237fe6980a696b687fb4d38cad10f3dd5105657da177d15aa,b68df1a72290f9953c4ecda9e65a23406ad3a5aeb2cfd1299f4bd5d2fd658a22,7ea10fc3fc274fa4431a1e03624c3f64052c699a7ff472f9cdcc3d06004a90b3,31aa5783aecc268a3846415d5f6ce0ec53a13f93d878fb33dce2d8f90a5c29f8,d00f6481ee8e03c1934c42783f0bdbe4f0c8310a9bbd486636ed7988b24e0de1,171695c371b67d6c944bcf2a95fe9458b0c82a920ae2d1c90ef7983731de0aee
VTR/2007/page_97.pdf-1,VTR/2007,4,True,True,PRIMARY_ELIGIBLE,True,KNOWN,INHERITED_FROZEN,PARSED,PARSED,PARSED,bcde63c67b35c86b5d747beb0616aa721398b7a46a6b36bb48759444ef777a1f,98e28ce3f88a04dbf64651b334f293ba71f7360a215893be9e9ee5c5998c054c,48be9302da430d6f294da3a94c9d3dd5d0e5c771d28409a07e0fb1d676e86b8c,75273fe2c24053c35ea4772a6c4a39f9d5215c3009225dacf2b86ae7cef30f3d,c1b4c61536415ac4a41e009d26cc25d193aae5c3ed51dcec04657d96df8026a0,dc1f569dc4abc1bc7a3c81a387f716473972f7c3e46ff41a1150fd3e730c8d85
JPM/2013/page_124.pdf-2,JPM/2013,2,True,True,PRIMARY_ELIGIBLE,True,KNOWN,INHERITED_FROZEN,PARSED,PARSED,PARSED,94c2e62bcef5088910181dd7196cd2ecf0b57323e9c6ba8568e477f0c92a1c0f,6ad9351ad24875f778f62891f82b55589def231fc38c58a271dcdbf9a9a734f6,cfef4a049da77ac00b614a52f8f81af6eff06ac2ed5e79b42ac4313aa847512c,4e0595a45fc486a8fefda8931a0d13fd7bce8bfa0404b6444efdd035180d7f03,19d0a20cf255d765c9aab2d70ffd4bdc2032786804fd6a57afba02e17c7a8a7c,2fc7c0132c7372eaee60c2cce9eae8cc5074c3d93ca16f70ea3223b7f7d71acc
RL/2014/page_11.pdf-1,RL/2014,4,True,True,PRIMARY_ELIGIBLE,True,KNOWN,INHERITED_FROZEN,PARSED,PARSED,PARSED,149b9bf880a1b672548efc3b525e7e94206814acc6f8699456199e2d1dd629a9,b050095cc06f4eef2aed7090d62b679b2644fb125f310891b5374b6dd37ef534,6f3ff72cbc30c3685164cdad3cf747428624d52b1af63091fc0640ce43fc7432,9b485867b5dfb9076dcd66a341339a2a73eb65388410eaec5379167c54834179,467c6dd31eedf085bb0b14b2537482ed5439d4cc3a6eab7a425ecfb2e9b6fde9,7ba95cf008136f10e0247a340235d82cc547c94971f59426fa12732d685c4603
K/2012/page_44.pdf-2,K/2012,3,True,True,PRIMARY_ELIGIBLE,True,KNOWN,INHERITED_FROZEN,PARSED,PARSED,PARSED,f080d5a8e26231d4cc410ed4ebfa8daf6f950a64ad1a747c1d979b421a000ab0,fda488f1a60be8894ee1bfe839bb74d09d7f562b9a9cdabf117c4a91e87c832e,187eb976f11ed11a3a7d079b83876543afa2e6a2318a58f09e1d36b7104bb587,f5de833d59b092f07aa1db31b08e1f483dd4747a8b3bb2408ab1e941dd2d0d96,df6026d8070014d8818c905ccd7e7b918164f6abf513cc1ae62c2b039f772e97,a44e5215192c23c5c8c940f3c661e63f5a6efae046aece04f660676702d17739
HWM/2018/page_69.pdf-1,HWM/2018,1,True,True,PRIMARY_ELIGIBLE,True,KNOWN,INHERITED_FROZEN,PARSED,PARSED,PARSED,1baa649ff25bb4221c91b29897f77ded6ebb2a401b11bbf1bb986cf079144ca8,663d2d282b96f2557965a5a4631879f46ca7a4250ba4f7221d200de19d89b7f0,5bc5c4fc45a40cdb9f68bba236658ca031375b1e3d8ae2c7405d91511df73713,ba40190d88b2adddd14c752dcc56297f2a416c7711fcc420c3107cefd25dee84,6a8e586d6cf95e8ddf978098e48e0afc932d326bd7aa1f6638ba17f0daf5f8f9,8c178375dd840f9fec2aea0be3a913602786361a5578ff9e6230dd79f9ccc8e5
DVN/2014/page_88.pdf-3,DVN/2014,1,True,True,PRIMARY_ELIGIBLE,True,KNOWN,INHERITED_FROZEN,PARSED,PARSED,PARSED,f60c3f83cae2810c29e6eb9fa5a200c20a6d558c0f36b94e15e4efcd69845d9c,036556e636c48c710258027cd47f29964e13bc2e17c53ab716926a47f34384f6,111777152d0a304d29d4d7b25b1673b2bffef84805215c475ee377fb8718b5c0,972e0ac6b3d2517c1e6b0d82c9e20337da198bbc029defb03b57bdeec7e65f2f,ec4a28320f64ebc06a177c63563853e4c69feb6f5f942415a8d4e3b83acb10fc,0cac6d6ca814859dcd94d270ab70cc4be9a0563d07d5834d3454267bd5af262e
JPM/2014/page_128.pdf-1,JPM/2014,2,True,True,PRIMARY_ELIGIBLE,True,KNOWN,INHERITED_FROZEN,PARSED,PARSED,PARSED,015b464f60f5c8614e176f71c4661d1e22d6bbfbb6d659d1b39cfd27fe7e47c7,3a848d6218b3a63ce79b67a2028fca2fcaba36d2e8033cd37ac899079c637604,b8b4bd19d7412bc73aceec928f88468a8f68d216ff4580b979b4e50c1e4b20a2,f6982b31feb2e9fd0282aa8c5d1094a51c363bd29696a40b33bc0a4d5023074b,b2ba86fc271e0f406dc2de5f51a28dbee41cace1a34114cd52bccc7857afe3aa,296b95e076b072a4fd990722bb27e2c721cd3e92c0485af06de54ab2fce3113b
HIG/2016/page_253.pdf-2,HIG/2016,3,True,True,PRIMARY_ELIGIBLE,True,KNOWN,INHERITED_FROZEN,PARSED,PARSED,PARSED,a48e994607ee0f434be5ea226a6e7be66411e0e3c846b5161a51388602f0f077,24afb6c806bd018806ff6c6a668c1062de9715eca8a33ce030dbece2baef00e1,83072e75eed6fcfa0d0a5c820a7d816a0d4ea1aba31550f284603b726238e3b0,9dd688db2959693c6c98347b8d9f626878684c5a77398b47ad72af38f822be40,ebf1958b0abf945bd54be27e0ef8bc0cc97cd781b44d9eb97354ae1dd0794e5c,7fb70db989fac532ba35ee95fcae3ba9b2ddaa7aa9fbb3fabfcfe86a7137cc08
GS/2013/page_97.pdf-1,GS/2013,3,True,True,PRIMARY_ELIGIBLE,True,KNOWN,INHERITED_FROZEN,PARSED,PARSED,PARSED,acd63969095896bf638a8f79f7c956905868eb11081b809a0249d79982df1b1c,26a512ee138068fa5d23872eed60c4bcaf0bd34b49a854acc108d504a6d108a6,1b682dfff114fef3769785c69dcaeebdb2550c655a311c5cc628fa201802c11c,d4736f5d56fbb859888e507885eb2802e253412b6ee186bf496399419cf1f066,a4d3a66b5940b060960132fcee3bbd137cdeeb964a71b118b2d72f0d422df943,107a9f8968dbda240f2df318fd9bd628a236261b3c6775063aaedb20a8901c43
GPN/2007/page_39.pdf-1,GPN/2007,0,True,True,PRIMARY_ELIGIBLE,True,KNOWN,INHERITED_FROZEN,PARSED,PARSED,PARSED,b2b0cc365cd1e867d67bd96468a6b836982049170034eca784c3161f7e448a07,6c2b8f1b994817645bdc82a99ae2c0c310f5c3d2084a2aca6b7c088d34662c4f,692c42e2ab1fed8d19d41007d871bc472e49f16f53dff9299280e4c21b735b4a,a65489ec06156f4169383b56513d1f01db02512f01ebb0441bd0bacedd4e4bbe,d40dfde4bc5f94e18f0bbebb7e4fd52b1b5e7cdadc54da020368786705e0228c,1fbf242213d5b93e684dbaee2d2151234a12f7885eb117d28cbe66f17e405718
GIS/2018/page_82.pdf-1,GIS/2018,3,True,True,PRIMARY_ELIGIBLE,True,KNOWN,INHERITED_FROZEN,PARSED,PARSED,PARSED,558f6f9ed9abfcd82acdcf5159cc94b7e1b0face61732444395781d1fb45f264,3f26adc593283eb1d4a3afe8f17ce30d73a72fff15dc87bbced82d63002286b1,c8b968db493cc22a068d4745b61ff5c939a8185bec9e47a01497d29fca73cb59,23e2470769c89a688d4109394d2eb3d2d7ef14756aaef38b84a424aa52b72312,7ff48119ad6ade9d41405da06ef0e849ed83cdf5a612503dad5d1d4402a5e2ce,65bd3a7a8666ae03a4bf71bb7eb0cd07a06bb8ebcd9a67c3d46bd707c9233cf2
ILMN/2006/page_92.pdf-2,ILMN/2006,0,True,True,PRIMARY_ELIGIBLE,True,KNOWN,INHERITED_FROZEN,PARSED,PARSED,PARSED,46f9f446906dfc357e472b4dd418a0b13413e08ea39aeade4c2df114a77ead14,345d9e5c38530d08d040b1642d0a84f4f13e6f97133260bd1fc5d8ad7109ba3f,8b363fd34e0e7df4b3b2938654a3de070471234db8b92f5c5eb86c12a68928cb,880447831326a58fff9dd81496b50d954b39f9e13ab20a15199463fef3884bcb,c2b59ae6a716c862c89cf7c5626f2b8a1fb7548b7bc42ade9b06879c54ae55d8,1224054b29367c0f74039bf9ff1a92680e0732692124ecc4b67eb4fd43d4bad0
RL/2011/page_12.pdf-2,RL/2011,0,True,True,PRIMARY_ELIGIBLE,True,KNOWN,INHERITED_FROZEN,PARSED,PARSED,PARSED,24083131d9bec3748f2eef57ea360106bd0956beaee90ae93af1a56cd348e808,b429c6290844770266ef41c48694b7c429a1f9e3d5780f03feecdd0e04d23824,f7dc7a1d242ae9fdde8fec662a2dfb65188ede5bb45b617d2556ae76cdd22325,7bf411e46149611e88f089c3fbc69fc606cc50e76d5957b837a72431ac65e365,184c180c3239ff1c3a12247293be1e838a8ab370ca86cd9e5da137351e28808f,16beb499f2057b100608755914573faf36523731e6c55d49037aebb3b4f0f956
CB/2008/page_144.pdf-3,CB/2008,4,True,True,PRIMARY_ELIGIBLE,True,KNOWN,INHERITED_FROZEN,PARSED,PARSED,PARSED,c443a9c9bcbb31ecc7346f760baad562cde06a9c9dfa0f3731c0a5bc15a0d12b,b23326b8fb58cd74faf3efef31949fd64b6de41eda2fb1c452d64347f2b2448d,7d28d6d551ce48ab66fa0f0adbab322b7673dbcc2dca33afcb618916e85499ff,eb2466a7ea70c5659fa1ee5751572930959b4230a2b587ff6285a0a47a649c16,807770567df42fa1c902a937e56f5854434e6096ac11d2e45716221dfe6ea0a7,58351b56bdda761875590e3cd2c44a85d53ed98f5f5d93eab4616862a2b442cb
UAA/2016/page_81.pdf-4,UAA/2016,0,True,True,PRIMARY_ELIGIBLE,True,KNOWN,INHERITED_FROZEN,PARSED,PARSED,PARSED,4b2ce453c71e95789d1e6994b2a4aa0f0aa0b83b552fb620c0295fbcf525006a,3eb585d54b6035dde7480f2ff0d4303d74626c4f1a79ad8a4d5662725e0599e7,a2ba9ab5118f92d2d02e23c3f89a04dddd1e9c6f88ed53d934504453eb2c03e8,e8b28b16009309a74c972b3996414d9f2a5581e6014012cd5a1ceead61195af8,aea87af17a9113e9634095451c0fe4f60bcadb624b9598372afbc6056e751ea3,218041181ef99a4b87e7b806fd985e4ccb88826dbe504aab0603190f8b5a9860
VLO/2012/page_27.pdf-1,VLO/2012,3,True,True,PRIMARY_ELIGIBLE,True,KNOWN,INHERITED_FROZEN,PARSED,PARSED,PARSED,44826cc6e4177e6b264560bd36873a365b2f9a6f6720aefb329ea7a16bdf5b18,4137f7140c6d070a20a292a09e5b05fe24ed655e4c82b453ffcefb57d3e6576f,7334e369acf3f7ac040383c3944f0b368b884bc9fd926077acf0bf53e9aa7581,d66d73c4518cf08b511b50817377e51362b43181a5bb0ed768fec3902cb4c052,9fe5756e47a054627f06340f1cb7f44338621cf1eb913fbfcb41d0b5890dfbb3,b8207b6e440766009d0438206e7c45e33ca9419644bdf9330b9cb825a918bed4
PNC/2013/page_158.pdf-2,PNC/2013,0,True,True,PRIMARY_ELIGIBLE,True,KNOWN,INHERITED_FROZEN,PARSED,PARSED,PARSED,9f34ffb04c95963f544f6188abf6d5cca0ae21868a2627b81d31ea9b81631d1f,0e90eb3e4c63bb0226f1886d3e291d4625f8be86ac115b5d2affb1b2f717e18c,b5cba0ead341f473aead0b420da501bf0c21184d748fe8c08b59020123c2d08c,2a3319d7dbccc4f075eea6ca1713d7b8fe3d6c0c8261eb86d92077892232b35d,0282c8632f12af52cdb08449d71f62f0b17341aa5e99cb3fe338cf0359dadc25,bdcc1fe584793e1fbe8627c6636dd7cf7ed4f6d3df61c302a6586d7f37230a40
IP/2014/page_101.pdf-1,IP/2014,4,True,True,PRIMARY_ELIGIBLE,True,KNOWN,INHERITED_FROZEN,PARSED,PARSED,PARSED,32f4ea23c50eac776a95850cb2ef63a8001c7bc9407439c33a0a8ba5cfc5b742,4e8dd8acfd0164a05867b460578c90bd36b5774f3fa37f09200dd85170be9ed8,edb296923d15c6f9eafc64f421f14c190636c1d2927e439b8f5cb68995e58d55,59fac69833108c655fbe539c8c0dc3dde050390bc9170e990787af3f94d4736e,e985d3ad50882700fdd7d964b4f833716166b8e0472c7e132163a4b4c856845c,96f184b20e0f1f2485677561785eba9ffedbe0d3219e018b6e60f5827ac056d7
RSG/2013/page_16.pdf-2,RSG/2013,4,True,True,PRIMARY_ELIGIBLE,True,KNOWN,INHERITED_FROZEN,PARSED,PARSED,PARSED,beff06122b0a6980656f9097fe811cd2b5e0e3d38c3c7c821dc386e6b2a93c12,be69fe1cb541a58ba2976731e9485288aa13a2075da9374d3e578e12762bd7a9,458b712521c68dc4103081b3a995e9a99fe139fb2c327d156c3e62b54a575c65,3ff5d2941d2a36d59c2d19b742e1e173b8a03a89a9c91b2b81b269d4a5cedcbf,4afe3332ba08500a3cc98d239c3142aece4fa5fe02c9ec4af1e19c805460f334,cac5b0324b8dc0d267c0c6fb090635c2f4cd6d9f13b88bc0da2c7dc623ba870d
MA/2009/page_115.pdf-1,MA/2009,4,True,True,PRIMARY_ELIGIBLE,True,KNOWN,INHERITED_FROZEN,PARSED,PARSED,PARSED,e3b25854f6854fbc6cb8f808231b55ed6cce8a549ab439bc05bae86856882d9d,cdb576766dfa9e6f78d989c18cbde7ba2c9ca98d23dfd2ac1a018fa7a59b88be,fa996ff0738e384807ef1fd816b62f0b30922a822eaec99d83d181b21b49b47f,a6b7e6b9fa71d9bd4ab32272b1d9737368813e997d828b0cd0f8e5e2bc591b1e,4a641d744b467ff52c844a76790cfeb2f2d45c828cf28f395ab36a99aa583e49,a0c23511c60088b17dac4515cc5802f34760f8da829f7784475e419d086f1cd2
DRE/2002/page_30.pdf-3,DRE/2002,0,True,True,PRIMARY_ELIGIBLE,True,KNOWN,INHERITED_FROZEN,PARSED,PARSED,PARSED,87ed6634306d38844d6116ec328502149ea9516c0deccc3e688c5d7161019045,ca4585e348161765386070c8feb4df1f34598c30ec3484730373601a2b7bbf73,61aa6bd96403c7804328790c6e76ded8af674df7344bca65336a3423788f91fa,ea4fd520e51306dd31405d75aa6ce504bb5fcd774a4b39bf2be5f6f8ec31e2b0,5b3fd286e1e35922c6fd5e3a32f7ac2cc7d8d01e838a26856168bab063f7042f,622128b8eabb06fd6aa0e240b0b025c8956c4d327491d14c0ce21fed1d498ddb
RSG/2014/page_22.pdf-1,RSG/2014,3,True,True,PRIMARY_ELIGIBLE,True,KNOWN,INHERITED_FROZEN,PARSED,PARSED,PARSED,de59886c65147f6ed6e84d3be3a878adc90ea6848a5d2b9bbdf43471a3d8adf1,d984f67ed0ea96bf959866b87fde78f360b75774cab3126d0ea20e1488e88fd8,2d92305d2207a31d535c3fb7a1bac66e67002447bb1c3c4145ebd082337af327,1cb0de66f5be96135866ab736c9c8efd34c9386d10b03adccae7d5a498378589,8afce22a7816b120b8cb30b3064c18907132c2bd625262ea7fd113975d19a02d,64422ea3ce112b0a453c7886ee4fb177d6c43f04f9b181818296691da124276a
HUM/2004/page_78.pdf-1,HUM/2004,1,True,True,PRIMARY_ELIGIBLE,True,KNOWN,INHERITED_FROZEN,PARSED,PARSED,PARSED,2b21a90bba1bc88ca596ed6fbb1c02ebe8a8ac9cd231b7d26e906225f9c11701,a5e2ae2646ddccfd351fee8a07d43a4f9d28e11886c109ea041c7665ca12c15b,ffe626c7bcd5253b83a0df25ad4a5b5803e1df12c62de209cc4a00a6d515d1a5,3915f76c125bbb68c2e89a42144a88c457d06342c192c2c8a1c98bdaaaa4533b,f384650ab1b04aae3a0672a2b568d5f86ddd94d90ef2e6b6a8abb078abf1f0db,aafe427def08fbbb9c54b103b6d7ca63fe2c7221ed63971b8445cfed8dea2634
CE/2010/page_150.pdf-3,CE/2010,3,True,True,PRIMARY_ELIGIBLE,True,KNOWN,INHERITED_FROZEN,PARSED,PARSED,PARSED,016903913334433a30cc7e76b6f6fcd21ee7c61ec693d0ce34b919c05fd96409,24c5b37b12d722f791f2a87166996496a39454dfc9196d2a160528b474820b04,57738c587967102354a02f6456ac1633bcb6d48d56069018c7a17fa04301bb90,e89337bdeffb8e0acccb73876208942de12a18367747c0680a6e5a8e48dae054,310a695a2abfbc237593d50a0c4dbfe58ac598a5e69b6e3943fce14719cb8069,3875acdffabdc78eb08ef5597d8332684b19df3833f82486c8646156764fb920
ADBE/2011/page_83.pdf-4,ADBE/2011,3,True,True,PRIMARY_ELIGIBLE,True,KNOWN,INHERITED_FROZEN,PARSED,PARSED,PARSED,43bc0471c8e58b885c437b533663054eedd879b6d583b3887f9658cd7dbed3cf,f0a4a3009c9c9e9f89bea6873d6d57ae2e3ef34ad00ea1bc2b30ee71b6ff370a,792d2c618613b4d527b8563b71d5ed1386186598d7bddaacae76cbca193de6d7,638823fc104378204f32d476b4983b69e6d642dff82e64b1b2e7bd58e905aa98,bdf877b033c6fbf495ecf55d07ad86dcc50b031b59598612205eb61febe8d86f,0e520c3cd4bc7e0a8f7ed1321afe84ec92be71bb5f07563ad6ef6e17ee3e74a9
GPN/2014/page_71.pdf-4,GPN/2014,1,True,True,PRIMARY_ELIGIBLE,True,KNOWN,INHERITED_FROZEN,PARSED,PARSED,PARSED,d8615e457c1295ac7c47c894529d9f5ff2c9bc151ff43ddbabdaf7a20f8fc81e,124d0eea21a7fbfea965c2aee63bad60a6809d6329386b55533081a1e6304f12,ce05eaf2c43f268313185c6ea39cad524c1748f465dd99ec2abafbb1f8813066,024e8818b9d3a329346a684410982845797ddcf01b12f22647ada36b6d8f4e9f,6edebe1c82bd79121796f2b9d22567b3c9d2b32647375dc8148adb4749ed33c4,bc6fa926dc5a12b2f0c08029f824b80ae933b8c99c578bf9c6b5036d64cfca68
HUM/2012/page_109.pdf-1,HUM/2012,4,True,True,PRIMARY_ELIGIBLE,True,KNOWN,INHERITED_FROZEN,PARSED,PARSED,PARSED,837e36ae46e1ff5ae3ebd313e48f52389671ea208cba458cff0dc837018c9858,68a11f04dbfc272aba5b42c4115b1f11d05f80b514569948cfc1ff9b19dcf4a1,58986942af4983f214105640096f4940ec66f937d57a5dbbab59f79e8aae7a19,5319b5ab67bd32c25e2a3a619810fe464f45d048f9b955262cf415836e809896,a3cc867c428087edbdfcf18fcb97eef46efd501052fdeb285f3c138779aae6a5,283138031f988f58153bb964583fe88ec98395fc98e9e36eef78ed1662e4db99
ADBE/2012/page_87.pdf-2,ADBE/2012,1,True,False,LABEL_UNKNOWN,True,UNKNOWN,INHERITED_FROZEN,PARSED,PARSED,PARSED,eca6de849cfcac219e8c3475af195f55876d3bfade8259c239b3f8f58ae85458,2c3b7f9d4fc56237f0bb99fd82be30d2f32e45b4cdb193da86be816e0efa6af2,2c35c3148a39f4fe2cdaef4224da82c7f96dc9b0b35f09e14c22c1c600990ccd,f0a59eb0ca3f1b6d8129fb0f776d8fa596e89b88466badf07170c9fe24ca4cc2,67ae7bfad3eaa619577963e9b07945be5e216310cc8cb5d30f79e805b18a249f,3f85511fa3c6e43ef227bce5df1d7523d9c7393071a0f0f5a3ce4b695d31cc26
PPG/2018/page_61.pdf-1,PPG/2018,0,True,True,PRIMARY_ELIGIBLE,True,KNOWN,INHERITED_FROZEN,PARSED,PARSED,PARSED,e3416cd5c4067058535f8661f0a7958c802bbd03011d7ce345f4726a06b5f112,24b1e445c4e52e24fa5ce9efdc8bd9a487c4e38afabec50742e067c53b6e2e92,0b5983028bd71846856141c7e4c146e7b1fce771ac8687a0e6117bbf2659ac23,ee20351cb7759b81f4f663f927cac16a4331fff5931b1d95c6e2f815eb9aa372,3d52bdfc01f39784f9db076fccb5f39fad4852920714aaa9afedcf3f1d20cf9c,8af57a30190882df6c934806517c8a2dd6cc3adef04876d38f8d4f03b137534b
HWM/2015/page_92.pdf-1,HWM/2015,1,True,True,PRIMARY_ELIGIBLE,True,KNOWN,INHERITED_FROZEN,PARSED,PARSED,PARSED,259fe06aa5815e76400b1ee85b194f54f51397d6437673c1a56e432419d62604,15e800c4c4543ca0c5f21474d4f0dc239e6729239b8d40cdeae54c49666deab7,371c416719c8d26be53377eb10a21ce0f35694c39bfd1ba55025443e0d98919b,131fb91dd0bfe4c4fdbbb86385b9a9862b51d4188a3d1dc8fced062d53136bf3,0757c4ad11c4d2a7c3c8b82a1c29141e63a4214a69483368363c566a11192935,12354b5fc35afe6a1b9a5c08018cdf63c9fabee3c99a60c5f6cae7a202535824
PNC/2012/page_98.pdf-2,PNC/2012,3,True,True,PRIMARY_ELIGIBLE,True,KNOWN,INHERITED_FROZEN,PARSED,PARSED,PARSED,87d52d67ffdfbe77adbe392412b728d89fb02726fda416682ef1270f3513617c,459286c7cab5220bf09d3c349c9be5b74f60bbb72b0f203d1162a999e3b5ae39,300ddffd3d1bb08151e468db6e63f8f2ef39b44f61d8792c36c1d926640d535f,f2ff03e33f4ebee550d120c767bd72a96507cff35d169b61ba8337e3f82b40c9,c51398c3f6e5201ec83124fd43ea47e528617d79943d710e552a4614a4ca1c5c,7055921c2fe7beb7a36a68d4b9b1f10ac01305213a894d65d39f6f889f2e35ec
LMT/2010/page_24.pdf-2,LMT/2010,0,True,True,PRIMARY_ELIGIBLE,True,KNOWN,INHERITED_FROZEN,PARSED,PARSED,PARSED,17bd16b0859579df57f1045593a328db43402a6d428d85d9b55cc928ee993c46,d3a02ab305453640eac84486a3a04d91a6d2240cbe9bf32b06768af41e1aecf3,1e5e8eb36cf68cb439afbd36cf90536829b9e4fc5abddecbe54f803b3840e841,0b5f0eef14543d2bea899aa92de0893896f93a6582c9441087869c98738b304e,3f49279ce2c15078fce9d6ee1d0d943cf3401816330944396c1765cff91582ea,817242234416ccecff3b8d4dff9e2053457b9543948832e7373f326c20571083
LMT/2015/page_106.pdf-3,LMT/2015,2,True,True,PRIMARY_ELIGIBLE,True,KNOWN,INHERITED_FROZEN,PARSED,PARSED,PARSED,7f87f0015810fb42d5a88820cbbd44f199ac0051b87676b6bb2a14119ed1c2ca,3283b91ff191e43d10ae588945152c25bf8e2223af3d2571145fb9c946fc313c,0ec76588b8da242236339b1ed67e992978ea5dafa56646c7c5a685313c14bdbc,367df73e66918de4a9f922f924ce62136cc0bc4338039cc664515d65c60ac53b,1ba5f4035047f8e6324ddb87877ce506fb51252d4a555cdcf74e5b4c6d910667,90a96952902e280e85b6a6cf7991757c322195d15e8b39dba4a22d3f30bd5b28
HOLX/2007/page_154.pdf-2,HOLX/2007,4,True,True,PRIMARY_ELIGIBLE,True,KNOWN,INHERITED_FROZEN,PARSED,PARSED,PARSED,ce25ebd478fcfe0a5f2ac5a511c4884e24ebcf23dc080a2a356cfa425c87e424,663f9bb7b522b63bfe3c20c4a949f36f286b528f03e8f9faa02fcf5d7eeca6fb,304c85b536c9de49ef4923538f57f3c687877fe9bb6086bbaeb0e7a59539d03f,75daa7e367935d94e45fd408ba9a528beb4d1bc9114f1bdc800f8fc3d3070973,d50bbbb914d7b17e23706ce6af9818d33879fc5a9ff07f7be798b25c4d1f690c,1a1ac1be54317d0d6390ae08da54df18a07b2c81ae5b3d7a5d09bee8b29ba4dd
AMT/2007/page_111.pdf-4,AMT/2007,4,True,True,PRIMARY_ELIGIBLE,True,KNOWN,INHERITED_FROZEN,PARSED,PARSED,PARSED,a354eee43929f98b5931a489d9e220072239e6e3c72e6ecf7acd85fa4ac73f03,775ba3c847635b729f9547f4bc9d537584e98844f7bbc36da07f3be0c87d2d91,b1c8cb32414102bb8018f40b9adea6bf627e716896bdf053b493f78b9baf70be,fe4aee68b5f43cb5dc48235b0774758b20553d1d52a79116b168298274f1b7d4,4a1e09c3a5e3f9dc67184433129f6048ce2dd02f3e6d156c6b8e45185c6bd1ca,d56dbcc203d26b34caffb2afc91e08c86db9f46ca8ace1daa5c44f256b202136
ETR/2017/page_20.pdf-3,ETR/2017,4,True,True,PRIMARY_ELIGIBLE,True,KNOWN,INHERITED_FROZEN,PARSED,PARSED,PARSED,28a84d9958592abcc8b7a7c2e14860f79e5c5954a24619d7f736e38f885640a1,6c1ec687b3bea1562d503856c59d0f838e3b7dc58254d57bdd2cedeada709bb9,93aa03128aa4e85365e6c276f6df54b9f00ba9c0be873686984f17a3a5a221e6,cdfbb00a27b5dfe0213eeed34e8fc36ec60becf888dd931c7606043bcdde1b66,0876c5d585ed751125f48f7528709ac7a6083cd459a72d40f4a3252746d23ceb,5ebf6de5f35cdfda52282f415397e70641c415ea0ba7e58a4dad169e1cde5fe2
JKHY/2015/page_20.pdf-2,JKHY/2015,,True,False,DIRECTION_PENDING,False,KNOWN,REQUIRES_HUMAN_REDERIVATION,PARSED,PARSED,PARSED,6e5c8fb30df8dbbbb8d52eee8d8a8907ee2dc46e0a2234c937edd173a6aac78a,99a17393cf096f147360d920cba7f546a00590a90aabedd69a67155a45ad2325,00bfc1f82c2e8a36f5f3dc233cbf1717829a7a064ea58de34ba79c10c066d029,bbb06591c168fbee01c4d38542634ca0c52a7744ad0f0c53bf0571dc933c8b76,8d7e8dbc0747a0ff8c31492c2e6f14d47fd72755fc52c3d2cde7f50a65a26015,2a126680c0e9b6584fb1fe84c5fef7034ea42511fc83a14112b8ea6296a2410e
BLK/2016/page_75.pdf-2,BLK/2016,1,True,True,PRIMARY_ELIGIBLE,True,KNOWN,INHERITED_FROZEN,PARSED,PARSED,PARSED,1d62eb4cccee495d2146dfdec869113f5b0c1b46bccc73b4ccce5fca03bbb9de,7ed72d38576495f57e6e76b933d612447761102112da8dd8324925d62d1e8c27,750646f783476bdadc6e5df6edb7c1e2bda4aae0a92053341863e8dc5e9163ca,816ee7ab1db9fe337e32e8aa87b513ba39a287448fce5132561b1828f5ef1f6a,77b0dddaf12475aa13b88748b18b2b14f1e020ff9393d5e58d2ea9f6951f6e66,40086cf0b40652643dab9ce0dc992ee1e8f4818cc8a9449e2633a2f6ee04e851
MRO/2009/page_138.pdf-1,MRO/2009,4,True,True,PRIMARY_ELIGIBLE,True,KNOWN,INHERITED_FROZEN,PARSED,PARSED,PARSED,9d7e5c4968057135ef18398db2335351a03b9affc06e1405c486b9384a06a78a,e15214b63ae81c8b8b230ef73ebfed2d7e1e9dd5c9324fa2964d18ca3045c125,480cfc6f4b05b4f9a05ba0833ea1dcf92c2b92f8a727674ea051513a5c455b7b,1f4e6573399299714002516651e6c90898ec05c5046a32d480ffab7c3f0bee0e,9ef61733daa2718326f1fbf8fe252335850fbfc9f1c15ffbf7f61d36fb9baca5,0a8f9620fea34bc0461ccfd7e52e153c30d5cd9d3fbe397557e4895e2020be37
GPN/2009/page_69.pdf-2,GPN/2009,1,True,True,PRIMARY_ELIGIBLE,True,KNOWN,INHERITED_FROZEN,PARSED,PARSED,PARSED,6632b13b0fd33ba56a6a5668187961fe88863f92edbdc886613cde5be5683e4a,a40cd5c6e89f2abbf94152500cb83dfb142614c48fc4beec3046702879099c7b,367654132148dc4c78bda8d95bb58b3ef71c83b5f44e372d5c497b467c55f89d,9737bc1a4ec603dcdabe65fd00a1ab1dc32c9987844146918604da6d9c3a0e14,95b36298f4cff2314e8291099b89ae47e21e62ff98985da92ef71458f2cbad68,24478fb2a8a905a40574687bd682b52f23a6d2273852962b27f81fe3943cecb4
ETR/2008/page_130.pdf-3,ETR/2008,0,True,True,PRIMARY_ELIGIBLE,True,KNOWN,INHERITED_FROZEN,PARSED,PARSED,PARSED,4dfe12ba506d38308e99bf93e8a7a989134c5341ce04216e3eddf5871e61faf4,5ee916bedf08f05401e9497dc944a2cb9ec09ac94faea2e2380b77b8e71c9f1a,bb4c0f2d11170634da68c8fec3b99db9cadee4876b8142751a62203514aba46d,e169e82b2f518267fdbe71afcd001a5d3bc304f66900933bbf005378ae73ea76,c630f6cdc274ca9640cc47e93650d97d2ede8429e4f490ede554d9774648925b,e9e110b9c5c546c4bd3f4509d37b1fdaeb15eb74814e6a9c56e16d869b8f3317
JPM/2016/page_141.pdf-1,JPM/2016,1,True,True,PRIMARY_ELIGIBLE,True,KNOWN,INHERITED_FROZEN,PARSED,PARSED,PARSED,6dab39166842ca7206ad50ca370fc0cd747088f6843e109484b1a21fa0a72945,7045692143eba98ff1867bb55bb8b76498486cff1787339761b67de24dcdf71b,9f6d93647827c2bbc150ef432d34e4a4e47813404b610c55fed453e0425a462d,176f5f57541ec73c97e013bf591dcc9169ae1e32196ba2b113c11c921964a321,b15d0668db0f54bca7f4c1a67492605f8abf76ab2f9dc3c91fc35274516b4e85,6131668c4df3f4d4d2a8fa4cb991734b51a1ca93aba5ecef2d3311450baff752
EW/2016/page_72.pdf-2,EW/2016,1,True,True,PRIMARY_ELIGIBLE,True,KNOWN,INHERITED_FROZEN,PARSED,PARSED,PARSED,c7d5215ed058ac0be535d9a10ff71822c92a713c5400becaa5fbe3d905992087,468e0a46007d187012c56f46a5f35ee94f231d29b7e2b46b5aec02f6bfb96be0,04179832f8849a06f9c2dcf57c809683ecc352e53b8dd1121f81a73d5e49b528,2ba74a694640a8f5e36007fda6009ef7b336dc67a398c5d14e42424cb4233965,8cefd7a36e799980b5565a3f9bb091c80b9f3528013c13aa247d3b6aa7e0e312,617a35404831fc0a4a2c0978ecfbf4b65e05f9381ddafdb6792899a14c757a1b
KHC/2016/page_94.pdf-2,KHC/2016,1,True,True,PRIMARY_ELIGIBLE,True,KNOWN,INHERITED_FROZEN,PARSED,PARSED,PARSED,460c0f596c5f5db4e5e38d555296c6cfcca7c0e1ad0dbfdfe4adae895ddb1f0b,84bd3d34234461e104f8191d9f71d97a115535d5a82b622773a993c625d12f10,2c33d13d80423b7149d920cbe5f4f8c5b5175c7c4b6c9bfdd81009271b914430,13832e773bc43f9657c7e5732a5fff34fdfb2ed34a3da7ab12aaf739588eb462,ded0ffc640bea0aca7c781735cb8c8b55ab3205fd29aa14fb5c14fe0814fb5fa,ef0255ff506f9dcfd77bd12090202fb4840fb6f3213d94174ad739760a812a4a
MRO/2008/page_135.pdf-2,MRO/2008,2,True,True,PRIMARY_ELIGIBLE,True,KNOWN,INHERITED_FROZEN,PARSED,PARSED,PARSED,dccfec81eae973645794cd03799fa9530dcfde2cf85314677fb67628dc4c48d9,67c7a0218de6870d467df2f803496c097084b1800f60d7b7bf85778eb097278c,33edef94d1653aced16c733b6745a8230b28e32fc86d34d76ded50e60b401d0e,73f1e68cb13ee049cc45eb1156d5f1beec81fb2480e2bd40051c6a07222c0305,6cc5419f9469561b18fb5030efabf9c014140845356861421b8a80ee14038cd6,d763f876896a91846995df7b77363ccc032e3cc2af9862dc07500bbe42eafa89
ETR/2017/page_477.pdf-1,ETR/2017,4,True,True,PRIMARY_ELIGIBLE,True,KNOWN,INHERITED_FROZEN,PARSED,PARSED,PARSED,14f59d772cfd46e7f1bce3edb177abbf3659dafec18d5b0b24177ba10eda4f81,87ae0a47aa7d2e75ab08ee1122688358aadf2f403653baebe72f4a67ac7c8100,97047b58f01d7aeea3eded5e695025f05a0296c301d650260908c09f3f0ea9ff,1c1eae00dbdce9f647a4bb128fb297940ffe7bac1e469c306b052eb72947a8fc,dc28a7c3b407697e78036d237dbc2c777a622818d3375e9588e7478828fdd82b,6f90fb5a64d06a794386dfe5197e0606bd424d7f40214fc071c9c280898a8439
RSG/2017/page_14.pdf-1,RSG/2017,2,True,True,PRIMARY_ELIGIBLE,True,KNOWN,INHERITED_FROZEN,PARSED,PARSED,PARSED,e4613730dc157289cb2b8a2e296c070db15e8d5c495f7c2d22fca1f279f9b420,ad3bae6a72cbb4c8aba5db575d9c187baa6379b01394cf2d1201ed2f6f68068e,ba92c4f9011491ff3b0b417409af5dfca41fdac3a2af850577e53060e6cd5ac5,37f5f7225ea95df25778e431e2e7fc2b2034885eb67c579495c6d52aab4dca1e,6e18c4f11bc598bb28e42bb10a566b21201019217fc22515e7bd7606c9f054dd,166ead836df2854db1df3e63591ee5dd1d15f570298b92add9961b03e3550068
MAS/2010/page_29.pdf-1,MAS/2010,0,True,True,PRIMARY_ELIGIBLE,True,KNOWN,INHERITED_FROZEN,PARSED,PARSED,PARSED,f6b7993150cc770b4164edb258a6ddd3ef7e9e29e33c03b2c848c16b44f2c51e,dd2bc87eedad2a9b5267a50d205342020fa5fce415e73d8b9809e12db0e01770,52b97e5e125d90759dc033e1645058156c41b59c834444ca01d4e4552b983863,15a8b68579dd99f6db15ecf614a5eb0f091dbea7fe9ebc3d4e498b4658cf8911,097ce51114fee93dd0036f055afe2624ed487a656404add445cc805116650a58,20213a09562708c096c0a2a7ba0949c32895dac1f93ed4a4bfd352c7794541eb
BLL/2011/page_29.pdf-4,BLL/2011,0,True,True,PRIMARY_ELIGIBLE,True,KNOWN,INHERITED_FROZEN,PARSED,PARSED,PARSED,4ebbc10ff7e3f71003262008c7c15e0b75c78ecf77d2b19a983645757f64115c,8c6b23d4263ba1e5459b63f3753f1f0fe517ad58fea71af7136a854fb5eced94,62e44461e5c0b347516c488178409055fb6b0cd501b8c72ef108ef11df87765d,4e950368e61b9fe7937dbd2ff43b7d5c9058108732819ad5c133991cf03e6259,80cddfe96428705ff9bffcd6c07298c31aed7dbd80f3a9965589dd1e90148641,3ed0bce4a19e080cf0a3126872104c91c4358d6419570c3569e4c7005070f45e
LMT/2017/page_101.pdf-4,LMT/2017,0,True,True,PRIMARY_ELIGIBLE,True,KNOWN,INHERITED_FROZEN,PARSED,PARSED,PARSED,802431d066a4301070376a76029d0985cdb455028cfc3877e116654820ad25a4,4b31816c8a55a7a334a5ff0dcfb74b78da211e78f739939828e8e16369f1682b,e4dd771d1c096d7d03cec2f0b9099c8af617fd2d45eaa5ab494aab443d759b11,33c7c284fa243f3395403143b33922c7ac8a32aa9e58bc3185401133a4dff080,52695fcbbe195b2276d3fff96920d20e32502386befc1d0c8047b5bb8012ae51,ebf0d5122b117e2cc72e6c6c58741bb753a03aeca307d5f124b0fb34a15845df
LKQ/2010/page_72.pdf-2,LKQ/2010,2,True,True,PRIMARY_ELIGIBLE,True,KNOWN,INHERITED_FROZEN,PARSED,PARSED,PARSED,37fd1a0ff66805bc237cb1fab49d5f1f6e817c5af1b650be9a88ec019315dd19,7222fd701ba9b1e27244046050dae5defe00a7185b62da045de8174acd220c9d,fe9bea5532200155643924fe69d7360787d6013fa33c998467b8f30eeb353d9b,3f09c5d5b046cf83c80301b45dba891152cfb968a22970f91ccfc0fe2fe524d4,0ccfd9deb48cf164f4d4d7cf2f8fcd7e05646a3fb2f679bdb1e2bebc002936cc,d0d72d42377db37a82481d89d824346cecdf57b0a5ef22cdfaeab0cdcd6da710
UA/2011/page_70.pdf-1,UA/2011,2,True,True,PRIMARY_ELIGIBLE,True,KNOWN,INHERITED_FROZEN,PARSED,PARSED,PARSED,bfab65f2c7458176f081822733676a6aa68d6d94cc2fed4c15931391843c6f27,10ce66216408fcb5187287d9e9d9e48233bc2cba4f36633796b1965ec216b631,7d80c56746a338616fea9a9d1802db76f2f3526e771919db905d210dd9dcc51a,195d80c1bff98e6dd86b7bf83733b2c3f454f8996e308ad2099fee6eea55d5dc,57c6fe236fa5145c6d437832721ae3fa50941b9b482c8a5b793898f16d9d9d3b,e4c626a6af450b70a5bcad5a93a1dc3443c2701d896323c02b5341d0a5eee027
CE/2005/page_167.pdf-4,CE/2005,0,True,True,PRIMARY_ELIGIBLE,True,KNOWN,INHERITED_FROZEN,PARSED,PARSED,PARSED,7b48820ec18da9c66cd078ec58a5d6ab30773088dc9d453dd1d9a94fc160870b,2ee57bf1c4e07976dd1f8d184af0545d42f459df8f2ebca2550496c17005853d,71f4ca7d7e9bcab4b1c5c106ff1c50574cf77bce51e73d4a03260eca1061048d,7adcc318a19339c124b7ead0d5147570bf575d42585e525a35f64afe09c35830,fa51b52db2df77ed1f2ab49da2d8a5f0adcdefed16abf99f977280c96876ed16,adfa3da242241598e92fcb8471be833fa19f90799698874db03c213111902bdb
GS/2014/page_62.pdf-1,GS/2014,3,True,True,PRIMARY_ELIGIBLE,True,KNOWN,INHERITED_FROZEN,PARSED,PARSED,PARSED,5774b8e1423c72eb7fc1efc9906f6a4161291c8da68aa489a59e8450ce969fc5,fce2f886aa7954dc1d04db6aee87e1b5e611a82d3e4571b0d532f48312adfb02,1d78c245eb289367ea83b05037bd049bba5e73f9601a10e6a10a0b372604981d,081bde70aae6a49a60a881fee1b4e42dec9d7d6fee2bb2d9d2baf7db28bdbfaf,6927c4e3a2b6ebb8844cb0c612420496f1ce98f54e54ee780e22e9ec938fc5d2,430bc041c3e1c166e7d24f8c4ee58129c3112783f927f8a789221350514fbf67
IPG/2018/page_52.pdf-1,IPG/2018,2,True,True,PRIMARY_ELIGIBLE,True,KNOWN,INHERITED_FROZEN,PARSED,PARSED,PARSED,127e16351b041c144e0d96c46361baa75a17b1898a496c898f02773f322b86fa,a348655e47d4d0ff4f37de40999adbfac60c89f397c75b06654ed4d25613c543,e7cc8008c95224782623f5b720d4735b3f51fd14679e0c4ff9c7cdf8d46c6250,3fd1af9457e77d89bfb43453d92b6e790d8c36d2b17c2c11bdaaba30f0e03b17,e8314d7fdbedd84f797f84c690de0d664d83c06fd9aa5984506277d2a0d29830,077103ddbfaa57d8a51adf8cdfd2a5ad87488ef012f70d57d4390e5fa8567beb
AES/2010/page_225.pdf-3,AES/2010,4,True,True,PRIMARY_ELIGIBLE,True,KNOWN,INHERITED_FROZEN,PARSED,PARSED,PARSED,cd8ce6ca83b8501e6e108c532a2de7f663f1f3fb916cbc25609c418adbe5b314,7df988c6b78e59012db2146a7f5c5690e7a6f113b019319f7a53120424c2a5fc,2682f5b9fb7e496f54ea34882f987cedd1d6cdf912eea689b5a4c989224f2f83,232612dd4b4fb9ecedf0994d0da997c17fd78d77612f7ef8fade7fdc2310b3a1,61143bbc6b3e99bf937c4cdb85d07a6f3a8e32faf6e6b44dc588bea8547d77e4,ce79e11c5bd010c0cee6605a6fd7ba581584d570f228c2f127276463be8bc0d4
IPG/2018/page_104.pdf-2,IPG/2018,2,True,True,PRIMARY_ELIGIBLE,True,KNOWN,INHERITED_FROZEN,PARSED,PARSED,PARSED,b30115a493d96883f2176ac2526bbbdcfed10d089bb869833ec2eb56b9542400,0de879078b2fc5c3f58dfcb5c6abed8a2cf877a564fff2240b7dc8460484da9b,4d19005984c5b8e18b6d0e5333790fe7bae07f10a6333a99d85ba5fd6d6d4482,269cb853bffd2b9875d4f919fd6a026c96e597bc642f60b94217098e64face16,e2dca5f8e578a9d5df6233387027d064b73c0578f02c89b1e798333f1bc4b785,01604b003105fd77da39ec59bb1ee6eda8b643c858b4cee80ff377bacdf956e7
TROW/2011/page_13.pdf-1,TROW/2011,1,True,True,PRIMARY_ELIGIBLE,True,KNOWN,INHERITED_FROZEN,PARSED,PARSED,PARSED,9ded43f53d61ee4e012692841b6af5be621bc12f929100e36316ae24ec853ef9,1a9e4c82066b47a6ca271351cde402291c168bc867743833ffbf5c003b508ef1,113105ad0134ae66be3de36732ad2e53dcb6916666b4dde648df87e575e4a982,8f61715fa6e3a0b3ed5f01c406e078f776f73ab2e9aee29c2e93758a2ae9d5ba,a8e0e986e9f2a926d076f63ac2a75c31e408b001a8156402d575240d800afe35,fbbc3109795e5846d75d2cce1449a234e602bb902774bbf676c9b7da68c5f4d4
IPG/2015/page_24.pdf-4,IPG/2015,4,True,True,PRIMARY_ELIGIBLE,True,KNOWN,INHERITED_FROZEN,PARSED,PARSED,PARSED,f91c5e12d51500d06d86de4d7e3f5be98265f093bdf80797e3d8326b454162ae,9fffa68934d75e4afe05d3cca0ed28e591557239969a268f912fbf0dbcb14b7b,6478d9d818967e30ea316f61f3e1884f51a5d94956dea9a234b213a55f4a7a1b,3e75681a7d3d030040d0e67724418536b12ec6454e497e28e2f3958848b8e7e3,a925c6d6b389e572fe8ef57ccae69f06e8cb24d16043d2feb7fbd5e7c928d0d9,ae93b7d2f7958ac6239a6aa249636b028c619cbb7c0d81a3115f6310752146df
UNP/2012/page_23.pdf-1,UNP/2012,4,True,True,PRIMARY_ELIGIBLE,True,KNOWN,INHERITED_FROZEN,PARSED,PARSED,PARSED,26518c1c8d6104506ec682e2fb5af86b53471e6c38b381afcddca272cf0a442f,f1b50743290a5b82788da504bf9e3a61dc49328545db073fc4b9a57cefc07bf9,448fb8d800385e083cd7eb7c31ba379dd198ed49c1e92c43eecdef67908d09d8,f51818856ec0abaaa5f4571b9715b43ff85894597af5bc4c1caa6bf87ba37788,09ac9e97a24e314cce5663ee62a6078262112b175bf5901ad6d749212167b862,8febb1e99d54dc76e0ecc2d134f8c37d2e296dd6b6a4c92de99a8c009a96d6a6
ETR/2017/page_325.pdf-1,ETR/2017,,True,False,DIRECTION_PENDING,False,KNOWN,REQUIRES_HUMAN_REDERIVATION,PARSED,PARSED,PARSED,df4b35e0b99033d77fe7f4bbb51aaee53d21d7bc270510a2b811cf041cd9fe30,3b43078f0d0f6cb1724c85a08b3ba23d19d011d945a5b12c4fe03fc0b4928562,e9136ae739fa02281ce2d4418aa1676440c0caa50a20cd3cf0babf9da4aee2e0,9cdafa00af3cd6a6cc3efb44ac8ae6d3d4a5fb6b76d42ef5178ef1a24fd35c37,c894b49e13a68a1ae90b73e1e8d200ba1b33bbcc8d5a4e8a58e6175973033a21,35b6712378c8af2d9ceeab2a9e501e77db7225548889dad456a00dc95ca7517a
JPM/2014/page_128.pdf-4,JPM/2014,2,True,True,PRIMARY_ELIGIBLE,True,KNOWN,INHERITED_FROZEN,PARSED,PARSED,PARSED,f4de069edf9fccc65fb89ec0943682521aaeed41f9ad99a3180e37bd87bba9d5,40e21b09a863cd5c3ce0e2a6a0b7a8a7fa23be60d0543f5b919720faabe162ac,3852312217a79ee0c84ef59c2bc18a2e691b5b7aa04e02ad91a0e5f5c230fd85,6b599191189b965f714c7d241447f20a3d832682b61fbedf72b610ca5b3438b2,cf2160ea04de582f05ac31507ee208ff6cea25af14d888c2383179a7665c0d2e,19540b5ce0833a238a94511720eec28c93e449f24a9989fa680ab26cf8238efc
ETR/2016/page_144.pdf-3,ETR/2016,1,True,True,PRIMARY_ELIGIBLE,True,KNOWN,INHERITED_FROZEN,PARSED,PARSED,PARSED,91ccd181d5f745d4a5d8c42e73d444f466c96f0579082762b27fbbf4bfd5868a,0be1723507ebd1c7eb5fc70e422fac368fc1973de82075626b1de5e8daaeea56,7ae4b306634b1533e4a0302d1e25e3f59b17d9288cbdbeeb3167a8db73299747,e0ddc50d5d16fed36ff4f53d889033bcf9bdb1a7b07e8da10db129192e4f6888,c4b5318b001dc3d1daccc03a9bd077a09897e211d82b5ad8b9682f7f2396303a,46635794a85bec4b89e20b6788d34320ec362793e2adba25517fda3e41527efb
IP/2012/page_57.pdf-2,IP/2012,3,True,True,PRIMARY_ELIGIBLE,True,KNOWN,INHERITED_FROZEN,PARSED,PARSED,PARSED,a50d05f3094432c1e798b2a1e3c6ba601dd4b6fa55cd252501b0debb64daa237,db692825fd9c950ec98ff3ab403844fe8dd5ed1933ba7071b557fcc6baecd6c4,5294d1bd384919e5bfe17ee9e92cbcaf4111ffb76637ca2617b21764ee4dc272,36c4d1e35ac10eb181afaa8dc4047d48763625ba931c11c1dbeedbeb40696cb5,8dc9449eabd20a46b3d2605b7cf5dc3a7f91082a31dddbc5438e8b26ed3b323f,a1fb099aacf8a2dbc7819e2a6c94dea91bae56a2210a61a9208fb9a5a383daf8
ADBE/2013/page_68.pdf-3,ADBE/2013,2,True,True,PRIMARY_ELIGIBLE,True,KNOWN,INHERITED_FROZEN,PARSED,PARSED,PARSED,4ce18ca42d8f34598d6259175be105e7523e10e55549940c98a77f984cecf622,af2bbf6c4cd88cf7119a5f20d4e40f0a76234696acf1b01be24e2f2eb4d78f42,e21d84b51d5a58ad355c48f4c4fd17ec9d7a022bfce82f7fb96d4f4f2d040dba,7972d5e5946f957f11788d4134316a7c802b4fcd0221f1d629be92652722e6a8,8b93b219faff22406fd133cac0f5eb2f89a8e722d1696d3c4161a4148bdf6a0c,a43de465f5ae1083801be40e43063dfc38bcc7d529a00d6616fe87936b2f4ae0
RSG/2015/page_18.pdf-2,RSG/2015,3,True,True,PRIMARY_ELIGIBLE,True,KNOWN,INHERITED_FROZEN,PARSED,PARSED,PARSED,f942b0e71867e7e0b21866f10b36e6cf085cbe12b9e3dbb8decfcdce3e3a2b0f,7e08d68933b8bae7d80f4bfaaf3d4f06fa322028dc75d1e5cb9f07dad40e1997,347ec738ddf5d9058317bf2f4de7990e3e2a2527b2de46ef6dbbfaac343fe2bd,fbcc35d8441e692cd2b0688aa0a5b000fe25bd8e48a760182cc998d2c3b02b40,65b53a4c372a574dad5f240c48efaa2e967901aa573d7dd16a286cf4b3bb1e18,44a65012fb6352e9b7a73041ae59ac5d8a21d53d7859a1255f98dfe52bd525e3
HUM/2015/page_46.pdf-1,HUM/2015,3,True,True,PRIMARY_ELIGIBLE,True,KNOWN,INHERITED_FROZEN,PARSED,PARSED,PARSED,1968c3907e2a408144e65a7209435a8870511b9478f1da5b9142eae1132565ec,2d61c626a3caf65631b0ee27fd05e8dc4f185b5b4322d06bf297dff85aa97c06,d0a28221cdb7eb13ab2ca6c8bc08b26449dc0fb006c25ddd6cd8dc61c2c0c761,53f41c00f0c1ef23ef3d7ed83bc436a45c5b655e196359d57c6c3e7fc4d1a652,4e10bae2c9b941b9ffa9f6dfcff12472e67123b43fc4a13f817c11e7a15ade71,fe3ad24b56ccd50818848b4e213e5e6f411670485e25a7ea8b69caf4ce0ae4d6
PKG/2004/page_21.pdf-4,PKG/2004,1,True,True,PRIMARY_ELIGIBLE,True,KNOWN,INHERITED_FROZEN,PARSED,PARSED,PARSED,82e3bc3af0fe7964cdf4a5522ed91453c15d928b56e0e56d21d9fba42f4050f8,081a4c3c292b2e15128aa41f398977f87f6e16bb6d1d250d2dfa75a39f0f8705,91a15c3341126525b4f80cb5d1600fcbab8d187aaf9de667002a2d95499f6992,656504bbc0990242d5b6ecb412b7c3c613ad3444d5ffd5921c58dd24fa0a0935,42aa0e5df6a0623c4477ccc19f1b35580f62a19c85e72b278d0ad26830bb816e,691e8d86d1c583dab5b417e382571d4e34e942ffd21a52cbb13c0775350c931a
JKHY/2016/page_25.pdf-2,JKHY/2016,0,True,True,PRIMARY_ELIGIBLE,True,KNOWN,INHERITED_FROZEN,PARSED,PARSED,PARSED,801b5cc9f0170d36c36e632d8640b45a589ceacc25bc5e52bc8dc086f86cd16c,dbfb47474f7442de2d78f01df613b6cca1653f9e4fb85c72cc14ee132c4dc5a4,6c715458bc8e55462724ee3eb21766b691b7782475029ed9b74b6575abdbdb64,b9f1c7693412f520f9f3b0a5f8eb232c6756dc96a217df9ecd91295e1e2ed2f7,bfacf8b59d8a9dcebebe8914e4a6e9bdcee5d5a4d7ecc09dfce81e0d37262981,4097b02849613d335d5f0831717bb7ddd1a14ac9c7c265b297ec605d744fc820
AAP/2013/page_68.pdf-1,AAP/2013,2,True,True,PRIMARY_ELIGIBLE,True,KNOWN,INHERITED_FROZEN,PARSED,PARSED,PARSED,c62e1230a271412fcc052317bd7cfbc1d3291c310305298660f71c71d2d41f29,b6721849fc02ad6b7f681da1198ecf44d0de1154906e35f4bc73a4ca6fc0548b,ed5e0a00acacc0d0624ad1ef9f08c43c55c7a12d963d27c174e21b4b262fe487,0f0b66ba0eaa9f197fcbd08f60734fc741f5f3a6f90ba7b83bd13b5187bf50d8,e879241525a8574fbfbf76f1501d4321c58e8176eec3974135be91d67a012662,96dad24fe1154745d71338c6a2696dfab96cb41490706beddb3cd782da079fb4
UNP/2008/page_83.pdf-1,UNP/2008,0,True,True,PRIMARY_ELIGIBLE,True,KNOWN,INHERITED_FROZEN,PARSED,PARSED,PARSED,32baa6d59c238cac5577bc49ef811e3f82242a5ee72f950ae4197b3890cea574,3b790e2bf0005d31c3417736d5dff9f57931452297248bf5dd74d278e41deed5,38e247fca577f3f8f101f828340b88fa2a47e1963b19d868606031a08ba411c5,5dc1c40d678e8c5a2c5b61a95b673c23d0515561d8fb0f55426b8820b7c40a11,ffbac5b45108416ddd1836f4a614e5df808dcc156116daafacdf565e2206ecd5,77394d2d7a82b24dbe53150fa9d42d72984847b4c5cb0c36f429d4ff581769e9
CE/2010/page_150.pdf-2,CE/2010,3,True,True,PRIMARY_ELIGIBLE,True,KNOWN,INHERITED_FROZEN,PARSED,PARSED,PARSED,3446c30ca4ff69ad6217bbcf8fa8cec36471cab854e018ad5f289aba56606c15,2ce7584ab66827e8fb32307dea76ee9c42c8c72b308308862badff2ae0e63175,a0aa3b54fbb67963b31561e5e460d4d2fd3742cedecff8b398a9c9c139914614,1b1c9dec5620545d09e60f1fe4a7470204858e9f5275a1d031b7bfb7ff79e204,b62c424f6d9cb110f80ca10ab9b03d257202fad6d0bf20b0873dbbe54d1801d1,26675c21b029d97b2c13784ed2f6f18d62ce5319b24aed749372ecde0e57d0e9
TFX/2018/page_47.pdf-1,TFX/2018,3,True,True,PRIMARY_ELIGIBLE,True,KNOWN,INHERITED_FROZEN,PARSED,PARSED,PARSED,c585da9e99af3d0f7e0dcd8afb6d88ede671f70e6e1d848828b7c5c43271541b,13ad30bf68a2264d86f9d0c79fc35098452fbbadca78733e0131124117cccaa1,9fcc436f8d8b97b038499d9b6e4469ed585f49db3fc6ed1ba7648f69c78aec95,0eb90578df1bf492dc68d6bfeeb32b29b78a0e024f1585bc34278fb06e793995,65cd439f34e4e90c737e862f2bc32edb841ede8c3130d8fb834122c7f05e0ac8,4eaef03769b9cfed55d1e2cd9733a352348256b2ca00259c67839222855570e9
GS/2016/page_161.pdf-1,GS/2016,0,True,True,PRIMARY_ELIGIBLE,True,KNOWN,INHERITED_FROZEN,PARSED,PARSED,PARSED,4d4b97a302a30c8d4b207f64b403c42f2bd58b21081818bc8ddac1be8f68ef7b,c61fef5e53fc62c4b7e54d66c482e4d1b707f906046ce2c5edeeb6e19dd8db8e,0b6c81317123aacd83c8fea178db4bf939276f260917f287dc1b9e0168e76a2e,71755145c2adbb04304131e5b9f2f639cca523716f25e61fcd4d439aa1b20719,150b7b948f60c81c8d7c63ce485754e8b76ac59878e2d8de8fcf9bdb0ee5e3c9,bb62ee81e1fc974bda17a1832fbd22a80b98c2b1b0e476acd4c59df1e65f78c6
TSCO/2018/page_31.pdf-2,TSCO/2018,2,True,True,PRIMARY_ELIGIBLE,True,KNOWN,INHERITED_FROZEN,PARSED,PARSED,PARSED,fe1c2cce255b0979683f09460d4fa6937772a59c7071b999990d3729960241c2,59c5dabe3f046e7ed8ce2f3d2a9748dbe68d09aa7d3b9746bd2e1ccaffdb91b7,b5447c11cc9471e24c09107673a8ec167692eddb9adce658fb25dc6574a5a837,693a747addfe4e77329b3d5479d4d4463919cc2f37f6b921dc5152895cfb531f,cfba31ee275bcb92e92194aac61f1db81c55627083957da31f52f002141827e7,445a66c06a68a6b5d47f727c8a86997ffcb89811c095bda166bb6a6ae5722465
LLY/2008/page_39.pdf-1,LLY/2008,1,True,True,PRIMARY_ELIGIBLE,True,KNOWN,INHERITED_FROZEN,PARSED,PARSED,PARSED,6cae3cd5a4f9114691fdbc46aa9b19ac7599009fc1afe37543df745edbb580e7,89b0bc3ddcff1c516f20ff59e630df2bccaccfeedb761d90573e07a6216b5010,89495705269486ba2266bada6e2b758642dff7fdd0499e8a5e7111d0521042d3,5c66cc7203ea13889dc04a294de41787155eb848a0c91da4eee3d8f06b7901d7,2845847f8d7c778cbf3814cfddcdf51017fba394bd4adf4a18135673c9a3670e,70d18e75be83ba7538e70aee271c164bafc19cbeb01a149f76286ff401a47f2e
SNPS/2012/page_64.pdf-1,SNPS/2012,1,True,True,PRIMARY_ELIGIBLE,True,KNOWN,INHERITED_FROZEN,PARSED,PARSED,PARSED,b9d3fb234dfccc2bb8ab5dcd0f08aa57d2b63635e149a711dd562b4dd96f2877,91b97b8666c4d16bba6232731baa928b7570a21d94f3f75eff694f5578641f1b,29a56dd3de56003cd770908556d00ead7ac14390648521a961f513b946cf9cb0,a163defa0095ff30fd65c284172959953326708647dfd0318947251e0d238572,e5e625d7868dcb3e321a91bffdf0867a1e49a00365747f102a0f126cfc2fa517,417e3a9925335e5d402f900e08473e8006d447cf44aac67debc0ea887b3f52c9
ETR/2015/page_50.pdf-1,ETR/2015,2,True,True,PRIMARY_ELIGIBLE,True,KNOWN,INHERITED_FROZEN,PARSED,PARSED,PARSED,93cd670fbb593f10ef5579e99c9556c49707ec809b2a4a4087ed889f40d22a35,ffb9d90929f57186d89f63f114fa67d853766ab11a847a931e0142644a3a4cba,49a2735281a8c7dcf842c62bd71a95c60d847ec0e6f6bebca5964cf51d9423a6,7b63dacfb81d808261177dbe73e69accb2dba1af4ac0690755b170a4caf5feb7,c387d6f518bb6d6ed91d73a23a94e56e68b9a7c21d7ea0045cf6e24ab7267ff1,8b8a9e975fcc8a7c41bac48274fc58dbb1a05ea45413b3aab6790f5073390c23
APD/2019/page_100.pdf-1,APD/2019,1,True,True,PRIMARY_ELIGIBLE,True,KNOWN,INHERITED_FROZEN,PARSED,PARSED,PARSED,b4e935bb1b5b1714dace72dc6e6f83f3de052aad69db2e17eebcf4d3a628a52c,8383a585567a75c3250cb0fab4cc77b7ae6f3e77074da0123ff3261ef87d0cc7,b2323b6edaed03f9553270ad193ecf2646e2a52a3ca276b531ca7613ee2857ad,76548f167cc8b97521f70a5391cadff05fdfb66dd4ae0826d44b584fa9780ae2,11f99dce7c6dc35014e653c779417cd0a40e89d1abca151e69a4f2b668b428c2,111666d6e7b2fd6f5a0c3051d8f31038d734789ba3f3e0737193c54dbeccd682
DISCA/2008/page_141.pdf-3,DISCA/2008,2,True,True,PRIMARY_ELIGIBLE,True,KNOWN,INHERITED_FROZEN,PARSED,PARSED,PARSED,4788e60c28b3e6d3d47f115e63ffec42175485bf6cf474d80661b405ebdcc9e2,eaffb50a2f95ae3288e5c96903410454f58d21cf25a192ca591fdb7be090e55b,9627bb6ffd2820f46f43c6cec23dd108af4fbf1a69d3c815fd08f64b6aeabf4d,9ad8fe8c65c7131c6f09372b1cfd1b0c8f3f974dd33b00b1e3cc3b614af690d7,044668620af58764377affbdd09264bed1c6ca86bdb191375f5620b1f6cc3f41,3f3859620cde79f62be3f0c6b6c650a36d8a809f82f46c5dee0126f37dc65136
PNC/2007/page_93.pdf-2,PNC/2007,1,True,True,PRIMARY_ELIGIBLE,True,KNOWN,INHERITED_FROZEN,PARSED,PARSED,PARSED,ffa519fa623ab52c04544b4ef2680270584c814c2d3084d6aef7448ae9856eed,30038c39b8ea7c5a996755e3cf8f5359bd58e59cc4fbad63f35f57b3c1cf4513,2bf86ba948d2ae8bedefa75c12b5aeffbe86edfafae5e86ad700ea9ef93bed5e,b772752063fc48ff3746cc5f252b4370069c1c3cd7b40559360e7eb69c7af5d0,2846fd23211e7db7beff78dbff71c1ea6e5e7927cba3a0e364c456fa9936e474,655ac783f608466778d4bc1d8f304dbae896a12f37f30355eb6944adbc4f3a36
MA/2009/page_123.pdf-3,MA/2009,4,True,True,PRIMARY_ELIGIBLE,True,KNOWN,INHERITED_FROZEN,PARSED,PARSED,PARSED,f7ae4c0ced36439779aaadee6e5c8ccbce4f1b10a7241b99a89495cd1b543b10,d768a1fe61f3ad9025d7bab12edac293ad2c8ca88abc0492dd6cba1165e16dd0,ed4dc3f1c3368afa6dedec5c001dc73dd85cff29f545c07ac521147207526275,3b6916c2961db68bc7ec8ee4499241335f507e10f155c22924197cf1f0369214,8e4b9932b4f9efedd0613954cf0e696012fe2c08497b40fe9cf988b1218b4087,bebf49ad919b49193143929a272969c6e0ae101280b8e32e13b01f077cbe8aa9
LMT/2016/page_85.pdf-2,LMT/2016,1,True,True,PRIMARY_ELIGIBLE,True,KNOWN,INHERITED_FROZEN,PARSED,PARSED,PARSED,e82b58801ec9f0d98e0ae1205714e11215d0439349bb3aca843080904707e90f,0490a505a4ae1de620931b75bbb8652b2d075db630275175bfb7f36bb4fb1e9f,1081137f91a92c884ff1edaa736f429003dc61063e75cbcc288edcc97e394562,c1fd8c91d798590eb8907ee3ef8e8fb754bab9bb1e3c8777ca35386eece26b87,0f9d89b77846c18110e4d3bde308b5374c93f6934bbdc75868f6f3a0dc7cae63,06e4e55c11381b78974dd86c3f4f4819ae5368e7fd69217fa119329e25ff7638
AES/2010/page_133.pdf-1,AES/2010,4,True,True,PRIMARY_ELIGIBLE,True,KNOWN,INHERITED_FROZEN,PARSED,PARSED,PARSED,3afc71a0b0b882d6edbd241808fc8d5fa141130c3b10e81fca7627752d7b5e8f,08a522923ef62b0a88e153a820f15e7352ee2b788a2ab981ca4a2ecf2539653e,1982179bdaf138006e22306d7c5d37252e3e59876ded2cacac7cc27ca0324bb9,d5655146188f65cd8687845f8e227a824a327e0231d7c6bb0fff124c552960a1,3b52b52b89b1bc8db71338fa962e627e07449b98af9cd90fe8d190e14dee039f,b825e9b94aaa38ab769152134caedc59ee7501ac5d78538380c83daad51dd9e0
AAL/2015/page_131.pdf-2,AAL/2015,3,True,True,PRIMARY_ELIGIBLE,True,KNOWN,INHERITED_FROZEN,PARSED,PARSED,PARSED,f3f8d5ccb9437f226f1d41b272a60ca7e84d9a6ab66417892ed570d6209c48c9,26323c24de99728000f01e9ea5869e3709931e84f9379d94ced1eaf49fbcf0dd,80a1093499c8420e9e56063126b60a7d01a74f8e8a7df55b0bc7018ce9a3d004,087e4b42520d1428aefbe577e42c1d58922f6004fc776253549d96dea074cbfc,7699fa2ba1a465f7c198fd0961e25d120b3f4455bb7e5ac08eef3ebcf4a8e4e4,a91f0808567d9b604057f9672563113ac438c217473627610d3d6e7cda112318
GPN/2009/page_69.pdf-4,GPN/2009,1,True,True,PRIMARY_ELIGIBLE,True,KNOWN,INHERITED_FROZEN,PARSED,PARSED,PARSED,0368248f69c25a6ba5e860e33ebe11f695b9b13c16eafb2e012600269d307ca8,01b3d71255d9a1dda7e952fa83dcb92f47abd26883ed67f00e44be7ad939714a,0fd31e99d84404b0b79245c342589b65083e9150484f5cfad5ba86e4426f0f76,746312aebe6e83c71bd845e79b663b660a4563fffee2c695cfa27bdb689d4395,bad6f69f2e7250545832d74e5b731f4243bded5c5d70f3e44ddfac90a6f7ebee,8d2839f9b9b0ccc8de65d252844efa666f4d7b44d11be7795706ecb125615f18
PPG/2018/page_61.pdf-2,PPG/2018,0,True,True,PRIMARY_ELIGIBLE,True,KNOWN,INHERITED_FROZEN,PARSED,PARSED,PARSED,2a05cb2c16db3d79a8a4caea037ea73d52467fa87173497d72dc9e984f0cd61c,9fbe47a6aabf572295ffa647c8e80cb8f5ce4ba1e123426b84318919d76dd719,7a0de069b0f604cd3aa04b0d0e23513ec9b09aea775dbcd8426b2d19c6043f06,efadec9e73eab218d2eec9071097a16f30510d0dc86d6e7ce624a2d1a7bfb072,118a6186a753a4f51cb492b58708517b83c0b21b0f4b1c3bbea9bfec859f9253,a7ecff02d10440665dec4597d710b9e48ed1f5b62c35dbe6b730cee1d71c79f0
GPN/2017/page_30.pdf-1,GPN/2017,0,True,True,PRIMARY_ELIGIBLE,True,KNOWN,INHERITED_FROZEN,PARSED,PARSED,PARSED,6916fbf20691d8d9ede3a8c41cfef1cbd26cbb9054f4e989c976be4604bd1084,2c4b6d3dde008c9e65ce820de8f7db149d784a9adc1f7ea1d17d8e486e059bc6,810c1580273b3d4402e567a3cc01f1ce617f1b77f2defc2f57aa32b6755c0645,d14b40ff85dbd79d340f73415c489e0c4c56fc535e9a9f3c28b51ad7243a089d,55979c23d9941d141aed719eccea8cdbfd24e0f17f2186fb68488723fa85f15d,bb33f13c85d212d86f992d5a3bd31fbb6497da163d77caaf392b3ecc190d4011
GS/2016/page_183.pdf-3,GS/2016,0,True,True,PRIMARY_ELIGIBLE,True,KNOWN,INHERITED_FROZEN,PARSED,PARSED,PARSED,1a1b4932900e4769b8538a26ba282e04c6fc30f94b712f7d53892207c647570c,e16e509df3bce510eea94879e9f9680e89f1dbebd8b7218bcf0adeee74b8042b,a961f4164dec643cc147f988b7f8cb58ab1e82d1c4059acdd9ed1d47831038d1,8866abafe981ade5846042181923c8fb4d05675e478e730bb2c92315e3e118e7,63372a0cb4ca3867528c88ee7b632f7930956e86568c6b65c1c4225dc745537a,81a7a3ae37bf0f475829dd75d2626a430ceb3e0187749056a9684a91c494f34a
NTAP/2014/page_33.pdf-2,NTAP/2014,2,True,True,PRIMARY_ELIGIBLE,True,KNOWN,INHERITED_FROZEN,PARSED,PARSED,PARSED,1e98127f1f8db3e1377691c0c3a157e2b83d04aab15a2c53977ec77998105b21,e4d2b4e59f06948c4b7062fb804315a0c16df5dda2939186f1527f9319cd746c,526cd48cb4a7ec137dfde7392a4e8f25390ea783e3586cdc1e1e41adbbb51111,236f8f671405275337e34e6b89f67c6fbee73c23e4110cc22a13841225e6d443,c1f4d59d9fb9d090835e9c7dce0c896cb867a0b309881d0d3c91a3cc73496ef2,46a0a731effe0768bb1cd2b4b08ed5c5205e9e741c86c66fc16a28be8494a04f
HIG/2004/page_125.pdf-2,HIG/2004,0,True,True,PRIMARY_ELIGIBLE,True,KNOWN,INHERITED_FROZEN,PARSED,PARSED,PARSED,1de7c86f94be175871ee0c6500ee95ba791cddb68c8e621f628a5f1faf1cb367,797bb75e37d5fe7309485f57dbf81a02d16b36662efe29030f33dace82077504,ca63b2a49f17f783ab4470eedebd33bf3bbbd5a4ca8c7ed058fa16dc3f6f5eab,7fc9877a357483cee4a4bccaed07df7073cf05bc24efcecde3bb2960576149c8,1c04e8c2328a630b524d31d8997a5eb8d6ddd506b8d13ce08f493d62458c87a0,e01a34a6c983d6133a7227476d2f45340b88a86efb2a9e0924294b541fe793a3
SPGI/2017/page_81.pdf-1,SPGI/2017,1,True,False,LABEL_UNKNOWN,True,UNKNOWN,INHERITED_FROZEN,PARSED,PARSED,PARSED,50dcbc73fc3475267295bc64e39fe15a9a97409d69c0f6359b26038388a7afe1,cea2a4c0bfa88bf6ad0720900d73447fb143cbe3a5d66a9f8eeb482c95b003d4,1e96de81f6e3abae0fc4903198bdbcc93e17928eb90fb545f396fca4d45c1c4b,0d3ede64f8b317ad3eda48d95678f67072229caf834263dd8bfea37fb93e54ae,6c572ac18b57d31053ab656371b788429c190ee475efb6809edb66e1447e2303,f0a5614da391fff906a8248f0a80d4b77388acd9592a15a641924df82974bdb6
HIG/2004/page_81.pdf-3,HIG/2004,0,True,True,PRIMARY_ELIGIBLE,True,KNOWN,INHERITED_FROZEN,PARSED,PARSED,PARSED,3a002a576c68ed957f0bd189dc87642bbedc0b73542ff2dcf829929608bc428c,911b58d95d704888b8c435d7bf18363e69009b902922db14e084fb2779ec2d56,417657fc9db89989b72d0c21d532cea14196071ac92cf2b915b919cec1a416ee,60ca7de4cf8d5e177f14aadb7d11ad33d5e208c68f7726607d3022a245da8f9d,1146974a3e2e65692d04c1ca308d352dd8652aad176940ce3bea953781f23d6b,e27e5370b1b59cf14a877e0ac1cf8e069f545294228c3ea1cd983ae2db04d2f5
K/2012/page_80.pdf-3,K/2012,3,True,True,PRIMARY_ELIGIBLE,True,KNOWN,INHERITED_FROZEN,PARSED,PARSED,PARSED,a543f4104e13068007b50833575276837d9f253e4b2d24bca761b9a58b93bef4,4edaa80a80e6d07a2c2ae8847ac00ee031304ca476c7a3c67e354338e702a590,225c93fa73c935e77f737206ae3e9e2db17a4baa06d2cd561b3eeef1e6dafd90,9a5f1229ee2137c03b989e632dce309c4844577723145ad6606c691a6d81d42f,3608d9d2cf1c92ce0a640ce410d0fdc17bbbd98c1bd9807d0ee4c28a996eac11,275c7702ca206831d1c9965c892a2d2abe6016c3938db0f4b763ed389c342935
MA/2009/page_123.pdf-4,MA/2009,4,True,True,PRIMARY_ELIGIBLE,True,KNOWN,INHERITED_FROZEN,PARSED,PARSED,PARSED,39f0589cd52c9a1a81947cb7f6869bd567231ef4b0a84f951d2c7820664f12a0,c58c07b14b8e1ca4f571f0de92507190c427780a159836100a69fcf7055943e8,d389c3d1abdcfec0bb1b2b128dc84ccb0784434ab511977a9d6ea6720f17cf62,f320fa3922b2fec7c9a3f68fbb7969597793cd1608d862809bf9ed506da5f35d,8de00fae470635c7c5b3dc8664e0c10ce8540c6f72ead888614ea6b41da1e71e,12e215b80619b5dfce9200d5bbd03040597e9fb172f3105b0262fd7290ff8326
AES/2010/page_133.pdf-2,AES/2010,4,True,True,PRIMARY_ELIGIBLE,True,KNOWN,INHERITED_FROZEN,PARSED,PARSED,PARSED,6d2dced39e8a2ab846e07f0dfbc9bb53d68d18ad4ab20d70aa49fc8b2799c041,74a4b54a9f3f3280c89d041e0d25b7ed36272e1655f5b4d0865dd8461738ceea,c25388f403305a4a39c5a3e60c342b3c5fc56cc17ea3bd42a43bc99845669e0c,fd45a3f28b8ede73ced1e80019b07c1e42c01c6c4d4afdf23290099622c62ae1,eaaf880578382de2308563c93d51457f7ad1507c937e0b43f885017ad72f44c2,8bee6cb5a914ae3462417a430863a04aae8afe3b8b79d8e5cd12599b81ad774c
BLL/2007/page_46.pdf-4,BLL/2007,2,True,True,PRIMARY_ELIGIBLE,True,KNOWN,INHERITED_FROZEN,PARSED,PARSED,PARSED,6b02aecc14d0d301d22c8832463a1b3499154bd6916aa4dc45da9aeedcbe17de,a986e3566983f260f2c6870424e32126cf148fde848077fb39f84997e2d9e2ca,a4898dc2043dce5c8e867aac2f3abb4f1dd52d941e4459ab879b71f2e2fc489a,0c614c26e3dc5a2ae9be26b3634288618df5444707937a058333d765a70c5f8b,fbc57d4c5cda918f7ffb400c6c3e8d29b1648af633551ed41adcff14407c6405,4bbee86758c9faa0dbdaaba1d3245c90624d247669e69fe033d859cbbfcee016
AAPL/2015/page_24.pdf-3,AAPL/2015,3,True,True,PRIMARY_ELIGIBLE,True,KNOWN,INHERITED_FROZEN,PARSED,PARSED,PARSED,94a82a6429dbafe94cb81ea9467162a6886d0b5c162a90e221ee49aea9631898,da685469a305a431e601a6d0e0ec52651f31c99afa1ee6e17f444ae2ec17c3e1,0cba7e8c7a52d8d3241039fe087a28e72f48037aeaf06494e98e95fc5adbe9e9,fb9b1097c3589d89ec636dad8a3143298d6eff91aff292dd9f68e2d00fc77e07,84b1387739774f9325f0cb1d28915acfee1ad766bc607f56b1316ee509465b89,c967cd5206afedf23e3b8026531e3c61fc373bc6ba0ffaf5707a6ad3a5ca5088
HOLX/2007/page_127.pdf-1,HOLX/2007,4,True,True,PRIMARY_ELIGIBLE,True,KNOWN,INHERITED_FROZEN,PARSED,PARSED,PARSED,28165a086e67677b86ef6de13ad993206b72c6818c007b12b7200769f77885cf,950bf9cc2fe6e2bece74826429066f3a08b2162f8c01554325ea97deaf4c18e9,82e35827b6aa047652db05f45665476c1bfaf3b7b35d2b0f529e8a0ea0b83e3d,de55ffe032c50af8dca027aa24c28facdd1d548efeb5658278e1076b4ebbddd9,5be74d92658ff05cb319f87912c715728588a84ab3d1fd5f070c21a58f6a9361,c5cbd648727a7153ad8d1c974ac7961410827df12ed451158ff3ddf707e0dd99
ETR/2008/page_130.pdf-2,ETR/2008,0,True,True,PRIMARY_ELIGIBLE,True,KNOWN,INHERITED_FROZEN,PARSED,PARSED,PARSED,c18b6ef53cad4b3c6f4b478374d9edb34ce6143941b39be4123099e6edb2e0c5,1b526620f19e42b81ab50388d0397ea0361ee00357ecbd3c91aeab1421667f13,c65983480c95bd8c8e7e3bdaf8b9e3e80a509f517b393dab2660c436d4f87193,f464381d9bbd193d974b475ed4e5fdad5505bc40c8c035564aa6841d29e624bc,bc0ddd923c1be70e3cfbc86ad1d26966813ef07dffb0b737292cb05d695a44f6,ca6d528f2423116eab83c6b89918e4fd43679a6dd92a64591f650864700b4f02
RL/2014/page_13.pdf-1,RL/2014,4,True,True,PRIMARY_ELIGIBLE,True,KNOWN,INHERITED_FROZEN,PARSED,PARSED,PARSED,f324c2f98b77bac5f9e126ed7162b6861f03f0566fd67924f81b801f9ce424b9,b6dd12918d11b732a8719ace478191633eb126c76896d1fd7926cf0c819a2af1,52f5e286664dda443e849212a9ef328567fa767cd89e77171b225cb4409e1eac,974bd821e1e842a038191a00858a23861c26dd24705f5696d8dd1ee328d28111,3fd0d43f73d88f22b5218ab7e908d469c23d485260fb8326602b01fcae694079,d7c6d1bab1b5930510dfa18733dbfbe3e0d6875fc98901215f9d9fcbf0164ef7
APD/2018/page_113.pdf-2,APD/2018,2,True,True,PRIMARY_ELIGIBLE,True,KNOWN,INHERITED_FROZEN,PARSED,PARSED,PARSED,4a4ff0c07881c8610efe65e25caae539f5e3fff040f355de7e8a3500023ec0c1,ef74209c996761b1874109e5b9ccb77a1146c6a15a4e2fe3dc660fd0737703c6,d1620b9200141385f68f94c672443ea7c0ed81f441d1d85a5508a305c19fe442,32bea37570c142d86f6bc42608ea9c2349cb8e71d96ab6b237457e9eb868405a,a65f67c076b119292b32fda01761b3deec1007cadbc791203951a1e8ac09880a,7388569cf9ed839422c91487c1559b0ba6f7858ccdd44785a46ebb0755992741
IP/2014/page_71.pdf-1,IP/2014,4,True,True,PRIMARY_ELIGIBLE,True,KNOWN,INHERITED_FROZEN,PARSED,PARSED,PARSED,89cc87c11f53cb7081800d13b7145c36e325a229102aecc29d9cc9b4a3e9b54d,ab353d7ca5870eddf839cb131e71c4399ee7603375cdb22dbea76f5bc476a194,ff34d701c1d73c1fadc1a4eb9068828a41964c19888ca25a38b506d3305f47cc,528b851f921b344e76f067404b5e4c9c4ade36b2ea59790fe80bb99c2366fe24,b055794d55a1d270ed3be456f39776ef1bed3479aa898814f4f407c29810c3b0,50cd3efdb59c9dd9462b80d3665b2b2a9005dde9a7228ad6c59a24240f4c1f85
RL/2010/page_11.pdf-2,RL/2010,4,True,True,PRIMARY_ELIGIBLE,True,KNOWN,INHERITED_FROZEN,PARSED,PARSED,PARSED,9ce76300ca616b179490896d5ebe892e8d95f671bffe2067146ea2270fef27e6,b1f3cb86bf8ea7eada98d0d25fc48274e98736e8fe7b55240fc6e01864553c94,70e06cad66aaff9207894499623ded36d577e5de0092619261224766db450966,49446c2283ca1b0db2b2901677577fe63dd955dd8f8ca1bd82211b52a7df6e33,c48398c1ef94d30e4583b8aaa007b0b6b49cd80f9acfa621b4e44dc51f547f30,6f6d0755c4c1f63c73c26799b2694acf571e0555b62516163f53b9d3266fbe3a
ILMN/2008/page_77.pdf-4,ILMN/2008,4,True,True,PRIMARY_ELIGIBLE,True,KNOWN,INHERITED_FROZEN,PARSED,PARSED,PARSED,59dff1d816f280aba98cf44bc4bab94e655d39a9f5aabfa061aba537692c5943,457d25f0409ad2b4f03c707f167905e307b7ccb571d55f7eba07fd8bf2fa2946,60ff214201c0528b2d051904af5409a65e5bb3d24e7d71c2e93c827a4b87e0c5,a55d1e14aad73e9525b42f26f16ad2da81c658318872bd2f7b1d4cb6a2eca289,7bc453e8c39c84a602e378a95afd3280c9485674f5a70405246461cbcf7429bc,ddd7337a7e1f7bfa5f5188126b91a5ecb3f9111cae4b2a03bdea216624109ab6
CDW/2015/page_53.pdf-1,CDW/2015,2,True,True,PRIMARY_ELIGIBLE,True,KNOWN,INHERITED_FROZEN,PARSED,PARSED,PARSED,51a2c9091094fecfb156b2137009adc79e9324a1bcfad79aa552c487f56e6530,7df43a0a405f19b12b4637425a4e0a8a22585f0f9af56888663f2e5ae44448d9,55feb3b5e1a322d49e575a19d7e649b1dbd6a9ce6bcb27a352271d798a90e3b8,1b2437acf0d6745a5b71077ebd49aab608629488a9dfd6b71878827fdf48627b,78a8efb2adb89f5fe757b5d7364e3a6ab8d55231a61aeb4c28f56d4ab936eff3,15d8ebcc2b789afe8ab3cd7bd91c3df9c985077c4cd107ffffb57508d59749a9
AWK/2012/page_118.pdf-2,AWK/2012,0,True,True,PRIMARY_ELIGIBLE,True,KNOWN,INHERITED_FROZEN,PARSED,PARSED,PARSED,fff74496012d51db91cb37fa8cfdd0eca417fb866c37f68e2d4f31b54e819c75,d210dfb34fc38f27c37ecc0a3fee726896f6790ac34de1241d57984e172733b7,32b845c74c84641a49f5f6aa934cd87b79c3b01667da32cd06f5c819896322b4,a5a7e236a731f2d585c166ef38f8c19d1f11044e86da618e98331b018bfe51d8,5bd855345bbd071eb9eaa3eb5372a69d8020a7ea914e559dacfbf35341e2235a,11427d724d4ddee96e353431ecd583a91554e44768b18faab98e6dbd1efb74f3
LKQ/2012/page_25.pdf-2,LKQ/2012,1,True,True,PRIMARY_ELIGIBLE,True,KNOWN,INHERITED_FROZEN,PARSED,PARSED,PARSED,826c68c63d6a14aef7b5ef72a9343b095e5d40800d95fbab097eacfc750348a5,828ec37d5ffcec95752c1fb7cef1a05872e3b7c51a4e926369d4e836c7cfff96,24f27cd41e5d29255d86eb798e7c9d796f35adf562441fb1c641d0b2fee77df7,3fd21a8ee47d80c5af2fae84c82ab656c82ba46eedb2b5540c51a772db95b17d,fa48bb5245807cd0472a3b9c16b01bc44a556a5d3bda4a46fb217f4542dce060,ef3a5ad1fed3ecc23d7b403cedcc990ddbba05a9bc6a9439a217e17e7728bc8d
SLB/2010/page_58.pdf-2,SLB/2010,3,True,True,PRIMARY_ELIGIBLE,True,KNOWN,INHERITED_FROZEN,PARSED,PARSED,PARSED,5c18d44841480fc7403463d354fa0ef75f5ed0633af161083f03a8acf86896d9,2c3bb246948c8558c61d4222ffaf431d0c328fb8547ad7cf2a0bf25612e1d8a4,8ecb3fc7c9f53c8e2fd428958d83f2934c869c41f8ab7aace17ef804b07d1864,1944f1e140ebe77d893f66ad3caea3060d6465894f9f552e22ee3c9eaba1ac18,d77061290b911fbf11e3aa96396e8fa4d78f708808c157ff698ca970512d06a1,f8500c7b3f81c767b35e9e1c72fce4ac10860f6da28bec9e8c0161f04b78183a
ETR/2017/page_19.pdf-1,ETR/2017,4,True,True,PRIMARY_ELIGIBLE,True,KNOWN,INHERITED_FROZEN,PARSED,PARSED,PARSED,46e25c877c95dfb24a4aa27593d575638cd664be9b59535e8eef7da149a81e44,1b3c2c72249570621598c2b4acc2d11503d88517551e4e2434dd98c64b701c56,928f4f81c9a450f0267df558229edb85b3b79b9c36774dbacadb0f2586d87c5b,fc546bd2cd25963eb39421fad5eac36c9b5f3d6a820376ea6e46d7549cba897b,90ecb76da50b22a6e7d1e6bc1ed8bbe5cd49d5cb9b80a36e45ca5353450f2681,e067a51a2a765eee5b801f0327f2bd052f13f58c7c0dc1d5c23946194fdf80d0
GS/2018/page_175.pdf-2,GS/2018,2,True,True,PRIMARY_ELIGIBLE,True,KNOWN,INHERITED_FROZEN,PARSED,PARSED,PARSED,2ce53f480fc4f61429415903df352df0d5ed7e4de62138316cb3dfc89b5e773d,ad4d88bea1b69c5083b73d1b30b8be6e2716ca8faf8056d136e7f41d90ec401e,2a01227c2f58a2da9afa0fb4bdf00992065ed66a1f41fa6eb6ae21c905636405,d060586f500705280c992670a120f942f7ac1a458d45b600bab237b3a36040ad,51e1afa3da81f63acf4793ec8dd83ef56b0af5034b5ba73d9323252378cdb358,9bb1a6cfb73f4dc0e66ab29c75460b3dab9a3281b9db8ec399968d294132c201
C/2009/page_200.pdf-2,C/2009,2,True,True,PRIMARY_ELIGIBLE,True,KNOWN,INHERITED_FROZEN,PARSED,PARSED,PARSED,07f31700a0f1edce290ddd6c401dd3235b7595586683d1b7576def958bbd71e1,0a871e9c88313eca4549ae12f1dd6e282ed37208551480ee16fb6abd54f66170,f8263fd170ee0ed4c9c6f3e47d3d5662adc8719133e0e35a4fc32bd063f11536,6058d6261bb5d1c9237bba3a7ec3395a6991e2ecebc489c86162d10d1faa2440,82ed1048560c4bc56e68be5d8de6aa416f5fc7c56edbad78e7f619ba9d9e09d3,ba2f0e11635d1e2dddad2351e3d1e1b080c6df21fc72c97f8767ae9929ccc9ca
HWM/2015/page_94.pdf-1,HWM/2015,1,True,True,PRIMARY_ELIGIBLE,True,KNOWN,INHERITED_FROZEN,PARSED,PARSED,PARSED,bc1925f94ed8fbfaf836dd9acb75c04ea2a27da1360f379d62a4bd505e54235c,6b7fd91e7e3fcbd5fb7b7fd5c168d9b9ef15c269cba9e27ffcfd18d705d4211e,06fb28f5f2b6c823a340a2dbfaafab3c85812c6127f30ce813b9fccff78bb261,972d605a04cf7e71b07fa744ecd735aeead54b5621c1f6f759a6765b7b69e533,e6ffb72eab3ad929a50544b9234acbbd8b964e58ba9a55fbb16c6929d46bf09c,ea6d7e4e659b9fa427f815525bfed76b8baaf5e6683f5fcd8790d95cb439fa76
CB/2009/page_220.pdf-3,CB/2009,1,True,True,PRIMARY_ELIGIBLE,True,KNOWN,INHERITED_FROZEN,PARSED,PARSED,PARSED,7c501fd3314c7f7b1120e7d0cba0966d496ede4069e180118e6411ea96233e8f,a04368832d7ff327af9246322cdc52fd9650700669290259796e56faddec971c,549f230d705bcef80576cfd37429832164f237aab377c6b14d83983ea93a1c1f,5e79fbfb448367dd8b1afb49f0d35ca96f6d7e963fc85c28c6266a8f72863f32,b16a41220644eb59a1ef1c00b9deea2675c2322638ce54381e2a7c6de3056f54,313b63f344dac09ec166a1a465dee32464402ae3f7457196706c1a18d2e1482d
MA/2010/page_107.pdf-2,MA/2010,,True,False,DIRECTION_PENDING,False,KNOWN,REQUIRES_HUMAN_REDERIVATION,PARSED,PARSED,PARSED,a2ec3d472c1bdfbf9e7b8b62074b5a96a0ae4ed1145600e76f141bf30aeb8da1,5bb797d96e2d9a5aa696cc089359716b3ca0d34ab090f7044d8ee7f110948823,8af7133b2948349621aa07122cb53ff5c90d408ed7b0826b6d91c21219765061,b1955ad3169a985622ce160fac9af78b9f3aeebed74396fe142750daad68b8c0,eb25738ca7561e5e070c6940cbb188eb9df64055afb8569e281d34758cf26f75,33ec986ed3379e7fc7c390d8a306dd9d0364f6b21078d5de686dd510b5b61312
RSG/2017/page_14.pdf-2,RSG/2017,2,True,True,PRIMARY_ELIGIBLE,True,KNOWN,INHERITED_FROZEN,PARSED,PARSED,PARSED,bbfa0d6e410011705cac8891ec3e9d0d62d4765a5234cef22c7a2ae5d11f541b,34705171b717f7466f113a3110699b2a9bbeb0c50eb992914870dd52c6141562,3e3ee444a01e20fa5d3c4a5b9493f1abc780e3fcc8cf78107c13f2f5e30fd4bd,952fa1700c946aa68a494103af243aa250bd75cdd754b2f63c7aee1ba5fc491f,f805cd270ad1f54bb3d2842cf98f91a2c5b40d873a06a39562ea066386d4457e,bf098c02d0db60a0d2c53e8ec0dc8adba5f97bd3afbc98d717fceb98f5b8fe87
K/2013/page_27.pdf-3,K/2013,4,True,True,PRIMARY_ELIGIBLE,True,KNOWN,INHERITED_FROZEN,PARSED,PARSED,PARSED,80394c914ee2a2558d83120e1eda2d8ddf4959fe26e00d4b0e2340d88454075a,6fac7acf317a49eda571b444f0ff435a6ff045e1d4f64621175c40890268accd,de6eb7f8f44b3bfab0699fc098978e8ac86035100f66dd16cb3bd0f63ca40ee6,029732661945e41b005c7d85f50a62194bf89ea9e1c378de6b15470d02c01be6,dace8bbed749472cff31972b110cfbbb4fa7d4e3f1440c58bd30bda794b8adb7,c472440ececf2f8f2d9f0e63671982ea2f61ffb74c168b5b8e3a687fe4e06b48
IP/2014/page_66.pdf-1,IP/2014,4,True,True,PRIMARY_ELIGIBLE,True,KNOWN,INHERITED_FROZEN,PARSED,PARSED,PARSED,be85190edcfa00dc1d338147e073ad2a72d696c523fd491df46966bf1858a93b,471d36af6f68b7e8bb74c44b84d78fad1dba81ff8ba4167db09a0c2781abd707,4570cfe647a687132ab2135b853d041197c009305df3e161a781e452b1276753,2a0ed16d7e19f89f79b521e4a17118f077abc19247a02d1049cbcd415618c360,32df00e4692248fc559cf651aa54db70fe5bb843719866a06ee8e5b31c7d3385,a5672c232afa6877a4238c015f29625235c2cc181b92821d5793bef261a2496c
MA/2008/page_70.pdf-2,MA/2008,4,True,True,PRIMARY_ELIGIBLE,True,KNOWN,INHERITED_FROZEN,PARSED,PARSED,PARSED,322cce673ba9af7c89374682e22cbb8477694595fc55941de94ab94a891c9729,d8964f8a8cdb0173eccb66639ef34354f06c02cd7a7055893fc4179759edd6ba,0d804a6a93916bd48b2668c6528d7aee5b01dfd10678d84606db90030de66940,c098343d5556f92ae0144eed0527291891f0aad9e15bf6a70111076c905437d2,801007402f2f30c8d91cb7e6146439b1c67f34d11a9147fffc6d1b511ddd4aa5,9d643b1e6e13ffac7c22464b390889b79917120cd8d0cacd13e038fabcf9c38e
MRO/2008/page_119.pdf-3,MRO/2008,2,True,True,PRIMARY_ELIGIBLE,True,KNOWN,INHERITED_FROZEN,PARSED,PARSED,PARSED,4487c54cf9acc032e8f1774bbe0714e258147f3d866d5ce31c0babb210199579,7c8b12b6d15e23b0a8b2c5995775619366e72d510f87ab908a796ffe56cf34c4,650b264d51e037f6f5119912bbc2a5402f6946980e09738bed351d059871c4a7,340d82ae43a3b2737d7c57dd8ea98992c0ad55fee288ea5aac279926616c6195,09bb409a67c027648f1fd776694c071dab86a3ad36cbc1e22fd95b9a673dbe19,eee0323d3d2e76363973c76c10b6fe3ad3cb3cdf8d88781864cbc669b9361143
RSG/2018/page_13.pdf-1,RSG/2018,1,True,True,PRIMARY_ELIGIBLE,True,KNOWN,INHERITED_FROZEN,PARSED,PARSED,PARSED,e923cf900a82b0ae14fc985518e9056558fbc8ace4070e33bc1d670ffb041077,5914a049992ddb0104bfd937793800107e2a34db203763b46cf131ab412dc2bb,934043156efc2d44efe9dc6e7b53da0edfb841eb5b18a98e56619e3b075a7454,e172f073871160e8c47605ac2c699fd4406882eae2c6c5d4b1e0babd9148cd90,ddfdbe234f89fa659ac92afaab281f8e28636c5b097cb484869cde74f15dc03d,c788063f0529268795e9e710ccf31763fe4cc3c5485522eacd95c1ed87a48b11
PM/2015/page_103.pdf-3,PM/2015,3,True,True,PRIMARY_ELIGIBLE,True,KNOWN,INHERITED_FROZEN,PARSED,PARSED,PARSED,767cf62c754d923ff859cc52a01d36444ba478f42c2f0f324fe2b90401275000,0ef07c4c3d948a8e11b8067586053cdbf876a07d58e0d7662f004be282aba870,3201ce97370feeef9f5994b027073a2ae75ed7ba7ef0a3368f97e32a34b36d3e,784b1d53b14a0eee25ea9daa19350bd1f2ce90dd1d935bfa2970e018d7c63b54,aa34418b576bb2fb0e89deb0b63ad25d1914b35953f52be67ade0c0443f8f3c6,c860ff2502ea712d569f0ace3ed1fbbf86135ae538c3e1d61f118624aa4bf832
LKQ/2012/page_25.pdf-1,LKQ/2012,1,True,True,PRIMARY_ELIGIBLE,True,KNOWN,INHERITED_FROZEN,PARSED,PARSED,PARSED,ef479eb2853f33df8f580bbf055e3aab69fcec829e07c2ddb73a2d1c00c09fd3,0dc06724d405e7d210a65162aecf255e095502c7aac119fb4e828782d9eea04c,3b42852188f0cf408f5d4fc5e436df224925b679eea218de0d3708d0bed6e46f,cd95d5c2cab53402e704adbec0e2a9b781bd2d22de4ed9d2d74956af740e8d80,b8b86e50ff9213cc51b53efef31723481628b869941de124fb56bc46efd5d162,8c5aa44d31ac91c83f539d1c4ef59844b980eef671867f434e2282db5e479469
RSG/2017/page_74.pdf-2,RSG/2017,2,True,True,PRIMARY_ELIGIBLE,True,KNOWN,INHERITED_FROZEN,PARSED,PARSED,PARSED,fe9d6d55292e7cac7bc90fbca4873081bdcd830b4d5d4524998f15cde68b1bd6,8f6c602cb220d98f112d825ef1056382c1cef7504cf82acd4189e753416bded9,1dae180853d8b6bfbd386ecf87dde16d0d7173b9528b6e774c39e95b788ca0c5,fa8cecb278e664b2085680ffd37cda3c69fe5de5f48f51aed882d0f42c5b277a,0afa418ff943b61a00e16602d3da864abb735a6d53c6a6cae3589f8a876d86d8,03a778d3a47701eaa795787285c6bac8bbea3014c755dc08224b5db91f547d22
UA/2011/page_71.pdf-2,UA/2011,2,True,True,PRIMARY_ELIGIBLE,True,KNOWN,INHERITED_FROZEN,PARSED,PARSED,PARSED,c46d20eaf8a79c96bfdb9d746a8742eb9642744b40fa2506183d742d915de550,888f795ada1fc9c0362fb725ba4228d8839ef58b255c3b918bfec761c4407c6c,d52f47166e885ceff3638ad204e7913797f2db223e87a256bf97b7952137c53a,565493a99b5ab989f50c9448df862737f6fe6e0bb362236526ef1cb7677db22f,27cac1ba9f3f247a29ad76df2c2e5c6239d0cc432c2f90647a2ff72f66b08a86,d408982f102529a216c432a7174547c685955dafac09cbc8cbe061d4f11aa871
AMT/2007/page_114.pdf-3,AMT/2007,4,True,True,PRIMARY_ELIGIBLE,True,KNOWN,INHERITED_FROZEN,PARSED,PARSED,PARSED,6c0151089728276e6b915fd3a6222ee5af4bb6379b4398ef080dc76cccc12add,1ff81b72058bc66d26c4df9ae32cb28a3fe316e008b82af6f5e3871e586ded89,3f2307e365000691d2621477486bfc98ce886058afa422f4403289f686a4f64e,31fc23b86ca8e81c1f9216bf2bd07f0a3c2ac6295b7700f9569c914960ba35f3,895a60c42c8e9db26a275fa708f0a61524279bee3dc26992cdd7e08eb9077a8d,55703a11832e039c64d8ddbed8617d45418aa053ccd2530c48c0faa7ef3c839f
AMT/2012/page_111.pdf-4,AMT/2012,2,True,True,PRIMARY_ELIGIBLE,True,KNOWN,INHERITED_FROZEN,PARSED,PARSED,PARSED,86ffc5935b29d9d2f911a038c4722c29e80b57d06536f6ea6823109fc162341f,6b613b5c9542d2c51c2b45e8e79e378d35d046e9a6c43e224177921ff70fb0f6,a57b9bc6aa1c725b1ec6511111c95cfbfaeb474463f1acc3eb9a5a9a61ed22d6,2b82bd1a468b6773db3e7d70f3f3f262e856b5e22c268adb363e7216d9b5e6b5,c1c9bc96bb35a08fe0ca1a1c69e45124d8c128d25cafd17d285d6514d84b1c72,1c85f4c217aacdcd0a7231db6570ea90ce53b8578f02628b6e3c3f6c1441cab3
AWK/2015/page_127.pdf-4,AWK/2015,0,True,True,PRIMARY_ELIGIBLE,True,KNOWN,INHERITED_FROZEN,PARSED,PARSED,PARSED,e89b68bf793df3d7d4fab986e88f607813aed9f6ea1dc88dc7b00e46159c0667,9acda505f57d48393f5c499b1d23ad2d7c5b7a1555ed511533b93fb66f4733a0,45f8054b4dbbdf6b85e5b84c9f5c5fbec80c46742466d991c5e603bb53c47a29,649f6a2ab6628782ae010ee1414c899173174422c478b9a66c519de76e68f1d5,681d97d604cd669e155e29185901d71cf890be096a5586c1f796480124358c44,74cdb761e16af9711c3ab45bb9cd2987377c20593855a73ae48417ebb7c43ba1
LKQ/2016/page_48.pdf-2,LKQ/2016,0,True,True,PRIMARY_ELIGIBLE,True,KNOWN,INHERITED_FROZEN,PARSED,PARSED,PARSED,82f0c7140df80a77d3a31edcf27b9a8e5d286605b41a88203734619578ae4466,1e5a876fda0419fd072ab3aef891dfc23a0ec81df283b36adc7281639ab7de93,ab0dbc96c8c4f36d3860f50706a1707a552a890f3a924d887c09e15d3901366a,15ba09e251d14cbbacf3ec0701021533b3f3eabf8df276fb94d8860eb184cb7e,9e5eed60e4321cd70a8618add818325475ec1e74dce372329a421b30a50ea2b6,618f492e981e8aab8ea8af619155dad9ec01f8aa7425752f1bff7373547f8225
AWK/2017/page_128.pdf-3,AWK/2017,4,True,True,PRIMARY_ELIGIBLE,True,KNOWN,INHERITED_FROZEN,PARSED,PARSED,PARSED,22970a1f822c3d9d27ad9104f9baa1286c3fb5d3cf45bf2a8a272ab6226c63ba,f3e932352d4fe5f495532238f63228ab56af575c419fba0fdbeb5135604bdc18,3ad3239a4277d4c7228ca52a1db8caa862a486c5e1d8015a2a9250183afb8041,055836632eda3b07da5141ad7b4f26cbeed846613c685e2fbf15e608323ead5c,7c39f7bd1d9a934730fbb950f54537dc1e0711b82a8eedcc77fe6c7f4b028af4,f1e7f8a48e5d002209bd7201bf624f2e9b4031f786822a5fcdcd1c9e4c72fdf9
EW/2014/page_35.pdf-2,EW/2014,3,True,True,PRIMARY_ELIGIBLE,True,KNOWN,INHERITED_FROZEN,PARSED,PARSED,PARSED,6092a903e81531d72e98f64a7074fa297aeec9ef0d01820cc7ccc2118decad9e,95d37f64713d0f9a371aadb0140d8d9b45b3b76084a580ac0ddee01c52718dbf,72e9d8a9b89c9745a2154439a7404d21356596099c664ff7da7384179d8eec50,82efc105c4b982259e6f4231cdb5311c35a4d1584443a4bf959d6f011f9d47e2,1faac9f24f131edf207bb48e9b51565065cb19bd499b9366f47f6ac684115ad8,ba9abe467d91624b754d0dbb97ccbae877c5d03b534beb4006fe6a4df9e6ab8c
ABMD/2011/page_33.pdf-1,ABMD/2011,4,True,False,LABEL_UNKNOWN,True,UNKNOWN,INHERITED_FROZEN,PARSED,PARSED,PARSED,5035da019695cc2d0fc31792357e46b2f022f7f6ab39f74bc4bb44aee3f17dfe,0847de38e3e6ba3aa3f93ba5a09cc65267ae432ca8939118a68d04a0b12d44a9,606720aecb682e81131d55d5585cf0621b0e23fe42d1e2adfef1ad3ca285b382,9f6a8f5fa167c81d0eccef757024ee403a409fd8abfbdf296416ba8e0b0547a8,ffaab1c87dde0b64d7c5d7ee17652555af8e606c7478bb1b55ac4a451c46938a,6840c4a342f0cc3848260eb2078a8c1235968af9cb47a6b28c7ff948f359a08b
EOG/2016/page_80.pdf-1,EOG/2016,3,True,True,PRIMARY_ELIGIBLE,True,KNOWN,INHERITED_FROZEN,PARSED,PARSED,PARSED,d27571731fbc588c9e8e34a5808597a6ee4b45f512c2441ce6163169d1fcc2d0,d9d9b1f2da82a61147cdc903be5987ab9809ef33cc601415e9f08abd9c72e375,44841a2022b00f2a43fc8951162fdc7eecea955e98c596afa3f30c4ad9c0bd96,697d2ce662eece387b1e13c3935cfca8978409b32bb21a9a31a28d18664282e1,e19e0d1ca1cb585d6b184ba582c8792734be03ecae8e128f1d1508c2c5d2f07c,7f4325d6a38fec5f8b2e63ead9ba5971fbcf05b442c5c1d47e32b5039e73a17e
AAPL/2013/page_27.pdf-4,AAPL/2013,4,True,True,PRIMARY_ELIGIBLE,True,KNOWN,INHERITED_FROZEN,PARSED,PARSED,PARSED,bfbd3a07979cfa5949039e90f83fe03c46bad9a6a555986ad70604eb9bfb8d0e,428bc8865fe8f6eece741240856483293e62d4ba81d684222dda707df0915494,1540eb11b0447bac6919d90b04e7fbd9fc35ef8e72d5ae15d0b788f5c9c7c166,ef863d9ca45720ea502c09073009319c2666744e031fc8f41ea4333b666eeef2,780863b8d2f0ac38123ff1e184f7b25269dee300d1d4b03e5359482928df6c73,a191e2a959ff23b1a4fbd61c1e2cefd7da896cbbbc57b50b1c773661ebdda1b4
ETR/2017/page_20.pdf-1,ETR/2017,4,True,True,PRIMARY_ELIGIBLE,True,KNOWN,INHERITED_FROZEN,PARSED,PARSED,PARSED,e15b8a704edd611ae27c56aff6570fa9463a860b79d937dff120eaef196e698e,19ba7adb711370ce8e24518a0b42024331da368f0ebec74922f8117bd3233d97,ff171cc26af0ced975e3ae21a8efc1f513441a9cb2d19641f432db9fb1b398bd,21a3ee570d03455c9acef866e37d6e4a89a1053ebc4252738fa60367dc468782,a0250099cb91535e5e6008d37e985133e338cffce7a24b754e78f9ed984655cd,78333d46115b7e2e58a24d1aa5c00806036f1f69e796e8dedc449168325027e7
ETR/2008/page_313.pdf-2,ETR/2008,0,True,True,PRIMARY_ELIGIBLE,True,KNOWN,INHERITED_FROZEN,PARSED,PARSED,PARSED,cb1016da5dd78359c9556370f3a51eb69f4b65496062c8f526b29799f0f74808,56f2a70c0bb7b3ed03dc1ed62022ab2e1bb80d252dfb06eaef1690ff33bc563f,ed6a5d085b835e57641b32b9dd7d7a3faae71d31baf91b878c707587f1213cc8,d659eb6444de0d9a504dd0c37a41c05daacefa0c0dc314b8d03dcec3880bb230,947514fab49d74e74a4a9ab07cb0327c8876e4c111c996573813879e87000f66,8820665368477f74fba84eeb2cdcae87f9eb65404d43188ed1434ce669a0e6f1
PNC/2017/page_76.pdf-1,PNC/2017,1,True,True,PRIMARY_ELIGIBLE,True,KNOWN,INHERITED_FROZEN,PARSED,PARSED,PARSED,d95d3f3fe56ce2b6af000a7b5f38942dd19adcdc4a4cbfabe21b434da9cc56e7,42ab0b4a259971d726f4f5eeb2dd3b49df8e9ea8248d7285f74ac67c5034fd54,ac0eb241dc50d779c2fd7b393628fcad1e7d1303db63f75358c0370bb8fff707,26fb6b2d0e991e7f709ee997d73f27aeec9a3ef03fa17e98c77e605a6619c111,567785b5d788b82c5c21ff5337ed9b867ce3426715e198d417d113591c867e85,7f36453345557bf8ef8e7ba092b375868edbff429b304a616ebcf6301670898c
ETFC/2015/page_25.pdf-1,ETFC/2015,3,True,True,PRIMARY_ELIGIBLE,True,KNOWN,INHERITED_FROZEN,PARSED,PARSED,PARSED,306ae6dc6cdb8514b7c736f10998f72d3ee44abc0ae6051a31f56a308aee9a30,fd3b694fd2350bb0ddc3af1275a80c4d9ac36e7719c8b6c362eec64808fec76c,9a764095e98c16195884d193714ed68e22ebf5dbd040e3c849d5d0b7cab25704,bd7807d34e8ad83524bd559a74258abf32f93476b9495c9469c05ee88a85cd92,d584be0e5d712605be7e52e407c4d23c1ae77920b37c0e5901a572e78c774279,a72369416292f7df4d8bdc68537c2ae35776054dad58665f3bda21974443ced8
SNPS/2012/page_61.pdf-3,SNPS/2012,1,True,True,PRIMARY_ELIGIBLE,True,KNOWN,INHERITED_FROZEN,PARSED,PARSED,PARSED,e165d6600818c41f3f0e2aa19ea790ebf9b6703fd3cb81e94bdd184e08620be9,ef27d6ae7af434e95c74189233ea3a02a1a4f2ce0034f253eb8df250e05fb36b,04fa45e711dde98dc4ad6ec323e770b157453b35cd779434b96953de79de5b84,3af3c76e6a7086dc2fc0e14523a5ad7143e0798670ae49cc1c147f9e2056ea13,ff19664487be4273f8a14c7ca6e7ca3d9571a5fbcca312c001f7ba7578f4b909,6b772b8a051f66d8cbb726686b6f705827271acc098c29369d0a1ed6a2f79b23
HWM/2015/page_123.pdf-2,HWM/2015,1,True,True,PRIMARY_ELIGIBLE,True,KNOWN,INHERITED_FROZEN,PARSED,PARSED,PARSED,5af1090421ce458bbd10c137fe18b769f6606cca7e1cc9adcb9df7f5ce036edd,d11d6a24d992bdadd7f40fc5ab72a53f9e894d7974d127e3de2171970ae2d4b7,46cabd5c7643cfa1ca644c2ed27aba9e5a2d422fb436a67976ef21486d4bfb11,bf915c9b65821aa28fc65ba2a515f889808f35a057ccd2ed78564d1a8e6a91ab,2ce006c080a37773e836c02e5adeb7eeea1aa8be9f20601b81cf1b167faea66e,23b2c2ad175a9b1ef747c92f8b5098bcbaa2d9af8ac18b5d7849a59403fb3122
LMT/2013/page_26.pdf-2,LMT/2013,2,True,True,PRIMARY_ELIGIBLE,True,KNOWN,INHERITED_FROZEN,PARSED,PARSED,PARSED,bd51c7f85fe0df5743caf24e60f2d28d3ed2a50f4f94a2021c74e73b28b3c2c1,3c70475ba2abbb8b99ffe4f945af675d1a713ab4de19680aae2f694b6c1cf28d,0993f53f3d4f47883e8c8dbef69a0c60de6b1a8ff44da666400d01c1214e895d,a26e7e8e882b705daaf7fd9abc0b98e8a8566a7f8e8746e0904827676730fdc2,5e5b9e355ea2736d25b175c5adabfffe36714ed2bde87c0ddb5556366b83e344,03da8f70b8c57b77fbf9dc0b68c0388dd89b7cbac5efe6d63036b5486cd69948
AWK/2013/page_123.pdf-3,AWK/2013,4,True,True,PRIMARY_ELIGIBLE,True,KNOWN,INHERITED_FROZEN,PARSED,PARSED,PARSED,da7aefd3f36ebfdaec700fe1bc26a032b8668e0fe52e7a533c7be2ad6713f031,17e23e7594d0afaeeb0868ab1eab46e91cb1f38d3e60cf9b35a09866b63c4940,61d94b619e86306d51aa8d9e1a5bcf976bb3a0214a809be039c232741521fc3d,d2db5af82e97af4086785755c6de9bf4931b7d87c8626e13b00a56dd03221172,69c28f288ff3878ae9a2f185a196609c131df8940eb6cc230092d2e742023e95,0d00631bd9ec4a8cf86eeaadbe10604616f0380e2775ee40bb40878a22fa9b56
DRE/2016/page_59.pdf-1,DRE/2016,2,True,True,PRIMARY_ELIGIBLE,True,KNOWN,INHERITED_FROZEN,PARSED,PARSED,PARSED,9f485a52b8af30bc74bb0c2eef6f2e9ec4e16ee75056dc424901f771e6b2dc8a,a5373273182cead51c782439e67aa20dcc5647727b074c3a0962f539dd16f690,9c18e9e699c7be9dd630ab0ce80142766b2cb73eb7e9b3db6461a28773ce924c,75f8554a4dbd0f89c633d447b922db86cb9da0db2081f5164bee16eae9a26545,99cd7128b7eaaa37404d46f846d960676d3f88dfba9dbf444b23e86451f370e0,69169c6cef77eb50f3a99c6944e3ef22702b438971408e9a5d949afac7823670
EW/2016/page_36.pdf-1,EW/2016,1,True,True,PRIMARY_ELIGIBLE,True,KNOWN,INHERITED_FROZEN,PARSED,PARSED,PARSED,fbe7f27465ea36f71425bffb532cd0ed6f9879cb68d949cd178eaa2f135e5e00,a79a75d425fa3acc21210cd757b62d2ea3a87e53bd0205d06ab0927f5c2ea046,8beb3f5f9878984b840e6542a3a50823ee03e76359d7e0f4a8363fc119248185,ecf72ca6b975cd5536d912fcf1518b4d420211dd588f78b1ca943bf086af7002,d3afbf472af7d6e1dc54629f5c54d4dc5e3fa43a3d591256563ed50642c5067a,32b9c0a9a7c59791ab92707f1fbb6f695d78edcd21aa6f6067607dc48c29ed6d
DRE/2007/page_39.pdf-1,DRE/2007,1,True,True,PRIMARY_ELIGIBLE,True,KNOWN,INHERITED_FROZEN,PARSED,PARSED,PARSED,4e88e95401fc7d61014e91964810d732a1cf00ba732912e74160e92283cfa565,87eecb6d4fcc960b89a2abdaa0ad3385ceb0dfc810338a60a19b3887e81f71a0,cf8cfedf149d9569c0adec1c4e2eb206619db9362af6c84400acb9b8b4f9b0b3,605170b667e5b834c1596cb57eae4587b9464cc54ac28db6f1471a4d4a495840,dc13eba50818b8f303119fe372acd6faa5c335178aeb044a711ead926ae52280,d510ae77c235b1697a41ba6c9ae8e0947af6eb22c1f877a36c4a842d35a104cb
C/2008/page_193.pdf-1,C/2008,3,True,True,PRIMARY_ELIGIBLE,True,KNOWN,INHERITED_FROZEN,PARSED,PARSED,PARSED,ae563ef0e46462b4bdf1e922059dad951917735ed4b05a99a96f5ca17ae35a9b,b18bc9b37b576e3cd3744e3c073662b36cc87e439495c897d5fe662fe5175825,2f73a3e5d564f402f99fa9d6f9bfc30489ab6adac3057110d587530406e7a4ab,3c31d6516a5621b1ed25bb5fe9fa6309bbedb18cc7fadf9d2610bb77019b3ed3,f0da3b717d65aa4a124a114c2ca7e2204f9afb0be2211db224e069d69f61703e,84c088d039e461ca16d11376b9d360f6376be7198498bdc6aae92a0d8db81604
BLL/2006/page_94.pdf-2,BLL/2006,1,True,True,PRIMARY_ELIGIBLE,True,KNOWN,INHERITED_FROZEN,PARSED,PARSED,PARSED,5dbe3997ecc21b225917ec842a62b0511f9c504006909b38c92f3a7208df4db0,0a3674f5f707126145b2d3f60674009408c3c477ec959d1bb391d55de4a03b94,dc94b7b31e942344f8d0b4e0c49f16f410047dc94becd282424a37e58116a9df,956e84ec59bab77d378bf0abeb51eb4e255bb5d56cdde6df1e1f7d989638e76e,25441f2beeeb823bf1be54d12a7cd783a4b28f9cb858d5b80a2ed57317727825,93dba549ebf2278e72a2bc9088aa475fda32338263a75b6b1c6cadb1f82f2799
KMI/2018/page_14.pdf-2,KMI/2018,3,True,True,PRIMARY_ELIGIBLE,True,KNOWN,INHERITED_FROZEN,PARSED,PARSED,PARSED,c03eeb1ecceea4b765e63e940543ec804d329a795e2ed319aa428eb7399bb9fd,84e9e30edd007db5e9f72d3b015fef90aeb24b23cc55fe5cbdf3405c075e565d,2d1ba4b43d15936b6a43066108459d95d9d80c085847bc3e898f4d01127ffb71,7e1a1bacf1275c3e44def0099894b374ffdacfe17e1283422d59f032c1c8d237,71cdfa83680c9fba7ee88685f9907e81af0657530f4e1da11186f1f27eeea874,9e3132947e82d9ec95352d7d37c4909c8ce26a52bdbdbbfe024804a4f1094a88
CE/2010/page_134.pdf-1,CE/2010,3,True,True,PRIMARY_ELIGIBLE,True,KNOWN,INHERITED_FROZEN,PARSED,PARSED,PARSED,f5c46ab41dee318ebc9536ff33207f98f16d03ab3812729edb89f71b14fae368,a75379d91323ee67a4bbe9795cd7c40dfe7fea082357f179eaf18a7b7d92bcb4,43accda9ac0875800dab437dc35b0564ffd747a56b32504e052f734851b26d5f,d3e85d9ddcc90ba2994ad62bbdd644321d9bc3076fd8910a493cb59aca909102,7967abc4984507d6a34492eeb7fbbc1bb98e327ca00c15951ec0ad674c0b1d3e,fc6639edeff57f86ff5247741c3d9689446ea62d8039d85a59c3a201d6d183b6
JPM/2015/page_77.pdf-5,JPM/2015,3,True,True,PRIMARY_ELIGIBLE,True,KNOWN,INHERITED_FROZEN,PARSED,PARSED,PARSED,b7bf4065909fa9b6f8f37d18cccbd111d7c46904521f51cf73f34e4ef369e530,ba53d973a293dd0e481705b5339f39d30ad97357da81ea9cfb9c465f73f581fe,9e103c96d54af6d9ffcc1927c79f6ab73f89c4407d4f2ad390570f3fd2880452,5a48ffa03353e3f133364cf22888bf0b9e721b9321f4a33664cedf81cd74a9f1,303502db145de37fa946052c85a99f116a92139107fd5c24bb1e6f13133caf8b,0877d3dbafd7852a73e1d442c583d5dbcb286d675082fe64851622016703f2ed
MMM/2015/page_52.pdf-1,MMM/2015,1,True,True,PRIMARY_ELIGIBLE,True,KNOWN,INHERITED_FROZEN,PARSED,PARSED,PARSED,24a1d5e7d16254c42d9aeb220d7a7d261d6c2c4b233e3655bbff6b9848798798,9e64969bdb59dfc630f0044fd4009621efb4f1dad68017f57b71608bf4b6a05a,ce8c73df0f6796d0e7c31f52d1d16ef18b578cd4fa48804f06952a965cd017f5,f0c3ca060e57ad79997ce2eac25d94ae235b6dd149e9065a2b966cd238bb3297,ea2787df2c09e919d58d2a3f07634b97c8a431844227e46d9a8a0e8febfa2abb,1f0730bce4b067db8dc99119ed33cb51ff71dc0ee46126a10552c234cf830a1a
AAL/2015/page_51.pdf-3,AAL/2015,3,True,True,PRIMARY_ELIGIBLE,True,KNOWN,INHERITED_FROZEN,PARSED,PARSED,PARSED,58c14bd0fb6b22f7d761720a671b0e14fa4ab9e3ce84694a4e28cde515f808d2,c67a4b6b5a4d03340104e7cc0c3d322100596ad2dc4441f4c78624a94529f333,0f84aa68235501fc7202bd213671165fbe761435a2620a435631f8575b75b679,2d20cd7a284e3b6147ee330f266d7ecf682c0a7bcddfa00d5bfca347689f9387,013ac10c088e2d6cd9e25a83642974e469cee2dd9afae50282501b3201dbcdf6,00e7b0272ff817179c38e5a9fb98cde334f20c7654a63bf44fdb6384a0c8a34d
BLK/2014/page_33.pdf-1,BLK/2014,4,True,True,PRIMARY_ELIGIBLE,True,KNOWN,INHERITED_FROZEN,PARSED,PARSED,PARSED,61a83f28ccc82efc57ffd0c465edd6148a9a1d28d7a84517bb000def02bdc7be,ee7e2311a37c09443a1d5bf2611e4aa5e4b65d4d326ee9c87fd88f8d47a4ce64,064dcb2712a85d574dd2d3353cf606246e455f8af275c30b44866c580e0d9296,947d6fbd43668be99e4d88885936e9443e3498ceb55087d5f70e4f17153504d1,b18f1460e56fd4334a7772dc64e0205ac6142f556da427b77d7ecf523ffb7b27,cca7b81bd4a409f66d0c4a5070aaded0d072359bee2832f4679e25986fcfa29e
HIG/2014/page_126.pdf-3,HIG/2014,3,True,True,PRIMARY_ELIGIBLE,True,KNOWN,INHERITED_FROZEN,PARSED,PARSED,PARSED,45d7eacc572d0fa5ed0ee0ec138ee6a4134a22f0a7f23132283365cc59e5a6da,822e3323dd5885c02b56d7955685bacc64bc41c6c23864f4f0461a8dae7a8db7,116d2b895eeff70c7210df0896f9024a5759302b82278e3c2efe0af7dc23c22f,f7a06aa91e7cd86b71886500a5ba0978985605864d9ba89cf79f750afb926f2c,c85a66da8ca95bf6c4df63e429ae29e4ecf00a03116fe0c4407f37c602ed0ff6,1b15602c555fe6f702153db872e0cf0054928646353485f537276fe263ff9225
ETR/2016/page_18.pdf-3,ETR/2016,1,True,True,PRIMARY_ELIGIBLE,True,KNOWN,INHERITED_FROZEN,PARSED,PARSED,PARSED,32ff60dc8ae81e2dfa4e5832c5652a360e53f45f11965b9be1cd2ccefbc0d6e5,1494b3b8571d5ee5179f5b80be45de935ea2d7d1caeaec0f3f2b9a3376fa8730,752c89744e4f710eb5cae1ad5e0253ede7abe860e01bf67514540a2f15cdc7e0,ce529803b91fc8ddb4bc6333b6ad04abe2ef1de767a211122d09ec10a6e48a8d,0086dbb8358c5375db90b8178b11190f444b1b2cef7f1ca2d07fe59833d5bff6,3a40dd88230449c553cffb3a277521dba377bdac38161381f4ccf11ffe332ec4
RL/2014/page_11.pdf-2,RL/2014,4,True,True,PRIMARY_ELIGIBLE,True,KNOWN,INHERITED_FROZEN,PARSED,PARSED,PARSED,041befa92c0412aa86f6ffae9c1dc718a9bf7791caa00848fee07de2ce399b98,dda4966599122847d67445a57d33e190cd505832eac655676520339c3558912c,5a22593469184038f535163030fc94a94513a7ce5b5e8ee618d72576d0744e96,ed1306e826d602545db12eec2e0fa6f356ad02e3ce41dda216f92d3be3e3e35f,7b91e42025438623122170dbbfab28d7789b8feaac57f52bdde306c7dceca29c,ea29a444773981ef3d0b8b706053cc8730e0a1865f83c3f1e355a6930b94a0d1
AON/2013/page_32.pdf-1,AON/2013,3,True,True,PRIMARY_ELIGIBLE,True,KNOWN,INHERITED_FROZEN,PARSED,PARSED,PARSED,f55fc6cea4e3434e8bd3814d33510d489ce1de192504f207938414242e670f47,e3824a7c5f5e24a23e379a7916fc6c4dc6ccc5212e54014132fd2ecf684ae57c,bd66cfc3c735729f97bd3dca4f807698b8e213a67d83880e486638867c707f69,e63c9bc7b8b0ffd1ecdabc9baa7e593b06dc30b071a41aece262db54241df8a0,b1ca1e2a59524cad6d50bd002d48aa1e914f57ee0507d01fdb10208009c73548,0127c7a17e53d548a565e74d7e16ef6871da801bdabf74f9625f72a96386033d
JPM/2013/page_158.pdf-2,JPM/2013,2,True,True,PRIMARY_ELIGIBLE,True,KNOWN,INHERITED_FROZEN,PARSED,PARSED,PARSED,bd0ba3ebcb527b9d57d1fa4f8522a0f2828ed8799fc8a1fb864130e2251a4d81,f5a3c722a938a1531ab7e570b412d783588e0b71204601d6a0af792e7c8051ba,fd108a6ca48893c8dbd8f87b27253cf0573cde1c5f629361cb6212324a63dd7c,d2af67ec4e301111a8d5004ef713d455c432fa5b7a2f0bcab142b35999d9ce67,aca507e2ca89e6536cc5dcd4864a215bb5bab7045600c58f46e26930af876e92,fc0846ce4195be1575a7cd78ad125d622663b895e85792bdc318ab681ea8ac70
ADBE/2018/page_66.pdf-2,ADBE/2018,1,True,False,FEATURE_OR_PARSE_INELIGIBLE,False,UNKNOWN,INHERITED_FROZEN,answer_not_numeric,answer_not_numeric,answer_not_numeric,c60aa2f6e841d738df1c27f4472015f22d3f42dc09fb5e5d6256a57831147bf9,31f12b757850f9e3361af7ef058c10f9f30865372c63d6941971c3136c67b428,4be4890028ec2b4c0b7cacc16dc2d67a74a8daa0f8235eb289202e0e36f409af,fe55fbd3aa1bf2086186b8ef454d3314b024459175eebe807451d4fba47d0020,0fa835c562ba56fc24eb769ace12ce4c70a5a078a0c0f784d09fe6109573c582,c2a6a3686f06eb48ad5a4627fa116ff345304d26f1d52f7c8c7656c2a289e1ae
FIS/2012/page_30.pdf-1,FIS/2012,3,True,True,PRIMARY_ELIGIBLE,True,KNOWN,INHERITED_FROZEN,PARSED,PARSED,PARSED,d6f9f0ec34e3381f1069f7e32bbac21e67825bcfcb6f862055b480f53f3bddf7,9d03dbcaca23b7e89d6d5bd2346a4742f19930892e7c441917fa57bca723de6a,add035fc55867d986a79bf86e05e32bf55a6d6ed233d6f985191b52f682cf458,e5bd6122a4d2acd53a181320b7a1d994984a3fc5dc8a8fe36a291631b766d64f,50be720d327cc5ad376ce4d6ba4c9ddfdfd890db83c5717f0870053819e7aaee,20807d23defa607ce90f15f14836cf72328339c367727a01bd896c917a220606
BKR/2017/page_105.pdf-1,BKR/2017,4,True,True,PRIMARY_ELIGIBLE,True,KNOWN,INHERITED_FROZEN,PARSED,PARSED,PARSED,cb09798e57b324f6520d209c936f43d10835e5ec08d9bb69cbc0d1a3a25b837c,c32c978487c8d96fe0a4e37e88a8dc1d28f49a4ac8ae03f4b81b48a312ddb577,59e5ff6f7167e46f408aacfa546ee2415e2c1df2a4d603d523bc3b75a6033772,9009202a61ab03c03cb7ddde455323928c458b92343e51b79fc8d51feea38672,814d75e5c652a1606a081c0a403646b83b5b5aa1c67247ae025cedf8d3f97254,db87d251903872087a7dc17ad906e7ecbe9bd8f3f7a78d3c4e1d4cc4fe6d5fb0
CE/2009/page_121.pdf-3,CE/2009,4,True,True,PRIMARY_ELIGIBLE,True,KNOWN,INHERITED_FROZEN,PARSED,PARSED,PARSED,119aab8330c4b4d158e868373b72750ebe73b8f3d2e35d3ee349055a03b8e638,a0b118644e212fff5121dee76f1146e80b33f149a36318137565f0c1e154ab26,9e57786de00f25cee1ecfe54ab44775ab1bd6a1e70d21da7bf97e51c0338d90f,0335d075b953d0e73fdd466507c15b58202f9a880a6c5e20546e430998d925db,f54dfc079e0f03db7776507f982ecd5601869e0533a0193c14a4895be8d78199,a314d3bf7160ec8bc436b8b6a3be907a196c21078fd8ac304fb9c32d80698933
UNP/2009/page_89.pdf-1,UNP/2009,2,True,True,PRIMARY_ELIGIBLE,True,KNOWN,INHERITED_FROZEN,PARSED,PARSED,PARSED,360dd7159a0c8609f9a8b0a36b30b770dcadeca4f72adb3aa2180e0aa9ed4f28,642474c9781462cb9ca72ebd02f880dcf9a702a97e920aa7b888fc7b81ad7904,350ac2a96afc257487da926cd02d03a2cf172a9c6ed532241f6f75e17c5851c3,ea418a3b5e659d028b3ec5011ebe9358e427fa6cfd72a2ce8ccf799ac8ab92a7,d30a85a9394cb8a596bd752232a3cfe46cabca2815aa4046e2fc9704ca5702ae,25fe6f7ed5e434a000969bf9dbceafd9301c0ea2750d065155dea286382cb91d
VTR/2006/page_88.pdf-1,VTR/2006,0,True,True,PRIMARY_ELIGIBLE,True,KNOWN,INHERITED_FROZEN,PARSED,PARSED,PARSED,a89524a09e14a41c739a7ec1d2f4a8cfe4b3995bb7da777400fc037629a3d60d,bc73c33f2e4c69718fca200466adaf896d7a4c2bd5b60231950cfa66288928b9,3c2ecafacd20f102d1b558f3a764e07f8259324f9a976237e57e7b79f34c7372,56be2d41cc957278255b55a8afb38077b09499d8f5ec3c6687a6cd787d7b4b44,e9ebf0abc8343e17479c6e0ce5ae863207cd3b7d0b5b9ff405e5c2526f0f1345,42b389cac68312a153a8c2a7fac94df40474f3e43ddfb1a4e6fb561d551d1e8f
AAL/2014/page_59.pdf-2,AAL/2014,1,True,True,PRIMARY_ELIGIBLE,True,KNOWN,INHERITED_FROZEN,PARSED,PARSED,PARSED,bb6bae9c4c70576b335981fcd5f3328396a1eb5da3bacd7f5fc808626666e341,bfb13338d4102012b504b4ec1ee9bba4f0b7cb2fb0872b0bfac314366db18a88,e4192490d66915fee04f32d70f1282e12edeced10fb417ad678cbc768b5c2f2e,5777ca93f51ebd42d3c81a81378ea388309f692740cc3a3092456aa9faaab0ca,e71ad9b14e40d0cdd89488a8c5c30e2af0a6c16a372b7977932ac21fd4ecafb3,dc3090db32acac0498af5800a7379c74d3c2f41d35db0f18984a8daf12d36061
SWKS/2012/page_116.pdf-2,SWKS/2012,0,True,True,PRIMARY_ELIGIBLE,True,KNOWN,INHERITED_FROZEN,PARSED,PARSED,PARSED,176312692890c0fff1bd6ede267abbcd905b715167d7fb0fa02f304601fe73aa,1f0c4748cf5e61a23a3831e64cd4716c2142500c9a6b55daa5bc03225f6cec49,5d1c65f0d8c0ecea5bae60fd71bce8702ff1be3fb152c79e4b9e147e184217da,959b911d7fb84b8f3296b8cae16239669ccaf7e81402c4c4e563dae62b40949c,c90c2040888c72782450b207fe3e90c6e74ca0306c62016e0bef352cb994cd90,81a0ece67de6112eadd44000b53f1c6792a9118a33a1ffd1fb83d483880e06ab
MRO/2009/page_127.pdf-3,MRO/2009,4,True,True,PRIMARY_ELIGIBLE,True,KNOWN,INHERITED_FROZEN,PARSED,PARSED,PARSED,c8c3249366a4b8071fbb0c7774ed4f1f4c11bd2c82880d973a18fb81b6f61beb,a1a832ee7ff1d9f094706b12344a90dff4a49bd8aefdaa6382c26b343a23d3e5,5b5c8590b30c7919deb48f699120dcfdfef0337947d7513d62716bd6ca8b6710,9056c941cc6c7427e3ec526cd1445282ca30b15bc94c0daf488a36fecff0bac4,fd70ccfff0ea4469c26ba17e2ff4e552382e5eb27accfa81369e56beb39e61ff,5ad29bbe4381b1c2ed4e36cda45f3a9bacf74a1202242df3c403b3a37ccbbd2a
DISH/2011/page_130.pdf-2,DISH/2011,3,True,True,PRIMARY_ELIGIBLE,True,KNOWN,INHERITED_FROZEN,PARSED,PARSED,PARSED,222ac8c87e0d797c3fb537478c9a57de323654dc8a946a1273f832a7f4827d84,3778bcc31c58cded307ab01be8b80e564dd0050730da9c37fdc1f20d97e7929f,2edf9b1ecb8a260e968d32e72da0a4087684f3f62ccd188c73005c54af490334,244ba29cc1df2e53e0a34ca7834c470505e4977f93cb1364800c33518d493a6f,af3836ee12eb0b9d3c4acf6e38d846d1e8f1261e657a1fe35ab685f4a04c9fe1,08ba64ca7ad6dd8dd6d637cf5155e2264cface698a3f5b6b8ab3debdb62fb491
DVN/2011/page_84.pdf-1,DVN/2011,2,True,True,PRIMARY_ELIGIBLE,True,KNOWN,INHERITED_FROZEN,PARSED,PARSED,PARSED,13bdabbb1d8b20ae86e95458e8baf1d3ee1f047aa07713e3c3621cfe9f50f632,e25c45634fe38dd007e2f06755dd39c3b0d3cd9c447809824f4b3921db4e995d,29f1abb700b74cb8e7b044b822db4edb53f64e7005761966da4a937475c6282d,f73b8be6c57fc5794bf939cb168656011e115dd5cf4d0d81be455ed142b8e371,8e7f8d6da265c4ee6c50423b2318c9a0e1643cf700b5359fd8837a396e470817,fadf8f9c3cc8facd0fc127a1182cf71b81316cca70910c6dae25cc543cee8bcb
MMM/2012/page_105.pdf-1,MMM/2012,2,True,True,PRIMARY_ELIGIBLE,True,KNOWN,INHERITED_FROZEN,PARSED,PARSED,PARSED,2427c05a6116e5d05f017bb9f6e0ea26e19cc4df04f9798c082755da41c01721,f73e86ad307a700b518000cb6d39a37fd48c67c01e010d79f389016318af9d8a,226199ff82f050f9c091461b56a69cd6411958d8226f8c7ab6c6bd3e175c7976,5085b171e89a4ea104e798d4597476c60e79070bc0de2048087d24d8f276f253,b8e8f28635cda5f86f5746f1503ce73b5adfeba855de478cf8079a9a0968219a,ce98cbb8ac7a1e41183a41f1b5ad7251dff71134173bdf32b70fb79a91724a60
LMT/2013/page_26.pdf-1,LMT/2013,2,True,True,PRIMARY_ELIGIBLE,True,KNOWN,INHERITED_FROZEN,PARSED,PARSED,PARSED,581021fe39153e7e86169754356dcaddf18e3bf4864aa34c7e657180af6b9804,623f07906d427432cafcd1e82e3c9e005c16aa301b7718cd3b4310a43242232d,6b0e96fe292f3f2462a3f4e9b2eb175e124e14d0644c0863b66225f4d2008179,baace9ebe2eef71bc253616d0e60de2094af660a316e5ecdcf0065aa6d4acff6,34a54f4328d4202b7a3011a6362b0c5e5828ffdb774ee8f2bfa863358e550015,f5dc73524f36ccfde7d98dfccb252f527ef4ea9124d17886dcb74b0351d9a408
EOG/2018/page_99.pdf-1,EOG/2018,3,True,True,PRIMARY_ELIGIBLE,True,KNOWN,INHERITED_FROZEN,PARSED,PARSED,PARSED,475bda40e297f1e342d67d3359181a50523d5ae8341ca94ebbee007e5708a841,2424a3ebd4b823f2e562295107e668a88f3850ae3083e0ac4d6b79eadf141898,19ac840c3df7aa393d38990621d616e0d0c96dd46e69109444ae48dd12c6e85b,c9f0bc908e221dc1a6a97bc9a3a934c08f01cbf6495367f0d6c4d01073129dbe,abf62591b40d80d949ed2615d3ece58e9c84841d13f25f3434786f62a6d10710,b71a39b31deb5a03287538fb8f5e7be7bca17c8f66d743468622b0bece617d54
AAPL/2018/page_23.pdf-2,AAPL/2018,1,True,True,PRIMARY_ELIGIBLE,True,KNOWN,INHERITED_FROZEN,PARSED,PARSED,PARSED,fd2d994c7c9b1360864132e9a942d10d6d361174b60ee7217e96ab05bea841e6,1698c9829f1b6f562b653e15eb34e8e03b978261ed338fe8cd295425a291fa1d,fa300df8e996aff429a9b18a0036dcb36cb6b725e2b2a920e34f47cfbc3c8d2b,d15ad12d89fb9e773100d589453c53755931afe7e49f7595da6f1417a9e0b39d,ab18f64541af18e27776022ae52429969c18fcc45cdb6f583cc89b6bd10a2e6b,2908537f29f044a6725ba4340dcf0a1740fa96602acc22ba09f228d80dcfc259
DVN/2015/page_92.pdf-3,DVN/2015,1,True,False,FEATURE_OR_PARSE_INELIGIBLE,False,KNOWN,INHERITED_FROZEN,PARSED,NON_NUMERIC_ANSWER_HASHED,PARSED,57d05b219528443d20751495eebcf9b41bd5e74f43cb837927a7893a615f2003,1338f9f38ac69ae90ecb40ad2d12463d536fc84837730b0bb0d27fe2da1f4bf1,69527eec3a02ddf6e77bcc99c4817b1ffd1ef5a796e3a35365f8b35f38f7e1a0,e52172a91978804b61d625cbc87dc1c3ae18cef3dab18cc22f1d6c5b88bb1437,43464e75696876894771dc9de35f10a20fdb8d6edb7bf5dd4e6844ae7c157d43,b4f7b9517db8d9e9185dd7fca3cfe4e852501b845e9381e08712565a5c2b0561
PNC/2011/page_209.pdf-3,PNC/2011,4,True,True,PRIMARY_ELIGIBLE,True,KNOWN,INHERITED_FROZEN,PARSED,PARSED,PARSED,e9529ed9d907afb6c9b5b28f4e916bf2c910a5d29622b1e09568823fca008b7c,bf7acb1f1b633a5b2bf9f01dda2cf15c388e3ffdc117cff4c135097c248ff100,6e601321b3b7d28c084f023bf9e2d5f07cd859f3829cd3733270d97a0c784fdc,0fa0c82b005d9bb82bfd5c44f3c39a9a082097e4cf369312b4772f71d1dea3e4,7398771be3b9976b2a6ca225894b3a1e6cced08899ca02cb924fd8f5e685a150,ec02030370fc7498a3f7c1144fd92b769f5a6ce3325dd0a7df589fa1a76d78f2
AAPL/2011/page_37.pdf-1,AAPL/2011,2,True,True,PRIMARY_ELIGIBLE,True,KNOWN,INHERITED_FROZEN,PARSED,PARSED,PARSED,118ce6d94ec3739ff265cd1b2a7035f9510853daa3227809a35c55814fbd0a1f,569325540f40976b9aab73e39d70521a5dbb9e6b2b37b10bb33aa2e172c653e4,d986bceb8dacfa6dedb0cfa8879fb41e01790f80edc2d4d1f89553c6762261d8,8dc727f49aa83871cc118a1f2bf66cd08a566d51d1372c738705463de1ff101a,4b6a0e102d7f58a9c929313a42cbaa84619a448e536a4597805c28328123d736,7d01edf1dd169eed559a07eb48e7cf41a8ebc546b3d29976f61926a2c973f0c3
CDNS/2012/page_31.pdf-1,CDNS/2012,2,True,True,PRIMARY_ELIGIBLE,True,KNOWN,INHERITED_FROZEN,PARSED,PARSED,PARSED,df088c13a8efe80f161846bfbf7584676a80bd0a793ad12d81ced666b86c95d2,035ccc1f698d832135d7acc6cc452b13594c92d6953b5a26d1095f32ec3214d3,6e47e6520e207b6b02cf67bb8fe3a0707fd813f2da703d7d490eccbb301cf474,732c372bda256aae1f1da76517d4726b50cb586169f18a1335021f016e6d59ca,14de4572b6813f8f978bc5dd1cd93aff9b6c497e93ed13a06ee0fb05aaae0583,bbcfab312ec8943e3ba20d8cb545a6709c2018663f536e9aee3c49285fd94c5d
ETR/2004/page_258.pdf-1,ETR/2004,1,True,True,PRIMARY_ELIGIBLE,True,KNOWN,INHERITED_FROZEN,PARSED,PARSED,PARSED,aebf82c273c0d25996ef7278ac6af72bac8a374246c0f4d5d91e9aaaf71afce5,393ff8a19c1029d495fec90fa69c7f2bd20da8b2af1f70683a42287099e85196,ade5e3be798aeb3165944940a534db290b47c213a375d258f8c7de288a92ad29,b693f181c1ae8da017044cc7942ce589dd3a9f8511ad12f9466d74f2daaae94a,8e32123a172ff11f0e71a457f6d0e8f9b04557848dd3da901c04e534099ef96f,948a3ec32e4e6916e3af66fcb118b5b64b6d8c68c1fb5d06fd2c541bab860223
JPM/2015/page_77.pdf-3,JPM/2015,3,True,True,PRIMARY_ELIGIBLE,True,KNOWN,INHERITED_FROZEN,PARSED,PARSED,PARSED,e8377b769c24572e973badfa0fee7914fb14c3010ba4d67485c377b021898b16,3a0cca7063d719b65459d82ad80e7691682719c6ed60ee18cfe587c2669ed837,dc6130ff3009cf3c41e01e0356ec02b77458713f7aa1492b7fecdd24337135e7,03ab5c71157a81035a8267545c5a1ae48ef81b5685e653725ac57eeb599c7496,135e9385ec495d5bba55001fdf9a4bd92797fa5acd73ba019229b1ef7095d9a3,2eda10f22ca95f5f94571558b82354538d4902238cc55603c5230414127a6473
INTC/2013/page_47.pdf-1,INTC/2013,4,True,True,PRIMARY_ELIGIBLE,True,KNOWN,INHERITED_FROZEN,PARSED,PARSED,PARSED,85f91c57ffccd5cd3b8ab90f16b15af5cee5ba2eac2fa75f2c2b242763186c62,0f1e39a49a42ee6aabf73cadb325d520098ce61bfa969153a75de276bef62403,012267f81247d060b9a0d29d6ca007dd2ed341bd718b340ddf321d40aa0d1806,0b723bc323693d5d4f581d14b3a1e9112e6a6f1d38875c50541978ca29ccaf52,c08c3b83547c10cfa11a7ff03806729659196d695c6f302b4a0b6da8631f7f4d,5a2686f0150b1455c651f67b2a52c8266f4fb7326133eb87b5e30b386b1e7526
C/2008/page_193.pdf-4,C/2008,3,True,True,PRIMARY_ELIGIBLE,True,KNOWN,INHERITED_FROZEN,PARSED,PARSED,PARSED,0ce66f5fbe9494a5af029f8d6be192a969d36968e29247799606c7f514c90c49,509e3142227a9f1dba1018149ad5f19ef7595d45bb54e75efbc4ad746706e768,8556a1491015e2a6aab291fb0218c8ecb985be83517e1b54dccce961bae9405c,39812515a97eae8eb77c56b01d412eb2006f61909434390a1cca2c4af136f188,291087dcd39a093131af6cd7aaf2ebcd88ce0724e3980e82bcbac68dbeaaf3c5,ec7cfad9f387cceb2da53d0d6cf3f8d5f33214873cc70e361bc9789edb26b32c
WELL/2017/page_48.pdf-3,WELL/2017,0,True,True,PRIMARY_ELIGIBLE,True,KNOWN,INHERITED_FROZEN,PARSED,PARSED,PARSED,ac9a541cfee235ae9c63620aadf18e6e0cf972eaa78ecae5d8195ca18c57830b,26536f34ed4bb1297d2c65799f091ad385ffd6fdbce3bac4bb2e1e8dcfb9aa45,80f2a98cc23df081aba7588414d2ca3d029f3c7ae199a98d4bfc0582d62e148e,fd32b4d3a61d3c86c1e9e48c9a149a316394cba726072661b3b93baa2f0f11db,1f80653b6d54cbb335ea7ad1a029a73acf5af317ae0a02d9be1d0a1d3eaea696,63c3a42761d88af857802441e04a7b85039541a758a40d4037f8c67c84095764
JPM/2008/page_177.pdf-1,JPM/2008,4,True,True,PRIMARY_ELIGIBLE,True,KNOWN,INHERITED_FROZEN,PARSED,PARSED,PARSED,53ae6c445428b2b724c0aee3e000a76c4454bf83ad950c7a6697348f2568135f,d952bb07ecd2353c9b3409c935166e80248f110a9767a9e0b02b6e03a4fc0eee,c05e0dcbf5c936052e4ffb31bda9fad2b5b0695fdae0fb0b155401a293e12357,d44e8562f0fb02ffcf53dd8c7d24de204b120c2da88ea0b2b2be48d38edf1d30,109bdfb1014569733d53b57766b6f3668134262c150041bfdd5e4b2227065731,524d1d1986a6e0e2192eb1b57445fe8b64f0f4e5b79c156ef21f07961e82de6e
INTC/2013/page_47.pdf-2,INTC/2013,4,True,True,PRIMARY_ELIGIBLE,True,KNOWN,INHERITED_FROZEN,PARSED,PARSED,PARSED,dcf195dc7ede4d3c8d6b51bd6398270801819ee5ddeefe019383a63c4d48ac4b,b6e1e71c81e77bff386be13fc2f21fd1d3b9104086780a558eeb65d0f75054f2,911c5447d5b29ca22c7dc3b381c238f4688ef25cebba680a1d01916d9f5bf351,39c42db37740d1bce35b175cca925b97ccc558c55b1430cf051f1669e5654e28,26e236ebe57c389467364b31309df899b34e9b10302d67fb26889ca49861b908,9cd5ab68667d1d86045b1b276707c9889454159223b494491130dfcab726f861
EOG/2017/page_85.pdf-1,EOG/2017,1,True,True,PRIMARY_ELIGIBLE,True,KNOWN,INHERITED_FROZEN,PARSED,PARSED,PARSED,00a20a54af1369dae4fc175f983efd0852a1295a86973ab0b4c02f82ee16fe23,e8e6223762b7620d45da26385b48cfe060a0727be3d695af30ca5de510d0689a,011a26a1fc71c80ac36e6794c55fc5ff2ec005388568c1053920f55ee179c3aa,bed65bc2f0123c805899532ea9ef55b80ed0d2a695ebe680843ce55a3879e101,3a92b405426e3641d4c6092aee4ef27d5e2a0c281a07cc48bf7c50c70709c148,87141f8f88809822b70a735502461d2d031b402e995e8f2842820a8e5abb0386
DISH/2015/page_142.pdf-2,DISH/2015,2,True,True,PRIMARY_ELIGIBLE,True,KNOWN,INHERITED_FROZEN,PARSED,PARSED,PARSED,8fe38506f06c5d16e35ccddf21d9d2169d2e814782539326728501482fe6c924,ecdc1c127a0274fbf0cd071003ed39411cea2b9662db4079651db3c4b7c9c6c9,32f8444afb8eee9993801cd83af29c56fc60ee327930967ce3db4fa310358397,c304988c21c2496aa53db23010b4a3558bccd26fcd9838fb2aa8d187d7671dad,cffd28bb452253eefdcc7d816452588e981cfb1f9ecf116436c41f57e4c887f1,4dbc0fb703b99f55c287fe35721f1abbfe307a3a4a1effc133ab3103deb8ae72
GS/2018/page_108.pdf-4,GS/2018,2,True,True,PRIMARY_ELIGIBLE,True,KNOWN,INHERITED_FROZEN,PARSED,PARSED,PARSED,7bf5c27a1afa033df218f1c985e70ee75c152516213191b58c074ca3aaaa1a04,b8fcb9f45e936bfba365794cfceda48fd67267ba1f5ce68e1a73a86ba16ca81f,aced8511a37cbb7730eaf979d1c9f804097c3aa40621f5d598d14fba76732a4c,a220ad79f3577edff3ab1bb2f8899992a7f2f15ab9d967c04f006b22f320e165,bff08f4e2fb2c1d9e49921148dae12cbcbdb408a4256f982a03642de7e382c44,e5fc305495c3cb03f6f10db7327a55bcd2c3b50b6cc1ef4570ede51b97726bb1
AMT/2005/page_83.pdf-2,AMT/2005,0,True,False,LABEL_UNKNOWN,True,UNKNOWN,INHERITED_FROZEN,PARSED,PARSED,PARSED,e5ded897f9bc63385c72c173cd088b591dc8b6256cf611adc23b4ec5f4c9587e,5b52087978dd824502e790595b29301c2f6251ff3de4d20e928f28cc7836db56,afaaf457d764f315f392a65df5302b3471bd68d16e45e88423fcff680a4dfb06,c62e25c276b87f971e787f855091eb319a9063d3625430c1b52761c80516f5b7,85662244efc0d812cded0b16336ef7b48dcde8930630b06e459c16b38b2ae851,666b07de990b51fc6278623ac073884e1bb56da549fd43fc98cddf51b84a74a4
BLL/2007/page_87.pdf-3,BLL/2007,2,True,True,PRIMARY_ELIGIBLE,True,KNOWN,INHERITED_FROZEN,PARSED,PARSED,PARSED,7081c9c0ffdb7e26e6803f886d07be51788f8a0e29668d5c7766fb76a85b27af,d266e0e284fe5436686d308073546c58cfa21e65a2ca8512ae4e310355c41d89,ea871112a5fa33b62cd99b00af0b9750d1c6f48bbea490dfd3b3ac7bac175c34,e14d5287c10d9dc3851b0849248649aa1671befd82740e958aca139537433647,6677bfa87923323a1c48b29b1fd39e9d3bf7ff46c51286c04b4daea973dd75f6,22b17737609c2794a6366ac9463e222bd85650fe797e8be1d0c111c73b9a4282
IP/2007/page_38.pdf-2,IP/2007,1,True,True,PRIMARY_ELIGIBLE,True,KNOWN,INHERITED_FROZEN,PARSED,PARSED,PARSED,12938812402fc047513775b1d7f91b7d935d0e22db95ecc2783016ab64165ba1,7998e6de6f3600515d1566961480e17ff59c8ce0d738a5f28807963289b0798f,4772e28109a9696b476c4b8941c4c372a94f6cf5249532a7e76c7eca511a2057,0d645f5ff417e23dcaae97a98ea7e8143ea02a9a566f79234d083168307eaad2,9b33cdd74bbf5c10399a60d482a814ae4f1761784679c09afec631b8f534a8ee,34d8ca0073b476bfd8b62b19e48f527c68b76bf1c52a4572d8c2191a515f39f8
TFX/2017/page_48.pdf-1,TFX/2017,4,True,True,PRIMARY_ELIGIBLE,True,KNOWN,INHERITED_FROZEN,PARSED,PARSED,PARSED,31fec00f7120f8a6b4b1d14167aabe929159b5ef1552c906933701be6d4770f4,f3cfbcbe4e11a415a6a38f3ac4ea6b7471dc104536ce6c2ed671be0deb43acb3,a79a50eec6d9d56e47cd89d4f5ca10ad10bc886bef3ea700756d092e7454c5a7,4a312b69a7dbe6e4d9ec2a01c1ba65fa14b18dd176e00eeb966f904010c5222d,6c48b35f0ab87f17280f9055675744baa2a89f69584dcadf66570f6b72dc7e40,79333c83d4ac0a714d07f6b945012c8fc4daf51e2ae3e0959ea8f84627b1bfa7
LMT/2015/page_52.pdf-4,LMT/2015,2,True,True,PRIMARY_ELIGIBLE,True,KNOWN,INHERITED_FROZEN,PARSED,PARSED,PARSED,3f7b566186ff8b5ca79a5a31b6d783f3321b4eb0bc5c73d252c612180ea2bb03,04bd1dd488f1af3b655c0365e8df77f301de04bb2eed5f6631720a8056cf56ad,dfb41191487bd6ae027f42b402396cbabbc5b683ba29a0df2343b9f941eba7bb,f8d491b630e51e00def473a2c89d261855e91ad89b228c96aa83fb288bb02ce8,8beca2d3a473e1287c9201880b033bb88fc9f05a709ee66269b190513ae4baf6,be1ee087b7e9f41dd1ae194ece00dbcd442ac301c5e9da8c8296bd7a524f3ed8
LLY/2008/page_45.pdf-2,LLY/2008,1,True,True,PRIMARY_ELIGIBLE,True,KNOWN,INHERITED_FROZEN,PARSED,PARSED,PARSED,49abd39a39b4c612706269ee9530b2e6f3f2425c562f2df29c323b8aa1e305b6,121db24ebba7590a21f5f719d7d517cbcefa75e9dea6995f5fa5985b2c0adb81,70c6efa823e50bda121530d952111facba7a2b05430b1788eb21a7adba6301b4,c7671ffa9e4f50efe3ba7d4cd609ab4f941fa33bd99af3343c6ff3c89fbefa4b,572fcd53c78e4edfe293171347d01c9dda132cbd4b3e3418bba9fae65b30ae3b,4a50423e7f5c82eab83c7a90a07b9af8b751c03e9ca287f7a73456f73c306484
AMT/2012/page_111.pdf-1,AMT/2012,2,True,True,PRIMARY_ELIGIBLE,True,KNOWN,INHERITED_FROZEN,PARSED,PARSED,PARSED,a71aa5022dbcb2c936fd9dd4237512415e1d8367ef61605654af7b3c04bc8e41,ad1db985f7aa969b1e49577ff094501fae830ef365a5a3e7f3d021dd939fcb04,35768787dd35924f3d109619420a9ee4c1804e93a0cb15da443071118f01049d,0523089c22faaac3db9936f6010f7152fe37b7ac65b1d4a831353f8764192312,37317ece6126f06f6779e406e1ee002238c1c4e110a666d9e607a9e169c4721d,dcc1cc0f82023a01e23d00d49ceaedad781e01322852da3f5fb60cd38408c96e
AAL/2015/page_15.pdf-3,AAL/2015,3,True,True,PRIMARY_ELIGIBLE,True,KNOWN,INHERITED_FROZEN,PARSED,PARSED,PARSED,8f7dc280ceb9f67180c5caf49f246a2726fb0c66f564e5bb5acb2a21e7479d34,4934f7b29555c904c363f659642ccca56d1e3bac0a368cf4cec28e5d210d7ab1,7b231adf998a30446bc373bd77702eace7d0d92fb1635edd346f6b4818df0ea5,257545e8597a6617e6fddd7cb704330a0037511bb7fb270635903b002906d415,6c2f23a14ce5d9c1b39b9c457c7c970776744c68c22aa0edd1f3059347908ab8,77f0979c6ddc657c342fdbabbbba0e409b60f24de16d8e4bdd615b56b4d8ad8c
ETR/2017/page_175.pdf-3,ETR/2017,,True,False,DIRECTION_PENDING,False,KNOWN,REQUIRES_HUMAN_REDERIVATION,PARSED,PARSED,PARSED,774bedea80be911117de92da7bdafa6e06adee8f69b85c307ba5c4d346ae3dba,8f4cb555239628a740e2d6ef17eed43b00b9dfe13201f5fd3ce87ac2a7c96030,da39e380c26bb9b03af1f3d614f3f0397eda278b74fb53f8508857d23432ce0b,1e466dc778cc803f28372cfb25cbd541656a9e0d5eef3acd1daf86bf0ae54b60,60b853382221486b53ee2817774e898cdb09943e9318737f55608ffc9e62e1fc,c606624b7d2b795566d7979575c2c6fc596c63bcc26a4378c2c8a40614c7e7aa
IQV/2016/page_57.pdf-2,IQV/2016,0,True,True,PRIMARY_ELIGIBLE,True,KNOWN,INHERITED_FROZEN,PARSED,PARSED,PARSED,5f51e613d64775ae55180c1905bc35997c1c7d3d73fafd2c4846a9299cbdcefc,69503476f96049b88e202c55dd0e3fe2ab5cc549b1d2468dd3e55591110bb2f7,a63b1ffb0a3a6bbbbe664f18a51fa8492a97a9ac09095e3e1ce08f22688c9d92,13df8c140d4c5e1750d17324401aeb229acb508ec106d85f15ea1d29a61dedf1,205fd75ebc4ba36f026771c3afcb5937647f1f68436b67d5f8b491a13181f757,431da4eb26233091c6c303614f550fdbfccad074c756b9e5e17f6715d13e6749
V/2009/page_88.pdf-1,V/2009,2,True,True,PRIMARY_ELIGIBLE,True,KNOWN,INHERITED_FROZEN,PARSED,PARSED,PARSED,79620c829ad1d65e6ee2c781d1ba49acf82aceccfef0d7ccb78e88136ea1f3a5,44685bcb7e7c3e05e13188101f4ac777f7c4b4962523383673bc7eeae6506c20,d65fb0faa54f8fe9ad18dfcf66d7bd466b0e789e65d4d7b5e440e502c961ad73,981eef67d69cca5add954180aa1869f09e4c3a9e221da6a53a6a4272aaf16049,a5cfa434d643b4dd5a07098ac3b8cf5e0e2a7155ef888d4e6fee1bf2b5d5218a,1183cde3e29eb9db05e6ea51750475343ae82ff2b2009b363396fb02e70fdfcb
BLL/2010/page_39.pdf-3,BLL/2010,1,True,True,PRIMARY_ELIGIBLE,True,KNOWN,INHERITED_FROZEN,PARSED,PARSED,PARSED,b1a26e5ad229059ec9720b152378d0c36095946634f4dbdd72c566041df18c3f,2b8dde14ee47044e9dbea0b814c776e6350a91a71c7f45d605bb075655e8c4c3,5e856c58a99e1eb8eaa03d69251667de74912b30eae34e0ce3f6dbbfc8efdc7f,4a6f30f097ea6042c8397e18e958c4da59d975887d3fc5064e92f1548a4093fa,d99571f2bcf2d3d1e39ac1a28ddbec8a530fc09c283504923bc9fd7689473863,c0f46819e044877a088c3f2f1cab6a7186fd5360d406c5ecd051b7f32c0b5873
CDNS/2018/page_82.pdf-4,CDNS/2018,1,True,True,PRIMARY_ELIGIBLE,True,KNOWN,INHERITED_FROZEN,PARSED,PARSED,PARSED,2bea78eeb465e84a4ec7fe76f756d20197609325bc342abae0faa516ebf093d6,d0ce92932d3aeacb8598933c337deb4af544af01a939a7104e3275ba092f6dca,74631a08d68daf9d31f4254e1ef2f8c63952eb22c7c3997060f77fdc899e411d,fc472fc26bc7bc81a4cf463fc30c0b3be64f842723a6f9430f1366e7b86c5491,00d784c3ebb2e916b94631a979a20c9011d402ae47a86b85bb344eb870fbbfb1,3340defdc619b60c5c63e2fa4e9fcb57536cfd3f915d72bf6233d712fcf8d9f3
ETR/2016/page_17.pdf-3,ETR/2016,1,True,True,PRIMARY_ELIGIBLE,True,KNOWN,INHERITED_FROZEN,PARSED,PARSED,PARSED,5ada6d7bf74f5ba60c130947cb881cb11a96209daa5fb620140f02385e77cf8f,6023a76c6fe893c357ec6e1b642b567370c12fe8002d54f72eeaf188425f4b23,7632708f45d0d4d14d7c9fa493eb0e22b2f4c3553b1ffa4e21d4c8ee99fe7237,2b1a9a8944e1f426d143e3ce0e588096098f896f42730e34a71762cb62513038,5b99e8a8326f4f11654553d5d26f8c2cfe0113aaa4a1f33b71eab74ebcf9492f,0f9bbe469e4740174352c034025ea96548fb59fb92034153aa6accdc28815adb
AAPL/2013/page_27.pdf-3,AAPL/2013,4,True,False,FEATURE_OR_PARSE_INELIGIBLE,False,UNKNOWN,INHERITED_FROZEN,answer_not_numeric,PARSED,answer_not_numeric,9ba4a56e18e9e71a3573377c69e7c49d5de608db4123b2dca55db8029ee5ccff,63f89a5ba2ea8f7b24425f761066dc19d8592ce39a98f3a7ef1eeea8712576a3,168f4cacbaf6cd8e34e264f31e5bd6668ac97158bcd79badb9ccf0befa687a03,37f825445078ecfe9ef0cce6d7243c9f47285148859ff861527a4a608429cbd6,f44d1f52123ec121480b1f847d59e702471533b93536e367c08674344c479b54,9b576d1f9f576785db08816b83308de25a949515bbb9a27fa284072886499cc2
IP/2005/page_31.pdf-1,IP/2005,2,True,True,PRIMARY_ELIGIBLE,True,KNOWN,INHERITED_FROZEN,PARSED,PARSED,PARSED,95f1e88df5417db247455e9d34b7ac364af518d21803597fc8c3183e402eabdf,1b098cedaca0a48e6cd116d60763ec56841c104c9990dc6d2400e960dd1f7c53,51d370c5dadb8259ccb4760a8899f57689b45b1d97da53cdb90916d64430bcb3,75f0310f482721e2d8ab81abb2fe152bf5bfbea80798d1c87ad87786ec91f52a,c7f477102fc4b3b2edc02e8c57637ed0e355f83e1b1d870a140412f4243c4037,fc89238c26f9df815cb19e7acd730c5f3298d5743b18bf94d04ae2fc13be1c44
ADBE/2018/page_71.pdf-2,ADBE/2018,1,True,True,PRIMARY_ELIGIBLE,True,KNOWN,INHERITED_FROZEN,PARSED,PARSED,PARSED,277ca7e58230c36e73c57101ee140cc8914a0f42e94f2b540733ef372e95bb1d,954448906266b4494800adf42846ab21e9a01c00c2a3d481b93a30c72b9d504f,e487035b7e804a589f2f36be11aca8d6f47635993cd081fddb8833a0039844d4,62f870a0198fedc02532fc87f688e6894dc50fc2a9aa17fa16231d6eacee18f5,57dfb85c250c6ceaf63a909d789ebbe7f911ab9b30e145f1f4d11730efeabf1c,97a9f6602046dbbf4108427013cda746cc79bf6fac83a2f670f9caa7f2abedbe
MRO/2008/page_145.pdf-1,MRO/2008,2,True,True,PRIMARY_ELIGIBLE,True,KNOWN,INHERITED_FROZEN,PARSED,PARSED,PARSED,95037a68812a0237a9e9b4a721d44930590a70545d178fe21b23900e8f22a73f,db7a68cdcb6dbeaa7560c712c616e02636f25c193063cd66cf347f36ada42e22,6b0a105d8a870e01a1e0dbeec9287ee0ca4b0a214b0f36667962bf3040815d07,14af206c8f509098e58fb53f202b611df28cf10749a631524c128ee5699f8064,4332314544425ce43a4ff74d8edc15c2dd2a7978b4691d8e0c7e7f1212e06b8e,7b924ff5860d591ab80243d3c68bc2288a14eeec86f46015daad674452fb2a98
RL/2016/page_9.pdf-1,RL/2016,2,True,True,PRIMARY_ELIGIBLE,True,KNOWN,INHERITED_FROZEN,PARSED,PARSED,PARSED,cab3a0c43750b7dea4cebabc53489fd41e23d93a42442b8d0c2e9a6378d84c52,3953bb02bc7723f39a050b135e1c709e3325ce7a40df3fdff0e4e60a6b3f753e,fbc043b51f636b19bfd62f943c464dc20a4039bb6a42a2a35d7795be696575c2,cfceb7cb003b87b8802bc857c0c7a1ca6b93ac1df2fb88d115fdf3aec0893a73,818b2c56170ab06d814839c49d641a309d5324de668de309419127b31ccb834e,9513046b0c52eb5cec9e58436ca3eed40a625db93f529a847450d7aaf85c75b0
WELL/2017/page_48.pdf-4,WELL/2017,0,True,True,PRIMARY_ELIGIBLE,True,KNOWN,INHERITED_FROZEN,PARSED,PARSED,PARSED,8ba0212b21375f9730e98900e884896fb68fee4b0c96bfbc7dd553395baf8f6c,dcd2e7875f3827f36168be8ede07e6f6b31855decc50e22bfa58f71dbc876cd2,60e97dca167fe49c210330e209160a23825beb22525d86d44c7d2c7940e100c8,7c42dbc82010b7fbbb8e5472f116457bad5b7135a89de99547c6f059265a248d,e53159ac5e6f88ea67d600e15bec58ecadce87b4f71d4679d332f71eb410a0b0,1e462267ce54e40de759d57673a268969767f34124ba227dc00a715b729a984e
MMM/2007/page_36.pdf-1,MMM/2007,2,True,True,PRIMARY_ELIGIBLE,True,KNOWN,INHERITED_FROZEN,PARSED,PARSED,PARSED,32eab1e66cc111ac9fb35e4b27613f5e8ccdd87147c0499300fb085e504c1c8f,c32eb74a094e4bf2f79f1e49c7250dab84f22bdc62639ba93a4ae7d95dc50594,5fc0327818c9e942fc5e58ff29ee1d4bd0b67e555a6a6eeaf7c6ab45a7490185,2d3b9651a800d361dcc5c64595b1d11edb65ade87401538a5a41fbbd97c5c721,bc9e544b64ff388ef24b760a70092227e324523d255ded06e12bcb2ca64594ed,d6822db52b853e62724b890d712dcbb8ceb77156c603a635a9e13bf6e2e56fb0
HWM/2015/page_87.pdf-1,HWM/2015,1,True,True,PRIMARY_ELIGIBLE,True,KNOWN,INHERITED_FROZEN,PARSED,PARSED,PARSED,8b9f473800cc030112baf0eeaf6e0e0a79ec4facf781e0d5e8828caf16e45915,b5910903041381de774d10f822bcb323124551841d024afaabd5c7d4d30ee82a,013b7e8c4059f4c137e6876e7ea60530e394693c2ebc80b90925d5e8f2a356f9,ecabc637f8321e9da434c75ec6f7402e5a5bff8b23ae1dc4cb191a190e0b6785,1271e835b37a6b31bc5a485d2ce0a1fc1630aee08a2c7023d4e999113e53304c,f1e0ea5eb24b3b3ee3f76c3a14a7126b1131000235268409c740888994a52f45
ETR/2008/page_212.pdf-4,ETR/2008,0,True,True,PRIMARY_ELIGIBLE,True,KNOWN,INHERITED_FROZEN,PARSED,PARSED,PARSED,b8640ca5ca01bc2d1cf46ff3395aa82b5bc9dbbb8a06b0768261d3c9a720a8e7,5d79d667750b35d3c86bbd88e54637d2bdf9c3bf39a65f4659b9e4cce0c6684f,3b040dbaa9ddf6e422f8e28d6e0112b4ba27ec4f57bda8078d9cf4defac756b1,b6f523f22cefb667ee7309f7742b85e8af3b0230866e4e05e962c5ca7122a048,b561676420e37aad51209a0818a96a51bcee83399eecd480e3dad0c3655c94e9,fe7cd782d468c05852b4023f079fca07bcf1782bc6ac7f2c2ddac64b0ad607d4
ETR/2008/page_212.pdf-1,ETR/2008,0,True,True,PRIMARY_ELIGIBLE,True,KNOWN,INHERITED_FROZEN,PARSED,PARSED,PARSED,0942fdab21e90d0a51f36798005f948164c503a5bf6ca24047024d67b17ec65e,cb66bfdb5a05d8cae551827e583d110227f8f9ce2869565395442878aefd9a76,dd70ffc6703025e7955fd0d2d678bbaa697d84d218fc6d2140c7bfaae09f2e4b,1e30a5fe7ebe77c838aa91ad958a6ac6b16516dd644d37f33b6c19ededa801b6,a7ac71d2c2d9a73c5c254fa903025a441c212dfc1d990cdef3ce97ce38d514bb,2608eea0e3ce3c335be4651128c29d95e1a2d6e7f8f28507e6498d5393639250
IP/2015/page_44.pdf-2,IP/2015,1,True,True,PRIMARY_ELIGIBLE,True,KNOWN,INHERITED_FROZEN,PARSED,PARSED,PARSED,6a7f39a34e4f2a121dc43a1da1177b798f7a49c059c915d298c105cfb445510c,756c1d0790add9a4eee581c04f02ef7c5e473aa76fd141d99f4fe67c26695113,430bdfe68c7c128c784a87c0eca96d8f0081cbb5d96ad08df044e10cbd6beeb0,d5d11c2522d0a7fc6e6f42ee77e09e956dd21c02bd28c1a88c59e884ff70ffa7,7524a6ad278fcfcfbe978978749e9107ed2d899130ca908f95c03d82eca1a0db,0d58b04167609daa592c32340aef7288976b2799f838502bc709c836e0717276
AAPL/2004/page_83.pdf-2,AAPL/2004,3,True,True,PRIMARY_ELIGIBLE,True,KNOWN,INHERITED_FROZEN,PARSED,PARSED,PARSED,d60f029a86f97889de53d6fb140a3ce4a498ae961a20f483f5e4b05a84e451c5,60f9fb06acd1202359525f8a9b33fc1809350f3de99692b6578f6fb8fd8c5d66,9f5b77ded81b3879d847ca9763b5f396cd60acec793bdbf69cbc6fe6073626b1,fe8bc34947c7695598e8e6fca6a5961adf0d00a12520b1fae69c93cbe5eed10f,bc62cdc244dfa2418b3988dacbdb2e45a3b8722f6930089b70062310c16202b5,a20a5012482ae0c11a9e1b46b54beb59f83c71d1bfb3157141a6d66e36b691bb
CDNS/2007/page_30.pdf-3,CDNS/2007,2,True,True,PRIMARY_ELIGIBLE,True,KNOWN,INHERITED_FROZEN,PARSED,PARSED,PARSED,22b8d6d7038122af91112c4f7123a191196fcc293b16a1b8a1783d27ed9b06a3,144f0f30b9c6222e3054a24e5c5d21aaf9ce43a7f3698f2a6c3338ec3347960c,966ad026f52fb8d3945900d7be74c3e4ede5168514910b099f79fff390ae9107,1571ade7e6b9b1e4cdce2a8bf802b928e118063cfa3422e3e289376752b4df4f,a872aac4a781f2372ebccb2cc5dae8d02cd9062e4e4da10533bfd9e891232520,707f183005c5ae65f4ddb4fca4cd93bde059fee4affa5d2a4ac122c1d14b3035
JPM/2003/page_44.pdf-4,JPM/2003,4,True,True,PRIMARY_ELIGIBLE,True,KNOWN,INHERITED_FROZEN,PARSED,PARSED,PARSED,0ee7c391042aed86c7bcd36cea43a17e1e2ace7f322c62ca5807cf241b86bdf5,62d5973915b369e4cafa0a20e9c669ccb1c2be25cf05a4a94d70b07246ef6874,e7247a3830183ebe59df027cdd5eea5ccedb78d7acd246ad63252af9875b22ce,162d80293efa4953758eeae93b3689bea788a0c7352c31725f6dd5eabd55f018,9b2cda4ff817fa5d85cda1420267e94b46c7229766106a3507a3d9f5cba53e10,6b385439d706683868d43f91109ecb5e230e739670a97a2882e959ce77b9b2ca
AAPL/2011/page_37.pdf-2,AAPL/2011,,True,False,DIRECTION_PENDING,False,KNOWN,REQUIRES_HUMAN_REDERIVATION,PARSED,PARSED,PARSED,08bd8417c10d49c5483b1529b200da456967bf9d763126c67a4d56fc9d4c85dd,c7dd9e472a60952e1856a1bc11007892e88e1f63e2e0817dc350b79068ad95e7,af7371b4ebfa6faf153ef87fadc32e8e52362aa21e2be3dbf40d04e3c10a5a85,8133eb061abbc46ea8cfeb4f58ac934e2e1c0e3254186256858163efb55aa777,df7c9034a5fbc9272974ee029598a0e71fcc7dc507c28c00a3ca42badf2ea91d,8b8497b452a26cb4dc52a1b7fded8e091869dfb98088ae882f67a2d19133e3f5
UNP/2009/page_61.pdf-2,UNP/2009,2,True,True,PRIMARY_ELIGIBLE,True,KNOWN,INHERITED_FROZEN,PARSED,PARSED,PARSED,b5166ea883b01afdb7c678575e58eea4d0e1cf3544026a2c18c5e82b19ba9984,3732da7ce33e7aabcee5907a59ed25537df4503d82103fbab3af4944a6320e89,12c146ba6ac808c516715accb558ccbb105fba295b4ea38e8f0e11c5ac0a23ee,d867c8c00c0817d7e9f9e13b2530ac7ed715eba5f15519bfebfd54e64d008a64,473998cf583ed3c3a545eabbba24654edf5219318b7eab1a6913439e3d730877,d4c1e87da84bb5d6031babd1a76d12112d2a7c79792f8b1166168d492b07edc9
UNP/2015/page_80.pdf-1,UNP/2015,0,True,True,PRIMARY_ELIGIBLE,True,KNOWN,INHERITED_FROZEN,PARSED,PARSED,PARSED,79c0a0c037636e3590cde5a512985b2fd4baca4e1ea76fce4d904f487856fee5,5de78d2128fc2f9006b9b84d6568785e27e1928210d6557a91df6266717075d1,6bcbc572b65d3f28392bf6eaa30877fbaa6363252e5fe727fce2eed09ed1f054,9ca1801f1a52aed8a3b385e7b01a8d1166ff10216b9cccfedf71ea64c886ab18,6f4ae5a3b3bbaedcca6c68d9290f13a1b7176aec1b2ea24b67e64f2d395ef3ee,09507c36d0bb7a7a6af367a56a8819d3ca6cd0080838baee1e7b414bf76ec2e1
VTR/2007/page_97.pdf-4,VTR/2007,4,True,True,PRIMARY_ELIGIBLE,True,KNOWN,INHERITED_FROZEN,PARSED,PARSED,PARSED,a63e9de0c8866e2e35fccf1a9ab2cedc6572f8607b09f608ba82c07ce8ef6b91,2a8b4f7b59dc6b364ffb2a183d93d2cb5050cbf189b9aea00ae346c8129a6937,a075dd3b48fc5e3d05da0f521c36e78ac3e9a511ad07aacd2142fcdc399570ee,c20805af1c082e9df99ae0e4cb7f50f80248accbd1d4947258a6dbacdfa04d3b,aaf1f43f99b38783096b28af6c014770f3d79cbe86f6ba2dcb01fd7f803a6d0a,f1c21a8f6d9c9d832a079b4932638893130f9b9b9afb4f775662f66be3d9c486
MRO/2008/page_42.pdf-3,MRO/2008,2,True,True,PRIMARY_ELIGIBLE,True,KNOWN,INHERITED_FROZEN,PARSED,PARSED,PARSED,dc6b0c310f01172bdf9299682662555737c2a92e17e58ce72fddca31cd160e45,ab185baad6d74b3a28987ae1cad10544badf969503e72d72537481cbf07f5c2c,f7f6137b47c51976184ae2537b5fa9f8f6bec5710f32513b25e446842f950325,33933c4bb8c93c600dd7ea839f0383c98a9be7ac6633c91f911e4e424029394d,5454020c608567d5246321c5a9f5e8bfffc3a06e3fe72c4b3489ddd4a8180d89,04184cc7f010792b47641318e8876177e70e0eff10adc07921e61a2ce55b86c0
DRE/2009/page_59.pdf-1,DRE/2009,0,True,True,PRIMARY_ELIGIBLE,True,KNOWN,INHERITED_FROZEN,PARSED,PARSED,PARSED,39fb88ba38a782b23c8d9affb7495a87a08f1806a5102276bdcc9ad945c6ffa5,51ced3354a2db4504883643de356d2ab4a604292af2f12f1745cf1a3c4fd9203,5d3f25f0dd373db78534e2507e1d21c2284e8ce819087bb73f7710116cab4719,03cffc4c663433f800b6338de0fb77be4dd225153b404a9b2cd04fe06aaa339c,02af6b790452b0e3ebe21ac09280fbcc545f7c6a71e5c1af8e7d872ae98ccfa3,863de6737afabd3bb8d590ab3d59be2f7f4c6091ee0d7a8ae4f5195c10df975f
GIS/2018/page_59.pdf-1,GIS/2018,3,True,True,PRIMARY_ELIGIBLE,True,KNOWN,INHERITED_FROZEN,PARSED,PARSED,PARSED,1144272836d5cb4b16f35d63425aee30a0397582746fbeab783d67db9f8f25b6,da055dd4b86ba726ae2efd30346e8cdb17eb6f1d194acf52e3ac82358001e2fe,78c79ef2ec535f4f32b2032dfece754099dceb23b05f0859c7e3948e3b8127dc,6b3236b71d29803d1f94b2c932936a548e177ced4e74cb5026fefac161367969,678677828f6dc2445436dd32c55bc687c1a252364a797fafd13f61fc31410ebd,58383cf25a8b2118091cadb5b8d7faebc4fa1b544ff3ae01c68e45975c73f8e9
MAA/2018/page_19.pdf-1,MAA/2018,1,True,True,PRIMARY_ELIGIBLE,True,KNOWN,INHERITED_FROZEN,PARSED,PARSED,PARSED,529e62adfb3939330a044ba62d2fc330fb5622aaaa1f04675f75fd1b42522996,902aa15ecfbb42bdf109f1a28e7ad419807e65ac6a7d7277d78c86ed93e60055,93914783cd248858a5208763df2bcea0743cd34c58598bf16a79056a937889b6,5bb485f18b38a46ad4ab6a175819df29f83f09bac4e954387739bfc2483998b3,5638b33b2dbc663739fcb992bb77541f90e32bbd9f6e48dc46844fd330eb826b,cb2a4b9c1a6e29238c079f49c1733455a937528a841c7cc6cdfc56ac84f76d9f
AWK/2015/page_112.pdf-3,AWK/2015,0,True,True,PRIMARY_ELIGIBLE,True,KNOWN,INHERITED_FROZEN,PARSED,PARSED,PARSED,c265ecd9d41341d90215becb3ac9f762fd8b98d5e610f712faa1bb47d48b2472,fd0a1f247ac5cc583b5021a9958021eea48f7960f8fe15d487e2f6bb0472d7ac,89f02d954d4195343ca950fb9bb6b9c25dd3a73a876deced71a3663cea627db6,c3da5af9ff5d59636fd8a23a71ab0e4f757643ab450387abeede05bece2b7826,4f8c9c19c90d5281dd62aba6d75203422651f96f754b36e4ff2ed9b6230ba6d7,b3f236623fad48c5cd3a2ad5737510ed07c921ee77b9141ff1ca22cbd1df3512
GPN/2009/page_68.pdf-2,GPN/2009,1,True,True,PRIMARY_ELIGIBLE,True,KNOWN,INHERITED_FROZEN,PARSED,PARSED,PARSED,e5e12daf3f69b52768b2a478e2f64dc8a5f9ba385c4012d9a91d485a1318be96,dfc526e4b500370c94ade4cffa01cc3bcbe7dd305c60ee8166716927f2b43a83,1afbb7bd6e6fb9fb850e2df1bf64a3918f35ef79a22981e5bb02997ca6cbefba,768211bd67107016aec1335405a35a5d7633c4d6620b26bd51490ec969587230,7efc7798c1c97eba80ab0dd2b917d6980cdceb9fe2bc76253d99512656620446,d58afe2bf576ecf2d0364028e7c396802c93499b7902f8b080bb2294c73b71cc
AES/2011/page_270.pdf-1,AES/2011,1,True,True,PRIMARY_ELIGIBLE,True,KNOWN,INHERITED_FROZEN,PARSED,PARSED,PARSED,c5488550f97bf2320082a88c8fc34bfae5ba29581760a6b3a90cdaa19dd8c18a,2d9c2a04fa24a96f6991626bc4b3aab4905887abd7e2ac9f6f82df032106e72b,dbc154efe62f94d6a0cd00c54cc89e76e55822d622eb6175dc01428102dda7df,7ada12338bdb9f12e9b16ac911d0e175d1da4b4839092fd02da6ad0a897af9ac,0869d6e6a00e4a780d68ef7fc8e5716f2c7dd223fccb8e34a388083b13514aa1,082ccf2fa16ed238e7a4229c68647372b2a6f18ad2ceefa062d50dd224b42a00
AAL/2014/page_92.pdf-4,AAL/2014,1,True,True,PRIMARY_ELIGIBLE,True,KNOWN,INHERITED_FROZEN,PARSED,PARSED,PARSED,858ff347310421c4918948906c7f15dd779d27d5def96220757fbecba577c905,c616010a47bae093830c817d079a7313b67f528c90ff3d579a18ffab82ca9816,e7b574ccb1fb7b314541d4ee91d4fd0cf9be1a8b6ebdf533f6b95ecc82bbbd5a,f566bd77205d0f24a62748b1285c46c68332f7db733d1e014148c00119b64e61,5774d14af77faeda24ba1d5b378f08ca45e61e5a607b438495252a8157a26643,83d9c846af9418f4a89d66254e04915142302726c40a2a51cfa70272dfd7aca6
WELL/2016/page_61.pdf-2,WELL/2016,0,True,True,PRIMARY_ELIGIBLE,True,KNOWN,INHERITED_FROZEN,PARSED,PARSED,PARSED,60c52ce7733093c35e2bc16b5bcbf3143035dc6a06fc595017e23a71aa49a554,3cd739cc8c803df12e2c33446e9f1f97dcaecd5b003eab09d1baac236297e32f,851ef718debaba6dccda9212a8fb4d8cb8fa7c76d7a80dbae41aad09fe690e94,a314dbea3b684de934af68666eabc61e7ea67cd8ba685dd0f449e44db8aca7ee,9c61286a28ae90cb2b9fc39c9e6851edad17dab79d7253280cbb2a3071a340f5,8f784ceb3810aab8f733bd19d4ca21b85cc0ee3fac69f0c76ea52e1e1f1afe92
C/2009/page_141.pdf-1,C/2009,2,True,True,PRIMARY_ELIGIBLE,True,KNOWN,INHERITED_FROZEN,PARSED,PARSED,PARSED,24f0768dd5b9ff4ff960ad9657d58a607da4a6ffe843486eaba47dcc1cb62b55,3bcf5aac880de4acc276e0bf52748bc817ce4c24839dcf67ad0687a5d0732fb1,b197822ca42704fd44635b95b828a2f7d006670cea690b137a5bd1deb067fd5a,ae4ef46b81b7dc5a8053fe741abe2082a203e36d97378f88da2193c889f13c22,a887cc33a6b29cf6942d7c9b4e174bad62d459352ce9ee7e0f9003034007f2e1,fc737509258add3fa899fa32e40b49a528fce088e65921368dba6f8fb6d1a95f
GS/2017/page_176.pdf-1,GS/2017,2,True,True,PRIMARY_ELIGIBLE,True,KNOWN,INHERITED_FROZEN,PARSED,PARSED,PARSED,950f114d610a9ce9b61edafe42dad3fb66f71bf1640897782cc9858376b8e6db,7dd229355eeb5acd0ee9093f7c62a23564ade126f0fbb3f192f204b2e23cd9b1,45df9b039f37726c756c58562d9d63e36450c8761d3286ef43b632fd1c4846cc,d3c4d5e544f7f5a0d845e4362d06fb241d1c7b9d524ff37dfefab8dfb853a875,87438b03aca0328811411b8a1f4f1e78401ce31fd05ca40d7fa4adf60d45a01b,93752dd481e8c67327f274c50f843b9a255debe6db9f0b5b71d4288bec47d551
AWK/2018/page_131.pdf-2,AWK/2018,1,True,True,PRIMARY_ELIGIBLE,True,KNOWN,INHERITED_FROZEN,PARSED,PARSED,PARSED,2535f6013f8f7b102a7d884347d7909283348635073f47aaaf0fc161248cfb65,2fdb0531a0099342ea15ec5bc926cd07534f688a98b4fd79af7e712c9b251c5e,ad9b46c0a261ed671a3de3cd5391d29e125cd21eb796b4042dc6309e1b50d1f4,4983e76f0dcaea03168e91778fe136963f7a0e22fdc7d7fa48dba28771c2199b,4367c2ccc9115f9e8badfdddecaca6a226352e1e7f07bb8bbef57695890f2207,97d4979a6d297d3b2ead4c0ac0de73e81743900b5c1752290a355609186311a0
DVN/2007/page_78.pdf-1,DVN/2007,4,True,True,PRIMARY_ELIGIBLE,True,KNOWN,INHERITED_FROZEN,PARSED,PARSED,PARSED,2380ac960f82d5a5ec8d3a2c34d4011f9522945aafae65d4f7a87dd0eaac630a,226023ac31dda46cf4e147b65c4cedba382640dc19ba520f000ff43cd416668d,b5ffb51bd2378118a1f436a989989b31021ca99e0e87639c9d70ad8b8ded97d0,5a4c617b0a75886de07634c087a44478ee6904851af5f7bd437229eea1938f33,fbf4f87d1db9f3b4364fa3dbc445d0214d3116ca650b0e087a38f673ba2a884e,0c49f620ef73c512e283f975e28e339dbe36c5f0e971ecca20bcd7a500ea1b75
AMT/2006/page_107.pdf-3,AMT/2006,0,True,True,PRIMARY_ELIGIBLE,True,KNOWN,INHERITED_FROZEN,PARSED,PARSED,PARSED,bddcd36e931f319ec5853503f3944633e4563c5b0975dd550111fd6cfb774af8,f22e55528136de10a5e50132dac34f084333d323df4b0b20f470ffa52300a91a,958c066e487e8deeb62f499d3e5932c7364d80d4e4d9ac29a36d7f2b01eca0f6,dcf1625ba81cae6dc4723c991cddd2688f42f88e2c859fb515d75c6db9e33b59,6c132dba35b3af90c30cf616a9b731014a234f98fc3a98604a12dde40aa876aa,447fb8dbdb57454cc41d5a4789dd683b228301c4bafec9df7d246d12cb10c7c7
GPN/2007/page_18.pdf-1,GPN/2007,0,True,True,PRIMARY_ELIGIBLE,True,KNOWN,INHERITED_FROZEN,PARSED,PARSED,PARSED,08b15849065a6326106da0201153604e2fc762ade7091cb663b3bae8d61fe3ce,504227875bfdcd088e76a27ba66345746d688c6c7d1d8f1655a0ff5facfe37b6,6e74b2bfc27826934ac64c183fcf50422c10a23ff5de7f46dbbfc9d3571df9a9,ca3d7023b6386dcdd3e85b01b900cbcc8250fed9c0c51d4864909f118795d4fd,a8bd60df6cfd3d479b449ba19025144e471f6e8312af642a23628e82b4224436,ef9ef68953cd1b220d4c97efb698fe873d40967e8e786f265c616ed4f7210146
DVN/2017/page_31.pdf-2,DVN/2017,0,True,True,PRIMARY_ELIGIBLE,True,KNOWN,INHERITED_FROZEN,PARSED,PARSED,PARSED,5cdba43bc52894f7acaa8074dccf04dcd8f5482f5170b4af92660551f5c20886,e8621406d1fb5d35d52f55ad03f2f1ad4ac7cdedf3b772e85108d75e446125d8,e5e7c6af89036037de9a1fea0a0caab8d1fcf92d7bde9b938708e5f733e2bea4,81e1cd8ede8e5ff7f31f9fe9bc958ee0cd72396a423585065b6b145991af84f2,1a347ab8dc6c13cd579c801eec887acd64181f7e35971b2a16fa668a5165d8d4,09e8b0ff6b56e8047c22855b1f52ea8aa314d3f7842f5aa1b6d30cc426cbc8a8
UNP/2008/page_26.pdf-2,UNP/2008,0,True,True,PRIMARY_ELIGIBLE,True,KNOWN,INHERITED_FROZEN,PARSED,PARSED,PARSED,a1cf92a9ba2804b2bf0347a9f07c93282b5747b1c6d4d148809e5d17141aca6b,cacfebb86c9bb9f2d92509a4c6e51370ebbbca25b87e889aa17035761b5c9fea,1ec48268159edb5decd2d811cdb69bb522177ef4f8c2c5bc2b428cee520ce90e,3e4840de81e8ba5081761e563f1d32d31b76a612aa4049969f447e695b54af75,6d721f518570ecc2fc62d47fa49ffdb1b1f5b508cb208b30a0c5251af68cbb95,04d268e51f4590749c0f9a3ba7e9ab705406b5a08e45485164ce3796a5358b95
UNP/2013/page_14.pdf-2,UNP/2013,3,True,True,PRIMARY_ELIGIBLE,True,KNOWN,INHERITED_FROZEN,PARSED,PARSED,PARSED,f5d26e8d64fac9c865d9c78ce592afafde8d275bc711e085e845897170dab10f,555f207702e1a2784c2297dc2e9a01709d7799ea0aa95ef7bff7f0323234ac58,a871880685ec455c4fe83957ccf206d6598d9e3f5c19d29889454326b414aa6b,0052088ccdd2cadec3ae931501bc5412be83a44a72f6e35a28c6319cb548dc5b,0620eb84a0af85e3fcf908a72620f52fc3f2d1e5922561078ebd7a3e52afd201,b7ff63967fed8e9de72dc2826ea570518264cbac40da46a05fc01b3a5d3c1cdf
MRO/2008/page_41.pdf-4,MRO/2008,2,True,True,PRIMARY_ELIGIBLE,True,KNOWN,INHERITED_FROZEN,PARSED,PARSED,PARSED,a0de0948916c9c8895c33bcf0cf4a4946c6e3b36b29f3e62ba75b4cde2ec6baf,7a5fa82aafbf139b5d2dae8e5423530a2c9cc6cfb9567bdf4705006af76a5e50,9cea4ca2de93cc38feea929494acb14aef05187025713a521053168368463fdf,4b5f420be53e0d2cfc840f9d18f7d4b5c8d2120f183a79637bbf5855a74a4838,ac27607e41f4069950e59d5566f15d63a8f6b3edebf141e1360299add0f81021,6b01614f800980bba684fee9675a08bbf5071f9c11b74fee24c3204e4b1b0dd2
AAL/2015/page_183.pdf-4,AAL/2015,3,True,True,PRIMARY_ELIGIBLE,True,KNOWN,INHERITED_FROZEN,PARSED,PARSED,PARSED,f1a598134a75a4402f19dcb84ba05b800df5a24453bb00a1f575ffb29a36d136,76946f15ef281fda620d353d2348361a32350137462c084131b326c13212fc82,2f90d0e006b55b0f68d58dbc02f899305ea1aaf7e3392e8e878dc83158747633,ebc4655dd0e56c7bc4f6f5d43118a9b38cff8fdbbc6bb80ca547f148063027cc,4a46e78876953d01cc2fc32b792c26b4533f8b3ea1a7581ba40b241e51a9d546,a27f6077d447470697da059fcb2e67f1917bb7812ea794a9c7278e3ef4bcb108
AMAT/2015/page_33.pdf-1,AMAT/2015,3,True,True,PRIMARY_ELIGIBLE,True,KNOWN,INHERITED_FROZEN,PARSED,PARSED,PARSED,0e0eb8808a2e595fd6981ba09c0166634b50987b2224bfa1f4240e5bc4862b9d,9981ac3c3a2bcb543c24fd49e4805ace72248db916e5e13e85d0394159b3b775,373f6ff1fa8b1eaabad987d8e63cba15307b5e3be89b2c59ef269c8a747a4846,b8c711862c5e3c31ed14e3f5c49263a8ec555480dfb40b2d51d8cb9bed83a5f3,aaed2c7014d961a450811b612c855f92779db3628ed9870c90a513e5f61960b8,d54870bed64d665b209b478e04fa947ce958b8a590c8a317b860aa079cdf5e3a
UAA/2016/page_83.pdf-4,UAA/2016,0,True,True,PRIMARY_ELIGIBLE,True,KNOWN,INHERITED_FROZEN,PARSED,PARSED,PARSED,86b0e480a1b4089bd0707917e42d363f55eb9206ef6d6104d64976d0d0256c1d,1f4d670c6d1d5e1a2386a271cc865074b9c2c290f04b0f588087565e5862aef6,1fc41c21ecae4254b3c45637e2d83674bbdb77dc0659f6b0ebb61d37ee7e162f,86e10ca2a17ffb4aff541308e1f67901fd2f7062b8299423c451d4505d14775c,2c89de8a55eace2ffe1c12878328e3cc1379f885cb09eddd81ae0a3e99314795,a38610f320d7db29553c5f96f4c9739c01b5ed3b33f65e151b67c1fa996ef194
APD/2018/page_41.pdf-1,APD/2018,2,True,True,PRIMARY_ELIGIBLE,True,KNOWN,INHERITED_FROZEN,PARSED,PARSED,PARSED,7d369d57bfe78fef8a2a10c49ddfd1fba3ef5144ea26a0a428eeb3b034946fdc,f9a8d822909ca1219f443137b253df9b82d1687510a2dbf6f0d81b6bf3511254,73462f991f66287816c1333bcedd5dfc435de569c3fe7c744820c58a8a4d9387,cac8ddf1048ad7c0ed589b22b1a1a733764b4426cfb7cc7b87142eae58ea39e9,e7064160f253d28f7729c4c16a7d6e3a864c47c41f93464778938e6c05857eef,36da35fcc2aad8bf7bcfad579a08dca2ab18d2857ce190347342d5b313f2eacd
TMUS/2016/page_32.pdf-3,TMUS/2016,2,True,True,PRIMARY_ELIGIBLE,True,KNOWN,INHERITED_FROZEN,PARSED,PARSED,PARSED,b7b2340ee50718d99f6e35d6dbd449bbd142fc6f9d4468625171ebbee65937be,13bef7791f2ca010e7c128dd1e725f666747bf7484c3cf18ff9744b0e8635382,c2f9fb0173f2b231d1d8062fea3f37fe537174034d3ef3976c93b4cad4cca2d0,921f01bc40f53d4781f05a3956d2a0c7562ceaceabcc2b20bb2826d7e4b293f7,c3a7ce437f7bc44fd14628919af38dd14a3ba5baed71e3395b4805ee9084145c,4f174a6bdb562f1a6759311f3cd50f5d0cdef3506bde9d297cb4f81e5eabd3ec
RCL/2005/page_40.pdf-4,RCL/2005,3,True,True,PRIMARY_ELIGIBLE,True,KNOWN,INHERITED_FROZEN,PARSED,PARSED,PARSED,26fddb9335a5635c283620757d0516a96628aaefe6ded7d04535d6c755194e3c,ac582b39fe7dbfa8f41bd02353c716996f00c5c9e54924f996cb25d6d9655ae8,9fe8787713ebe156252436893cda51b9d9e879c0d9f7872a03ac42fccc5a5ea7,65341e1f1b742b7790f3c1a75d305fccf1983636607ffb01022571e479841a05,900c1cc486288ae2e6ea809d68e9df1b83b40c707a2f30d649c0330d276a6ee6,2a623afd24818d34b9be4813b58602507f321de1ecdec28c0870f5b833857631
C/2008/page_189.pdf-1,C/2008,3,True,False,LABEL_UNKNOWN,True,UNKNOWN,INHERITED_FROZEN,PARSED,PARSED,PARSED,c2aafc95f38e2ef7e055199164c2fb73598942fbcce50e14f65366d802528908,2450ca784fd9eddf400b52b6b86fa3536fcf2d9d7a501777cc784b432b8891c5,6e4873186be1d7f53fb020e0ef73fa66f49e90bb93e44550d44a23747d02bf7a,d69163324b4c2244c431cd50c065d411887a6fb75ca8e43ddfcfde3a07a1bd4d,698bc9487d8e1a0b3e7b09a86697d40e1158c86a79f6a95d856bfa20d1a4c2a9,7aaacd0a5ba2f5b0e81d32b7fab8377b11d3cd36ec4d613424bb2fb1533a322f
JPM/2012/page_109.pdf-1,JPM/2012,3,True,True,PRIMARY_ELIGIBLE,True,KNOWN,INHERITED_FROZEN,PARSED,PARSED,PARSED,cbe551fcd0f29e6909c2cc9e598419c6d3007ef6229071e53e383c649b2a77bd,317e6d0e0082eab918b895c71b0e8c760d446a71467041f38a1fdb926cad0335,d7cd67768d3cecd7c87b3dc4786d12d7dd2b1afea28800aceea548bb99245fd3,d22c02fef5595008b1739f4a4729d8825aabc95e35b92af1b34a2d30468038fc,c181a7450d56191d5f0a912d99fe86210b0f3533dd1b9098351ae007d316df62,404337fd48e9184d403550896fb04ad36b56cc36ec32e04cc06b9f55b612f00c
GS/2015/page_80.pdf-2,GS/2015,0,True,True,PRIMARY_ELIGIBLE,True,KNOWN,INHERITED_FROZEN,PARSED,PARSED,PARSED,e77794fefa0a6d71f06612652571652b9fd12d46e91613ba8074f3d3dc29f015,bc95d4cdac58940ce1a447badc6c76e6ea3aa196b69a9804f0a6940c1efc327c,034527396352037965848db25b8fac6ae5dd8df93cd9f99671c82dbba21229d6,5f48bcf0c293b54c2bf636ac4e6de7983d6d51e136e5349c5413701a9c003e95,def3f8ab85ff642fc2d7422e8d512a2d6381dff6d110d5d1472408e49a0b9e60,8dd58ae0c469450ab6e700b46a2e666ca877f1f24b1688f7e58ce759f2becf60
JPM/2012/page_157.pdf-1,JPM/2012,3,True,True,PRIMARY_ELIGIBLE,True,KNOWN,INHERITED_FROZEN,PARSED,PARSED,PARSED,dd8dc6f1cba49d2ac88b53b50b3b1a884e0a83ab5d288c6c24be6bbf1e350e48,d92d72082eb9600a4f847ab728fad97755290d68434961c09731e31bbc7c92bb,4129a78162a3d28e8039bf89292f6955e7d5b4fe13231bb392bbb6af7a924050,719d892f4b8680fc1f20219598170550379aae8c29fde569c6ba0359ac3cfa7b,de592b51ab21da6308d690ee7f73e291682df9031872c54df558a25e3ad0c0ff,972cbb622072a6c0a305751d27e74eae9a5ee967c9007b36b6414fa33409fdaa
AWK/2017/page_136.pdf-2,AWK/2017,4,True,True,PRIMARY_ELIGIBLE,True,KNOWN,INHERITED_FROZEN,PARSED,PARSED,PARSED,8ebab167b46a694e721042376eca060ae91a816f54c732f3dcd1149e19e0a0f0,4cbcd550f6df1f9b88822f454b4f5889ccc6379c9e7fcb06fb0bc4d0e6bb5b3c,96c1a16fd00ad3ce3ad5ea312aa1196b6d578008d02ceffb626771fe99269d82,fa90d571e495ad446ab1ce5dafd3b270222a23e6c9ac70da2008a9bc726803eb,325ca1f1511028675f7b4e4641768f88ec06d7c455b69083e3f87e0f229815b6,214abe465dafc9c2c3172dfb589bda831f3ece90ee69ed6bec8c76c956d49c5a
SNA/2007/page_80.pdf-2,SNA/2007,1,True,True,PRIMARY_ELIGIBLE,True,KNOWN,INHERITED_FROZEN,PARSED,PARSED,PARSED,8d14f806cb837953b076a350a22ce8c3b05dffe8936b998c7964bcaf868535f1,c4b15df050477109cf0251c87e4fa7cf99c346d1c19d7ac57a8a2a0f8b003b99,1f327ad4d5f226224dba17a00e2efe0489d35902b8d65c692af6879f28acac75,5b80cb2d07f374dfa2dd4c101345d62e5173af838ac880f11764c96d64599ebc,948cecd7fd878219e536e14fcf3b8b67bb53ffec884ded2a9a2333b7039dc0e3,8e4a3091b4a66bed91d9f2460c6fc179c6c6cc95103e413c0d853c5ca0ca49e2
IP/2014/page_101.pdf-2,IP/2014,4,True,True,PRIMARY_ELIGIBLE,True,KNOWN,INHERITED_FROZEN,PARSED,PARSED,PARSED,f4e3ea43ff5d9e44256dadc8d43febc618fc691e3702f567fd1c96fcf5e77e4c,b1a0aa50f68581f86fd55a9846b3088768a0c7b0dd6972ea70644a25eac920a4,7c7a7dbcd925f5b4eb37ac89cb177c756d7acd084455ddcbf3426e94ede748c9,d500c79501cc84937773528d12fac8d4e415996d1cf87cdd6097202850131130,26ed7d60635a1e6d72d29b7b990aeaf5d2d70090cb86eb382f61e4c957690c7f,1e0891c3b2ace877eb50e2d8712242233fc6a1510feb3f002a2085ef203fe210
ETR/2002/page_266.pdf-2,ETR/2002,1,True,True,PRIMARY_ELIGIBLE,True,KNOWN,INHERITED_FROZEN,PARSED,PARSED,PARSED,f08574ac47461d7c81c659bb410d8fb0f9814bfeb63da72fd1e34dbd602da4c7,e8b4994f397a6c70b2148d0530ddb6478f28a1178f9e4eda278b7c186e8290d3,f0862c052f95da52bbd80f10056b325ec7cf76ee0b361a5a8ad26f70b54306de,a96a14952f9333152a37f7a0797ee4cc30963e6898ebb241a1ebce5af25da3b1,09d19485f55f39c63e3551a67e3b6d9e6e0b6774cc3dc73bec13959bc6f9e483,8018b2f2ccddd6de594426c23cd51a8296bd2035464941988ded21442bcfd65f
STT/2009/page_122.pdf-3,STT/2009,2,True,True,PRIMARY_ELIGIBLE,True,KNOWN,INHERITED_FROZEN,PARSED,PARSED,PARSED,c964f34450a266d0f83d18887a29e424382cee519bad79d72677a3292a1e9e66,7123e4dbca4ce5e8f38164a4ed193619048d843f14d6647800343b6c126a7358,47f6d35f240ae92ec4f91f23e7d08d6f038ec72ae6e16f1c88ddd50560351a2c,7aed29219e78bf047a2efa3bbf4aef044e1172930dac9395e677c538e211a1d8,12890c174bf488ac2ff0a1abfd80a6b40efa148c6f1185c236f1c3c67639c3e7,3d6ae5f4e575c7982f42c509702e44cc3351216abd150444ef7ded9810350fbe
DISH/2014/page_142.pdf-2,DISH/2014,3,True,True,PRIMARY_ELIGIBLE,True,KNOWN,INHERITED_FROZEN,PARSED,PARSED,PARSED,216fba329b9062ed8d41f726a7705d7f809dab3a03f887819d51b0a1bd7a0fca,dbdcb022fd572743ad33662a05b86077d63c3583a8d4b91ccc821e8b74dd1864,a96f2e6f12f282640228e297e959b0aebf3a1ff1a233e6305a025a094ef5d373,f821f3e514e383c92ce54a40b237853c0a47cbdd1d7af4d802de6133907d1e1c,0d0be4bb78a84e2cc259eb5a56969dab9025df908173c4893eb5c336a81d754f,e10f2ad4d5aa50d8284522c58b523dd5efc28fceff8e2d2469fcfb7e8a74e73e
K/2013/page_27.pdf-2,K/2013,4,True,True,PRIMARY_ELIGIBLE,True,KNOWN,INHERITED_FROZEN,PARSED,PARSED,PARSED,02f2ea0d3f0e1078f799ef96c54cc4d36ec2e65c74c55b1e2ad3af4c97bf8143,a7a4e91c7ef74a98ca98ed9a7a6635b5be6ebf622a9dde009b57dda08b42a17c,6de46776fa7dc8df75434e5e57ddaa2ba33d45a4f09005e0969fadc703426f7e,86342373a9e9a3909777f4132597d8b48f37dd8c6fd6ca27143bbffe0d176c8b,ed20960e6e61afd48315914ada083bd01c807cd99ab90005e09ca9143580da64,3a4c70a4c98be25044b32344201959484bbfc30fc9324bfb89d9c560db5a1e35
FIS/2016/page_64.pdf-1,FIS/2016,0,True,True,PRIMARY_ELIGIBLE,True,KNOWN,INHERITED_FROZEN,PARSED,PARSED,PARSED,ba7a77dce3491a8d21cff7d11c202d3ede8d7316bffa3212b99127410230d383,05c31908f61889b22a8bccdae239278903a27e7fda5302862a5557cc798799ad,704b2fd5b138a078b35290419949a11788d62b7d11b91f7242263153c4f6a3d3,3e5b124e9a3ede442d08a328c55c92426557d5ae6252d9eaab2881b3b91c215f,b3cd0018016b3c181f91741d06c41d75c33bbd2853c579bedb5e4cfe10cf1ea8,151c0725ea3bfe93e55808d43576fec884554f8721b0049d506abe9a7d4b907f
ORLY/2015/page_28.pdf-4,ORLY/2015,4,True,True,PRIMARY_ELIGIBLE,True,KNOWN,INHERITED_FROZEN,PARSED,PARSED,PARSED,9294d4cb6d52d4ecdc4de34b83aba5cf16f9d06772e8414363a8950b04a48eba,05c71ec348222ff649c73435da7d37d73933e371e01d19d8825934d6d83260d0,09555bc6e902f0387bc8d5d130b917273205c482446a5a3f09a88d438f5a082b,682929aa58950f11718772bd8cbf6b1b0d62b8ac35c13db0f572340c8cc81ede,ad6196a82600cd90fede6faa68ec3a367d3ea1c1e9dba5b58278eace11dcd422,ab22661b7e3d194804a559bdc90a8c2d7f0a8322bf9f69c136d5e03d60f74e09
DISCA/2012/page_54.pdf-2,DISCA/2012,1,True,True,PRIMARY_ELIGIBLE,True,KNOWN,INHERITED_FROZEN,PARSED,PARSED,PARSED,95c6bb056b330483d386d24385d1e83f4ea96b40714ad553ceffa96951739d6c,32d678edd91d21bf7f16cf9b75b2bf09c398ffaf19ac7d396240fcfad32c3f85,cc1c3382b5b621b174c01f69f5e883582360c0a776f2e2a19a47a7436a1c5ef5,3cc571d673f42121db9eb9e8dcf05d161cd34001bd7a1dd9203589af2d3de863,0db6ad784e1eb5cdcab772289378a2d6c77002303f1b3a233c92c4ed762a2569,0ff84576c3634a86087d6cc618829335df9dc2f0f0edc155fa3d3a058a2f756b
IP/2005/page_31.pdf-2,IP/2005,2,True,True,PRIMARY_ELIGIBLE,True,KNOWN,INHERITED_FROZEN,PARSED,PARSED,PARSED,d8c467104bc0937e7ac816c06e22c173ad4118cead5c581316c29d566315564d,4deb6661cc30d6371bb3869f736a90ab4e0bc7bfc2f5be3e912a07de9f8c42e1,fb1fda08fbadd381073e89db9b7a258749fb69f454aab2bfc1aa31e6a5545014,e54ef420634a8ae6d84dc6a2a0098e8d9bad28490542390a636e132230991c39,dcfd38b7e65590ecc7674214f39d9fe8108cd678f3619e92558e282ae6a5a74c,2288994965516d4f6f34becfa2046c53e353e881da5a569dbe22feb0772c83d1
VTR/2006/page_88.pdf-2,VTR/2006,0,True,True,PRIMARY_ELIGIBLE,True,KNOWN,INHERITED_FROZEN,PARSED,PARSED,PARSED,ea44ea00a5804240358e3f7da77807f7e03d94cf9cd430dc279d8c2385a513eb,465aae75031236ba0ca4105aedf56f532fcd3996a90fe74af7ff2172a291100a,bd0d61b71f43d567925404c54a14d36409aa3b3867cea07d085a44ecfe48502c,2590ed742b4db7b902dfb8541212ae5c39278800cc71ae803f00ed117688b511,a38efec1c06b33e0effcdd54a1e2e3ddeb45680aa78c040fba9929a9278f804c,79e5ea7762c96e3d699651cad16a33442c85c986bdb27cb6e2cf1fa14676b94a
C/2009/page_248.pdf-3,C/2009,2,True,True,PRIMARY_ELIGIBLE,True,KNOWN,INHERITED_FROZEN,PARSED,PARSED,PARSED,28c3dc86ecb511912de08c9e48996f06c26a6f7355ee6b09ac64e61b7bde4b01,3659a084e4f2a8a66d35581d202e6e5215765eabf85af1f1202d5df47250b9e4,339308b6b8fb85d6036b39e6c8b83f4039621989f2ac83ff59480f6bea207b45,3d0867cb4fcb97ec88c92a099a70c8da490cc0a5d4972e1291fa003a521bbb6b,0dcaac1a51b1abbc31c43a168b60cf53b69c901056e3e2d0f673898ed8b50575,39dbe791efb0c36bb89df445da43bb474998543fd647dc648b8f72ded9d73145
IPG/2009/page_67.pdf-4,IPG/2009,2,True,True,PRIMARY_ELIGIBLE,True,KNOWN,INHERITED_FROZEN,PARSED,PARSED,PARSED,8d55f39331aa8c93f0eab48c94391f28ac3b2eb662f7f4f5378b6ad10567d54e,a1de0621a4a17900fd99d0849289e2328de7b3f5cdc74a647385e68e7be1b249,8ac8edcb57f27d3b5d96f2f5d76ad4306bbd99efdd1a02c53cd6185a0187334d,d8a44b491dfb76dcba5c716fc3558bcfcd72d17d3c68ea89235f3e44c38eb11a,151d7ae9c9120cd518bcbe4f7e80558823eabfbd2db03cb0d475503973b919aa,5b9eeb7b82aeee4bfacc94d85dd8efa22bcacf69390c01a0297034eb9cd771c2
MRO/2008/page_70.pdf-3,MRO/2008,2,True,True,PRIMARY_ELIGIBLE,True,KNOWN,INHERITED_FROZEN,PARSED,PARSED,PARSED,48f96a322fb50e78cd48405ed04870f01d02c011c92056eeda7eb6a8af3dbc8d,6fe41bbe3becfb28b20fb2b8a110083612846d1cb3b5315f07383f963f2b540e,8b96b7ff076a5e7ddfb9c975b011d0152105179bc020d366fd515ecc491c0f15,2f3481a59c749a0033cb26a0c27d0120b13013f6c5e631702ef5782303dd7c1b,b3956a1e9b08f4e9ce1a027c000a31acce03dd46725e0905ff629f63855975c4,c3f9a02f0ee00f5f910c97005219192ae94f8173830ab567c86b46ca87ea4ba8
TROW/2011/page_13.pdf-2,TROW/2011,1,True,True,PRIMARY_ELIGIBLE,True,KNOWN,INHERITED_FROZEN,PARSED,PARSED,PARSED,8ecb1d9bc01a1ef43ea60ee15c65dcc2bbd1bc4850b824b544ee2f02111a6551,9d1a0bf293ff95d9b0db8c9b1a1ec7099fcf588831971a97b22087498ab94f4d,bf8d90f1d43fceeb002f7a36060f4736517ecce5f237faccb0681bc7ade817f9,1827c384b06b2b1af6c0a1fdb0139cd5e2614449cbae528d53181ffd7bf7555b,7201a14e347786b0c3b080b60812a16fe556f35a1a349a62451be1c97426b337,50d58531d35f7eb7c8dab2535ef2bedc779fe7071afc02db029d8d631b374c22
STT/2012/page_42.pdf-1,STT/2012,4,True,True,PRIMARY_ELIGIBLE,True,KNOWN,INHERITED_FROZEN,PARSED,PARSED,PARSED,7472ed77c1de2eff1302aa9c3c7ae34e5a0bc8e388bc6c7e5457acaf839bff4c,877a37e92953ea91231944439d164162c3e3e338b762363e29b89897084ffb46,0ba5a631e2a88213d4c69b820833f5dd13995998f7b52ef339c83c22901da031,a9a1bdb44c9c9ec90611b287d9c6512e5fda0d9a534a5d51ab1ef7d141d99f8c,2059fc62c2178786c5d7d8879c84efc9ce5088c6b2a7d2ce42b35da500df1a3d,0c8662774c0b5227f44802913dac6d7563e615a2fb1b9f582f9107ca553f004c
LMT/2015/page_86.pdf-1,LMT/2015,2,True,True,PRIMARY_ELIGIBLE,True,KNOWN,INHERITED_FROZEN,PARSED,PARSED,PARSED,f439b28116a2989f3a79cf9c4055258cd722f000a0ed19bbcf7ade26b38c32aa,2071c91821834bf475af2b3346eee768337599da2eb3e37f9d2d02bc4fcc12e9,d6186712367e2159c7fed336bee30022bb8d2cd46169b2df8008c400033fcf91,e082266e36df11cce2479776a50c65932bc6b4fe33e1484a72528a8a77a5b4cc,e51a5377326f88df9bef00e64a4256d9878beb02c73d0ff425773373730cf2fa,2897265cf842a18cc0e0377c9f5a7c7aca0fd59aef9150cd4dbddc3d1ba4825f
CE/2010/page_150.pdf-1,CE/2010,3,True,True,PRIMARY_ELIGIBLE,True,KNOWN,INHERITED_FROZEN,PARSED,PARSED,PARSED,7a636b180cf2a6377235882684146496064e105f27c375d10fe9f178f9feb9a7,069182e40a78cb7e6db82a798058df44f7d1b313e90a29eb78301d9cd4aff684,73f1e054ca05b00afb1b59292ea78c67d49b57c8cafddd40bea604fccbf7340b,d2fd589306db0b0e65d568dda7168f1cc95e778e41e2b564bb21813ab8b43dd1,05d6acff7a32895e14d079a8f89682d659a43670153bcc96b1d7780d11280914,cc8573b60943b94fc5512c7ee7e9b736833d5872465267cecc2d4112fa1f94a1
ETFC/2007/page_22.pdf-4,ETFC/2007,0,True,True,PRIMARY_ELIGIBLE,True,KNOWN,INHERITED_FROZEN,PARSED,PARSED,PARSED,1a8836bc4adfd22a32ebf1ee5bf5874d981fd54cfbefb132f129734782ca29c3,5a2142dc01278a94f24f349ccaf394865881e005aec9c0db5e87e63d75de1429,9f28f8dc72fc8e06970cadca2c4809cc37cd081e8a0a997849b1215cd5456fcd,9c3c06eb769defaa45d6d7c989cdf4dd6cbe0e7295daf0c9e7618c59541434c8,f6b621151efaa94886240f60686b59bf4bbdfa50c8e7afd5ab57b4cd1beaa7a0,61d673f4664652e0e08322af8963a4af74fc5cf492956c6b57b3eba25c8f0138
INTC/2013/page_47.pdf-3,INTC/2013,4,True,True,PRIMARY_ELIGIBLE,True,KNOWN,INHERITED_FROZEN,PARSED,PARSED,PARSED,8420494ac8e7ff6527992fd4b3ec9185fb331324126b906b0aab219bef20fb02,a290915412f1d97f6c9c41325cea8367a2c826fd5336ba88f3e340eab520ace6,687917adb55668bb7fbecc9903837ca50812ff4fe392f8e89310a80fc20a5898,b83d896157dce1b28b4c9e7c808cf3d9e8b77b7163925a4011d118894dfc5ca5,4074aa6ae63a22fcba5a792b4cdf543cfcd1914ff8e7aac9ddc97cdf090c1203,230a5ef25a4be69e34623a7e374d2379aa9de873e5a5def6005a9704fd601c75
PKG/2001/page_78.pdf-1,PKG/2001,1,True,True,PRIMARY_ELIGIBLE,True,KNOWN,INHERITED_FROZEN,PARSED,PARSED,PARSED,ef58f14232bfc6dcfae97a245f592c0494672c52936a2a53f9e96d5c99a92cfe,ae2e9f7162686a286b0574a64f317d3c5467a17d63e609734097cefef3fcfc42,df30c4d659e0fd793b573c11e20d3425c568c56e8e20a683e3feabeea6c0be18,46d66c8fb4438534d8dd8c9daa93de2920948b9769e7dad288906f53ff249d0c,35a13b2c22c1471088f75003b976658a502da3da68428634a6052b8c7765c3e0,e429388f2387475c47e608a69ff6920a3a8e1f9891f6ee026d727443449c15f6
K/2012/page_44.pdf-1,K/2012,3,True,True,PRIMARY_ELIGIBLE,True,KNOWN,INHERITED_FROZEN,PARSED,PARSED,PARSED,726bf196d937f0b751a91b5a62e47815fa2cae9970b9420328e111ae4c7aab3b,c4ba21474a47f63d3531ec47ea59f9c3b0b974023a68956ad8570a8b1551efd5,f8ac2e7a8e9efbe287807d193f3cb16abba14822ecef11f3f9557d6c8c09b627,0ae5b3c6e78dcf0a97f702788286a0460bfd4f2f3be6d4dff5c3ee5818a58c3d,ed48675a4fc1788606168d5af3761432219a1f5cf6224f8efee9907a6beab5f4,fab6054095ac2684e78fb8baf96d06fd0c28c06429051d8240fb61e5999d0a56
STZ/2005/page_57.pdf-4,STZ/2005,0,True,True,PRIMARY_ELIGIBLE,True,KNOWN,INHERITED_FROZEN,PARSED,PARSED,PARSED,8cc4f822803af21816678386a1bff5031d2f01046de762190a292187266a960b,47cdf6d723b58c5ebd770c8a2140d9cc0c97b2aab4b0d4ebf5ecd2b6bed239d9,1a9552a9774265a357e271ee5447a0e71e20543c83cf135ac18323a20d865c5d,407fd0c718627bd82e918f7b2db7d1d4087beab9a520e00194c7795d54484d03,647d99b364c08ff4c40e56845247a1fb62d197d014eb803b5c6254f51e26f3cd,3a6086f4cb8901977426b0d420032c1abccac826a217e9cc47209bb3de6df74e
EL/2009/page_112.pdf-2,EL/2009,4,True,True,PRIMARY_ELIGIBLE,True,KNOWN,INHERITED_FROZEN,PARSED,PARSED,PARSED,64cacf1fd3f73032b3dc3d8e27348c8522d324388d8227c99c75286d35f74b72,efe553c47f9f597b4fd00c8d307f055ca9b0f866d1419bc270823e4362021a58,4d6bba155ed88c784aa2f64997722f040fc51597c1291210f4b1355a7a72987f,9027d35e7e567177b5a7e2b63a656bf6ea05e9325bc4997a51b82fc3a12db988,c539855a8085690ef3f179eff5bf827df1e4b985af1b0e2bdf9cfe168f93f68d,3689c8e132fa92ce2f520d5cbc4bdf38b53ba69c38cf8c122b2952ed3a55b9fe
AAPL/2015/page_56.pdf-1,AAPL/2015,3,True,True,PRIMARY_ELIGIBLE,True,KNOWN,INHERITED_FROZEN,PARSED,PARSED,PARSED,1a70b1bbdfa2e259c0b27d35033fa699cbc3edaf61971164e20363639a0f480c,9533e54a6e00a4dc4595f4cbc763a00366c821a94de154413c9be8b11cdd6010,fd695f2afd5c68f04081a4bb23d2db8959ffc55e61a46fba6109814043bcee65,f07bda5dd614a14ccb107ddefc698b64dde1ac22062262e95d84404a20630973,a2b7d755c4d96f77c0d3cb12d694266a0d67fbeab39fe47049d8e837ae324228,de18aa133bd484ec33d4041a8dd24475c1747e673206be37bf4448d847a135bf
JPM/2009/page_183.pdf-5,JPM/2009,3,True,True,PRIMARY_ELIGIBLE,True,KNOWN,INHERITED_FROZEN,PARSED,PARSED,PARSED,6200ba4465b5b0ff1dc530b5b76a6b77f74122c8f2af55264c106c35fc03be47,471470a58aa8486b7012d472a710759a0faf206f6459d51b8734986d7ed7fac0,a5f10320984821b88cac523eee8948232e8d68023aedaea271a1e4daf4eec81b,3dad39fdcf46055e687744cc5f28dbe093b5298af3298a328d34a4079bb858ba,7aee63c62a7bb6418a1ce132040e64e8656f1a3f57bf93faee3046ab548d5b1a,4fc1d54aea594d9ff6856e1017b8a45af3d45409037f73b33591b9a83b0a94ee
ETR/2009/page_141.pdf-2,ETR/2009,2,True,True,PRIMARY_ELIGIBLE,True,KNOWN,INHERITED_FROZEN,PARSED,PARSED,PARSED,5a1f4303405a27a2c017d173cfdace1e5884e9fdbc502366f6421d0717de6f33,588cfa1ef9dc4cb1b838cf88891fbfe1c445394ac491c76669ff0ec54a5a5691,fbf3a8683d5bff783b24afd09244cc3aa6a0485772d8108c44c7deb2b498a1b8,4b253ba0abfd67983d96be12cb31ed7a8c062e2086867b22f0f1ed9708d74219,3b08a24698aa4501caab7fe9c99f008020b3299c41f84b17f59b053357bc3d6a,1ca8523c53ef53aebfc83c5e11c8cb7554526ddcdae923a26c28639454c852be
UAA/2016/page_83.pdf-2,UAA/2016,0,True,True,PRIMARY_ELIGIBLE,True,KNOWN,INHERITED_FROZEN,PARSED,PARSED,PARSED,d7af09d482579d1a1300606487eec27b0a6aaa491a384837cbfebee024ee1f05,88019bc34521558e2eeb08bf9ed596f392c5e490bc7c83e01b8c9aff90fd6b85,6412d377106ac3436a1e426204711a0df983347fd2bcbce1d5db46f11234697c,d84e5b57b4762587149ff0498fd1e4e49c8d413f7d47745b550102f1a567e156,3ac59a2283137d59d12222230f9f0fd2bd5d079cf13f572b73960be2b959d458,7174e5fc1a02f0f69ab3c89a23e7d1f1bd45d0812c5a637e8cf9f2487b7aab20
UPS/2013/page_56.pdf-3,UPS/2013,4,True,True,PRIMARY_ELIGIBLE,True,KNOWN,INHERITED_FROZEN,PARSED,PARSED,PARSED,c97da0151120bafb766221c96d753864e730a0f7d1da536e761e9b5dcaed32f2,7f832b2c2166da3be4cd7a3b5e19f89012780c27a3b6a5dea8a5d9d2bbc3ebe2,1aeebb29b494221ac05cc3118ca3ff2727ffc495c7110625928892a16c60f465,cd0bf33f377571eaae5159cd1d8626172706ae17a6a3bff584f2102704a3dbff,8fd7b9e91feccd0cbb9d2b04286bee5821685cadc7c243eee2fe1d26fc7f5708,e58f93c5db4d37a4a40dac63765e86aab086f418491cbd03413504d9bb50d06e
GPN/2016/page_69.pdf-2,GPN/2016,1,True,True,PRIMARY_ELIGIBLE,True,KNOWN,INHERITED_FROZEN,PARSED,PARSED,PARSED,1a5e7d7004e75cced2d9408c5696fe722c07636cefdd7d41ab0232f61ab19da8,416660b3e2e033d04a461335d94b8c33d4eae58106163dcf31b95467ea4b5ece,8f647a0a8bb387301bfa21a4d94f59c5e9892a2624d808d0fe021031a04a6c71,fb8b48645c206a348c41085112f64bfaac4e2c9776f90b6440a81ae19a662e38,e4b6211aa468c66fcf447df0a052312022975817b46cda6f4e6ed6d945e41c4c,9b4a520661dbb5d0d5eff38d7b99f5dccc9b5ec558265efe8b119a9c0a6707e8
AAPL/2006/page_93.pdf-1,AAPL/2006,4,True,True,PRIMARY_ELIGIBLE,True,KNOWN,INHERITED_FROZEN,PARSED,PARSED,PARSED,4a4779a5d37bde9d69d8be2a0b468a49d80d6e65ffbfaa95a216d23d6b716a12,ce43efbb7f2f1e35964ade81612f7d4e81a14916bd6d220be0da2e8192694e08,55638652897162c177f73bbfee31aec91901b375cb3301765ccc1729ddfb1433,2314d755699216fde074e79136b3a2d53bf430f10587c8556137616d8625eea9,6f62b28e4a9b315298434c4a9588e1f0e9e8ec983d9e1809d2c28388346dd84a,a5841736b32848b2600c30fb671744b2e79d9807c742dda95a5b1b664a649887
ETR/2008/page_343.pdf-4,ETR/2008,0,True,True,PRIMARY_ELIGIBLE,True,KNOWN,INHERITED_FROZEN,PARSED,PARSED,PARSED,6d25f903ae3d1acd74ae2fbef3a0827a92335be2746ed251e5cf70353199c67c,de3ebaa760ebb1b4ef486b0cf7cc808c15ad3dfa5dc6b9334ecbeae987ce58bb,aa1434aaef2f46f88995ef71d4eb2dfe245ce290ff359436efe40a9c24e36e0c,4f06e14d90a11e01bf97715bdfcc315542a35010acf36914ec79f881ef9d0501,232d0adb8e59149fabcf424d739946bb66e638d716aee8282de3b4f1f83e2f62,5e974949b1f92d55281f6482eee47d2067d2b69beaf6f880f9d4058e50b8b36a
STT/2012/page_42.pdf-3,STT/2012,4,True,True,PRIMARY_ELIGIBLE,True,KNOWN,INHERITED_FROZEN,PARSED,PARSED,PARSED,b0853eebf4e743b69b5893c265bf679b75a99d27fbf44dfe48700dd91adb068e,1941a3fb739ecb1fc6bba8b549b25840a49aed260d9770f8e622e36075bcb03c,67afaae3c804d37badae5c73fa24ba32f37e66969d031f5760c7988a27cfd86d,a5ada62e5942d242a9b4a058556a097a0632795674b3efb7a9e349e1bb46ce7c,8a3c026b68dac690cabc26bf0e9ae9be28f61cfc22a2750c1ddbd725def18e1b,345cbc593a10867d561dea3f842997f646c18779742d9a0d19ef61cdb8074f46
AWK/2018/page_142.pdf-4,AWK/2018,1,True,True,PRIMARY_ELIGIBLE,True,KNOWN,INHERITED_FROZEN,PARSED,PARSED,PARSED,6e07c816f8ce665541e588555f52afba1f4e79766832dd7535e01c8cbdd490c9,3c3c2ca3079d16c6dfb47f2c10b9f872bfb579fff534f1b101c0ce4a148cdccd,601e5a4eb921568cf711337dfdcc0b0c00dfa6d592ff666fb4beaafa3effe638,e53664fc3f9453c3cc3a062f13290a37a80f833b94d2a6cf1ebac201615acf80,14862720090349c9d694d7d682694d159443067e11fd7784f61e0606a33d6729,493cc3449a84c87e8367a5e467789567c1183e4346f74f8ff1ae9b78b38f356f
BLK/2016/page_35.pdf-2,BLK/2016,1,True,True,PRIMARY_ELIGIBLE,True,KNOWN,INHERITED_FROZEN,PARSED,PARSED,PARSED,642e9606c1b36819a757def8684e3d15b0881f1dbda3dfe0ade8812c9e9bb08a,4d284b95e8b472a13a72eb07bdc957a777684f8922b302fec1af703adca30638,99f504dbd8a7bf28bafd36cba6d51588c68f892be67f5fbb163c2caa746869ae,3c8739418ed0d624d8f6e6b9f335102595f9be18957795d6eff3ee98f2de8d45,52545ac515055c8eec149fc8213a63abb383034ef1704fbd78a60dead679cda4,51b798882491805ed98361bd129da21429597fb7e24822c913aeb3334c1c7dc7
CE/2010/page_134.pdf-4,CE/2010,3,True,True,PRIMARY_ELIGIBLE,True,KNOWN,INHERITED_FROZEN,PARSED,PARSED,PARSED,dd60a52a46c59937e912bcce58418500116d269f82d47ec846743fbe0c1a32f6,aa83c481b78d5765903268bc9f04c067750ddeaa5c6d803092c376814f796dcf,73f517b697ba21ca91f6c6eea39a2843417744502ccc67e774ee62b035d3ee2f,b9cf673d6be480c700f46ce9ccfdca4481d4762cc04e36a4b6179c2b381b53ca,90bc0095fc576e95a3434e127d4063e0aa51cb97e1f95984d01d0ea1b71675c8,fe07c9613f0c6d204ff73854cc8faaa0d4d876f9b1ee7ebe67074ce0be16ebbe
ETR/2004/page_186.pdf-1,ETR/2004,1,True,True,PRIMARY_ELIGIBLE,True,KNOWN,INHERITED_FROZEN,PARSED,PARSED,PARSED,0af80f13e44aafb27e98cccce9e67430be8eb38bfa730240999b04ad53f1ba2b,b60dac3a2c7f523c83d8e207ebfd29c65e1889c4e93ea989eef76acb46a188e1,144489b54819fc6a825f62aef8782ad26115380d700a36a215efda7fd0732873,ae994a264f66ad8471d4be9a82172e8a3277796ff1a900e356fd9f07fed632e3,cf99e880795cc28ac85155f08da8a3d9fd2b17e7e67940f5618afebd78cc8464,3b70c2e7b16614bf316cf9d0b15624da88f7ea533549c50f748bfc1c6bffe050
RL/2016/page_9.pdf-2,RL/2016,2,True,True,PRIMARY_ELIGIBLE,True,KNOWN,INHERITED_FROZEN,PARSED,PARSED,PARSED,ef6f7f777064b999f3c9bdeebec80dcbd97e30aa22d6fd96036c1997a949f81c,6d13d70de62a411f989ceb67921f83fe807098b6f3b7927f8610133bb53dcc3d,48e4488832e2061b457733127e2c9fc33819bd60e447584a05ae5baa2a643597,23a0af24dac0f6376a24be129786d44c4fb4b77591e00bbc38efbfc446bee346,12ad29c4e45df72885e0586cbbd4945cd9b48e968facae1b805259195fc5e7a9,3beb2ce7d4adaa97d48bfd899580b0b8d40d1d3db13be0b4733d8f0f0df43b48
SNPS/2012/page_64.pdf-2,SNPS/2012,1,True,True,PRIMARY_ELIGIBLE,True,KNOWN,INHERITED_FROZEN,PARSED,PARSED,PARSED,15b9bb3c9487d8739d95701296028a6780aed49b6c628fad2ad4521fac4e77de,27d305bd85cb40a308f7b8c9f04d92d49d86b909dad27cfda3f8717a827054e6,aa86ae5f2eabffbe4d55a6521a7415c75bce545951423122208e649ff17105c7,fbd841c357e61f659a294e465cde8daa75b5a5734dbd929af72aed70e5645c17,17e00b2bfc62de89bda9f8de0d5899406dff228269025439b8dc6042f56bcea7,802aaa6588bee6ac1507be5d38c85907c71409074e9552692d93f645b57dd90c
HIG/2014/page_126.pdf-2,HIG/2014,3,True,True,PRIMARY_ELIGIBLE,True,KNOWN,INHERITED_FROZEN,PARSED,PARSED,PARSED,7f2b21359e2a79943c86029c440dfd6f1d697f376286785958658299f63688c6,3361ddb7cc42ec7143426b62dbebe0b8bda623b8302145350186bbaeb58e7bc0,b1e0085f0c906a08bbc8878ef3589fb77b4129c0cf1795d8a6497a10de3a1bd6,9334bfc208c2f7a5b5a060afe81e1312cca507cbd0ede9dcef540e1f260b56af,19865b14999bbb8e94a6b5831f9ce8bf1083450b7b1af1a60b58328c604b6793,9c310ec74747c1ca5517a2cb0b8600f78cf695e66e5b159924b0a765a6a3bb00
LMT/2016/page_87.pdf-2,LMT/2016,1,True,True,PRIMARY_ELIGIBLE,True,KNOWN,INHERITED_FROZEN,PARSED,PARSED,PARSED,e7df5cd0e92018d23a3ef34457788b12b4284c1285c55c2887602aae26d8110f,85d7b01a9237b671b0d5fd6fe7ec9720d3b002d392f42b2456684fb861137d4b,be51b5ba5b4abb8bf49a19c20183369df3c016aef9bb7e9a215f7f1b9f613d4f,6aa337df5d2f066ad07d9f5882a88ab367d544a2124f40e81326e323f7c26658,c90f2d6c5cebc71f5a801317f550e225641bfb7436be4725b82728fce8de8607,1cb0650c25e1bb866637908ca94a8bdd69a5b79c8719a73958598d3129d2c58e
GS/2013/page_184.pdf-2,GS/2013,3,True,True,PRIMARY_ELIGIBLE,True,KNOWN,INHERITED_FROZEN,PARSED,PARSED,PARSED,87f8d4d94aa76f021d41a4cea972cd43843574bde341f296f08729caada3b3a1,4f0aca53b1a8f9fa5b1bf5d4bec9eddaa98a3e6954fc7bf27186723d58ec5400,e6c1adc35a60ce1fa4f516f5fcb26522a92913cd78b163a465623bd01e16fa97,974a35fba7c1878f3cb19bbe26ca0360c2f5ec3dc40c0e3a5e18db1c76de5622,bb98aaadf99ce1f9924b0155757da67dc24f79596ead41a8bfe5f73a03f45dc7,4a628a2924e74bc51cef5d37fbe408e28f2e40a774095f0ddd74cbbac2d5f7b9
ILMN/2006/page_92.pdf-3,ILMN/2006,0,True,True,PRIMARY_ELIGIBLE,True,KNOWN,INHERITED_FROZEN,PARSED,PARSED,PARSED,2589ba775e3ab3c5ffbb09496a30a6f6c4ff7283a75e9362fd42de38b9309452,41c69ea7d8c627bef18f3b3a7f8c7391b67a5f2b077447dd96a84477cd9c8967,c96c8cb214659659979fb9e2d452264850d2ccb398e6e79befa5f8f352535682,247c08c69429e1c7d854d46b7c1224db1a9456d6c726717436d31f711bb77bcb,5b5954cd58e8b7aae9b7ad41a2c49c6b7c8cf18e2c780d738fd036f8efdf94e3,009291ba62ae8ae4c46bb6fec56a1fe2bc39dbebcaf5907498cb98833de71b78
RSG/2018/page_139.pdf-2,RSG/2018,1,True,False,LABEL_UNKNOWN,True,UNKNOWN,INHERITED_FROZEN,PARSED,PARSED,PARSED,d927a9af3dddb8f9b68a8a5749d2461dd7d4ccd5e18c2a6f87fee8f2ee72c53d,c1d57c2062762f684ef0294f9dfc9d92f3d4411a9f1d85cc4f7cd0d6c7f3dd9d,6f003373f0bc37b5de3858c300671e55a3258124cfcc52b09e59141fce3b76e4,9b4470b50a0fe2b1fe49f544acc3b1bf2f6fd4b35ae8cfb929f836b9720b34c9,091cd705fb97bc241d48990e023d5fbb58cbcd1d736143eb2769d4730409d62f,84468097db57e9a14b68a8e2836ea9127e135c1d2235bda354cd803b29a82eb0
GS/2012/page_64.pdf-1,GS/2012,4,True,True,PRIMARY_ELIGIBLE,True,KNOWN,INHERITED_FROZEN,PARSED,PARSED,PARSED,e6f5c58071d54d5d4259d96daba5b8ac38faef804b9a9534a57f3a1346dfb2b0,09cc1bf3932a75de2e16c942788d41659b6ef74903abeceae8a50a2ea913457e,87cb0c7598dd64675e09c18bd3e808c7c9789b97636129171132f4f53a964419,afe69c462395dfbae693b8409d5e21e583fe00265ecb4b4e72af5bb2b2a76d57,68554696ce44d8515b8d65c243658044f9d49878cddd206b928101681580fba0,f34be3acd5577543a9c7bcfbb7654b43ffd76c556f0728ed8c06e2174e3e6c18
AWK/2018/page_150.pdf-2,AWK/2018,1,True,True,PRIMARY_ELIGIBLE,True,KNOWN,INHERITED_FROZEN,PARSED,PARSED,PARSED,a5f221f4d084d8edb8fa87ff2dcd5b70d37f482b9c5c510eae1fab41b84840bf,9691112911d051a654edba3941c70b9a5673d45257b62328921a5abdce721584,bf7eb123c4fce394a400b61852d9f58f2b8a3eedbe4c5bd74eb5d12da6d31755,fa027795c4ab7eb7e7155fe6cfce8b330d29374cf3d56cf37bfb32a42d7d3858,e54ac542e8a4470d0eee8a92d0bc7c844da0d94cd34a97484a0d84bfa9d25741,6fafee284579e99034fbd8496541823dd9751a87f94f836d6203acc6964ea6ef
UA/2011/page_66.pdf-1,UA/2011,2,True,True,PRIMARY_ELIGIBLE,True,KNOWN,INHERITED_FROZEN,PARSED,PARSED,PARSED,93d915978b0142f3c0d086214aeb960c07ee4fd832f2b6aa8b5a76b7de03ec30,78781e8afb915205624fecd078f1085976906d779df4c80ae1559fa7bbf353db,1ec809d17d887bcecd94b8bbfa065d039789e6031b39352d3bfd67aa5151c304,e6fa8c27aa3932389ba3f68ecfde31491d60018a2f66280ac5ab553ac5eabfba,02530f7b4f6fda365861eefb90abe2be955f145da9cf7fe43d03d8957a0aef9c,497d50c1a338f6978374504ee93342266269c308fd58cc871a28ca85c4d06226
BKNG/2017/page_35.pdf-3,BKNG/2017,2,True,True,PRIMARY_ELIGIBLE,True,KNOWN,INHERITED_FROZEN,PARSED,PARSED,PARSED,3a4653d895a0a388df46423f585003c909eb111a0d1aaeb7c3c6e4793d33e1a3,53022a1318beb2f6b3dd3f92554f6578529d229a634a86ffc16fc3f7b7ffa577,26abeb2728285acbb3e9925df73db680285d8afb39b6ddafd9bc54f50ac5b70e,847928042223152e359e1e06c1a3d2ee1a54f1fed872436572f900c82b8603de,c0f5bc0cad8bbce7c31e5a665105e6fec995462cefbb7bf722921a529d857629,15071adde878621c0be8cae98f27d879495b3462d1cff95f6961cbe022d90468
PKG/2001/page_86.pdf-3,PKG/2001,1,True,True,PRIMARY_ELIGIBLE,True,KNOWN,INHERITED_FROZEN,PARSED,PARSED,PARSED,a0ef01ca77cda9214d21ec2c8b79a7e86fbfc45158226b2f625b3b0d49f597b1,89f05e3a125cac207e051c2ea045eebb57611771c4d6dec944bc7c03cb5f34dc,39a98bf39ba48108c4698a2c54099031210c05aa3b05f9b7db1fe4691d64b1cf,36a152f186ea2b9a4b5d8118bf2b8755caacf1808839965d266898aa935c309e,7d3565ac47cca4d95e05de348cda30a2653c1ba84e76e50e017df0be2335314b,8c597f1a66af37fed5a13776347a47c4488ed7efaf25cef481eb01f9d4fb3b94
LMT/2007/page_39.pdf-2,LMT/2007,1,True,True,PRIMARY_ELIGIBLE,True,KNOWN,INHERITED_FROZEN,PARSED,PARSED,PARSED,09c3d441cf3a897945fd6151e73ca5b2bcfcec5978d321520e0159251e7afff2,920adf385833b56d688e32a2a3d7acd4af20fd04cedfa2aeaf6bf1eab9b38c41,16fc6e9f9f3ab67a8973f57ceaf80194a0d14f9604e8d867665f32ebf476ba28,2e8495f5a91c20ba45416539fbbf3a2e2b1af1fdde1127198514c75360df745c,8c6485f96b39c9447f0c405cf3ab416d64ae23dc84db8c8baccfda083417df23,8cb7914139b86a7faaae86cb35c47bec95936ada692bca7144de41c988c4ef6e
FIS/2010/page_89.pdf-4,FIS/2010,4,True,True,PRIMARY_ELIGIBLE,True,KNOWN,INHERITED_FROZEN,PARSED,PARSED,PARSED,bf0e951f9af56237f905fdc02b0165d7a29be228de4fe180a868a9515e310376,7de553597b0fb28ab828ee5444b27b4e1faa7a0604cf5ceef1af93cf5e1aa6f9,e2ef7b8d9828427316dbb74c4a7f66a0f0f130beafa7aa578d0aad79743571cb,1f90898d7d7917141aa453dbe43df0425a97699b2f2272c60a4d1a8bc36e1ea7,d7e58cd202989cef0a7b9e51f924089bdb619d25f2271fdaae267d3e4300ee3c,80334c662b265693ac688f577d036a7492171ce90b56ab3dbcaa6fa74dca11f9
AAP/2011/page_16.pdf-1,AAP/2011,1,True,True,PRIMARY_ELIGIBLE,True,KNOWN,INHERITED_FROZEN,PARSED,PARSED,PARSED,c6724a5360f5c9d5ef713a500e60367c4bf43768bbee780a473e9222ea2d5fa0,fbe7cdb6abd786687f66c1f8170b72461a63e2706b88adcf3b8a4da4e5790d92,d23f5a009dec89f6ebb7ebdcb6bd553fbdb5760ad98635796eebd61975dbc118,f120f234d67f6da1f7814bddfe1b9b2f1f1467d85658e1d3915556809db552b6,d52930209b8e5b46c6da8e8c4e737df1c6d015cc8a46df47116b95f7102eef3f,bdd8566cb1c5021502bc300e1edb124ab11bb3c1e912a0f72801ccbc7886edcf
JPM/2012/page_109.pdf-2,JPM/2012,3,True,True,PRIMARY_ELIGIBLE,True,KNOWN,INHERITED_FROZEN,PARSED,PARSED,PARSED,118f13b278c5395f9ba91b9c61ca0a8bf7242f1f26d3d5dd251f64feec8f28d2,dba21071c690f25ef44188bdcbbecfb2bc3c2fa97c83448a9fe75a47a515a32c,f3822a31131c9f91c22593027348d3c2ff730b0842bd69609c9fb1faac543f6f,58cb2371182df495c49ff7582957fe353914402e519f32dc2412b0308454e2dc,de4851f3fbcf75f77c3ec8dbf186fd573e5c9e58c8de3e0dd583a304140d0d2d,acdecefc43d0375116ab3e1e8bce17ca75488282cfbb029715956e2deae3a760
CE/2016/page_88.pdf-1,CE/2016,0,True,True,PRIMARY_ELIGIBLE,True,KNOWN,INHERITED_FROZEN,PARSED,PARSED,PARSED,3cb6fbeabbbb9ba8295988c5fc25864e599900658d39303019fc9536f14160e5,0ad78003b0a2d957ad7da88c8bb615d7a5f6402e4c56991638e37051a7e60275,9b5bea3e7a054fec665f3b5b75f9f721d3b122b6e3b1a03e65b834e1460cb623,5a87bee1aae9dd85cff41aa6c0136897df4fb38be15bfe7eb4c9fa15563215ad,685e349c74fbc197325f5e541b1cdc032bd2165f7d503821d2f139eb4f0e65a7,c4cb381c2c47738c65dba25cc829e40ece41d6384b97489e92ebdbc4994befdc
AAL/2015/page_83.pdf-2,AAL/2015,3,True,True,PRIMARY_ELIGIBLE,True,KNOWN,INHERITED_FROZEN,PARSED,PARSED,PARSED,aad7d0c4fba724f8dde10dad69ee42696494ad9b3ef20115b0c52ec68ea0ffbf,5598093e030e46ef332705e45522cdc5dd6044e38f61f2dc00bb15ca8d15f168,f2691cef6fc534b4d540493d8a31670a8991d6d5846e710c563e5b7af8667902,5d6b5cb22c7ea8e5aa85db012e3888b0d7098c5560daf8a780d722008b7fd9a0,c436a3d0ad21173df665aceb946e4b58a724ac902389d9035537d7d1602b1848,ec4828f59ec2ff62958c554f7207124128adcf4205e5b8053d2e3fc054053990
AMT/2005/page_83.pdf-1,AMT/2005,0,True,True,PRIMARY_ELIGIBLE,True,KNOWN,INHERITED_FROZEN,PARSED,PARSED,PARSED,5a48a92ed120a6b5f88dac7932e1d0d4044025614986a69b3c9dd819044534f9,6d93ec9f3916dd540f5a5a0e9aaf3d01dec15a1a4179324cb5501898b8bd1296,6086e1f6b235708f709bac3b72ebfb0acfba93857d3ae89199da2ea6e8386192,332c71388a26fa12d9c73ef2ccb0f10da184a416242877e7ed9dc6bf987f6936,430e70d8f95f1a3167416c6be25dda48c3c64df555ddbea9a5f4dce07c43bf8d,534a66503e2877e2d57a71acf8f04d18565059851da03f0792bf8e5ddb04ab87
UNP/2008/page_81.pdf-1,UNP/2008,0,True,True,PRIMARY_ELIGIBLE,True,KNOWN,INHERITED_FROZEN,PARSED,PARSED,PARSED,82fc62ff79ed2586b2e4b918c249440e8b9bf818d35798f206962cbaa9e1e154,c1bf7fa4612dbe094894bae1b388c92d147e7922f7e355c1f593072b08a47cc9,f368f06c52ab845a8dc7f375856b8581defa9f743748a83caa856baf41decc9e,29dd64d6d78bb33fb4587324600c1d1759564a97dda47d2d054e902897456dd2,1a52d5a082268ec0aac22894cee11f41750b99d5e4f92d7a14faf768b96f1b30,7eb01c0b8b55faad7efa1981d7e60dde310a836afa67df962ef925ca5ce85734
KMI/2014/page_18.pdf-1,KMI/2014,3,True,True,PRIMARY_ELIGIBLE,True,KNOWN,INHERITED_FROZEN,PARSED,PARSED,PARSED,667813df49cfe0289db83a06d2202fd941c9f1d527cfc68fe855f768a17a614e,5ab95cbabb785ffb5b68da1733e7b4964c39843c0c484cdb4edd56f3280bda13,c23ff3e53dc88a4888e4892d77c6cac5a4116e1ad4472de5457db3e92b0891a8,541fe49c1f06f5b469a7a5058a3ff3b394a4480d71305b5e665f3f90a61aebb9,b6583b17a46d6db6616e204e5aea9f2fe27042078db0ec4b1c0b0329fac6e2dc,f4751d8b51028076cec4ba9818ef9ea35430b2723ca5079fa0536f5831dd8ee7
VTR/2007/page_48.pdf-2,VTR/2007,4,True,True,PRIMARY_ELIGIBLE,True,KNOWN,INHERITED_FROZEN,PARSED,PARSED,PARSED,fe9631455282d451cdae3eb7941fdf054143c12aad9d7ddbf38601f010dfd4f3,130d1315a51509d3ae98a619e7a43ed8ad889665f939c10f493ba156025061bc,0c39142ec41f7d8836fd2455719fd336d7c2cdd717e06f60bd7a5507cce78216,735e56b1563ac6c8e48e16deefdba3ecd252ad7cbafec0b8942fdc17a60e10b7,1e757a012dd104113aeb1e7fea63f1c7bb2df46b7043c8c853a17fbcfe01d5ac,dc2b6e69d540aa94c71ace9fb7e89a5fb907dba8e0d33b48d050a0bf33b1749a
IP/2007/page_38.pdf-1,IP/2007,1,True,True,PRIMARY_ELIGIBLE,True,KNOWN,INHERITED_FROZEN,PARSED,PARSED,PARSED,b42804197cc8d021737ef39d7d8a1e6f23add670f4d9749678f2bde6889636c4,a7bb555bc938a6cd835bc31fe8a619f9e81724ee17a3c3e363d5497cc5e863cc,d9e19ec492f04457957e8fb4df5ffbc92e87b48a3b929dcd90154f20cc060f4d,2b24f5d6da8dc858a7e4b16efd6558bed950401f9f0dc39f36e37e18a5e3bc1a,722952170d6d31cf42b98655d43e63af8176fe31efaf50c402f5d69c101532cd,c9f05913eda046291c2d4ffd1b437e7c7d270d268d0f26e6d6e778096091b068
AAPL/2006/page_79.pdf-2,AAPL/2006,4,True,True,PRIMARY_ELIGIBLE,True,KNOWN,INHERITED_FROZEN,PARSED,PARSED,PARSED,e70c0a25907bb222a337f9189d3316ad04c0df937894738159db02df6a857af2,edaabf8339a91b2e385a98d27f5df01599da750183186c5b4588d4ccf2df1bde,1f7573ae2d3e134d821719990af8d49f1f5000d39c42b636f9465809bc50f8b3,0d35e0a5a1586936566f8af9c0a249fea4c6604553bd600e68d785b5335bd907,227b3e69313f32565cc76b5aa19bb12ec01b290d64a1659494b612f604baabcb,af9dd7691b6f46eb2acd787a18558ba8eba7946392cd888cf50063c7d1932b45
C/2009/page_194.pdf-3,C/2009,2,True,True,PRIMARY_ELIGIBLE,True,KNOWN,INHERITED_FROZEN,PARSED,PARSED,PARSED,ffc2f28c067273059b25ec4ae480717e0641cf4442c0bd00bdafbfd57fb018fd,58f52ac09f0a3e77d5ee1744717b1ec52953e403046cc5628df5809de5986120,5a6532126c04f8cdbecd1c5c15b9ef77f20e06ace87a4434d3417c3cb8eed4e2,f12a127bbb4f469c3b4e561914c267af239c541773d960604956b8dd0f7d3d33,15406ef0b7a261b31a70cdfebec6cdd80e435cf32d153ff3e91fcc17635d5b59,e03abf5d3b1c02dcafa827f4c04029e4ce8500b87324dce24e9bfaa1c80e360e
AMT/2014/page_64.pdf-1,AMT/2014,4,True,True,PRIMARY_ELIGIBLE,True,KNOWN,INHERITED_FROZEN,PARSED,PARSED,PARSED,8df89b0e761944248087ba652c587169b55c8e2c048244390474fd6456bdda05,f4d48952fb23904fd4e409d6eaeed680a7cc6f269f08502e0ff7fa4f0ec30224,22603f7b1d11ca0860b344786a6a9847d7be232743e7be22092b7064024a60e5,947a6a91e8876eb0298a152bbf20abf23a57a47e104b2ca46582b4e7b7b5ff54,9b107a16a1fa20e190b95fe2a41b41cb27ca109ad77b48523a03271452ce68b2,baab9d33247ffea534e44d0d1119146d8400b7dafb1fc2fcaf7257b471d9d18f
GS/2013/page_193.pdf-3,GS/2013,3,True,True,PRIMARY_ELIGIBLE,True,KNOWN,INHERITED_FROZEN,PARSED,PARSED,PARSED,da2b94bc21ba1ddb0d5c7ee95f28f52b6c540839f2a2035858c9af4f4a2fb7f8,ec8a582515df6ba49ebabc144991133f0ba8e2e87f8b6ef0afe3b3c09de07b58,fea3d6865865a872cbef62c49ce23ad112acd23d2f7ad079dbd82bb304b34ad7,4a9a6559b7e9d36434212599d42b20baadf0846e1424030f2f4f7367a342eb8a,d752d5bc451aeae42d734a31aa95302c8cf3f582b2bb22ca21368d18f8dfd18f,fc39348fcc3152e42c814b24af1b7df4c495563f71cec178d6c0e5eed88db35a
UPS/2013/page_34.pdf-2,UPS/2013,4,True,True,PRIMARY_ELIGIBLE,True,KNOWN,INHERITED_FROZEN,PARSED,PARSED,PARSED,f78c73cec35d4b6cb5506da3e531338f51b0e8bee5e82e0338322c04c8152ff4,6b041fbcd7a9d4fe4cde814c557bb19e7c3b2598b28e9ed763440e9cc1e15514,4f0fc2a4dae544850e566bcb18352e6fcbdd2557281688967576aabc782e6757,fed7ad2280818c8624b5c064d2a3b6c08da9015ad0f226dfc65be8f0debe999f,2499a066aaa58bc73a3382ed066abe87c31449d28663776e6d3b081af458e7ef,3044f7c16b453a26a9ffc8e1060714abd18cd08d5b6f4c9b87d28a7bf56fcc2d
AMT/2007/page_116.pdf-3,AMT/2007,4,True,True,PRIMARY_ELIGIBLE,True,KNOWN,INHERITED_FROZEN,PARSED,PARSED,PARSED,a1a7b473716ba4d32eff35d572f08bf9cc916c60af7f96128c3c239ab40f747e,1312a3f776e41fca7d56a6b656309f96f7da7894bfd68b9321725a29cb594008,4fd1c79807e0fd8efe98af4286445f5e53673a31250345f404fe86e5917a38b0,dd4189506550b76a9133c19a65b6f73d7feaeb4a0b94aecf76f4e29dbc1fd7ee,92aa7817669abab16426f101c0f9dcf1e41eb0be37dbb94163a23b813d116797,822c7826a6b65d63e354701d1b3576c1fd4d44551fb47873adb79be496661733
BLL/2010/page_33.pdf-2,BLL/2010,1,True,True,PRIMARY_ELIGIBLE,True,KNOWN,INHERITED_FROZEN,PARSED,PARSED,PARSED,fb4c945b761aa6b150305de5af66ca4d49ee49172886038ce990f4e34f981a0f,3bcc2e61df61f20edfe0885489324b90199981ca6a937cbcbea8e73551ad78f0,51beb0e39b444324ce7da8a06938a0ee6de42ebd03b8937fac56a16334879e7f,9049eed3310c0e6e3132bb3d65fa8e7ae8615d8edbeced3bb8026563b21019ce,06c484de51e542586a61509f3931236e08cfb0c4e86d3d58f072fbbf918247f1,d940f7d0fa966acc16cf3d6551261b135e43cd48acd63609c985ceae7369fb64
JKHY/2015/page_20.pdf-3,JKHY/2015,,True,False,DIRECTION_PENDING,False,KNOWN,REQUIRES_HUMAN_REDERIVATION,PARSED,PARSED,PARSED,9d45fd86c28e3d635396f3377b971dc1022018b8de88ada6b092baf4445350c8,7d6276f2198a4a4bd17fcb3e4e28970b1ac5fc9d7b9453fef92ecfc90ab19ca0,343976f6d7d3ff64cb955c8bd2ee235d36925e3cd83c31f56d0a7149e651c849,3bc3a0da900cc76e8ff5203f7040481e46b63b8e86d7f69b1e572bad6599ec01,b028d0c9df6892557de12d64d52802cccd48aa26e04ac09adc4330350c04b512,3a15d3ccc8534c910aa052a38650f780c4aad669b436b9ae1cee9e9d8846330b
ADBE/2014/page_99.pdf-2,ADBE/2014,2,True,True,PRIMARY_ELIGIBLE,True,KNOWN,INHERITED_FROZEN,PARSED,PARSED,PARSED,25149f24e12c98aa919cd94f978e221460b0edc77d9519e91b226b196bb75367,ed85ccbf6e39c3950da698475bda2b2c5f09243b3bd39a597f5597d4da71bd11,d13c30d2aaeac3264fddcd74c6058aa79141f8039b19a6c99fea0c9abd39386f,e58d3e627087208087fd3177240750fe2217626caf278b175f08e2c9100c0320,f1bed440e339d3e8bc6bebc9b70cfdf3cf11ff85a51397e261b2585e8502ea98,a586b798af9a53b901658cb003f1df492085833b1fb0f33318b36e2fe3675392
VNO/2010/page_88.pdf-2,VNO/2010,1,True,True,PRIMARY_ELIGIBLE,True,KNOWN,INHERITED_FROZEN,PARSED,PARSED,PARSED,f5b2007aca4e2272910c98be984111f7492d7dab79d05faab65fa7c0cb313bd9,d75003e4dae73aa9c029d6e9d81467af72aab1f35c57815301d4b5c4acac3f1a,72f650bef62a3da5f5f283214888e82f1c200fa249a1ad10bdbe5fd3b0c77965,fb3186199dcd4d8da3c0cce9859c0198b1558eef41fa07362577aa71a9a8c33b,6034e61024c5073043a0d03d66e0cab0e0749b26389bad3efcc3836817ba85c3,26dbf76577f5d53d0595f89ee0ae2c7b103a2a32fbbad00e1e902a2c907d73f9
ETR/2004/page_335.pdf-2,ETR/2004,1,True,True,PRIMARY_ELIGIBLE,True,KNOWN,INHERITED_FROZEN,PARSED,PARSED,PARSED,6cecce1f190fdaf1737356cf4bca5556c01b5d15c968f9e09c7037c6e1af906e,462c6a644440a1765529bfe099213b95a47475504894f09242c3de96261fdea7,0bc5addb7496e574328ebfc5c6b05507f4b048dfa8ef577592bfaed3466bb983,f2b247716bd29db6f817318432feae3c87ea35a1e328adbbb38c0006b6625698,a055fc1370384891b94ddc437f173ccce92281af6da275233cf5867834615ab2,36331c694fcf110005fd9ad3a0233f2f6a1e243b98a8892b45351de13d724cf9
UPS/2015/page_35.pdf-3,UPS/2015,0,True,True,PRIMARY_ELIGIBLE,True,KNOWN,INHERITED_FROZEN,PARSED,PARSED,PARSED,c6ab8b12221285740a440fc85b0b696b3da749e06d864a8200a11a70269628f8,fee660720f7258a1ae0e1beb3b91c3c10f7e2cf2c1641e858708aead976f75ba,4a01a0a866d70d0c1a5ad9a4a3ff3f8fd3d490b9b6e3da55480c6c238a104922,77898a1d628df06ba549924e8140340e961c31c8857a9a163082601d3400ee64,30e96a70df6123a850eb5d8ed88843bc0d30ea38f3136aec1592e577f8a3e2d2,dd15c0b819739e1e644775dd87177f7a162b433597cf73a78260126a395722ed
IP/2015/page_51.pdf-1,IP/2015,1,True,True,PRIMARY_ELIGIBLE,True,KNOWN,INHERITED_FROZEN,PARSED,PARSED,PARSED,abc3ce078a2e31769459694f6b9c413e731b1db9bd52b087da5233b73866b043,6d0495e905b8fef9c1122bee5d583357745c47ba41d72b86b16e4f0a4e030b16,8d9050636b2b3367d223adad40c404c68d55dc03d702baa217cf8410967a5882,7dcc17f68d9127a1211a182a231f755836b7b3a8775bda281d098100efca5fa9,1b5e389e780051e9b3a851a8b8b5489e8bdc5f723be77d728e0f8fe722b855c0,fc47fe04652e71adfbbb63449e5dd33565c330a46b5de9db329213ccb0ee8130
AWK/2017/page_154.pdf-1,AWK/2017,4,True,True,PRIMARY_ELIGIBLE,True,KNOWN,INHERITED_FROZEN,PARSED,PARSED,PARSED,3e27e5163f8a38a968bf4d4c31b91d260eed3e0dd996a2dbd59d6a3ac043a3d2,5bcd82027de4d1854f370e7c5f54cee9f5149873c263e965516d585ae1909aec,86db7d26a5bec94e51532ef1699223addd352a18a913de69915cee41e85eeb45,3bf7f8bf64fdd82671b275b4ec0b04db2b98435cc576aa920559186807f4c59a,9ba0069c0128b325b742363419ed946dc502e8287e28acb0eae95930cade6b32,7e2cc5354d90c337fc67c5a368e1eae3e67043ee10900c71b2711e62dc1d1866
LMT/2016/page_105.pdf-4,LMT/2016,1,True,True,PRIMARY_ELIGIBLE,True,KNOWN,INHERITED_FROZEN,PARSED,PARSED,PARSED,c8a5f0e4781360ced50d18d08fe622ace8c617e073e5b08c41f9c28c7ea36ee2,9da0e14212d0d5d3fb24021cb6a5302f996d49096006f49549b84462726d0275,fde47f588c83ed64ce75a19ce297beb2c8133b3b342aa8c58f899bbb18b8f416,ebb831f9bf981d35332ad401f3fae0187ad14d4bd61aec79afa3ba27c42b3d7b,03c67fabab7dc3751afa5d04868da3e89608eb901b8685240778e87e0411e6dc,6f4d9252c6622e0dff9f222b17c0715d9342d7608a6f64e38bc48b2064a4da76
JPM/2014/page_128.pdf-2,JPM/2014,2,True,True,PRIMARY_ELIGIBLE,True,KNOWN,INHERITED_FROZEN,PARSED,PARSED,PARSED,aeb0acbbb46681c960040dfe84d38f11b40469d4c7fc9e3425a40b5b2c564183,242d43f4340e18d7a712bf09c1230fd6ba77c4b4a57e651ee81e2cf1da32bb4b,765d9cf05c7264dc329deb3c069dd397c5fbbacc5d5e3d79fe97a1916ccf2d32,d9d3086dfd937c8001ac60adc29532a6fb96d59d5f73b3878f707d9db7f49da4,075c2a4c5986f1e93ab6bacd876291b57736bc4a5254c5ea033b4ed779eeefcc,73c1c18dcd35ba6c1449c75e4aa00c900329b2c881696ff3cfb3962bf43e65d2
LLY/2008/page_45.pdf-3,LLY/2008,,True,False,DIRECTION_PENDING,False,KNOWN,REQUIRES_HUMAN_REDERIVATION,PARSED,PARSED,PARSED,86ef22ee2c995b4abff5c21008ea619089a506f3a8c6a6acfcaf514e28defb31,8a1759808e188cbc46760bd0b4f6b30e7666e3e166802602659f540c0227f9e0,e7bbb5fc3bd0dd03f34bdefc25468f59dfe1a106f1d0ad8178ae3fadfec50527,3b02fc5b29086661f520fcf24be2ce50306cc1929ebe32f784d3294c4fe1f415,b793f681aa8548bea3737a37c1cd73f374ddea5536d901a5e9ebf37a30caf616,ecade20fde07a79db41b9ea517492c2718a1d56495832900145d9f53e4bc0bd4
MKTX/2014/page_39.pdf-3,MKTX/2014,0,True,True,PRIMARY_ELIGIBLE,True,KNOWN,INHERITED_FROZEN,PARSED,PARSED,PARSED,6f009125173c65207af3919f83bcd7d68b12bcc665060c3abe92b44bef6b324c,cd1f5178923896281e4b05b84efc124d2f4bda47497ca23e3d901d1a1158c009,72ece61070b5063961fd72a1b05ee9f30753b7e659e5371f517c36a2d6b9a82e,bb482a1ba567da617c476c97294d5003e6025d0357c4e7ad397623e4675578c9,cf9ca295538643ae39cd5bf0e3b058b8df1a42dcd4bc85cea98994cf00b72ba5,921baa3da727dffc2f2acd91ae49148a42258d49ec2574e5e6abfae63f24be03
HIG/2016/page_250.pdf-1,HIG/2016,3,True,True,PRIMARY_ELIGIBLE,True,KNOWN,INHERITED_FROZEN,PARSED,PARSED,PARSED,45a481cf221e4980b4d9a5472f1a5cf0442d36d9fcfd697698648bac5fba09c7,54aac40be2b44e5cb85a3b2dc9693b0ad3f4178bfb509f55ec4b2733ee5f4f47,c8d22f833f6acb26e153caadfe15b790c1233178452c5e79837eec90b7b43522,06bbfd6ac118d741902df763f81ad88ea1af7f88c48c5c04f50c155a3522dbd7,6f32bfb126aa74a4ff37aa9fb19c53ca94096f49ec87495d8a1e3cecec4307ad,599ff308e165e8c9f0cafc08fff69fe21e10e0bcf681261d432aeb1dc131f597
BKNG/2017/page_35.pdf-2,BKNG/2017,2,True,False,LABEL_UNKNOWN,True,UNKNOWN,INHERITED_FROZEN,PARSED,PARSED,PARSED,e62f05c123443d1083f2443b69ef43156951de20422e9a697b1882bcb4624273,56b351d2aab10e7abc83dba5559915f7df4b84d606a1fd3357e8df6b12dc8814,4bb9252ef44f489f064f5dcf41634fb722f5d413f262e3791c842063b5ed321d,30f3ba166506deb8cf17a630e6ad7a9de7f1193b85f40c3a8fc8b46af835fec6,e87ae329b29b082dc9df5c4b769b69ff5d216d247088d5b7ccfa9fd9188bb8e4,fa347d9c86d4fe5c3f6b15405dcad993abb61b8e5e842b40abd7af8458d3754b
ETR/2015/page_24.pdf-2,ETR/2015,2,True,True,PRIMARY_ELIGIBLE,True,KNOWN,INHERITED_FROZEN,PARSED,PARSED,PARSED,a270a0fca33dba8a7918c1dcfeee7cf5e4a46aaf520adea44c55d2e4a3d42b85,c348ea1cb0a6fa741ca3499c9902c4946342c34aff43ceab432ec9ad4dcee2f7,b19e644b7c9be18e73055e84c17f7405944c6d2dba070ccf59d6c04ad14c4c52,be892b93f504f952a5a7c9f20c14d15caced62450c901e8cd1a33306ff6b0f5c,f73a4c37ccdbf8a37dde5b75b70a0f0837afe70d073ec5a46b311f5b782fb1a9,cc5b84bfd02741e7304a38ee561663e987e77fe7a5e4f64108634af12f514a9f
IP/2012/page_64.pdf-1,IP/2012,3,True,True,PRIMARY_ELIGIBLE,True,KNOWN,INHERITED_FROZEN,PARSED,PARSED,PARSED,231ce2e361d131c2a45c17a6b131831ab5cc4e07ef58aba6d21b285fcda916ff,c766cc34203123e4f9dd074d9bbcd97b13d10cdf02006fca0cb476f56bbf647c,a98dadea9b055252c073f5bb155b57b562972bfbe46c907ef9b1045cf36ce2a0,8a2f17a6cd1655123efc241fd6532dcf7983ebdf2f08661c86cdce1d03dc654f,797583d4b509e35440a0ea2b05bf75e929cecebcd728a8f6b22a37545dd6b554,6b027d2e15ee5347af796291775014594b5fe5d91c11509d490b1fff8dac1c1f
UNP/2017/page_23.pdf-1,UNP/2017,1,True,True,PRIMARY_ELIGIBLE,True,KNOWN,INHERITED_FROZEN,PARSED,PARSED,PARSED,3c5c94aa0a0144871174a9c2d80b15ff636cfac807e86b206823ce8a2a3f861f,5c4871697603087f8df83c8acf3ad83ea7f65f8781ddcc3ad2c066a7d816e634,76ec44961c819c02b3004bd237f09befba84dd37b82e440764d94c92aa5d1aae,a350b5501caae1ddfaff56a3975cb6949b015279235dc5116fd7963bf4149041,ea3fae185881e96bcd26e7578c2b8eac985e712eb654619903088049fd924182,d902ea3e235e6859ee9cd2fe74baf8aef405fc306cf2d0fb2efddf11f1a2b035
C/2009/page_141.pdf-2,C/2009,2,True,True,PRIMARY_ELIGIBLE,True,KNOWN,INHERITED_FROZEN,PARSED,PARSED,PARSED,e1c9950f3eb9fa5a54f85ad387433e80670c2019a7fe69c4361d5b14a8f6f248,911dce840a61e922c51d79debb0c1274c9605f64de54e9b2e6d286868dc0c967,bf1ce9d0d4d801fa80a5664fc87f984361e82792f8a35660fdf21edc4a8ca247,70775c9a93b66e2433f4ba763bae6bb65e1bbf503ba98bdec59453f8c441ce00,43b9d9be2b0b80a0c226042916804768c48d0e0c68cbb9f543cef6b761d889c6,9ba6e5c5fccff8aeb9e708a1851c9035c20121a162a5050a49c34d05d6977ba0
ETR/2008/page_27.pdf-1,ETR/2008,0,True,True,PRIMARY_ELIGIBLE,True,KNOWN,INHERITED_FROZEN,PARSED,PARSED,PARSED,90b25813a607381b4dcf318aba44aa3b76c6d57cc35960a92c9d2338d2d1a57c,64a99e3e5be5ed6862f288f716a94f88343eae03916f9c8602027b8c9e1fc178,ac4b492255ce66ec20a5f603a687f3899b931f0ed0d858ab1927060e3b632feb,633685a05234bddee7b7debed7649cd0cbcfa8d72948a17b1896e86b42917699,bbd584ccdc2187a3dd0d6a5a8970c51779a0fa36fb7cff3fec6bfb8d49182029,9ef8261849b6e0be392051b9bc1c63d2eecee698731150e6b38616a414027289
ETR/2008/page_401.pdf-3,ETR/2008,0,True,True,PRIMARY_ELIGIBLE,True,KNOWN,INHERITED_FROZEN,PARSED,PARSED,PARSED,d53e3cd3813e791ca25a0246cdc6b021cf28ae60c6f2dbec97b5688df7b46b47,cb5cc5fb657f1d7e4453871162b5afe525417c412d92a1fae3d2fdd5a9d27ac1,b3a5e7019769e100b67dfba0d05d3a7d8c651339d5ca7c71957ddc54373d9233,ab474d42e783efc8e2400242e392c9d1d37679d2f9bb241c4a76eb1c2d929e37,c3ad13115dae268f671b95a0692d334e587c1b387b5e6c9dbbace331169d0751,e1278597b6e038a05d40bef2a594c5edcdc280071efaa416f2a3a1a3e9275a4d
ETR/2017/page_441.pdf-3,ETR/2017,4,True,True,PRIMARY_ELIGIBLE,True,KNOWN,INHERITED_FROZEN,PARSED,PARSED,PARSED,343937301b44d99d0eefdfaf83c760c1b9f6cd2675925aa81b8829630076d8a2,820b517e7693440b80cccced39a971619a3c30a970a34c0a83989093ac0740cf,23155f5edc3d9bc950bde61c09ae5070544cd9940fe0aa5ea93df37d13d64b56,828a2cb81b72459ef21866bb1201290d9d2f5f51530509203e725ad1a4d2d998,b5a58938de4c8a2ebbaa44e8075b16483e42093cd1f733dc6222dc6e7066315e,dd48dd41b20469eef04a427c805cef2e49de7503d18ba0828659dd98b2901b04
ETR/2015/page_18.pdf-3,ETR/2015,2,True,True,PRIMARY_ELIGIBLE,True,KNOWN,INHERITED_FROZEN,PARSED,PARSED,PARSED,8aa4a1a498e275c3e5c93cd19afb8306567fe110714ea26d0d0381f675b9fcd9,44c830573d187df74a3280182af3db8bfca2237f2991978a6a08e674d469b1a8,5f9e7a759533b714059f47c0ac212046bb6fe075e6102ec3ce8fab7d13c58163,b44986965bbf30d69b9ce00a4aa928ec1d9371816582feb29067764b7eca33b4,5e9d238800e745f8c0f9173b824fc7fc000d3987c256122d7182a1d81ce13475,ee0c048864aff2c6a3b5e9a5c060c4ed97692661e0b4f97befa92c6d28d2bc37
AMT/2012/page_123.pdf-2,AMT/2012,2,True,True,PRIMARY_ELIGIBLE,True,KNOWN,INHERITED_FROZEN,PARSED,PARSED,PARSED,4f84ab20321384e74359ec1c32ed5d01fd8aee01586f4140cac15b1733f058c3,846b0e82d0a2a433c9b7dda3acf54f03cec990774c02f6a13588a87987dcfe7f,d7d6b162d61e2020bbff8c7ced663c8aef5075bbb83c574700c07594c7c886f0,c03f6eac39b343aac004f5fd6079dd1f3e4866ddeda09b41c520aac2431281b9,4b110be8dcfbfb84fffe07ae79103b8b204fa963d3f09dbeed748d89572eb431,c15ce77c713aba29f947128690045149887eea4a8e130e40ebebd70860d91ebd
ETR/2004/page_86.pdf-1,ETR/2004,1,True,True,PRIMARY_ELIGIBLE,True,KNOWN,INHERITED_FROZEN,PARSED,PARSED,PARSED,1898560e2388e9381d69d8cbe71e80ec594eebaca3e607a65b6870f2e2a251de,ff50b857cf02ab98862fac93c34f991c4b83fd33aac21108e5b0aa9414a2b91c,f124875947f8c3281e54a6d1701e8eb01dce1cc8fc5279e1c12c4c24055c8073,0ca3b180de6320e967c948fd2145c2e0d28e984ac304175ab043e499bf5b289b,0e29125a1010ebd30f1bcf1b28acbf30ca5582217d6d162581ce1a027d7bdf6c,e2101980b02c82bd8082a9ef21e4a456e02c9b8e92c552e996190638de85a13f
AAPL/2011/page_65.pdf-1,AAPL/2011,2,True,True,PRIMARY_ELIGIBLE,True,KNOWN,INHERITED_FROZEN,PARSED,PARSED,PARSED,5f60a5aed68d9ee3edf76ffa85475d41677a97325bd6c099d9c181be5c4e79b1,515d5814cddb903788a1abc9df214bfbd5c673a14af7f267d35714b3dd1fe8a5,c1e5819e43fb175ad6e6b5c20d2f3c2515ad224057a8831edccf598c6bb8b50d,e0d6ddb405f5c4b9bbb5c1a0361a909314f9b548dacf2e9122096c85d11de067,611bc90f5da74bf3d61c7e601cfcf4d5ad6604cd51dd40feacf335e3ec8f354d,0238652569604f6c1db12cfc3d694269817c5f4405db91d1ddf48249f7e1b9fc
JPM/2016/page_73.pdf-4,JPM/2016,1,True,True,PRIMARY_ELIGIBLE,True,KNOWN,INHERITED_FROZEN,PARSED,PARSED,PARSED,ff8859da5da78a84d4dd33382d99abb7be71484717a68ce9ab06b6f5a24b99fc,128778f419c9304c7b381d188aa42062e83d067f8edae9a0081a590be28793ae,72630bc2773a4ec080b5a60676b8916cca722228341ccadae041128d1d8f3614,0d7b6197e5d9920dc0d746b1f96a47ce572f5da0298252e42cde4d1139f26b79,9002ffd9cadb3b039496a639d00c174af8bfaf55ac155bf69944e073b6d6d942,f1053a4854b43ff7dfa3cd864cd5fff740428295739ac11a73f35acd73271624
AMT/2012/page_119.pdf-3,AMT/2012,2,True,True,PRIMARY_ELIGIBLE,True,KNOWN,INHERITED_FROZEN,PARSED,PARSED,PARSED,487ab95d3cdcf3da71b280c4eccb1515dd86fa1abed81800e4c992a9f83a654b,7509df53b8a12c2b2401d658e62929216685dc2b381b2dd435cb277dd8f11f1c,363b996f8f7bd4b67f6ce1e1207152298ef3338be49918c42c8a4748faf48f4a,0b876efe921f089e9833beaa1a069607f67c278f57189ea70eeff100752fe1ed,bf5086218b8b16e590166cc6105496c6fd3ab4bd00f4a2f63da0cc262caf92c1,891293afcfdab59485fed37b1905779862bc25ddb1725fbb547198b311ac7ef8
AAL/2015/page_183.pdf-1,AAL/2015,3,True,True,PRIMARY_ELIGIBLE,True,KNOWN,INHERITED_FROZEN,PARSED,PARSED,PARSED,357b1944527d6a38902b1866dde014d49dbfc21b3beacb8a0790d90d1ef21a40,aa8bf9db52f4a8883c0980537e89ec3bd80af6d7a113c96bff5fb0f614fd5a33,b6b9db42de9651568b3c1794a80662baf1d620bc2903247808e9e2057dcece75,364257392f72978b105fa93387baf41d9f94c04b117f2322ed37aa2cf94ab3ba,a09f2525de12864b2560deead3a1971ba7537b9b0629d95ec2e07267867d1612,229a1906f9b94ab98a31eceb214ec48e2212b1878df351a7041f28cb9abf397b
RCL/2014/page_80.pdf-3,RCL/2014,2,True,True,PRIMARY_ELIGIBLE,True,KNOWN,INHERITED_FROZEN,PARSED,PARSED,PARSED,deb7a8f6200e9c05636c0927c3aab7d5778430d08eb3e5adfb33c409a798e8b1,2041d6a22c949524645faa7d2063581cc102a56cba4019c6de19491b4b79f8bc,4ad37b8ab58de761b7ba0a263f869f3cfa3d5810bec108ac1c3b0beb3e8d4f0b,40a936f1ffea13a04aaa0d7d43acc9f116b827c1013767242efd3209b116e450,0a733a2d694b6db01b28b465a1d12b02012dbbab3a94d1ba45cda86ac767ec6a,95561c94e0ad0a759b7d023979d67d298f9e90af8fc5dc76087f06dfd9b608ab
AMT/2014/page_120.pdf-2,AMT/2014,4,True,True,PRIMARY_ELIGIBLE,True,KNOWN,INHERITED_FROZEN,PARSED,PARSED,PARSED,f1d181ba33cff03164f6c1792713fe6827480ef1fc7e952eed778113aad7b6b7,cac4959a778626da84a34de35cd8cde33c7e66986f8ccea8c7975bace81f0dc9,fa77add5ff8e32e80a74f497b6190f755436c7f711707c276014c3355460cbd2,c49d0ea09c11ed8369d86f84cdf982009ec80c1f57e15eaa89a2f2ddc4eac38b,04a8d77ba6eb250a38f7ca338f66c0c98a060b0aa49b2c4e82c690fe8f00bba9,955e55227f223fce93253258b7f203264a6fe6f303227c09e03f11162db75d48
RSG/2018/page_47.pdf-2,RSG/2018,1,True,True,PRIMARY_ELIGIBLE,True,KNOWN,INHERITED_FROZEN,PARSED,PARSED,PARSED,95bc74d93455b988ed0d975f21ed1f820cc0931f2324f6943fbc587faf26b971,de8b22f7f61aef5a7df6a8503a830df30e36507b16c12912971179900c797bcd,6df265dec84d28a3e80b0f6b61f9429ed0823afb45cf565af2a1677cb8d8785d,f47ee4d524fa8b00e92b0f7a316f572f18f61f51a31d9c55f3bd359f8202e3db,6b0bf0c4874b2d9ef9b281927130541b1a5e62b9b663049d4b82c0c1124e6368,01c69d3493ba55b8333ae83eb7c950e1dda0c899cfa2562840c6f7d94cf9171e
SWKS/2008/page_105.pdf-3,SWKS/2008,2,True,True,PRIMARY_ELIGIBLE,True,KNOWN,INHERITED_FROZEN,PARSED,PARSED,PARSED,b7a0ba53f5a8d458a10af1f77b52bc3ee6c2d2975242533353a3f079848f238a,c0f7085f325879346220b95583dc422d278f86f8cb1d0dcef83aff7b0aac951c,7b2d04a9a9288247895b4dc73f43187b6c3c5c4a74951788e698989f3b580530,1860f6b61d34df896909fa631fbe142e6f287c1218642dcbe140f9d791607fe3,5aaa2188ea40a92e0adb03f75a8dfb382f2c32000b62a6933167cf37abd24553,2037eba92c94479e4858b06324ed30a7447f781932044c988fefaacb1060ec75
MRO/2009/page_57.pdf-2,MRO/2009,4,True,True,PRIMARY_ELIGIBLE,True,KNOWN,INHERITED_FROZEN,PARSED,PARSED,PARSED,4fb91b10c55158f47b0be8571dc930ed2d8ddb38ccba4daa6ca6340417016994,2b04531b598af5284bf8f9f36642e2ea25c0aeef9381c87a8369e3691ede5a38,ac0768c4780bf2203a37f8080957ec2ab744f913f73a65c42e9cad268eda6c5a,ba729a6060fcad98c37b8efc00bd1d98a945432f71de200c4368f3569152b2a2,821ef2956875e04eb1e5243ecdddea8e0334ee1adf841573b01dcb0d8b0265a1,3a20851100a0306b07e6f143c2dfee6c5a46f52cdc95b134fcdfad0bba8c6049
C/2008/page_217.pdf-2,C/2008,3,True,True,PRIMARY_ELIGIBLE,True,KNOWN,INHERITED_FROZEN,PARSED,PARSED,PARSED,b514712258ce00da9fe7bf1ee7df9da9ae6035f034415985811d110b9a8dc84f,8f0b2c37265eccc4a8418a1d436a900ce6c2f9098c3cb2156ebafbcba3b76f82,8f46a2039665e6c012a93e3af8ab0c0fa66416f0d657cd390422aee726270fdb,2f591b7e96b5904e7dcb12860e3720157593fecbc84f10a57ecc7f18e9f89cc2,e783c8c7a173b867765d85d02999b64301aeefb65b797f10240355fd36482630,1f934787ef95bd1c06a17bdd692c5978541704692413d0851d52d79caca339ea
BLK/2017/page_35.pdf-2,BLK/2017,2,True,True,PRIMARY_ELIGIBLE,True,KNOWN,INHERITED_FROZEN,PARSED,PARSED,PARSED,568758cb0a6819d70a48e174680e86d5393dbd2a23d29440f5b49626694b1e93,3e6cd7b9091915b764be606ea0dd3d373ce61e1d9f036d883137a9c022a86ad8,a1821fa7096ee57a6ce8f3aef5c3759d1c26ce35087c5275b3fef05de59fba6d,1d7fae5dc7e88f113d06f1a40ff2c2e06fd9ce0f2b6c619813686076762ce87e,c5772112a0f73ad082d91a9e814763e1fbd4814d38bef34f0da9f63fa3d10934,746ff70f16503eec4b2e428327cf196a2d859dd2a74b5840ab91a03681ad48d1
LMT/2017/page_101.pdf-1,LMT/2017,0,True,True,PRIMARY_ELIGIBLE,True,KNOWN,INHERITED_FROZEN,PARSED,PARSED,PARSED,b4a32131eff14f5e3da07ed987771f16ecf3c0edebb7a8b2e0258185c16990cf,7cd243ee3d871739b189a2423bced7a94ba9ac5603bda0778682f1e1733b9392,dfc657da4ac9f9dcf13d99860035bd534cb76788e8f834e351f8ced535f04208,e152cb6fe92ff1c6c323e049fc85a639772d184371e31fecdfa5819cefb679f8,f0f778d745da83d521232defaa47aafc5c4611815bea7acf7da02316626b4702,a638c8ee720a623cd9e48a252578ca8746d9a2641a9a8ce451a650dd93a9ff29
DISCA/2016/page_30.pdf-2,DISCA/2016,0,True,True,PRIMARY_ELIGIBLE,True,KNOWN,INHERITED_FROZEN,PARSED,PARSED,PARSED,636965a735f6ce7f45a2d861671833ed45e63bda919c988ab7811bb379edbe0b,fb99c603ad911d1c43e2367662f2f5c20063d74deb5897a3e76b84b065d68a2a,ab570575d56d681ffa41adcc80fd901ae2be7f234d599bce2e208b1cee81cdbd,e03b0b97a185fee8bea94dc07ea1a7ca21c883d06a70e42d4a9fb5e89814f453,741d9532368fdf907307bb43357c63b0bd76e4d1a4705e90c4de8a849e4dca5d,53da8ceede69f6b9f09580d6ffc355f62b230a2d9a87e57d8c9af93e15063d70
BLK/2012/page_32.pdf-1,BLK/2012,2,True,True,PRIMARY_ELIGIBLE,True,KNOWN,INHERITED_FROZEN,PARSED,PARSED,PARSED,3f09adaa2051986ea43cfd6e90de16a0776a8cba1f829dde16f6f04244ddf47d,5c1bd53e2ec54e64565517d20db978580aaf6cbc7758afcaea064182fc54be9e,7c28eb7e990f6112e0a0696fc1d50039c21328c686e2b83f793695cf67e87f1e,d2c2dc5ce2694e6ed8ddcb4b6472ad27f11e5d9137f28a86bee23ee5bd71bfc0,791fd2dfc6a9af953abae713dd4506588b67842a13b12b403d40fac258e357aa,b9a8a1fb84069ca301fb8510096711c8add1605119d99ad8017f994edee26291
CDNS/2007/page_30.pdf-2,CDNS/2007,2,True,True,PRIMARY_ELIGIBLE,True,KNOWN,INHERITED_FROZEN,PARSED,PARSED,PARSED,aa4a3888b7e365d010db0ce9faa18832ddc4dbef09ef70e7f5f108d7c40c5051,7657070c21a606d2a05aa3ac88080f2e038db176508c9d89645b79ab93219a29,0f5bedbfbc53a5112feaf6b078588afeede83f423f2ba1a6ee831fe9328dd2f9,d493190e40a2dbd5017ed1eaf5e82e8d9691a16ed517e557b6bbaea26a018c1a,fc6aee1cb1aa34c64ba9d3fca84cebba088e85acba25a09f8cf33e1d058132e5,bb9445035e625758e7871b30293edafe3baf496ece67e5fbb7e37914ca7fb2b8
ETR/2008/page_154.pdf-3,ETR/2008,,True,False,DIRECTION_PENDING,False,KNOWN,REQUIRES_HUMAN_REDERIVATION,PARSED,PARSED,PARSED,b306d954fd97dd046427a1b245515e3ed2aeb4a966881dcaeb609986a232f619,d4631804cd9050c568d6c8d4729c798ffa07fb82ad3669af803291001438d0a0,d283adf2fd60905950e31005aecb1cff23b49981d9e18ee4821b256f51a07c46,e3acad947f09317733e1481423f18d39c919eb74b830ff50854020e0bc53655c,5882049019aa570c87e393397dc8a250b65598740f04455bf896d6102cc42948,421cc89ff9f875ac6273bf47cbecf866ddf3a735756fabc269b314a931a529f9
OKE/2007/page_51.pdf-1,OKE/2007,1,True,True,PRIMARY_ELIGIBLE,True,KNOWN,INHERITED_FROZEN,PARSED,PARSED,PARSED,a4f299e74379effe60d17a96bc9ba1d1f344ecc7ad236c5c726dccea48f8b4c9,99cfbca916868c83dcc597e0dbac48a7b21d234caca9959c124356431b344d13,a9cef6498fdd2b509e275b4df51cd87220fd34b96e977a35be02762412c029dd,cafd53b0210304e1acfb0fa29972b3260520c79b87adb9510f11248c1426deb4,0736a213810ad4891b47c487323f2e8eed01d8063ed4a1f40d6611fc3c45cd8d,4ba6a8febf6b1f3aee7316c2617796ee89b188c95f2f8d179eefd7a4406c635c
JPM/2015/page_77.pdf-2,JPM/2015,3,True,True,PRIMARY_ELIGIBLE,True,KNOWN,INHERITED_FROZEN,PARSED,PARSED,PARSED,60117376e2c97c4e74ff1523eb1d2b80046994436bcdae81b0d2c9a8c045495a,59bb63689df3ba82a9243d129020996ac43998fa52fb0825585c3341533f7902,2ad5d47b972e16191a3d464dc56083ee073d2d9feba93421bf7b18b83da1c1c1,2c986a53f524c84aec834b2677944e9fffd0a41c6a85b45104827013f4967a8e,f39822cfa9001ea68d71b67c9ddf3f9466fab3e3e04a23ac9688132d85ea7776,2fc31118198acd40fdac22e1cdba58a3ff4095be935fa44686a962132f5739b9
ETR/2015/page_50.pdf-2,ETR/2015,2,True,True,PRIMARY_ELIGIBLE,True,KNOWN,INHERITED_FROZEN,PARSED,PARSED,PARSED,f600938657881ab65d25d24a11c6d95a612f88e8a2891fd3ccdfe104f4d7b050,a5ba8f2ad88d5a5f24f86e32bf1977bec912ec458b5c8cc515f0ada02e30fe44,4f2353f243c4451c501b9b920dee1791d906641b9c6e6e3c8424d58bc70e3d3a,e994e5d29f187fdec5da67f3aa7a118ed9bdc145b354342b1c203ccdc004bb64,2bed57dd372dec7c78dd20c1977a3486dd16a3d8863342ffef0f837b674637f6,1427b9d7d82cd976b972c144a833bd42dda0c258d23fdfa012dd369fef64c7bc
GS/2013/page_195.pdf-4,GS/2013,3,True,True,PRIMARY_ELIGIBLE,True,KNOWN,INHERITED_FROZEN,PARSED,PARSED,PARSED,87e1b1609de21fed0a8e0eef3e8144a12b55222cd290c386cd691d90a44ecee9,e79ffbd42c537c9f19310cbc2b99ce5a76d76a9e39d759e9230d407376ce4609,c9cdef3de1f9feb5cae46494fc0c68ced3524e5af00b9ea1a35e09746d89b1d6,21e53fe3a67c515fe19d65db166b3caf3c46017c04d79da973b996f0ff8ad646,86496db4466eb7494723af87ae01c92485708420e52866564a1fc0605ccbc22d,dee6f409578d6e328b50d0ecc669e74c0583c5b8c51519bd1796258f85355760
LKQ/2010/page_72.pdf-1,LKQ/2010,,True,False,DIRECTION_PENDING,False,KNOWN,REQUIRES_HUMAN_REDERIVATION,PARSED,PARSED,PARSED,903306d2c809b59a10f47e6cc8a451c332e7cd2b99b5dac96aa2e958146e4d8b,c2ae5400d4a5d4c2738bc5c99cd673c39423aedbf400a8e05d7ecd48dac2c84e,ab0eda33bb7f1988a8250d4318b486be6b5968ef60fd7cba862b8ed7e0993509,1e35c45925497196f45e07481c38cae20f06b66d1f3fbbe4217ceae78cec4e89,0b2bbe9407e9d367cc98ba2d9a0e745786632abaf4098bd9bb1c594af411aee0,59d7bb2f7a1477b2160c4de31c62369788ad3d7213f6eebbb40768ac7dac381b
UAA/2016/page_81.pdf-1,UAA/2016,0,True,True,PRIMARY_ELIGIBLE,True,KNOWN,INHERITED_FROZEN,PARSED,PARSED,PARSED,3ff948b0eec5c20f191b381ccf1441131882cb7dd20f6b75aa560a0018159b87,62100b9771fa55d4352313fe2854a70a4a2efe6a1eaf4bd5c6cff0812114cd99,64d98f6dd517f8d2f1a77514d7fe923f6d72932aaf94c999ba1870077cb14edb,86485954ea796f76d41796d4961dfa58752aee59149d9d4878ad1574bd865b1c,b903e8fcccdce345ff9dffd03b0f3d4dc5485d399637037e811f68a7d5586473,3d061040622a1d373cdeaa2fa48eb4f8879ffaf1c36aee57ef27321a7b14b2f8
TROW/2011/page_13.pdf-3,TROW/2011,1,True,True,PRIMARY_ELIGIBLE,True,KNOWN,INHERITED_FROZEN,PARSED,PARSED,PARSED,94c85ccbd6467ef7278b9057de8c7623374d14fca5c872c81beea4b883e52a76,1c91348bfbfdacf8bfe8dc3826527b9a756e5c9a14b8a6fb2a679bb2520116fe,cb05e30488b81cfa7c8bb2f449a8601ab21dae1b2bc26ed09280b1c63cec44de,04f0ec81855eee7ed476c68a69f746bb919ed2707e4aa09d57eb52566d2bff40,6d5fb0a26676bac95e05e562326bf4a60462d3810a6061b703a0e32a4d3beeee,1b34c2bf37160a277fcbec96d053e7f65be57a0f4696c832af1a2a3abcae8964
STZ/2010/page_51.pdf-2,STZ/2010,3,True,True,PRIMARY_ELIGIBLE,True,KNOWN,INHERITED_FROZEN,PARSED,PARSED,PARSED,347bfaa3b59eedc835b8ece1e819c97a4e6ce8fc96a56ec08d13fe450efb5a9f,20c52719464af1cec2c357caa9b6bab90527429250312757c170f97e11ba87c6,03777f210818beec92bc41a169dbafa5fa0eae5392c8f8e74483cd435fdc4c07,21822616c4713ba2acd6d29d787e2ab1177ce7c7a408c10b31d863e35f3eb2bb,f1bf7234cfe928a55c3469edacb9aa8793fcae3806b1e5ae11aa40c54f789818,b6689aacee194cebe7a3493191a3bc3812bf12cda61d0b6e37d06111217b7ca9
AAL/2015/page_183.pdf-3,AAL/2015,3,True,True,PRIMARY_ELIGIBLE,True,KNOWN,INHERITED_FROZEN,PARSED,PARSED,PARSED,48b101e0e9d04b02871ee0eb770c86631fd32cef4b54a5faca27c2a0d5e22ac5,068affa47e5e56809d6d627da63777d9e2cc480d21aab751db4243a1d917fbe3,64d9ba6fa235ee30db9d81ee8d9861b3c5824838a0469286187b285fc74933a8,0819bf91c0805f583d99af72a5c10dcc7dae41495eb12b6170dbda88729bab52,be57fa28f56b3b805c1d5dcf3a679ae772faadc456d6fa37ed82e030740b2a29,439ff5f3875162d13507f8237879689e6cb303d34795deb514398cc5928ba666
AWK/2018/page_178.pdf-2,AWK/2018,1,True,True,PRIMARY_ELIGIBLE,True,KNOWN,INHERITED_FROZEN,PARSED,PARSED,PARSED,a1c0a3a625c8238b609e350bf5ea8acb3d1e0ccbfbf58cd9eb1a121694f57c99,1b2133c9d617b759766fd9b33655c7ba6cda41fb9f3267be5f0136d30004d72f,b4531dba4e57f0d10fb408dc01d53aa56ee3330e37cd9416f7dda9941bda4725,ce124436143ff2e352a3e185c702e6d8b6dc1d5cb05f585708cafaac99d1d66e,3d0e7b883ff058072601c47da44b1cf11cee37db557455227d5c09edd64aa104,a2943d5c3bf1197efaa0cea0c8c30d05c8fefd7b15ad8cd40ad69a0d42fc44bb
UNP/2013/page_24.pdf-1,UNP/2013,3,True,True,PRIMARY_ELIGIBLE,True,KNOWN,INHERITED_FROZEN,PARSED,PARSED,PARSED,137f2eee36badb76bd0eca929aae01d3d888fcc80f5810a58932cc6fd6a3b4b4,7312442054dd5ff9dbd7cad7933155f2b2e381cfc5d00e4713fe4341c2720ee0,da124ce3ea2a8eba8f4d9af170bf9a776e8dfe8f960544a685008cba0e165490,e6180a7673c1abece303cc2566c3865b0b45bd861a6cb26182cc4b7c04b9e07a,baf9872198c9c03279bfba0371f57a664a5a1e3b4a7a803e8470264917bfc526,a806f6fce25af05f62cc70942e39e797ad9cf70d2fb4040024195a568be97787
UNP/2010/page_30.pdf-1,UNP/2010,3,True,True,PRIMARY_ELIGIBLE,True,KNOWN,INHERITED_FROZEN,PARSED,PARSED,PARSED,290f4f5843f01e8cbdc9bda3d14416041158a09db87c3679d377a788abeb3b0c,49c1aaabd24415abcdc88e3c673f6189cc3dbe4273c02a0538e04b789ee9aaec,aaf50778b323b610f58b0b13df1922a6fb5217458e87491a701dda4e3f414f8f,8d753817a66ae5954184e402f44b787f74aadfb31afe21cb7e9fbe6ad4233e4d,e124e0b893ea3755fc9621e4a01542bf87adb2c746a62211a884867ac1d34e82,3399d0541410a4da53e0f77e93fa968e7f313e21b5397b795905bba98baf945a
KHC/2018/page_27.pdf-3,KHC/2018,3,True,True,PRIMARY_ELIGIBLE,True,KNOWN,INHERITED_FROZEN,PARSED,PARSED,PARSED,c0a83bb556b1876c690893bc4b6ea5e7c420ffac59f7e2f592534339f001c4cd,cbe7f1bd323afe94491c30e2b999ea5936cf371bfc0da603c60726bd3181a812,56bc4e62dc52c0d8d1baa8a654d6d220179011da09babdaad942cc0af4fa3a9f,9a0a52807de7ab72774ce41fb63f209b73428196e552509c99f65ceb0955ccee,bea00132471330a7889ae0711a87842d4182a4267f3c5452cacb184f2800fbab,44402bc5664faa1df8b6a1dc7933608f86b078661e786ca6cef8749892631d64
UNP/2014/page_32.pdf-2,UNP/2014,2,True,True,PRIMARY_ELIGIBLE,True,KNOWN,INHERITED_FROZEN,PARSED,PARSED,PARSED,7c28013fcd0d29f0da84df069bcdc48013ed5f98231908de536772e3df8b58d1,a8c172680fd0b09add021851eae16e42261b172250fc408caac8ea301550afc3,c215396e6c9b917243be1273399d1f8764904e8d2bcdae1d7a280b49056b6d93,a30fae8530b6a75ec1e069d096a4b739b73b9a4c9943401ad2143c4ead55bc9f,5727f0d59bbc19fc2fdd5ad5169987ef54c4aca6a3c6e85d5453216572595e5a,3fc66c40b2290480499f0e279bad57c08aacb84452a1a16d9b220313df11e7b2
MA/2008/page_116.pdf-3,MA/2008,4,True,True,PRIMARY_ELIGIBLE,True,KNOWN,INHERITED_FROZEN,PARSED,PARSED,PARSED,752872062a4c09bcb2569da8eb3f08ecf6108df1259244dd162e174e80661b87,aa7cbb62a814e914ac08a796f7776f7488afb94821d0b5ec1ad3147d95b052de,50a0f980b9a2752ebba44e5ce1b6300fd3a558e385bdbad54c019c6a98a7f9b5,d2fbb818d9165adfdeca8fd6ffdd69f4d9992c8f6c1c08751dc96b0e7e3d0c13,a1f3b3520e23def4a32b252f3097a7d0bfcdeccef9f0d34dbcc15193bb134ff4,240835d56d26b335397e48b47b1128518b93d6f10eb39afd40ac8048f7af9063
UPS/2015/page_108.pdf-1,UPS/2015,0,True,True,PRIMARY_ELIGIBLE,True,KNOWN,INHERITED_FROZEN,PARSED,PARSED,PARSED,7bacee408b1b8c41199bbe4a570d520c4963fe2d6a740134678f543102a2d94b,6e8bfdd45825960d07c60ea0d39850fed83da9b69937599d43ae9f072513d97d,bdf50b863e2475d1ee43548a48447b80a5af6474e358c1fbe68d678506ff007d,6a7585e0493c97cdf073372cf24bdbc6027d6265b605fdb975ab77dd64384af8,7d6f520aead641f6bd8f0a8f6fceca491fc482e31263e220d998ddec2a6f6ca1,bc8320584eb6b32064c9c6ad3b45d7c3bb42804c52b438ddc829cce7b30c9a42
CMCSA/2004/page_30.pdf-1,CMCSA/2004,3,True,True,PRIMARY_ELIGIBLE,True,KNOWN,INHERITED_FROZEN,PARSED,PARSED,PARSED,62745fe75f50ba01408f992ac0bc07f5e3c6850d0daeda4e46884ff02d7bb3e6,4d5ef60032b273a7f77415d29fe21e3fc989fc8bde54750611dc7da84dd6b368,4725f6b2491567727c7c834ce94ac73549d85c3586c8766ea51a24159d49c389,e7e5f9ba352d1671b7fe869de5bbebbde9872ad34f8130125b15667211311765,490cd85b83e08e29a30e7ed906076700c6452460c9eda785a063be2646259872,031f1315319c1f07680b8ff7a9509be51e5e2d426ce53cc3272ca31db6e229b8
DISCA/2016/page_30.pdf-3,DISCA/2016,0,True,True,PRIMARY_ELIGIBLE,True,KNOWN,INHERITED_FROZEN,PARSED,PARSED,PARSED,cfe371e19713cbb3ec67b0068af77ca97381ae4d5693f3092b7c29da083ac640,199de0a1e78589788035d2fb23631ce284bee8024a02ce63707f5ff886e11395,b7b866dbc74f36c5edbfdf23f9d2f7bdb22b193fe8debebf23bd46e42e87d1f2,d2c51dfb9a832b5c442cff3df656a0bc1439e9ebd0d034824f4feebf575eb6d7,ec2788e653a140a48d6f0541e6afac77d9a7af566e09153976d97e3835debcf1,70609eb3d912e9dd1f85a53c1e61013abed5e3812dc6b59363bda7666c2699a3
RCL/2016/page_37.pdf-1,RCL/2016,1,True,False,LABEL_UNKNOWN,True,UNKNOWN,INHERITED_FROZEN,PARSED,PARSED,PARSED,5edda852d259e5ecdefc660463ad775257b587fe83717fe9360e67a697e8c9fe,d28a3a49aaccbcbfd308ede5f36a2415bdceb8e36df57cd98741fe9a50c2f034,56fd34ba964ec7fad7c1746d4cb41cbfa6385e20f027cd2757b6d374f1c639bd,a2453d251877c2f45fdd529a60779405666df65c05a5799a752941fbf2458720,ed0609e53c51a631b7f56f35a1fea6ddb0a4731d5fc9c5868fe63a390520ba40,7f5866cf99abe0e20db4f311ec2147aff549b0dbb415635a2d062ad559db3c99
ADBE/2012/page_87.pdf-1,ADBE/2012,1,True,True,PRIMARY_ELIGIBLE,True,KNOWN,INHERITED_FROZEN,PARSED,PARSED,PARSED,47c431eafd22397eb856f197a9b3d2de4972f1672c4ae4d350f16ac5a282a5de,627855d26c9a59f41c4901e00f6dca59fcf260ab76fea8e52073e1b42221d05d,07f4ea4b1219ee4cb4a50fe07806cf58f482d6b8c8fed7e9057d924569993b07,37eb3054d835db0e0773b43c97abf1be9c49db377f68d79e6c8249742b02711d,59e43a7a28ec29e6dc826f447a0588bc90c9bc0261b299f75b062b55ed0fdcd7,dbd33b5683966d9441ae717a7dc5a2ca02c21466ade1b1903003331e58b0b36c
VTR/2007/page_97.pdf-3,VTR/2007,4,True,True,PRIMARY_ELIGIBLE,True,KNOWN,INHERITED_FROZEN,PARSED,PARSED,PARSED,c329fedeea6c7a22c8911aec50d9eda356526f8e2a13f4a41e89e0037862eb77,c19d141094167b333431f79c5c2e6fd33e38e60dfd0fc9d961cb584c98c7af43,2b1cc0147a30fb66ca64ef5dc112f5db0f1cb804ec992bfa4c6a502d2531b4d4,f0865853fff940153bebea8b063edbb5c9ff9c25e7cd809c4ace86dac6914d18,f9100723d6a48249a31350e0e224af72ac3f84824284b26336247f80d61797e6,1d46834983c3ce0600fee5082e98a8db1436f0b3f48269ffddba52d962072d06
LMT/2015/page_86.pdf-2,LMT/2015,2,True,True,PRIMARY_ELIGIBLE,True,KNOWN,INHERITED_FROZEN,PARSED,PARSED,PARSED,ce7cc8cda5cc31b294ca7d2b0381ff1f6d80605dc3d36fa2da2f5e4223f261f6,8fc79318bd0a8115d3a12d94cf97834d5d67b04369662a479cddeac24be53a60,600007f2f93a8172b174360336d7131bc7c0caaa6fc4aebbd7e29653bb60ff5f,7354c29c1e9a4f78e200d1aad802bc2dfebfcb0e45d6d38adc1e2e43e8048fe7,fe74b654a8e85230005d693d03516f1d79fae91f3d35de581ee0e90e9e225e40,e4764be2469b65ed5587a739286b34ab1f1609fb0f11364b8dfa840c2381fcef
FIS/2012/page_11.pdf-2,FIS/2012,3,True,True,PRIMARY_ELIGIBLE,True,KNOWN,INHERITED_FROZEN,PARSED,PARSED,PARSED,049664158e01539ea8e6412a25b19718a167d6c07aa01a58c886f41b083a83d3,80720d94b56c01bf4b5f33d32bff813a122e94a80b9dea7dee84b842fc602950,ffa00e83fc014f01051cbced73596fbab2aa05e3852663fcadfc25a23b302aec,d94651f16b2e6c4fd4bc3766ec13afaa9332de6f3dbf3b311253698338f7d089,31e7e9f06a51fd3f4506a37f5731141cfdfb814def5007ac68e2eaf9622c23f1,d99735ed699bc6bbce28cd5e8de930f7f04cf2f309ccb01801ed162928d8a5fa
STZ/2005/page_57.pdf-2,STZ/2005,0,True,True,PRIMARY_ELIGIBLE,True,KNOWN,INHERITED_FROZEN,PARSED,PARSED,PARSED,015e5c9a5a566c00c9cb385a9776263f0717001deeaa0ebe014ff56dba13892d,95daa0fe34d93c5f4e86e46e4d918ca397d73b4a26e1c7968926d772cf7c5cd6,40ca196dc4e4b28b6e92ee826e1e6d441a7969e7c5689f56cc9e94eb574f6297,05ef236ba51794cb98f763b1cfb0cf527305894c3bd75c0eea51cbc22df9ce95,93c9bd5ff271526a7f8e6d7381c798b094d590470f15e5a956db3c46145ef6e1,33c3fdfbd58f40052e8d1dac2d2f102f476b10c19e5709ceee3bd315d78605b3
CME/2010/page_71.pdf-4,CME/2010,4,True,True,PRIMARY_ELIGIBLE,True,KNOWN,INHERITED_FROZEN,PARSED,PARSED,PARSED,3e86816e63b5923716aec37cfccfe6ef8173c7ed3325e02d3e3a871a15344658,aa38bf53e5922cd48ea1a91b1a2d94b473be9373acbd0dab67f73500e3e1ebe0,5fb1f9361e9c81060c0f8ebffb3f9a8d4509db8ea3aea092d5f5c58be05195a3,2be79c70855772529f78d4339cb8fb620edf0e618343b66bdf6a11bb2c8c6844,9ca57660e3bdc8f2b4255e82cd37ba53b9931bc460df633a4551a7cc685ea62b,551ae4e2768ebfea8c7a2e815543db054d6e9449c2ea02f67e38a60fe2e6baaa
AWK/2015/page_109.pdf-3,AWK/2015,0,True,True,PRIMARY_ELIGIBLE,True,KNOWN,INHERITED_FROZEN,PARSED,PARSED,PARSED,0d228c2b478ad573d881d099288eddc53a63920e1a5bc74bc372343a80ac5a2e,03cc082249a7b7dfa0ecef00c79204521afdf69df0cdfbf25f931e88a15d8631,b12bdcdaa84949c810bacd08169bf6b72aa03c753c2690ba1fe87367f1f923f9,76e477b6db261c69febbbcc1fca5371e6984a0e94ee76a4d03a984106e475723,7805bd0e148517f5f08e12cbf250e05e093bd8f935a196f2cfd254f4a08d5982,6e9af6cf6061c2cc567d6d2dcdfac9f46fde97d74997de1e10431eab4da6cbf2
TSCO/2017/page_73.pdf-1,TSCO/2017,1,True,True,PRIMARY_ELIGIBLE,True,KNOWN,INHERITED_FROZEN,PARSED,PARSED,PARSED,05f70b6a614b3dc80b60d83a70cd81d427230854fcc10f82cd534f34cab6efc6,45bf4943f827345b11b965f19d63e2b62cd7c1282497506b014127e4bac7f6df,c30392686a53722d647fc105ccc579f333a4ece798776a9bc53dd636928e4220,123842411299c8004c0ce839c05e7be5f0a9a3569f0aab14e2053f87285f858f,a3d9d7c4626f8bec8765b74d78d1c4b5877dcf007f35527d77192e9caa75c8e4,09f9a7cc918bc7c0784cc74b25b684ebfc407a6991eff756c0193e50a798eaa8
IP/2012/page_58.pdf-1,IP/2012,3,True,True,PRIMARY_ELIGIBLE,True,KNOWN,INHERITED_FROZEN,PARSED,PARSED,PARSED,09bfaa0b4496fdf2774c1a5590eec4e00abea64cbfb5363ed1333a6169b2b0b1,fca7d11ec8d625693a0a5db030e083370b02564496593a63e930ea93ec4a98f3,35035e0482f03a8cd627d944969c1202de52e79f6a795f5ee4c3833156f6badd,420f8492c4a9dc7cd4d66e524c7a4a571c941dd2a12f57b5190c6704af69313c,42b1385b856613dbf048919d6a68dfc32e03fe78734b8e966fc94b7816f166c9,d8f7810299de372ce9dbc650b74c7bb6d78cb3ef2d565265ec17183403581299
LMT/2017/page_83.pdf-1,LMT/2017,0,True,True,PRIMARY_ELIGIBLE,True,KNOWN,INHERITED_FROZEN,PARSED,PARSED,PARSED,042d9c26b0f5b4373ed015c91e33e3d55752878e3ddc7a8efe9f95b6b99f053c,272fdabbbd45c167df2d52ba18ce6bb1e4d754d8d8c00a7eb3e66d7fcd919ec1,3c8b423812a0c284a3935d5dd2c3fcaa30e462f00fcc827bfc86910cb698b3c5,512aca67dc63411dea272976078899f1aa141c912575c9c140d29a41c0fe268c,ca8b25a2a8a75dc05e94702c153bd991d6a523a078784f1e103cb9edfbfbc835,a4b622c58be70e85d6e66bfd673d0027e0fb79f46a2c663a269a180b18a24c27
AMAT/2018/page_31.pdf-1,AMAT/2018,1,True,True,PRIMARY_ELIGIBLE,True,KNOWN,INHERITED_FROZEN,PARSED,PARSED,PARSED,c59b0569932ee7cddab3e675e45ef8d36bf71c33457ff3b83386406af174b675,4fe133fd154acc3cd1fd700fd0b3e81b9c4f633e317f41029881016725ba6995,8fc7afde1665beb660a534d3427fcdf2f65d85ddf2dda8c99c1fcc0b94d2bae1,bc93ae87da054866d663c7d465267e1466af737e616a3f964c38db6a644b19a8,edd0280981a95d2241d087023721b6011015c5879b6bcb8008ab644ca901aa82,f8e8eccbefbb217e8583280a25de1f5a966efbf3922900effe7da82fe98bbe66
GS/2012/page_177.pdf-4,GS/2012,4,True,True,PRIMARY_ELIGIBLE,True,KNOWN,INHERITED_FROZEN,PARSED,PARSED,PARSED,af394731f1d9bd47718fcab39a59857322d38fcdf0479d21bfdd378294089c61,cca35fb267c2f98bcdff682425a5732cb00c58f3d0821525544e4779213ca001,ed64f8da7b636335ae0a19b4674a2334e7743bf964ce5d501342a05139f0f275,f1c31e48551786de0b2c1df4bf722f842796e26102c8f75c46559696f4fb667b,f44c7c71dc8c48bd946eb63516f29f723b210f4f9b61317f5dd95748abe6aeac,c4cc7c11687f0a482a2d897b9555406757e77f6aa0a720c8018a6552a0bb09c1
JPM/2009/page_132.pdf-1,JPM/2009,3,True,True,PRIMARY_ELIGIBLE,True,KNOWN,INHERITED_FROZEN,PARSED,PARSED,PARSED,1cc699e498046d141d902d61e1834388407e47f6ac1d47f753eeed4ca8bbd2b8,9347cae95280ca2fcf6a20b6280b85ae4de27ca430611ce3b56ff1733bead3c9,a4dcb5b063444d8db82d40aed288c3de8311c571dafe60692e4930690f6a598a,18892e075861137b786ddcdb46495ae9d810e4e47aa05d8528c5b777cd2676ef,5c4634a9a0bda3ed7e05accb52fbbb5826896ad03fc28e9726a126eea275fcce,a1ee927cac27efdb579c7970deefbe09f023b57f45f1d7f924964b911e7850c2
AAPL/2011/page_38.pdf-4,AAPL/2011,2,True,True,PRIMARY_ELIGIBLE,True,KNOWN,INHERITED_FROZEN,PARSED,PARSED,PARSED,0ea67c7e74ba69d111b52d20f32205fac41a68a0197fe0a81299736ecbcee3ca,daa8c36e3e116af89d08c98c3aec28b35aeabf1c87e8e721fa88f11aabc57952,0061746ed47cc90fac37e0717b5e6e01efabb77ecdfb623cbd6b0021a9246d56,54b32f7dc87c21209890d16e90c750f33bda9b944145b20898b5be64c0bd6a06,9acea98ecfca99f9d291853221839cd90527b5c0134bc4715f6e50c50bad8fdf,96f9140b9bb9ac53b7b6bb3a122607a2a42445fedf8571046d4a771c3f505980
GS/2018/page_134.pdf-4,GS/2018,2,True,True,PRIMARY_ELIGIBLE,True,KNOWN,INHERITED_FROZEN,PARSED,PARSED,PARSED,36e179f823763e9274ee5297e6051b517ede2e81992e2e15c1e9b6d96f024e20,ea0a94e7b172304b946c04714a77d1c5857fa5c452feff90935f348d0f18c157,41ba5da111faa7065b5edf8983fd8ec24ffbc2aa679902166d25757e01113f48,c4fad09871eed5467ad12c131bbea227c5a531295222a9475bd5ffe6641c43c1,a3100920283c987acf6a4f0e88432d9401b6922adde78c7db5cad8b2b486d21a,c0c8125d8df3ab7f31e077ac3ca8c0551956b11b1f445e2fb8e462c400598c8f
JPM/2008/page_177.pdf-4,JPM/2008,4,True,True,PRIMARY_ELIGIBLE,True,KNOWN,INHERITED_FROZEN,PARSED,PARSED,PARSED,d14376efd20b59ac70ddd23711336debaebb7d31aa821c7e7014624d8099a0c3,99b4920e836862c4cd1b606d666aef297407e12a4b392680106e699d6ebd1f7c,39f0303dc04e7af127238dcdfddd7646657ad2b2596e457bd4c734757f35dd2b,160fa036fd4a1b888e7dbf1de19fc70b31d575aa37f7db0c868c17642c66a188,1b5ea2aa35c260c08f10c7e3239ed29e641700844e77c48d8025cb96b555fe8d,1f15250d778b327e967e0b8c687342bb1e5497f91151431a84dac58a73d5fdb1
KHC/2018/page_27.pdf-1,KHC/2018,3,True,True,PRIMARY_ELIGIBLE,True,KNOWN,INHERITED_FROZEN,PARSED,PARSED,PARSED,bbe32b4908fcd461e8ad864b08c286a048e1f538511971ed9ef3d66aadb18159,4f005b76b99494fe44ace9bf40786cc9da4519273627dae78c944e5d44e2c700,2b72b65526397a65d0d79de716cd2404f092bc9c9925cb9eeece8ab072eb2b49,b68fdc69c98eefb5a070c19e58fa62660ca577f34b6e6a6d828ad4547edab3bb,5e3874d2f49455c9c546b5938bae5ab5bb510effa474a8edb0b0dca36fd3bb32,54649d651c0082132ba9f9f746bf3cdf95c419f45e900efb77713cdf77c0c12e
LLY/2008/page_43.pdf-2,LLY/2008,,True,False,DIRECTION_PENDING,False,KNOWN,REQUIRES_HUMAN_REDERIVATION,PARSED,PARSED,PARSED,d404a275aaa6dbea0f725c0b3697a02f46176864c15695daa252f74a104323af,e8b6abca5aeb68aa1a581ff4f1e28b1441979d6348c8cacb427b8babc49eebe4,e5eb9ae7329ce0964e37288fc515fa07e162bec59fd919aa08292610cc1ecc69,77b485245dbd7744a0d59a43052b386d9c8ce763182391f378b13012e61d5156,064e0084eb59e98001f9e9e8da183e2de4a9c3780e090bdb78862291be536558,1f33a44665efab9b0167c7b8e0445c78f697fdc12da08ed320d7f78a920157bb
RL/2014/page_13.pdf-2,RL/2014,4,True,True,PRIMARY_ELIGIBLE,True,KNOWN,INHERITED_FROZEN,PARSED,PARSED,PARSED,ea0cb2db7d5dd0f6b936b08ea214e03a4ae63ff40708a03bd7ce2d9a6919499f,ae6039cbd632921b1bc87a4495fe5197e246137cc0669918dd28559180de7b44,da7f3ec0e713147f1f0adba1d4b5bf0faee0ea2be7dfe49c85213c58a62aa326,478035f91ffc5fb667ce5174aadf5dd28963b31f34f214bb44e8bdf646873970,dabc0b1a02c4bb0e591de278047eee3008d9c916851c880f668ff5245cdf4b1d,38c5560cffe1500f93b3361c0f07ed8bd85adac53d0265d872f58cb51105412c
ETR/2008/page_438.pdf-1,ETR/2008,0,True,True,PRIMARY_ELIGIBLE,True,KNOWN,INHERITED_FROZEN,PARSED,PARSED,PARSED,db7d4e0d0e22e3477383b154f2a45190aea358cb6a58072338f055e68a19d6d8,d34c4d0e46252ef231760c96e53f5408d076d8e757f95cde640f0f04029bf0ac,2dfb666b523966ff529f88efb2cfcd66fccfdfefebcc285f9e865e9c75dc217d,fe41c40d0c4acce53809ead162e52b5fd21d1cf7e7fdfc0d5577ed2ad23b7fcf,367ef9bfcedce4825b9bfbb53cfcc828068ae3ed6e9616854a74842bc829b07e,cd0357087bbe08d019a0db6c641a07c288db145fdd082aecfa7682062a8a307a
AMAT/2012/page_35.pdf-1,AMAT/2012,1,True,True,PRIMARY_ELIGIBLE,True,KNOWN,INHERITED_FROZEN,PARSED,PARSED,PARSED,cb5e2fed6ecb54ac07372fcbccc8b1c5aea6bcfa7e00a616f25a2dc2d1d79950,3ff276c5d5a81033d038e16df909101db722cabf72b8f40d3b61b31761fe7e1f,d26622a9db0b90ded65b001b4c8b309546e766ff349555c6cc12391a0f5ed871,24044b1e607160811101be5aa1a01607f401492cb33a10bc59c429fe8a119088,5656a0fe39bcdaf7234c0d138dea98dc80de798f7c0ebe963bb5b72c13f113fe,6e17330dfdbb6ebb32980a33b286243b08118196a2ae300c3de727868d5f3564
APTV/2015/page_47.pdf-2,APTV/2015,0,True,True,PRIMARY_ELIGIBLE,True,KNOWN,INHERITED_FROZEN,PARSED,PARSED,PARSED,4b45f1733ddf447166ce02cc09fef459f8a02c02968b2f108f4697391f356aea,0f8520cff1b9ccc24f5a852b50a9c8e4ace2381e67ac498120da940ab11855f2,73fac28603a75a861051722bcfa06ecb1d402359e55a58bbe049e1c68b7711b6,c0d766fa29b46f5f7ed8a9277b94f6bcabc317d36514f1a437597a793f562b2b,c1e668538142d7e58c4d1cc6cc349d6226a5a0b467882df2870431c374a9b745,d0c3268452c87dc127f6820af14a2f4fae81b112af11eda93eab8c184e212839
INTC/2013/page_40.pdf-3,INTC/2013,4,True,True,PRIMARY_ELIGIBLE,True,KNOWN,INHERITED_FROZEN,PARSED,PARSED,PARSED,24ba3dab41f3862e7bf66e2bdb0c8d6e86bc466b173c379a313783750871e112,77536ef3c80fdee7ee8102c81c178c411c7ca394ccb24901b535ee9cf3ddb299,29e9893d275fe8e60b0cdf11a5e4e34b6ef591df14215e872a29928dd1a9428b,f0d04dfa80b91ea2caefcf28888b194bb999ca57695816ff199102c916fd2b0a,7a2dda6cdba62ce73a9093aaf80d8822191105ebe117b919a3844676aadae734,358e9efdecd9cd115762f187ef6c622cebde91076b4717ff080db6166024ff6e
AAPL/2002/page_63.pdf-2,AAPL/2002,2,True,True,PRIMARY_ELIGIBLE,True,KNOWN,INHERITED_FROZEN,PARSED,PARSED,PARSED,8f4ca9bf7308020edc4104ce88531078ca85b09ccb76eacabf8ab9e40b0239c0,337d923f32740360ee792feaf7e50a2c90ca2bf60c7db8a6fec791c18c0dfca9,cec54515f5651651ec866652af65f21e78c3a812f95fda392e5525cc93762084,81093909ab06036e16813b4691bddfb026f055c453c5e26d32e1c2490ad98b4f,c76fe721aab9b2f41effebbaf770269937c2dccd809366a0dd4ae588dfd9a577,fba7dfe802d9f7d158fbcdca11785635a5cc9cf2e58720519b000fb9d385fdc9
ETR/2017/page_19.pdf-2,ETR/2017,4,True,True,PRIMARY_ELIGIBLE,True,KNOWN,INHERITED_FROZEN,PARSED,PARSED,PARSED,0ce4ff40f6df6519ec73b07e9ceeeac44b8f60ff988751396bab08e3248c5895,f446cb5a98a83fb3cb2ec334dac3f86ed75ae13a9d32ef3620882312c6b7cac3,18faab07ac42ad4019cefcdae4aed7a12a3c07ef0bd60789a68af07842755bf3,36c64f2e3082ca2b4f3e86d1cc1fc34ba557873ef9a72f520566417598001d85,2f3050487893bec9596421579000215f6aa0e5e3086638bfea898604a900e167,a558e0afbd150a253698448ab09e216d61306a253df39a75a2ccbb951ada35e4
AOS/2007/page_17.pdf-2,AOS/2007,1,True,True,PRIMARY_ELIGIBLE,True,KNOWN,INHERITED_FROZEN,PARSED,PARSED,PARSED,a7f1d9bd3c35482883debe455bd650fa66b4ac1ef81287834d981df6da194e7d,d905a8cf35ba0fc9bd3d09828ca21a3e9a5ba48bf95fdb1aa1cb5869a3949de4,45ff1919ca78130bba78376bf8fa62ad70e91a76bcfb538dd6de17cff9073e7b,4bc7675d5893575074fabf24e030ab955cafe06e386b18cf4ccefc8e4b80a0b6,832ef8a1609693903d423a2bfbd0c6a9ec161127967a269422a6c393e336ea57,a0be954be4b0601cdfae8ec174991b7ce79187eafc9a1cb38fe854be84c2b579
IPG/2009/page_89.pdf-1,IPG/2009,2,True,True,PRIMARY_ELIGIBLE,True,KNOWN,INHERITED_FROZEN,PARSED,PARSED,PARSED,ab101957e045ae11ce3cf9c4a61dcfa531d738e73d21a98f6b96c3004acf73cb,f204e05432f84181bd3cc5d8dd3429cc5401e9e3f9eb6f3e7dd8e3dc26e0984d,ec8f4d569ba86d25eb46d2f15ab2d1a59329028eb9bb9ef2cd49c1aed5d7e792,58e0ebd8ba28b3d1f6db23caaacd02a60b8fd2f7386c922faa8298d38259e5a3,071587b7776fbb2c0c12faea8df7335816f74f36ecb28d52e58f71e7bc3ce1ec,29a0c3c94edf8350c2959addece1b0f5d45f17894d5b6314836ea3a53cc5928e
FITB/2008/page_69.pdf-4,FITB/2008,3,True,True,PRIMARY_ELIGIBLE,True,KNOWN,INHERITED_FROZEN,PARSED,PARSED,PARSED,30acaa477eced5070c62f9f555bf5aa778d650ccf93a7c925083fabde60e84a9,a6fce76b90b90452a9d80fd4f80d4f1527fa898964dbc9cf41cba7edd764faed,be29f910d1aa5d8d66050a67216ac69479eb7507e81ac7dca2542740c7026541,694d5769fa45f78927f1f4f7ca3fb0fd22b40e20981a23cf87a99b9b6062222f,8c688669e58c2280140ff24b1b767a24343fd8cb331e54f97bacb7a2e27639ee,9df02b3ee35b4d74379451feb82ad157ea68b62dfd909d5d4b1438353344802c
AWK/2018/page_178.pdf-1,AWK/2018,1,True,True,PRIMARY_ELIGIBLE,True,KNOWN,INHERITED_FROZEN,PARSED,PARSED,PARSED,c11135f34719f477c36f2534da9db434d45eb50fe62b1fe172442a9b887747d0,21d70ca516d1b8c88a258ce8e22aa142e173340a239e27093484baec5951d9e3,661f2cca67d256fc05dcff1c97ed6652c663413bb9df950ba97c787cb880b254,a6349de0ec800d904ca698c8374b42125e318ce2f98f16afe800ce5b6937b50b,fbd45fb4ec6f292c4f5f50e573e63674ef5617fad5d28f948c534727e816d85b,4803bcd66a27848b5e82ac902dc8677790938f74057b13ab39aa8c8a048e9b47
DRE/2002/page_30.pdf-1,DRE/2002,0,True,True,PRIMARY_ELIGIBLE,True,KNOWN,INHERITED_FROZEN,PARSED,PARSED,PARSED,25cc62e2f8a956ca829759df03e9e0722f25675a3206184e5080a389ca114711,a5f6f2d31861fbddcf22ed3b54eca2b2fb9f5281dacc77badaf5dc0e43dedaee,2b6439d70f7052373e998ca6c97433517395edad6dc6961574b93f3dd43cd2e4,81c0f2a269116e29a5478e272146a99e26bbf2bb1bac549ff62e5ce3b5ed87ee,db27c27a534e0ee552338ca56efb10c4d60675b5805d92961444d262d5508994,5bba08e70aa803950354ae5e175acdfafeec77fcf026edae848702465864bbfb
MAS/2010/page_86.pdf-2,MAS/2010,0,True,True,PRIMARY_ELIGIBLE,True,KNOWN,INHERITED_FROZEN,PARSED,PARSED,PARSED,1fe0c1b3a5f65ac1108f7ec0b99b3484be9104b78ee9d3d88b60a1aefcfadfc4,581b2730444e615295e8fbb41522ec03fc7ef81f71433d5be18eaa3582021603,50badbb2ff2ef6554801ddf9ff24044779e80790fa36e717132a40b4369ebf08,3f54ed724dc3c560210c444b6dd89c73ff7071d33e26395542823a0a4234080a,a56047a7ea61c7c142a28ab0e402bde5494f4146f161e8f075b0f0fe00b3c02e,1f09fee83c8f5b91bdf616247423d2e73da1402db2a836ae6d699d384541411e
AWK/2015/page_112.pdf-1,AWK/2015,0,True,True,PRIMARY_ELIGIBLE,True,KNOWN,INHERITED_FROZEN,PARSED,PARSED,PARSED,85c5d4cddaee2ba09f652d98fd0809533ef4f380f35f9474ffb310df8f178211,8e968a58de2064a0a6952b15ad897eaa8ae55d9d0bf93f869fee194b9f8fd100,4d8ac2f8449ec8c658d0569bb0db755a6c7fae3a81c18f73163e89ad9c93bd16,870775d35bcdc412f9180922dc8dda8938d6fd562a29a5b09de8f8f642160f5d,cf6367c525e18a5459796de1639acb9de9b20541f31d74030a092868e8bb1986,67b957ee9ac93422e7375088f494c9f492bdd745f565b4a1ade30815d5565b21
ETFC/2011/page_23.pdf-2,ETFC/2011,2,True,True,PRIMARY_ELIGIBLE,True,KNOWN,INHERITED_FROZEN,PARSED,PARSED,PARSED,f958fc2ceb3bee91d7155ec12b1f36d3c54d503177ae437d6bd5bb500641c665,cb6f3c2a964b9956d32902f9b3a5ac764b152d2aa6f4054a455f98906d416522,89fe9c906d3c907d4f4453f1a8ffa030532d19fd6dcc82b347440a2118228541,6b75ed7d0b4a33ec62ebf40595de580e1471d7077a031078c24775914026334f,bf7eda25b307821b72d992c01878b5a133d64594615dd0e87f37cabbd740ca9b,e61429b63d477dbd9efd61834702b9acd1b9c87e4b2e65af8774377a6b351e3c
ETR/2004/page_163.pdf-5,ETR/2004,1,True,True,PRIMARY_ELIGIBLE,True,KNOWN,INHERITED_FROZEN,PARSED,PARSED,PARSED,d1b4a22a57a6b80327961755a3c209f9bb09a6bd3771b41f9d68dc10cbbab769,f41012b91f0a507bcfc350bd4663bbfbbb7a48ab68a4b729e18070c6092e20f6,b3179566417f63eff512c5023018be93f307727ff54631cef619a7128e1f1fcc,2e1aa9241844739f8c9a0760582c0b3a099e48f517edb1d2f4e1ce64a0d7bd50,9d8ad81346cb6f5b415288e5d92868d73b2022ac39fd6eb9caf8de8e837c9f46,1d44170ac3460eaa88acdd6a01085d0b1c79e92a3b650c3444d0e3434acafb0b
AMAT/2016/page_32.pdf-1,AMAT/2016,3,True,True,PRIMARY_ELIGIBLE,True,KNOWN,INHERITED_FROZEN,PARSED,PARSED,PARSED,8cd8142b49aa4c97efc95c4d6612da301880a6535ec52217090cb309c60fdb11,c54bb0743aa58500258709df94870e42de585a01f88b541cda8ccc8e4f23ccc9,5d56b2d4e76a92a3d31f9f0f84a2c3db0c1102d983647c57a65b9cdfbbd4dd35,0fdd4d06c4541d4c5214e4ef5d856ffd6e9224914d385033d6b08305a482cfa3,87ec29c5d6bb2a2154405781f8774277ee46b326caaf3a4ae418078172d9208a,cd0f884cfa860ca3fe3339ecf87f541a6769802144cbb3c299cd59def08295f5
ILMN/2008/page_77.pdf-1,ILMN/2008,4,True,True,PRIMARY_ELIGIBLE,True,KNOWN,INHERITED_FROZEN,PARSED,PARSED,PARSED,30814e66bf495719d9351f8744a8772473ee9fb1b9328b03f68beaee04414074,1aeab8df6e09df43a0b82c4214a3c18c4255258250db6475c8fa37083f836693,5af64cf022974ccd95a15224c46b0172196a603a04909edb3ec37d679ee3e610,822dfbced8fc61aa65b5987adb72b50c9e7403f88c7326b812573a14d60a04c8,ca2f5dd61a5c6b2411f4c1ff165ac394622999b45f11c3f53e5a7cde7c899fd7,d20c0a247e71b227d3b9641ed37afa1243abe6bd696f98ee7bdcae388dcb62a8
MAR/2005/page_52.pdf-1,MAR/2005,0,True,True,PRIMARY_ELIGIBLE,True,KNOWN,INHERITED_FROZEN,PARSED,PARSED,PARSED,faa545415cba5e244af4bf0de208f35dbce94a42b8026f71bb9bcd918e4f3ba5,80d0600d76e7c825adfefd410f6c885003528e6e522bd68d654cd673f6951874,df0f300dcda831ea9a2161a41b45fe8e62b951b04e74b203ed541bdf1d4841ba,33d732d2118ba94fa90f48a766ed81f1401ada1fd4c25a905a51fd8a693899b1,fb4cb0dd12f3ebca5f35ef4c66d11fffcea96d1fe23ee7b2ca1af5e9297ebeb8,ae5735702a4124eefbfbc66776c22bbaad6bb973dfc1ef3426f2aff67cef38b8
TSCO/2017/page_28.pdf-2,TSCO/2017,1,True,True,PRIMARY_ELIGIBLE,True,KNOWN,INHERITED_FROZEN,PARSED,PARSED,PARSED,1d793c8c10ba021b8b34f4424467b27d8d3cf86b00da00c7f21075f92621a272,6ac9762842e754605b1d57ebc639b191c358c2e6fb285e79cc223b06df63100f,b9bb4a081dc0439303130ab091060538f6359bd8bccd26cefb96da3b1a45bb56,4f29b7e362a13de9d2e3271bd12e4c5d19a86c80e660e554059aa632efe684bf,8526b31ec77b1b08166fca66309112cacaf1c30dc1557e27ce8f7ac81e596b60,e2cdcace2722ef8b29a6ad8eac376d7d7589f4f5ebd7507e47362b896be624a9
MRO/2009/page_32.pdf-4,MRO/2009,4,True,True,PRIMARY_ELIGIBLE,True,KNOWN,INHERITED_FROZEN,PARSED,PARSED,PARSED,654c1c13e3c6100fd4efb8829a75b2d4e6e77010a2db3b4d0840c444126df45a,4ce07a3f1a7bc4e1878e0d6abc7646114c124fa883793492f09b98c3cd50740c,841f63c7e8228e2ca30d4bad3d448fd309e7c4d9d13cebbb0fa70a4be5794f7d,dfd49894076838de4423c2872026de57e1c2d1dd33ddce9e2d05c857fd4fad97,87a4945e37bf22a6167f5dd1814c4fa90651fc9dcac4403ada44ab5b2122b143,02fab9be59d8e1b85d9c3bd3ba61c62813c40815dc99d0ac171a771fc469f81e
STT/2008/page_139.pdf-3,STT/2008,0,True,True,PRIMARY_ELIGIBLE,True,KNOWN,INHERITED_FROZEN,PARSED,PARSED,PARSED,4d8994eb1ad2ae6448d21cc5c6b1f6be052ca432b4d34f8082a1a1514ca1f07b,7a4baeaa89fdf91dbb6a86b1255570a0cf6a79a405887269561ebe950df26da8,a9c1d5d45f0f0657a7d250498472368ffefda534afa8e9ce52198b7e01bdf565,9ab963d99e1a1dff84a2a6135587b96e8f178ba4660dad3d230c1d35ffde4dc6,20a8ddbd2ac7bfdad0a5f34f3a9308ab043e4d6ec88ec995c71ed81babbc6d06,76de154a493d3a6e6e1dbcf9c6b66eee28c525cc185c76943c6f6ae738ec74dc
AAP/2011/page_16.pdf-2,AAP/2011,1,True,True,PRIMARY_ELIGIBLE,True,KNOWN,INHERITED_FROZEN,PARSED,PARSED,PARSED,7e8be5dfd8475450bc4b90981107d968bc69bb87492906519cc78b7951bdc303,590fffd9750f175d148ee253df0ef9ec0864c4555910a2389fe15015870a06af,a6e606e76acde26246a369d5ef56dd1921abb042d01d789ff462e63ac816fd78,6dafcdd5a1d83e791cd7fa41f709c0391deccd8d5204ebf983579d8759652cff,bc1eeaf33bc0366ed3b1fec70636414be5f91f697754774cb70877dba5fe31c7,5facea2a8d44f8055c8c92c7048a0ebbd7b99aa0f0d1dd431a3c803fd2b7ec38
MMM/2007/page_66.pdf-1,MMM/2007,,True,False,DIRECTION_PENDING,False,KNOWN,REQUIRES_HUMAN_REDERIVATION,PARSED,PARSED,PARSED,7aac07e3c995df23c906df1524825f3cf58442201e24874b18963e704ed985c3,076dbd64538dd19b4420bbc7726da015b75cf7b87db4c81d3901c3f0ff53c6b1,6113f87a1b4d9b7dca07a78769214b483c3359458dd101f2c26c881c7dab492a,d1705aa7771c458322daf4570e27f428ff06178d4cfec9b0ac407eaf4401f701,8caea083814d659ea3d450d04acb1f15ac54611ed20f411d984cfef7797a122e,e991ae13df5e35337c542d0d0e0fd49ae033b4f5815d05da8277033881997822
BKNG/2015/page_38.pdf-3,BKNG/2015,3,True,True,PRIMARY_ELIGIBLE,True,KNOWN,INHERITED_FROZEN,PARSED,PARSED,PARSED,38b266097d642c350db78b97bccf4520337a953817abe96bba5a0d34edf170a8,386257ee7fcded4fd3402f1c7049de6687da122c1e31e7eb75d213b6e2eadea0,b1c331253f2d108bda81c8454349e9907962fd6fa9c8416f8ae335c183a3b3d7,48cb18eaea0251e916f414ef24945e247c690176d49e8978c6a0fb48ef87e481,5cf2430a98ebab8f5ae08ddf69ed311f75c9a3d5991283be13ab9f918c472925,b0ead4576de6e5d356da656f3d0b54260285bd5c94f21a927cb16103170e8ae1
DISCA/2016/page_30.pdf-4,DISCA/2016,0,True,True,PRIMARY_ELIGIBLE,True,KNOWN,INHERITED_FROZEN,PARSED,PARSED,PARSED,abe8a8cfbe3f3e321e68089d6bed5285d23ea6ed127f7094c45f8ba8cfc231cf,b4d009922bcb52db212642a732880aa4eeb0be75fdc70fddbe86bc9decf1c99a,98ded35b0384a21f322a6b201f0306395026b440e1960aa4a0eb09323fc23063,ee81d74cda892d22471c4e772fbcec4e7145029e36141dbd5483ffe88e81b30a,3b9f7e24d4b7bae9169fbd3faf16a552f32b1cde4178366628a1c1137d3afd9d,a8959cf22b4bcb8e55ae5053658e3a4d23272e9e2f75bcfeaefd6a742244b30a
PNC/2012/page_98.pdf-4,PNC/2012,3,True,True,PRIMARY_ELIGIBLE,True,KNOWN,INHERITED_FROZEN,PARSED,PARSED,PARSED,574c1365fe0ecf6d56b3885de8d42af09616f39f2f0f977811913e1d26ad0a0f,a6bac89be6c5af0bb34a109adbb09aef86cfd6f12ab7200114f786b8d6b7f6f5,e5e0546ba2ed921a63821059fbf0fa30e2b2cd88dd12d051704d0a1df9223a01,4201e10ce4150fd6c550213df5fbbd0b2f1b36d6e33f82d1effe8fb4b4045bec,eca653e15e0bb9549970ad9246739dcada4116e6238316798ba06b9fc3805691,1499213c11d4cbc8b0032d503538a227a3f40988bcf9ad830e478272256f88a5
ETR/2017/page_441.pdf-1,ETR/2017,4,True,True,PRIMARY_ELIGIBLE,True,KNOWN,INHERITED_FROZEN,PARSED,PARSED,PARSED,5d3cd59ab03c6b1093018d22518866f30ea8bfc8d86276a88c9ee34e4ffeebbe,1bd64d029223d593903679395a824c613c44a82d6f08c6d46f3d0e685bd97bd3,bc8263e061f59a3662c29de8230b25db1e17d58dcb8e7d3e691549a36313a636,7aecc0353a67ef3faaee6c2afa04fa2fb9de950e5c5b09f7f03047728444eda5,48cddeac3206a4552db2a7ade21aa7d5490647a321e8e46544bb710ecbf7e206,1d72f3e3edb3ac29ebf57f4133cdab3c4498e9297e4c1067e83c14a00c9ac9ed
AOS/2016/page_19.pdf-2,AOS/2016,0,True,True,PRIMARY_ELIGIBLE,True,KNOWN,INHERITED_FROZEN,PARSED,PARSED,PARSED,81cc68fe1d2cdc942328ba7857e74a5c416e34ab77ff8b270c7b37f148b7dcd4,f52d88789615d9e00ad2704d88cbacf108328d9f1fdb3ba9c41281a338a5ce3b,07828b415beaceb1e43e899ff804f9b022563de92876f4c768d9ad46b7b54cd6,37dcab65ccaefe4a58e4c084c54d7825d747a8654a6f2b7b43b31dc385a53dba,42bc6084709d397940cf86db0d0b5527ec9f0c20b121d31cb15017a4773d36e9,6e650cfb3e922fa418ba5dfe79a7d3b471bc9a53061c633c91298ac8c070aa69
C/2008/page_176.pdf-3,C/2008,3,True,True,PRIMARY_ELIGIBLE,True,KNOWN,INHERITED_FROZEN,PARSED,PARSED,PARSED,06e87e086b47911fb6629fdb8ba7abc549edfcaf66d6901218ed76c15c443b2d,fd3a0389eaad1f59f2c4bcbfe29897adae69888b40ebca224fa65fdabec51edc,e8b35f7df6d005ac0f171a90e877455e7d878278d19ca0882afa6a2a90ad7eed,5d3a32b1fe9d3094b23f1f7e47419bb205ba83bfcde05e5447ec963a9b7be01a,645096cbc9e4b1fb2fe5467b8bf988fed147cade21097c8ebb50f00e336f7ff8,de8389467b28612f1b6e282f1a480445c39cedb8353805bf3dfe9221e510cffb
LMT/2013/page_26.pdf-3,LMT/2013,2,True,True,PRIMARY_ELIGIBLE,True,KNOWN,INHERITED_FROZEN,PARSED,PARSED,PARSED,daf9b9802776b825c000cabf5d9a533a5b2b9b66fa85b6dcb21fe8def04c14b3,8fca943d7509f5427550bd5966a342db0e73ab27add6665ec4d98c987b8cff73,52fd2eee4cbb03d2cfd25e433679ef16e558363fbbd072abcb87867fa6b4e36c,aae6a5388f6cfd4e3c4523035617b638625b8f3f8c72702046c1ab6e5c2dd37a,9a59f945404f683049fec2c85a49c229824c3b9f29f0ac3e7494bbd0e1c83a32,9dbcd72b34d23c214110200d710d8e274b9b4f248abd4fd28e1494210e6761c9
JKHY/2016/page_61.pdf-1,JKHY/2016,0,True,True,PRIMARY_ELIGIBLE,True,KNOWN,INHERITED_FROZEN,PARSED,PARSED,PARSED,66435404027b3a7dd9aef5f1695d2bf94bce2d5d995b9e877838fe8738c970ec,ac7e4a1363921941f999b9cd561459fe74ec6f2cdcc0c1b20e16112cc29318b6,374302f916c2532a7d35176a83de5f6f8a98b9bffa51fc5a7fac6cc9ecf28346,4e9489a2cbdf37ca2e254d204e4c82b4e3d1983e76e263e944101c44cd8f2a84,de1bfa2a7b83802e6991a8efd6223fe061b8017e230f726548e6e1b35620b5a0,4b1c48dfde6edc28f2114a822af7146b10a9a4d15168f978f16952b612ce07ff
AAL/2015/page_187.pdf-2,AAL/2015,3,True,True,PRIMARY_ELIGIBLE,True,KNOWN,INHERITED_FROZEN,PARSED,PARSED,PARSED,31f15bd6a6fa34ddcbfe99d8dfa07f964dc2cd82824107c40dc8470d36c2b922,6fffa8637676a6d286ad9fe8fea2e0cc99ac39195aee4a0538f552216ee66c0a,ee31aa1e01f56f4f38158a16e88714b12e4194098669f4903e443c0f5308206f,3953ff89ef7ecfa1b641fcbac5835bc2e9ba0eeb347e117522cd272aef16b0c6,55ef6ef7dc9dbde4488d969c65bc0a89076d89cf50ba261ae633dd7efcb4a28d,b05cdd1a17ff1f190598f72b9b9dbc2fd3db9e5373a1a21083719b005f92ba8e
SNA/2007/page_47.pdf-1,SNA/2007,1,True,True,PRIMARY_ELIGIBLE,True,KNOWN,INHERITED_FROZEN,PARSED,PARSED,PARSED,20eda6d03d5f9cff87f7b512fe49346d9ca7572203b62f03ef72042ad8888653,27de2d75ebe6965a9836fc4906ef3e87b6cfc9a3f0cf1a59dff78ae68c8bb254,fb89263d900d8213681d099f9f9ccce36411919a795d9e9fbb2a01e8c84e0720,a937f17de3d33e07463bb05844647b50bf986300936dce0cd15af17664ec2104,a552fdf1324abf4b66c4c089725cc675258ef05430fbda9980cb87ff903af9eb,ffe94ad733d6e79b2b77bf25eccb5f5ef220849b33af35f4d3d340893eb4e30e
NKE/2015/page_37.pdf-4,NKE/2015,2,True,True,PRIMARY_ELIGIBLE,True,KNOWN,INHERITED_FROZEN,PARSED,PARSED,PARSED,911e9faec6a9de714cdd3c6af6346164da1eecfbf1ca8735e272d05d39971f3c,f67530088004dd55d96acb53f7451a41fa33f32bd3d35c0ec0347fc5206fee0f,755b13c46959cc3c9d2657b120f1ee19685f7d3d3547b45b9a57375426a526fd,9303ecd30c8d867ca4bf4aacc6308faede2721bbecf08594eb26c2acf8eeb5a2,6c8f742407f9db91974000901a84d5b1389f4b4f616ef4166866743ecf81d78c,93ac6b13597d484677bc4002b92a15773828416559f70abc8c6351742a4295bf
ETR/2008/page_362.pdf-3,ETR/2008,0,True,True,PRIMARY_ELIGIBLE,True,KNOWN,INHERITED_FROZEN,PARSED,PARSED,PARSED,7e389dd835039143ab39b6b8a50fa57dcd7400f52a0bf17600bd51a2dfeabe53,42c519a9275a622946600fa512a2aa02dac2cb8a3031547d7083f0fb0c134683,9fb19010f86dce24d3f3a18872202c6d308799d78481071ad0d60c3d0386508d,0679cabac8596d942647747a6062e6a04040e6cc2b8349fb3215d78fbace5527,3dd72095b21e5f6476bcfd2045ff0bf699d73519bbbd0ec26d926cabb052adc7,a31d4932d0bff4daab194d80701d2419494ee9676bff6ce929b531b113ad2f67
ETR/2004/page_160.pdf-2,ETR/2004,1,True,True,PRIMARY_ELIGIBLE,True,KNOWN,INHERITED_FROZEN,PARSED,PARSED,PARSED,cc97cf5f488850816d09c689b2e8d8b7d03d17086421ced3c1b4876345464285,bf0f057b173e69e74d16927472f25d8ae6174137ac2c976843c0cd7b6cc73db1,84932b3f9c3a49faba6664f103fe6c6a18aa0c7f21f520efd6869e6835f4b291,1997a5b6a447856a365b4cb96487b8aa5dd47e2a5c86a4f202545f3164cfa5e1,30e53c2acec6688ffd32f55a40a9cc390c7067403502a263a76ad651880538fa,b6b47217da4010327ed2551a5f08b1aa36edd713e5aa42a660f48b5b62e99428
LMT/2016/page_85.pdf-1,LMT/2016,1,True,True,PRIMARY_ELIGIBLE,True,KNOWN,INHERITED_FROZEN,PARSED,PARSED,PARSED,a3616fa063f6a94d470db2d50edff315df5e89069649b6a2dd3efe7914b04e1a,d2fcc08575f3f96171ff48fbb2710c4df858074d5684d7cb362568d989d15fe7,765fe144190d59efa90cefcd3fc94562c9d84a4a509279d55fe389a7dccf00a4,41d6a18a821d7f715cfb5ffb340eabd17e540dacf18e882058b990fae81cf583,e231b58289572cd692f6037660973d1c9248ace9c288df8f314478f02a1be5a9,799d7d747baa0c384b864bb6a006548f39f736879393a007e2509f6492692675
LMT/2016/page_83.pdf-2,LMT/2016,1,True,True,PRIMARY_ELIGIBLE,True,KNOWN,INHERITED_FROZEN,PARSED,PARSED,PARSED,aa26ab6117777ee7f1a65568c7a06b4993827a969fbee412cc49462a11695ec5,125ebd5dbc6aa54c1b58ac19b8585aa6e1484c55ca75af37b75ee3d94a9bf3a1,937eff3cb86b936c3b21d584ecb7f83450aa302efaa9556673b2d7db4506ee07,aa5c9072e5bc51d8db640a30da21b917356457c3bca719034a329cb0ad4d8b20,f532cc81307c98ccc46195ff9ce4458fa524bc8930fa0d61c59df4f71247ca4f,bebbc11b84b293ac1844c404b421b246c1caeee08a06a470aea0be80742c3ca8
C/2009/page_48.pdf-1,C/2009,2,True,True,PRIMARY_ELIGIBLE,True,KNOWN,INHERITED_FROZEN,PARSED,PARSED,PARSED,2adbcd8b4fae90bc8722bf8a5f0023cedbaf8094e953bfa3119cada5c2c46e12,3c4cfda7c52802e496689a6ba4f9d92cb71077b10435fb021de321c10a64c855,41d5d8a872b09762ad00ae3d301e570c9cdd88e46dc93063b5c62402d61f24f3,5a2076f6d0bd9aba5e2ff48b7080262ccf6e146bfcbfa04d387b5745272f868a,1ebb780db0332d7d7954138e328e1c0a0325c1af7a5a549209601436714ff0de,f7fff3a0c46395922c262c137e23c8bdf7ff6a45dd94713ce87fae3c6575f6f9
JPM/2003/page_100.pdf-1,JPM/2003,4,True,True,PRIMARY_ELIGIBLE,True,KNOWN,INHERITED_FROZEN,PARSED,PARSED,PARSED,97b134c2f98617cf9171b3253445420220d8ba8fc1b8b25b0791c44e10dba93f,b937ee2a553cdd793a7a50ba059dcfdaba46dc7dfe37c47bbf999c92ea6b1b7f,7b591ce4633549d10db22d6f7ae95dda5526f212ee88f17579eb6ce04aae1512,891df1438eda088f67bf947443f83e8bcfe0fbaa57a292e77ab3c8e1c121c2fd,017bce858f0ffc47d117dc3073a7523a56065b3125400d75628be5cd0dc03b86,3fe5083fbb2b5ccc86512b0ed8c842da3299d2326e48f286ec2b2297893e7f08
PKG/2004/page_21.pdf-2,PKG/2004,1,True,True,PRIMARY_ELIGIBLE,True,KNOWN,INHERITED_FROZEN,PARSED,PARSED,PARSED,e882b0763d8f1034a6a0cbc22ffef581e500c4a00e23e63b61665812e15ecd32,8d8910f10bd8d8189942ff500f61ef4e1eca6f292f3a28e5e23fe1607753e000,390f1d1108d2356c2b66e315a89a492c0fe51fe8d783e2b4b1e8fbf42a3d6860,1092ce7d1408e9d5c5a24a95ca21d759e5076645e7c9b7c3cef182059d66bf5b,749907a08961771f20cdc081f06adb29db25c43f4d71c4fbaab2feff65d099bb,da9a0900c8f4f03c96fd44517b3671c6cb287a508e38247b187c26d97dd1d271
ETR/2017/page_25.pdf-4,ETR/2017,4,True,True,PRIMARY_ELIGIBLE,True,KNOWN,INHERITED_FROZEN,PARSED,PARSED,PARSED,bf17b32a0f8ec98fb584efd0284533f3f0209e8d0c05fc70ee5af5f8a0b4da37,b536f210339a2a5395405e36d851df2e3a0b478d0ff8ea3c354f6b3dc2baba16,8cec157275d94b3962fd69fb2c8ebd790425861dfe6412af724969806ab98db9,2b520b2d6fd00de2b479ee5ede7a5616364f570770b5afe801a3696805d4edea,30229c1050d5965423d0bf18e968797832c50a2fd169638645117c6d5a4a4123,bbd1f0020685f4bee6b125bcf3b09f45307a7feddf742c1d2bc854b618ce5d8b
ETR/2016/page_352.pdf-1,ETR/2016,1,True,True,PRIMARY_ELIGIBLE,True,KNOWN,INHERITED_FROZEN,PARSED,PARSED,PARSED,9e270776db017cbc0fb35d6f0a1d8d777fef6df87e2571476345154531a3b1d7,c3701a801fad97c632ad0c83974750a7529d5f5e72a54b83d613cb256736b71c,802b76bebb0e9dfa8b4e1a81faa36d4a75ad19dc5428cf139a8688fe340314e9,02a0ab806c219d03e32c2657da4cbf8fcb1f656e22fadcafd46743115792213c,8a93bce71420f9ffaf1d11907fa57acc30734125211919ed416833654170531d,e722298558bf23afd7d449ef5bb7149f11f8fafd8cdd981c1d2495e43ba71c99
BLL/2010/page_58.pdf-1,BLL/2010,1,True,True,PRIMARY_ELIGIBLE,True,KNOWN,INHERITED_FROZEN,PARSED,PARSED,PARSED,aaac8d87f8fff0480144dfbe331c7dcb22c1de97e2f490031c32549f852830f9,9f9f236b036e1c1e534ca322b8dc899d98216db24f33d072835004f5a9a76f17,c716807d664816b7c6b569a532d810c66ea282249976535818ad0236c77ac616,284b2f8baac8450dada5608c828a82ca363fe83c6013fab470de0d49c22a20b9,ea232a823d3fd87240a12d9cc4946dec946b9ae3b38ea8e403d8180af0a5371d,49b457b1b97b0ee8a419d184b08de54ad406dde6f9e905c30792d2670c7cca83
AES/2011/page_230.pdf-3,AES/2011,1,True,True,PRIMARY_ELIGIBLE,True,KNOWN,INHERITED_FROZEN,PARSED,PARSED,PARSED,8b115359253287c0129ca61deb22578fd39e66541daa164b97b2f0dbad741a5f,c6fa1f8d9146eed0a1b56616b12a4fbb3cd9a978e9849f237c335f5beed65420,58a878274d5a7db5580974032ac83426acc5db1f34d7edb1e9a2f34d0db437f2,f0716517c4d867e21319e81dbe2803465c97cf5b8d19c81743d17c4b0c5c4398,1c5f83feef311b8ee27ee309bd15ff90299602333347a7619b2db7534c50e4c7,7bb493fc5398cc504adab9d7e9d42f08c85f82d67ae4b62a4585707dd6773d97
HOLX/2007/page_130.pdf-2,HOLX/2007,,True,False,DIRECTION_PENDING,False,KNOWN,REQUIRES_HUMAN_REDERIVATION,PARSED,PARSED,PARSED,06a5c2f54214c6a99681284a254c623ece92fd5a3c693944b69d509faf0aa5ca,933c39ed71ae7eff7a283ae37d4c6db74826842c6e2fa14b4c30852599176900,a92e8b807ed6018103b514a9fed4114ae57306559cae0beaa4606c23c645114d,512ff0b995286983d7ba52ef083c63e110c48c427b9ef4e51c2a6113a75ad36f,285859e85749605c78af12d4507fef172e9947a5f96329bb2d292ff763e32360,a5c03548643cf4e6f4cbc2ae8614a89806d755825f225bd9ad298ea380f68c24
RL/2018/page_9.pdf-2,RL/2018,1,True,True,PRIMARY_ELIGIBLE,True,KNOWN,INHERITED_FROZEN,PARSED,PARSED,PARSED,2d7adddf0e3dabea8f02e4c94022508d531986a709470348ad400bcc8b3be421,452873b8f64a2ff644011359fda814b389238a1562a20b0b268e648d770fcf54,e7b6d856ca11b1cfaed53893f336812a48876c19cc2e4655da2142f0c39c57cb,c5ddb7b9eed9bba8be4c5f281673f5a0be1ce36ac565d3798c5881a242fbad74,e04e37aa4629bec4b3426c72f335103f56d801061b57949925babdd1e046473f,0a01f5e67461e608593e2fea80188e0e6073927040f56be60b89598e1654b08d
STT/2006/page_92.pdf-4,STT/2006,0,True,True,PRIMARY_ELIGIBLE,True,KNOWN,INHERITED_FROZEN,PARSED,PARSED,PARSED,d0fc743e33830d440efad974c6fbd29f9eed3f8b0df2a249bcb2c83261967410,5035114172ef8463fe1c913598dedc359a13e0b58f60ea6d1a1145f902a502db,3154cf4a3f4e0cd71e7c3c29fd66ad132bc4c02ba089b015aba1a8e96fc43da4,a1f7e2a9599edf1c2a99654c65d86d624f0b1aa1767c9217363e3c8fc966c285,4651d14a8aadfdf52f2f47036deb2fabae03855a14961d1ccfc3c7dc0cb3f1d1,eddf4b110bb5ce25a0e5b49303b59a9865dba5b547cece2d2c6ab85833f0d8a7
MAS/2010/page_29.pdf-4,MAS/2010,0,True,True,PRIMARY_ELIGIBLE,True,KNOWN,INHERITED_FROZEN,PARSED,PARSED,PARSED,65cafbfef4b1a808705c1fabecd42902c237324aa48c6260e0784c8c82a4c666,dd63069634016d601a41f40bd6c99a944f7400d86ddafcb488d45158922a46d4,b6df5d7be7c2d706f0e721ec801e9d160fa422e95311ba5e980e6d980ca6523e,e4dece73a942c91672c14ba5f4eb2fd5f9d3d51841c709bb97ae7c8a0b2ccdd9,abd24e79e010af473e5e62c2aa43fabe082f85d5c3d51d5198ffbebb15ef1a91,fa4b2f687c2223961ae56733280b643e8af0ab62676a4fcee301911d1b8d74c8
JPM/2008/page_86.pdf-2,JPM/2008,4,True,True,PRIMARY_ELIGIBLE,True,KNOWN,INHERITED_FROZEN,PARSED,PARSED,PARSED,ff4d0b18c1870b9fedd9f646a0c63a229f9f9f142f391f3dbfee99e2b8c1a302,d7f1999dd26b91c689e4dbaa24eb18a32353f18c68fa7f2dc2da015e398d8227,e6531fb4026618b33960f8180b50ab8f7ed1db82c0234c7b990879ab62a3f22d,354f8d252482f93a91cdc9a123b11321fbf089b01dd9e763a1163a58d7e53e95,0d9ad59131c57cfb5cea8d3f9c3d6f67aeecb3d6f1839539fb2d1da220730455,de5a51c621b7fc746ff77afbac4e0cd7b7860fbd7874415489c455b2b2dc3e2a
AMAT/2015/page_14.pdf-3,AMAT/2015,3,True,True,PRIMARY_ELIGIBLE,True,KNOWN,INHERITED_FROZEN,PARSED,PARSED,PARSED,4bb085c9745201a614d547ad6f5bbb95035382ffea63105e18ddc41b9a3569f4,fd1d38767fec126c416f4b4e0385408749da8b010b3d822c16197c5071b03d2d,755a5ccad4ad0f98c02a6566531aa0d001623ad1fda5d0943d0592472f6460af,c97b22518e4881cc61bf3b26cb50db5e559572d79a1da8a3554c5d340e94dec5,346666149e9ef3cc99a8c19b9d41d8b81f6f2ee872e82512aec3f1c2d9eb831a,2ce70b98375a24066b01a58f97128794c51720ca85c4a54f2b3ee67ee82911ad
INTC/2013/page_40.pdf-2,INTC/2013,4,True,True,PRIMARY_ELIGIBLE,True,KNOWN,INHERITED_FROZEN,PARSED,PARSED,PARSED,8f225e1c115140fd6115f324b723bd86909232c0600e67099d4db7edc8cab14a,507785d1651250a95bf421a15d37d2b12b7231d1a6f4497e45453a9c0a5cd4e6,f8251e23685b5e46a804b72270cd93e57c5ce3d13dc0de15ecfc712fd362d9fd,0f24fdb61e7c0b654892a79999782eeea938d240a6b80f79f87dc869cfdd6260,016dd6b7f6b7b74d696598bc051d03d0237438bb2faaa4a4d5f31b50b5c1d721,ac599dae10d5044600e9514a16f64f9f8e0a9e9ce39fc4ecd5f0563e958cf0c6
ETR/2008/page_438.pdf-2,ETR/2008,0,True,True,PRIMARY_ELIGIBLE,True,KNOWN,INHERITED_FROZEN,PARSED,PARSED,PARSED,579e6da2948219959117aaa815a0cab36e1cda3f11e34b3c3bcaf65555ad509f,f0d9baeb6c4139f92c8d00fce561c4dd79ef832be1608a004e5def8de6437b63,e1b0d0e60fb74ed9c261bb6793d5087ce94c49995dd2601e6245b3b4f20b83c7,0720eff3bd0d59867928a0e7872272cf5d1f39fa6c153b3322ec8a8192b1fa9c,7f1dc4e68fb85902fd83effe82540c8bc85a7016953b9c5a560fd7b350618114,2191dc2d11ac07400f8b31703cc2ce5fdef03d186660a77e6aca27dc13f54f80
WELL/2016/page_61.pdf-1,WELL/2016,0,True,True,PRIMARY_ELIGIBLE,True,KNOWN,INHERITED_FROZEN,PARSED,PARSED,PARSED,8102291533c6cca2a3fc5de39fdc0822210bf35197060ffa8891b48e3f2765ac,725cfcb3261dce75fa0ac562ce4f78526ca33cb81a3a11d491af5af24c0c4541,7efcfb26f4ffb5e42b96380a11127d9c2a12c842460ec6a8cfbda1bbeb0fe640,93bc8469c9d0fe53a22d284019bb1ef427cba8ac61601fd7a974b5183be925e8,80d9e2efd979ad68a42edd7286aa1ab529bdc79439538831cf9a6e1481aecac0,a4f65843b11bcde3a8d808eacdfbd3fe30b87d0dd4b1a179cba9a34e6daa9cc4
MKTX/2004/page_24.pdf-1,MKTX/2004,3,True,True,PRIMARY_ELIGIBLE,True,KNOWN,INHERITED_FROZEN,PARSED,PARSED,PARSED,d41d2f31dc914a7a1f84a9fc51ec98b30a7bf039a5a9c413cfd64e748d22ec19,34a0797776cae16870d3f564c191cba8578317c8b3a63c8cc88da9f718a0c6da,cd0ff8ac7a5caa6fe10faa8ab1ab9593ceb9daf75af0b0c247363246fdc2ded8,e427ae8b4e2dfb2ddc1a707b78ba26fa89d365375b0f4233b70c6bda7d1c16f9,14134dadf5c0882a2e2cd121929173d5cad3ac5c204f69d6a445579637c80741,2e8eec41c36afd17d9bb8bb72e5a73b8423dd7971be4f551e5a893c784f1d024
AMT/2014/page_88.pdf-2,AMT/2014,4,True,True,PRIMARY_ELIGIBLE,True,KNOWN,INHERITED_FROZEN,PARSED,PARSED,PARSED,e28e8a478e7152dfef50c489c59e11b8f8b0193b741fec413f555db2f21fa47c,4bf03354ce37b717095273ccc4df923c95d8484074b847abe55d9a2f5e6f87fd,b273171f1af992a9e97a85ceeb09cb7a16cb9cc78eb60599b376b9edb8cd7586,79fbc5cfe6dd4a9583fef5b17017fe5ce250734dcd25ceca2d561ab59531cfb1,7ec6fc4f093378c8f054f3588ef32d0c5e23b0038a8e7164eef05d7995749fb1,ede80ffba80df19ec9519a982ad59cc9f467316327ba6bc1bedfd3b6ed8fce61
AMT/2012/page_123.pdf-3,AMT/2012,2,True,True,PRIMARY_ELIGIBLE,True,KNOWN,INHERITED_FROZEN,PARSED,PARSED,PARSED,8c8f48b3494a7ae546c3df036016918ce5ec5c709b88388a400118397558a3a8,834e02c2b638ee3ce5a02078823753b83e4ffffb8aaae7009e0d200c3a9a94d6,71f639550d332f47f6b62bd88f93b82f36f5fff3b88a06aea23908c26e783803,b112279fa4883d54e653d087bd2910eba7b4975cb22c64fcb57019b7c69989e6,d8f092802bcf2a83d3ec692bc6e2061cc2ce483b5860ba99b276e481d13e691c,8f95b64f57bb648efefe06184d448312fc5718febb024b76df3548110d8d0441
FIS/2012/page_11.pdf-3,FIS/2012,3,True,True,PRIMARY_ELIGIBLE,True,KNOWN,INHERITED_FROZEN,PARSED,PARSED,PARSED,ef05c60bcff34183186249fa7981fb516b740f952c30c40cf92b31b1abc38fff,24daf07cff16972b6ce1d8f661ace34b2d62b96380cc5080d51a4d0365ab8f5e,bed3b20ac3f0227d9ad423231ffba58e100f82fd8f84de214afc2fdaf6b6e3ab,1869efbea01973803abd85e00198ffeefc9bae563ffb247f4d14d841e9f11319,6237a1a54435a96cfaec05c607833da509de358e1f2e096e407fc66c63c09cf6,440f4fddd6f6b57d0cb2c91992127819e85498cdb5a279fcd52feb14ca0e8137
RL/2009/page_20.pdf-1,RL/2009,1,True,True,PRIMARY_ELIGIBLE,True,KNOWN,INHERITED_FROZEN,PARSED,PARSED,PARSED,f9c22ae5661f005494555e74101e3db987e53ab965433878c5a725ca29134f57,ed0855be9e9033550b5c286bdea59cf20c0cd7ce06c9ce66491fe2c8f1dde553,0bc948220c286343d73384170f21bafdee2eddaeb1ad97606409738688dbf3b1,10a322d28eb3e60356cfa63f9b789ebd75f4fdb1019f4a3552f439a9fd07bf01,5ea5eebe23b5c9b56f77641a97b6c1790bbcda46dd2dff4713b894a50b1692fc,ee61261f79008a7ea4889bde544dac07757d5cb368cb8849f8b32585a8e5d941
PNC/2013/page_85.pdf-2,PNC/2013,0,True,True,PRIMARY_ELIGIBLE,True,KNOWN,INHERITED_FROZEN,PARSED,PARSED,PARSED,f9357eb548bf25331d13e4dcf25d9bbf2d913c963d6e77fa1749d3583573aab2,1dcbee6ea7f4f8489700143b8710b6a786717c6a4b1c46bc7efdfaf2602eff31,1a0e2ea207513c2a695072cbe3faf48fd9537f75ca65dd5f449362137338f977,12489aa3b32f7b763436e7c5867260c84c6cc1f9e3bcfe5097bd03481b7bc9d5,8805fa398840fed431e774e73c8f0566d8e292568144c8b9ec9a8a6c65566878,d61c7360a35ac3508a2cc4be447a27ca5d3653beaaa0d9ec0ad9734bef46520b
EL/2009/page_112.pdf-1,EL/2009,4,True,True,PRIMARY_ELIGIBLE,True,KNOWN,INHERITED_FROZEN,PARSED,PARSED,PARSED,ea3f1cd3ee931e1894192390bfd751ae2de1920cddf0933e04b2263c2f221a74,0c919a6a5c14340aa6f7e34bb2584a920dd34e5c7028b235b74d4df6286e5d62,c91a47e07e544e9ad41a80135370ef51c8315b41bf8155abd9a587b220e95471,6351b23f018bf80fdffd16f8914140507ec4915be200ebe4d4b6df5734eb1e4e,688c1ff0d804be8a3141e0d495309b10e75024a835e40d801645b6bc71053638,f09107b2c9b450dcced7f3b1527a65e2c8c953b09345feb85390221369549d59
CDNS/2018/page_82.pdf-3,CDNS/2018,1,True,True,PRIMARY_ELIGIBLE,True,KNOWN,INHERITED_FROZEN,PARSED,PARSED,PARSED,346faa555879856c595cceb9372823636ed78d23c87ce9fd180f7131dba4baeb,cecbdaca09b6e3861b9f46bcc9190f6b35c93e1cbc31c98f2243ba572930ba54,6accb35a353ed5d2f3218e7348550dcfeff63696cfb5dff6505583335cce0d8e,d4fad5ef9f623fbb2cc602dd85010fb4905038a7316c3b641711287f29270482,e1dfaa46c23acaf5b2af2b7f80e48176fb643a395b4d7de2d457fcb547fc51e0,8b2ee623fbc11ec8a37f6493b791e777f55ef7d7d0152009134bb495dfc710da
RE/2017/page_145.pdf-3,RE/2017,0,True,True,PRIMARY_ELIGIBLE,True,KNOWN,INHERITED_FROZEN,PARSED,PARSED,PARSED,e4188d1f802535958036ef27534c2c1598e6e2085b7bcc67db750315e8593664,f239e305d39e2398c39e0a2c09162eb22915e6809e7096ae56dadb83abd46cfd,6f4f843b246be84fe0103f7c843f3fa0b56f7c9a4fc1bc00fcd00c1bca967ce4,31bcf051ae461b9102b2ceec15e47b9ff8752e84c7a0d8c8cbb85cac8795d501,92c6d1853d2215f6608501c33cfe1e12386de07db49af3b89a19d89f93584dd8,69aa8b57ebc7ca4e9f7adad4be759ad42589ced6064316d53b721b02c477c701
IP/2012/page_55.pdf-1,IP/2012,,True,False,DIRECTION_PENDING,False,KNOWN,REQUIRES_HUMAN_REDERIVATION,PARSED,PARSED,PARSED,008adac7f6c8cc47f2e4ec3cbc26fa2057423869aa30e3355952ce38369a6a9d,1a9788f127c1d4c2f7b1558530c685154f5c75ad9b936847b1dfb0c381433490,130093aa572b6ad04abada79c8d49144f99c72e889d24a8515fb9895a097afd8,a7646514178d88da3365673f0f61ac452473a94a7ed32adef1e97ffbeee0b326,fff76938dd85961250b1ef8cf8ef2c9dad74bf47bb11179a0c0ab19ac1512088,d43ca379ab235a5ec020cc8167df0b67991da599b56115d5834e894d063aae18
AAL/2014/page_89.pdf-1,AAL/2014,1,True,True,PRIMARY_ELIGIBLE,True,KNOWN,INHERITED_FROZEN,PARSED,PARSED,PARSED,ce1fc41c3d2fbecc8b633e02a358c6eff5c5e0820c569827066270b8dd1f2ae2,a84543d6a983aa9821f01f9dca2e73699fdae4a2b7ec6068503df55e7dc9bb1b,c881c14b3e76aae834c672cd6f5bd4ceb08075ab9ff31872d8e6f81bf4f8bba2,422d87ac1b329f8880af87993de08f0f410e22b7df588a5e24cb748b9bfe2050,3c1a017f434fe4fb956083cb24b12668071a2467d0cd68f92fdcf7c5663ac149,3579424aa537c9edc17072f3e5472afc14e48cea1f8532dcd2f4be1fb7d94492
AES/2011/page_260.pdf-1,AES/2011,,True,False,DIRECTION_PENDING,False,KNOWN,REQUIRES_HUMAN_REDERIVATION,PARSED,PARSED,PARSED,e00fb818d4b3553552d64407cfec2087f53a62ee1bbf7564a05a317d5d9bfd6f,7c172dbd69960178b1726cc7f9a17c54632b9baa65e77855d6ba5ee5c9187f72,78547dba6a51c26207a90500ff225fc21ab5c8081a456708635fcebe78ca4b6c,7b8f17a61fd4c4e1d680971506fcf1ac0fd9a47458b9d94829d8dffe9810cf72,af7163a21bedd9d8a983a19bacd65c1379590c118c86861010d0444fffe41948,860cbf49bae94f23ddc0a4533e5a29e8d1b270d192f781614a4515ff59bb58ec
RSG/2015/page_18.pdf-1,RSG/2015,3,True,True,PRIMARY_ELIGIBLE,True,KNOWN,INHERITED_FROZEN,PARSED,PARSED,PARSED,647d566b626a3b0ad04bdff928d38cd02e03de23ebdd469e0c881ba482eac1c2,468fac30c24d88fa2b06693598413b68c3d1e8853b8af4797b0826d7a26beaac,e9f8c36fdf10f18095abf6ddb049f6ee2bbeb52690d0fe86fe7c3b6e872c4fc3,e2e16cabe96062b707f77996040e9da467fc3ca2cac63966a1b38af4a751406f,ae0e111356889401ab57d77ef47d52a214f3cf14c8662cf62ce42c01ebd27ede,dbf43ff5de45585a0f0c5bbc2e230e16070e2146430040d6df15cd2d5691c0d4
RSG/2012/page_145.pdf-1,RSG/2012,4,True,True,PRIMARY_ELIGIBLE,True,KNOWN,INHERITED_FROZEN,PARSED,PARSED,PARSED,ec9b27de7f4cfa1259f2c232b3356d3e948100e8c5954ce34622541c9eb7c239,b2bb2e7e906f7af2b8203860d579f65b2ef576e5653fdbf7466c66ad3f0b43c3,798478294b01edb6e34601c58fc1a34196bad0a517c0d8fd449e8789a233b0a7,5190b000817c0e6a4ceb5589e4f01f2b61b8bf17bd71dcc1a1ab4a1bfcfa340d,779b1d978c06e24aa24f6dc9e537cfb28110a2cac2bd41ce01457978f066c89e,12bf332f52542f694df555dd566151a0dd4d96c7cff8c03b3558f2deaee577d9
DVN/2010/page_70.pdf-1,DVN/2010,3,True,True,PRIMARY_ELIGIBLE,True,KNOWN,INHERITED_FROZEN,PARSED,PARSED,PARSED,5e16460af13efe8c5c5d9f3165c87f9506fedc13cca631f711607ea6a9ee66c2,c97596f24867a6b1d9409df4b45fcb75743f8ca910ed15cdbc40eb835881a463,449324b22b5c1e2cb035ce346b7044cf7bdd49c65c75f5c5a6ac7318851fef47,9324ae3fab8b52cb5842c7a6d2273c1cef72701c3f8c674dce1f9d376e4c6a62,4fbae05504b0a93ff5733d1278bc779a82ac94eaba1362976b0973c531d4a32c,5df2937ba3d41b0c54a8430aa7d0413032e1c21ae9572fd2d8c894914a0a843d
CNC/2003/page_41.pdf-1,CNC/2003,1,True,True,PRIMARY_ELIGIBLE,True,KNOWN,INHERITED_FROZEN,PARSED,PARSED,PARSED,d74ab18661f4487418a5ed18719e740df9c538f9eb7dcbfdfb4c67313cdd9473,0ac83c5fcd9ac1edf379f5002f1ce18c522dc7a454cb5550e09d55ba1b43afe1,b3e5a835d743a50304c400f22a3f3ed59493fa2256f62c70f1ba495f24c15521,9df242d5ea68a60fcce2026c7daf8c60320738ed0036e88f2acb1cd2053bfcdf,a124f2d0c81e841829b8fdb7da2274b836152d8214ffb5fdf116c405c035ffac,d68d5e370ee7c8b37123165261a08456e621aa820bdfa53105966ec53b36745c
DISCA/2012/page_54.pdf-1,DISCA/2012,,True,False,DIRECTION_PENDING,False,KNOWN,REQUIRES_HUMAN_REDERIVATION,PARSED,PARSED,PARSED,8c16fbe71c255873e8abb5c5572b5bd5d599db72416cdc71c0689d047b1d9705,5cfa0ab6882450bda9f50a4ec9b7ff67703074a7ffe6ff4dbcc176286160385a,d482285f694ee8462f449fa5446b4cb44a42eea5e009f479fe100dee625c9bf6,ca74d191eb140224bc2db8136f1f870fa814c5d52408dea261905e084b4dea28,89b222079a83e2d0a3e4ec36d85af80c80eaaeee06a897167745c700c2b335bd,bbf7a2f988c89f93e7adcf8642957cc54b33c457b81c1a2558f3b854044b710e
AAL/2014/page_92.pdf-1,AAL/2014,1,True,True,PRIMARY_ELIGIBLE,True,KNOWN,INHERITED_FROZEN,PARSED,PARSED,PARSED,b748db29767e4a008ee9a311563cc6f6f4fdbd5082179351604c0d2ce61b8b70,904bbf63e4fcd990047075c80829e1d074ff937696b16c7c8185a8187dd8b424,cb291266f082e539f72e13edf2e12a2fe19f3659385a53ca59474b8b6396eeb6,8f08d6efd978be1187438cf158033eebf84062d41196477b417c7450e1ee846e,57c37ee474fd2f8f9b528014ffdaecff9294c546e8c58bc7624bc4d37e33dcbf,f2b939c41d04a3daf2aae045f6952f386e3cee00acbca1dc308e918014af5107
HFC/2017/page_103.pdf-5,HFC/2017,1,True,True,PRIMARY_ELIGIBLE,True,KNOWN,INHERITED_FROZEN,PARSED,PARSED,PARSED,5005da3bbe571bab7ef4f7ae83aa82432067b994ac8627b59a0bc189e56a958b,c6f932000128c7faf78ca8259d860be3f946ff03544218f310e262692ab5870f,6595db25e94c91407d64727b89e9aafd888b3f3e99eb2ff7cfd0a9408536c4a1,8e327e408cf5f334a5d039072e1493228a3370598441d6a08fc30b9b90ed9d7a,54a257f56f9555f5bff880f6595f9a1ed19ab86bb03b72b05302a2844e73a2f4,e2426125c93a338f3f556525611c301fb9c56a4ac5de2b38835e072bcac5ad5a
AAPL/2017/page_23.pdf-2,AAPL/2017,2,True,True,PRIMARY_ELIGIBLE,True,KNOWN,INHERITED_FROZEN,PARSED,PARSED,PARSED,73754eae8b0594fb6ef42a9e2819670cf84f2f833624646efbf67f5695bef8a7,5b6a4dc786ca53b9416c7b60d4f5e5b447f3528b45363962d7dec8e3ce8009f7,cdd84344a5bc9c7063f459b71e2e6f916526ce544372c1340c3aeac1fdf64f21,97ea10bc68c51f33df69f961efbaef14b81817acc784969fd2565bc40ae3857e,8f4534eb04fc07b15346e3f3685cd7ea9e1d50ce97f997423147ffe57f2cce9a,1cd21c6422bc11d72e083752c9d25c421926c236964324f6fefdbf7e9903e089
GPN/2016/page_83.pdf-3,GPN/2016,1,True,False,LABEL_UNKNOWN,True,UNKNOWN,INHERITED_FROZEN,PARSED,PARSED,PARSED,511d7ccb4f05b9d4332cae98cc8b49bd19f4cb83a89c2f6a9511768330b96c79,0d17773c28bc6ce4e11d4fe7a6aea8ceb4423bd1a5d3ce4e76712f1bae00ac7d,33e445091735f123922dc38d525f8be8871bff01a9fb98c41fee3f2569ba0fe2,ae3383d2a9a29f788a0d1d1379b91ac9a943776e69a9b1d88b647023b8ec4566,371ad15f8a0a8fb336cee9727b2bc63ec86ff5d58d045b5a9a68fdbbee97ae07,e7052c0ec6fc9cf082f0be92fb55001e89ea29ed9f59e539a08c0bdfe6f3a1da
V/2008/page_165.pdf-2,V/2008,0,True,True,PRIMARY_ELIGIBLE,True,KNOWN,INHERITED_FROZEN,PARSED,PARSED,PARSED,97a2bc84b77c7e8d0671b8f8b6c6f62f7db5d7054f82f486677f3f6c39e638ad,b03c2f4973b819b5998b0d3b35c4dcfc7262dbb61254e35ec49b3850c3b45b43,33023e1031e9ff65ae3803b45ccdc632085808ad1dffdd22123c98ea1c2e472f,960942a9f5e1e0fbd1060819d4b7dae7125c8250e94dac1f0eb70e7798a19368,fab814e82eb0f3a4dad58678a6d03d20458decab495ca3fa08995bcfa562cb28,223db1b684636bc14d252e88dba5f6a3eb7ca6747e6e78bca6c8d446288fd9ad
GPN/2017/page_76.pdf-2,GPN/2017,0,True,True,PRIMARY_ELIGIBLE,True,KNOWN,INHERITED_FROZEN,PARSED,PARSED,PARSED,d50407493b702a269bb9f0ac6d880e34b08918ce904e1849054014cfa156e15e,69876948a418c47adbd7c81e3eab0703062d4d0e76a7a5a6332bfb1e8e934fa3,af3682b7ec38f97cccdb3aece3f7da7ce458581037b47ab4fd30b2bb5017e140,a7346c2fa2d403ebe02e05f0da68a4d0431359ccc25d616206672a3984c3e325,b2eb45a12d49b65b732c47cbd273415c423844c0ec0267104480fc35d20d5f2e,984dbd9fb6d3abee545b948f93bfc34800d89d993becd7652ca80007b2275b65
UNP/2018/page_50.pdf-1,UNP/2018,0,True,True,PRIMARY_ELIGIBLE,True,KNOWN,INHERITED_FROZEN,PARSED,PARSED,PARSED,0697ff4469124ae3114741e863b4a5caf16016f5bcf6b26526eaa9dc820dba59,dbe954b3f7cc5fb1f4c8775e85cbc0415d37644459cacd1ca88afd3aabe8d3ab,2e37bfd4dc45414849b9795d9bee7c94c95cb76ce48a8e881f0b3d9c01b51f0d,cb338188e053970678fbb5800fcf95febf6c10a11ed82eaafbf33021b2b3be53,dec532ea82e70b2460f6f0872bc94ab4cb72831cd477384d189f1c4b73004014,aff603aabec2ac159100e8ba4746d148a258381e2b0e0e05c5cd06898f63e1a6
IPG/2017/page_26.pdf-2,IPG/2017,1,True,True,PRIMARY_ELIGIBLE,True,KNOWN,INHERITED_FROZEN,PARSED,PARSED,PARSED,7dc6e2a65f690bb9a7eb63aff68432baa6bbf83e0819a50d7d780ac7bb43efad,1d7404fab5fab8d22af31e3554e15620f901ed98d7add26ed5e422d2af719ef2,33651c832f119aaf8c9b964b023985ad438affb99c865557211ebc1a4c583c9b,92860eb2acf75bd116427c2fa8504945cf3e575a020823c445469beef3d33a4c,7c34ec59df8235fcf806581bc8422b20af79b5f876cf6949c800c62d130b9e3a,0241ca730c2b2f9f385681026c85abfc90734660eaf42dc16f08507017d198d4
V/2013/page_113.pdf-1,V/2013,4,True,True,PRIMARY_ELIGIBLE,True,KNOWN,INHERITED_FROZEN,PARSED,PARSED,PARSED,674a3f4e7b9f312488141c6a56e3f4f35caca6e4eefe4a97dc82e042dfdbc145,06b435d403f44a24e2ede6011573060239b0af079713c339f1069b345c339c6c,09248b7bf6a4d3826370dcc1055539a90c6ec93d8d42d7f1e2ec522360e2967f,7fc9229b8ecafb8422ae6f89eeee3231f0f2bd98ef26a81027fae43ca5759067,26d8ccc115b54a53481075552d18a52716cec9f6cf64968a7e01aa8702ce2904,d82cb216c64b240e4f8ad1aadbbac209a6b41216a6b544004f17b0449a97b035
RSG/2008/page_127.pdf-2,RSG/2008,0,True,True,PRIMARY_ELIGIBLE,True,KNOWN,INHERITED_FROZEN,PARSED,PARSED,PARSED,397871d6f02c2a1e65dff98f0f179678b811183e25af01e67d3e6cd9b6db97a1,6f166fa3ed55402b3adf60e09756f085d642fa737d7883a0f4ee721c63aa1376,35873a16146c278e229bccb57df536a4a6f8e40c7861e043a4385a80afdc76b3,015c08cc1bcf88fa19acb356380d9384aa991ffee3c4ed20d2a6e6df5113157e,ffa89f2f48382063b96a25a0070fd413b47ba72d563c19c819fee43048035483,4ff7bdf4138b332ed894e3062af8476c812b121eb8676ecd9972db46c1be8587
MA/2008/page_113.pdf-4,MA/2008,4,True,True,PRIMARY_ELIGIBLE,True,KNOWN,INHERITED_FROZEN,PARSED,PARSED,PARSED,32c7bc10ae7be8e9ad1ab5ba0ed26f344704c19cee78822c46721961a3ebf84d,97484846e3476819804f0cc2904e1fb4fc061ecf11b5e3e7e765c351248245a4,e1c1bc74ea562a6a1c8ddecd0ca6efda8d35c14fd49ceb56f9adcbfd3ddf0271,f2885f80ad60ed10f00885691636b43c9b35def156538bade9bc0dfcac380cc8,8beb988fbd869bb93a0b2c86d4382d2026ef0d0df88ec15eb8e03cdd88e1acae,ed83b1026e59d0fa68ec1de0784f9463bb5e4a8822e146ae03a9b71e43e07dac
SLG/2012/page_61.pdf-2,SLG/2012,2,True,True,PRIMARY_ELIGIBLE,True,KNOWN,INHERITED_FROZEN,PARSED,PARSED,PARSED,686d245f68148a0c58f1117a1a5758eb5807657d2387521365a09fe4c8cde196,fec2d8c0adb8068f3c211a495aeb0daaf6f4f65ceb4a700d0a866c1a50e2957e,1dee2d81dd8105f59cc47c0de6e9c65aaeaddf506360d43264fb752d0150ebdb,1f26640ee11d184f12a6bb480fe0f3b6d4f93ee53847732ef782c8b9724c202b,658ef55012c1b3b9ff082c1c8391e0af5a5258d442c08c2649440c63fefec772,6eba1e97a52fc8c2ad375f9531f5962098b1ad1bcb2c22726b4f58b8765f3f84
AWK/2018/page_172.pdf-3,AWK/2018,1,True,True,PRIMARY_ELIGIBLE,True,KNOWN,INHERITED_FROZEN,PARSED,PARSED,PARSED,a642701695849e71c12a3fd15093a8dfb73243bbd56f4a1c41d77fcfe0784dfa,218e66e243a4c3ba68477cb53d48d4a04f3578dd829ab453c1080ea1e9b96cbc,f602d35902ecab784ca6ed6c0c19343f4aa70db483963e65f8d0f201f9cc5519,8bf3a705304b83f9041640b882435be5dfd88fee4a32f2f7cd8de58a36406a5f,1160a6e6770a853860a8b31fdba7ae2e40e025b1f2e5bcb9fc7581cb6da6809c,ea7731a154c88736ea9ecf663cd22194106ec4280e349868140687536eeac109
ETFC/2013/page_155.pdf-1,ETFC/2013,0,True,True,PRIMARY_ELIGIBLE,True,KNOWN,INHERITED_FROZEN,PARSED,PARSED,PARSED,3300e590cd7a235706f6dcdd2baf247271ea4b47bbba020ab598183b65cfac47,dd560688692e04580745b7412844b418ec880012a4387481299b227813ec63ab,98293a2dc659a272a3e4910f3f44327b8da56e2842ebeb8f81fe5a5a40b079d4,77ccef4d4e97da7bd20bab8fd48eb243e3844b9e6c8c77dcc2e5b86610ee27f8,eaf916558e795ce6baa7cdd355962352b1c6f9043d08fc9711e34056e0bbf437,d39f2ad125c7babeee0f5a3bb2a9ef8a248dff4da6bd17f76abe5e0c80c0d5f0
LMT/2016/page_50.pdf-3,LMT/2016,1,True,True,PRIMARY_ELIGIBLE,True,KNOWN,INHERITED_FROZEN,PARSED,PARSED,PARSED,53f6bb14c321331f9f6d8fbfeb860fb306e5ec98f3571c22a121588fb6985759,2be65f32bf34c2e93f2be883b36ffd87e2f221d3ededa632a8e62215043a6965,7936cf44e5666d96e6285e763e34ea8cc85f2413a0795664c524dca143a74e5c,96ee831008dba0301f65b55dad6f8dce5a67550576f83764fafb63cdcf89de7e,1f98dc1e2c8c43e18614d1bc5306369dc57f628832fd988ebf8a86df4d4145c1,1c0940cdb02826af798cba2fb1d005bf85b9b60272e66df1994aaaea6c97ccf0
HOLX/2005/page_27.pdf-1,HOLX/2005,0,True,True,PRIMARY_ELIGIBLE,True,KNOWN,INHERITED_FROZEN,PARSED,PARSED,PARSED,7cee3fb169f3f461b2357ade6c63f68e5ff1f1b307ad332f9da1d62143887cb5,55a7f580cbb3711f9cad748829a7b85dc55b38e9b28ef0fefb589b18c7d2e93d,983df34911beff7ab1f33c06887fbe60d890dc3ee098813cc29d0015db07d1af,a93d28c1612ccca63ed1eafecf35bbba58a4789b911546e86102ebbdcef100ea,5872fa0a51000676e3a69381cc4a99bd9a25a475b0952cf3f2248a9055d09414,6a2b5e6ea31d29931466577ff684f5f65479b56e589b2d55b871816f2c702c16
LMT/2017/page_26.pdf-2,LMT/2017,0,True,True,PRIMARY_ELIGIBLE,True,KNOWN,INHERITED_FROZEN,PARSED,PARSED,PARSED,9846936a476c28d3e87a36016bc34c7873609cca30b34c0fc22cc167b69aac45,6958d860e2c73294990e8d0866e5d4fce5deb72e819de3f906ced3ede0dc6660,efd6e252d5557c09d8cb8cc467f4ae653104237bbc3780b75ebfd081a9dbbb3a,03a9005df1329a07f128cf391d0fcb590ac45f068a5b86229a7c4aefec2a346f,fb78c7b01b6c52d5fe4b058891ad95c1b286540aa393c40b25f4bf0a25cd48eb,21e94e9173dd763e5a0dc53a7baeae2909821d04e0e3321f147210ba8b1b2838
AAL/2015/page_183.pdf-2,AAL/2015,3,True,True,PRIMARY_ELIGIBLE,True,KNOWN,INHERITED_FROZEN,PARSED,PARSED,PARSED,d87574fdd0244d661de5e65b95b23be96cacb56eff8e6913eb87e636accf63b5,ed61682ed0e1540611cc5cfa951d3a641344e6efdaf7cc1a95398723a1955011,17678946733c11fb2ace1d246a9082f1442f741eca8b124489e4b54ff60a46d9,1eadcda85c4b01f2df9128ace6d7882997bed1a6cf3b882df1573ed328bab2a3,c2c81639d49542e52d2fca42970d5848b85ae0fbdccdfa5d1c71c8c732a6e4a8,92021e25acd5613bccba5b9323852a347796d370fe1d68167177df21c486b07a
CB/2009/page_220.pdf-1,CB/2009,1,True,True,PRIMARY_ELIGIBLE,True,KNOWN,INHERITED_FROZEN,PARSED,PARSED,PARSED,88de260427669ded3b2dc5d13f209d71408b1179a77e813266b0935e7a5ab5c9,8db90b1d308b12598b863c212ebf71febc051cacbd798d1b8ab00daae67b8bd3,13a5e02fac09722d06522983996bc78a4d2d16db2da525a5066f77bae39bacaf,3842eba21dcb07fe48d58f53a48f66af6f3b919d009c0ed0768eb4d067e17ca9,2fb736d21554483bc52e1aac71f0f399b27b79434ab6ec22dbe212780bc309f6,b2f55d586db458caa1fd79528f51a6afa81025bcc892b4c73caa66426cf92b81
HUM/2005/page_80.pdf-3,HUM/2005,2,True,True,PRIMARY_ELIGIBLE,True,KNOWN,INHERITED_FROZEN,PARSED,PARSED,PARSED,f3d89aa962ed6936f978ba01d166cc06d055e7238b7f15b475f082d7889df941,fe011d593df8b6cac87e746a2c4654737516ca656f9b7712df33208eb695bb27,8104b6ecdd300393999b89c056288c7ad22ea08505e7a196ba89b25ffd3e02ea,09fcc1090818ab55f1ce5a09c3963c555570d54a710f697fe160552713e383e5,c075e5000409d07c6a95541b17f98ab7a831b9a46fca994eef5cba5e23bde2a6,f4641dfdf498c64beb5c6f6a6ed08d308077cd62aa3eb2af9a49a0f3ddb6edc9
JKHY/2015/page_20.pdf-1,JKHY/2015,3,True,True,PRIMARY_ELIGIBLE,True,KNOWN,INHERITED_FROZEN,PARSED,PARSED,PARSED,3a9042b3349af6e0eec62944971875b1329110ee0e0f14d521dc239917fb0698,0ff023288e85b8923656f3c38f76fe63992164341e7c5b77a84d8315cb95699b,83fe1ba5fe923088c21e1d4354ca328877076c3745dc4a3ba7c6d4545d6528bd,e95244ab069aead930a33131cd04e2eb04dc55a753955e6e89a2288b1c961a34,2c5a90f308981c1cac6f11347b636fbfb58d54443e71bd53ad7a8db692bcaba0,81901ff50f3cfd711347bec75a0da03d5653fc69b5e2476a83884e66e7d57641
GS/2016/page_183.pdf-4,GS/2016,0,True,True,PRIMARY_ELIGIBLE,True,KNOWN,INHERITED_FROZEN,PARSED,PARSED,PARSED,0b82c34041e6ac0d6df4d82e0c30bdbd22b19bb99fae138417472412feffd247,3ac69c453e8d6e53e0619659c0a29e85baedf3e335bb2882a3fa9c7266980e0a,2c824479d2886d8c71a35f2672d26f27928f6e86de9f749244719c68f6ce4d64,c8c3c693d2213dc7e91719eff63358f0ae459fe22d2b8267d610521bbc32ded3,5ba4bb55c2cfafced384e31fb6b27391de3626a480853c3852e9a3f9b2877cd5,bfbd4df3c01d2d7b33396e15a5f3127dc3de4101b683b36e730d80cf8579debd
C/2009/page_255.pdf-2,C/2009,2,True,True,PRIMARY_ELIGIBLE,True,KNOWN,INHERITED_FROZEN,PARSED,PARSED,PARSED,837e69912e7d566579a60f22ecc2d0f445b3ee09773307f8ea863baa488ec3c0,42658806ac4b46b1a3089650904acecc31fa698458fb4e24fe747c2fd081bbbd,6ff935ea7f2fd75ea5fafc050999f015edd840b549162987b39e9a864fda102e,b1424e997ee350d1172af6953aa7c36debe35febe8966a0f76f1cc329fa3f714,3a59d81bfb37b6a8c323049e2ac6e3c5ef9991ceb15154aec12e97bbf714e3a0,6b658cd60626f43ab6e6d1fa684249b3f870473e41e9169fd78885738acfd716
VNO/2010/page_88.pdf-1,VNO/2010,1,True,True,PRIMARY_ELIGIBLE,True,KNOWN,INHERITED_FROZEN,PARSED,PARSED,PARSED,0ccae1283915611e6088c45d2c0959b1fc5b3521c35eef26b0201bf0f96869b5,14733128e54d0b93cd3801373bd0aa3161a91564b0236614d8c0cad72b244baf,7b889b66ff92b3ef8d359ab1fc6fa07af3902d036fa80c787b3afc7087327e35,fa467c15853f4f78de4e71c09d287d3e850303d3bab6f97e3b70da833e0395bd,1b00619b7d6d673e192b87c7424e2db7141946972a1b5539c87feca2b990ce2f,6dc203dde7bb332464727a7ed3b1abe0f9acd2711eae6be17ea081bc22868a66
EW/2014/page_35.pdf-1,EW/2014,3,True,True,PRIMARY_ELIGIBLE,True,KNOWN,INHERITED_FROZEN,PARSED,PARSED,PARSED,c784915619e03beb64898e031c079754ce43f9d53be2e961ddce9e6f20dc1236,8eba1628c7586f32fb51a762b8ffa19f972f63d47aa5070d8df35add20e261cc,5222a6f527a76b49823d71fefe7f1742ffccef0b72eef4613c9a8a4610ba2efa,e23045480f6c921e8196897d3df9f0adc85351296d63b90e4fd2a6eae1069ca7,1e72a158706d47faf8636b08fb256ba35caa4596412f5089c09c63d023db9def,e11bf08927f8bb44a3431240bd6dd6fa8b77566dc7fe4c065c5c441b30652e61
AAPL/2015/page_68.pdf-3,AAPL/2015,3,True,True,PRIMARY_ELIGIBLE,True,KNOWN,INHERITED_FROZEN,PARSED,PARSED,PARSED,e0766772ba161c61f1f3c3abe89e207b5d1f9c901e5d4d2d22dc4be768fa4558,9c583ae071f15fd995fcc2af24ae66a3066d79493385247630286a441ac920ff,a4214b85026dbd5e0619e80ad380c625952a7990aa33fd863e35f6454304781e,1b8d485f20fd208a0e3e443a2c33963c72d99fabcecbc5427b499f07e9de9e58,93fe78936b7cbc7a032d7e28d10cac3e36867de10723c227ae2df92f471211b2,c6aad63f2a6c484eb479b9575421274854f81517162a7b39a7814e5fda955b85
PKG/2018/page_66.pdf-1,PKG/2018,2,True,True,PRIMARY_ELIGIBLE,True,KNOWN,INHERITED_FROZEN,PARSED,PARSED,PARSED,41e11c3eabcff199d295949e6be408f019e6d7b189959d98a292387d44f2571d,712b0bd08d89222a717ba67cfecce2f2574070340a3ec844491dba28d06bf4d5,0097a19bc3b3815f177ab2cddbeb63ab544914184147c78a1a06d78778aeb4df,3cc14f10625fa5588740b81dfba4cd82856ee0eb8c3e8a245da273f1ee4f3ac6,4c3da5841dab47222c920ad6af5a5772700e6bd6834a2199ee26d8e3678d8b13,f392fffce5c46ef77b068dc56dd65063696d4a930ee3f283912ff060e31d9dbe
C/2008/page_207.pdf-4,C/2008,3,True,False,LABEL_UNKNOWN,True,UNKNOWN,INHERITED_FROZEN,PARSED,PARSED,PARSED,36fcb2f34596e41ffe60e0e323d3eb5dce28e1893d40f583b2159eda99982858,760f12398b1a7ea931d797fdf362877a2b62ed825a9837a64c65c4607bf7e8e5,c97e5267a738201981830c7a596440e1ce2c5698cb70e5367eb511b84e86019e,b2465d0d6aec30d94002df4c8cbb67c170403c03640a3f4dbf35eee2d8b0b3b1,cc541fbbb416dc206cf9d1f3896bcb9c9267672a95380010e3d29164b5e5f778,64fb487a8a325089ec16d3e29fc5c9e88c5a15110338fcde58941873b090721c
RSG/2008/page_141.pdf-1,RSG/2008,0,True,True,PRIMARY_ELIGIBLE,True,KNOWN,INHERITED_FROZEN,PARSED,PARSED,PARSED,4a6e5d9d071272bae33e7257e6655d5c2dee6a6949126894c4502284c5c6440d,098c8bf4bcaf731741d9ea7a01f169246d37ff3b7c20d1c05462a2ca72f7d84d,a8e569f9ce7b3f625e5ab9ae1bdf31b13a59a58b84066744139c423502a9b0b1,29f73b811bb2b9000a1c057d24107d1024ce631d8f075834be563c55b9bbbc00,d8e1151a101ce1602bd6d555363e3f81f1fca78513975eb831b5f1bab939fd8f,50f4064a00d94c35a577ff819ad3b1509583b0e7ceb1d5f824143ec98959949e
TROW/2013/page_25.pdf-3,TROW/2013,3,True,True,PRIMARY_ELIGIBLE,True,KNOWN,INHERITED_FROZEN,PARSED,PARSED,PARSED,4e0d8a1a972e58f61a484a95f0cd6a285be3dc3bf819def37689ca1e69460d7b,788458482dfa246d8c793ac773761a9e64c35c786c39e026e433fedb6573f234,3509b3fea611a590e1e0100e97c14944bbe5caa5d27acbfcf5362786f92326d3,a09b7243229b9bd98dae5f0e25ef286f4f3e777f23ec6af6ff5b8cdd8ea4741d,19cddafaebdfedbd2595e09dbfa1eb5a3f6867c10e006b63055e8598e138c745,5470a82ebd762fca1b78389c57400fdd594aa9a1e919b8212bc7a400eb99784a
HFC/2017/page_103.pdf-1,HFC/2017,1,True,True,PRIMARY_ELIGIBLE,True,KNOWN,INHERITED_FROZEN,PARSED,PARSED,PARSED,30b8bf3ff3c885a4b79757b2ba1a7de1b8448a5e47049ed93f7a1b55d20b020e,31f74e3d10d148b567ca8061f46bf0fae71f97dbbbd673841e85b1db56b38408,1503d31bc7180056e95b7be0a8e788abdddbf10297c788854b57e3f38b0723c3,e15010c2f5baf1e53e16359816284260d598c32e2165e21a57ccb651fd9d056d,b22f49bd4cd0cbdb4c7ac14deaacb4458f874a7629c05a73b8d30d775f5c8d7f,df669ed8d63d4242d44ce97af95227bc03a7b0206eab05730c36ef52efb59e33
GS/2012/page_177.pdf-2,GS/2012,4,True,True,PRIMARY_ELIGIBLE,True,KNOWN,INHERITED_FROZEN,PARSED,PARSED,PARSED,52e4bda9f94e53c5f2243a3085ecf509aab46639e136f95f358ea11a895bfd05,28532d53222c17fca0fb114af74b0876f8ebb263958d9e87975700154ae33f54,9bc8f1827155785031e594c2c8fed5c98490719ca1257782dd304d2c35dfc9e6,975e10bce5415af1fda3787bb8c2b4bf6b82555d61d6482eb5b2142cb97d2839,d13159836f699b8d111afb696e81a31b71e58a1f82d74d414c84e7bdc77cdcb8,1d20386ac4c50b9533899d8085a6bc6a25cfd6ffdffb92f7920971e985cc6b7b
RCL/2017/page_38.pdf-2,RCL/2017,0,True,True,PRIMARY_ELIGIBLE,True,KNOWN,INHERITED_FROZEN,PARSED,PARSED,PARSED,214137766279a87aaca5a876e237f249598a7034379cb5e01708e535f7684eed,9a9df5f968eb3b76ab4ae2723a29674eb0c30e03d5770cd81642944d50b94b4c,978467ad487d12d5be1d87bcdeee29af8f76b3017547460b7f79e90fb98cb5d4,37264ed1952b9fc3c72ab2659fdd9844188a8e944b5791a5fcc9ed789d66884b,e8ede7bbb0de9dd548443bf7f7d91b20f538b7b08518f98aa7ca52dcd20656f9,3c46f5e5b45ef56d04fbd948664de276fae86b7db46e7dd54255c9e5227c9c63
SLB/2010/page_90.pdf-1,SLB/2010,3,True,True,PRIMARY_ELIGIBLE,True,KNOWN,INHERITED_FROZEN,PARSED,PARSED,PARSED,4ef58b1d9eb053a2bf73ee7c002a15d5f76cb45a6954784373b0493a5040cd64,2e87e024688bcf83a192e2044dd85ff01d50d639d97e3ecb883f804e85cee4eb,a900b6fc01b94564d34467f747e289f9ee7eff21798f582152b0566b891c30a4,ebcb7e266ef4fdbc4f56695362ee6d7312a5c352482ea5c94a1f9cae635e9f10,76ba1eb317aaa8bc61fe2df65a8f908000eddede79e651866d6efd96fc4adbd2,5ec2bd66db79f8fdba9dd2219bd02db3efd75973dd0e28de50fdb3f342e43032
UNP/2008/page_71.pdf-2,UNP/2008,0,True,True,PRIMARY_ELIGIBLE,True,KNOWN,INHERITED_FROZEN,PARSED,PARSED,PARSED,b571d07f94739a7fbb87a53e84cb6ee67224d8847d0f32996944d4c67fa56ab4,147d8ce275e53ff0dff862455cb949c0f9dff8b19ba82a34499af5b97fcf235f,8d31c18a6445efdd9e612be49f0a1612d34738c2b9e27a4668006adb0b0c3ff0,f6293d7b54f9e95a2ac31d0663e7fb72ef7cda8d7de2af3f3eb936296448b3ca,e7dda990ae12a80d3ec7b77ff2bce064f3fb78bbdad49ea8267027d635d3c2b3,737d8531dcaf3ce940d83c9eb65eee699caf61226be03ec3ea5116a5e41b390c
UPS/2013/page_34.pdf-3,UPS/2013,4,True,True,PRIMARY_ELIGIBLE,True,KNOWN,INHERITED_FROZEN,PARSED,PARSED,PARSED,d3b694f2bcf01b3369f1c1634a99eda3ffe8acb7e73a7a357961253dd71488e2,2732470c53f8853bf05a502240ce49a6189422e180823d885ba5f0d3d8f66c33,1315bf778676e0c2d51bee465a2c0146aae249e8db30296fe1cfaee001c2dc7c,0d690f4991201e79cc93e492b7dfcd4491fda19c0b5949fe246569cf7944ea39,00e357ef5f13f820fb15835b1623ec1e0900b07d7e43412e9028b1897778df73,fa5db8a08c61938118fdaef36c40ba84f8f705d43254b55cb9e6894c5c1774a5
STT/2006/page_92.pdf-3,STT/2006,0,True,True,PRIMARY_ELIGIBLE,True,KNOWN,INHERITED_FROZEN,PARSED,PARSED,PARSED,f9d84cf310adbf6cdc99c5ed86c9716c64e001afc104fab019e3021aef3bc558,1f7f495d20f15f7b06f6e05b317a06d2257635690c24991b1010a5be7926e230,0635037c8287d29ff1c8664b51a8afc2a6bebe9d4efeba065cf9c236964d91a4,ba71138562ff8cdcd4d5079504735c489d961012f74d68e4d2cf717470e94ab2,1c8465a40ffd3a2644383ea942335d9da7f87c3bac9e94dfdb8b5593cce1eda2,ab1897652d095022bbdecc20c2a57ea14fe17ad9dc53df329d4cc73867594642
LLY/2018/page_99.pdf-3,LLY/2018,2,True,True,PRIMARY_ELIGIBLE,True,KNOWN,INHERITED_FROZEN,PARSED,PARSED,PARSED,4a95382f40838a8403ff5eda19e231d6a1872cc4b4f6e3bfba80c7319f088bc6,d0ec47dafdf70793e789b4c93aca1a988e019012c2e907ae7f28ea867f22a07e,e37afbb7a7e529360e938e494cc0789cf15b6ff5d27178292742f243d2f28fff,af98f25f849fdc0d5b91a3e95cee889145a114a27234922faed5f81a11c07967,6dcd0e425822a8b7f589032c7592c06083a45647cad4db0c99f414c18f1b3ccb,1e786b67a9371fd3ba21c655b3438fa3349343cf8d014b9a0a5ada764f891b2a
C/2008/page_219.pdf-1,C/2008,3,True,True,PRIMARY_ELIGIBLE,True,KNOWN,INHERITED_FROZEN,PARSED,PARSED,PARSED,6adbae712dd4e9ac7049b6c65340bf61b9a60074b1fae4ca52b4295576c0a85e,519f62ce1444772ef65e6165a6b8b2e3685b518d145dc00a485f7ac4857bf4aa,f2ff04284510d5253c1e7070f08e2a91f021d76b64d5bd3b5e92abf4160fbe29,3af96155e5d47cb76905f91b08b19416d27d95de73ca71ef45a6f80b05e7b87c,095ad66b46c70ce2958fbf7185cd3f93eb1ae58e0b3b8dbdf53efd5f5a7176d0,a020e6f561b36c58ecd41ec21bc8cb294a78d06760f6e86ac833e1b808fced20
ETR/2016/page_352.pdf-2,ETR/2016,1,True,True,PRIMARY_ELIGIBLE,True,KNOWN,INHERITED_FROZEN,PARSED,PARSED,PARSED,d57662c8493a62a1b779370bd3fedafa685285a52dc84ee2d9e13011d08b9144,271caf75c0fc0fd60ea250c3bdc59d35389ec526e948a675c4f1d92b9aa4260d,c6610a3b224a0e2fdb67d4caf3303907a90a644c15412057c05f776b4f6cfd6f,0c22d5814de3ec5f2dd6194d9fdcba30aabea800d774d5df5cda7cc0cfd290be,af79c87cf95f760fe9ba5eec29b746a83925c7537a97ca815d85cdceb30f4f53,32a822d5f914910cd4d7596eb865830ef4a7275108269e93211928daff640497
UNP/2009/page_83.pdf-2,UNP/2009,2,True,True,PRIMARY_ELIGIBLE,True,KNOWN,INHERITED_FROZEN,PARSED,PARSED,PARSED,93cd804468bb40369155207441e651e319cdc06460741fb360f5225e94402846,3e6999b6da7eff727c0f551f7c7668c1ef367528c45ff1f3849315703a8b87af,8e9ee2919995e93c38d60e4514d63a5b34cd49f0738457f0958fce62d41d622b,cc01ff79f3412b8c7cf35f3666175dfc44a1c97c1ed077a907557bc434318726,dfaa7da7cab6a2b7ba53a9539dbbf69df76c14c222fe270252b85893a15a76e7,366dfff52068a5ba508008a76ce478a63de8f7a761d3a5a47422f4c0104cbd85
C/2008/page_207.pdf-2,C/2008,3,True,True,PRIMARY_ELIGIBLE,True,KNOWN,INHERITED_FROZEN,PARSED,PARSED,PARSED,c1351c024b46a9643a16524279ade566b78bcb7cb3b0462749a15bfbc7132782,45c876bb0375d62d23b268121ca91a1345d617dcbed1605d9d38b446b3aa0c55,b2639bd519fa89adbf3d250788aa5e542f20eabe525d182c494e61ae3c010289,02606d98c7b76fc079a3a3d21fb31fb91d961bdc2d0f0c69d781af64b664c804,ee7915ad68645554b6eff239cae639d09096986ab832a61ac3359339246d2165,56d7a3d8f1dd3108474d80d556bcf1a668a8d55c67e4f5cfbf0e662ebdd00db7
LMT/2016/page_50.pdf-4,LMT/2016,1,True,True,PRIMARY_ELIGIBLE,True,KNOWN,INHERITED_FROZEN,PARSED,PARSED,PARSED,876557b5679e4457c109a5371e260c8cd93d953dd949cfd3385f19b6cb4d1c3f,38337bd8f8febef74ba56277bae3edbf90d56e5f5eb3cd31b9d9a45e189e342c,b9ed36313006118f0bc1f5e3b72e6f81f9c4823780c11e2818c53eba3c73ddba,274df8b504da900d7a0f4cfc1e46642c17618014eb611d6ff714d8f9ace430fa,d6da6089f75807c20a6dc6c9c020eb26ab1456b076d205e7b56793c6f0bc5644,41d57e8c84cd094b71fd4db4c63e905f0cee9bdedb0d5a1ec58f1053db3064e6
LKQ/2009/page_66.pdf-2,LKQ/2009,2,True,True,PRIMARY_ELIGIBLE,True,KNOWN,INHERITED_FROZEN,PARSED,PARSED,PARSED,c21c99e8655fa5861268bdcfaca35b9b1797be9bc6a967d69455fcbf5e742e01,aa1d3d9f108cb8ccee53a70ac96fe0564ac7ed2072b15694ce63e997fbd48139,d889ca86c9d02f940b2e26dc17a63dee9da626a609c64506962653a5731e641d,72479c0f9d243b6f2205fa8fb1f40c53e75b4da0c3579c87e12440b93ec1db0b,0beed13f4bafe77890ce30b8eed382f45c0d94aa83d109e198f2f1c2375d70b4,c6b3158cd0fd39efd8e2493318c93179f38895dd786189b9f4e7e429df8b4d36
ORLY/2017/page_30.pdf-1,ORLY/2017,2,True,True,PRIMARY_ELIGIBLE,True,KNOWN,INHERITED_FROZEN,PARSED,PARSED,PARSED,fe24707ceea93ac0d6d3ec09e50dbac49566bf1586052e06e6059b40b837adc2,90f0af015fdba51d774586ce6c164928042ebc604d5fd537f97b0c2197527253,98d79070cee976caa0568dc66721b3ea168e48e523b1c561d81c6149ffef49c1,45ed5a3d5fa4794bb8aba704d4a82855bb99e1e6c507432dd4d63414723c8add,86dcfdcc3ff0d6f21923a6fcca79bd9e07072f692e0b59e4bf02a02bfdd9f0d5,feeb61f3f1c9fa11498a48cb52f03e4df77589cd2fe129dccfa8d81abb8a0741
C/2009/page_194.pdf-2,C/2009,2,True,True,PRIMARY_ELIGIBLE,True,KNOWN,INHERITED_FROZEN,PARSED,PARSED,PARSED,9dfe2ae064e163a2f25a8190bf5662e264146155b94487a5ee7f5ccf06d485f8,45c616efb47870f51889880ad2c91daaf9ccc2bc06823ce6bf8d46094510da6d,23fd665e52fc2600bd3f312f2919ece089ba27caadfc6b9bacac81b950324cba,f7f1184956db4dbea7b4d7538c852aa93a21ceba6e0788513263fbef3fa3ad7e,d519d0a2c0cf6c3d8c90ebfb9f77ea5c934bd757442f062aa47aff6daad164e5,0c4135f1f7f8795753414d0da40a065ef862d6f72b83df7d652dd624c6632da4
FITB/2008/page_69.pdf-3,FITB/2008,3,True,True,PRIMARY_ELIGIBLE,True,KNOWN,INHERITED_FROZEN,PARSED,PARSED,PARSED,0989d6bcdfaddcd927f669c063acf08b313bbbeeab80df30d38f07bbdaf1c498,37454650e48b04b7f173b2b0a62f6971aac51694dd8990528358e821d5bcc41e,e404e474a74d8f4e9d024a9dc976bd349e7f4d19d617ce81725e7a2c895b7f8d,05000cc4b1bc9d66aa217a759a2c92bd670b02a9d7a37761ecb6724c38131dbb,9af22c53a46044094578a992f00e8188d7b73d38e5f202e2aa16342a92849348,1c30e62221bed22d7cb22988fd923d1dc104ae66149948718ee804039ca61f1d
AAPL/2018/page_23.pdf-1,AAPL/2018,1,True,True,PRIMARY_ELIGIBLE,True,KNOWN,INHERITED_FROZEN,PARSED,PARSED,PARSED,c3a5ed255d38c1a07beba46fba7c0cfa4ad60d990357d79510a4310f97fbcf03,3816efd9c419bd989054cf80567306eeb1e0c504026bdf899a0fa992f920140e,fb2ff461c9703e68a9ed1abafdbb55dd7681d4bd63996cc0e72a99b70d364747,afa1ac20ac58e438b6d4221a31c9eeddbed8e796a186efccc7229a117e40dcb6,37637d8d6e5c74c684705570a33cf857d3e2f511558ff9abfcac03cab10bc34b,eca2809705dd31048d3d36e45c805c5f737a57b06e4ea3c88f4816751ed35175
UNP/2018/page_50.pdf-2,UNP/2018,0,True,True,PRIMARY_ELIGIBLE,True,KNOWN,INHERITED_FROZEN,PARSED,PARSED,PARSED,e960627fe51ec7fa8ac848d2eb626e155a4764f9ddb1191d614dde75a90fbc37,3bbab7cf963113d5066c32e4df6acfc948e8ca4ff6936f58930e526cec227377,9036e76a884e6f8f11d58df285564002c755d5774d0aeee583591209db926ac5,e88c884072e8ea2a92d1d3d35a96503c1f013dd1463938d023edf89f438de1f8,3d3654d7fce6974527b965cd3d0743be32d5bce0a3d89dbaa808931ba0143fca,b3fa0e3ad17aee505ba6ec9a3f4e26f6d05712c0c830556feb5ef0f94066f35b
APD/2013/page_44.pdf-1,APD/2013,0,True,True,PRIMARY_ELIGIBLE,True,KNOWN,INHERITED_FROZEN,PARSED,PARSED,PARSED,783408fab4ed1588657cad351295f8bca0a934d51a48c0b6c6b65b25bcff081e,58d845956fee55dc7dda170e8895f50b60c70f161860cf8a2c6dbed0098e8865,9e2cfb67fe65b9d03238a49fcf7f27f387f09029bada9e106ebf49666f590b59,787f0753c1cb1b86fc1ad9c0491c6068de4219a0f45a0742a62becc339ac6157,a4876c49faecca5debcc7d0bf2279ca9986f2c817f6d3182ce78e8e29c3cfc33,20cb2cb7f12921e46596f974cfe5961409de53d73eef689d7cba903d21c9f0d0
SNPS/2012/page_61.pdf-4,SNPS/2012,1,True,True,PRIMARY_ELIGIBLE,True,KNOWN,INHERITED_FROZEN,PARSED,PARSED,PARSED,db2c69e31f04edca91c9864ecf9731200335bed8c1acaad8bf8a06de8afd2471,f3a74cb5b24fc30d7e98adffb9b6f0f31f713ef7c2c3b862a29895b41c14c43c,a5213f79a4f1a3756360eb96002c69199d6e238fc06f7e3c18f0e9a18b8f6107,2e9b48f1a9cb3dcdbb638f5cff7d6002ed2172442c869a52fefebdc30e3d42c4,c64a2bbef248c703ea669eaa10b73136385636a0e4e45f02ec3c4eff41202cbb,1c6e447b9e39300fc496066b716238546171dc9be7f54fab5ef5fe8d169540e5
SLG/2009/page_99.pdf-4,SLG/2009,2,True,True,PRIMARY_ELIGIBLE,True,KNOWN,INHERITED_FROZEN,PARSED,PARSED,PARSED,d95635de1a5b49e01981287dcc97bdec1dd0f328921cba3e835dac60b4a920a5,7d7ec860f507e0b60a2729b09b3415c81905028dfc169dae6ede53ec14910742,ce830c8fccf85a64bde918fa181dba251a855a967979141aec494bf8e164dbe4,1f343843b6aa1179e26e6b5c31af6acaf0092586a2b2663f0d8d50a7f56262c8,2b9168cbfa7f1c1fcedfb03858882da428692046ef7dee1a07b064b52daa225f,7551d62b552c101f0f9f1d94d787c0695ff5c7ee0f96c7e192adfad786dab439
EW/2016/page_36.pdf-2,EW/2016,1,True,True,PRIMARY_ELIGIBLE,True,KNOWN,INHERITED_FROZEN,PARSED,PARSED,PARSED,277f514aef1c30ce630dde1b808000a86f86713d3a008acfea34c04b2e24c980,053f09e13f6ce2ec1073c4b318b469f689377a182b719e66c3b4db1666852661,13971a5f4766c5fd77ce74972c725821f96c5c9fe709d745ee73be9e9be31e99,d990ce2101ed4185379a56760390b869e334ebb7c133417e531eb9455300ac0d,1c59d96ad20dc3b8e9e52005807abd8e8afc760c2b2e28c61a85e57463548eb1,fe172fb1335f33384ec9b28f3070f297846f59a3cdd1ed6165b4482e99ef1c67
SNPS/2006/page_68.pdf-2,SNPS/2006,0,True,True,PRIMARY_ELIGIBLE,True,KNOWN,INHERITED_FROZEN,PARSED,PARSED,PARSED,bc168ebda354d61e92b2cb482f9bf6a19e52301a4f8b069a48b2bd7b50ff32cf,3ef9a5191b582c8909c1bc36d1f481cde05de8d3ad6b1b5697be9e76840130b4,2521670f551f8a66cff49db4afb940c54c363828f3e8ecc46260da7a07488c2d,614531e9f7405cc4fb9d529860d0f0c8b277072dfacc0f345822d5a4ac093999,0d36d70a3c8fc4a74387288d44239fb67de718eeb884193f5c079ef1d37da3c3,aac258103c2b816473c5a16642c5bbe24da74cd66dffc1c8bca33e280b632394
KHC/2016/page_94.pdf-1,KHC/2016,1,True,True,PRIMARY_ELIGIBLE,True,KNOWN,INHERITED_FROZEN,PARSED,PARSED,PARSED,61202c50f76a0ea6a88a8f6304c7ff577f8355184151d33b60bae93d0ee5264f,f2ae9ebe7c445ef09753de7198195fd8b2586cdca5338f5cc33e23405a7b02c3,477af1760a0fbd94a0ea2e0212a2e4bd48387488436dc044dc2111e2e706c9bf,f0a6ba0963f9c9bc5b11457962e1a90928414fd350dcf7e96e196c3ef5d2d1d0,64074e4711958ba09e05d36d02383f4b5b7047e80043cf22b61bf998717b491c,fa66c6ae08f03353ff745c233becfd25562d8feb39724af1376bd9d583a8bcd5
RCL/2012/page_80.pdf-1,RCL/2012,1,True,True,PRIMARY_ELIGIBLE,True,KNOWN,INHERITED_FROZEN,PARSED,PARSED,PARSED,8374b6714830ca2348c00382eb0fda98947bc9787fa4d4fa5f0834f8c29cfa69,4f1cffd9afe17c2f04981145ca94b41d355b1a41d0eabdd209052b91c9c89cc3,6b934308c061b0c106ec5c26755bf3e04cd9ec5be8a3918efaf574061532fc7f,7e1e8771902690747917b37e0de7baca3385c16ebbb4da8969aadfed477e5d1c,3d8e456d6afbcd960e6a0e43bfb6edc45ec0c01c75aa700f9beef38998b0420d,1b58735b5b1da799d346eb51a94a684ae88092cc328ecfc7358f96863deadcd1
HIG/2013/page_124.pdf-3,HIG/2013,4,True,True,PRIMARY_ELIGIBLE,True,KNOWN,INHERITED_FROZEN,PARSED,PARSED,PARSED,a5e84e3bba28b74960e5fe979700af44ec3cdbb47dfd026593915512b56e958b,55443df5944a401e3715985834cbfe59b775d1c3b536d1f4d37b61bf34b1d629,56bfade9f59d61081a38659cf491d4b5f0921a0106a7844669d378a5ac733078,5234576bb585aef8bd69ff1395d81c084e5aac295dd74675e337bd42f5170a71,bb0024b0f0eb1d1a5a4b9e4fdac134ea2217ccad86f5aeccbb36188279668bdd,9a7ac222e32f04d0c63ce114a705c0a7939b2c50e2d7ca67996b0e7599b4d102
ADI/2012/page_65.pdf-1,ADI/2012,3,True,True,PRIMARY_ELIGIBLE,True,KNOWN,INHERITED_FROZEN,PARSED,PARSED,PARSED,3e5ba363bc81d42b62fa7ff547d4549c92f4bd4e621c74b8f59680304a771d39,2b6e536eac64e85d40655a8bc3971d4bc1017e5aa8701ae40ad9096dfad46f76,2a45b4d79e55199e73dd7eba6fa8ab0f8e72ada0abf65c486cc0bf6f4b7e4ec4,fcbfeb4cd11b3b28c267dc8f88fdb84895d5da2618ca90d3aaf14e43a02bf96a,1a203912ed852f45863d87d9db859fada446fd80a671034c843674b93824d6b0,68d65a5eeed9871fc9a8a436e531a540c53807bed45f1b7561e72baac16dce2d
C/2009/page_279.pdf-2,C/2009,2,True,True,PRIMARY_ELIGIBLE,True,KNOWN,INHERITED_FROZEN,PARSED,PARSED,PARSED,e65a8a20aeef44be3049f0878255d966ad71057ad906b6502b87c34f528a0293,07113173aca1fe4528495e5a27e263be787f1b36c24e011b51d6c740789d0d57,e5df5aad545f250c5b87edc24ee15d2d30af5341c786fc65300c9fd7b5ba51f0,768274239f8ba87e4b14175dcf56579661be2b7672cf3d0d7769b51275c7fdb9,73847bfacad1a04f2ae35e9cb33e8df2cdc322863377945b1010bad1d4b65b74,c320f3f008a492d26815d8bcb213b280e635ba23fe17823182f14bb8717942e8
APTV/2013/page_48.pdf-2,APTV/2013,3,True,True,PRIMARY_ELIGIBLE,True,KNOWN,INHERITED_FROZEN,PARSED,PARSED,PARSED,946d576701b46a16b0957a9a077d1472c518a74a78320710f09e53dcf0af33c4,39acefa772c60ddc3bd5dc86aff308b0838462eedb617c600ad2141ec47f9342,2f8fd12785ab14b8db524a647da78608bc6f3778ec994bbfc8f46fb2a570d3ce,ede66c96b478871396e84ce57106f5c972d3834525a73886f9750bf4193364d6,1524f0d826875928b5d61e4884e6be78b7c8c7635596947105d489229e867e94,2d3d6659df7f553940c150eb0e86f2c1750101fbca58f1cd2e8a9a1f7ca6206e
AMAT/2016/page_30.pdf-3,AMAT/2016,3,True,True,PRIMARY_ELIGIBLE,True,KNOWN,INHERITED_FROZEN,PARSED,PARSED,PARSED,7696523a9c01526342704574241827cba6281f933b8ae7b281d3af2b3054aa70,e4ae5a116b805892f4a3a2097029f5ba0b1fc0cb0861855996bbcdd4cd7c488d,9ab7bb8c4d68fa60a78c71ba4707225c7be2b16327820966fa2907cd33ce888e,6dce6110fb9b42ad52bff4831ebaef8748d3801c4cca7095b6b4e8814f8060a5,f3814661373e34c469f1f8609a691674cad00198aabfff8650139b0c32d46d0f,53f8ab17870bbd7b5b229720f0e1a6107f16df1682b2edba0e69323a494fb6c5
AAL/2015/page_131.pdf-3,AAL/2015,3,True,True,PRIMARY_ELIGIBLE,True,KNOWN,INHERITED_FROZEN,PARSED,PARSED,PARSED,04fd068d342c9baea2076afae65e1014e57236d49baf5479ff39f111a9263345,33de600a20f68bf58154338978618d1c513b44ec3b19a0f22823beda668c6d3e,a4f383d450aa2eef0c9f3cb4d8c3b8a330907654db427afc0517cc212548b4ba,8e102b6b9fb763cd9b5c1fa9ca96c601d7731d6923d940afbcaf477ca73dd5e8,be4a9cd6d4c576ce5700416aff44aa105369b34fd9c34da90f7463a145037740,454dcc2675d1d33c0d739057530a8d14fb4c893636a37ce0e71e21180d2f3d75
WRK/2019/page_31.pdf-3,WRK/2019,3,True,True,PRIMARY_ELIGIBLE,True,KNOWN,INHERITED_FROZEN,PARSED,PARSED,PARSED,37749b7ba2477b53b0fad12dbcb763295aed1569b143ae80b01bc48e3db5dc5e,c78deb5e404cff4fe8f9fe66da36c04e08a7af00a02d3e459814fe4b464cf785,ad4ce14eb52b855365c0e1d43cce849833389f1a3988eb5069671ac99e3e1230,5a62813e26443a4d1319ed50fa417e4f8c5748b9f9c616c2566730fb2c0059a7,b020b59b05423bed321c8659887fe5fe719514b5abd2b2f421341ddcc48ba45a,b485482a8b32a7027cf0514d285c63319cf626d1a3a46ee1a510dd09f95e487e
ORLY/2018/page_30.pdf-1,ORLY/2018,0,True,True,PRIMARY_ELIGIBLE,True,KNOWN,INHERITED_FROZEN,PARSED,PARSED,PARSED,b59df893bc2d82ae63865705083e82418ba512b8ca8e59506966fde0b3d6bb5e,3815305dc4e57c7149a3cde6a738d7d4a2cd031da57263ef916616969ec3492f,290ed7cb18a8bba505c5f0c861112ca07c27902b6deee360eafceadef34f7f32,9c07380e9e235b8b99977a1c388bdee5674c38ec762ce3fb1e1b0d55b6342d33,224e5c52d6e71e7c61e7947507ec9c6331cde6d234a135503268dfc69d9754b8,2d7fd6c1f9178ca99e1615f9d9bebbe8a0bc594db5f5f00049cdf6f8b78600cd
ETR/2004/page_159.pdf-4,ETR/2004,,True,False,DIRECTION_PENDING,False,KNOWN,REQUIRES_HUMAN_REDERIVATION,PARSED,PARSED,PARSED,3a5d8498f5332a5ce88618162e3e168bb97c5707a7e1dd8c64e704c6bb0ce161,b4ecb772dfa056b60e3f836f7d235d436ef95c75ee95f7977840dfad83048682,5036b54950e51370a517ffc7c4c8399eb29a7e7cabb46d1bcf11f4e0ad1ccf2a,9d227d771d60cf5d9097aa942a0cff07c6b5c8525f1842e49c66a5e3d46144b6,14665d85440070c56ab66186582966c92ca697fcf2b8f9af561682d1acc47438,a8b4d6d9128fa440c5fddd202f46b81d848904435f0ceea87edabd592f5d1816
BLL/2006/page_89.pdf-1,BLL/2006,1,True,True,PRIMARY_ELIGIBLE,True,KNOWN,INHERITED_FROZEN,PARSED,PARSED,PARSED,9f11262c74f5b8e7b09e137a26b9446d8101e1fbaa6d2afd898ab03a95cdb613,f23b5c9a3b90ef3ca8913ba6ab1b1e6897d946ccb23b7829ecd50a8f6c12a589,ff8613568ed26218c29ab80d744a44029a50c2259fd8ab9510674798f17ae8fd,8011c1caf7ce58a51d912b69bde8388e0fba8ca8bd668ed4bb6fbd1e0beeeb5b,9fa23148916a97cfb0444433073dd2b818c17de532359eb0161363854e3bf275,c22c5a0f7c4bf59c1e7433a222ddced2eb95b07cf7fc738cb64563c81e2b1b30
AMT/2016/page_69.pdf-3,AMT/2016,0,True,True,PRIMARY_ELIGIBLE,True,KNOWN,INHERITED_FROZEN,PARSED,PARSED,PARSED,f14e8c15f4016a57d8fd5108599ef03cc83fe487b98bd7e159be0f94755172f7,f52f825a4b23d6d907ee7e00e2ee2c513c1e3beda074d257a121dc99918d3771,1281b262af698138490ee5b15ce9ca247752ff166ba674fc7c050f679d42caca,38f4edbf7ac975bafb1a4bdc10416526429e3482894c11974e35206698a781a8,bffcdc14ec541019e6e80e84f1a9f77e312b14e3b6136247b2277b70e9b8bdfa,a8a3a418114efb8a8476610f96cdb3616a1f8cf655ed943b5cbdaa701ee3df6d
ETR/2008/page_343.pdf-3,ETR/2008,0,True,True,PRIMARY_ELIGIBLE,True,KNOWN,INHERITED_FROZEN,PARSED,PARSED,PARSED,85752d023c964f8fbfbf99d623e6071338a4cd1515bb32d03c66fb994151953f,a4596512a1e6e33b1b75526d7745528590cc300f48bc12f34258e7f44a09c020,944c24dabc147b96d80b851cf8ae5b3beb6ed0553d53e663129d684d47721c80,229b56c2026133b66c58b994f0cb1cd7cbee4a4a665a42e6e27146f22126acd8,7ed3e1825c8c74548ae4b7957c44f60e418c77887837abc8c7d9bf658ff950bb,814cf1ff49cc7075ef0075d5752774d7d1c9b0dd736e3d2b8d32b9923ceb3abd
AWK/2014/page_45.pdf-2,AWK/2014,4,True,True,PRIMARY_ELIGIBLE,True,KNOWN,INHERITED_FROZEN,PARSED,PARSED,PARSED,69d8b27732387b653a53f336bd497590d92ec33527681978cc9a154d9509f16c,5773ab423bbd9369f327013a5a02e0b7c98ce140e332e8950beb7fdc9719d898,c2199b3799df56916f507d201ac484b9fe713ea5fadfc3d093ddf612d0e555d7,d4c91898cb0aa67c8b30968807afd0667ca2cbc7760441959cfbf9613300699a,c70d0464ca935921ea36a972ad009bee421187bbb96e9233f16e37f0e461ec85,0778c5c52d4ef019a6fdb2b2487093283d362f8eb3f98d482ac0656bb70eafc1
AAPL/2006/page_79.pdf-4,AAPL/2006,4,True,True,PRIMARY_ELIGIBLE,True,KNOWN,INHERITED_FROZEN,PARSED,PARSED,PARSED,79bc37bbea551a88126e58de320649fe5d5b3019808751d8fe6d41d146fb2bd6,a458df591454eaf1191c5334b18c22e135056491031fa5646a44dda9eb10de53,66cd084422db0b778df3f7567af5c9bedab15617b27969a10b2b4e8d0d476540,e473a0c5012d024ce792329cef348ae8d5744ad84880aef1394e10557cdfa397,e62fc23277a1e0234adb2426b08850b850e60c715419a0b2ea58c1c156e1c74a,8e47e3472e956a5f6df026e0d8a4d6c9f67cf9e4d035eff1a45e9821afa70d53
APTV/2015/page_50.pdf-2,APTV/2015,0,True,True,PRIMARY_ELIGIBLE,True,KNOWN,INHERITED_FROZEN,PARSED,PARSED,PARSED,3073214e033772c2e1f07c262b816c8fb5da4f4725fee4537380d1e709c68451,8d7d2c548afc9d9178b11f672a8863b4826799815c35d49f76c137b619d5223d,072f68e6bbb2f34900f155757837c520aed9b7a678812283f019c81672ec8bd2,8ec28a46f98d9b2d95063e1168a50e1473a0bedf3f8c742279c4a8d8697dfa6c,4773761112820da590a23be7b187f59e658a7d796a40a790aa4ec0a7b70e9fa5,0118d3a9393a47f58bb88b45b4195c0a2db96e0963e78fc7286fd1f30240a8f0
AAP/2013/page_32.pdf-2,AAP/2013,2,True,True,PRIMARY_ELIGIBLE,True,KNOWN,INHERITED_FROZEN,PARSED,PARSED,PARSED,24321803025ae5c6a30a012c671eb9a371a5790f34fc0365f273c782c7472813,aa35aefd73bf3667451b3e63a46cce5fca1ee93e518c7c3df4c6db9d95d7e542,48de9c5ecb5d567e646e80029b6ef1c37c24d6b66f9c1428d7ac7e6cc2235f0f,3dc47bb3fd760d647005fa5c51fd768aa74327bff7a94ffb532ff0cbf6eeecb6,4e0ba6510762e0ebdb1ac0fabaeb3527847d91b35594ff5830f364ba6eb6bafa,23b9bea141f638c2d51d81243ce721cea875f01827fd5b62e2ab462da226d8a7
APD/2014/page_71.pdf-1,APD/2014,4,True,True,PRIMARY_ELIGIBLE,True,KNOWN,INHERITED_FROZEN,PARSED,PARSED,PARSED,212fc7b113da62f26abb4541aacebba8ea32de5bf49a1e93a5d66d71b0374758,52e6a22fc47cdbf81a53cfa4115c7d55ad3cdc5764f6cc4b371048c6b2a416b1,787f8bc90276104c5ee00781ab4aa478179bf62722cc381e807231a92a6fc0fd,21835bf4bdeca301b7132403405f3a0cfce50a1cb881f14adf49f42c23ef2ffe,65d582f302c949c3a1ee2cfc8fbaa776806cdedbe0470126067d0cecea2adce0,0a94ca5c0554f54bdcabce14234ef1e547de3f31a34a27befcc155f92760cbe7
LMT/2010/page_24.pdf-4,LMT/2010,0,True,True,PRIMARY_ELIGIBLE,True,KNOWN,INHERITED_FROZEN,PARSED,PARSED,PARSED,4edb947ea125a1402f68e315bbc59e861931b0fbbad435e76b90bd95d6fc3d5a,882398e96ef942e10b6e1a87af8ab43704b35859a4d95e8b5108b013b7cc7f05,cf1319570533367600420df8cbdd78c0408c860352ad794fc5736597d2f58447,34fbeb0d637732d6dafaa5ae36d29b9257fc1e8ef96174886e1bbe888ea3ab78,ef6b13bc5906c723dccd6235a9ec1d6587d8106dc78fca6d3075035477e88a9c,4725659f51bff9b591d129d0f58f8700bf3640a3887c052dde6a28fa9767e79b
ETR/2016/page_505.pdf-2,ETR/2016,1,True,True,PRIMARY_ELIGIBLE,True,KNOWN,INHERITED_FROZEN,PARSED,PARSED,PARSED,1460c570dc06359ee33ed2befbe5f51fb72a1a55f43c5637200f5a7c92b67922,7c9fe3188be56e09762f2aaa4c23623112a9ba192918cbe8796f8f64c12ca8a5,21ea377cfe6686840a0bb238c311124568aa829ec6c128b406fc72f15605c8ed,f23a3612decf5711190e65d98093854e8888584337d56aeac0a7c0e2ac77e08b,e02bb8a44ce70136eb4fe24765ccb5ba57b9378dc81c838bf0c347e260a3b237,a2f1783f06d12d7d73d2858df7c6b3dc8678270ebd02bce60338469e5c99338c
PKG/2004/page_21.pdf-3,PKG/2004,1,True,True,PRIMARY_ELIGIBLE,True,KNOWN,INHERITED_FROZEN,PARSED,PARSED,PARSED,34880ad652ad8f97a5d691087a9af993f531e9699750e94225a9e71f2225b6f4,cc8c0a531df02fe99f3b2ba1b7646d1d9769306297eab0e9d4860fd9a8662c25,77bb999b810447d99b2240e1976ae2342feb4db0273266e345214b3484d5bbdc,49bcb8061690644a0b622aedcfa8be747078153868b9002b85e5eb546e7cc7d0,a0c03b1baad24e02b0b44d32736ea5d302f5fb95a59be7d4dadd0101ccefb515,0e4a6dc126fb3e9e830fc533f46cd0efdb79c92c92564455f728725644402602
STT/2008/page_139.pdf-1,STT/2008,0,True,True,PRIMARY_ELIGIBLE,True,KNOWN,INHERITED_FROZEN,PARSED,PARSED,PARSED,bc6354c97736e0379a2fd2128f151103d09e61fc600b87a80d29d246cb235594,65157800883df3ce4e102244fb9ae9fa631c52c7e4ea41d5cab4d221068e1552,6b6f5f90101419010a2d3cd3f9e13b065ed919a171e1e6fa01b09dd266ac0958,e572b3bcb3d71c9adbfe670b45f419b522891b57ccfb4a227372bb9e8187034d,2bce460508c0a49fadca73d898508235bcf5bccefcf07c7bcc1d55ce4cb2a16c,6be1c374da6f6911c0c05e1db87d01383d99bfa18be2ab47a463a230ccf1471b
VNO/2003/page_102.pdf-2,VNO/2003,3,True,True,PRIMARY_ELIGIBLE,True,KNOWN,INHERITED_FROZEN,PARSED,PARSED,PARSED,1268960afb5ba956a80daab3828cffbc29aa56b579aaeff4d33e6f79e4ff60e5,608ada4eace1302c86f58717cf148b63dea4bf6b462c79b952de61bfe39d7fae,17118fcbdece1f23a61460f204cacec1af352a605c29d248e87c6013299274e2,4960de3bccefdee255c938ac545f7cf1bb1998c7afe31bcc3017baeda8a41444,d86697124e92bfb70d0fc743457e29d5a56774b2271a9940c8f063bebead10c3,9eeb39b757c6fa2eaf4aa1f7d072193b51b4b137976286f33fcefe86cb09445e
GS/2014/page_62.pdf-2,GS/2014,3,True,True,PRIMARY_ELIGIBLE,True,KNOWN,INHERITED_FROZEN,PARSED,PARSED,PARSED,40ac3dbfd2022c9e8075e3422bba205f04a9dff3094684411d1caf99582d8bac,7a805cfe9695b132ae9b25bf863caef1c34cb012228804602870bff0f8d4eea1,8954211a151836a8a113cc638125d630c1a1e2b6179a91658e9409ff844f1abf,c7f07dd086197bafc98092e2fe92ea047acfb8b188f68490ea50da65c4ba0ce3,75a0d4ec64282ed0f3718e091e0fbcc0d5e408bd0df5f4db2bba80b0f4f4d0bf,abcd50ba14833dea89f34544a64876832fb3d73166569f93935657e707e505c8
HST/2018/page_115.pdf-2,HST/2018,3,True,True,PRIMARY_ELIGIBLE,True,KNOWN,INHERITED_FROZEN,PARSED,PARSED,PARSED,9ca885a6c964f6420494b4f6c9d70bb2864810c96c544abfd302a72586bb39b7,4ebe9cfc34f3b48158f475a9fba77763eb5334a5aa2771b3c129a83ee4dc0720,d774c555a012684e04bb08fd48197f29fefa82916fa07d52b6c69063ce5f4b63,9884b95e2d1214ac4362c025c42a67bb85a8bf18324815cbe7817d49df682fdf,13ca1ac03cb7e90878c0f8e04181ce2e2861be5b72d99aed80e528d823ff017c,a2557786b99280f2ec133a67fae650689034e041411b59f2f46beafd8628c53d
ORLY/2016/page_29.pdf-3,ORLY/2016,1,True,True,PRIMARY_ELIGIBLE,True,KNOWN,INHERITED_FROZEN,PARSED,PARSED,PARSED,8a1ed937f0e3b5eb707f06eb67a72347b6aa9afd40047137761368eded630786,7152b211015c97bf5d344b9f7de82c81f90c041380a1ca61190467133c38e7dd,a70899cb4b0a7ab2632ea4ff1416b6505f0ee8bf138b732271c8570986e05e7c,44f783d2f814108134a650f403f8b97ad90363821421df729f6d428dc0c01d13,7cdb11ecc2bbab0e2e1f55664ebcaf141c97001fed7f8ac9ebbe5f6acd3a97a0,77d8d1cf9f76dbfe4b693db750c5b02eb93f1c8dd11d6b7251453f74ce397651
UNP/2017/page_74.pdf-2,UNP/2017,1,True,True,PRIMARY_ELIGIBLE,True,KNOWN,INHERITED_FROZEN,PARSED,PARSED,PARSED,4423f2db8f7a3ffe5f9b3eaff45f5d9bf8804d54fccc29813c8a5c5d8d2a17e3,deadfc672aabc28a38b2b7d5b251eb362f370ed64b71f1afd94e529e4415bc5a,02ba619fe730ad06f6ef597e2c84ce5e21767ce7e8a23d7e14a2a8ea835791fa,bb01da3889767b248dcf5c9cb668533b35957c9e30ef95bbcfd567f7b4705832,af0b45b031871111499d6329f21a06192909a0e7ff2e7a978b8867ff4c3adb88,7bbcc8f0e2906db3868f62a684d83c99902238199a5918f52480ccda6bae8c27
VTR/2007/page_48.pdf-4,VTR/2007,4,True,True,PRIMARY_ELIGIBLE,True,KNOWN,INHERITED_FROZEN,PARSED,PARSED,PARSED,c201dad1cfb4c89ee73456c62d468d3b2e6455f22e2a7315b74c6b01a65e606f,812342ae071aa84b60f0040a9e3edc11e85137e4bf19248499cfb55b5854e636,73100d1c0aabf23b0ec2e7b15564d4d846d9d0dd00b635ac7f7e1df52118ae6d,7131932cb0f5938e101359b0fd21a3fb9ba9de7383067f6738467a6061f10878,a042ce59672e509bd7c7cf15b8ce1fc8352dbf7f8b326be712f83ba3e443562a,f3abc022303d565a2566eadfcf6ec40ad4395e55f906071189ed41a5bbb7b22a
ETR/2004/page_186.pdf-3,ETR/2004,,True,False,DIRECTION_PENDING,False,KNOWN,REQUIRES_HUMAN_REDERIVATION,PARSED,PARSED,PARSED,c1d009464f6e53ef7b5d40705a8507ae2a5ea52854b9b17b4cc33e9bd30aa13a,04b996de286bda895e6f8bd1f8aa46085799d1295e448f6cec73d6f9d8293f74,e342962d72e174fae806b7f432c1265e6773e8e1f7ec0a099b2ceea3ba61b839,dbac767a1ddeaf7237ca4c44155dcf7a31ab1d1158ee1be3426d491c569491db,25b7de7ba1747c4a42680d1fe1670061680d27ddf36acc9549e730c185633553,88c9843724e1d7c83af3bb164c82a1009e08602e19c17552182cf09b9bb739f6
IPG/2014/page_37.pdf-1,IPG/2014,1,True,True,PRIMARY_ELIGIBLE,True,KNOWN,INHERITED_FROZEN,PARSED,PARSED,PARSED,6aa0b055b3b707c48a1e467a397d9b0d6e8bda9323bbd2395c1c24b7e35ad357,5923a6a6bc1812d8e51faa6c097e688aa225c196d34e7b77ac1754a3758703b0,82e1d4597aabda29e6efa6ddeb9e9b90c5da205eaccd8f1cc23024dee16dcf98,44775dcc2ddf933d0ac67766dd47fbc1444879dbc5daa97da3315d16b3b7c9c9,a7b5993297fa9cc6d765088d99b3d1d170bde9b444484f24d9cc2e651ce8702f,3c096c2620c5757a8b41e5dfe739695cc236e6289afb52e63f558574cc780785
TSCO/2018/page_31.pdf-1,TSCO/2018,2,True,True,PRIMARY_ELIGIBLE,True,KNOWN,INHERITED_FROZEN,PARSED,PARSED,PARSED,169202e99157e2e3350c9143e9cf132f5d5ddc91d2e592ea421d70ccbcdb2013,8205b31b79c1bfc78ccbc7844a1091bc2addfc36df55555b2f0221d903eb6610,21617d4672b8f3255abe5e4ca555ee034b912d0bfb2ab893266137fb76372bb4,d361cfd32bbc3267a3e5d682fc84b8a5071a5fbd5e59417e6464e7ee20db492d,f388b07a7e886315359b7f6fa91bbc263c72582def3dcb1c01410f27554cba44,c26486013d0ebdd1849d020c28ddf2ee4533f58c64d975b75e0d619f16e055d6
PPG/2018/page_60.pdf-1,PPG/2018,0,True,True,PRIMARY_ELIGIBLE,True,KNOWN,INHERITED_FROZEN,PARSED,PARSED,PARSED,ff636ee5740821d1be78593954ac6df65a379e5b65dc6adaf6be0eeb2ddab00c,b7b7d59463ece128c43b02a16e8740eebf9d4dba46304235b3f644a453f39fbc,1827d508b1d7bf005153d5875538b6eba7fc77abf683d19061fd186e9f21aca4,46bc0b20f4e12dc8aab3d49cc41095a7511f0ff472e29d782834df135e4e046c,d8d7417479580a0ba38bb0861ed2ab79c341b09894660f5980b6ae7e25b57fcb,56d39def321f90a9b352f14f8e530abacc3935d51e98e9f6d7ef222d1ef55405
ADBE/2014/page_99.pdf-3,ADBE/2014,2,True,True,PRIMARY_ELIGIBLE,True,KNOWN,INHERITED_FROZEN,PARSED,PARSED,PARSED,8953ad58c613418d77da127c71e0c49e5c1e5ff7d2bbe4a653248cc46311b388,3c62ff8cc36a1d2e6e8d2f322b3ba93abfd5f94819792b37d733aa28139a390f,2ea4930ec7a7e2c3646d3c37b7cc916f854155c091c9fe329cdf2e89c240f388,caa9364a850de4874b5314c68aa7d0a8b86b5d13883e8857f462a2cef8aff40c,fdb3ea49851a95f4edb271154ed8e098183ab81468c9f9f4964e0b892846adb1,4751ed6c9f286ce8350faf9f4b015a26b0e5f850a5a58c3ed4ff65afde4654ca
AWK/2015/page_106.pdf-3,AWK/2015,0,True,True,PRIMARY_ELIGIBLE,True,KNOWN,INHERITED_FROZEN,PARSED,PARSED,PARSED,d1c08896c16ab9787ade8b19439a1b02f0a57f14b391de685202b148e7ed83df,02f1c82f280e03fccef08bba196bd0804f5a3d1d513f14c77df3edda9858d04f,5796a36ced40b8904753fa993139ceb6790f777e9a1afaaeeed0038941e70b17,37b8c4e545b4008b326b40bccc3bc1e645db6ae0486fdb2d4f2a38cd8341aed6,35439c0c5163181b96da37901a44bfb6a9f32fc306ee15c8afcfff1ed199070b,b9eb4841b69d2c8e747eaa2985e6a5fe080ea9220d3a2b3eefa950583b8f9435
AWK/2017/page_172.pdf-1,AWK/2017,4,True,True,PRIMARY_ELIGIBLE,True,KNOWN,INHERITED_FROZEN,PARSED,PARSED,PARSED,310efc803fe735a38197dbad79f0e7d89821c59f5710b0adecb0613a505ace77,98483036a90e4ec809a2af30b0d3b1088a9e8de87d66943476ab5e54321a8a11,b12b9a691957bae00c4ed108398664b0e83d34b611e9d139b8bf3a436155b711,ee63a7b849d06284a5702478d3dea349b5ca45e13f6d7b718aef6d34d63f37fa,58e606de8b2d036302ea3a36f5e788abdf3da030f6a5bc74b6bb065915511b29,89c542debe0309240f4553c8fe170c0c4c55095341cfc6285e4054febbece1ab
DISCA/2012/page_54.pdf-3,DISCA/2012,1,True,True,PRIMARY_ELIGIBLE,True,KNOWN,INHERITED_FROZEN,PARSED,PARSED,PARSED,d37fc44bb9ca8454b652eff4408ee2f92a47565a3a03c8e06d477162804a58ae,e9a6cf23ffaf3bb7e1d466f3c5243c69de260b2b20ece31926d833daa2b68139,a55134dc4e864dcc41abd4f99de5c14ff6c937d6b1b06aa937fd4429aa766c15,6267e36bd2bd8abf5a528411f88a763ac1af3956bf81f14130a308637b92afa8,5bd40dcfda1318f32c455e4adc09718b3306aa2615da56131857404889059c2d,7f586b96b3cf56a9d58d987fe7826ed2c0d6bae1f62633f66c07694302c6f639
AWK/2017/page_154.pdf-4,AWK/2017,4,True,True,PRIMARY_ELIGIBLE,True,KNOWN,INHERITED_FROZEN,PARSED,PARSED,PARSED,8ddab26de7f18207db13523701894b6856909158704560b53a4da865f49da46e,dad6ae57c9041e6c7e615cc0f10d6ba0430c05019aaed531d077a4b0290041ea,78cf166a2573c4625f55c56916161a60fa248bfbb11e266d7e9b1a7b554303fa,2006cf5d2045916e7a443cdea0313d343c95d400d35020054a70fefb012f675b,f1dc05368ec23fc59aa0b438744121d5802badd2981ff6ea50d97c26460f87c8,49460f4d14fee41be2db7d7bb00cd6a32e8982f6a673c5d52e249df5950423ad
AWK/2013/page_123.pdf-1,AWK/2013,4,True,True,PRIMARY_ELIGIBLE,True,KNOWN,INHERITED_FROZEN,PARSED,PARSED,PARSED,10705fb1a0f63678f680653122298153192676567f253248742e8afb600d6ec9,fb4c66ef865cc8b5bc1214d970c6a4b4ddaf0190b60e9486dd2ab1e6facbbedd,e15d78b370f7434be70d6a83cdff779f00d0ee2bd31e074de21863207af99cbf,cda3f5af6703616e8bc22f22393f0a35cc8b1ef40529ff1bdf09d201e6d8643a,f13b5939b01b4439ff1da51d158868d8349ffdaea1fe9d5784636d8d8092e6aa,1386349f960dfbdf6ce32fc80049879e191ea4d56cd006ec3d3eea768b560b60
RL/2015/page_9.pdf-2,RL/2015,3,True,True,PRIMARY_ELIGIBLE,True,KNOWN,INHERITED_FROZEN,PARSED,PARSED,PARSED,2f10cdc1e4361e7173c236e2241ed7b03f72c1d713c23964915aa61545ea1e7b,906ae39cadc5e18fea7e3de46b8c30c89c3d3bb17e12215f46e2a3dc7c9d722a,0754c0e24b7a9b6707f7600613f4223121a8167db21c00e6aef0f5edf6189c3e,1412c9860fb431867a62c4efe12cc88602bcf54b66e8cb7d710e5c143f9275d9,0a8c0151c307899be62aa89179d6beb5c70fb3f20658cc0c2d00506b2714d924,f62adf2fbcaa2576c876917ccb5ecbaca52970975d0818038db3828cd7be2a9e
NKE/2015/page_37.pdf-3,NKE/2015,2,True,True,PRIMARY_ELIGIBLE,True,KNOWN,INHERITED_FROZEN,PARSED,PARSED,PARSED,7b79712f4b22d2edf54abe95f48ad44a8160814555da3af19c1363d695352464,03d371406dfedd97d051a31c76cfe752bd41e6d1b0fb661d91b1dadb3bc95652,32d83938450eb381bb85c7eaa1c7e1953372fe17c551fa1c4be6e0382572ac9a,324afac0891ac7b86f18548c8b70f3918fee1326569a4f01a3e2db870334777a,196d54395ab4e903d2c35ebe8f6d65c9e2dc46a4469c38b00f8e7142ab4ff7f3,dd896e2df48ba0405a24616c9eef9475364a1a94f0d98a2c3f8c93e955d7c11c
HUM/2012/page_109.pdf-2,HUM/2012,4,True,True,PRIMARY_ELIGIBLE,True,KNOWN,INHERITED_FROZEN,PARSED,PARSED,PARSED,515fb921537da3ee8a6ccb252fe6e437f343a0cded913f55f4903f48aa2cb477,3f9d2c8bc71768135e17f61ecff0a101ba3cf556750219b77347410fe59bd6ed,314e711b369cb446935eb90700b620d46fee541c5efb381a3a49d7119ac0425c,e9c66c512c7d8b6c6501467d45c1a93a7e3b36cbec56fcae789f0865b1c168ee,7123e84838cd22eeb7122f44bb67f9065f2fd2b3a1bcb63a497c0d34c27c6b02,ffff4143610c671d730ab1286937ab6021feb95f0e7f5ceeb77d457b31e14517
AWK/2015/page_127.pdf-2,AWK/2015,0,True,True,PRIMARY_ELIGIBLE,True,KNOWN,INHERITED_FROZEN,PARSED,PARSED,PARSED,c844bcd0393d89e3b19ec1a1a5ee98853c9d17355e11621d66bea859692a636f,53678d804f7a4a802df3bd3b77f1852addd7fef11ee398f0ca6174dd83c011f5,9dc32bfdb0582b131ac3c85c02f60216e1cb73983ce2fefd2158d5cbc5d16fff,bb7c6af2c4f7d519bf63ee55ce8293011cc3579fd03b0b7cafea31c873217001,d698a241f9b424ab8bfb629a00a5508005dc6019eb448841bab96f657aed0742,6b88592b73d8204452276bb6decc8fdbb3795d04701126e430f68df2bcf02553
AAP/2016/page_65.pdf-1,AAP/2016,1,True,True,PRIMARY_ELIGIBLE,True,KNOWN,INHERITED_FROZEN,PARSED,PARSED,PARSED,13e894ba5f9d9a9aa5dbac48a4800c130c77de6ae484ce27b20efa7609dee091,f99974d94851a54fc7ba38b3416625d7b2c62b5a04a4ae7d868371c949e68775,def545cf2d670e74b4c96e751bb3c077f931a108aa71aabb5cf920404dec4a9c,8066b4ef1e1f3e7a78d57070a4eb83dd877c13310a2bde1bf91675fa89e60a07,5ea3c8260369dacc80e84c99782f524d2d763db0ce22730692f866e3d80e6e9c,3607cf075b9b5373ad075d19e30615cfcae2738b30d48afb3f526ae4605816fb
GS/2014/page_134.pdf-1,GS/2014,3,True,True,PRIMARY_ELIGIBLE,True,KNOWN,INHERITED_FROZEN,PARSED,PARSED,PARSED,f202c6196ece6836df419ba95b112d7bcb0aa1ee8b37a9470ad05feeedc7932e,ae0885d534561da5ca8dd064ebc873b1b7987dbbe212eea07b06dc5eb8e4f16d,f3091cd67dd86439d629e76b7dfa8495f0ec6cf4d93bab201610ab370d538ea8,9f764380166b666631acb1d74708a7d7dc2d411781b4315a322a6315fa990e8b,698cbc0f3d0516e269dffa523c7e4b5167f039ab4d5422207e4f18c89843f78e,54a20db99ffb635ff9a6d869579cadb371916108fe75e83e6e3cb53034b8e137
RCL/2006/page_37.pdf-2,RCL/2006,2,True,True,PRIMARY_ELIGIBLE,True,KNOWN,INHERITED_FROZEN,PARSED,PARSED,PARSED,ead178541f12e35cb892d7f6e9533e8ebaa85600e69dadb8e67fe2cb4b5ab419,5d09871374c86147af747d7cc63127c6383331f41b69d472194f7c3e0ee66345,cfefa4f3c48ca7c947916c0c2d412554effef62c01c4e9f74ce481ca937423fe,8f87b118635d34d6c8989eb02f6c91c56fbb67b60ba79a83a6ddcc93cc1977d2,c7225f6c7baf30e03c37875b6662b273fbc7638a8cd10267c736ee1489052fad,11996ee506bed2d085a7c9c83010826598b140a93b907e5e11f99b0c31e1a611
PKG/2006/page_68.pdf-4,PKG/2006,4,True,True,PRIMARY_ELIGIBLE,True,KNOWN,INHERITED_FROZEN,PARSED,PARSED,PARSED,0d9c13f9be4c053ffbc0631dfcb2207027eed63c55f03d8c85b2e345275790b2,4be71802d5fed560961a9004a05b9d9b54419a9cb493300546cff7f548a05ad8,5f195f41df587ea80a91c747c339123c62efeb948e826f608118441f3156cb35,2c119400aca521d2c33ef2de19a6b7fd616a6278aaddd671c516b49f36961cfa,3b3792f6ce0756e3a67521203fac89cc9ea5a35c7bcc9dc3f645fd6e4797bab6,3c9c4b399d5f0ab87a4da357dd58a1205fc9a6b7d1e9bb03736cb136f51618cc
ALLE/2018/page_121.pdf-2,ALLE/2018,1,True,True,PRIMARY_ELIGIBLE,True,KNOWN,INHERITED_FROZEN,PARSED,PARSED,PARSED,434bf8fbfc337b20360d66e801f7c82fa43eb1a73907798c78cc6390aae07ccd,1a89606fb116ff31f6d6589659b75c01f54293d209e272bfcd0e5067827af91d,d4f9c192ee43ceda527742793b5c415bf6325ac7c356f6f5933deb32e797c8a1,ff32d619a61b9dc0058a30e7f9f668ec6bc96f36b99b4275b8022a27e6424658,92ff745a2eb2f8638595c43284b34244303fbaa99fd9498e00ff36212916413f,032a215025616a33f2055e705174c7ad77e551eccbe2f787958b643755a255b5
AAPL/2014/page_78.pdf-1,AAPL/2014,2,True,True,PRIMARY_ELIGIBLE,True,KNOWN,INHERITED_FROZEN,PARSED,PARSED,PARSED,836f63a70f7555de8fa02f0f4b2de8561c3de112b199fd3579a84b9ffb98e3ae,815849079a4b0e3b27f5d14fdade34c86c2059f9d689dd622b9cab4499498932,9e5a756c405b12aa9b64ca206c607afacba8e33eda80f3f30cfcb71c7cf0c243,532ac0adf68a7b22652358bfd2fb7aaf763c240309a6529a6b8f990237e064cf,7cc4505a5629be9263b209850fa377ba8202abdfdb2610444dca1081fe81ae5e,55a85d2edef64c3c7a6c3ca21a970fb2e63b1518b821816bcb7cf05e7b15398d
IPG/2018/page_104.pdf-3,IPG/2018,2,True,True,PRIMARY_ELIGIBLE,True,KNOWN,INHERITED_FROZEN,PARSED,PARSED,PARSED,de2babe0c95fb50a66e281987d8460195f8f525d2d53408aa03f702caafe919f,1b5c64f12ea565be5d4986d7e1a58415e41936f8dc650c4b354282ad15c041bb,afa8921c236954e8abe4f9969537aeee002546d0e66bc8a01503240100c42cf6,739ec6b68b9128b96bf42d634a9632330ab8d9468d23fd0ebef9c303181f1478,c3307c4e61adc1fc0334930a668f8ce83b35d4351381003881f48159d9f97d5d,960d70ca24308addce1e5707fa5fbd23b95b747ef19235fb8b70f47b7ad1ddde
IPG/2018/page_26.pdf-1,IPG/2018,2,True,True,PRIMARY_ELIGIBLE,True,KNOWN,INHERITED_FROZEN,PARSED,PARSED,PARSED,cf5ffbbc39287a2d6d8405ba635eeff8cd684bfd7e12171b1c629c4bb84b7cea,12c3c5bd9f3759708153bb42c825bdfbe450a8f8412af53dc2a434b2e9e1982a,21efd1c59ca0cb547bca78a930d260ae0f755b163b204c3c48e2dd643a1dea20,147ebe94a52824d4d136f1dce4be313a11d3ef26b61a6d703ee167fec30cf3df,7ae532c158496adc0b062c211f3eadcc80eed2a30640fa61ff0c808c4a4cbd68,ef07a10a8a90ec4ad4d923201be7594bd5b759260dc9d274bd12dd3c585e5b83
FIS/2007/page_33.pdf-1,FIS/2007,0,True,True,PRIMARY_ELIGIBLE,True,KNOWN,INHERITED_FROZEN,PARSED,PARSED,PARSED,5b3aaf24c4764c3e4c3efba68784d23459e58532c88d5ea4e2e90a064540d780,2c3a6c66442f3bb1d7c9856b0dc81273c64f17dc97f4331714d75b156f265294,01a30bab2aec151a524c1c4c5e7aa6e0d10af6ed699338e000c5dbb93a529e21,236221e67059fe1c404459e475b5e1b04c2f10e03fb44f89eaff43768ffd55cf,a2d9194f10d1b9881207d6bf3085204f8fb4428cd90f1479f0661cda8329ac99,1dc0f6fef835d4bb4a5a1ce214b27dabd54418fd760c6f2f38dd599bf63ba4c3
TFX/2015/page_42.pdf-1,TFX/2015,3,True,True,PRIMARY_ELIGIBLE,True,KNOWN,INHERITED_FROZEN,PARSED,PARSED,PARSED,ff96fc159bfa2a0476a96be3933a8f78935d8908ed65afd98ea67e23bfd956b6,b1805be07192f1e0d2d8d1026793473de9ca6f9c1916ff07cab210fd3c811c6c,58ba7db0e87bdf3c0d6b5eec9f497124bcee3a5cbc052775667ffc24f9f86c61,07ab8f0cd489c60c5ea714659dddaf5f30e1b9e7e5ddbbc7200aa0dc4362292e,3aaf4d7f47e493aa7a2d53810e13f098df36c547ee6806cf527c6a78cd4331c9,10d3e23729983b37c9d165010b60961245b5d8e36594e80406113c675e0f38c2
AMT/2015/page_58.pdf-1,AMT/2015,3,True,False,FEATURE_OR_PARSE_INELIGIBLE,False,UNKNOWN,INHERITED_FROZEN,answer_not_numeric,PARSED,PARSED,fdc1518f4a44c6943ce5c282fd236d59125538f768275bf71f4328e10a89c441,19da7e161213d5516f201373b551ef1e8b33d3212d64de9a0cbbaf1deabd5cdd,735b757191645c5dec08c88e16f3d094b3ac6a20d84cab2cc73ed2902fc8b6d5,e2a13bcc1a9e8e2a05423877f7c639ba0bf51812c28bafc0d6bae735f2b67769,bcbc44d0913add66e760cafa962a86ff2b0a3ab495d13723371d4cc862489a43,057772359274bbc4548156261eaabb92b0fb478246e50a9e15b80450fa820283
C/2016/page_120.pdf-2,C/2016,4,True,True,PRIMARY_ELIGIBLE,True,KNOWN,INHERITED_FROZEN,PARSED,PARSED,PARSED,a3f7a24805c41b5f3d75fb3758d46bf60d3fa58d0815088f02d3ffa6e73723e2,3654862d49f622c668bd7fcd8dd72db9ca5a65daab585b0036a9974078a48009,c64f7a6f20b0e02a49e6f5d355100fe82ae55385eef8a058ad76db50b6bcb86e,30589f61ec1990b0a7d9627a8c05038ca01fa072ada2c31e611412c3580129e7,f83cfea8d2b446a6f3c36927496e3972b127e7ff78703dc04a4293787fbf9abb,848fea3c6f9d9bedd4ea25c23ef29ef405bff49687ee58239c45822fc9312f64
LMT/2016/page_85.pdf-3,LMT/2016,1,True,True,PRIMARY_ELIGIBLE,True,KNOWN,INHERITED_FROZEN,PARSED,PARSED,PARSED,2ad69de2ead2d2a7f302ff3b9a29968a2c2709c9a683192a23ffa1da1dd7ea4c,d807eb2560effb8cff856fdbf088dfd8424610d37178392502fef8af4c703022,fd398f5de19f3657a33b6bec009f4eed37a86955cc35820ea4e1d2e455b1aaac,573de322f99b26ae8e8f73d5c524ee4ef11bc02bdcdfe8b08de0ad289c6b11be,81954fc8820d884a832d8d01dd812bd103f4279c6de1320bac4f8d6accf32e58,741a2f5ffa3819cb388d511cc089fc44124182433906977da683ad847a178b82
RSG/2017/page_74.pdf-1,RSG/2017,2,True,True,PRIMARY_ELIGIBLE,True,KNOWN,INHERITED_FROZEN,PARSED,PARSED,PARSED,25245d7b207b4d92f697229f0cdddf0895a99f82f6ee14f817d94168e7f322cd,073d8b4d4045ccecad7f64a03ad5b4eedc1e748f6b47e46726bec36519f9f963,6aa9321a38001991a57744c15a1bcbfd91428095f9d3faf7d0a62a6f9c76611f,6fd7754ac61ed0cfd0e71f4e1b457238a755c04e02085115e100c282eaa25fff,d9a7495ea69b77230cd49e0db461f81ddedf2a689404b22ed92ea9b29451e5e3,62c175b85f947000588fafca84ba445d9bf58cea3aaeeadee1653eb2df31b151
RCL/2017/page_38.pdf-1,RCL/2017,0,True,True,PRIMARY_ELIGIBLE,True,KNOWN,INHERITED_FROZEN,PARSED,PARSED,PARSED,0f180edfd90f82b531db5d0f440cbc0ec4d5817b0ec625b8801ae7dab1c5ee62,9e6a26b28e0dfbcfaf80fb153d5e96b59ed3db4ecdf4fba7de50e71183148ad6,868b8900f4821f5160442c200967772c349b846ec7fea1103acd422ce13d5747,de07bdc52c94e4709ffbd52a6e01766eb70f8d02db66096630eb523e146026fb,4259cc1abb8edf15bb9cd1a42822c049347c39fe8487ef4126f7a2b63b2c1dff,cee3b68957176bf213526e249002d9cec0b10ed8437b1234b2b913d341b65ee9
AAPL/2002/page_63.pdf-3,AAPL/2002,2,True,True,PRIMARY_ELIGIBLE,True,KNOWN,INHERITED_FROZEN,PARSED,PARSED,PARSED,c703675a2a5437f05b9439af645acf58bc946eed0583b7667b4a5d2e776cc781,084901c8599ac4c6c0770a1e23acfbbd826fc5765424c9fa8d9127cb1c7747ca,0ca07aeeaa6074fc017417b3e48745c79ef87e9ba3951bdef49f8f33105e7d5b,f8bc3f513826a6f88119927d75e259c78dc20ab82a778c908ae331d907ed0c8d,38a7d695ddaa23d6da7a7364acee4bad33aa71ffc064e6e59697a9e126728bfd,467ea8bc7ae9f3c7193e231c4bcc7ddc3cf4ac9a10ab572c5afe3dafea1e32c6
RCL/2016/page_37.pdf-3,RCL/2016,1,True,True,PRIMARY_ELIGIBLE,True,KNOWN,INHERITED_FROZEN,PARSED,PARSED,PARSED,88dca0ded81b864ca0a67d0d8106aa2aff78b554a5b7b93decc9b31bec3a1e28,a8921d1c30e823b4e77c694723bd6a66e548f969424e247572c068ecc517b8a6,773571d01042a7aa8a75c59fa4b710edd14f8694b9056d417ad4f5b0846df933,f99a51e51ae432b11066b6fea89ba42e1e104f130228dc428d405bee1fca3e8d,f20ab9309e8c277331a7fcfd489b8d3414448765b70f3797e83e9eb9f07f2d39,db10219c694809d0e781aba010b58beb0b3e2a045bd17a72b92c021942244ee6
AAPL/2002/page_26.pdf-4,AAPL/2002,2,True,True,PRIMARY_ELIGIBLE,True,KNOWN,INHERITED_FROZEN,PARSED,PARSED,PARSED,d9d501c975103201bf3ca6e0321baf057e8d9bdbab5f3de6a6067932e9501729,798ba52e90664953ffe401caf4b9a1e1588781771932a68287c348a8905e9a49,b002de0a73397c3aee497d335d97a31204882702a2618f1348efdcd04a5f831e,851e87b548470e0650c69e20b666322819a135d72fc124a9cb8cab992ef66232,5528fd5dbcae2f1db614e7c370141602f1776692bbd5c283d9dd1426af08511a,7beb656a4cc128c02225d8716d5b99d67b12dc6ade369daf4b3e26e073ced9e9
AAP/2016/page_26.pdf-2,AAP/2016,1,True,True,PRIMARY_ELIGIBLE,True,KNOWN,INHERITED_FROZEN,PARSED,PARSED,PARSED,ac40ff140ec391f36319978f945b39690714327c4f1eb99d02ff2d8931a3ae7c,bb40eb698ec7d822e2584b0ebbc230c88fe543ffab0e2273040a6ac765204e02,ace3330b34a81b40c92e57431efb854021f40c18cccf2ef1cd47bc0a35e9716a,3d63049822d3b72bb2900f309256aa4a169d80175550ab9b701c2f203dd998a1,1b2aebf2dba726f1117bd5b14536271e941ef4b91efc8667246196028bd70fef,ddba59cb5748c068e5b454ec2f441a8fd523bb3c495392f624bffad5f8cbc991
APD/2019/page_100.pdf-2,APD/2019,1,True,True,PRIMARY_ELIGIBLE,True,KNOWN,INHERITED_FROZEN,PARSED,PARSED,PARSED,07bb7af7158029e6cf43e3de4d005aa982cc22e56aeed5eabe144a447f5fcca1,bf24273b8767de5ec3da36e0f960982b57152a0ea8ec38058d063e85ae571d35,6bb367ef16a8905adecbaaad4ca6041bd7c37c1ce7ae4a1f816792a7c86fc749,b679b797b7f026317cc1668bc5ee1fad5f1bf81a654cca545dc957b95767fad0,e1e3e90fd6da2d73c737ff1957faf112d3224018c9f60792afaf1fa34e4155a0,f04ae25ecfc744e1770105dcb3e4ecada3df602f1246aed691415d87c91427d5
UPS/2017/page_111.pdf-1,UPS/2017,3,True,True,PRIMARY_ELIGIBLE,True,KNOWN,INHERITED_FROZEN,PARSED,PARSED,PARSED,91fa6e7c21ddec71f7990240072a42fe03a7032b120ea90cb520c6a027599de1,8bce85bbccca80ed7d9f199668b7065ce7e437a939b89f26ca4214db74f8c632,034614fe3df8ddf936f6fcffb41367627c1e013b6b08d595794ef79da02076f6,78cf0d2c3226a7955630aeb6ff20f2dbedbea7fd89e0b036f30e6a57b270ccd0,fdeacfa68f14a84969abeeb2594265afd5c284010c470fb3727b15c93c128515,862c89a0a1f9b4e51d4ff2a20872d348149020a37af81cbcab15174cea9a5d14
PPG/2005/page_20.pdf-2,PPG/2005,4,True,True,PRIMARY_ELIGIBLE,True,KNOWN,INHERITED_FROZEN,PARSED,PARSED,PARSED,3386930aa112baf85de514967a6628c89b47399e3c98f737ab11cf613450ba31,1da1aa1ecfa5c96f8ebe2aab77872a47b9b1a3f73e2b81303b705734cd6753ef,c154bae53c42e263bb23178f6168dd2e77f53d1ef841f68a788eedfdca52cd54,5cefb137abf8f84e7aee2ddcf79cdd96814dd48babc12ea65a4b84839f91f8d8,a3351d86428bc2f05875e51ff4b4a2caaff0bf129a10b31e72ec4ea1a820e598,f24ca466622972be042e1dda2abcbea62a6e4af745430d3506b157dcf7367784
RL/2015/page_9.pdf-1,RL/2015,3,True,True,PRIMARY_ELIGIBLE,True,KNOWN,INHERITED_FROZEN,PARSED,PARSED,PARSED,bd26a98c71183ef2d3a6f186ff2b54d1d19013329780f618708a60ae4ed4a995,2b2d149e127ba8b73766d77492638a26309f3d7e6caad2ebdb35b05a26cc1d6c,e48481ff1f8591790a6a11bc556647470c27bbef99c6655d3f13b01e1d6fba99,f5cbd02a19f8af7d23f53e310003e699cb15c1fed6649a77f0645129c7969d77,e6ae465260d15f691c1d50de6c5763da9f0063d25d2aaa7e019ef40f9ba61003,8cf848f696be802cdee7e67855c0436901e6892b47d45564acb020069b77c018
HIG/2004/page_192.pdf-4,HIG/2004,0,True,True,PRIMARY_ELIGIBLE,True,KNOWN,INHERITED_FROZEN,PARSED,PARSED,PARSED,c739b1704e4565c2fd47211659f06606b69b3651bd60738b39e52feb16d0d778,118eb9a88eef4ae029d7fb2265f24b9ce3d9dcf91d8b613b0e5fa9715cdd8a4d,6f9285b7b35e26d64c8f2062b4066f97b0e43cf00688475ea8a7853a899ba608,3060bc56aa90b0a06fae581a9f603401fac4fc3435d58eb0cdae280dcb97aaeb,a3f867014a2100198c191b9ba736bdf3693eca025ceb12f8e5e19ba4b437f46b,0cd745e1319f2f3ae708355f01e517c5eb578be229604590d2b2966e97e20721
RSG/2009/page_78.pdf-2,RSG/2009,4,True,True,PRIMARY_ELIGIBLE,True,KNOWN,INHERITED_FROZEN,PARSED,PARSED,PARSED,75450ba22ad3b6b7acded0006e4cea1e82fac573f7bdf1d24a44068b4d174be7,cfde44785417f201127d68a40bd9ce949ac53d59f357eacbb848fe1607c19f35,41863cc06964a35b9cef5010df70ea2af545f50e0c75a4ab8dc904dd48e6c84c,9d72a3eca1eb760c69ab06c6cebb466e2e6a5d4bba0794440936ba7e59bfc41a,f5a5808972f015b8103c2c82964fdba28a2de5162f5ca240f127dfb1d32bef80,2562c22d819f09e1f65634f2a3bf693668e8dfee8ac0ef6f63a1aea345e9e83d
AWK/2015/page_21.pdf-2,AWK/2015,0,True,True,PRIMARY_ELIGIBLE,True,KNOWN,INHERITED_FROZEN,PARSED,PARSED,PARSED,c49efdb1bc178c93ea2e117dafb6fa930005b185f02fbd522cbd95d58464ef6b,fd31694bd048824da79ae3416fc1f815a84160b29cc69bb81b3325b34610928f,b91db449c6903cfb8f4757dfc3feba8314211a4d05c32fc83cda17232c3ea3ae,54a17c519d479e311387a3d949809b2da34d8a0f5156cd97b2450fbbcebd1fd2,2ebc9df59e30cfe9b8b6610a3d1cfa838c11644d39724ea26da9cd826ca07042,efa0182ef6c9fc52f849d61796c9cb3480a23f4f87b7ed6a19c71078003a3959
AON/2015/page_29.pdf-2,AON/2015,2,True,True,PRIMARY_ELIGIBLE,True,KNOWN,INHERITED_FROZEN,PARSED,PARSED,PARSED,7f4bd5020fd437974ba3f905d8f3853037be14a20482c7e7e669f42195fc8557,5ee4c158295645633d21e6364bf5a21d1cac3323f2bf94549dbc8c1d1c0bfb5b,cddc263e891e4490681b9b50ef01ea12e380a5fca7228675a8a8d749fbab711a,c656ee5e194c2104b6d0bcb5293a1fddc2e0a9d1f147f54711a3e321f314c2ff,193b8fca510f27c5adadd831dc21362e48e9a86fed1f9b7b9d4a58ba4357dc2e,da19149f95b9535e6c01f62af22515047ad98ba2f418f7248ecc2a030c1fd5f2
LMT/2010/page_24.pdf-1,LMT/2010,0,True,True,PRIMARY_ELIGIBLE,True,KNOWN,INHERITED_FROZEN,PARSED,PARSED,PARSED,bd08b7cd416ecee2ade30efb8ee7cd1d2c3bf9d9592ec5e802e9cd367c4c8029,fbdd2ff57428b3ca04589fa2e83f2719d2e0d4be8f9bd4824dd4c9f9fa229e32,f7f2534b865e0f699f609b28b7e9a475cad9311e97d8d3ee888129a9e326238c,d4ee8991f48af804ddfb4d22bad6ae610c037a69ee4c9eda50bc76c87c7b6cae,9a3559e88e819dce8ed3c0a798ca8a936ede8aec99ecfec46b3516a313966dad,67b7a27775153c76e1e903289630bd6e0fc28f4bd0a5f3cadd54864a564c5c74
BKR/2018/page_127.pdf-1,BKR/2018,3,True,True,PRIMARY_ELIGIBLE,True,KNOWN,INHERITED_FROZEN,PARSED,PARSED,PARSED,aef546a4a73c50c6a07fe6697eb70ad6256e385c1e225aeea789938cc7ce7855,08284bbf67882a06ec016bec40b76f7a65e7e94e78e4c6a68315e1b4a0a8ea0c,e94d1c529ceb68a128eb5114be1d66e3a8a05a56145313c27c6a3e67848627f2,c6e774c323e1d8d146f674a9c77d554f66392b651aabe15fe9c428446819c1b0,66c671c449e5b1a904a80867767985e6fe1f3e64521ea6cdb428225223efe3a0,e7e79866681e0d40e55c1d5c3b3bb4be6dc82c77ff8fb9b869fa8c54468adec9
UNP/2010/page_55.pdf-2,UNP/2010,3,True,True,PRIMARY_ELIGIBLE,True,KNOWN,INHERITED_FROZEN,PARSED,PARSED,PARSED,d90b0f784a9d17e7436bf95e53918bb437384892fe77d1adfb36ae0f5f0275d3,18e98925b848a58352ff5f2923afdb716e2c42832406c0b06b25e0ce586ca743,96a3d73ee20323ce53b4660d0789ac9968573d99e00f4c04a856b5c4b33f2c5a,3ae1d7cd4f8dd2c3d4e4b9c600a73f20baf2d4b5cb1e0b81883614fcafb0268c,474cbb6b621c9ddb28228436fbf20579da3ebcd4fa4508e1a2b56835616c0579,b8cdcd99ee90313e0228594df6ac2cf5b2de3bd3889a2482e6e838b48af56a99
PPG/2012/page_70.pdf-1,PPG/2012,2,True,True,PRIMARY_ELIGIBLE,True,KNOWN,INHERITED_FROZEN,PARSED,PARSED,PARSED,c54873d2dfb0e3ad75729e388282a2eeea15b1a40da34d9917593c2b5d0474ef,816702d6cd68e15cdd47585ca1a5133b48a66f52b2659bd7f552b2d0f8f789b7,226850cda7eb9788530d70fe5c5f7a86153e28943f69e39ea185a2ef7efb9851,7b7062be930a838de39acaafef60a58e74315c2e3085cd78e4d71f5a3bad2c96,04bba92e33db3bc64c8b33acc6261c945840dc8461b95db168627e9410a1f8f2,c18b44e301c519b5b93764f1de430e628ba2e418b1b7885ac9bd8ea009173cd8
MMM/2007/page_37.pdf-1,MMM/2007,2,True,True,PRIMARY_ELIGIBLE,True,KNOWN,INHERITED_FROZEN,PARSED,PARSED,PARSED,047098d830086fc6f92721e4a1abb967c62d95bc1f448cc54fb142c1cf812760,85de5b4b66b5601a8575d87d4593e6483219903b38abbcecb59cca5217d775e8,6c5741e63d35f8f069273acb02065956e345829297b8b3e21af37f049730c358,89158625817f66271d760b608a9f9f1b1be51bbbd48fb8ecbb94ce11f8ea16bd,8d2e598a46c931d06aebe363ca7d28af3673b61711bd0d3be787b40e3c1bb427,967b61e2e5141c4e22271c014138c107923fa664353c75a89cca20d2bade2d08
SNPS/2009/page_59.pdf-2,SNPS/2009,,True,False,DIRECTION_PENDING,False,KNOWN,REQUIRES_HUMAN_REDERIVATION,PARSED,PARSED,PARSED,25d1c081b6ba5b86c20a9ad5172bc41c3858f6769c38e380139e71afd929667c,c559b80e768f00a0388f44454f5ae3eec149f234e2e4f1a2ea8a0e5a96622d6e,c9c8cbfbd48e4a4b62c3b65621ee9c07d7329e460a78e33f5d42d39195897067,13384e79e53526c544f73178b66e1e9b40519669e1065c7c602f5441523e2e11,27e652d012eca81de851d9e29e1a67ea961d7cfe36457dc01e76ffe67683c7c6,bdacc20d9eb88ac97e6477b9192da2ce42322b967d035eb6ae99a5ed0d2bed3c
EW/2014/page_68.pdf-1,EW/2014,3,True,True,PRIMARY_ELIGIBLE,True,KNOWN,INHERITED_FROZEN,PARSED,PARSED,PARSED,b2df6c4825adf456d59386ad25c7f01d13c96580b139a77877889c87f75bd43e,ae404233d32649bfca1ef6188bb15f9757d2555e1142ef5ae94bb1512aa12934,23be651e7bfac01b6e8608ffa0557db90aed4eb10ec71a70fca421decf2ac9d4,a4a973caa9ade18fd9fa423af3651502451d2db92b16c151fd513c0c828d86ec,8bf90f0fcb749bdb463623860850716f5cd6060796486819e6654822ddfa0a1c,720719ad0d4bb62beabb8dfc1c91ede76723d37e18c50e6163f87d4e4e0791d9
APD/2018/page_113.pdf-1,APD/2018,2,True,True,PRIMARY_ELIGIBLE,True,KNOWN,INHERITED_FROZEN,PARSED,PARSED,PARSED,8c29dfab45b5648a03a9831c6c4c23de129d922a017cc195c7107796b26e37f1,41a2bf8b917a5eb7a9a762ee485e96c51f84b1299eb7f72965761ca1e0cfa916,67e2b3d957dab762e708440cda2a9339a9e75c16889a07844d412c2bc3444c8b,4cc7e1a7524900fcea7855532a617ce286d41c83d64e64d7c6dd9821d9aa1ea1,74ad73c0817f5bfbfcaa14bef390356c65e119fee28fbd9af59d70e57afd544f,34e40eb275524b6ee90f7f49a95b236691b0ff809dc8c7607b4621057c693139
AMAT/2016/page_30.pdf-2,AMAT/2016,3,True,True,PRIMARY_ELIGIBLE,True,KNOWN,INHERITED_FROZEN,PARSED,PARSED,PARSED,efa6ccab6dc5424fdd4476f90420b25d5b2f09f5b98954fd05f13704aa61cd3c,ca03d1200537ee96cf3eaa8dff7ddb87be0fe2ea8e421084eb61968966a6125b,1bc9a40865ec9c5f4fc8bd828cfc5383ca6a86882b5c83c7ed416151beb754a9,bf71e69b3ddd681debf2048eedd9071a1b4d517640b581ed8be12c5e4c05a7ba,4c6d54a2a7b5beaf7fd4bd06b05a21684d8a4f856d410b4114ac8efc3af033bc,fcb7a25b56d822112e3479a96b67f4631e2ac8f9685240b115ec919c11ef82c3
FIS/2016/page_64.pdf-2,FIS/2016,0,True,True,PRIMARY_ELIGIBLE,True,KNOWN,INHERITED_FROZEN,PARSED,PARSED,PARSED,72e8a70ca495d7216f1af8cacca298db7263a80efecdf3eaad86009c0d97f6da,81e0885503ff2bfa1c55f7394fd36eb4e2938aa840a470d0f64ade206130a5d6,f35d7aa91cf5ef7663ef3d209ce332e9bddc111a33fb9447173f0a2432883972,047d720c3067618c35441c6eed2793e0aa1c58c3ab159a60257f4cf5877149da,b4e854fcf4cfb76988c3c51b1a93c75e96aeaa3dc1424c815da4cc36a26c6432,6102f40d68e97d3fffc035bb644fc5ed805f8261b4ace78269050d95f7d96506
JPM/2015/page_77.pdf-4,JPM/2015,3,True,False,FEATURE_OR_PARSE_INELIGIBLE,False,UNKNOWN,INHERITED_FROZEN,NON_NUMERIC_ANSWER_HASHED,NON_NUMERIC_ANSWER_HASHED,PARSED,25ab030a0f77ffd666a7c15b88b2d4bd9b53d5adfa546a2fc1df137e8eb298f9,ab39a9c9eb53793f0861063b70aae96ad22707e1a2ac8f66a46ee9e2240ee904,1c1ab2a002850c1c9375421dbdf07b1ad14c4b024c93903aa16118818792cf90,7523607e281124c00b6935a963f3f0a52ad8e8e680ddb0ce6423a8eaa5201ae9,93f563e13fe7ecbdc4ec7d16e9a650f5e2ca394e2c5235e8fb845a8435225931,3b6f3a446bc976c80f8d0b7f4630a7f2e4a384884f1291e70d1f86b677d1b012
AMT/2016/page_69.pdf-1,AMT/2016,0,True,True,PRIMARY_ELIGIBLE,True,KNOWN,INHERITED_FROZEN,PARSED,PARSED,PARSED,480cd7fba6ebcd9fef98d8b53b216f74cf1372e4e82e914f34c7b28dcfa3ab87,e20fae390be4daddc888349ed13804bdfaaf2025cbefc9f2a100ff008c40582b,c9c48872dbebddb5269a4a08ed4d5f30911f016e46842d1e9ecdda8e4f82a265,da615dd06753461ecae0a5114a4024292db323696c15d861bf8b9e2b80799d4e,128a0c9030fa9bdbcf549de19d29274c330f5b0346c4b247b173fa3cb3a0910f,afdc6bc9e74d81b67106bf216108b157d0e867e3aba5ff8fda2c3d0bf797e3dd
STT/2017/page_63.pdf-3,STT/2017,4,True,True,PRIMARY_ELIGIBLE,True,KNOWN,INHERITED_FROZEN,PARSED,PARSED,PARSED,9fde7c0773f4da35f3449bda66ce5cf0e1503106333434c3d929ebe9a98d4b0f,f12ea9e1d3267c80093071e282e062cf73afcf7eb843fe332d476ac6371d2e6b,83f75466c78ef4f35560a7704f1b9197e6cc184b7745c277a810b3342f1ea3ad,5cfeeba316800a0648ae9a864447c0880f161d6760d3d6c4f8463af8f35b3ec8,d75998fa4fafe522cdc3c6433f73eb2f0470c994356957e51cf53f2cda5760fa,b0b7346c351c02f49cb36e326567c8f61adb31b5c0a4497d1646a8615d0d0ce9
PNC/2008/page_144.pdf-1,PNC/2008,0,True,True,PRIMARY_ELIGIBLE,True,KNOWN,INHERITED_FROZEN,PARSED,PARSED,PARSED,ec4622a128e76ca8b94455c3ef0683a919c48948e951e01ae10a6921920cc7f6,7c3a76353458e0c5f57dcbd89c06e2e2ba00a9c25ea6a300a41e4f520f9120b4,99d2da4b46af69af9bae43acb575749c0d7bc29cd2fd54355c04ea240883bba1,4412d501a1116dba4bde5dee09866469d9235bd5ba854b2be942d46a2daff8bf,707db45c773cc231cb705e303aeac50d9318a40f5809a37706306f2f68bd4054,389a6949aba93e7d4168b43a6f567b140a6f0e1685072e3bcce0815ac78e1c28
ETR/2002/page_266.pdf-1,ETR/2002,1,True,True,PRIMARY_ELIGIBLE,True,KNOWN,INHERITED_FROZEN,PARSED,PARSED,PARSED,d1a8c7385395e7cf6adb7d5305c333548ac03e580b7702acff14e5abfc14ebf3,2297a858016db04dc147c7c5f8f18a2efbea93e021e7d9af4e980226ebd4992b,aefaee0918d853155e77fe3495e09901f12cf3485c7408f90b77632e7b4dc566,70853326a23df5564a0a3e8071d304b07393faa76f490ebcb89ad032605a6d0d,656b4961f3ecdc0d4386159e863f202b71b2201f350f75ab2e17398aaef3a665,91c3472a97b4a4fcbcf6d928690f2ac4afe818cbc6e7b9a9a7f8d302f3999952
RSG/2013/page_92.pdf-1,RSG/2013,4,True,True,PRIMARY_ELIGIBLE,True,KNOWN,INHERITED_FROZEN,PARSED,PARSED,PARSED,e6c8c48e4f0adb5ecef9abbd02e46f93fb16eb40a1f3da4465a8d4e877599e29,bd783a3d3b8f1b7e902961da77d9a582b5a249bd8ed4da9a6266e7809a58e689,0d89ec1302316099ae82ffa8ef2acee3dc49a4292acb7a7144c34236e580f412,daaf5206e3736db31cd390a192ed6198ea3550066976633ca55a4eb5c0cc1a3a,b08ffca02db8b445c6d405f3509142044c976683f0d131c430bed5aff396955f,50be00c72e5c2ea2393f9ecfd4614a96ce3de2d16d700084f2b23b09394fa177
PNC/2011/page_74.pdf-1,PNC/2011,4,True,True,PRIMARY_ELIGIBLE,True,KNOWN,INHERITED_FROZEN,PARSED,PARSED,PARSED,416bb2629c8349da27a073f22539c03348ca7821a14c316e5b7fe482736c399d,2469ae309cab94e0393b234b21d9cb31caa3773a90dfba6688aa77594f54980d,622b0936e05e611454c6a1216228a6d85b927562ef73ff545c364e79553e26b6,f56b3f30497aaef2edd8b2f85785751eb9186aa62e8892aba74ec185697e9651,250833025070d0e00efdb9357024ca3e9bf02dea397179ab87914f5d7bcd0f86,53326ce59e6bdbdbe5edfb034cf677e8276588bd131bf0b17a41a84f23c9cd6a
PNC/2012/page_110.pdf-1,PNC/2012,3,True,True,PRIMARY_ELIGIBLE,True,KNOWN,INHERITED_FROZEN,PARSED,PARSED,PARSED,e64a8bdc86a788520dae0188bf7bdf73ba40af9a67eae6d898bb406e09f771b9,f8b5091e262466a8cfae1458c9dcf8129de463c5b3cadcaf0b38a11c3d3365b4,115202344c710936ae8ebb12c1b55ec979ca24d3993bfe233b1962f773919b4c,f8d4ba4d5426a0ec797cdab79a4950bdf8794fb9db2aacdc43f2e69851e8a3d3,a1fdcd439bacd61a8f332faa774492caac381e350834b7a54de1d4564c7cb301,9f0533207aab34a6103152fe6c54c86875916e6b113c81047d54308bba59f71d
AMAT/2015/page_31.pdf-1,AMAT/2015,3,True,True,PRIMARY_ELIGIBLE,True,KNOWN,INHERITED_FROZEN,PARSED,PARSED,PARSED,82dc7459fef0f9d35076360fb5ce2604045ed32230de54925efb53b3bb294d7f,b7a06bf24dc091eccc852d902ad2e9f97fba7e2d10702fa9612afd5dfde38fb4,de085a3d751f3b8267be923dd78a6000faef5be3d669563e7e79f8c0118fa978,9df5ec55cdf1e5659e2800d7147e6b537245423be91747f0fe139b0912e89853,697721c2f01175b6b4797928bd96fb2d97cbd46adb52c9811138145120fa295c,9e69a5d04dae856d70021c637bbdbbc823fd47b69f686da792e0738ae42710b6
LMT/2016/page_52.pdf-1,LMT/2016,1,True,True,PRIMARY_ELIGIBLE,True,KNOWN,INHERITED_FROZEN,PARSED,PARSED,PARSED,a4703816007d80e4ccf14cc56dc20acddb517d5609d1b20258b7481c2d1b6bf2,e48e9320bc9d5d50b5b868b1a3b20e886e8e65c7b5351a1178715139d4d0f21a,4e270ad3db2deb320db31dfece8b25649a4bb273cb36cdbf5e4c08e337628932,fcbe90968f34116cf70921ecd5cbafff3f8dfb710506143d58f5d445eeb75660,3b915e7c6053e3ed1e16517ad48b40e9ed2f8d6ae3f477ac511d810f93b3175c,9e759a12fb27e7750eccc05ef9f175645090c6c4031caa3b81c3593937d7d676
PNC/2014/page_151.pdf-2,PNC/2014,0,True,True,PRIMARY_ELIGIBLE,True,KNOWN,INHERITED_FROZEN,PARSED,PARSED,PARSED,e1af100512bf2d641466899b84d2635e257390c4de89a8f904a08dd31e2261f4,dc5eb5109b26df472b44efd45253d8d2fa00a1f1dbd09bfc127c43dd2ff43018,623f31a2436332b2453034abed9ebb1983c86dc4bc62766323a15b91d2010048,cd74d84e7264cacdd8400783c189712ff44b38510fdb8fe902d46742b8a0b0dc,5964efbadd6b01d883b889c01e7f0d1420e90e1781fe9fcd7abcbf2563c3c031,a49710a221ce6f03e0d29a8ebfc92e69a85f4e49386c9a5eece9460c5f14c4fc
LMT/2017/page_101.pdf-3,LMT/2017,0,True,True,PRIMARY_ELIGIBLE,True,KNOWN,INHERITED_FROZEN,PARSED,PARSED,PARSED,7cc4c4ebd1f40aff60af17607345b27d420a4eac4eeaf62ef0702fff5499afac,95660523d9fa361c2050619249d7d0dad24cb7b3415daf9ef18f12367ffeabb8,a68df982994c9310410bd145e0b83c906e6afc239741c7cce9d45f37ccc9dcc3,5e447f5ac1eff8a7e125e363f540c76403220a511bc087d9afbdc99b924a4232,dc347c28a31e8063c11201571178444efd17e7c7f6f9881c03cabce0e14f4807,432661d6b8e261d24b283a992b477d968ca2bb7df9ecf6add3d3c9b3d0012ef3
FIS/2007/page_33.pdf-2,FIS/2007,,True,False,DIRECTION_PENDING,False,KNOWN,REQUIRES_HUMAN_REDERIVATION,PARSED,PARSED,PARSED,7c21cc12b63fbdc4f86c4be104b68b72bf1e0ad4b58c25af7511f81bece851db,6b133ecbbce033271cad4f06aa967d8c121c850a06486dc02f9e840754b16b88,b205132f017aa728c98c2fcaaa7603e591bc964dfc4927d53a3f7e982abd9123,f1d14667e50c7e508fa6c3850afbc34fe7c2895d696e0ea6081914b262bd540e,4c0f443eaf39dc391c24babdda17678a17bea90cfa31b6da57b5548169b18d20,5e4cb09b56735c0bb9371251feb78cdf6911fba6657139f47a5cc07460854738
KHC/2018/page_27.pdf-4,KHC/2018,3,True,True,PRIMARY_ELIGIBLE,True,KNOWN,INHERITED_FROZEN,PARSED,PARSED,PARSED,07f7f6a73db92019da027cd796e8f92e8fc2fa1324e03fefd7bbbc50f1feae5f,7028f91832dc44a714bcad15e43e7e88495e8968b9d8fdb70c2af5ac346a1529,238af88560a2f04588373b6dbd0bd2bf0fd7d405fbe4b80a8b73595b47d65080,c5b774f48ae5efc10c4862b1562db40de8f3f39aa8d133a1f15f4fba02c39731,d8ee1be94896bf67c617383fe5b819d30fc64f574653b286f7d31b790d34a61c,90f1b33a0e3392bd7493f5356070f0655019012331ba44b263bb8dea8c6a9ddd
AAL/2015/page_15.pdf-4,AAL/2015,3,True,True,PRIMARY_ELIGIBLE,True,KNOWN,INHERITED_FROZEN,PARSED,PARSED,PARSED,f60ab805fef544cd1c4b5492e7464704719696fc297d02bb011ee1e3255eab26,e163e8d385c25f01e95dc9c064a19daf060cb7edf77463939ed8deb37a21ad91,587ecd80a942af0a9b948b98331c7412d0cd1c0051503ac0f407cc71ab0668db,b0db13d699bc0e3d2e55e8eca719b9313ef99e4e81320210d5ab02735062a9dc,f1171ab575960afffe46210e6671b4030fd70732a8cb47b1dcb3ef128708e175,5306f60ee586ead7b1f101e2e6053a8fda80db7359fb63ef2b6b5d96e0f94163
AMAT/2016/page_32.pdf-2,AMAT/2016,3,True,True,PRIMARY_ELIGIBLE,True,KNOWN,INHERITED_FROZEN,PARSED,PARSED,PARSED,d6e0485b3389e57ab71dabfad60a84c10e9fb240792ef48122e651d3763259e7,54750afdc17cdaa1b43821882c297cc062cc0aa0618383c3f984c57017bf0ccf,9988b696e7286a9426fd5fb7b5cd7a70136ee5051204a748e975b577196fa51e,07cb7a29885c52607e9526e96d35f5ed770716277aacebb206f6439874fef15b,359d52763bd49e1243bad7d5b18fe6016d6571aef5ee7ec97e6a11d9b04209f0,63dfa33b7b3da8f7650a9ed47bf6ce70f7d09ca969dd4f2a46bf830ef60c39d6
JPM/2016/page_73.pdf-1,JPM/2016,1,True,True,PRIMARY_ELIGIBLE,True,KNOWN,INHERITED_FROZEN,PARSED,PARSED,PARSED,0b68262cb70a7e58f6cad444376eff6871dae96b122ee78666a5e828d78efcd1,1e07e30bb6a17d41e2ddaf256c602e7eb08b70b8fbb11dd82c2e7c35d3967d06,a0c68ef6d5209980ea304c168389d8aa15f410df73a1e5b13bd7ddf219603ae1,ee7cfc7eb4efb912bc5005e3103e4f44d85f35e77c4a99fe5b9512518ab668f8,567a644bc52f4d7bbadebd68fbbd0273d63ded45b8b3184553ad0c74007573ac,78d900f9a8b11053fd831ad327407916afac5d04fccb6f9574b170083d87e3a5
RCL/2006/page_37.pdf-4,RCL/2006,2,True,False,LABEL_UNKNOWN,True,UNKNOWN,INHERITED_FROZEN,PARSED,PARSED,PARSED,c61ff0e449b1b9d5ec94a6a9869df3d64cf4d4253cd0c9c5f2348297428788c2,bdb24ebb4d4f080289353fceeddee723b9dadeb5d0fd7584d82a35c3acc2c977,c0c9f7515726222c45e48a8a9b67535a246b439a1422bd42382f7675f2f8886a,0af49d373505aa4b4291bfb69767550fbf083b0fcc507c187851d557c6295ebb,15b689c0062a0a49e6a9f4d88e4a9e054d8155f13138dc6085739f1c2ae29ea9,a385fe74fa661b5e06eaadb588b7d9746543dd2d2dba6eb1a9bd333497d5d125
ECL/2017/page_68.pdf-1,ECL/2017,4,True,True,PRIMARY_ELIGIBLE,True,KNOWN,INHERITED_FROZEN,PARSED,PARSED,PARSED,414b516a60b58dc34b79c4104d8e1c0a496cd33c04c658665416cea5c26899c1,5836ce6dc79e278eb8da223fbdfe20625f2888f9fc1c9d4428b4a8903d6e243c,832be0248aed78d907fa349f186122e874963a3fca52558b0487064e263d3705,4f2bd306c46215af1d40a5d96b6a11f1ae05fb8b38749e122474200913379154,3a34f0250f4165c112071f6edb7be910b1857ef6930096546287668a888cfc85,0eb151d0f17a1a9f1d358020727f3315b09702ca487812a07b9b99ee6724c387
ETR/2016/page_403.pdf-1,ETR/2016,1,True,True,PRIMARY_ELIGIBLE,True,KNOWN,INHERITED_FROZEN,PARSED,PARSED,PARSED,1beb612203956dffd6cff80b7a5e25ba9f56e54ea8d2c440fa4d66d2f286fcf0,74cbb89d7764646bf9362c248161820ef92f1a7a747e81e67430180244acae61,2ce8d66a2867de7aa7774f00d1a06b76dd9f0c66632f93da26eb4afdfa954d55,d859641233d4d4945a79edbb198f00be528001a92175579cdfd4481c4e9a19bf,c703f2ae4aa689a09ad20b8e880a2ce2e3a7aeb34600edc87ece32028e0f241b,1401a0acc83b197df8a23f600b7d8da4f6a854c1ec07a6536cde65b764916ce7
ORLY/2016/page_29.pdf-2,ORLY/2016,1,True,True,PRIMARY_ELIGIBLE,True,KNOWN,INHERITED_FROZEN,PARSED,PARSED,PARSED,8aa1a06ce924d8a249fbb79ed7377470c993bcd4891f38a14ea9d57efad63d5a,abd6d9941efaa259a2606c7d528ecd10b99868ab8236d9c67422afc158886a4e,1fa16a8d234647495737e8cd5ae9016c258e99c647bc50e403583ed65b481c72,771b6f04c742b6dcf6d98de3428fd02982ec919003b2cc938ea4467c6ad1c999,1a190807bdc738e8b0586db888b1a1f348fcec5ebefc9702eeb007036d8645c5,dabc20515b07eda78e01da9c1a92267dbf2d1fbd89f5c151faef3975e9262ad8
HIG/2004/page_81.pdf-1,HIG/2004,0,True,True,PRIMARY_ELIGIBLE,True,KNOWN,INHERITED_FROZEN,PARSED,PARSED,PARSED,38acc1972cde4ca86f7fd57e04c555aa89543f642d35624336241e2b6abf009b,3cfc62c44d67205b45dc9bb7da8a910a0b8a3b7655512fb8c2e28a0e3b5b8699,f690992b50a3dfbc38eda95bc247ea12273423619d9cc6d78213593501331c0c,1df92b381714944104c8582f347445439fb5d006af1e4d9a047b6cdc7aac4eba,08227a0ea3479ee2f4593679576b5d164854112cd7a58a7c5f31fef2e2c37807,04580c49dcebd5710475fb282a85f58ee210bc9d5936ffa426b0009d9ecd901c
VNO/2012/page_190.pdf-2,VNO/2012,1,True,True,PRIMARY_ELIGIBLE,True,KNOWN,INHERITED_FROZEN,PARSED,PARSED,PARSED,4bffbd848d4a3329a12c71baf9039c049a3aee354baf14facac9f97e03296b89,8c61799660ec8ace1cc5047b100ba77b63b1f676def64047679fad56602352e7,e370d669a531f177de1eedba584d1395006857a50d79a95b6a885be73f097396,e86f55dceaf9c4e2fa958293b42ba4c01aeaa955a012629320a6577bfe6ca11a,57c531e5c96ecc167b6fec9566ae6e75d742fa8c31d6a661eb83cafb8817ea82,e41dec9b329b2e66ed86ad3bb794ecc83cc38c5c18c40f99f31e43c27beab314
IPG/2018/page_78.pdf-1,IPG/2018,2,True,True,PRIMARY_ELIGIBLE,True,KNOWN,INHERITED_FROZEN,PARSED,PARSED,PARSED,bc57379077377d460f9187e4134be4d0e010115062c78be83adde49e932bbe30,2b62c8eea4d8b1e3eabd364724fb4539bdf4b9ee515d9ed462089fa48bbc7e2c,ee38a62b42764f91366296f3d19e51b01f51cf63ea4d783ca88839e805123c8a,5dbd9e12afe684a78b6094af75c60b978a51ff42f76347aeaec7ea568bd6ebf1,c5b3dc4ef4aaf746c6d7348ec4aaafaa37a3fea55a5e8b453e406a570d0ed6f8,9a401f246ae243e5db1288ef5b0109277d0f12ea31043143066d560d6644dd8f
ADBE/2011/page_116.pdf-1,ADBE/2011,3,True,True,PRIMARY_ELIGIBLE,True,KNOWN,INHERITED_FROZEN,PARSED,PARSED,PARSED,4baecf637c80eef242c2429aefd7594afb765e6121b45363fb92cc411775b105,ee555c1c042ff5c6631bed74cbc7c9ef0c6bfd3eeea992482060796deb7ed1c5,00286fac2b42caf77daceb82c7d6e600c760b9c067aa3474a8322d80f43a2040,ea284c39a003bd27c8aa7754373254aa18b6594497cb1da305506381e1baeb26,91bd35ab6f95acbb400e7250ce167f8867412b7c4759e7ccf4f8e5c8525e0a20,24627488ccc6899f62300d1e503d1bdac408906c57f7d8bf4ce6fd00f91fadfb
PNC/2017/page_168.pdf-1,PNC/2017,1,True,True,PRIMARY_ELIGIBLE,True,KNOWN,INHERITED_FROZEN,PARSED,PARSED,PARSED,b99a81a2c6e36a8590b3cc43aa3e8c7f682100f9dd07c5d122d41772ba6a4f10,f0d1ec4bc753ecfbfab8da1297ad0f05385c19102c6d230f588b3dd0c10e3da1,df3cbc84aa19ff6876b436b871f8b54310da926bd710b3cb52ab2750347fb479,fb56445640d3b2814e00385e4e2f9cb153264ec0900f848e1cd0954284d372f5,04c9e123f064b2e43885a219be294adc206425c49294d07503c42cde9d242d85,c6eb880a8c2e2d7b3e2e3d6c3175beffd184051ab5c0513cfbc00942c31335d0
MRO/2009/page_107.pdf-4,MRO/2009,4,True,True,PRIMARY_ELIGIBLE,True,KNOWN,INHERITED_FROZEN,PARSED,PARSED,PARSED,313ec03540e9d81d7ab0cddff809e62cf118d5f05361191fb7ef75f869be20f8,8099b65032824324b60fa2fbfa4c8e13a0d73d173ca2f4b2a7e51dab57132e9a,ffd2bf04021327a648315ef3e5c17ce1255306bb4e4d6c4d9ad723a65e90e914,dc0b904e3e5e8d57d94732ff835a2c39958f13231ac2cea6d6a94ae60dd9c82a,7118c2593397c760b724edeb7025d9ec4a4f064350cc9a86180a3df465b76092,e3f9bcfd525d2daafcc0285d970bd9a5beace11c0a96b1ceeba048d36830a008
EW/2017/page_83.pdf-2,EW/2017,0,True,True,PRIMARY_ELIGIBLE,True,KNOWN,INHERITED_FROZEN,PARSED,PARSED,PARSED,f33460fdb399649fd1830d68ca3ddd66dfdcf7fa1b9d94420af5bfad05f88e75,dc3502b228a39ac9c7aaeb793d000b418d5738c8ce0b030ef0e9ce16db466fd0,cdc7dd832d4a9baea3085242245fbb5bcf76621b94042bbbc7796e6d293e4906,c717924fcc0a48771133804767964b69b05ed643bf9a3627812bbf1fd7edd08b,cfe55e721d23ccc73a129ec27799175490120ee1123c426a81e503ecd5de3450,4c88c82858caebd0d71c30a1957589ad35e65aae932eeb594130898e956ddd04
AAPL/2002/page_23.pdf-1,AAPL/2002,2,True,True,PRIMARY_ELIGIBLE,True,KNOWN,INHERITED_FROZEN,PARSED,PARSED,PARSED,8b466e8381259995ce4638b60d00ad33f44d5feff7476827eef6d9369e7834b2,e70856b57f4f0776a90983c223115c53161a75cc05977026167df7562386d393,4710272b7644f6d06b83333d63aec703afa2552744d203a53587d335327e1966,d22942b92ba703e0a19ca8b2c20abda8e291cf7ecb9a7d3e204ce21af1e071b3,5be9c2ba7ac5207db6142b3d552e8bf1ac2350a1c2eac42d9851c8ac5303c2c9,8cd999d6de3d1af7f5506a0883a6befeffd24f5776d2f9cf0c5d8012969f547f
ADBE/2014/page_87.pdf-3,ADBE/2014,2,True,True,PRIMARY_ELIGIBLE,True,KNOWN,INHERITED_FROZEN,PARSED,PARSED,PARSED,d93967e188807237881c452b74c4da52aabb97654fdf280a0c4107573b1558f5,bfb18223a176ad86b92be7bd84f48ffe339f38a7ac84d2092f7a62621ff5da06,3b330700fc31a73027ad21a4697fa15f33205f056b48e58b45606bb658b835bc,86a070ae3ca9f9ffe9730a7f5a5dc59d288c67be3ad5ec85d91131a2b2ca4a74,2865492a71f3630b14a21d657a747db8c51978bf9b3561511e934a3d0a53ea01,5f22b03e2f391e9659e8924337e16053474111b7f2ce8a431fe03edf40153202
UNP/2007/page_79.pdf-1,UNP/2007,1,True,True,PRIMARY_ELIGIBLE,True,KNOWN,INHERITED_FROZEN,PARSED,PARSED,PARSED,784e6edd2538e5f12dbac6e1d9dac2eea6661968c4e5d024eed60901247ae038,bb269220e24fce58f417ba2fa1829c6206a8b7ae5a75dc72f9e375260bac284c,8e52c479a9dd8150221f4415a65224a994d3ff7a1ebe4a27a4168960d9bb30a6,74fcda1e49643fda2a430c13a44db6cffd67dea4271286ce984f1f82bb2d3c96,1238547ee23b27e38551a180943a658c4410f0683236d3370b71b3ef2fe3ea01,fe5131120001992355e1ada261db0fdca59a8d2df2f87e5fad064ee2b4c069c8
UPS/2017/page_111.pdf-2,UPS/2017,3,True,True,PRIMARY_ELIGIBLE,True,KNOWN,INHERITED_FROZEN,PARSED,PARSED,PARSED,399ac17d7418ba368d32ecdbce588f7a35e7060c7db1d3314440b61d087cce22,f445a1466c5905662b84a727bb95c4f3338b0058a61c5d17fae127f3d3092c12,81ccfb0da2cd27b91ac03f932a8d7a2c13095c1f87328d8052dadd26b8c1296d,fc318e2d191155be7ed78ba88c2a44d92504d036a301d08294fb5a4adb042e62,cee455fc5e1bc1442ede5e416cea1b5a7b97a290305535e3a4b164ca1b4f615a,f139ed48f8fe90dd885c48ac8e11114b55c0a753b0c83cbac548da8f30c1aa05
PNC/2014/page_94.pdf-3,PNC/2014,0,True,True,PRIMARY_ELIGIBLE,True,KNOWN,INHERITED_FROZEN,PARSED,PARSED,PARSED,7866af1ce5d67f77e5cbbb13aba322672e0db523a7ac55f7bf8f78241c40fb78,b3072d8673690eb2a2e13288c171686510c1ea71b10e9b7d8846c2904e679c36,d234566c2811cf1c9049648e4972e5d975a5f699f74dae7910cfe2fbbaa858b1,4d94eb6fdec23cdb985b284de9bf10a9968090775d5c7bec9a4d13744db5a234,fbb414d83c7516cb9fdddd9c0ecffeb84a8ae6b2dfdcdd7428494db0b8e4a396,196f8a470e9e4e40be7aa9fc48da1d6d80ff30734681e278f3619233d3dc20e6
DRE/2010/page_36.pdf-1,DRE/2010,4,True,True,PRIMARY_ELIGIBLE,True,KNOWN,INHERITED_FROZEN,PARSED,PARSED,PARSED,b1ef71f76e4bd031d4269e497873b2bb219c6314680d3c8d984035f31325d085,86c3dab1626b3eaba158790bd0b9a4f02d1c8fc44de75989c9d178a571bbf30b,18d454174b04910beeb26e30b10e87b20600ba431cfd9b97fa4abe4ce19ea137,6d19c4f56660f4d0874b3051be0726af96ba6e02d27a8baa0d8247bd69d9f410,0fc190e2c51c47b01e68fac62a9b3639603d0a753326729584868698f1a24719,69c919c63038a4aa01f4db3207ef3532483a25171961ff412cbcab2a69db62b2
PPG/2013/page_54.pdf-1,PPG/2013,0,True,True,PRIMARY_ELIGIBLE,True,KNOWN,INHERITED_FROZEN,PARSED,PARSED,PARSED,0013ce555be7a02cd9e55dbb5892b551de8b3397d4bd54aeb7d63ddfbd8cceff,1b5ac1ce50c2f65d1eb5bc2898e1b40da25d48b41b6d013be79bd879103310c1,8659b92a639ac737f3c8bf8442e1765d8ce777b25f73fd079624553573a4f1d9,0c0d0320d4bf6f7d2a87be8391611176d5ce0f2a2da533f05db64b1b1b0809c1,1699f7fddefe7921b8447e55860e75b0c46de346265f98d42d445514277c6092,0eada1c39a6f8f7c0506958d6e3792e18adac5400771a140cb6e8b1f46a57ada
AWK/2017/page_128.pdf-1,AWK/2017,4,True,True,PRIMARY_ELIGIBLE,True,KNOWN,INHERITED_FROZEN,PARSED,PARSED,PARSED,93d64be73776e3c40823767330c3d4bc62ec3e2d296199437aa681ced0479f81,fd0645ea48705ec828b9445947421a75715a3c24271a75a5f9ec88424afbc8c2,5e1a1235007d9fe2320e76a31ea6d3a047cbb8bc01b8a4253154b819826385f8,6f4d532fd6242e186a04f9acaa9cce02ee8e6b9a1b6f366bdc816d5c3db80edb,a28b67a8215b73392998a1839229e82fab45f6b026294080d48e3ff52f64311e,c7d08b391ead24d0e08a23fe02c1fd1f96a9569c42ba855db5704eff1f30dc87
HUM/2005/page_18.pdf-2,HUM/2005,2,True,True,PRIMARY_ELIGIBLE,True,KNOWN,INHERITED_FROZEN,PARSED,PARSED,PARSED,3aaf84a3bf11ccf7d298e097d7b0a64ace4ad5c39933bcf7c6cef7384c5e8cf5,b916c61ccbcdb61a6c7b804f62de04eceaa3ef148c268d00a3d2db4601243a6b,3af3dca2a82b0acb0a76a4e82c0b8f0d5e440344c822ec9f5370af8129534eab,27dbf7dfbb942441aa17e0f5d973b5cdb10ecf51dd8533b2c44f131df6dba47f,c21fb5e81b3232fd5b842f9ab7e12fb56a71b526c74a2152ffe4bf28c5101e7a,7bc208b30261f603584a121a0b0f340b90681af849ac03cba160f18cf7ccda12
HWM/2018/page_67.pdf-2,HWM/2018,1,True,True,PRIMARY_ELIGIBLE,True,KNOWN,INHERITED_FROZEN,PARSED,PARSED,PARSED,e88229464370c8d506e671553012e40fce397dbd8c4d22586804cd71fc1f12cd,5bf9692fd6b44b3dca2ecaf307b2c591b61b78b9095926d573f1dc9cc08d2ccc,1fa1024e34a7ac542ceecbb19dbd448fd7d26aa280dceed5e3252549e8d4b3da,8a3e7674975e68acd0b3af70a0b394e160d103cfe30422089feacf86b378ad7e,240d32c82684cc95de5706cde76e3b2b55fd6bf2ea05a03e886be41219ea72eb,999fbb50efb447c02c519141eb01c05f2499c7f08090d5e62abf7cb88020d105
DVN/2017/page_31.pdf-1,DVN/2017,0,True,True,PRIMARY_ELIGIBLE,True,KNOWN,INHERITED_FROZEN,PARSED,PARSED,PARSED,527728be367e4965bebd109d45d905cbc6218a5ea12b90faaac57a8e0e6896d7,0bff4259c975c3c8a66194ed70c90c0a93e7b32706093d8e4200ec0d5fae4bdc,33c6ea0efe3d9a8f2c18cdafb441636872584fdd086dc5da989521860e8a77cc,27e4c30936758895c397d15a60cf2a3f5b42d644131da8e3336f5519918b3594,02b07680cd71dbef35801389e468d4b463521592a2f6fa5579cbd6f09f73e4c3,92df78d51226d543236e6d9b451202e1b6ec6027acb96b9ca59885585155032b
ECL/2017/page_68.pdf-3,ECL/2017,4,True,True,PRIMARY_ELIGIBLE,True,KNOWN,INHERITED_FROZEN,PARSED,PARSED,PARSED,779b0155292dad4225c746502a4fc05db0043914021f4210cac1fe59bb17b9fd,29041cdd04a17cb6fbaa34823b9757eefdc7b9aea9720921df5b04e211f48431,b6730d45ce5c59a1953bceb5ee69d8b5ccb39aec676b1030a65b2542e7f25e5e,b979a6a20860dcfc6c5e04772dbb746277a5a3e161127330a860d5cede43c758,a71bbc18ccff94f6c843aa7e43020704a539e7d471d4bed43874624e89b649fe,8c263bb5daf5ec14b2e31e578b209ebc629c8c5bb2b9965053ae1c49dfd30f02
AWK/2017/page_154.pdf-2,AWK/2017,4,True,True,PRIMARY_ELIGIBLE,True,KNOWN,INHERITED_FROZEN,PARSED,PARSED,PARSED,193e648788337fdd0018860802bf572c6b48166ced3773e745a91e702eddc5ab,de45a831af46e88691187425843d4afa6f135eb8512e1f5d44f871818263af2d,fa46a8ca5360fcc0745b2e4136316d89bb9206d6845bcc054cf90de6b4b429bb,9d2bd06c0bfe236f2bee14e8bb972945401b334999085ef602eb9a89efa063f3,871a36749ee74f718468ab23fed644616cbf42f9e60bf4e4318eedef1b752e90,4655315c7c9305df1f8463f2297f95d56e2ce7bce8159d56c2b480eedabb58c2
HIG/2016/page_253.pdf-1,HIG/2016,3,True,True,PRIMARY_ELIGIBLE,True,KNOWN,INHERITED_FROZEN,PARSED,PARSED,PARSED,240eebcb48ec88bd6a9d2f76b6cc07c7f126022d959f3a9de28480b7c1650969,751e4cadf0b7394ab7862c33f2567e179fcc7ce1714026c26ce86e31563db361,e7a4911e4655c974ce19839703ea132406bbb0145b611c57e6cbdede15f5e5bb,949cd7f1279d37cfe130e016589f55c53b00cfdb630989a027181bb90dc525ed,447c9f55dcc013e33b0c4b7529bed7650b065c9a5aff42ccc8b4f7ab535aae4d,5b8229c041ef627f2fc727864a8c7760d64034d74d5706acbf4857eda985d8a3
RE/2006/page_122.pdf-3,RE/2006,3,True,True,PRIMARY_ELIGIBLE,True,KNOWN,INHERITED_FROZEN,PARSED,PARSED,PARSED,c4627550f772e5f5d3b72b7015914c3a93bd6dbc3e32854703e75a66ebf8d0db,73b1caaa011811c420e4f2e150583f937c8391234524d4818297d1b3231621d3,aeaa4c1b2101cc5cf49756fb758a14d7713270001cafaf78ef91345931721ef8,3a5cb2b4f8ed692c540072a1394a9d9827e3e332fcb77a42bd2248b0e10eb245,010721d04331645d8aa109727cc0aa86ebe66f85d734456e3401cfc3cbebb4e8,a9abdcb1c8dee286a2a9b031d2807fddbfc64165f6a75e6ed65c06979f35b00d
MMM/2007/page_64.pdf-2,MMM/2007,2,True,True,PRIMARY_ELIGIBLE,True,KNOWN,INHERITED_FROZEN,PARSED,PARSED,PARSED,458a7c9086b2866d06f55f0a2c3b0f3f2d9b6ae980ea3bff88d7f2590868ca41,1d086cf1b52ecb273c868f3b33c02e7b19179c813aa71e63c409dc053f93e85b,10e68d17dbd789f6202294dbc3b8946d39cc592d053132f6b6859ca4b3ba7e07,9dc8fc2398cf95a1a31d2bcd664faded9d9283356ca625ee2a72dd13c2fa59fe,dfe4453e1ad92bc8995c7fe7fc08c60c895f5c63c31556edcbac06c033265631,d4924db7cf32df0b386ae5d5e763ce700c44cab81811891b6b245601bf4a84ee
UPS/2007/page_32.pdf-1,UPS/2007,4,True,True,PRIMARY_ELIGIBLE,True,KNOWN,INHERITED_FROZEN,PARSED,PARSED,PARSED,5d27aba1b5773bfae5f3a47d53a8c73d13218a97e73226ff3133dde849070e32,530ccf0ada411a07aa46c9f0000316118298a4d8d78b3ad21adaeb7b7dd63e27,04b99e5661b207cb53f26821a95c015800a76711151d4a7bdcce46e60598061f,388030eae32d52771b648270f89bf8bc2618d513aee0866b498e9a5a7a88b142,dfc98204dc3c57b5ac9387acc5f2598b04065607d4d1c5cd878f4e45d44a9267,dde1e5345e529f1e2a6339d107fad202fa5d7c310cfd3635b7b1f3ce27eb2bc1
TMUS/2016/page_32.pdf-1,TMUS/2016,2,True,True,PRIMARY_ELIGIBLE,True,KNOWN,INHERITED_FROZEN,PARSED,PARSED,PARSED,a354c39f7e38cc6606fa24b6d6eb4a3947a6a2e30244cf1df1db7000ac2bc9b1,1e3b1216490b4829cf53ca12efd97bc1329eb907961ce548f8f37ffcee999909,8caa6011bd7e48047fd0ddae1f82836d401b7992e334d28da59fe7260589b961,bb79114979b30f0204ca1e63ef785551dcb9890cf4e03484220eace8839a36fd,047256d21a31aa9b7a4f32b0eb19bcb57c4de569c6e15f281200db957f97aefa,bfc7864feabdcd9b2018857d4a0b549491c67bc9f4c9f7f5b3c7f433efbbfbd2
ECL/2015/page_70.pdf-4,ECL/2015,3,True,True,PRIMARY_ELIGIBLE,True,KNOWN,INHERITED_FROZEN,PARSED,PARSED,PARSED,60c89a4903ec320d3dcdf29517a8abcf62a6a5b0b5779d9d77246f8bd322327a,e4ab7a6a9a4d1d4a135ac3e03d28c08d49f7717e57611e1f07d84d6aeb89b8f9,5bc9fd8c9bb8e5cbbacb64f3a71dbc986a2a869828ead7297dbfb96bd2e3fe1d,b6619d08f24514849043f8fee9c445bc6c2379a5e1d17c22d2d15d651342a2a8,b6ecb4d93f7281e3baca2d67dc05b21fea6c06659383a9145dd84fb78a60909c,2f9bd30e3d7c9e8e6cb96f017d77f99a2f4d4b783625552117fd033f1fef2786
ETR/2017/page_373.pdf-1,ETR/2017,4,True,True,PRIMARY_ELIGIBLE,True,KNOWN,INHERITED_FROZEN,PARSED,PARSED,PARSED,5666e80cde9726f282d8354a63ae8ca9ffb4ab8cae0c17653198204370fe4949,122aab94b5def36181e08b3349938f0a3d5046bb217aa924bc82cc4b2dc11332,45de8aa42f0266e6e6da7abf6f6ff2ad8c7b357fcbe4f29c92446296df69d455,176e53d9830fbc09956208f79c30383aa70cee4d4e359f6ed0802b93a7a25a66,943a45d7348df7f5c6c723deac314d0a1c95b71cbf860c35ff694a34f3632da4,96cd208e980c391421f5ffe8872e8db67476ab09b8f106529e34f92e922c9a91
ETR/2016/page_382.pdf-1,ETR/2016,1,True,True,PRIMARY_ELIGIBLE,True,KNOWN,INHERITED_FROZEN,PARSED,PARSED,PARSED,2ca63a2fa590b6c50c853dff246adbbed12da96b25602be24be02dab263affc5,9a92b6df29e51c9f6cb7a66e8d3f05044d1761e2cbbd068d89ef0fe17dc1b031,089521e4adc985ec99b3629b881ebd3a33655f547287783c9d196e062ee65325,0f2ddec8c507b5a125cf802ad394a4415092d238f99541f5d4f8102452b73e45,2a18753c703b19897e45d653ce01c3dfae28d52440a6483df5abfb5c9cd37608,94e22baada92529042e7067f5961ab09c65cdd9a00354eaa90a3f5af38c9cfc1
HWM/2015/page_172.pdf-1,HWM/2015,1,True,True,PRIMARY_ELIGIBLE,True,KNOWN,INHERITED_FROZEN,PARSED,PARSED,PARSED,369b7023dea31810a1e21f06b8e2873b99a33f431c31b95cf45c0818f2d94f2e,0631be7f5f25784178aed79de3b49b8343a46f11a5dd519eb7cada5916555a72,c3cef89096bd3ff2fec1be3b46a89efc2486bdfd44c39f6f656763bcb6238827,bc73ec9f29e1b374f563baa9516b5991d8759b37d945fd1eeb254241ea29852e,09abe3ea7fdbe5577db45084873548a7a38fed1b782b292aaf0acbc6140299cc,4b27830496038205525024fdbe095f3088450de09c727bc96c413907016df55c
AAPL/2004/page_83.pdf-1,AAPL/2004,3,True,True,PRIMARY_ELIGIBLE,True,KNOWN,INHERITED_FROZEN,PARSED,PARSED,PARSED,3918306ba671fc2c63b02f1d57c075c8caaf312e9757ca115635d8ec7f33f875,624e67a7befd53f99f961feb361c0bc7c14c61fc2a713c0d7abea16761ae2e97,f8c85c100deaf5bb313aa87d7366215b7ccd0d8a40d4e66cb173eadff7191233,ef498419ba33bed2616be7481cdb95f55e679f9f61e1979be2e947a40e05da1b,b980ac4fa8b81531ee7ab3dcbd2cd05604a343cb87f7d4d667d634429686cd15,9b81870996518608f05b2f129ee79a996f1d971266f2d79020f2eeb4a506b232
PM/2015/page_103.pdf-1,PM/2015,,True,False,DIRECTION_PENDING,False,KNOWN,REQUIRES_HUMAN_REDERIVATION,PARSED,PARSED,PARSED,634c9b453396272f6f22b5a8c84f86d56d2361b42f7bd5c4713b1e0bd1ab4bfc,9cbb1111dee17c7e410b8a1a5939d72c31845c647101008f37da4c5ef438b557,ffc0a1a9f16eecd7b3e4618a060e64c37de134ef411f736751e5f956009380aa,9082ade12219eb559421a1a0381b20e6f9ec40d6c0c36df7c2b7f83b20ccd4e3,8ef29be794c712ff0e31b70921fce4a7addbe790f8a76c32111b4dbb48047d9f,aa56fb65cbbae455799bcca27a957511c7efa2d5d73e6ae5aa5cbdfed6a6e914
CDNS/2016/page_32.pdf-1,CDNS/2016,4,True,True,PRIMARY_ELIGIBLE,True,KNOWN,INHERITED_FROZEN,PARSED,PARSED,PARSED,a734146625f141043a093e3c36397b4262c578aab8647635795cda6ffee378a2,259a425a13b5ac7d54bf5214d038d4e2998b23eec8e5cb97d58eb3199c2a2775,ce67c1f97aa6a27aa279b79585410021b4496edd10c40b90e50d459eb5f5066d,33a327b8140567a45200360913b703875165765d618fd0bc29a66637c1015200,2e878bf199781c460eff4fd18335080a0e8993092d1a2a9c9bc1350cd4ea783d,20854a91e13400e33684c3a30e4a16f261414908d1e3ba48b6b684dad034c280
EOG/2018/page_89.pdf-1,EOG/2018,3,True,True,PRIMARY_ELIGIBLE,True,KNOWN,INHERITED_FROZEN,PARSED,PARSED,PARSED,a2072b484bc473c3a2a4b6a2348e68e2d16807faa7ba94dec52122aa68f0a4f7,e1f1c9de915fbcc612b84576abbfcb82fd3b78d34b104209e737b49aafaf5547,536573504779b6d52bb3a2c7bb36167690b8f4e0c6075d63cdcdaeb5c8d2dae7,7cfd91f9d5c41aad6abf39cc3004385678f5786066a2e96ef55ca24d5964dc79,43bb9224b6ec9aa86f557a5375ebe7f2dd42565326f687f5824296faabfb10b5,59679ca821ff706ca2726415ac27f05c7a4c313c6bd96ca9678331946c23e70e
RSG/2015/page_133.pdf-1,RSG/2015,3,True,True,PRIMARY_ELIGIBLE,True,KNOWN,INHERITED_FROZEN,PARSED,PARSED,PARSED,e2a416bea769263a356401df3090e4f686b0524361c0ee68b3da4bf2e9512418,16708bc17aeb4ded2ba2779bfae3047df20b8ac5a4ac46ebbeb97b9b54546a93,d77626782ec4b17cd2beda57ef6023126effb668d21c685f49b620ec852d17ee,6011ddf2e598f32bc7580ba23efe9400ff8d56d6ebb5d1d7b1ecb2963838e378,e6c0fcb9c5527bb6603549617e7e01071d0b160c0c0a72a81359642081ba73f2,4cae9528627854109ef558ab1462a3cf4dfc813ad857c8bf95db60b4ac6bd9d2
MRO/2012/page_40.pdf-1,MRO/2012,3,True,True,PRIMARY_ELIGIBLE,True,KNOWN,INHERITED_FROZEN,PARSED,PARSED,PARSED,af04798482f6e457f9998fcf0b352decdd824fdcd5829fb3c304c0f224564cdc,0850e874bcc61096d3eca7d1065494740d47d157b326b0ed66b20e1fffd2c342,8b89b0b1a5000cd1fbbced0e5f3cb26c5f2fac1e0ee3b17cb7d6efc76887f6d5,b7d85edab5a66ba41ff8e01cbb72a93bc88c996ea1dbea97d175e57928baa116,a709fbae046b0e7adc06ed7de9c54712eacf91716153fcabbaba9d1373b8a4ac,bcc42647779728571e49abc0349e9cb61c7106210be2579cce7175cd68d0cf60
INTC/2013/page_47.pdf-4,INTC/2013,4,True,True,PRIMARY_ELIGIBLE,True,KNOWN,INHERITED_FROZEN,PARSED,PARSED,PARSED,12525c50743db32e3d99e33b2d94153a30c29cb2d2195fea0231532ccf9a8158,039ba4c7837f3a6c2f36d6c6c088856bfc3e69bdd4eb971859ab9a4616894064,241ffc7d3c48a905d97422e6858c36b4c059bbed52b95b2a75ff3245d7e5cde1,b08eb2153d6028b92152cd26fa750b2f7600ef2e88ad4b469d63e6d8b68ad08a,b320740b2c3799c1edbe1ac8b74b3801fd490527e5f8cd50c2a2fb9aa1bd1f5b,7e5c33a25768be28a429b47ae906290f3137c2629d85415065a18c9020e62684
ETR/2016/page_17.pdf-4,ETR/2016,1,True,True,PRIMARY_ELIGIBLE,True,KNOWN,INHERITED_FROZEN,PARSED,PARSED,PARSED,254f04c9f91c16885033c538649951776b85d18e65903d6fb57eef703020c07c,5ed7de9b105f1564a73c1a82bc8cb4a6b79eb0af0679e7b40134d5a43d82f40e,6ce0db85fa6df9f8b2405d17c22686a049e2f20f94fe7b6b65949809bc802fd0,ea6f8c1f62978bc49009b65cc51f7b310741016c7f7b508442ec7c7ca6824705,d5f821c655ba8e08b0a8e87eba7d18ff39a05a6003c935822404b2fdf98a0c8f,4507dd51aec05e4e4d43faf7e90b4d411e2dfe0781e71eb121579b2b0c3b319d
C/2008/page_219.pdf-2,C/2008,3,True,True,PRIMARY_ELIGIBLE,True,KNOWN,INHERITED_FROZEN,PARSED,PARSED,PARSED,a6e87e18bb8fd19c2e0b5dfa0d5b9bc45c7837626cabf6b0cdb74e0d61c5dbff,2da7cab4dccd18b81bcf7a0271594019c9c00a143bb18e7146ea9c664d463e8d,343c541f61e01878b5e07e3e33af98c63c9e1d819741b279ddcd093dedcfe736,34b13d3659750bd4d135afc810cf406247e21c435dd101d15cec12d565278eb4,c15bbc9a3491f7900eba89332bb9b939565717657aed21bbf2d67d2d66b59015,3c075fbaf895c2daf6b1103ad068fb44169df8d0eae366440ddfa9b33a355ee0
C/2009/page_248.pdf-4,C/2009,2,True,True,PRIMARY_ELIGIBLE,True,KNOWN,INHERITED_FROZEN,PARSED,PARSED,PARSED,b54ded62ef5bd6008e9063700f58f39cd6935cf76843a41fea4486be8490e229,5815c30cef661ad20baa40238e42a27a9617afbd4fab07dc33445fb4053fa3e3,ac0349ceac7b50b687b2a593587207fb0d0c4bb3e9c7cb3dcd3ac1da468f1263,f90cba4e49a482308c97ccf9957d9544c7a862c566ed03653c7c9ee5add941b0,6351d5f3104f157698139aaf2671635675a16b59f26dfc9b652e56925a22b84a,ebf2cbf7a287a0d9b85f5e554ce0c19f771a7226abcffb0cb1c00f9bd4ba2930
IPG/2018/page_26.pdf-2,IPG/2018,2,True,True,PRIMARY_ELIGIBLE,True,KNOWN,INHERITED_FROZEN,PARSED,PARSED,PARSED,754aaaafb29cae9bfa159563ec3b2a980f375374ad510910ff27218aa6920292,87f9ce0470fa55c1d931ba7f0ae5c519220e598e258388a0ffcbcbc44e9cfad7,a053e9939374402005db31a520f815ac0e085a3f816da3513c8c1a2dcd9d7dcd,cf48a381dda00de88f0ff998fdc2ff028c178bb9b31acf6f8cc9880c66ee2159,b6b00c5c7a4d6de2d961a3c3d323104044cc01911d2499402ef931a3091c3121,3156abbf3b0422c5478a12d24b1de039f11e609f2d2f4db5dc752e03e6f37cb8
AMAT/2012/page_37.pdf-1,AMAT/2012,1,True,True,PRIMARY_ELIGIBLE,True,KNOWN,INHERITED_FROZEN,PARSED,PARSED,PARSED,37119717a154e600ce12d9a9e2008c239e2fd67e01caa07a808f5fa5cc541fe0,8c018b7ade6c70c63aabb0b0d24fc161caac73c55bb895f36666fc57d93ceeeb,b355f63ccff8611465b27c42c828421d562c172a87f32110eb4680a7afd34090,f6fb606ffdcf08e7ffc554646683d4ebdbb1da10fea08097e5615d34870a4df7,fd3e0ba255671ea174a54f71677dfd383789e95b174aa78ee239b2441495f86b,5a03c793b28c883d4a5a8041d8663d1e968640bf8453ff00142f708b20d17b15
UNP/2016/page_75.pdf-1,UNP/2016,3,True,True,PRIMARY_ELIGIBLE,True,KNOWN,INHERITED_FROZEN,PARSED,PARSED,PARSED,1b985b4d5d286fad9b8bbd7b254f3ca1ee37a1f63cad4f18ce954c0532552ab4,8b2a43d1599639c1f95b2f3af24b5ce360fbf870a23c93ffcc7dcfbfc497bc48,b8cef55371a0bfa85395ebcdbcf9f4353c3776f160db0e8ffd0cd8d5b1d4e16c,e8dc91caa4adec5cd45cc9a9e0a05174d15e3999705e2fa59f34b0520c2f26ad,8a732411e0a0427cab64999f49d6fe6b5d947d5574f8feb93cb26448f7d748a3,aaa28cdc701cef77ea7801e79ac93b4406f5d7747263828c45342a02f0ea2190
MA/2008/page_116.pdf-1,MA/2008,4,True,True,PRIMARY_ELIGIBLE,True,KNOWN,INHERITED_FROZEN,PARSED,PARSED,PARSED,bf4fc2c6bab7f71524097420342de3afb95d4df67666e0dbebe3111f1dc670f3,b46d28da5c7210e38190775240ebd82f2791deee14b74ebc72621846ce263fb7,9a455272789289c77be5cdf65d7a38dec628a85e658ee73b32ff6bd49aa42c07,fe3754dea7f4fbaaef210c503003b6354a47d7bc60d8668830516a1853d3f6a1,32b783a566bdd3e7a817241cc5ad7c9cda5c94be2040826a0d6afa6b4f18904e,8dc40ae45cef0725d26a8818edcccbb199c50aefbac5fd19ab9fbe223f1edf62
UNP/2010/page_75.pdf-1,UNP/2010,3,True,True,PRIMARY_ELIGIBLE,True,KNOWN,INHERITED_FROZEN,PARSED,PARSED,PARSED,66f590ac6bef03bfc4b42492ed8d26bc1b59ba265aaca117fa23f07b40e12b43,c48714d04b161495d3b157da1309db026b7a475b1091829ec9df521d4296f2b5,c2e7e3b024e52303894f706763dd336d319ae8f105f742aa5b5b10230b7165d0,abe021f21d38be11c65a792cc5ae8e24d0dea4eb7aab1c00bbd36b05ec0a2a6b,7fa56b80c534a43e167bc9a7ac5bdf069b7430992ae3e60823c92d934104fd61,92214b2fbd05d50562b3e1f9d6fbcda9e4e57adf48a993945d61d875cb03b44b
LMT/2016/page_87.pdf-1,LMT/2016,1,True,True,PRIMARY_ELIGIBLE,True,KNOWN,INHERITED_FROZEN,PARSED,PARSED,PARSED,0079e9c8db7e83f54e4f8fe741d79ddfd6defc729779f0eb24f27785d7a1c58a,2129e629ea4ad418b45c2b1eacda567bbbb07e357c51ab6abd4d815e81b3113c,55ea023710e45643db0c064596bcfa54600dfec50598e6ab3fd25ad8fd83986c,7ed0eec1a0caa75fff0440129b906ed7daa39900e8878d072170c76f8cf51c90,2d0e201621e54635e766d33e2734723b400d50b92307668371c4ede262cebc50,e62a6db47397a51cfceb0202c8dbd3dfdeac8247510ec58756ddacaff603ccdd
REGN/2010/page_64.pdf-3,REGN/2010,1,True,True,PRIMARY_ELIGIBLE,True,KNOWN,INHERITED_FROZEN,PARSED,PARSED,PARSED,731d72c52199f0da8a98064de2213ed78340fd614096e03d0901f0e3aedab66d,fa5ee7e447df2de9493d15c77fb1e416893171ac5098ee65c29e9afb3d3a87a1,4dbe4a8e3fffec39d312109d29af6b098ac0c232705e58b13b383f0d989a714e,ee5c8a9f03640c924d860151df7ab4df70d6061d19b70852220b5bac81644c79,8292ec2f6677909d1f6aef17ad4c0fd933c0a82850bebd582bd92de2fca6f39f,ecf69de370b4e2e0e27b29e5a891d5ff15d51650b5ff250f035bb0303e2c3eeb
AMT/2016/page_69.pdf-4,AMT/2016,0,True,True,PRIMARY_ELIGIBLE,True,KNOWN,INHERITED_FROZEN,PARSED,PARSED,PARSED,24ed728d38058a91ecdb6ed2980c0b421b8764485dbf53bfc957f12ef9d5358d,108f9923693a91c7ce3375ec3b1ae4da0df15e955ea4de479b2b95f5d3003d92,3f187f94c1e22b818a7fc70216fc107807e963c59f7603b22931e4eac660a2b9,a3a3d12f275dc7e805bb1a3e534ac9380ac25a00e5823539ae0d651c09f88b20,120bc7bb21850dae07546b71c2c4bdab09b182c59d8b9b3b7616fdf977c6b3d5,8e4a0c1beae2e6ba47c8b0bd8930f7c08420fd8d085daa58a316ebf59a0c2d7f
UPS/2017/page_31.pdf-2,UPS/2017,3,True,True,PRIMARY_ELIGIBLE,True,KNOWN,INHERITED_FROZEN,PARSED,PARSED,PARSED,9c01fbc6475304a7d38ebc479920876f1f284b8dfd5049c14d078e64a77783e0,1021e843bb64bc2038ce564663fda40b32915802c24be2d2c18c3dc68d2db172,c9e12a7f6c7bf84b67818b5623c16bfdc489a04f8c16cb781c6f33c2f4f164c7,a5db5764cb0a661ae3142ae228dac30d82387be85fd20d4f63c77d495bb2a992,d52cb5fdbc68996dc427a9857bf74c68fc2adae12449b1bafd3c7b9e3275e489,10b7e3aa84b10134d22af71da7ab9141f56eb347efd08bb0c34307cd1bed369a
TFX/2014/page_44.pdf-2,TFX/2014,4,True,True,PRIMARY_ELIGIBLE,True,KNOWN,INHERITED_FROZEN,PARSED,PARSED,PARSED,f975cd232ef322cc99242444fdcae834910a85ff5e10f75b16352504f6c1ecf3,a67299fd4ceb904935009db6249ad4b949cf6f5e0b1a9ccfc8d43427e1c08f26,d30394cdf5383350f2df0ff8bf9417eacde12d89324b9ca159fd574ce811e61f,a8093fdb7319e4548331c6485fe37de423a6d8255efe935d9f65660a2a9d890c,c78d4a91dd9ee55d1c7381dbdba752f9382a361550ec9fc5a1d3f8a00156f6fe,31f68f11462b2e1f9e836fe59fc24788a9e0b9c4cdf4356fa3f32dfd16f2784d
HST/2018/page_115.pdf-3,HST/2018,3,True,True,PRIMARY_ELIGIBLE,True,KNOWN,INHERITED_FROZEN,PARSED,PARSED,PARSED,b24d56654f7428996e1d517db8898014cb865d9e21977c7bf0e75dcb62d9e15b,358fc2b14c9fa00dd82cd64a100bc77ea203926e4fb0832996b7395ff40c568e,de5c66424e978556db27619376055951fd8d3f532255bdf2d0a7c97a6f922342,17cf7faa1bd435671f3952c2e0d5cde68c8bfdc0ae694f688ede315d6d4da51f,c6184d7fb65b588461cbea8fbc7eaf6a61d8a6f4b3329aeb06365900e52bc14f,c5597d729137869e87251940239b7c942d4964097b62a15c72db027d2253403a
ETR/2008/page_154.pdf-4,ETR/2008,0,True,True,PRIMARY_ELIGIBLE,True,KNOWN,INHERITED_FROZEN,PARSED,PARSED,PARSED,55b181c94cdb6d31e4675c02f4d0b6d0adc30acaea6b19175033789044ae55ed,fbb0cc843f9bb19aac2d32042aa8d97d4f43119ffedaa5324e9b6f891ec9117e,5eaad7276cb035d86635be70322f4d9bca05bc4e60871a3b596f65349af76903,7463923d57735a7e7291740961b611c1551b89a2c7a248d209701861a62aa51e,caaa8f2fe83a6871b9f88f6aa4c7af68c96172f104e3bef5b15445aa896e9b86,5912bf3b891ae07b165f04da878ec92884c66ab801544a5854f66d16fdbf3e7b
AAP/2013/page_68.pdf-2,AAP/2013,2,True,True,PRIMARY_ELIGIBLE,True,KNOWN,INHERITED_FROZEN,PARSED,PARSED,PARSED,52525b2c48ee9912dd1341bf6608996fdac8e4b5249cdc47a2d1057a3e869854,4828fbe481d4e81bd56c7f3c32b1e12920cf38e934c08dafd4accfd432ba538e,124c4559e2765390b099ca66f959aaa7682aba3b18845b94cddeea4a73378210,29d591a602d78c0a92f1125b78488bee589f50666f5d6f2429759ce6411b4077,26a3bbfe53f3ccc26c8c8d03d1c04837dde12d1bd3ba17c684aefac48a9cfdfa,61299df4b05c8353caf38446fe26c2e1b17f0fe15a47454ed16cbe16a419ac0c
CDNS/2016/page_32.pdf-3,CDNS/2016,4,True,True,PRIMARY_ELIGIBLE,True,KNOWN,INHERITED_FROZEN,PARSED,PARSED,PARSED,3c98cee742d454016b97fc72074fe1718fdb4641dea1f7561b716de40cb18a32,da53d3a16ab45a07ece9e67f0bc6558b481fff079285b704efc199b3711005b5,4ebff6db0dd7c6e72e7089f12243263383745d6f82bd88d7d87324a00c4542b1,8b6996ef79992291764740339465270d4c3f62ddccab2da98560d104a1812482,0cac5d3b79481cd25bb91a00464fdcc9a2b8004f4df44ed2fb4bfb6c8ff96ae9,f8b9ee609265d3165da28bd6d71e7bdfab1e1b943d14aefb2771740b48150d8c
C/2009/page_41.pdf-2,C/2009,2,True,True,PRIMARY_ELIGIBLE,True,KNOWN,INHERITED_FROZEN,PARSED,PARSED,PARSED,c355625c073bcbcfa6d6c1ada594caf9c8cc24895a804a14e2cd76c081ff5750,e730169b5117cb30ba4de44a7192f9b6ca75d89673f0e70ee96b44d075e35391,0b36a1e6de28ebb5d5e30c0bd5738eb00f4b71ceb9b1d9b7b219459c5e1fb0c4,ff5e33104f613626ef9a8e10ebf0f37e825fcb3032dc1ac3a799c221bf0d956a,4ec8cefc0062abc9785db1f0f76c372660b74f0bbfff9f1470b426a8c14cb5c6,b5e654334aa85416910621334efd751c3f7451268f49009683749ef4e66dee75
CE/2009/page_121.pdf-4,CE/2009,4,True,True,PRIMARY_ELIGIBLE,True,KNOWN,INHERITED_FROZEN,PARSED,PARSED,PARSED,759590988d13425f54df78b1f189dacec6e6ff7c3e756c4a323aa15e481559b1,f0dd9b9f9ef4504c0b77ae5f2d5d066cecc0538ea7a76e9fb69d261c7dcf28f0,81db2f4ca0a001aec57d7ac1cd6352a0ecf8811c1957e3244c08c0613d5811ca,19e264004e39ce40a623904e1955d32cd6d8759e0447741b094d004df9097f24,153e9c540dec3f3b066d5f552f909f0dd72e6613458dd0ed5721f51249f63907,d889f128e91636e7a855d0095813d3842bb8b30b3c86470adec097d45e484475
ETR/2004/page_335.pdf-3,ETR/2004,1,True,True,PRIMARY_ELIGIBLE,True,KNOWN,INHERITED_FROZEN,PARSED,PARSED,PARSED,599362362d7b3420af1d3a6c298e4ee148970f3c5030b624b56877bb3693c092,52a64ebced879c4ad51c9aa7766f6a38f877358fb02e9e20af9f95b7a9ad6dad,cf5a0d4af24f3acaae5d2c7191e48ca810c843495a6acd223a898ca32a01b126,0cc30a97b237c085f816ae1293fda0c3add370402408f6bacf1a5f72a1046f85,70effc0ef09b66af7aa19cb56fa33d7cdedef6c522b73be72be1ccf7aef4d2f7,bb236bb0d27fb2835085d77acfab81eae71adc54dbe186d57db59f742da6ad03
KHC/2017/page_21.pdf-2,KHC/2017,0,True,True,PRIMARY_ELIGIBLE,True,KNOWN,INHERITED_FROZEN,PARSED,PARSED,PARSED,529af39aab27859a56e2939ec00469b93b70ca6cc0377145481fd8975a62bb41,39560498a02d4e1612cad2c821f46d690b0a39cb3658c561b5ca789b028304ff,07a656e28d0ec72ebcfc97eeca10369c641a11d9364593b13e9d5aa713eef458,c891a725efad9c7d1f70058d35fefded835c8db28744de555442471ffba6aab9,386e122c5ab05b55d2abef0441742c1d2333bdc104d3125abc12691043aad116,509bd6a009e4d12f08fff3ae38b4e6ae12b3fd4bcedf59675bc351eeb2ee4096
JPM/2009/page_206.pdf-4,JPM/2009,3,True,True,PRIMARY_ELIGIBLE,True,KNOWN,INHERITED_FROZEN,PARSED,PARSED,PARSED,c6b6cf2af97d494095fa79eaaa5da64b26c8a1514f717c4212c1a93dd25f5644,ce90a2099e5fd63f2a8edf07971a7b7eea7c5211e77a03687eba818effe2bd23,dfd19b8c9caaafe3c94f52d2730a0f5080c6e6d16227960f6c004fd6ffff6526,0aa74a2a2b0f490821a339b1e4985d0a8fa4455b8f8299d98a8c44c222c5f243,d28dda459c51958280fd9c32c8a77ec9744ca0c4248ceb0ac4a6cf674c54f80f,5ed6aeb152fcd4b179951b582f1872722336b9f8760926693f539406c6a953d8
DISCA/2008/page_141.pdf-1,DISCA/2008,2,True,True,PRIMARY_ELIGIBLE,True,KNOWN,INHERITED_FROZEN,PARSED,PARSED,PARSED,acb1b310e2312e357df42eedc5badeb5bfa0318fd879b616011912d9fcc4bb81,3d40de1466ab135d25f997e46070b09edfb6a4e0c4531ae05eeab6b838522bb0,7be47a6f01762eff2025fd61864f8510562ee476173df4c7865c57a68aa18a94,1fddaf434abc194b075736e4483e2fa4387a8f506c87c3e03135d6128d845542,7737b127f6ea8dabe576f024897aa99b9cf868c7fb7a247860940ad66e651f48,dbbfc58c59fb6a7ba10338c1a3015469772915c8060804cca6302e4d8e11c44a
AWK/2015/page_21.pdf-1,AWK/2015,0,True,True,PRIMARY_ELIGIBLE,True,KNOWN,INHERITED_FROZEN,PARSED,PARSED,PARSED,d551f1b51519c1912def34441fdfe9680f3795434f2314f43361337aa1918c1c,cb9b57704a98150a54589d61f6e423efb157038281a7c8c7c15f7958b9380a97,66e7ee7e958097ddc16a9f26fb228c8a7fe217492a3b649b6cfc9816c09e92ba,a265b1aa7aa2d4beab2e29586fb31259461f65d7f5835c043860f121bd7f86b0,54ef0d51a8bc4c1ef35cc2b67bdff4127e5952617a1e5c3a81a273e048ffae88,7248034d5b2e7f6a42fedfaa5f28ac6577eb08b12dde52ec7920c374262c34f8
GS/2015/page_80.pdf-1,GS/2015,0,True,True,PRIMARY_ELIGIBLE,True,KNOWN,INHERITED_FROZEN,PARSED,PARSED,PARSED,100190c371e3211ed12e153925d78bea83bc905bb3303097d0dc12d62d7e66a2,8e131fa224331c12aa0dc7d06a961cf9552af373e066c35ab676dfa10dd706b8,7730a7ca68029f1612f92668a783f1c80b6e8be9e1d44cededf569eae2cbdd45,ab78192c34ea582f990c0c4521cf0bd5e54270981b77fe1ca630290c8ec4cfb4,2eb2c96f09aca204cac8de35b1ca96b48759f361e8ac26df8f218034dbb1afbb,e950349ac928e6abe4dff9b4a4ad1fbb8c146461e5ebbcd6a70603c2038aa547
JPM/2008/page_86.pdf-1,JPM/2008,4,True,True,PRIMARY_ELIGIBLE,True,KNOWN,INHERITED_FROZEN,PARSED,PARSED,PARSED,9e6594dcc1ee3aa762e4323f2f063b58ee0ae91bbaf949c3cf12500a3571e395,bc56f31272c5f220fcfca2339f6b10af17723e4db8990b0d1e7186f709f11c97,029a0fa6b635efee35425d40f6137e93cebb5bc7857ed675f726bc88e07f6ee4,b729991e3c7b6941a2304ec56c92761c283a503b68026f9e55cebcaaeba856fa,5de3be426f3f39332640fdcc3ab578a28acc161ff61d028c88924558ab088d3a,f09e58dabbbc4812f7e4c8f0fe466284e9940483a9559caa340ae3820b86db09
AAL/2015/page_51.pdf-4,AAL/2015,3,True,True,PRIMARY_ELIGIBLE,True,KNOWN,INHERITED_FROZEN,PARSED,PARSED,PARSED,af0c3f9bb5469085e87cc0e5aec8efd84e2546fd816aaae7cff82e81951cf959,98f9013f84f28d1b38e341e792694bb84865cf0552c49c4f40668c2a32f010f6,45995ca804307d88fe932d5bbfb98eeaa60144d7f50d1141bd71bc325aba2c00,01d276efbdd520bd467d0d3e1370996c42b79cdcf3211ffc8b3b1c5a9975d27c,6fb2123454c17747eb6bc322be9a8854f4823c5684a8214a006dc20b86502cf7,ceb5fec65ac2da980738da153b263387c92edbfbeda9faac67a74195801541a8
AAL/2014/page_80.pdf-4,AAL/2014,1,True,True,PRIMARY_ELIGIBLE,True,KNOWN,INHERITED_FROZEN,PARSED,PARSED,PARSED,f5647b5cfbb2d101aaabacef699631154ef98f57e0b626067835ffb64fccf000,c274cb2cd04651ccec3a33453a357ac93975e8a2ca4fe60b45936c654fe970be,9d31a5a8812c8b957731a31a55eb0048fab1ddbfea7b574e2d597e6a7b5ffe83,ffaa90c95dff6964def6dea5a24b7ce417f2ac25ead71e6a14dc56a821245690,af2a5effd50bbdef32707ec8012c3f3e5ed3424fee6821fd9a23e2138f4aecef,8a23a34c9fbd2307ad941995f83ff967f54ebaf0d7c55bd95de3ed08af8a69fa
RE/2010/page_120.pdf-3,RE/2010,2,True,True,PRIMARY_ELIGIBLE,True,KNOWN,INHERITED_FROZEN,PARSED,PARSED,PARSED,dfcddb9254cab04c99c401f5a81895682b614adbc7091fdcd2c1540c1ce2b1e1,9809fb6b468e2fc7441ee013be2dc23b87d045dea609b41a4ced4bc0366b7afc,ce7316d0808054afc0a740196f730cfd3a6e8b77711af98902c17652694c64d7,1dac07d3c2af677b4951619f7f77d8844555c42c102a11ada2a9680913cd4c12,f09e9ca8e8e61d2b12e88557f4f72b9dbcc9857d0eda8eee1cd6630b02e52626,61de94f46d61cce6d032ce68f3df3eaecc4644482a1eeea31cbf18af62ce12e9
TROW/2011/page_13.pdf-4,TROW/2011,1,True,True,PRIMARY_ELIGIBLE,True,KNOWN,INHERITED_FROZEN,PARSED,PARSED,PARSED,d2be307ef3e881e238d8e952b2ba07722babca2b030b6a43f2aeb04edfbe4777,cbfef3141be99c7dedf7fa8e8292d9e528602ae7eff124492f9e355953403f24,1163833331f619b153f7b66ebe65d9f4a1d052caa22721ebd234d267f9f1bc25,a9b694bd270275ed5a4a331a54b9c633de9071e8a0d8a9e073e03536a3dbaf11,114d4548c4d13065d301708bce470183e6966773c45b98a72f00308a3e1e3cd3,7966deb638cd249003ae048fa004814de10fc81d3da4db940d45d122e5e4863f
REGN/2010/page_68.pdf-1,REGN/2010,1,True,True,PRIMARY_ELIGIBLE,True,KNOWN,INHERITED_FROZEN,PARSED,PARSED,PARSED,ffb7256df82ba75bf839225b879df4b77ef10c4be33d3699c7a18ed4035d6598,1d6df1cc4e4579d6184af831c67e22aed0c5e5fe5d739d7a8d804a733452e2f0,111040081851aae6ad622bd1154f9a942574bbadd75864ddd9c22564842f5eac,0a577886001f730c25957eec993887f25f58d1466092288c85f460a4ebc7f7f8,27986da5ce923cba2f7f453b9a0ad2c4b999efbd105ad34754603ccf394873ae,cc0f02b4d1158b8d72c87b2d0922a70004ba2addc33877d9e9a52208f1452c9c
EW/2017/page_83.pdf-1,EW/2017,0,True,True,PRIMARY_ELIGIBLE,True,KNOWN,INHERITED_FROZEN,PARSED,PARSED,PARSED,17ab9eb5d9ca70246fb128d12e8d9849af6407c602458d383e280d3407812821,c6c44b6595b60742cbf762761fcf461772459fa933987a044d47d5453e6f8188,917b012a1007c43f5f75d10eaf539e7699e33422b6c70484ee70735525363869,4aee0a483cef04b9c3436a48e64fff6c29d28a37692414a54b1dfb4b8f9e8eb3,ffe9f5a1e0c038c08d45ed899c4f926c78e68ac79eb22e9c9048515b8f36df9e,dded549b674c71815c2fe6ba31682a3f5056d28c7b3dac905b041930b02121ca
ETFC/2007/page_22.pdf-3,ETFC/2007,0,True,True,PRIMARY_ELIGIBLE,True,KNOWN,INHERITED_FROZEN,PARSED,PARSED,PARSED,efda110f8eab942bb78136261de7b8e40e8325873fa2dde916b7ab72d737980d,795688cf98522d88a7922d51a8617e8ddec096534e9a96685d6a136b9a433883,50aedcef1f5faac0991faeae697517ee0a1d3423a966708ce3375a6a3cb9a564,1fa724d599e16b761dba1f4d791af3765f6178a9031fb2aa16f194c38eccf32c,89e8eae09d504e7ade52c92e25775cf26bbbb728fd6e875299fdc76e1d6689c6,d0275bf4e1c0292568ea71508ef6f877a1459f1f7aa5b9a42d9ceaaa3dff4164
WELL/2017/page_48.pdf-2,WELL/2017,0,True,True,PRIMARY_ELIGIBLE,True,KNOWN,INHERITED_FROZEN,PARSED,PARSED,PARSED,d39fd1bc270c579d666192dd3f5ea63c2971cefefa9df49d62372f0643d7a8ef,a86134a6fefb2b8bb056905568cdc1308d7c3e4ec1cf59bfc74d8a7f18ef01f7,80a5eb3b0697e02b80230abe63f2028100ded58a7612608de247f77595d21c82,5484d76eafe0fbd9194bfbc5a9f3e10f706448d591336b803c8c0208cad8f0b2,e4afcfdc3d0b9dbc56fa53747fbf04e94fef1625a09419c6d9052e29f7bb5e40,177e0c07aae74fe06043c1a4371aaeee85e644fcb08992b572214608a9265c04
C/2016/page_207.pdf-1,C/2016,4,True,False,LABEL_UNKNOWN,True,UNKNOWN,INHERITED_FROZEN,PARSED,PARSED,PARSED,693ad72373b5b073127cdcdb59632ec0d008c0897afc63c516ff9b0a18b529f1,f9760df284e5def131a739450d95192b6cfb2f3208374a7c4f28cf7dfe3f5979,f26d50d296225136c9b33b0bcff858bfbe9d72a2360d6ee5229c0aaf9331b6c6,b66ba5f888b56db70309a6d872658c7488eb9758f0ebf8f1543d33b4b6f7358f,07368717d58cdedad784543f099369a393b582be07264490516a6ee9245c3668,88cbceff533870ea699746b5010b09063a38b557e4a0b8a3bee2925b4d1b5665
STT/2009/page_109.pdf-1,STT/2009,2,True,True,PRIMARY_ELIGIBLE,True,KNOWN,INHERITED_FROZEN,PARSED,PARSED,PARSED,ef2f14a635ada28025b038f75e200321cbba7aaf7097376ea5eaf1a15698a7dd,477982c317e55fbb863923f8c842c8b5bfc9137618f1b16912a6d4c4bd0221ac,a6216c057a9daf50e9d24b474be97f214eed11ef1e75f08180d25ae4608ca6e5,4fe09c664e291bf8a94a6cbe34f0cbecc96b93ce30b2825e0c055eca249642a6,ebc0d4b0e956140adb100b4f5b6e757d6efd061d5ca30fb939f6e0754c3cf66c,4fe350f8dbfedaf29c30f306bcb556e7a4ebf304030be8ad452a1cb322a63235
CB/2009/page_220.pdf-2,CB/2009,1,True,True,PRIMARY_ELIGIBLE,True,KNOWN,INHERITED_FROZEN,PARSED,PARSED,PARSED,38d11e2a218093dd8e8b317888ed07bce17e2f557eabdbadc03f5c20f67e618d,44e106f54270d67f110d8064d01cf710120a914637d186e34ab70e5f286bcd41,03a29dd7a076725e36db5c11a91771ebecd99be9354faac21790788df18c72af,ad078cf97876db34e34aaef193bc96ce6fc6786d6d9ec6996a6dc46eea66c9c1,7e1c477cf4f24100286b69fca829b015ecf8e9d8da75d5d9ce997d2a1345101f,646c096f7e30e03e08de588eb8e0a6500e09df66dda9f43238f4a93a198d357c
ILMN/2007/page_84.pdf-2,ILMN/2007,1,True,True,PRIMARY_ELIGIBLE,True,KNOWN,INHERITED_FROZEN,PARSED,PARSED,PARSED,e28817f84fcc3aa36763e97d72e1043f9c183d7326d404dfae2db9568509364a,79c0e896664614da1bafc93bd53d52c6a707e619764e93e11b98db5b4faf6a61,62e1e582d166978df6885fb3a75bf4022ad71fa1a897211ba092a95e9b70fdc7,c6dc0bacb143699cb8e09f93e0ffc1f385871bb822f43c6806e90dc121686048,361970acbd54d2d50174e01c5bdaa5f335a9b41f273c92d0a21d161b2f745730,7064d6daf500c679308dd48040281c64bf0af609defd6f29132e0b213e25731f
AON/2013/page_54.pdf-3,AON/2013,3,True,True,PRIMARY_ELIGIBLE,True,KNOWN,INHERITED_FROZEN,PARSED,PARSED,PARSED,7711eb239825f835017593378cf0dcf256ae04023e1ab156ca682da3d79dbd1b,5594b15927b8f79733ea9e0593959b4124a4e42ecd50b21f0af8f2c3134d1097,0c5b5e8e8cce560eefad9104dd1fd6b23958cd17db34eb026c3b397883aea657,33ad1fa25caeeb8eed5cc7b117b7142295a037647cad68deebeb14a0b22387c8,15f97fc4a7bcf0434bb152c38f6f4accc6bc9b37786b1cd6f04c882dd657e7b3,6f0aa3e6ed0d63284356ac8ba15dd4bcd812571b6ab1fec42ecb40706e232ad9
ETR/2008/page_435.pdf-1,ETR/2008,0,True,True,PRIMARY_ELIGIBLE,True,KNOWN,INHERITED_FROZEN,PARSED,PARSED,PARSED,18cbcd6e8adb54f7405815bbf590aef7483c50fa3b715f28f84e40c5936082e9,7d6580e80e879d5f0990bd26875f79c3d2ed339a2826a32a79bea76fefc57017,299006180da2c96095d0c942f1ec974a1fe19c554df56bee1920ded028220333,373fa72669296340bc2cb88454cf22ab307b1eb4c76afcd8aeb99273ebbea847,9dd042edfd6391a67145167e21a7714ed162a32a5185703f09153a9a3b9a3eb0,13a11be427f54ad045d32eb01bf5760e06b2ba7a7647529e6c1f86695c7dc094
PKG/2006/page_68.pdf-2,PKG/2006,4,True,True,PRIMARY_ELIGIBLE,True,KNOWN,INHERITED_FROZEN,PARSED,PARSED,PARSED,ff2349c714bb8b0b06a67c85108ec09e050b3f934a6d5c13626b48a36445034c,180174449c6c63500848a3f8d7cf4ff9906203ab0e427b4789eaf9df0f6609a6,48198aa797dedfb52c14dc06949373d911cbf5019046d44fcff8e63ecb49923a,6aad19ebe4ddf3605f91f48ca57ac2e933cd1ccf595130e903dd8deb02fb174b,32964aac9253eebb9ddb8ef15ba64bca36e69685cb06e5f2706ee60a690b0ab8,8ccee7f27dfdf384d5fe1b85f31b71c8be4c80beb55994d6512f6c82f3fb20b1
JPM/2003/page_44.pdf-3,JPM/2003,4,True,True,PRIMARY_ELIGIBLE,True,KNOWN,INHERITED_FROZEN,PARSED,PARSED,PARSED,7e0452d9f84ff40cae740ccdf2cdea9fcd10d4fe6ada88d9ea600c54cae08750,820750eedc8315d0ca142ba7ff24639024933d7247d94d1bcbee7b50343dd9d6,9a6ca4f90a65a897d1303d2652fb067ad94f5b5f8951038da9ccc8cd043b4f00,47d35d65a8f2fc92fa0df5d00ecc307a68f7dd384d61e5409c551cdeb05820b6,ccb2716e78f394bcb8f1e44a59a52f4c7dfa202f6d783225343236391f813eb1,8d694fa9e1d8f2421257d1e0335279ea0421bd7d98b7a68ca1f6787c05f8109a
AAL/2015/page_15.pdf-1,AAL/2015,3,True,True,PRIMARY_ELIGIBLE,True,KNOWN,INHERITED_FROZEN,PARSED,PARSED,PARSED,7a2e51d4739ef8013f7f1f276e87f1abf69f29cf469959773252929257963c5a,ca477e68aacaeb1fc4396c726c116e56b18e67b9981498c033960c772bfcf805,fc57f1ef3c4ceca017fc60e829efdf975f75a1a356d5d5337ef20b53aa378156,b48dd10400e1f411ad3b493f50750b68acfd94b73c039bb8bda2ca286a73af1e,3fcf404b1d9589b4fadd1540bdc0d477309dfcb407e6da9b606df4971e379a6e,6cfaed5698d8a3a44063e1d88884afa528975177606105e08c740611aa35cc79
STT/2009/page_122.pdf-2,STT/2009,2,True,True,PRIMARY_ELIGIBLE,True,KNOWN,INHERITED_FROZEN,PARSED,PARSED,PARSED,c1ee5a26bf1785b31eaa2216319478a63177f6ded88d0de152bbb642d82756ca,717cd6020bf4b82c5b8f098a0cee85c0bccda1c041cd1117f5433eafd838e43e,ccc055a7f348baeeb2c87c5a9c3abfe6294b9075b7932882ba3a8b992e07c340,84ed9ccc194a935b3af373a71fbe44efcbd3eb2364cea4daf4d990e21a7d504e,37b5d7f3652706382d73ae2f50a8442b3ea4988e988f1f2b57e2257de4f7973e,848477a3b80610a3bc12b7655653c8a820b734bca2002b3c95fd2867d5be6dfc
STT/2017/page_100.pdf-2,STT/2017,4,True,False,LABEL_UNKNOWN,True,UNKNOWN,INHERITED_FROZEN,PARSED,PARSED,PARSED,9555a68ef04853401cf17aeee7077a34a00dadf7ca74088682685d1a687b237c,87612228134849f4db20c27d72474b56accb9abed08d9c0bbe24505297a32c11,f2fe9e1a205dbfdbb3941d88fda5b1589b28aa22cc6a073df81722a4f625d04d,937c10e9a9b0d96d5bfed00713f12c0caeec0d86f8a757c48521263c5b23e8bb,601a9331305b27771608e1540f85b079f40402e4ab6cd93ea0f2c2e77e641d43,8882b5e105ee820219994f11637d501ef22e4fc14f8d6b47009652b436407a37
AWK/2017/page_128.pdf-2,AWK/2017,4,True,True,PRIMARY_ELIGIBLE,True,KNOWN,INHERITED_FROZEN,PARSED,PARSED,PARSED,ade44b3e311e35559ebb621f805cccb62abc4cf1b5eb1865ca62e0f3e9c5814b,7a9ad54eae35dcb56f98d85211b7b9e85f9093d584c1530d02a31cc35829b20d,ff30f16c9d2eef2f56a8415578fd29470831482ecc36ef361b250473e41966f2,055836632eda3b07da5141ad7b4f26cbeed846613c685e2fbf15e608323ead5c,7c39f7bd1d9a934730fbb950f54537dc1e0711b82a8eedcc77fe6c7f4b028af4,f1e7f8a48e5d002209bd7201bf624f2e9b4031f786822a5fcdcd1c9e4c72fdf9
UPS/2015/page_108.pdf-3,UPS/2015,0,True,True,PRIMARY_ELIGIBLE,True,KNOWN,INHERITED_FROZEN,PARSED,PARSED,PARSED,7001cb66b115310a61f71989be03d76efe3361dc72839723c20ef67a4170ad39,80de28da2c1d8e4df5b38b2e8e1f431823b9b957ee5b29a98d250e888e344cb8,b5e26ea94cff857749e23b656001eb414549dbf110841c28d68bbf73095bbfaf,310f8b717f84d5bf53313fe7c1e6a6e6bf319cb57e215456a4cb7a87610cd139,51c657c6d20d213a23add1d5960dc8e7fc2900c51f67759168067144130a24bd,e4585018be87049d820013e3adb4b0ee2518c7b6b05a257fb548b34aa1b09eb1
SNPS/2012/page_61.pdf-1,SNPS/2012,1,True,True,PRIMARY_ELIGIBLE,True,KNOWN,INHERITED_FROZEN,PARSED,PARSED,PARSED,912d4b54b1ad6cd91a68249eb495b9426cef7d696b6f95bf842f4208ca252ec1,aae8aa4327b48502fc7c1c765344a316ea7878199e9b29f51624b5d43d83bb78,9997b18c24a2608b2ae3124badd537f1c118bde6f9f77012daa4f2d602a34df9,ad2801149631ba892ac21bf32132e742db994df0a3f3f772da1d5e63326ecb6b,b19e14172f1c59b69fa85098ef3cbaabea6582540f1c8b3e57faa0f490a89676,47f7cec7e38ed6e875aa57084d31f673ff3a1ae351f9523eaa82cbb3f3ad9be7
MRO/2009/page_36.pdf-2,MRO/2009,4,True,True,PRIMARY_ELIGIBLE,True,KNOWN,INHERITED_FROZEN,PARSED,PARSED,PARSED,174fa7fafac2adb7522255743dc5126f3d64ca9395ff4c0d2bdf3c9db25b3cd1,e4b64bf46b8bb61372f241bee0da6b10c9f43f6ea3ede316286853848c87d933,a5ad62e36fbb1b9224877e0f612f9e328cc56797a3a15fc68ab91e799a10c7b6,808099f88c0c4362105070425580a6e95e3490dc6532c6d96be5807e636cf140,6c9126666314779966ac28868910b80f02fe0f5ddf782d759ebbc8d17ee4d056,869583a50a237696206ed1bfd54e43fe28a097c209e2fd5055754f59c8d42f9d
ETR/2016/page_382.pdf-4,ETR/2016,1,True,True,PRIMARY_ELIGIBLE,True,KNOWN,INHERITED_FROZEN,PARSED,PARSED,PARSED,9de1eed97ac970356dcbc0d28e62670c4badd2f01f4451e620353ec65596bfe7,a3d6e8cf7f15c0055e5ad72cb1d253771082499a6749670ec351f62cb6a039be,81eb0196a10fb9ab097e47b7c3a495cc018b53bc3657c70a54cf5fe59a9be7aa,a12bd279516a48fb9184a128243f2740649962054d2d6eec751da3c18a6848bd,a0706832eeea9580a5c4d00861f9b88e10f8f9c19a8e760e726e5a67df0fea75,b89665d496b00759fdcd77552b8176d82af54a0320c2b6b66a1f4e12e29fbd38
HIG/2011/page_184.pdf-1,HIG/2011,4,True,True,PRIMARY_ELIGIBLE,True,KNOWN,INHERITED_FROZEN,PARSED,PARSED,PARSED,a04a6faafb0b46924bd6cb0a284ba66e07d770cfad4a62c6be734e255e6653c2,876fe10c4bc00e115fc2452dd1d47709908eb045d776ec92060bb831df7b65f4,4eb674041a96b6625d97f109310f23e918148413cc2c61bc17e5873501c4c817,9ccf93bae55368232b4a29f2344420b64f39b08a7c5fd0783d0ca18cee81e897,ac350251269a9c6f7aa683e7ed29d2c91886ac68beb5e6d869aaad4c244dd3aa,7e0727bd24c45ab61dcdcc63be68c094967490874f9c461f6efa385d5a0b7070
JPM/2007/page_164.pdf-1,JPM/2007,2,True,True,PRIMARY_ELIGIBLE,True,KNOWN,INHERITED_FROZEN,PARSED,PARSED,PARSED,54b7c5a501051b5c3db79c2f875eb1d19463538f7797dfcfc758140ef786fa86,0f8545b8bb6e5640554a7fb34af2045a634e047c5df5b99895a376eb85743454,ee5d183f7bdcc609c2d37c687836b5f0488740f7f91900cc296bb90e5398f68b,22baa9f825cc3310bcf1b96fbcf3e1c826fc624d1b515b164065c3d656723b0e,396ff1c0f6ee6a4e02414fdb73819ee5ba1849e882bf1145a3dfd206e3083780,51537c98fb3e37561c761dd4bd7ec4a97ef4a931dde5f0a4d4fe94f4023acbd3
IP/2013/page_64.pdf-2,IP/2013,3,True,True,PRIMARY_ELIGIBLE,True,KNOWN,INHERITED_FROZEN,PARSED,PARSED,PARSED,1690808ad1e933e2b3f0aa46e0ba7f8d8b3679a5a69c05b170296e07089bd610,de66fb5a20a121ce0245240211559256f85a43bb10c11461c76dc8210d984367,aca63bcca772d495a8170e91513eb4a0d6605c3106e934dd62aa90bb7d3e4e63,aed7983c7bb10c9435e29102a56b95e47e905dfeb974fe70bd38dc268a206db8,df61c43c8a43a388a1785e40d5dc2ab8de169394d9496129e3ea9872994f9ce3,4367eac0a67ab24b2b6d5ad28df71d6fcbfe9a49a3623bf7ba1717d71ca8d00e
MRO/2009/page_58.pdf-2,MRO/2009,4,True,True,PRIMARY_ELIGIBLE,True,KNOWN,INHERITED_FROZEN,PARSED,PARSED,PARSED,aa623bca379c1aa0ee498e2f0e07d8a42015b329d8d195e1572e5778fdb199bf,28668f1dee0583f00c28188c92872430570f66f0463c9eb538d307673af172c2,67657ccf445a9fb366b378afd3e5130fb2781989ae6069e307273aacbc34700b,95a3205706acaeab254bc075ff201b45a03ade372ca6878a704cafd97f190913,634c2aeb5042223705d0cfdc46a54f110f2dabf1dbf283ddb0a34004dc9e2210,d79fe0d58739a6ec972ec075c91253a864b01895d03fbad71fb8e0df46b26544
GRMN/2008/page_84.pdf-1,GRMN/2008,0,True,True,PRIMARY_ELIGIBLE,True,KNOWN,INHERITED_FROZEN,PARSED,PARSED,PARSED,084898dc82cceab7013c366b38bbdcb11bf79c1f9d21a00795270aeff6233801,9e20d7040d41d380f7cc393b3e627722eacf2c2ff654ccfd0917e122525ebc6e,40d64aa9e57ca80e69f3c85f35ddc74643d7b2b94fb2bf59047452f5ef3e5865,f745d724e79e24421b0c869cdf4257c6d097deb7e1cfbdb0f38474f30fa7e66b,215ebb39e1fd18a51524bebf0e524655ea9c714582f12066b9197ca350b42636,f076c2aa30a25893ade3fd2468296364563d465565ab72efa77c012849312cf4
CME/2010/page_45.pdf-3,CME/2010,4,True,True,PRIMARY_ELIGIBLE,True,KNOWN,INHERITED_FROZEN,PARSED,PARSED,PARSED,5fd41ed628f5c14d239da28cf128ed0abef2ab263ea516f596c04541fcca5991,c9560f9c2b7b443d9e5f842cfdf55317ec2bf26b007a13a8c7698b4a16b6936e,338a423ba992bc9f206d079be48c4fa2f06acfa0c457ffae70dc90c910a50c1f,25c78f73b21df383fb0bacb61f2d6679700cc36edb72dc039cbd28017683c145,e0bf580088f6bad1beeca8e3b22f07913198dfae9f1511210516d73bc0a50c8a,247846383fcc20cb1569b3e48e1ba13cf8955eaceb836748b535d2f9fa761c0f
MRO/2009/page_36.pdf-1,MRO/2009,4,True,True,PRIMARY_ELIGIBLE,True,KNOWN,INHERITED_FROZEN,PARSED,PARSED,PARSED,c5aa496a283c26980454281dc997c7c3ec89d1c570282b23de22aa5100324240,6ef3c146d1deaafa8c2b304694c4921e02fb760a460ea8d06da7969647b522a4,68b5c9d995b3cbe673191a1f2b867372c52e837816b86724fa9963c2a84335fb,35a98730902b0ab64c776d109a1e2e071a0851bbb410fd9966ca22a6447c1bad,206c68cf40af131e94b42d1309253260003f751af0981e69e30b0f9547ec3fe4,243349b411bc7e87a57a7608bdcacd49ac1ec1c78cfeb26553b5e667c182eadb
ETR/2016/page_424.pdf-3,ETR/2016,,True,False,DIRECTION_PENDING,False,KNOWN,REQUIRES_HUMAN_REDERIVATION,PARSED,PARSED,PARSED,1df1256286f9a360f1c10fc2189ad8c9bcfef4730dd2270a4509a54f80c6ecbb,2067cbb992933e092989159ae40f80677bd0a03517c35a3e10bdd79b3ab7eb81,f9553a38ef07a9d5d886e9d4dbfa70957658f8e34eb9e9ffd0f5ad558bdf7533,ad343d1eab3bffee3ab5c5a522a5499706dbff61374e02cce74b8191e1584d79,1b40d86bf87c6ced2eb300336821ce5cb86088c7a032994a9ea78ab22dcb611d,9dd162eeafd7942c117ef44fb995ef954b590cb9271078e2959d6b8e76000ce8
ETR/2004/page_335.pdf-1,ETR/2004,1,True,True,PRIMARY_ELIGIBLE,True,KNOWN,INHERITED_FROZEN,PARSED,PARSED,PARSED,a8233e0c5aafb6205b72244e25c655c23634883eb7a868129026b70646184d8c,cdba68bebef9c3aea65e1c0f5f957534ad1611a60e928bc16d7f74b0c604a297,5334afe14f30b1b691bbae7b553dccedc2178dbb03f16ead3fdd747d77b3e523,30053832080310719b27379218809ab0d8c894d7b35fdaae6d66da2404a0f4c5,948651b5068571c7a8050bedf75c631e032a2e7ee0677578f87f1305f5dc749f,5c75518b80e0f0753c637960f377cfce40e01444141bd92da5fe502d3fc06566
UNP/2012/page_79.pdf-1,UNP/2012,4,True,True,PRIMARY_ELIGIBLE,True,KNOWN,INHERITED_FROZEN,PARSED,PARSED,PARSED,c3eee5d551cabe814786d6c3bb4cd9ed9447856ce41422ff5e4e33a27e4a4cff,0ef30ccb61d6ca05bd36bc364f050f0384b1018b70502a44f0d80f18e988935e,f5fa64bc447520333ef1e414a187cddbb83bb03653418aff4c615c6fc717bd94,c03d7064fdf93de5a81830387dae9a1e2bbfe0f44af0b1090c401775f8d1ca34,d2805c8e2fdec207be0e560d2ff57644cbfff48cf85cd494670e6a1e99304b04,68ee00b50d6cb00c4f892dde0e3a3c43cd8a21a0cb86de32560d50dfb8a8fa1a
ETR/2016/page_505.pdf-4,ETR/2016,1,True,False,FEATURE_OR_PARSE_INELIGIBLE,False,UNKNOWN,INHERITED_FROZEN,answer_not_numeric,answer_not_numeric,answer_not_numeric,eda0a193b4dd95e7439e7d78ec33f1fe1b49ced788c57f3d91b951756d812234,bf52307632c77dc16990b17b73936ab872eb9e063777a95fa4fc656918923ad2,9ba7ad6f5ffe1462b0c2430156ccd83db1c68f84625fb8e3ce091c678484c9f3,5ca242438a14f2cea334e620aee003e3f62197d6a68533976ac816d7371adbba,5374a4dd921ef296f4cb77e55d5c5f7f46792845bc376ad581c78febaea7063c,4abee20bc68a1eb9d95f8478b826f942e576f84fcf5750f0171b5bb343746941
PNC/2014/page_205.pdf-1,PNC/2014,0,True,True,PRIMARY_ELIGIBLE,True,KNOWN,INHERITED_FROZEN,PARSED,PARSED,PARSED,b1916595caf7a06dbf64253b08748fa6c2c7d028bfbc556c145507221a0c94b0,342cc717a8686bc66604f99329a27092322511e5a77f3e7d325c0344c7dd46d9,b020a63eaa6fb0fd28013668755190ba83a0d2517064e6f430b09617e7344f82,a4039d7d95829d96cae3c91a621d1d17a9b3beb2edb23fd80cf31a0669b03800,55b16f235bb4c49b9a6bd0f18dc88ac50c0b650e2e5808a541acc328bf19d511,97507b486f57ab28243079d9b533e5c9dd7610513bd3a161b2c2413f26a6d652
ETR/2009/page_21.pdf-4,ETR/2009,2,True,True,PRIMARY_ELIGIBLE,True,KNOWN,INHERITED_FROZEN,PARSED,PARSED,PARSED,554792f389dd021cd47e8e3825835913d496fb6b3554cd63662e267fda8b0ede,fd72433bfa122ae186044473a0a79790d210c29ed99645ef5d2b799685d57822,fa13966b42bc5067e9a041452f26fee333c813f7690803d406045371e4083476,6f114b498ba159bcd93341c3fd42bc8d206833689575a39de87049485847d603,677299506783a7b5634c564cbbccf47309a31c4ccb5d02781462d5db81451389,6b631ba22881a7073523fce0ec21eca6f98559ead58bd655aea83800fa24808d
GPN/2015/page_82.pdf-3,GPN/2015,4,True,True,PRIMARY_ELIGIBLE,True,KNOWN,INHERITED_FROZEN,PARSED,PARSED,PARSED,f6bdb469d3b4ea4fd97b577b0bebb15927614f123bc55e680d2887a33ede8a85,b05282ddebb0b23465541cc906ff2c677049b43f53340e6d5d2329e6a6815752,c8a551949a7ccf8033da13537e542a3590d76d85a7e8718f97102b71acba6c99,6f17660ea932e1c357edc95d4cff684c9f1664a7bd02ab5ee904880cc660cb45,4c60ed6867e771c34387a8d5c6cf0a53104634c2355095db3c3c5f95012cd646,13bf2297859aa0ed519c5cc4ce3a859bed8d5b60adc3ef5478e48bb9f069fc0e
VTR/2007/page_48.pdf-1,VTR/2007,4,True,True,PRIMARY_ELIGIBLE,True,KNOWN,INHERITED_FROZEN,PARSED,PARSED,PARSED,48f1e70b76b750c49ccd08c44cc7c40a750bbf5d983a03826ce859e7d3d64de9,f20c97327248834698337fbfa9f7e718204df1b85e720c508d7c0f37902f87c6,9b54c4537f03e2fef8b9854e28f9300627d7191d42ba96d3ef56075cabc3a453,7dad8bd428fd27ed64ec8588143ec126ef49e1528f97cf34d407fdff7c4cc370,04a33851b8a7f023d502884a6a06a3841f1ccc9e0dcc350b531ddb5d138fb285,6dfc7a6e73fe49fbb39473b6277a4bebe2f38985a715d29af4038aefdf0c296b
STT/2017/page_100.pdf-3,STT/2017,,True,False,DIRECTION_PENDING,False,KNOWN,REQUIRES_HUMAN_REDERIVATION,PARSED,PARSED,PARSED,18b07ad518be3ef99134ef8e5390a34c6dc0844c02f3d1f54a879091d1fd1f69,279a00fca07a0364066b165d3faca4081387234f35d15be5b8b1bd24e7136dba,6b492a469e27c0f466f9531d435342697d23a462b1be9333a86a187f55602988,9726c083dacf3ee4c21f83aa7cea104fe27d49ddfd8fd5eac2b36b57d75bd6ff,fd2707c7252c3c38318d09034a05f00ab7ed12e1e5b36de2f87dc914b5d6ae04,2421299a5c0a46083c707b123eb54c3f093f86960a6eac2e0978e753bf6049d6
V/2013/page_116.pdf-2,V/2013,,True,False,DIRECTION_PENDING,False,KNOWN,REQUIRES_HUMAN_REDERIVATION,PARSED,PARSED,PARSED,fb2028b884674aef1b515b91bd492c8a55f14a0e4398ff0f59e985ce889af568,985a13db00f4553f5a2a7d5f994adf158836656a211ac3e2f144a75a5fdc14a9,ad3bbad6bfec7797e1fb1b8bf53dc1374275a7ddeb280ecd7792f1ad0ef8cfd7,5da125658667361de620e113a00e1d956755967fefb9004a6712def2fc7db426,abd3e62dd7da0028236507c0e660733c2560d3245d909a48dc01f0eb759ea46b,e06ccac75674ed4be101b824bc4aeca3ca5a786b2003d086bc4b5807846f6bc6
UNP/2013/page_78.pdf-1,UNP/2013,3,True,True,PRIMARY_ELIGIBLE,True,KNOWN,INHERITED_FROZEN,PARSED,PARSED,PARSED,c97e29c6c81c5c229f1e83a3d52642dfd883428b5a38efc28e55c0a9c83f3997,c762eb95304b3c1a8f13495944163d6c173a13ab02e2246211a2e9ff27cfb444,ae13da7e635d05c8e02294e1c606e3f05d0ff0ede5c9728375e420ee67125409,db0c7f9a29b0d5198f3f9bc53c22017d25818980b722758c8253b9c5d827d2c3,1cab29238b7f90ae74891886570a18b13bd25e24fcecd8ef488de3fac191fee8,3051b7c70a379be07aa4a50713e23e1206436af4171248f57df5a7600f211369
AON/2015/page_50.pdf-1,AON/2015,2,True,True,PRIMARY_ELIGIBLE,True,KNOWN,INHERITED_FROZEN,PARSED,PARSED,PARSED,c5f84d605dca2c128911acb3464c92d87ccdccd08f2ab645c155a37e6e8bdb91,e0f9fe7edd6a56705543487cb5e9ce4f0f7613319c54e50d0981bcbaafc250f8,3acca973b256d2da22c1319010cf60e2cc0970ab2d9bb42aba0415c10f3402c1,d328eee71cd85943a411c62f8deaf4a2837b16c25b0b707da566faca6109cb55,35aee26e37df3ef182c494eb7ca6db2ae21f00b8742fbcabb3f5c1126badb3ca,7f34b63037be75720fcb02c5397202529df433dab7f3bd184d17aa87e6720ef4
AAPL/2006/page_79.pdf-1,AAPL/2006,4,True,True,PRIMARY_ELIGIBLE,True,KNOWN,INHERITED_FROZEN,PARSED,PARSED,PARSED,90341ea4bfb1d4cd9c73c710984b3d70dcbd0dc79872553f03950686bf0c6eca,5c97cb52a57b763282f02a7a4d003d8f3f96c4a3cc06fc2047b55c58fccc478e,f5872d9938e0981849cb5b924d5db57a66b5e5798ee21885119aef8e29c959ab,c19bbc8f2aadddaab71e39ccd1705a531fa97f56a15f76ae2c9a9d55ea405beb,209167c0e73f67bad552b06e799af4f3594d5780e3247a400008cc11d682c65e,ce140c2b31bd7e7cfa032607d018cac049953eb5e28f4dcae0451f1236e1c0ec
ETR/2004/page_160.pdf-3,ETR/2004,,True,False,DIRECTION_PENDING,False,KNOWN,REQUIRES_HUMAN_REDERIVATION,PARSED,PARSED,PARSED,1d2068c11baeb55b778c7b3e3fc90d7f8b362be24a2aaba4320f175d272e9bb5,924499d29cd056444377b014a5fc44e9f40239d8382065353e424b232c1426be,760c4b882769ca3a8125eddbb41145f81bdbe349ad037e3d6dca029b28adbfe1,70167db20a2ab1f4bbd04810c2bbc49d417ca310ccc276ab599a2fae7e986e49,835d96ee32f45a406c3ebb77bd197e148470e7e1766193f90de295c0cad33558,2721691e5b2efad122058436afde7707f0785c1886e6c6e65746e1ef63565cb6
AMAT/2018/page_31.pdf-2,AMAT/2018,1,True,True,PRIMARY_ELIGIBLE,True,KNOWN,INHERITED_FROZEN,PARSED,PARSED,PARSED,4ef9dd06828637d1f54b0b9fe0cc174709a4fe46a687ab44fe6669ca1544050c,3527f4082837b039e03a174b7c11af0729fe9d35d11efb7c2c070f73797e39aa,3c656daea85b3a8bf0916229dd0d7b832cdcf5fe447b327ec973892a979e96ef,f84f46c407aa8e8131613deecac67870fe9ac4ab84339004845cde19a79399bc,f2368a6a213c6fa6d627a7b7ecd5453e541ec6085c9a2acea00eec636b7943eb,0d1f75dee8218bb9317fe7f1539587032bf34aeeedfd00e95bae5c99bfebe993
TFX/2014/page_44.pdf-1,TFX/2014,4,True,True,PRIMARY_ELIGIBLE,True,KNOWN,INHERITED_FROZEN,PARSED,PARSED,PARSED,2e4fb2d196bea0ffb74015b8acaab58705d87efef6f641aafaface1c4f34061d,b89d9bcc1d839d9749849090fdffa665b9be3d54ba5a3d5ab5fe7d1cab8d3849,53ae446a1c1a179e10cadb7f3740055c2b0fe07ff70f719110b1a564f3cea6b8,e4ed6032adfdf394865e70c5fe35fded0f61e861b23e5adf91972563cce7654f,b64496bab2c6c0717b12f11b8a8e619dc14193bd093237f30d336b7e0875eabc,4ccbfc87624f62bcbe2cb55e285dd4f1fe893bf799161ac13bba9215f2a2233a
KHC/2017/page_21.pdf-3,KHC/2017,0,True,True,PRIMARY_ELIGIBLE,True,KNOWN,INHERITED_FROZEN,PARSED,PARSED,PARSED,6aa3da0896b9b42b6b4878fd7e89fcaff1929e9053750a909611feb31e17a985,6b238e8a717fea9bdf7f29b144c9eff30fa4b0f02c8643eec3aca7a412820067,9bbf6d76d6c08b1e1baabc2992ed8458c48b3d0016ae84b0df0098ae969090c7,fde362e9f6f0411a91cf830c6b421022754673c2087c2f0de1e7bd97e8057def,d4ec7a8abe841f3a6e2a406ab2a878b6ae68b4cfa6dfcb1a0d2cfd7d36343b12,82c58479d0e16a9e0264fbf09cba4e92dec12f3e7143ae2182b20b179c6f0398
CDNS/2016/page_32.pdf-4,CDNS/2016,4,True,True,PRIMARY_ELIGIBLE,True,KNOWN,INHERITED_FROZEN,PARSED,PARSED,PARSED,3b6981cc1ae26a9e5bd5f96236dfdaa3d921f322cab01b9b1b83502791e6ce1d,c1c73887e192358c67b466579f689ce87e2e80be36453513c70a6c8a508a67a3,5a1775bdb4164032ada4e49a2c0a74fa734fec21d613228e19264f87f7cda723,39e9a998a72c4f55294748a330d2b4ae1cde5a18d69be9c2f782d0ae3ae836c9,ce8235fda6ee20aca06ef48cac7a2ec97020e968e7141097ed4e299734719771,927734a853de0ae7281c4bbca6b59ac86d166b02eafc640a0ac43e0a18ef3e48
PNC/2014/page_161.pdf-1,PNC/2014,0,True,True,PRIMARY_ELIGIBLE,True,KNOWN,INHERITED_FROZEN,PARSED,PARSED,PARSED,31e7ff6fadc90d950424e6cd99ca34dac63183426954228db94ed37c2e5252a3,a96a7de7107c99655cb18dbf557f6b4a1ff13e95efd5499525d5ca495ffb3f33,60ebb89467e0a98dea6aeeed835eff5f16842945c58d3e56fe89ec76e4b4d0e9,31c68c8953f052f1f8b57487ecf119013bba365431ca18828317ae58c25bf3de,d3f8e23bc580bc20ec261f7306681228cf9f53fa61e645a36e111b8099400f4e,acc877ff48dd4634b7539f038ab1b736846dd540c18c9c7ada647cf2d2899e8e
C/2008/page_26.pdf-2,C/2008,3,True,True,PRIMARY_ELIGIBLE,True,KNOWN,INHERITED_FROZEN,PARSED,PARSED,PARSED,2e59e41d91239cb13a30bc54bf621592d3c6197277115a618db24bca2535cb2b,0a77fe3a20ae897b7bdcb450d81328c00066c6a7cf980df15a3a02ec3409bc16,d51b431a92eab0a405d43b5e0e20751a78c8bd425d3b2615773b90753cc41a82,13c50274c5f511d1b9db3a7f53152e7475bb9e442393d2e7ff9e95135c1d30f1,21db52200cb7727adec464845af51eb7eab6e5c534de9ecb88dcc4af76abd480,6c7ac65dad31188aef41a6f58220a39186f21a685982ff8d2d0cdc1196bfdcf5
ORLY/2016/page_29.pdf-1,ORLY/2016,1,True,True,PRIMARY_ELIGIBLE,True,KNOWN,INHERITED_FROZEN,PARSED,PARSED,PARSED,e31f20263d744d0a9f2b3913ca1701e05487c71b6c77a70764559268680533d6,c7793d919f8293b8b17a6021ebe1e0c5a1f4cddb9b5538aa6fc0ec2416807218,cc3bddc5c8db4923c886f5d87b87bb7d4d00818a460c70be98a218b86c8ebec0,42ec12d3a546d58ed765561eb1f09acc9a20cca50947eaaef6f414b2f9e175be,a447519232ebf91955cac2a7b241808a58b6954011db9ca9666f983f87543fe6,da3f63659c662e12f57dac06d5f3e636c178ab7eafcb7048aba4c2af445b2292
HUM/2010/page_101.pdf-1,HUM/2010,0,True,True,PRIMARY_ELIGIBLE,True,KNOWN,INHERITED_FROZEN,PARSED,PARSED,PARSED,dcbaf6fc79dfcaf00feb4e1da5c6bfb3cf1ef63a8b2c707c8387f59dfccc4c15,20169fadf686653af2b22e15d2f841444fbaffb41d76112e99b947d07a5429ba,7e333b9cae1fbf4cd8bb09b666e4ddab8b7c3e8397ad4e356e4c445d7ddb8360,442bf31d20731471ec3c065f2a619246d3787c9d5821f164d8e043690ec4903a,4fc8d8b224160f966a5c9b5f152d85d32a42bd82e943667ca58c6e39f71fa3fa,4386fef2d2cbd489f60c02597d9c5e96d3e907f5a72aee946a116fec1149fdbd
STT/2008/page_112.pdf-3,STT/2008,0,True,True,PRIMARY_ELIGIBLE,True,KNOWN,INHERITED_FROZEN,PARSED,PARSED,PARSED,f380b6c8af32129cc7fe6d92e07ab1371f833197de9b7ad8c3c887674b012429,430919253a910a0a90b1970806b81df0557c3e25a828593b840bacf6fbc92a6f,e7c51731f30020fe2dafdd9a11f2a98ff1aa19b81637acccd1a07dcef4853edb,3facec008fb3d0ae175261835604660d5a87bb707079e790297dcb2ad5c7433f,1ea7fcf4ef0f39f6dc329affe93653253822b52d638871cc19a234eb78f5ea9b,b2ddf11371d3b5230fc6ca0b07acfd81a958d64abaf6101f73d8050f4339fff0
BLL/2011/page_29.pdf-1,BLL/2011,0,True,True,PRIMARY_ELIGIBLE,True,KNOWN,INHERITED_FROZEN,PARSED,PARSED,PARSED,e388b5321aa7e4452a3074b9d8fa8f14ceb11cc1d57e194c3042c9ec6b5fe5e4,ad42cfcd97ad3dfce0eeb5397005ffa280675372d10e5c4bb03cf68f1318e9d3,2c3d244a8bc6b4f422bb47358db2c16db7846fb41624f542523c3168ef406d65,2f011d227f943112ef032df6d205e1abed8ae99b5e00ee0797e821ac82fe2c28,da8619ede71f8934b5fa6b9cb5c08825fb4cf12032c432858869709be0bca2fb,d01edbe41c961a121b9173e9e477f1b943621537ce98387f1c07a6b09fe98704
ADBE/2011/page_83.pdf-2,ADBE/2011,3,True,True,PRIMARY_ELIGIBLE,True,KNOWN,INHERITED_FROZEN,PARSED,PARSED,PARSED,e087f636f73c4cf12104dc468d26aea3c1a81c0301aa9aba3edd8857e60d6830,836b431efcf2c87c008efd69c7bcf7244e6fef2481f0ecd4f58a1c6596d3d155,00dc7e03a4a3b6ed0e9b87539dc8462ad14094dd808c2ac844cb4a02f4e8796e,b212aa7f84b42863b47d6dedbc751d6a74e6231ff50b62ecb29d40cd2fc41b7c,bc6fdbde6df0a4d516b80246ea93426b86ce02d50c9a3e8df4dbcda1f8bfe972,20f3baf58824e430fb7666ada05ff87aefcfe03f8527a15a52f3ca74d26c3a2b
DISCA/2012/page_54.pdf-4,DISCA/2012,1,True,True,PRIMARY_ELIGIBLE,True,KNOWN,INHERITED_FROZEN,PARSED,PARSED,PARSED,8dcd8557fe2bc6440d690635e2c891b3a3eb1962368a7022ecd5399c87907091,8b0825c0830cbfc69556abb66f5e6cabc9454d5b6b084c3876566a6fb01bfc42,1269d7f607aa56b4cefa9aecf2b527d77b968847c6e20327a7015b8c1af4174b,ac0a09e14529a92b954a2d1c17745f31e79318c02926d117898a6d101fd217df,97f68a2bdf8bc551ecbf4bcc56843a8356093c7b6cb60fca10813e01719f0755,d94a48d1f0abe64c46de79ef4a893fe5e2d38112e135720b152d14a3c02c3de5
JPM/2012/page_148.pdf-2,JPM/2012,3,True,True,PRIMARY_ELIGIBLE,True,KNOWN,INHERITED_FROZEN,PARSED,PARSED,PARSED,e7b8ccb1459dd87a42999a7622079b406bc54c94320deb23f9c0ab544d0dea08,723df2919950c9a2b96b5abfc16e0471e5fa39ba602508dfb300f1df852ec657,8772a1e0cb21b46b120e3e81b6c8be88163048d1cdb810aea85ea4dc19cf13bf,24321ce51507d6af3a613be542d4e0d36096ec6b472d224ec9fbb22ceeb402fc,9e31bf9d55eb058e3a1443515624cfbf947563f555b4a94a6a7cf8ad0a0f26d0,8a73056f8aaa760c5835ce490f2272b9c3999687687f1296580275e9a604d6b9
JPM/2012/page_148.pdf-3,JPM/2012,3,True,True,PRIMARY_ELIGIBLE,True,KNOWN,INHERITED_FROZEN,PARSED,PARSED,PARSED,4cde230175fc02f8e2a493f893fab954a39f0a9ce9517c921c0ab7a970d9258c,eb1d90662510fe2e4fa880d0d888ede5c0a9ceb38ad1a7a81f13f03bac9743d5,064df3c7e661759dc91dec6cd282c56d5a4874ef61808107a8a22a6d73b7966b,6a0df0997c6aca35584e0417c92818c0405016908571e2366199232361e4a202,e1d80b53728a1f807adc9be0917c941c99e8d71b2cede509ed8a5079d8f51885,5d571fe2d20cfec0cadff9b57db196cebf5c84cf99a1db450cc2ff6292c6dec8
ILMN/2006/page_92.pdf-1,ILMN/2006,0,True,True,PRIMARY_ELIGIBLE,True,KNOWN,INHERITED_FROZEN,PARSED,PARSED,PARSED,16e82ea5395f1f0df0af0b7bd757db456ab9d17527c4ff483221bc6fe8ea2471,f42a9a4c57502b3951d1e48220b796fc3514211cf44813e33a6bfa061ef3274f,7e084a2c6f656ec0f6c4c8d769d8b503395fd36c202bfd134c17253a6b03e175,cada69f06cecbd9e937cb9b13064aebca6c8c491206b3d7226be1bd31ca48a55,23acb4cb6fb8cde86ae729daa727b1096bd9acb00e25b21028dc94450c3a05f1,c7a8a6cb25c18ce5b713fd55623562ada18809c67995ba85fda138d51911da53
IQV/2016/page_57.pdf-1,IQV/2016,0,True,True,PRIMARY_ELIGIBLE,True,KNOWN,INHERITED_FROZEN,PARSED,PARSED,PARSED,ffed88f0cd95cc4e7a5d9e6b4a15d2eda43fa1255e24dcd3c7479715bfef3341,29eaa9a57361ee8dd5724880db341fbfac415a5ba296da90f1e5ff11737b8a6b,8fc84395ffb71b894a7e76f52b8448b4165b56465b8cb9d27744d77cdf29653a,499ca6c8a6ff065d4b61bf4f2c9d67d0afe47f6ad8a5e891a6d220ba32f74a37,babc5aba1f53269ff2e46c9232018f9db5ebf1a67a71e65d6e1f86fa6e543048,02c3cd045a63a230d9737cdd05f33e0d0d8475598b76771fae2ba349dfc2ce59
HST/2018/page_115.pdf-1,HST/2018,3,True,True,PRIMARY_ELIGIBLE,True,KNOWN,INHERITED_FROZEN,PARSED,PARSED,PARSED,a1395ff07c50de71e4465dedfaeb4c11dd4bec2064e74e7cbe14b1df6d0c2327,838d6925af68216ee3e05805611b6e3ba6c5998a3afdfa9d9de48615eab35560,95ed79bb69481b0fdc6d1d6461031025e90ddfa5a3f5f151fbde82aa3e3bdd87,2be793b37b2396f698cef1111139d7dcfce76aa992e8913f4b938d27256e0294,b9e6778f586a0f168718e69174fc25e68a82b4c244096f5ca514271ed39d9f9a,169694e82d44156265e6ac137758ab8ed428ca788b465afbeb4b16f0e0432d91
C/2008/page_189.pdf-4,C/2008,3,True,True,PRIMARY_ELIGIBLE,True,KNOWN,INHERITED_FROZEN,PARSED,PARSED,PARSED,463344ca52bf46043186235e30b1f388da8946b2365f234e2b13b8474a643f3d,443edbdee2827b673627ec17cc71cf00f9458a79a14a846b47ceb625ea2513c0,381e900a07343ed1bdbf7c477447af031126e52e9380e04fb5c72684470de840,0e261bf49389ebc89c61e314eb277acce28a43db74dbe627fbd5764376ae9954,a77f538dd9cab8b161639e28eff13ea008debbabc9df197e893ef12efbb636b7,33f8ec35098cb2904409afd74bbbad7b8d011a46d7f03e2a90a38de544bd2c37
K/2013/page_27.pdf-4,K/2013,4,True,True,PRIMARY_ELIGIBLE,True,KNOWN,INHERITED_FROZEN,PARSED,PARSED,PARSED,847d0111ddf3f4b1842541e42dc58bd9d1c8efa0d799dc38a5015f8836a82cf7,9d724de6dfb815e7c64496fc06eabf8bf8406bd1afacd6aee5d450e0e5d838ba,ddbf3e41897ff3d6ec005c5e6e63e2a68c8a822c9873f5215004586ec4aae291,73ac4e82b3e946dbfdd628176e4abde0d1d7e089bdecddb5795cd690f57f24ba,1a46070f3450344b859ddf7154899613332bd31c15c03861a85d2516663b3e02,0cc046e00b900d3bf8b5d50057de9ce0577f750d6e52d7882ead710957cec3f3
UAA/2016/page_80.pdf-4,UAA/2016,0,True,True,PRIMARY_ELIGIBLE,True,KNOWN,INHERITED_FROZEN,PARSED,PARSED,PARSED,f2d5a9673dff4ef49a09f6c9589f244f08c447ae4f130d051ec9aa7c3ee9a1d8,5e35d95a59eab5187c035a7e43bb7561c9fe99bbb8becbf0dedf8a9512645038,fc97be57e9efb07f3597127ea3c2600c8c020da448b115fe8fa010d42ed65941,42eaeb8a84329ac11370f5b0a849a78eb1f10c68f122158b7b2e560ded280c75,3e48fad7ca13043b625e720e9ec20f1cd223b6107f026a3faf1424d4e7562e3e,c82ce7fa86bfdb45b57fa62179f6bc952a2ed9c583cab81adbf5e8285d96a76f
RSG/2014/page_73.pdf-1,RSG/2014,,True,False,DIRECTION_PENDING,False,KNOWN,REQUIRES_HUMAN_REDERIVATION,PARSED,PARSED,PARSED,13ef647473cc203b67143ce8c8161ca0e20d3698d2cb3609dc6be3f11e1b4a22,281fea050d4b34d54df1274e7af2930a1509b39d4cf09bf4e4705d8602d8e279,eda016cccdf29e4d4f60a84f35c4cac99b113b9009c45198a2540073bd8ef672,6b88b110954d31a2c51789dd8ac66299ebb683716d0b0cf5674079b74a0e3789,34dac6171a77e0339bedd28674e5db38987b1cf97d53bc9e01c6b28bfb3cfaf4,2c87e449db3ddf281b67cc3f72457e75915481901fe3bdbf1028a779bb17b640
RSG/2013/page_69.pdf-1,RSG/2013,4,True,True,PRIMARY_ELIGIBLE,True,KNOWN,INHERITED_FROZEN,PARSED,PARSED,PARSED,ff0227c9e25282b5f1a89e60aea38420856444127f94ef58f44d125493169bac,7f2e987b62bb96f78034760930b9d05b95d82d5105271fce946e2518738b61bd,008d5d593063c19516ca1e570fcd3a83c01e7745a1af2cbfba546beeb684bcc1,86ba1124e8f37591bce8ceadef22c06921b40e550bdb60ff038b9cfee0614e53,f91162456228d4ea66c2f520fa74909e68e251f9cbd311b8298ecde320bd9584,595b5bfec1e610b611735599710402e48de8614c5fe5934b01e6749d5fd99a64
BLL/2010/page_39.pdf-1,BLL/2010,1,True,True,PRIMARY_ELIGIBLE,True,KNOWN,INHERITED_FROZEN,PARSED,PARSED,PARSED,0dcd58be4280a283cc9af83073346cd7a40986c62d983c1464edf31d7ca9f7cb,1e4b67e06092d1323c5f941594ff0b8ef5f356f77b8a5ed583cecdd5c03f8f10,48b0f98a7dde39172c69e13b6606616faacf1091213d834c3933bc09a2ed9cec,b763e2652a76feb6286c792138054083cfd17f89791681cd198dc37b8f8279d0,cd42dc021a2d3756589e511dd0b461ccdf43bde5be99279fc00728a812701bac,e8be9736e7e83cfa009b404dca97e96441e4e829a5acff3ecd6d8c4ddf05fdee
PNC/2014/page_151.pdf-3,PNC/2014,0,True,True,PRIMARY_ELIGIBLE,True,KNOWN,INHERITED_FROZEN,PARSED,PARSED,PARSED,f7aa76476d348f8ce34f4604f492be8f5970e35da646c082dddb28a7fd518f59,5fe0539108e44dba37229351460fa204ba26c1a31e48df011a233c528888fd0a,95756464961eb634cb819b423136aeec8632cc67c1484bdb0da03fe54079b606,8cb3a69676e9a7ff298abe8c67c05989844a6531da823431db570f3e5bf0dc7e,216b916e9c382f29b75009ada82f84c849148bb6b24134aab03344bf0accad8d,6d2694746046c29355fead58f945503cf574059fe626284f41e2645fd5938e21
C/2016/page_207.pdf-4,C/2016,4,True,False,LABEL_UNKNOWN,True,UNKNOWN,INHERITED_FROZEN,PARSED,PARSED,PARSED,cbc70b98b505932b912a26f7f07f7c64ebb6272f0ec97e351acf474b553a009a,5fc66e929381844f5fb58021d50b81f296779bcdd387aa8e7ff0e94b7c6346f5,c0de5b937b12cad66bb5b4ac30232547ca81cc7fd514ffc3e36625fdd8fc9457,affdf8b45ba42563ac5f4cfc3f77f0b5436336e0602c9665bbe7e7ddc4fd49b8,c22586b67909f26235d037030218d9da6e1fa1572eeb843fb13100ce471f6f03,be5a6fb8368a13b272ab6c2242e8d8973d70e15a91dcfce7e5db4f64d07be33f
JPM/2009/page_183.pdf-4,JPM/2009,3,True,True,PRIMARY_ELIGIBLE,True,KNOWN,INHERITED_FROZEN,PARSED,PARSED,PARSED,c015f376b23c0459d632c59e8ff89fa704eb5b8cfdcb217d1712405253fa7529,029319791171396a6b695bd8927a9ef50019f721ed87e44c6f14a25e8215ad55,b75affffc052851f34ce77e37d046425b0286fa38bcc4ba630c82be4e06bab50,8b123ee37fba93e726e6ce51adae1c657113a12f57f556c5d207243a83df0773,1662091023a3e9645fd47aec650a88c46d6cb0a5d133282323a5191e408b0eda,709fb74cbb3d47f8ea8a465e4e63aa546245fe7f4311feb6179a670b7c1fa45d
AON/2011/page_91.pdf-2,AON/2011,3,True,True,PRIMARY_ELIGIBLE,True,KNOWN,INHERITED_FROZEN,PARSED,PARSED,PARSED,5dec36d62196931eea4cb6773585c4e6b97a374bbfac271080314607d1cab6a7,fe7b26ad816c2801acf9aba5d5feb76cb5d17f615bf270bff3cb04e9cfc0f4e2,9436a550c995843d5d4c91743cc12962e9c6c391aff7f3172e02faf3a740e600,ea3d0029ef310f63d4f5eb14bcab5ae43895a69076fccb585230e85a2a6b1535,f2e0970ffbd2958bbc4ca699818179d3c838ec89ada6565e3f6fe3a69955bb90,221fec3c136c7c8a073da80ce47fcc7fbf709ac7835dc56fa9c002d6decca994
HIG/2013/page_124.pdf-2,HIG/2013,4,True,True,PRIMARY_ELIGIBLE,True,KNOWN,INHERITED_FROZEN,PARSED,PARSED,PARSED,2de825377d160390b4ed3064b2dbbe8b4df2f14947c1a4466ae1d04e46eb59b9,cd10bc8bbaa213117dd636d2bcf8690db7a5616196b8436f51e5d66d596d3b29,1f56f12abd9b53d6e94a1337511888c37752c19ce60f45ac5a0d06a3ab064016,59eb069aa477361f80aefb4319f7dd54a455a2b4b0c96de2c6ba4d4c1e9d0f9f,5ee46d7f031211c9712b1ecc8919369b074d40e379e5b3a1b4af6593da617bf7,34fce531621ecf63c9e7a7bfd64f70cc9d828c53663e0e28d5dd2e2660fd2542
TROW/2008/page_23.pdf-3,TROW/2008,3,True,True,PRIMARY_ELIGIBLE,True,KNOWN,INHERITED_FROZEN,PARSED,PARSED,PARSED,010a5fe64ad4a4c15fce783e0c1b3b8dcb9a0f564555df01005f60138915ada3,2c79c5d676388af180b1d6d7a08b3c487a3425fc5d0d00e5959242990e7832ac,a1b853de5c025d5c071985156cacf037d707cbb5e284ac33377039c1d9db518b,b43923b86c2808ead4d5f9d87244077ff0673cf3665e05d0e3adadfd4c6c4c20,77b0a7cdd772c87055752be2c74d9e56980bdd85fe2c070ce3a758a83782639a,a6fea57f592b5d445103beafc5e5c4bd8cd36b3c013c2121bb69bc32e01f64eb
IP/2016/page_52.pdf-2,IP/2016,3,True,True,PRIMARY_ELIGIBLE,True,KNOWN,INHERITED_FROZEN,PARSED,PARSED,PARSED,6a9faa4dd80e90f7cd34a7c2517d69c241ecdaf1004e9d9b7f236c330208a11b,c66075f4a3c7cf22b97900b8ae0a743bf6fd7659bb28539b69b8823e04dcfbb5,c3cc1eafb8cf59302648e7e8af3862dec9c21506bdba105b20122605f97a755e,2167f8a1789989de2ade56ff6ff7b4e226ca50d9f5b64560c900d36e74ba2928,ad1ba28a8114221bf693aec07f217e14827decd748ae1a3fb1092bd4e915d85c,4858275bc5fbe0c855b6705392c33023cd990feda995667b08969cdf159f952b
AAL/2015/page_83.pdf-1,AAL/2015,3,True,True,PRIMARY_ELIGIBLE,True,KNOWN,INHERITED_FROZEN,PARSED,PARSED,PARSED,c53f9dabb7c57f42e6a70e975cc44a1dfa12e01408797d7123d3a1f6b8be3eb4,98e17d690c7b6c801d65f7ca80ddfe2abdc51409a0ae0f2a6ca85285bc50233c,920b28258295304ffa8c8a389780184050125dd58a368ed03d31ef73c2c09fd0,fe696161b43b863bcb2bd28d73e3f907e46dc80f4e02133bfb990d6651888fa6,8b53b26781de0274eb3bfedc8d9cb9400328040d3f3895d5714327e29cc6e6f2,416062d923d522729f339b8de029e5384d5b4b68ea3744cba130e85e6899bcac
FIS/2007/page_102.pdf-1,FIS/2007,0,True,True,PRIMARY_ELIGIBLE,True,KNOWN,INHERITED_FROZEN,PARSED,PARSED,PARSED,55b6f5c63adc9b13c5375b9bdba6870dd312b94354abeeb5467b4dcd2cb9e8ae,2a44293ea99da396a8ac0e707d4af0c19ba542a027d426bc721c454c3ad916e8,dfc451df149689401dbcc048a3fae1e9e88676358796f5ab54fe4ba13fa50ea4,f39ecc809784312c52da2ef3dc6a09c62712417b69fe645ab70328ca30afb167,b2a17a94c8c736bab4133a997cd14b03cf0134c98bdd599ae5bb1124b3c9718c,ee6f268608c30c8c4858ca90b68336c243e5f698c41dee65a579ba90e330cf29
MRO/2009/page_57.pdf-1,MRO/2009,4,True,True,PRIMARY_ELIGIBLE,True,KNOWN,INHERITED_FROZEN,PARSED,PARSED,PARSED,054196a8a98d5bd0c0de3dffb57204c12efb2b70fe923f88c9e4290e3ce41f6c,bbd2eee835e9907f3f1b20569166eb2cca09559a77ec215dadb1177f9649e51c,52711fb2553e5a5866d5f445f01933c998afc76a48ec7fa4a836b37d3dd08b14,fa4fd70dd03b2e4c6fc823ed01e5c5b6c65662d6388382b56b6d5ba4c7284af4,337ae56754e810ecd02e17335af9f909e18af33a8a51fcaf5d7bd5fa56cdaa23,ac8d869b3c28dd897f90d351a95290f709a34c7176c3af6a8aa7e6694af4302c
ETR/2017/page_352.pdf-3,ETR/2017,4,True,True,PRIMARY_ELIGIBLE,True,KNOWN,INHERITED_FROZEN,PARSED,PARSED,PARSED,e09cbf01fe718cc1a9f7ae3ef52c2a2b84dd1291c6febee99da1952a03142ca4,24814d40dc80b936fb70506a82a1b473539feadf4d4e1a2614a0c8d0dad96070,c8814de179cf60f724098466dd9bcdac532102b619c8bec9505bcc44be8958b2,2f9a4dd89b8ae967163e2768b6e4033760ef449789b4e125858586c627f11032,77dce6c55cf47daf48d9483019547ef0fa00928e12a64a26d1d3392f6ddbd75f,ba784ef3420fc453de48941b4136f11d4f139e65cc8da0d528500bae7dcc597d
FIS/2007/page_102.pdf-2,FIS/2007,0,True,True,PRIMARY_ELIGIBLE,True,KNOWN,INHERITED_FROZEN,PARSED,PARSED,PARSED,6bd2e49abc3dd577c66a1954cb6118c3b62dd5274d68d925e99cd3b32aca9043,52beb9f0121cbec80796a6506ebd3e6a7b578eef2645b3aeef18b84d57ec8163,309f8c159c295b5b8348b92c4ecd9f08188d5fbf680c420ed6b196ef735819dc,94a6db087fb6909be32d39ff00d911ffcb49d6aa90f37880f9c00c1d823faf95,3f0cb1d3257f6d58d0edcc111189d2b26091be912fb036a29cff7ae83be7f983,84c72a691d4a8284c119512e5438f27eb1871604691d9c1b2d7ebc0e07a18dfa
ADBE/2012/page_102.pdf-4,ADBE/2012,,True,False,DIRECTION_PENDING,False,KNOWN,REQUIRES_HUMAN_REDERIVATION,PARSED,PARSED,PARSED,86501fe43726289a41e7ea57dc48e92cb7c0e7c39663fa259753144b59050ae0,23a73001dbf1ee4c463526277d7ef67ba7344d0b323fb6f30ec7996b9963a4c0,34d86f52d7b3aaf933b97a615972547519ae01b43b9f708119fe6de539f5df73,299ee902bdcf0115c3749c2ae07e1fe2d303d9e76af8b10c3e574d107f4e3510,dbdb44591ece47a990b1c0063fabcce8bad90239834efcb2b55a28bcb7a186ef,08948a72720e034d2696c170618f52aa22950b0c1442e002325885297cf4b5df
ADBE/2018/page_71.pdf-3,ADBE/2018,1,True,True,PRIMARY_ELIGIBLE,True,KNOWN,INHERITED_FROZEN,PARSED,PARSED,PARSED,61953ca9702e7b9bfb982efc4d8c15f486364dc226ce6622c37ed73bad3cbd7f,58f83a233ada784acb378f25cef7a9e3c6d0ebd66281482e97092536d872692f,6d7a71b7d044ac6a299f2ea187791b52b778954488c9d2fac5fbc365fa9c2f9b,78ecb2a7ee9d9fbb7234c2ee960a4b1de5bee3c82bb94d85d01d0dbaa17736e7,5c6e690fa5421c47da6415824d390839437219e5602f7eb5c259aa996f564946,7cd3b108762118b0991b9781e4cc9fa95dee5e137b8d8a8afca28bd84a0cbb2c
C/2009/page_194.pdf-1,C/2009,2,True,True,PRIMARY_ELIGIBLE,True,KNOWN,INHERITED_FROZEN,PARSED,PARSED,PARSED,d6d052e4508d21f732046e96299553751826606d448c3c17b9a29925d436c1ed,b121d233a9d049c240eedb4266ba8596ed4a1e58b25fab9845ecb22cd3d53ee1,c215c7a7cf64a6f7475cc7efd3ff44f991c329f654da750ca37f7c630c811b12,155fa342ba34e4790b21cb4a8c79c4583cebd511ef900304b53284fdd1055594,0a95f612c67e72be8715d696412caf2baae1909a569742d8693bdc7b83f7b762,3e88687ed1292eaffb9addc15b44d4edda7902a4d3e75c265e98e721813d95ae
ETFC/2007/page_116.pdf-1,ETFC/2007,0,True,True,PRIMARY_ELIGIBLE,True,KNOWN,INHERITED_FROZEN,PARSED,PARSED,PARSED,83c8be52baa41d6f9943740b2ebd98bd0706a25fd725f16febbdacd8c99c29e7,d87274e4b4087905c71358857a87759e98ba1fe11f91bfd187794481f0e79d17,327354839c30e6c88e772ea3f4b37a703e18d90c735e6f00c454933ce2feae18,f2def75f11a7fc4170f94b2d23845bf9b57e09ba58fa3821f06f51f5ffcc6d67,d0bf6b74040b66553527ca264f2a4ce16107257ac9c5ddabf8c6290397477f7e,df247e70bb37b7f7d3ee4ad6bcac8d5dea92fcd40bda1fe3ebf0c90caa40dbec
AMT/2015/page_58.pdf-3,AMT/2015,3,True,True,PRIMARY_ELIGIBLE,True,KNOWN,INHERITED_FROZEN,PARSED,PARSED,PARSED,0ef7ba2d473d74db54eb3a8d06dd61b29d72349c3fdeb6dd7ad6c5acbe65e2fd,97d05decdc66fd6492d7bcdf981db0ab1bf506a64781a59670abcbe7f663b6ae,e9435a15a90a11eeea8ef7be220a2e998b48f34ce8922a3fa4d7cd539ca666aa,b49cdca8da8ba15432806f3d5b3fae9f91383108e4e6243bb6d9bd164d16ce84,d527a7c63448c1405230e10468f99ddf29835feea7dcf83d791621250ec29724,6b226578379b0173c592b3bc8e5e750444f084ccbb1594f8399032463cd27548
ETR/2016/page_375.pdf-2,ETR/2016,1,True,True,PRIMARY_ELIGIBLE,True,KNOWN,INHERITED_FROZEN,PARSED,PARSED,PARSED,c74429eaa34ab889a76ba62e7f8db4de9b9985de4ff86ec2a1a43eb2bb767d08,0a5193f09776c4d685f15f2c378ec98d836fd600f102ebcc1eca36892649290f,5fb87971e7c9760aa8c79208de3d4b76e5fd58804294a0126e801c7c5286b290,4c7a6ec7216dd6581ce49e1690d6bc753d7dfbbad4edb105c6b1e0af786c255c,8a778a4c728e686a66123b79bb1e654944476ba76746c376d09a46589a6b97fe,077d66c3695fa1fdf73a1c0ffe0d7adbcfff9073702e4db05ef76f1a09345c91
GS/2013/page_195.pdf-3,GS/2013,3,True,True,PRIMARY_ELIGIBLE,True,KNOWN,INHERITED_FROZEN,PARSED,PARSED,PARSED,4b039660c0efa349703aae5c167cb7aa0ef2c4eaebe1c5b5e945ba3120f2318a,6dedc793d99bcae46090bac40e2e1189dec8544a2aca5b09a32b5ecc41fda4b4,e387d80b8ce4ce548c5efa68325c272a45d4db2669a5ff20b20179429fed5307,5e26dc535c0d6abd3830cbf7f62338525327507dbe60834ac7215ba374d3fa90,9cd0b1388ab134a4f3e75242760d00a660be8c368c1bbc45889b35efe40d11be,9c428b1e69287d7b93488a5d46a58d65a8d4a04de2b812bd96767d8dae9134f0
IP/2005/page_32.pdf-2,IP/2005,2,True,True,PRIMARY_ELIGIBLE,True,KNOWN,INHERITED_FROZEN,PARSED,PARSED,PARSED,47c74d9f97a91bf4ed99eaa32128d237c9f2a50e029da130ea33900b2af3f661,2f2ae68fe4c0dca91eccf39dc23846e9632f6495e2c24a23d8a09dc76da12bf8,a3435efecb3720eacdeebce2455e4decc1462ab2eee070257938469918ef3f09,e447ef76987c496136e70dfd9c43f0c6cdd207d9a22086c533f9294d26d28a6e,1f69aed4f6026f2565df0d7b04c5167e01d30cbf2c0a1e9c356ca8790e4c22f8,d1b77c5933160e6b3e6bda30c4c88693399290fc9331d73d51cd271981f8a585
PKG/2009/page_63.pdf-1,PKG/2009,3,True,True,PRIMARY_ELIGIBLE,True,KNOWN,INHERITED_FROZEN,PARSED,PARSED,PARSED,f5e01e3f8e04c6c3cafac2105c5ec46ddbafc1cb36caaa5d43eadd3f1df036ce,22ea07b6100d4aa46e7e188bffddf277700cf3f88af0892f251885a862ad7bde,426979b91f43686cf577d1bae70be5636de235dda521189040978dfb8edc109c,ea80f9cb9f1c123ff29840dbbaeb90650f69b0a29f724d310aea5e71d569885e,c3e81ba1d450219c9548dbb2966a564abe60db06d13d0f630b7b025fa1f3e552,d312e378d17c70668b8c6f8ce35388b692d51845420e6a1d29e5ff3bbbbb2f88
CE/2010/page_134.pdf-3,CE/2010,3,True,True,PRIMARY_ELIGIBLE,True,KNOWN,INHERITED_FROZEN,PARSED,PARSED,PARSED,df004da8bcb3e20c6797c12bfc14bb02340c8c8486737c356749bc9aadaa100f,d6b6a498a0d1d2b673a185d51ef09dfd2b3a5a09301a64e9ddc48cd7295d0c2e,3a1baa2388efe1a665a2c9e55c7787e99d2ca5ae377494b8c4c2ed77713065ff,f236ad0ca861c7d4219a70ca238c6ef4af1d1c0f5c3e9564a9734f873e43cb12,86e87b6ed6ba9a678fd9623d3c2f7cfda9997c99a8bb033093ba6dc9f452b958,46dbe9bb539e5b3c70fd959bd34a8c90985bb6063d2ad09dafacb6b7227f96fd
PKG/2006/page_68.pdf-3,PKG/2006,4,True,True,PRIMARY_ELIGIBLE,True,KNOWN,INHERITED_FROZEN,PARSED,PARSED,PARSED,9fd77f9af3feee3baddb939aabbf94767e1b451880e2715fb62864878abb2d4f,8e58831d17ccd170b3c1a8aeb917ea20579e73145298aa82a758d9b026af0ac3,9bc1aecf342b23eb0b6298a79f0313dacc4d81483d109506a24758538a0784b7,661e2d2b9814d4086da818212ae90ed9b3a2110ead4a73128c848b34b7cdcad9,2d5760824b251760019b18ce1ed176df8a34115ea301faac230daf6888316b64,072c4ce00dc1d0b8092a46cb45037384b6a30185098595556e61a5a77be92db8
DVN/2011/page_84.pdf-2,DVN/2011,2,True,True,PRIMARY_ELIGIBLE,True,KNOWN,INHERITED_FROZEN,PARSED,PARSED,PARSED,817865bdfec9b7a5a28a3cca52ed006a3635a41d57b9e80a18f89bc4e9a065c3,9040f0a4af9043e20265f26ed24e3fec6193d95ca2e70b185d28163923903ae5,17ad7d97fd921af56357a2f5d93bf5230d04a2992181d026f75672021d7af123,e006e129f0a48fd3134d28d628a134987eef242b47ae616f255da658dd0acfd3,454993334628633c8de0255123bc27a1ed2459551f4235148935d2c7d6f1a671,4fc80cf5800fe7a6cf45a7fe0a6c559ee015782e40b400cb9982e06b0bf183b2
MRO/2009/page_36.pdf-4,MRO/2009,4,True,True,PRIMARY_ELIGIBLE,True,KNOWN,INHERITED_FROZEN,PARSED,PARSED,PARSED,0e48e09ef2faba26829f24fc57226b4f70af635b73b6e550fcb55fa172feced1,54ee15e9a84ad9d9e522778f2198d9cece70ec8ed3c6830724e5ed5fd1a746ed,1cddad24fd962bea98f20442506eaace942a1d8efd71b5d89dc3fc49fd35dda4,078583b137b13e957af314e05e1fe25426f129de0ba012028b5e9eb817b2eff1,e6c1ac29fb26622cfd3858af887fe00be43c4ed851dd5f0a14591cb5b40f4b59,70fdd89acf0e220327c357d285e5e54cac3e2f4fc0aa11346bd2cfa8d752715f
V/2012/page_28.pdf-2,V/2012,0,True,True,PRIMARY_ELIGIBLE,True,KNOWN,INHERITED_FROZEN,PARSED,PARSED,PARSED,58d0fbdea9d4a986eca24beb536a4c45e8887f49bc5b010ef05ec93cc1246dbc,ceb0ce5189e5906c5f81fbbe7dc216f28e1b516298e69c17496015f7ff31ef2e,7b940631816815cda4c1162e865c841cebeb94834ce364f7dc56f6a55ad3b939,e2787d8cd08e4e2e23c49331f29cb489e13c3f78a6ed6faf84203dd7a252be7c,81e0745908b2be13c83bee8f82d0cf714dcafbbf88bb64cdb739111db720819b,01e36ca58c37ed9f9546a3b1e1e1689c334f0c29ecbb1fc468cbaee8fab7d095
AWK/2018/page_162.pdf-1,AWK/2018,1,True,True,PRIMARY_ELIGIBLE,True,KNOWN,INHERITED_FROZEN,PARSED,PARSED,PARSED,84df0c8fd6146aa09cddc6b7d6df13fb57f0896dcce2eb2af5ce1eb530bdf9a5,01144b5a253f3397496de29af28d455155ea13eb5051e5e439641691ce559efe,8980660309b632c0becbf4466d4c850d24c0975c3f55e5f0dab80eaf78b2fc47,98ec0591b51fec861739963d6bcee913d3ab593873315719361d2dd9c9a8fd32,f50f2b4f07183e50913ab252208e3ba7f9a488e40c98f60d43295d4b35aaff0e,ab9d7781e4537ed5fbf40cfd5d74821b9e80ff2297ff77d9b9da071f7b196389
BKNG/2015/page_38.pdf-1,BKNG/2015,3,True,True,PRIMARY_ELIGIBLE,True,KNOWN,INHERITED_FROZEN,PARSED,PARSED,PARSED,7292ab3c3788a51799e6c8cc0cb77e7084970b256d0c3dc398ef034fe4ac79ae,86a3a00288c4ed1ba5d3b4add16da3bf5190fdb5186c7e8eb13867eef0a5b746,bb3f4d8a3f319a86f17bd96043d471b06446f8a83ab347d24e537e331b36caf7,f1e0616bdb9cbef8a099dbdaf43848a893e06f399c1d2c75edb096d84f069bf8,4b1324ab2b9a320c5d433cbed5e57837bde3f0dc17f6a1d0fcd17026e30fe48a,edfde1507d1f4e0482b688e3db6745cbf0121ddd058ad5a9d00f835ea81f9746
RCL/2014/page_80.pdf-2,RCL/2014,2,True,True,PRIMARY_ELIGIBLE,True,KNOWN,INHERITED_FROZEN,PARSED,PARSED,PARSED,5ed140f1733cfb096cdac307872c1420649d2a87b57802dc8493c3a1c0d76749,c30ad8169c594fb351c90d9aa21d09028f74480f99c9aa2fca767c20d4425f07,d234c97d434c9ac3583f0fb661abf100b339661f30b546fe89e6ee4700f2412b,7173a6400db66050acf50f8d41e52c129f0928dc0459c4ea9369196d2544fab6,0dc57622adca68cfa7753de4284100a9b2eefc3db885f448d8144b27c16e1096,3063bcf0b9af18a040e30df37414065b1624239f113cb4b57a1bc043a65fd2cb
LLY/2008/page_43.pdf-1,LLY/2008,1,True,True,PRIMARY_ELIGIBLE,True,KNOWN,INHERITED_FROZEN,PARSED,PARSED,PARSED,169700a1b9df4a6944dd07bcf7fe6f2f91515260631006b0ca25bd8cb5e0ea17,a755396b8d8f4d51e8bea7ed825c1c2e832de3b7aa11d9dfcc13c0ff50317af6,7bd956eb5aa61e42f1fba84b907f7e9574f41ffdaa5b456888fbd3cedb154a8f,9d4a0e195933ba38792cfefb87fab908438f0517e6e6d75c473b32c939750de6,beee6d82c1cbbcd34b300cd3ec3d5b13f14743a426a935b9c6f455fb2e099827,61b4af05c823965a2332af57cc80386d4546f485f193745f7cd6474295fc2e75
LMT/2013/page_87.pdf-2,LMT/2013,2,True,True,PRIMARY_ELIGIBLE,True,KNOWN,INHERITED_FROZEN,PARSED,PARSED,PARSED,2e9f182978c6a7e1d91211cee75263cd5f5173b81374afb1fd45503f1fe2119b,fdef09ca517179d898e4dea776b6b2e51b1a407635a0e1c49714887d8bc5aac8,9608136b1123f50b481212b8dc0614a1b68469eec396736e845066486be76958,877983a9b65a5f94d0220b5f266f149c8780df787d0e8c496944b0706f6e787a,2c68b26e252e974e61b77a2da8ed59ede9bd813ff668f56c536729d090a682e2,c01afb1166a2906765de4f36474504157d4aee37a17f269f11b5c03c46a3ab00
C/2008/page_189.pdf-3,C/2008,3,True,True,PRIMARY_ELIGIBLE,True,KNOWN,INHERITED_FROZEN,PARSED,PARSED,PARSED,b9d0fe3ab60b6a684e35de51eda7c2fea1b28c5398af69ad72f158df103148cf,945364674a446eaef816468ca046c159accbedb2d763bbcad61a0b24d9a2d7c7,3443b9f34b67b794a6ef32107fe99f4ef247df464b23208e8f905bd7301d5525,4d04a79b51d3e378620439a969abe102e9537ab5b18306eda562fc41d41a7957,79227153c98d47d016a753975eafe48d1547c44d369ef7698f058f51fcea4408,e18cc7aa04523d4aa0f646998b3588d5dd3da89e8002b33d8c185f56f1f1141c
MA/2009/page_112.pdf-1,MA/2009,4,True,True,PRIMARY_ELIGIBLE,True,KNOWN,INHERITED_FROZEN,PARSED,PARSED,PARSED,30add920e76a292ffc1229a5ce8a131bdcf80e83acaeb83e95b76b8d39a82483,ebe0e7e0e0f08a005d19ddf2a4618524884f25acad951c8d422a5ceff327b0e5,9f4af989c69cce67ea4ae43e9df2fac4c6052bf7bc7310ec7827a6a6dc0bf25f,80294cdce7b80bc4ef24090e408098c52cff629372db49b37b73bcf26451a918,0a74a9b35128ffcc962f98bbedd28cca1757c5631c97894e0930a77ff5e9d864,810a7ba6ced8acd02a6d1cca74a742b9f33dd4546d724c2633e2e0972b927184
JPM/2014/page_127.pdf-4,JPM/2014,2,True,True,PRIMARY_ELIGIBLE,True,KNOWN,INHERITED_FROZEN,PARSED,PARSED,PARSED,1eb612e806f8f800b9f83e4f44bd091f07aba165b105d87df50cffcab153cf36,39cd3fe128dd571cb1786647f655e9e81521c391a9146d141ebc60138088caaa,69f265f68e49f8782337167ac106915c36c7d7e463864e72d7de275eec85e300,e5d254332b497a4735f648b3934acfc6b372c9b708be808d5a2e2fe8edc6e1d6,2ec0e1c718fa7ba1a6583810076cfec742f2679ee112239d87340c7d71279481,161f480a4fd9ffd5e3c8b9aa22c75c9cbe682b699d4df9ab90669d9f9af264cc
RSG/2009/page_78.pdf-1,RSG/2009,4,True,True,PRIMARY_ELIGIBLE,True,KNOWN,INHERITED_FROZEN,PARSED,PARSED,PARSED,aef0c7c002f3ef4e2830169482b1cfb6ded6c19ee848cfbe12b793828a940c7e,aab740757793b3ed8b73d988376fc163ab5df269cbcd8a20f69afc3138e389bc,5ada44a22dd7ae6d79bc9d19ffd5b31d45942fe76b3d893e8bd82cf01383fc08,d5b97af2461869234ec75b5d7458e1cf3cf596c68d6985d08c60cc5fc16a7699,0562ee53d4ad202f3e9c84272f91576c99a2670688c76e6660175f715edc25a5,3e72b73a56083622a5541da9c53674c8b699aaf00dbf24f936b45e2f9375d98e
IP/2014/page_65.pdf-2,IP/2014,4,True,True,PRIMARY_ELIGIBLE,True,KNOWN,INHERITED_FROZEN,PARSED,PARSED,PARSED,f5cb7cdf22f27e4d4ad1ae002c5d29e0a573f8d4f495b85ef4780eebfe471c17,636774b3af6e89c681b0b713e74cb8a5b68de8caa780beb3154b22426e276c71,a94df183729d73f5823da200ba6647df3e1969db268ab4dd1b681625ff8412ac,647fe9c38dae7cb7fea748b9fe220135237316df262bb09ce1b9fbc2ec016d99,d9a7f385d23ffce4c239e88ee0305a782b4ba959a1b3e7c60a35d3fa56d9b93d,e9a715a03a021d28d82708773253ab3d5c9b4dd4ddb61020df8c8bdf2da38a69
AWK/2014/page_7.pdf-2,AWK/2014,4,True,False,FEATURE_OR_PARSE_INELIGIBLE,False,UNKNOWN,INHERITED_FROZEN,NON_NUMERIC_ANSWER_HASHED,PARSED,PARSED,8f8e529da1e7d87f9aa2e30ee04abd362367b46be93a9b91c138582fc4f35ce6,00c5ba5c4bf5e6f32bea2645ca8ab6ad359bd2ba70cedca244b8c6faf91cd74b,2f653bca748792d25f25ba0c38dd80c06f3c11a0d69b3d8c27db565aa3eeddd1,0cfa5e18b37a625d31ec606a99109a7643d6ee6fa15221be6c39e345aa57c085,41d6bcf7c3decea21ac3502aadc89286fede2f54d9de8e065f2b46a363eafe3b,3be314a8e6c2d48417c66d830387ec357880298982f4b8f424d0416e46cd865f
IP/2012/page_57.pdf-1,IP/2012,3,True,True,PRIMARY_ELIGIBLE,True,KNOWN,INHERITED_FROZEN,PARSED,PARSED,PARSED,2984d68d516fb863233e58944c942f455a41aaef06bd45d214d87c45a9a8ec5c,1912e61a1b055c8dcc413e2a245db6f33511c88b9e7c8ca197b83860bf2d3a51,99e20127c13736af8ea7f69dd2e7fd26a7e1c0f7e39e7ea194c2392c5dbda094,7a227a98e409e44c5fd3e5e18ec25dba1950d80fd425f3117d3232667d8e41c1,cae7e9842f079c1adae00e6621341c5266ea36cda988f773c6735576106296e3,7d055ecf7f48d5a4a4d6faae941c6d07b21f36ff291ffded67ef68870f42c8da
AMT/2006/page_107.pdf-1,AMT/2006,0,True,True,PRIMARY_ELIGIBLE,True,KNOWN,INHERITED_FROZEN,PARSED,PARSED,PARSED,898a317b08b1e27b36ddb1d4f5428d55bf52d145d34373719c27fcf2569c393d,d64748adfbeb0223dc8714ef107cf0c95075e12b1fec50323b681e2c0e996873,118e5155c0916cf55e1eb5eecd53a732ad8c9af51f55fc708f3ef2807f89d62d,2eedeaeb26bdfacbc9ffbcc5ae2fee65e0b62ab5a71f48990a5187934ee763ec,934f45ccc01d7868cf0534cd28a84846b7eb393f9cda9ea225f6064d6304e9e8,35c98f4bd7d3f49c5e84b150288494baf9b9594d61e7cd5c98e4de7760966bde
ETR/2016/page_343.pdf-2,ETR/2016,1,True,True,PRIMARY_ELIGIBLE,True,KNOWN,INHERITED_FROZEN,PARSED,PARSED,PARSED,20323d57910d86ad541bc19eaaec46bc072830dc59e3715f093a08e289b187ad,68bcdd3811faba18138d5fafd4f6f46346317967a458af1d4cae5be47fe657d6,73e9f408a6c7d228e299cb679cffd3f0e8bba5d1248f02637ab8b322547330c7,0c5b7e7e6711ebd3dbd6d5526ce5368d5cd4a8d24632ae4d1dfc2fdcad874a1e,8b4898c211c31150a177431ce62eff414585cf2a58cb77183604bcc789ac06f4,d9b4c81348c1954c3dd6f2d4bec95bd0d203a77cd030938d15f0f1cd437d87da
ADBE/2009/page_98.pdf-2,ADBE/2009,0,True,True,PRIMARY_ELIGIBLE,True,KNOWN,INHERITED_FROZEN,PARSED,PARSED,PARSED,f4deebb71c4aa11a6d9a9f2275e943e15182b12d43d7c27a25ac0cb4ab1804b9,cdd15a7a028636f99a035913aea4e3bcdeae397968feb9dd3f127d104f511b8e,f478fe618d2d9847da5633c956ede474c049acb69da6393ebdefd5b0212b1541,87a59c723546e571fd91cc9e4aec8e162ef10657540316f9664e84faa1ff4741,33e2966d0d34abbe2b6d5931a333de0caf93dc9e0c8357deff2e3828c7627517,5fe7f295b8e7ee095861d0760ddf2271dee3bff2a2ecc1b397b297e32aaebb6f
PNC/2016/page_73.pdf-1,PNC/2016,4,True,True,PRIMARY_ELIGIBLE,True,KNOWN,INHERITED_FROZEN,PARSED,PARSED,PARSED,3d2c0b300156da27154e12ea232473d9e814aa035d5b68eede4b0d62b627c7a4,56c3054d643b3e8eef64ae9dc65983e2a035eac2f7b6dd48f76899b9972197f3,49e1fe6374639b95c722ac207729354b24965c8d4f7adeb9111db2c2d064bcec,900ff7b16871ac8d69fcac51b30441f41e9b06d13089a8afec8555fc0405b2a0,80259204a6cdd636b6721b4b91f4ec9090402d111d20e35567b0fe2c5d2d7573,c0a1d18b5143c59a9e8fc9fa308cbc59be6a989d727c8071a15ef415246cbc8a
AOS/2016/page_19.pdf-1,AOS/2016,0,True,True,PRIMARY_ELIGIBLE,True,KNOWN,INHERITED_FROZEN,PARSED,PARSED,PARSED,b95e9bf8070a75666abe79033ff9e83a732bfb6f7237b21a03cc4ca738cf2ccd,8bbebf9e05d10f68c9637d8ac1351cf28477ef1681fa99aafc8bcf1981423b5a,4cbb0885e14e6e52a40f1429a11b193abcd0ee96b93afb72d504b9994c0c8b61,9e7e6976a79505931aa6fa6ec4aff20f79f771e51ab527456d4bed69cf51153d,a4bc31dc7e8fda6ccc831caa44039a4f4befb8757dd7dda76351f654bb5645a3,4a3773a8ec5ea84bdb90e948b79a2e21b4574f824d1dc8924bf3efff88d6669e
AMT/2015/page_58.pdf-2,AMT/2015,3,True,True,PRIMARY_ELIGIBLE,True,KNOWN,INHERITED_FROZEN,PARSED,PARSED,PARSED,f89dc6f3369351f8902490120b4323260d57f901dddc42c56137895d8819ea12,a3a715071a5b0c2f64fab3afaa7cdc28e7e1774ca29bf5bacc6549231247740b,37e2ae5ea624e75748d2882013b3faf13b062ff7c9743c62a63605ddef8d3da0,7adf9b94eafa0e74729f765cd7cdbe110a85bd3b4fee41c2f92df2e3850a636a,0d4a58e0993e80491fa38d21a6e4bee81877f1aacc30a9f4905acbb4bc82b0a6,4b3db2cb0bc2a5ef329603c4bccfb5ad0033ecd7c4220ec707caa1f3e2361411
LMT/2016/page_83.pdf-3,LMT/2016,1,True,True,PRIMARY_ELIGIBLE,True,KNOWN,INHERITED_FROZEN,PARSED,PARSED,PARSED,d0eaaad0ccd560100b2188d2faf4e6bccbc3464aec3425b8b802ed7bab90b817,15182d41835f5903f1081ab7984d9e47d74a2e4b93ff2c7da84acb96ab635450,d1d893a89b8f20e6991c33ae0c54707d2f001315b027623c6f236427636215a8,b17ac44d84d29ade1f84b48f541c6b2392f13cffce5ea1049c59d763769e3267,04bb03155e1d04bc8e068ce2956692a3d5e8b549593e762043e123a508818d9d,85ad47aa83d39d42316c758b2e234b972be9d9e91acf794161d213659b96b0a8
AWK/2014/page_45.pdf-4,AWK/2014,4,True,True,PRIMARY_ELIGIBLE,True,KNOWN,INHERITED_FROZEN,PARSED,PARSED,PARSED,53a8405539d8bbe42eabf8744ff466f6af86b3f70e225b1333f1e455f244511e,e402505a1a4e16e329f2ff42a43bc4df9ad026626233634f069fe627d5989eb2,65e96706a054442761579612701069d1eecd3f677f48882c6c89c6eafb7d41a4,dee5f1056f39ce2fe1684febbd22f9256526a47acddb7ba3ba2d16ff6ac53271,31061d4dac57de25e1fab8d58591bae24e735a3bf578843974e6889302f43f93,6243e9473a74102aa19b1fd61ff258e187a8bd513ccf634dd8ecd39519db6dcb
CE/2005/page_167.pdf-1,CE/2005,0,True,True,PRIMARY_ELIGIBLE,True,KNOWN,INHERITED_FROZEN,PARSED,PARSED,PARSED,a5d3f4c383e0762e78e224adf6e54038287343ae5eb1b2137eb96718ff8fcba3,68e405560893882b45edfef84d8f96ddb3c781a6648941072b705a6592c67ce0,a2a9c23599813bada6be01c0af3ec21b18d45060d7e7e511429bb3f9367161f3,3d91635450e665b40a0d03d8675227b2b74085ce0dbbfc25859ccdc2bf50c0ac,9c0ff2ceda1645098682cd90fc6662b0df8647e3fa661846e92d8cec0faaf8af,435a3e7d7ef295e3681e5dca5d29ff112540bc58eb8a81ef8d9e3cc0391927bf
ALLE/2015/page_81.pdf-1,ALLE/2015,3,True,True,PRIMARY_ELIGIBLE,True,KNOWN,INHERITED_FROZEN,PARSED,PARSED,PARSED,d64b71d440efc5aee35656eec8c9530c7495863ca967863b511aea0d6ea66c39,f9ae011ee7b7788ad8aa8fe8660ca0dfd124982d4576dcf367cb70323f5a854d,e5675e3d96af1ba27f34f41317d77c15a57b01c2c93fbc8d40cdbe54db78dd5c,0e28c7c46169b9d7679e5df39849750472e6b700ab691b398382aa316434b4db,ab448d50558b591f5df4ccad87b5ed9edf194e233a960cabc12b54c9ccd97e2f,f29f53f3d17f675e21486141caaa65282e43d31a1550d258347777ba66a1b803
ORLY/2018/page_30.pdf-3,ORLY/2018,0,True,True,PRIMARY_ELIGIBLE,True,KNOWN,INHERITED_FROZEN,PARSED,PARSED,PARSED,4f6d2a54159bafd2ab2a35299a048dd02311ab081845325f450ab7d6aad3f120,108da48dd2c2f26b26d5b73c876b339f5c20ea0a758faadff694abc4efeec694,fe56e37db0083cad8512ccf7b6fd1b597aadd72d344d7266159e7e64d449a4f4,354cc370beddeed3e1ea39d7e094c7d1a937d8fdb20ebbd4cdc035c30d716bf7,e6150bc47e0dc67bcf13a4a854dbed197e69ef325957818accfcfba3313bb058,04c7bc8fda0384ba3ccbc291976f05cb06cb9d2a50b78c81388c81112a50c31a
REGN/2010/page_64.pdf-1,REGN/2010,1,True,True,PRIMARY_ELIGIBLE,True,KNOWN,INHERITED_FROZEN,PARSED,PARSED,PARSED,1adb64a9bb569ee98b41d7e78aa3b6ac15cb0ddb7d98ce300182ee0e2e3d7085,39681ebdbf8aa0ebc4bed161b24400a92b987d9da61e9ca5a940589f8971439c,291964532df845e51b09f17686ebb23c4f97b0ae872e0731cb9bde6f3a92b867,da03a414aa0ffade286d6295f14bafc57aadae35188c8c9b04c05c1f388a3961,be764619de81a32437218e4fd9c2297eef28434813095b5e48e4e3e1c42ddc80,7fb7215eb03f5add886944c41af30e70dcfe384b2a882c03dfcdf7acde12fbd5
ETFC/2015/page_27.pdf-3,ETFC/2015,3,True,True,PRIMARY_ELIGIBLE,True,KNOWN,INHERITED_FROZEN,PARSED,PARSED,PARSED,add5ab3e6fcf6b9ec9cdc73552d516d885df6cffb92349f0a72b569bb3d978a6,a306f67b670ca4892252803a04e02cfa22ff28b049942a7ee9e4e132cd606b5c,200a47f0a82d04f641de4d3ea57dc51f34fcade11509af1d99ec8b06e7d4fb69,2cc5679885c33b943b9504019bdf65072a86f269fc1c50d600ce196f955d8ecb,e501f1a4fb133015b17d89caa1fef07dc1602856757fa7bb116b2b979b115607,c03e17ebed3af0f08d6f8e0985d52330ca79ca33f46da8810e8e0d780bdd7272
V/2008/page_130.pdf-2,V/2008,0,True,True,PRIMARY_ELIGIBLE,True,KNOWN,INHERITED_FROZEN,PARSED,PARSED,PARSED,0612af632c7d2118bdf78938297499a8e7982839780744c7e381acc1df3acd28,5dbe26d7c9ad89699af9ebbe8bd611591d0d55e1e5bea04d1e0d8fd7f3054a75,5f25d2f7cd2f018688e2dfe904443d95ef9fd481cf3ebb8a96652e819144a1ae,1c93bb700026e4763a581f4a56b55d1830fbe10a625df8ccbca17ad877bae9c3,a46371ddd09a46841ae99c9d53480b1f866de37592d4f950ebecea7095308983,024f724d01748e37647b8eef1a1ca0099f93bfec7a503e56f8c61d8cdba40e56
ETR/2016/page_444.pdf-1,ETR/2016,1,True,True,PRIMARY_ELIGIBLE,True,KNOWN,INHERITED_FROZEN,PARSED,PARSED,PARSED,b8de288569f8dcd5a6adb39edc122ad1917983e0a37af03b1184f2148f0a88f5,49d2a8423262a5504f5b80937d391d701d3ae206fc879a30a7254e01eb3b4203,4cd5eb20a5cc15b82fa1b376c2d6d45af68b501982a25421c0224f520c1330fc,2d13f70246590edb83fab61f46cf2d7fc8808d0bc74ab7c7bea2a7ab2aa9f9b7,1388ac5c10cf31045d1ba831b4ece19e0c39fefd170269e23ad29d656eb56284,7fb9f39c2b8eb7e002d2fb0e6411366f2027d8dad6445e3878e3410941eae255
FIS/2012/page_30.pdf-3,FIS/2012,3,True,True,PRIMARY_ELIGIBLE,True,KNOWN,INHERITED_FROZEN,PARSED,PARSED,PARSED,c66fa8df4149f9a1a7c3a3a89ebe9b2965d5834d2b340880c7f1235246d2aeb9,37ff1fe0ee863594d6e20ec55653b03859fd865ed34a9371149166d00b1fb1ea,0ecd2a407d024fb841f24a039a3a5388dfba5d64dd55c500716a021338a05d33,2160f3fabe367dba9191b8557b1d294e717983f3be6b84cb80d81fd0706839b4,03c4e204cddb09c11961786ec9246a9b58398e45c5e78f380118fdfe23898b6d,41c3b553c4bab867082fbe1b417af5279315b681c44be720264321ddf29474f5
AAPL/2014/page_26.pdf-1,AAPL/2014,2,True,True,PRIMARY_ELIGIBLE,True,KNOWN,INHERITED_FROZEN,PARSED,PARSED,PARSED,7a879f21e58b60edc2d7b0c2b9f9b00021252f83398f3b606cbb931abdd0167e,d20b2aba7782c31fe8fad48ddf6ac41fe142db2abc8cad1d0319e064f4468f6f,dbc9eae71853383ea28a54e62bd9553c78522a8010cb18383044fc35555fd38e,b9beaca38a2ce7ed7ee7dc171e12f7a9f0d86ec77730b2b9b3dd15fbfb87d4e4,67070991ff651e340588bf309a4326f5dc4064b4f4ffc2a5d219a53f342631fb,26442f62a1cced7e0c71fe83fd4603d0eadd2aadd4fcdf5c2379d00c1e17087b
IP/2013/page_64.pdf-1,IP/2013,3,True,True,PRIMARY_ELIGIBLE,True,KNOWN,INHERITED_FROZEN,PARSED,PARSED,PARSED,87b67fae9895d7b02662c82bf1e674e159d7fac0fb7491561953261e84004a57,0d8dc55874302b829ad068a1461055fdb3e1e5b4506548f998cab37f54e5cf3e,b699732ed7f836b213b7ab7bfdc360d37a3b754418fccf67968e591bfbfe7168,77c53cf75db89d6ea1ada87f89e27a37ad35b041a61c40151b6d2945ea411d40,a8edf88fd55f433db67884a1c8218a1080867a755f80cb257190e2d4a5423f3a,a9a6793152299491111a85db5c4b9a4e3bdb66bdba4337a6701f29e7a8017df4
TMUS/2016/page_32.pdf-2,TMUS/2016,2,True,False,LABEL_UNKNOWN,True,UNKNOWN,INHERITED_FROZEN,PARSED,PARSED,PARSED,bf336a60d5bea23296277748334f8265fac8877c8952c424204db5a6bd6d8056,7a7ad3ceaf622a1b660d95644e90520d7d82ed6e05c1d4f9b20bce77bde36f99,a4378b4e0e6a4cdf1f1c000427630782f7c893f838ce8af2091b8a7f5e1c317b,c9a834b412110878c7b75a6df7744dece7392992bad5bd76ad6f75916909d292,2afcf0cb440d09e586d48f9e87b4dde2a48e478e29b441d9ae16c5022763b031,e2b44723954166e6955a77d2cb8e8c7e752bd561503df15b4cc1be91c2e1a725
CDNS/2007/page_30.pdf-1,CDNS/2007,2,True,True,PRIMARY_ELIGIBLE,True,KNOWN,INHERITED_FROZEN,PARSED,PARSED,PARSED,444ffe51923a40c34496421ac3ab60602e029f75a4a6cb5d9be2ed6017ee6e22,fa1fdecddb3aaf65989624d9b77a8c58d101f8ea2c53463ff2330269565513c5,34c0da8444301caa605a866f45dfd2fcbcbec48e50eebcae38298cf3b8ea9522,3f73bb0c0d5e696e01ab53f3bb54ecdfbc24e8a7a3070e057c4c694ac3451462,91916e5fcb3ab37107e9a206c76184ef4978a7b9e1139e0bb4d00c4bedd675fa,a205ecb87def9ad0b177fbdfd91478aa4b953f93626a3dcb829f35f9f018e5e1
GPN/2014/page_71.pdf-3,GPN/2014,1,True,True,PRIMARY_ELIGIBLE,True,KNOWN,INHERITED_FROZEN,PARSED,PARSED,PARSED,2adb6256b4a6ab771257a3cdb2ee8498fad55713c9facbc211b8e0cf1683cc41,e2b2e202401a8dc534413390eda80783a57f958da6cd4986766a2982fa00a170,94deeba10842261a43564a8d65eae3e3f4fe4acba75e609fc8abd52944c358fd,024e8818b9d3a329346a684410982845797ddcf01b12f22647ada36b6d8f4e9f,6edebe1c82bd79121796f2b9d22567b3c9d2b32647375dc8148adb4749ed33c4,bc6fa926dc5a12b2f0c08029f824b80ae933b8c99c578bf9c6b5036d64cfca68
MAS/2013/page_27.pdf-3,MAS/2013,0,True,True,PRIMARY_ELIGIBLE,True,KNOWN,INHERITED_FROZEN,PARSED,PARSED,PARSED,8ec57b55c1c23d35c430d2e8fa6167bd407232354b110ac6841f69fa0cc68ddd,2e5e3825275c6cb8bc85fe80eb0c82b51f31913cb34f1ff8803f8472e5c5c8b9,465e9a3bd88109e0226b8d96d4be60a066c318abb2679914817ea9f52dbfa0f5,2f0e376c6a25106d18ccbe3345581d458751f0c46634cd983d538385dbf64933,d7f787056598ea540f30bcbfb7d83d66c22e8ae1827813a413a84daa45942146,09058a51fae08d4f0372656e8feeb0d5a505449d94d3e216e48b3952603f7057
IPG/2017/page_49.pdf-3,IPG/2017,1,True,False,FEATURE_OR_PARSE_INELIGIBLE,False,UNKNOWN,INHERITED_FROZEN,NON_NUMERIC_ANSWER_HASHED,NON_NUMERIC_ANSWER_HASHED,NON_NUMERIC_ANSWER_HASHED,fb40ea76f4ceb2c2d2ac76da6c9ff4005fe9fe59684c5c361b9bbb801fdb67e1,95bac1938439d1eb750dcad3b6cdc87c17e863534d742093ea528e6471fa6246,96bb934172f6ef44ca905c2b92c4e711e3959b92a430244fa80bea90c841635b,34f1d0828a3ed91610e7d88c03da8d4c05e41d46d8e1617fe6d43a6d852bef43,d83925093063f7ad7317353dc94a523d3f50329f1a485d547500dc43e15caaf0,f8fcbe44611f6a19de8c78d835f57fd9f90e261f605d31f6eb005d334b47c721
GPN/2015/page_82.pdf-1,GPN/2015,4,True,True,PRIMARY_ELIGIBLE,True,KNOWN,INHERITED_FROZEN,PARSED,PARSED,PARSED,cd0f5d63c5e774f0f1a9ec4377843edf1043ac5887273fb69d65e29eace2ab17,eccc76aec68bada42a1df7ceae2721656f5230311f4cf531a0f5e3a4e6ad4e7d,e1184ca163873bf3516ebd3d96b3715291c81ffb09490108f5dea3615ffdb50d,baf5178f47d79ddb4e29d4643e1626683f287d2b7c50cf8ba6b0d57f0ac530b8,c38d56a96eb879e82a9553dc5ed43e4c01c08d05ec3842abaf77a3677c6c974e,579548a08950dd1d470a75aed9cb5f543c3675dddecbce6115446fa198931c85
AMT/2016/page_57.pdf-3,AMT/2016,0,True,True,PRIMARY_ELIGIBLE,True,KNOWN,INHERITED_FROZEN,PARSED,PARSED,PARSED,fd490e5ce137cfa7611f939f9e202d936c1ba7d8889f489f65d6539c1a22e46a,e2de061bc3a9f5e5afa99a698eef3fb7d0af8357fffe1240de11f9b5f9d57252,1bd6e4127b52356d7cefd9ebf3eb492c814257eb8d5e1243316a1420743fef91,d2f25968c7ac18648b1192199096b36d201564185a989b6caad488084183182a,9181985dcd984989c052dd6132da9c34fa4e362a0cc94a666b10f403815232e4,a4a1099047fcdac89dee0362cff29202a1c4444d6f9cd5dc5f17a9f2517fdc79
MMM/2005/page_72.pdf-1,MMM/2005,4,True,True,PRIMARY_ELIGIBLE,True,KNOWN,INHERITED_FROZEN,PARSED,PARSED,PARSED,ed9450e7ed1604e9feca654f45114fe8192171297a14f8e734f50e19e2f167b9,088a1ac4f59d2a1f3ec4773678aad302bdb2cb693c8adaa99a163b8969d4dc87,074e287ab70d94e1230845cb8f0a38bf54fe4f9ca5857fae81c0d195183132f8,e7ca22a5a8dbd146467011399822dc37553d312930f4e57f7c6aab27c524c45b,f8e0635e77a7ef9d4438124273f27ff1bf2e8f77cf3925259871ffb430acf625,fd1dbf2e22a7c00481efa4f65bd3e11951a8a4c029d9a1797ca8a969076d44a8
ETR/2004/page_261.pdf-3,ETR/2004,1,True,True,PRIMARY_ELIGIBLE,True,KNOWN,INHERITED_FROZEN,PARSED,PARSED,PARSED,ce369865aafe1c1c03c908aaf26b65a02c855831aa21e3f855cc56b23c84808e,2ae518f7ee19e34eecde5977ffea4e986e3588e8fac947dd354a68c2830c37b9,ac8e58e3bc1a0fef336708c81595fda4af9cdb599e87271bdcc3c2f29bb81505,167ae8adde5fa4015846444a82dbd11fa7d1bd7d4dee970f7130aa7397a57499,45288bed4c35a2d2ec536909055037eb2bbabe199f1e9215cd55df7011086cfc,2b6d54fe2487e051ac1fd2ee51e052b43203808657aece07ae1b8b77bfdf5b0b
AWK/2018/page_178.pdf-4,AWK/2018,1,True,True,PRIMARY_ELIGIBLE,True,KNOWN,INHERITED_FROZEN,PARSED,PARSED,PARSED,05c74042f4991672c339ca53f78121fe65ef45704c0f4f6cf3aefd3b92c50f4c,1515a286f57dbb58edfc9896ff06b4a08ebc8e2d9f6a1e630cbf0539ab2bb171,b97fdd6abb282d03639c9dcb4c8f90a4bca5bad416869aadaafb02eb238aa511,0d66a5f9f264045d42077eec92c6218642f2466a5ba840e17c159c569dbb4ffd,e74529f59ae494eb85e7dbcbd4303e76de3683ad9945d724e3cf0d54970a5ff5,19fcade0cae4339b90d7a8ce21ca50bb09d355ff3aa46ff37b8262b349d291e2
ADBE/2011/page_83.pdf-3,ADBE/2011,3,True,True,PRIMARY_ELIGIBLE,True,KNOWN,INHERITED_FROZEN,PARSED,PARSED,PARSED,17ec568381edc7b18078f50ecc1c26431db0287166b035f88d79f7e184228b66,6375c335bfc149ae75484669717463c5563a5af81678b26615e1068b483d22b6,da072df90988781251fa10ebbe2a50703051d465a09df6b1a1d698ef550fd21c,ffcfff06871d606034067da0e8d3ecccabf235571b1d02f4833f555b0d34b218,2f8024df5dc7b2833c341490079539cd6005a787c133c79a9c6183da422f79f7,6440a8efed529f805183995ae42bd35a7281ac177b778e7b90b25ae909e4f800
ETR/2009/page_21.pdf-2,ETR/2009,2,True,True,PRIMARY_ELIGIBLE,True,KNOWN,INHERITED_FROZEN,PARSED,PARSED,PARSED,03f88077354a515fd1a9f9e370953622c6956c50fce004d65838668df518a6dd,ad7048be49425732458ca83289b7e4ebd336de53a57e0306e23932b8d3e5760d,9f11a19cffbd401ece4686816d255c61664d900949f19277f111cffc4543c0ba,8dceee1534afe5db12c7d7b012b8de597fcedec726461a5da7ecb519d06d5a71,5f3734e928b94774f5e405fe418f9d979f89288f807e141e8e536dce5e3e8411,46c4aa299e038143d83d51935132e024d17c14fd352b59aa45ee7a8c3b375df1
APD/2014/page_71.pdf-2,APD/2014,4,True,True,PRIMARY_ELIGIBLE,True,KNOWN,INHERITED_FROZEN,PARSED,PARSED,PARSED,72026a5fd326d8525c50b3f6a2ea2d9065ac107cce7b844e5e2d3d9ec5f49bc6,eb319afc77728069d718cf72332b32b6b931053199ab39f499e475aa8aaf4fa2,64c1aa07703b23ee9539e7482049bcdd7cb4a3b7001db4665f33b9060b9a6a9f,b42b8e331993be36f354146aece370e8a3e6371adea6d5930a849e6ef06ae989,baea9fdb671136a5a10be21d03d78074858c8324f48a9ab4cda672f593cd1812,465649094321247ecd944ab989934a6497c1f67712b84c6a20f798f336579f72
JKHY/2016/page_25.pdf-1,JKHY/2016,0,True,True,PRIMARY_ELIGIBLE,True,KNOWN,INHERITED_FROZEN,PARSED,PARSED,PARSED,f23e48e93240bfd7d2459a009453cc68f0dbb275758faac728599bed594b5509,937f150e34e9212bb2b93cbe1544f55eba3e24b21622f78651bab2a0593f860c,b07df6bad5e2bd95cb3e7aaf8175649ac5f155f36afa82dfede688841081aec4,329c5def276ce5a861868f6fc59582937e4644eddf1d6a22e5e94d63237c4a3e,aaf203a5043d33b64f382a1ee15bb65d6d9e70834ad75292118d12dd393e3891,98e157d94ec0a7047a002139aeeb2c4dd25d1dfa05de5cda5d9e765a35891b33
C/2008/page_207.pdf-1,C/2008,3,True,True,PRIMARY_ELIGIBLE,True,KNOWN,INHERITED_FROZEN,PARSED,PARSED,PARSED,8059301c04a8013cc3078d37a8749ee32de3c29d047bdad6f44ae7cb581e2501,829e79f0e0c7c7461ce37272595b01611e37f9f89326be18eb59fa321c9c0bac,bb5e09ebd57fae15f832f2b4896a5275ec5a9cf2010f6ca2e66772473daefb53,ade358cbd3ba97b2b31a672f6a343cf83e6d9d2bd55945ec5d4ebe82659da49d,d5f190f30ba2c9cca6300704e86a6047e51cbf196bbd18193d01dda4bd0d28ff,df7763f775199fd23b00125089c6bbd360cfbad27450e92744c27bea272b8189
INTC/2013/page_40.pdf-1,INTC/2013,4,True,True,PRIMARY_ELIGIBLE,True,KNOWN,INHERITED_FROZEN,PARSED,PARSED,PARSED,1b83ea5b91654a63a8bad2dfada5b05124865c3c512411a801e70b4326b75cd1,e35260b63891a25c807bf91d8f50e722fcadb4cd7c05c363d1ad1e7e5cd76c24,8f4b1c695647a19a38874ea610c77174449db43d0dbba443f76dbe0fba051e5c,93611b1d10ef954d4eafc7c3ad30bce757607165811d708f8ac8fc062d85b029,ae5729e4f04152e2f225ddaf18fb873c3d87a5fda9665ece679c3d12910b2361,b413747768a18946e1547625e1d254d532f07be08aca07fe2342124293e6ddc4
LLY/2018/page_99.pdf-2,LLY/2018,2,True,False,LABEL_UNKNOWN,True,UNKNOWN,INHERITED_FROZEN,PARSED,PARSED,PARSED,93a6dd3c29919786f48fd11433a3859b459030ae794ca770256480d6e4ef884d,47f0d11e9bd1ac64b6cffc0d9881abdf1ec6499970fa467a15722d1ab38c30ca,c945dee79f37b87308618218704871ec9836d3c88a74c67625f2a6ced57e520e,bc8716dc9be39c92a6ac931439cf9080f073ab9dfa537a3856fc4063c2e29574,4a42e33dd260671990de7ee7197900378fdadaaf55cb7abe8987ffd012df350a,a98bcd500ced726c58964524cd50f6b2f89c420e9d0886e25fceee52912ecb73
AAPL/2011/page_24.pdf-3,AAPL/2011,2,True,True,PRIMARY_ELIGIBLE,True,KNOWN,INHERITED_FROZEN,PARSED,PARSED,PARSED,c1075a685191d6e6a39e325e655df7416a596457dca517fb44073aead67391cc,37d9aaf829f878f6968398a0ced51280872e845f04b0c975158b25299f49c9ed,dd3a44ab4fd2a2cfebb63862b318ab304af545090b518b5a90ecd07d2f250cc3,a6a7657816fba25642e74631c459c020a4e910e74475467cd4cbd6df34be0685,63aee1379e19e54a94495b806a98efc751b959db6cc4705825905c7b6a49897f,c8000298a655bbebaef75a9ab03c9b52c31440fdef0c4e197e69659ec4ebaefe
ALLE/2015/page_81.pdf-2,ALLE/2015,3,True,True,PRIMARY_ELIGIBLE,True,KNOWN,INHERITED_FROZEN,PARSED,PARSED,PARSED,71515fadbcd624020a3b868c866d297180adf70a33f212e607af26c9dea7f840,2397daba573d6cd6712f0736ae52b9679b3a10c2c6eb83ed86a05060711a74d5,d505e26224a945059a51d1281adcb758ca348d1f0ae2caaf433aa314f18d8ff9,f412f874d550d9fecaa7889482b5d0685db41d7c34f64e6cd49ed15e8a4d96c7,d151638f101b307684e7cf2af8d565006f014a1f7e2c11f2b96c55da90a0a290,d4b71f171d4f62c0942fb7d9141be0f1f735d34d71dfc0e89178c28295ec7c7a
ETR/2017/page_332.pdf-1,ETR/2017,4,True,True,PRIMARY_ELIGIBLE,True,KNOWN,INHERITED_FROZEN,PARSED,PARSED,PARSED,0d387b3096fb5c81980df98921afd51a232013d86dab3412a5d816011df4d64e,52e5887928a2ba0ae177e1953d62c28836ce0322748a546935a50739f6236ba1,01c42c340d1d418aa304c8b6f611e78219bc9fa66455cb88770a180b85b291e0,2e769a2e584be1abd3ba14d674eee4aa9fc1faca1e4ab9af3d1efdf079b598ca,f71a7ea4ace624342bee298114c05885434c69501314e954de2d303d13119113,7db85e6e6bb25756849a51d4c512131735587bcb66b605c56f215d87795522ad
JPM/2005/page_70.pdf-1,JPM/2005,3,True,True,PRIMARY_ELIGIBLE,True,KNOWN,INHERITED_FROZEN,PARSED,PARSED,PARSED,18df3b48c6c094cf086e55309843b0c049a92bda7a28768d0c9cc3d4f787dd0c,68953803b71f86620b850d0fd3df592c2c3f837f16f63e8d1ae2128961b5d754,2579eec26bff834ccfd48da59ae1ea31525ccea59e8c3e02519441e95bcadd2f,3b43fcd032811a95670e5f24af4350a74f29b8fcb55012aeb7e750d71135304d,e6226088b14a642acf508f3affc49b5d774dcdbdff52583055d4b2d6f5b3e14c,3bdc4aeccd878ebf5798c0ffc8ae3fca3477bcddda77c5f67ffe328afd7993d7
TSCO/2017/page_68.pdf-2,TSCO/2017,1,True,False,LABEL_UNKNOWN,True,UNKNOWN,INHERITED_FROZEN,PARSED,PARSED,PARSED,a367858fef557f06a674f8453ac5e1e5d43eaafce4db7cc9dcec3cced8fad831,d421011cd113f577ff1f6a41dc466d9d9110e91c0fb2d78ab1fdba309bc14263,9dfdbaad65151b7b0596f62614ef221942977f094b43d3c34c9ce297c5a13e98,7f6f43fab924048534ee64b63d423737b70de4fc2461f8e74cd388a1fc397181,f1c60fb8ff8eb6031261cd067d68c8cdabc3ea35143c24802010ee30e23768a2,15a14049b9625db09e6714d4041f5273a92f8fa529edf5d0f074d16106c8e059
GS/2017/page_176.pdf-4,GS/2017,2,True,True,PRIMARY_ELIGIBLE,True,KNOWN,INHERITED_FROZEN,PARSED,PARSED,PARSED,2bcdd69381790153068e1bd5277006101d1c0093e1bdced784807d644b15149e,5acc9326fc13bd458ce363093f14b839628650974cc9d4e052494b8387d11e5e,6d0adbbb190dcdc7447b7892a8bbc5aa9988e4413e755ed2758164e215b40d31,02701f7a2bc5fc7a0d78e123185423dc61494229c883676f54c09be181871a94,6da9f9163802eb95aeeabae14bb57adde2c9f563022fe4aaa91efff7bd4e876f,b98417aaafb876c466682a24d1c6a7a9aee1af8d52a164d2231b769849e15cc3
ECL/2017/page_68.pdf-2,ECL/2017,4,True,True,PRIMARY_ELIGIBLE,True,KNOWN,INHERITED_FROZEN,PARSED,PARSED,PARSED,5db96287dc6adbfc4987a2f521cf6f5c87fbdf821f8b256bbb81e78a6c4cabfc,89f748f42b7f4b7b463a7305e63ed2249d14b28338f96265f2cce915c58b9b83,a93f5c96ac937982fd0df85e6dbdb3236b6edb3647047376bf0fce1fdae224a5,c6cbe8757074808101d85b50a84af5056860f4083300ca2f7078f85ce8405e3c,ae0a256d30f906572998a82067c10dafc51e6181488caf679438ff5024afb009,6db7e72728336d2d9ceafcb97302fd6e6ebac9dba4f721c00e6894582b8d6bd7
GPN/2008/page_95.pdf-4,GPN/2008,2,True,True,PRIMARY_ELIGIBLE,True,KNOWN,INHERITED_FROZEN,PARSED,PARSED,PARSED,758ccfd1f5a1fbfcf5937911a9be8acd305904cd63025125e13578849638b75c,5089dc6173726903f97b5ef4ac0d313c8fcddcc3d548996f8d734a160b10b940,8f2e3aca0bd391dfe7f2600676b157c089f13387d2be6f1ae94f6549ca3c329e,fd9d9dfc117dffa72c53241ec15c3f3b91c54d03945465265b217689587b5587,ca1af09b27da959214e635d0eda35cba06a2fdb711267fad7e5edf35df803d17,3cb8bcd23ae55fdeb5eade46b06bf019622c6d4f20557609add9321966ed3687
ETFC/2013/page_84.pdf-2,ETFC/2013,0,True,True,PRIMARY_ELIGIBLE,True,KNOWN,INHERITED_FROZEN,PARSED,PARSED,PARSED,010f8f96321f0aa16241ca8da83b8d1a15f12389401e193a1f78a594c47254e1,c79fa41b38de5bdcae67c8e656084ba81dc085aa199a4c58f649445890f14680,fc72016d5e6f0b96a68caa30d393d2f16cc82a4be0ada061ba58b6d447d2df85,2c919d6330efc825a7e1fe52a94e74b0e61b7d6a0483a3a2af1a266da3941a48,6e664127c120fecb5b4d72527d5215a1b1de6ba741b555f9f4ec69bcbcdb9a6f,f71a4f56e48875b1b2b0fe31f16568d919508c7a1945cda477ff84e7be49acb2
JPM/2009/page_206.pdf-3,JPM/2009,3,True,False,FEATURE_OR_PARSE_INELIGIBLE,False,UNKNOWN,INHERITED_FROZEN,NON_NUMERIC_ANSWER_HASHED,PARSED,PARSED,a62397a9ff8836dd5f0f1465311c8f37266dd7ae6f559ec8221aeb25ee4fdd82,7fe4621d52f3da617c11b3576fac53249b160d851096d4d34610b09b5acede9c,13a3fb316a436d474a2d96a0009f16145bb76878faf50ae6193a3e58419e8aaa,18b06e429aaf0be43be63af8d25e604ae1ea5da9d8b7a057d56f21e94d54ecf8,b2e4af14bb39016f0ba2e7f5a20eb4c46b877adb10653a96fdaf285dcefe3c02,236a68a843dd1d7c975b37731b6e3aedff30657172f5c6ca894d250a64648d0f
ETR/2017/page_175.pdf-4,ETR/2017,,True,False,DIRECTION_PENDING,False,KNOWN,REQUIRES_HUMAN_REDERIVATION,PARSED,PARSED,PARSED,56e441ed93008be69527dc2709fbb7f093467a282036a561e33ab27f1412ddb1,a7179c34e39a45c65dbf0c4059d2de5fabc89ab66753a71bf39aa1eb9e6be60e,1fd3ee1f0bfefcd943ee3bea308b436fa0a0a04700d87392733a99a22cd4e0f2,42d73b083703547aca3f6f9ff5f2acc33b5ea4a612175f7a479fa092867aea93,cc78e75f5aeab99b9bb4e47b550882c968718a90a30178ccbb1c642952bb25bb,550bf7bd7d8014cc0fc650dd8eecacf331138b2f267a032142175319882538b4
HWM/2015/page_87.pdf-2,HWM/2015,1,True,True,PRIMARY_ELIGIBLE,True,KNOWN,INHERITED_FROZEN,PARSED,PARSED,PARSED,e0129059e337f780574d774fefb6faa00bde59e50a9774c19759fda15df0a0c5,2221c38cbebb4bde776ec33365519586206e26a8fd1f1df5665b4b6b7beb2d0c,416d51c5807be5ec65906c1eaec7cae7c162bea893d56ec716da565c9a7aabf4,2372f9320ddc4a7a259cb9838835fa62c2add70bef3ee52ffc162c1bcafa91a1,5eb0ca3501b550cd9cbf59abaeb95be648a5fb3a9802169a41d136605a7cd932,c4f2d1506c2b5f6fb3b6c5ccd61695bc10bb98327b27bf219b8ec37c3987dfc8
FIS/2016/page_49.pdf-3,FIS/2016,0,True,True,PRIMARY_ELIGIBLE,True,KNOWN,INHERITED_FROZEN,PARSED,PARSED,PARSED,708f591fe47dc0e835994b084b2aef812b348dc6eb817a0f3aaef5b2eb964882,02e3654ae5fbbcc85d9390eccd4f772026ce5ce8103d5fd224b874bfe9db7a36,67bb1cc06197c7daf37bc38dc67d102accb3af397c639e1b0452104387528487,01bf7e795e739827ed3122583a4fb8a037283f4688c72d4573e40fb9a78c88e5,664fb78fb28c0d45d3379107b05b1bfd0b5a093a2c98095a93d748a44b61ef74,5e02cbf1b092b9e71d36998b8998402029d68944d7dc0298b25b96f7992ca109
PKG/2018/page_66.pdf-4,PKG/2018,2,True,True,PRIMARY_ELIGIBLE,True,KNOWN,INHERITED_FROZEN,PARSED,PARSED,PARSED,8c4c86baa1b655255a573b723e0fc269f9655a41440963f199205212941a6b0a,39a1309456c91042bd07522efd980299c2d2841cfa24a3860df1c1a86c777cb2,04167bce4d4d9c319893b5ccceff70145673307923b179d789cdd1286ccfa71d,acc1ca8eae3ecb6116e7706f8dc06bd4c625fe4e4741d93af6f107e4cfd684bc,2cf930120cd31d77d584beb1d5c185991c86bee2c7b2b5fab6752acb29236a41,54662bbf7d5f5795fb718fcf8a6318ecc00c8ea1c3b70d9ede77dfd039909299
GPN/2016/page_83.pdf-4,GPN/2016,1,True,True,PRIMARY_ELIGIBLE,True,KNOWN,INHERITED_FROZEN,PARSED,PARSED,PARSED,4307536567ae304a802286752c1b487d6d8843fd4bbad224697ad9d2e86e4453,078e74d50914c7a242667edcddaafece4324024d199728e549ccb9d00d0aedbb,429eb596e2c1af168ee7c543531f60a07b2b3f10466786e0bde981dc708d7ad1,6f4940752b67ffeb3f5db43a0de65a473cdfd2490b5b50d815c8de120369a103,4d4a1788a3297c59f77ebef876cc8bf98586f9ab50c99a1928e91365260327c7,77bb80425cb372c7925a440a7e36f7da29714484963a8ab966eb37aa7d4294dc
GPN/2007/page_39.pdf-3,GPN/2007,0,True,False,LABEL_UNKNOWN,True,UNKNOWN,INHERITED_FROZEN,PARSED,PARSED,PARSED,2e6b4d29c48da1b683aa5cc65bdb870efcdbbfae08cc15439d4cd739079407f9,9612853824e245749892225e6dfdca5cb74d1e975f8cfa5bd0c44e00fd52b51e,e170727d9d5cfd0777f99da0e6af027c1bdea02c3599164c5ce2d05feacb150b,dc23864e5fec16fc3af1c6d82dc0f49156a6062edf02e8d35f8847c7370a4eb7,241cb52f43e343521bd31babf47f1ba6bf5e9bde220c8c33437067c2e81e5497,cd72eef1a5d5327c68b7b5d4dff56578641035e5c0ce0cf627a0eddd48e11b24
JPM/2014/page_127.pdf-2,JPM/2014,2,True,True,PRIMARY_ELIGIBLE,True,KNOWN,INHERITED_FROZEN,PARSED,PARSED,PARSED,0dad3bbcb3cbf1338b0923ea9c8af9e2abd3eab56f0fb9d1cf875be556a3d649,5855a694fdf4367794dfc09270e201cdfb41331ba9ec7bb3eb4c1d4ff0e9c95b,8bad683a2dc6bce1f591922658646d7587aa3b14f3a706fc7f00d950519b1280,c90e3dbd877bdca540a15745e11e65aafdba9b1e994045a2e1c810b67a3a8ee0,71331ab21f29244c4af09d0f8daeda8be9c635c9eaf92e04f6adb5eb25412065,a45db49bdd1cc9faf7b55def144a17ee34b24044cc9ab8cac3b116ace8b2c99a
SLG/2009/page_84.pdf-2,SLG/2009,2,True,True,PRIMARY_ELIGIBLE,True,KNOWN,INHERITED_FROZEN,PARSED,PARSED,PARSED,18e7432e4703a8a97c84fad3a76225c89baf35097a102da5e03f43e2820ab522,4df9222c370e7ef44a7c978141cd662877088b51471ba688d02a1740c5654c51,a2fb44a6c852d813d231c0e419070288585ad75c43099e57539b8e4beff44f4a,52326cbed29705c0fa8028a92d24f76dc0acbcde3eb637e8922fe0a854836505,a5fc1987185069241b88c3a50ea5b38cb5415f630eac6e91822d527f37f678c6,f5eeb8f05d6e56343bbe4d970fca709a80c33634c1eeeafb2d74dce767f6436d
CE/2005/page_56.pdf-3,CE/2005,0,True,True,PRIMARY_ELIGIBLE,True,KNOWN,INHERITED_FROZEN,PARSED,PARSED,PARSED,c275b097d6ff508dc92f1ffb8c32fbb0b7cdacd37e65a4f6096e1bfebeb6c5ae,1f069ce5c5c91b7a86f5bbdf76f8bdeacad3011dad668bdce33355cee8284c35,17cf2e6c833c2faaf507c809944dac648a2d84b98f5ce60a0b37a45faba6abd2,46c8c861171afec74c824f80fbf0ca866c9a9e7c07b08f73c4bfe4026c7fb625,23d3a522fbfe284d821f0c9402c055cc593dd97f170d8b87037437216f7ffef9,f4df28c9f07dd2cfc6df2fb85f924de827fe34c832369c824444eb49e2b81795
MA/2008/page_116.pdf-4,MA/2008,4,True,True,PRIMARY_ELIGIBLE,True,KNOWN,INHERITED_FROZEN,PARSED,PARSED,PARSED,1b015da966a666fd007ac9e2de4a04f1d79c79f6dab3e554fc274ed85ac66726,910c16a9ae40ccfe20660d0868cda8e5b7f27fe5e031e8fe3e05475a222845da,3f6bb68460064f3c6afc8ecee096618440d0ca591773e579f29c0247844b310c,c88e1f072184f0bedda3237a841fb3a7392a77e42b53e89437aea33ac711b749,200fe69a35892b0b23dd63750210e8587ec74e0fb6380c1cc246fae39a0ce2a4,949c8b2bb961717c679454f7f30f458f8240770a524071e7c86248ca0809efd2
FIS/2010/page_89.pdf-3,FIS/2010,4,True,True,PRIMARY_ELIGIBLE,True,KNOWN,INHERITED_FROZEN,PARSED,PARSED,PARSED,ce673d0ce93a9bbef2808a28e121f1aa0081e4847d318c873c8ac81baaafefab,49c1aba3c8f5118ebf8e1cff71f059143097e2f9d931fc9ace73945e0216dd10,04f22c22633e50d7bc27e3d3fa679072bdc6661b4e5d02f960600356cccfc0b5,4007bcf54e28c73e2530a5b2e18289b08416af9fb13752688596055993a33b66,ae1cd9f83d8baa14b473e58905ec9dc9a9f3f4bb47c29204de328958bcf6de92,8c589df18e70f2e0d2c37d1121e0f4f94736720445dcc620f9747d81b9020ac7
HUM/2018/page_46.pdf-3,HUM/2018,0,True,True,PRIMARY_ELIGIBLE,True,KNOWN,INHERITED_FROZEN,PARSED,PARSED,PARSED,b5fc08e3fbdc01c2c1379575059c6a390496dc27e2037eef53b42a10b75267a4,8ad47db1e31186f93c103f715cc7b161c1e7c7323cdf27a01c42cc065efe55f5,fc72015e78bbf38dd71e91eec1d1b3cc6aa8c1a2bab5bf2d16ef1e5a4f91c26b,cb542bacac8ca98b4f6b2a2ee8f41b4c5fd5d8ea7101a3325d480730cfca9181,10de457b5c68c0e85478f2763dabc4fb4dc9a14a51966438db23beff058f15e4,8ffefdd5f5aa1c13092a6d881dbad39ca73b2cb3ee0036ec5ea586b4ab0d9eac
C/2009/page_279.pdf-4,C/2009,2,True,True,PRIMARY_ELIGIBLE,True,KNOWN,INHERITED_FROZEN,PARSED,PARSED,PARSED,27296a8ac22960ec8fe70b82afd5bcc3a6356a4525033ecaf8211f0085966a39,df4d38b5d968cf88820e153662e7fa6220dcdbc2f3b4225d41274e5976c361e5,52bf9cf6b33697a6340b0231d6e8de10047692be49d9d92b0811c6fd88520d34,85ed4a68545dabbece8db591e6be972dbfe22b7ba13c713b4e0bd7478aa71e49,15522d628952038015212e8134cced791017c5aa6c349a0f530b5d48d8db6420,a10f19ee91163b3400adeb6f16085f0215954d2b9b6af0e20ffee708a47e5258
EOG/2017/page_103.pdf-1,EOG/2017,1,True,True,PRIMARY_ELIGIBLE,True,KNOWN,INHERITED_FROZEN,PARSED,PARSED,PARSED,11b66a3a5e3409751da8d8031556bf3e3501b50fd5bd5c8c30d998219b66c17b,30dbf7d96df61bb2ed06a9e072d0cb4cb1f5beb2b51304512a2f56f3424932f9,04108c89172f8cffc6dc9110ecc1d697822ffeb82af754123fe051acdc4743b8,48ab36eb23f38d19fc19b923543cd0d5d011d307bb6b18c7ac8a2d77f7e152ea,39d29126b7ebd7392488478c10bbb5e4175c37ecedee4104b25fa7a4da1a5eaa,015a3144bd34091b8bb330601bb8bbf22443a8669a2c9071b8abe01e5793d38c
V/2009/page_89.pdf-2,V/2009,2,True,True,PRIMARY_ELIGIBLE,True,KNOWN,INHERITED_FROZEN,PARSED,PARSED,PARSED,4fddd4d261e966cb2af5db56cb468805aaa21f0de7cb7e4668591fa2ac61370d,771c1971f3da3edfd90ff336a3532e5182289587dbb05d21580875ed63357b59,e84e67e6a6f26ee32c111efbc1a31ed4043d5fed010fd9b3097a6252a109b7ab,d2ad08853b9a7f36e4864b6a2991e19d01b1ecd8afd3bdaf93aeab81fa279385,3a15ebfa206b51897a4ef91007cbe58f0ed8e89d411a759f6305bb01f9328f5c,cd10b23766c4f679671dec0e50b9b43330b436fb5d424cad3874c2cb0a268aca
AON/2011/page_121.pdf-3,AON/2011,3,True,True,PRIMARY_ELIGIBLE,True,KNOWN,INHERITED_FROZEN,PARSED,PARSED,PARSED,517c745fc7a1258d5a90f5a0c8a4fafa5c4ba9e6de763e5dde4e6ee21fb008ae,00cbbbcf2f5ede570c80ca11b6696ba7ff4eddd5779784c8d2f8eb82feab0179,3590d159e93ca4148415cbe3c2e299a9e4c13e85dd44590796dd0ca65fae85b6,c275f533ff0ff605f25d51910e3e38bda6391338c2ccb995498673ce0b127585,3e9d9a474bfcf7c5fa9eb6c019c375fcec94b43524cfd9f5441f3ca20e09db39,6d0109bf749be984696eee798eb09eb3a400db05f16e4e305abc4ca8432efa9d
HIG/2004/page_67.pdf-1,HIG/2004,0,True,True,PRIMARY_ELIGIBLE,True,KNOWN,INHERITED_FROZEN,PARSED,PARSED,PARSED,d9dd0253a008f11a8ccf778d7d0fc0887b4a8001878b0a2ca7c5758ba6e26533,e482250202858b214ceb9047ccbad51f30ffba0be1d42685323b1a43a0fbd037,08f94fe6f5f28370e7431ad6a1e938565598431558bf91f8a79671d156cb7c9d,82cb637ef30eb77f240b0424767dfc4241b3623072576ef77c675627536a5b44,1f7e3469f389b197777c067b2ed619d01ec2889d30600e29c6a58d99ea50933d,f515643e3ed57f8a62483da82e77e7e2a5559de3e1ea5dc1e00fcedfb1c7fa7e
PNC/2012/page_110.pdf-2,PNC/2012,3,True,True,PRIMARY_ELIGIBLE,True,KNOWN,INHERITED_FROZEN,PARSED,PARSED,PARSED,53ebd55aa7b9d1e784fa7e6a012188c23ae3642a55fb409917646a466a8dcfb1,feb7b18aa0f510954c72f8f0c115fbc77689948a07d5c16cc853219bbaf43710,c3987b70a104868a888fe39d2d9cde3f58de56162b77536c0aa09423036c6c66,d329b960f4ff267041f9b3003fc6175be723f50fe39418d3af4904a3a644839b,74eb4ab6c5401263461dd6e5547a0ca1e2e6e7f0cfeb513ca6ffb2c6435e7f9a,1674c7fe56bc2974c82ebd159ca318711e3d538c75b497de81c6bcd78b46654c
EMR/2017/page_53.pdf-2,EMR/2017,2,True,True,PRIMARY_ELIGIBLE,True,KNOWN,INHERITED_FROZEN,PARSED,PARSED,PARSED,1d731454e1f628e42670cf2974f11c594f8c41c66cc450fbee5b141c9500e815,268dc94de806f7715546b418aa351e10523908e08cdd5da49b162fdb0f387d21,6348438eddd41bcf5a7178b1a10cfdea1f42ef86b09705afe49d73cf7b39b215,7ca347be031c4ce933c2fcf267f5c2085e9f2d9ef8336e3c38d8a23ad369b9de,8456ede5c17bf50ac85ec03f330ba97c112d44975b5da02049c999ff5e7d554b,12481af1ca5195cf6950ab24df6d9f5cfe208f0781b24eef9e57a99b35e3251d
CB/2010/page_113.pdf-2,CB/2010,3,True,True,PRIMARY_ELIGIBLE,True,KNOWN,INHERITED_FROZEN,PARSED,PARSED,PARSED,d09b525f8bf3ad09c614c186d4f0e723001828e6f91a70c0498f6e7951f82576,a2cd7c11abea8697533940a7a1823c19052a50cfd0396dc73b3c872987fffbb0,04197712fe304ee1d1bfe767f556cc0d26ab55c5f68c209617dd48ffdb7d2f26,21477065bf93ac52e298d18ad721fce71997d9adc9a3a3e8db4fc2144690c55d,470f005887a1c8812efd1b2ff449284634c9362a5a50f1e3216543f8397f7094,3a8c4fc8c2a6e226a04218e5f04f440ca792a989b3b6b8e58464ab5cfb5ad28d
ALXN/2007/page_96.pdf-1,ALXN/2007,0,True,True,PRIMARY_ELIGIBLE,True,KNOWN,INHERITED_FROZEN,PARSED,PARSED,PARSED,87f8e5f13385a9bc6e04e6ee7d0d2b799e2337d75f8baca1d969ea5d0e68705e,f840c8865355d31e1d863f3298e4ba89df7693908e73dff332ce4d1fe1f4533a,196a0b62dd881914e0b3e8b95419d9b03f1dca69e25dea058e07af243cf3d076,11e3f7ef2e72eeecb7ef828679c9a92e99289dd25e5fb89ea8aa43fa25917269,1cc9e3039870771b1040462f5490c8aa045061752b2373f78b8d66c80be62bc7,7ce2fadbbcf4724ab43214235f627cbfca38965f698b4e238585b71ba41a6eba
C/2009/page_42.pdf-2,C/2009,2,True,True,PRIMARY_ELIGIBLE,True,KNOWN,INHERITED_FROZEN,PARSED,PARSED,PARSED,832adbcc9c746061ac58879d08b0d6b91fabe6a73444afb21984ab8d7910c65a,11621845301dc3301901d15d06d09a5264bf9e4094cb1f7fddb01a7bc8d83119,9ab6ecad120216e2bad528991990e5cf273006be094242b61179327637e7f32a,e1afe9af7d6bc962575441001d35d4ea16b3739ceb640279afdda86c7dfa8ca5,4950fa7e4a9e1ac9229a28a602a90037de2f2c2acce28ec727c2240dd5422e08,f634011e5086d96d92341463ff09994e2f8015416d14500ca705fb0036f0981f
ETFC/2011/page_23.pdf-1,ETFC/2011,2,True,True,PRIMARY_ELIGIBLE,True,KNOWN,INHERITED_FROZEN,PARSED,PARSED,PARSED,e4680d75ae9c64853e2c2b2b992af73e7d462c4bfb3ee3d83775c48fa488806e,9bb599c54f8bb3786f072b6f6874e70c5fe6548041575c8f8a44e4fb06894367,5f8af8b59a0fe021ee2230462b9a6c215e50a11ff334abc14b9ebfba41d09fcb,18a8a4276e36ffb5a9195d614a1cd2ee520be65c48e73267febbd6cdd8ac03bf,7765a597ad2c8487907dfa540324fc4e57e37a3304d7e8c93ed8adf9a2c29954,114b9a6817372a60d2e9661457d1f39d7b2941c679e9cc7beb648f299391a8cf
MA/2010/page_107.pdf-3,MA/2010,2,True,True,PRIMARY_ELIGIBLE,True,KNOWN,INHERITED_FROZEN,PARSED,PARSED,PARSED,7f5427d17cb9b0102a25b71417207bab1428f9fc0cccd7f698a40918a49cf667,1bbdf8c91ce4e4badb6e20d828d6ec40fdfaa14f47eda393c9cf292b81fb9642,74186e34ff65311bbc3b42f9a1f09d5e5ae01d53e0bc123ff7fddb599eb6e311,147d95ff0198752a9156bb3471665d2f7e5e7cee39b38df59a97c54826d6f7aa,05b67e3100eeb47cbf6ae434d3a5707407002d4a1c6f50d866b6eebfc1275099,7040445f775de8d606f98c2f28d7ea37830fb67de8b0b2f94ab6ee91e60cadc3
PKG/2001/page_86.pdf-4,PKG/2001,1,True,True,PRIMARY_ELIGIBLE,True,KNOWN,INHERITED_FROZEN,PARSED,PARSED,PARSED,fe37c1771c58204d3deed0dd636e0ed515e6bc0821e4e10ff1ff592918857a6f,b3b7534c16a925ea0edf0040c0e8202e196fcb9a82459e2f04812ca966f2418f,f088e45ff856a947a1c5fdd876d752a425fe85e748278c95753a58b7bf473fcf,8571ee644c9a00682949dbc004a379925591b77c3e78370a738a9c7b2a30fac4,b2ac6728d5eeeadfca3350f042e3c0b682ad5257d0a08868542c2a9d789bb2b7,0c00fc7e1c2a94b190db56ae86770f4af87b9e4140e8a1174db181a190640619
ADBE/2009/page_81.pdf-4,ADBE/2009,0,True,True,PRIMARY_ELIGIBLE,True,KNOWN,INHERITED_FROZEN,PARSED,PARSED,PARSED,b5ce7e18509beefd27b6e2cb92da552ad6dab9ea80b4e358104303b60e42fa82,f1932e66d2358286f3889c1951e9030d4f98655d3402c008b8cdeba71582198c,a5ef9d7971430738ccb45e124eed0ebc11d5238a5883c8429a79b215dbf4db1d,f9a9dc5977bda9a31626b60ba79115d37c25f55c1c220050252edf17610881de,1a2c003dd7c708b9039981fc96420168dffa50bfe93c37175aac7ef7a8ee61b8,a37f54b02b784d578461c057486a6a95a7b428bfe30d4798e5a41d9bb1c55be1
AAPL/2002/page_23.pdf-2,AAPL/2002,2,True,True,PRIMARY_ELIGIBLE,True,KNOWN,INHERITED_FROZEN,PARSED,PARSED,PARSED,d1eb4918c967f45e4dbad5f36c6d89b303c3f650e786e6c7175f91fe2e7b5f98,3d742b8f6a8b4c12ebf9a5b4b443ffa16c0c9f4f80df09530b150f9c94a2ae4a,5029b3e489e41130b4c7e3cd1ecb118245ee5df0b96ae17c67fa51c3e3f876f9,d2439f4931b0df26f3baf5ed459cb38efa9eb99c696d576cb49a0344a4a7b76f,f9708afa4b2da97beafd2f2d8141f93e5067f6b26cd93c5385148be0f0b4ff1c,5493f6221daf387152f9c28b92a80caad0df9110028d8046aeb853728d5556e9
ETR/2008/page_187.pdf-3,ETR/2008,0,True,True,PRIMARY_ELIGIBLE,True,KNOWN,INHERITED_FROZEN,PARSED,PARSED,PARSED,3b812bc48b4dfd1f46753fec84ce8957ef74b94dac4298ecfa756cdd9c094caa,e0bd7a5f41a0d3d2b6d9c8787695af24ab42b8ea30085b09d8571d1f51c1de59,86eaac5694ec78f3bd43245582dd4d524f9ef7536de4cc984a35ca59da2b6f9f,91a45c74d0c5b4ead4e3b4c729c7602a7c443f9fa820710e061dd1b6c317204c,b16150731b18012fc1427219415ed5d6fb4b3423044df0f97403c0cb03843d69,f0562c204fd58f879f9139e51648e35467b4bf76b626997c042a4446f9f56818
PM/2018/page_108.pdf-2,PM/2018,2,True,True,PRIMARY_ELIGIBLE,True,KNOWN,INHERITED_FROZEN,PARSED,PARSED,PARSED,91a4daaa3c65002ea2a127447bd148a25684c78dedbf166dba89d4116c6b5354,29a34031763310ab0aae84df78a9608625cbfcf70d2e481ce77dc1d3ef5273ba,5dae7bd18b34fb3df4892471644a3c80aa5842e5809d515d49a829a6355a88b4,4780a58dd3deadd830193aa4ade3bccb6414742fbc1a7c0b9bf1cc339197b156,57cd32fcff798a9036c4cfc63fcf3e13ce6fce8b5a178d55e1e57882e415f8a1,f3c4746af5c8575c538be9eb8df7b5103cb09e8d1d0331216542431f93119247
SNPS/2012/page_62.pdf-1,SNPS/2012,1,True,True,PRIMARY_ELIGIBLE,True,KNOWN,INHERITED_FROZEN,PARSED,PARSED,PARSED,a7b6d7a936f671a2b88a3b98d3473ce9bb0f223739de033dd8e0d1a2f4bd0bd3,a63b9278128554441a3bb922fa9709cb3fbf4abaa30b58553e8db7159f2a4401,987f5bc77f85b3192147ace75779d29ed9950971535f5506a685bbcf378966c1,c05d7946ca0a96bd187e76155a818a2c1de9a9020e0d681e6be5aed9a4392af6,3d1f1081035daa59bd780f2eced5d3a0f5b692d21f2b1208d1d89217dc5e56ed,abd3640f55ade0558d187777e38bc3bee8219806e2ad4bb06e5b72c9aacee0f2
HWM/2017/page_75.pdf-2,HWM/2017,2,True,True,PRIMARY_ELIGIBLE,True,KNOWN,INHERITED_FROZEN,PARSED,PARSED,PARSED,822a918bc3f0f4acd16f35c4a582bc981f02f03141128ad4bac7dd2e23023336,91728ed82e2f2d5f91bdc7f9f9054995401ead3fa08c402dc10269df50aacd37,96e9b15f8169bd56364db79aeed08354fcb5c80c2cbf5a1741e55a808fc05701,899da22e38e3299353a5bf9e1ba7b5583bd835f13599aebccac1138fb9f7ac20,8cf70039af3f5f1b94cd7f8d1b390876ed0242a8b59eea9a09587a7a024260e6,dcc621e9962543cf19ab51281d75b8c57c2166663d0b7de6be4bb45d598c13db
ETFC/2015/page_27.pdf-2,ETFC/2015,3,True,True,PRIMARY_ELIGIBLE,True,KNOWN,INHERITED_FROZEN,PARSED,PARSED,PARSED,e73e09a68500c1f67e516129b8ad200f91b319095b97a26062a2e1e40e4e6af6,0f622328d0cedced398932d70a14fc90a1ed4663a8a65aa1d37591a550a762ab,c4bc91e737bdc8c99108b9043198bc1c3dc1f038d28842715e3b850cbccd75ae,c7b306efa11e94b14690a5ec90e1c587d1789da9dc877583ab61af75d59e515c,5dc5d92aca6ee6ec0aad2e329084f4359185769993cb6ddb0ab5c5085c27f4ad,7992b97864cdf6c824a497af35eba7011979f0e0f69bf56f35ff5730edfa88e2
HUM/2018/page_129.pdf-4,HUM/2018,0,True,True,PRIMARY_ELIGIBLE,True,KNOWN,INHERITED_FROZEN,PARSED,PARSED,PARSED,7cfb61f93419549d32d35efa49a9b8c02930fe1efff619a254bb92150489566f,67e2f2a75dc7548ddad925d16bc16608f67f02a12cf5c1424fd99d1138ebc661,0d71ab490fabc17d0fcae9486d7def20f46b3653513539d660afd3c65caaac5b,22114dd6afda1072bff14336b9c146d5b0c4e1f6afcaaf5c13be92b274f6c236,591bf44f028a157332913424779b428bf064a51d960b19c768453f234a3e11f5,e1a893de28645b8beafec5434c21c178fab3f0e1c3f3f7cfbf1ea478ad3a65d0
PNC/2014/page_205.pdf-2,PNC/2014,0,True,True,PRIMARY_ELIGIBLE,True,KNOWN,INHERITED_FROZEN,PARSED,PARSED,PARSED,7d5c9049b71a6b16de0d8f87d7735aa50699b42166b96168b991ca9b88d3639a,096f4ec6a492b9cc2fb50c9992bbe660ba3523e65249477d8e824972419a4c6f,f8bcacb71ee3fba0b7a70973db5f8450ab27350ee4eb19d3f0aa10349726ec2b,e0e62cc052b77990d0290800d5a655f3945546dbbaf1babb55e227c25651c61f,9bfc0d9ad7236b0c400f97796317098a3caecf8dcf365e4bb3961ecb3ac2676a,be2bf641d378181b93af103718fec7aa6b403a2a274dd38274dc41c8beef478a
CB/2010/page_113.pdf-4,CB/2010,3,True,True,PRIMARY_ELIGIBLE,True,KNOWN,INHERITED_FROZEN,PARSED,PARSED,PARSED,b4faa0bd25bd7ed367d5d4a97b0623db42909d1a44297c98e91434b6bfe89700,3db04fa95631cd08268060dfbc482a7560ba453a8169cb568e89c4ab52b458fc,9917da8c22954554bece057b1cb72a10b7a58eb44854b52e08f169006ab880ae,a3c4605856f71c6ad226674650ecc7639ca6210f494ca7cb464b6c1da6311dfe,4b0db31e5fa80a662e714ddce272c78f8ba02b7ee093b86fa74a76ce09a4e7b8,cdf1f66edf32d7c3833ebbee89c16d5894dca31e37e3849f1d3b0436f0f27c6d
ETR/2017/page_401.pdf-2,ETR/2017,4,True,True,PRIMARY_ELIGIBLE,True,KNOWN,INHERITED_FROZEN,PARSED,PARSED,PARSED,e68d59bab06814defc5bf9743f1776386d1f3486a2ee40a0eb53d4e141dd2922,54976440171530da3bdc6662bbcee4ea9adf36ceb421986dc915fffa32b85853,bc91ce0fa5869207c842b3503da704a941a3caa65387a2e46f5c73f99e13243a,97f5617979213f63a052a666950ee3b6e16775a0a7ff82dcb0c1767ef958aede,621c289465b8319d1c590a5c5bb0b3ef074bd18c69320d5dc5b0846559e0907e,465dfe59e8ac782fa9090c07aa2cbc7144550ccd911f52f12d272c030406e476
ETR/2008/page_401.pdf-2,ETR/2008,0,True,True,PRIMARY_ELIGIBLE,True,KNOWN,INHERITED_FROZEN,PARSED,PARSED,PARSED,fba62b172c9455dd9d46a8d090d2033264d141c32dad8d8019b5a7cd8d46c5d0,62bd1c04e6ef1291663b2e0ea44bc0134cd686824da4f6106dd6d729835a9b7b,b6e37f88393ed61a226390820d2f99de911ba5c1edf10ea708669f998882769a,6a823857c6e088caeba7cf0a47a98f5be0f72f7a824a8030c5239a6c57e5f537,da3a6f542fd8fec0e86a27819c07a99de5e7844a9d3931d7cce4e706f05f79cb,b5f8b9c2d1cccd500bcf31c4f5563ac05da82303530888afab82d7681ce30158
EMR/2017/page_53.pdf-1,EMR/2017,2,True,True,PRIMARY_ELIGIBLE,True,KNOWN,INHERITED_FROZEN,PARSED,PARSED,PARSED,4ae1eb7e0d599ab4c7e830c37c7d6949f51c92776d83d692990fc3549e8b7134,030bfd320c63fefc9831a8dfd4e1a6b21c8229b1d5c46222b255742622c8b072,e197c851c5ad20119bfba52e36455c788833cc972532afed8093535921abe96b,f9210b9885fad6b9bb6f3aedc205d887a782a5955b0e10939917e3a19d88c6fe,fc9889383cb7f9d90713fbb9c0ef33696fbd1f4944902480b7b1809d73cf68bc,35193d4cbb2b6597a116ccf8d023b84b185bba0fa35f8ccb641f5214aad99e65
C/2016/page_120.pdf-3,C/2016,4,True,True,PRIMARY_ELIGIBLE,True,KNOWN,INHERITED_FROZEN,PARSED,PARSED,PARSED,899cb268d60bb52775a124767662910a42a32cd6299217e0903e1df54ce361a1,933bb73876d4a56a1f0df915ef5269a1527ad38f3a23d796356359e04f53d08c,52b91b77a59b188caf41b0ccd06c919217558a2eb4f03008fee0fac7082d2fd5,8db5e3186b3b6fa9421264eda6c0e9685b03fa830e4e26f9765161398880fbb5,6d5bff7e6047bf165310dc2f601f1eb8d3e9259b95b98ec84f1a60269377a478,9ad7c6e0a46b4da01cce07d7dff564c2d3a20ede00cf2ef57b67179bd72d52a6
LMT/2017/page_26.pdf-3,LMT/2017,0,True,True,PRIMARY_ELIGIBLE,True,KNOWN,INHERITED_FROZEN,PARSED,PARSED,PARSED,b60f8a236f24e2aa75845a57d0ca69c7e434fd28cb052c892a2c0e37b7720d58,c1d1f89f9ba426026e03689483da0f1b732080b71f09e0802bc7d9544aab28ef,6d1a6062aff11f1f60bf06e9970fe272cd505383490565429a06048c0810aa11,0e335beaa0b2f8a516cc160334cac7253354f60d07d0283d812683360b7e60f3,576b1b2c9892bea48e297466b7637e96f70e166e3e464d01e7c16c3039ad4267,d391d74a5cca20b507beb9b25656ccfd072c8bfe861abf3a81476cde7e943a7c
MKTX/2014/page_39.pdf-2,MKTX/2014,0,True,True,PRIMARY_ELIGIBLE,True,KNOWN,INHERITED_FROZEN,PARSED,PARSED,PARSED,5704af23ee0e70557e70b7e194d1d22d081645454f5f33f410ed06d2bcb451cc,7308fd5d92716546d81f99371980733edd778821aac858a3dee7601e3e524eba,543745deae246999996c18218a615355fe27854bf435d67a819412d936137b29,723026459f13a8b244f66502bc0ed058aed483fbe48e204681c367cab92511d4,e970d33db1bb22d38bfed43e616a530a679b4a53b30165bc5693a181a47d7b0f,bb76106733357b19f6044ef6321e00eaf44b03795b464c9aad8e41158d15a5e8
GPN/2008/page_39.pdf-3,GPN/2008,2,True,True,PRIMARY_ELIGIBLE,True,KNOWN,INHERITED_FROZEN,PARSED,PARSED,PARSED,c4546cfbcab4434bbf011ace5f5405b6575ceb0159b07808cd0a1e303b7da84b,0301f7bc9ca4da680474a53f66065a1514d0ab8505d57c8af75059cd4bd7b242,8d66189441953a80d5d0507120844613418b6548f74550a2625b09644ea38fb1,bfff4f7274483bf4daf84625b376bbe5eaba42d76f2425c18d7e5428e7fb866b,221d88757467d895a2bb8e2bfb1451c7d193e9835f3c20698a18f81c3153a6f0,edfda8fe4e3a6033329476a82ccacb92f61800140636ff2970c1d339a32f5cb5
ETR/2017/page_352.pdf-2,ETR/2017,4,True,True,PRIMARY_ELIGIBLE,True,KNOWN,INHERITED_FROZEN,PARSED,PARSED,PARSED,6ea589af34ad6d6547cabe41fde37a711d6693f89e9492a5ddd3dbd262dcba10,c279cccffc72df1ff7202ca74ad00261d96f6d3bf9b6300bac2bdc92b71fa7b7,aca16f945d442e0c1a3c1d7cfcd83b10998b23e15577d515884c33f9e91f4fb3,b832077caa74a4d202c73243dae88d4887af1a40cc71798dea01876fca832e93,97de89c8dd11a1a6690ad54e7ea4c03a40159521a031e66852d90521de250735,8539f4bfe32af092dada75f481a5c693576b8c3000157f69c3c7225f090b1c59
AAL/2015/page_15.pdf-2,AAL/2015,3,True,True,PRIMARY_ELIGIBLE,True,KNOWN,INHERITED_FROZEN,PARSED,PARSED,PARSED,3e5212b2a285b1c90383de92f2bd357970cf669c8b3f80ef8ad7bf2f18dde91d,292ff9685e433b9b36e2de7bfdf643199e46ec2cd4b24af2c65139e8f0c01500,6500a65a1a0096a7eb8abb72b572f6c06cb0978fa7eb820e4b86459b0c29cfd4,68bb6fe11be631944fe65d4712abdbcd208fb4b0ff53acf2a1322f2868ed4eeb,a4a407f6dbc321d46de46929119554b97ac5462148f32eba0c355f77af5fb12b,c668ff1624a69949209b3b8daa9037dc38d054ad5bffcaa413a3337f905c05bf
MA/2008/page_113.pdf-3,MA/2008,4,True,True,PRIMARY_ELIGIBLE,True,KNOWN,INHERITED_FROZEN,PARSED,PARSED,PARSED,b18a2b93f66c65c4bc9db46f250239da6780518243091ae63bd52fcc2fc870d6,ddee867e92c313bdac28c14f93cbce284cd71c68a28a64f8a5f8a57882685838,b909cf6d548d22cde1ab1839072c1f0a263b56a714606a81bbf78dfbeeac32a3,3b551d658e4426b507ebe9808ffc7392f43a5646de4ef0ad6906506b377e9543,9b7570bd99a94819c767f749807b9ef908b6dcf8f02ae5862ac454fef4b46377,914f21d5db37fd08f133b78f65e1ec789da871a7ac8ab73cdd29bf58ab30be2e
SNA/2013/page_56.pdf-2,SNA/2013,2,True,True,PRIMARY_ELIGIBLE,True,KNOWN,INHERITED_FROZEN,PARSED,PARSED,PARSED,47b1b734986f2539430d8eb33297d3fe0d6ebeb5acb8193e84e16e5ceadca1e6,6f2ad33bf56c02ad26748753fe1151bedfe3f5bc9ef488a7eb224c324e0887f2,a85f9961f9a194b487a1ea91a9712e4e76cab590a4c62de37fca9b5f9e4bfdff,49d4ae98d3199be1475feffa6172c043bf97ab2d8bc770c58299e2ebe213d598,aeeb3fda59d26ef452c12621a4c96dff714877badff683911764a9502b084f76,2de1109fb3d32a24d05d1db8b0b20780368d3a58c7cf48a16608aec3be45d0e8
HIG/2004/page_192.pdf-2,HIG/2004,0,True,True,PRIMARY_ELIGIBLE,True,KNOWN,INHERITED_FROZEN,PARSED,PARSED,PARSED,3ed905b33b855e2d2d7084f471776b0cc6fee08e4a3c7ba608d752be03ddd670,d935c02a7491b9791bcf0ca3af0bf6bb09fed04fd294b4288d98d0090f21dbd9,35404f2fba92fe02e17246eecc37a9763e4964dd7b4c1a1e6a02b1f5faae5a4c,cce25e17d3192cd58c76c8809b5141e9be3b866fb891e3deb7418f9ed3e92cc6,b87ca8c97d4cd7f50878fd62ff3ef23d1ed1a5753a96986d5a40b6028739c6d0,8864daa3125f9fa83b2b73eb00cbb37b391a9fd98d99251c11b220dc1806fe2d
EW/2014/page_90.pdf-1,EW/2014,3,True,True,PRIMARY_ELIGIBLE,True,KNOWN,INHERITED_FROZEN,PARSED,PARSED,PARSED,ed9c0aa57ee1d58f9ab46f7d853eef44e0b55c1a970f2a7773ab93caeaae5f74,76451d59f068dc48100f6398ed68992497cdb13c28e24ef25bd9fd84a6528b31,c69b73701b1f4b3c5d1baa5c821b4b91998422240b5cecce11d8dff90cff8f4c,0c438fa69e52f9a0e9db21deb648647ec764fd380a613d0410616b4ef9bc3904,956780ae08f73d153e4ec0a3ba54b8ebfef15d8b75c921b602f4ae0e32f81157,ea4cb4d721d93331bb587794d06f7631e9ae8a7f50304844f44bdddc30781e59
HIG/2012/page_132.pdf-1,HIG/2012,3,True,True,PRIMARY_ELIGIBLE,True,KNOWN,INHERITED_FROZEN,PARSED,PARSED,PARSED,964bb59373585dccdc870c9e124e9a9c4ae272d58d827b524ffad4a44b100c21,b09225802ac0b89fdaaef7af95f1c43d87de8fe04dd95c3e5d41dce3982d1180,52b76ebca5798250d7b41d955d991a297fbe4d91c374ab4b696ac4aa51a99fcc,34040f1cc5322a1582e666e05e8338c124fb94e40061282b9dcc6084470aedd1,699773fea5d76ebb0628d84c809dc1e4e95a0c16c235d22b7152ef43aa93b15a,a98b33ac9f3093a2007986ae55cebbafd8110fdbe8b0c6fafca6662f5bba8424
AWK/2018/page_172.pdf-4,AWK/2018,1,True,True,PRIMARY_ELIGIBLE,True,KNOWN,INHERITED_FROZEN,PARSED,PARSED,PARSED,618f7b3edf4f227831faa3211cd91da9165f6a70a3fbc078b4d7e8703143fa40,dec6338c5f155c6256a38816dd66065dbed4203780fcb4dbb6939ce387eafa80,06b5ae447d91f5852fb2136f299ff0bde6917acb7c0b547da3f0fa7352633fc5,a6092c527494b3512eb62083c35d7081b5eee07e3a34fb65f0af1911fbe4bc82,82e1f9562589aba6af9325146c06baee8e2e173cf83d4fb57256a08c9d18f104,ae2e773609e9e9300659703a55ec92aa91aebba762a8585cb95d7059a67cf8b9
ETR/2008/page_267.pdf-1,ETR/2008,0,True,True,PRIMARY_ELIGIBLE,True,KNOWN,INHERITED_FROZEN,PARSED,PARSED,PARSED,2a95456029c85fd0242fb056bd6e73d2562d17d0a5ef9c48ae9b3baa0b3c26c5,b5238016a7d3c3e5aa83905e4b41ded2a1c2c7671e87e9314ac9dc66887b879c,03ce9336f6395ded0d8c6dfe646afea1acca0343476a698057442182378a14e3,c68e1e0ffad2ad71f7cb6a2ec4cbe171d1ebb1a1c5733f4e9ab2581aa459e0a0,ce030d93c54e390ebb12ac73ad0e9f0d3b8c14ddbf1ed7303e0c92e2c4d1ce87,3f96094666ac87fca64db146483a447a12d1f1c85652b24de281ebbeccb82fa1
HOLX/2011/page_122.pdf-1,HOLX/2011,2,True,True,PRIMARY_ELIGIBLE,True,KNOWN,INHERITED_FROZEN,PARSED,PARSED,PARSED,9a44018388639444cc775ce09b7c01045a2c5d6938fe7a4e12980e7d9c6e3aff,5e2d0ab0beccd8aba95426062b8111bfb971282f34ffb8def8bd382cfe15388f,58a9bb289cc6aee9e8a9282e55447b4e894165db419a7924d3a26d88a20cc4b4,fd4444ca1de5215e0253176efea85680e278d979a43af328f115f86f43bcfa42,de71abbdb896354efd66cdeae3942420b8aecdd7a36a19ab6caf1020a4084e47,4b2fa54acfe07861d678742dd35635c6c2501845123128069fc7d63eb679495b
CME/2010/page_71.pdf-1,CME/2010,4,True,True,PRIMARY_ELIGIBLE,True,KNOWN,INHERITED_FROZEN,PARSED,PARSED,PARSED,99ace45df63bb848a28f5179618f5a6ed58776fccab1bedaf85ef76bc291948c,48f34b1868787e9405649796975d86f2187df30141755fe620d1498fda47bd18,c3da913fa4d0ab7b0076b1765ac61271e12aff08e88fa73293dd0e6b5086700a,3875761190f7c4cdf268aed7df487156b8493506ae1ac0ddf4fd7b19d97fe0a9,9b6f673bb18979c667149b692b45c643f354058defdfcce624cd676d576adc71,b6f22eeef380aacf190b7e347a6637f269692731a52cb73a38c6041a8365b7c7
PPG/2018/page_32.pdf-2,PPG/2018,0,True,True,PRIMARY_ELIGIBLE,True,KNOWN,INHERITED_FROZEN,PARSED,PARSED,PARSED,1431cfa82a0271df1e79caaa295e0008c9f08d556af590f88e436e01e190a2b0,e7ed931b71e7dc8218b3c4e37d2d3292cee6dc239e1ad000d78e5c2326c19b55,7edb93f8f33ad2e7cf020d925581e388c2c02130a29ce220b2c86bf62a2cec8d,2f489afe2f4465bca9a2f0b5c1cdd4888ff0283f0779d41f8f933ad23fb196ad,13aa7b229df88bc7a4fca6ed2db39ef2f80355b68df67555bdac24b0ca1465df,807f63130d26b0ce055b5aedf90d7eb716a3956922f5fd0009aecc27fbade317
VTR/2006/page_88.pdf-3,VTR/2006,0,True,True,PRIMARY_ELIGIBLE,True,KNOWN,INHERITED_FROZEN,PARSED,PARSED,PARSED,617ebc3dc12aef7808c1f84fd83525d3509af68ac7c50f830ab818813e82cd9e,58c7cfc945f968a83c5095b9c301d5f698233b08c7767558ac43d43f3adec2ef,3a7f1da1b6eed6c470765a79ad440b152ff85e2abad3d4ecbf0af0e87ed621c9,b65a0898847c044e576b2ba3baf837d3279ebf089dc776f0e1c917c385609a3b,cf21660d37eddf12196d25b7a6f7b2cb78eaa725f3ea2c5c8b47f4ef343c4d49,9fd5b4a9c6ab995798a4c532247a23529ff4c5f62c491f0dc5df8acb152b52fe
AWK/2013/page_123.pdf-4,AWK/2013,4,True,True,PRIMARY_ELIGIBLE,True,KNOWN,INHERITED_FROZEN,PARSED,PARSED,PARSED,85a4fb41c7e0d023aadbea23a9885d1f8fa333b1abbd1c09d97f84d5627e2e06,da65c9ae54f61d7651ba7f31d196cac56096dd88825958119447f7bae65df82d,478cd3eda319e178fc1a3ec305088f3999ead8a091ba2b75aa6f9cab46f88730,62d96f1875bf1702610a8de9b2a97106b3401fe19b051184cea9215d7f19c007,b8e25e3f9072d69940de27cb1a3fe0c85f36038acad51cde33e5789772a10f41,644b44ba34d6319c445101d4f10abb6b1ca1ca48fdbdfc5a6a444ff719005911
RL/2013/page_13.pdf-1,RL/2013,3,True,True,PRIMARY_ELIGIBLE,True,KNOWN,INHERITED_FROZEN,PARSED,PARSED,PARSED,7813c9a19ea03dd1f52596f36fbe4d7933854796976565af9ff8d3558c958df3,e644dd47190c68550ad12cbde274db89276438ad30288c36198eb996391a31cd,138468a5a0de3dc673bd52e38c9508c5b4cd505140f437dc80f494a6ea6ed9c1,5e15959c42994b80c8279f04e371a45a52ad074c137258b2b3e320cb34c66f26,0f0e9399721b2ea7629641c4d9522ba7a2a3647295f420c4f8b58af12a2b2b98,b265d187c5a10e8b54b3a85ae60333ff7c92b698ddcb17b451e72f856b3c3b1f
HWM/2018/page_67.pdf-1,HWM/2018,1,True,True,PRIMARY_ELIGIBLE,True,KNOWN,INHERITED_FROZEN,PARSED,PARSED,PARSED,f55c62f57dd6d88353f68b939678a59385a79b4608e30ea64a501d80d279d5e6,f2466080bf3587ecccf516e146ddc9066f6676adf8021028f58eaa2f5feb91fb,b0b2baeb42cd7533a32d2a3f4d6f56026b050ce74e73e4711efede07c0316bdf,34237786be9912a008e4fb1133886b6e21112ec3ce03062b842437770291a4a0,499c0104f5fca78a41b8e30b685a2fcade91210319c8c3b7aa9d7333ec8478e5,d0d1dac3ad1d7c49c7e486d5d4bc29e44be4589abd08bf2dc7f43fda14a80c15
GIS/2015/page_38.pdf-1,GIS/2015,3,True,True,PRIMARY_ELIGIBLE,True,KNOWN,INHERITED_FROZEN,PARSED,PARSED,PARSED,964a48866fd3b497bd2188d55ebe3bf12c53284c9bb1238e6005a8b979706e7e,72f56b5dc24d7a9762928a91001312fbdef8af19903955f49df942fc62ea982a,ee3c78e717a92a7b2071269329b1d72d15319d7e45e37788b30d58ac29b1a7db,4c60c2daa5d508aecf6500c0b955a7e2318df2e94ab37917e68236588f157a18,a01b427f279b1614094afa2f8c97b565ecdd7d4a61426373bee266c6b8ae1c38,58eed4f5aa592fb1e87599219b3cf4f5bd16b13b52ebca96ac04f64a56e90976
JPM/2014/page_127.pdf-5,JPM/2014,2,True,True,PRIMARY_ELIGIBLE,True,KNOWN,INHERITED_FROZEN,PARSED,PARSED,PARSED,e995f103a3c031eb06d0a988ffe6e3a0090a57aab9129a67480d9ee54b90a328,6436102ab08030f6d7487d511174a76fc059ee55360172a27d16b054f2167cde,b65d373d9ffcdb2a75ac19632aca8d4e5a72d96d756381986525149ad597f3d2,ac0701ae7087909158f12054c85451674898f137f928dc5e01a5303248c893d0,8947d9dc7a0e7acfa12eb981731a4bb2ed5408da057bf6ff0583c1602780101f,0ddd327292973b5cff0bd1ac38afce5e5a912b23a97e2630e02da48083c6a8cd
REGN/2010/page_72.pdf-2,REGN/2010,1,True,True,PRIMARY_ELIGIBLE,True,KNOWN,INHERITED_FROZEN,PARSED,PARSED,PARSED,c507ca760bd2b3d97be7b664e2d360be878f723f05d92bab7f9def0fb0a03f1e,27675275e02ac10cccd39f29377a562c48e30b5dbcafd9d26a16222d960b0d94,b5f5897ff247b1d816ce29d9d95d5bc354e09d6cbebc759331ed9874a494bfd9,07d5fdb936346cd0feb8be62ce9c07e1ed040595c779890382d5240c7c69c026,31118c1662fe724e60b20f4806ce7e8ee94c27484cf7b41ebac2f55dd5b1b701,0fd36e7cf7232ae35603d1bf5e0e3246505887a464b64885bad72ea2b6f6413e
UPS/2010/page_33.pdf-3,UPS/2010,3,True,True,PRIMARY_ELIGIBLE,True,KNOWN,INHERITED_FROZEN,PARSED,PARSED,PARSED,aea476853f2424f0c72712f1a6a8d4b0ae945a9943f069a5d44507a49607433e,364f4531b12c0c165667191d5135bd2e2c1a3153148d6af97f075936dbedcbdd,c3d034e0c385018837ed7d6e74c9ea2239391f9e9e82e397115f26f5a09d6250,4d673bc336bb4f97dde64dc756f21250c7ab7e5eb24b896f338a040d9586ed9f,8e68659e64298a9168b7c91d9083edb0ccba3fc938d39aa2fc7b116a841f34c3,0ff21e51b9bb96912a554d61d96f40bfcd9ae054cd940bbd605c51506d024bb4
KMI/2010/page_2.pdf-1,KMI/2010,4,True,True,PRIMARY_ELIGIBLE,True,KNOWN,INHERITED_FROZEN,PARSED,PARSED,PARSED,814b1cb7cd758aa243672d87c8faf2d3941e600c02cd5a824a9eb54738e6670d,57a045506c7201ccbac6d341857bcd192a2ac94d98a7a5c21b692bee6e161084,cb87ed1541b354a26ce44389559845aa285d1cc7da94721c5dbcc7af7ba3b5ba,5946b9a50bebc6edd644e08a87f6bd9a2dfb397a8b28770fe6f4aaf4273c35ca,42dae0d74424fdafd4f9cd1450ead1a4bb1e0ac9fb070d5875cd82704bfb8383,346d697978411a1c429a735e97dce697c4e1444cb0e3b191ef93c6ea1e20db85
HIG/2013/page_124.pdf-1,HIG/2013,4,True,True,PRIMARY_ELIGIBLE,True,KNOWN,INHERITED_FROZEN,PARSED,PARSED,PARSED,f10da4ac895fe8a4152a60fb7582406ae4ae644ef2775db56865a812b04e94f0,e5e8f42b78dd7d4c92cafefc43ea5b0485523e357d8cfc668e0e412304bd8751,e41f3a2c5d8a9c69cc50d294e4445d64be5019f7d850414607a22d80f36cce91,f9a21a326e76b83e7acfc0216ff0ed92568d81430ccbb3884e35fdb9fe5b4d5a,04f5e9b7bd110faef5f12eed5b5fe2793dc908c2ab371ca6f0d7e8e8d5a1be15,d9ea51ee1876532c705bc9dad4913e33dbfb87bc076e06d85c34c43483241d6b
AWK/2012/page_12.pdf-2,AWK/2012,0,True,False,FEATURE_OR_PARSE_INELIGIBLE,False,UNKNOWN,INHERITED_FROZEN,NON_NUMERIC_ANSWER_HASHED,PARSED,NON_NUMERIC_ANSWER_HASHED,ccb10dc3b2ce7c71f9f73a14faa9f107931a7cc503795e8d09bdba3c5ab320ac,f76f970b60f172130388a6e6e49985eb2cfa3afe032c2f503c276192c703cb93,02de19799e6b87eebf5f513501837cd63ee36e23af256cb35faa0df7c64259b3,bbb23774803dc5d372c55af4f909b58b2c748d0af38da92ca720dce46f0c102c,b113858c2826a02d945649710a6fbbd3a8ae37d05cc66ae1c7f869a864d821b7,8fd7bd317145a091b6d993ae42e737fbf309e4af23223c17653f869159349be1
HWM/2018/page_41.pdf-1,HWM/2018,1,True,True,PRIMARY_ELIGIBLE,True,KNOWN,INHERITED_FROZEN,PARSED,PARSED,PARSED,007185b9425b033e2e46583208760eeabc75ca7201be97cb1566462fe5502e2c,19f587d22c7cae171a2164b0ccf4e45460856a044da2aa3f5080af576339639f,0f1a4423927d0b41a557cd691b945fad1529f86f5fce1992e4d23c3cbc229114,e672b9508532df0cc9f33bd42cb4e1a3ba9a665f5ce5a669f83fa0b5622d90f8,0cf78c92d1c2db4b6faa40adfa16c3e58ef5aa6dac7a13cb7eea04c73c856ce6,3b08003b0a1dea8b99071cec5defc66196f9b101aaeaea98298e964d222de335
BLL/2007/page_78.pdf-2,BLL/2007,2,True,True,PRIMARY_ELIGIBLE,True,KNOWN,INHERITED_FROZEN,PARSED,PARSED,PARSED,ca325de4bd4f7f9211986a9fc6aaf4f0522d6b66d03b69ba815052b247a2d9c4,b893aad3984da9c1c35388648b8bea8fd9a084b3eb81e174e0d517a904204724,870edb3b866688e40284e93d7d6aea66a19db22bd0881efa5a7f9c5c1023c322,9b769d04487a003a47cb5f77f915b5ed49ab4a3ffde919f730d587de14a311e9,df62cd83d9689a1c1055b4a38a398b6af0be84e001a943c95b58293d514bcf29,f482b72279bd08c992a0b197d45eb718722e0449ff0b27c3b9a12eb5cd5eecae
PNC/2012/page_98.pdf-3,PNC/2012,3,True,False,FEATURE_OR_PARSE_INELIGIBLE,False,UNKNOWN,INHERITED_FROZEN,answer_not_numeric,answer_not_numeric,answer_not_numeric,5a48b1e4b62158366af230dfd7bfae3ecebfe6274f21f2e0b03947192b02117b,2ea70ff1c8d57aa8fb4c4b455515413cb1fe53332c5b14226f69138b1c1a99c1,6f9fbf8eaacfd0c976a0f76996e3dcaaf6957abbf7225a857516751dc0439c1c,179f7c7a14e8b959c806dd49c4dc71fe8dbd21888e31d2f3415dcad087cd0cd4,dd0b760a9db136ba2b5e552743f0d8357cf1d5e6db28a447e32db8e7870d72f8,9cd476176e523887ff6f0aeed37424263120424d3fb540ad0d652545dd51d49d
MAS/2012/page_86.pdf-4,MAS/2012,1,True,True,PRIMARY_ELIGIBLE,True,KNOWN,INHERITED_FROZEN,PARSED,PARSED,PARSED,489452d8f6cbe2b74a3e949251c62fc12214f3d5af09f467d5c554b947ced498,d4e582cf1731b5c883d496f6389d33be6becd2256a77dd536e43d305a683cf71,18165885b0804075c91749f5d9aaa27d1f4642564e0a32829e2d12b987060d0d,a087f0c901f9bec640a3497108431e12d8f63483a5f8ba7d591f75abb5913ad3,85da064ae5751e01606e539570eac6904c55aa56de7491772d146e46447aa17c,a529ea03b8aea5da00acb9dbd871d3eecea949aafcb2989d62f68e496dc1f632
IPG/2018/page_26.pdf-3,IPG/2018,2,True,True,PRIMARY_ELIGIBLE,True,KNOWN,INHERITED_FROZEN,PARSED,PARSED,PARSED,5a7c29d10032f6bac97a276a47aa8f5bfc562c273c5a8af112a9344c7c3b1494,38dfaf7d83e23a8896ba900a529c49d978a4c4522d52aba8473401afc3dcf2dd,a8b95cdcd02c1d416c56a0644ac2d505015b1352aeaa80ba1b221167277e242a,099ea1f1e9450d3a55180926b4ed50cb76f01a965ec20601c53150383117bb47,3bc89c4f73762a60632f6dcb880a2aacde696582da1f7a1329594db151daac01,faf872eb2f0401064f9f92c1cfb86ecd480030bcb607a5ff2e64e741b260dfdf
JPM/2005/page_70.pdf-2,JPM/2005,3,True,False,FEATURE_OR_PARSE_INELIGIBLE,False,KNOWN,INHERITED_FROZEN,PARSED,PARSED,CONTENT_JSON_INVALID,ae6b821940d5ae4fd0fbdaf90f2747d25648c0ee27330c9edb85647e84bb5a3b,9ef1c56e473ad33d662e3485286fb167aebc817d6396d1f2a24f940ff92677b9,4f4f22787defb96b66c3d21fcd1a1f337f8f828a9051d13e90225980325740b2,02648d99b2ef3487f366598228b787948277c39e433e517b85ab2fa0a5e92c82,d4efef2cc0e12711c37ee4805f090788c5ee74805b4e97e0abd0cad75ad30998,e71c34dbcbc1f68575e8df2a01daf59988333e6f58dc3ea180e2b5b9206a4749
GPN/2007/page_39.pdf-4,GPN/2007,0,True,False,LABEL_UNKNOWN,True,UNKNOWN,INHERITED_FROZEN,PARSED,PARSED,PARSED,585bc3a859e661cf9907a20adf12069b358e6744d0cb0a2bd9e5b354af7e55b8,c382d2a0d042988ab7c1bc88a74cf8a7a57d65886f73889fca85edb5a480f348,541b36c4598e13c404b6275157a1a9155bd1dde63d192fc19c30c90fad44f9d9,dc23864e5fec16fc3af1c6d82dc0f49156a6062edf02e8d35f8847c7370a4eb7,241cb52f43e343521bd31babf47f1ba6bf5e9bde220c8c33437067c2e81e5497,cd72eef1a5d5327c68b7b5d4dff56578641035e5c0ce0cf627a0eddd48e11b24
AAP/2013/page_32.pdf-1,AAP/2013,2,True,True,PRIMARY_ELIGIBLE,True,KNOWN,INHERITED_FROZEN,PARSED,PARSED,PARSED,7dc3ac062b7dd003b0abfa4f6facd665824bb916e6439eab33c45c0e491dcd76,94b3f963004b235b6f6600cb305e641951330ee0c96936009288c12dfd39163a,344218ccfb9a3accd05f93bde87713b2d487d52d703f7398f73124826b8a9121,35e8ebf97585ff107e83271deecbe9a92ad0b6696d8d89b9a9809c1ab93348c3,dc3fd1806b040702f1ec4f86c9d70a320a8e7d6257aba286b99a71a0de985dd1,4d621a32688fcdb04e184b4f8a37c2c364028391ac7b1bef5011f92a438e3bbc
IPG/2017/page_26.pdf-3,IPG/2017,1,True,True,PRIMARY_ELIGIBLE,True,KNOWN,INHERITED_FROZEN,PARSED,PARSED,PARSED,0f17a0be05c9aaa1bdd8d22560fbab9a15943880cf7c018a780dccd20e420bde,c3d5d68458f374831cec963ec7bff1a23429f9abf6ebbf1e194a92268abc1466,49ed1263e7e7e3f2a7c37b3404341b3b92023509218d2e6ac7522ac3267f2250,23a46f1355ead8b4fe53d2423276bb9bb297cf157d3f207cd6af9e17e342d788,f41f0f34c31668ff510a7cd82b1d9e9e0496e8633b98a43f263bbf66d743062e,5bc1218e63b74822939356432734242fe0b31dfa61d7d19f671d435a382963d9
DRE/2009/page_60.pdf-2,DRE/2009,0,True,True,PRIMARY_ELIGIBLE,True,KNOWN,INHERITED_FROZEN,PARSED,PARSED,PARSED,dc78a7574b284496c16ee66ade05a89bf3b662cbae0898afeb149a0ce1851206,d92f59f12d210b298c71c614e1b5bd298fc629763167bf1cc61d991f8450b12d,aefe4c60796047a0037fa7651d3d848108ab7622d7673dc68d0a82f260df5eac,d63389ac3f67912752bbbc294d9cb8b66cc35b0666304b2b0fa03d9de5dcdcd4,e9e22bf5fef83b08d0e9164e8a68333d32a3e268e319dad66727e74fa78b5b35,c92cfee427da4af666e7683c68b12b19730103d32abb69f1cfdcfe9eecf4a460
LMT/2016/page_105.pdf-3,LMT/2016,1,True,True,PRIMARY_ELIGIBLE,True,KNOWN,INHERITED_FROZEN,PARSED,PARSED,PARSED,9509b6b5a45b4f6c58f2ebe455133c80d049753c3200a88b1ceda08473adcf99,8c8c80cf5b58677537ee743b892666632a5b89d7a8976c18bdbea03ea13432de,088042c220c3d3cbd4a4f4cac1710c53891fd416a2e09ea85f84bc9957546178,35dd11e713851f83b6a8328cb9c03db6397253d2050342fb1348eb0de51379e6,6d905352e5cc53d3cc1f3057f5be893c93620a5658223abc3ac5c6d17ecc5299,33156805685a3f924482b170fa48b0961dc8cc64d486b4075e60b11be84835e4
HIG/2016/page_250.pdf-2,HIG/2016,3,True,True,PRIMARY_ELIGIBLE,True,KNOWN,INHERITED_FROZEN,PARSED,PARSED,PARSED,937a338e4541aa86d1ea2874a8adc9a883c0b387011249dae527b9ca21b8d62e,604f14ac6e5dd85b8261fdb17c0b47b3aad7588c54392f27f0f5ecb608eb1f7e,9bfed0fc0b3843391f8b6358821d50c7225c2ecd2f97466551aae89b92ed936f,8aead7a0141719fe3c478b9f48de65a1df7bee7cd060ff30d7e26d4845295aa0,36534869a74ed5c76f091dcfef3790028e3b69bc3d6bb0610867ae77b9e9f712,54e2a028d99a74bdc96398ddcd7e42e1cf273ece1ecbb0e276f263ce40986b99
LMT/2013/page_47.pdf-2,LMT/2013,2,True,True,PRIMARY_ELIGIBLE,True,KNOWN,INHERITED_FROZEN,PARSED,PARSED,PARSED,8a8b7e341a6e7af470c8c1050a141aa96626a0616fb213218bfac96576c9fa49,9949e7f795438922585f751705310116945d1445ac29c796197f787d5f5b0c32,c826d4c9c9c2ff721e7c15b0603d79449308668835a00763c8214a5621f010c3,00bf7f6a00b54ad5338f488df4dd3c6bfedce0ee49c24be72f28841ebbc3e2b6,c0cddf0b7760d55bf8ed3af856d48abf9ac3f4fcacc1e916083fb12af359244c,e7ae7a2abaedddbfb41a84ee9c46a435cb68933ac45eebcaff2b81c88e2b72d4
TFX/2017/page_48.pdf-2,TFX/2017,4,True,True,PRIMARY_ELIGIBLE,True,KNOWN,INHERITED_FROZEN,PARSED,PARSED,PARSED,de89c8da37b8fe657cc61fb458d7d735b3115a613e835a9461cb483c2c1d40ec,0cfee4afad5ca13cc99128f920d4cd19ce51954d5fa63dc33a896f64a3016f01,1e8b2c84b97b45e200e31a477b72489cfc5e6773cd3a9116ef43d293459feebb,54049d433b1f5f6f0e0d75cbff2e436a62532eec92b57365fe378a65a5962e1b,b447c3a1e3cdda25e58beb4939942edb67ad1d6452c94f570660dbc4e834ecb3,9836c7aa72a98729a9485e36e937d63a5299eab39e3cdde40d4dd1fc1a8b5a15
CB/2010/page_113.pdf-3,CB/2010,3,True,False,FEATURE_OR_PARSE_INELIGIBLE,False,UNKNOWN,INHERITED_FROZEN,answer_not_numeric,PARSED,answer_not_numeric,e980004fc655d191608d42493a55e45351fe8d59ff150f337089bb1d5f75ff9a,f0fe1dbc1c83b00a14e0788c7fdecf5f6a7d231c51a985fae48b22593c4bde7d,c28a6a22fb062ef314f5364eb8e6816c52ad6ed506c446f50011f4062773c7e5,ba994ff868e88868caa87e192b5b910b13d42448b48550c9cdc66eb9c3bb6532,99daef177831013fe95168db794617c3efd9f7e60e095194429b124c72672039,79908644a38bde61297cdfbe5d71dccd151c361fcfe69810e679c75d6d3d942e
AAP/2012/page_61.pdf-2,AAP/2012,0,True,True,PRIMARY_ELIGIBLE,True,KNOWN,INHERITED_FROZEN,PARSED,PARSED,PARSED,48a736564510e0ef69656149ef4f9e09aa9c97d3e41f6e02c079780c0d2939e1,794c1a2b17749ae83aa7798a9f9306e5eb39b5d1289703157fd7a480f3d8193c,f36d8aab528a68517c50f2f72d9b24a24ae4b984bbdb7915b46b6af00d8ea13a,0c94feee49fc78c3879699872aff4bd502dab271dcc86b7cf9542a05ff2dc2b7,e76741c460451ce42be07fc02e54a91849adbbeeb37575d4dd6c39f6f0b7a714,92ce08280ab6299b7479fdfde62294a596fc63701e24b1159ab880ca89fd3a65
ETR/2013/page_136.pdf-3,ETR/2013,1,True,True,PRIMARY_ELIGIBLE,True,KNOWN,INHERITED_FROZEN,PARSED,PARSED,PARSED,737405d3025e36581f8e601707b304914785456053daf8aca4732b3dafe01576,666a4cc00dcfa72ddc7fa2f28b1a1c1e48aeb904ebce480cb921d6ffcbc58eda,c30a64111861215bcd12444137f1d4ae943eb8c859bb99028285c830b12a407b,7d3f634e8c3b3547cc39401e6bea1c19707330946ff50928e4b6619b1bc5a949,1d0b99fdc7d8fc9810db6584b578630ab0588001d7ecc07e4781e9c83a4c809c,7dd8b9db4c5202bea477b379c2b3eab96b090ea38595e7b03ae82d80a10b94f5
ETR/2008/page_27.pdf-2,ETR/2008,0,True,False,LABEL_UNKNOWN,True,UNKNOWN,INHERITED_FROZEN,PARSED,PARSED,PARSED,8112e8fa1c01ede9af73823c903bcfc925e249c6a6f936311c442f5927f662ac,7f468c78582e4cc8e07becef578b901e679856682735323745d9dbe325c9190a,fc066a8ac1e9f67420b5901c93d6d273000c7edb18dbc4a560cda5f44106f193,9be3343877d1a730362bcdaf8b7cad9ec761891583d7dcaa1dbf077abb211cc3,29d082f2ce9341c03fb2245aa3e5b5b20774f5c63d6c2615fddf0ec664b836f7,0d1db8239ad0a6286cfbf84b0ff10c7271cb369ffd8b488d049a29571cad0f44
IP/2014/page_66.pdf-2,IP/2014,4,True,True,PRIMARY_ELIGIBLE,True,KNOWN,INHERITED_FROZEN,PARSED,PARSED,PARSED,03d4077dba46fe902e61d82767efd167a48cbbb9a39838d449cdf9d3d2617ab1,7aab76fed95972e31eabd6e98b6404671d23468d641f73f283f0d946999bac87,add2ed4f5ba734d4a6f64b31321b4bf3cb453e643cb9d12cf4d3d05a5f4916b3,ccd29e68a1b9c3f04f28a285a92f412e61f6ade31d729176744978fcb4af688b,bda675a39a59b3bf1ac8691f1d4596b05055c6a225fb2a82717677c2930d5ba7,80aa7ae14c3fe53b4ae3b9fe8499786208d1dbf79dfaa566a6e3203318c40743
AMAT/2015/page_31.pdf-3,AMAT/2015,3,True,True,PRIMARY_ELIGIBLE,True,KNOWN,INHERITED_FROZEN,PARSED,PARSED,PARSED,75261b856fc100767cc39e3415a6c4e94d8dff5873fe166acd45aec7ffe6e997,a1e8f93f18dc0f00bdc74979280210bffd3320bce999678f76ed29a8ad7ae21c,840dfd94505a78383a6cf7eba326f62c4f73e0f918b74e7c8b47ec8b435f3344,16bfc9ed467c760cce581b1288a6b2d695927beaaeb56d46fab0b95832afa238,27e4d1bc16f450f8775da6952046ed79a88f72e22cdb59f33f59634967f6edaa,6cd1510a96d46bbef28384407aeff2e42b388db3d0455b1316bcbb56c386be4a
AMT/2012/page_56.pdf-3,AMT/2012,,True,False,DIRECTION_PENDING,False,KNOWN,REQUIRES_HUMAN_REDERIVATION,PARSED,PARSED,PARSED,b070f7190a78d74e994fca5402aedc9907039decbdca75dc113abe4480500bb3,1b923b5e16e480d6b02130d4abf359112f12b984afba236c682d209a18142dfd,dbb2e86381a94f93a5dcd3fdaad6fd8f97ace7b2df88d8d479e93354d7695960,e75261d0b899c044331cb42045d5b254e6d29a7cba6ae2f1709f7aaeed6715bb,51bca221324ca68c41f6bbbd89b910b77b2ec6fb4e55d3b2bdb7a744d30089bd,fa049b3b97a9d682536271294a260e1d9c148dfba1942f97d8f1af90e50647c9
C/2009/page_255.pdf-4,C/2009,2,True,True,PRIMARY_ELIGIBLE,True,KNOWN,INHERITED_FROZEN,PARSED,PARSED,PARSED,de16e8a513441b3a5b30477fd2928d3604a09023673717e92e7a3c8510964049,765568205ce6c9265bab218bd4b3700482f9161a5b2155292316d8963f01eb74,6979f7a292d10763dd712be1bd88cf98eccf1993b6efa802794384461492c05c,13a1d09ee8a5db89c2e0f190685c5f2f99e87a31d6512545cd3b1c6412aa8fa6,a99fca283842ffcd372f94c5c1864fa7bcb2ae08dad9d83bd62f43b5f94d3351,f8bf1bdef60e1b937d086784a1f0f156cc9ee4307a252b6b76e2b992dc7f95eb
UNP/2016/page_24.pdf-1,UNP/2016,3,True,True,PRIMARY_ELIGIBLE,True,KNOWN,INHERITED_FROZEN,PARSED,PARSED,PARSED,cd0af17e74bee772a4449f144c0669170fcdf76b8eb784f430c04214afdf45e4,21d43d56456314191fe145ba68f35cd385863d1238a3db967df28af49bfd1e50,5639f402a8ec729da87aa552044f69af1c4b26c38c8aea617899bc8bdd84aef1,3841bffd7df848d4b7174122347c8b38fe515f2da0f29df320e7ad7105d87f6b,f4fdb85f5e082a4dc3d343ba9a942240cac9404efc6e66f9defe245b6bfab870,8d9fa513e1477fe0803ac01223d16533b5f2a2792035496b4b5ad338c8df2569
AMT/2014/page_131.pdf-2,AMT/2014,4,True,True,PRIMARY_ELIGIBLE,True,KNOWN,INHERITED_FROZEN,PARSED,PARSED,PARSED,efc8838a16c4ac862710733779e7da9ef22ab2bc150b3597d9e9ec229e6c3a5f,39ff3fd3bb1c8fd035a07df3b53f737b4b24fb0296e3d4c5ff7e44ac326ac0c7,12f6f7dd2b4f9581ec050ebb75864e2ba17537f4dfd6454c309e99c1d9a3d556,a4b9e5d2d9bde8119c5eb5e9a15804fa7d4e04d9d000e48edf7c760ff45f2ba6,d690df7727e98b80442653de57d2fe9b2de1f7ba2de5bc0a5f768d72beb7f9f1,1442ee3a283fea372d58f04fd6acc108866e4d3863f627fdbaddc60b9b3050da
IPG/2015/page_24.pdf-3,IPG/2015,4,True,True,PRIMARY_ELIGIBLE,True,KNOWN,INHERITED_FROZEN,PARSED,PARSED,PARSED,b8452e84e7f39d2440fc11b8df3bc2edd2edfa3f3e7f4b38e544747f57984ac0,25b8de22a12b4acb72ff6da82ca6969804cd0a292e1cf9e9e87881c8673a91a4,d4be6725ffcfc8515cd4189b03266caa65aa6dd58e96ff1054c4475879f38931,4fbdb121663eef45be40017e90781d6513d516a75f6e9a5305dea4751423c5a9,64d552e43ee8c2644d05280a1e15fd4abc8e75096a8dbed3aab8a13cb65ea306,14ad2c1e80d66d44f11c140c1b66667823bdf1fb9822a17b856207dae887f87c
AAPL/2017/page_23.pdf-1,AAPL/2017,2,True,True,PRIMARY_ELIGIBLE,True,KNOWN,INHERITED_FROZEN,PARSED,PARSED,PARSED,c7937067fad20bad00ab09fc446c0de06f8e0ee2bebcbec645c6f5137306b190,8e507f5b6ad94b75308b6fab39e13233167928e5a9859024dafe98ae5f8e17f0,bd4a14fd46f9ba358bb47d62b6032d03b41e78d6b54cf4eef28e49d87f9f4c4b,626b004288eb930341c3f2211a845a883863ebd105176d067bdacdd77a945098,4cc6992c3e2ffebb3af8cbdfbb992cd7333fa434916ed2f99c19e97ff1376d38,dd309dd53de45695096097d48bd84153a9ad5c77793106adccca90c82b724fdb
DISH/2011/page_130.pdf-1,DISH/2011,3,True,True,PRIMARY_ELIGIBLE,True,KNOWN,INHERITED_FROZEN,PARSED,PARSED,PARSED,1fab7c7c9c7e05575ca91d7fdecbae72c4cbcc915e8e0b9db93c4a613a5b50cb,7fea65379775ab77b924dbf6afee3c9642a0e69633a7a566a788873e5d00805d,249e06b719790937f9d03a8b457d06e475382d8b823199baf61594a1f5854fbe,8d0c40684a1ddd02cd19f77608d2d1ab5fea84a85bc727c288c0779ddbf662c8,5fde71106362dd7faa2af09915cc4f30811aaa7f4bb826639d3242468aa18f0b,9d371c7ccefa6349c98d18ed9350c2a4d9ab27298aed3831e42f5280de008ac4
MRO/2009/page_132.pdf-2,MRO/2009,4,True,True,PRIMARY_ELIGIBLE,True,KNOWN,INHERITED_FROZEN,PARSED,PARSED,PARSED,3672f3300f8c9a4d6c97181e3d03ea4fa2288d407acea4652acedf799c66ddbd,3b0fc1d4a7ff285031558c8ccdfc95d450ca74492dbf9088060bf3923f10d4d8,bf5f8296c8e1eb3593c07100a7d5d819c9aa82c881ede67cb09b4d15853b0465,7e8fe4a0595cc71ff2409b552146ab1406d25847cbd50640d3ef317d0da87580,822d34388cbdb6ee6e990a98d5b31a1eada8dd87e0ad5d3b38996f0ca79bc7b5,01b8f88c99679c72e2db6b38988db96f2922f4c2d27acf76dddcb65357379129
ETR/2008/page_212.pdf-2,ETR/2008,0,True,True,PRIMARY_ELIGIBLE,True,KNOWN,INHERITED_FROZEN,PARSED,PARSED,PARSED,1a723303743d8a83f36651d33168ea922881b154b94838dc0f030c105a6b747b,d95adef72bac9f7e021ad69c23880940a52397de171f1bcaf89591a1c85c25c1,f69edf9361a7a7bdcab2b153900a65f9d774326b62b6cadeb12f8df21bb77b3f,835f8c7b311b6c1610eacd05a176471ecf8fb583bd9190b8bf25b86d0013339d,001993c8389832389151ed6e822c6fa279d145e5f743912bf4910bba26e65daa,8ed0db8df8ccf98679cbbcc66b4f921f00319c16bbdff692e61ffa13260ed881
LMT/2002/page_33.pdf-3,LMT/2002,3,True,True,PRIMARY_ELIGIBLE,True,KNOWN,INHERITED_FROZEN,PARSED,PARSED,PARSED,318e351c0f0055179956a0a0efde63db4ddd839f200e864012f83eedd318c88f,18ed1e624d9b73540f6ea09d7236bfbdc2d60e1b513812bfd0faeaa2f0598845,696c88252afbebf06de10f164202429728a2c942f333e3a91f592466f5931116,b68583316e945d201e138c020fbf3cdfc2b183f8d21198f64b07faf1954b1909,deb0ace385c5b302390b0f04ddf3aac29d4ed29b44607a9561526502b1fc274e,a9efb5a3be2a4b006fd84a0b6a057261bee63238b82f780fd01a9f2a093a80e8
GPN/2017/page_72.pdf-1,GPN/2017,0,True,True,PRIMARY_ELIGIBLE,True,KNOWN,INHERITED_FROZEN,PARSED,PARSED,PARSED,078ead4e2ecf55fb79540e88d6306b161e11cf806f7608674873658c4f44f9d1,bafb69d313dc67e4dbbe58cdb9437fc0bb11f1333da784a2bfe9b2ff20533afa,4a5b30d5fdf3b26207387de88c727302d72aead3d2e52df424a6fdb0ed878985,326116d5fe4a4a35e39e6685b496d4552e310c452bd128d22a6124a262b66d28,643a113a495fcf2047232a5fc91a8b356d8d7a665bd4a16cd0d156365437467c,fd73411dccb8979cce384abb5e20d4677e0b1ceb642680338fb98aeb76424aad
RL/2018/page_9.pdf-1,RL/2018,1,True,True,PRIMARY_ELIGIBLE,True,KNOWN,INHERITED_FROZEN,PARSED,PARSED,PARSED,1d9071e4887027631c75b88717ff3d080ce8430b11bb06600c6ddd58aef577ae,f016682886d56ddf34b790dcbccbecf6f53633c89d4165a3b3958b37ff629ab9,82304377eab9c1e597cadec517b33e9cc283eeb314fbc5a9933fc61c9ebdc0e7,282f0409eb148e9df34197de0bb6bf4ec26329f792bf1e801b72e9cac5d1e952,c1d1ad95816e3dc6745f2f6156a388255e5d6f8e5393db6460db2aef13719593,9be3e922ae99e2bf320fe1f295f0c5f9453c1c7d66895089ef2d735f7d10f835
AWK/2017/page_172.pdf-3,AWK/2017,4,True,True,PRIMARY_ELIGIBLE,True,KNOWN,INHERITED_FROZEN,PARSED,PARSED,PARSED,22d1f198ec284fbefbcc21e925a86e823084f5622f34b5c2993e1c8226adbe94,91cff8c94e91e153d4e9624af2c74fcc30efaed0d5a8d3a5dfad26fbe7f54d7f,9382e1294cf5a287c990fdbe244fc933df6e527a37d978ecb1d0dd53f99b6865,7ee08393f6d60541ab0bbbb479ae97bae1dd425eecab4d021553e550ac9b936a,62afc6d972e1134b8cfab4271649cd0ff46693a77f86c4173549586a4290c1d0,604a511f5ad0bb59f69953086ea221131c7be266d1f424711e275533f4d1f3aa
ETR/2016/page_24.pdf-3,ETR/2016,1,True,True,PRIMARY_ELIGIBLE,True,KNOWN,INHERITED_FROZEN,PARSED,PARSED,PARSED,d2ee9e55bf9038af91e8570bfcba441f78a91050e0e8ae5c2400959ade32e86e,bfe7533655ca352b49345ab12334ec3c2b81fe3b2dda9b21f63cb9655e4e2969,ad6fc978d9267fc3e8e6dc559dde70a4ecdaa0168fda02bc640c531e06a7f086,6646d440fca45e7bfed7a08cb7fe96b9f8d26e89e89d971ffb23b5c50b9203c8,d745d951eafe404d528c8a9b57b76fce8baf2f660be1b8b92324742b268eeb2d,f259345190c08129b1a042461fb094b024b0b46d17fd87a53bd21c598775e8f5
AWK/2014/page_122.pdf-2,AWK/2014,4,True,True,PRIMARY_ELIGIBLE,True,KNOWN,INHERITED_FROZEN,PARSED,PARSED,PARSED,d0cd57d8ed01f3949a87a46976fc3b01596771d70adf6a521e9514012950dce2,0ffb905704deb9073fa9be3eb934dd1fa8fca0c2df3837e3360f5a65763acf47,95552acc532001480010b86f0d4b9c4d6636dba4152fc03b48e815e9a0a99f9c,03605160701f5d9fe4ea081f5ac1396c13b2785009747bf00f04dddafd4ad414,980901ae7c106dfde6dcbe7bcc42177582209c4d96f07efbb371d25673b217a5,72c1f22b4476cc2d282b298340164db7401ec5eff31ae6655fd405702b1e4311
AON/2011/page_91.pdf-1,AON/2011,3,True,True,PRIMARY_ELIGIBLE,True,KNOWN,INHERITED_FROZEN,PARSED,PARSED,PARSED,38d0216017cc01c16bad41d3bd5a0fed1d2ad85e01c72607880e1aacaffcae47,6f4c96ee9ef8ef5d7d37242a7a4c34558e4cc513dc130773e8e302a9e5c3cb39,c407a17f25931335f8d5ec18a7854681dc3ce164f2f27f75a32f59f71a384f78,245d7e85fc0b37c5b8f1b933e1f2bf4fd94453e80ee6b1ccca4d14cf8eec7e82,427e8e7bd582f73dff9bac870e6d15cd31f101155442d1339e4b485f29b67a63,e0e16c8f4ca18a4c19d60d6115b99bbe4c6f2496b219db123e05c05841cca2fb
ETR/2016/page_144.pdf-2,ETR/2016,1,True,True,PRIMARY_ELIGIBLE,True,KNOWN,INHERITED_FROZEN,PARSED,PARSED,PARSED,13438cdda185edf4fda3348d8fe3850f1dc747578c4c2fcbbbe8c5cd454086ec,b29bb7f846d6a3586cd0f8ca1dd9e9ef323c80f84a847108763ccc8cee21b5d3,21488b975dffba23615ade0e95dac81dc738217b99e3597b2da1ae66fce88da9,a290c88a0b7141828f06b22c4a36a52b5fca4e9690b157975740b06bf0bf4613,1710e1044ee048267a86c5c43ab92cb0e09191016fce5342466fbc70b20bffd5,5c896e0618efc6cf73466e0ea596c9578b029ca88e574f55d6c2162c035ea7cd
ADBE/2012/page_87.pdf-4,ADBE/2012,1,True,True,PRIMARY_ELIGIBLE,True,KNOWN,INHERITED_FROZEN,PARSED,PARSED,PARSED,3e3615af48539a2f1e28780ade33cee333ee20090a5f9546837320aa939cd271,dfd79038b8c7ed9624ee5ef2b25509056fa8502872aba0edd9f064cb849f0ef4,7de703911ea3b7f0174076d59966a719624ddbf8f7eb710f23a5e4c070e5de0a,f540e9874ceb0dace22ce64467d53be80369080358e00f48df581b0be3d11e54,b8f227e2bae7c41ac0934c8edd16b3adae379995ff2da64c8bbbf1d7be2c280c,3cfdff1b0a347b706d97c5e66446f14970102ae78554bcc0c68a0926581021dc
APTV/2018/page_34.pdf-1,APTV/2018,1,True,True,PRIMARY_ELIGIBLE,True,KNOWN,INHERITED_FROZEN,PARSED,PARSED,PARSED,645fb4874e0497f032f33f3753c2fd98f7496d544d81f72e5a8e1e2d60a679ba,e3045e6f10125c02077e101f6cc7e74218507c3c4e4b56cec43c73bb5e5db163,88565e187d675186e69c820367abbcfe7a2319432da8c121ea9ad6a9b99a2983,d843e64df515e24e425ccf84b667117c0691d1c2f5f8c01763e0ab3b357e1644,effaf381723b8b6a2dccfa6f99cd352d58cba570ea57272f6a7b758d84c42bf3,011adaf69a8090b4ca66655e65581dd7071d265831fa2038dcc0001394ab8980
AAP/2012/page_61.pdf-1,AAP/2012,0,True,True,PRIMARY_ELIGIBLE,True,KNOWN,INHERITED_FROZEN,PARSED,PARSED,PARSED,fb500d86ed5d60614cd7f07a091b656c13c9516c4ebcc90b587e5f8d9b9638e4,5cce105771376be9d7fab8a0f5aa994636ff0166e58e1dcc16556390c7fe62f2,f3c03a00fa48cc2a03250f54528f53bfcc017b55b340a39fc30ff9039d2c6633,240d04ed31907487833553c061e5b8be7152b13185450f16ddf6dc089677e097,64ab75db68039c912ddc09a6714f3041132bdd2d02ca27232fc41b303a27b4d4,5d243fcea6c948678f57c700ca6edd8de07d522879a5b1ca22d9454a1a3560c0
MRO/2009/page_107.pdf-2,MRO/2009,4,True,True,PRIMARY_ELIGIBLE,True,KNOWN,INHERITED_FROZEN,PARSED,PARSED,PARSED,50bfc939400e1d0cf2a232f8db3566d0678f3323665fe2b93c7e041be85c4fc0,8eed0aae8774718056798de9209d6dc16057ef68e5e73bd2ba60eec333503448,c34e72400de5c4d3c5b361c60fa51acee6ee68cfb597bcfface41cdf6c38e921,238c9ba56ceef52deabe5b10428e73b83409a6838e27048903eba1aa1c175daa,fc22ea719e9ca99e1a37ec83fb84799c427bc179b1b4ad8fd6ba4468ba08517a,06fab3e20cd5d842f675a7dac2604eec7ba064fe85fec1e137305e9f98e1c599
ETR/2004/page_125.pdf-2,ETR/2004,1,True,True,PRIMARY_ELIGIBLE,True,KNOWN,INHERITED_FROZEN,PARSED,PARSED,PARSED,d5cd374f6e484d97ddf2296c06f1bee04c5e64be76e16acbe363336d72d641d4,07d21f6b6f78dacf6fe1fa050cb06aa3adba175a6690cd2e960b056a4b356937,2ec778314ec77c86d51dcb84c58e34fa5574379440053872c97af48f4fdd2a2d,884521e5f01754a6c82758d6a50ceb1841ed01801d0a230cd8db6972da3b0239,20a725432a329563664c4aebf656f462c13963d38768619ccf39bd00776c0145,fd08f6e2b9e2581ba7f5c461de2d4612a8a14afbe5172a75c07e5cc8078a262d
STT/2008/page_73.pdf-2,STT/2008,0,True,True,PRIMARY_ELIGIBLE,True,KNOWN,INHERITED_FROZEN,PARSED,PARSED,PARSED,6df0a17c726691a396192a7e28481a8f27c1e0467d456321de662c950fde5378,f369d7dacd03dfa03e449cb521b26589fe19dc6ee3e6b24219d7320b252ddbfa,27a81539d828df1b2fb4aed9cd7c3e141c2aacef88f36465262cd6e602338897,cfe83c37f9e3a6cb46fbcf177a3cc3a32d74cb69f3a3478bbc687690155fe31e,bafb194fd74fe45c2a06dc7df532fa621f7eb8f9d36f2416200fd7e91abe7906,dd5a4506c639e4fc03a0bf6cc9420f43d785de12ffabc6d14bd65f903f29cf79
GS/2014/page_167.pdf-3,GS/2014,3,True,True,PRIMARY_ELIGIBLE,True,KNOWN,INHERITED_FROZEN,PARSED,PARSED,PARSED,c75dfdff28493c6339af4a42ffb953c69f40c38eddfec8d0fe42f8396980c57f,74013e06794d912c784cad4e667efc3d8e6dbbbfa9ff8123b562f92719804ab2,641bb0a502a965b131002e955e286402d0a5ed4e86e2e0c1ca388a464a1980d8,e9c5110f35b810772c28acdbc640cc676ba932048149f89684b06c3893b5af8a,c8b18fc642d8115d74da02b57048c9908d7b0a782faaf657599aafeeae1616d0,cdfe73a3ae17c6a7d4ef5dd913cd01db604f806e698b0bc19e37e91c8eb333e1
AAL/2014/page_89.pdf-4,AAL/2014,1,True,True,PRIMARY_ELIGIBLE,True,KNOWN,INHERITED_FROZEN,PARSED,PARSED,PARSED,ed5ee0fd004b7f195c2450cc31eb95672b191b46dc9ff47363690b74c95bd432,d95a381e0c9e7eb4f3d2994c40a9ad8ebfe1d94e56e9009cd407f7bb8c06924f,d6442ccc2c90396ac9c07ff1527801c55906a651374c12f51bebb754eb9cb907,af581b0c4310053dac0e2dfe4249540543fdc7cfe08fd87fb5769a07aa206b3e,48cfbc53ad65f4a2086888fb12f4e591a6abcc003fafff32b284517d3707a625,f31e6906b778f4649edec8f6f3cce93a86d9470d3fdd4ec4180245244ff607de
GPN/2007/page_39.pdf-2,GPN/2007,0,True,True,PRIMARY_ELIGIBLE,True,KNOWN,INHERITED_FROZEN,PARSED,PARSED,PARSED,5eaa0047b30d538779779a637cf0d6ba2d71dc9313b0e111db588f833e25f852,5aa81ac28a282e2bbff25ca71fb652cbf2ca71a12e8ef92cdab3e1a8c1151d86,f0981daedb1ca436bc301100f0637f030429b0202f2eb454ae72b4f764e1b8be,cb31f750e3fa16e266a6b56fdbe82f2450b2ae2e7c18ee51f1bed5fe4197e373,c9136c8c00f9fd2147d8d3e3724a28d6c9924685067de81ff38ee02ebe4f30ba,7e26ecbacb8a3bdd3b66e56ef9218c20b51045ca4f68f45bc0afc7ec30c2b1cf
STT/2009/page_109.pdf-3,STT/2009,2,True,True,PRIMARY_ELIGIBLE,True,KNOWN,INHERITED_FROZEN,PARSED,PARSED,PARSED,49c32b5d688fcddd5a9db9ca4a13972c83654f7c3127590e810bccaf21e3e8ea,862c5585f721c8c675c9e6598b74f336bc2f232a261dfbc1fa57fd94cf674baa,e5b781ee2b6160b86fd2085f4ba647defd240d2c9c57bb0ec22ec8e8e1351b89,a89328b2ec6d63206f34c5917f63f0b6e0fff5c59c9b9542ce1e9ed283c126e0,25b0b1eb091606e533d4d57881d6713c80aeb29b3c97608715d908eb407b033b,606f96d8df814ffa074324e6883cbae9f93d1cd79480f93e2cba5971513980cf
IP/2015/page_51.pdf-2,IP/2015,1,True,True,PRIMARY_ELIGIBLE,True,KNOWN,INHERITED_FROZEN,PARSED,PARSED,PARSED,7135e2ab5f0f16dea112f0a6768e668aaeb19010d345ce260e887aaceab4257c,cfde2c1f5d353a977ea0b70350f9c766766327988b402d0cbc7fd09c3b486730,4ce2d282bd527f9290a5c2cd45aeffb13e9c9f403e54ef0db538ff2d441ab21c,45dbabfc4b0b0046e17bc2d766fdf2751d21368c89b0336a88ce95e8ab7c5504,c126f0cd3f4f0f1e8531533af0fcd2d98be2bea2ed76ca0e6aaef7a4c6b8497c,769a6205b4514177868bd32c049668715304f40456c8ecd19720f0c1b92e62f0
UNP/2009/page_38.pdf-1,UNP/2009,2,True,True,PRIMARY_ELIGIBLE,True,KNOWN,INHERITED_FROZEN,PARSED,PARSED,PARSED,423756700fedcbe940f0876a4e333b0c64677d4dfaf02516e8371f41b7aca0fc,7695402233a2aafadacaee01b7f087a16b13d2f0c31e91f92c05dd9a46c0dc6c,e1381a713bedb6c4415c31c1edb5dce2ea8e53319ccec708b68742e6acf798fd,70acc9ea65937e702470f7684f7078472f904416b90cb40fdefe710db7fc9bcc,69a9222f41712125d80d38c5bb3993e8b2279741c4f3686174d35b35de239de0,bec4036d63a3b1b2f4872eeca25cc5608fce53d0499cc4ca6363f972455deb2a
C/2009/page_279.pdf-3,C/2009,2,True,True,PRIMARY_ELIGIBLE,True,KNOWN,INHERITED_FROZEN,PARSED,PARSED,PARSED,0b99b07bca8e6530133ede45d8e5fcde61b4bab84f86a4e00172cb7b4da9e348,e1a082e346c9471988225fd04c0ce317a4733f2fd648f4830c191141c7f7ee90,1076ee0a69e50ea37d0697b1db4a5300e0be34d3929fa4689511d656ffcca880,463f1cd74a4f68a4f5269e922b1abf9be8e79c8f427320b163be352074013fbc,b17bcaed125796d263f5abe27d5ec6380d443a10727d368433d001cdf6e7e5d5,8a57b0aca57be5666ca3a2efbb390d6f0d16a52abf5ea23614c3d3fac58b6303
STT/2017/page_63.pdf-2,STT/2017,4,True,True,PRIMARY_ELIGIBLE,True,KNOWN,INHERITED_FROZEN,PARSED,PARSED,PARSED,a020fe1cee503a4efd041e0cd835ade74be2f16119eae6afaeb2002f8b0f25eb,5a7ed26b48d4342e387aab1d12d7e9f0f3fddf8eba3b183322fb1ff6d253acdd,692476278761702e0fd8e6f976948793e9423e05d5c97caaf28758c33351163f,02bf6442e9cf2e2a95855d21a8cce90f5eb4c7cc4d521da521164d9b08a2fc1a,66b4b62402826ef39530634db1cd1de9dcde9a72362214790281d7ec657600c0,b0c38592845fbba4c25a599172cc3cc358d56d505fe66c184e5c4cad9fd8ac4a
ETR/2017/page_379.pdf-3,ETR/2017,4,True,True,PRIMARY_ELIGIBLE,True,KNOWN,INHERITED_FROZEN,PARSED,PARSED,PARSED,5723f425c56116aa917497638ed5c9efce9c1b33abf3d19dfe5134c70d92499b,6b52fb1b1cee2b5b5a21a1252151cd4dd3a98e395c353362047d8f95219ae8bb,206ab1066099d1abf93506b6af6cc7d54b7e94707882e39a465a652348d09fb6,2eaecf71d956a222aacbb4bcfb7f116bb81860d456fc702b0d2f1b027c0fe859,68d3191e085eaf3d3786d0e6bb75e3359c4df4ad9d06578e39cfd2738e8ed0c5,4fb9be8d579096a6b1113c3b167c4a6e6267fba9518963be004abf46ae395fb4
IP/2016/page_52.pdf-1,IP/2016,3,True,True,PRIMARY_ELIGIBLE,True,KNOWN,INHERITED_FROZEN,PARSED,PARSED,PARSED,a88b68dfffaf88fb8305bcd6defad1ff7b2f4a65f729aeb90cd0486d560afdea,38058bd795e8184ea978f674d5e57057b540d4475e742ff54e649343ba7304bf,97fc9f97aa6c3c8c73df4460073e56f2b02009ff4fdcdcc5ddd774e06dc36b4c,fa7b9b95f7b6d4843225ed1c0d7861695107e1ca8af5c3c31f753b06052d21bb,d6c5838ae332d386d4896aad4fe50201f89253a343695994936912f41bc57f3d,8307e4375ae83ec488c28313c5804fee81c07ac9253bef66141e5f52a476a059
ADBE/2012/page_87.pdf-3,ADBE/2012,1,True,True,PRIMARY_ELIGIBLE,True,KNOWN,INHERITED_FROZEN,PARSED,PARSED,PARSED,f655c083ea00046fe0c18c6812b16b3b460616d2086da7558ad361b198d9b6ec,a9f15181c255c9082c613854fcc9d9044a26659c3c06470936537d3d1920c66a,23f0a842d3c6a1fdfad565e08ba6b8ad41f8a07f08d1d8d725e68321c856a667,9a85994692088093ec87fbcebb6974c5925f170050b52ffec91dbf51d89b3bab,be924088357fc87e0a8cb69929db51be14566b18d054548288c538212e895694,e172a7b871e10dededebb2cd9d52771338c2cb47d27f3972f9c856bf94461df8
IP/2012/page_56.pdf-2,IP/2012,3,True,True,PRIMARY_ELIGIBLE,True,KNOWN,INHERITED_FROZEN,PARSED,PARSED,PARSED,917fd2f8ca4eb7bc1fca8ad94a9d85176b8acf40b4ead00acca064ba90f21761,f5b009a3f2cd275924084f7812988f9c20182b07b8b8a1c5f95ce47ba760fec3,c2dd25b532cb1ebd87d943828c31e82e935482648c595fbd9106de6a4ac467eb,eb762d9f761b1afb3e7f62dbf2596a1c837c654d77698e57cf4f999b61df1367,12f31159167e1262cd34cc861080f616713bbe78ed905b1f8d1bc52994d4f26f,9800f3c84b1b5940d9b2764cddcd586e6386be5eff3cc1b8cc8d274eca270d28
ETR/2008/page_401.pdf-1,ETR/2008,0,True,True,PRIMARY_ELIGIBLE,True,KNOWN,INHERITED_FROZEN,PARSED,PARSED,PARSED,389eeb0bb4b3e95a7144e606fcea71bd6c1ad0c8f9a6c8a321714deb89cb9175,c902ef65e2655caed2e2686e7ec1e6d938b53017c9bcdfc77a643e6eba8c0db8,4d865e2fd443028fc313459899eb04ce2fdf7f7b240724f8091e42d3f9156b30,231a413b8b425402e86954e6ef8f3bb18781eb44864c6005d63da3167f59b1b4,c75da5efd1c388e316df15be3b4217d89f09ab96eca15e54a448236bb1ccf12f,4a00ae2ca0c61150e1e18bea636be6f21c3b31914db01470686a598a2793dcef
GPN/2009/page_69.pdf-3,GPN/2009,1,True,True,PRIMARY_ELIGIBLE,True,KNOWN,INHERITED_FROZEN,PARSED,PARSED,PARSED,b2e9f051bdc3af8841018f7804bdffecb8d7b4e061ad53bf95d2164725c53594,8595da218605aecfba884214a01c6f757c5fbd9489b2f7a9cde30bdc7568fa4e,9d3d50a2569df5bc50829276bd728f71071df9f0a2bc74934d2875699200944b,9737bc1a4ec603dcdabe65fd00a1ab1dc32c9987844146918604da6d9c3a0e14,95b36298f4cff2314e8291099b89ae47e21e62ff98985da92ef71458f2cbad68,24478fb2a8a905a40574687bd682b52f23a6d2273852962b27f81fe3943cecb4
JKHY/2018/page_16.pdf-3,JKHY/2018,4,True,True,PRIMARY_ELIGIBLE,True,KNOWN,INHERITED_FROZEN,PARSED,PARSED,PARSED,39e297be33d4a75139cfd509d5e9e5078a20db570afb9341c9ba5d2bcc0153a5,a804787a9bf557ab213059913ec56bb51d39199928451c7220732903304456d2,341ec4dfb5c5a128cfdd9c5cfa6bca91798eefedfed019ad04e09fcd053bf330,22dd02c5ccf03d8f9ba2704bb8ec1367bca6176429b972990d2bac300551b75c,36f67d52c397ab262e95a22ecc67cd4658977386a9298ffc5c033ba52ba123a6,7857a200d7f095f26dd520255c03953c2d7be1e11a01eee82c427ac15c12f59e
IP/2013/page_101.pdf-1,IP/2013,3,True,True,PRIMARY_ELIGIBLE,True,KNOWN,INHERITED_FROZEN,PARSED,PARSED,PARSED,37a8d583a568dd39dda928bd9337fa803a5b77e97328ccdaa380d594de3e2c77,d5e89640051933925b90b59c7acb0b6a44e2a9ff9c1ef568982fed97b5975020,cb00f1414e034e944e511f05e84985be5519c65dea22ea5343285873a1b8a9a2,c231798662cf2c55803e7e51c2a91f6d3afd3b078f16841f55e1e78439c15d65,421f1cf63b660b72a9f67a3d2997b7c04c6d773b27c734856b77d2ad7dae0ce6,8ad924c87c7e6c8604dfa2d640cfc779541ee38abe1e9665672a2b6b7728a70e
PPG/2018/page_60.pdf-2,PPG/2018,0,True,True,PRIMARY_ELIGIBLE,True,KNOWN,INHERITED_FROZEN,PARSED,PARSED,PARSED,b98be717ff4d4a95a87fd70e0844b61703cfcc1f0617953730fe0ff2c7dcc529,e8d8090ce92c10f3403281c009449aeff8a327be2aa59a12bcc6bb66737965be,47d85ca858c706dcb937e075224aeadb1c7128d0db8ea3324c359bdc5d82952a,69964268bd8b57eb07c0acae1abc5f95f9a30d564d9aec50cc6b903ef75d6f19,37513633abd8dfe607d903a6a076e206f2bdf020435367d0dc46c5356401996c,86aa84cbd8d97c5db07b15f1383e63a96d889f96d1ead9c498184553f5b11ee1
AMT/2016/page_57.pdf-2,AMT/2016,0,True,True,PRIMARY_ELIGIBLE,True,KNOWN,INHERITED_FROZEN,PARSED,PARSED,PARSED,02b4741bb6f8cfd2bae04d968e9f369e3bb290f44b43daeaf8e61b0c73883cf9,de5d1da80c364d5f2a0c9646b90698ffa69a11a5e808053b6f17ed22e8cf316a,3291909cb7ec9d46b0c1b4632438b565f04634d513cc81fa8f357cc872b76e88,e98a3720c605a2d5b76f7c27910dc513bc7ce30eaaa0afbbcac2fef32e61eaf3,dd81cfa42dbecf1d95c1102b9e3003d33c5d3d653e9b8ee2093c91294ae4c673,65a824b3be36bd02b8e64f799e630b3f3737cee53b7822ecb87a64f3e94a4c91
C/2008/page_193.pdf-2,C/2008,3,True,True,PRIMARY_ELIGIBLE,True,KNOWN,INHERITED_FROZEN,PARSED,PARSED,PARSED,1a9d5e8f1f68523f5eb0f1fc8c31605a432d4d84e786e65a3a9b575f7d75c8ab,acbef64ddd36e7dee8a9c08a6a801d644ba5fa7a8107f4af5655a35690e0ec70,6888c5f23d9386253040be0df00db9df3d080245972c46539b5881c42871eb23,fdf778c25f9ba113eab855548d9a68c5718bc033bfdc3f393eb27eccd98f429b,8ece5e591806afb2e2637ac77fe5548dc0547c7860531c8bf031ca031794eda6,68f8321b11fc41ae58da3ad2c4d90aeda5b9e6734c06da6d3a6b6cb83a34dbc2
GS/2018/page_134.pdf-3,GS/2018,2,True,True,PRIMARY_ELIGIBLE,True,KNOWN,INHERITED_FROZEN,PARSED,PARSED,PARSED,1398399ef2b15a38767b82c18488ebf8f610ac4965d29b3ae376af0299db32d4,f8f95278d3da9e02eeb4c6bdbe721d3e0289b0ae0c72be3d1c4188b7334df148,9ce9448830bb049634020f5fcac8d742cfcb6469f70a72b2917afc5043036718,8569f5138445fede074425164a38956f335e20d9740523071feb30e32457d560,0c8b2d7c7f2d124f93fca11bf9b45b0d4a64aa07209fe349db8dfcd250d2467a,be6e35283cf2ccfa37a0eb0552b83ee92c2c3c7f01f5a3b6e2d2e25b4d421433
HWM/2015/page_89.pdf-2,HWM/2015,1,True,True,PRIMARY_ELIGIBLE,True,KNOWN,INHERITED_FROZEN,PARSED,PARSED,PARSED,e4dfa84f8ae30459aed6882dd896e9168e8973a6dac6501942c8e9878a3313cc,714978f9e6119ab8f2433cf395325b2aa7680e5e1a4d655947d7518c303c262c,232abff893060a82e57ca94004bec9f0e138260f7d936c9e7ba2051484a6c99d,f5440099c3632eb672e1b1f540b43512e9adf394707f4e8d03f4a3c781d883c3,113e0a8516ad1290ae924a3b4aad8ad38e3f90ccabfc28290097122895a176ea,716f97f98e5a54f34c963dfe0446e7ae42d95b1d831d633d1c601b303744325f
ETR/2017/page_373.pdf-2,ETR/2017,4,True,True,PRIMARY_ELIGIBLE,True,KNOWN,INHERITED_FROZEN,PARSED,PARSED,PARSED,db36504fa13afa58392f739dc15e9719c4675881c170121d260baf0d2a9c6ae8,70c4b6fa1f3f7a0d3334d2984c3c7a6c4e7e728a0947b4a0aa869ed88f6dbdea,d30296fb40203bc107fe21c240d2f16246c63e8031f411b528ffa35191ffaead,9ac71c553d2398ae8578a2ac9f8b2abe196249950075939fd5d44518f90670e7,4ce696c40d9cb1e673af7234c4f070847d5ad53fe73e68dbc3ecf2d091f35202,b23cc21265728140a2cfd757e9fe8dc3bff40134822128ed909acc787bddda01
ETR/2008/page_33.pdf-2,ETR/2008,0,True,True,PRIMARY_ELIGIBLE,True,KNOWN,INHERITED_FROZEN,PARSED,PARSED,PARSED,808d7d88aeab85aa828794d52f942bf250e21866b933f95ecef6f230a9b773fd,30b894032d1e7b8ad1749d03ba89361d44ce648194214c7f052cac7f31c3b1b6,b49b36d0624e35dd3b9dd887cfca5388e49a19e3269e01d53b9647c20e461b03,737c7197ad7b00075fc65d141e8669a37224102840124b5867acd5ab346c7c88,21add72e5fce5df889b8770d1d5b14a64ac56dd4f41dfed94209f4c25e821e8c,4b9e0b0e2a7b566ac9ad3f44f47b243ff2cf62b53e2f9f874ce3c28d5f9bb176
STT/2017/page_100.pdf-1,STT/2017,4,True,True,PRIMARY_ELIGIBLE,True,KNOWN,INHERITED_FROZEN,PARSED,PARSED,PARSED,ef762805f499957667ca4ece77052b663face57478af322b2e28bd8a301f055c,d40a5dc7faf05d8a6fc84458c108263df0276a13512654907c39f78cf92879d1,4bb059e6753d6e7cf79ecb7b091b56b282576f857d939c812756d363eaaaf753,11f7538240a85efc133096bc5f9592dd955f6385a1ddc17498d0b99082fb3e69,5325f3e90d0c8db29b70260293d5ac931761b8dac3655c6369b64382a735637e,6d17e42fc658120ee2e0bf0911bae9cea9b13255615d706e0357a367cf13af66
SNPS/2009/page_59.pdf-1,SNPS/2009,1,True,True,PRIMARY_ELIGIBLE,True,KNOWN,INHERITED_FROZEN,PARSED,PARSED,PARSED,39fce4e0a2352c0f2da411d40b19b5194b82f9f6d42a568166d378801d7cfd8e,16c549bd8df1e59061c7235e7c65703ffcc3e37975c3765d12ee7b66edb52c99,045d6a64e2a4432f4d2cb5a2118e65fe9ec0a1d759bdce6aecbe670a05e1c08f,71807fc728b0aa6a82a2fe54f51650f79d1196659218c7ecb2fce7da454c270a,5e4d17572b5e1db6521383adff0b9304373025dd0bd80787b63150ecdfde88b3,7015bfdf4bcfc02cab7b712a50b2bb2059cf2d22f930dc6a25800cbc8ea3eb72
APTV/2014/page_46.pdf-2,APTV/2014,2,True,True,PRIMARY_ELIGIBLE,True,KNOWN,INHERITED_FROZEN,PARSED,PARSED,PARSED,5406e9d22d80e65dab35fff721518c3dd6f0f856449e1282ff67951d2b5be33a,44d932b136dcaac7a47ebbd02dc1bcb9f2e75476e19b9b4d8d36263d7fa9a3dd,4421fa2db57d4ad5abb412c1dc6dbdbc2dbbf864d25b2584f8a718ecd7e1ea89,4411ed083aefdc22c53980577326e7e1e38f195982ae03a4be40c21038e85545,6fc150e320226212452947c44735c3c77dc6a877258321e5709d84eaf7d5340e,c18c793dd1b562a321c6faf30ce111b806698354c67d0d7d8d54ad26d4f5db6f
DISH/2015/page_142.pdf-1,DISH/2015,2,True,True,PRIMARY_ELIGIBLE,True,KNOWN,INHERITED_FROZEN,PARSED,PARSED,PARSED,96082ccead66dec1f1ccd1a505c4fcb25194c634c733bde70fb4d01869039042,333f1e666c5945e25b4b96733868313511d5f3cfa78ff2303d1f241155a1498e,108c8eb1eba00e93ba549b6a869f43b49e22126b4517a5c7279ad007748a3810,7234738c984e223b299dff3e7e339ce8c1166522d42d9a9cb2d07b020ec8c8ad,ee253f97ca2ccd6dcb3466a01d0a00e6e10f88f64ffe3cb9027e31101f17c296,9ed93082f7218faa3e2036315a6368197b0230537d323f51d91c4e04e7151467
GS/2012/page_186.pdf-3,GS/2012,4,True,True,PRIMARY_ELIGIBLE,True,KNOWN,INHERITED_FROZEN,PARSED,PARSED,PARSED,60ed844b7a77723fb48dc22a12e92ef1eb2d05630534d817e125d1b85d5593d3,24e33dc89585e5e2ccad3357b55734b5979c6c068a77737b3eb4e2dafeadda4d,38bfceb6a23dec1956677b1321914aca3d608fdaf8ce03d20d93bf70113ebfd1,83468572a7ae71e4d013f219d787a33175b6c1bfb2b3c927d8aedec7661efea0,d0de5786a03565ea751d22699017e21262502926f087d699d12a2d83a8813191,88cde954256580ce63338c464b6f354c13f7372967001fc89f61662e112613fb
UPS/2013/page_34.pdf-1,UPS/2013,4,True,True,PRIMARY_ELIGIBLE,True,KNOWN,INHERITED_FROZEN,PARSED,PARSED,PARSED,2964d439dca91c988f65082eea8104b96c55358f3584d41e2943c7173c0213d0,be373d697cd27adaa39be277064546070db4eb1bf88ddfa2d7f4da798080b118,f79f216186efc3d15c7258d6bce2412ccd360e4c8f68b0e003bef153e60c6513,cf6a0292300043c9802005acb7534eaa11373fb100106765820f0f9c138e506d,1837fc0354d14e98136ac185e2e109bee0a713d8f028340518a2d739c821c0e3,a6df421bae5f4d330bfc27d76c375144c3332a811699c6a261e412064be0ed14
ETR/2009/page_21.pdf-3,ETR/2009,2,True,True,PRIMARY_ELIGIBLE,True,KNOWN,INHERITED_FROZEN,PARSED,PARSED,PARSED,6eb2a29665e95fbd892365cd9f732eb384cd8b9320f6f29f4e08f222e2304a8c,28b3a4c6dd08f0b25ec8f97f2ca2645797c7d603ef8b2cdd9c425b80397185d3,7082f4b3fe89f912f6648e65a9c3252bab794e077e05c9ee50e204dd63c07cc3,15c034e7ee0a0b9011d3a89d4f7dfca8a862584bba7b23ceac6f1b10fb31fc07,4c4a82215705acb30fbd9b778df95d06e2b6735c638440bfaadaefdb8d42f563,4e2895e6532a93b107e7534581f16d441430643a8b5ecacc0c4fdd5ecb1fb22b
ETR/2017/page_379.pdf-1,ETR/2017,4,True,True,PRIMARY_ELIGIBLE,True,KNOWN,INHERITED_FROZEN,PARSED,PARSED,PARSED,c8e5910d4bca6ee431f6fab3093ee50463c9f30676a02b5123b29619d8086383,37f8a74cb8e4afd9ba3cfdb1021d05c76bbce86a687baaaa5e4dcc3159beaeeb,730274755b749267942aa824016c89b537301937537698912b97cf8597b94875,20304fa8fb06f388913b25d50d65cb5cfe9f58741611114efd0ae81dd1c46956,84cb61703afc25c2e5c3d3d61bfc8bf5af8df1eff068d5cd131554ab4758ea2d,20f2142047cc2f2960288d670202c366280c9dd35650709779eb8298bf554e4b
UNP/2017/page_50.pdf-2,UNP/2017,1,True,True,PRIMARY_ELIGIBLE,True,KNOWN,INHERITED_FROZEN,PARSED,PARSED,PARSED,c3442870bbdc0a8db2a3d8ef0265643f05ffcc9bbe80858fbff0648156382ec8,7b95defad0189e34e3f7b54ca17b96a34f0daa7b56343f66bb0b296473260ae9,5f81380896f3ab7923bb72974b994bd818f8adcbf0893fbf38571cee3b751333,c455753cf3723d807d169b36eb329a19966e7d5bf0cbc2923a6afade58c490ba,2a340c359e7131d3cf066688d956692f03a6a4b3546914cefbd06f8163f30151,241431daeefad0963103cc7b93828ef64ce1929126ce90d1d5410a94ba8070cf
RCL/2005/page_40.pdf-2,RCL/2005,3,True,True,PRIMARY_ELIGIBLE,True,KNOWN,INHERITED_FROZEN,PARSED,PARSED,PARSED,a271bbd1f35442e427bc6ac83bdfcfb2e82b2f96c1bb70e5f2ed86f079771527,ba6f709ec1c0b30f413cfa5c1fa73afc0dcfcbe1ada32fed70dd7a224f34a73b,392409183a4c47a86f89ea21fd5be4424ab73849ccfb819695d144322c8bcf33,65341e1f1b742b7790f3c1a75d305fccf1983636607ffb01022571e479841a05,900c1cc486288ae2e6ea809d68e9df1b83b40c707a2f30d649c0330d276a6ee6,2a623afd24818d34b9be4813b58602507f321de1ecdec28c0870f5b833857631
RE/2006/page_31.pdf-1,RE/2006,3,True,True,PRIMARY_ELIGIBLE,True,KNOWN,INHERITED_FROZEN,PARSED,PARSED,PARSED,988fb233bde473b41cf143fe4f7c5964b12734648f7ed0659b8855cdf0d6e2a2,45888cb20d004d390bb5b4f77bcee5489f44152590be944d9a13742ca9f8f826,1e91b4c34ee44abc4c58cb98809dbb7893329a36a9debb98f0ebe18706228d7f,7ecc36fc84997deba325e1c574a31d69ee8e9bf7a687a753c9fd6e4c3554c6ef,ef10f6177166b9deb53427c45dc865f3d9479ae925b0c4b1a7b59118dbb7fe43,04c9efbba45c85ec5d9816a8219813595fa6aae01dad01b2ab7003d6da36d74d
C/2009/page_48.pdf-2,C/2009,2,True,True,PRIMARY_ELIGIBLE,True,KNOWN,INHERITED_FROZEN,PARSED,PARSED,PARSED,eba2b66b44ba51a84e9c220ee64311b0c02f38400222dc14210f1a1879844156,0fb50fccc4e1ee2941c511a49ec4267af87742addf6eec95b5efbf7a8e56024c,b8ad11668bcbff7b9a89be8f3107182da72677a9f80700ea1b683d5be61042df,98589f4cf99e4592dc5da05af9a498b66f4ae3a6aa8b74601e853a8e34b36e0f,48151e7cd4d2772c5db415049fdfea93e7e5dfc65f456afb6e9c379ced7460f5,57fbc104d57809c29d069f6b9afda02e9030021d7dd52ec53e080c33942fd6a5
BLL/2011/page_29.pdf-3,BLL/2011,0,True,True,PRIMARY_ELIGIBLE,True,KNOWN,INHERITED_FROZEN,PARSED,PARSED,PARSED,2e426ac7b2b5a27059ed240b1ce69d54e28b3b782dbffef963fa507ce6e68270,68f457b7eccff99b300a1a83de87698a865b56ff28591b4229ddbd94af00f090,d01583333264c3e36ec5d3614a32fb07fa72efad62f299658daaa0fb2bfdb3d0,5da36a4bc4773cd0a3e13d79076ec27bc957033252e906fb4fc11e01ff1727b0,6579e1dce065d7cad1c8fff6f4d60f9f3e0dbc60ef83e160b75f2888f9753186,0f15f54bbaf36094dfbeeeb09415ff93c027f78099eef8609b24d2af37dde542
EMR/2017/page_66.pdf-1,EMR/2017,2,True,True,PRIMARY_ELIGIBLE,True,KNOWN,INHERITED_FROZEN,PARSED,PARSED,PARSED,abdb5f2a6c3e9f3e3b796e20a4c2c4a1b43211672a26da10161f941c51d7bb07,66c418293146c45841c68d77042d913c17048691f70d3335fbdb9ed2f6832ded,c9ceb42d110ac3194c3deded408fb95546bfbbbcb4c6632fa27173559aa78bf4,36ac1018de027b1cc1dcbc83c7db984a82632fe49d8175c517da27bc5ca9c548,5c8fe1eb9cb4750bd9d515bdbbf3e83f0ef0178f2f55cdc3b4445148235e2de1,d393bde4a66343b6b30adfa5d04451c23a5413f11ce51cb79d7284cdfd5ad4c5
MRO/2008/page_146.pdf-4,MRO/2008,2,True,True,PRIMARY_ELIGIBLE,True,KNOWN,INHERITED_FROZEN,PARSED,PARSED,PARSED,2cf8174f8ba4aaf583435115ce9771ec25f67af1b351473e1f58b5fa926e2a74,5c5adc9dae368b48e0e4214a8f99e96770e3e416063b79bff68bba4a03624a39,9928ca070c1177cca43b4631eb9ef32801398f3919c8f89b8ffc935c3d4b1a29,28d53c1ee42d651fc1c7f188d964ecca29b3212d3cd51726a14106f66bbfcc88,ec7cabf8ef5e3ebc67ec279a00ca8c6ea5428b06446b955df1bb03a519f34b32,dec9e8f6cbfb5315fd722e4f704f4d926d54b2d5962a757153f222093f74043f
JPM/2008/page_177.pdf-3,JPM/2008,4,True,True,PRIMARY_ELIGIBLE,True,KNOWN,INHERITED_FROZEN,PARSED,PARSED,PARSED,66492ba14cd5660a2f16429d2e43635109e339820551c7b915efe50a8719e1e9,9d6c57041718b2f43ac99c38e82df561f71c8ebca9a3247bb158ae2cfdc8d7e1,f6969d4363614e61972f6b55a4fe49ecbd0341abcd7dc79017682f8240ea4dec,c2b8242d6d694d7d82127b8a80957cb404df23efa76d10b11eda4034b990d9db,b92d6a1de901fb74aa6209ac4b330c4af5c25859e1d76ebfbd9098d6a7e1d485,2edd995a9a4647ac2051dbe81ced3dd4b872ae2e9d39a57b32ff66de2981ccc3
ADI/2011/page_92.pdf-2,ADI/2011,,True,False,DIRECTION_PENDING,False,KNOWN,REQUIRES_HUMAN_REDERIVATION,PARSED,PARSED,PARSED,8908a402e2f029cde98f8f4e93e614951d75399d6f225244ada6064cdb593cb6,9f61fd84d2f04fa4bb8a8878789a8d484a764a4c38a2883daac3e5b846b368f5,ee79e8975ca7cda7de05504a7f1b68a57afa7188c27f9e4837eb5b3712b2367e,04978424b85c98c2afee546632354fd3358d6ff895745e2a740a6ba77203b0ff,ad011106813ea3976250189f8c0e9c0e5227bd5bf2943b636cd0622892f1ff6b,e6752c1b4d9cc34583d2c2d731b98e8a349aa62f0343790084505eb689e7a058
GIS/2017/page_46.pdf-1,GIS/2017,2,True,True,PRIMARY_ELIGIBLE,True,KNOWN,INHERITED_FROZEN,PARSED,PARSED,PARSED,045379f928018bac53fca9b7a50c65d2d6f9671e3fd48986770424e3ab0b87bb,c13fe447927e9885e37c2a47129ea6f8bf5e385684d2f122b5b02c71044e997c,b113c4a5871043af42823adc7ec5baf12a06a3047a292b2641dd19df58bcfa7c,01233f19d393708f431072fed203018eb9b96c0a9562946781d4dbe457b02c8e,e837d9936c575edcb74d5996f6919be959487df493b780986e06ef04786efb46,51e8e2fb036650b63414cfe3c71ac14e0cf2b80dc23db9fba52751354127d822
CME/2010/page_109.pdf-4,CME/2010,4,True,False,LABEL_UNKNOWN,True,UNKNOWN,INHERITED_FROZEN,PARSED,PARSED,PARSED,e5996e0fb14f3a3596860aaf13066140494a30b9dbec6a90d7e55a9fb53c6338,978d2dc8d8f7fee94ea28431b128f0cdd97de8676cbe2784199c08e25f26a965,6e55a1cf902a1f57ce8fcbdd2cfa6857550779079e4977411c5604494c7beec0,d24327a3597b7cde6953efdd75fa552e1d5aa85825db63e06bf49bf5166b959e,50c946da650f403b569b30a864fe19d51abb8587157e2de65ec76ecf5b8f2394,c2fd26f54202ee92ae18ca7865184a68d92df9deaea0ec4b0ebf8b714a727f64
ETR/2016/page_343.pdf-1,ETR/2016,,True,False,DIRECTION_PENDING,False,KNOWN,REQUIRES_HUMAN_REDERIVATION,PARSED,PARSED,PARSED,afd5e7637d4e5630715f30ec89d0450c523280ebd6c371bc58377558d3ebd4aa,d6fd399547226dacee4f1793d3973f07927b9bab7826f119d3144d4f0a9d95cf,dbfc933396aa03ef159add2527134d8bb4f4948e2419b735f55b73ca2c58932d,99a08bc60a58c4f763cda963c7c35e185ad526a6933bfedc4388edf549101493,e8b0a8bfd6b8105a817aa097fe1b870ae22cd474871746a59a2f47353af9ddc8,6013d444c6c9ed55eb028224696cb883132dae0088198033933c4cd753cb9122
AMT/2012/page_56.pdf-2,AMT/2012,2,True,True,PRIMARY_ELIGIBLE,True,KNOWN,INHERITED_FROZEN,PARSED,PARSED,PARSED,db7d9a154bc77acdaa1a15f4ee54ab014b45a67948eb3d1e93348dcf8238000a,6bc4e0d28c321ec33fb411ec93bf539c9a77436feaf97176647295e3316c6472,d9f649f2b88fa10557dbd2374e52d12b5f7bcf518021e4e6c330a626e05ef1db,84aa1e5693320a6b866bca5c1e3c0d559fa06c36f7fff6bbad28038d20d5c1d5,dfe1120751177000352e22f68a95ed6c0d345b6ce79e84c328d6a96bd5c62120,bf8cde41e87b1df0112fe5fb066f7474e3ad152fef3ae3e5ff130a19726e3e95
UPS/2013/page_56.pdf-2,UPS/2013,4,True,True,PRIMARY_ELIGIBLE,True,KNOWN,INHERITED_FROZEN,PARSED,PARSED,PARSED,1ec959eaf5e711a2ceac402528bef9e07a800345544f4f30470129b1e5890dd8,8c6cb4d5c176ca93b2ea6f90240aaf8dd4e929dd1a5f69d37a0cec37191e6011,8306532c24160e0ac4731af8ac00c3fc41a927a5418795c3b17c201ff12f8ea8,fc0925ab693864d34dcd7ed92dc2449901cb34add24c7c76810bd8b4e81eeedf,c9951719ceae1735757057562f43569d34128c3678b84b494cc36a561d2b0102,cc8164b00c443ddffc527df632ddbe40938d22203e6d50d568dca5ff77b35d1c
UPS/2015/page_108.pdf-4,UPS/2015,0,True,True,PRIMARY_ELIGIBLE,True,KNOWN,INHERITED_FROZEN,PARSED,PARSED,PARSED,5d3f2c061c508e23948377de174409b880fdc5e69567d38ddf18268969c6c93a,22d1b246771407648f601feb4526c95ff70d760466f2bb01e10b33cece6160b2,07f317f8a01aec6fb549bb09a5f3c45154b35c82263ede926795c40de06693ad,cdd5fa3a82e8527ec9f678a6cb6df6c0a54d71b40591535dd6985f2c9427caf2,e75a6a5d350334127f81371487c86e1510c4e3f0fd463f0c5263c868d0ae5262,dd33e51d96b0d9d37cfb62c4f4222f257a1d5256add7ee896cc5d1281c34bfdb
AAPL/2011/page_38.pdf-1,AAPL/2011,2,True,True,PRIMARY_ELIGIBLE,True,KNOWN,INHERITED_FROZEN,PARSED,PARSED,PARSED,028fcf2d0335702b5e26eeb446afdf8dfbbfdf8ad19436a5a2990a4881501397,527ba5d087a552efaa5b8694161855192275025384c4a2f779a771280d239d92,7870d3544686806ede1cf18324134dbcbfeffd549ba99e0f6d40449959cf00b9,6e9ae8c6a73c969a0bca5dc76193c933ee9f1666759ee48b8d3249c84cbe2527,97f162f3e2637f3cbf015ecd08c989bac0be844becf9fe2a0175400b55ec09ad,0e3951fd2f2a4bd8031b67854520f9a4c366957e3396a45aaf2a857460631d9b
ADBE/2012/page_113.pdf-1,ADBE/2012,1,True,True,PRIMARY_ELIGIBLE,True,KNOWN,INHERITED_FROZEN,PARSED,PARSED,PARSED,2af997a7a5b27328bba5db9e2f445564462b6d04a50cee521868a9fc41bbc9a6,31bce0facd07b8ab5d76e4663f77182819087084a9ad5686c715d76b4615cded,a33d59a84f8e34a9654e40aac39dc497bde47539b951c67021a9b3bc431be56e,7ce383926a72eeb79a486eb705ba1fbb8cadc8ad0e82dd9d7d528a6b4519baff,b844e2c340721687d6ae1a5a756c179006bbac9af1972325e8219e64d656f30c,3d4e4ddd1f51a0fa0092c6e08416d692a53888f805b45134349334efe09ade32
BDX/2009/page_81.pdf-2,BDX/2009,1,True,True,PRIMARY_ELIGIBLE,True,KNOWN,INHERITED_FROZEN,PARSED,PARSED,PARSED,4964899eca2dfbe5d3ae6f9e3c27d600018193e08872983856ba17f82eea9fb1,f2a5dfa1d4e5de54aa524452a50394e7442d634e5ef1a5bd89a405e0d7a46b0a,46f75d0e9d5dd4813f748c8b79a5f75271557c9f84dff4dd9942e3dda5a3eebc,f5be2f7a9afce7cdbab31bde3ef74845dc95a81a951c85733a1a601a012753b3,32021c710200c6399f1ff5bb25bd31c8c3af121e2fb172acbb1e46db5a7863ae,222ffba88f186489416ea0beaac480ec03dda4f6bba501fbc3b3320e067a32e1
BLL/2010/page_58.pdf-2,BLL/2010,1,True,True,PRIMARY_ELIGIBLE,True,KNOWN,INHERITED_FROZEN,PARSED,PARSED,PARSED,51154da2ca9ef5a341d3ee4f7db1b719377a5588378e0426d8edbcc9df60e397,6e7a0ec70685d71459e731ec3f6355679f8df112fcd16ec6b2ae9f6dfecc2eb8,331abd51b90f3bd3bc70e6181291367b59cbb79ca8e956dc0a07f739baffb24b,22864eb5a7b2de051d3c133e52ca9c97b266cb1c0a32f03f3d4d0ed0ac0a712f,5b21f97d53c7eb0fb54cedede4264e0c404c3b565b59b1575ba05ae9778cc31d,1cebe5fd666f7a6a25726caba0ba2adf45b161f88d210e0a2997c37eecb8d361
AAPL/2014/page_78.pdf-3,AAPL/2014,2,True,True,PRIMARY_ELIGIBLE,True,KNOWN,INHERITED_FROZEN,PARSED,PARSED,PARSED,fc907fa8645e066695e990e1703f1cf70914d163f38ee7c834fba20808f66c1a,bc8c1c4c48074d8837a1c5b122e8945b57ed444c20bf8716591cb03871cdd30c,d4a55fcb535ce01beaeeb2e73d61dd2ab2517d6169ada23e315d7607ef1739ba,4f589c6de685bbf9e6210099e5f2670a32e15798d358c354756da1a4422342a8,de80772ae1a598980824525f4228bc1c9a8775ed28183f19553e744265b15fc3,84f60cced246d3becee9cb9c61b6b95204b6a7a376f2ae39600a73e1dc3d5319
UNP/2012/page_47.pdf-1,UNP/2012,4,True,True,PRIMARY_ELIGIBLE,True,KNOWN,INHERITED_FROZEN,PARSED,PARSED,PARSED,696baf4cc26074edc7adb849acca4d2f9ac21e5c9898c7aa63b8decd96856c2e,95169dcb997c6d47ea5b0bec2d0fe04f52a7ed9b9ba92460ebd54130e9d0014d,05930238739ca036dd2a210bb0738f61483ac058ba2ceb016962ccd960af2753,263652e7526700cb1026fcf7568f4c9e146ff25f1e1b4a4098cd25a04e17931b,09832e49e4b39a1f1a424597fa4b5bd393995b0466343eb6ea30c85e9818b540,6b109998ce82cb224b35e8fa821e315cf73ba0599e377b482d7c7669a86894d2
ECL/2017/page_96.pdf-2,ECL/2017,4,True,True,PRIMARY_ELIGIBLE,True,KNOWN,INHERITED_FROZEN,PARSED,PARSED,PARSED,d4b3c162ba66c40948a55955103bad25d05a590cd40975d1975ab39288fbea37,96dfe1b560b9365ed7e5af7c2ed5c84e8062b0fa25d27c1e98e242c27b7c2224,ae8bf70f11e08c3b6ddf7e4b278685258588a9343191f2358843be07851c7b7b,9da05127ff2394931c3e1c7257cc73c80095e161c305a55ce8d226057bdf21bb,97a4f178f1b1d05c52945a107e9ffc249004ac2a9b7dbf5964bab9f3929b8a6d,e65ceb067d6d57fcf3e9040d12217bee7196d8c4582327eacd3e14835b42dadd
MAR/2010/page_55.pdf-1,MAR/2010,4,True,True,PRIMARY_ELIGIBLE,True,KNOWN,INHERITED_FROZEN,PARSED,PARSED,PARSED,ce41f5c19eb0ebbe2304f84a76f7fc3c941580071fd8cce7f7b4e62e2e6918ad,e7096882ed241f6b0d685b8cd8f171a29c6dc23a30e71a3971228e8211d59ce9,926d62343414d720f649249ff8329bc5ac14c6953b8c400ae0ddecaf9fbac141,17e6908ae9610716b7d574692e5c9e0bb8a69a43995a30915216ad6f531c80a8,bcec5f1726e9d58bfc0b463510b474b0990668dfbd4ed26043674b329dff5660,bba7f867aea86035034b465c2c9a326074e5a1df77d98007f1dce4b781e7171b
IP/2013/page_62.pdf-2,IP/2013,3,True,True,PRIMARY_ELIGIBLE,True,KNOWN,INHERITED_FROZEN,PARSED,PARSED,PARSED,4bd2b2e8ef10035a37907ee97dc98516f90926ddebed7e3d93f32e47a479aa4b,30ba948d85a57b77cec986befdf9d5b12dd1b33580fed31cee198fb3ca6b4b89,d2defc31dd4e651caff934948bb32503b36d74634c42ff3b3f3dc917bc872728,87c4ca755471df74fc812bdb2b008a0efb5bdf18399ace237e16f72f8896cabd,5aec3b96566267d0568f7251fa7ca4bd033f0833156ad0667677b06b75102230,7c823c0744951c40b5ea127eca667d12cba446c257e02d8bff0374d9d6e4336f
IPG/2018/page_100.pdf-1,IPG/2018,2,True,True,PRIMARY_ELIGIBLE,True,KNOWN,INHERITED_FROZEN,PARSED,PARSED,PARSED,d365111fd8d56d87327ad82337d10dadb5e49aa618b4a67339243b4579f75c19,1e1cd766479dda52b4862f35856523b1ad555d85ce4cd890e57b446a10ec3b70,c6959e3cacee80be9adf6405ae1f651a3844ff8a62244655eff98200074008ab,696a2144a2a8133469011a18373956c876d5168152253741084e14594a7fb53f,2cce22842c8b2fbbbe51bae0713b30a11553911c1eb162ac7f8fea599ce656f1,281f5fca738e9cbc67a5c98bc9efb1de2dfc1360870d08e47d5cb13b8f33c9d7
MA/2008/page_125.pdf-1,MA/2008,4,True,True,PRIMARY_ELIGIBLE,True,KNOWN,INHERITED_FROZEN,PARSED,PARSED,PARSED,86b8f04eea3b82225767dca2d5220129d0c524d765cb9c65fc779710d35cdd86,d89dfef07e75c810b33847d99c74877f14058f8381fbf207ca4a91cb0d8b9f43,e6264f687151bb0cccf4ba0ec4bc87771ad5b46ce55fcd4cce0c6ae2d03d4d67,25bd10b1cbdcd683e46450dbaa95ba00bcbcb5d0457996e5cd03aebd6be8b181,8c2f41111685aeb941a9e14d28637302e81197f86c957264e38f395bfd37cc56,3a9bbd28ed7cc127d2d012589e947af1e23542a82c8db39b189d5efa5f48dac9
BLK/2012/page_31.pdf-1,BLK/2012,2,True,True,PRIMARY_ELIGIBLE,True,KNOWN,INHERITED_FROZEN,PARSED,PARSED,PARSED,1c8afbaee774605ad72f84311f8a4cd508f5db6fe97f274df70aa1fb0981ca71,5469ba0dd929c4f4178ac16105cf8a4029f5e93bdd2a78cba2776ad50ed648b2,bc94dd6c7ade5b7e89141a8825c330d7f05d0280f5b3a136a628be6a99a40036,dd482335ddf47fa01ae38e7f9ca33519affd1642d15ed8bfd9860a7ee3f30cd6,f99d6d6bd3b8eb62d33460208d17b53bb305b66b5626465b0fe3c5ff63e6177c,0302c01d363653c138d756f32d0eefb7e9b8179e8ab81b91b39820453a3901c1
AAPL/2002/page_63.pdf-1,AAPL/2002,2,True,True,PRIMARY_ELIGIBLE,True,KNOWN,INHERITED_FROZEN,PARSED,PARSED,PARSED,ebde285b73d975526e606424e352570d14f19bc908e3e3f20904cd6fa57a945b,258e728eb46584a3262f50691be6cc45f0503440c59bcfbf729362a6fcbaf8a6,ef44533f1b7e554bb6d22c505ed42d390ed054fe77184fdf0f0dfd0425138cb1,85fef3a917bae0d9bda7670175056538b67da47bf9dc12db574ab7873f708e36,a99c693892c804b7548107cb1510c1cdfe0554d97dc0b888345d4c747347be7d,e4b1cf6459ab76257bd7491165cc05108e2dda81c053b1effd6b976f3a43ea7d
AAPL/2015/page_24.pdf-2,AAPL/2015,3,True,True,PRIMARY_ELIGIBLE,True,KNOWN,INHERITED_FROZEN,PARSED,PARSED,PARSED,fe86d1469930262c20b6d8179d2206b3c49546e43006b49ac377f6ea7ae13f52,e7575cf933778e0f0cb42a9f94a43b638659ff76939c0ead194b36d4b0c816c1,87986b9f39a461078fae50850dc0a0d11ceef813ad0992513ddf9fe2d0edcbe7,426d31bddd2d7571a73b9214fb6b1f6173398e4c6ec98df505611a0321c0dc87,fe646f5fc30f2e44886f29f78a9f4bcc4f63029fece0929996302efdfb28f491,18876fe3e89b30f3b7dad3859ace0b521cfcd683c83366c6abaeb8acf763dfce
REGN/2010/page_72.pdf-1,REGN/2010,1,True,True,PRIMARY_ELIGIBLE,True,KNOWN,INHERITED_FROZEN,PARSED,PARSED,PARSED,10aa9706b9f53096fb9f044ef3479b87095731b4f819807f35ffb05c62a26f4f,601b3ff4b1b682feca295e2e26135bd2172bb499cdabff337fc4a7f95e5b216c,6bd8272db9dafcaec99d216538d38887834c9371849fb093d78c527d7c8b89c8,6f78ae9f539a7a6ee96c03b456bf79947c17ff2f266cf5f1f90ec4f7c0681f2d,8b1d7eb5e086b5acc525ad1af491685e6d51aa583fd74d2431da81b0c0dac629,dc1c4c0e295843a207888b4c5f6f01318d63638dd82330ae63673a029d9e6cd1
EOG/2017/page_93.pdf-1,EOG/2017,1,True,True,PRIMARY_ELIGIBLE,True,KNOWN,INHERITED_FROZEN,PARSED,PARSED,PARSED,73fdd77659d1c5238fbb1919aee6f44f9686d9995d5bba01d0ccf7c83202e5c7,553df67fbf84c36bd5ffb71e3f1b4546ab14987e90075534dada4cf5ff04fc6c,1e73183a814460d1e27133c826c028dc76542d2e27a658362fff3528f1d5b607,071ecbc4c55858dfce2e8164e3a26aad0eab6586e37073614d6db455b030b3cc,7e4d460ecdf91d7ffa0e79c0b6d1459039c75144305dd51e00b53b18fc32854b,0aa9cf96341be9fab252f00487c4d96ba54530eaa18343fa6445ec8ebdcb1a52
AWK/2018/page_150.pdf-1,AWK/2018,1,True,True,PRIMARY_ELIGIBLE,True,KNOWN,INHERITED_FROZEN,PARSED,PARSED,PARSED,995d4a62a82bc0a8ffa768fbb2bf7920703a54861cb6340030fa1a08a828c0a3,b32fd40a5d691f87be8d612c42e9f0c7ea09840381ea9f8b494e2ff8935885b6,4a8dc7f4aab85d70a8d9daf35678a218a271e1534e8d237c6b32db718472c373,1fa72baea3baeb1b295267e3929d96b959fcfeec04f7f6c81619f819a3a9b8cd,919bf0801e31a97eadc4d3c42ed14c9cfd057904ebe9bb51300935b3868c351b,7dc7ca93068510e8b17ca3612b08b2a353b014081084aa3de9be5709f3453ac1
MA/2009/page_120.pdf-2,MA/2009,4,True,True,PRIMARY_ELIGIBLE,True,KNOWN,INHERITED_FROZEN,PARSED,PARSED,PARSED,4893800c939d33337bfae6a9e4e7834bfa77f8461246ea38b67d64dd11357677,f8ab63c916d74556621e21bde12c17befffb33fc6941f5a43a9c4cccb5c406d3,31a564c638d7f00b4d17d1ceddfce78c7f3778fd65d3d8e408b9881cc241699f,06259678bd763870cd74826354379523a5c7d72580a339582a2a0f2f2091e512,420b5a2a9fa20945c11144d2b7800ceb8353c96820ecaed7753c74da8c33d6e4,f5e242536a4b74f5539d70581d825cacbf9e62095da7b3feab7b463515da9fe6
VTR/2007/page_48.pdf-3,VTR/2007,4,True,True,PRIMARY_ELIGIBLE,True,KNOWN,INHERITED_FROZEN,PARSED,PARSED,PARSED,3e0ab7c14f5076737906a9de706f98774d688b0fdd5df1195e36652a3426ba8a,33ff4caade12660823e3efda63851cf9970fb820229844e47f7d1a8aad917f09,ff00d6e414bce60b1f77cce3ebb95d9e29c6310ff1090980f4ba7f19e03f37e5,f73f6aea45b3d37037648b97aec6a6e4f35f844b269db739a360f6222d20daac,8542ee31ce3f0549cc6f11f577db82e39f59b70a5c229b25f95a45bfe0c3fdd7,3e6588954bf211bcc118fd0524c731475d858a2224cc229942850412835dfba5
ECL/2015/page_70.pdf-3,ECL/2015,3,True,True,PRIMARY_ELIGIBLE,True,KNOWN,INHERITED_FROZEN,PARSED,PARSED,PARSED,7cb47ccd0546855c0a9f82b33cf7ba0d008da80b36b5cb735575aea301469964,0dc6a8190f530f4d1cf945642c041ad962f2aeee91cd6f15430878f696170bf2,69ee0b6d84e08d1abd781b545698af6b4b4a3fcfb51f89c8f75a2807ba6875c7,3370f1f4ed4db9ab4aa378c119456d38a56f10e798a5ea71f0a91353df2b0af1,fa82eef4f5aaa6ed2a4796c992e1b744fd512a10e4222c775a6eb60f72a7dd2c,1a5bd44cca56fb15484656c73c4c30112b35398ffedd04c518057e522e69c962
ORLY/2017/page_30.pdf-3,ORLY/2017,2,True,True,PRIMARY_ELIGIBLE,True,KNOWN,INHERITED_FROZEN,PARSED,PARSED,PARSED,7fa5a9c8fccf23d0a8caa9a85fa1056ccae733b0922cde663bb03c56ce1d15f0,7baa16890b0f788cd6a1a03d16ef2c9f39c71d11c69df9b8110ad067d762ea97,cf27a391dce627709b7a9e603ab24008b47173c95486d00bc10a235056661795,1d572a0a2c90388f9d246be832980c53b2d93cfd6a815e97bfaf14a7637ff6dc,9eca9698cc0d9a0add5ce022f29dc332b610fc6de6bd41698c05d475d55660e9,31a136f7a09e1e9286a323d9e2959446ec73ddf3acea5e5028778bd5048865b1
MO/2016/page_76.pdf-1,MO/2016,4,True,True,PRIMARY_ELIGIBLE,True,KNOWN,INHERITED_FROZEN,PARSED,PARSED,PARSED,6de29ed05fe57b741f8bc5ba1485480e6ed3b28869d596eb5ca4c1004ef60274,e9cbaae2d39d02cb8dc0522bb59173ab490540c82f90e94e38cb62ed112653ef,60adffc39e842103c5d73790a5505a88afaa50741a42c3c32847c6f8c93f72f2,3f718955f86ec771e88d1b9a72d7bb2094f72d8a829b69a679dda3023d57d0b1,7b6fc3cf8f09eb400e9413fbab27c82c43ebad0ff5bbb1a01a819cadbb27bed8,2f5310c60469c9c14f18f5e70e6ad60500e6fc0374810d94870617c3aac8f92d
ETR/2016/page_144.pdf-4,ETR/2016,1,True,True,PRIMARY_ELIGIBLE,True,KNOWN,INHERITED_FROZEN,PARSED,PARSED,PARSED,9b73c627dda9415d233294bfbbb43dffc2b9ed1234dc0a9fddadd3f3898418b6,1ae3611c16c97e6aedfb61cb672123c2a1190d4b406f556bd992c889e4bcfe6b,4adc78b3dbffb0cfa22edbb05aea8c39034fff9969da33fbb546811cac3e36a1,d2d36e90cfed87e153cff0491717339ba23083927d36f7c80f2b6e3d25974ba7,44dae33a6c5117d056986bbacce44a5c0848539ede00aadb9113b3938b6d85d0,d61d46513287ba617a3bccca2e249d77b9b4f8a134b14285eca5df0d7d99c7a1
K/2012/page_80.pdf-2,K/2012,3,True,True,PRIMARY_ELIGIBLE,True,KNOWN,INHERITED_FROZEN,PARSED,PARSED,PARSED,31baa43a3fa20c1405daa6dd676544cf579a1f9061999f99a9fedb87a7d40bbd,99384646d97897a226a9c11a5ce5b2123e8757b22daedc9142e83b11630c120e,69ea6b9651c85ebe1da2a26dd417f75d13b6b20e0961a6575a32cc1f675e24db,b652d3e57cd477fd475fe7c7e4bf12c54ca43d6880d523c3d240306e318b0250,8f1ae1a2b21feb7f5ff050c7cca58acb8b627ce433004ebb7fc127b9a9be9a80,ade1af6c3cb1231ff9f8b5ca1c026aeaeeb120a1262631e7a6938a314ede34c8
GPN/2015/page_83.pdf-3,GPN/2015,4,True,True,PRIMARY_ELIGIBLE,True,KNOWN,INHERITED_FROZEN,PARSED,PARSED,PARSED,b3745ce23b9dbb0eee8d688e2d0b98c0f6a5f8031dda3b6644e12969a41ffcfe,0fe1b3399c064f0925fb411e309ddb782ce289217bb40d6d480672e7cf0e5210,9cdd1238de517e619e622b7799dc0f7af36ab95bb46773998f921983dd943e0b,5306d00204d570431fca69e59d1515528ffa364539057de7074e78defbfd85e6,70ef11f9a29c997e9d13f5c3e298c4b183702a99ba180929d7dfc229951ba0ee,05fdf77e02488a6f876b9f1fd234c0ae41fcf163782fcbc6a3f7fdd18faf884d
IPG/2018/page_100.pdf-2,IPG/2018,2,True,False,FEATURE_OR_PARSE_INELIGIBLE,False,UNKNOWN,INHERITED_FROZEN,NON_NUMERIC_ANSWER_HASHED,NON_NUMERIC_ANSWER_HASHED,NON_NUMERIC_ANSWER_HASHED,250e18b8083b37b7daa30f06ca3ff56d6ee3a5626b21fcad59ce99ac3f246083,fd58f4e79c5fa7500fe1331e1a6f83b8a3180256d5a1f1ee23cc0322cc5f9f59,de53d65bd6a9c64c2dca65c24e328faf4aaa880d816db18a6c8d7d8d75a413e3,1afc221e310287f511b615636d9584664a15c404dfd9d4345aa62fedbd126f20,84cb33595748b9830bca6713e61ead66b736cde38136d642345a5738ef49c3b2,5b947de6d6e74784e78b8646710c31e60a97cb4b9dd8f4ed4fb259690936ad5a
PNC/2011/page_209.pdf-5,PNC/2011,4,True,True,PRIMARY_ELIGIBLE,True,KNOWN,INHERITED_FROZEN,PARSED,PARSED,PARSED,2a605c00b5373c26b8bfc3cfaa7da6230a4aaffa7fa3c38cafc48a2cdd2ce7a8,abc551256bdf4112078e147e2e00d5c3b8a1575eb1d3548bd53d63e603d56ed8,700bfe325d1da838eae4d575dc38efcaa2cfe86309096a55e02cf114e3a18760,35b46ba57bf86a3653861bdbfbefe36c7e311cbe29bb1012521c86225fe6addc,e61a430acfe6ddb8b68afd87dc5e7543724e0a02026605c5c66b29e211b6f292,34c285bb01765090fec9146a1add98aa96b63ac5075505e4d0a828c2763dd502
ETR/2016/page_505.pdf-1,ETR/2016,1,True,False,FEATURE_OR_PARSE_INELIGIBLE,False,UNKNOWN,INHERITED_FROZEN,answer_not_numeric,answer_not_numeric,answer_not_numeric,b9711edf2298f6e0cc4af2c6b64bb9abbc056d13af2918a5b5c506c4a7aa1d14,ab634732900e933a7ef719e2c7f796431f7fafdad8f73ba2a25615cc72695e8f,727dcf9fe2ba168930c5fa4743fef8532e6f6c75ab13a66154ceebdc6eb6e619,f0299423ef9b698abe5a7a0dd6a684c9024d790098ec931ae4b22f9abede023e,ca803952ea524776f7e548921aea39dd93d3468b9d89e44a47c85f31f7a91b8e,bec2ad9fb9c0bfaf66b48a275e7ab5099a3f2aad73f3441556a9c94026e77380
ADBE/2013/page_84.pdf-1,ADBE/2013,2,True,True,PRIMARY_ELIGIBLE,True,KNOWN,INHERITED_FROZEN,PARSED,PARSED,PARSED,4792ef40f70f3a3c0b35945e9c51cbb975f9a136eb952617ee7a46397b543d88,d50b2082c8c17742dfa44c8e01ae99365cb4398ea4d19d471ecd80b6ac09b514,761a4435b5dd14dc400dfa2bc67538bfe6b8bfc4363aac91954b95a322017275,76fe237d25b9fec5f5c30037e395336b6b068aa405f7502512182093d1df2b41,59dc353f8f2b93efc5db293049112d8c77214a6d705b009f71cd880b001998be,adea205f555684cc64e19997a54519999d98de5d4d31e293ec6586f2ffd86b16
CDNS/2012/page_58.pdf-2,CDNS/2012,,True,False,DIRECTION_PENDING,False,KNOWN,REQUIRES_HUMAN_REDERIVATION,PARSED,PARSED,PARSED,4baf0985073dc9582bd8b169b87ff4368d781a53c799996f1981ab3ea041a498,4b4cde55d2e6572f9dd60593846f27246993922ae25034af9d39e3597138c7ee,b0758f72984c03aee0ab278a78d971fbceeea7e7292387e7b81c855911f6736e,76bbfed27036e128f6f16e50ea380eb2ba97cae38e968a4929b8900956e35be3,de82dfddd78c8cd498d720217c319f77e10487e5fd2ca9ba6bf8346ac54b2156,c1471657a0fda6c75159cf1154b5d5d88b0b3c840449ff842373bd0938655a09
UAA/2016/page_81.pdf-2,UAA/2016,0,True,True,PRIMARY_ELIGIBLE,True,KNOWN,INHERITED_FROZEN,PARSED,PARSED,PARSED,d167bf5f20849b765a5e91e79bf5539dc33adb9fe37ddd9dd09e458a07306d2a,cedb7556912b9a36e5700381b3175b466379d96501d2d870a88d9fb3b419a6c2,5415b127bda8ba4c315b3dd949261aa4fffa03b161a7e3c70e6c882c6245b875,e02e22324d9b506ae988afc42f30b995ca74b3b16d3737b4aebc13976a0340d3,0680e682b868a8d8120ee20adfa18b3175b018f0157ea240ecfa8552957d27cc,83c554a6e5f0fb4991e1d038a8a79e0fcb22225c6d19b21edcfc25a9d1d649d3
DG/2009/page_87.pdf-2,DG/2009,,True,False,DIRECTION_PENDING,False,KNOWN,REQUIRES_HUMAN_REDERIVATION,PARSED,PARSED,PARSED,8fc419f19f98e3f4549cdd64b84f00c7b2c3a015bb5fa427242ad1c41d6ced8c,9a7aa216c03996f4d6a67040112960d79bc95459bd365e32e716adfe074bda3b,734acb7a7b5b298a11402d89fb77bde8e62e95f47d619d238d8730f6293092e4,b41423f0d48f03247c584940f935afc5ad6bc989c1336459b30808ef154139cb,156d313651fe165d474bdad66a440aa9b334d31de154afc1c54ba0131815c23a,5e7f79af0293bc580a080255c493a2cd604c4b0e53ef9fa4549d5391bda6d16d
CDNS/2016/page_32.pdf-2,CDNS/2016,4,True,True,PRIMARY_ELIGIBLE,True,KNOWN,INHERITED_FROZEN,PARSED,PARSED,PARSED,8663f370fb5657c00af80779fff3c30fa958affebc811c0a2bc7cecec3216ff2,c94999bb84a02832aa06bae464451c95a761fe370d762f2a539d0f9b1d5e1fbc,d949f7df864e3586f7489e5243c2fdd8c7bd0e4680ce9f1c78cdf4d817eaf59c,34bcfcb91c6c11b29f8291cfa26b2e24b1ecafe8c6b341b9671fb0da7678de2a,820374b53c2e8e87afa8ae5e48a6d7e300bb413b87eb37f367d14dacf06d6c27,d88039894768cbdd01b53da8757a85d0e39286655b395764ee558c5fdd66be26
MRO/2008/page_42.pdf-1,MRO/2008,2,True,True,PRIMARY_ELIGIBLE,True,KNOWN,INHERITED_FROZEN,PARSED,PARSED,PARSED,3815a29c80d3bf9c1886c2caffa1e22b1f3a14f5437fca58ead1a46ffe535418,9cdb93e71c3c5e060c8fe66113423370944066111171369fc8d1140fb95935f7,219c5c3deb68813e92f86484245f2bc56a8a069881db2b64a357d4efddd4046a,f8879b94822cf8d9c3a5d6766f36d8d02fdb3c787f7a7217606b0e00d0afc56a,a9898b635dc32c928e1e3511f29b1b196b761efbde859746144c3e7bf00aa6ef,4b927fa49f080bc1d75131f124b80a12777ddb01a9fa30a67363c19467121a8a
GS/2012/page_64.pdf-2,GS/2012,4,True,True,PRIMARY_ELIGIBLE,True,KNOWN,INHERITED_FROZEN,PARSED,PARSED,PARSED,a5a955d560e9a632d4aa7334b27e342d6ff36932a7576f657ec9f8d8fe4af510,026458bfea2ec25b6c8837e88af4d4d341f18dea89d45dd9f1e88001a38b22db,c7caa04808dfb92c208acdbba8c9fac74320307da930ceb96197509663fdf87b,de5c46c930afee322d61231e08d18c46f0899a014571983055875103c6235b78,95c0fdb810681f0e79e1d790fa4e73de9983ff86a0296b76e3a2238120039fe3,290a9142472d507f0099a23e54dbe9b1313680325750c9c55d5654d348acfbe8
AAL/2014/page_80.pdf-2,AAL/2014,1,True,True,PRIMARY_ELIGIBLE,True,KNOWN,INHERITED_FROZEN,PARSED,PARSED,PARSED,6521414ea7072372f996f5d67fddc8ead1d8023bc756efe7d5bce6c165df7604,1c0986d0197908a85db167e73e1125e39b6de96d7b40e6a32d748a206a7c76a2,5b4b55fa3f7608445824e5d6ecd91cfc7d7b267e01f2eeb762540d95e169c863,02ffa5a59048a847adfb975db1605406a81e96d916095f7ccd730717cef6c41a,676c5234d0e20ed2d2865d5e3a7a34bf34f8f10ebd275d1999bce97ec6bbaa4b,ea3c7b219f58a9955fd4936f7b216f71f61c3f3c2e814e080397f8e884c9b907
AAPL/2015/page_56.pdf-2,AAPL/2015,3,True,True,PRIMARY_ELIGIBLE,True,KNOWN,INHERITED_FROZEN,PARSED,PARSED,PARSED,4d91086c98296c8582a6c89aa76d4899b316da8fd015f188d74bb574a2d4f2ad,bd6018413c432fddf25e4da4ec62d88b53981942f292d75f7f6a5efb0ff1f98e,221d795d797914b58b0155c2f958e97dd039956ac40f10548da0dca6729c4710,e410da943c0c96c3bdb5b3024e328157f20845f4ab8c72f336fa7f18b44d87fa,8e79e0ea63e827f11810e5a0fc43fb6900f3c8cd9921a3504a8bd528c7edc6bf,741e6c6d6fd9e5ae69bb813742acd2adc3417c42602d4816a7a080ea3193f7e2
JPM/2015/page_83.pdf-2,JPM/2015,3,True,True,PRIMARY_ELIGIBLE,True,KNOWN,INHERITED_FROZEN,PARSED,PARSED,PARSED,a2a8de656d8418d6c2245e9136ea8ef97087d59b037ff71d318cc78f4a89da67,99fb2bacce42b4b06ae681f13a058d060cc3f6e1cb017c9f6f220fa2f14891f2,9484321876241a85fd19200ab2378fde21e8732bfccd12683abbc66c49cf7167,cac3936685319fc625875231c2934d37d8f62eeaacde5f26aa200966a17c7b81,b6f5d750674f0ecbab9af75c440c568817d0f06d79e4fd8daf103c49a60a21c1,b98f44f6973db44b076dac441fe192cc5e725a453c4c065b52dde03f6a282802
RL/2015/page_11.pdf-2,RL/2015,3,True,True,PRIMARY_ELIGIBLE,True,KNOWN,INHERITED_FROZEN,PARSED,PARSED,PARSED,616c3f2acc3ffcf3a1fb4f2c91038f4663c7db3617acdcba50a4d6d8721bfb4c,688f08029df266c50656d134afeb427911ab943d47f2033814756c7dde7ece47,c224f70a07a2d6d21c9ff2b734537df7d33a3f4cd09605289e3bebc5293b90ff,015e908fb6859dfd8554b78a90ab7577f74072767bc522f137eb1f4df600287e,b0ceb9b1e558bec3f62e4d3a512245ffc219b246e59483a097c4d64196126567,75e691c2383c499ad89c29411509a463aafcd0ad393c57f4af4e4a0262b4372b
GPN/2010/page_92.pdf-3,GPN/2010,1,True,True,PRIMARY_ELIGIBLE,True,KNOWN,INHERITED_FROZEN,PARSED,PARSED,PARSED,33c5d9632d12cc8f12bcd995e572553dd7dfb3174256f79b422d91430ce7997f,2503093d01a365ce1196937fbdb939dc48578a00373b0a89e494af3cc2d85dae,8177733fa4de245bc53b97d0fa81e27de55464549e64d950ed0faa7fa4150ea4,6a190bbbbf2715f4221bb86d2e95271b09b94259e45ef7f3b9d693d2bb68b8a7,33386818d9225f4b6b66136223e19eea1ef2bcba742ad967bfd32de1b11623a2,c435d176691cf79b25ec35f2e0e0a989bf57839a49c79cbd022f644e5010f0cb
JPM/2016/page_141.pdf-3,JPM/2016,1,True,True,PRIMARY_ELIGIBLE,True,KNOWN,INHERITED_FROZEN,PARSED,PARSED,PARSED,caa7b0eae1f5229227a98f80e12082c430798bb4a377b3b406f3c5d399812a7f,f75d9fa16afaf6235909976c75c317f0f219d2cd29bc597b335826d7d45b6dbd,0e7c7ebc1ae8491d110d6fba98fdfac99b8fcf865be3a01caf254f2ea04eb10f,7b8fdfd8a3cb6b77b7429b4e7dac6cb1039cc22108335bcdc9b1e1b9894bf38e,455f7e3a343c528f4e975f0e2af038ad6ef500406757ad3debc5b8cb9c09730a,8807d98dac86f746f2f722f4e5fe2e23bc4b7bf2fd4e9a5492af34a14d3ef553
STT/2011/page_85.pdf-1,STT/2011,4,True,True,PRIMARY_ELIGIBLE,True,KNOWN,INHERITED_FROZEN,PARSED,PARSED,PARSED,2ec93adbc714a5ba78551279939363a748211f37ec7af795f193dd61837a9457,31f2dea5e6be41bfc91512cb98c342f09cbb023cb9960bc04971d3d8de561fad,e251aa82fd3ca1f9fce34875bbf1b6770431774ee9874e1513f4cc1ec8165d10,7ee5dd8c2e968c2596e6a017621d13b289aaae379b67b7bab61f088c96a6bd2a,758fa59f67533e672eec5600de8160093924b6de50ddc45b4ddc6c1f650f07ff,717674b93ac8ffdf88d54b1de75f2f97f5c7aec14cfac409fe150a7df28b8b9a
CB/2008/page_144.pdf-1,CB/2008,4,True,True,PRIMARY_ELIGIBLE,True,KNOWN,INHERITED_FROZEN,PARSED,PARSED,PARSED,6abb93c98fb5784a07e41dda2b182d9e55a1406dd18db5398a60a447db9a54b0,3c44de7611a56d53e67986df62331bea933a43da165d08eb544269c642914b0c,7f1e382fcfa424ea25f74483e20007b5181e80c1cde244e37bca15ea29db0ae3,79fe1bc4e8bd7e59d88b70fa2c12292d6f786b9d837ed05825588de113e6e458,46687a3a0c657b9474f9bf24401ef1d973e065a08ea7ac3d89cc9a10c17a2026,a33799d3cd660bb1f2a091ed3d3bf9d2884f25f41f2b3ef73d7ec398c513393b
BLL/2007/page_75.pdf-4,BLL/2007,2,True,True,PRIMARY_ELIGIBLE,True,KNOWN,INHERITED_FROZEN,PARSED,PARSED,PARSED,ac8989ba760231189cf9289862f9c9976fe64e30c18c4fc846323b04da737f5a,159f795d7d27910b0e2e511ab2015b3b2512d25f41948dc1518a7e4e8acf9e5b,55c4c34afa44c4a9a83f73b6796ef83dab00159608637103dd47426971dc079f,9eebd7572f8f68db9ed65872bfdbe1b8cc3be90547b6e1022f760002eadb9484,141e9eb4af6d502d6a4252a7558ac435da14bf602b2bb62e4f250ba8e93a5fe3,70465f0628011baa626717a5e861edb528de8aaf4241d815b4b8b79a01807734
DRE/2002/page_13.pdf-1,DRE/2002,0,True,True,PRIMARY_ELIGIBLE,True,KNOWN,INHERITED_FROZEN,PARSED,PARSED,PARSED,3377cd979a7c0c41d920f9a6ff86a7e02220c150e8f5a50f73a7da2b40b2b6c0,3cd7adaa6a464fa4667a74b781a3ab2137f6b040c1ccc4fc4fcac4d9f2476c17,7f31e0e1c25c657a96d065fb4941925cbc30224e20ad290d97110d4b5cadbf01,835ccdb78992d6ee25007c2a9f242de42e2bc1cd59354d6e6fe13a541787c1b9,7f80754ad5f4c0f3508cd1b9ae1898ad20d8236c1bd31f91be48245c064378c3,edb40bf6f696d7a080b7a18c519639882f6bd0013ca5498e8b33fbb729343046
BKNG/2017/page_35.pdf-4,BKNG/2017,2,True,True,PRIMARY_ELIGIBLE,True,KNOWN,INHERITED_FROZEN,PARSED,PARSED,PARSED,690eb81dc4f5f348c005a902d780a1cf518213d0dff1160a47402f69198f3d17,9a2527e34e62f1a7d45c6badfc2c76119d8e379d76cd7729d5e1d1e1923fc84b,934f214cdb48ea5b3390eba1830de4e70acbe1ad289e265dd477abbf14b184ba,46f65b9f1bd34ed7627350ca936378cee0093a47bf82a81e28f4b1a0e6c821b7,33b7ea10e3458e49a69c06ec9a1d128e91eb9783a49dc3d977188a5b68347499,80b058d089d4a2aa655837b76f6a3c1ca67320e17fd4ce8ae04d0887640408cd
JPM/2015/page_132.pdf-2,JPM/2015,3,True,True,PRIMARY_ELIGIBLE,True,KNOWN,INHERITED_FROZEN,PARSED,PARSED,PARSED,e7c24d7fdb497999e91b2fdd874ccad4b502e7197e80eda61bed0d1ffa802875,a63f8a2b17fdb1cbcf01b37de1c0647f4a30aaea9668781c05844f02374ad0f3,cf37d10ab04e4655f23a353112fef77202f89eb744dc4057f5875b0c62a7b2a8,7d8056d10bb656c964c921dcdc72ca61e820b003dfead704a58444aaaea2e962,9dc3e07cf8d850fc734dac8eb24c52b567492b2a409d33d07ab0c163e07e990e,e52672739a874323642f02095ada5e7e1f6f0e1feecba1064f69f3171cb51a18
AAL/2015/page_83.pdf-3,AAL/2015,3,True,True,PRIMARY_ELIGIBLE,True,KNOWN,INHERITED_FROZEN,PARSED,PARSED,PARSED,cefe1315b5804c64031968f581c5e669c16e6d7a595d7d13013c0d40652a128a,04b8eccbbd7c51a7f818190c8305b80cfe6c8208d6a3cc92cfa6aa832a5c5a6e,39b2698607380142d47169d631a96b88515cc0973a5d9a4a97c2938d78891f86,7b7f37bb068881f43d095580be28b4d7f264e734ae951f00dbf851819adbb8e0,641680de1061402b1efcbb14fece05f3862a40dead2aa271b100bbaa8b724ed2,3977c08007dfa996088eea391f10c3c202b3f464db1dfcda001a4b0ca615d868
UNP/2014/page_16.pdf-2,UNP/2014,2,True,True,PRIMARY_ELIGIBLE,True,KNOWN,INHERITED_FROZEN,PARSED,PARSED,PARSED,63d85b9e4a5012b5c46bc09ea7f5cef9af92a1a8b943810b669613fde4b8c6dd,59437b936c545d62c6073c3faf20d49a13b96150b429c35f90362650dca6bd2a,3c8306bc3117494dfec936c9df32d61dc6ad35261a2058724299d6f2b19e26e5,5bcc75c28925ca30ab1ae78953507a45e90c4ec42e98cb16be38dd7604a050d5,f007ba9282268579e814511a8a1e1d8d86e7007ebb22174b78d04b957efad22c,8c0ed71763ad1d414359e75a593951016941e5ee3db3755a42eef321e41ff390
EW/2014/page_90.pdf-2,EW/2014,3,True,True,PRIMARY_ELIGIBLE,True,KNOWN,INHERITED_FROZEN,PARSED,PARSED,PARSED,446c32ba84ce039a4a13486cd163ec8ed638eee1a67362ecfab07d49a6e47e11,b27f9dce20f7d0c19226bccf65e6d91f0b627ec5236f76901ba61f1f54001931,8740c4291cadfd77e1ecd85852e6a42b8c604b36a27a5e7bead4a0c61198609f,b9602d7998ad6bd9ee9088f9dd261ba6fdf5d69ae634852aa1a61de2f5baa843,076a87ec88415198f3efd861568d62c5061fb4c095b054a168dc72fa299d2416,6b88af507a35f9e1cc78b613acb535fd5a197c26ee5a4c7eaae4d6d266da0dbd
MA/2009/page_115.pdf-3,MA/2009,4,True,True,PRIMARY_ELIGIBLE,True,KNOWN,INHERITED_FROZEN,PARSED,PARSED,PARSED,772e7513cb54c43c7c13d7484c987033dc0ce7147916f24d2885e5ba4726c246,1d7e7259b4d4dc68fdcb65eafc13147d44c5fe19ad261bab9e6f4fec94710b39,c9894613a9b075e48cfc3e65e8b1f96b30d65cd9c4dfeb564213650e16e81fb1,e5313626105cc67602642cf48c22862c13258515ac65d1bf59a10529ef992359,a81fd8fd0b5611c8e6b88d0c0ed24d7812ceea3a86e1fa36276839b25b2926b5,46158e23f607556ba81ce8c124b89cd77407516d24101c174dcaa4a57868e63e
AAP/2016/page_26.pdf-1,AAP/2016,1,True,True,PRIMARY_ELIGIBLE,True,KNOWN,INHERITED_FROZEN,PARSED,PARSED,PARSED,8787f6be09f9aabbb1281b57388869cc59b2a76315ce8940e406e1dc393f9287,e51eefba38e3f40ad8eb74a4a9c72646da79e181401b1ef96e21cf8904188c16,d19955e61d9ac46f193ec5121eeb91e64cbf28842d58813319af17bf2fd902cb,3e217475269d24e40325da3205a41d6622fff9c5d11dd37a5d542835bbec4c91,ed7c0932b3b0baa0aa58b1f1123eab5db31f5e82c9535646eba987c6c4e4171f,872de98cec33c012a886b4346c55db818aaecc8aa93024dd0848186d4dcacc66
SLG/2010/page_50.pdf-3,SLG/2010,3,True,True,PRIMARY_ELIGIBLE,True,KNOWN,INHERITED_FROZEN,PARSED,PARSED,PARSED,353b87dd5467d812519698994d4e536eba6d90b52d000309346155f59de8c07f,aca94a88f6a4e6473d42b9cb4244d03b078f0d6da7373041acbca71f63026f8f,d873be6ad147a0c5f248fdeaeb942ddbe7de386d3f12d3bd8480aa9323d8755f,38fe15ba9b7df996dd77e9e263ec762586d0680240a45791cdb7ac690a7fa22d,dce2cd50f70cf13d268562a5ecce917bad619010199414f70841049ba7fd5fce,26a75483ae8fa297d5a2b1724cd33a3c6c57baf462d7ade54b5fb9fc28e1f106
RL/2011/page_14.pdf-2,RL/2011,0,True,True,PRIMARY_ELIGIBLE,True,KNOWN,INHERITED_FROZEN,PARSED,PARSED,PARSED,d55755b36378bfc8ee95cff358e77f81434553078e3910e4602aa5aa3a233b4d,2d5a7e953d5aa575a2837686d1586aa2324c28864901fd7c7bb58f16ffa30337,b31ef6dd313c903306036ca7c565ab9ba6f312cc9ff9231b6d66a35fe438bbb2,691433ead02c2c1044c54ca2cd4bdb2c80a27c1a70a13a43506d6174f8b3933a,88b4226b84506ea250374a6e862f75d3298cff56dae1c08e11a2bf3d1cedd2e0,38b9af3f095be146bf508ab2c4056b873900826e51cffcfa884ec6b510b7173b
ILMN/2008/page_77.pdf-2,ILMN/2008,4,True,True,PRIMARY_ELIGIBLE,True,KNOWN,INHERITED_FROZEN,PARSED,PARSED,PARSED,9811fa9b6c5a14c28e05b53e0083cf72ecf41992eef79231d5f0bed2b95545ef,128a7cf6c4329d6642284a61ec32bc881554cabb35e1bbbf69411c1002f0c973,142b4ddef486d86c3552f58fd4452cb05b26aebce5c0ccd16b6b5fbf29c367ad,a3b1e37201fca01398af5728313116d03ac6c8fd3a914c1a8a7b8598c6723b39,057dc20c8b0cc4b4d699840fbe3ca6e31da3b8ef1173fa1cf9c4585acba7563b,9f2d3a6437a8975ac063f32cfc7ee38d16072385e0e58e3df39a5548325e4977
AMT/2006/page_107.pdf-2,AMT/2006,0,True,True,PRIMARY_ELIGIBLE,True,KNOWN,INHERITED_FROZEN,PARSED,PARSED,PARSED,6d38ab904922434d193ef60e4345124f754c9c17afec9b27dea57db8e07eac9c,231d5d462e7ff68a207c47cd0ae03eece59f84e26f5406dea5806a6bcca6642f,10abe2ee8d88a1dd4f1bf2813d34af109e83d0484ed4a618dc4b912984c957ed,dbe3f2661b7a6f8d0baecfd183631b5f895c484967c68dc967df15583287298c,ddf5f841675c9d69c3c6825c76e97a18e487e66e7b43faf0a4fffd460c1e6fea,502c1fc15e72c05f3430168010aab5f6fdeec0212a13a1816fc21209b5ffe98c
MAS/2012/page_92.pdf-2,MAS/2012,1,True,True,PRIMARY_ELIGIBLE,True,KNOWN,INHERITED_FROZEN,PARSED,PARSED,PARSED,e0f393b5b005e6896c002c4c735e1f8846c313c6afc9d5126c6f7b606cb06552,9965527d1235932d015151dc633f94137a9fb7645eec193376e185029395bf34,cf49848bf45b9822b5d0bdaa0fbe10ac706a7c7609c6943d54f40a776d66e756,b77fbc375651d4df75951a2fd35c2bf13b8f18a334d4131eb9ad304e42174dbf,8357a7b512931018e12332b7ae5c4f5bb670e6ebb9ba9b71675a73e013f5058a,4d05664c54c5028830473cecde98217744397c0b175113b3567fd2f2b11d33d5
RL/2008/page_21.pdf-2,RL/2008,1,True,True,PRIMARY_ELIGIBLE,True,KNOWN,INHERITED_FROZEN,PARSED,PARSED,PARSED,da57378e6d984b37aaa8bc029e3ddc1761a84484492c75a2d34226580d00e459,827aac8c33b7b47578cbee18458f795843564e1821e50d33bec691c941eb1a40,fe4aa8573e82430e835d2b767a52e8ebd9600538a32495080778e61614444c70,729faa61fbaa34e055f55ac520d1bc66149b31cd7b5099d66442682ef13271c4,7c9de97776110e6155e9df78ef6fc6a24a9617ef8073eaaf44f8db556d4f319e,57e314cab709bc8b78bdcdb30e4f5119cb9cb8232425d92cfc669fef9a74ce7a
GS/2018/page_108.pdf-3,GS/2018,2,True,True,PRIMARY_ELIGIBLE,True,KNOWN,INHERITED_FROZEN,PARSED,PARSED,PARSED,003075e66baf1670e6194ffe606e67d551af83000205abac2733d85d84f89e2d,b196a91d33f410669158326e1ae5ac1285df112384c35757dec579b7af2d3694,89798f74dc754ce3c269d1cc7f555543ad2de53e1ddcc1ef8cb6ded7a4e7e0af,34be6ebc2f1143e081046c64f4c24441f40230367cd0fdd5d21d9197f6db518e,e456c71a9951e63d265963e404670a16db693a713edc76850c6016cda38ae7eb,8f6f21201ab4b19e46baa6b4d8a04592e2a1a5d24cf33bbfcc0790e7c305914d
EMN/2006/page_108.pdf-2,EMN/2006,,True,False,DIRECTION_PENDING,False,KNOWN,REQUIRES_HUMAN_REDERIVATION,PARSED,PARSED,PARSED,fb9bd3f6d1a7699aa7fae5cf9fac7898d3862ac97ee756147d7be98cf69d322f,927b4c071f70c7c94253711dd760d768c5888d504129e0a601c3eab07b36a59a,6b9fc7829f98c99a743b7371977bcc385bcb9ce017efc2c583d278062ceb1113,b805bd38e5e0cef937d8aa1d2468efdeea00f50c5b39070efbcc146600cc2bb4,d68055da04772bbe20d041fcefe833421783e4e41ad4572937a05953e8b29dec,f6008451577e2e969237c3f50e77528b5fbebffe492615c6f86a2afb242ff09e
UPS/2017/page_111.pdf-3,UPS/2017,3,True,True,PRIMARY_ELIGIBLE,True,KNOWN,INHERITED_FROZEN,PARSED,PARSED,PARSED,e5ce828e59d02e4ed5837941070eba43a4815a4353ffc1ee6274f0949172a7b2,a11736b811e4b3ddb36318ca6a520210ace134df1c14ef8f057938e5be0cb519,69fe648c4c3766ae61dfd3f885ecffeefdb2550704cb62eb0774074cb9da2930,1439a0e24ad8d72c624cb7e12946c10fe10d978da24e3bddc6d96951f207b3ad,5db2f2016279bf948ee84d78702e9b7ffddddf9c98266119c634f6a7620fcf0e,fbc2a0e5c3455b46b2892d852b7111be0bab6428e4baf4a51106fffc8663c7e4
ETR/2009/page_141.pdf-3,ETR/2009,2,True,True,PRIMARY_ELIGIBLE,True,KNOWN,INHERITED_FROZEN,PARSED,PARSED,PARSED,6f1e61ab759d1b9a0751078d084365399e513c25584847365c80cba8692ef0a3,a933ffc663bc5e7a85bd74023f924679541b23cdd8cb6d83138f4acc0a0b913b,5c7cc991aac596538f3dee18c96f3cb1e6ed15d71d83545d43e634af6844a453,05231ae31b3011a0be2b4868f4ef11a96d0ace62a36b87caa82bc135cae0bbd7,2232fd3457de9b57e03b16411195c23018200406280d19adbf7ce7a7b4caa39d,c311732093b1c023b54934b6bbb7a5d513d23fec925cae50d8148a97f0eabfac
ETR/2016/page_18.pdf-1,ETR/2016,1,True,True,PRIMARY_ELIGIBLE,True,KNOWN,INHERITED_FROZEN,PARSED,PARSED,PARSED,6fccc5d49b79935b11550cfc2435c737d8646dd9f848f2987a6777d53987a976,6380f36497b0873909f71585381c80938da75cc37a7aed8f3c476595ad8722b1,45f7e300ab05eeb36c718afb255482de1be0a6d07d898000f9d0d7d6bfeb1e4c,00d3dfe8fa34f66666cf4afc0b156c6afe276db5543085361fa502164a930835,de35f43525ee9e5908efe19d39a92bc79558f3245fc674974d2b0c1a6eaf22a1,aa9c41369ae38d04cc24d3f777a9f72b82cd50a8806dce304f8590e78446a649
UPS/2012/page_51.pdf-1,UPS/2012,1,True,True,PRIMARY_ELIGIBLE,True,KNOWN,INHERITED_FROZEN,PARSED,PARSED,PARSED,5e39c1cec66e62a5598bd05aa4307b38e92045858b0e62c0054a154ddff08dc5,a4c12a65ac7bd4ccdf55010526ec4b4784e4ac139c5efe5b69915d37f6756c22,934355016b344fa141f989097845554782ad2cd7d7e4a5525cc4056530cb967f,02173ab29ff5ac155a6a1e0ebe16700c0821fe37fe49d706ea1fc55aa95dddb9,fd754fad1de6a49d25ba593d2931dc8c538f1eac146713e40b3ab5c107374a90,d5f29915b12705038f5901e0dd775a5b1fbfc819f8985579d6a1a75262cdf402
HUM/2018/page_46.pdf-4,HUM/2018,0,True,True,PRIMARY_ELIGIBLE,True,KNOWN,INHERITED_FROZEN,PARSED,PARSED,PARSED,35e6cfe2714b24eed19cf9f8d37991f15c89abf66dec166b07906f30125f6ecf,7f9234d2e994409161a720a6a37ca0a1e81413fa1eb096a184ed206c4661ccef,0690538a7e94ff52301392a18494bcc4d3e493dd93dd2631dab3fdb975bfc015,f455fbe213a0f0f3045c677280f0e00dd557ec1243ba24624d46596d74ff200d,292d3fda4f0927dead50b834be2d21ec2a734ac08abd05644a3d40058d2a622d,87a9fc469463b0a494472ff0901204c168423b17d48598bada7dccb547f44951
ORLY/2015/page_28.pdf-3,ORLY/2015,4,True,True,PRIMARY_ELIGIBLE,True,KNOWN,INHERITED_FROZEN,PARSED,PARSED,PARSED,671cbdaa7a5a79a83a84cc815ed776926cf19b660017661936330627fd4e079d,41fee37df513839589bbe31883366850078f851811c30127847b5613735ceb65,3382966876a2471c98bd0540af5a693fa93060f19e6f7c75269fcd1f7fef8c0b,d5d43a22085fc247d7411b85f46dc324f0c5b58241cf60fd8478069c099fc514,a5989c2103e11a4ea01ec3dd4da873f5b74b4393021b9f8c9c85bfc709b79ebf,591b176647c3f81ff0fa7dcb13c2d4c5ebfaa643403d7fd9bed997d121ff30af
APTV/2018/page_34.pdf-2,APTV/2018,1,True,True,PRIMARY_ELIGIBLE,True,KNOWN,INHERITED_FROZEN,PARSED,PARSED,PARSED,a36918e75054e49eef154384b80084175516a234b53d3d842bcaa8620ccb431c,13973e883934ce64472aab96efe52e0c489dc167d1bd11edbfa18997afffd235,b91c5eae79435e1b5b24b941c216b423c3d6f03ff208e9aa5dd9886c7a0b0dc0,db26603976a394321ac51b5a88017702e40c4fc247a8fe2253753f2dd4a28a97,7f5577a8418003d3e5a2865b6fc79c32c4a35f0f563bdb467115995bbc8422a4,55dac955553515b1ee42dd0ce1b56e542463207b88204aaba4135f94c1f6e94d
ZBH/2009/page_71.pdf-1,ZBH/2009,0,True,True,PRIMARY_ELIGIBLE,True,KNOWN,INHERITED_FROZEN,PARSED,PARSED,PARSED,b69c6e087c59450ab10028514bd88e41062fa1813d7e387ef0e28f46473843c6,6ca73c70d2fa203934210b29b54715f8f4878b3cfc1db63f0ebce2820f1fa2b4,80084631f0d0e38b641510dfc1af556b98f04c26d080b61c23e5370a0953cdd9,a1930778e4531ca01cb361185ccfec1401061d4d779fba53bffd50d4b3da10a9,e2a7c64ae08218281fb5cd68ef71490eb68f6007d2ed452f90cf32e6d7f0885d,4f2bafc90f99a255f2b171034d505fd182ca8ed2f517b217cd14890797743195
ETFC/2015/page_27.pdf-1,ETFC/2015,3,True,True,PRIMARY_ELIGIBLE,True,KNOWN,INHERITED_FROZEN,PARSED,PARSED,PARSED,0a216ba9e32987d8673aaa373fa1230f8ca44e94bf31c1395834e596059aad83,3c94bcae9dd7cfa88172b89e9925cb11aa27bed5013723f452174bc9dae94a49,062357147272b1b4adbd845b4f560e8ce5f95f67b6d11621b9fd2f559a88517f,4ec0dce3c3c68eb5dbec8f67a72a2580989d4815daf98f9f9e7a04c5e23c5477,84ce2f5d184e4b1108390498730490e499fa8c379dbedfbf629c3a3c9e43f330,8b169e204be0f82a9cd613c018329934cdd102df28a58b199c75ac0258e48400
LMT/2005/page_76.pdf-3,LMT/2005,2,True,True,PRIMARY_ELIGIBLE,True,KNOWN,INHERITED_FROZEN,PARSED,PARSED,PARSED,6b829d99190c319a03ebb232d26220a812b0e2c4709d0a68170e0657e5dfa69e,38d75c321ce2816f13246f35484903c1fe5871e5d029d7c7fc4c3b08b3abeb19,b34952c96b2df94c584344b2ffd08558aedf5d9d9f7f1631253e51acde380dd2,2dd9324792e28f180aabac365cf78e1dbcf398f1070b4418f299dd18a15cd28a,8053c6d048bacebe21456116294942166dae0614019bd85157fde945db669873,4b690df430e816114e9c3687d4c00ac2697a9925c1f64769d04327fc6a0a0fdd
TROW/2008/page_23.pdf-2,TROW/2008,3,True,True,PRIMARY_ELIGIBLE,True,KNOWN,INHERITED_FROZEN,PARSED,PARSED,PARSED,876b881258a7f949992e4d5bbeccc6520c0ce7fdb7847c7a751d96d2ba334e19,73c513896766def0e17ac60537fb765e98b245a52d8f28d10647e3fc8773e52c,337e99bbe9a642dfc9bb50d8f698aa8c92a230dc0ace67495483ed8f0ff031b6,828936d5b098f0848546d56da929442c5aaba4782888facb5d393084051531df,5ce67f921ae1fbeb0913dd58e3c163d95d1c0ce2daa867fca05e5891054f58d4,d3b7da55a58bab2e36bbc59a29d5810dc2659b1673bb7073aae685737ca32dd6
MMM/2013/page_26.pdf-2,MMM/2013,3,True,True,PRIMARY_ELIGIBLE,True,KNOWN,INHERITED_FROZEN,PARSED,PARSED,PARSED,28e18a4f3c5c165216de2287c21916608c0b970ff7cfa5426161b69765bd3e47,c428033fb030a96e05153687ec69c38378207622c8de2b329620b30cc7bfeffd,11de36bc0d1730d6a593a13ebdc8b300dd7f5d46ca3fa025e76cfec6b92ec67c,695136c5ac89ac8f65d2173150ee70e91c310f97ed8ac92ff28fe247d7d7aa5f,51e5f28876661c046800d046d7259ad8290349b46df995613e466f3dcf8ed7ae,846883e47c352a0bd013bb416fbc49e7c5cc3637715177fa35cd4533b183e905
AAPL/2002/page_63.pdf-4,AAPL/2002,2,True,True,PRIMARY_ELIGIBLE,True,KNOWN,INHERITED_FROZEN,PARSED,PARSED,PARSED,3bda25b28d02ae678a015e89f69a6e910c07063a1c28fc425403519e04a9075f,9ccc9ac44f20879a99dae8a6fab2fa80e7b5f4f429904a04e037040ff156ea8f,5b03319cdd8ef54c33fb9e58c5c35c19094984dee5fd6af691fb4d326a2c7819,c0155d412a86f0de06f4d43860860ac9022d9697509d68fc75b3e41d1d97739c,0ccaa9d55fb08c77003137967bc8415809a007624b5733891cd3407e505dd137,2d5c53ae3b8ae5ce942e4d51f06cff4723eaaaaf6626197b784be4f19900af05
LKQ/2009/page_66.pdf-1,LKQ/2009,2,True,True,PRIMARY_ELIGIBLE,True,KNOWN,INHERITED_FROZEN,PARSED,PARSED,PARSED,09b8dfedc7b090293bdb7060c6e46fa42eb51e6ec8a8226fba156d07daacf13e,cc0fa3999651efdea04697b98110c69104e35b4ac749c83ddc1b47310dd6aef4,03e82186098b3e8cf1011b49109223ec953664f119943c3c7a3c3b1bec7f4dce,01e08d65ac50ae4aba36cb22b5a6ca89b7206874837ee31fac30c1212904f90c,b1ea9cf4bed4c1dd0109790047cb129e898df28057af68e06e8c9d7c12bd803b,39f2010ac7dbc7909f9ace1f638c4529f022bb1c8c5a93887d2ebb1d4ddd98cb
JPM/2009/page_183.pdf-2,JPM/2009,3,True,True,PRIMARY_ELIGIBLE,True,KNOWN,INHERITED_FROZEN,PARSED,PARSED,PARSED,3bbe38cfe29390d7cbcda52f78abb4ad4e1fd73f999ce9d40ee0e9d2764cec05,d430289184a3d2c48a8ea6f357055b995e08ccab494b011cfd65216a8f77dcb1,d988fd10f75ba25ea3226f8a07dd67004a9de595a5a4ea9eec146f8bccf9a9a1,1b80863e52a234a882660aa152b0e390cbb14d7e99148e5c735aebda57a389b3,89238b73062e758a898089ce57182936e0652d9c3b32095dfefefc648079920f,63da9d0fe09ebd11a53311d1ffb69dc138dab61f6128157b9f7103f22e65cf69
JPM/2016/page_73.pdf-2,JPM/2016,1,True,True,PRIMARY_ELIGIBLE,True,KNOWN,INHERITED_FROZEN,PARSED,PARSED,PARSED,cccbd26882a753dc586f3e9b6250470c0b29598ebec8eebe7a76642fc186eed0,2cbd4bf50ccd8996825237008e7396a28dcc51621deb6b16b926855377f66e98,4bab536a3a0ebb8bff11b67b5b1a302fc49bd5c62eaea7f57f5f1f788935cffa,c5e5c3f83737732c51d2da23fc3246909b90a99423ff3f14c0b4054ed7dc37f7,20e87d8221170ea068860358740f74b6b0f1e5a5b1565cd39a84597003b624c3,63ba43096ab410f68e078c461fb2dedea0bd854776f45b335f8c20eb1142b750
GPN/2017/page_72.pdf-3,GPN/2017,0,True,True,PRIMARY_ELIGIBLE,True,KNOWN,INHERITED_FROZEN,PARSED,PARSED,PARSED,5863c2c1047ae104bfd0baf2086ccb6b4eeb627327e9af3a9506beb7bc678214,dc33752ef1c7af7c1883672cc0990ed9c8ff7a0b81ec5ad179554b310b6c1648,6cb828e04f9b8839d39e2030d24ce38eb3b98a13dfbf942f0339ad5dd041e87e,22f6dcaf93ae6515dbece6d86eaca49dcc1bd4ede95bd956f7a8645966c2e032,6656feaa6c610d67d82d0cbfc4c7fec23f15c869e5e3747b264c2cff45fc4a6a,25d5b4398c622ecffef726a1f7c76cd8a719ae062ecec5c2c9f9b9f309e427d3
GPN/2008/page_39.pdf-2,GPN/2008,2,True,True,PRIMARY_ELIGIBLE,True,KNOWN,INHERITED_FROZEN,PARSED,PARSED,PARSED,48e744e38de3c0f927b5c1f9b85b8d4f28cee6cd8d695d6f3336691444ceb146,465c3b5925cd6cebc44248cc04ca4b04eca3835878ef6c61eb218507b863aeab,9202bfb825e843fcf3a319745988bc406386f7c78537974e0aedbd5e64b0aaf4,a8d7c86320728938eeb4e527fc7b53205a3c3761d7bb96285fa4d872244e6a50,32ae32e25aa6f9cc195dfda92efef5031d893a032df9119e5c8166b89700b9e7,a5ac1b2a3da88fe8a4100e1fddd2e76ab2ec906b95da2d832bc31ef9a4b0510d
INTC/2013/page_71.pdf-1,INTC/2013,4,True,True,PRIMARY_ELIGIBLE,True,KNOWN,INHERITED_FROZEN,PARSED,PARSED,PARSED,5db684ad9bb144a234dec198a2ba3c109ecbf52eaf8038d419e37ce2b24c2b79,45b76aa00bd97eaae0a26d7bfdcf36c7c70e7ba6ef08445e27e5a2f5f0062233,0582cf408cfd9bbb19b3990b879e2f0a462984f0dce46b5b0357d016cac90dc5,4d6a91173f9ac2539f72050b333baec99691cffce07ec6552d08d32d4c58b13e,303e4067e1fbd424588e79aad2a17eb2931171d77a1f0246618d45ee5c1eabc7,f19b2558dce31c659df0eb3c11cd632bd9d5e49d8d42de49029b294bf2c40f2c
C/2008/page_217.pdf-1,C/2008,3,True,True,PRIMARY_ELIGIBLE,True,KNOWN,INHERITED_FROZEN,PARSED,PARSED,PARSED,45bc67f6efcd611cd27a5b5348631f60a4e22853173d990dabe38e5563bf66c0,14fb49f442478a78fc82627b1e8a07cf845ce86ef3a63db08c89c0160e635c41,4dc437bf3a18593c62b3656f607bf1a7a865ac622bdbb8a0b4284b27534afc51,a27306a6456deb6491cd663b16c3a0f04e1cf5e8b910dbeb934652ecf06238d8,a754f635060d6381fc3eb7a1c826a29b0b41e365a68b71bcf40c2e17042ba91b,be2d443dfb334ac4854a443b2eb897883149bccf14ce1e2fc976b8291c4ded0c
UNP/2012/page_24.pdf-1,UNP/2012,4,True,True,PRIMARY_ELIGIBLE,True,KNOWN,INHERITED_FROZEN,PARSED,PARSED,PARSED,46014b933e3b64f7345375f821d8f56621ec5c8126f692dfdcc4c3cc528629d7,ebcbb846fd3bf7c8096a59535dcef15aa459807736b966763cbda433c97fe98b,cb5863b870f1f10f974a32c7679bfbf8c9329d58d3605e6b23f39d8dc6313b57,a8790bc4812a0eb2233c4cf668561e651a6b07bd93d9561a7645ba01f6f078b5,20da0d9320f78f141f1faecc5a4328dc74a09fa02a2cf699ced2bd1d665b785e,c8f4ac621874ad5be7b61615ca3569503e94d630e8a6034a6fbe8734ddad1b2c
ADBE/2013/page_68.pdf-1,ADBE/2013,2,True,True,PRIMARY_ELIGIBLE,True,KNOWN,INHERITED_FROZEN,PARSED,PARSED,PARSED,ac5875b37348d618057eee44f3e1a51573a810664e06e3b27d0005489e992f37,13d3375420b0defb3492a6bcf298c994e30487b831df78351162e6f630d39bf4,feafd39b46aaee49e047e7f9518a1c88e01f9dc24ad1c9cd4f8309c17c46642e,1e349a62545ff7525dfdd117bc1571485050f61fe000f14d796956947a2b3370,12847c8083d04a97d85f76a10a9ec7e8bd3da42adf5d70229675019c45d5752d,98462b649ce1db23c3656a65c342a6a88dff8872ab16053f6aded9bae0af4b34
AAPL/2013/page_78.pdf-3,AAPL/2013,4,True,True,PRIMARY_ELIGIBLE,True,KNOWN,INHERITED_FROZEN,PARSED,PARSED,PARSED,1e378976257af43ce96f3c3270b0fd28af6a1685358dfcc82692db9ed004ecc1,8ce4cac7b20d3242b7c2d21ec0a9d6c81c307d8679c33cbd99a0eb8f00de84eb,90b35cb687ebf2651e96ee5ad6ffebbacf58c61feee216b5c5532ab80e29dba5,0ba1a1e02a66534ef3c18b50732008f481f270dc35b6da9910cf778cecae0686,819b2767ef6c2314db6ddd9bae8117da63773ee05848c142f59b131fe029945b,ed9c3d524d6a3f2f8751d9aa5631a1306c59c133929864b08c3e3b5d14c3d48b
ORLY/2017/page_30.pdf-4,ORLY/2017,2,True,True,PRIMARY_ELIGIBLE,True,KNOWN,INHERITED_FROZEN,PARSED,PARSED,PARSED,6e778926681c10edcbd4a45d1dd03e790ad06dd0196502d1109e7d8a33313741,f948696cae7a31c54e301c701590f398de39419a19be9b903a53e71640d12d09,29847de44e446b9468f9d49e1b7c9e1e398de76f9520b2ab4c26688a4c8528fb,52b542a18427a27dff573913d55b5cead34cb8252bf16b228fc5d0c97a751c39,5e1d6b1b9dedfe9e8704d2c4889eaadcd38b7f1c1a8c5ea87e5227c6d6a0e506,609c86afb7f9a6f0c87cf15a37e2dbbc1b67117a7f65bcb3a511d22846cf8458
ETR/2017/page_414.pdf-2,ETR/2017,4,True,True,PRIMARY_ELIGIBLE,True,KNOWN,INHERITED_FROZEN,PARSED,PARSED,PARSED,90651a636a56db7d15cba55eecc4bab3c4eb8a0450d994c8ec124ec73e114fa8,35b4bf190de760e631c109ffbb1d0e3b26840fddbda2d4c3aac8bddcf0d1c8f7,50d879c8f53739ad406cb86cfef23e4e4833a5185232666bb8cf1278f10279fe,40151358869c6d93487b7e263401e89f7cceff8ed115e98d110f89936a510490,488f273448ecf0f65ea4cfb92b50c88d2408ef3511038421d9feae91e88cb469,36f51558337e4e61da9a16141497532da9036bf555b6214035588d250dc9be90
GIS/2019/page_53.pdf-1,GIS/2019,2,True,True,PRIMARY_ELIGIBLE,True,KNOWN,INHERITED_FROZEN,PARSED,PARSED,PARSED,2f164075984cfd9a6aaa10cc6670699695b4e810822ee06e1227209f03d5d328,b7911319c3073bffb9d1c3d6dbd97f1b2ddc8f1b0505a20c2e8f86ffb5f37b78,5a673e1856eddaaa49710b8e3a497a64149231c69086080fa20ee25401fe06e7,a13fe678131081735436b6bf91e044cecc42b0ec4e0d81440da5dd622ea41ded,322b3107883591ddedc02ff149b1a8bd367747a794dc5f4a2ec915b34d248bef,d3d962f9e100b10547b98cc2b8ab0a35750079e16c3525443a2e25558872cd4f
FIS/2012/page_11.pdf-1,FIS/2012,3,True,True,PRIMARY_ELIGIBLE,True,KNOWN,INHERITED_FROZEN,PARSED,PARSED,PARSED,e29bf2d07f7551084ae6e76e56bb552e48d70b0dbb4d8977d6358029975307c7,d526e4dd2ecd98701dd3bff6663ebf4d835e249a3f7476342ee3ca6317ddf82b,f426e938a5534a78e6ba046e1645d356a6c3a82478235509480bba57acf08c1e,72802ad7f87c6aeb52a4725d978a9126ade80f5f0b6d29ddae48886fa354fe55,fde7438771bcb55433bb8d51d7f4eca48030bc00a21be2d2e464dc3be08c1f38,ba778aa6d37a691bd915c1dcfe825a4b47fbb4aaad910bccec2705b81d3919da
RCL/2016/page_37.pdf-2,RCL/2016,1,True,True,PRIMARY_ELIGIBLE,True,KNOWN,INHERITED_FROZEN,PARSED,PARSED,PARSED,0b015ab0664adf5b94d538cb74e36a14c6b81dbdf1aaef4ef967442d76614565,07d0c59a85a78471f94efa90a9a6abb4994197559185c010628832eb54854a4b,8272a100000d919b7da1262279e13c32ab9a709cc9a054a647fb34015460e85a,be6d15790a8493d5949c99289b58c785dfca33b467acc88e96b0afdd853f8ad8,abec4edf168e5a3ed422d69b4cc8ed8b512115095d18ef49cd72668704da5c8f,c2c337dbf6b9aa42d41bcecdefa2d5636ff6a2aeaeb2cea72b527c230b89d431
GS/2016/page_81.pdf-2,GS/2016,0,True,True,PRIMARY_ELIGIBLE,True,KNOWN,INHERITED_FROZEN,PARSED,PARSED,PARSED,8c9e5bc18487a89a4b54d274dcd26c9a3184b1967aab84a34c3a360c792adf92,49d316b11cb6d87759e8762bf2f2a59f8fac2856933a655f8ee250a1994a5596,cc7f39ec35655d611e165f5bf02a8b5bac9e20235b1aab3af3bf363ce9cc5879,f40a711a4707e5c2715fee355e0b6fa8c5b3dc845c457e59844c3fe09278d029,05175ffd47608ed3c8038dc0022764c5e6841303f0072139001e8d2c9c793d0e,f3c1b46209a9fa9ea554f61e87fcec55c0448065198ee908f2348c2f2195fc64
EW/2016/page_72.pdf-1,EW/2016,1,True,True,PRIMARY_ELIGIBLE,True,KNOWN,INHERITED_FROZEN,PARSED,PARSED,PARSED,c9c98a607c86e93e3b5929b36e666635b25a63e3038e898924ced1b5622950b5,2468815398259a2d70a4d3c7240ac953dbdfda79f9d186c579e70b786e4ef8c2,d505e7ef185d1cabc6e5cd6ccdb1fd0677de0b7b525a7bd8cf537023bcc4440e,d1845e24e09605dd1265dd3bb059b05fb95ae72e43469229b6a4b8bae2e60b18,3af9f99dff8908d799c018b02239b362fe6caa06c663727ab89686d3645adb7b,f4f589513510ca2dd4c4d1abb10d85317378a61bb57c321e39272730cb722170
GS/2013/page_184.pdf-4,GS/2013,3,True,True,PRIMARY_ELIGIBLE,True,KNOWN,INHERITED_FROZEN,PARSED,PARSED,PARSED,4017ede2c8a298e779dd3af6105690ee5df7b568c07f2f5e8aecde47a9a6b0a5,7e5af514fd21876857d29c072b5f74b26035d34694297e9510c54f3e3d30b9b2,3436bf4d19b655c5f81a3a6cd6c9d7fb4a41f5fed7790119f493a612f072a03c,fd5c862eb6ae2e38710e2a45c794bb12ad0298618bfdfee75e91393c04ae5c52,ba401d39a51bcfbbe5014246f8679c6b6ae294d6b0edc91e856f9f84004c716a,0f0bd8ded4db61ccc97016e4b827d6cd253d6977e3069ab9371bc0dca2049c97
AES/2011/page_216.pdf-1,AES/2011,1,True,True,PRIMARY_ELIGIBLE,True,KNOWN,INHERITED_FROZEN,PARSED,PARSED,PARSED,991c39bbd442a58bd867255f0eb24f4baac1e62368abcaa7a0ce1279723c8343,db6fefc39b8648637b2cb21f9e1d6a1a39a2f8f52a42f358514325bf37387953,6f968f1f40bde5784d38e634f41c843f122c69978a2752f359691125be14c887,bad2f8f42550a63ea2afa12a0a6fa1b93afdf15c1793aca873b83102a36dc979,3684368e49ee8e196da14f27907a0535f34b4982edd71757683632671a3c7375,35e99be78a8f9f85f352f48af8b1a053c65a98bfba56fbf6e01179e94e5cde33
ETFC/2007/page_116.pdf-4,ETFC/2007,0,True,True,PRIMARY_ELIGIBLE,True,KNOWN,INHERITED_FROZEN,PARSED,PARSED,PARSED,dd7ff9c4af9bcbd57a851ef4ceb8816c0f2634509340c870dc33e46846c94ee2,62e7aa515abdbbde94b7d27f3b8d75ad7ede7ab21f4108103900d53a1b9107ab,89045f9d8145d8bcb6ef666aba82c0d4d1608c94c428d3b7f2fce0f61098062e,6b78f4f4aef9140d6467deaf3140c62ac713c1c933e579946ac5ae707f5a3d64,8997af6f5e852b00da3fd20bf33dfbcc5ff6560f31bb50a6cdb776eb1c91b486,a1a99453317df7aeddab70b066d85e6552b9974ce1b4e9fe905c76831a404fab
RE/2017/page_145.pdf-2,RE/2017,0,True,True,PRIMARY_ELIGIBLE,True,KNOWN,INHERITED_FROZEN,PARSED,PARSED,PARSED,9bd0c3f935bc9ad0f3a9f741ee3b3c2f0c955df4c2a87da873f7619f01165b45,e7b37f8083a33f3008811d53ae15b52cdca6a0ab011ab22feafe277000b11ca0,d7e37b7a76c2877196f95823fb850de4bff0bc2fabd4406fec33277103eedd2e,1903fdd7c3853c95aa1478e0ff1fe2384e262596dd00d1af8f40ec690f7edf02,0e3b484139b1f0b52578a5b7a10de3a4acabaa5e75b49f9fe84126fc4426fd9c,4449e12b1f17b84b05ae2e2ffcd78b7ea1f418531325e8304baa22928a3aba16
AAP/2006/page_85.pdf-1,AAP/2006,4,True,True,PRIMARY_ELIGIBLE,True,KNOWN,INHERITED_FROZEN,PARSED,PARSED,PARSED,011127394498df65492292f84a02c4009d370a5a77461d4702d1396f271a5364,945fab9d4e154f2e573ce8f63b453ad473c990ce7f5785f81d2db2045730fa14,72cf2b904814bc209cd5a592cd4384e844e346738198a3516afbb9c1ba87bf75,eccaa105b509cf9370d6832257079d802af5400e66e9f7d4640918fab6190cc7,54607580a2247a4e0d728c510e509593739cc1a32902c99e8fb7ae71c45df6ef,46187c25f473353f7b452eb7e5675f2048f65fa53dc63f0e6e4cd48e33b7b1df
DISCA/2008/page_141.pdf-4,DISCA/2008,2,True,True,PRIMARY_ELIGIBLE,True,KNOWN,INHERITED_FROZEN,PARSED,PARSED,PARSED,e6f6f4e38ffd87c530cc7fb2419c5ae0401cda52e3173bfa7abdbd032edc1074,3a8602e5102e646d306a571cea0ca8760a770ba5fc38bcd27a1c6dd489a107eb,44f0c5eac44afe3891474b7104d6f9def19936c59cd899a9a03b25cb3ea74b83,623632d5f5b64c182c804d4a890b9f79ff5c1b227853d832ae28c82098f0e35c,15890a313ba7a5421cf71195f519d4a470bb7f73e92a6f38b481d5d5c59cd985,273067c8c369a3676926255cd54228827157321e18aa52156a967af906e470f8
STT/2008/page_139.pdf-2,STT/2008,0,True,True,PRIMARY_ELIGIBLE,True,KNOWN,INHERITED_FROZEN,PARSED,PARSED,PARSED,c878745594e4f4d3e7d4d98fb59e1a233e076178b515e00762141ff557d69747,9bea23bc9a1b434e137cb21b4ec7248352012e4583201f7a0c55c246777d0f78,d4090072307f23844456912470ce6d83edb4afe3d3503a7ba47a8f9330b040c6,037d7fe794469c32db710cc0649db7c5bf185f35ed567da5c85911c6f9314ea8,036660c0b81bbd6c19f5e33cd1a325b7218c494ee4c2af02a607dc7c05a780f4,a130bfb8e2e53fe101f8fb8c7badbc6a8acdd4932235cf90aa9919ee911abdeb
TMUS/2016/page_32.pdf-4,TMUS/2016,2,True,True,PRIMARY_ELIGIBLE,True,KNOWN,INHERITED_FROZEN,PARSED,PARSED,PARSED,3a3222138825c971c826742612f53aa760d79a2b7e29b29e9a51d9f6a711df74,4ebab0cf7cab342b67f7291812670cdbbdf67fca8f2db4c6f1d45dbd48cf4d6b,382d41007f24781f1d46bd0a35e9680eacbc8b989d42061eba70698d8e628d90,6684714eb544f2c3cea5111fd222eed4e352ac376210528d621ee0a5a68d8c5d,47d106774b2c4573828fa5f76569f3334a4be8bc35b51e588795a1d472d2b6d4,b60273c1c3d9318a2026561bc11a1498d32ad76723429ce1163d5114edc0215b
GIS/2008/page_83.pdf-3,GIS/2008,4,True,False,LABEL_UNKNOWN,True,UNKNOWN,INHERITED_FROZEN,PARSED,PARSED,PARSED,f473923e21d624b6fd4c5adcc798dd74727ea319e60390500470fb9b13bacf80,d9e46aa8c0e74d3d6b4d0576700357065f1e87a47fb5e698abdcf847922157f3,edf5f7377fb20b3e5fae381707f4f474404c3ff987ddc9f493bb5ae732b7b9dd,71d83af8e32ada3b33933eb2c1c7fa3252fb2ec25c900717270e82de348e2561,1473effa86faa25dfb31fb0e60f744b8d2109ec6d3013f7785d062a461260b78,7d7cdf101bdc0ea90f32db93ced64060d1005098c523fcb060bd55f8a07df216
DVN/2007/page_78.pdf-2,DVN/2007,4,True,True,PRIMARY_ELIGIBLE,True,KNOWN,INHERITED_FROZEN,PARSED,PARSED,PARSED,365650a132c9f78941402348f149a74da1a0b50c30a4e005efd3bda1c41551ec,b5603652ffc94a6430043dbf5aebd683c0e1037158fc73404ce6ffd190a8c701,8d5b332c6ae540bc8b6dafc6358ea75e1fcbac5dfb67891f0d0098d88cdbf97c,ed6c5828ae576cd7a644e69b9f6909d262cacf1cf1d5eb1f538b49f6847c1948,2ad30d0e0d544889bb828ea40bca8ce1a4f22d906a8cf812173c0a7e49b3ab05,0d1782ba3ffb60f8a331023d3299ad0419ba8536afac565db91c88c5cde4dcf4
STT/2006/page_92.pdf-2,STT/2006,0,True,True,PRIMARY_ELIGIBLE,True,KNOWN,INHERITED_FROZEN,PARSED,PARSED,PARSED,5a2fee40c68e27bc30b52370031ce714d6cca9a53172da1c8417adcd3c6548a6,b15acee9a77222319cc0b65efafa639f7318785859f261fb9ac7f94689bb9e6a,5ea946f4132800f683a1877b416b1597e6e7e1ddcf527064546eafa9d8d3b35e,ba1d81110b6a5ad0c983c802f03d96149d107bfd1e3679c0973f62f130c32072,80e90b270d7df198561bc87dfce3e71ffe5b4d11a30bed79d4d62f8f5b18382f,1630abe66b5f9c986a8059354e586e3c30326713c8bf62c7a01085e8d43ab4bc
UPS/2017/page_31.pdf-3,UPS/2017,3,True,True,PRIMARY_ELIGIBLE,True,KNOWN,INHERITED_FROZEN,PARSED,PARSED,PARSED,479e4bf0399c19034d90f0fdb144d8eec855be2cb1b53bad88661e6957121e18,43a24a6a7290cbb3e8d2d358cb11e512ddd8460733043d02f9515c7741ae3e46,ec2c6e8a71479137f3be56319cf52d46149611ed0a2a3e2ab8d75bca2e607ba7,eca76d04f911758bb97175f82e2e2570cbffef37ed221844cb7334fd1426059c,bc1825490f8d9836daf4170e2b42a5857653cf84ba12d59c9bae68e28146323c,999b63adddfc7b5131cac619adce76c45f460cde40d456337a06cbcd04efae4c
ETR/2013/page_15.pdf-2,ETR/2013,,True,False,DIRECTION_PENDING,False,KNOWN,REQUIRES_HUMAN_REDERIVATION,PARSED,PARSED,PARSED,e8226c5ff15a4f871b786a10b4ed8c6ba2abb557e35325496a56e006ca9071b9,4b1509ef0a212bf5e2b229026b2c71738652394054842329f7c9a5d62452de86,f55c339eeee1fe5338645865e1dc62f4d989150f6f2aacf3074ddf684da0ef88,534c60cde834e841edd2f93bb7913b3eb4740d86aa7c8baf9bb6cb985c66a1f6,c6f56d555444908f29a9f72f0e95530560bcf0074d97c5569abb9f60db4094fc,82e513d54edcb96d1678a503a73ab0e0f4a4463ab02ed642c00414e709c425e9
ECL/2015/page_70.pdf-1,ECL/2015,3,True,True,PRIMARY_ELIGIBLE,True,KNOWN,INHERITED_FROZEN,PARSED,PARSED,PARSED,7369b0f2984ad2267bf9a66b1ee107064a8f74fc2f5c1d980319eed524e3b26c,29496dff43bd04e49686913a7f6a0d2f4c25d9981ecd1725614123a49c60dd16,17b1dc32bd7f22f9502846624d2f7d452aefc45c16f6148e88b28b99329e4d81,2cd164496261977d688cf44906180019dae3d511a6bad13fac460d74cdcba843,f47e41b5f1eadc97af9c0e4805de1a884b45e8d5431666ba6d27e4d6e8aec017,6126e75e8b49b01b1b7c968e258a1169456236d493295cad7d081bf8ed315b02
UPS/2007/page_32.pdf-4,UPS/2007,4,True,True,PRIMARY_ELIGIBLE,True,KNOWN,INHERITED_FROZEN,PARSED,PARSED,PARSED,d8dc53e59f6081e1fe000729861b3e3ff03c1c27d8730110a2cb495b1eb8e9eb,6da6e9df329aa03218ba0a2d6d0ba96e11560ecfa8c7a45ff1e691da4c4a74d0,87c538ab36a0ef536ebfe9dbb73eb6fe6432731acb3ac97a18e27a3d18cfac17,fd05ea6fa3f07608cf3737c2add4d010669aaa4202540a2763f11c73d8f3527d,6528c3cdfc6f836e6272912785d53ce175057fdf658d8c4251a83f6e9e7f6bbf,bbecd3006855ad9488d381ec503b23383d7f0bcbf240f9d4a588ff9313f94fe6
RE/2010/page_138.pdf-5,RE/2010,2,True,True,PRIMARY_ELIGIBLE,True,KNOWN,INHERITED_FROZEN,PARSED,PARSED,PARSED,31961296496a8ecbc752f7ff49ae8cbfbddfad6eb8a3f4d213b4bcb8cce95b83,a209ddbd7948970944249d5020d6a85007a5c7b9664c4dde06e4cd975d69c7bd,2b915174ee20499c48becc1d41cbadc8b5f617b304820a83ba934cfc18245de2,a6a24e164f9975145342c5ba4a019e74bf2a17dba1d2b2d003b4aebd373f8be9,f3723c3636a7df0ff3a84ebe339abaf611e7fa79b54858d51e81a584e73ec4bc,f6fa87afe49b1cad615c15647828bab8a56cc0d68fb0c1bb32945f5d62b16c0e
HII/2018/page_64.pdf-3,HII/2018,2,True,True,PRIMARY_ELIGIBLE,True,KNOWN,INHERITED_FROZEN,PARSED,PARSED,PARSED,583fd93e0ff9be45faae95a7a3600f82c8f3d94c70a621c4f06e5838ea42f48b,be7e95cd373f630a4491c179a62ba69187d435965d96e181db1a76a1691d0943,9bfae049c6b0d0de1d89e7fb5d1346922e46c205f2e0e58f4fdeca885d46315a,24b0686258a9e0bf216506a46a12f05657b653a861464c59ea61d141404a1889,f03db4e67f938a5f4fa27fe7cbb6db7ebf20e9c65de337b79baeba791c4d20b8,c5c37f03694268099a7fe4a2214250857a6ecbf7f05b278063f6ef1cd0e9e495
UNP/2012/page_39.pdf-2,UNP/2012,4,True,True,PRIMARY_ELIGIBLE,True,KNOWN,INHERITED_FROZEN,PARSED,PARSED,PARSED,850c358e8224781a09e6abece30d34223fa7c5514539c9b287dd5ab92c269e96,baf76180d8461638391aa5c44655fb0a38be74a45ffe236960ce227e09c17bc4,9e9da7ceefcebbdfff9d2035d3c2d6c9e2f6be6d7bf4eba5068e886f2ddb773f,ab948c33f3ed46d8754fe0010df6e7894c57c9f45114e1a6c4c7a9da6ddd463b,c45781e0a00591ea932901067bc017f59dd7a86957df421deec797adaa3d69df,92f57c40b1af00488318b0f16ee6572ac31eb4c517c1e8f5bc48683a1770b989
ETR/2008/page_187.pdf-1,ETR/2008,0,True,True,PRIMARY_ELIGIBLE,True,KNOWN,INHERITED_FROZEN,PARSED,PARSED,PARSED,1af33c5dc6ad219758453da4203dd98b5c3871ea332718d40eea1958de6fe455,cd97bce6155fbf1a11e4bad2d85b10e558756e344201ef0d98b04ef93f19e444,01e80957f081626cda49c75fc76525c5c087dc25957cef5ff4b8b2180ac1178a,0a52d23ba17b9fccd3e105123a2fa6bd225c3ed4073b9f4493770d59b843f607,fbabd7deda217347bfffd266d3ce340de02438894adcd0cb67e3036873cef475,510a36c983d8760f72c2b7d7ee35be994ca8f0820e21632a5a7db2ca8494bbb7
LMT/2016/page_117.pdf-1,LMT/2016,1,True,True,PRIMARY_ELIGIBLE,True,KNOWN,INHERITED_FROZEN,PARSED,PARSED,PARSED,3fcbbef9bb29c52bc20810b326fb2e638c1da6bc751481d4efe426f7025deb18,35794e32d46a6f322d46a394afbbe6817d0ef7f074e04279804c7a7735b4b4dc,2c75f918703559710bed1c5c846ee07852c52f1b3e01fdcdcbac17d942fd69f9,af982de0122f5deeb2ed25235a3029441f34a00db5bfbc68b6c89c2758af5248,3f8dd48e52c9c1742b0dc5a9430d5b29ff00a409fbc71dff4d52199f544c7580,a4e0fe7115f127f0e72042dcd5974c78796c4f862a7c1dff34dde62446e81ee7
AAPL/2011/page_38.pdf-2,AAPL/2011,2,True,True,PRIMARY_ELIGIBLE,True,KNOWN,INHERITED_FROZEN,PARSED,PARSED,PARSED,e595b64f6ecd632f19f22e6dff894592101ccb1b301cb7efe6a252160e5efb29,c8d62a513c9181e1ffe955b291ddea0b896eb3b58ba57c1b8f353c425fd5d3fd,32a0249ee28cbde29e8fbc94ad175cf36dc29ac7ac122de0ef7283072d95a3b5,8cdbe30c33d064ae1093c04371fd5d4b82175d5301b89caf652692d725f82b53,0442143b84a95a70505b17d43f3d62ca651ed0c5d1ec90cb8b9ec932a784a0b4,20842a1c671717161e41068f8e07f5695a729db9a1b06eb599b7c90cec6dc6dc
AWK/2014/page_45.pdf-1,AWK/2014,4,True,True,PRIMARY_ELIGIBLE,True,KNOWN,INHERITED_FROZEN,PARSED,PARSED,PARSED,144d9a7593d6d8d5ccbb494336854ff5b56ccd4a99acdd8343dee6c1e2d3cb5d,55370feafd4d79eb511bd4dfd15b9089126451bfa956ba6e0f51475cebdbb817,485080aa3c550bfa6ae20bda3024a93cf05dae808b67833351f052f1b95a3e62,2542d160378581598a0881a6e762d9b62708e33b4e9d5d3db29791a829420028,a3da4333a0048e2be04d24a5f4d4a62eee856370aad1b32a2351158d933dbc25,671716aa81a994012788548d824eb97a3b50ff97e146ede7c46a75e2970c454c
SNA/2007/page_80.pdf-1,SNA/2007,1,True,True,PRIMARY_ELIGIBLE,True,KNOWN,INHERITED_FROZEN,PARSED,PARSED,PARSED,f7108dc3e3a97ec5075d16f3f951d24ce1c0dc968fae0f11a57cd11c33c91edc,9ccb2c2e0d3f0931f98e1a623861ea175da004c8945d3229485f97b85f1e7633,4120984ce2d62543b4e3c560c4b6b789283e385f177b76eb223afe747e6441ba,5cf4cd53e3dc2638a188cfd30d45474d7b9114374d073c8c25599d5667ec880a,4746a74ae10733dfdf65ec08fe628492f965f41bdcb779243ba7e18c53102854,d7de4a3f7177f9d7bf893cea519b0857cb579d050db68fb8918cf2a3c00b1913
ETR/2004/page_335.pdf-4,ETR/2004,1,True,True,PRIMARY_ELIGIBLE,True,KNOWN,INHERITED_FROZEN,PARSED,PARSED,PARSED,f55bd56418e0c3f01c6a2cd7e436ffcc36fdbcf78fb3d4d9f5cfa517ee015f3c,9d1da1f04f5d32197638ff2ff2cce807676844fe5c6eb78b5952fa603f2f52ca,fa29653911e456c31c7e32b15c3229a02bd2a39636704b5ee0e525348a1d94a9,fc3e80f06451fbf7affdc723537a49ff96432134d25647b1ed1da0e87a5cfa65,892d7cd784bdd5b8635bdf9a785a18b48f911f8dddee5ec66c1f2a179ee9ddd3,5609839db9a39e9939c096f4e58ccdafcf47a86d55483a4676cf413c5931e5ce
CMCSA/2004/page_30.pdf-2,CMCSA/2004,3,True,True,PRIMARY_ELIGIBLE,True,KNOWN,INHERITED_FROZEN,PARSED,PARSED,PARSED,894c52a14a4378a5a4f0f9935b48ce378c5d4d88017000e78654536bdbfba49b,f25d9369645a971c0ee002c0bc1630dbde7c26aebffa9a20c7905a349f7b07b8,c7bb90363de635badde81197471b986a67b8773c063b17ca5aa0db4c98dad79a,c6c1265749efe2eaf974be0a8fc4cedbcf06e68f60be754dd9bd6427e57be3be,bc3624119f438825640c8cabb5fcfa1f705b34c388b7c411d30a40c651fb905d,c5aac0c1d9a470ad85b147c3a2ee3c2a14a977f4430a3809683848f1fac9eb19
JPM/2014/page_128.pdf-3,JPM/2014,2,True,True,PRIMARY_ELIGIBLE,True,KNOWN,INHERITED_FROZEN,PARSED,PARSED,PARSED,49b09ba56da17a4297f56623f8ddc63de15c35f971bc3d2535ea0527ba17a990,1fa4f881e1086973e5d448b4d65c599c12ed3ea8d2926cb201cb73a44acb0d9e,e6f74bad943455a8fb1fedd58c5e01c17f1f6935300820f0ad15b6d180cf668a,88a3438211ccf56e988bef9e6c2380a5dd65edfccc9b75b54a637a2774709ea3,6195129f23a46d1bc255d8634603c1ef4fcbc90e94b12aab8e0ea14ef181e44f,cb17ff4dbdaf57b344f088d256ae87100b7a04689fc359a1093015b4c9563a4c
IPG/2018/page_104.pdf-1,IPG/2018,2,True,True,PRIMARY_ELIGIBLE,True,KNOWN,INHERITED_FROZEN,PARSED,PARSED,PARSED,64de9895133a71e473a5588578eaa0af3d53a32a9d911b533f105aa04421527b,f4f86cc909bfa13f7fce7bd1962fed4d2de2b4e45ed8926542abcf38872a3d8c,5cfbb502ae4458e2b22b829b2a06a13eb2abe9b0f9f90cd1cf64cd0d697274ba,1bb47f48def860cc795e935753bc420ec6db9cb9480dd432fdfda0ccbb0fb380,60ff43e7a920f6fea0b2435db45dac47b4b7232f4952a1749dd1786db5c04d6e,55ff2ad102920f41cbea3427dc2db6702c068d4734030c244713ffbac4b474bf
VLO/2013/page_24.pdf-1,VLO/2013,,True,False,DIRECTION_PENDING,False,KNOWN,REQUIRES_HUMAN_REDERIVATION,PARSED,PARSED,PARSED,8e42a88abfbed5416df88abacf331234daf303e386e6ca989c31f8621f2bcffb,9a2f429645632ed5afffec77861a592f45e3109b18128dda9111c52a3009131d,d3faa908a84e60e83950150b77d786d86f869f31335a15af7f1c28b5885e1c24,9689266c9ceb6f4aa2c26d41712f1b56adb9f3cf218efe3d2133d7d1941523e8,5484c8f4c9b5d45eb557ec9804657b0bc1ac6b75b1752578c4d248ba2403f6ab,d7231ccc6ea34f0773ada2c0a65480b0fee5ddeb2cddb2ebee24165371239985
HOLX/2005/page_61.pdf-2,HOLX/2005,0,True,True,PRIMARY_ELIGIBLE,True,KNOWN,INHERITED_FROZEN,PARSED,PARSED,PARSED,dc3ca9e527dc55551f1d14331f95aeede30e88ed4544cbd64c73c40fb4f65625,3b626d844300cc8ea9b1ae00b251654e7dc2959c140ea82553ed32ae3deb130d,9921c0ab68126180e91d989654fd10e705b801f037fbe7af2111221fb5088718,a4824765a977f0361f0d5ce6facb2100aa8fa6ba90ecdeb6b50a730da3392708,5ab5947451eeb7c33b79247fb4d169cfb08a152dd5aa5721160b250e0b56324b,d5a425be14a18bbffb7745216eca3a713b598f53c9e37ea0d67e946c4659ce3f
IPG/2009/page_67.pdf-3,IPG/2009,2,True,True,PRIMARY_ELIGIBLE,True,KNOWN,INHERITED_FROZEN,PARSED,PARSED,PARSED,5b2ebdfe3c4bc722caac772c3f7cbf1c9a22e0d20e1f226181ea8ce3976de948,8e3a070b1fbaf8d4e32079063e958fd9715adbce87576ab3d95b1c77d9dc1baa,47596a8c5d5dc31aad7c9bed0c894727c18a84190827bf2338d3049398d18871,fe5f9cf4a90f675260b5428b42cfa636679a061182ad7304ab17d671b46f46e5,41d4ecf34b001faffb6c8a1df15ed14af6b58ac2d5447352522f0d50fe0b9e14,6c49461f9f70b50a7e0be255a349fa6c772109bf7c81dfb39e592d284aa343f0
DISH/2002/page_94.pdf-2,DISH/2002,4,True,True,PRIMARY_ELIGIBLE,True,KNOWN,INHERITED_FROZEN,PARSED,PARSED,PARSED,48b39fa074b2347df2aae9d95b18643a0c3623a3079879fd88964dbed398d9c4,4f925d9bffb9107b5a689d747e2fe3819c791991ca0f340e02943de22f082947,311013fb841847b46475e2b432c52fb3dca0edb7ceb8e171dd0804df8fe96dab,86e179f44b7c66641145b8275a7b1cb1bd012d70cc97d3a1f6aac57423928704,3fff68ff3f24d19ee9d3101b3a781bb369323cc1fd8f30c11bcb3e7a7be74969,3e6a385809dd88f099ea31cb013d28954a6085216d31aafda822995138703747
HOLX/2007/page_154.pdf-1,HOLX/2007,4,True,True,PRIMARY_ELIGIBLE,True,KNOWN,INHERITED_FROZEN,PARSED,PARSED,PARSED,282323eb0867b11dd48850160822458f6ec218669a66eb1f49fb98898cb69f5d,03a1dc5a46ad88c2d38d8275be0783e3f5ddf8b2c435fe42b9ffb0b19524644b,a2ab2b86f086e04256221729be60f0820e9a8f8e0f3eb07a4c090de193762a8d,f77ec82565d10c9432c2439bfeaea01dbb22d71cb2f9e18df5fd20918517f6ec,557d9a0132545e7f296c712fb480a31248e9474db1e506f42dd163b772c1d795,aeaab7b1b34978d5551e6f32b10ef53591e66659071d967ef687a0173f41b4ed
AWK/2017/page_172.pdf-4,AWK/2017,4,True,True,PRIMARY_ELIGIBLE,True,KNOWN,INHERITED_FROZEN,PARSED,PARSED,PARSED,57458923c28973478352bbaf07e966087b165c3faec3b03269f6181659d4cb1e,d72a2be0a4a4f32ceb0aefe56d7876a0cf7ea8c856a1f3d5b9ae7cf1b794e650,c85a1cb716c17ec80afecf905cb278594c66cdd425c8d46f9e968fcb26d0409b,358c773379d26c8095467d7d9c024ff8fd102011d4532ac79cd85bf7ba7c68ae,8c46dd9cd98a1a0103c7a961c7520a8e23e4c9fb7a64ffab6252bc573ac01f78,b32a855d0353f3274f9471e9663498a0b04314b82afa8be86a88d9a74fc0ee97
UPS/2010/page_33.pdf-1,UPS/2010,3,True,True,PRIMARY_ELIGIBLE,True,KNOWN,INHERITED_FROZEN,PARSED,PARSED,PARSED,d85a4e9757b3787b525e2f3d4d745f0de829c2c64efdfbd29a6d468c9901362d,07e780e89d07cd55bc91fdf7b6a35879e996c53ef3f879cdab9820e8722c87f9,18f75fc85718cfac4d1c92488af41ef7c96251ac6850fc951056cf7f6e83fd22,dfc53552369e8c20e9287e189ba9513ca543eca1a0edc1452656a44f9861a9d8,5d2cb08cd920ae22ae2ea6a60a8018a79b581f2aea13ebb1253d77a8d13352dd,417c02be513dd7409890f0b4269f2a905b921bc9e4f666c454debcfdecd4df42
ETFC/2014/page_22.pdf-1,ETFC/2014,2,True,True,PRIMARY_ELIGIBLE,True,KNOWN,INHERITED_FROZEN,PARSED,PARSED,PARSED,358d906a55f6f8e54d0b5c6bd8d8f3414c905d11ac6c9fb5b7ef6a4791e0d0d6,38998e687fc1dd57dbb7acaaeb68da673a7971ece83412a8d89f302648fe06ab,2d70d66fe37d698ad35d5879c4bf62f9b2daa18e8e1202f081423210c384e0cb,a4927b2ee4aa68377ab32d2a3f913e82a8627e0e8bcf3dbe94e32d0a2857c429,3b0d6b6cb26513e8d051b9fa3146792db0605f7414d90f6006647d8d3f1d681c,dd5828b429cb8c5595c57341ec78340a6558f9a7b7cb5a70cb1ce08cc58d9d3a
ALXN/2007/page_96.pdf-2,ALXN/2007,0,True,True,PRIMARY_ELIGIBLE,True,KNOWN,INHERITED_FROZEN,PARSED,PARSED,PARSED,fe1933a53db9f48157bfef4213efb1a41cefff9efa1df7d13c911e7339c3aa59,695abd08158108ab4a0cd8f72bac3a95c5747456ae966bc02f48f5373e351ef7,07dd98c7f6bfe051459fecca84a6e5641b56dac1f6cb1df0c97c6ccc87997e80,181bd952848b418e27ba832ebef08042a7d2d9c142abe358dac097d0a070961f,4cf160d5541a4429fd2889281aa634b49997c7defd787d023b8a248df7ff006d,845b3f6de086e859520f2290f9fd786dc8a602ff783cf6d991dac91b7d24ba3e
TFX/2018/page_47.pdf-2,TFX/2018,3,True,True,PRIMARY_ELIGIBLE,True,KNOWN,INHERITED_FROZEN,PARSED,PARSED,PARSED,ac076b7763d68123ff69a1ef24e62b285521e9d5ec18a32e639141b76eccab6c,0f30cc8675d5dbf98ccb84e813bc5dd0aa6695583ff2df8291875cc8c9674ed7,6691dc739d3cab3c4a026e8d7907a5e8f3507927fbb7bdaf0afe2a7f75ed1ab2,b9a7f2b525a4b638c2d363a56b433241d0542aa21a9541c834214c70e379f1c4,5eea427bd531e50912d8aaf2ef03a126eb82f50dec6a9a0ba609d6e3dd000981,d3c3ec3e5b7b60261bc7cdce7524cd8620d2a9d4b575a688216f7c9330c36594
GS/2012/page_129.pdf-2,GS/2012,4,True,True,PRIMARY_ELIGIBLE,True,KNOWN,INHERITED_FROZEN,PARSED,PARSED,PARSED,b1b01a6307e1e059af70cd28c562e767a38d80438ec0ff8bee1e291c65ee01e1,39c070aa9409a89a61a9b960bcd054232033c57533b26421bd30689fb06ffc4d,ad8adbefe2dcf3943d841d5f1cd53b81a10e50e3798c3d424e94a0daf834f214,8d1757f4fc18120d731ee628be252079e6387fde706412fb57a3f0126a2c8715,de3c19b8d65c656ca449d1d68fc829457dd02a33b909972ad1c05b7e2b606e16,1c5e4a896efcc94458f89c12c0dc670d0375c2156cf73f93b8e867c2ca69b0bb
UNP/2010/page_55.pdf-1,UNP/2010,3,True,True,PRIMARY_ELIGIBLE,True,KNOWN,INHERITED_FROZEN,PARSED,PARSED,PARSED,ac8b96514fea335130f891c65c9c4cf8af6dc07194d2af34808ed50f71e2a894,e7c1952a14490c0f0ff0ecefce142033605ceb4d623b262e57fae8a403ea5357,66bc1953453d0335ae59875056f2e10c01ceb7063d72fccfbc7f29e53188f00c,cf86044e2e660a3489af9a46d8bb9c6cac640f375f217cb98861ef9b5a4f3117,44789a8e26a84c86ebb97e7f8c577ee117fc362b96cecbab03c6914118e34355,34ff9bfff39f9e7f8b7929b83d5d0ed8e38bef809974e50d9314d10b87685f07
AWK/2015/page_110.pdf-1,AWK/2015,0,True,True,PRIMARY_ELIGIBLE,True,KNOWN,INHERITED_FROZEN,PARSED,PARSED,PARSED,fbce06cedecaf55f52cfa8854481a387b7d3195c385988f199ed130400ef7eab,d54d9dc9d593e157011491ec1267c6be22ab820f46f4d0d89d0b82be4ff9186f,81cc80c2f596ce2a88daf00b5b31ada47af07cc8402503e67259861d0f84c12d,ae7c5ecf9b9975742ab3389314450553a63acdc6fbee05800d8ab5da01454f16,19b02b77d4fd4d4000b20fe76840a483926b37d2a13e0ef876487c25108b6df7,d8283ae94a0e57c56f15f5c90d8a59b92a74e5786061e0e08496e54edea5d83a
CME/2010/page_109.pdf-1,CME/2010,4,True,True,PRIMARY_ELIGIBLE,True,KNOWN,INHERITED_FROZEN,PARSED,PARSED,PARSED,3bd7746483dee477e14b8d3a7cead16e7dff13bf804e05dd66b5f939ad050df8,af9f0843a9238e02effa1009d84df7b17d1d4964c42864aa418bb2c30e1f5c68,e21453e0437766af352ee95df178db9b1d66c6cb8451b9fee04690acb5c25bc8,d5d58c2c9bbbad1b17c6724dff8c6bcb89e9d751109310a6d402a24d67319d4e,887a46eb170c2239a81479917ec78ce1bf382f8fa56b019c2ce9517964f9bdb0,3418f46d26a8804826cf5215058f86c465e7d3fcb1a9f5897a7283b568ce56ca
GPN/2017/page_30.pdf-2,GPN/2017,0,True,True,PRIMARY_ELIGIBLE,True,KNOWN,INHERITED_FROZEN,PARSED,PARSED,PARSED,36e74826b4f32d7f33ef6b54b66942e649fd1122f9b7b70655fdceac98e121c3,afc2175f8b8bc0b830db5518fe23ddb31717576de87b03b57dec2aa8bf2fb9a6,b3a99abf5fafc8efa1464b0e07c4ce3bc45ff3437748c33c7e7ce9560c2e04c0,d7160f61862ac1e1827b25d13085bd5b2cf8eeed5b2cefd3efc8bdba5fc42db0,a2a82d987f019fdd9e3f9ebb47757bb72842c3b2a18fe25b337572c583a82cc1,cc80a5debac6ebe39ce7b10e5cdcd01a8a7757bdbc8d75ae5e52874672cd9d6b
C/2009/page_279.pdf-1,C/2009,2,True,True,PRIMARY_ELIGIBLE,True,KNOWN,INHERITED_FROZEN,PARSED,PARSED,PARSED,6208737e30dd80b177e8f054bdc639ded65fb9a0879cae60611003143d31a2a9,f39689d9fe2a1494456ad273a15821f81943bf7202ba9d4bf42e5af37e80ce30,9380d39aa08aa9ea044df24a7d53b88f8cbc4e357e0252ed0058af43d9a014ed,2c32ca618e462f21522cdae545978a892cae07507b3b95c40968c07654520c4e,e0f5f958f891036daae4f3d1feb44c4f7b96b60a83081d61a125910fc45fba0c,fe355e999375acd962b646e56d17b6a6cef1e2bee16ca03cc1b43ff5c22b873d
IP/2012/page_64.pdf-2,IP/2012,3,True,True,PRIMARY_ELIGIBLE,True,KNOWN,INHERITED_FROZEN,PARSED,PARSED,PARSED,fd4069f05dd26c2a6c6310fb2d3cecfddc7045931a0d225168244d97d1c30571,f7aff504117708017794623b1049489ae4cbf9e52478dca09834c9972dc7b44c,6eee68a136b94c9f8fb7f22005b97f93474fd351d09386ba9a9ecc6ded3df74e,7b099e6800e85d141e7ebcae97e93234d4cec74af12e932f37808e0c835ba18f,e1c2df676edd1b550500f60971d9c91885950989d737454932a1a9e223e37152,890e841293601f81f0d94239bae1f58bf826f959f6e653eb179059b85eea747d
ETR/2017/page_401.pdf-1,ETR/2017,4,True,True,PRIMARY_ELIGIBLE,True,KNOWN,INHERITED_FROZEN,PARSED,PARSED,PARSED,66572022dd37a0372511e25831665de82af3e991054e8eae343a5572c4929af5,cba9a31afa3c05e893937cd032429445552952d2036890cbb814f5af67f2021c,cd0e959c9e620c790c5d20d4f5a70e62a8f76788d09f4c79cf58bc192bd5aab5,a560468a20afe7bce3fb4ae0b12d96773d9f780ee1fa3c453261994147af6560,2f70fb215c8b170b4dcd8da8295a92ff13c281a1f6d227467c9f0e271d3bd656,a16a421de18c65f8e913fbba18c13f402601cf2f070a82142b0ff5d6fffcfb0a
CB/2010/page_114.pdf-3,CB/2010,3,True,True,PRIMARY_ELIGIBLE,True,KNOWN,INHERITED_FROZEN,PARSED,PARSED,PARSED,1ab1426b08ee92cfefe141748b644eff4b3b61eca0fb10dea80accbff9c912d5,ed744aff6b6c59fa892e2cd61a753e777a8f4f957a148a6d3457b0dcd68dbb26,8ff18fd24c8e8bc92719bf28c17785fc6f9eafc7b346118dc68542596911a8f4,f39126b6d056ddfc4cc68fa5d4b40915349a67b24a10eaa71028bca7bbd37bf2,71ca31b25d5b45ec032b3de3b79bc34b6f5c0101b7ea5ce4163a4f71b0cc4a2b,25fb7cfc4bd2331fa788d8ea7c3d282508f0727e38f119a024fbe985a44ce0bc
CE/2010/page_134.pdf-2,CE/2010,3,True,True,PRIMARY_ELIGIBLE,True,KNOWN,INHERITED_FROZEN,PARSED,PARSED,PARSED,1c81dffd2c301e6b33cdb29e475b7451df92a01d92c463b3f6bbe6ba05e237bc,246cd56ac7612e833e307623daf42f7fda1f6f0c7eefb2bc8d1d97db98549110,367b77b8a145a51bde523e862582d9a7f2a360682fc388e4c642bee3fa200883,afa55ff26f10f92adaf61a87c51ccc95ffda4352181f5032a962f0c68fbea3eb,60c7054e8a047e228c755ff15c3110bb12242379567effada2520cc49d142a78,1554c02720ca1e9d15ad11ffd25a81ddd0816eeddf24646f55a2d12fc74cf01e
IPG/2018/page_78.pdf-3,IPG/2018,2,True,True,PRIMARY_ELIGIBLE,True,KNOWN,INHERITED_FROZEN,PARSED,PARSED,PARSED,a996ecdf21eab81800959e908398efae9ab835a6daa99538f1353a629822356d,1cc27e474cc3ec081084edb2249af3320f73162def31580004f9a7ed6774ac22,a7e95740b0ad04e686a8da1a9efd815e369c8355253b7f8a9d59edd9c972cd76,31171a9cdf4fc3f2903ea926701b5e5a5ecd91c3198547cde00244424f0a5182,eeab6654e76eec8d08798bdf0e81f083c60096ac7cf8ca78a1264223272c5c6a,c8c26466641a53c955fd6d439c70b22d38177cad83351be21618557cc9ebf17f
ETR/2009/page_21.pdf-1,ETR/2009,2,True,True,PRIMARY_ELIGIBLE,True,KNOWN,INHERITED_FROZEN,PARSED,PARSED,PARSED,03520e4d20c3254d884cea55e861bb9bcbe2d7b030237411c59783f10ff80141,5b605e47b8299097ac3e6b1951da26aa93cc46958e5aaa60edb7f89ce72f5c5b,f68c312d5177d5a8b5a7c7d016daf5ecbe68b9240dcc07bd9e85529c8c6bdddd,cfbff0d5c2b7eab548b27f36206cb600f68c80448e672d3aa036f30b866a0f57,ff055328b1b11882b1fd727633ec1acde385383cd74f9f97dafcd22513c845c4,d79205816ac8acff8db7a893f458b43a1194bd6812b5ec4f9f0d92b6eb6da0d9
HWM/2015/page_80.pdf-2,HWM/2015,1,True,True,PRIMARY_ELIGIBLE,True,KNOWN,INHERITED_FROZEN,PARSED,PARSED,PARSED,831cdb75d512b09f030121ec3981f6bf502e06020de2cd3de353ba8f4168fcb7,2cb2aa7261aa979fa5f3924d4a9cd8c7400cf8b95e64375098dfc7bfa45a8420,7bce9655d2be2440454c049aeab403b84f2c1921bb84275d1f7029d799c8eba1,5afee418c85e8c20b897f6bd251023f7303540bc3080ec618a26fecca8863e53,1bd1cce403ff1b11fa5ab7e73b13297784a01daabe9343e311a5b958a0af7eb1,f0abdb9ecc497c6c7d698830f230446f20d9f3f9efe3464a3471e8a06e1e3003
MA/2009/page_112.pdf-3,MA/2009,4,True,True,PRIMARY_ELIGIBLE,True,KNOWN,INHERITED_FROZEN,PARSED,PARSED,PARSED,e94336f36f6c39aba790701b7230b3cdc3c16a6212ded015c9cf9e200f039a3e,de5ca31c8b54ad8c8c0f2d0155f81bb5d485602a15af9d1fd9cbc91811f7bcc8,66d34537aed61f52eedf8e18bbd5d56ac2f390e826279c2af6fb24b81823216d,f608a621e0e12870a5c28d5809e048b8dab391fdc5b64b4f54800f2bcb9b97ec,accfa6b36655af785e324087216dec254bf34fe7190f4b20a60494ff9caf2cd3,53b60dcb2991d9e14403a9546be79e4e2521279fe6d8f91388196233b6e447c9
PNC/2014/page_94.pdf-2,PNC/2014,0,True,True,PRIMARY_ELIGIBLE,True,KNOWN,INHERITED_FROZEN,PARSED,PARSED,PARSED,1d32e3e55df1bcc393eda72005d161e68b8cda40e41b8402035b47553531761a,560e9dbfd0777c42f5376e5acd64722a90c19520d6ec47ff024aa14f4b79ac96,965916140e1fc7eba77f0d0b77be607d721125dc42970492ad8ed1bb2265ff51,ba2cd6b201022625696cc340feef46ff377cbf9292c13e30f56126a6f6003860,f1be7f071f2d08e528f9cbab0d59e0fe33b7c4de1dfdfcfdbf314888745fe10e,2c6499d4b06250ffc91ca974896bd22a506b9ad63a0c3fcbc1c61e6b754f6b0f
ETR/2016/page_444.pdf-2,ETR/2016,1,True,True,PRIMARY_ELIGIBLE,True,KNOWN,INHERITED_FROZEN,PARSED,PARSED,PARSED,8cb8b9d5b5e5bd6e5505c130d7283de6e2c5f26554fd146e18784f29d0411363,3a049bdb570db174ef2b661f4a9921b5a3c2b9e9bfed0d5ea6de6940f98feb09,89c394a603c5566f166b0bc9b1c150e3f7ff442bd80c24d5ec12a7d30722219b,7f0ccd68a58a2198f498653a6ea394bc1e41920b97299818f615fbb305d4816e,0671fa7d0e3d252101f5965e0871fd5301c92f5685767f70a4ecbff7e0ab0c03,2e826993ad0d3c52c769e00958c256a3ccc8db2733c05f9606a2b719daafaefb
PNC/2013/page_66.pdf-1,PNC/2013,0,True,True,PRIMARY_ELIGIBLE,True,KNOWN,INHERITED_FROZEN,PARSED,PARSED,PARSED,3428a40cf270a02d0b339f240ae47631d4f8563d7b70d7ebbdfeac56d614c012,cbc616a69c441518e360849dfb25f2b47a13a52b39c5871d16bb32fd02930fd2,ee1b5cabdc2720b3bead554bc01e914547c9d1806a7978595ea77e15e0dbf0b1,b7642e155f0889e74f9e6872eb83e2bd132418efa987d8368988ede1a9e57337,052990af16af9d0c5b6940f3a1feca3dc8603f6bd871c6b3606d29060db9230e,06a66283886b74c67b80d366c753ed88ffdf87ebf9278ce34086b4e71cdd2f35
HOLX/2011/page_127.pdf-1,HOLX/2011,2,True,True,PRIMARY_ELIGIBLE,True,KNOWN,INHERITED_FROZEN,PARSED,PARSED,PARSED,9811998e9e8413b975cfed1bda2aa0f6804e7e5c0e9220e5110671dc8a6fd9bc,795716a4ee1799cc64013acf2d8cce6c1d259eaaa3458e419eb66cf7a7790a58,9ffe17e09bffa48f0e4f29fbc64bf3f981f849865bf291385548b0d7d1237814,a43a0e16486289a03dcd792c1bda79d39c072f348fa163f29d7095c61805e07d,bb3ec73d2c14ca5f201660c949e4e9da087923cc533b601dc8d9e2f2d016c5d3,0f299c369ed587202299fbfb91716149e9ed3ced49b39f6ed8acec4faa30044f
RL/2015/page_11.pdf-1,RL/2015,3,True,True,PRIMARY_ELIGIBLE,True,KNOWN,INHERITED_FROZEN,PARSED,PARSED,PARSED,33dd41ea272e58255056fa8355764a74d3880a2b79dc58154eea8ea355764547,badb0c88917b8ccb879eea179adb080c535f4f0a6a062ffd2faeb3a3cf3ed9cf,349401152800e5fe5761172be2e1a48ccf2be32bf038339d95fd5052b56be17a,c952e1871f9b6129533c2688ec75218a5732b1f4af53da0d8ed5234adcadf9a7,c915766a82fb11efb01873d2803cc2121f1c49df9aedd0eacae3c1b22a288620,1e74f43cf902cbab3a6187c2c6907c5584e3834fd83528e9dca07c5032f0cf98
UNP/2013/page_35.pdf-1,UNP/2013,3,True,True,PRIMARY_ELIGIBLE,True,KNOWN,INHERITED_FROZEN,PARSED,PARSED,PARSED,a77e342df623b5078a3b33d25977dcf44e537c54642d0b6cf2be62641810bad3,aba9fa0d279bc1f5995f053fa90f6de1cc4dab87a3e3850a23fa53cce86f462d,eada8af84a507459291fe929262360d55fffee1c4c80fc5b17603df8f7e50d56,92988adc834d4325b419a8c8e9ed051b7e8ab71d5bf0051545b562a37f23d8b2,672446e0ea9a9c64f78f5134095f00ccdb22f23e6c4338ef593ddadd54f521c5,ba6e22f440b10434af212ae4c6bf4e91aaaac8b6dc41203a558b679d6324a4dc
UNP/2009/page_83.pdf-1,UNP/2009,2,True,False,FEATURE_OR_PARSE_INELIGIBLE,False,UNKNOWN,INHERITED_FROZEN,answer_not_numeric,answer_not_numeric,PARSED,b22dd7a51d74f6458e0e570a6e50d494eef03257f60d0483c7bdf19863c098cb,a1053be2b6b3ca81b0c225e103f6c4269b12ad9eb8a5f7b52d8541bad868c33d,d891cd7ea16926413def4542e857bac8ec16e73fd832c9aecc7860a1e0d5994a,83a053f22b64890be05d57846805fc2d4c7cc1daa4f487962b6a2cc2c4160f7a,4060c4b6fce22f8b9124ea9353749a11ea21eabe8092835cc9a8f85e5b65da58,a29f08160fd3ee625191719522c92fbdaec2fea25487e141b65467b27b88db3d
LMT/2010/page_39.pdf-2,LMT/2010,0,True,True,PRIMARY_ELIGIBLE,True,KNOWN,INHERITED_FROZEN,PARSED,PARSED,PARSED,774b0c5a749c59b524cbd54a42bb6460e6ec54d6c72356825d56eb71514ec2a8,ba93fd3a721a69785eead33c263cb920ccebc84fa2792dfae5d08e575e3aba70,eccd07e74f0202d747d0bc550cfb81c07825aff7be7e19a76705e2bc633f4e0c,d69e9081229f189e387d4fe46c643bbe5de6976b7cee384944a44c65a66b02a2,6ff0e64b784a6c14abc0c9469b2d4d4c0165a5d267f4b4c965eace8911065358,babd6e45d45478efc0f9c82dcf7360f25977ef4e30d9630bdf48d5cb70e947fd
ETR/2008/page_267.pdf-2,ETR/2008,0,True,True,PRIMARY_ELIGIBLE,True,KNOWN,INHERITED_FROZEN,PARSED,PARSED,PARSED,31a8e695dd4e87b6445b8d58456d716599d121cb0b116c57f2bb675e56beedd5,983de3275c2b4413de955c909a61a6444e082710bfc09831fb3ca89d99c363c7,f6b1c2240f9feb0780e525f410b782010bd2a8cfbb14a8187d3aea4833bdee93,2ee8a8a4be798e0955a5b61f3951dedb4ce005b819083f1f9944e5ca11646448,9af2abee35d5e2191db9282e785a60a7b41002154c84517948c8d27df3edcff1,6c5af65b8626f0e52a778d3115596929661f39e79c68bb9b488ba2523d3aad47
IP/2012/page_98.pdf-1,IP/2012,3,True,True,PRIMARY_ELIGIBLE,True,KNOWN,INHERITED_FROZEN,PARSED,PARSED,PARSED,a0521607cae50c7edb2c99e59ea19ccaa79156e3f9df6d58e076174e7b6c1f31,68e868bd60a77db0f6c6250ce44ce9f70e5e005ff4252accfb451d2f48e3b61f,373e27581fe45f0d7c8b2822b28e1fcf40b613fd4b90c31efd61577dbec9346a,62ab304bd6d0d7870fbee610f781be99cad2f1869c5419aab60160f46c64e3fe,2e2f047fb3939e0299eac2ff01e1715e5aeef88ba9e94fef153f855d26732ac7,0e2f703c7e9860ea0373cc54d90ae295f99a394eee10d3993de9f510d038b4d9
HOLX/2008/page_140.pdf-1,HOLX/2008,2,True,True,PRIMARY_ELIGIBLE,True,KNOWN,INHERITED_FROZEN,PARSED,PARSED,PARSED,b89534e703cffb1008475534b68014aad76681b96d5eec1c92357d46320c933d,94cfba1666ec88479e6ee2b890fba6d10aba442094b0c5de444280180b442ad8,c7412ded108253e41bcd8ccb4a0608018a3b5831f277904970fcc0351063cc5d,30b290133881c3d38a2a60c1e65be6e6b878a550e27bca9acd0ec96909749500,833e4c048107688dda0355acf56b51ff3b1b646b763ba190d65dbe545a66f902,376a595a2c77d0078659a3554081ed37e55a4d17aac8d85490d885cbc2beede9
AAPL/2002/page_26.pdf-2,AAPL/2002,2,True,True,PRIMARY_ELIGIBLE,True,KNOWN,INHERITED_FROZEN,PARSED,PARSED,PARSED,69b96aae15cdc929630b058d9514d1c06ccee2fd5aa72f5e96b9289221071f89,74d908022e82f9c21af6c09a33be531e9cd88413ad9cf9cb4bea1c0ca1bc599f,b347f28666bea9a5ec016f7fb7219c3d7277a291ad361365fd2bd44b763d2825,54235e4da8d7f6c1ef87a546d45048d8cec7734c5ca1c498e215eb7fc6a5cee9,2643721565d7cf43875a7542e1577e5d11e60fb22546843c2e5815f3b60f5c5a,fb53ca0d992c624165a10b4f04ce26841e93390538fd5caa7a015f0a65629b19
CB/2008/page_83.pdf-1,CB/2008,4,True,True,PRIMARY_ELIGIBLE,True,KNOWN,INHERITED_FROZEN,PARSED,PARSED,PARSED,1e2f4d5b1cf8450a9f5160491e974d58c73d80c8017103bac614857ae8590ad3,c5081ea13736b6b0d031b97976ae7211eeb24f35ae38e3094a43281926880c04,b0ac12875140e788153362fdc1f7adfc4f10d273ae7264fbbc493a295c4a320e,b9f4b2abd0f9541a75cb343a5ecdb4560b451cafcc46a71c47af1f069b35d262,66df8c6579f7612b5e10af6c6d65370df948dcff9cc9f7b13a7d901f3f7e5b60,20f29686ae4328d5e566be9826b80f5ae81139ab6f61682035ed37f7b98fed61
CDNS/2012/page_58.pdf-1,CDNS/2012,,True,False,DIRECTION_PENDING,False,KNOWN,REQUIRES_HUMAN_REDERIVATION,PARSED,PARSED,PARSED,5d4b39e415d82c57aa31aecc48319333149cd689359ca3ce319383b5a1c062c4,7f00fed09cd7111559645098f990f1853729713dbc10458798dfc728b903cfc9,1942007039d4728b7b9f68627e71935f31b9162ecb2b8e2639f7aa0dc31b5b80,7c11d4a5df55f70e7793dc3db6bd4b261ad23e8918e7fc7803a77017e18b9eea,7b51acac0f7047951bdf1f1a1b5d7309efd8c4a26db469d6ebb35ec7c38969ad,6a9122c43b7bec0810de39a64332fc7d6b9d494bd648ce2acebafeb4fcf17add
IPG/2016/page_37.pdf-1,IPG/2016,0,True,True,PRIMARY_ELIGIBLE,True,KNOWN,INHERITED_FROZEN,PARSED,PARSED,PARSED,7ab9cc71c0ad9632eb68f5b8d6c0ce14500a0c098da733756a7422035d6826fd,da62290f29750645c619edb90ebb6b5a922ca1c0d4b8755d29e48d155cd5761d,43207947ef32bfba8489506c281b119bda86178c676e64fa1f2d9977565b786c,6a61ba48e365b8b75f31a58436fb7bc9d5ba8a40223527318416b2e7961fa40e,e83b526f9e885e7b6f8148d316046e6b746eec0aa6ddc144fb74ed6eeb8240e9,978f40c5efca88d6ae2fc56aa50f8fb90bdd0a91f4511bac26bca5503d2036da
AMT/2012/page_56.pdf-1,AMT/2012,2,True,True,PRIMARY_ELIGIBLE,True,KNOWN,INHERITED_FROZEN,PARSED,PARSED,PARSED,a2a4384caf25f0f9113947ce5169d65e2092a23de7dba622a64acaa82e48eb3a,5a1fad54206a3792c0bf2c8207fbc531ea92d5a0b3c0abb376ba7f9f1cc89bc8,9f1ee292b5bb66eb1ea55374d4df6604f056b939dd7eebad8b5d6abbdb7f8e07,507161e36305ac89cd25143af59d4d65e602ee1986167bb62ad3b1b9978192b8,e07d607d76ed1c5a569da9cae9057d97359e3b73bf402f3a72380391198228dc,cbd890d2c76349873b3991158146ffec45cd0a2dd450a5a9c5cbf686bc18580d
AON/2009/page_70.pdf-2,AON/2009,4,True,True,PRIMARY_ELIGIBLE,True,KNOWN,INHERITED_FROZEN,PARSED,PARSED,PARSED,c5a0d5f1fe7070b24fa5fc93df6b9afe2146d63eeb32e51667000bcb7deb1f75,c6d373e61765cfa97e9d9d4bd281d2a21b690a19be519080013b3c3a1c01cd0d,28d5507d3a5b78fe068cb8df51d1b00a76e06d2c5891821b0a1ac065e60be0c7,075defe374baeac4bc631d7ac9cdc3e0b6ee5fdaac0b0d646c1c112a924b9ee9,22142a371dd71699de07f13d755b867a45f0bc228afc0474225a2c542af5ae1d,a06a8a3410503a9c76ad7444aa7ac115756451d1f8ba2e444229c880692f104f
RSG/2014/page_22.pdf-2,RSG/2014,3,True,True,PRIMARY_ELIGIBLE,True,KNOWN,INHERITED_FROZEN,PARSED,PARSED,PARSED,d35d0a094fad8fd93ae995f11abba0d300f0a62514a485ec34fd473ed2e73a6b,d682660eccd0d559175d9265815d1e9aa8fbdfe877b465202c168c75bfa1fb61,6a9b433aff2f19eeac60abbd0e37d3781ecaa8888246b41d94678b3f7cf5a65d,365b765adc10920123d12d6f76f54118138d6a2628de86122780eb6059137cde,361dfda033d9be03d75ee003b1e5a9f2e7a2aefe9f1f776f0d2d7054965442fe,7ad9ef1b8b0ca2701d16b9c5ceca72dbb59039b9576dd9afe149682b8b94f0b3
HIG/2004/page_81.pdf-2,HIG/2004,0,True,True,PRIMARY_ELIGIBLE,True,KNOWN,INHERITED_FROZEN,PARSED,PARSED,PARSED,3195d82dd48c033b9651c5c1cffbc8555151fac2687f1a06aabbe9e87b1ac61f,74e78a5359c470fe7710b9a8014aad7757b038aebc14e102e49c7371c2703430,54132397a69c6b7b52eba108e1769572235812643ce7f79d3976150061ccad2d,0f907a2b237fb8477728be5f0902f6d9ae041865fa9b97ebb87b5bb8fec0793a,1a3c76df1a06498513b479ab220ff216f2743ee98888e93dcb554ebad5b27b4c,1b3938516273c77117f02463d2d8c6a9bccc08a81ab41eb17d70951febff445d
AMT/2012/page_104.pdf-2,AMT/2012,2,True,True,PRIMARY_ELIGIBLE,True,KNOWN,INHERITED_FROZEN,PARSED,PARSED,PARSED,5b0c9c93f4c8dc4448e3356430c0f5b9dfa35cb280e61675eba9033790a253bb,c8403f0e0ad126e01724910b98d00aba4930b222f68aac620c7f24664b6f6db2,17e84eedb93ae58593d77a19065d67157afd3072492e6a453de59d3e49a9e4ce,a70ceac515315faf5940d5c3a0da8ce4375bf76329b55a6d15a79ebf25d9f462,b55c702b4893bfed49efce32fd79d4118a9ed3b98f870e6b59513d361e4efd12,21308e74957315341c55b2c1bbbf6a2b4c1dcd84c6a7cc69df1739832debbd5b
AWK/2015/page_112.pdf-4,AWK/2015,0,True,True,PRIMARY_ELIGIBLE,True,KNOWN,INHERITED_FROZEN,PARSED,PARSED,PARSED,706dc693dbc8024de5ef1fae9a77e786a30b95c9596b4d2425d7ff966e613b0f,0f43725fdff66fcedf4171b7ada24ef4f37b142833b4be3d4c340b52837c2d11,26321b9bf7d7bf514df168da17fe162ab3b7f167f10ed62d4789179708e6e599,72e31e104d5e8d65ea580ce6b94a730c638cbcebb08fb60191e7d442a1a8aaa5,1809c31525d0b9b48862cd84736eca62c26d7ab65eec217efe3e5281cd264457,0c82850099afbc7d49734972760a5aad93df7052e800d1f6d6d025405b882db7
HUM/2010/page_101.pdf-2,HUM/2010,0,True,True,PRIMARY_ELIGIBLE,True,KNOWN,INHERITED_FROZEN,PARSED,PARSED,PARSED,d72fec590cef6497f6ec68eb80f0a7ef00bebde19e192681497cf148b632a3b5,8f114cb44d40f26ab6f3ac0fc7b4e23156a461b360dd0d1099c80d3ec521b865,0678ba85b8a2e1b41094c09b5eae48709478c81e6cfa5fbdaf737aa737e7aee7,4b9cc30c87dbe2ddc218bd818f928a0cc44b58e45bc90c808062b5d80a826834,cee595c1a5bf70ec832e0a8a8431408172a307ff63322460d23f8d606826d603,13b8c1b45a430be8bf89d01443aaa344f09632f1f9c610a51ce117c75f38bae1
HIG/2011/page_195.pdf-1,HIG/2011,4,True,True,PRIMARY_ELIGIBLE,True,KNOWN,INHERITED_FROZEN,PARSED,PARSED,PARSED,594de36864b70084a7fe03a1cd4e3304acb5bfd9294862b2d8e3cbebb1ebef08,2930a16a727ac59ec9df6efc8025de668da3f5efc6885db29a9740ee8afccd33,7e247a477ba7e32aee9328dea95fa3ffce660f4b1350538be708d98078b8d777,57b40a8d294ed29e73102ac328135dc87a7aa65d072cfbeb970efaf58f5c078d,112096eef58ba3354ea4d58a286f28fb97b5a44c49bf310a822b9b9f4daa2116,85c17eadced1d69c80f63a759eb152e81e6f9df0cef1dd03d67b7fbd30dc5457
C/2009/page_255.pdf-3,C/2009,2,True,True,PRIMARY_ELIGIBLE,True,KNOWN,INHERITED_FROZEN,PARSED,PARSED,PARSED,3554b4f674d452c69d1600a733ba4fe3f0dacef69dce580b5c609db4c176b819,8bfc4527b46e53e51bb0ac7fede250f0083690340fc641e15e69ec3658af0aa3,bdda6e47ac065632b409035a54ef7c3da1fc830474babf3ca55809357fbade3c,39430f19ae0ba010b553f32b8cbefec553ed3fe780193dbab331a2b9a9305a7f,8161bcdb095f83c51cebc82bd061e874a1a3d153726c20197e7d14ddcd71a638,fc76d0b859c5f5c5cd670f91000a37973f8678df2392503bd1c842fcc367f114
HIG/2004/page_125.pdf-4,HIG/2004,0,True,True,PRIMARY_ELIGIBLE,True,KNOWN,INHERITED_FROZEN,PARSED,PARSED,PARSED,04ba97e155f37fb03f40af259c328c77706fae4cf02ae114e6bbda2c3a734b78,d3abed39cc318a479ac42c1e591d47675b9569dc8223228d58bfd0894de59cec,a6be4628061ba2f9b28cd0e43da3011ef252d40f3a783b112bcaeeff6e645df7,511c8db391aa84e6555d2849c759b1332c0547064424eec0314f5ea681d35c98,971cddba5a9f27f38034ecdc6a758f02a30d2f775024e8912c339d359b9233d4,0c9cb950fcd31e87fdc8a84ffc64e5209e08af568470be51fd6e8d48a2ab586f
APD/2018/page_54.pdf-2,APD/2018,2,True,True,PRIMARY_ELIGIBLE,True,KNOWN,INHERITED_FROZEN,PARSED,PARSED,PARSED,0cdcfbb2b88c00f4b932771a6f6ef6602bd15ccd767625f5d13781318fdb1513,a565ceb47cd44fe0a4564f1abe7ed2dc96e28275bdf2355e6bb156e26a08a39c,e193cb72842d7c1eaa2023612a2c807390b88ea8ab3362bb5d1e4e73d0abf97f,f5d45f11409f470d3533588fa95c153a183f65b26c3c73783c269373fcad6be8,c3b660182b47404d4f9e7199e7fc182c3eccd209634ee27913028da42d052a99,92cc7e3621ceb6578bb739253ee36fa16a0f5cbef5069dcf8d33b665ad90f021
GPN/2015/page_83.pdf-1,GPN/2015,4,True,True,PRIMARY_ELIGIBLE,True,KNOWN,INHERITED_FROZEN,PARSED,PARSED,PARSED,d3117a04213bf09ade6c2321b3e08a0e2ab5f23c163a0ca98315f51a8cb960dc,be6d2113fe7564301301284b3b5e2a7d368de506efafe87d2f675c2f1ca3299e,44379db15ab3e6b641b1e343f92f8498563cf502aaddd902c1f80a0167c6183a,c39a5eb6aa996bec8edad48a2049a20bd8e6afda1aa24bbc215f0ae860c1519d,ad8784ad6757b741e17c2133146ff791beeda70cae5b28dcbc202a9f1ea5c621,261ebcc16287dc77ed78166f9f43af6cc6217e523aa446b5c64b0ea128a4019f
HUM/2007/page_18.pdf-3,HUM/2007,1,True,True,PRIMARY_ELIGIBLE,True,KNOWN,INHERITED_FROZEN,PARSED,PARSED,PARSED,81934094555f5b2803e5c666761a20f76caf2a081fbe3b5b5b713f8837ee8d2d,9cb4a0421a3947b5cdd398aae139ed1f04eb43e33a4e7ac54d981f5a3b41183d,8500a2fb9ee2b17f224d4a38319072187e61c47b2b05deb9e124e9871754a06f,b59250e80b2ddba430286b769d2a47bb0fe664281e1d6a666aa275386a60f996,8cacae587338ceedc93c66aba1e47a3f5a97b5c248bc4740c014d36e9450eb1d,34fa88de58e9b0a84122cfd8e80d28e5a82a2c028e553eb15b3445cbce104925
AON/2011/page_38.pdf-1,AON/2011,3,True,True,PRIMARY_ELIGIBLE,True,KNOWN,INHERITED_FROZEN,PARSED,PARSED,PARSED,9f0a89e08e3c90ce35681582ec418793d7c4c230fb67d925a7357f31f5a42c7d,5ff92488e1cda6b5bc038caa46f86352acf6e6413456fa87e3d06521bf809381,7adbf44d632e50ba66488862a2d7b135d7d7ad4c492d68c27fa08466e33fa406,1e4dcd609a02d75c9f9557384047a6bb652b06dc802d05e62755d94a3f76d343,630d3e6e2bcf1f489efbed1a1eeb9d7b8b9cde2be30ea5280611384623e31cbd,2fa7f9295ee580a8b7e402408ec74534558581ccef3974b8d1f4762a151b42d8
PNC/2011/page_209.pdf-4,PNC/2011,4,True,True,PRIMARY_ELIGIBLE,True,KNOWN,INHERITED_FROZEN,PARSED,PARSED,PARSED,83d40e59f1e46b23184d0df72f67e5d01074759d6bc8aa8c40e0cc1d1eee6f6e,f9390abeea17e9f44e7957244e6473ace5f7e5d08832e49d38c13f032da84489,ce85a94cddf1c3e40ed285a92ce24b5d898f98bb69f0d4f25bdf10813c788da3,d4c2fed8e43ab0e5f22df15b70b0149400309bbe1d0d5ec4d987d16eee2ff59b,dd9d87a77af582cc3369f78e9af9fdea196ce3eb440578a5ec25903bc06baf85,15788e91c3de963349678442d459a6dfb40ea8292a5cb78a33caa4b8c7c5b88d
UNP/2014/page_14.pdf-2,UNP/2014,2,True,True,PRIMARY_ELIGIBLE,True,KNOWN,INHERITED_FROZEN,PARSED,PARSED,PARSED,6e5438dc7f0b6e4311f2b7cc8322d80e0d350d59c644b2c237767ac040c6c64e,f11dbec4a62da540626b70b1dfa997273c3639fa4c8333fd62f42809c2a4f197,3fc4f1ee9138d6ec1a494692e23000415794ed52d5e23d6e18317f6ba1c1da6a,2fdac40f8aa46b3b9d78f76d91e1f76a4c893a301b6d9ca120f564b162df8fb6,244c4e943c49edcb1b03f903ebe0edf3f0b3d7368cb1116d531626e54cd79dff,875e39df94f84a739a8b1fdabd38f6ec07d767cf765245e50d3645339664be42
JKHY/2016/page_25.pdf-3,JKHY/2016,0,True,True,PRIMARY_ELIGIBLE,True,KNOWN,INHERITED_FROZEN,PARSED,PARSED,PARSED,71f8b19dab6351ffbd3af59e78020a9b78030c31799047e7c69b3f2ad2af2da5,02e4c33775bc05ed8f847e4f5d9ee6093ccb1328edea7524cf32a697743468f3,7d5d4c6b62c2e7f8f50a9fd007021d7a85eb5edd81c72d9c10a9043dd5d766ef,bc8830295fca0a0ecfd299655e20aace4dd4f30346de20c3ae36e688aa0ff3af,c459947e5c6e7ed4690234cb90d87b1cdb3d6e70ad537fff7d092608b0394335,7ee10cf5393675e5d1ebb0a70d07d9a33bcc536ea481c518d6db72c47a1d8a5b
PNC/2013/page_97.pdf-1,PNC/2013,0,True,True,PRIMARY_ELIGIBLE,True,KNOWN,INHERITED_FROZEN,PARSED,PARSED,PARSED,a599bf90866b9b79edf863ee5a5884d784215351c4a040dd39c2bd403dd05732,e8be6e0c840817cf4954f63d376d35491c43a97942c9344d49189d21d891607b,4dd7110943bca1a23d6470b21e9ab0634b5b13aecf9ad973db45e9944bf764b0,305c0589d64a67822b98e86f6026f6445d3329cfb4769a3dc0d5e365bbd2e2cf,fa23e1813370ec1c9ff70ff5837118a8cf67b305a49480da6bddd82973c7309e,955871b9aec5a08dd3fd49bf7ab8a2b9eaf9761c5bac337ef5adc9c5770c2020
RL/2013/page_13.pdf-2,RL/2013,3,True,True,PRIMARY_ELIGIBLE,True,KNOWN,INHERITED_FROZEN,PARSED,PARSED,PARSED,b4e171893ccf35b449fa855ea48a10c661a461c63060ece04cc34f1ce7372aff,fe5d9b8f6bf5c84e58d91157fb9bb27b72a5a5c9c34d0953177e0a4e5f342888,b3ab000db088f4d2ec7eafc1160214190e0053fd02d5c3346eebcd691d6c14ee,20e075e481174a46e12920a52889995f0deb532d0c0725abbfe95d164c97734e,4b648ec220afa88ed76a1860fdfd7f8d7ccea50b7a7b2b9dda7c648ede574dec,7bb0ccd526daf011e5ffb9f432b449070d6c66992aa00cb8954558906b58e3de
ETR/2016/page_403.pdf-4,ETR/2016,1,True,True,PRIMARY_ELIGIBLE,True,KNOWN,INHERITED_FROZEN,PARSED,PARSED,PARSED,814e80d80170d98bae7efdef1b56557121c7ff59a1dc690f6c9c45951354c9a2,ea8e9d1e87c023e445a102e46abdd89fe89065ceac305666dacd5d22f579e159,abf6f65ec1a15b231d79b46b27b50fad324b0dfed47f95b9cb57b26847d1c086,d51549e20334b754413da05585001cf940b74940bbf58ca14b7d7a07c84f59ab,7d014d02d1e59944d3b4378c803dca170aeda447397b3b1e2830dfe1af3ae210,47d5d0744fc7cd4db9f0e93bda2e72b97ab6eb2d5b23e4365585425ee6e4974e
MMM/2013/page_48.pdf-1,MMM/2013,3,True,True,PRIMARY_ELIGIBLE,True,KNOWN,INHERITED_FROZEN,PARSED,PARSED,PARSED,b3e2b2f49500fa29431ccd2b897a85747f3ed3e01a0b007b1e164af84c990621,cfdf30ac1fb6a024358f9c91d31058ebc22f859baeac7900f1d71eb068358fa9,9fe43c235e91364a671e3a89d8d9738e0135b071515ea25bd36e27e93885ede6,7303357310414878c2d0b6fe171f4698cc4b8856bc13e31f9fe7562fdd76bcec,cfa60bd7c1f519fe84242fdcbbc7bb671afe6e9ee2aec1d947c2ecbe50162855,d6ed1bee9f5ecc4f4289f5f7c9a7323b915da3972ea5b64ac36da2916ab901d1
GPN/2016/page_83.pdf-2,GPN/2016,1,True,False,LABEL_UNKNOWN,True,UNKNOWN,INHERITED_FROZEN,PARSED,PARSED,PARSED,20aeab8b27b5559d0d6fe08c5cb5628a113b43e818d2437bf61f333c5fb64e10,70303424986d69b9e398c8f7c417479ce49185282b5640921aef1592e2365dbb,3852d2c1e1a7e5c4f694d9c6506e60d8c6f74d3f62c2483083ebb50a6eb4d3c9,ae3383d2a9a29f788a0d1d1379b91ac9a943776e69a9b1d88b647023b8ec4566,371ad15f8a0a8fb336cee9727b2bc63ec86ff5d58d045b5a9a68fdbbee97ae07,e7052c0ec6fc9cf082f0be92fb55001e89ea29ed9f59e539a08c0bdfe6f3a1da
GPN/2007/page_18.pdf-2,GPN/2007,0,True,True,PRIMARY_ELIGIBLE,True,KNOWN,INHERITED_FROZEN,PARSED,PARSED,PARSED,9e0aeecfedf1f031a035b73d20e563f599131981bf00bb456b3cffa5e16c445a,1fbb50379ea8c298d0d304c6b68d123b0e7c38df375071695e23d5cbe97a6855,f9d04a7b23e7cfe7aa4ea768b9f329d1a560f855992c113ed04d8353802c8701,e79e15cd5c323207ff7eeae5be01c6fde41b81e24290e4c2a223b21b68bfcc8c,2eebff571bca0710871a87e011dbeefc20a49478ed33c989a3f826b31fae8821,10179c243e99ad2f227364e2fcc4a657a27a91d7399f9fa693f1133892c6a582
AWK/2014/page_45.pdf-3,AWK/2014,4,True,True,PRIMARY_ELIGIBLE,True,KNOWN,INHERITED_FROZEN,PARSED,PARSED,PARSED,9bf3d6e42c7286f049622c5a42ae6d9c6c8430e799cf61f4594abc51e0fb400f,17a533ca08a2c4c8053126e0299fff124fd4297922df1169c07e31927e6d46f0,e5a4e3283994c64902deed08df5dcb6aab055822c6ce2848b80140845c7d48ce,71cc6de4d3bb6770fa965422382f0cd56cc752adbbf8789fbd9b95c4b34c06c2,44eb86029f234811884b5f511f7a5316de91c2cad7e6fe8894539acd8a6c85a5,9ff35a2656507f1005cf1168b3bbb67cd6bec865ba367960b248a5706b9dbac7
SLG/2009/page_84.pdf-1,SLG/2009,2,True,True,PRIMARY_ELIGIBLE,True,KNOWN,INHERITED_FROZEN,PARSED,PARSED,PARSED,23cfbde24b93b1404157879cc5a49850cf2909386366a1c344ada0e8fd336ca8,eba339cdc08005cfaf59a54c3a6219d90250eed6b25f79786a7a9aeb5b6b6a2e,b3403b6036288b94e2af12b43514eb30b7a6187bb98d1619e19be2d5d90547f4,f1da26af4071506f001b89668262ce6b8a9cb7137aaff7de99f47cad01f08ff3,f37109f33b9c5b3a7208bd7ee7d1cec883a8165a3296f65b7bd3950b06dcfa59,754ba12b0a22dc1b84ce35370af4c670241bff142b34286a8ff04225d14c44cb
CE/2009/page_121.pdf-2,CE/2009,4,True,True,PRIMARY_ELIGIBLE,True,KNOWN,INHERITED_FROZEN,PARSED,PARSED,PARSED,fda8d462042449388734484b71fdf47335c58fdf3c9ce6a48d957de848baf9da,f813938b85a56deeb25992e49ae53883210c56f057cb414285504dc836628a1a,a3bb544c28a5be3fd4c241670d458ff861e30c2088c65539f65552cd217d94f9,dbae7008b700393e88080bcc2f06fa2886ad8faac67960a97912d3c837154dbf,a8fc1d58f73b0144a7bc7a4588ed47f769a76c3abd091bb00b630d07076fb1e5,ab092d9881fbaa698db89352c3ee98474d3f197b003a31625df3baca99435dde
MAS/2010/page_29.pdf-3,MAS/2010,0,True,True,PRIMARY_ELIGIBLE,True,KNOWN,INHERITED_FROZEN,PARSED,PARSED,PARSED,f2dede3fd5ae6e27436c12b077fc15cef84d074c9e199aef3bc93423ee7d9568,367a934bacea6ce4bcfbbfc90ad143b2fa7e709fae16d82bc42f7aea779ab448,aabb56294a2ca34afcf499959c6dcdc802e0a303763cd00ce21cd42d2e3a3df5,db5f73ebfa95d8322e48cb0d6716bb700c8d02ba0c3c308536394249bb64fd01,b7ec269bc6f681f9c7da496db91ba736077ee7ee6119a976b63e608f376f74a4,125ecdeff4623193303aa1741c7716432ad2c007249e1dbbba8e72a522684afc
ETR/2008/page_266.pdf-4,ETR/2008,0,True,True,PRIMARY_ELIGIBLE,True,KNOWN,INHERITED_FROZEN,PARSED,PARSED,PARSED,74f5b7a55fcadc10bad8a53c5f6aa0987a9c46a1e6069f66d298830874de6c82,6c02a2ea5644e956d49a7495524797a0e4a1d13c02bad2e78a89f322865c232b,156e117c5e4600ad932727a0dc4853280b215ecc424dc00fd5d08dacbd5817be,34db84a65a33ae1ed70208486831175121e267c5aa74ca1012187587d5767381,59f6b0083b7d9952dea1d6d7051b6f69aaf7b0b0dacae3469be44e7714bbf30c,93cb3a1532b4982ea739669e37125d82988ddd6fbeaf870c5e38ea9954db36a3
ETR/2008/page_362.pdf-1,ETR/2008,0,True,True,PRIMARY_ELIGIBLE,True,KNOWN,INHERITED_FROZEN,PARSED,PARSED,PARSED,158124af9dcd972cf8c269a92c4c07c2184404e34b910b709d321ccbc9122e48,9306317234ea1f8ece6d4097a22a3521b7326cb832d2d1edbab96097e9e9197a,1cdb6af98bdc014f4d8db27d68f94b10c5f84463a3f934478784980f801ed328,cebc8a90b6d0a399dceb2700782da390cadfb49f15f3f688f3efbb76bb37139a,8524d627e10758be6c06ede351b4ff550348dfe68bdaae073f062137867d153e,616255cb093f8a65c082b0abfddbfdf0f37fa90e5f0371a65bc4daa4292a13e9
ALXN/2007/page_49.pdf-2,ALXN/2007,0,True,True,PRIMARY_ELIGIBLE,True,KNOWN,INHERITED_FROZEN,PARSED,PARSED,PARSED,29b031dbaa6061dd9cb0ce4683fa00fad9365765947261b7e2b02e1fde9abc40,308fb6d70cffba1793344775a2acff063e83c8e2c8247222ef335d9a6a7d7dbd,6d1aa0c7e96b43d546a94c166c9167ae9c5314daf5e1410213fd9b106f9bd724,60805b66bc46c48320182c4eef907b977c470665159b77876ba621cfc4e9d061,e1aa25aa52bfc1454018d989a64a9e5bb849c843394c0769cc3b152baab1df74,a3fcbda2181d90a94a94c0980af8900a40f59c787820037599c99f51447fe566
GPN/2008/page_39.pdf-1,GPN/2008,2,True,False,FEATURE_OR_PARSE_INELIGIBLE,False,UNKNOWN,INHERITED_FROZEN,answer_not_numeric,PARSED,PARSED,12df9331b42213d4705e66a6868f26e381b8b9c1e34e2fa07e7d22fe8b8534c4,6da9b339dc5275682a5536f1dffd0b515e78e0307e6a7d4870d8850586bc002d,e5cc8ca7c5990b7eed6189976aa59a28cd53794385dd61528f1e062d5ed1e772,6a93f7fd54bd55a4a02522beef2aff3d6eea1da46a609247763c5900571cc567,0487d32ea486b7dfc5c29d81513d398aa60335cbcb52a5349b8a90004dc5d6d2,e97a9202d414edeb9a7e4906b4f2df0bfec61c233fa051ed532df1e2c59acab3
JPM/2003/page_28.pdf-4,JPM/2003,4,True,True,PRIMARY_ELIGIBLE,True,KNOWN,INHERITED_FROZEN,PARSED,PARSED,PARSED,b5d5bef50d17bcf7a244f32c1cb50d62d1aa9949eca6a097358af71938671269,5d0b972b6fdd0a3ec27d9012fea9a5e9e4a8e2526b290237c0746210f4c22828,29f764fe2ff5decc283a6e3f6d237fb8c0543b4d5f6dc2c58e889017c7b598ad,426d0970d72d063ec1c867083424ac27361eb505aa5e4555a4cb0894072843a4,0ffd956372e04c55bdec98422a576b5ebd2d1cdd7682c93dee8062b40c3f81dc,7176b855d46a575e3319f23a9ab5fe5303b7474773c5af94c85e685bdb6f867b
MRO/2009/page_132.pdf-1,MRO/2009,4,True,True,PRIMARY_ELIGIBLE,True,KNOWN,INHERITED_FROZEN,PARSED,PARSED,PARSED,d9e3963819608f0c474378d28692463feb7e74ed41256287d85ae9d7124e0e17,47582cd2af2aaa37b98b64bcc60383bba04d89de6e809b8f0ae012989928092f,68b51243541eec2b624072e8d1a9c66ccaf3fba4151be4fb300cf5ba99de0f93,4bcd1a90cb2a41809f747da5811aed850e774f5c684b84c8936384ad9d4a3279,d0cff210c7bccc27c19b38b4e65aa1ee60b5780ce967b11f4dd069c0b0a10784,8988c510554beb0ccc34e290ea76a21f3a8dbf190156cf63a5a4cae43990f039
UNP/2011/page_78.pdf-1,UNP/2011,2,True,True,PRIMARY_ELIGIBLE,True,KNOWN,INHERITED_FROZEN,PARSED,PARSED,PARSED,dfafa4050cfcabaa11ebf660a30e6f7657e7b22f22c493755b366537e88cb2ee,de26be4be06ecfc2673ae096375972287c85207a57e8362f331d03f65582967f,bea4357a935ccbf39c7d8bf8c9a0e9a1973541da96edebb5aef842da9f0309c3,b1df84dcf8b878ad76567533b9cd51bab4b1109cd4f695e17203f720b726e78c,150ce1ef535f09cd9c6b55de7ace9d765b123672e89c0636c38b269093c9eb63,a03e14343436b89db3e4d25e5b886cdee62fb1f38de329c1d7e0cfed3939d55d
JPM/2009/page_206.pdf-5,JPM/2009,3,True,True,PRIMARY_ELIGIBLE,True,KNOWN,INHERITED_FROZEN,PARSED,PARSED,PARSED,ef6687d451f15341e33efca624d4c9396c26a9355ce421e3e5c58a004b2b6a06,884871d5f1fe3a3223f050f962ab16e1e0f48675d47decb757c5c557b40af9fe,bae337302a52247015ab835a382b6ff42dadcbc4c3b8c64aa425150f24ec0711,bb7baebccf2db7deba5402c6acf265cda074995426a9238ab8eb418454a00c34,041de6250d3c6db371fa05374ecdcd8026278e0f2ace0ce70287f611de86bcfe,b582bed236bd6666b74879493385fa74be3bd8b138c2c8e598c4c422b56255c6
IP/2005/page_32.pdf-1,IP/2005,2,True,True,PRIMARY_ELIGIBLE,True,KNOWN,INHERITED_FROZEN,PARSED,PARSED,PARSED,09e060c76399230eea7c9069a49eed6e666894580fa983338c9a29a220b42230,0b0ce712394c8b2212f89812fbe59af6eca19d45833e0a5aa2f07ead50c5b75e,cdef2abbb475dbe962ea532947631d7a7d67c5093039bab435e7899b6dddb058,d07eeecdb16855423103abe77a42635fce3259d00b85554f782539b3e04d9c1d,1a348007598a189ddccea25fc1acc0eee54daa1677c2fd28f7025e777a5a67d1,9c1afe4b80d23e16ac8d7a3ee7e318c4f0b526813b5057e32d4a1c16594ace0e
UNP/2011/page_35.pdf-1,UNP/2011,2,True,True,PRIMARY_ELIGIBLE,True,KNOWN,INHERITED_FROZEN,PARSED,PARSED,PARSED,5b3987df5f25496fa85e50a9c60b4876f401323b0bd96fee350e9577533d1b13,e767f3e7165e567655aa38204f9f8314a570b3de5d3b1fef6ff305a05f098e01,2721fe861dce2035ac4bcda83737abace91ecb9b8a55b9769558aacaf5b55c8d,2b85ea7a68c18620d708596c350872f9bfec02401bc014a2eb24b7e4a8a5eef9,055d8955073283681b448d1bd782ca0a0bd7c515f691cdef7141d5dbf78a9260,1b7a3a5b8ed571dc1bf9ec8db87d144c3ed87f418bd079b44c78c958dc29bb47
AMT/2016/page_57.pdf-1,AMT/2016,0,True,True,PRIMARY_ELIGIBLE,True,KNOWN,INHERITED_FROZEN,PARSED,PARSED,PARSED,6d148114cd102640a445bdbd4b13471e50bbf21c09d02ff8b3e8422a8064e6cd,18444423c39fd9c5417afa85ca18431292bb6f9e0cb83f40b945dca4a4b90700,b1638cfc47390fbfb1c003e03671e191501eb5e59bc4c4ea0fdab23fdc733d64,e54f86d22b1c149ae0366b41e5b2ccbb13b43724303927944f62c60214a8c0c4,36d5d53ef03e9363cd0d4eeddcc45880ec265a236dd3f989b343648096c6b5ad,8ea1dade12f30e219459ad68220c6047aa2861615de420e65d05f623f4cdf5a0
LMT/2015/page_86.pdf-3,LMT/2015,2,True,True,PRIMARY_ELIGIBLE,True,KNOWN,INHERITED_FROZEN,PARSED,PARSED,PARSED,58b038a688d1c963ac5ad99955429b6c3ae6a96e48f7e11e81afddf025b9040a,8ea61207efac72d7ea4c2671e7664f992e982953e7220f00e335ba287a149414,5689ef0514f15c09d7d6b6fac3a7b7cb650e5cfc3df984c2406c9aa3f5370687,d9085fc4981e86ac288c0df01a34de769fa416c38fba6656ebd556323e782c47,355c69e4e258312e7cf6d523ac39c6d84da4694024aefb5264fba0741b4e296f,af8ad5ad0653db4e74cdf2f1e9df5dcbc344a0c3f1fcd14a9209789e2894ae26
C/2009/page_255.pdf-1,C/2009,2,True,True,PRIMARY_ELIGIBLE,True,KNOWN,INHERITED_FROZEN,PARSED,PARSED,PARSED,a40bad31ed9dda72af6070b76cf8b60b5c624932ba9ef7d4ba6a4289b39c08fe,c556d156fde7adad77697fdc3fa8abf842c59a35593518dad9a3afd62b9c21a8,4a44ecc5f044ea496baec7b870ddde5e7a28db22a2ab1d0447168c624685ab4e,42f3336a95a965a33300c9eebe8a782213fec414aea30a4a7525651501d53445,691fc2ded0551ed9fc4afa56b81edea8de931f866588678eb16450a3ab022b41,1111a92ad8b6119148593472dc7bf86c35f9a20a602d86fda1689c08682a3e13
MRO/2012/page_39.pdf-2,MRO/2012,3,True,True,PRIMARY_ELIGIBLE,True,KNOWN,INHERITED_FROZEN,PARSED,PARSED,PARSED,e83094401f27aa8b2a9dfc5759929d866682af53e2eb882e82fe38aa77e41980,4888f945cc61c6e482923523f85e1d78f791a36c9df60cc50af694059a1992c0,8c92891d645b8f9027f66187aa1b0b45f1aede084bfb5fcf16f4b7623a97d4c3,1e8235cf19b13ba6aa83941d7c527f2c4a614f700621d9895df1abb7e6420d71,6e9524eb89ce90687dd82884eec3ed27479119a54d44a0a5e6666620dc24cda7,60516dff78ec5f1dbf426dbf2a7c1aaede0f5ce48108cb13f5f2a10a81bf0c08
BKNG/2017/page_35.pdf-1,BKNG/2017,2,True,True,PRIMARY_ELIGIBLE,True,KNOWN,INHERITED_FROZEN,PARSED,PARSED,PARSED,3d11a40d47b67b3db949c4c07919220075fed69a75f05f951484eb6a515a8fed,744d1fea9f733feb130db74a6d61e79aa0036dc9bc4f6a3bc9e848dc1d01507b,8519061dd50fa43805461f65e3e5a70082c5bddfc7ffef1f18d5ed3f85c4064b,0c3c844f413fa6032898708636c54b956178967b14b4181d81e808b38d1891b3,4fa378a1196340a780f4bc8a333192a2b0d72d891ed30a76f8d94e1681048309,ccfaa903af508e54aaebc6c5d12dc327642af36c8685a4fc6756ba00a48a2d7f
SPGI/2017/page_73.pdf-2,SPGI/2017,1,True,True,PRIMARY_ELIGIBLE,True,KNOWN,INHERITED_FROZEN,PARSED,PARSED,PARSED,9e4b66c8d852df63ac508e35e26310b0eb3aa0b5ddf080663cb988870f16d454,0f3f2d2be3535add3323a91db6932a7aec7f01b9f0ebabb0a35fc4e66764d0b9,9b0fe5a917ee91678d2edfcef579450585394d718cd9ec9f7c2f39273a64fad4,0c8c2a880bd4591ca80ac9e9fdeed7006699dda88d5b4059e17d2f8be9baa3f8,a4ed0395d958b34b57bfa0913e1ea121a2b4d1bc93d441a09f65a2a637890119,eacbb65cacd25a6943bd3697056d823071ec9b8971e8d9841f9576259f1e878e
STT/2017/page_63.pdf-1,STT/2017,4,True,True,PRIMARY_ELIGIBLE,True,KNOWN,INHERITED_FROZEN,PARSED,PARSED,PARSED,7799545eca10071500afae69105bf62f42427af47b0722e5daa4fe702467582f,f26cee33c7f32a3f4ee08ba41646c0eb19f495b2293b073767e0d9eec686a234,536f13213a6edbb4dcd3e15f22d5ca452f84a1545e3f343c693a76cad2af6794,294dcf5682c753097963a74efd588990fd40ec5af178dda304a0860013f542db,97a7eb5ce5ebd2b7d1dc28c1e5dd50ec6fe6b7c32c0fa18a7fea42b148726274,e7cb1310e5c998ed692cfcf9bd52ca3ae8e7a71f208b99dbec113c955c311ea1
HUM/2007/page_18.pdf-4,HUM/2007,1,True,True,PRIMARY_ELIGIBLE,True,KNOWN,INHERITED_FROZEN,PARSED,PARSED,PARSED,d36eccb5c9b492557220efb1774ef4a80956ef5cf5631f801ba4e3c86b386235,a76a5c5b8bd286fb389c0ec58f82ee4604c36422ffd7f99f8277349be5d88e91,70a014d86bb0b1eb2273e82bb84ddf8b914fb469035b78a1832725827d496548,244f214f916732889c6b7295094584d543874ed88ea4fa254173073fad28f703,ddeb7b7f3c0a906255e43b5d6eb6948c53bec61fe0621599a9a40cea5fc7388d,501a3ff3d5c4fec6f736979007e960d701904616baac4c5e5056bf976b702652
PNC/2011/page_209.pdf-2,PNC/2011,4,True,True,PRIMARY_ELIGIBLE,True,KNOWN,INHERITED_FROZEN,PARSED,PARSED,PARSED,421235c11a99331e1923bf27dab3d8fb2142cc6d9696ff685b79bc38832fb2c5,00a426a8cea118d9dee87d806052ef687786623900859371414aee1e7d6d33ef,9acc9df946f3c157e815216ebc44b27eefa395c99d1f48e36837e53f3ecb517f,2532f261daa6177d6902d690d5ab779f45f6b29a1eca80c51641b50d76ca244c,7b238bb4586a7fe62eaee7bd4d5450d5a15716ad967e03f6cc9e4b1a8e64e376,7f0c2651d4b982c8371b16fd12562da5f6cdcd82bef2f81885c57c0ce64ab1cf
AES/2010/page_225.pdf-2,AES/2010,4,True,True,PRIMARY_ELIGIBLE,True,KNOWN,INHERITED_FROZEN,PARSED,PARSED,PARSED,951240552d594f27819ab2f57392bd807dac87bd58e9acafb8c2eeef799f6be9,9827059a809aa7dd19d530209a2eb031dc4d8419efd1980326cfba4b07aae555,32673b7c935b6288efb826eea87797d7b3eda1170700e752c8dc39ff858024dc,f9ad48c3f866ee29ec6273c6da473a9590e653c5eaba5c15837ea451b161b31f,a8ab18c86fd0912f87b97ce8674a80558dfbba60c29f0fd7fab645ab4134a397,2a15d13907d7e5bd0fc50a9f2b53b7152fb646fe9565f41f539db616908de156
CME/2010/page_109.pdf-3,CME/2010,4,True,True,PRIMARY_ELIGIBLE,True,KNOWN,INHERITED_FROZEN,PARSED,PARSED,PARSED,14e0d1e88d84ee440e87345d9861cafc12f5bf55ea92f5f28a78a13389c61b81,23638eccc9398b5a7ddb7f4a16dd36b0bdb632ded11f2deaa0b33f2c2418cc2b,c58bfa9db9a875fc56f3403be5072f9e5a924aa6485bc6947ce1cc7afd605057,70d5a7fb1bdd2222ddae38bfb5976806ca90ba23772edd9a85d86f3f13a3d252,ed831061a13f2f218410623d49b30dc94732071847295ed6ecee5010c843e95c,ff23fe319693e7287c159672a407f9f072f9a3cacd47fc657b322f26de1808a4
IP/2007/page_30.pdf-2,IP/2007,1,True,True,PRIMARY_ELIGIBLE,True,KNOWN,INHERITED_FROZEN,PARSED,PARSED,PARSED,9cf9cce734e9501580a1a9aec15c788021d9cfecc40cc47f9763d519b95748da,a0e4dbd64f4900507fddba2d1c14365603f78c81574880ae851074cdc3bedec5,c292cf6fd45b4f8f3dad23a6d9ba11f5c965180c8cee2625179349c08667c2bb,2f787cc8281e651bd9f500172087e6b023714ba059655d8d7f580c270491c1f8,60237ce9d3eb65ace5f479b1a70251baade4244bcdf348849b0c63d9141d0f73,7c6640e577e32b74d54259ccb349ee2f00373b9f67fe676d2bd62182a83ad2ae
SNPS/2006/page_67.pdf-1,SNPS/2006,0,True,True,PRIMARY_ELIGIBLE,True,KNOWN,INHERITED_FROZEN,PARSED,PARSED,PARSED,52af4e578d0dd6797ec5fd6d980f5559b3f8161ba08418aa5a4ee8428b93d956,b6d761bea4338f228728a0eca39368f2f54e2d65641cb18cfe3e62092f8573a6,1df37b5209d4fadcaa1157e48d455c749ca82f6886030a9bfdb8a4876a27682f,1d9febc6473321c1fd6f27dc58bf1669db7e698f0c2ba1ea14ca987ce5c9d9ab,d35ec11b6436b92298dc1ce0e6018463a680caceb12ee7045ae9e10e260f6cff,39d4ba096b4622f9a78f910ddaa70797ec329f82e119cd949c18efefca75c07a
AWK/2018/page_162.pdf-4,AWK/2018,1,True,True,PRIMARY_ELIGIBLE,True,KNOWN,INHERITED_FROZEN,PARSED,PARSED,PARSED,f4670b67d5f33d7e33a08dd7c85f31a9c27a07e17e0d5248a0e3f66ccca14a4c,e6d005c8da0973bddb694d8717526b16462ac4388f64eef747470aa040733e91,ffa732d6aa78273ccff19c54c2c9addb19ff8e57ca117b5562d63dc2b71a9096,b54caeae57f33a47a142b3d97ae1a834aad457cb20b7c433a0fc3ac2b2dc693e,44c4c05e9adbed7e94f4c1db60deb84770904cbbc6645583da1ff7b896aa74b9,4116e543ea1b99cdf0ca15da0d000445502f81398c9dccb049e1fd8e96f1b1cc
GPN/2017/page_76.pdf-1,GPN/2017,0,True,True,PRIMARY_ELIGIBLE,True,KNOWN,INHERITED_FROZEN,PARSED,PARSED,PARSED,96a5d0f6de27671fab1b75aab6fbe9ad65609d2b520282a4b2a94d849cf2afd4,986dbada5380b36c403e1901e0ef4e047a08417e01a8894f531aa734f4e1c1c7,7c997b7465c69fa8c3ad36d4331e4923c036a349be75e41182f345732097d136,fabae0c3fe7c4482fa552ad0ddf90356d68d5a0d54559b6376760fc40c3d6db4,3526079262e1bdda2776bb385e36eb934967aec99a34623ee195b9a4f30f1d2f,5e51010c024742460435988806a3dc7b3f7df56b59e15936bae2e2f0263b0aed
ALLE/2017/page_44.pdf-1,ALLE/2017,2,True,True,PRIMARY_ELIGIBLE,True,KNOWN,INHERITED_FROZEN,PARSED,PARSED,PARSED,22cba9b951e0e847f38e8d35a10f6647289da5c24f97f3344f1e33495d977dbe,da8f9156664ecc87bdceb11d7c54859160f71f1fbdbfd7500d692db9710b1167,7a012f68abd3fc8da97abbdccd142a6899e4b82231059d9b032f3fe71b2f8b05,11515c7c32e042cd264ed5c250aa384d8c0dde5b856e4de745eef5de33818f7d,5fd3c7fc0311fa43f0746d3f5d2c76156851e4ea8ef9311e92ceb6333ed26934,d57afd8f75679eb1c14776eb8aabb8e087e3d5e1263d7492f8a2ccadcf2c65b2
MRO/2009/page_32.pdf-1,MRO/2009,4,True,True,PRIMARY_ELIGIBLE,True,KNOWN,INHERITED_FROZEN,PARSED,PARSED,PARSED,ffafa546cc83f6c1657960082f9e66fa30e64226d3e5e40393cd94b317a3e465,337419474eddb330d9e87c907c13cc2cb64f7765794a58f137dbde7bd30e8c09,079c61e0233397f9cb4948bee3f01510e1b725176d0871ef1d1f600d7706373b,2f059ff3a72de426a3dc8627f1dbe2d668aaafc805e7718b3ebf26a611fc0961,31d87426d8285cba85633bced5581fd22bd519f036548ec432547b37ba937773,9eada6cd1fea35485d721a48d0d7855913e9f758043744bfb4bbf4080296fd3e
FIS/2007/page_52.pdf-4,FIS/2007,0,True,True,PRIMARY_ELIGIBLE,True,KNOWN,INHERITED_FROZEN,PARSED,PARSED,PARSED,3646d490fa7ae6a1e67702b2aa06af78a60fb8a2cdc82bd83ff5a1f5a10d7fc0,21496d6f5edef0566f9ed66c683e901176ab30b7991c020fed5e8f45945b0e62,d3b6847b6aaae75bba39fb3bcf846234734663a384f925c7b926c33b1d0a8ddd,5e3fe9414319655e530b43c85a5e4ce26111ab1b68590d046be82c65aaf737b8,e9e1f47009d4150f724fce407c83f558e7070e3c7ac06c2c04fda709369e3ee6,b944383e50b5c876a2b9fee3fe174260a533b9470b744fbc318dc13fdbeb8519
RL/2009/page_20.pdf-2,RL/2009,1,True,True,PRIMARY_ELIGIBLE,True,KNOWN,INHERITED_FROZEN,PARSED,PARSED,PARSED,1a10ed934e087dde0df2fc07d650121d182f29060db2ef0f10d86fe1ed9191b9,75327f6687b4606e7c0d82e13d20beeb65015df53122cde42e893b86d9813b3e,541fe3c7449c70118ade8f5330b13cbb2c42921f38a67ac8099fe039d205000c,fa1e6af7b8e73cf8debb9c3a23c2053ba09d1353be7d2f460c44ba4c91354741,703680f924dbe049aab68c3157817b0bcb58554cee1687b6dc044375b9c25ebe,a85784a9e4318a39a1a6797a8b27811f931e9e0117c8bde396a6a074a5befeb0
AAPL/2013/page_27.pdf-1,AAPL/2013,4,True,True,PRIMARY_ELIGIBLE,True,KNOWN,INHERITED_FROZEN,PARSED,PARSED,PARSED,d26225b006e29d6f95ae8e2d6bc254b85e0dde8c9e1b71d89c8c54bcf0cafa22,efe597c47cf6e7941ae18757699b3e6f87334f71aeac03114f9449825398d9f0,078c7338f80d7978c5b556de72bc7fe0a78a63f769a63bfd0056eb805f7f45db,546cfbc00137a4326962ba87ef793c616b81e09be1c02ca75aa5a9b0040f9782,65ea132fe61159abffdc7831d8e0fae5fdfa456b4012b25ca17c0f26683a1716,e0397287f25323352f081545dd48e2000221edfef11f2673f629391464a66356
UPS/2010/page_33.pdf-2,UPS/2010,3,True,True,PRIMARY_ELIGIBLE,True,KNOWN,INHERITED_FROZEN,PARSED,PARSED,PARSED,9ec4cb1916fd4f611d2198dde67544953706c29a77fd65c4cdae48adec2525af,50942e2f05e3b68e74b56a672f699c2ffb1875c01e0a9b2cf9a5d4b558ffe4a9,150ce63a17515fa618ceacbc0af1aa936a26d19e48cd046880de074cf5d871ad,4c44e7197b5cff3a58b9bbd6968ee0486df65fc76fc41578b3fbff88b973ee0f,e57b9926a54d48f6190e6df4e2c6e1306215921ee0253838b21ba58542031895,0c8929979a5389a2de289d0ab754c809a46cb701346e1e7ad42d07a9ba6debf7
ETR/2016/page_24.pdf-2,ETR/2016,1,True,True,PRIMARY_ELIGIBLE,True,KNOWN,INHERITED_FROZEN,PARSED,PARSED,PARSED,7f8abb2a548cfd48ea281207afed64446ed2f06c5b9d7484aab621d4ca2d9bb0,9ca68d1d41356b681af52a3915b4e04f62179004b01a67547a44a23c6eabb93b,730c521e75bc260688df0828ca1f22b6bec732f1482b158beaa9bdd8e1b739ec,b2f0c648a2c1cad5bc5571e323f489304f7875b6a9260201d8e6c287f77cbdf8,d14a6f4426fc92d41621db930ccdeef366a5c3f4ebd9c0d710c52d8f5fa21956,7b78c241f7ce53da14b20f3c64d399c8e6368fd23d92defb625b792b7e29c648
IPG/2015/page_24.pdf-2,IPG/2015,4,True,True,PRIMARY_ELIGIBLE,True,KNOWN,INHERITED_FROZEN,PARSED,PARSED,PARSED,6cefa4bc1f273a04174be0581c58d4ff18f3396112bf4797017020b21d629ce8,5ad1ddbfed7ebdf8dee640d0e6a4b6d90a9184663144fa1ddd13054ba67c0f04,fcafafbb59dacba7efb4afea1ae320a271d894f603d2a9818ae688ec6985f73f,1fb932e3e5eff89180db6abad812b500fa6495149313878c5a7596323a072e3f,ad62b829dc0c597b47bd6a574b8c825f5680a182a5e6c8a9e610f7b1d53cc94a,9d76ee43cd026cb06e511e3b657b1309a69eb4b206f5fcb5dbe6249c935d1330
BLL/2006/page_45.pdf-3,BLL/2006,1,True,True,PRIMARY_ELIGIBLE,True,KNOWN,INHERITED_FROZEN,PARSED,PARSED,PARSED,91b253245ea04f63aad6e8d138716862b3b399a81115c84a9d215529a60cc0f6,4937efbe4530dff343552069f101bcbe1080c1dffb0099aad086abee1ed5e589,ed246f0ac84442d3d845809fe3f0267b5984941f3e53c3b8496daeb8d01a70b8,5ec15694056b2d762b05e54c4d0c4fcd59e4010018594595a7502cddcd4c2698,058af46ce3e923d303546b67c7a2f4196b7c7083b1e2c666bdb1a87f0fecf4fb,4da1b28ece68bbb6e06799933942ec8b785d6eb47c01ddba7a5b288f7cf6d2f0
MO/2014/page_11.pdf-2,MO/2014,4,True,True,PRIMARY_ELIGIBLE,True,KNOWN,INHERITED_FROZEN,PARSED,PARSED,PARSED,68079969fb289de10cd83edf8aca68df4dac9c0aa5d6b1bc80f113f6f89062ef,c6a2b0e61463bd473995732b8ab1b2eddccbc0508d06f7790ccaab49f8dd3786,2aa4b6d49e268e65c255d3fe1323f977a68fc23db8ed5d56d96fdc2df216df30,f4828633d44237d5c09841569cfbfa43f6b0abf79c765cf54a00ec1adb11811d,014166489240effcbbad52ae0fd6c1e22e3c0545cee4a99c2790163e78ef7667,f5fe7fa983c026e55317d1e610db8952d21f83d70ca38678c4a702b586e968ad
RL/2011/page_14.pdf-1,RL/2011,0,True,True,PRIMARY_ELIGIBLE,True,KNOWN,INHERITED_FROZEN,PARSED,PARSED,PARSED,bd6befa64882d45fc558dc4f20b15b42e4cae52b0800f6f638a6df916ffac888,cb3375345f79d45e256242dd1511c8afd577cf3c7f6c3a8339eef42b6d429f60,32000bba520158f5e2bbcbcabef2c7647c2d958c991d94e1a66596b32a700765,5166c7d58362606351f06de0b6be37efe36722d88952da8919486728f0ed6cdb,f4aa434a1091a52663eb497668cb0ae000e3f70245bf651cdd44cd356e6ae2ea,ee7765661b6879acd4b908f3a478be28d5bdd8694c5a73662b3a36fbf6b3a226
ORLY/2009/page_77.pdf-1,ORLY/2009,0,True,True,PRIMARY_ELIGIBLE,True,KNOWN,INHERITED_FROZEN,PARSED,PARSED,PARSED,5b2794b735ebbbe7017341d2e9720412fa61da79d0a146d79f59b96c75504431,b53aaee49dca898e85832c6d04c4555d4239e362b69662b7cd2f59adaf29f76e,514d36a1265d298bf917379e86429e4d07a500db5591c7e851429a9d125a42ab,ae238dba6c7d7498f778e165a036cae359bb4b44e1ef82aeabd42204a10451d9,b84f8a663851ca4b1d6c4e829a9817d3f23093bd15216701048907772273662b,6a806ec303674913216ebb952773e19d4510989367c8e5da092405aa6ca75774
IP/2014/page_71.pdf-2,IP/2014,4,True,True,PRIMARY_ELIGIBLE,True,KNOWN,INHERITED_FROZEN,PARSED,PARSED,PARSED,6edf85755ede31d6a122c3da8ff1b1db6a503509b8c34a94d0fcbf39ff841607,cdad937b533e5eb62ba3780f1ecb4c9be3ffe78143fba5ba7e47421a2a56d6c4,89a1158cabcd3508d0bd19f4631847a082b672a6ce88c1f6be2b8bc6c8b33711,510ccfd85a791b217823803a73ff2c3a981f8cd7d7fd00a9117e9a479c76cd67,dbbac72ee64b1a15bece791bc8b387e09c1087074f77a93beb848434de6e8061,91009a83abdfc9b642eeb3c18094c9931347064204a399ff13c79ece9c88d750
AAPL/2015/page_56.pdf-3,AAPL/2015,3,True,True,PRIMARY_ELIGIBLE,True,KNOWN,INHERITED_FROZEN,PARSED,PARSED,PARSED,14601aed90acd23eea94b74cdecae6b90bd33c86eab44f22580131134b5e5544,6cb043eb137967cc40c68960113b031c8569abddfaccb6828e2d4f64dff5f41e,ad05d795d47e979fb56ef917f7cefdc44857027316e4d585e811eafa609aecf0,6a00bac17e658726d4b107d9f17b828b939c284ac0977627b891816078cd00cd,f187bf02c8851a2a6bc4f1ba832ab65dc60e33e31867133c5a6074d4e944cc1c,0eae63be6db66146202a9e99eb541323fecb89a65028f6c282d54f34fa9e0dfe
GPN/2015/page_80.pdf-3,GPN/2015,4,True,True,PRIMARY_ELIGIBLE,True,KNOWN,INHERITED_FROZEN,PARSED,PARSED,PARSED,fe103d51cfe74644125f0f72a80177614fee6c1450a3f9bb3659eab5e361cb42,ffbd0e76bb961a6cb950dcde5aeb5772898a7e43585921d449158b0656d4e5fb,477d4807b8782fb058d4c6623ee0af3219485a0821fdd7aea00e963e8e880787,772571978c000b02ff8e8b9cfafed4028f9a57ad20015ee62eb977839594f8a6,7a6095ea7d21e6877070d8af2af2fed617a12512419ae788d905d2ad8777dd31,7cdd375f609e77cdd2a4a2015fefc352679c26250c4050dbbb60bf64f5b1d0ff
AAPL/2015/page_24.pdf-1,AAPL/2015,3,True,True,PRIMARY_ELIGIBLE,True,KNOWN,INHERITED_FROZEN,PARSED,PARSED,PARSED,1122a22b9d12f627adbf5604e8e8a00999a0f7155d281991591c08b9544ad769,c0658decbbea2d818902cfa374fddd369a231d2f4c19c26f3f495b17e05df1a7,e7259d58f63745d74a0313d3275af833e1d54748dc8b8e10e441d6c74928aac1,d9bbf5066c9fe7241143e258f242fbfc65ac420a1800673d01aa00c02139beec,5fcff8526a39b1ac35ab64069c440f165619149dfde8523297e499e6a3a58b8c,5106c40024b365731b606ae0115fe723caa34c87eb28090318e516c2a3e6e228
HOLX/2006/page_103.pdf-1,HOLX/2006,1,True,True,PRIMARY_ELIGIBLE,True,KNOWN,INHERITED_FROZEN,PARSED,PARSED,PARSED,5fffe146e9a311f7ba432b85885cb879f4e4fce091ae927f92795385cf814c21,bd54973289d0c20dd75435efc8af2550c986173dcb5490ac8d4cf1c9a1bf18bb,85dc2092e5259472e398fc1a9954ba441b5bf3aac90d7cdc57118fec89f1342c,68bed329baa93303c768d357c6108311011861ce4bffa22fc4645fb0519f9727,e4d9265f494476bd59b524d7da1cb2db75388c2987c218dc92acbbbd03bd8cec,eb413253c3666e626e0dd2913489bcaf70e4733a9e71d97ebf1e23e6ab090895
ETR/2013/page_15.pdf-1,ETR/2013,,True,False,DIRECTION_PENDING,False,KNOWN,REQUIRES_HUMAN_REDERIVATION,PARSED,PARSED,PARSED,00973a5b2e2172498c8b3b60941953c8e659ecaa3b41de7cb112b86530209c1f,485d02dc857c01141c8c86dc1d73f61c72b132e161e964789b9640b210251377,288bfed43079698c01e8cd07429bc9c91f62b56f0abbf69fbe9760bf6311f2bb,6e34de8c1558f04b02cec8c82d4bd2e87a4d8841b8c9e9e1fca1d71b514726ae,47439e809d5775a0e6dded184541cd0046dd7f4d07a2ec0790b3b475042ed218,c66977a75a67787b803adb42127c76e8792d5f90a2fc0d81f8fb6e8c1ab6079b
ANSS/2016/page_85.pdf-1,ANSS/2016,2,True,True,PRIMARY_ELIGIBLE,True,KNOWN,INHERITED_FROZEN,PARSED,PARSED,PARSED,897e618c54ac7bb7927fe0ee3e5065c06c00b389d3af0de65a3ad820880cd87f,215a5b5889c45977b9fea7806f83e957eef21868e32c6de6295a0e90465190cc,3845602ba74d108092c74bda6c92dd3b541387a8181487c260e0f12f74ce7926,13dfb2864c43657414ad48bd605bf85c2d74416cc14100e230147a8d2bb9ff44,69bd37f3bf6f496e30fc557ba6b006d05d1e9362f53cc9b6e56a85d53b8f7185,d9ea88d034a57085118023cfac110e67ec90f9cd211a170a61a821d11099ec15
EXPD/2017/page_30.pdf-2,EXPD/2017,4,True,True,PRIMARY_ELIGIBLE,True,KNOWN,INHERITED_FROZEN,PARSED,PARSED,PARSED,9efc14f516089f33e9fad068cbbbc5a0d5b315250a0d83eaaf50ca0095184e84,fd4272e931282a819d77e614ca188b39c9efb1fa9718657b613e66b9c38ade1d,d8212a472e215bf409952fb5d5bb2ac9e77bfe785aa66ac95a724c9ac0aad53c,a9419b8dad25945c910ca6609cb0051d82b4ed500cf550bfd55192498d47a1cf,309bd1badd59c1d8418a1214fb6e393148ef5f4960198f6dde792659ff0f0109,84be622068c31f1067755b34de79ccc935f9bdc4e5b9f1f1d719cb46b22554cf
DRE/2002/page_30.pdf-2,DRE/2002,0,True,True,PRIMARY_ELIGIBLE,True,KNOWN,INHERITED_FROZEN,PARSED,PARSED,PARSED,0bd0e5cb8a377cb750c0ca1f3f5b78c9e9d517fe73b0de7e6471c12677a2fd6c,a22f20fb325b7a5e3052660eee42d4800960610874cdda3b94fb48b7a3ebd743,f9fcd10df1d78d97c903ae19576c9b571a59151fcea8bac2d69cf3a1362647a2,bbeec248689a52e75f8275636c91da7b7b9f9fc6d148ab6db2c640d7eeb9c5a0,6cf0bee56b1fb0c77c683f8e4201b9ada58831c8a0cd9331264f8f4c0319bec9,aa53f075967aeb8718a587da3aaeca210e69a99f5df4b399333b6c14b1b594ed
RSG/2015/page_75.pdf-2,RSG/2015,3,True,True,PRIMARY_ELIGIBLE,True,KNOWN,INHERITED_FROZEN,PARSED,PARSED,PARSED,753c7e76d7a432472402c46ab75073cd901bed9cefde34700e229dff1d8ee5bf,252338cea9bd0be81009d0d8eb9cbc19c98bad5119259b09f1b8e0eb39f90073,e9f6e0b6122097b4f0e51fb164b711c8775a3a292d8d39e48c5916a478376e92,fbb1e583b45cce497d37d50a1b59e0eea3fb650254e5a11d581c8496282b691f,704ea96144c4b2a7a85477a074e04b7ae0053981da20e6430f510976747f0df7,796990012f490f85e4666ba39f971c6955bfdf9442327c5e803d54a5c11449e6
PKG/2001/page_86.pdf-2,PKG/2001,1,True,True,PRIMARY_ELIGIBLE,True,KNOWN,INHERITED_FROZEN,PARSED,PARSED,PARSED,1e598b0c65c10d9d0cc7d800a358f387ff380641eb7d58d0679692f12413ede1,f1062c300cbe356e20c2bead0618a4676457762ef285cfadb688e6a54c1bc6d5,7338faaa2dd6d850222ff9a011f88b31bc8698efc75e8442ca4d82a75d6f55f7,e964f277b4e7b14aecdd77ee0b4652e594f9db319a09f82ab90057fba633d58e,89e9ab0c44b363d11e955b20bfe38aa34734682d37146d1ac0ac16f2c2ca117e,1d0858dd9a9c9f176e449fc18de29dbacd4335e847f6d616820103fee9183a11
LLY/2018/page_99.pdf-1,LLY/2018,2,True,True,PRIMARY_ELIGIBLE,True,KNOWN,INHERITED_FROZEN,PARSED,PARSED,PARSED,31809bacaed3f06ab33b492c99f8e1efadce6d1e79c0f642c2f062625ac09020,e8c9c265b7ed993fff475b6db0dbe2d3d1ffe64f8e176734fe3dc325af935939,dad3219946c2c69ceef0849d8585d99037879cc2f990a5cfdcb53c2fea578a1d,8b59a06d6a52442f22b392d19eafcf3e1e51a8f0b7e27b6a81ad9f3884ec4c45,386f0fb630d7d949e7636e42414a48249b2358027f5cc81d1d883bfc8c7f64a9,0184bff1697583a0e3052cf63affeb1ae427a9b9333487658ef377fd377835dd
GPN/2016/page_69.pdf-1,GPN/2016,1,True,True,PRIMARY_ELIGIBLE,True,KNOWN,INHERITED_FROZEN,PARSED,PARSED,PARSED,413849cf5b4adcc218a78ed8e6911b64f4175cd7172b76213a8560d03381eca8,87ca65047887cd68369ae8a07ad50b7de430c08f55466750a7eb0e649b0335b6,621e4201b535d97601760e603d9022b8348f6cd6e48acfe76aeeb11caad587be,d831ee5b800f27513b623561d65e8e438b533e5105627a732ab4f9a0c21dfbb4,03801c4b37591bbec5a8089c83e632e581e4da0b8424136178c85b5547ce1940,bb6ce13e6e21dd5206f0b21e8f4b23fe4a2a15e115fa3ab2f1a32695e975d498
RE/2006/page_31.pdf-2,RE/2006,3,True,True,PRIMARY_ELIGIBLE,True,KNOWN,INHERITED_FROZEN,PARSED,PARSED,PARSED,7c78b999be201882363fb672442485f4d97e6dcf492cb2c677d4538eebad1f21,1ba49969aa905b130031c68cd38942ad1df76269a659924966d4d233a7fb6c02,99eb9820c0f809efc7db361cd0536ff7a5b719cf6ec73fc100f9cc84611036c0,44797b791ce48d18287159f3e8e4bcb5cf5a1b3c90883f15ce997f24159bdf81,475e2c750c48288c84d7d938fc79eec37cd09eff032768a1e36f284b05a53c32,eb0ba033984fc1f3966ab2decec38773cf3a4faacab75c404da9a6e4af10e6c6
HWM/2018/page_69.pdf-2,HWM/2018,1,True,True,PRIMARY_ELIGIBLE,True,KNOWN,INHERITED_FROZEN,PARSED,PARSED,PARSED,79cc005d0849d7ef66e2753f2c865b0f8467124561546ea1b56a6877cc09d2a4,82272363d1ea734f074ef923206968ea68dc9f9bedeb4de66369e996b483ee14,51751257cc7dcf3efa331e4d0eaf95d3d4da2c2db8f9fdddf17af1e2ed9742ed,d062601274cfabd11f4db43ea99b7690dace880515ce484945d10a2ded919fd7,b2514be26b72b961357fd2d456d5285ca309fdfcc6251caf474d81d101aedec5,b4ff74de27b4487e7bc242b81dd7d435dc61261b929812b17a94131889d80603
TSCO/2017/page_68.pdf-1,TSCO/2017,1,True,True,PRIMARY_ELIGIBLE,True,KNOWN,INHERITED_FROZEN,PARSED,PARSED,PARSED,b6c17bb2d1c05b9377c968605a267dab3580cb1a82d0b404401f0df7d7f1ae0a,3f2690db42584c22e620eaad665021462d6b479afd564d9c630debc6f468c1ca,8eb02efd50d917cebecbc0753cd9cade7634346c1ec995bc895f14e5ab8092ff,eb766a10a6459a9ed1e206393543d8a6ced4d35377cc2d9516e904fe7bd85692,6d039d97a0e00d9c14e5b47801680192bd5747629fd989da969a6b6f81a94b3e,e7715014adf3eecd194af87419014bb2c94dcdb961ae5f3cb3bd878d9b565b96
V/2009/page_89.pdf-1,V/2009,2,True,True,PRIMARY_ELIGIBLE,True,KNOWN,INHERITED_FROZEN,PARSED,PARSED,PARSED,f6d8fffe4e39665d39900463a302352bc8110415cac9a6aeb83c8bbeb70fd6ba,8ab0e2ef7c4df01ce61c2f274be66bfc2b2a59131a6be87948221e5e510227fb,0a27547112b02eb25a6b5f31f2ddaf11a29e84b6299ae279b26cc72af1bc98fc,82fa59e64cbd2e429593ff7cc8e913afbf5531e1ef44e48c172aef79d0e0dc30,24bddd57b9ce1de58e7b6b51b42efb4abfd94705056aea46de1f56f6fbbc6193,8be61cbd4239ee40a1f5b6e2b5e29402cf37eec5f081e399343777e52aee7df7
UNP/2014/page_24.pdf-1,UNP/2014,2,True,True,PRIMARY_ELIGIBLE,True,KNOWN,INHERITED_FROZEN,PARSED,PARSED,PARSED,8fc5d86ced56625d078de2a03a0ee265bafdfb693e1d4acf877edc8e1601fb11,4e7f3e6f74c56d74541f35e96ac3f087c389b9a982ebcd66c68330edb47c1ce7,947001025d37cbd2890631bccb532d9981641c84b24c3cae3309ef39c2908e57,5b39df3c1730c1f7330270958c3bca8f467a5731133beaba97ece7dbac398b20,dffe3e8e904b69c9604f5cca303b3d1890603dc86ba0133026b9a1bccae7b01f,8ecd84d76c110bfd74a04644447a181bfe4cd4897de65be0a2c60a2799e030cd
UPS/2017/page_31.pdf-1,UPS/2017,3,True,True,PRIMARY_ELIGIBLE,True,KNOWN,INHERITED_FROZEN,PARSED,PARSED,PARSED,b53cf62e27546c3f365a0ea40457e666a98505b94a75b85429961bfe4e9f79cb,e5e8398b45c7b09cfdd02b090ef57a5ebf2892080dc9654ceb2d6f9d5c36209c,426c296cfced02d1568d869ee4a3f3b3fd0a02ded821ed980e1049d8f669fa10,099c3e7b87a8c5e3e4165869015345d3823e351ebf7d42330e86bb9fc30bb6a7,300375500ff684ace248ad81f04b810a30fee0f8173ff1c9670ab21783c601d2,89bc36a39a55174fef39f91f469dcc66de8962b0551e8f18071eb012d786c51a
AAPL/2014/page_26.pdf-3,AAPL/2014,2,True,True,PRIMARY_ELIGIBLE,True,KNOWN,INHERITED_FROZEN,PARSED,PARSED,PARSED,4ee40f264a9982a2242d09d19d1ddc4820c9aafb8899d495cbd316b9f29a3519,a8fd9be581ab89914f662478215cb5e413c2e1016ef87395605b2365dfbc522e,af53df03c894de569491ed25d1c5950ef04aff5548dacb9ce4c8a3d97ec9eb2d,350c04949aeef7eea319d135b559c269115a3a0e91600ef2cb6f2c2e3c9abeed,2969995756e4b7f5280990d61d2fb54d5273a176f96b7b0c0b033db0484d55f2,0d72e5ea707bf2dcc2d7588749c2c4a3a8337bf329a78196a41ba00351d580e9
GPN/2008/page_99.pdf-4,GPN/2008,2,True,True,PRIMARY_ELIGIBLE,True,KNOWN,INHERITED_FROZEN,PARSED,PARSED,PARSED,6538907d0811360e1c762c3ded070cd0595dcb16dd1f09c145f354de1370a024,1d01c1478e209854ae3f98bace2cc8eefbe3561848413ba96eddee4113d00051,6219fc19a4e7082cdadc638ceb9861922a5e53331807d71383f99ae11573d760,3abda0ca684862f57cc3759796ac45d3eda32cbdd22d5e66c64a62c759cabe0e,f87e5e503fae67f9c7b232dc00e0eaf15990b2ef5d776b78d39ddaf137ec022b,8ecf31c03ee9aaaeb6f45ae906ffce43e3c587b5432abea849ce6b6c221db216
HOLX/2005/page_27.pdf-2,HOLX/2005,0,True,True,PRIMARY_ELIGIBLE,True,KNOWN,INHERITED_FROZEN,PARSED,PARSED,PARSED,d6380f19ddaa281e6d194e04bf815c6e3c273d6224e450979cd2360636063a92,bddb0d60892b71453de38b6b8bb946260c1a40a4dcb7a3cd0494180bd75befa9,0cf269db3d9e5573865c19a475d9f2c22d308c095b9959b8c7efbbf708d08692,17f9ed8b933e577a1e1ef1bf4709c21b55f0628884e55c25c2c543e132267680,0605d15a8c2dd752616f5039283bb48163e781129b28d612de7a07b859bc3ed6,93fa8698bd8c545e4a28f9d92e5c2b36eb5d83d8fdefe7b4117abe5d4929430c
MAS/2013/page_27.pdf-4,MAS/2013,0,True,True,PRIMARY_ELIGIBLE,True,KNOWN,INHERITED_FROZEN,PARSED,PARSED,PARSED,d704bbb189167403ac4ea453e5ea49b915ec5dfdd671cf8cf56c6eb1dd768215,c59f4a300bbcf76efaab42f3de88311a432fb996f6ecf58bd4c9b849912ea7e0,1b7184c4fbf46f5163e187b935ca28c33a8131edc9c04874f19bbff19b6008e5,de48d2e33d436c1f083fa61c18738fc454620c12b8d64d688b870feb7f465263,f4c2eec6b799d24ac3b2ca2e9d9d1951e102167b163e43f119ad038b5a942b7c,f3cbdbaefb7d3e47553f2a6408fb05fdf77bbaec9047a7a0addf9a4a1d4e70fc
ETR/2004/page_158.pdf-1,ETR/2004,1,True,True,PRIMARY_ELIGIBLE,True,KNOWN,INHERITED_FROZEN,PARSED,PARSED,PARSED,ef1f66ab10dee8a879b86f4fc952bf513c59b31fa977c5622e5213c1b3c0ff99,360e5225000c0f7d5870e52075c96be66615a4e0f58280854a799aeaf1e4ed37,d5606c14677c5b10b19a733c3ae4e9cc829763973f62493ad0bc84d57af698f6,40a2716a13b2b175403f0d02fb481ffd2a41db75e5b5cc8a9181a905a68a172e,77ea57af6e6b35c14234479d62c9fdf648d01dd1aa0f7229772b16928536895b,2b2588f7ff91d28e58701b87f3b1921aaa5f403f1bf3d7c5f9ba6d4a863346cb
UNP/2013/page_30.pdf-1,UNP/2013,3,True,True,PRIMARY_ELIGIBLE,True,KNOWN,INHERITED_FROZEN,PARSED,PARSED,PARSED,f4efb134cf22261543e02cfb3c77710a58b57a812c06614e85b00a51c5d152e7,cd98c045b02c525ec4c19c5c6c5d21602663d7e192ff22db5cf518380d88a343,009a2ba0fcf7d393f0ece8a2c4aa765f38d867bb177b03d782dc3ae549dbc193,efefc16b3ec558e9c1c14b48db0f5d4a4836d5d1bade842996a62885509705c8,f9ace80a52c738621208cf19b804a95d0c30fcd3769bc16fdbdd9209245c4405,6b4a2fbe6924e2d9ce4d98b2b5d2676684e50cbf2ad3198e615e0c3a817d5381
ALXN/2007/page_49.pdf-1,ALXN/2007,0,True,True,PRIMARY_ELIGIBLE,True,KNOWN,INHERITED_FROZEN,PARSED,PARSED,PARSED,0c78146b8782cdccaf7a472c9cb5155c7d6f7dfc581af39e5b96a70512ecff57,5b4f7b149220b760798038840722940b813ae851b2e323428c719ebfcc94386e,33db60c5ded101eade2f22e3e63ab3b399d1367b624faba1cc436b1921407df6,a2bd3ca14c47c433d88db975539b8e58a7761ad0eafb57d551ad550e36af6c0d,07d0212dd384283371c38a62342912e2fbbbf64439b5589378711dd1d110e7d5,9be5bba5b6c36a09dca6c95730c34ea9b0a69254b338ce235be0373ec71d2802
HUM/2018/page_46.pdf-1,HUM/2018,0,True,True,PRIMARY_ELIGIBLE,True,KNOWN,INHERITED_FROZEN,PARSED,PARSED,PARSED,96d504a8821263d9a7141ca80ae1b2c116cb19deefbeb0236fe5719977fbc05e,626ba802b53e79fa3ef9a280fad96e81215fe6e9f13694536587ddc1a758434f,5847267f93147caf4042919d7b70334b546c6919c485ee084f235822eec2de4d,183787cd7e8e719996005258a6bc1ee45ab09a4f079a53aadb009891c9cadd12,b7b022eb334a7fe5be209391fbb11d63ee40a72a47ba1f5857ca4dc6207513f2,a5a087aa4de21cb2318e4d58924993eec014e480ad96bb3149d4c42d30cfd1c1
IPG/2015/page_38.pdf-2,IPG/2015,4,True,True,PRIMARY_ELIGIBLE,True,KNOWN,INHERITED_FROZEN,PARSED,PARSED,PARSED,55752d03259d3f931ebd3328ec5ac0e8c4649c3cc048cc1499ff8209e9de0e4e,afd7f4af3cee63179455f24297992ded4acef5ccbcb9d887b1708a955f60a45d,b6a4fd2912fdee7da4678f80ba3d15a781ef2616e5cc416b71a0b2bc5b7a63b0,f67a1a7a5d31b9c5b91742b1568ad59fe56136b8512e2dd02b7e94fb211f376d,0129c644692895e3a427edd6e94fd9ce7bee4d6a86df8878e0450665e2f6e4b9,7f46d3529a30987a6ac895edd7550383795189948c0bea250c84a8d50029181d
UNP/2013/page_25.pdf-1,UNP/2013,3,True,True,PRIMARY_ELIGIBLE,True,KNOWN,INHERITED_FROZEN,PARSED,PARSED,PARSED,b07a85f1c22731d4d9bccef2fb8a6e16e18d8c20b10a4cbf6f797bba7154583f,d5c9264ee78ecaf943b77d540300ea44a1836431a2a69804a12b06be6558de53,52215a3911e518c3e982fd9bf48963a6eb94ba1a4fa23706e744a5f594289ff2,3462497de12c8b1ac0a0090d0976aae7c06c6e9930c5cb3fa55a2484306d794d,748d3c593df65df6c1380ecce2bb8586d0596acae7ee78bf7d579bd2b55c82b3,21844293faf12b9e9544d7b681d49b4c6c4c44a0e4f64618832ad6a833e6cdec
ETFC/2007/page_22.pdf-2,ETFC/2007,0,True,True,PRIMARY_ELIGIBLE,True,KNOWN,INHERITED_FROZEN,PARSED,PARSED,PARSED,f4fe107492f0533f920e5964eb4bf0f4da7b2122327353a12233ec2d352692c0,42ca82442155518b4e42f6594e1f96c569119ce8bb7317d7ac467a75b1407b56,a715dbb90513f130b5b3f86c228ae23ec4ced36b1c858d4a614639a383ff836c,30675c05bfbe18697dd8e9f96fec5f809dc5a509de06256cc3b57507627dcbde,52a29350d78f95572fb41aac53d8390c31eacff4a35731c627372b0a2809d611,65607db17864016434cfb69a41037997f68b80ab055d00bb9b8dc23a3482aeed
EW/2014/page_68.pdf-2,EW/2014,3,True,True,PRIMARY_ELIGIBLE,True,KNOWN,INHERITED_FROZEN,PARSED,PARSED,PARSED,25ba7b725b5ec06edd6e5cf19949fc488ad6275665cd03eccdab8fa833a65ad6,d235352e56e5816997a899dee316a798f472f3bb3ca7a66daa81b6b2f41e53ac,b2640f41648df3ed32d101877c9ead602409a94916e42c13ba8c0182fd76eec9,c67066955dc8083f24fcbe98952099af088ace444188780c51bf23015bd9912f,b4e653822ee0d3c416ce15d5b10db30f00dffd825b8322440eb0caffb7c4b781,b8356f6ea625048c39cd2b96e163245f4b69986dac4b652fed52888effde4b51
MRO/2008/page_119.pdf-2,MRO/2008,2,True,True,PRIMARY_ELIGIBLE,True,KNOWN,INHERITED_FROZEN,PARSED,PARSED,PARSED,f3a54f1722b1c5bb84222dfe0d2498c637ff705b293a5b5ad6e623e928c0e04d,7e7d102d15253f3ce2c79cdb022b6adc85f76bed9e8289374297704dfa066def,429d6a21a068280152c7a3b24b354095061c03872dff5108d05541335673156e,c19b1ca6ec034af8b3a1a75cd3e56e5d12d2c1b781378ac7ba79fb633cf64bdc,769b4f883013415a4ba43dd7fba284e97d85e0ad019d49d01b36b78a74077dbd,93fce729aee20abc227ab1dcc32eaef4526f46c7da033be0f80b1243cb83e7b1
C/2009/page_248.pdf-2,C/2009,2,True,True,PRIMARY_ELIGIBLE,True,KNOWN,INHERITED_FROZEN,PARSED,PARSED,PARSED,9364c2d262cdc488d1dd51e810cb7cba68e247e1f42885721e18072a5727329c,785127c3fe3b5f49890e2458926387244bb93a402d925d5930f38e7823256b94,fa275aea9c9f09b9dabf24377d7d7591e4220949c1eea9aa446702911a3b49b4,694b9fece1401621a136911cdb6c19ef9a86b06cdb4880b8490677a240045551,0b557904051fcf77f3439bd8e5345f64f0e7917b3f7e418a17488e6f5cac2d26,623a3820e9ec955db9e21192d6a8dc5a8d6e0f179cafab82d9b496e1e0caec70
AAL/2015/page_187.pdf-1,AAL/2015,3,True,True,PRIMARY_ELIGIBLE,True,KNOWN,INHERITED_FROZEN,PARSED,PARSED,PARSED,70283f9ebf9335abbd6c5fc742b9a6b8f175360c333281a421610e6571c9b232,2e320581a7b01139b3ec32d48a4a4192099eb3d0c879d5a019ee1c2317ef63f5,e00bace770528d70c32ed60da90b2afabec4b370b74024d8c1faa4c57aa0d426,40d4461aeb629fd3c3a62abc13a3303ebf795c39a6d6b04c85f6a1ae177f503c,964fd5109a07469395972342258293c3bf08e1c1bfd631e0bb9cfaa21291acde,ba03bdc7bb09c7a014824c36f1c88b34ec0fe78f778a765f656963b37daef047
GS/2012/page_177.pdf-3,GS/2012,4,True,True,PRIMARY_ELIGIBLE,True,KNOWN,INHERITED_FROZEN,PARSED,PARSED,PARSED,cae15dd496aea61f1bc7ee87c72d18cb1ca29ffe2a7b14bc6b22ac532ab5cd0a,aab151ca351d4af7c49bb62a7a68c4b8101203a53d3a2a1102a2bd288aa61443,e1bc02298750ab72d1803211514954a4559ec41d7e27bfaa7a47a01a594f1e8e,f17be7707fb3d0af9e17001b53db439db95bd1ecc4dccb46d786a66f32e2e7bd,ae6cc6684d8a3cbf595202b2e66a08e3c6dff69bbe39f2f043f0eaba7cf3ed4f,37aad50ddec9081966470105fbf44afbe6db43306d4d2c9e5603d9b314fd2f49
KMI/2014/page_18.pdf-2,KMI/2014,3,True,False,LABEL_UNKNOWN,True,UNKNOWN,INHERITED_FROZEN,PARSED,PARSED,PARSED,48438316945677a7afa9304d6c4bf4a8cbf9e203db0afdd3c362989dfd922323,2e55364ee8b5c20afa34a0cd37e6b211a216362e5eae6a4ae5bc6b3478defe94,736ebf7c413b36f7a8de855da539489defd6848120315e45bd8514c1e7ba8b81,a54fa2bfb40ba845b88ccd8862f784db61a65de0a3151b5c8dddc167560f1557,ed2f156ad63165eff3a80faa6d8ca7e2a1f4d126a6e45ea478ec5d08ef80f544,97decb7a0651ec199bd6e49f579f1637f8af2a031b9dfc77ccbb71bd08696bce
AAPL/2015/page_68.pdf-1,AAPL/2015,3,True,True,PRIMARY_ELIGIBLE,True,KNOWN,INHERITED_FROZEN,PARSED,PARSED,PARSED,9d02bd3ba387aec5c47c9081ab4c752b5682efd0daba3c4730276c9a1930fac8,5f92f6e5a459d1c2e6dd3e7ebbf8457a10eda6bc7d54e09885ed111c8e15449e,fedb022c601787988537981f6b27676a616318655c783fbd744e7cdffae353da,1dbac6fbe64609f302dc4419e4fe3d08ac861919da08b7a9d7feaa0d06f8338d,bf611d0fe5f12728b45f9a0e73a68df37b546cb9dc8e01519249916f67881dec,7dd716cb9e73ac69aa1905d7aaa2eedefb04eab365fdc8215bdc41d3582a8c10
HUM/2018/page_129.pdf-2,HUM/2018,0,True,True,PRIMARY_ELIGIBLE,True,KNOWN,INHERITED_FROZEN,PARSED,PARSED,PARSED,d37110eabf4095cc6dae0a70388ae67fecb8855d17058e0dc7f8c2f841a721f5,aa76318531d6d906aa7b42c48e48e1890629487032c6c916b24b464fd03d6508,4b4214eca43c884c930e46c4da2b0345f73645d3024f2bd706e5d3b9b3605b13,753ba98d13d15190e411b6521bdcde9e16f58c01031116a3fe12a60e2a842968,06bd7983a447d40ccfff1bf61b813c581ba81d785840cd315aa332b4c78bdbe1,34bcd51e2e8adaf7bd2a8a32bd413fafe66ad3828f9aaf5d0ad6827bd7699183
CB/2008/page_83.pdf-2,CB/2008,4,True,True,PRIMARY_ELIGIBLE,True,KNOWN,INHERITED_FROZEN,PARSED,PARSED,PARSED,35d769faea7ab7a325486fcc69f16c966ac9d2d4117b7a997f8801f634704d74,f7e7577406d8b2c5b6d7290fdd300b03848ce88f99feb646991d389c9f32652b,57a6eeaf7d75f05aff8679c71d176779979dee1bb70f362b9c73e9ed16c74966,e6aa20f09c253a27f3b8d6c39a52ec259e3c55f5a7634468039ff19f21ed49b9,27cc5790a998b31177172a58dfda980e8e7d6364105482544a3efa25c85788f9,98f7fced3fc229b3b064e8c96122010a1a2c36b02b41831a388a51b489278f96
C/2016/page_207.pdf-3,C/2016,4,True,True,PRIMARY_ELIGIBLE,True,KNOWN,INHERITED_FROZEN,PARSED,PARSED,PARSED,b32380cd7fc70a4133a449e2a7e90a5fc58ff2fbafdff2be6086be91b2d858be,162a5ff1a4f547d9e5e63533a12f73522a9b297363f2e1ab93dab6b31f7557ab,12b65d904b77dc4d3256198ba34053ab81601a34a914a2c4074bd978744d0e32,d577603b0dcedc73a0a2290c4737d4607c0238c04ec363c96a5ffb18af91def2,649a289f5f1a775b1614903a7dd4533c78af2081649a99ddcac4884055cc6b2d,6287a5c4f1584ead63e5ca2e7cbda1ac2c76e0f77150033af201c4083a75cba9
UNP/2008/page_35.pdf-1,UNP/2008,0,True,True,PRIMARY_ELIGIBLE,True,KNOWN,INHERITED_FROZEN,PARSED,PARSED,PARSED,87df65377c09f800ed19a3dcd62b074abef85dd292449d52ac76b155493ab200,66abe281b7dbc4f1f2d0732d23f69f867036728b6d75d66be78fc754a03f1b72,ed0ad176912c8e2311d9e591a546f5bc950fc9532eaa01e7ae05492c853827c8,9328146541e8a9008aad788a547851279f1e161736559ef30dfff58f6aed2615,8b7aefbf05d9f44a98e9206181430979de0974f1a2a2711fc6209735f9d25f2b,9bd85a93e54b3ef68a86363098200d1b17459e851f31d6ef6102f92323ee6239
AES/2010/page_225.pdf-1,AES/2010,4,True,True,PRIMARY_ELIGIBLE,True,KNOWN,INHERITED_FROZEN,PARSED,PARSED,PARSED,fd2b360ad35ebc144667e9d094be49add71c30888cc3480a3e97dc46f700cb36,5c05501407f5c036558a20b4273812777d889af0ca4c96cda3fb99eea6200a6b,3317e08047d5a7c9aaacd7c6a05948d56156aae271ba563b5d77f85ecb8ce847,8b0800fdcdab07e7de719064c58ac8bb477a81363c84327c788e7693277db0fb,0117ec7e6af38e903563268140e93cde212524374a783c9d631a0758c4aca8c3,7755a1ed4b805389299e44c06197f92ca3d6b954c66f34fb9b0c2cbfe3bbbb6d
UNP/2008/page_59.pdf-1,UNP/2008,0,True,True,PRIMARY_ELIGIBLE,True,KNOWN,INHERITED_FROZEN,PARSED,PARSED,PARSED,2a9e733a655d659515b0c65d26a055038e5b7938655a21161e8ea66ee44597b3,387be44637b3a468b3e86a054cb4c8ac616d024a633c21897721840762c2c3bd,e77fdf28f848ca207d2613b26092cb506c8de40c4cf08861fa88ab47ccb2495b,bc92aea975da0cc768533e506fe91e523aa040bb6c6a89cfd68b14f6cfdec252,d61e567d9716550e8365937c2725bcf150ee141652f5de108424883846c1baaa,c50915f08815f8b16323f24a5816869a8852dbeeda3065097fd6f217e68c8f7d
LMT/2010/page_24.pdf-3,LMT/2010,0,True,True,PRIMARY_ELIGIBLE,True,KNOWN,INHERITED_FROZEN,PARSED,PARSED,PARSED,eef4f5dad4c853357b656728c53acad09ac0f1107ec3db1bfbbb563fb5d32799,6c662088e08576ffd530198de339c1f7c09e0a99cc86ec0dab48d2bc09da8e27,7bcdd5c20f0feb422dc4ba32e16380b587b3be9b2de3e5d5dfe8a391aa37b3e6,47cd84d25541767980a12ac7d96303aac628edd118e7e2299cdc043b9b0b0408,5e01aa3f5587e58638d65c36afda2ffe8d9d4b66e57b15669f56ba4fa0d993d4,8b3ef3f4c5734dce59a4e56844608ee3cda0b2960897b40e1ddb445835351a63
GIS/2018/page_59.pdf-2,GIS/2018,3,True,True,PRIMARY_ELIGIBLE,True,KNOWN,INHERITED_FROZEN,PARSED,PARSED,PARSED,120266beebeb85b9140bbf2007e6545d158ca59d0c44bc86319e5b0a594d279d,a4e4f926a6efd1462d20bb73e3160bd1ad66c1c21c214753dd5a42ae6b9821f0,5a5e246d5266a618acd687b57cb155290f64e3c2521a069835e4d88b3cba6cac,8a3698712e8483a8e62e5d0a04cba4f75a207b5b682db5e43a2813ac3eab6c88,fb541cf8a1049a238e7d528312634b9ab8d4d7c05c23c69b668c083a244bcfdd,bab4cfcefe35cdadaab1412cb12969b47b58413ec1dcb2e9fe5bd306f4cbd6d0
ETR/2008/page_212.pdf-3,ETR/2008,0,True,True,PRIMARY_ELIGIBLE,True,KNOWN,INHERITED_FROZEN,PARSED,PARSED,PARSED,c149ca85c8f41757e4f8828bc5dc81d11dbb079ac94cde2a4ac80cb6cd75aa1e,ab9823f80dcda3b56199e4d9adeb732f798de2f77fe7c9e077683096ec9b68d0,b3d686b1ca726847290256a7770fd6e202774e0ba25289f9b596193a989eea99,67f095bb608a2d97725509f4c1e84db7f62d5eecbac8291885f8ea905e88a9d8,2d8b87c36cf4b299b6836683992b3466b0a157255e21a0d3d62604d8dad11907,d2172780bba0ec950d15744505930037db29a6a2dec44168620ad836bc47d53f
ORLY/2018/page_30.pdf-4,ORLY/2018,0,True,True,PRIMARY_ELIGIBLE,True,KNOWN,INHERITED_FROZEN,PARSED,PARSED,PARSED,251537d49b27b7e9aa9631269b395ebd39768e23365354c5a2223e86d98ca1bf,a074ed1e3d039b10e1d374a6006617df258e61b8e269c559a679d6f216dcebf3,79f3147ca71bcc5cb9ad40629bed4ee487048b096fb3b4cc9d5fe7f7c0b2d65e,38a539d755bb4794625fa3d255d3d5f05e974ec04d15251e317c09a8090d62a3,3d9e8958b64486ef25bef822e2cf518e27bd75d47b396f89f9dee7ebe8aec4ca,d0a6b7341d3d82d98dac3d73cdbeefa29c05900491a97c7a3eb629880f191165
LMT/2015/page_106.pdf-1,LMT/2015,2,True,True,PRIMARY_ELIGIBLE,True,KNOWN,INHERITED_FROZEN,PARSED,PARSED,PARSED,2b95f4111566db1143bdb34e3e56560b17ce2465a96ecba4cfa49f23033ff052,b2921c5a7db347dd80033ccd72ef57a36e054d9c46d1394b17cb7477cf7e6e27,a345fb9e3b089721067922f9d09730a70f1366cf3a9aa6d126f36864b9beda42,cf72a5223fd54ef9f4bfc36d60ff9bd62925290332e0e6c5016268803a5c1fcd,1bca2364d65304bc66f256bfa3b1f8c218a34d3bb0aa5b00bacc615f39f79685,a552e57c67c9c66649a23dd647a0c26cf134c14ef65ebff1e636ec4861d2ad34
LMT/2002/page_33.pdf-1,LMT/2002,3,True,True,PRIMARY_ELIGIBLE,True,KNOWN,INHERITED_FROZEN,PARSED,PARSED,PARSED,b759a088ddeb3a157a87ec5252f75c7c8056b6a7a570709416fb8d1548795404,ce29abef84d48473a6ca800f9d05d1d6123b12b5981bc25f66cc6f2d1b6c8d66,98fdb4a058e7543a19690c7e6f1fe75c648579c3d87fed4477a75f4baf909fa7,23fc501ea2cd0f32c8a0a27fd75808ba095aae1e97449878abdc4a7d2b7c4243,c2b57e99d4860bba2909c9a7a9d710fcb33c3d8dbc68584f540078c904892b7a,52d9a7d5a3a5e3b1bd2474c5edadb7ef9f453a3ed942f73a7778807520cda295
ADBE/2013/page_84.pdf-3,ADBE/2013,,True,False,DIRECTION_PENDING,False,KNOWN,REQUIRES_HUMAN_REDERIVATION,PARSED,PARSED,PARSED,1e06eda4057da210dcb8d7d64e72a03122b542643038c70ec2c0e04a86f02855,4b8dcaa6c49c70e7a214f5975cf6068442d16ce9a588f45e0f739a7a96866573,3b0184fc62caa9a613d28d41f2e46a2abb5c678077fc9d9af419c3bbc8f79f90,cc9db1154d33c173a1f1785010b3238857626f69f3706277fff12bba64d8e934,d2d6afa2fcffe1249806b3da2dc545d733dba78757ea001d03d3ad13ad738f0a,dc71d662ae28bb6ab1601de4227a8f620fceaa8fbc114c0cf59cf01d66a8b627
C/2016/page_120.pdf-4,C/2016,4,True,True,PRIMARY_ELIGIBLE,True,KNOWN,INHERITED_FROZEN,PARSED,PARSED,PARSED,50985d94aae2a28c3d9564966fba36e7f7672641a78c045df2849801e70e5fbb,331d3611b531b500dbea4fd7407080a2f16a394408e4ce21d150dffdc44f6e9e,fe6e613ad6ff663c750b697c42cde0ead945edb38052b3ef0477985ce2d0cd82,6d1130e0dd5339ad070d7ad8b5a9db9a1940b8fa0d1b64271c030c9050cd63a0,0e33113a7180649966072e1ae33d7db81c65f66dbd0c06d7481aef2dcd9aefe5,1210e7c2fec8a1148581474388b4d96f8b651703da9fb783e1d5e7c9fe0a6cd7
RSG/2010/page_157.pdf-1,RSG/2010,0,True,True,PRIMARY_ELIGIBLE,True,KNOWN,INHERITED_FROZEN,PARSED,PARSED,PARSED,9c7b41e8883beecbab0792fef3f3c25beef8d56374adef144f9cc8a9479a5356,2dcba925851a86b00cbf857778369d31b3b9205e5090403dae83c80413806122,fd5ac1d40a6af74485317541fe3cab63045842a1b293e01ecb8c4c5a965e7c33,7c9b60108a94b27cef92af19a23c501db0e77b490e37cff1a8b8ba24a042f1cb,def9aab4f606bea8cddea7021ac541c1145da69a9e994a76356dd90b42e8aa65,2202f0a7950e44fb55d7e2654da0eeadcf76a13b556a0b0168c622ffe7f8c0f8
UPS/2007/page_32.pdf-3,UPS/2007,4,True,True,PRIMARY_ELIGIBLE,True,KNOWN,INHERITED_FROZEN,PARSED,PARSED,PARSED,267832292ccd973b9c8d2a992506eb8a13d6ed602b33f9d54e2d31f6076925c5,e916609357fb936ee11da74c9c6d75f62eb6849cd9f66ee5a78123528ba92cae,f1e5c49fd26bcc5e5bc78b39e95640caead8a0987389e0067f57d3674f6bcc89,ad15047eb48e89e264fe4f9a02599c350d0eb928062035743280ebc319cf413c,985784c7f50c31b2c51fec84e2f7f6859f82c23d1c140a2d99cea15ca9b90dfb,37364dfce2333cd1fe02ed4379b25ccaeaf9e92fb6af2fe4a6dca826049f13b4
V/2013/page_116.pdf-3,V/2013,4,True,True,PRIMARY_ELIGIBLE,True,KNOWN,INHERITED_FROZEN,PARSED,PARSED,PARSED,d22dfd540fb4424bad94e811e63a90bce959729622bbd1b6da325835fe196dad,0909d3c712e9f648d1345276de9e8267c0067f3c33d3049a2548d0636f805485,b5275ce38d485187385430cae7e4ea901850d39333017d585b2421a169afd8e5,06a3b1697e95b8e99b7e6975f6263d86617e04f6594c01326e74846a30a46567,0189928523f0e7978ef26cd1af13a5ffc2a82fe441e0ffc56ae8be22c66e6a5f,a367086b44fe67d8bd9fd32e9cf1caa79ef85eeb6e7bfa7328b454a030952931
MMM/2007/page_90.pdf-1,MMM/2007,2,True,True,PRIMARY_ELIGIBLE,True,KNOWN,INHERITED_FROZEN,PARSED,PARSED,PARSED,b86c71dcf11c7e2d5dce1fb1c7281ad9703975a428d97dbd198bcbc8bbdfb202,b3ededab20715111f176f80e066f42bf33110bce6676af213f60c7e68f652f2c,28db794e1324b9b5a3b0dbd102d4888645bcedc630f50418b4c4ca0839b3dbbb,b2dde62c677ae18e000a06e418750942eafbe0719e9349bf8d8d483550d9e9a5,8c6eae304341f1c5ec1291d9c7a5beb918ab2d4edf3f9d0c80123921a4c54a77,06e1d15825416c7be85e29c631df950669345cfbcca49d94175621844a4500d7
LLY/2008/page_45.pdf-4,LLY/2008,1,True,True,PRIMARY_ELIGIBLE,True,KNOWN,INHERITED_FROZEN,PARSED,PARSED,PARSED,d1725d095a27d88d72e8c106fe2722e2ee4543cc5af3e5f1b4563101629f9b2c,4bb31875be64ec0434e3cce7d912d4f9ef98e34bd4dcd40b2a922a4ce93444af,3a009a95dbe5e5548cc5dc6d1ee329c612f3f63084af11ed4f6d654934b23354,9849379bb9dc4e464617212766a688b327b65721825c424553bfa04ff2a8eb10,4c31c8163156118f295fc494c51f91918b082b818f934fa6b31ff3b137407ca4,00fcc9b69dd5e20f8b3a77ea12fb0404a008dd9a9896bc5fde996e1ee5569ab0
AAPL/2013/page_78.pdf-1,AAPL/2013,4,True,True,PRIMARY_ELIGIBLE,True,KNOWN,INHERITED_FROZEN,PARSED,PARSED,PARSED,2fe23e504bc03bd458eb52cbe4ce662b3896ab087b5590a3d432fcb445bfbbf2,b23e754f8cd471cf09f4b8089f5aafb4dbba8a2267d5da54cf4e1aa52432ed0a,28c39bf84c56e5490f6937ca6db5eced6f1db3fb486db623fc0872bededcc96a,88d5861b2607f04ef59a5f67ba8f900b52037c365f24e8b5a4a71fb0dca699ef,93812de0ae2a8064b6335df363b22c8622fe98c451147d277830e6688a56704b,b608199f009774d8acbbf829e2eb24e2bda5644e4a62fa6858286a1c3a79ab1c
ETR/2008/page_154.pdf-1,ETR/2008,,True,False,DIRECTION_PENDING,False,KNOWN,REQUIRES_HUMAN_REDERIVATION,PARSED,PARSED,PARSED,141cafaa501ecaf802c6be83caec107d73642a504a63b60b48aa09049e102aac,0327803d6cc2777b0df4b7c767e5c81d3cfa21c383215557750fb7d7522d0aab,bca90f989fea2a82b709cab7513482726af712e235f3018c1db3a844ac401309,218abc0fa6cefeab906ebe896421082a5ddef75580e1cede3935113cfcc4ad8f,f62cc91e37e23c017d276f7b094fe1da3545854a216f4e387ff204a690a2c212,d3fc80266ff070d904523b95a7a0ad72f5941c709e16d6fcc7e860748bcb88de
JPM/2009/page_132.pdf-3,JPM/2009,3,True,True,PRIMARY_ELIGIBLE,True,KNOWN,INHERITED_FROZEN,PARSED,PARSED,PARSED,ebe83ebe6a2fd4417a545b10198b890ff18bf459e7a4567f5c348d1b2fa939c6,a3ca6615c0c19f679d179419e8d1be2f5cdbb341ef41cd2a68b1157c401e605e,228909636599e0f1cbdfd6d4ef1bf4fd6cfabd7415f43fbe156d7e78e863290e,1f3437ddad3df491c31b761141fcff8887af9891161a0c0974efd3230e1665a9,b34f3fb5d79330bb99cbac5d7ce57af21df2b0ebf460527fef0e8af6904dd280,fbe73633dd09e5dd03f6944a0f4927b971b463af0359798be1d2c705a7cb41bd
UPS/2017/page_111.pdf-4,UPS/2017,3,True,True,PRIMARY_ELIGIBLE,True,KNOWN,INHERITED_FROZEN,PARSED,PARSED,PARSED,fc018fb1f2340eb2c269f8b4f17d0d3640d99249b9929cde4dc1f0bb09a4a4d0,0fbf131c2d595011315b3cbedb31f2fae47ba34c3220c3fd0e705bf3c8710523,157f939dda2a1a6a92015e5ac4c93c0a1ab8eeccc21c536eb149daf1d2340177,fab0a718308d0e4cd3be15b9a9370d68b12922d7af82457434d278d7b2eed6e2,96714aa3c744d4b2e72fc4e8b38ea90ed247c0f990d407bfcb774dc4566e2f72,363fdee12a0bdcae931edd9b056aabfb581fb0ef6a2a74e7c2b9fbca54c8b7b6
STT/2009/page_122.pdf-4,STT/2009,2,True,True,PRIMARY_ELIGIBLE,True,KNOWN,INHERITED_FROZEN,PARSED,PARSED,PARSED,3a2a167caf5d863b17eca27447922ed6b1a13de6ec4948bacf583905635f6bb9,bc1b4dd49bccd46b2042628dec8a10fd92a4c217f0dd4bf9747a2c5518ef8b22,1a1a78a383c5192de114e837003d6360626071a3d96f55c4a8f29a48c4504b06,bab4f9ee002aa6c1d5dc8172cb83fe9bc8c7c75254ea0195821f996a81e07906,0bb58064a8687c7ffc47b2ad3ca3b8c7e4b016c52ef84b562267ddcd96c36323,8658838c5b6cc36219fcd97fef44f17b565d8b1087e131d47b2f1fc8fcf24d20
AAL/2015/page_51.pdf-2,AAL/2015,3,True,True,PRIMARY_ELIGIBLE,True,KNOWN,INHERITED_FROZEN,PARSED,PARSED,PARSED,e3edde00e1abd3973e9d07f93ac253c7de8d4c0fc30f51c2af178729bd4185e0,a29e0d1b3b9d25cd83686fdb95ae5102d97c0cd087af6c6312826db4b8913030,df54ad1ef0f830ed2305d6c6410a5754e1a63a78389218b2b73b496bc7fef6ff,51c169953d33cc19bc8bd0fdc25510d4b374c7953ce4150e02fb4aca61122eef,6d9ad1c303bd90482438c6d7903eaafa0ae586727497e61f8fb63db1047351fd,03a9eab26ea305ce95f7b7eda80f4539af8d091c05dace4370b087073c95741d
AES/2001/page_77.pdf-1,AES/2001,2,True,True,PRIMARY_ELIGIBLE,True,KNOWN,INHERITED_FROZEN,PARSED,PARSED,PARSED,04ceda7a2f8458a0a6c4bbed019e5e5e69acd4ab99020f36efed0cdf82e91bc6,57f8f0b4317e9ac5488f22be3515995bff6da42aa8c07cd09c03fe0d2af9a55e,24e71046f3b9b2388adce7b25950089b975a80aa3dfca979da0d979e64a18e9f,277ae0b59ef31b51432758b947ef5e630b1b0686b8406e96b7838520c2461bce,e249482fa8560a91cb0295d82be306c391025ab11f626c337adee9918b829d09,f7ba23c9ac8ba3bee6bdf34c1bd3ec6f11847d5203a5ecde131031128c6e07cc
EXPD/2017/page_30.pdf-1,EXPD/2017,4,True,True,PRIMARY_ELIGIBLE,True,KNOWN,INHERITED_FROZEN,PARSED,PARSED,PARSED,491c88d29832b75af412c9d9633ddc9d6f15b09c1e1034805fee7d163c1aaf8f,c967fbd16c1bed360a027260e7f445fcdf33bf95a75a06c2247f6dbdb069253f,30f2d223dffa5e621e8237a7523c46d7ba3d09ca5caff10d2a164c58f613ee7a,2c90518cc702012e9713539f7c20f1f6583476bfeca7aeca3f783fd316c348ba,63ec7264d73723722e4484e1b30d475645e7a2fafcb6335d212791f49a5dc245,fe46965cb75944cfa7892c4df3b7ab95a96f12530a366bc148cd18c6d15f4565
HIG/2004/page_67.pdf-2,HIG/2004,0,True,True,PRIMARY_ELIGIBLE,True,KNOWN,INHERITED_FROZEN,PARSED,PARSED,PARSED,a6f537e25d5f94a39e964219b0dc60fc020b022c56ca54c8d37b045ba0db0759,223e182af4232163cd25c1a8ee3cc8cde4113d32fb2df8c3d10b01a761483efa,857dc91efb5e614b5f5045f93987a508564aa4ba0236451e29b7f2166797b5ae,14fb2375fe7d68ccd8f3b07b1d6c3746034b99a0a32211b8e07425ad3d10a287,5e64cfc44f38265806fe2a2d8b5a10eeda73d995849235dd96937c6c4005f435,a0d4d33100c54fac79fa1f0ae311c614179443d234eb6b2540bda0f8afe5bedf
NTAP/2014/page_33.pdf-1,NTAP/2014,2,True,True,PRIMARY_ELIGIBLE,True,KNOWN,INHERITED_FROZEN,PARSED,PARSED,PARSED,f35536e9bf3afd8ca22a86eff3034141eb1651210370736c2a8e5548ba72bb81,58bb533f64136553c623d6d2cd93599e4fb6c6831398e9587ea5dd0dd0054b77,ade2e0e9e9eee00063a193015722d569ebd2926f4bccacd53baa7df4f428056a,c357d29f79b159011ddb7550d45c7c34c1a751e5ee46c8a27ad6915e5eee4be0,0b68250a165d7c07265774b7b09810dbdc015587d68c86b32c47aec7678d69ca,90b96e1d06c9f7224c498e728e36dbd285784be0f137a7c9b0e9384fef7aa06f
JPM/2016/page_140.pdf-4,JPM/2016,1,True,True,PRIMARY_ELIGIBLE,True,KNOWN,INHERITED_FROZEN,PARSED,PARSED,PARSED,3d22e9280f349f07002524777c42154fb08e10fd61ddf76f8b5df665b5da3cdb,186d1d9ddd9cd21ccf598726093d5b1f523091bab2e68b64b094b68f76dcd98f,33038aff0aedb3d13c62e94fb7c50f6adae538cd004452d25297038c2036533a,f171c35ef5f91962dee33df9816891ac502f346c236c965f1dd996da06128eee,2f08ed6b2c87629771b475082d298f974c2ec1bcf34ad52e74dbb55db7b1662b,f86f0b5366356d58d79727a1f764bfb2c7f806884717838deb1909abaab32c57
DG/2009/page_87.pdf-1,DG/2009,0,True,True,PRIMARY_ELIGIBLE,True,KNOWN,INHERITED_FROZEN,PARSED,PARSED,PARSED,87ec01c58fea3778d762e77bda4b9cbdcdfd56ec3684cb03364b4b336bde0e9f,647344aaf874e62b09fe7cf62a58efffeb21654c264d438065a454ac59b3655a,c518d31f010b3c1f3d4150c0ef73437ddc94a5948e5c7740fe72aa52d44e9fb3,35e4753f6e36ea49f1b210de2e5099e4675cdc31fde25cfc455bf617a454f2ac,52b740fbcf8c53be997959b0f72d9fba424800edcbc880b14b6f004eb37796ec,aab7c1da052dcf1525dff1b58c10c2516373a4aa442461f8bfed6d32be08125c
UPS/2007/page_32.pdf-2,UPS/2007,4,True,True,PRIMARY_ELIGIBLE,True,KNOWN,INHERITED_FROZEN,PARSED,PARSED,PARSED,f035a973023be0ed8a52f1e23013f6aceab6f216f74a3276dc190a4c300dc803,6ce6c3c24dc543311f384f0f4551b95b516358f05e1ad835328695276e357d52,d57c84c74e440a52cea3db692bdb0074281f76744439adad5d26fcd5e5dbdc4d,b54f8dbdd625b2ba3cbe2d2e997cc5df542027350548d7270211b6ba043c9031,b7e10ada7fa2f733fb00bab369cc39961533a2d3162348929b09c0cfb9f6bc41,8e7f2c1c63526e67d67ef6254f97d0be3d5071d3f9a811a63b70eb1aebb36528
JKHY/2018/page_16.pdf-1,JKHY/2018,4,True,True,PRIMARY_ELIGIBLE,True,KNOWN,INHERITED_FROZEN,PARSED,PARSED,PARSED,bb044923c130b718d08f7d00455e1aab90818106652a98b3e7c6d866be49197c,7dc4f8ba82768f2561ce2c53e0762f46b305035ebaaf5e5eff6b107a15798545,18fa720ab4690f15503d04d476f7aefc26a3305846ea80db5181f3f2c03feab1,7162ccf3f780e4968217f69073138d5c9fc67891f5efaf6ec44f6c3c728f646b,a53d5db9caa84b0ff404205cac1b04320277748169bd98e5486d55dd1f40b86c,c4800a71afc2e85f08c95a3f1149f683910a284691293c874d180cc0d97da1a2
ADBE/2014/page_70.pdf-4,ADBE/2014,2,True,True,PRIMARY_ELIGIBLE,True,KNOWN,INHERITED_FROZEN,PARSED,PARSED,PARSED,020a82dbb722585222dd893b9bd210cb0545eb3af6d603f5334ff72c7cae8933,9ce2da6a2974e8722890bc22d60d42f587372d5718d48f60bf0b289c528ff4d3,a208211d0ba99bbcf2cbff669676c0c7b323f89bbb83e8f72225ef7d3dcaf335,5b0cbf9114c266274ca055dce122c2c07d43f2065fca6dc15f092dc1c5d0b7ed,309ddfe17c5c7136f91d52c4f98b68cb4db4c2f9f16525803b17d707ddf1660c,976708ddbbfbf15f9a8206322b6cc869e347b28640792862c96a3d1eaf4bd552
ETR/2008/page_153.pdf-3,ETR/2008,0,True,True,PRIMARY_ELIGIBLE,True,KNOWN,INHERITED_FROZEN,PARSED,PARSED,PARSED,e04bdd634c94b8915f4a542eb8a488787a220696710226db8a200be037e740c8,b7d58658d5c4858f77c134787e4deecb608f6545c06d72882ccecc0d7d925ed9,9501b2fd5a8f2ca2cee9f98e78fdb265b9ed2289c0b0c871f48d6907183a4e06,b8bcb3fcad606f30ff73bca35d00cb5450cf17ab827a56e2d8673b488f4f586d,e44bd9a59198e601483dba271c43eaab2ebbe3e70694b2d0467dedfdf5d8be54,fd2b6edbace9e81e00c7c8485a9ae4ae75d840465ce19a238c377287976604df
PNC/2012/page_98.pdf-1,PNC/2012,3,True,True,PRIMARY_ELIGIBLE,True,KNOWN,INHERITED_FROZEN,PARSED,PARSED,PARSED,2fac4d663f539db85b227124d8c8ce6bc96f5124f829e6612ed0ca4450231fd0,8bb9a74dc534138a5e3c33557a448a7ffea22abe9a75d98ca3d1852420cb6e5e,dcf9ac20b25f707c8019d8a2ef58d76d22c6c8941fd947b17ceaf2533060fbb0,e9cf2514974e51f54ea59423e97fb3e69ac5958ffbc1731681d236a60763f31a,4641f63d2f9e1d2f86b14e618e0a97387b7b064d371b3d45371461e5da2a42bd,3b94cc98fa9f3dc9b2e122d358431a38e9a20a00f15f1a970cdea207e73dc0c1
DISCA/2013/page_60.pdf-3,DISCA/2013,4,True,True,PRIMARY_ELIGIBLE,True,KNOWN,INHERITED_FROZEN,PARSED,PARSED,PARSED,e26e29a3662c1d5f6efc01f392f9ee448d879b8783668415f4446684a18a5e99,5d81cdd96d5a6de7302bf6e1ff6f5fd003f035624e73d98008ee3cc482c50cef,e50838d2cdc2486277c9c16ec3543d9208fb88d8a2f5c19d47ce1251c6feb6d5,4c48112015ceb5d3cc2da55a840ee3f7b719af594090eada148aead7865f9741,033cad73af1cba84a9d320d275ff969a47558c1fb06bf7bc9cc32fcd2d4f67bc,7adcbbb2414fb35e2d3819b07b13c553178df7d78217a56c6880b61cb8c02fd1
IP/2013/page_101.pdf-2,IP/2013,3,True,True,PRIMARY_ELIGIBLE,True,KNOWN,INHERITED_FROZEN,PARSED,PARSED,PARSED,2d30c716c2e54b7a7ca6e959d7a021feeeb662b6d0901d3abe1f23c184ff3634,560bb0c39dd329428a7ca585374ebe8edf8e4509f59ac30db426bce2fc7c978e,4e4d6a88875c38ef8b2eac1c4934d823fda5dc8d8b65e30aab83c607c19ba8a2,5e3a830c06630973af11bb4e6626234f53faffa8e17b7bf41cfc423f0b50c275,ba70bf14b34333d146ca71921a44c941464e2b7a6ddc72d2e34c4e80ed044878,82a696c267651f6fb4df37ec6f9ad19549dd9ef3d1687d589ec3281ce5fff3ab
VTR/2007/page_97.pdf-2,VTR/2007,4,True,True,PRIMARY_ELIGIBLE,True,KNOWN,INHERITED_FROZEN,PARSED,PARSED,PARSED,ee5ee34545bfb47272b09b5c9e17b70099ceda19df46846335278ece366de01b,fd902a4936ef43e6babb25772568fee07ae478b2795c95feb7957362c4fc0814,905f4a57adb2036b8d7390962b1883dcdf1dcf3e210379292a94a48b401b9d63,d8c0cb61e608da3b46639f3510c4113fd5b858433f1a150a48de57784f6999ee,52addfad06397d1f64fd170b23c2588e8288fe942228d91e1f7b87bd21240552,53d6655c154f46e1b91e06acf1ecf4c8df1895a5ea8c68bff28e1b6e92602015
VTR/2006/page_48.pdf-4,VTR/2006,0,True,True,PRIMARY_ELIGIBLE,True,KNOWN,INHERITED_FROZEN,PARSED,PARSED,PARSED,263122c1752650b572283d408921b0ea7557877a2608093f9e8d866dd2b1d715,8a76e932ea1cf2889f1cf7a3721f54e9d66f67f5865a1aae584b67c07a3dec77,1711499015d70e882ade7c3618b8dd0be2c9beaed25e9b414ed2bc89b4251317,e0510d610006d0dd6d162189540e463a3e3499f7925f7107a48783d7db63c746,14773b3394e5b9dba13f3ec7cf3924b0fa3e0ae883202bce1865585510459fca,bbdc5ed7a2b7e4db3f676fe6709f706a21d349b8c41b7c34aedb1a0e82cd6a74
CDNS/2016/page_76.pdf-2,CDNS/2016,4,True,True,PRIMARY_ELIGIBLE,True,KNOWN,INHERITED_FROZEN,PARSED,PARSED,PARSED,61934e6c88515e538073bbe6fe15f2a71bd4fbb88614ff0fc0c880d9899fbe2a,d970d29edde9a1d270100f834c35990a88553f17405a1e706fd067ffdb80ee98,f9202a0333ef3e2f43b192a901b4091098281a9a474234ebd2897b5d5ec189c7,8d521870d80472fe488953a9951c1ab292c79c1939ef487b1f1f74a2774ddc34,7ce77bdde9ca58a9a4f942bcdda3c98923127da2f18669dce4262afb1569236a,eee43b66b3d35fdc0f197a2479a5c29d5b3f46e19c8130b6e093f3c8f75d05ff
GS/2017/page_176.pdf-3,GS/2017,2,True,True,PRIMARY_ELIGIBLE,True,KNOWN,INHERITED_FROZEN,PARSED,PARSED,PARSED,ee5212b5d0c257d911caf8d575d972e22b71dfdde435c1b8b43a1d32d9dacb1c,d96dad0116869fbef7f0d7afe0996a9386713f385638d8b7375da6025692ebff,7f5acd888e807f0978b1d0a157ba1e7e136b9ed908022423c13745e4b96fb4b4,76504087e72a0d6c0a5414f7989596c851b9fde78b071243287d6962df2e55e2,d0762d929d7d6c74c3e9c3b538f61015d3f59331c6742bdba45b51a97f6f8372,101b8609830a64d04292f9b114583349977d12583a13df3201aa016d0fd43dfb
ETR/2017/page_401.pdf-3,ETR/2017,4,True,True,PRIMARY_ELIGIBLE,True,KNOWN,INHERITED_FROZEN,PARSED,PARSED,PARSED,7c61cf2f600c847d6f49d9e5b9ea37a3aa6b69d6599df7f9367cc5412649bd27,ed9b47f8fa5a6a2e98412e3b117b6a1c5315bd31276f3b79d60b1fce72e9d4ba,f065bcc61e53cc3676e40b4d22cc46e03f6a521779dd0e465b0fdcd34d507351,9ffac96ff5db0d14c9201eaa573c0fea5f7e0d054fac30c5ceb1390598e36e77,ff56928ac836dd8da9ad0db559ff3c23ecd98b7c98d27451e0fda1e993d9a20b,907bf876e13e4e31c5104ce0f6f98c6d0b504c26281d1d5916156d69635f8ce8
V/2008/page_165.pdf-1,V/2008,0,True,True,PRIMARY_ELIGIBLE,True,KNOWN,INHERITED_FROZEN,PARSED,PARSED,PARSED,84465731895a46687e4f57bf81cac4b26a1bdb52159fb05cfeff95d7551142dc,f6a44f866fca6c941c54c982447a0d5e5d5837220ac29592714d54621541b3a2,85f8fa3c7922c794bd057d45b27de3acd7f2c148e6e2323d23afcbddde19b812,dcfa5a7580a53627001dace517e0238a60cd02844d46e41d8bb50dcadc6b7ca0,8777374eb53f8c582a9c554033dc4610a596180eccdf73700da937a5c5ae5a6d,7c7cd1ae7c667ec406d7037572455952e3d5195e8754502c28606e8cebbd9424
IPG/2016/page_86.pdf-1,IPG/2016,0,True,True,PRIMARY_ELIGIBLE,True,KNOWN,INHERITED_FROZEN,PARSED,PARSED,PARSED,11d475ea337fcf94dd10226110db53c16661d272ec92b9cdcf5bb7dd07c39116,a365477b91fa9755463d9bfa9a5d1340efa33fceb3f3c2597dcf0c26b2c4e7ce,9a9e76ffd6f6a0b01a4e44a13b276707023da53d0e1a0318dde608ecc79ef9f0,19548cac56ce9b445dfc55ac541d8f5be7834d56bada0f4fd987383d82150871,00ff119027c15f164f399ce685e1205142c0ec87ea26f86f9d3477f19f8c18a8,0453626ed8179d71a8bbaa0081c3018edbdb7658f3c11c79c7f741b5dfa72ded
GPN/2017/page_72.pdf-2,GPN/2017,0,True,True,PRIMARY_ELIGIBLE,True,KNOWN,INHERITED_FROZEN,PARSED,PARSED,PARSED,02ba4527c625bad4c307188f239c3c32988a369258d242bf61cba30fd40558ab,1e0f7dc4f2d7e60234d2f118e3d7ae2ee597a8a3afcb488bb06afd059aeac41e,7ab5a23fcdbc4bcd05564458fea04482cab5ed36874ba47f146317676bedba81,3e1b353699f700dd98b4476b16e4cc7e0718cc85e3a2b851e2dfe7a64d669350,db078c00ca2a923866d57f499c8e63ffe5b6c288e6be3cb5c6265e4ece8ca63a,b095a5cb2842dd03df0dda0b3169a4dba1b4060baf0e27b0b262a76f6d19f92c
IPG/2006/page_41.pdf-2,IPG/2006,4,True,True,PRIMARY_ELIGIBLE,True,KNOWN,INHERITED_FROZEN,PARSED,PARSED,PARSED,7ec693bec3314fd1a666ba686c6841d81225beca9368dc967682ae12208d077f,e515a3e788915d802a89b042b2c96866f342aa1b083b90023edc5c0c34e6ea61,43d0632cd4197c69633f2323ef44203c96d768ff630fd42c3609b4fa3544d537,8aa74dd31ddc95db07693c5f2d30153654796b98a9d975bbb143a006f4a7cd54,e9aa1ba9eeef1544a4e3056cf3587f9bbe454b8c4ea80eb91d31faecef93edf8,b8b4c62ed8b0cfc378a86e30666f7a115be0b7b21baac2a594fc2c7a1a7b4f1e
UPS/2015/page_35.pdf-1,UPS/2015,0,True,True,PRIMARY_ELIGIBLE,True,KNOWN,INHERITED_FROZEN,PARSED,PARSED,PARSED,f158177dbe1f9343e3d426ce6eeaa5954cf0c777a0939a51f3f5a8f65003bd38,936af9bee16e1f07482d626702be9f0ba01ccf7376e9bc40be07fa4c0f2e05a6,a34f7028893b473dd15d250ad9170edaa067a18ec0ca7a39e42cbbb504216f94,7ec2a68d553a188c0127cee35b9de3bb4df73d1bd5b3effdd566d7a432323d6f,c75562ff50363b9cc4e5b8782d7f50d80036195474132e222095f6b382a4f4d9,1df7993ddd3b47793f9f317fa7eed4f6ebefb85e65a80af5ccf954132b4d2de3
CDNS/2007/page_30.pdf-4,CDNS/2007,2,True,True,PRIMARY_ELIGIBLE,True,KNOWN,INHERITED_FROZEN,PARSED,PARSED,PARSED,38221d9e331abdf3a2a48ce1f708ddf7c5ab24f615c059ccf968dbf2735c8522,43431ddf0c295365e9d3cf987dd41c7ab72704f45f773f55571033ea39ead758,3228b89532e76ae7895863206bb5064a1da9188bb0fdbaca50bb93fc2bdee6ee,82f4f9e72be73e590a4fa04967db1aecde54861715721ef6f082d8d0ab2c9a5b,089a3c187a79f7b09a865adc4c8f69282f06d6bdc4548d00dfb69df21b27a2dd,b148f5619aa38e2298976efd2177eb2b3bceb53ce92b71e48fc34a9c9e75f664
STT/2017/page_100.pdf-4,STT/2017,4,True,True,PRIMARY_ELIGIBLE,True,KNOWN,INHERITED_FROZEN,PARSED,PARSED,PARSED,fbe9b8d4126e80e9620eb0f769229fd7bc94a194af3c82693888ba2350e3f80b,91808364c7f485216d33fb3a0537b82cf5d6350ab3da4409f20e1bbc01ed047c,d14a349856005128a93a939aaa2b742d77047b93b8b18b56151d1d7196a8f6a4,7487b13ad0c57190af236859a8f82364c4824795a86e87358c0d9d8d908f759f,67fd5015221eb3c021ba33e9558f2b6ee6a1a760a9ffd7fabc1f2f5fd4d90011,1b8353194a10834a1a9191fc32a04afad3fe2351776535d0b71e185806156f81
HWM/2015/page_73.pdf-1,HWM/2015,1,True,True,PRIMARY_ELIGIBLE,True,KNOWN,INHERITED_FROZEN,PARSED,PARSED,PARSED,6412823c22b4abac4f38f026a9ddf098ff0958bbbdbc61fd0e552fa115335acd,0a37c8d596fdcdc5f570574320e93b62a14a94befb5045c08c2e8d008092522d,c0a6312a686b0c8904f3db1f7896cd6e109afa7bae3a934a723b31a8348ca459,0d106a349c1ee2441f21d540eb1a6fa6e13f1d4ade6c279af326f4731add99a9,7e09160010c54f84d95efafe99b9931fe7e9513bd5487dbf3209dfa34dcd4e8e,6b7e6b920740ab7c2a947c5e4cbcfbf3d0e990c80453af1e213fb7ab2b4511f6
AWK/2012/page_12.pdf-1,AWK/2012,0,True,True,PRIMARY_ELIGIBLE,True,KNOWN,INHERITED_FROZEN,PARSED,PARSED,PARSED,cc8d47609dd9f93ac8131500a0b64dac56a513441e58e759934f3db9a5eae85e,4ece4a3df14299147096aa346a32d5178d056a9a83723ea17fa776bd749a836e,08a6df6fc053341278393c6e1fb3c0a3f5097048090522c437bcd2d8059acab5,85c6ddbd3fb417585c80e502d695df93cf87c9cf06635f0c55c628a63bc422e3,c12dd9a27451ae37d74c6461c7b22f7b35b66d54285c97cbf488136b7ac68cef,1fac9f0b8043e770ef05cc6d7067d11850196cee617c9239857db5cb49a2fa18
MAS/2012/page_86.pdf-3,MAS/2012,1,True,True,PRIMARY_ELIGIBLE,True,KNOWN,INHERITED_FROZEN,PARSED,PARSED,PARSED,22878f01bf40ca3469ffa10ea42e07d92bb0ccf824c2f64d92acbc7e99cc4028,b6a18af2c69a644f14dae86445a1fb4b1f9f68a869cae57771d48451e94c2b1d,e7f197b8140b82c951dba3e22f4941e96cc23ecbe40f4fae9f776fd1e6665a2f,e1a341dc7114fbd715e30439d3814a1e266c29d7d4c1037994839a782ba551c1,f209e5f8f1330868140c769b9397cd53255f8eb4b2078aa537816829c651465b,66c8233249cf4e6acadb5edfe3c6f934bdb71c43b8e315524307b4f26b3c9d53
AWK/2018/page_131.pdf-1,AWK/2018,1,True,True,PRIMARY_ELIGIBLE,True,KNOWN,INHERITED_FROZEN,PARSED,PARSED,PARSED,8b519cbd72daaad8b99908805d9fd57f516f9a73b4a05adfebf84f7d05b15068,764a4a6db07e9ceca215152e054674ba609b93ac54e1027f73c9d09891e407fb,0232324defb5069cecdec5f12abbed212ad5f4fd0c898ba9c78714c5a064ec2b,07dcf9a82980acd78828323c847780b535b01020a248d91ea400c2f3360809e5,a9bf37cbdc3c443c6918b093ffa5acba118561f8e3ea101b03ea0a78ce33f1e0,7191e9c39135e97922f7c25a846ac9ae5d23aa12ee13dbca1f6a039ec2646ecc
ADBE/2018/page_66.pdf-3,ADBE/2018,1,True,True,PRIMARY_ELIGIBLE,True,KNOWN,INHERITED_FROZEN,PARSED,PARSED,PARSED,c08c298f0b868f153590a87c3aa45fee54fab41fe5ff2ec9501d4d337ef02744,e7ddb02c9f07943a8e3b17dd1b1649638cc1485380d1d1d9eb5d158249bd1dff,f5570882fc08f4ccd32aededb1628b24600f003bf1c1b0f119fb6200c243ef6a,057b1c5b03db1b3dfd6aae9e2dfffbb703699ca7df444b92c900d7fa46e3cd96,8cebd01040f9a62bb17b82f858453eaec8414a5c1800aef4a1c21bf386d1fa80,9ab3eae76f4820f52902fab0cbd60a3a0998a912294774102c1fd0770a331450
MRO/2008/page_119.pdf-1,MRO/2008,2,True,True,PRIMARY_ELIGIBLE,True,KNOWN,INHERITED_FROZEN,PARSED,PARSED,PARSED,2a5c03056e3bd5ac3db985a59210b7bf841e074490f04993d61164a1cb29b129,2fbeb718ac6209be1a07bd159621818ab3234bf60489859c1d87acfb562faaee,10490cebed549de158e57a2afcfba78ba2d4eae8ccd4c2f56d94ae77291fb8a9,f06eaaad94f211b31599899e258645f41e02859622514c0684c7197093b5883f,6496868bd1acdbda9b897abe0ee7ec564591976a4def81547635429123dfa3ab,6fdc1abd66fdc6e240faf92f94228df9abf44a98351693ceb6320214ba492a89
ETR/2004/page_261.pdf-4,ETR/2004,1,True,True,PRIMARY_ELIGIBLE,True,KNOWN,INHERITED_FROZEN,PARSED,PARSED,PARSED,ff62cb07713983eb23cea98d1429b7e52afdc6306ab54e388631a3cef5695cf7,c6ff9325899d2a4c661a21cfd3c14e35426c4690828757d6309be1a71177cf59,1285dac6ca11fc70c00efd108abdf0429ac45d072a89b1fef9f1a719dc399066,b4a6d5ee7715683a2381b804b54b63caacd34684c1d1fcf6a198882ca519f775,80fb9570f7b6054d2b07d154480088e610e79bf4625c722508bf9fc59e26db41,ab630c883fd4ebe57de23d57d18d4a82615c2a35e483c43330d45ff6ab975cbc
UPS/2010/page_33.pdf-4,UPS/2010,3,True,True,PRIMARY_ELIGIBLE,True,KNOWN,INHERITED_FROZEN,PARSED,PARSED,PARSED,d1191ea6b80f8a37408769327144ee61044988b1a73b35a9aff42bb5d5094ad4,ee42a6a5a2824222cb7b259c0ba74ede214a876c6f702b2c2851ae7578f7de56,5ab118d4dbdbed3a9a0ac8947d0bf2ce1801343d47f235cbd2f296c48169fa87,6b0d34521172f44f79f91592c86d4e7ecb9dd2dbfc0c0b8fd7bb4e81051e7b3a,15ba091a107318530171a7a104bf7edd6ecf3725237081747d3017d2f1f551f0,554eb33a847795484704c4e2fe1cec3e1c22179e1a864d385b3639220c1ec7fa
ETR/2004/page_86.pdf-2,ETR/2004,1,True,True,PRIMARY_ELIGIBLE,True,KNOWN,INHERITED_FROZEN,PARSED,PARSED,PARSED,c85ba4817981bac7121ecac82aa63936a74ce91216a9e79394769d197ec3aa3f,e966e86d54e7c01848344d336220848ebbe5286f50efafd14006ec924abf8072,10bd8afef59a224f95d998bddbb73dfca0c96c51c27818a0e6b9427872c045c9,fb78434111b57180ddc94b21713902c2d30a39872e4cb0d9580941955d33209e,653161ef1abd1097f60fc09d7cfe87f5841456234ba057f6b882316c1892b24c,b0729485aa44d174a5a5682ddf5bc0dcddb9314eef4c6723c68d3c8e8983bd97
C/2008/page_26.pdf-1,C/2008,3,True,True,PRIMARY_ELIGIBLE,True,KNOWN,INHERITED_FROZEN,PARSED,PARSED,PARSED,abb9d1fd07ffbd99d28944cf6cec2fb980224288cf2ac2b819b5b08cd5715016,d34e7463c31826bc0e09b39cc7a7746861962e9093706d80cfd8d7b891f8a417,ca9aee2f916c6f710ff8ccc565fda59365c8721677bbd6cc671884665af45427,81e792d0cb6c2d00d6e12599ff5f7920af82b2563c405a05968103953bdec335,9c572cb5d45c5ba0907e23d1db520b16c48649909ca9b10a41034341a7816295,f56a0b7cc99d4f60e13980336b7b60406664169f5c4bd43663bd14a969ed3338
WRK/2019/page_31.pdf-2,WRK/2019,3,True,True,PRIMARY_ELIGIBLE,True,KNOWN,INHERITED_FROZEN,PARSED,PARSED,PARSED,f928181fb18e23a6a450c3b663392a116a48dc156617666a46fdf7b67b759d9a,2c802cc2a1d90c6299fd3d5af81b198c95ce35db8c9ba28748f3cff5b0535639,7b55960a7490d04a740c275273942fe4917a189c067f8c5cd8283cb905639a63,56f99e37eb714face34a4507d7604583021b11c684c37d935d758f73c9b36de0,062ba33cd2cb179ec4506a03e4fd640730fa7d60ea8ef8209479417c4d920406,256a986357b4dae5bc0e7330925dfeea6a1f1a3caa950a24dcb03e43d8bc3a01
MRO/2009/page_32.pdf-2,MRO/2009,4,True,True,PRIMARY_ELIGIBLE,True,KNOWN,INHERITED_FROZEN,PARSED,PARSED,PARSED,d8edc68e9fffb6d3c0e1df9e7611b92cdb619ee35353a04f04b2a262ae358e72,79fbbeea2a4c5f121463f42d4d40614444484ed4c24fceaaab4b278e215cb7c3,e071e9f50fb3a41b1c4918b634dc7981bef1327aff237fc15203e94e0afba07e,dfd49894076838de4423c2872026de57e1c2d1dd33ddce9e2d05c857fd4fad97,87a4945e37bf22a6167f5dd1814c4fa90651fc9dcac4403ada44ab5b2122b143,02fab9be59d8e1b85d9c3bd3ba61c62813c40815dc99d0ac171a771fc469f81e
HFC/2011/page_85.pdf-1,HFC/2011,4,True,True,PRIMARY_ELIGIBLE,True,KNOWN,INHERITED_FROZEN,PARSED,PARSED,PARSED,df2294741d405c5f9470c4e298a2e4b8fcb79bb36f2334cea81b89c600f9d5a4,4841909957d5a4904cdb438f460e7b91495b0a1a4539997540e0183a9f0c0fba,c0d80ae965877113301a2d9c8707b41e125281373d7d4ecf33011f1bd0e7539f,36d3400414b837b70fb9f42349c45a25ebf7605261f4d30f8bf89c9b4bef36ee,763dcbd5a6cbf1fa8138a3ba5f85159e78c905a23fd76303420294d9160ab2ce,f0084b81b99a8841bb3d665ae5d5880471b87f6cbc725ee98bac2cbc227a2e09
C/2009/page_42.pdf-1,C/2009,2,True,True,PRIMARY_ELIGIBLE,True,KNOWN,INHERITED_FROZEN,PARSED,PARSED,PARSED,ab986b017deaa7485d8cb61e8eb5d088a3499297ce6dfd57ec1a10a773ecf4db,9ae2231ed95462abb66a18049346d5b907983882e103201db84533c9f0e7523a,5e2be71885121ddd6916d7f87681e01f236d44ba34ce3bb42c8840761bfd542d,45e3f9fc2926518bcaf3c034cf219c1dbcbae73b6de586ffb4e7801bbb3820c1,1204dacea2d123bd7111222154d42805a8bc2c0b4621209cec73c39337a07ae4,4801b43f6c5e8a7a8ea3b6c404e3c450f1e5ec1fd45482fe342de024f1bb3c59
PPG/2005/page_20.pdf-1,PPG/2005,4,True,True,PRIMARY_ELIGIBLE,True,KNOWN,INHERITED_FROZEN,PARSED,PARSED,PARSED,94fb1d5e2a868bf992c503dc109c60c0abe65db4c6c2b7f96e22c5eb7a47d0f4,e2659708c39edc993fb370ad57e95d869ef25756b63b729845dfae6d798c82c5,8c52af6d0973755242dc34964c63e6e90a55d911f60871c808792deb99cdcb6e,af8bbd79ccfcc55956c545ac2c61e4d65b0c25110e40a959db03b2ad0f4eae07,2558a79ad912da3be8561634989e43810d363b90a833a38bf37279656a258dc4,7e1a2c3d5e284cd413c8b534ad9f0c6073ee0112ea34a1dc70d66e812ecfd10b
AAPL/2015/page_68.pdf-2,AAPL/2015,3,True,True,PRIMARY_ELIGIBLE,True,KNOWN,INHERITED_FROZEN,PARSED,PARSED,PARSED,2bfc16af24c1664231b3e18d98e866bcfe97654bce2a7aa879f7e32451c060b1,30ef02f5d74f54137192169bee13562b4430455d29d5442481887ca52dab2421,f2ee7c6e0fc4c2b10659488966e32b93164e9ff44934500c078929af1a59f98c,68ce221314191d16c4f180e261bdd0daa3e67d1b24246d6c01728c8c48cf3fe7,a7fd08ee8794b6f0ced0005360c707a2ba2f9a9565c37c900169900be871532e,c1cc862f9e17999704ca937b3809bc6c9d80222e1f900efee9ea7b68b60659f0
BLK/2009/page_98.pdf-1,BLK/2009,3,True,True,PRIMARY_ELIGIBLE,True,KNOWN,INHERITED_FROZEN,PARSED,PARSED,PARSED,e3ee875530fc3d5a8d0d3b962e43ae6e8ed6f5171e75577fce5dcde043a378b2,9196bac670dc783b699b8c56283a5d1ae77dfeff0f3d7e188373e4fa1660ffa9,9740c00d867f6fcbf05008f964f19881ac65a453c8a85db2af7382e3261b1152,63ca816479210db7d4d4d70ea3ed2a01f85ecd4200f484314f825f9a8f9b5f0c,d7567c5c0435ad670b0db36764b3ef74f42d6cc8c945aba5f5122a72108f27ab,341afc44f0b6b87e99da0c0f06de36b48153faac2f3b6eb161505ad4f242ed46
ETR/2008/page_343.pdf-1,ETR/2008,0,True,True,PRIMARY_ELIGIBLE,True,KNOWN,INHERITED_FROZEN,PARSED,PARSED,PARSED,c6ac2b2d4a4ee3f399fa53fbcada9941102804f28716df69b56a0bafa470b832,6fc27c7557ecf31a4dd27fc285c6134130f91d6f0b148b1b6232761fccf947ad,55a2275c0ab327b1873e068a027fe12910d8f76dd917bdd65ed7fdd70177d761,ba662452ce03f4352cde249b4e4fe43a2bcd501a6fa7592a8e7faa2dd7e39297,c34f5cf7e8fdd58172f20581aacece3659c121d03cec5e18cf653f43c8fcc21f,c8750f5be200ea33c8bb10ac0f55a00853ff5064f2dbd8202acba374fc90fc84
ETR/2004/page_159.pdf-3,ETR/2004,1,True,True,PRIMARY_ELIGIBLE,True,KNOWN,INHERITED_FROZEN,PARSED,PARSED,PARSED,f61bc1ebc3c3422260fda8645f21a5643cc098935f0c037d9a74136476eea969,83c612cf67a265b69267755eeed71af5738f2dbb5b50d6a10bd92bebfb85873f,3de594f16b65f87c652c7d0bccb469bf32e63388a2263a833e9eeb48fff54a0d,bd010949914f9e0ca91e0914baba37cf1fb762fe240ec5c1ccef13a021261492,9c41369d41c8da79328eaa03685f0aa5c61a0d18cb9fc4a091f0f8e8badd3753,e0ed55308ea9752a327c878457965e166f4930f64789220d976ee2abf9956e2f
MMM/2007/page_58.pdf-1,MMM/2007,2,True,True,PRIMARY_ELIGIBLE,True,KNOWN,INHERITED_FROZEN,PARSED,PARSED,PARSED,12453a9a0983649eab4fc30522a121e47e62161decac407e099183295826bd71,7752560cdce6cf632adad286e6dcdd49df7b59cb7cbde26042a2b131f7e75651,9f08130015414cef957b0b732166b75e7b9ab60a0885aea8421c99c101eaf4e7,3d344e86fc6a4b9e63cfb2c13487dc8446876a94bc0eb698c4afa06b42423213,311a77aba518b711fda753e24a76ad904263f4df92225d6e0fca6180b261f5e7,a0551f1a6093654f832664c6797d7602c255dad727793280fa13ea9fdca4ef02
AON/2009/page_70.pdf-1,AON/2009,4,True,True,PRIMARY_ELIGIBLE,True,KNOWN,INHERITED_FROZEN,PARSED,PARSED,PARSED,fa33594e8aa0128c447419e03ed60f0a5ff82a327ea60b12a025dccca3dbd691,2cee9e5b71442b80d2b7696053995357556164a27d81ec657ea0d6ef640c4652,003dfe99f6d40bb419b3b8bae768603cd65950bf3ab8325450f52dafdb4001e2,4ba7156419a34347d72d68a538b36be67ffc494ab0829da69730b1364694ecc9,3a053306f6268157e56dd3a6a328b0046f81af22f2bdd0e522d3c62458b0acc4,935d9db36985a3dbe0546bad1c3f83e9c761f2465efc4c6caa6bb5b0835db5f1
GIS/2019/page_53.pdf-2,GIS/2019,2,True,True,PRIMARY_ELIGIBLE,True,KNOWN,INHERITED_FROZEN,PARSED,PARSED,PARSED,fa8ff10a7cb952da318cff524e1ba0596d79f7ed37d8fe409743f165b22457e4,da762ee987228a606d16ec8754c235c3d8ab92ca36b6a02c269848e4011aa6a5,c7f7c2a70d7355b17616c610681b5d7b00197c3bb1331175cdea941880f6fa42,ebd01d897fb742c93be257269185b93c6afa77f19e59d854db865a8cf3fb1494,b3dd8c5a787447a8338cfb4a40c4e5e6d29b587cffbaec6dd3441dc57fcf3717,b37e7764d8d4d79dc3f012105af6a1558fa921205184f44d26e5999748282454
AWK/2013/page_12.pdf-2,AWK/2013,4,True,True,PRIMARY_ELIGIBLE,True,KNOWN,INHERITED_FROZEN,PARSED,PARSED,PARSED,93249b2252d496745b0ab68f2ef24a80e902639adc52a4fb210d57a3f133b7a0,3be2cad46ee76505437967bfe83819f083150805548ffa9168dcf2dff85f82aa,490110a206fa3695e79357cc8a2dea39bd73568d9ccd9ebc844784eebc03fe89,4c7c2cc557750ac1ffb5cdb7467051874820f767e234361915bcd81baee94cc9,ab8bf92ae98aa589aac393c5f66a024ddb6bf16feeb8314720598ff42d17481e,308636c4a4df7d69010d2ed59e24002eaeea949800ebd291d9e31e6fa034e8f9
BLK/2017/page_87.pdf-2,BLK/2017,2,True,True,PRIMARY_ELIGIBLE,True,KNOWN,INHERITED_FROZEN,PARSED,PARSED,PARSED,a39f08fbba635b39e63b28cdf02f5f6a85ee140c430a859cead06ea340bc7bcf,ccf32368d1b66144cff29ccd46d9f94db57528dafed9aa5c43abe7d65fe07801,10ea794bd093439350fdb3266ccb851fb90840721df8d8b3943cacf016bfd3e6,2e9831fdfa52405528139b02160cfb57fa7aa13db018f85f1f03e46a0d536e16,a4b079f6d92be852eefc1d28cc8e20780f6fde4c54fbf0dfa0ea95102f4e547a,7f75505b4d7cef8f369923329d38f6163dae86431cf35c6b309e804f50c7075d
GS/2016/page_81.pdf-1,GS/2016,0,True,True,PRIMARY_ELIGIBLE,True,KNOWN,INHERITED_FROZEN,PARSED,PARSED,PARSED,32d8646dd6ffed83b7eb92ab91a707a99a9109624473dd0530c2b1e15437d512,db39d35e6a7be0b19031c62d199caada12e9ee000f8de0439cb1a2ffbe0dfb56,8960649aaa4da83dd002847cc4a76cff3611d4cf1a927eb452b63269c42e4374,ccfea98e7ef35dd7d29dd16240a0b41adc938d0f812c16c9bba8048bf3a8921d,d718c93fd12ace98c17b59a7ba364527f0f3a752e9fef7536b892931640b0579,526b9b6a9a18f158af707328208063da2b5958bd6952ef13ea46c7cfbe500855
ETR/2008/page_343.pdf-2,ETR/2008,0,True,True,PRIMARY_ELIGIBLE,True,KNOWN,INHERITED_FROZEN,PARSED,PARSED,PARSED,83a37cbe627db75695379f21204ccdba82ccc9fea887fc8c30bfbdb1c37c3983,18d02a746d6b02681689d48572cecdae223058b74719bcbed7b47287c329f66b,649dfccb3166116cbac34f1a71519c465bdd3ce17c7f7227e7e5afbad372f8d0,4f06e14d90a11e01bf97715bdfcc315542a35010acf36914ec79f881ef9d0501,232d0adb8e59149fabcf424d739946bb66e638d716aee8282de3b4f1f83e2f62,5e974949b1f92d55281f6482eee47d2067d2b69beaf6f880f9d4058e50b8b36a
ETFC/2007/page_116.pdf-3,ETFC/2007,0,True,True,PRIMARY_ELIGIBLE,True,KNOWN,INHERITED_FROZEN,PARSED,PARSED,PARSED,3482a800793fdff65a0bdea1cae362777f8258491d8fe4aeebed8217110771ff,e73788f8bd6b56339407aca92ac93548ea79c5edcd31f62b590f8713700ed9a7,ea90733519cc1033958e2662fe9e95db4bd92acaef0c336b350ee95f769a8fdb,d9d24293d1ce41cdbc0df21a5e7044faed39b6b8ea3846cd2235fe1aeb997a29,850a76bf9e5d7c3387fe686496e9e5b395f8f44ded8b577ac67aa2f2aee98834,4b8403f4fcfa089f2069f723d31758ee294948e9663496cd6273913c059d33db
AMAT/2016/page_30.pdf-1,AMAT/2016,3,True,False,LABEL_UNKNOWN,True,UNKNOWN,INHERITED_FROZEN,PARSED,PARSED,PARSED,522274464830222153d3a884df17fb04b258e8caaa7c87ca867b010656189c21,8040793217ee20a44590a7bbd263274e0ad0d7bce5c7df3af4b90770d80475f6,b5c43b71259fc5a266c53036b9c15e7e7bf318c54b318ebc4e480ebfb574ade3,7985b67a81853d0a33075bbad715c34217804000c3bc5224639b3209fd5cd121,aefc232e93f3293658650ee3a4217f64cbf7f0f94797260f2eca81ae68fbd367,26e5b96e91fb76c436b0290617edb51f342304e048a223fdf775045296749fb4
BLL/2011/page_29.pdf-2,BLL/2011,0,True,True,PRIMARY_ELIGIBLE,True,KNOWN,INHERITED_FROZEN,PARSED,PARSED,PARSED,79ff4982d3bfdf47b321ce84627cce8575171f863f086e150d6b0cbeb4667518,60b2e6fdb62d773b89197d66ed3d507f249215328ae28bbefdf94a5568d494f4,b15d77c0a4a45de69af761dacbaf61f84bad6ed187ccec3b0d79ec542846e2f9,e8970c9cc6f2e1cabf6b9d7ebc73374c51e0960fec158e315ecadad239230218,1dbf4727168a3918eea85885c7a25b774858a375de509c4f2b5439a8be56f828,937e8908561e8f097d13658bd5e55dbcb3b72bf41661227038fe23889bfe2c6a
C/2008/page_105.pdf-3,C/2008,3,True,True,PRIMARY_ELIGIBLE,True,KNOWN,INHERITED_FROZEN,PARSED,PARSED,PARSED,e6c304de2401cd093afeed60e5747a2c64322ae2b7909d6642450e11434560bb,dbf2a7ee6468a7910088856185f5c8f7c0f2897e6f9506e38aa96ea3fc1eefce,4bd43b4cae2da3900ddecde32b563af2017771ebc62fe166b7f06d15b2db516b,d81b62e4f2a23fa84b1a32a51b5a23f2fea647eaf3565ae6d76aded544edb509,d64a81e56ec3ea2e01467744c5c27507142d555217c88d8068b41b0826a2d1c2,f0bc859c627d7aae843170228c7435724e68410973f97990b4405dc6b0342e7b
GPN/2009/page_69.pdf-1,GPN/2009,1,True,True,PRIMARY_ELIGIBLE,True,KNOWN,INHERITED_FROZEN,PARSED,PARSED,PARSED,3c8507db9debcf14a47b51ce0baf96079e9d4e81be6ed0cc518f95dd935a5a73,61f3b69a2a0858e6f751368519cec042c99cfbad48881be2596804d40692b61d,67398133540faf49b01041c1768aa187ede28f29b64effa43bba6be44c616695,83c3be2c9335a5b087d0178735c74f833e4a85e52f99ed374e64c8de7dbf1beb,b4e4d260784695eeefff0535744983d5d825040866c4c51a199ed6c7c1d4eaf7,df5056c1410343e26bdcfe45e5dc872228b03313c2c54cf11ca9e1b13b82cfd8
ADI/2010/page_50.pdf-1,ADI/2010,4,True,True,PRIMARY_ELIGIBLE,True,KNOWN,INHERITED_FROZEN,PARSED,PARSED,PARSED,a2d928bb9dc3920c85b48ac35a0e3513628388c0e808f354fc90974c60657412,23b1cac2d739b896399224d036dbb549d07ab5a4a55c4f2baa8936820687657f,94c55c7d451db05fcedce6ed8986ee7ae27dc9dc47b4de81f13aeeb004603cdd,9f572297ae73d59905f6cc88e0e2cebb0ed522709e00d30bd8a80cbd438b0cd0,715f24c4f9fdecd7080a8bcd389619b12a2251a721155aea3d6133db75032d08,59cb23ca7deecb7637900861974601bf3508ad46cab78fa6480cc6636aad8fc1
JPM/2008/page_41.pdf-2,JPM/2008,4,True,True,PRIMARY_ELIGIBLE,True,KNOWN,INHERITED_FROZEN,PARSED,PARSED,PARSED,e32509358fc3d4f5b538fcdfa616d5e44c134bc1a81d16b4f488550502111c29,da8b72f2da147936a751438e865293b79708d7e7f66c05c46912e4791b53cdf4,ce959ce22c187738167210871172e9cf51aac4778c72a69f847f859e4ec4e6bf,b0d4772565a6fc883dd19327aa3ec87c0ee78f0d49f64b44a34a7ab2c482b467,0d7edf57f3bec313aa572a03bdd8bb7c73fe2e4f76f9859c1dd5e7ccdf5acf7f,8e2df2ebe0478e0dbc8a4287eebffc6b052f79dbc02544d7b140de24aff61886
MAS/2013/page_27.pdf-1,MAS/2013,0,True,True,PRIMARY_ELIGIBLE,True,KNOWN,INHERITED_FROZEN,PARSED,PARSED,PARSED,bc26c0647e80dce48eeb2929ca58b3bc62abc3259c1228080533f88db26371fa,15381d466c9644436a901e98eab73a8f6cfe1623c67d4c8646e59993e9548386,49791559c04e5f3d13e5b92e42de3252f7d7115d6c8b2dcb8664d8f64684c1c4,f02c4151a7df1f584e9914111e59ec54f4aa054c8f2f8d14b161bc349b895a75,e61df0d373eeb71d93474f2066c51096424994cc53468313c1e615898f4ec3d0,2ad801a8b5e130060eb4d4076085890d579cb7a66f3f4836d43624d5146c4d5a
HIG/2013/page_212.pdf-2,HIG/2013,4,True,True,PRIMARY_ELIGIBLE,True,KNOWN,INHERITED_FROZEN,PARSED,PARSED,PARSED,8ef8f7438462e0212c5e6e9b804612354397be86b1ab38571542535ff2c46a1d,18cd445f077e3488430deab5d1e9d527409e7b26c669a1ca8294c316132a084e,2cff46643e065471f1ddfff4bea4661e3efc93a5a95cc42b4b87c5cd34ef9fca,7b62ff0b67186f188f897feae3aa40fd3025c08b36339ba275ab9083bcb8b529,a9686d6eeaf63f486ae05a7bdfbc151af3ac34808bba313f501f0136192588a9,31f64c3cb309949619a47b2fe044ee45776aa521f6b9e123dc3b3cd7f82c2100
UNP/2010/page_79.pdf-2,UNP/2010,3,True,True,PRIMARY_ELIGIBLE,True,KNOWN,INHERITED_FROZEN,PARSED,PARSED,PARSED,8a045a3b85a03c0d2e5f7d90c1557c7917e9f86ec644487bc839311b23ce7071,26e747f77c421ae92701ff3fc1f646b4c0f9e3ace5ddbbc2d94e05a7310e70d5,4edd28eb294039f159321fbde0c1788c730ef62ea32b0c8bfefe7bc1756b2789,ae2752006869c85e912f77a1e33df04f4c297fd557690352922d6ec319624c91,1527dba95654fdc72b641469f216c1d096a27fe986ed75fb8c58cea9245a01b6,e191ed4819850314f00004177f2a8f87a1c792baa673519e53aaef414ddc5d94
HUM/2005/page_18.pdf-3,HUM/2005,2,True,True,PRIMARY_ELIGIBLE,True,KNOWN,INHERITED_FROZEN,PARSED,PARSED,PARSED,2be6648dec465259073e9774fb594d93030074c07a299ab5827ee0245392830b,85bfb040fc5bfeae2731f3f0ae213af1307fc03ccfa7eb4b67374c2d3fb23569,150d6a219cd70816e49df67f4c7aea1a50a4913404346d01adb2c3a50b9f2050,8c19c3698a9ab329b763ee79bc61f6785e30476b70f6cd2e96a3cf899fd86eec,f377891db8da7276a2116656de0636ecc88d6e596d68fd2d71045baaea7f6546,7ebc346c7ff0a940c29e91293dd835282173f59581da024a726bc69b9e977c8a
AMT/2012/page_121.pdf-2,AMT/2012,2,True,True,PRIMARY_ELIGIBLE,True,KNOWN,INHERITED_FROZEN,PARSED,PARSED,PARSED,8618454961bbe1bbbfcd51862f26ce25f8f49d926bca3eeb8d8a7cf2c1509339,a300a2f23fcc1ab08ae4f19f9d22bbb5719fd6fe386116a7cc6a96df99b7e7b2,ecfc0f5bfd0dfe800dddce9ce22daf4a7215f33f4429f6c7d95c775f839f9c97,5791b44e18a8b973dd893354beba6018d8231fd094240c383ab1975836c40591,e0acbf30d3b9f895193aa1d730e6696adbf3e25f071ba94561edd312053242de,867014f504029c5c804b0e2bf47512f7eeb5181af8974c7a58149d346b49eb04
UA/2015/page_77.pdf-1,UA/2015,2,True,True,PRIMARY_ELIGIBLE,True,KNOWN,INHERITED_FROZEN,PARSED,PARSED,PARSED,55f6e389be128793b96c306959b6fb0b55f3a40d15be18abf8e3a2151da1d30f,5df5f60a82123ba8c7495ae0ecf6e8ea91b096dcc5557da69be3348176707877,cc3f5ae4e9be701cb7a9d33f5c7c99af5b2050b63c2c2129e8770f5960ae2a1f,389dd2deddc968814d2d47855e500b8000f32d70f802f7854bfb58276a02fac8,f4c0be1b662924b504ed01748480cdafefd717955ff6d90ac173a7577a5fea15,e8d52147d3cbbb3fef872c5d5c231882a9b1219672c911b02b60b73fc1656200
RSG/2015/page_75.pdf-1,RSG/2015,3,True,True,PRIMARY_ELIGIBLE,True,KNOWN,INHERITED_FROZEN,PARSED,PARSED,PARSED,de87f6f378f4254864f59a500364b79cde1586725d7aeabfb22aaa74fc78e788,272682f27d2bcbdccfb3fd978f8343da172c7b556b3da93fa6191c3e6830bbce,20c2297c57ddb36c0689117177c2d513857ef2b0bf128abe46184fd99c153c4a,0f56156cf6b99f33050d06410626763a1543b71bb66c5f4a353bb7d7b957178b,58bce526ecedfb23b5560fcfe911bed1252ebe72528b562894fb00e1237ec2b6,54b8eb91c18242a1c758b867bed9b47bdf80af486d5dc62ca377f96a0e226864
AMAT/2015/page_14.pdf-1,AMAT/2015,3,True,True,PRIMARY_ELIGIBLE,True,KNOWN,INHERITED_FROZEN,PARSED,PARSED,PARSED,82d133a6325b7e8834e118a00ec348e9bd044b482623507c9d78521efaafd56e,ca267929c480d3b799487497ac4b0186260d86731a3bbf0825b6983a5a424511,7266b72fe35336d73d3b847307cb1b1e6b3eb44478832a955b4292d9ab2a36c7,32f50919e2966f261b443c7ed71cd73bd0927d3f0e6b9fd966fb351663051b7e,a1af3e8633c21b50f4067199a7850d9867685a2fd37fdd6922c24905bb5fe942,1a65a72cb3960335283b935ac277ebf5f224eab801df6b465a43a23e44cdb47d
IPG/2016/page_46.pdf-2,IPG/2016,0,True,True,PRIMARY_ELIGIBLE,True,KNOWN,INHERITED_FROZEN,PARSED,PARSED,PARSED,d2a5c0e618564992dbe01b62a457b24e38909b0be803fbcc9e09258efe5275d5,4a36ff8e9a85b75b9371aebd64067c917bd4e5a9537b252e1c2213a563141138,4c74a0609613ae94ffbc15820c521bb8079a7a53825be13bace0013d189edf77,28442bf0881d4cedda45b4aee6d528c704cb93a03bb84ce6578cfb97727b99d2,cc232e2e532a4af3b75d76eb4f3d81c25afb5c5903539df24c35ed384a2c88db,551dde99ca8f71712af06d8fc1e6ecc773eeb63ab23cac25ffd69820bc7343fe
VNO/2008/page_183.pdf-2,VNO/2008,0,True,True,PRIMARY_ELIGIBLE,True,KNOWN,INHERITED_FROZEN,PARSED,PARSED,PARSED,e89754349ca2fa5860435be2ca89e01862b88f166359a72432a36261d8c9da08,001b7c96c4bc57e2134ae99be8bbfad3fb1e7c9b19d2a7c2e04870be9747598a,d640a20f1f38774e37876b7ebeb91783097ce189d4e1143b9f010dc7b5243fce,48a7632096ab7c26222c1ff5171f90aeee2502beac25463fcb90cd372f1f1928,a3ae7dcfd24a378b85455c719a156107f01a1cf85f4e34a78d588289b1775e24,b15aedbb4213305f9baf57c1a54a4c36bd6c821315c08dc6b33a9cae317a22df
AES/2011/page_230.pdf-2,AES/2011,1,True,True,PRIMARY_ELIGIBLE,True,KNOWN,INHERITED_FROZEN,PARSED,PARSED,PARSED,6afc56edaec8a42c607485c62f3bdfbb7bc221d443d3a3b0c999f72caa98fcff,0904461c69ada592ffd91f71f06a64b896e4afa21b3154425e68f2be3042a5f3,1aff6fc5903962a99e9e8f9cfb0a691f00f663df5e33b6d5bd44efeab50bf0b4,48cfa535e900b32ce4bb4d271cd2b5e485a0ca88e289f7750a872dcbe088d713,86ee9491bed486d50983434f375efa88ef3fee8d5975b03e1d64cd85673c81e5,c74505d6e7c69e682c082953c3b6d9178e5425331f457076766b66fd646e283d
LMT/2015/page_106.pdf-2,LMT/2015,2,True,True,PRIMARY_ELIGIBLE,True,KNOWN,INHERITED_FROZEN,PARSED,PARSED,PARSED,ad9205c9d1b774136227a811e92f882f76edcc9b0cddae5e02eaadfaa78390de,e5c853dede130cbc661b2b0a41db26b188e3440e3aa5079769031904b3683b13,e8f838c402ac9135a378fe5875add2891862a808ea395a7883ffde48efd19dbb,f7cdcb69b392fa910bd78ccef5a248e25c359be522ec066e63cd70255e23e475,c13f1498220b7ec87d14c50180d1b9e792b4a89ee68feabb411bcb81435f9709,945f7cf2fbb3cdd13bda58902c6bce4ec80d1acdf0d8d5425f159fc8fc268388
ILMN/2007/page_84.pdf-1,ILMN/2007,1,True,True,PRIMARY_ELIGIBLE,True,KNOWN,INHERITED_FROZEN,PARSED,PARSED,PARSED,90dd39bfb3a087c9056d0df37e1825654dfe29d4816310524031bda690436336,4df2dbb28d820928ff1c8dfcbeb54b076e97d6c750474a126d0cfbf9bc861a88,339bdcc385a758e5341421e05d1b7189f0abae305b979d952d4c85842de964a6,ea3761e3df41d6240061157fef68536b9e2e7ea323e884f18bb47dd0e2c8b75b,367c7088e2368323fb6f080b6a6e7d8376018f8cba43575f82b43b5c81a0f75f,b718e5c33fa76e24d638c5df4cdfa42ccba58032ab8320a2ce4a1c5385acd938
IP/2013/page_61.pdf-2,IP/2013,3,True,True,PRIMARY_ELIGIBLE,True,KNOWN,INHERITED_FROZEN,PARSED,PARSED,PARSED,88a3c5d492df009fe6d94d525d7732c00ffac48a15d7ec3d67d3fd695037d479,591eb1f42e9f32223714d4606688671adc99f752da67e7f0f3d4d9fdcfcc6daa,c8966e4a874a355351539f00804698dc0c7f96c7b2500d4ab45bbdd450925f95,939d38354598e354bdfe8d3680d43b291f2a671d091b0c42330cc47bf69cb62f,d56335ad9e37f680a7c59088be0281bd8bd7e55b58eb42494fb80782d8bd30dd,070b35610793b7ec1a9f20c606a9087a4829211a2057cf7446920972f9176ce5
C/2008/page_207.pdf-3,C/2008,3,True,True,PRIMARY_ELIGIBLE,True,KNOWN,INHERITED_FROZEN,PARSED,PARSED,PARSED,984edb4b39b6f55fd52ecfa9a87e45c989821ecd0bc783ac022f5fae0488dea6,f1c02a9e1851fd5107566e08adf5b169c52da4726ac2b3142c4cc91f1a83daff,e0b964317be808b64170c9356293fdd888a6921d0e77a76e8e2e6db811df2bd7,d38dffb2fea421d9d1e78011f1b0c1f1c9dcb24407685d68258ac101104a4ea7,d0ef5cad1e129cbe48d1d5dfdeb52218db5d14a39f6e846fb69a5f96fd16cbc1,5078303450a0d6d2e3ea9d5c3a1d4d166f5a881ef22dd20ee5d8c67597c670b1
GPN/2015/page_83.pdf-4,GPN/2015,4,True,False,LABEL_UNKNOWN,True,UNKNOWN,INHERITED_FROZEN,PARSED,PARSED,PARSED,dbf43d001d6cc9e8463035853376b6ed1bee2d431d08f66a438f700821339ec1,c6d08c4d58a6d5dc6a99df792eb64570bc9e1087879bd4efbc98d1606892b885,b9e2a04498be3936560d0a230eee0303b486d0d86ab5e1c5ced9e3ebb29897e1,67d8404a35ba4ad8fd8232afdb5ec4ecc25204d256c73ed2251de4b2f8929afd,9c473b74cfb3b1bddff66ed45e89a9d2a6fea5be5e85f5910c924dd22ed68e5f,4e846e507595adb3ee81bffbca41e0dfc5c904fea41dce9740e345c041363f2a
AES/2011/page_131.pdf-4,AES/2011,1,True,True,PRIMARY_ELIGIBLE,True,KNOWN,INHERITED_FROZEN,PARSED,PARSED,PARSED,6287b72d7964a73e3c40842f346e605b7ff1782bb3d5c8113826db6df7876f85,63c4605e50baaa53ab676e7de9965b0e3c58904acca324bc8b59f2ecd927d683,1623b05a97b6bece3904e195909c6db81d81026842cbcd0309c3c5a202437671,62de8bf36ee47e315e8b889e91a58ea2a53c1a9000abe28ae2e226108070d23f,7a9a3f3391b1509889acd322752a23249c895b0b99b8b64f00a170e4b4e3c05f,2a19dbcedb725bb61f0127b7a71b7bfbb62df2bc8c7680981d147e62d0b4cd90
AWK/2017/page_154.pdf-3,AWK/2017,4,True,False,LABEL_UNKNOWN,True,UNKNOWN,INHERITED_FROZEN,PARSED,PARSED,PARSED,3406d609165442935ace1f4f07d48fdf0abd02f6e551b3278b47d70836251c75,86d4a1e45982ff1e2296e7cd5c85cec1472a7ded5a36e90984b2c64f74a7904a,7985aa054cd01389f99baaecb5d071fc98742dd4c91f2b2ffbf92b99954f21e9,6867dc76f24dee9f03893f7679a166d384de5c14c77001b95fe0859b47a879ec,a4b6861c78a5a83d8beb92ef8e0e34d3d42f6a0b0752ad6e2e8e9798e76ef617,482596d06c380bcc57c95e547aa654ccfd9b2d39f6911360db248d8d62db5b25
AAL/2014/page_80.pdf-3,AAL/2014,1,True,True,PRIMARY_ELIGIBLE,True,KNOWN,INHERITED_FROZEN,PARSED,PARSED,PARSED,4509309603e981964b6afb63674807a98ad387e15c01608016dab1fe62deee62,33b9e05b3b0cd2b702d67194f17db91e5c35364ea459cfdb7758d26087861b8b,9c7a17687584ea0ea1489e77834934e35c10df3ef62373701880f4a0ef399ade,3e6a2f4c5e878e36bf93939162cabee98e51fd64b6d49e77d60198f8a3f7df53,9592ae67e19d06103052746eb20bd729584ce7b423c1250a0e4d59fcf9581123,b21adb187a20a2b44c622f090cadc9a645e8532b1bc3354578be48e84969429a
HWM/2017/page_77.pdf-2,HWM/2017,2,True,True,PRIMARY_ELIGIBLE,True,KNOWN,INHERITED_FROZEN,PARSED,PARSED,PARSED,2aed7742f523927a64b638de3c3cfeebfb46d7ed9cdae8b61402c682d17a2e0b,dcddce1ef899f3cef4574c1ce938f08924dd89b25ca375e639b8636f2e0311a2,51f2bfb29794bc3104ae731f5247ffa35bf5df3268781bdc84ac8593617d14c7,de9761c8d633723a8261573829532a250dcf9b510aa70d9c17209b96ca05fbd4,739cdc02af49a2b72a6810e2404c847fc72926cf2c4c00573192f718dc3a6b09,4edde78146d6595e05c48402e510ba2ad8581b6fd3a9cd6af107a9989e62d706
RCL/2005/page_40.pdf-3,RCL/2005,3,True,True,PRIMARY_ELIGIBLE,True,KNOWN,INHERITED_FROZEN,PARSED,PARSED,PARSED,d11a31283ac7651dcc653ecc350cdda330ead6c262e02738c295cf1786663235,145e32798af2f834784aadd46ea7f32c86bf83c21f0ba98b2defbc70e23402b5,baacc387d719b15be5b1928bdb3c8527147ec88a2a2aef527abac37305a33f83,ce842bce871358f458bcc7c5f9ce53193d3c90ce180f7a291084ee955f790c31,89069e9271c45600ffad1f69e0074a864aaddc0678ca2401165d27fdb6bb920b,8b197e13e3c9b9e6f0c1d1cd4976192a06b8406bdfbe444d6e7b3db8bfffb20b
TFX/2015/page_42.pdf-2,TFX/2015,3,True,True,PRIMARY_ELIGIBLE,True,KNOWN,INHERITED_FROZEN,PARSED,PARSED,PARSED,31621579ffebb42f3bdce2baed2a24c211a2eb6839950e575ce8cad93ea24d10,3603037dcc74f3282f9ab5a865b13366705f5b932888abd89414fa26f73def9a,3068778d61bddfa9760e45f95d07b4a6a44b53276335bb62a816cedbd827baa1,e489f0b592f95aa56f3f330a186eb12b1d1e768e064d67302d1fe136c01aa747,0cc68e97f4b5e1ddb894fc3926c516b891ab24063d8329bf91954e267515b10c,59948c0affd2af3dec5fe95d1f61eb3550bbc5f8f0e975b45abb0ba432c2c6ab
MMM/2005/page_53.pdf-1,MMM/2005,4,True,True,PRIMARY_ELIGIBLE,True,KNOWN,INHERITED_FROZEN,PARSED,PARSED,PARSED,bdd6afcd7448bd7be4507b0aaa622b21a580872a82dc4220bb4cea22b4e7b14f,2a3002fcac477f9f61a428edea55af5d15dc828e550fa91952a3db5da447c5e0,677b93ed66ccd079e51d8b2c40117f90d8662239e3a560b2d88cb179e739d125,1a14f2edc8daaee35f5e4337a47942ff2416efcb6048fd9935b11f85952a132f,196497966341bea834ad9cbd58ea15fc4edfb62fcd7221fb614bee564fce0761,c75f5a4f48e962a8c099b28b569106efef2d8b3f87c5d143265f5a493eb9fa1c
OKE/2007/page_51.pdf-2,OKE/2007,1,True,True,PRIMARY_ELIGIBLE,True,KNOWN,INHERITED_FROZEN,PARSED,PARSED,PARSED,88e6378fe18a4bf32240eb27e4da99bd65f39481201f0fb992a7d215da41f81e,2bd85520e129b2b91704b26c6e3ca2888709fc4522d364d706e02e1793e4cc82,f5533eca448ae1454e9b9d50ccd516bc41ca7b5ae7c68775a6966282b54d6032,166af39623da0a8d1a88f809a52c663e8a8cb696b0c0ada75a0556d22730da1b,f127bcf4618a771a33451dd19b8449555c2eabb8a8a9d6cdb24bf7b1fefc448a,ed231265b1e136c6efcdcb483bca72eca506c3a7204df40036f70ada5a96a15b
AWK/2015/page_127.pdf-3,AWK/2015,0,True,True,PRIMARY_ELIGIBLE,True,KNOWN,INHERITED_FROZEN,PARSED,PARSED,PARSED,0f903fa9e026dbdec5cb1b082aad35ef325ff6f1274b13f663a6224d8731f50d,a4f056828ab549e307ec9ea7cd819120e1dc1e5d8bf73be56285608197706269,d7acc7305929694f449da78b471cf7a71bac4b1d79c7a9f725d07020a8c00ecb,0c9673ee0a4b07950864534d24a271601ad425fc7c735b71f7c5b1fa7fb33d2d,c0b1e5841185234447d82cdcebab0d9373133b7b1f5f7ac3286dc5c0df7d46b8,267636dd79ccc880cf027412b1fa99d894b707daff57666bcd8093df6c5ce4b2
ETR/2008/page_435.pdf-2,ETR/2008,0,True,True,PRIMARY_ELIGIBLE,True,KNOWN,INHERITED_FROZEN,PARSED,PARSED,PARSED,1bc8286b3deed46e6ba5a201d46a1660ed32b594415862da15665318170e21c1,63fa78bd686af2063e7b7466d4a673e5376544b582a1ba4efc1af49d8eed038b,82336cf82ff8817621aa13b5e5f09020d99f3654c4cb761c29e02be853fa0ea7,878a388e8084624dfa2a9c94321a357c1dcef957a3b1fa3e3ee7ea678ad881f2,f32018585d33bf0656cf6739d4211c8af7b5663140a85e4445eb50518749bccf,52023032a7e91febad0ca83e6746b5fbd11a04a78c924cc63fe580dd36ca5c98
GPN/2008/page_95.pdf-2,GPN/2008,2,True,True,PRIMARY_ELIGIBLE,True,KNOWN,INHERITED_FROZEN,PARSED,PARSED,PARSED,13428d8439363d065699599c2476bebe4c4ae6291538204808c6678283c6809d,3cad56930a3f176d08c3d595d49cbc2e0dcdf4eda145d74479113bd75f726973,18c02b098a18908446b0b78a9bea87977d0b879bbe112d46244ddb6c5f82a23d,fd9d9dfc117dffa72c53241ec15c3f3b91c54d03945465265b217689587b5587,ca1af09b27da959214e635d0eda35cba06a2fdb711267fad7e5edf35df803d17,3cb8bcd23ae55fdeb5eade46b06bf019622c6d4f20557609add9321966ed3687
RL/2009/page_22.pdf-2,RL/2009,1,True,True,PRIMARY_ELIGIBLE,True,KNOWN,INHERITED_FROZEN,PARSED,PARSED,PARSED,74fa8fe76001884d52da9761abd3fb231b71aca44d9ff55250e19a5d6f2cb9d1,700db194342c94350cdd0eeba47930a9dcdbc40c1ec1d86da8d8ff533b84e0aa,b74519b3163e35371201084b1bcf453d8932587850d6cbf570757d0a8c1eb8c1,f469141d5a2171cdcc7cbb1a1fcf8d57710afe2a83dd34ae5a0213b24cba52cd,dcc107db72f18550e2b9d7a4148ab575c5090cee58a9b63797d15ba8ba7598c1,ac5f993c26579329e8de38579f1dce57494929f9cd25fc5537ad9aa33c78a326
DRE/2010/page_59.pdf-1,DRE/2010,4,True,True,PRIMARY_ELIGIBLE,True,KNOWN,INHERITED_FROZEN,PARSED,PARSED,PARSED,c2e5477c705c1b7ebf3e4de1c0d0bd9123e5fead45368c94ef26a511a0535676,0530a8701091551bb5c8c81f7d2559c76d013d3876242b4565a383fbf470a3ef,7d021d8f2f5479f101e54ea39e944c3a49ac252c40f4590d449e473a4fd8b3d7,cfd3da41224255fef257eb80309e978bb2319083ab36ae98b6ccc841f935dc2e,f41b4791131f7673e0d74ee3e43fc08c5711397fbd9944984b19f3158373a2ff,409d407fa0fa700849c473d4de95a81829620b6418e01aded3df8db0f3f83046
UNP/2008/page_34.pdf-2,UNP/2008,0,True,True,PRIMARY_ELIGIBLE,True,KNOWN,INHERITED_FROZEN,PARSED,PARSED,PARSED,1ce7a97c54cfdc579d6b29ad46d8222734cab1fc551a5f79a852c89fc4f93f68,5ea67bdac9ce44f2ab576e952f99145a23983ab80e35f1aeccd54e6f0ac74089,55ad56c578d67e44f5bb794f9ffdb25ad369ba9c996d8f92ef185404570b50fe,04c26cfb2940104c46478096dd121c912267da25c0a483bbf684f5bf38833d8a,c6d1b2b3be707218ff06d81c6e7ae833a05b72a2c137374c1ed5efb98745643a,80f12716c3938409005d357834298e084616341d08cb67385d8dd663254c91f4
MRO/2013/page_40.pdf-1,MRO/2013,0,True,True,PRIMARY_ELIGIBLE,True,KNOWN,INHERITED_FROZEN,PARSED,PARSED,PARSED,3e87c67ea07053739bc5b5b50f05e849e820ac5cb211dbe95f7c13ba54aa46b9,8ed767e1bae93076f17adb08b54c636808868a26405c3375b4ab9d27c9bb093f,cd0f08fc0557e744c6b6bd37b3501fcacc93d91ead8966573616c8633bce74fb,566e30114646a4e2ce19dfe3566c1488446d2acf2eba9adab24a01d6d3b4d993,eb644956de7301624088c3b34190f473fc45e2813c1a8bf9dc29cc244dbbc738,eeee2707864853a033af45ebaf26017559ccffba990c9670f85b58fe2578a481
GS/2016/page_161.pdf-2,GS/2016,0,True,True,PRIMARY_ELIGIBLE,True,KNOWN,INHERITED_FROZEN,PARSED,PARSED,PARSED,936d0b965f051437db6aa0ac9e8ab10f633277415065b99ea9dd32ca1ba45bf0,4290ef070222077644457487bca7454897184f704268ad3189f25a6f2ba12857,fb681d8ad590b9358e975bf5de4da84ac21f8c76b207e0cec50a5a45183355c1,edc0edcd526746a4c54fdac7fee740e87ae310db921835e3f6e60bd981dcebb5,f84cfa872738ea5ff85e836f6a88f7f3731d49097cda9e16facf1c62597bc027,bb46892a5e54474856a71401df994af66602e194df6ab62c0f673fd481a72390
ALLE/2017/page_44.pdf-2,ALLE/2017,2,True,True,PRIMARY_ELIGIBLE,True,KNOWN,INHERITED_FROZEN,PARSED,PARSED,PARSED,5e43de5e3667df625eb68d5b3923587577f7dda3c15d51a09ebc550d87eb6945,c9c2353ffa7d3fc92f92fcb973323cf4bb676170dfd6827b69ddbf5126bd988f,9eb58d12e7559e16476671ce5fb785b0464878d5c05453e88db3993c701b03b0,177f7fc6e61c8d77b7b590be357f2e383824ccb61504d60c2f59ac02cca02fab,6234abb4b99b87b6aa26bcb1318bab1718a92c3f85833dc24b84a4fc4ac4aa20,12ab2912b953673778e132a992603a131f6f3ae03a5c35669bd1fdde1c9ead4e
CME/2010/page_45.pdf-4,CME/2010,4,True,True,PRIMARY_ELIGIBLE,True,KNOWN,INHERITED_FROZEN,PARSED,PARSED,PARSED,d3f4120d8ec3a533c9998aa29c5546a4c709f92e748b96901f28e14157a54009,2801bdf6d668f6b247f846f30e81c754e1b4363dd93991eaf0f77775f9a7cd16,d77f0f63b834d048177086bfdfda4b770bcfb3c52867652eb57174f380d6bbb8,92e497a30d84721874ad4be7cd476779e3a0031dfde774af505d286435fff97f,b42940fd66396debff0e5a2cdd5bf0d98990a4f7b9561befc20babb4c51fb0e8,eb1d87dbbb9f66d480d62ac8a65bcd17f40928c4588e6ea9b6ce60f99c45911e
GS/2014/page_134.pdf-4,GS/2014,3,True,True,PRIMARY_ELIGIBLE,True,KNOWN,INHERITED_FROZEN,PARSED,PARSED,PARSED,a30610ce1ae58fb4529109933b1a3201045556b9134084317151a295df7e19b9,de7e6b67347660d2ba0846b4c796946f38fbd880122130bef25c41c96bf4368a,fbc3a8129fd40ec9d42973567abf1c711a51167cec2fc2ccfa0ac0c0ccde5ecf,f4507941bbcfdeb46fd46ef4fc74b02210cf309cf70cafc0ed6acb47c50e7dca,5946ca02053d2a9ee4d3667019e3a7d34c850af3c8bbcc1d3a1dc5a1f2532cad,dd3b78bfbe2abf101a44298fe9c8b6ab22f0a27c77a7aed66854efdb5711477e
RCL/2017/page_38.pdf-3,RCL/2017,0,True,True,PRIMARY_ELIGIBLE,True,KNOWN,INHERITED_FROZEN,PARSED,PARSED,PARSED,11f15b46bd40cd5fa1eeaa3c603e0fb6b1f5324e6ef0aef69c7f1118a4f02850,af09488ec2c5c8e55fa5dbcc0802cd54b07dfe4cdc82fa1e26ae0d31798b5a08,5fd5813960ef20c78f2c4d0d9d74bf988a2bc621861816bf30855b6a1ff85fa0,37264ed1952b9fc3c72ab2659fdd9844188a8e944b5791a5fcc9ed789d66884b,e8ede7bbb0de9dd548443bf7f7d91b20f538b7b08518f98aa7ca52dcd20656f9,3c46f5e5b45ef56d04fbd948664de276fae86b7db46e7dd54255c9e5227c9c63
ADI/2019/page_77.pdf-1,ADI/2019,4,True,True,PRIMARY_ELIGIBLE,True,KNOWN,INHERITED_FROZEN,PARSED,PARSED,PARSED,3124708f01109d942608916e4bc5cac583d4cae4c64f8dfe2452315481103fad,66c38b353bdddca9c26411075e94c81a1732fb65d763746fd6857885b5fa5462,2d66472a86705dec80e0530651e450b566ee46fd1ea61428c26cdbb5a22b202b,b788565f3a77d56fe4922300db788bab5cd636abadac94c207366a5f60e42778,87a7bfa0f409f1d6d0705feca557c64ac9d0cadff598240a7850b62c8a7860ab,d4db235beac48157eef2e21c1be00f56fb59423c34a99df858c29e5be0012a77
IPG/2015/page_24.pdf-1,IPG/2015,4,True,True,PRIMARY_ELIGIBLE,True,KNOWN,INHERITED_FROZEN,PARSED,PARSED,PARSED,c19bb1d6a5e55f678921ae3deaef331266ea323328b0fc001f12ee07ccea4817,ce746a77118da7ca35c74f88daf83c759016889019295def2d4bac26224317cf,72d7f4ae32ea1903d5d94da732f3e8b3ec3f7a9d376a3c73334a951f7489bbed,731b800b1948327f46a03eb34a3cc885c9feab365dfe182091eb5ae49258a462,2385ee1adbf25512b3db674da073c8b008efc5a7bb45d90baec637b3686a5cfa,02149d67fac86ff260db8bb109bf93b6a3e747ac3d60e83fe5cb53a932f3f528
AMAT/2015/page_14.pdf-2,AMAT/2015,3,True,True,PRIMARY_ELIGIBLE,True,KNOWN,INHERITED_FROZEN,PARSED,PARSED,PARSED,151b891b9f37bc8952ae37e793644468cc60c63eaae8670ae1a7446e80ed18ae,6393e2f824bdd993e76a8bf2ba68693b0efe747404ca1b694418334dd01d8e1a,5293912f2ea7e112e3f65a0dfce14668122bf314b3c42e81489dc1d6954dd94f,4cd083e739dc30dbc373473240beed44d1ccbb54372679876b03952f67da89f3,b9ac169149ab4f31da68d33ecd64153585ae73923f3f9c20b8c6a396e3a91265,0bc96309e834fcbbefd1ef9bafafe27129faa0a490a9db1d4961896cfb74a689
ETR/2017/page_477.pdf-2,ETR/2017,4,True,True,PRIMARY_ELIGIBLE,True,KNOWN,INHERITED_FROZEN,PARSED,PARSED,PARSED,6c4999cd8390683ceaa578c58c333be70335850fec517abbd6713f5f2f386d79,8850e65b83a603378d41dc5b7660bbf0a84c0abec4f53016b62023fcd425ce01,6590ea697bf29d1f8094e94b5969d3b2915d7e39715695945b5f78fcddde1105,e2e7507f7b151feeb54442bc804eec99b2bbd605b2a6cafc353993cd3e20d713,2bca32993f4685222fe32c7af63cb71625ba47c88ba288b25d7b19e68183f3a5,819650a82b21bf1a4b24e50088deb731ff08895bdfea6eb9592084e54274f7e6
UNP/2014/page_80.pdf-1,UNP/2014,2,True,True,PRIMARY_ELIGIBLE,True,KNOWN,INHERITED_FROZEN,PARSED,PARSED,PARSED,e4c46db1408429912fcdeae0e3c4a138586e89271dbb8732ca9bd453db8cae42,facc5bcd3ee9bfbfd05d1c318499f8698d7ddec37d2ca8124e723fe3d211ab28,fdb8091b177e54c430aeb14b2809ed0b8ee668e4a0ad2941e594f99dc9d93e90,2e5cc6b5439cc6ec066b88b9cc08d637a8279599b7407f78e5525c7d58a1c06c,4432051e3f6d32c6a4cc9e8053c0dacb24a07cd16e0bde4b16f0ed2e780dfe1d,b3ce637a4b6ad2bfcb2131142bd9ac867a5fba38a155a9d7e2cddc1a90428a51
AAL/2015/page_131.pdf-4,AAL/2015,3,True,True,PRIMARY_ELIGIBLE,True,KNOWN,INHERITED_FROZEN,PARSED,PARSED,PARSED,426dba06c59da3ca66d0ee7db2ff5104962392cc6c36f8f599fce3540dee8da9,d0f8d9f1bf9bc0e642287a164d3fef8a31953a779ea529aad5d1faf15b004df1,3c3d0b68419b4d536cc291f017bebb1c0026d16f344f4d6fe9965d5165602811,5d68a305207c55446a55808a972d6a0f95c7a423d0fc185b55d6f51c12875409,34be0aee602bb0cc8653b2bb3e2a7d5e145549ab208171e21546ca25463e3988,710998a5d3a6f718943e1d27c79b6ffb47035b4af9ae88d79565be8db757bda1
AAL/2015/page_51.pdf-1,AAL/2015,3,True,True,PRIMARY_ELIGIBLE,True,KNOWN,INHERITED_FROZEN,PARSED,PARSED,PARSED,41028dce31a9b2c87a0ae005079b9be1a0aeade1f0523aa4afe3c8cfa9f4822e,27b09484a1b18acfd2a095481ff13c55b062fb79db24f613a3358f7a0bc88bc3,6c942e1cd31454e666d7ed62a31aabb2ab8bc2cd0e1a152b310729795cf87480,c56b3c23265d7a2169bdc8da00ed917e89e37f07d0e445564d09250ed2d6d1af,549f836e86bc1457adb2af073d4b9a9da278f463c44c3454311ed7d8fd96b463,3764c1f145731949595bb501f3621d47bd2ce206d31e870f63fe02a30551dfcd
ZBH/2018/page_61.pdf-2,ZBH/2018,,True,False,DIRECTION_PENDING,False,KNOWN,REQUIRES_HUMAN_REDERIVATION,PARSED,PARSED,PARSED,6b50e2ee78f1311dbd39741ef546f4b689c2d1799a5e37d27120136a004748a2,b202328343a7d30e910f43d586826a2160595e10f6a82aba692c120471527fc4,5077aa02433e32d9ab0065d786d80fb78e5548ff868bcc1482ee03ec09e459b8,b270714024b112cc5771a511a666ab6a9783feeba5f1a80de4aa94c8c1e62da1,fb25102fe0c7e03d45b4ed134c12bdf882766ec3ae9338cf2de40592c6494fda,a835109101bf2e444d7455d99ed66724c48171184800f7e42e1ae47e01808373
AAPL/2014/page_67.pdf-2,AAPL/2014,2,True,True,PRIMARY_ELIGIBLE,True,KNOWN,INHERITED_FROZEN,PARSED,PARSED,PARSED,21e9de043685bf47a903a412215c27cbd8cf814eef04084a56ddcd6024ebf864,bfe79f5076101e756f9e41b173892a1dce07d28448ccb2b4b802f4af73cda280,77c754dc76446a6ccee6c936de8ea5b05971f5d19afe39d94905cb1f5b1ec717,6a67139e2b2896d21daf2a5678eef079bd053db547462f1aab5c0e07fdc99cee,fc2c93d988c4e8612f7c41ea541e79745cb9aaa02bab720afe1ba248abd00abd,d243c1d1287bededf40d874946231ad45870fe94d04fd3975e3f9c42fb257dc1
BKNG/2015/page_38.pdf-4,BKNG/2015,3,True,True,PRIMARY_ELIGIBLE,True,KNOWN,INHERITED_FROZEN,PARSED,PARSED,PARSED,dc97e20c57271add396507c8d8af88a56f7f44e3262f5a1ef09c12e504a4d79f,ac180a895016f76787f9cce391b58bda9748a6889649181d28195b827f4f6172,0f62bc0f99a077aac53a66f3e85a53e0325bf28651f800823e785a02d1d6a85d,df73ceda465227dbb36df4f0a9695ead31809a1cec26fee9b618d40149b134fe,bb81b2deddd68ab3208f463d02451df2c688148d6cf2e49cd687d911e5c0d5f5,0f10e9d26f6a5dd5351f72ed9a7f1fbe0d0727e01c7c4bcf76a735d93556ed8a
PKG/2009/page_63.pdf-3,PKG/2009,3,True,True,PRIMARY_ELIGIBLE,True,KNOWN,INHERITED_FROZEN,PARSED,PARSED,PARSED,ef278eefb5d5a6b658a7966a1b975d7114c9c064256424257910839812fa7e3e,a554a3e288075794ef6b181505d0bee5f311c848b987bf756ede8d3325e85a43,3474eab5764e9ff6c31f1a0fb6ac94d8600149f1ad50611fee51efccbd488662,20c0b54958458ec030406a17c6f1205f9e39f5ff2329b26e92c0ce22b50fc031,406989e3b9527855d814f1e8002e99389df1fcc03689aa1bdb5b1b69a7a5c3ac,ffcc25f05c08925aeea1d2982732727343b0237f82c610762d6d98f8d931ac86
PKG/2004/page_23.pdf-3,PKG/2004,1,True,True,PRIMARY_ELIGIBLE,True,KNOWN,INHERITED_FROZEN,PARSED,PARSED,PARSED,4188ff7fcf6741118461d5729a76e8e9a38913e83b985b94888dea8f2906fdec,38592a9d4b32c78cbcdc48ef0b783b3745670155a6c304c4ef008a08c43bf159,fa73d5584e9a9ff0a86958743820f8bb721ce48f1d1bc95d0d720b040fcc4bef,1b49d6dbce6aa1fcc29d125bffd3524dda43337226c997c4a8813c481b9df989,dbbb55aeb9dbe60b59f2acdde05bbfeca3b68194fe5cb159cb6aea439fc4ef42,7914ec67b435f20a489367bb7247313e66025905d6b612df9de5439b0d5c1824
BLL/2006/page_45.pdf-2,BLL/2006,1,True,True,PRIMARY_ELIGIBLE,True,KNOWN,INHERITED_FROZEN,PARSED,PARSED,PARSED,ecd670840918b06c900de9e211c982a213fe0fe82c206ad9200ec2aef62389ee,760f78a44cdc1753ae0ff43a6501bb3b50ad504d3d2a92f3113657d3c3d2ea6f,077e4a2a0fd548e8935b1dbc9e053f3ac89d4271382c9d8db24410fdd8ad58b8,831550c938608880fc16f833cace75d4a16d6c445d0fb5754bdfa3db4d812890,6c67ec57a08fd18e7c71631fcfc53b4fa3bbf77827e756025a55d8f51689894b,0d16c1a11d9f30271d1f7fdec477248b442aea82988430390dc3b3def41e2d2b
INTC/2013/page_71.pdf-3,INTC/2013,4,True,True,PRIMARY_ELIGIBLE,True,KNOWN,INHERITED_FROZEN,PARSED,PARSED,PARSED,e656033f8a18eb6a3a4c52d10e7e13f992e0f49461fff637e70e46c2f90a627d,c6d1232b91e26567b02114fc909632cb9bf3b8d6a248064d5f4a4ad30011aa99,67b37ab6b93b92d68b02044441eafab2e7d0109fd10445f7f722630736d7de11,cd2bfe8ba2d9d5f2ce038467fb4080c38e641b6fc54c7675c401875371cabfbb,bbfc17f1571469898e2f23f0d73d7ec89ab07a5b8d4baf2bc342fb2de19341c7,6a3ecd88a1ca70e0376f8ddb7862197e7d065d7a82cba6a19c77e16199d88cb7
ORLY/2017/page_30.pdf-2,ORLY/2017,2,True,False,FEATURE_OR_PARSE_INELIGIBLE,False,UNKNOWN,INHERITED_FROZEN,NON_NUMERIC_ANSWER_HASHED,PARSED,PARSED,950aef827d872d979be217a7d43a1541f8c17f9a3b0c5b1fa1f9b3a439b98d9f,53d5e8c88d03ac7159c3c27285abd4192c89504c62722e4d22fcf3cec4ddd90f,956377462e819d31b277835513c5971a0fda35f6fa4b641c8ac9131871ba938c,933581ab9fa2c8285d166fd5c5e78af3a2ed37a4321034899150c26d28b06993,3bbbca9c4d3d7e201987bad731e9b4b8aaaec205496a1a9087448a342c425cf3,c1b5446c17f63f79c7374e22f02a161c97da5874ac1faf0bc31da9d2f159232d
GPN/2016/page_29.pdf-2,GPN/2016,1,True,True,PRIMARY_ELIGIBLE,True,KNOWN,INHERITED_FROZEN,PARSED,PARSED,PARSED,96f9a7657dc5074a48a9a8f23322c5069b64552d0a8197682b3173bc66b41b4b,52b84eed751c152257a843073504dce2853d4e06c249523d103d68a833ed0dc1,5733ed4346953251f65fb436f9aae6d44e524ebd554b4681dc6481169f246560,6b1da81852dab59ae608c644f28df38eee355b2480173c6a222583838f1a7ac2,cef82d58af6eafba868c4580cb756b280f94e2729a4c39bec1861fe0c0d1f3f4,c3221d184aa2ac629e69f76d9e30bcb8907a8a6144553f01e091a19ef842a030
GPN/2017/page_30.pdf-3,GPN/2017,0,True,False,LABEL_UNKNOWN,True,UNKNOWN,INHERITED_FROZEN,PARSED,PARSED,PARSED,a69bdd425b906ad7e9493e1ecacf3d72b79ebc221945df465f757519f3563678,03c66fb12cd97556bf7ed7092a420fd82d4a4c66cdb30a1aeaeac2851bdd719a,dcce36651efd7a8af4c633de543eef37f47a64c6c87b27c6266bdfabc7810d89,250d3b3452701856ac7ea4326e761d0a7afc0f843bec18fe600729ef1c90fd3b,9b361cb23384a640f96654ba2e5c9d7229e64ac95757ed196850cf5e3fa2ccba,a28ddabb7e7283f15462a5188ee63372a855b9e2d1d7fcc8e4b3e6a0f40e6932
RSG/2018/page_13.pdf-2,RSG/2018,1,True,True,PRIMARY_ELIGIBLE,True,KNOWN,INHERITED_FROZEN,PARSED,PARSED,PARSED,654ab1c80292c3157690a0d48ecba72f6ded8cb90cbeb44160dce50800083895,96f95a4420de3ca4c46a5a55082f44585099cbc07c7af317d2b070691b4ce652,302d2e3e58f3ec1f91627d845f111aa905dadf9d074988ff62339aead57b2444,4bd01d3c0df18d589657ef406ae48ccbc405c2f3b35aca622f15225f552cffbb,f35838747500e97bc2b8dd0849805fe5c7e97b2eae07cbbc2db48b24466cc995,704294891558d6fff6e80d28ab8cc03231197a1e1cfbfcfbd135adba9bfcba4a
ETR/2008/page_33.pdf-1,ETR/2008,0,True,True,PRIMARY_ELIGIBLE,True,KNOWN,INHERITED_FROZEN,PARSED,PARSED,PARSED,4200eb9a84a65241eca3302e3e1a789a223c947d2cb278b316334d7cc6fb778b,eea865b63194d643a69adc6b93642e6ab6f530994e8d09aab8077cb6386507b9,7ae6a0b378e8065b304fe2800885c39b6fdf73a0a3b7f0912b174a794e8f691d,a47e3741cfbc978acbd4d2307cffee1875969ca9144842582a7ac094d7d17ca7,d946a1c64984ea574f1e00bdf5f2e4dce5bcd479c21a232e355ed34a88a86c8e,c63604e1a1d467ab57d0aa2158e9e44a7094399430020499027091262489d79c
LMT/2015/page_55.pdf-1,LMT/2015,2,True,True,PRIMARY_ELIGIBLE,True,KNOWN,INHERITED_FROZEN,PARSED,PARSED,PARSED,d1a2fb15bf72f5f8377b5948be8b890309c36f9340ffa7ae98aa4c5a26a32a4e,c5b3924b78182df2a21d080cf04be2f8c2f81fe9cb5d51a5be89c571f5dc3bf2,4f4bd6f6206c40389753ebedbc5d692061d7b89b6b8875a2333e5c003bb04d48,26662fbd7e2e4f81f0d7e9bf19b2badcecae9d7e570e6252bc1dfa847e403812,3c4663b95927580ec1c0734e91667b90136e31e8c2cde09e605bf4a15f1a7a5b,39ae6946ec5b4def52288571763f8ee648c2783301d60dcb753d6cebe7ecc801
KMI/2010/page_164.pdf-3,KMI/2010,4,True,True,PRIMARY_ELIGIBLE,True,KNOWN,INHERITED_FROZEN,PARSED,PARSED,PARSED,4699434e4b9a87c7502a50fcb2375f91a38e20efda6fb80f80c9c226a67aaf3a,32b8f226ef796721edb482842f55775ab01dad214e8a3c92a4d0ed1ec1b9154d,a6cfff188df95e0ad5ae54ce4a325f2567fd803fb3e6edc59882ee76f99134c3,422e5c53fac4fd2acb2621a0f0c4aaf42c316cc7bb56d7dfa136b8e369315b57,cb319425c7ac420be7ad717b4305dec8bc00df3a73726b9b90be4057af0ce435,dcec1286788ff79eb18a302b7c397ddca29ebb819c521a383a60d632b484bf11
MRO/2009/page_35.pdf-2,MRO/2009,4,True,True,PRIMARY_ELIGIBLE,True,KNOWN,INHERITED_FROZEN,PARSED,PARSED,PARSED,50d2a819efe6dcc4aebb90686dc8ec4f5ce1a82c58b397940869c67dbdcffc1c,94a93904aebe8b6d4d2fc500045dc0577026a235a3ac41ec796036b5f6bf0f24,d47cf1ec5ba5cbc9e9590a270c940b090485187965ae88821d7f37800a40d333,15839e360669db4da7d36ccf6f5e10d561fd785fcd325a04a1be13a90a768fd4,51192c4d3b84bc5b3c067217e80023d74e2ad738c34b7c397180ce44c39814cd,8c97989b0f62e812c77f43fa19ea2a128e98ccea808f6d5a358f6dadb682ffb5
DRE/2007/page_39.pdf-4,DRE/2007,1,True,True,PRIMARY_ELIGIBLE,True,KNOWN,INHERITED_FROZEN,PARSED,PARSED,PARSED,23cca1873edda17a513d7a5d431b8cc68ab460a7d34199dc3fd11d496ded64d8,856325cd4bfab22ddebae2eb7ba07750051226a6baf5b36a4c4963dddbfb49cb,44d790329347bf214fa76ad3b9f461694bb7a72e60d0916a8dfa82b68c76711f,3a1f8acc75b88a44a51af753d7260a22305afaab6e435dca8a9f7d089c05b534,c32f6ef3b193c65e47a6f085e7fdbe940f2c81e53e56145f840931ff41cc6000,52d38fabbfbaba05170f6a667f2367f7cca1511372fa527e00411a72ef90c30c
IPG/2017/page_49.pdf-4,IPG/2017,1,True,True,PRIMARY_ELIGIBLE,True,KNOWN,INHERITED_FROZEN,PARSED,PARSED,PARSED,a32c107b040008dfc2ad256fabacdad55b48415f60de65f36016da669f74c018,5576b39be02b1b63100b94a00a7ede8089a8cb4eccda5c43d99fb22a1575cba1,9022d482c671652146e7996c8e5090cf12042497a9af24ba0c719c56a236a7de,7fa7847af8cc473f5804aa1a9cd53ccbcb1336595ee3150a3a62794ad73cdef7,26d84495f6d58eae1f6dadeb478733a4df7ce2add3e3d5f6e22cf76386623fc7,01b300282d001f69b78a2ffee4816273b322859b9af04abb63eb8376e9cf4866
IPG/2014/page_23.pdf-1,IPG/2014,1,True,True,PRIMARY_ELIGIBLE,True,KNOWN,INHERITED_FROZEN,PARSED,PARSED,PARSED,d844f1bab9506843cf9e609fef56649d37926be296246185a26a124c803dd08c,4a65aef96cc30d691337999c44645d8c37bbf1a3ddb0fe988acb8e4374befa6d,79b538866a084cf611476bda9a797e72ec5f285502b8736bf4020bde647007d1,fc09cbf31d57df1d72e2b4ece7c53de37648001cc9ecbc81051bdf6481532a62,3d5c899932869d398a7b88e525322648c15bc129a9fe0fc5509f0828012afa39,5cd1ad773896761ebdfae8ac4086de2d9d74a6af364fc59d090b3754e6e39d95
SWKS/2011/page_112.pdf-1,SWKS/2011,1,True,True,PRIMARY_ELIGIBLE,True,KNOWN,INHERITED_FROZEN,PARSED,PARSED,PARSED,f4d2a715594371566d259f8bfc04b38aaf8403f1146823769e8c9401c459d3ec,10a3278b7e99a0e050010ab3ba53ff12f458dab62697c00c5520210a65558c9e,0c463eae39ffd5c703936659ddbbb7ae9e3da027b76d01928f78305a047eb911,ca9e0dfa190937485bfd55ede377d4b7d114ea08fba04df9d7e4feee7a7ee15a,276326c33985ed2d9a2e323b0c3c514f195ef567e725c5f91e3a8000db4919f4,ce2f443773b224d1c42c797d7ea40a1544d677217f25769d736f72d760335d66
RE/2010/page_120.pdf-2,RE/2010,2,True,True,PRIMARY_ELIGIBLE,True,KNOWN,INHERITED_FROZEN,PARSED,PARSED,PARSED,a1e46644a06e4d6073acb61513230c1f10439bc02245c58bb3ed10fcf643e4d8,f70f7b383690c54b8cd4d53ce5fefd19423a8c263a5a08c45fad10b36e0200d7,a74825ec285f21a8fe7cf53671b75421940475b9f3acb9b6ba5925a5cdbc47dc,17c35db7a054917a63437c8c64f23157200a6d38c5d5c97a5c1b5ec89ea3bfcd,d551f03c259869491bb3f2ab7624f82877b6b177e554e690088315f977df5b84,d4bef2a8a6abcffac34d0cdb53d3039e48710444a800224ff1d9dcb0e76ff662
VNO/2005/page_69.pdf-2,VNO/2005,2,True,True,PRIMARY_ELIGIBLE,True,KNOWN,INHERITED_FROZEN,PARSED,PARSED,PARSED,9811068806824c2c22309ee0e9adc3cf4c8ea5a7d7fdfd1bde4b1300171b4cd4,31aeaa048c730b0f9ff33f62d900492c9487ba20e5711da3d742a6bc544ff106,f943959534f345d365701be35b0121840bfe87b43c3d4a9214c088f1c75f59e0,8a54e001d7e5f093f29eb80b558534da78d85caa87f17e10d97c4bda4df13afc,54bc03ff09d4217296249c8b6d7f611a6b79b09c0200596ce0620ced21a097a0,96442285c2797678d5445fa34f55dbf51aacac9a4a2c514d273e2ab6b9805d3c
RL/2009/page_22.pdf-1,RL/2009,1,True,True,PRIMARY_ELIGIBLE,True,KNOWN,INHERITED_FROZEN,PARSED,PARSED,PARSED,628287fcd63edca1d959ded78b7e3d8623a4e4318094c405c664252c768f3b41,0da8c2cb1f0e50bdedd5c66c0c6c2baaf3320c0c4ecd442f404618fc8ec6a649,91089245b701411e4d9b42f994a578e8ee58ed48f50a54c4a1f97805b9b88445,4b56f40a619440a72d2786472e2f8b53185a9df4ee7e11f1787453dda702864d,4fb3a64e799d56cd05d08fad9ad9076a72a5f02fd874c1a2fc98deea07e717d1,6314205f8c14699a8c5aedd343724a4d349221d12f0c90b1a38d5c17501c5d06
MA/2009/page_115.pdf-4,MA/2009,4,True,True,PRIMARY_ELIGIBLE,True,KNOWN,INHERITED_FROZEN,PARSED,PARSED,PARSED,9968f4465930d63beffe509d5fef9b54056f0acfeb16d90ee988b84b3a9b652a,478fb7ae27feb82d59ea1799e34acbd8c3a868de16a92e710c2341481400f9b8,8b9ebe830f684a5015f3f10a91aa5b8cf1ed2e93e281134a14a1c1d257aa0708,b14a39cf8878d27976bb060c39fbec7d20ec3eebebe1da14ccf3fbafc05a15d8,d1a08969a21c69eaf91a89e9c426f4b8a0d1327417a1dfbba22d5ba6bd16bce3,2fe69ffd4c6e9e57943fcc33fa620ac71436e5242bcfb754f64d77dfe92fb8f1
SNA/2013/page_93.pdf-4,SNA/2013,2,True,True,PRIMARY_ELIGIBLE,True,KNOWN,INHERITED_FROZEN,PARSED,PARSED,PARSED,3c343510e699130fabe2cf99c936d739e3fb652121b5de38e9af9445d1e49e9a,349e52f2c80e0afeea9a2c02239b0af263aced7209f999b4aa67b189b35c7bf7,4f004802f9083a2f5c3c9d304b43800225351a2e30185d2a6f470e3d3a72d7c1,f54ad9ebaa9ad9b769daf7c2065df8bba2dbbe27bbec791b8a52d8c30b0e6d20,1027fb74ae8be9aa37fa53936d2a6b62721f2e16cfe38b97b62adf49ff78086f,1010f497eae887d9e4a9bd3dbcb08021038afd7b3518ece282d77ed86c8828f7
HUM/2018/page_129.pdf-1,HUM/2018,0,True,True,PRIMARY_ELIGIBLE,True,KNOWN,INHERITED_FROZEN,PARSED,PARSED,PARSED,c54603bfffb7bd5eab1cbadb255da8181b30ae205bf7dfb14d4a93a1909dd9a8,78e7d9e19002b0faeec3db4e4362a09b5a25c6bd9c2c3ca46ea119842fcce383,250dd931864bc2ddcdf85d235499f7efeed5db7078067d313a126339a7f4d928,2233fe60242c71c6af2277c7eba65b802864feab7fb8c555f3e385f4ad0596ff,07078696c5cf550adfd0d382fae806010c3cd877c90319f3d328b859e439758a,13f0610feab5a470360e0db2785ecaed33162c1bffe13aac71edebb0a2b8e55b
GPN/2009/page_68.pdf-1,GPN/2009,1,True,True,PRIMARY_ELIGIBLE,True,KNOWN,INHERITED_FROZEN,PARSED,PARSED,PARSED,8d59f8a3cd57ea077a6d74b74c7a048fdacfec6cf045062eb12e14a350120240,9fd3e70064d0e587602f0966d177f12d3f96bde2ddaad6104fb25105c0049b84,3cc05eebb9dc442ae1276d51ef190ae347e35dcc7b6c07ee874052a57cbedaf0,8ae5019e7f7dd4c68d219a282b652a9fa50732fa0643bed9218f0076a9c17c6d,846b0058edb1da14503ffe97e0f634dad05774d3ed63c93aa73701f9c0023d1b,ddcfdfee1795470487d40c4dfbb6ea19257f1ae3bde3c4b8c59db79a7d28a542
NKE/2015/page_37.pdf-1,NKE/2015,2,True,True,PRIMARY_ELIGIBLE,True,KNOWN,INHERITED_FROZEN,PARSED,PARSED,PARSED,b9365c97990e6649c60b4bd0ac315685018a1c1b57d4cbc60edd3dabb267b69b,85c64843f3e547e251a93bf6be699d5b3c768ab5120ec9ba326ccf3773fd0580,0ffacf2752c832d2ada043d9c1767266f630839288059d5cfd261d22b528fba5,1b8deda3f8df4c8bbcc11d98cc2bfe4483dfb190427786a90f316ced92ec4461,648b5a8699a75047086cf2f5ca6046dc911e3439677433ff315278ae80343751,3c500075a36c25d4ba86e85e96e246dcfb8babd42cb896025bd0ad1549f7be60
ETFC/2007/page_22.pdf-1,ETFC/2007,0,True,True,PRIMARY_ELIGIBLE,True,KNOWN,INHERITED_FROZEN,PARSED,PARSED,PARSED,767f235d026b640ca720e09d27ddf35e7f8bcb3c375f56ec72c886dc48ca661a,98c49c851a6957a6baa305109b6600a132edbff97c257246881faf516bbb60d0,777076d5490bd05d34979f2a4f79865c3030a34ed68e0a5d75640d623ba1b6ed,2fc2ec46db72ef7e5e0d2a4990897ef5d349813db4737a7ca69062cadeb6be03,e909c1b75e93207654f092421fd6ae726cdf81a59bc1afc607c99372338baccc,07e8747cdd72aa01f6b3a6dcaef1fc235fac55ccee989d4459e0649a5ed13f66
AWK/2014/page_122.pdf-1,AWK/2014,4,True,True,PRIMARY_ELIGIBLE,True,KNOWN,INHERITED_FROZEN,PARSED,PARSED,PARSED,b8790ca576926954ec5c906a447c3f464e4e6828693e0b1d1168e611dbdda734,1f86fff20264fa4a2e87dea8fc3f9b9cc68a9525d847340afdad01c51d5a9269,635418f58b2fdf095402a5d2c45761709b44488068195469ddd8502bdaaa2a9e,13a7bfdf56778021091222f542d8f8e76c63a52970ed6aa5ad2b4df7b0517023,89a719e5fff692be7e0ab77aa6cae5983724a5736fbb9b2b70fe59e460dd1208,e10b4c1517396607c734e4f5308ec301c9c439b0baff959c5a37df2ce018f018
UNP/2008/page_71.pdf-3,UNP/2008,0,True,True,PRIMARY_ELIGIBLE,True,KNOWN,INHERITED_FROZEN,PARSED,PARSED,PARSED,908114c3a262b786e5ba406f01d1666cdd06e59897f853d64b4d305c02ff4d15,bf4254bb5ce138f15f589842cca42992fd9d392faf8552018dc8ff7fe2b3de8a,73f540595bbce2777946f634772e69d122e462ebbbca7a0a32e9fafba4822f89,7a5433357ef1712cc143e663d1fd8a3c62285815b73688f2915c7d553b1253cb,62fe688f7c8b77ba3dfb3ae3da221f2c7f8cd3db344a5d72975539a2d1022f4c,e52ce370e4f20b3a446c1078529fef2da7cb3bc5b547ace55bd03919eb185796
EMN/2007/page_111.pdf-2,EMN/2007,4,True,True,PRIMARY_ELIGIBLE,True,KNOWN,INHERITED_FROZEN,PARSED,PARSED,PARSED,059aff6c6d1bf4965cec600c10d00653b3179ba768986024eb1624ec7c2e9b74,00724c846620c4ef1399bed5b4166e3d3567e72ce44a5b892f4a7323cfaa02fa,2ba3e30bde7bf0e6b68d6fed9cfd1c71c57771d13afb2cfc02253cc48fe1c446,18d8709bdc188b39f7e9fd85ceffb90331c6b1cb9491d259d25cdd69d15ae1c3,5bab279e52b48a67be1f315bfad937655303f6df00b79db9ef3cf284ce0448c2,c8749c04487f4bfd5485667d3e425ca4b5578b36f5075a2f9742bc2c4178ea3b
MO/2017/page_79.pdf-1,MO/2017,3,True,True,PRIMARY_ELIGIBLE,True,KNOWN,INHERITED_FROZEN,PARSED,PARSED,PARSED,1cd5e5f33e05120fc56496c7d2f1108cfc691303daba920184debda2e8e6190d,bd0966b3c0ed13ca52db3518a941ea59b969761ebc5d0f3cdcb4ff31b6e917fb,77494a311647f1557e34211df310dd50b33d0d21768aa12c2c7fd0d8b4fdfacf,dd3a9e014daf63dc9ad10682fc3edc6620ffbc8b5b2d605e70b795c69d791247,9e9918b9308940f8706a93a3d32bbfa5b8b53d02700352d662bdde5c78b6120c,78de0d82ec5fa202881af8d25f559b6e8ceedcac1ab063b5fee67ae0d6594892
UNP/2009/page_26.pdf-2,UNP/2009,2,True,True,PRIMARY_ELIGIBLE,True,KNOWN,INHERITED_FROZEN,PARSED,PARSED,PARSED,82fb3a9589b09e57c325b700b9eed4d4c344d3d29b7814c1f9aaf9826eeacd24,96d5bd91c4c51c9202f8d4da03b497c76eb0ccf50e9f48a5b6b06a28cd3f3a09,6e66e5ffce74f3cefc4af91ceb6542caeb99693ebfd020b29fd4549e60a2ff51,4d58d32423f3059b58280f77d87683fe8ef52b5d0f6fd380910c948d78bcaa74,bd97042574936ce36d6171c819aa4db8ad919478990d0c4163be9cae7267c299,6c137bdef5423b0acc4ecbbe0f97527b5406a53688898b39b3484c7e3da7d3e7
APTV/2015/page_47.pdf-3,APTV/2015,0,True,True,PRIMARY_ELIGIBLE,True,KNOWN,INHERITED_FROZEN,PARSED,PARSED,PARSED,d830bab5c76597fbb5f59c16d1a74cc76f5ed2eab566756d261b2e1fb5156e43,53261edc84adf945980a4f024827f87d3ec890ae769fbde7032d942153b7bded,163a8d0e61276d352d133d4f3abb1459094a56d151b1186d4766514e0b809c2d,fa0763e63cf08bd8057e35217778552d5d85916dc4ef27b199b1766ff3f88a42,0fc4ab16a8c4b053f26e03c99f54d88ab1f09b597abaac0009d30ae4f1053e09,a66b3642fbb293660801f549cf7505d94701bfe8f058dba8909f0b1cc432e721
UNP/2015/page_76.pdf-2,UNP/2015,0,True,True,PRIMARY_ELIGIBLE,True,KNOWN,INHERITED_FROZEN,PARSED,PARSED,PARSED,6025d927614806d2ea5317680dc96cc38247418de59205f0a04d130597278067,7ccd7118b938eca11e9ba9b1193816b198d3f6722ce4c4020aa43584cd808000,f1796c25bd086293e6d2dd71f56e83cdfeaed2a072c9793df69aefd3c261ac09,6755805747da6c1aba7477169c1e52a0eb72f137bae8bbdedd975aa489a042c4,9800982de396cfd1865d046a0fbc4950db5ed4b9b602efb3ebd69a0eb804c651,1f7afd9f1718779bb110bd14f6a11ffa6ef84a283259dca5decaf0e4c440a2e5
VLO/2012/page_27.pdf-2,VLO/2012,3,True,True,PRIMARY_ELIGIBLE,True,KNOWN,INHERITED_FROZEN,PARSED,PARSED,PARSED,76b9598167a5b8e7091441b1cbb1649a01b0f8f4b982ecad803df0cc687d10c1,4592b70feed410a5a6e3abc853eda94b0ec4344b702b9ba1b08d6b6098f0d9ee,9eb8eab1466f79e0c72f24a5ad75a640260b92694ec4e2d2a40d1116e602cae9,6d75fa16c93eafb408f9cff4cb8e010cd4bf764dfd928e2c991468458981bf60,ea28e84a090903d4c4e642937a59dc33c771c511fac27cd290602bb594b41b79,f8e46b91a1883488b441ee8cbcbbfc1c5f6b9a839ceb6e11b0c3f06131223260
BLK/2008/page_75.pdf-3,BLK/2008,4,True,True,PRIMARY_ELIGIBLE,True,KNOWN,INHERITED_FROZEN,PARSED,PARSED,PARSED,a4eee151dcd9d1d911947245f271413f0e6805a15343586eb1f811f93a0ccc56,c8b78d76fd1c2ad75fbed95462a05019c414d50a6395c48b7da2244cf883dcfc,50e2d7eb7da06bec4751bfaa92bd7564e9e3e5acd3378e9130d7fdd0b6245413,94d13938edafbef0f9eb5e133deec4b4d7830c5a4fa5f677f687b73ea9abca8f,1cc4531f0ec093fad96ca931259c668aba7e3f0d15bedcdfb0d9d6de96027a39,3904df066157909ccbc57eb929e37b2389c868a8c95b717e86d22a045a284e37
ANSS/2016/page_85.pdf-2,ANSS/2016,2,True,True,PRIMARY_ELIGIBLE,True,KNOWN,INHERITED_FROZEN,PARSED,PARSED,PARSED,339c399cfe474a27aede84cb7fccfc0a9386cc51fab923e6379c4f6e7728d56e,36e3be53cd354b450ace3530d74cfba51459071af8bf50507c52a763e03c611b,035d8bdeb825d62536f2c971ada52f9344dd70f396b6cc0425684924dd711566,53a0a3db745b637ab3fa296bf6862b7cf111f66f14389f1339a15e1e0db99b67,437f081b7fa4359da252260019cb1eb27fceddd83f40939fa7726c0327ebc490,c981252d822f957b9549faf0be2f981b499057ac85be627125d225bc32b3b465
IP/2015/page_44.pdf-3,IP/2015,1,True,True,PRIMARY_ELIGIBLE,True,KNOWN,INHERITED_FROZEN,PARSED,PARSED,PARSED,fe94dec157045c532ba5294b35032c8f0c8f8c5cff168e2888d251a6b25bb93e,07acb4562bceddf600b9808fc5b0f084526d28fcb5ab9766a63bd052da2ecad4,44acdb3de93bcbaa9b0b93bfb7ebadc7dc647ed37fa52727f352f6cb5fd5b057,c3e82e0ea53b9ca0cc414221d4a53dfd3e3e9c371460cd81a227f0a80ca87473,087af6a0e4e1a4011c7ff0855b36263fbc4a5b871f08480f83497a6d8b627c22,b2d3ca295e5b50ba7cfb9e87e902aae28261cf9e007f653e6a9540800ea43da1
UNP/2013/page_29.pdf-2,UNP/2013,3,True,True,PRIMARY_ELIGIBLE,True,KNOWN,INHERITED_FROZEN,PARSED,PARSED,PARSED,f621ed979cb8937b240aaab5351b34af5ca755c1289fbc099766ee1d7ce281e1,e249f59080c34480ae5f17ed670d4a334b962f5f8126a9a645b039f78d9b6814,00682ed67b2dba6f50199e1a13e523d15566efc80793a1836acd85f4e212375c,e22bb258dcc9b273e0a7f8b7e6aaffa444cea3c1e7526d84fc31f6f43ddf7b8f,775adb9883ef38cc030d53c90bf8c59bef0d226bc48c895f4db2fc61ba75ae47,0af7cc6cb251501b5d5723a2f47c9729f6f7514c600a193851732004fb60862c
MO/2014/page_76.pdf-1,MO/2014,4,True,True,PRIMARY_ELIGIBLE,True,KNOWN,INHERITED_FROZEN,PARSED,PARSED,PARSED,143c1ce049ed982f7369cd8e459964d909d116d42ac2ae872e04806967abcabf,7eb93ee13842dc9098f19fa7b1f3780687989dd219c59f84fc1eb4e20ffca958,aef7f7f5c428497e5ceded182ec7a7326529a1da1f37a732e09d30ec17478b10,adc82a54b975d923b8cecca8fe1a9a128b19662cf19495e5fed1c35c12d187ff,0a3b4b1d708e21d7da0b049399f1272f55b3dd9be8bc21c1f475595e8a49d386,e5493bb242b5de262a8d40e72c0dec6cac0fb1d268aff90b832b1d6e995c59ef
UNP/2013/page_29.pdf-3,UNP/2013,3,True,True,PRIMARY_ELIGIBLE,True,KNOWN,INHERITED_FROZEN,PARSED,PARSED,PARSED,bb29561b4a9b29df29c4c603ee5575cc418a606d898b29ed9cfe5f41235bb578,7f2a7d06da349a1f7b89c3af747652ce05216657d57b5f0c68ef1608991d53af,cb60abee0b198c23543328880d10d0eea54925987624c6995bebd2ad5a313627,73f0016ee7bc036b907be693ead227106932b10d8ee466451fd6d63e1b720d24,81b86df0a99cdd821523b5c501a50cee1c7e5869268909c56ea8dcc9379beb6a,3e5472650a1702ca46b8790661e8f872486b5f4e09d96fe548fd7b6ff29104e8
IP/2007/page_38.pdf-3,IP/2007,1,True,True,PRIMARY_ELIGIBLE,True,KNOWN,INHERITED_FROZEN,PARSED,PARSED,PARSED,0baa27479cc4871d3fcaa01732e5bb5bf3ea2f3d75f2f380cd1c42aa4c08d5ba,91150cbe1f949a409da935c400b903a318d015f0041f76a08f179d5e8083db8a,0aa70434b2ab43db6ac82b8f0c50aa84c9e6b4fef3d8e2ee98fa846ba27e5a1e,c6930d187050feb5d27393cf6f18ebc54e5d3a28bf483c136114e70812ab6f3c,8a83b24578f9a67152fff77610d9004570c2f3db57563c4dbe3ec6e017145c93,31dc6bc089e6de6acd29e9fad5826f699cae16ff2e510511cf2e3c2a39967005
UNP/2011/page_56.pdf-3,UNP/2011,2,True,True,PRIMARY_ELIGIBLE,True,KNOWN,INHERITED_FROZEN,PARSED,PARSED,PARSED,6f90b5a88bf240d33a5d3ff8395256057acf37d5c9e33106a0f2567e23bda29b,df1ac00e7d909d2671e91c72286d4071d4261fff168f98a1485fde31698eee3c,fc5fbe95410e20efb943f94a8a2662b33d422e634158b741ca41c9879ffb77a6,747a43d3c9932fcbaecc860c9c01659e03c1f14b9db77faa81fc37f23200c38c,21bc93672b278ca6130c239544a328fa42b7e6db91e1da4ab07e2a9cc866a3c8,9d2a6453952e843a37f9a952a619a3f17d283d12874857d7764c60a4afba8553
BLK/2016/page_35.pdf-3,BLK/2016,1,True,True,PRIMARY_ELIGIBLE,True,KNOWN,INHERITED_FROZEN,PARSED,PARSED,PARSED,d67dd251678baa4bc596a6ffaab6d0fc74aa7791f87383c492217508b7bfbc00,466723528a7ce96ac2c889af841341e82d82e4563e80895c5cb79dc3bd19848d,4f520ba4c04df9cd4c4d45afc2cc5f3e7710421732350cc84db225a9195965fd,a98550ec724a5362e87135a61d1b21bbc5c9c94b63bb8daa74034c2d6e761dce,3d0a7e7428ba4aedc907a489500452f29c02a60d6cf6b7e20a6e4d42548a969d,354dab8ae46951c5de0fc7cbd290149cc20d010a57cc38e392b53e66ed6ef1dc
APTV/2018/page_36.pdf-3,APTV/2018,1,True,True,PRIMARY_ELIGIBLE,True,KNOWN,INHERITED_FROZEN,PARSED,PARSED,PARSED,92d0d2f4e348b638f2c663cba461c8223e5e0d5b25b913a831b2e1fbc478e1f9,3a9b26a7c0faabd6879b805735ddb126236c5a34492db23254e70091e7a6ce3e,429f85f49c477046ac2488efd0b45cdc2d6adca7098552d6252f32c39267aa6d,a9e7875dcb87c857b6d21aee8d612f104ff6874ffad1b4951ef984a5f3d34f7b,db38c7e12ca29e644a9b34f8bf3a99b95091978ef1f8d95abdebdf282b6f18c0,9936b95a44e97eb937de38ac3131c397eeb1d3d1f119fa2666456f2c424b0097
UNP/2015/page_76.pdf-3,UNP/2015,0,True,True,PRIMARY_ELIGIBLE,True,KNOWN,INHERITED_FROZEN,PARSED,PARSED,PARSED,a90413e44c5759315c85e1f5efed5d72ec15f297c1f5ad88dc7cc98343d1158b,b5d2285c1c4392ab5834fcc34c921dad457171643c336d2962f72f3cf845a189,27b24f519c27c3657825b6ca179c4a426bab029a20149958f82d8d7d582221a8,160d88dd89aaeb36c0156764f6917268c03466a206c8bb493ba042cda4e999cd,a68ec1502fc8bf22c85a8de6b3989e956e4cbc36deb20582ba829145a07323ec,43164a4cd06f0bf9554553799217687561f4db90b861c01b5d18c506bc5e78d5
AAP/2013/page_32.pdf-3,AAP/2013,2,True,False,LABEL_UNKNOWN,True,UNKNOWN,INHERITED_FROZEN,PARSED,PARSED,PARSED,af28fef256cedcfe1238d2a2435f1853689523d4cfe5d14b1b03e316d64c00dd,b54a3b3caef9a10cbfea78661cfcb6b305b72d01bf40b8f4c02ecdace843f1e5,5a1c864fd919fd664d0c779714e334c1126583abf20b443efc61f2c67e947da0,acecf0737dc906b2bfb080f28949ba8b3cc91c7ef5cd5a6779fa0151bc16a8f5,423e440d68a6f814cfbc210a627df2541ea533398dee91c301b1a7ffd4995404,a03c40216f2335739e42e225a8ba98311d9330e26b9f601987bec883ab19b629
SNPS/2006/page_68.pdf-3,SNPS/2006,0,True,True,PRIMARY_ELIGIBLE,True,KNOWN,INHERITED_FROZEN,PARSED,PARSED,PARSED,a4d065f7586b688b326e1bc21d26b21fcf758da620133a7804e51256bd71c8b5,1621f55ad62d5dff0d014e5240db3fcd043567c3d4fb14208e5962fc25135599,d04d879cb6fd6cfafa5be29654532bec12a99e15cc76891b87b405bb6e0e2c61,a9245877ec8613e1cb41bb76af8a5f8f0491fc512d408c4853102a4e8cf41eab,f5b4c482029f27ac32e95c87c5980a4a3fbbf7c72b63d026b3701d2ba6fc8ddf,d4e6db41c7ac08e37970a97d0fbeecadb9e8cf2b7558002b036059a34a74be31
UNP/2015/page_80.pdf-3,UNP/2015,0,True,True,PRIMARY_ELIGIBLE,True,KNOWN,INHERITED_FROZEN,PARSED,PARSED,PARSED,14d1223604aa3a3ba6c022d833b87c428171b00188082040d2702ad194a5e764,3d653a4edb4ebfe91b6928d7d8b17ab0907a9d8a1d2b24c6420eddbd392e824c,33623bb31612334d1f314f54420df320a3bd4c6755a6440f054d79984f3d87eb,e0738e603a1489884d3d130c4d63cb5fa2130664b26f5764fa08a817f1195f67,7df812c454575ef8374ae6857b056dd9399e944cc4d2a269f628e7d4dd482c96,5d71adf98badbc2257c86372f7008fa5b9f9f9225a99cea550a3a8afa5e404d2
CAT/2017/page_113.pdf-3,CAT/2017,3,True,True,PRIMARY_ELIGIBLE,True,KNOWN,INHERITED_FROZEN,PARSED,PARSED,PARSED,2bfe0a109bfdb87015a8d68dec7ed897f68566735c771cdd24d2096bfa9f4412,734946ec63f0cad439a09e050e01439780dadc874a7b207e18685e48450cfb95,ed7dbbec2f3179727ae4e2c9e0ef5aaaec4d08bd738be4ca42e3ae7ccb9d1613,6973618fb5953de497dc9d9dc1465b393a490b5eb941066f7497314ad777ce9d,ce9b7c9ea9c08b3161b830410a825d3bd8cdbcd01aa9087d439134eb058aa3b3,0e57ad94c678a396a7784fa6bcc58554d9c060e4007cb0454cce125ae51896c0
UNP/2011/page_35.pdf-3,UNP/2011,2,True,True,PRIMARY_ELIGIBLE,True,KNOWN,INHERITED_FROZEN,PARSED,PARSED,PARSED,505462aecf27a5c7687f28c9fbc84d53d0cc4fd9e64bf8566bd96ba368d27d54,8da56c78174e5e2b13fc7dbf3d82408d38056bc1c26b3d4178d558b6bff32611,e9cf8c5b41bf89758e78c77f417200ebd899c9cb141e0d260c6aec55eb1228c7,e39627b18022c5858c807c57f27f28c4778d0d77e1c864d3435ab33d093a6f0d,d3cc153553ea63f29706b9f2968b1460c635a42b534232bb2823c962f2705817,6067483999db5cf2200b0f8c0b7db2010c564b5e213db085444c7774caea9d00
UNP/2015/page_31.pdf-2,UNP/2015,0,True,True,PRIMARY_ELIGIBLE,True,KNOWN,INHERITED_FROZEN,PARSED,PARSED,PARSED,2b2599c810d083e1f4c45930f68558f2fa9769a0bd21643ec9d1c4e230d55957,622725e840aa646497d9748b5e4b37502cb513ae36bf8bb2d58b1e0a575c233f,3a1da0478f4a0f8ca93428b35c417af165d7a9f48568efbacc8bb3e8005857f6,45b84e8601e55dd003d58e0281075d40b93dcb040091e7c94e80f0de0185b439,8cc751484d3c87fd0f694fadf46c3d45d8b97eb2835666a8f27567a3575475ca,8e180636d79d9a0138be72b7da0d67e4e7cde92564521fdbaa38a2f5e1b6f342
IP/2013/page_70.pdf-3,IP/2013,3,True,True,PRIMARY_ELIGIBLE,True,KNOWN,INHERITED_FROZEN,PARSED,PARSED,PARSED,1abf78d716bcea36a47144bd9c803c438d36c27e9e3c27db00c950661d3b2b8f,313ad7841a64324f28cbe52440619e2e3c2fa99d5743e715cdad6fff2df950a0,c89534a182fc1e53aeeeed5f7add56ef715e3a21a49792663c416b1be186eaff,d541f1b558f930cfe50361d68af426d7f3962fa37c4236baefa65be86cf5a28e,40f1d5dd5e411ba01e3bec1d81004b2042efca5a5c10af317c5225e223ad493d,f6aac2fcb4a8e57995ad2b9da35cdf794dfdd541114da38e5f2244f326a2ea6a
UNP/2010/page_79.pdf-3,UNP/2010,3,True,True,PRIMARY_ELIGIBLE,True,KNOWN,INHERITED_FROZEN,PARSED,PARSED,PARSED,675ddf3e5706c3a8b6dc6f52e37bd25743ca03fdc05e391f6c24d77a0f361359,a8e3f28d9a82b9c944c64bc248e6e582561ee29994a36690bbe979c478a4ed45,ec62c8cd6566d5a6200f04698a27f8175623a1a52bbd1fc76191ffb0e026ef17,bf8d5671f91bd519ed6cc2c6fd42f06de0ba16312a532ecc354cd99cf6114ddf,98d176ae778864f9b8c06cd0b1221b5ed88d82bb269cce73d54e204051af6fcb,746d3f7512d2a5654feceb2158a6bd69acb81adf08d9d903aecb8165a72f4705
APTV/2015/page_50.pdf-3,APTV/2015,0,True,True,PRIMARY_ELIGIBLE,True,KNOWN,INHERITED_FROZEN,PARSED,PARSED,PARSED,6233ee5bea530370934c5552d456cd65c53ac2af8683c53da0f79f8578ba827a,73cb301892d3b4bf3726117cdd5e9ff2fba61612829e8004156629b5d84a3334,971423c9ecd26702409a3589fb825946abb967212ce7c55bb8e948866f6f5102,832d2363f1d87cfcbee37a55439a0bad28134779e3e5942c3f3f19a013a58094,749b13e64f7199126b9d5b72c7bd83eeee45f3edc0fe0f89ff687adfc33daf19,ddb682abc93acf6913d56cd1ebc5b9c6b9688c0602e1b68f5ac9c3606ad94b7e
BKR/2018/page_59.pdf-3,BKR/2018,3,True,True,PRIMARY_ELIGIBLE,True,KNOWN,INHERITED_FROZEN,PARSED,PARSED,PARSED,655991c130f9999440c011b11206b4d5ac8cfcda8a37c8eee293ec5cc0f42f1d,8bdd7bbe4f97925a4ffee9ab732dcb957e980c9e10119852e1afff632cb2a5f7,27803184c5e3ca7237ff475945b7dd47696b032f9c34418e470005afdf1cceeb,988ff2ef92cbb7244af8e330aa2d23a974791a62fd9611ee821c97d7510653ea,ff00a5e9eb95f47116486310a4841aa931107a3196d95eb9594a4ea0b22a5f85,0cbb97d643c9b2498f29a4bd1fe5e1be0c765806c27adb389ef8f7d2aeb7a8ea
UNP/2008/page_71.pdf-4,UNP/2008,0,True,True,PRIMARY_ELIGIBLE,True,KNOWN,INHERITED_FROZEN,PARSED,PARSED,PARSED,159bc7633284b424528e7d2150fc2d800369dfc88be98240d9037e7e6780da69,accd87d89cab72c6c87476cd3ea2973f0f285f8a4dbbe32c526e114be8d199ef,b40fe4d5957969c31fb28039923bdc8be3583da7df688181fc7e47d123c26a5d,689e7cf2c476ff6f06c06a5c320a8514544b2274344bc6659b027516bd0c2fba,ac1eda3f6a56c77a2f6d009d70cfb7b7237431e270ad73cba08bbbbc6fadb355,671bd9cf3c8d5a65d6183e40d750a656bd5d0d043d65dd4dfd496533479a78e6
UNP/2010/page_33.pdf-2,UNP/2010,3,True,True,PRIMARY_ELIGIBLE,True,KNOWN,INHERITED_FROZEN,PARSED,PARSED,PARSED,fdd0588b252c8e59cda465c22358f0f37764ba4f8d49acd8e8b61581af04574a,01c05b8783de8b7390e89ed4b22697230963f7eb5263177f0090901b81a9d008,55c0094251ae74b9590e39bf506375a9049ed9f57c148a7168db206736fa8097,c05a74e828be51f548919026b8abe2b256771617fcec72eecb125e3c29ac41fc,81bf344123748c783fced1b371b4d60501195253dce0a9396ac7cdfe5db84fa2,ce202353f854ff07713fd5961a2b7d22bf1ad1a2a378dbb3b64791383e7b8ec5
PPG/2018/page_60.pdf-3,PPG/2018,0,True,True,PRIMARY_ELIGIBLE,True,KNOWN,INHERITED_FROZEN,PARSED,PARSED,PARSED,f54d7e169b0c90bc7b3452812bffc225c8361513ae2db6966596378ad07995fe,0e600abe1f28d17309066606d0d9d0c5593de553aecdb8d92bff53f46764395a,7f9d2e37b2b4166195bb921f5749f190370cbabc544b668d0f4c05eb309c1348,a589a9b7cf4e00c10d60dfa0ceb2a851addb8075d5479a24e3065c14636a7ca0,a8411456c4cdde0d60125cc4d640439141d0abafa838ba7af9ede5e235742374,8c302531f2150ad15050034d934e2364eb757fabecf17a334b63d7c13a51d7e3
APTV/2014/page_46.pdf-3,APTV/2014,2,True,True,PRIMARY_ELIGIBLE,True,KNOWN,INHERITED_FROZEN,PARSED,PARSED,PARSED,67b75d050afc166327c5df6614a96725a29d31e5bcb565735c3bb6bdc0056726,4a6d66b8efdcc96f396ca9cb2259d092973053511ab783ad7ee7d535095852e0,9adb25dea0aca7b8667a3cef2976536b172e57fd7c1ea93bc0f981c70a43809a,de2d86d922f29d767fdb521fd6a2fc17af7c60fc890d91bef33431dd8ff576a8,c60089f1b42ebbc72ca850776de64f2d7ca76a7df4df3b30d9a2b20236099287,0fb917ca97e884d6f8714d900c6a77737af867840573cc9917702b57b6c2293b
IP/2007/page_34.pdf-1,IP/2007,1,True,True,PRIMARY_ELIGIBLE,True,KNOWN,INHERITED_FROZEN,PARSED,PARSED,PARSED,b70fed4be5bd132d43ac08db25d3d45fa415eabb0e99fdc7231e10ab31190e5b,6e993b667782eb10bb7ac5ab0e29fa5d36727821a50a64008e925edf21160042,79c2fe6a03668d4c9768c2e5dd6219229d3cd5c6f54d5d29917fcaf8a1016955,a1b0af6a30a8860bb9a6dce9b32aa34d452b88d25374096ceac378ff9bcd85a8,a890e9eec4932523ec1dff1588a5ab34ced33aca1bb64ee5957ba28c377aba1f,783815216a21550f1756bf8145a0e18ab95ef08698a3103f6041085450bfbd88
BLK/2012/page_31.pdf-3,BLK/2012,2,True,True,PRIMARY_ELIGIBLE,True,KNOWN,INHERITED_FROZEN,PARSED,PARSED,PARSED,48b0d65938b44230ea9814519eb7884722b724d17e3e8cd6df2d75549e5a072e,212cebf095d3d5b6e0bf93d814b47c29638901fddd09417c2425c774bbd28a24,b090e7f54b23e6c9912090f7687c1c28715a3ba01c1a4f503d7c26b585575d29,fc55f2d8152a69a3da4b3735adc1672610e0ba3ef6defd236c5999a8422c3cc9,6270d0bb159318be39ad0f34e5993cc582ec739086a23f9fec1ec9ef5c17ef27,1c7a726ca80a92877ee57885c27f485189b62911d7b2d2445da857282c7f056e
PPG/2005/page_20.pdf-3,PPG/2005,4,True,True,PRIMARY_ELIGIBLE,True,KNOWN,INHERITED_FROZEN,PARSED,PARSED,PARSED,fdbed4092700f77f159e904b1840164caf52a476960cdfa9e2f453a2658ad287,07725c69886716e7deb3e85b4f79c039cde6007c58be52a078d03a1afe5f74da,47b9195eda4698b35f36c95af1e1b8c9bedb270aa3135f1c4194a36e7120cf84,739b488bd20f8e5e825cd55b83bb5f6c8ae58901c770fbffb8b8ecba3120a74d,3c21b186b146ba8527c8c78473e798a63e032c070bc598b7a7d0ba2312df984c,8d343e6ed78d473617ee41973ae384f08b7e002d7be78455d5eb11dc93d74bb1
IP/2012/page_98.pdf-2,IP/2012,3,True,False,LABEL_UNKNOWN,True,UNKNOWN,INHERITED_FROZEN,PARSED,PARSED,PARSED,de297bf141018c60aa92ecf299fd0a64c74a8939458b9b0775a5841f8a42f9a6,b33057ec8fd086b9f95f32c5b685a9cd04bc8f109b5223c76cf9686cedfa8e59,0aa05a9190902858b9611429e46e508019011426ea128c0f98680a4d9e11a109,9a388dcd7480979856d2b2cbe5c8f1fe052b25bea135dc0dec994a4cf41fdf47,1b32c7813ce619865962ef9dee5d8cbddcd40b98f2aa11a0fca0a36ac99ce52d,f132084b26506517697f6dfe8097422349528a1f804cf6130cef10c1c2f4ba4c
UNP/2013/page_35.pdf-2,UNP/2013,3,True,True,PRIMARY_ELIGIBLE,True,KNOWN,INHERITED_FROZEN,PARSED,PARSED,PARSED,ec6a4dab536f02cb602947d1ece8383f426182e17c7bbac5f54849538079e35b,445e1172dafc7ec5d160112d8f5e535cb2c9711696dec95f86fa2b6d068274fd,97c57de9ab11f570f25ec79011ae6419e07b5ef6a1188fb34292fc12a2f30d80,f72085be29c4da306b42291bfd4cf6be81bd6d95501f9bbe5177f9204d2d51af,44ec438ed1021316d11829ea98a4872fec59d1189d056d016d1d199df3a6c0cd,13134c5b5ad70542be4beb0470aa8dc0d01640c1e3e5eb25a58bd99d0d64fd15
CMCSA/2015/page_70.pdf-1,CMCSA/2015,1,True,True,PRIMARY_ELIGIBLE,True,KNOWN,INHERITED_FROZEN,PARSED,PARSED,PARSED,e23f06038be04bde46554326e4bb4f55d23e9603713b07531c4c4b63bdedb980,2b92ba5ffb0734453efe16d3025549716df4da1828aa89d507132cece4e31bee,c68458f38b12148faf69a5812492529592ed4aa12f7ab3d793a6be962e1f3aae,50f7ea702f5f5cf5b24a865531b97b01272b5bd60ddf9d2ce8f0f9df36033be7,b470c6a3d75517727574590951d6c8643d7a1e750e27c3eab56cc3f9de58e1d1,63be638f5f74c7287e708f58dbc7e6ff99455fa153c7481d3542634ca2e4b7e8
UNP/2012/page_47.pdf-2,UNP/2012,4,True,True,PRIMARY_ELIGIBLE,True,KNOWN,INHERITED_FROZEN,PARSED,PARSED,PARSED,8361bef564966e050b46eda46d4c7ecc1d5a28e55f1c992da3581c0f08371003,e795acf383cda9996866fa6da6106084aaf99f4960fba8e510076403133eb3fb,eec802755fe1037d1fbb28c652845232d80aa6246bd523bff8bc86899a1e54fc,81068bacfa264371c10d158716834e1a3280b786de6f2f2fc9d3456e380b39d3,711c8d72169f7fb583106336d5a32cff393b15503c3920bc35e93fa62a8746fa,89fb9d6f88a524eb2bef9e4603281713b7387aad3332a9af995aa66cc4b8f3e5
UNP/2017/page_23.pdf-3,UNP/2017,1,True,True,PRIMARY_ELIGIBLE,True,KNOWN,INHERITED_FROZEN,PARSED,PARSED,PARSED,0fee2e49be49eb09413c5184567820d765040f3a8203b3e146ec142af6019f17,0f5d9ac64dc47a5bbfca3933fe1bc1a2529eb71430bedf56d70f99c4d1c62287,b94d420716c97c31c431a5258b78c8201c6d1062f1b5139fb64c851c34330872,3bc3e79324674d558c7003e4320700eb564de5ea101da131520b4241507be025,da814a96bac1116cb7122867a61b4e3b7c1681cc054ad46bc32c78fb10ad4501,6d5464c595cf21fafbf12f2f3e0f789cf9dd1b79f1e8a4a43b5815a558588065
MO/2017/page_10.pdf-3,MO/2017,3,True,True,PRIMARY_ELIGIBLE,True,KNOWN,INHERITED_FROZEN,PARSED,PARSED,PARSED,3685bf5504f22be8f54cb57c4e6dfa277e72f7c9aa5573287323e4da5faa5b59,99eeddc11a3078f3494d171fc864cf7fa4adcdee5c648782e2c8f66323102e22,eb28933e578058bb1e90f1302cd35fb102c023abbce5bc058d69207dc115050e,b3986105dd44bd493220f3398f40af73d56015858e5e3a0a78581cb7886889a5,664a7ab5b7bfd690fff4254eb9d0a8dd35e691adaf8e03972b9c7113e117ab06,a470c688bf85f0a376b00b0f51bd130d392221e38fe2ba4ce6cd65567a84a2f2
UNP/2008/page_81.pdf-3,UNP/2008,0,True,True,PRIMARY_ELIGIBLE,True,KNOWN,INHERITED_FROZEN,PARSED,PARSED,PARSED,787ed211a4d4193fd9988df43c534c6df2cfa77afafce7f60e1447e43af7024e,5ee5b653a2e0748da7d0cf9fbabcd8201db06f64c424a9d0c6c879e92d38c839,0223313dc7f6c08ae742de3833f806dcc6b999e4f92998ab31f19e5b711cd2f2,b694b2f065c508fbb5fe0043808f1d8872d07b87fc72a1c17bb25a05cd27de51,4aaeb47694fa0d47663640d56ab13cf571381a9967f6c29dbb786dd0b39902d1,6204a6254a84dd5d02e335f87587c91b81f735368f4722f381cd63b44f8f9290
MO/2014/page_11.pdf-3,MO/2014,4,True,True,PRIMARY_ELIGIBLE,True,KNOWN,INHERITED_FROZEN,PARSED,PARSED,PARSED,5ee52c290261dc841646e208ae90f36e5774fa06c52a6b2aa9b6a20aca61cc0c,91788c2c1535da367de89eba7f881c992621ecdd7923ea533418f238b8c0c488,892ab9b538962f2bbbd6c823ed3d143238938659ecc4fbc45100e661ad82b436,1c9c7b16bc3a31ebb41f131315ed3b564deaad520bc889e7385d8b080d4a44e1,ad77f7a58e01d7f4fabfc2c8168f83e6e3b8d75ffa2f67cf0f78ebcf51eb9763,4f7b90f2d8bfa40cd1bf2be139f2590eb79dfa78508608a8e6de885cafe42c29
UNP/2008/page_59.pdf-3,UNP/2008,0,True,True,PRIMARY_ELIGIBLE,True,KNOWN,INHERITED_FROZEN,PARSED,PARSED,PARSED,6cbe8ab404c575afba92ebfb990cf0b18ae43b2f27bca6c5133a1a9d9ec256f9,d45ec63a4b118fa41cf2aa28acc6bc27c74216fc8f6e320a4087c84e81821edc,79a73041e8f4a35f0d9f0b21c6fff0176c6b0a12376d3a0aecbc45428682d771,984590c1d88c58545b898adc477c4cbdff3889611898bf4dddf4b3668f661c21,831a8f2607988fd43b74de46417e901e4ecfa764ba398ab1063ae6fd956dcc71,47c9eb42b2454cd5571b4193fa113652aeb90112a4960cd7fc387fe82ada1d1b
UNP/2011/page_78.pdf-3,UNP/2011,2,True,True,PRIMARY_ELIGIBLE,True,KNOWN,INHERITED_FROZEN,PARSED,PARSED,PARSED,cac54ca18646e015b3d1e405d9864b08983cfe73c140dcaa7fb72fa7b6273dd7,41c810b368af2cd9a0beaa648c0fdafc3cbe490d056bbe082292f200a15746d5,f300eb795102769e93c0453581e1152ae65596eaa5a236231047a8d38d1bc52d,ef66d3a28c88a7a2143adeef980a520ef505628733f2245b2af4402533c545c1,8ae8b80fe0d813f00ffcc80e0062bea5441a91130bce1ea6bdc8a1fe1e2b094b,4d7ca255afaf619b749555a291f0522af4355ba4414f38d54a6eb40103095607
UNP/2009/page_26.pdf-3,UNP/2009,2,True,True,PRIMARY_ELIGIBLE,True,KNOWN,INHERITED_FROZEN,PARSED,PARSED,PARSED,dfbe55b16cadf641e2dda2ed77e2a440cba4818e685f2a45e69791e2b7e9bdbb,6fef8a0387d357c649e6775744646fc9b52c2cf9dc29f6bf75c04e95714e4b81,272e49e067ca33a4fbede3d703c8987d12ba867835894c382d64e725fd2dc422,1d88c886a4737b0d0e07cb96b7e1d886bec659b1725eb459fdcc3d545f6b0d19,d5585b8ab234eaf939691aed9153b29393f717dbbcc1d710d4970093f4e48a07,93124ec41aaf368affafaccda19c4a206e89c1fbe9de3ab4ce0951f229b4ea37
EXPD/2017/page_30.pdf-3,EXPD/2017,4,True,True,PRIMARY_ELIGIBLE,True,KNOWN,INHERITED_FROZEN,PARSED,PARSED,PARSED,c00f6a2a30b324edb86fac64b2ce2b6612fac6f845160cd65573c1fb4bd2f7c7,d00c4c5d8f19316f117bccf15a2db4c40fa020501bed4cb24355b117d2f715e3,e32a86dc2cece387cf11345f7d3ce4081b3567b70198f502da704b82f37b6b46,4e2b22fdd17d2e2bdd89ad83eb176d0d16356f3625bf07263d6a40c1d8212477,ebe190473de502da721cfeed1b5655e043b7bda4765f5ad0ff327ed77a310ec9,d0256426b467208e17b3f7fe5d4b50100d2d513e510cb9cec0354d11868e1b34
MO/2016/page_76.pdf-2,MO/2016,4,True,True,PRIMARY_ELIGIBLE,True,KNOWN,INHERITED_FROZEN,PARSED,PARSED,PARSED,3a573d3cd56faf2f96242c530b1cb446615393fd5b48473dcb8e313a81616193,c33bb851fdb36ec92c90edef9aa6eb07c68e94b9cf3c1c008c1b8a7edb325813,cb4516c9602a9c6bd1a47da54f9b8430d917852e3d13206959625af7426ad2fc,23ea568177d076a70a56e84f1c82b83b3ebb8a4549826439ed38ef7afc644b41,532c41d4107be4c2a6533808e4ecfc4b621b18ee11729c1d01c00ccd9c0cc7cb,785090943e10be80bf2738d348cd44d2ebebff5a42bf4d701e8e88b91859c1b9
UNP/2014/page_16.pdf-3,UNP/2014,2,True,True,PRIMARY_ELIGIBLE,True,KNOWN,INHERITED_FROZEN,PARSED,PARSED,PARSED,847fdfccc5b9d8eba24c17cde6565e13c6a58885f8989b619fac633bb3719b11,947b8954a37d7457a797d139ae1438505e36e066d568c27f1f7283476abceaec,ca7c45e1587bb398d892db94796955617ccd7c3ead10704b7b4a8355d665cf32,e4091e50e76318a6a0bb2ee3ff645c11f948494a1ec27d3887d2280fafa0de1f,d6a3619d24a8ed514bdd8ac0997438f5a26e0d4bd9d6fdd8afe8902844cbe651,da364625cd35354606ba2a481acca3990eb9bfa75a65f3057adc5ea48adf08d9
IP/2015/page_46.pdf-3,IP/2015,1,True,True,PRIMARY_ELIGIBLE,True,KNOWN,INHERITED_FROZEN,PARSED,PARSED,PARSED,f3da31e15a347f96220c092293ee15ccc793c9c4442a7805de37745e7ecbb3d9,7c83cef0f06b66baf070d15386eefdae67cf7a2e79939c8b24d5fcd6dbcec6ba,90d744bda5995647976ed47cb9e31621a92b5b6feb9665d83a514e1345f68d7c,7ef4e00a12164ccbdd998ed3137f4f5a55d5373343dd0aa2788af3878233d8d7,0a5602e7984b2b11019816bd563ab1773afb7aaf56b462a6a1f169fec5e04462,97121254ff38a365c798b49d4238757d5e1365961b6f28c1bd2dafe715e5cc1c
BKR/2017/page_49.pdf-2,BKR/2017,4,True,True,PRIMARY_ELIGIBLE,True,KNOWN,INHERITED_FROZEN,PARSED,PARSED,PARSED,28f32abd7ffe80ffac05d91e6a643f1fecae1580855abaaf8b4c81726125fbdc,365346695d9ac90f43eb9c3fcc9d0b395771f45800089de9e3fc0b6500227d68,f0222aadd9a808f9ced62edce07370cf8c6b35f6bc3079511a0b048a84c6517b,eb4b315ea4c02e314f7a7ac42d4a8d6eb937419e804852f5ab5dc889a59a7848,af8a8f5c908f3b9a7bacba3ee928d1791fb2e67137f0c94a70bf91016e42ef9f,0a6c006064b89b3a1f34dff12b5dbdeee6fe479974503ecedae35eca5691a6b6
UNP/2009/page_89.pdf-3,UNP/2009,2,True,True,PRIMARY_ELIGIBLE,True,KNOWN,INHERITED_FROZEN,PARSED,PARSED,PARSED,2748bd4586c0cd57402cf667483b1b63041e090ff968a3318f1e80923cb81a5a,ed59dcad08712d22d84bc699bc5f89552d624e11182cae44b8d20d9dd8a658ab,a1a734467f175f67b55b849877c94a758211769977c6ec8083dde265d344363e,a0d03dacf58f5eb65f954a85bf2cad0e1b7425f03468ca840b31abc0e1b8c914,0b63f0ad4b0f60fcb6b1ecf7c2a27a9b429968e1ada07d447ef77e7b1d86c06d,2d38ef214fd9191cb10679257a3fb3b04f221202a0f6ade899e28050ecb3f6a2
UNP/2014/page_14.pdf-3,UNP/2014,2,True,True,PRIMARY_ELIGIBLE,True,KNOWN,INHERITED_FROZEN,PARSED,PARSED,PARSED,fffbc0ee14ec2b386151866d4b248fab9c3a3d7083571d9a7372369270f04fec,9c8c5f38392f04af8d05d728c8435bb702a9fe1617046a75c10c8e8237b82cc5,1d4a20d9a8f3a4760bc89f59015f4548a093e4f933636943ef850649cc35b62f,43c6964b5b3e2184ad62bbedbe30ce54aa525086e6fd9268414162973c2e8337,134dfe6b2493d2c6a2a655d255f7310670badbe0fade342347ed83a91a3d04d0,a4a4dea8bd8e4c351661a7e7fd0bfbc5beb6cb5537bf7d4395cd54e145012bcd
IP/2014/page_101.pdf-3,IP/2014,4,True,True,PRIMARY_ELIGIBLE,True,KNOWN,INHERITED_FROZEN,PARSED,PARSED,PARSED,64ecd654bed1d4a5ee9b225f9d8cc6c4d24c64844b42a5a85e2f0319bc39740a,6e12621d283929badf5e30ea6b75ba46f30bb1acc51191d961812c463399256e,c7ef556b99240760450cf111e3a9e16850545a9b85b7888da0996d8e6a3bda3c,0c2151c33bcbd6f33a4a5ecb9217220a974801fc56f5d2e88b50afb8cb2cb093,e394d13e31525c38bd98da5e621b22739122f17491fa03c38c717db7e6b415f9,023e4daea31280014ee7ffec26dcb41fb16f7723af0cc5092fff6a3e42a7007b
UNP/2009/page_38.pdf-3,UNP/2009,2,True,True,PRIMARY_ELIGIBLE,True,KNOWN,INHERITED_FROZEN,PARSED,PARSED,PARSED,c452562356673ed34ba689f06d9f6f91166b5c2643aa4e556095b288138f282f,a22e663f4b7774df364df07086cf912456c84763269e1ce7eeeaac2806d9a85f,8b59424465d4c2faa8abdf2d220e5944fc1e7bc1d61d0a8a8e55ac2346ea2a01,194a420a556a8f2b00eb2ccdafa57fb665d720ac82449424ccddf757f2aefc50,31b2d5214ba13b9e93d744663713e61ef44a8c544d24859b11e9ead6977c0d8f,0183814eba009c06914dcee298fbd5d5c10f7c01f68e8422084b0c7be1033c12
AAP/2011/page_16.pdf-3,AAP/2011,1,True,True,PRIMARY_ELIGIBLE,True,KNOWN,INHERITED_FROZEN,PARSED,PARSED,PARSED,adc6dcfd0ebd1dc988ce0dba08dff415d4a04c074feb562ea01135818dae58ba,2ab19f50de4efeab25ca088b9a797d59d5d19a30036b5bb4e0a937b691035b38,96a2b92e470c617a11b283f1a08b4525434acb6ccd1068bee087732ab40d0859,07fc83fc3a61234130a2be615137197680d15f0d275a298de8e7a7a0dee303af,3cc47bfef0bb1cbe70d444fc52e8a35c576aa299fff30a919dfcfe071a47e233,70eccb70b494fa424fc87d3cab6915842729a8df8bedd7387ef46522c6fecd5e
IP/2012/page_57.pdf-4,IP/2012,3,True,True,PRIMARY_ELIGIBLE,True,KNOWN,INHERITED_FROZEN,PARSED,PARSED,PARSED,56978cc27d7fbeb14a3ea7348b728336af0ab7fd90c6a53acd74e63c491f7ff6,c1814fa2f4e1d71547d8c3a4877699413045b92aa71fef21dc226ea5addfc7c1,7be782b9247965242c8c0d26bae6fcc8433b3b4e346153fa840ee869dd8416d5,e1e532e6fe5343ca6716dbe3a9d92c7615e14d4ca37b22d3b946a06a67b9d986,a3f12035f41b056a6710c8a4be1d10cb3c7dd2e5b81d980a13d4cc969aed7de8,00c90f88ae6bcde73c07e14c7ff5101fd7d72235f5253f64521cf689c60d3b61
UNP/2012/page_55.pdf-3,UNP/2012,4,True,True,PRIMARY_ELIGIBLE,True,KNOWN,INHERITED_FROZEN,PARSED,PARSED,PARSED,00969e4dbe499e4b23567164b76b032073c757ed22598798d4ded1166847beaf,a3831e580fae39f088a8571b48598494b433aa9025f0695c6ac74060f1bb4a78,074602654beb9ac6e8eb14ba6bbec440ba33a48eb882f6b3b9bfbf3572a0c57f,85750ac631df7e34944a40ec8fb1772eb0f07b32d04af4e9c5d4533c73518a99,76c913e6a426f0c852ad29724639b3fe24150a1ddd4e7eb6614622f05f320f23,009357bbf0ed80efc7a50d2fc2c629898e62a227c0e70b75a4f5556187b9142c
VLO/2013/page_24.pdf-2,VLO/2013,4,True,True,PRIMARY_ELIGIBLE,True,KNOWN,INHERITED_FROZEN,PARSED,PARSED,PARSED,78891aef5688622611c66ca4a711e141a554d16f5ca863b6297da73720a92caf,57baa9797a827ee81a4092c0b686e144d720f0dffe44c48d7dede6fafda8e46e,97bfdb6a17810c4dc59a723a1090cedbca159f0dff2d891a9d1b3da1733e482e,22bec93c89d2b43d35dc5b561e38c14409155f079d06ae6e5ff9eba44f2012d2,6ddde16cc7a54935201dbd9e5fece3bd265d15364cabdf475c0535264799e1dd,dbc944863ef139a8f584cbd849597cfeb5d1b03c3d1a46a57b56b2cec1589652
TFX/2014/page_44.pdf-3,TFX/2014,4,True,False,FEATURE_OR_PARSE_INELIGIBLE,False,UNKNOWN,INHERITED_FROZEN,NON_NUMERIC_ANSWER_HASHED,NON_NUMERIC_ANSWER_HASHED,NON_NUMERIC_ANSWER_HASHED,90237e87e3f53c77a13ce7c6eaf05d32699a40c63ff0b225c6f88e9ebb04ba05,c8bb32e16d12969021581be75cf64a8ded60566202f3b5159daa32fb74140edd,7eb6304544e97e76ee5128ff5e0d650f9d5a4cd433ba61a33d228d32ba6fa03a,cb3aa85c8a37b46cca682f825a9a5b0e80dbaafe9bd2bb72c9bddfe96d461291,052275d97b176681a5ddf0431ce3fb99ab79de6427ffb19fc36c5c88a1659168,f5b04ed923f72f58eee1cb66a3c9a3a4126398ff4bbd8cf6d316ae8aa863348a
BLK/2012/page_31.pdf-4,BLK/2012,2,True,True,PRIMARY_ELIGIBLE,True,KNOWN,INHERITED_FROZEN,PARSED,PARSED,PARSED,bd14622929cb77ac2a1c155c181bc8b472837dd09b6fe4670c01ce1abc4ddfcb,1854a41588d5e1b9cce6766ceac0e50f2d679b9ab48f41f34889a86e4f4b8a6a,4a5339d1becf7398a1eefd3d78624d26946e8b77e3dcd9f5bf30f831c1749394,aaf9efdf0885b9e9f392faceec452e158c416c06ce36af80d976d0e33f24f6d8,c9c5149b1b033a5bd149396487a3819a24e66d38dec81bc18fe27ce1c8f2ab9c,5ec04bf04c5aa2b3022c8a3a7d16d2f79cc1de25a65836764c59a2f737e39e39
IP/2014/page_66.pdf-3,IP/2014,4,True,False,LABEL_UNKNOWN,True,UNKNOWN,INHERITED_FROZEN,PARSED,PARSED,PARSED,0e0933a71e35e2694f81717a9f97887e81c3e242963e3bb90f111ea6eedf89ba,c7bc2b47a6c72a1c36250b2becfc7a4ab38f2302dbc98cb34e22b85d291fcea8,12860c5b2abeaff2def137b13994a12f0f985132f7e16805e6d88da2781eb23f,f7b6c076386daf9b33549f03783cc28624d12bd93afb91f98786c1cce1ba7d09,5aff988e6bdd103db41c5edda46f4689ebf21943cf52dff991c6e60b3fe89e20,3060f4c8cdc410d9bd8865799f8d6efd9dc1c12cbeb1a00814bbecbfa9860aa3
ABMD/2015/page_93.pdf-3,ABMD/2015,3,True,True,PRIMARY_ELIGIBLE,True,KNOWN,INHERITED_FROZEN,PARSED,PARSED,PARSED,626905e1dcbd992308fbd566c0d891322e1aff701770fca7e412e783ed2b0b19,468bffb0fdf178b9d5750f85608e87702452eb9ea97da739b3d7869f1e5eade5,f71f192904c1e1f2bf3be7cabf82e5d00a3a58810daaf763d78e91052d7be88e,9598e95961cabbeb3a2b70c83b743be0613fde3d99e548ef80a7ad28848690df,e204bbef1eba3ceccf9c36f21c3955d8d6298685d2d25e627322a60bc829b686,00e0d7c2d1b37570994b868f05f7bf59bb6e00cb6742418d753d26bc2e31f189
IP/2013/page_105.pdf-1,IP/2013,3,True,True,PRIMARY_ELIGIBLE,True,KNOWN,INHERITED_FROZEN,PARSED,PARSED,PARSED,1923f6710c37aca7e66756e71818fc41959fbf7196ea8c3d390ec1a416b6d064,36a0dc32ebbaa9055dd710bc5a9c3f1266e4189f96b93db1d4ade7f558511110,6cf3de9399219435dc8db4d0a7642fcc5f3eb1d672559de70afc09ff95cd0ef8,4e064efbd1409269ccbc9b021106781d4b24ef52e7e50574444b0d860faf9b88,e044a79c0081340a8cb7fc431fec56bd1e5b76f65def8da0d7692b944a4d98c5,d16938e096e353168a49fd92b9fbaf786165c493ef72796e8ade826a2e3663b0
BLK/2012/page_82.pdf-3,BLK/2012,2,True,True,PRIMARY_ELIGIBLE,True,KNOWN,INHERITED_FROZEN,PARSED,PARSED,PARSED,7a19bc396ba096dd60ff79cbdcab16999207e98930a18e6af1e53445bdba7bb4,3853a473c31a5f5618426fc00299715af2cbe0b4e7e850ef99e29e9f636d0451,3745d491a144b48c1f9719cd2508d489b7ca4896a9ebbbdf970d406367486317,5bca5385a83de060fd959de8c7e5fef0698c0165ab37a8ac1eef4b0fa45ebf3d,7915b6fd4fab92157282617f921d1b8a645d7bfcecaffd96c8f15d41cfb57b08,dd3e0079dd433b57936f50f103bf7a03feb3b6e39093d4816ec309d2672a71fe
UNP/2012/page_23.pdf-3,UNP/2012,4,True,True,PRIMARY_ELIGIBLE,True,KNOWN,INHERITED_FROZEN,PARSED,PARSED,PARSED,0af11878a9e580b42b9a8b6ba6b46d79edd893a8e9c2727ee6664d10cf1f7012,f1928f96f2e2453429607327abd9330ec4f50fa19cae1018e79050a3920d4e7a,23c42e525130bc58dc602faa2a9c77ce587da3e7df4f0f81628f9b605210f0cf,abeec41f127d1e0bbed484f166bbb293f78c51949c11a9010ebf71d9739b1357,c8de796b7d48cf42c5efbdee1c124e05afc2178e2106c765663d7971af3e8ee1,2f158a94a5d489c0a660bc490af443e9fdd84b3c3ce3701392ece190a8c70127
UNP/2009/page_25.pdf-3,UNP/2009,2,True,True,PRIMARY_ELIGIBLE,True,KNOWN,INHERITED_FROZEN,PARSED,PARSED,PARSED,d69de150d3635f0d9306cf17f66248c7bd7976273e61215359d9a88d1f95319a,b5ee2254d9aa6dea70868dcff964930d5858f5eac6863c200a69235c0b2a60be,1c0c980a7787a351b5ae66b0735b8435ef1cf22d1607b6e5abdad1b31b5c5ff4,9fa9902f6076ac9501f4c2e58f2b60c05c6cce06cee651c8f32820460159452b,6287afff6a2efb9baad27296eb05f4e999144311f988dd016c68d61c913673dd,7a1f18d40bf7b5a279e4e3d3bf45a0ebfef9c0361bd36c914a51c6b579b804d4
UNP/2017/page_74.pdf-3,UNP/2017,1,True,True,PRIMARY_ELIGIBLE,True,KNOWN,INHERITED_FROZEN,PARSED,PARSED,PARSED,988c14adeddf0733ff990e86c02783f6ca7c3ebbd72e3728854a92ea8dcc5605,811750b5db80f9960731304126e0bfea1df277b9896158ee9830c29573178819,79fd2a9c5d622e8684d61a9996196b3ce6b705b9a530bcbcb02c4e08b1a493f5,ac9575eecabac4be6ded03e08b6fbf56e838828ef6a9714ff7b481175a03a8df,b801ff866d8dff0e68e40022bbf768f575725134970485420acb53cd2d4a2d82,57889d8a04061f624674b997e7d875df8a953a5751022e5b2b9219fb7970ec79
ABMD/2011/page_33.pdf-3,ABMD/2011,4,True,True,PRIMARY_ELIGIBLE,True,KNOWN,INHERITED_FROZEN,PARSED,PARSED,PARSED,6cdfda5a80f7552ce206ded5e344abb8dc1a1bf7aec56181acfa01e641b93229,064da6c697fb5ae2e1e63ec6c794d0c10b09fcd16b6ad81b909087baaadc32a6,168d5dda7da4b69c23bd47e2c01fd9b3889114cc24d1f7b05110d50ce94dd7e7,465d24e247849577279c22f671d5115cfbff0754a1750881a44d1960cc826a82,dc098c236c8d6bfe58cd2eb97d09ddbfcfa331008050014eeffbfd02691bc087,442655b90cbabb8601cc60437b2bbb577dfd0552b225b49ef9cfd0dcc16b7004
UNP/2007/page_79.pdf-2,UNP/2007,1,True,True,PRIMARY_ELIGIBLE,True,KNOWN,INHERITED_FROZEN,PARSED,PARSED,PARSED,f43392af2e46f929115143343f5828b11ce7acc2ccd1edec7249bc921bc98489,8591ee081f75ad327f6d6c2bd9f611028f6d2fdf06385fa24d0d8aa22ad596ef,d2c18ac71d15f50a6c6a9c1098d0632c9b65e8c21466bfa61eea83a6be28fbc1,718fe1109bacea93f1133d891d9d60d1b3beb4482accf3e2969948b9b45d36bb,454e3f23777b6f1426cbc4b6177f55529246bc387856218151f4418fd16f5950,263d1822fda2f99eeafc4105417c6fc31afffe0d34405e0b1447e9321bbd870f
BDX/2017/page_28.pdf-1,BDX/2017,0,True,False,LABEL_UNKNOWN,True,UNKNOWN,INHERITED_FROZEN,PARSED,PARSED,PARSED,0565d9d1361feaf97e8b918123c1f98b66ddf7eff41b33d7f9069d5afa30916d,df32eda16ad6c7d020636719630a246aabb09ae11cdabe06129a5fea61d9b1fc,b20c338c7f3c73e9291ab1c67a437613b3b34bfd1f6910a737ef1b6cd69ab8f6,ad252afb9ca57aaafc6ab36855701ce9f4681fb6c63fb81151b66f2fce7470ab,936f37afac309034f02a19be950d1030950941b2516aac31f25771f0ba193e04,9ca69d9ec561f695477d9e3158b0c3550602043bab265e517054679079cba512
PPG/2018/page_54.pdf-3,PPG/2018,0,True,True,PRIMARY_ELIGIBLE,True,KNOWN,INHERITED_FROZEN,PARSED,PARSED,PARSED,d8c87736fcc23fe3ac70c361493b2e240cb547f6803dbc3dba1cabaadb0d6d98,57c4635a233418ce3d2fdfd4b4aa7f88cb0914fe81b39f19cec322f11919ad80,e38a719756da852303c6f58414926647cb7f169f94318a85e77de46ee9f20561,a4372c2deeef7794bd206c3301ba0c6f3506407d81b18a2cb76c984092e66d13,cf1c3ab33feddfc50319df2728a007a629d33a0e2b174ecf31b14ae0e5c9943d,00fee53841a9661f3fc39097fa3397a81f05104a8abcbda78beeee90256a9b4c
UNP/2013/page_24.pdf-2,UNP/2013,3,True,True,PRIMARY_ELIGIBLE,True,KNOWN,INHERITED_FROZEN,PARSED,PARSED,PARSED,338e9b23674a8a3d3c4bfca2ab51c9b5432bbc6e4ac61e0868d4dc69d41fa4ea,10cf6a9ef86872d7e258ebefd8535dd724b756a15704101e5a85c4b338cc6def,8cf5026b68e645c78065923c6429339d64e3c649d707218499c73ad095bc2b09,9579b1f73063d91b4899f2a676493d2d2abf3c4eaa7af9d96b2da33f6fc9432f,1a133324362494ccb1e815c503fc43270ff60527edcf4673e8916cab1793ec29,83881ded4bfd09aa55a3ee7d4416295389a3c4040967aa021f86cb74faec192e
UNP/2015/page_31.pdf-1,UNP/2015,0,True,True,PRIMARY_ELIGIBLE,True,KNOWN,INHERITED_FROZEN,PARSED,PARSED,PARSED,955ab793db46229f6e9802d22c3863bf3e3d992c182f9b868e36161e7388c0c4,100e5e95255fa544a887150026d851b040b629d23efd8ab830a3fdfba2555b67,87ab31d34d71102c968fba173b607e7651893ddd5db5fa1b99afb961ef14484e,4b1d1ca8a50b52be2c988de7ecdbd9e726836783ae57da9742e02db62cbe587b,ea474c0a1b6c7eda30face6390943ec1d63ffe4da1ed797a4bb5ef576d03f954,5caa94a8290b32bb64eb092126dc430983e593c024d93edff2a5210b497ece83
BLK/2014/page_33.pdf-3,BLK/2014,4,True,True,PRIMARY_ELIGIBLE,True,KNOWN,INHERITED_FROZEN,PARSED,PARSED,PARSED,4aa12adf10750112a5a63328c4a7f49e537bcd8d3ed4ac32bb7a200f6a39363b,08ca2dbebdff8e041711633caf05c48b9010db5cc26137101b7e13e06438cedd,a400e35f580efb1ae5218b79fa0b0bf3104e1c9d6122d879c5539ee53f959c9e,b5619d89b962afc6db2e5439d41e1036c3ce62a8f66a330c3313f2875f992cca,1a8d272973b0f61f1f33f5db0bed832feedd260a792bb0044392437d7fb3fba6,f95c63be4efb2057cf5f37f718018117268064cd373e33ba1c2b7473283131ae
UNP/2010/page_33.pdf-1,UNP/2010,,True,False,DIRECTION_PENDING,False,KNOWN,REQUIRES_HUMAN_REDERIVATION,PARSED,PARSED,PARSED,1310f95c36702e4fcef9333bca07e187a749e2fc65cce4e6c422b143aba35739,0f9276370aac64a8f80b7ee256d217815f0553dd3ccc51624074bfb272c49332,46ad7a07e314cdff245cedd5453001cc6f18d14e06662e4bd0aff5bb7a8b59da,03399a83aac30713262c08053111b85a3cc398c1a43af25e8552910fd832d872,61f6b972f2cd74ce0c42d0f213bdfa12aacd04023395a90aa96cbf19adb5d7c5,8b4232564fa983fac2783f3f933215fdfc317b4e92bad00c5802c16c87ca5f94
IP/2012/page_84.pdf-1,IP/2012,3,True,True,PRIMARY_ELIGIBLE,True,KNOWN,INHERITED_FROZEN,PARSED,PARSED,PARSED,8d97f914b13c7af54c87ac6199fc2899b2d821fdeec435897c23fc00874e5cd1,77661b26361edd210c171262eeeb76a24c2ff477f47e4d2d5e2773b5e03e7878,454bcc04537c7e347a93334676d21541d617a753a01df19319694b119c7bf55b,854140c8711e11435f8f6ab56b413b7b3449a8dffd7622c6814c312d1dc2c2f1,ca308402143df0d6258fdff01b83baeed4fd89624a6a0ed08114c35f3927cf85,bdebe71387a294a9c12220748dc20a1f597cf44c3f0a54cd03a4f4b5e8c59398
TFX/2014/page_44.pdf-4,TFX/2014,4,True,True,PRIMARY_ELIGIBLE,True,KNOWN,INHERITED_FROZEN,PARSED,PARSED,PARSED,84709c40298834a6aeaa82448a4f6418fce00e4c44bf506f1d560aa8d0595687,c9233d5b8c320008adadf2822832470788829e77e016edb8d0fc7319f83a1dd7,7bfef62bda3195ce44d244a1b3ff6231a963013825fed06b0ba588d6a6109965,8621f3174b995d1099ff25b60e41ce4aaae76e6b993fc7c8cb8fecc4e19faa85,2d8d56829113b2afeb73ca4726d69de48d36cc52530f93e754518a4f0f75153e,f35f2961cd7c1b578d1c665ce32c645ce799fb87dc7d7f534c9ee83870d708cf
PPG/2015/page_40.pdf-3,PPG/2015,4,True,True,PRIMARY_ELIGIBLE,True,KNOWN,INHERITED_FROZEN,PARSED,PARSED,PARSED,7e9ce28a20a916224ae476c7461ad136920ee390d301f411a7e02cc41635be10,adc25bbcf8e4dffa624e0c3f43ee5234bcd115522f983412f1e8025ff9896958,47d6603ae841537e86545f221ec7dd185e6545a91d8962fbbeb0b7ac7ea984c2,c04d28ae64b8c26ec5d2b55d73adf5f38d450c18800e42d6fdace0a60b9882d7,50a097be73428d4ee5fe30f59eb2e326bbaacf55dd6bb9a569ca7131d95c4bd8,6e8a4457be144375650fc27aafd789613b5926c3aa6ae2643d79c284086feaff
BDX/2016/page_62.pdf-2,BDX/2016,0,True,True,PRIMARY_ELIGIBLE,True,KNOWN,INHERITED_FROZEN,PARSED,PARSED,PARSED,323ed0441f7d431dc44edf5d143c705703193efb49a84c56517808b3c91adba4,b65cf4e78d71988c7361096f933eca1c214d5854f5ad1041a813f9b64b57fbe4,cf66997a40ea2580575a0cabcd9c533edfde4e7819d2d8b6e45f48274ebf9955,cca56f4d50fc9c8afdf76ca83f96679af0d3df18c416d8408c0a23c383b15f6f,9979c356fec6a65655fe80ada50866c85e61ed3f3aa3a57dd1773d0b016e06c9,cad80ef999f75129b361c3628261769d20e7762be7a37997f2542b662d487ddc
UNP/2010/page_75.pdf-2,UNP/2010,3,True,True,PRIMARY_ELIGIBLE,True,KNOWN,INHERITED_FROZEN,PARSED,PARSED,PARSED,b2f7046bea78b8e6f5ea06898edb8ea910d1fbd29204adbf402045b91a70b5a7,4b908e59bad61487c88ad4ec94fbf5f2b835c15830abde46d14ef00333ee538b,782d1a880e77470355917da2e68a40c8e8d69d1e56388fde98b668a8443579db,ac921bead01e12b2d20a48ba8c0e207b2ee38d73f3fcec17a0acb51d5367d79a,ef76d897f25e99a634ab03318c34e4bfb621d91251c156f65c237de657821a64,4a577261ee83d8b5e8f1a50dfee7bbc5bf4d1cf4a445dead161e66818b06c121
UNP/2013/page_35.pdf-3,UNP/2013,3,True,True,PRIMARY_ELIGIBLE,True,KNOWN,INHERITED_FROZEN,PARSED,PARSED,PARSED,aa60c3835affc2bba97b7c2516fafb45803af1e7c1c3f0bb4aba2b4125bc84f6,909071e9b1b48a011f5217ccb0894a5b0f831c8f7786c0f81d99a40317c8f937,b72d4551b4755bfdf695fa48878c82a202fa91a44de9921416fbbc5a3cee4918,49532372451635ab255785c1c406044daa55def2c0ecd89a6688140d498ee080,2eb1eb1d5e60379df11ec0165006db6f8a2a8ff5ca20d7cd8c84ec4cbbd64142,607e5b472fbbc73cdca4723189adfafaee66be1cf2e49f9ad4c9ccb030266c60
UNP/2014/page_56.pdf-3,UNP/2014,2,True,True,PRIMARY_ELIGIBLE,True,KNOWN,INHERITED_FROZEN,PARSED,PARSED,PARSED,e6aa44a16620f8a2b8c410f515b5cdccf9980e7f7d72c68bec25d3b0d7155e50,109cb65f6d0f1d913ff50cac243732944e374ab3554bcd1d2115c6e94e01c145,504044fcbeb0e98126d360b442b8a746901a15e972dcd3722ffe1dcd6b0e113a,6c48406f80a9ebd2781b77ccb1c653792fb876703b64d597bfb4cc41c3f9705e,3b01fc88a6bd35459791147085aa05040dac797bc878be903122b84e409773fc,3184a512325c003d93b7109dfc81420a1eb3779d1d6493a366f54afd9e8edecb
VLO/2012/page_27.pdf-3,VLO/2012,3,True,False,FEATURE_OR_PARSE_INELIGIBLE,False,UNKNOWN,INHERITED_FROZEN,NON_NUMERIC_ANSWER_HASHED,NON_NUMERIC_ANSWER_HASHED,NON_NUMERIC_ANSWER_HASHED,6d13a983d77fa05a845445ccbef59c3583e1fca7f148164a1ce3a16daf5b5865,a60d75e0af88b4d34ca5bdad963e165e912718afecf9088720927de00677293f,7ae9858c50b45cf992288048ebcac6226092d18637b7021c4e7ee94f2d9722d9,bb8dda9828c1cb53fb26d6e2c6f5b92dc09a61ea01189f432243e8b98d93a8dd,e8071dc5e99af41b56f37599c1c04559008c4e53ebe13a24f7bf368bf4810442,59fc2cac1372e7197c9842842c857af3e5c7ced19be5f6e99ec6b531607d92d5
UNP/2010/page_25.pdf-2,UNP/2010,3,True,True,PRIMARY_ELIGIBLE,True,KNOWN,INHERITED_FROZEN,PARSED,PARSED,PARSED,ad087157426cec88256f79d3c871f0e71da2fce521b97947d87679b6f6d6e02f,6de5fb2032e2194a2bbb426f190078a4e06ec50f24e1a2ce2db16c8189cc81c3,70802070f2449c6b32d5aada3a48471dcb0e793b2b98b6e856d7d17b29a8ac64,c1d321dec1ac1ca322b51c4e6b32383eec9e16149d4c8352005e2b890b12c8a9,3384313a7860eef06cd5f37f9f3ba4dec922a7bb2973fafe7ea46c3e965c42f5,e68235b82d23a61badbadc42ccbc8ec86128f69b0dbc81f7bcf0ad15572f58b7
ANSS/2016/page_85.pdf-3,ANSS/2016,2,True,True,PRIMARY_ELIGIBLE,True,KNOWN,INHERITED_FROZEN,PARSED,PARSED,PARSED,1d99ff67155b705c0c8d31f5228989b3bd1b6a415bf728453fd236f708f146ff,f34942531d810c5b3cde70697727b822ee2a7699bdb042e2c8d1e7a55f961744,92d4c3fc4dbe3b5ea090c197ac85d91f981a73a7178a10322ec1045b8ecf25ac,e27a23ac9dbd2d183783357b3106d47de17b676ae5488d6593876379b27186f5,99a05948332a666d770e3e84417ae01cacae19d6fd288c41ec32f8c4b7120ae6,868d32f632de4a79978d02c1a58a722c3aa589127be42281c895afdbbe7a8592
UNP/2008/page_83.pdf-3,UNP/2008,0,True,True,PRIMARY_ELIGIBLE,True,KNOWN,INHERITED_FROZEN,PARSED,PARSED,PARSED,ce2531dc6a0c40efd9a30120da23e90c2a7e3a2bdd33d62310b95a4fbf741168,9e49ff859df94c32292dc6c21faa1e99a0e8e80c5c5b35b36fcee11136674f26,d8fe3e96e2c52b382f8e4fdbc8876d8413a1859eb84a869eeb12b58d856a11e0,1899b11979036d683505e5926ae711496094b023927e4311523ae4b6e3a82681,5f5b634785ca0406671f3ce69c7e3d8440c91d6541cca38765fad8909bff1af5,51de2e29cbd64482818ac911a87ca22217c50b3a8598599d8e7699d38b94f3d3
BLK/2016/page_75.pdf-3,BLK/2016,1,True,True,PRIMARY_ELIGIBLE,True,KNOWN,INHERITED_FROZEN,PARSED,PARSED,PARSED,679f1fb9ed0414b3d0b987f2137b43fe6c501f5a6722371766d9855abfce8df0,68ce96162709d705787a6e74756ec904cf0d985da53dca67127d5a7eab10c722,d8f8cb31d01e1176cc10f7e8f4612928c06e17d14971379baa22278249830177,048973b822c8ca591ab495f31c7cbf12fac3ffff54b0aa8af0ff5f864a316e5d,331f8a3660181c08bb9db47f2a424052e9f36c953830e0cb461a54ae7a491547,47a10cf5b6ff2f72e4c2bf69358ad945465813c496187d91b0c75c7a030004fd
ABMD/2011/page_33.pdf-4,ABMD/2011,4,True,True,PRIMARY_ELIGIBLE,True,KNOWN,INHERITED_FROZEN,PARSED,PARSED,PARSED,53ff5be94d89cc9d7756921222be0c74c7e189e2d86cd2b4b4592af1b7177267,128b3bf3878271617892e61ae6064054134fc25c6e490d51313d978a5a58a62a,dfcab932a5f68cf2fd5c4a5048e506667721db21c31b9aa4430a9e2bc3443e72,d6db5496d35e47c4487dfc5013d8145db24a38717393d24e9987ce810e924eda,1a0fe5fd0d04717324cb644c7acdc44ed0c61f6d3d5d8be9719f9c0af901a14b,08c36706305ce1704ceeb04c083995ce1cdef57edbcbdc8e1111abc97e95ef1c
UNP/2008/page_83.pdf-4,UNP/2008,0,True,True,PRIMARY_ELIGIBLE,True,KNOWN,INHERITED_FROZEN,PARSED,PARSED,PARSED,30eb71e2734055a0eaa6b934b73671f71bbfa548661c2608475d7b76baca25da,cec31c3c97f2e3956563e5563e38694d2fac210e9cc840d8ff0775d124593f80,e881dbbdf4f8c0e288920d31d7e6ec1da76d7bc3efef572632f1e0b7f2b84252,e58fb144b8240b747c11fc0711c9ef92ad3ea18d21e0bcf6ed5b4e85fcb56295,59e4092f7720780ec2bb113e384a502c414699e87f14aaee8d6a78d6c082a7e9,830549134d10991c5a8e997bdea2d5c08e1ce6c6c1ef923711aa09374c312044
IP/2013/page_62.pdf-4,IP/2013,3,True,True,PRIMARY_ELIGIBLE,True,KNOWN,INHERITED_FROZEN,PARSED,PARSED,PARSED,49988b667d9cb68ec9c400ab740ab10a9a31fa9f95bd1d52b2a6ad6697af27b9,97a1236c46176a23b346bd5064db09a300f2efb4a93d6aa19277e351337fd754,dc4ead190a383485d192d7c29921f13a17b69c3c74724eb4bdb70505074de19d,27537344c4e99047e8498178cf2c90dfb137d9ef82f13f7db58ee1b06fb5b543,0204515306b70e5cb5a58277f139e2dac786a7154a365f216f72eea4216a2adb,50ed8408853a179b863e566dd79ed4485da0a8668468f0ed518186eebb049cb6
UNP/2011/page_25.pdf-4,UNP/2011,2,True,True,PRIMARY_ELIGIBLE,True,KNOWN,INHERITED_FROZEN,PARSED,PARSED,PARSED,838d0f86953b56e0a04600dd18903e3c9e20eb5c0080dd178a7a20c706796dad,abbd88b9b162c110298b065c5e107e6126550c510f4b011a63f9e6e98997a9a4,d8e52151359f33040433064c368b7c72b64ffcc441e8d48ef20adf7cb4fa7246,bf02341bc4cf3656435924be51b6f778402312fcc8a98fe207a280bc2c844df9,15bb5889aeb5524d47edc99a008d5d2639a101956116306bd1d66f8046c1cf07,e9ba407947472bbaf39ec608f02e121c883d8023c6e5d2f79a8d4b839cc3b593
UNP/2008/page_26.pdf-3,UNP/2008,0,True,True,PRIMARY_ELIGIBLE,True,KNOWN,INHERITED_FROZEN,PARSED,PARSED,PARSED,1f31368cf0d3e8de4e7d2013bd149533aa3d1ece38ae7913290cdb17890c2512,fe2d3d1e5c5e39b446d79753043ecc02b103bfd038807496fe9ed24b54ccccc7,96b9ab2557d3a6da3fb4db5d8a5907e8163c793c102b982e2cb930dc16e91b1f,75bfed2b017861566988a7ea9dcd9beddd2646726b9211535e265bc580cc8aab,2f88e7016bc6ded259ac8e56ba3ad96856b463bd4f611a742c87087913bad540,39ab8a13662f4f207457095f1457dc94df9851ba0a24213b9c049463ad719c89
PPG/2015/page_40.pdf-4,PPG/2015,4,True,True,PRIMARY_ELIGIBLE,True,KNOWN,INHERITED_FROZEN,PARSED,PARSED,PARSED,4071a1a95f6744d248089d08d2f9f73f36708a8722873efcae5f587e1ea89f39,58b6186289686ccde858e9bbdcee3681302592be12d820f3da87aef906a14309,6ad9f0918d9ebb7051b85aded3082fd766a6229cb364b70cf9ff5467536a4738,dea74140d62a154acf955152a110edef43e24432ab022c3af6ae09e368b387bd,c49d5a6da22e877caabdf0f71d9e1b22ff047ad2e1a545ce6bc723eb9ed2cabf,e1055dd3aa4946363f025fb761fba4e5541d49bb06ace14f7870e72bf2bf2abf
IP/2016/page_52.pdf-3,IP/2016,3,True,True,PRIMARY_ELIGIBLE,True,KNOWN,INHERITED_FROZEN,PARSED,PARSED,PARSED,3d2b2d26b174f89cd9da0c6347d54a85f094644742cdc8b5c234640e64c6168f,4e2558e596893e7f2b46562a346be0cf2faa8deef203e587e9a5e1f591104ecb,8e754d984a816b2dc87d37779269457a2c8bdc892a4811b804220530ad7bedde,e4cb30e883e25a853e8ea250eb2578daf99049daae7f642c3289aeda29d6bb0d,4b6c6e2bc5d96ee5be8449cc87784179ce8996bf25a37da717d0053f9288d77d,42ba92095af82c9b053b7c968756a975d941b46f2904628481908080c94b7d3b
AAP/2012/page_61.pdf-3,AAP/2012,0,True,True,PRIMARY_ELIGIBLE,True,KNOWN,INHERITED_FROZEN,PARSED,PARSED,PARSED,f11f254bb3e65860cbc4d490d14ca5034fe6a7228c2b3b46f9f791355659c1cc,3ae1228e88015a2475e46a21096b2101ba3a879067dd744e43b016f238f4a5cd,0981bfcd2edeaf92ecc34d5f9d6381356c6df040cd0f3f70369fa45483babcff,c98f38c4b677a24a34168fb1eeb3922c9476c13007319f0cf255587338691af5,1a951d122f8df2a49bb73db9bf212a16e1c4d7eb42e89a37253f66622d96eac5,6dcdbd17cd39f997e28f715ea078855c13769269670d2e7f6e542069c591bfb1
MO/2017/page_79.pdf-2,MO/2017,3,True,True,PRIMARY_ELIGIBLE,True,KNOWN,INHERITED_FROZEN,PARSED,PARSED,PARSED,7933e340599763429b308fb9712968075f8d2644fb4937398ae9159bea84e82b,71693c33e2db6628cc15517caf58e49740503acd81cee40dbe7cad7b8dd79de0,50646fc23898695b6d9a147e9367bbc09bfe2e5a4f0ce93fa381cce8114ded0a,7cfa41b3947df11ce90f1975deae54c3391c212e481051b39cf37cca0c6d063f,b3105e7f02fb5ce8aedf19510f690ce4fe1e6e6d1cc8e1f33820fa7e5620a43d,4e06e637db0a15c95d376dd5849862af3e149b683e6ff9ee565fad176e3c8c52
CAT/2017/page_136.pdf-2,CAT/2017,,True,False,DIRECTION_PENDING,False,KNOWN,REQUIRES_HUMAN_REDERIVATION,PARSED,PARSED,PARSED,dfdd1ec21bd4178f9e27c74927b32410fb2c95be17369363ceefa612b6711a2c,c69ee1658546971171f0fbfe1e5f7f8ea7761cc8d6868a32572934d55b55a385,89c8bd4719696851c0d281dadd2dbe943e8de15c20c9925f898f9338fa6b74ee,66bd83819ca1602db11f3617a7b7f16fc8ef8d5b63688c68d580c70eb976e8ba,ec85a1222827dd8e716839d8c50a73dab8347dfdcd79fc667f1efd34a9549a8d,9fda8ecb11acb048e0fa1111f35d1b3d00174f5e2e739ab4d659da5582fb97c6
IP/2014/page_105.pdf-2,IP/2014,4,True,True,PRIMARY_ELIGIBLE,True,KNOWN,INHERITED_FROZEN,PARSED,PARSED,PARSED,1a9750498f067657a0f7d440e881785d54a191a0e08df57f49d03b56b712ad07,75ef1411edc61c7bd56075678cf72fcb7e4bfc506499e02ec113385bc415b92c,f974f79a7d7991e628bd6b2a5e6ac84bc7c969f34399865f5729a742e4a03683,1dbe1a2444dfd036726949e272ba879bf8d638aa3ee29882f268c3f02486fdfa,4ebe2abc854872274dbcdcfc1916b763329e8b0796d18a0c66be7e6c71269013,9013c9e8793867c983b6a8e3c1be444d3b3f50ace7fcc042e77c59d337b1695c
UNP/2014/page_24.pdf-3,UNP/2014,2,True,True,PRIMARY_ELIGIBLE,True,KNOWN,INHERITED_FROZEN,PARSED,PARSED,PARSED,4527f670c1653a7749cc19f7359db0f9c5dc4bd8a0443cd6ecc08b8f98c15806,6896909792d98338660dc68361b4c472adccb03d031ab86d5a2c126e4a9d09ab,1c43c23bce1a17e92cc686dc48780b82cd83c95fe03d23a00b55b0f6a4279a5b,96dd0a4f2e06fd08c669e8345985b628b60f34a9b9cf2beebb3236bd324f21a6,6f069af478f9608f3af9af50a5903ec0753122290c187827c5bfcb549d262462,b3e190bf5a9c91e86b22764cf2bfba3680d2576daac68a8fe847cc55b4b4a84f
LKQ/2009/page_77.pdf-3,LKQ/2009,2,True,True,PRIMARY_ELIGIBLE,True,KNOWN,INHERITED_FROZEN,PARSED,PARSED,PARSED,83f28a2170c18edfa3dda133f3e0517429fe760cb54f5ee2a170d97bf0ced448,91e21e1ada4db830c3a094c651e28a63a5c54a482ac9ce94721e27cb81d18c70,21f4610681c1e5d7fdb514f6fd71ef3174eeaf450e810062b91a3e7e3fa3abf3,8a0a9ef1b3ffea27b73db8da918891e4ccf444d3d539282865327b45f45013bd,bb69555217bf20c3d7d7abf771dc4c729b0adce9456e011958e1092d40142358,7d68372b5f0588515c58c78439c34f0bf5029de215bc177f75ed99d941b4f0a0
UNP/2012/page_39.pdf-3,UNP/2012,4,True,True,PRIMARY_ELIGIBLE,True,KNOWN,INHERITED_FROZEN,PARSED,PARSED,PARSED,ad4993a1635c1dd0471fe81d402c2fe13ee7cffc06538b31ca12204d01d3ffe0,ff94582a3d6c96103d512085875d0f847c67b9d210cd03171c3b7419565bc1b0,9a00e79a21dc66817839a7a5f4eec0ee67724980aedd108cceef0f7a9d633d8d,ab4d596f5f861cb29c786582b5676ab4a90ea2ce9a5ead5887d2161ae720bbc7,fba79ef8390e8e4c6cc9db3f496640e95cbad9f701780261abd57f92a3f421bd,dc0ad26545bb9b66d69ae1fe55795f5990181bafbdc4832e556f9bedef4f857e
UNP/2012/page_74.pdf-1,UNP/2012,4,True,True,PRIMARY_ELIGIBLE,True,KNOWN,INHERITED_FROZEN,PARSED,PARSED,PARSED,8a238dd0522fc8b0ed6698d2be8dafb4ff305e7f993fd28d41392011371c02be,6a64c1ec74465fc45fe63c2ca792fb1c6f7890c43d0f02665d9f49e83caf8f09,8834d726c03b15b6f3d2253aaa02cfe60b7dbe45ea9b2c5ff3c241409ff7a893,26acc5ef62efe77856a53be304868be591b7d36152c5c7e945b5e1df24fad899,0b80f7f88bc5a46e003ce9b883fc707a8fcfcc1760ae37558e3818de53740cd4,4cb379d11d24c4e610842287da218dc2ef5b5df7b33c87266d0b83e28ff0c33d
UNP/2011/page_78.pdf-4,UNP/2011,2,True,True,PRIMARY_ELIGIBLE,True,KNOWN,INHERITED_FROZEN,PARSED,PARSED,PARSED,e33ebc1275745c61b33dfaeea5258a2a1107b8a176705be2026641110577f66e,330efe0b126c95b1e7ce4d1eacb613982aae389853f30d16169a34e41109ae9b,f0f7ddfbe5ce0110f598c93a549a30bbfb9f2e9ca697b17c63ef191451fcd4cb,ea7eb5b88c3b29b5739f954eb46b6f277d038c9cc986f666fb6687e49bcc524d,ecc12d3e26be3c8c09cfc9e0cfc899abefe14ca661dc595dd5554f64e0c5f6ab,d08e254311cfe82f6e8d8dc3070aefad83a77eefb1286e3c95198847a8f0a956
UNP/2014/page_24.pdf-4,UNP/2014,2,True,True,PRIMARY_ELIGIBLE,True,KNOWN,INHERITED_FROZEN,PARSED,PARSED,PARSED,0bf5234a9dce7109e264c7331f04b891a05a87960b28c3116d9290679f0b8e32,dd621438b57eb7a08468ee64f97c6666e7397f5817de8a610ce90a9d32a8f7ab,cbc2fb8b885c3e519ef8a41978b94172e6f9298c1cb168652d62727307ccfc05,c9ce113a066f2cf32c9a94384a71cd76bc744313b0108467ccd1a4f9e5d26d5e,42e0bb08c8f708234446df5dd5b4801d227ebc520cb9497eff53fb75a9ac7fe7,e07063c73dddd0fb1432a7ee6e41925ae1450f4e7c099641ad5e94c7a5d732bd
TFX/2018/page_47.pdf-3,TFX/2018,3,True,False,FEATURE_OR_PARSE_INELIGIBLE,False,UNKNOWN,INHERITED_FROZEN,NON_NUMERIC_ANSWER_HASHED,NON_NUMERIC_ANSWER_HASHED,NON_NUMERIC_ANSWER_HASHED,c36f75495443637de4d24a60c9c52b9fe8a591e6749f4c513f12e97178ef2603,6363f898f30b7bf638cd5f78310673ce5d55590fe8f108c83357827f87a0a3aa,01b3c237f47a65b07bf13dc8e5ecfd7aa926d92d5ca242ca17197ded2fee2c8b,9e742a986b2d43ca8294e1c5f0412976842150a74b749c804d3b69a846bf1f63,b163bf4b50a9b9296052dd5b154394c68b7e33fd3533f195f8152002cf4dc29b,9a6d59e5263b2f44167d5a6a0e96fe30bce978a87d101cdfcf60c17854acb386
UNP/2009/page_31.pdf-2,UNP/2009,2,True,True,PRIMARY_ELIGIBLE,True,KNOWN,INHERITED_FROZEN,PARSED,PARSED,PARSED,4e2d6e0a443a119be3c5bf5ee22cde2b4243cfb2f056d4e3b7cc79f9903de969,10817d4d4764dba27448b8482b695338fd2be6a90d290810ac68e25dcf1928f8,44742677efa77d97b6990b3d31bea06ac8a2137a23570cac790e113b858eadbe,f714af6c93f3685ce7b62c31d5b9bd2e99a2b7acb0023cce83952e8169a67ccd,da761d3ba7d4ef86b2783cd7fef10214fb5443a3481d4a04b12752bcedba58ab,546d8c54495ea6be848ea76621aa7bc684bccdb55bf9667008adf58c2dbef1c8
CMCSA/2015/page_165.pdf-1,CMCSA/2015,1,True,True,PRIMARY_ELIGIBLE,True,KNOWN,INHERITED_FROZEN,PARSED,PARSED,PARSED,321288a4ef2b51feebb5882d286b5091ec5c86b5e048d244e9297404679478c5,23fa973a5d9c21e244611740c623d8a7bd6efe3bc1d6d3a65ed64ac7401dd9ae,2dd90886fcfbfdf9d181140f72ab2401d538a15d0803b3cb5d17f707874a7525,08b1a133cd385ccc8fbf1c24f8f1980af702cd77ef33ca69e237851878fdff0b,a49da0b82e62b462182da93081919cc74f0c2556038bcd7f254ffe172ab39750,67cc872a44dbe81ab59c70a62eb91beed8b6327b0f218f8912ab0f0bafc094c8
LKQ/2010/page_72.pdf-3,LKQ/2010,2,True,True,PRIMARY_ELIGIBLE,True,KNOWN,INHERITED_FROZEN,PARSED,PARSED,PARSED,ec3199aea13a85c57821c016da486122f6d0eedd34f6c9af6408c3df6f35b3e1,a80addf5ca77ba69ed90b428c76fdfb62d8d23bcaff4d9ae7de0f6135a94c5a6,04b23c9a3fb567570d94951889e61d0f8a2b6c9a122675c99260da15b6438558,7c47bf9c58c1242e8df5f82784baa18166f323e2141a9a6de24471f4994f578c,3581dba2419d1706c419763a0059d6ba34a3decfa23ab5767d3246958fbbc115,ea2d51f32dd5bd9821377312f04b6f2d5a7c73797c46cd78d5854ae0e2c93fd4
UNP/2013/page_24.pdf-3,UNP/2013,3,True,True,PRIMARY_ELIGIBLE,True,KNOWN,INHERITED_FROZEN,PARSED,PARSED,PARSED,f6ddae09634f7d1555f359f4af49972a67e8acc882f764f3bad75855166e751a,5b754181543ee65b0ee162417c5db8944455bce88a46f6f47523bd24e2d9c680,bcc00f9ae80befcd435960629c8afbf1760f1760729dcb4d54e025d14ca95a6d,881c9a08478d8fbefab1d832ff63a254e480dbf54d76d7e62e1c61641eb7af57,23edd7f3b048a3237fec5fbda5532c12c092d010ad688b8db217a3b68e9aa2ec,8a76b6afdabf98187af5ef2f1c5217f2aac11c5de566c3d9b96bdb311477feb3
UNP/2010/page_30.pdf-2,UNP/2010,3,True,True,PRIMARY_ELIGIBLE,True,KNOWN,INHERITED_FROZEN,PARSED,PARSED,PARSED,a015e16268c0e9ff72eeca37a92ade0f92a448cf806f9b6b040ec2d3694e53a7,3361431da9db89222741a612ca3c8e36419b4774b3c633fe1b984bf8ca0b7dd6,160921da2c618d4523d9fe83593e04dcbb05f2fe0a551f9d631ecfffd9a315e2,b4626a206d75448c04789407432334d66038c650ac2fcb99afe836af436ad271,d6e9c64706a9a7b55efff3840731aabdafd9dc814338d6ddf55957661515373a,b32e7645d5c36195553668b32512733aa9c9493886d1eeecb5e2962b8dec4ae4
UNP/2014/page_14.pdf-4,UNP/2014,2,True,True,PRIMARY_ELIGIBLE,True,KNOWN,INHERITED_FROZEN,PARSED,PARSED,PARSED,1aa2fcfdddafd2a4c986c69e85b6f98484338283ef89c08d627bb3867e88b955,2a7f31154d6302bb35e5c7c98424abddafbaf45a309896d3046b15512ff8ca60,6b628f7727b4e4b91dc1e4377f956a4b350f7c0b7f7e8be3743ae200c8fcab16,991998f97b9c3b6ccc35bb996dbbdb03977d7322a1c244465a445fb4b9fcdfb7,dd079afce6765ceaf97e9ed64126e3bc6eb63883860e90f3681a6a690fc4da16,eacf639e7af41541c5010708665d51d47c1a65e9a0e63038ff0d747cec17b2f0
TFX/2015/page_42.pdf-3,TFX/2015,3,True,True,PRIMARY_ELIGIBLE,True,KNOWN,INHERITED_FROZEN,PARSED,PARSED,PARSED,4ca05f78df29f727f0377e5caf2c33014e7a4f4d02166671e440f7a279145e68,c644de5166121cf2cb079d02be51954c97f2ed83fe375330622e2d7722ad0a52,b383a6686b686dfa3d7e35d835f1a288010e1443b5a466ae2cac991220c7041e,3db99c0706b58f1175b50c2f3666a0701611f93eb2c01ce7cddd8fa2e5a95580,0098938e596330f2101749b441e95fae8b9f3512ea17e7ac1f4c681e1d5fd880,2d867302c6b87342bab1ecaa298d2956a049a23d0375554d2e4e46031dffd6eb
UNP/2015/page_16.pdf-1,UNP/2015,0,True,True,PRIMARY_ELIGIBLE,True,KNOWN,INHERITED_FROZEN,PARSED,PARSED,PARSED,c74c757d17c01acc6a3020806bb45b27015cf4fca69f1ea730f963ce2d887cbc,b5dffde3f0bc774733d6af99f18def26f8de3f805d618ab3de5217f98abaeb14,84b164d29c146b94dc4f0acd4c0657e1789db27850c825ca4937b3ae7efffb3f,7f572964a159f48041b10645121b6e6af059bcd85563d6f03baa27424e1c20a5,504332e36b2250fbab0d618374a66aa838291f8377b03e477684d4b17a7022cd,291b34e5aa88277f09fc3f1b2b407b300da6966601876522212e5afd65b1860a
IP/2005/page_83.pdf-1,IP/2005,2,True,True,PRIMARY_ELIGIBLE,True,KNOWN,INHERITED_FROZEN,PARSED,PARSED,PARSED,32ff28880948d5568e34d0f635d0b6d2ad6048f71b2596a48258945990fb4e33,2814ac2f35364f9998cd6dfb040a78e120418391856a5fb36506bb906585d475,d938508a30832e59d10b279a57a6244b7f7f5c657eb9456bfd3551d08e95bcde,72f56066659e276c91505271dc620cb1b4c23db97938250b721f81e74d165f00,efa220bbbf15082b97796afa4b0e6515158bb5b2dd1f8aea1419afd7cf17e525,690abd8be6bb750152deb511671fde7410488f0675069a3beb3bf57215ad06f0
MO/2016/page_76.pdf-3,MO/2016,4,True,True,PRIMARY_ELIGIBLE,True,KNOWN,INHERITED_FROZEN,PARSED,PARSED,PARSED,c76ea89cbf2b4c8128ac764672f44c5e0f2aa31626e176bdeb724a3afdc6d04b,0c0781823e82f9a6c646838934e462af72862233c95707bb3b42aa37831da2d0,19d712fd46cf2a25d093dcb5fb262b2d774603fb6d32ecd44ba37f7394225509,dbe770e534b0cd95c2a785d1f9dd6c71b5437682b4073833a232146ea700b7f6,884416182bc9bc5e2b348db8baa6456ac9e09e4b781268abb7472462a4e8d694,5fb827891f8c9c39ba7103a3b80cd5ff4062b11129e0855775281494addbb622
UNP/2007/page_79.pdf-3,UNP/2007,1,True,True,PRIMARY_ELIGIBLE,True,KNOWN,INHERITED_FROZEN,PARSED,PARSED,PARSED,6c94e0231ce3845cd99119470bda0055f4cc833a332b3a4d6fe41d8084e42526,d2ece54118185eb0891167d1031426064550cf93b307e0c50412935d678602ac,6e548866bdaf8ca65a61cc31278fe7eec02fe5676a08fa6193ae41b38532ae01,441aecbf10ab896a02d9f592bf6a6d7f50d69c5d3c12c861aadbf52cb130d90e,293abd4fdca51bce18caa24d363720e6a5800fb9252712d1be2a8cecb1582cad,a179129b9976822cd3f8701183cc2e4e65f96a1c6b68c11c5c2d5b738faa2723
PPG/2005/page_20.pdf-4,PPG/2005,4,True,True,PRIMARY_ELIGIBLE,True,KNOWN,INHERITED_FROZEN,PARSED,PARSED,PARSED,7467924b0931af34fc84e783a4cd0112f8519b1910b26b6a69d6d62b503ebe7f,38a4ad8c3afab2a48579fc79cc6b0fa222e75ab3631206403240119071b327b9,fd0e3e973e1533a46d6bec42e2acf05ce078c0a180b8ae094b89613f69d0ea33,fcd048cc56f53a6616007ac006599334bcb7cd5baf28c34c6c5c85029ce0cde2,878126d48cdb477675637b08118d95a2984f443ee15fdccbdebc4430f34ad4db,57f2032ed04ed4351cb71a3ea89e2f934ade4163c7f744056cc8c94c22981657
IP/2005/page_32.pdf-3,IP/2005,2,True,True,PRIMARY_ELIGIBLE,True,KNOWN,INHERITED_FROZEN,PARSED,PARSED,PARSED,c0d84c2214b0733219227aee1ac6be06b0cb7099fba465ae44f8b0d993a63734,6eddad1f82fd401b0e78d5b402b13738dd1bb1102d6b7bb714da9d9fe05f3919,955eb923422f3fd8afc2cad0dc30a2c0b802e6b9791de709b4041258f5a8fe31,b5b2519af526ed1caf98b6cb74cee92ccbe411a09e1bd1a12663ea28e3fd6116,7c8911f7f72508c43ebc42beb08c665d2408cc49de7278cdd526873e33b2df74,436b1d5d52b46795505cf330c90fd831a060ece12434c23ff264c68542a0c5e9
LKQ/2018/page_102.pdf-4,LKQ/2018,4,True,True,PRIMARY_ELIGIBLE,True,KNOWN,INHERITED_FROZEN,PARSED,PARSED,PARSED,ff80cbf68b55271be9d44840ecbc12bbb1442dc3c788425bb0b254f33282acf8,3e887e6191b9a5a3606039a640dc9c7e43ee012bae9a7c6a455f08bc3cf5ac9d,1bbbd021b35a4205d5de184990b2bcf950b08880f7aa616866071d094ed65d88,d5a1dee610f9a179afd8060b0b4a7b4d73a4e62979241c53e801ccd07e4a3522,a08cc0a65245545cccffcf1e992ef311d036aba7f3651a3d92e9b58df1d17092,e7baac13319a7d03e5952c9ca50050477197b2de40831f16f06cdb8563c637ad
UNP/2009/page_31.pdf-3,UNP/2009,2,True,True,PRIMARY_ELIGIBLE,True,KNOWN,INHERITED_FROZEN,PARSED,PARSED,PARSED,ababb58cc8ba15afc32ad402414851ac3420e41bc2609291ff8f88befa899924,7bc04d099f939c09512902c365182a4488238df6ba75d956319f5bad2cc8fb0e,80f6b1e8107aa9a2f73051a2ac0251c7a2c774d818ee998d00b7b5e649987ba8,6cb09cf87f4efebafb147ee9f052a1bc35390ad81afcea0721eb257072891a7d,30e58e8679706b56bb1acc7b7070e10e6462dcf79a85457ff8e27aff61d957f4,2866c043f9657a99d1f108a43369486f3648c375bf26c290b46cb7c44618c547
BDX/2017/page_28.pdf-2,BDX/2017,0,True,True,PRIMARY_ELIGIBLE,True,KNOWN,INHERITED_FROZEN,PARSED,PARSED,PARSED,f546b08ba6e742207114fbec91b7d11226dee485babf40b819ff69975600ba95,24941b0abfa798fed651e0130f6183c80294401537dff97096245c5e1b3ca4cd,358d68f54d288cbc6f5277da19ad58b290ee9a7e5c6d3e764dc6e7f2e824c7e2,660105924a9fcfeadec91b136f4bd76e79e1935624f223c2f0b6f7a0a19c2461,265d1e33b214723b5bb7ded05ebaee96abeee721f61d1abe57c9b3c3d015b27a,b14dd91b4dc232bbd35202cc01ae7bc5e6ae8203b642ba5d3dd498e1aed69293
UNP/2014/page_56.pdf-4,UNP/2014,2,True,True,PRIMARY_ELIGIBLE,True,KNOWN,INHERITED_FROZEN,PARSED,PARSED,PARSED,a61514879b290ed5d3f25660129b2fe6945878a9070208ba3abbe60795b2cb02,6760c90e7769dbce49e5a5f3d6c611598343d5c7ce77d077750e26e2d690b8e6,a9cc493166eded0231328303d7ce51c3f585223c66dbf48653bff7feab2c7be5,498307b23ab43f55da32488a6da87e10253e8d9e6380b13042dac261f917dbb0,c4d695eb61daeee770358110a226cd43de2f311ad3f332da08107f8d2996c72e,12e971c91924118760399ddda9a2abaa874e7d48b86d289d1a7e0e4b5914ba32
UNP/2018/page_50.pdf-3,UNP/2018,0,True,True,PRIMARY_ELIGIBLE,True,KNOWN,INHERITED_FROZEN,PARSED,PARSED,PARSED,b2ad889c7413dbf8f08f50392e5e308d436574c4fb19c72697ef1bbf18ab99c2,bb85ad5cd48b2340ef2fca3355c28df860c48ce38dbcacd145d169cfa6dbe65d,a381a2dbf301fe890f403049a89fd8bcd80c98db3c05865566b547f674c6b71a,a149026087d664e9ad5fb0a7f83b3e6d6ddd2a5875d1d9697c907b2e3e2b4f0f,44d6a028968e96c3e54cbe9bb5fc4f4a60de78278bc59de2cc4b3c9962c89e66,02502efafbed946bd89022c78a0a6afbd1a1052731d03b3f0b99c4e9b0936ceb
UNP/2009/page_25.pdf-4,UNP/2009,2,True,True,PRIMARY_ELIGIBLE,True,KNOWN,INHERITED_FROZEN,PARSED,PARSED,PARSED,8cb72bafea3ccfb754c52b4a96d67f03d1c528b5322496e6b636a9c5731a6784,091e53f1c30c869fbe23fa5b7c7817719aab55ea81a31541b24ecb4a04bf0339,c862a34156509db84bc47949e4ff7f67a31d1a00371d9c252fffba42972723d2,c0b4f770a627430eaddae5bd6ad3bd8305f201bd4ba133f7da2e80f803b43be2,d758a1bd871e68a91cb7c430267b5dfa05b95eb5957c177c4632ff8101201a9b,ed8016842b22b8d7178468dca7bcb5b123a5086c22933953c608200bd21a01df
BLK/2016/page_75.pdf-4,BLK/2016,1,True,True,PRIMARY_ELIGIBLE,True,KNOWN,INHERITED_FROZEN,PARSED,PARSED,PARSED,1f80238ebc0ffafc6e1a73da43fae09a78a880f25a22c1bcdf60bdf4b3add238,bbc29153c7d184561a5833ae5c1534e124a8e315517c9afda57e6ab5ffdcdaa9,d268d0dc4b48e58bb5bfc7bc2677992c348d3b6536b8aee32d377aec9e040952,8fc17a15b3600d08b6a8b35f6e305508dd4512907ac701980306f4db37b86ab2,3ab6dcdd15239ae62c5fa18d3817ae21b35ea525317f25a38b63d96e6d9353e0,5a8e9a76460dec9e209089d496c51379f9ec9b7736a4586c594c0c1dab725279
PPG/2008/page_19.pdf-4,PPG/2008,3,True,True,PRIMARY_ELIGIBLE,True,KNOWN,INHERITED_FROZEN,PARSED,PARSED,PARSED,e2286ef2a8994641606d8d783d9faf469217a3a63d00f235c1b4d9310f824544,173b5bfff94da9787f5d4b0aae77abcea1bf9eb72746bea42eac38edb79bdc56,3f67c19612b6e66e9bc0c52228ff5fec97159525877213901c1edfbb6909458e,9cdcbbad9ca1c3413ea3cb371de04c25810b4a4129e2b7b1e1353ce09070d5bb,2509710f2fb5f8f16d66a5dd42ddf2ef6f1a2159766a9c28582ef1a05b17dea4,67a71484d511fcecfe908ec91704ea2331053ca3c958fdedecb55b07185b862a
AAP/2016/page_65.pdf-4,AAP/2016,1,True,False,LABEL_UNKNOWN,True,UNKNOWN,INHERITED_FROZEN,PARSED,PARSED,PARSED,4b83ef650b6e99c783459860a52463683cc3b2b7bc5cb61f11395c3149319abb,c5c67a95c22e24a3afa388d7b5f8dcfd702ae3ecc0d965cf827aadba6781ef3a,85f41261a1b37d3f4a667cf43b167d06c0874dc96f4a4688ae97ee918e73e94f,4f525ac11f2fbafd69a08c0d05f68a32ad0a7e83043d209385ef898fc0829a66,5e504493e2e825c27225378a7e1e49b1d837072f1226cd82c9b853b4e4c25ce9,c225c77d447b0e72c9397d07b65c25c1a187874983de630eb18f95bd4cb2c061
UNP/2008/page_26.pdf-4,UNP/2008,0,True,True,PRIMARY_ELIGIBLE,True,KNOWN,INHERITED_FROZEN,PARSED,PARSED,PARSED,b3cc7be2697eb59452cc8d4b2e93d9167cdd9a19d78b5bca0977a8cd5c12bcbb,a54e284f30db592d3d2f57bc2ae421e4c8be07f2fb45e929b2eff699d1004184,b63241c8213bd6d8d5eac086d8ed48d74ea8ebc425857ad1e91a59bcc3c21a2a,220114cbc742fed19d9cf0dcc64316d4e26dabd2eaeb317bed730fb9e23af56b,b9c4b87042812b0ba2a063e2b9cca42fa3dfb9d5dd3b53e5594490d43fa6c584,31c1b262ed8c198ae9df76167d634cda3868e66bdc66bb3d0b6c1d1a51eda393
UNP/2011/page_56.pdf-4,UNP/2011,2,True,True,PRIMARY_ELIGIBLE,True,KNOWN,INHERITED_FROZEN,PARSED,PARSED,PARSED,48bb5b1eefae9140cc0ea22b1b819df3c4625fe445e3cb4e98d3c1ea4d4a423b,7287c947a81d56cd363c3d87e73025132926cf7e452c2bc8e5c1a2c42db65e47,d673c58c570b5ebf9a28c2ddbf054d0419d92db432f3c1e5183b3078fd5070cc,37ae3ab127d7850cf068b18fc50f69b0ccdb7e21aee58e7bc45748027fb15229,d55b81e537751f6cc8bcd345e0bc18426ae73bc6fb756f83e20c08fd7068d761,29eca66faabcb2f03810737acddd225995dca9c598d338a4430646967029c905
UNP/2017/page_50.pdf-3,UNP/2017,1,True,True,PRIMARY_ELIGIBLE,True,KNOWN,INHERITED_FROZEN,PARSED,PARSED,PARSED,e358aefaded36cedcfdafe35f5f21aeab9fd0b70083b44c384da9dbc4a66eb47,0a01e98e193357e4096e8c56c3e8c4466dba5e4d716354bfa25c1ae4c7793e1d,505f115e1e89e004abe6ad79368cc08a1f33896b993bafd5eaa4f2204a92faac,371cbea9637773825ce52f07ba33e855a3ea002f1c900d9b952d1e7ef63bb30d,df6eb83ac73fed0c1de635d911e1a5ac3fa7de08969c74575616e962bd089719,ff85f37722d744e70ea503276ca65fdd1cccb4cef1885e9be934a26a2d4850dd
UNP/2016/page_24.pdf-2,UNP/2016,3,True,True,PRIMARY_ELIGIBLE,True,KNOWN,INHERITED_FROZEN,PARSED,PARSED,PARSED,9111d5b9467aa06546469cc30952b492baeda8cfee0d77560a5cd23cbca64654,4beb320de4b7ce28fdd0b3e850d5e1acec1ad18de1d5e0bc77c5e0433536c4a2,a4511098139413dfdd7865439ead18cf1607175fafebfc6ce70c744842b135f3,68aaf5dd4c587477dfdc58bb6f19ed5c2a094ba329f70d5904d204e357688d0f,082122b82e55fae36ecb46f94240382d6a3e059e7ecfd62de4b6ab252275058d,5b7e46bc9f3c8b1a439791a3e50a47776ec6ccedfbfb3d7b542d44ac0533547f
IP/2015/page_51.pdf-4,IP/2015,1,True,True,PRIMARY_ELIGIBLE,True,KNOWN,INHERITED_FROZEN,PARSED,PARSED,PARSED,3bee4950493bc2d8f5237348c6e956a5f2e10a008f6120037e3635a97d2a7efe,366d259107b55710735960fe888ce9a2e8f17b4c90ccb3159934a76645859c68,bc38db84c6c40494452bb9ce1c5e811ad59c812a3b6c48ffd9a8887db6ef4135,d82c18967e47e6ae05312bec3138eb30730f39afcf649dc78d69d160a60f0782,0208079c695c7cca7533eb1efbe0fe6bcb1e28bf3f2117336f161db4cb9e4bf1,858f1946b9fd072cd6816f6ddd4840281154c9702108b021f9936375ccf73d47
UNP/2012/page_34.pdf-3,UNP/2012,4,True,True,PRIMARY_ELIGIBLE,True,KNOWN,INHERITED_FROZEN,PARSED,PARSED,PARSED,570613ced08ce2a59570de321f34ea4425a4caca79a282dfb8c667c7dcd7ae0c,b5ef9564f8600a8e6c4e9ead7067e8bee31edb5967870c084f51eb8aee5cfb98,147e635bad39c9932a2cc78ba9bc484b4276454f4a45a7f3f8a480cb9c13b687,a4f3a8b2629642e6ad46c2ad1aaa982fe1ab5a33a8efc2cba9497a5fdb62dafd,821f5502414af9ff46f72489ce4cb9fb4957eeeef1f105f58c349664868d748e,f2ca7a919d4d9b1fb5658d4893679059ca842d32231c5c6c9bc73d9a54d1a773
UNP/2012/page_39.pdf-4,UNP/2012,4,True,True,PRIMARY_ELIGIBLE,True,KNOWN,INHERITED_FROZEN,PARSED,PARSED,PARSED,cac6bf252f6bc9da0a6607d3395815803ee51007b39a18684ae2ac8ab4452079,73e0b2407d3af9833f53cbf551ea9b9db660c59d2fc071c305ce199789714e4c,5f5aa21897d648df49ae786bac6273e6709613cf122bd09d9d7b8d339341bb46,ff0ab2afe19d508b8969f09103fc045157f7dfebe415d0da7203db3a5ac5be11,da2b631241f885298225058ceae46c5311a8519fa0b951565732376b769466b5,2d0e4be68f8074504f55f71844af469ed1c0992d050685f083ade3e9ea493b0f
UNP/2016/page_75.pdf-3,UNP/2016,3,True,True,PRIMARY_ELIGIBLE,True,KNOWN,INHERITED_FROZEN,PARSED,PARSED,PARSED,b0bf4d2dd8821f6660a7e639bd1558ad5fb19696c7f97ba8d185a95dce5c3f88,714f868ae311d0daed775ab41e4b93b61c9f42c36488ed6e441884ca3edb0570,17c6dc296a237be93c2e2dba293305bd6822299f8bd093f4e7aeb761704af7e0,929986404cbdfc4f7bc37eb43cf83a8ea2da48cf3bba2c99f5874e6c2ec5c1d1,aafc1e061cca66682942647c73ee149cb181969d08b46983a8a72c5988be67bd,456bc7c8944df5caaedfe05825ad0e06624852cfa10ba81e9ebff14fd33d99e7
UNP/2012/page_30.pdf-3,UNP/2012,4,True,True,PRIMARY_ELIGIBLE,True,KNOWN,INHERITED_FROZEN,PARSED,PARSED,PARSED,4ff6c3ca46009063e5841eae0117a9e3471418169de1400d2ed3d0a0c7310912,d02b64f38ab9c7b8c0f9e125c0071da4605b8bce9561a7748969f55057d9c105,031b9ec3d8408c7af7e5628409d65b2bc4ae994798b22b5beaf56f1db31d2745,e0381f9d45caffca700b6875533a4379a0e6c7c4a40cca1c8a32329a72a3f1bb,e90df00b89a89b90037c165a26b0bd9cd9e9a3342a73160cb7e2312759f72054,fb3adb000126042f0b8fc67852375c244a5849d360d27bacc8e2392402adf7d2
BKR/2018/page_52.pdf-2,BKR/2018,3,True,True,PRIMARY_ELIGIBLE,True,KNOWN,INHERITED_FROZEN,PARSED,PARSED,PARSED,8f6a16780ac193f3b484fff129cfb571cccbd210353b8470204ce3de01b3464a,400e74fbb135ac898e6b07d4f27f8927074c76325fd2d16518c36e9894fc1046,acff059cb8819cccc154f2ad0fafd47dd47b6553fb1eecf798c12060a253bf88,a8bedbbd8694c0301eab7520d36b4ec33eb9999b96efb13e18d0d486bc6b4697,48a906aaf3736f792f1b5c06f4aae07d86658c7c4cde941b4fc8382c9b0ebaea,88e3573108f36d0b2a0a079579c13da11f6b6e2c0ba40392de365c491d79a6ae
LKQ/2009/page_66.pdf-4,LKQ/2009,2,True,True,PRIMARY_ELIGIBLE,True,KNOWN,INHERITED_FROZEN,PARSED,PARSED,PARSED,c880bd1b19580f9b81e1ad3a7e97cd9e35f890ff0b56267e37ae973336974e94,8f3287d05ef93017e95a712317a307a46e546feb963ba74b12ee1d7b4549f34f,256bda7e8e494abbfff62866c3e4a87582ec29f65582d5706b4803f7c4f6a8e4,c539f290b05efc010d6b6e021f63b79b18c225f9aabac6d6c51750deedbe4156,2a86420491b491e08817c64a17212c1a63d50f153a5c450ab99407af1e42a6b2,91c75469d91c98f1e9bee6ecd8dfe115896639c543ddb7931565ceb051dbe0fa
EMN/2004/page_82.pdf-1,EMN/2004,0,True,True,PRIMARY_ELIGIBLE,True,KNOWN,INHERITED_FROZEN,PARSED,PARSED,PARSED,674ab874456820da9230e28d49a1c499f31d8436840654dd2c281d2d644071d3,2b3b6a4979902b0af8d481a9f717f331ead07e6a11c7a983353522185f8a414f,1b8cdb68ff3f635cf136db39d4535c86c5d8d1947597b68c4c9741b3433b067f,e4f8d0e637556f4f200dd1902dcd27cbe76a64b0c1c10d7e4a8c73951ce5dbe1,8af6799d3e2d296133e2ebeefa50ea4f13ad401ce94081d0ef910ea864a936ca,743f08e4aec95d37883d0f16601f08618dff978eb70b9889af56e69b07fa79db
VLO/2012/page_130.pdf-1,VLO/2012,3,True,True,PRIMARY_ELIGIBLE,True,KNOWN,INHERITED_FROZEN,PARSED,PARSED,PARSED,464a585152037ca3d06f6d0aa056d7e6556d962e0eaa3fb106bfc82057b57988,39493a85fe3505569fe888b775e1308410aa3a596ae8274c7f457650b36f32d0,ecbd57f14583a7180a1a06b1199007f107a3ab9e18b00b57f2e0f216b1cf94fa,cb00756496e2793d34642624ff28b28e534fba47c6ce6fcdb8c92a7a41d4ea90,b898388a9a11e98d9efa36b79ac9fee849571d3cd9e27e6e724bb34443e5b361,9bbdae36728c8d8a3565a9c3e3f089ce94de7c58f12562fc14c2b1307d05bb78
UNP/2010/page_25.pdf-1,UNP/2010,3,True,True,PRIMARY_ELIGIBLE,True,KNOWN,INHERITED_FROZEN,PARSED,PARSED,PARSED,2e59e706de24a2cbb766661c6b1bafc57ee24c2162930ddd7f137353c0149c7b,f438b8ebad0aeaa21f31dc7fd56623c6e9541a79a785568f2e86e242775716ce,fea25bae6a5a9d37e1f19c074354d603233a3ce0f190a03d7351cdd1cf85066a,ee054c6e39bc4d1b705701f1019e555f4b732bd081d7d1147848a3045f36a509,32179fe68c4845a901b9ae899663cb030eb3351289a7fb3d9316489a4d621447,62c876a3e6847af41ae6d6d0de42f4d1b64f20375b65173c09447bfd3413a931
APTV/2013/page_48.pdf-3,APTV/2013,3,True,True,PRIMARY_ELIGIBLE,True,KNOWN,INHERITED_FROZEN,PARSED,PARSED,PARSED,b0b946e34262d351017334d23170b9d3c260d6948eb68be6d90a721d041f308d,ed9b1483890dec9bdff7db1e67a66147bba323bf0688e2b7d622d77c4f22e7d4,964ee08850fef33587195737902de552a6297713b26a994e25798447f836dabd,f0565112a734eb437b32e312733eea0817bde748be90fc80cedfd3f14ffb4e67,4d7e5123a1bd9c078fe7e2f9fddd07d21be7b26f71502d4d24aeb0c9a6e20614,41017acd965dbc597691695db675674bc96bc756569f8d6c6173f655a1161438
UNP/2009/page_38.pdf-4,UNP/2009,2,True,True,PRIMARY_ELIGIBLE,True,KNOWN,INHERITED_FROZEN,PARSED,PARSED,PARSED,0df793f8a69a85b6b21e7b7ecaafb828b5e02185d66ac4d9a544140b39168760,687c6993756d6c6f2a20a1b530a0ccc9b72fa50c59bd97ae4233179466d04586,eb76aed1b9eb534532ec574c23b31ceedc228a9baf10ae1f8cf172a30d2bed9c,fe27fd729501867177b7146b472ff47e2f0efd8b27486b67dc8a501d7321682e,e16836a94fde298a6d94beed34777d7aebaad28595012daa7af96d8b32c74155,de052c2dcda96bf9a2ca9350d3d51a8ffbf3ba2622d10c8b2efc36e08047ae5c
HOLX/2011/page_122.pdf-4,HOLX/2011,2,True,True,PRIMARY_ELIGIBLE,True,KNOWN,INHERITED_FROZEN,PARSED,PARSED,PARSED,9681172a9647bf73a6c0516f4d29cf4bba4dbcd44e739acbd7a4b8ae309ab283,6b0e39262e5ce1b256a46b3b70a14b91f070523422e67079ae4caaf1c330ed2c,ddfa9348e01b7cddd0cf91dd31f35cc7fddbb3c34a5bec1fa17257fc9d274dac,2af368ded43271ff8aeac8dcbf742a4a90e63e61ed8458c9e97e7dbb8a88d680,90b012c5011ded65230ef79de58d72058f3aa38e4c9a674bbcafbd3e5c7274e8,c45b1b3b0fc681be80fbe1cccc1be1bb4b021f1aa4d64adb42426e16f6b580a1
SNPS/2013/page_61.pdf-2,SNPS/2013,0,True,True,PRIMARY_ELIGIBLE,True,KNOWN,INHERITED_FROZEN,PARSED,PARSED,PARSED,5bf7f970cccaaee815dcdd77e43b8502c3bc28323390e311fbcfd50fc09b6860,c75bf1711179ab1771d79042cb686386e37d143eabcc636ab53fceed4f74ac61,a687b8b16531e2dd64543a067bd0ecd9dfb67f5df118b851efb85436fca236a5,044305a3057d7e22fd9cd48e68eab3f927f6ad2c75daa40edb1ed3b61e64f337,6ccf1f06fa59b4da6163874d6089908c66fcfe24ba85468768ba691246238541,99490b1ca54eec769bb85da1bfb9983f3aae8d2847fabf0c296f19a000b98595
BLK/2016/page_35.pdf-4,BLK/2016,1,True,True,PRIMARY_ELIGIBLE,True,KNOWN,INHERITED_FROZEN,PARSED,PARSED,PARSED,da98daa89a4e5c16233f61b9804eceb0e3b4b9c381b72c6e0036a817dd468ddb,98722625bd575a820aabe9dd5a5ee115f0b31829a81f5737dfc37c5ccd078fa9,97ef18fe915948f6490e6a208f67c81d3048bc5526a545a91427240c2179b0ed,189e55976f794ba6e4a1d42d03278e86a9b9babb82cf570b8b54569c238494fa,a471e75b68292d818855ef6e183560e935c74c8951d9686ad24381846f119db2,d4eb65a8ec725af3b1de48d22a62a7070554a2194a04f1df104a9b19f37befa6
UNP/2009/page_61.pdf-4,UNP/2009,2,True,True,PRIMARY_ELIGIBLE,True,KNOWN,INHERITED_FROZEN,PARSED,PARSED,PARSED,9b1dba645bb0215567d8f47d50fda5e0120b778fde7d9ec4fdb91442ba122545,e37135defd4c6b1706faf1693a5c5e6cd79b96bdf958790db2bec84d643a10ed,2057ab4a854098ff8727268700b4a6551e29e537fdead1c262015fa0a78d6e0c,21face58d4dabbddf137df743e693fdce1ea8f10bcf773b237aefe965ffb39e4,248fe198fdab267926002eda4b3ff6d6d4be782bbda1cb42e9e6022dd8ffe953,72295e4515a38dd2d0e004211b982a1e558560ba77a2c1394383a0f96ae90a0b
UNP/2012/page_55.pdf-4,UNP/2012,4,True,True,PRIMARY_ELIGIBLE,True,KNOWN,INHERITED_FROZEN,PARSED,PARSED,PARSED,19865b6b4a0031fa5b884f7ebc57f62cc8e5928bd9e750059faf75bd299811d1,9021188458cee06e9cb3bb37f5dd88e106abd96b7b1c45df7f9666188b4ce3d3,d0405bd1b985b38e9c874a5489d4135dccb3199da07fef7cd3825a98780b0e22,317626f1ac0ff4e9b4a78a21b4f0687c9b6b591f5b119ca4f6a4611c15c3e26a,44f7209542694c7e5aeb6168d33e2486f5a3586dd1038adcb183314553db17d2,500b23b593b5ceab3a8cb7a19ef133108bf4eaedaeb2cdffa76fa1fb6cd83aae
UNP/2011/page_80.pdf-3,UNP/2011,2,True,True,PRIMARY_ELIGIBLE,True,KNOWN,INHERITED_FROZEN,PARSED,PARSED,PARSED,62f31e543ff56d5503d9dd78d331540cf96c48a1bdfa579a4a9bbf94f675ce50,137f23da1ff0ed058821693949d30c1f95e9fdc303eb065cd171f12831937e69,8d048c3b1d8034ac1afdeb6a098d9d93307624719fdb0971616234c230bebf75,30ade4f1233b314c24838142713835ec4ba5e8a33ef5e6c0db494a73ca788b8c,fac30718ba270b09327bdc635a4a5676461125ff9625a253a44811bda47bde91,92c6c5c06b802ee5b1b9ed11d5cb0c49e51708cd715a3bbb255f4f30d278721f
BLK/2017/page_35.pdf-4,BLK/2017,2,True,True,PRIMARY_ELIGIBLE,True,KNOWN,INHERITED_FROZEN,PARSED,PARSED,PARSED,227289f508c8989f6c17f29c597a35310c2ec26d529e9267debb8822d938996f,555a537b0bb4fa03878286cdaa329459116f80ee031aa093ec93a7a317d6066b,763c0ee1b9ce9c38376be4d114e8201a43536c7ff31379b5deb7575ef196e2b3,852eb059af1f56a32ed3630715093e01c9d4f17dc5f6b1a7d6a3684df7c26241,4f26b57327f0db074d6cdeaf56f677ccc17071b506c2c7a5c724aacdaeadbfbd,f281085e7de7a7b268828c20f91fa123648c8a8d4b2e3187e2169caebf885cd9
UNP/2011/page_35.pdf-4,UNP/2011,2,True,True,PRIMARY_ELIGIBLE,True,KNOWN,INHERITED_FROZEN,PARSED,PARSED,PARSED,89ce299b60d80a0a1e2bec37742ec655cfc5a461934be4cbfabe49ddbd2cd8c5,e53f645568b29f2f11f1bc7ca233d2fd9afcefc585e71fca724285ae552da8ce,e84449f696c77961cc0d7ddc2815cfb6bb2f765a4c77bf8df0efd6c6645904af,05bbde2940d397edebb1e599fac022dc884009144ae3a5be218f9b1773c756b5,3eea1ecba55107fa22e898655ee0ee8361460f2d5ac21549233e9136a96d266c,6b552204f5739da9b9cce145723206759df15aa5194e6e9e5c935b59168b6da1
LKQ/2018/page_93.pdf-1,LKQ/2018,4,True,True,PRIMARY_ELIGIBLE,True,KNOWN,INHERITED_FROZEN,PARSED,PARSED,PARSED,68afd25b2c49e88b12fa35957a297902f6211546b2b2b35a084adfe3118eeb58,c235cbb071e1fbfe5ba217a54af0da35290eab1748dc50f4d56ce6e40b22a278,b5804f4c652969ff8a0c50a9f97025ce256a7444537d90ac94a75ebcb4a4db4c,67e4bf937766020a260b99d2c2ffe2d80940e663960d43c80e24a067129460a7,49b2b11303ddf02a64b6c7f1a7afa39ec9ef09e86f4fdfe95d0b3024773df969,0ca7cdbb37e671e63add493461fed83a4f4052026a24c96b38b7e4e2c907cc63
IP/2014/page_71.pdf-4,IP/2014,4,True,True,PRIMARY_ELIGIBLE,True,KNOWN,INHERITED_FROZEN,PARSED,PARSED,PARSED,3734fccb3c362e66294496f14c7915540e7723c937cad299856e98b38f68988f,e0bba71d657200fe7ec1f362f0428e4fee40641f1daef20d2b017f351e650a5e,cc791c67ab3257637b730be956419196edbc82f9625eaa3fec524dc9ff4984db,c0732386b601638a9040e19744d62bb45870b9fbc6c07878581fa8f5f12c8de5,cd4388be96bc44e40f1dacf138929cbec7d44e08fff9391a2b35307efda1f851,e8a0c2af986817e4098a538ac4c6a85f4b3d62ac95debf1e8f2cf32d21cdbb5e
IP/2015/page_83.pdf-1,IP/2015,1,True,True,PRIMARY_ELIGIBLE,True,KNOWN,INHERITED_FROZEN,PARSED,PARSED,PARSED,7452e319fea6527cfce8c14a0f15e454237207ac1d4d45379d1015acd8ea12fb,aa63a35068651e276f61cb9924c64dad488b1b5bf60cbdf62ee552865292b2de,22ed31eecc61af72488ecfd2bd01414994fd806fb3a8fe5b92e6081d8a054472,aaa98ec1dbe9cd0f4a6fa0966f709d2ab050c011da14fdbb087e61766c470a5e,bd89697dfcc8fa198295762553b8bd7e9bcb4143577944beb588f86302c312a1,84e104040b5591720c20212c1583d72762128a673152b164359524b2c9a8c322
PPG/2018/page_61.pdf-3,PPG/2018,0,True,True,PRIMARY_ELIGIBLE,True,KNOWN,INHERITED_FROZEN,PARSED,PARSED,PARSED,245e73340e2756d61f8e22a6690f0e3b20fa77c0728f541dbd7ddf4486993b19,2b8da29e888c41485c1e08ede19749a1060270573ce2884db844d8d52cae3ecb,f421cbdc4057f577e91530605fd9e3ae4072472270287bad19a41ac9e59decb8,c7db48ad0de45f488dc6b42bf884fc9b79aea2657b93655a0ea0bdf6fdd762ec,5c41c87063043c6e96acca15da947164487b6ec35b32bb795251917fc7d1fefc,cd5e905cba3662d7323d76eedefc0a70bc4ef34ef4b2d954ad1fc318081e1170
BLK/2012/page_32.pdf-4,BLK/2012,2,True,True,PRIMARY_ELIGIBLE,True,KNOWN,INHERITED_FROZEN,PARSED,PARSED,PARSED,5691e1cd74e9d7bc476adbe0a335b6f32bcbf112bbe5a0ee38efe1484c6e0542,93a6d49a303aa3f03dfa47b0b4823181824084cc1eddb84cb3be3f2483bac457,294f89ff60e6676ca1afc68582a9a632569eb2b2c477bd19fb9001f3d0846d08,3b601b1077a2e92362cf9f26b070c19768775fa3e37a4fdfe69cb53df612587a,7abbd86078ee77f031a8ff134f8b93911543b624dcaf5db0f494794baaff2007,c9f52e7d29fe06f32f96eb828fe6de1df096ccd41f3972e73fb5ddaa09f1251c
PPG/2018/page_60.pdf-4,PPG/2018,0,True,True,PRIMARY_ELIGIBLE,True,KNOWN,INHERITED_FROZEN,PARSED,PARSED,PARSED,3efc221efcf19b29af1837e47c57edc847f3939a7a3a7c1afb35ffa97afa0d7b,9ff385e6b893773b5e40af5fd1c57f3550dc9bafc129577d5e5f411e4f41a822,dabd034d7364297fc19ab679af9f007d081e56acfa1f9bb2b249009a14440dbb,ec224273a5ec37c94ff272d7f8d547f7396463fe630c7430496ea63fd345ae58,b7d37f346a8008d58484b3779d557e852b27af4e38b28df08d69cf3a99f3fa76,1fac66c2d96a4626d9de85ea079dc2e1fc8d16f9a14a5e9a8ee68a99cdf1cf84
CMCSA/2015/page_158.pdf-1,CMCSA/2015,1,True,True,PRIMARY_ELIGIBLE,True,KNOWN,INHERITED_FROZEN,PARSED,PARSED,PARSED,60c43da577b2e935b83e23800b207b4a1aee265bb86f6234c1567144fda75052,f3ebee6ace3a9e4b8088736481d3a632bd5c6e320df3863af0f47cd9440dbcc7,8b882aff9035dcf3b3e2a1fea02cd3eddaea34951f866c9eeb8c6bc38fab8ecf,7f132235bc07f234ad0c598ef2129b13b89b8bbb0df8277e594e89bd1ddd48a1,eb0ebd072fa4a12dd63a2ddb3b0ce724a953c78eff56ca7b7497956aef2c0695,e9193566c667797366e88ab5ab4abe2d69018436c1c4b763a5832895e29cc92f
UNP/2012/page_23.pdf-4,UNP/2012,4,True,True,PRIMARY_ELIGIBLE,True,KNOWN,INHERITED_FROZEN,PARSED,PARSED,PARSED,205953c1fd8fd03741b7ff79b08f57931e2705ce1310b4bffeec30315bca0b2a,0d8c992a96979887734cac3902c360bbbd7ba4441377a098a17235a5283e4680,8c6484f9615ddfae2e7fc5afd0ceae5618241d3c1c22b4a280fc334c83620ae8,43429284b8729ad942da9c3fedca773fb3f6081c0be98930c676dc3bd0e19434,1b665f097d3a6f905111f2f7e78dac2a7a7d0e328713047d64d9d65ad01aecdf,6cf791a01446067fa4b86bd152eae01d9aa1d43ae0793363ba34c9f823d503e7
IP/2015/page_82.pdf-1,IP/2015,1,True,True,PRIMARY_ELIGIBLE,True,KNOWN,INHERITED_FROZEN,PARSED,PARSED,PARSED,ed2966e90f2b44630b62b395aae930b3a7de553ba7c4ecb32916fae53b1b8b78,870329a28cfec696a184aa0a71ce6addda2f78faa48f622674448513ffc5a876,e61fecd3a60d59c6fdb1de8507c59caa7904526adb30aabb0fd5f01acea8d125,a41220a81f9e4a9f987358750d6092ae94abbdd990da5f2dadf908dd652f8407,6f6a9939898d5264184ab9eeffe4cc9c42f22c94efd0f54713f5d5dd33e38288,d71fad34b623a04cc3973a54ce66ed444e9002f432ce03c1a3aba00b9ff366ef
UNP/2014/page_16.pdf-4,UNP/2014,2,True,True,PRIMARY_ELIGIBLE,True,KNOWN,INHERITED_FROZEN,PARSED,PARSED,PARSED,de1e26710e76829790a88b95567b1a9eda604f0140ea5cb81c2bd677f5d6f5d8,50c8c1534e8052e0ac178c4867b413375b808e517f15ea16e72220cd410f6313,1d8dfa09db30dd4960e83d43ddf243e98fa49f4c01a6a035088a0b7669814884,9f83a528b67b6800eacde32ba347dc3aa00167beb1ab739098ff62ea0ad40021,f4cecfe9008ad877c51682d5c5108e6aab92abab75b26b53fcae944742099ce1,54d84e42b6bc8f082cbde11fa63731371e1c0b41bf4aa7a690f2ea83546993b0
SNPS/2006/page_67.pdf-4,SNPS/2006,0,True,True,PRIMARY_ELIGIBLE,True,KNOWN,INHERITED_FROZEN,PARSED,PARSED,PARSED,785f7998e7873e065cfb496647d418188f34f82a9a9b30de82933d6b873b9f55,69b65eb79334f3248d11360bc0d2f2f3bfcc87025129d3b7659105fd3fa25de7,b2c104c734a3d11fbc5ab1bccefad829c23f2652a7813168c626abe508d54baf,89925a61274dd03d0a132500919a0fe7b47b94f94eda68ec881754c7dcafe190,bf294ad7ca0e6e1854b038ad75437234a20ae4da4aeb38f43fef2e3949eb6c90,c15b37ec06e6774f9fb10bec8ec8827c23cbc6cbfd9423ae16cf07a4819e0520
MO/2017/page_10.pdf-4,MO/2017,3,True,True,PRIMARY_ELIGIBLE,True,KNOWN,INHERITED_FROZEN,PARSED,PARSED,PARSED,845b81e637f864ac90eeeba4a9029cd246cc14686c324e5af2441c028761cf2b,7531fd58e2f98bb96eb26894dbf11340c06413be56d7df158411afec016939b1,c1c41a0c76022de2df81f383378721d1e057df05a886b5c53a3f414f5e9b19c1,2a71618a724ffaf1ea92303e60cfd645eaeb5ce6bfdb189f5b875ac9fda35d22,18b3f47f1b53a949b06168ede1a9bd4cebabaade1795d50773755c5fef15b034,28b613eb365a9227f10afc8a33370ca229236a1e43d33b4b3b66b1f5580a2a07
UNP/2016/page_24.pdf-3,UNP/2016,3,True,True,PRIMARY_ELIGIBLE,True,KNOWN,INHERITED_FROZEN,PARSED,PARSED,PARSED,fd0299a31a0d6ef20972e48b12a03420d1b85b741b7a51780876964980b118c0,7c1151e4a6640ad5f1458e2c6891ecf44edd5388d584f9dec00fb189c6714e5a,292b6f0f6d0274bf8b770c54b75cfba3d678ae4933d00e684dc5e4a9e263a102,8fadb21104e4ff1f51443d0289f19bf6ade6f733a9766a1a332d244e8ea91b84,b016fce811b53f1f1d3685ff1da4258bf926a27fb7db358451ce0b569f603920,0602f38e2deffbacfa4b5d7dfefa25dee98a0dbdb04c99c64ab31eb6fb3a014e
IP/2007/page_19.pdf-1,IP/2007,1,True,True,PRIMARY_ELIGIBLE,True,KNOWN,INHERITED_FROZEN,PARSED,PARSED,PARSED,ac0d46ff7f2b58f218c6ef03e8cb34f45c5cd9254023f34055c614799e675043,ea8e3aafe8e6e041dd7d92b4f747dda3b7a5d885e105a06b92468c070f3baffb,5003d73be3ca502ba85f1d0a86db381f0eff688b0abb5d747b8b85a1580e40c9,d6efb136202260916093b06ad1487c22ac9b8ab15de26ea255a3d4195902d60e,e75255e4ae7671e4a7970ba675bff99568a21f1c5bd9848099be01c9ac794d18,e1e705c55ea3ef7906b924346d1cc8d9cc19282c68cf8ce51ae8891db988e85e
KIM/2006/page_67.pdf-3,KIM/2006,1,True,True,PRIMARY_ELIGIBLE,True,KNOWN,INHERITED_FROZEN,PARSED,PARSED,PARSED,a409c881490fba528e2abbd6804b2e0ea776b120b6d35fdedfc0fbe7cb67f48f,12eaa32392985fd4b7d74fcd2c5100febd7d60d9a4872a23e9ca87b09219486e,c2d081657eda92dd644a5fab0a9ba0df2c08638ba21f11d921218329a3418626,965ef32f208a6263397251d4ca424bee3a5b589d9fa8bec6e61dffe4f47c3f26,6365ce42f5966ccc355e311afa901121b5b9ed125124b7d0e55077dc1a3b72d0,55939a2e91b15b9b4989b4ca4c6d6108a0760abac83666a5aa9d0382bf7bcfa6
UNP/2015/page_14.pdf-1,UNP/2015,0,True,True,PRIMARY_ELIGIBLE,True,KNOWN,INHERITED_FROZEN,PARSED,PARSED,PARSED,c215248ef52a7ef7ea7dceef908fcd4a1296230dbc241d91ffbdc66801068a01,2dd1023195e23e438e3d751273d14205f31f97dd0fa10a4fb07a2a7692ffa156,8f782425a492810214533222d35bd78b86ccc07b49bb782c7057bf56f07af6a4,e30687a2495c8c02b9ba8210d26f13c8c6e6e3246bd0d8b296fc0fbf316d9803,5914abbe2b1fb39e1b4e8959dfd10c8482e1b6b31560b25483dcc2c2c3b4988b,3df26b32515d24803e4b3bede8d7af440f2fd433555b9967559d5a91d88d62e4
IP/2014/page_104.pdf-2,IP/2014,4,True,True,PRIMARY_ELIGIBLE,True,KNOWN,INHERITED_FROZEN,PARSED,PARSED,PARSED,cbbbc75584cf651028c5bec211184c90888e7ae99a0ce8f25b84df4da1591e77,77ca0262af61e7099b0e9ca470b399d8e71a6223877e055dcf24308ed57aa052,806bc9975a872538567bf9eba94befbd08ac901265c6212c6b29aeeb55caaceb,1204c805080f605b495c57ee13c76c21eefeb4a4383f6cda09db4c6ce4039260,3a5bc7a89d463d6f93f9dd61fba1c10a5e12b1d519f3e43141dafe63d39be4e1,64394d0813e543b19d4e1bffee0e02b83694371bbe849917889818b22a5cc326
CMCSA/2004/page_30.pdf-4,CMCSA/2004,3,True,True,PRIMARY_ELIGIBLE,True,KNOWN,INHERITED_FROZEN,PARSED,PARSED,PARSED,8a438dcc33f031cebb9d6125dec48b95f8b51f9e2ccdeac68e8f77e961c3130a,45f9985f97e14fbbc3b95221b070b8433a58b73295b6e78a3e615fe2179e13e7,3aac3773e9291b27e9d0438cded1dc7d322626f46ca079448a58c6e1a6a586f8,d58378f4a62a23f6eb204f5662e0228fc352d90b9bac8185a28f03f50f7d3000,211410c277011f585351603e07d7c75626bb83535fda3e56826c8975fdf2e9da,e0087f1aaee1d1a6e5c9bdecbe6438d43871a73527c8c904b87a7f7621a9ebae
KIM/2009/page_25.pdf-3,KIM/2009,0,True,True,PRIMARY_ELIGIBLE,True,KNOWN,INHERITED_FROZEN,PARSED,PARSED,PARSED,0460df760b511d9ae250a06f02e067163c669305246d52b78460ea1405d35a5c,6b51c25f887fa79dc78778fde97ab636dbb7c66ef72b8ba6501827b10092d022,0e174e645d020605c5e85c7d71d60fa33e08fcb9ff068371044dc211279e4801,a3bebe01415cc9ed5260fa8892351bb940a2e5993b04d4da63737579e6465166,d2f59317a39ab723847372926c1345e8ce9d3312e32d2e1861f882169f0566d7,5cbd288cfafdc9d73ff6a70462478e54d94944663bc01be61b0d89e7d784b2d1
IP/2018/page_45.pdf-2,IP/2018,0,True,True,PRIMARY_ELIGIBLE,True,KNOWN,INHERITED_FROZEN,PARSED,PARSED,PARSED,c37cc0d04b90ad329b075e0dc505996505b6d68e0d00d3621e6d1400dbd1772a,d0290fe266b68a9676fc40d55b2897e06d6f5793f1e5ab49b4d1231c8a4bd85e,ebea51ecc0fe85b25eb7e3fdaa063681cabe9f73226f0a6def45524a689734cd,9cef2ac453cf099057d8035bacc07cd6d8876ac4126baa1c5663c347ff63f9d6,3a7d47a18c6de95afcc77fe84ad32138f0e8a28e0e2943011884c688255da909,d1ea0d048ce5e84d1e71b5cfb79ebf7b8453b6f64951968195f59988ec7fd156
UNP/2014/page_80.pdf-3,UNP/2014,2,True,True,PRIMARY_ELIGIBLE,True,KNOWN,INHERITED_FROZEN,PARSED,PARSED,PARSED,0ffd41184269164b7b3ea759f05b8329b533e7f0c4e8258eee591fef2579d4df,a97b6c8477deb08a27c53bb1289a30a473597400d76f6f1174ca3dfe85b3d5ff,4cff8380c00ae7ac503271cb2c5836e5eaffb9fd50f5b3421861e8529886403a,4e6c7e1e50c15167633b3255557e6d5d34bb29cd71762722a96ae1d69e6fbb94,d851181a385581f7a0f268558cb0248fb4fec13374da78d2edd4b283821e259e,900762f7a64f79294a625b7b79e17beb1fe8b33c6482534bf090450bb4d615bd
BKR/2017/page_49.pdf-1,BKR/2017,4,True,True,PRIMARY_ELIGIBLE,True,KNOWN,INHERITED_FROZEN,PARSED,PARSED,PARSED,e5479b9e5fff2bd351a6614e65c8352dc0c8c70c4d25d0109f6e37f09b7b30ec,45a4c6ae2ce45b82fddf1a51f6a93a36feb3e741e4f4404b98860b6035e4bc53,2f8a3249843b0758e04c72e3f84169c1efe099d975d463983d01d7ad681c7e38,8d54be08a8db78cca965994f3bc7ee864cca3437c3a4c39a331e9e8298855e45,55d9bd3234bdcb959b9b622f4630af85c402baa0310f4518ae53db2db8609c0b,7d201e64d4f0e17e5bad16515c6b35ef212a5302ab2c46a40bb45f7a2d39c437
PPG/2018/page_20.pdf-1,PPG/2018,0,True,True,PRIMARY_ELIGIBLE,True,KNOWN,INHERITED_FROZEN,PARSED,PARSED,PARSED,3c4552d7d5b4d9158ee091a7b57e3c91161cef38a414f8f1d5ba872349f5dad2,626262c1cd305d66da5670ef6011033d21633066c68d3d34b4d30e4d844f420d,e1f452a5177465413a5feb4e6cfa555ee498d933bced974e845944c8c5657e10,1e066f28a525275e37705dcc0522e71f61ab235fbeb90a4e24550c2e7a15a020,560422933c3320f26086390249b2ba0059dd0b9e33a9ba4c038bcfa7910c263a,02b5251a62f830f2c4f6d9906f7b61c3580e6c82a4960d62fddb2e0949ea8811
UNP/2008/page_59.pdf-4,UNP/2008,0,True,True,PRIMARY_ELIGIBLE,True,KNOWN,INHERITED_FROZEN,PARSED,PARSED,PARSED,7853d5a68b4b057cfbd8ea1d56b8484f66a614135a7a2a69b8378aa70c8857e2,06537b3a25aec1860d862c2133f9c8dd45f5f52ec90d216e353f860dcfd786f1,72aabb65958e5b09c0e7357161c738e6a6a6c6aa2404b0a2987a05a63ecbdd55,76a0b825bb44fa340f86c1343882ef93a06693fcef25bfa60a71e6d6ba85baa5,a280dbb8dcfa2b0fa67b5714c2fc637bc8a96af643fe95768aa7481c840baa38,fce7220ab38243c3e164acbc5d0fcd984c6a74a17639868396f2c9197b350e4f
PPG/2016/page_42.pdf-3,PPG/2016,3,True,True,PRIMARY_ELIGIBLE,True,KNOWN,INHERITED_FROZEN,PARSED,PARSED,PARSED,92b3f51630f52dd3c5ff6cc29542104138879462e9372780b2b7c4882c05415d,aedb4e45b486165cde2357036d03551d6fe6cbfdbaa09a5456a02c5f945323f8,82265b84e12ff9e869af22fded2dbed95ae9d985ce95e7d1358d92bb27dd6cb8,34eb75186bb3679d0c3dc5d0f918e7c3caa779b6982730fbc468a22104d2e2df,acc95b1327137e50fb959f42887d761939c9d2cb391d7085cf04306a6b19209d,be058cbf3ba8c9c318f21dfbfa8560f0868a6c172c4ddbefab176fed4155070c
UNP/2013/page_14.pdf-3,UNP/2013,3,True,True,PRIMARY_ELIGIBLE,True,KNOWN,INHERITED_FROZEN,PARSED,PARSED,PARSED,21140784d0ec40e0c71fde727740195f7c7112e62e54602e9c3f6b89aedc3246,834c531eb69cc59d41990c7b526c5d2c6e8f0b627458260a17205bf67b2c2982,12c03020c6639dc57a15d3d649b3c8384a1243927a7410750f9fffd7a643ef9b,6555b340ecfebb26cfea21151d36a7dfad25bf1b400c6d518f161ddb769ece58,4599128e65006eb8318f99159a81099dffda8f2cc152dc0493618e56649268a3,c5dfdb33d369e8bc71f6a5ec7191ae4dc70fee126e1f2e0656bdbeee3f6b4c34
UNP/2011/page_80.pdf-4,UNP/2011,2,True,True,PRIMARY_ELIGIBLE,True,KNOWN,INHERITED_FROZEN,PARSED,PARSED,PARSED,ab04f9775e311b8c2dddccde8549db483dc05e08f61c1062f63d3a488d105995,00d381e34f359ab1d418f4e66d757e4bb6246df6269bb1eb9a60177f52c9cebc,7acd1219a93a0dad5d18edd975e799f9276f6776b464dbb6896cefe9e54573cc,bb7492264478b702c8097cead16e04599023bf81e6a960ba8ef3511a607450de,eac94a1a4b27f67c8dc0dbcc5b47c8697290b1967cafca89bb2e2b7961a4c044,15c22dc088edbe322ee49740cb084a440e3c48bea6ae819844659cc456aeda07
UNP/2012/page_30.pdf-4,UNP/2012,4,True,True,PRIMARY_ELIGIBLE,True,KNOWN,INHERITED_FROZEN,PARSED,PARSED,PARSED,793339bb762afd2d700c8d548038cbbadadd129679565838d4d1c33cff1ddd49,14516dd13b7549697c9738fdbe712ab35cff4272cf2454fe7d9ee7b183a500c7,68ba74a6ead780f89aecd28ee6ca693cdbd4f4e2347d81a30772020e7ef6f781,76cf62ede604f17370087d95e3c66ce9b5c15365dff2188473310abe3387a4b2,ec4eeaefc7ac2367c5026739803cc262c6b4cb8c77271cf2027d61b6657f5341,21e807d7799557955877808aa8bfd6a3e8e4759879ea34225e8f5d926c3ffcf8
ABMD/2015/page_53.pdf-3,ABMD/2015,3,True,True,PRIMARY_ELIGIBLE,True,KNOWN,INHERITED_FROZEN,PARSED,PARSED,PARSED,542ee7125fadbdda24dcb2f9371c9c8c66d3abc153222a087dfc20aa4ac460b1,6476c09feaa6a00a1a20bfa2f4048da136c913e8020e6701f0756b6f0a312b82,8040e7acccf7c2fa563729005440fe0d87f14a5928be132892ece3a96a8f8e95,fc140c9e35dbd26838a2bfbb30ab0365c357f96de40475e38621f388e8ee1d7f,90d6a683dcbe920e8fcf4d829cfe143fde8f6f45a6b165dae8d0bd1a58e1f4eb,d743716320be6f8c1f5f06b2f90505ce44ea1613ea35e0f67c19370c9b54bcc9
VLO/2012/page_129.pdf-1,VLO/2012,3,True,True,PRIMARY_ELIGIBLE,True,KNOWN,INHERITED_FROZEN,PARSED,PARSED,PARSED,c52dea8ac2ba1a5e7fdff6afa38f9c1320e04be838f9b2c4a74b5f5c252469a0,8c384cef619e7dfbb4936bbc6ee204bcd8e33f177fe79b3d67f4868a9e22e687,b529b18a94d8e7194b4bd606e68dfd1596d4521f69528f2052cc33cc15358cd6,802a4941ea803b0dfe9d5b32f2a0867d050ba01a7c9f032e736d114348b370df,984a90a534ecd22c892ec7f81d86d66f90faf9ed985cef032ec7d27304f38c60,3cf64c7a26a48c4b6ea0fc999430189e486c350b2584f7b402ddf1c0f414fda6
LKQ/2016/page_48.pdf-4,LKQ/2016,0,True,True,PRIMARY_ELIGIBLE,True,KNOWN,INHERITED_FROZEN,PARSED,PARSED,PARSED,4cc2c95a9c2d660936b2e1fea8d3c9a2f6e38f2bca736fb2b68ea98c3f176caa,1085891b36e5e141fe1ddeed7dc2707b9fac2ffbcd05fb0127dd61e08fbe8bdc,2d8ebc2c7a914a0685be30b931aa61281678c302f7216e53623aec4d9ae110c0,4191d4cbed5493e2d69030c624e32d1d7e29b67aded94ccff606558861f35673,284d4350c8dca65757430ea38d24fd8a49a47228a995cb3fe1b2c0617ffd2c04,d4be9dace83524574ac30ce95c144a8a8061f6a19254284456307e5a4ca31ef1
UNP/2015/page_14.pdf-2,UNP/2015,0,True,True,PRIMARY_ELIGIBLE,True,KNOWN,INHERITED_FROZEN,PARSED,PARSED,PARSED,edc24b209392b4c1ded72462e7f7a9bff616cb18a78743fb601f7b1efd1b5540,5a21b7a18a30e86f378c1de6fd2e8bf91f6facfcac538dfef0acafa7a6d57d8e,63efd990bebe8812c8ea9042aac87b8bbcb880a474581af2e80247fb3547bc50,564b9b23bbf05a61b3d9411a3ba9d8193493b1967d1fed995066fee152f4c82f,a21d4ea552ba65a189ea2cdd9657cf49f2f49a47d8fb486e4968fc0f2e6840db,15220a6cb7c33cc16d678e2e1d62374f6303ec96325b2d65d417cb81156a7953
AAP/2016/page_26.pdf-3,AAP/2016,1,True,True,PRIMARY_ELIGIBLE,True,KNOWN,INHERITED_FROZEN,PARSED,PARSED,PARSED,d36de2fbe41cca2ffbdef34f01eefbf95ae294d1a9080b2b8523e74c33fe017f,baeabc5cab3a53d38772e918b52b4a8e85ce2ecca4981928d6c3a59401e76214,d22d242e3c554e48a5b11aec9ce3abafc4d0761c730e31e38b496cdf7a9e1ec6,83ae473cc3bae4378c3fab26f2a9b60a358ba4346b2d2d71c84a55d16ab2c086,7deeda58737418db8b40a92f0333d7d9366014261f693840b07ac757490d1f61,ee0c8d2af000fe2c7e570d3d2a5c8aab462103ca9493748d840070883cf9935b
UNP/2017/page_50.pdf-4,UNP/2017,1,True,True,PRIMARY_ELIGIBLE,True,KNOWN,INHERITED_FROZEN,PARSED,PARSED,PARSED,eba03d648b1827999f0cc15bec3cb05b6b297b6881aaabed1c42b3cc8fc8ddd0,c5c0c5dcc67494ce843b4efd2207ed3e9068783a32fbf796305ea84ef843f5fc,8bb51b8a0ec5d0afc411110e9be9c24dcfb11431f5a0e39c6dcf4f50682674ac,8ed595142f2c0c59712f96fa0072508c922b996bd2042d3b2e5ed6d4a8809926,95663a288fde913897dbecc05bf5a333a6e7b48f2a88b5a8ac17b5b579bdb3fd,71453314e78d10f3702215080c4a61f46b4dfd751d897548f1af2b8dcd132e28
UNP/2015/page_16.pdf-2,UNP/2015,0,True,True,PRIMARY_ELIGIBLE,True,KNOWN,INHERITED_FROZEN,PARSED,PARSED,PARSED,4a3dc398402a9d584e21d20f1f41864cea22418fead646c2d17e87a22b731c89,612f6cea1a945877d5961a6de8a29d2b612101d28dd23e6a832dc3790f3fc38d,301d56df06d989d88d4590c8ae02818619448f8fad057e7dc78a3f7a633fd08a,31bd9964963b00c5846b2dbd19ba90a050f490d452017800c98a1eac31850518,f40442db7abf71bfe900c6b6b745cc5b9a5ab7bb6ea7175d44c90cce1a6bc6cc,afda2d4f6d2c93283a3efe454320bb6a37cf33daa2eb0edca61128a88f2bb220
ABMD/2015/page_53.pdf-4,ABMD/2015,3,True,True,PRIMARY_ELIGIBLE,True,KNOWN,INHERITED_FROZEN,PARSED,PARSED,PARSED,e2e32106d81ba030e4dc0f541a820b0fcdc286c3a8f749341de0cef13edc61ca,546cf542b4b085cb7d6a3df2560808ab965a3f132dc98b726fbf4fa30a5754c6,b394b1d23bf566cbf5cf2343b34dd2b94b96feb6660e652dca6b025abd9855cc,ca49f71a52c782ca15a8fa1ba938f84fff78ac914893500a9eea6f0d4d4a0565,28175c05a34f128ee513d5b9dd42b31d73947bef9e31633d7906adc84a9de218,98a7373c1dcbab93df4fbba81967f53ad517a5a029ddd378fcc222918fe136d3
UNP/2009/page_89.pdf-4,UNP/2009,2,True,True,PRIMARY_ELIGIBLE,True,KNOWN,INHERITED_FROZEN,PARSED,PARSED,PARSED,7971965532c67a492a691eeb2c538aad3f755e8e0ad037af96fbb0ddd91a4c25,54528821990acc2c5b2fb8b5db79ffbc3e274b1ccd081bdc04b9dc5daa159d95,723a2b9caf42d061c2b812be4680ba8484383cd1c0085fcb11446b492725ff5b,6a22d91fbba37461f91aa2a212a7c6733718ad57a43fa003c413d76fbe20199a,6b2776bf1575f67803c6acb5c0bbcb94ee8231d9fb72881e988f50355ea00ba2,f410fe3e1b483dc1072f7aa6b845076a4017863874690b2b60648e5bdae99a7e
MO/2014/page_11.pdf-4,MO/2014,4,True,True,PRIMARY_ELIGIBLE,True,KNOWN,INHERITED_FROZEN,PARSED,PARSED,PARSED,43b4a5369ad06f6800e44d8f040da4ecb45ef593b682e6191b520a6b03c92759,8aec19d5c4ef363c0321034af43577eb544a1a5ea7defccfd81c66414df12b72,1928a13fe3583fa533954420b80a5660ee1f21fe48d36038251002de37751d9b,83e3a705cf35eec4bc473c140696e735ed40340da967336dc6e2cc0154bf7b50,316ec9e950753740e3c17d5a22ad5e6925bdccc5fe952b413235aace5490627f,b25fa422c97841ed7a68149956d2e1ac8a79c3b86a4ab23d653d737fe8525a99
PPG/2018/page_54.pdf-4,PPG/2018,0,True,True,PRIMARY_ELIGIBLE,True,KNOWN,INHERITED_FROZEN,PARSED,PARSED,PARSED,7c62b6c59f635d31ace3ae752416c9e3b78216b17f1c67ceab13e7feb3b80fce,ea451cd1381fab88b6abf8fe0f3eb00969cd79e074db2f7193eae8f33f466888,7fc3867016dd3ad0cc6115e8f94091ccfa7f593b95c9d9d1c272ac4abf197927,d3445bb910f9df0fb87e3a135d1b1e9e30433c0caf1ffc1135298ebd4a7978a5,f8b0826dd660c912347d22656a9303c272b835502b750cc9e42c1d5576db9016,24afe60126f8037174a69e43dfe797cdea1d19058c178c439641edffc219a178
UNP/2012/page_74.pdf-2,UNP/2012,4,True,True,PRIMARY_ELIGIBLE,True,KNOWN,INHERITED_FROZEN,PARSED,PARSED,PARSED,5f3346a43d2e081d4f536af075d2386f6321b5a29c7be9e5e03e04c9630a6ed0,798a8d859b5ef84b70d2b084aee42b2b8002ed3585eb0a92834c40ce9edfdb3d,421d416ee4213dc32a5157d3c5235134eca6f7125fc907c7218f1031057924ed,775ad595b221550d74fe3bb989a1c9dcf1f8546da564f90d7fc1ad36aa802d12,366dd60dd208ae09933c927745286c8a6b11c5cd202c90937fb2c781758496a6,90c50ba93ba943ad87abff789257b46aafcc02ff3e61469c501aeeeba88c120e
CMCSA/2015/page_100.pdf-1,CMCSA/2015,1,True,True,PRIMARY_ELIGIBLE,True,KNOWN,INHERITED_FROZEN,PARSED,PARSED,PARSED,598fe1f1e41b65527ff9dfdedc9854d21a1f536dca3fcaf359d9996c1ba23b4e,175e0500e2cd329bce7d6925a6681e932bbfb14f765a791525f3a6b92239b071,5c2a2e70ad6d8aac9ca3d4668a4d67068ccb066bb8896d81386095d7904a7195,3aab6da8b1d3e75054a2d42d0b2df528b2e80c91740e417efc3426876bcf3f89,cb7268989883385e8f62072545de33ddf6b34409f58d9523f2ff013d136ecc2c,7227b8e5283499d218ccb602386c78db6e9e24a9b05136b67146c39b3b34520e
PPG/2013/page_54.pdf-4,PPG/2013,0,True,True,PRIMARY_ELIGIBLE,True,KNOWN,INHERITED_FROZEN,PARSED,PARSED,PARSED,5587453b27fe53ad476ab7e85a712c0b6ed80f61c6793cdb447d2103969be4bb,158ef457b26443b7d5cd0d51402e7dde951bd588df0775db55b880d295a90eae,11d7132a0b76818a6fef0b8150d450be2bfc5ea8c2d59e9714fd91e3c4d78c1c,56943ab0a17fcaa5e1565833230f87a4d85e9ba0565303744e5c67714b3edbde,49bbb21a402381f042a5ae21ef2c4a2980e3229fbe16e19720793d29b4ddaf12,90ddf228a5c09d0943af8c6db650d4673afc7dca1e1b66ac69ae1a261e9eb93f
UNP/2017/page_74.pdf-4,UNP/2017,1,True,True,PRIMARY_ELIGIBLE,True,KNOWN,INHERITED_FROZEN,PARSED,PARSED,PARSED,119bca5bf3faf680f9ab2992a27c4e9ec59213e43f21f0881d0af0c6a089e76c,27e47a4613f2a1a322fde52ce8520cba3a98ef926a8a0b811a9e9493a3db2ebf,cac2df9f32012889d2997e2d647e95cb6bda4c70dc3e3229d8df457381fc001f,b552be47d573bb87c14cef5c93ed9b283a2a18defefbdb9e119affa82b72d9c4,43ae23abde96347d700cf24ff38106ff398cda202378af81a6cb26ea142a3899,618905a840c764648d004eb0cee72f5c594233cce7f746ae57f5649f44ae4f8c
UNP/2018/page_50.pdf-4,UNP/2018,0,True,True,PRIMARY_ELIGIBLE,True,KNOWN,INHERITED_FROZEN,PARSED,PARSED,PARSED,7f41544d5b0aaca9e10d1d029cbba222ff04c8f754094791ea0caeb901992aec,ffb25417575911705647f167435ba7233712b138715280ee0c08bf1f6d13886c,60a9068c6faffb51c8cff9247501ef3872e9bca13256c9b84b99ccc0ebc2fa6d,df734e4d4d02bc8abae5f2bab8c905339d32327780ea1eccd76896d1c7b49b89,504d39b488ae8d4192673b60ef72822e137b9032a84428ad190550559071c5a7,2126e4a71327b5449ad9826cd728a7cb9005d6e2916053cfb9748583fd5384bd
CAT/2017/page_136.pdf-3,CAT/2017,3,True,True,PRIMARY_ELIGIBLE,True,KNOWN,INHERITED_FROZEN,PARSED,PARSED,PARSED,404ff6f98cf7e51ccbbeaf36de50c4db90a1f17c842e78ac59986c5d2e6ebc52,c2fc34b883d8f071c476a2925d8824784a35de711d7de2c57ad611944d9907fe,575d443487060ec137144b1d54776958616b3ed00bb22cabcc511601cdafae80,db95403fb89a945541a5b1e44dff86e6b0b3789af630317326710698a066e02a,3aff6c87d244b87d1ae5978a7350e5536d7464a418ebc27fafab8c6d0c301436,c01455d4c2316efd226ba77bb18a733131c397f93fb2544712c510c6f079f3cb
TFX/2018/page_47.pdf-4,TFX/2018,3,True,True,PRIMARY_ELIGIBLE,True,KNOWN,INHERITED_FROZEN,PARSED,PARSED,PARSED,2a6b1743330b85452feadd09f312c311a533d3e9d1f906f250ff775865fe50b3,2df7e57b4ee71b99fc4b06d7eb7517bd96dbddfda74863b0b8e9067c5cf94e65,d2eb2cd18fbc57235e8f4b9179f7ac7e56f0c83e2316f98955ebe9698c3188e7,ab67b0772d9d22743c25f55874819d20f506e140177aed5afe87e57db75004bc,bc1bfe07ee2d63b43b6bded41db8ddf78d8b7cd16736a7fad5344ad6cccc348b,470cdafb17dc473a4b1d8c62c6a5b1bfaeaa1e07026b2cd0d337d247a29af7f9
UNP/2011/page_40.pdf-3,UNP/2011,2,True,True,PRIMARY_ELIGIBLE,True,KNOWN,INHERITED_FROZEN,PARSED,PARSED,PARSED,5ef02c40c21231e3b3f42e1f989d0ff9d94063b4c19775af2bfd27ce547fc4f3,bf0e58b57c13be074d3a4557779b48bd2e88d7b5359a2c953b0c550cc136dda8,e585c27543ee1c959748bd7f8f3942aa52c5a2180cb0e5279711852a50b56a6c,b1b3a66b97adce4ce6afad0173faea94d5146074faf931e36de8278662e2cf40,c8f629905016635989516079e98725bb45f3d09a06a57c83e786b488cf40ea09,e365087edf2d380b0eb951583a075adcb811bc9e43a5dff4544547327748ec18
UNP/2013/page_14.pdf-4,UNP/2013,3,True,True,PRIMARY_ELIGIBLE,True,KNOWN,INHERITED_FROZEN,PARSED,PARSED,PARSED,2a6fd86562f856fd964c01629c9e7ca0c97b38d2f2b6f51b62471e1ab8c70796,f4c0e6e7ceddc02b506b1f680f6984ca2d626e2f20ccef224cae9dd48a2a04bd,8189321c3ffee25265fd7f41433abccc40a4f931e9fba29556e5fc1d64d4f1ac,5101605a42c4fa76a361bb55e8356f9da6fddc9584ad8df8cefafb9ce469faef,1163278a8d536f9a0ada4c8a575fe2c1d08836fb28f897b332d3c9a76795009a,8f016fdcca27a72c5e5fbc92059598a23b50d69f558d062e23b2f1f4c9ff86cf
UNP/2009/page_83.pdf-3,UNP/2009,2,True,True,PRIMARY_ELIGIBLE,True,KNOWN,INHERITED_FROZEN,PARSED,PARSED,PARSED,4ef9d4867983f15424f9f3de0d5d3c30fe9562ecdc697272bfdadee6b8e51908,0f449b0895143d3748dc8384a6d4f5ffe340fbcbd5f2b552626c7e564b9db073,3d04fc91f41ecdf7f51284f656f36399210324b2843a18ec9d9df4a90afba619,a0bfbe58438f8f7eccea942b4b0c8cd9c5a9e0f9573d7bbc927c785260231916,a40f00548604a49d57a337b17f54e7bf22302e6c454c16588682233b33e0510c,b487434be0af2544bc21d00211a682a2d707e305f8b1eafb9ed25f90afabdacc
BDX/2009/page_81.pdf-4,BDX/2009,1,True,True,PRIMARY_ELIGIBLE,True,KNOWN,INHERITED_FROZEN,PARSED,PARSED,PARSED,e0160ced51991824220a9744e2895527598b88d91d6626214ce624b730f8b538,c8b04950ff2a87b2bf343159af822f3ed6eea1b1be482486ded2d75ae0ca78b6,d0c139ae4f6a691f979bce9f95d4a4e2bedd25345950bcfa362c0cb8a2d32bdf,faaf109d31cd45928e948194d8947080e0196a23125b6e4f2b94a70c4ea7afd7,eedd02fe564e9c68b95812d7a13180646133a96261341633318b5261ea0e7262,cf3a8adcf3ced3e551216e12be6c6690e9d94c05eec3d00ece47e1e9a3679f4c
PPG/2016/page_42.pdf-4,PPG/2016,3,True,True,PRIMARY_ELIGIBLE,True,KNOWN,INHERITED_FROZEN,PARSED,PARSED,PARSED,6f633c99c7e66f826bd670c908733a7d4377cbdd7a821893a871508d8a69c2e6,ca569ea0f3c65b804e9cfa86dbb276e73732453d755da2b61c9284fa420dba22,f0a42df737e77dd800eaa3230b8eee1cc71fd06a1bfadbf2edab71189233cc6b,3dfbf17f44a8e8bfb67fa6511f7103bca3cccf540e481032dc73b4be54397000,78d8aa8b0b87f78c368d1cb52dc2204ae375172a391b797579b7d2e216cf9854,66b69dab9899cf68260b67d54f39ac899a577febbacfa42464a7d3fb4e648ce6
IP/2012/page_64.pdf-4,IP/2012,3,True,True,PRIMARY_ELIGIBLE,True,KNOWN,INHERITED_FROZEN,PARSED,PARSED,PARSED,b50a9a3c199e79c1c735129de9f68d3d47d8d880932a460ef362e9a093a5bdfc,68fd6dcdf7dbc6730e6d483fe377abd4073a758627111c98762733ef2b598ae9,21b42e18d59a542a4912487b3a05b0990061b0d918480c5e6b68de0ae6792c30,5ee420851f3acc74fe3b42c93af2d99367219587eb53d35d7e55d39f436915c1,d692034c40fdeab4902adf00fbe4a040f75c058f3b020d4804e619a19db3b84d,bf2098f03da30678a837a574c2e8dfe98459d5546b73efbf7466c3f6fc93abd6
IP/2013/page_101.pdf-4,IP/2013,3,True,True,PRIMARY_ELIGIBLE,True,KNOWN,INHERITED_FROZEN,PARSED,PARSED,PARSED,e3ab439279b56fdd654d54bc4c97f33180f84db89117212c2d0a71c935b31545,fc83724ca93aa33cc75bf38e136cacf1482c36b5c6ca9ea3d0da18427a2336af,8bb5c0e9b1b2255b76e4d3e3d6819e5e23e40a1cd191047e854c8c70c484c964,2ef91f6f4b0626dede26e6bd7af34c0acbe386556088ee1e1267d969494e9e6f,9574860bae72b6e086247e5ab3e9cefa43c6a60ed4f35590efd4aca8f935a2d6,7264f813699194dbc6abf8cf4b6308fd8082d95f3254e7aef59c75206322c931
AAP/2013/page_68.pdf-4,AAP/2013,2,True,False,LABEL_UNKNOWN,True,UNKNOWN,INHERITED_FROZEN,PARSED,PARSED,PARSED,5c8259ffdfcdf87292f5ab1e633d68dfa0df1052cb5bd7f6fd392e8061567bc3,dad0b1a341e632d1366eb290f24f43c7a8b2be25799678ef92357cd5083dd19b,1a97a12e944954a313bbdbd200cfbcee3b614a9e51ce865aa2ecee9110bb094e,d66ae07484c3763184175de3e1f471befa03518a38ada4097994c58f5fd32413,b531ed7cc9bcec9d90cb17c779ff250f1f1eb6517955728b80a5a32d2a0e53cf,bae30c9c376dc6d2487bbf1b0812f7a4873d331a3e417862193e3a39bfcf85ed
UNP/2009/page_83.pdf-4,UNP/2009,2,True,True,PRIMARY_ELIGIBLE,True,KNOWN,INHERITED_FROZEN,PARSED,PARSED,PARSED,02a4553f3b7734ef8bfab1ebadcb8cd8bd339ae41a6045def85144ba2e6c396b,ac25b4d50ac0c5961c5b78c6cb274d63d12b63e521f71edcacd0cb5250350a2f,772ea91b86b0367c891b6840e995efe4e11fb2c820dd62d087f8f85befd25e3c,6fbf5e2b14aad57d7be5a48095ec6623ea2cb77505ec2b1a11f284c257e60e74,11c9bb255a35c041af97b40bad4944843a370ce9a9dac1a3a6e82f854c6fe299,0d361847a5af58b3b364d9ae1d4fb39614f07893dea1ee6d110e00b9217f6b84
BDX/2016/page_62.pdf-3,BDX/2016,0,True,True,PRIMARY_ELIGIBLE,True,KNOWN,INHERITED_FROZEN,PARSED,PARSED,PARSED,430a6b65e3315eec80f1f4d12afbe81b45b3b1f73a4db8e4be3a62d355c0a695,97fb26764842cd931089215ec02eb59e0b3fc69fecc25da1443284d3c5d72a08,eee90c912f6c5554898eb91d6c69ce35cb0f208deeebeefa8df0fe18daff6b66,13d8a5971a9f57ee5338cb4145f41b000fc0966daf5e0ee50ad207fe76aaa834,da6903bf3c13a5d8ec964c92aa6ab7479d5fcd8c5b214006057d734a376466f1,19eea11f12228fe2130858bd7409ae832205415188cb4534f6ff9952284fd194
