row_index,item_id,source_group,outer_fold,error,g96,g96_construction,g96_raw16,raw,curve,raw_plus_arithmetic44,legacy_g96_construction,legacy_g96_raw17,legacy_g96_raw17_edit
0,INTC/2013/page_71.pdf-4,INTC/2013,4,1,0.9142986560785153,0.8641852498956717,0.9181175102104764,0.9683418263178031,0.951156688299319,0.9265290006262992,0.9287603140106875,0.9416457217777562,0.9685280331938235
1,AAL/2015/page_74.pdf-1,AAL/2015,3,1,0.7192300292636141,0.6698516432207432,0.8220492137729848,0.8277403421265476,0.8668362512693315,0.7498121414068974,0.7024548126578424,0.779405089506253,0.7191050568199928
2,AAL/2014/page_89.pdf-3,AAL/2014,1,0,0.9141914246781325,0.9578270289470552,0.8499150524149081,0.8827294829290266,0.8964244290061839,0.9457415723935996,0.9730426081251472,0.9060310995394592,0.8889964187724431
3,GS/2014/page_134.pdf-3,GS/2014,3,0,0.6348929629532859,0.7414731356410533,0.3060402060128298,0.20324430953150321,0.3309847330767702,0.10162051130994385,0.643688598573159,0.04729477808155001,0.06796209534747004
4,MAA/2018/page_19.pdf-2,MAA/2018,1,0,0.9489524470716718,0.9447693389147803,0.9865261830694538,0.9878259471486659,0.9581460334302252,0.9198768651771897,0.9714266980045854,0.9829588662918081,0.9920462434000983
5,HII/2018/page_64.pdf-4,HII/2018,2,1,0.994988557489575,0.9897033348014638,0.9790641890076481,0.9845944982540665,0.9857699065630717,0.9732278104925981,0.9941609115334199,0.9914203574369916,0.9916769793134013
6,FIS/2016/page_64.pdf-4,FIS/2016,0,1,0.9653663696907557,0.967839816928175,0.9566850462351412,0.9598341216157128,0.9590229900967985,0.9716485819969854,0.9761370236210467,0.9616813336822146,0.9807141101679223
7,FBHS/2017/page_46.pdf-2,FBHS/2017,0,1,0.9853243870888636,0.9822794477190245,0.9911324291050311,0.9763587294342487,0.9727045408645932,0.9927656929631966,0.9545393242696685,0.9882334381493856,0.987962965700418
8,BKNG/2015/page_38.pdf-2,BKNG/2015,3,1,0.8657490156580357,0.9242419463340418,0.806231565619893,0.8336295052161686,0.818150210696814,0.890806204741816,0.9527767200137388,0.8348102196388534,0.8768979838317567
9,STT/2012/page_42.pdf-4,STT/2012,4,1,0.8595345871313521,0.9284948547980558,0.9597613297803637,0.9361718956841559,0.9466167062656072,0.9802517558308096,0.9317999482783696,0.9814895955459478,0.9717259143474981
10,FIS/2016/page_64.pdf-3,FIS/2016,0,1,0.9445837254221163,0.9691354813230851,0.9502061360754543,0.9413058630348322,0.9238177043766437,0.9591840346647162,0.9574728345263618,0.9300808478006605,0.9447114324646118
11,ETR/2009/page_107.pdf-2,ETR/2009,2,1,0.9757502660270075,0.9873525543779608,0.9457452362565304,0.9299576391422755,0.9418469745235338,0.9760578502285384,0.9901787766520511,0.9646503294981321,0.9681792043367349
12,AAP/2006/page_85.pdf-2,AAP/2006,4,1,0.9578222991459692,0.9720547200299036,0.9978326673559561,0.9985490977120208,0.9918650868814258,0.9978709288692204,0.9323209697596885,0.9968596322853795,0.9964901043476736
13,AOS/2007/page_17.pdf-1,AOS/2007,1,0,0.9232491951351329,0.8319704343638106,0.1889636148991437,0.19379054757439768,0.20660688753613518,0.18808109788230415,0.8350268402260348,0.2679429083178045,0.2703773864052464
14,UNP/2016/page_75.pdf-2,UNP/2016,3,1,0.9897765679721324,0.9895851526178745,0.999050583046843,0.9991204189386657,0.9985965723779072,0.9994204155242687,0.9887417401215735,0.99909879086476,0.9993239942385204
15,UAA/2016/page_83.pdf-3,UAA/2016,0,1,0.8721750677021076,0.9051478607431092,0.9220608612330419,0.9228786328587613,0.9303479762495506,0.862792954187084,0.9291725944753879,0.904443500113123,0.9215422193531344
16,MA/2010/page_107.pdf-1,MA/2010,2,1,0.976260553093944,0.964265250734312,0.9837488323129331,0.9840518972955825,0.9891580041354205,0.9948791901246895,0.9815976192952972,0.9844310615248593,0.986036204954417
17,HOLX/2011/page_122.pdf-2,HOLX/2011,2,1,0.993768142081149,0.9906799708372725,0.9930198345686859,0.9961664575264032,0.9976081278007033,0.9934698999823123,0.993776503232414,0.9956037755188144,0.9962726263612506
18,ZBH/2008/page_70.pdf-1,ZBH/2008,2,1,0.9884650176153729,0.97201021756093,0.9915172062854534,0.9846053812702126,0.9853571955458444,0.9925618283720472,0.987744140392191,0.995829683114347,0.9885163666441575
19,AAPL/2013/page_27.pdf-2,AAPL/2013,4,1,0.09065969647151763,0.14801328331932684,0.5347528582386581,0.5018843842091124,0.9396749619821475,0.9690194961974031,0.21776645849285187,0.634290839718709,0.7341078788945481
20,RL/2011/page_12.pdf-1,RL/2011,0,1,0.9412652320507799,0.9518242031804757,0.6989669365002715,0.8668290724045078,0.8453793317064191,0.6893819131169842,0.9620679454722646,0.6460875586478554,0.5615455418290516
21,DISCA/2013/page_60.pdf-1,DISCA/2013,4,0,0.5721565444757356,0.587812739573515,0.3866958117522736,0.423756964915907,0.3014189066904046,0.039625266188575585,0.5755697305477769,0.22093507780435068,0.3398840673895264
22,OKE/2008/page_38.pdf-2,OKE/2008,4,1,0.9571999289722312,0.970384705381235,0.7526779659124504,0.7289696691282395,0.5364049212755577,0.9664313374616211,0.9715210622277467,0.8336985774642375,0.8764939759582988
23,ETR/2004/page_216.pdf-4,ETR/2004,1,1,0.7150544979167685,0.6375186996986304,0.9069427507001734,0.9161896535864569,0.7816085932240548,0.9107010920157167,0.7126549144592677,0.8919864625638383,0.9457479826874888
24,HWM/2015/page_95.pdf-2,HWM/2015,1,1,0.956317073517382,0.9202402558857762,0.9811940163947077,0.9751860879786537,0.9240942769137028,0.9914774829373422,0.917996838503557,0.9727064729543143,0.9819621279803138
25,AWK/2012/page_118.pdf-3,AWK/2012,0,1,0.9246991199796727,0.9533934007318429,0.9905135337526416,0.9917934390206022,0.9936801851100207,0.9972286919626624,0.9621936075574931,0.9972591827477418,0.9955037408202575
26,APD/2019/page_53.pdf-2,APD/2019,1,0,0.9807608364522439,0.9665580073082761,0.9953519053048608,0.9965720612357795,0.9755904482089177,0.9243722599025049,0.9634836207858593,0.9962890104473849,0.9951099578750409
27,AAL/2015/page_74.pdf-3,AAL/2015,3,1,0.7031324808955391,0.7137148655873301,0.8046454227528644,0.8193041641369322,0.893764726235639,0.7627795920009205,0.7785395862209192,0.7726194390124317,0.7709741814717292
28,ETFC/2013/page_84.pdf-1,ETFC/2013,0,1,0.9036566398933602,0.8805074232883316,0.9350648630689337,0.9429947887782003,0.9255030937506875,0.875295153330139,0.9482516475870881,0.9053252110680118,0.9057757453879556
29,ETR/2016/page_24.pdf-4,ETR/2016,1,0,0.7846836152888492,0.8300280608188932,0.11846162121002253,0.18550740117181574,0.1801197901449255,0.09581409599235867,0.7353497437884399,0.25806699822633256,0.17569686158261666
30,AES/2011/page_230.pdf-4,AES/2011,1,1,0.8737078265389152,0.9370396926460479,0.8005309751843238,0.8811161698786839,0.901207582809109,0.9244103161573498,0.9111423816973425,0.869609766123072,0.8896332141703357
31,ETR/2016/page_403.pdf-3,ETR/2016,1,0,0.5267031198579893,0.6196127307924166,0.3665300114424568,0.40468342426777126,0.5640388422205531,0.7730362046844307,0.4775884189259765,0.2900290104736648,0.2310062455250135
32,APTV/2015/page_50.pdf-1,APTV/2015,0,0,0.2699013953341851,0.4313211897941557,0.13271830038848043,0.2036622644492552,0.18517872451515635,0.10554457106458785,0.4558591226857143,0.13814050918448662,0.12746966683536926
33,AMAT/2018/page_31.pdf-3,AMAT/2018,1,1,0.9823525073097468,0.9833909621310339,0.9931075322982831,0.9935225482586939,0.9829543646548682,0.9857853185916426,0.9835964794516773,0.991994348948859,0.9949382328998899
34,CDNS/2012/page_31.pdf-2,CDNS/2012,2,1,0.6789558199862324,0.7433395535891784,0.6790550127473782,0.775373408833792,0.6985663177794069,0.6376200478796679,0.5537257075967054,0.4131423118761151,0.5592127844161519
35,AAL/2014/page_80.pdf-1,AAL/2014,1,1,0.9408323896201374,0.9653076404841646,0.911241089945776,0.9389482889692067,0.9269758537009115,0.9128632595098896,0.9809434258199388,0.9522004945895258,0.8607360916542279
36,ADI/2019/page_77.pdf-2,ADI/2019,4,1,0.9647025729541812,0.9578577460168483,0.9202819967098466,0.9559003758088177,0.8787240823954218,0.9434388314489824,0.9798980760621046,0.9028580500730391,0.9447398988073897
37,HUM/2018/page_46.pdf-2,HUM/2018,0,1,0.8886099078966591,0.9001662480406631,0.9913570939941154,0.9823846452498698,0.9500560982109234,0.9881830980492694,0.8501908620276756,0.9895787288926602,0.965322680366374
38,PKG/2004/page_23.pdf-4,PKG/2004,1,1,0.963703197191268,0.9709007972151483,0.9652638975474025,0.958782964126842,0.9759495635368303,0.9915423241065422,0.9746832725518108,0.9768012938459968,0.984293712772702
39,IPG/2014/page_37.pdf-3,IPG/2014,1,0,0.9418209625675639,0.8735188241052968,0.7523408343572227,0.5139294935894182,0.3137836566669182,0.8274442442205304,0.8735898012977459,0.688541361160517,0.55796157850855
40,RE/2010/page_120.pdf-1,RE/2010,2,1,0.9637265618359597,0.950150114561774,0.8115045572881417,0.8849929610599457,0.8196376114137507,0.8684834808890131,0.9744630309727547,0.8283523151878175,0.88112571860945
41,JPM/2016/page_140.pdf-1,JPM/2016,1,0,0.9777060036554409,0.9730122318640253,0.917629408817527,0.9493103333761095,0.923286734990865,0.9502462197231221,0.9625293358411101,0.9358711603522968,0.9330592037358773
42,WELL/2016/page_61.pdf-4,WELL/2016,0,1,0.9257449765596303,0.9274523934778233,0.8966767904159826,0.9115291673183711,0.8150761787860914,0.7473201823033107,0.9369666047147986,0.771893717480175,0.9023351257041328
43,GS/2013/page_193.pdf-1,GS/2013,3,1,0.9190280507553074,0.9430019088914235,0.934635815007628,0.896920657503931,0.8870487373486536,0.8242806129538731,0.9535103236171388,0.9611320433960725,0.9342801309110971
44,HUM/2015/page_46.pdf-2,HUM/2015,3,0,0.42090849390318574,0.41607197216826414,0.03119433735229058,0.05446985571389054,0.07591696149446688,0.04080819424001485,0.3276751952368143,0.05024997479649583,0.040725625032231115
45,KIM/2010/page_94.pdf-2,KIM/2010,4,1,0.9192033697723327,0.9532430036950307,0.8918782353151905,0.8431291485471729,0.9295278460543044,0.9364201932049268,0.9622803548967548,0.8932666897139008,0.951255915842213
46,DRE/2010/page_56.pdf-2,DRE/2010,4,1,0.9672880834126092,0.9365330242487172,0.9669738369853317,0.9772176616755498,0.946680931794458,0.9665445439671713,0.9184994382471061,0.9294333467735543,0.9352958137021713
47,AAL/2014/page_89.pdf-2,AAL/2014,1,1,0.9366673820025178,0.9821504615493977,0.9381652978794125,0.9354738883217573,0.9597472690070017,0.9680445090270551,0.9620509443940177,0.9724914181154846,0.9675549607965237
48,BLL/2007/page_75.pdf-2,BLL/2007,2,1,0.9478608015842324,0.9233415794793668,0.9584497935026245,0.958246625378749,0.9515593578046103,0.9828141737234413,0.9494121469063385,0.9542140383646974,0.9466907129290479
49,VNO/2010/page_173.pdf-1,VNO/2010,1,1,0.9796234867011212,0.9803586034957531,0.9829704389536653,0.9799349471678721,0.9564203320646765,0.9869724306515707,0.9797007004512632,0.9648292587401993,0.9611380596788214
50,RL/2010/page_11.pdf-1,RL/2010,4,1,0.9713249941055015,0.9854255776611007,0.9896193910565331,0.9861736774913038,0.9897471396290289,0.9873596045009563,0.9759594581807625,0.9874696667132689,0.9865166726884927
51,LMT/2016/page_83.pdf-4,LMT/2016,1,0,0.7534199018582688,0.8158402255895344,0.5351990213383161,0.6328522919200531,0.5380667393166569,0.5733807972831924,0.7628111293328155,0.5791141325666853,0.5827902195822511
52,UNP/2012/page_29.pdf-1,UNP/2012,4,1,0.9491010575876037,0.9593727850384012,0.9611893601701941,0.9612842833410115,0.980766262937381,0.9933633026092314,0.9416562857394548,0.9586664220925156,0.9393141109641526
53,UPS/2015/page_35.pdf-2,UPS/2015,0,1,0.8803087619646981,0.8493291416711947,0.9515943053167724,0.9642703230908151,0.9633979332511013,0.982220621310388,0.8469010142904954,0.9214299912202775,0.9267408462217986
54,UNP/2010/page_24.pdf-1,UNP/2010,3,1,0.9428992655907604,0.9609856532903844,0.9700923184731745,0.9500166113150873,0.9601252063770204,0.9230881781614907,0.9663081302571804,0.9656975522951321,0.9623805143970732
55,REGN/2010/page_72.pdf-3,REGN/2010,1,1,0.895199218930836,0.8700760511453542,0.9660038466958786,0.9556606727580538,0.957082544758498,0.9790569135833569,0.9418151666377259,0.9781877773350112,0.9677216316597737
56,ORLY/2009/page_77.pdf-4,ORLY/2009,0,0,0.25515840835353637,0.4126821791342078,0.04890854848009631,0.04846078838819659,0.027010951975972794,0.059562603967113055,0.29536951953379875,0.04096148018312001,0.034604387033296456
57,HIG/2004/page_192.pdf-1,HIG/2004,0,0,0.852894216096193,0.7712646859340201,0.6503046818712013,0.7806678237347078,0.6456088017615157,0.46659415841080415,0.7467677825173734,0.5087157646787009,0.5836285655867451
58,AES/2011/page_270.pdf-2,AES/2011,1,0,0.8615475485187887,0.7234050304415834,0.9583019034529262,0.966169209507374,0.9426819535021255,0.976411236177878,0.6217637493298037,0.9716133349493081,0.9647673540455255
59,GPN/2016/page_83.pdf-1,GPN/2016,1,1,0.8587052297062384,0.8322985784074087,0.807955284649873,0.8051302657852396,0.8277986658836114,0.7642827934413778,0.7815689675778554,0.8877557936263543,0.776401026355021
60,RE/2006/page_122.pdf-2,RE/2006,3,0,0.3214970510194266,0.23864617535640598,0.6406861166933302,0.569784786585503,0.8601412667240296,0.9194130621462204,0.2587601131693748,0.35527453011759397,0.23050067596345564
61,BDX/2016/page_62.pdf-1,BDX/2016,0,1,0.916892654040148,0.9024150748520547,0.8659100697464631,0.8672420370360951,0.9261138530960811,0.9028760978988878,0.7315917630816825,0.7329026132728004,0.8040938403072897
62,MRO/2012/page_39.pdf-3,MRO/2012,3,1,0.7063930203184399,0.577019710866586,0.7455805369035791,0.755094363501546,0.9189193813064508,0.953856595289991,0.606402394391221,0.7922181751840479,0.7583112700503313
63,VTR/2006/page_88.pdf-4,VTR/2006,0,1,0.9260380170791718,0.938862113419581,0.9953597722153904,0.9962598810990011,0.9935790915088999,0.9978743643012592,0.9513524525928094,0.9964598695825008,0.9931959160859567
64,HOLX/2006/page_102.pdf-1,HOLX/2006,1,1,0.813352600253214,0.8742180771165545,0.9810318201927204,0.9843658589415363,0.9872427969094899,0.9786101929248706,0.7802144376815076,0.9868415159976949,0.9905350535221189
65,MMM/2007/page_66.pdf-2,MMM/2007,2,1,0.8125577588516066,0.891340435931685,0.9362974952548562,0.9700031158787845,0.9854049550632836,0.9645034394339832,0.8937837556657678,0.9279485445605834,0.9498959610025054
66,UAA/2016/page_83.pdf-1,UAA/2016,0,1,0.9695353726746242,0.9645838194909899,0.9925349238597012,0.9867662318148737,0.9905110795379015,0.9971406872089192,0.9894996246564282,0.9959250341030627,0.994223829486459
67,AAPL/2011/page_24.pdf-1,AAPL/2011,2,0,0.050281091435018986,0.05423648195524189,0.015901334596416843,0.015235139569733382,0.00908008653666033,0.009890391829941251,0.06055337289772886,0.014234961123046409,0.015803030239448887
68,VNO/2006/page_95.pdf-2,VNO/2006,1,0,0.9822953151178472,0.980291869378372,0.977615503940289,0.9561577159264226,0.9391850815623023,0.9530316909295217,0.9312504613015512,0.9377361753104935,0.8096800945736533
69,DVN/2010/page_70.pdf-2,DVN/2010,3,1,0.9512307896554988,0.9661375576868201,0.9811993563328641,0.9710709279002556,0.9489649377902011,0.9723731839987334,0.889817506597522,0.9646869304017675,0.948062813402462
70,AWK/2015/page_106.pdf-1,AWK/2015,0,1,0.9078741587748388,0.965154726151693,0.9534494043654723,0.9441318513367043,0.9710211648362796,0.9354478414123295,0.9604261822415039,0.953811219107859,0.9500241976739638
71,WELL/2017/page_48.pdf-1,WELL/2017,0,0,0.7346679349774982,0.6716169025489818,0.2578026950778206,0.25571396675116764,0.1109259560416351,0.0753048994530027,0.45428619853935415,0.16435448936954866,0.16927202197395827
72,CME/2010/page_71.pdf-5,CME/2010,4,1,0.8109132606181287,0.8440546955552063,0.9618722634706444,0.968050997055206,0.9750566482389464,0.975011213780541,0.8312248053854917,0.9751198646421638,0.9790082334754058
73,APD/2019/page_108.pdf-2,APD/2019,1,1,0.4760900577437132,0.5030807854623511,0.4353586130222715,0.5079000597630133,0.5257248522731838,0.4611242927781854,0.6016261008038164,0.4105073210016111,0.4443568884990928
74,TROW/2009/page_24.pdf-3,TROW/2009,4,1,0.9722639685279408,0.97518549625786,0.9884456164375571,0.9919158940570998,0.9858192161915718,0.9963425521510026,0.9898902770902204,0.9875923866828619,0.9938970923701069
75,ZBH/2008/page_86.pdf-2,ZBH/2008,2,1,0.8919379532365284,0.8528876173551231,0.9341770286898907,0.8493106791896183,0.9007131253022074,0.9913840090935568,0.6694624617821554,0.8651930312426488,0.7189488531819008
76,DVN/2014/page_88.pdf-1,DVN/2014,1,1,0.7001491175575777,0.7665570492553604,0.9150866912227578,0.9562251670207759,0.936191834050063,0.9687532783978634,0.5885067812127123,0.9390368160879468,0.9688231975571764
77,ETR/2004/page_158.pdf-2,ETR/2004,1,1,0.919870979659826,0.956163467044537,0.9255229585324477,0.9728816401154643,0.9736319995710736,0.9469647102289023,0.9695450023290361,0.9504141212548904,0.9712879996108448
78,SNPS/2012/page_62.pdf-2,SNPS/2012,1,1,0.9795600631324901,0.9522514878642362,0.9875516564560839,0.9832717717363235,0.9868217217711189,0.9884413400588343,0.9561135833411024,0.9897207228351784,0.9816796189742376
79,HFC/2017/page_103.pdf-3,HFC/2017,1,1,0.900718922406938,0.8594057738038761,0.8718525246211095,0.8442507429986835,0.8517978600021294,0.7985093011065526,0.8604760974558383,0.8936771865015746,0.7841647707267394
80,HUM/2007/page_18.pdf-1,HUM/2007,1,1,0.5500950384918246,0.667390835508689,0.6443375180056278,0.5851022992451397,0.7587225164201469,0.7772927658079255,0.6957834959406898,0.6973862948926858,0.5150276105993917
81,CE/2016/page_88.pdf-2,CE/2016,0,1,0.8752548915179855,0.9136912369941806,0.9837035868188294,0.9637150295050524,0.9864281127757882,0.9942101338943861,0.9304867293053961,0.989607617185065,0.9881374288652013
82,ETR/2016/page_444.pdf-3,ETR/2016,1,1,0.8120732799706097,0.7295471912424055,0.987290727631554,0.9884740704874713,0.9917131530742723,0.9956872665268437,0.8634445890953342,0.9928391715524177,0.99079469166894
83,RCL/2012/page_80.pdf-2,RCL/2012,1,0,0.951983444204156,0.9611813377649298,0.9778679985076146,0.9722198806757714,0.9556754643576162,0.9883344083266193,0.9695856390996447,0.9645781032243294,0.9673374703159847
84,AAP/2016/page_65.pdf-2,AAP/2016,1,1,0.7301083650059694,0.8101481888438122,0.9841489713492158,0.9886383405203888,0.9917926768620668,0.997331235315242,0.7880695453724632,0.9924243754831884,0.9957719745789014
85,RSG/2014/page_73.pdf-2,RSG/2014,3,1,0.9091672989839295,0.899870402346282,0.9812099106112125,0.9859161698559548,0.9898699816475526,0.9853887847496247,0.9313749749112192,0.9854524539250353,0.9920440111944089
86,ETR/2008/page_130.pdf-4,ETR/2008,0,1,0.9469139095190371,0.9047940880471588,0.9341231209688201,0.9289852958472852,0.8898454462328599,0.9222547842731674,0.8848683118604771,0.9414806150182874,0.9499109224045748
87,AWK/2015/page_115.pdf-2,AWK/2015,0,1,0.9764455517886637,0.9758308942371685,0.9957499417721978,0.9926074033063451,0.9897017621946719,0.9936138720534705,0.9851755963320133,0.9977917195217818,0.997386435577364
88,VTR/2007/page_97.pdf-1,VTR/2007,4,1,0.9730861244822829,0.9534193890781109,0.9958314825745509,0.9946818185036185,0.9954580785523843,0.9976757161432983,0.950475292795674,0.995447599610171,0.9968625144627091
89,JPM/2013/page_124.pdf-2,JPM/2013,2,1,0.9814269377974986,0.9872409878282418,0.9651261188762791,0.9807511805964019,0.9390677494543986,0.9873724961731445,0.987034070175847,0.9660738261815316,0.9506987346897267
90,RL/2014/page_11.pdf-1,RL/2014,4,0,0.9902025684719378,0.978567152582798,0.99559878052065,0.9960398054615496,0.9924963940032702,0.9882956109352067,0.9902875455605401,0.9962402061014781,0.9957847353544443
91,K/2012/page_44.pdf-2,K/2012,3,1,0.5500316645240624,0.6254239193338627,0.8535162988259327,0.9456970839282554,0.9752075800482647,0.9774847413579574,0.5705888642708519,0.9340777160384918,0.9491063191654178
92,HWM/2018/page_69.pdf-1,HWM/2018,1,0,0.23969283852334666,0.2482799157900961,0.06277777548141207,0.07768847914467808,0.035331679218715946,0.01665734924789931,0.24259682839555266,0.07165540998281697,0.07767520026313823
93,DVN/2014/page_88.pdf-3,DVN/2014,1,1,0.9320282802197987,0.9660624333560823,0.7967192211004521,0.7794956801463586,0.9410173892198339,0.9137398479000453,0.9419905046014296,0.9243488172318969,0.9278467695233193
94,JPM/2014/page_128.pdf-1,JPM/2014,2,1,0.8796703623071013,0.8670230288477226,0.9589074421187401,0.950169422764845,0.9351385655164792,0.9071191352072533,0.8424868311801903,0.944892028524774,0.9555064087846803
95,HIG/2016/page_253.pdf-2,HIG/2016,3,1,0.7810533137950099,0.8659784717827003,0.6785603251878339,0.833791467193481,0.7942793259408351,0.8296666859648018,0.9357195872124712,0.8007293663615418,0.8253962296827071
96,GS/2013/page_97.pdf-1,GS/2013,3,1,0.7970082587127435,0.877802758377905,0.7464037188486048,0.7596592760815541,0.7505620415043492,0.6124102197315456,0.7937227423091695,0.8373830535921014,0.8950927113505325
97,GPN/2007/page_39.pdf-1,GPN/2007,0,0,0.9201118785175492,0.8225254118872636,0.9067975830478859,0.9396353240917512,0.7788070151934363,0.9317624299094874,0.8561781900296704,0.9191404829442663,0.8585628990079666
98,GIS/2018/page_82.pdf-1,GIS/2018,3,0,0.6093627025181144,0.7217853764703526,0.4050403607185673,0.41389036956753894,0.4652646357102139,0.4483050392103492,0.5667560513777166,0.27246890492896464,0.19824263977980883
99,ILMN/2006/page_92.pdf-2,ILMN/2006,0,1,0.9000885308336997,0.9142701064705944,0.8837531932337163,0.9185134687788076,0.9606608127257222,0.8773209187731227,0.959403053460263,0.9370687522614161,0.9019407928076157
100,RL/2011/page_12.pdf-2,RL/2011,0,1,0.9014832902065409,0.9182192513385661,0.727716520340792,0.8558333554669144,0.8103627715445217,0.7794227846792622,0.8713298364584239,0.6857292787867635,0.7383759872093906
101,CB/2008/page_144.pdf-3,CB/2008,4,0,0.8514373809413757,0.816283387542545,0.23842256426611363,0.3310415817440239,0.8185016816518422,0.8429334413432811,0.8992175935158009,0.3589760153893542,0.46926369378120053
102,UAA/2016/page_81.pdf-4,UAA/2016,0,1,0.9856971479572578,0.9913131777311494,0.995779826676391,0.9947779094381111,0.9927841275203751,0.9925457753749376,0.9848988394119166,0.9963541994268472,0.9962735318914591
103,VLO/2012/page_27.pdf-1,VLO/2012,3,0,0.838756935436323,0.7208435657221721,0.9793905888745562,0.9297533175726782,0.9847843707812687,0.7569116348757208,0.8989914033656558,0.9692287219773892,0.9622307216381167
104,PNC/2013/page_158.pdf-2,PNC/2013,0,1,0.4499590012138771,0.6264841699786263,0.9658089234205851,0.979737811375842,0.9966707809360592,0.9835317432450776,0.35353323511534906,0.9622038539098849,0.9732596427235916
105,IP/2014/page_101.pdf-1,IP/2014,4,1,0.9762231646311459,0.9676174498560303,0.9713454083217099,0.9481641132084958,0.9720923110181812,0.965953669580714,0.9624267110362893,0.9351779017168775,0.9643640486396056
106,RSG/2013/page_16.pdf-2,RSG/2013,4,0,0.05659674168338492,0.07528839566544614,0.03010559979880963,0.03830940946623344,0.05343598771013631,0.10627037755867609,0.06767357731772233,0.032366788956897936,0.02309427655397208
107,MA/2009/page_115.pdf-1,MA/2009,4,1,0.7564769451062454,0.7347506275962669,0.5444388143148293,0.6699226911007634,0.5828862276998129,0.45254072717355576,0.8698763457252551,0.8220378107005236,0.7199688586427845
108,DRE/2002/page_30.pdf-3,DRE/2002,0,1,0.9322009778712916,0.9600258265498886,0.9985350595729597,0.998061674148075,0.9952925720701765,0.9969064382240529,0.8877969896607574,0.9956816844444272,0.9941087439068438
109,RSG/2014/page_22.pdf-1,RSG/2014,3,0,0.9639062493484355,0.9372931701852336,0.9694872965289382,0.9481351289576928,0.8722631681244022,0.904272545101501,0.9464444585027872,0.965971638218712,0.9498432773992483
110,HUM/2004/page_78.pdf-1,HUM/2004,1,1,0.9824194657040195,0.9842163142022138,0.9967056467015432,0.9971887466651881,0.9970477442797928,0.9987549012359473,0.9770540403431799,0.9955022542803181,0.9970104736058477
111,CE/2010/page_150.pdf-3,CE/2010,3,1,0.9827050368982345,0.9799031084109917,0.9670710955562686,0.9503645775533852,0.9658009350896395,0.9890987606342324,0.9810874291537686,0.9711460121885226,0.9829928562579608
112,ADBE/2011/page_83.pdf-4,ADBE/2011,3,1,0.6587250087548571,0.7370389982863073,0.6085227820467244,0.6799949993308718,0.5952911069205017,0.7434102158248764,0.715989025004434,0.6556660480052483,0.6174814717056757
113,GPN/2014/page_71.pdf-4,GPN/2014,1,1,0.9913833803570278,0.991846463965332,0.9969629882227224,0.9989780362590475,0.9985280762438032,0.9991520769638897,0.9922390495095512,0.9963938756514056,0.9989733207770398
114,HUM/2012/page_109.pdf-1,HUM/2012,4,0,0.3359121036767266,0.2806611191208558,0.08547486446073087,0.06717020945420853,0.057706898472189024,0.14944134366901887,0.39632705820992903,0.13245856280655355,0.13065335438767484
115,PPG/2018/page_61.pdf-1,PPG/2018,0,1,0.9479009158858744,0.9511583620941104,0.9639693622670238,0.933362585504689,0.9666372873313614,0.9486798485928621,0.9684632538202275,0.9654597738618934,0.9438159190753772
116,HWM/2015/page_92.pdf-1,HWM/2015,1,1,0.9750153761600379,0.9473053845199652,0.9962642084198826,0.9916383900479625,0.994563682956084,0.990084981186807,0.8622123928940403,0.991580023248116,0.986498969495499
117,PNC/2012/page_98.pdf-2,PNC/2012,3,1,0.9123915030945943,0.7980965440028701,0.8572616746236134,0.6428855073209464,0.9087756901022543,0.9050672714938625,0.8925339445256758,0.8989976512327559,0.8384791235391719
118,LMT/2010/page_24.pdf-2,LMT/2010,0,1,0.932385151875608,0.9514966775997351,0.8476452664924472,0.9324915921528152,0.9405548389540525,0.8503764465734074,0.9237228715354029,0.9156142178847726,0.9317950934878461
119,LMT/2015/page_106.pdf-3,LMT/2015,2,0,0.1392955518017401,0.207295758771674,0.07252858042772843,0.10926906091180884,0.04849852626561851,0.027742259285748715,0.1627785150289745,0.05178301983929327,0.04561775693601029
120,HOLX/2007/page_154.pdf-2,HOLX/2007,4,1,0.3725242387214973,0.3919845983698655,0.9005071897040458,0.8734336837195988,0.9454175380560715,0.9780143962346777,0.42822556176147114,0.8470532507836427,0.9037330246451237
121,AMT/2007/page_111.pdf-4,AMT/2007,4,1,0.97521954197882,0.97390678800651,0.9718750514787524,0.9602028635219241,0.9826723051148067,0.9338694497729579,0.9574881800887795,0.9657005899511248,0.9766843853151967
122,ETR/2017/page_20.pdf-3,ETR/2017,4,1,0.9747912908983064,0.9647793404905683,0.9682013988914837,0.8321022063859195,0.7959922716024659,0.9479154358886391,0.9754920046328172,0.9669770628868567,0.9512602565957475
123,BLK/2016/page_75.pdf-2,BLK/2016,1,1,0.8021418388556295,0.6565122431943685,0.4794048265067645,0.3556089631221029,0.47976712005323235,0.17076976081985323,0.8804943028570167,0.6084177154954028,0.523476179893986
124,MRO/2009/page_138.pdf-1,MRO/2009,4,1,0.9722443801470754,0.9554968085374834,0.974875502232866,0.977738805746407,0.9783961272409182,0.8491296101804223,0.9679189804393006,0.9804967490473322,0.9631642191151608
125,GPN/2009/page_69.pdf-2,GPN/2009,1,1,0.8525468007490856,0.8116818398809558,0.819504323530621,0.9151773659344301,0.8917718595339561,0.9491974565265342,0.8292572727934361,0.9382357894294724,0.9137509427256288
126,ETR/2008/page_130.pdf-3,ETR/2008,0,1,0.8882713742985195,0.926754059530307,0.9659634097945256,0.9660463637321018,0.8894354000811362,0.9644206266329574,0.9092532564826307,0.9494454792549655,0.9644724621592085
127,JPM/2016/page_141.pdf-1,JPM/2016,1,1,0.9886432410397434,0.9849438990135426,0.9736886799593769,0.9730651965347458,0.9694930362161858,0.9788941934203705,0.9905905582672501,0.9793061997495237,0.9802911774839083
128,EW/2016/page_72.pdf-2,EW/2016,1,1,0.6613624405413812,0.6786881090319937,0.7524845073860242,0.7919535012225297,0.7619845135156292,0.752747065266747,0.7574639101114827,0.7852855124952461,0.8291903644909364
129,KHC/2016/page_94.pdf-2,KHC/2016,1,1,0.9763384310546283,0.9797531297353317,0.9677411564644766,0.9715545119724672,0.9596954958373304,0.8887708670573035,0.9668112520487407,0.9806567381453986,0.9802447398428483
130,MRO/2008/page_135.pdf-2,MRO/2008,2,1,0.8534096452603815,0.8772027815754387,0.9731593774852625,0.9886724927161473,0.9573982947964756,0.9948656092689567,0.9778253687879386,0.9888974417894741,0.9863728300022132
131,ETR/2017/page_477.pdf-1,ETR/2017,4,1,0.9853705081688352,0.9753104644616855,0.9961955552830002,0.9950175943250799,0.9939889942309587,0.9961671360295045,0.9650382252342384,0.9967863823490822,0.9962917027184028
132,RSG/2017/page_14.pdf-1,RSG/2017,2,1,0.5199025585524952,0.4630662056474221,0.5039606987778905,0.4824271460197237,0.577809272910412,0.5796791211055631,0.33801319309916655,0.566737713518483,0.5697877448399915
133,MAS/2010/page_29.pdf-1,MAS/2010,0,1,0.7220139479628241,0.7459586314469148,0.664166891528013,0.682078221194274,0.6056402276959182,0.9304013870433209,0.7706745441783661,0.7089758827050545,0.6303626726141945
134,BLL/2011/page_29.pdf-4,BLL/2011,0,1,0.21884960107424684,0.22310323668276774,0.550896204628418,0.6450230431917003,0.2881942346477027,0.17667654827641815,0.20747521518275336,0.4578104902206063,0.5994288645143696
135,LMT/2017/page_101.pdf-4,LMT/2017,0,1,0.9881132095572942,0.9889879827400936,0.9961181541778775,0.9966089036746872,0.9959842229005109,0.9977019362315145,0.988537113543115,0.994224953294359,0.9946591978693666
136,LKQ/2010/page_72.pdf-2,LKQ/2010,2,1,0.937972059662777,0.8603722420847228,0.9911287213885123,0.9933336277209195,0.9773067090042193,0.9892397506889503,0.9348966045809308,0.9888423917889398,0.9939475239994313
137,UA/2011/page_70.pdf-1,UA/2011,2,0,0.9074594268023152,0.9304119684595418,0.9414767716872399,0.9725355318179704,0.9183526752524459,0.936669105728179,0.9048966497183171,0.9590906245312727,0.9577389777327019
138,CE/2005/page_167.pdf-4,CE/2005,0,1,0.9923281195841914,0.9937824316418228,0.9894543500050377,0.989849872477541,0.9955365252086046,0.993488450795145,0.9866986064512475,0.9926423618981359,0.9892266322378075
139,GS/2014/page_62.pdf-1,GS/2014,3,1,0.9419181457645568,0.9484888561632923,0.9426650529803369,0.9327817868754874,0.946060865851635,0.9261455125253253,0.9322608844994815,0.9625859911924062,0.9551009976956357
140,IPG/2018/page_52.pdf-1,IPG/2018,2,1,0.8397043306888939,0.791135119802387,0.9853237980824235,0.9784388829920725,0.9782188997031589,0.9934665885630072,0.9358065249945431,0.9915534331168243,0.9857361996998135
141,AES/2010/page_225.pdf-3,AES/2010,4,1,0.9243821368468812,0.8292197594384064,0.9962920212946617,0.9953781553416664,0.9892692086712359,0.9966302210209353,0.8955503308081001,0.9957648647521579,0.9974783585728604
142,IPG/2018/page_104.pdf-2,IPG/2018,2,1,0.6862176865682679,0.6814758926871481,0.9856971609813584,0.9848647976283809,0.9818431273174123,0.9891534655960671,0.6640606142627306,0.9886691503202274,0.9848111051255427
143,TROW/2011/page_13.pdf-1,TROW/2011,1,1,0.9690044562490266,0.9807344006796084,0.966266197634361,0.9189858176936542,0.9552085767968993,0.8320759169409739,0.9382439248433501,0.969821352279393,0.9639284969035263
144,IPG/2015/page_24.pdf-4,IPG/2015,4,1,0.9448902599177702,0.9683994417881979,0.9949842866903349,0.9959160085826568,0.9916936418816924,0.9959745593975603,0.9349515624432595,0.9920447249390814,0.9947235761501043
145,UNP/2012/page_23.pdf-1,UNP/2012,4,1,0.9651765370781477,0.9677443067231616,0.9624211573485975,0.9690399397511453,0.9713891628022452,0.9598678853222065,0.9377619821180637,0.967665280406693,0.9801914055809521
146,JPM/2014/page_128.pdf-4,JPM/2014,2,1,0.9871560235525187,0.9937483614059406,0.9934612847874925,0.9947051216306539,0.9988766821822388,0.9969245627692433,0.9879509894646665,0.9948460563356412,0.9951955742665917
147,ETR/2016/page_144.pdf-3,ETR/2016,1,1,0.9751328024365241,0.964898388105229,0.9847391368791937,0.9749492612907681,0.9870304872331741,0.983017964848202,0.9789636224300403,0.9750446786098634,0.9667581245971446
148,IP/2012/page_57.pdf-2,IP/2012,3,1,0.967953074352738,0.9697112276338415,0.9730477484214617,0.970697018061358,0.9551749236234383,0.9744763573963755,0.9711784705025771,0.9272969449456706,0.96636975602074
149,ADBE/2013/page_68.pdf-3,ADBE/2013,2,1,0.8084826746120132,0.8974968540175987,0.41686859553195243,0.561066719545401,0.5740318742377826,0.5124681723143426,0.8967683805080312,0.551853712636859,0.8092120921056177
150,RSG/2015/page_18.pdf-2,RSG/2015,3,0,0.921187125995054,0.9128898986368498,0.872853798934844,0.9193835196384966,0.8974703546054995,0.8322141597680577,0.8818765111199505,0.7561468300159728,0.7390653023300036
151,HUM/2015/page_46.pdf-1,HUM/2015,3,0,0.985535840311069,0.9697570486748514,0.9655404090262467,0.9372145795851224,0.9753575073336772,0.9721150966039234,0.9314944395366117,0.9306987929707606,0.8902304347807795
152,PKG/2004/page_21.pdf-4,PKG/2004,1,1,0.9101190381232844,0.9212062549489005,0.9106470763790069,0.9076085306009889,0.9348753031859016,0.9510083570253386,0.9630172738936623,0.8729512281515989,0.8749963899245463
153,JKHY/2016/page_25.pdf-2,JKHY/2016,0,0,0.8384080049765537,0.7356067800212619,0.8932806684205075,0.857728130530025,0.4067668030351339,0.46364798763453935,0.5198801220583085,0.8772133318283679,0.8113328196035352
154,AAP/2013/page_68.pdf-1,AAP/2013,2,1,0.978333143187439,0.960626503743221,0.9633694935252588,0.9824877196617827,0.9666557511063838,0.9869412355618148,0.9464945248496284,0.9675673283165752,0.972737975562721
155,UNP/2008/page_83.pdf-1,UNP/2008,0,1,0.9539218782909048,0.9693392844865322,0.9901424693096076,0.9916499749958357,0.9897226437661237,0.989221037368134,0.9768205275738986,0.9897877878332824,0.9920402136883257
156,CE/2010/page_150.pdf-2,CE/2010,3,1,0.984817296917466,0.9761381916620532,0.9963403400401544,0.9942050454109332,0.9940792558493623,0.9968253741011658,0.9490461499534607,0.9934174021354449,0.9947780178994914
157,TFX/2018/page_47.pdf-1,TFX/2018,3,0,0.48075195284922667,0.40001642882664196,0.14167170265067217,0.2250770487160845,0.259195561024973,0.1684268831861014,0.43115228233855085,0.4915400270920099,0.5605723082528565
158,GS/2016/page_161.pdf-1,GS/2016,0,1,0.7680586954967278,0.7944962311945692,0.7092587655835361,0.7963730873460796,0.8386493696273719,0.8607902053429242,0.8195433832386367,0.693826658542428,0.8543601334236846
159,TSCO/2018/page_31.pdf-2,TSCO/2018,2,1,0.8992099776061746,0.8881660682834543,0.9586643020250519,0.9720383842412534,0.976733264231632,0.9764305011482399,0.8794581574555637,0.9207396620976774,0.9731819720832696
160,LLY/2008/page_39.pdf-1,LLY/2008,1,1,0.9819342897568963,0.9857158134420803,0.9930270011225639,0.9961398045526895,0.9955439556775394,0.9972948503087409,0.9757672557188009,0.9956936306107278,0.9975242524790042
161,SNPS/2012/page_64.pdf-1,SNPS/2012,1,1,0.974765395367853,0.9690565151426042,0.9599792966757079,0.9203835914843566,0.8352051154601773,0.9580238656748998,0.9717745263443274,0.954521398045697,0.9533614682639936
162,ETR/2015/page_50.pdf-1,ETR/2015,2,1,0.9118690313912501,0.9467808649482632,0.94452066942312,0.9671878355273796,0.9667137343430169,0.9641579726115449,0.9682330212692102,0.9252876279379036,0.9201556834097983
163,APD/2019/page_100.pdf-1,APD/2019,1,1,0.8264468564486224,0.8616008254073921,0.4542819800512825,0.5620528239987288,0.5515938167487942,0.6482014842343429,0.8148618807830121,0.6478064956524051,0.4092063326335882
164,DISCA/2008/page_141.pdf-3,DISCA/2008,2,0,0.6336887569022359,0.7303657431269167,0.32341207939339456,0.3176470772502638,0.24784791979523743,0.529691095338462,0.8416682783968579,0.6331024006645961,0.5501282431440893
165,PNC/2007/page_93.pdf-2,PNC/2007,1,0,0.7808580634826839,0.6340124055482441,0.2310152757309839,0.18420769234399,0.38278266047757026,0.5930058232373887,0.5912941891841523,0.2308246470049177,0.21194525596797348
166,MA/2009/page_123.pdf-3,MA/2009,4,1,0.9729363854035198,0.9687238461705645,0.9526516863787432,0.9693831158605328,0.9907027605534786,0.9978185990201865,0.9606202745366594,0.9842640747764139,0.9700984558123888
167,LMT/2016/page_85.pdf-2,LMT/2016,1,1,0.8653688856727515,0.9378520293212391,0.9531666915403915,0.9527142089748849,0.9264182462889247,0.917398454014291,0.9211898639505617,0.9548446134674943,0.9577614184645291
168,AES/2010/page_133.pdf-1,AES/2010,4,1,0.9546426543494261,0.9332819850156081,0.8922166314796547,0.8987156210356809,0.9650053977702027,0.917654010618799,0.935162952049587,0.9190091428557386,0.9651823265432453
169,AAL/2015/page_131.pdf-2,AAL/2015,3,1,0.8714120495383094,0.8221843547550658,0.8645018106356264,0.8324841467499525,0.7605961714784079,0.9211043053215584,0.8150698772340461,0.7097786155090932,0.7853750726152006
170,GPN/2009/page_69.pdf-4,GPN/2009,1,1,0.5203321271647389,0.36698009107475565,0.6094538282369586,0.5783878818026011,0.48510502464300437,0.6730446928120121,0.47713357968517794,0.7158120138606828,0.6257498826419169
171,PPG/2018/page_61.pdf-2,PPG/2018,0,1,0.9897238717882783,0.9929335081502997,0.9978993343722599,0.9951790031525062,0.9944626621641919,0.9957994801776273,0.9933360939641646,0.9984605223306702,0.9970107114443015
172,GPN/2017/page_30.pdf-1,GPN/2017,0,1,0.2811018222787001,0.2879963149963914,0.7163421069431692,0.9198799584988869,0.4772648778273406,0.45455053466054923,0.5615510078359692,0.8039509187592867,0.9676622230687999
173,GS/2016/page_183.pdf-3,GS/2016,0,1,0.9715703785568272,0.9727552774165287,0.9814419457511968,0.9622273368173895,0.9738233745484506,0.9764034061670808,0.9716177885024591,0.9825295131599755,0.9831241058328468
174,NTAP/2014/page_33.pdf-2,NTAP/2014,2,1,0.8365862594008807,0.8109596239530772,0.7692228086531312,0.7087480196852212,0.8906898962030028,0.9895886362962601,0.3651986019384616,0.5914793438044595,0.8015889925123908
175,HIG/2004/page_125.pdf-2,HIG/2004,0,1,0.9936234290125734,0.9948836770983592,0.9756480503068237,0.97295516481115,0.9786357202148886,0.9818685802223579,0.9950234290636514,0.9750648010120657,0.9405334059379488
176,HIG/2004/page_81.pdf-3,HIG/2004,0,1,0.6503612247869454,0.4967630016199629,0.920689868594819,0.9428983697842617,0.7172495458840173,0.9570303321890932,0.4735490160259517,0.9562619080195138,0.9284848185035055
177,K/2012/page_80.pdf-3,K/2012,3,1,0.8969467802405614,0.9319398820109818,0.9175030348696697,0.901700085681513,0.8974526761237861,0.9007574886593253,0.9684157613000965,0.9148260485973527,0.8935404094310821
178,MA/2009/page_123.pdf-4,MA/2009,4,1,0.8930732447892771,0.913813728269881,0.9820731915184502,0.9871590013918863,0.9629369256413504,0.9903718276160147,0.8994135791090017,0.9880235712729816,0.9897275423946639
179,AES/2010/page_133.pdf-2,AES/2010,4,1,0.8566369725326205,0.908049841945002,0.9972119308337434,0.9965108737574233,0.9943190569334959,0.995131395114599,0.8190375157066859,0.9936990101616151,0.9954719472730806
180,BLL/2007/page_46.pdf-4,BLL/2007,2,1,0.8665234792242059,0.9057992324278402,0.8405645666492759,0.8503722872395574,0.7848647829514157,0.9000959545447512,0.8637355727997449,0.7825932582979717,0.7644422644714861
181,AAPL/2015/page_24.pdf-3,AAPL/2015,3,0,0.17070182734467843,0.18610259442947458,0.021728027903638675,0.026270068221311334,0.028403838185291613,0.01173303088660561,0.256690580040445,0.04609090443400393,0.03811704545199797
182,HOLX/2007/page_127.pdf-1,HOLX/2007,4,1,0.9962248239644341,0.9963885230866926,0.9973189629362942,0.9978368265461623,0.9974248898637235,0.9974056083554371,0.9974767081246458,0.996561186667081,0.9966894886935755
183,ETR/2008/page_130.pdf-2,ETR/2008,0,1,0.9405243592146862,0.955935972472821,0.9763043579268066,0.9713368442645361,0.9902051676979322,0.9815337540232689,0.9578220697458848,0.9804737568601116,0.9806114428151522
184,RL/2014/page_13.pdf-1,RL/2014,4,1,0.9815446028584937,0.974178599794078,0.9751027983317523,0.9875766463560662,0.9910521669222593,0.9777308700523129,0.9869273549610945,0.9893485508325874,0.9941229337399339
185,APD/2018/page_113.pdf-2,APD/2018,2,0,0.8620177650617201,0.8387945435772497,0.7050211964506456,0.7053477603551476,0.9036319267463161,0.8532687309003874,0.897952068991935,0.49788488721920066,0.5801133173665567
186,IP/2014/page_71.pdf-1,IP/2014,4,1,0.9832685780461344,0.9791939825729634,0.9926302123311797,0.9873535177647217,0.9893821131573666,0.9750312480095136,0.9817381365403819,0.9947469121585192,0.99133735347314
187,RL/2010/page_11.pdf-2,RL/2010,4,1,0.9649682378591924,0.9814598412181122,0.9884699146696497,0.9865146367149681,0.9903955996256312,0.9527653632239836,0.9660286607316952,0.9849905260789861,0.9852068916428744
188,ILMN/2008/page_77.pdf-4,ILMN/2008,4,1,0.9485133497452791,0.9526563126173679,0.9737277706830532,0.984014353276329,0.9569289816658703,0.9822080819114827,0.9045815507748761,0.9771515166654263,0.9831737729174375
189,CDW/2015/page_53.pdf-1,CDW/2015,2,1,0.8606034647829189,0.8888744450715697,0.9601257632236422,0.9279787999934414,0.9719501408901793,0.9226447513977158,0.9365706693475369,0.9737643366703835,0.944067795620655
190,AWK/2012/page_118.pdf-2,AWK/2012,0,1,0.9934976202898922,0.995717276811366,0.9834314017961878,0.9822693863356803,0.9745511214164889,0.9844950856330758,0.9932973306028491,0.9921501224949182,0.9819937040419071
191,LKQ/2012/page_25.pdf-2,LKQ/2012,1,1,0.9464407095989892,0.9734609738274322,0.9884918841094242,0.975656622729607,0.9914501152367323,0.990552707572184,0.9500441592547101,0.9758187733314185,0.9795163373430323
192,SLB/2010/page_58.pdf-2,SLB/2010,3,0,0.8757202934127527,0.8441063210674021,0.40702265834340584,0.3351402628037207,0.7090774955701962,0.5326061428326296,0.8426982449673949,0.34062971533686137,0.4102825151678038
193,ETR/2017/page_19.pdf-1,ETR/2017,4,1,0.6213810075775289,0.7083503120672069,0.8448949024383493,0.9193720600489909,0.8653485047578262,0.8532339444613563,0.8012388912760524,0.9213595533093484,0.9436556923797049
194,GS/2018/page_175.pdf-2,GS/2018,2,0,0.7839391132156371,0.7807933245463863,0.66795049044902,0.5536444633963448,0.6097963710647464,0.5418244185092408,0.6450030901337097,0.6617197926733,0.6425079684959787
195,C/2009/page_200.pdf-2,C/2009,2,1,0.4832821576576901,0.32214212106341106,0.30059800840768813,0.20308749649583197,0.20801924676147637,0.5215369639339792,0.3891711068261913,0.3288726791032145,0.370629954570274
196,HWM/2015/page_94.pdf-1,HWM/2015,1,1,0.4739357593565684,0.4459965226619218,0.9819153249280919,0.9910286410460412,0.9835700758359566,0.9954581888476292,0.36454095890075744,0.9867216323701559,0.9914652353666055
197,CB/2009/page_220.pdf-3,CB/2009,1,1,0.9892871809654912,0.9923776045998521,0.9977853654632609,0.9987055374682187,0.9974331053378372,0.998404806531231,0.9923194920885061,0.9981960636232673,0.9986931295829938
198,RSG/2017/page_14.pdf-2,RSG/2017,2,1,0.11629180685288297,0.13691869921590338,0.09431261087180123,0.06963762927504222,0.0903694006633693,0.1345298013662093,0.16272668223627773,0.09180770463775786,0.06960233292361474
199,K/2013/page_27.pdf-3,K/2013,4,0,0.723171368789672,0.7098399207828318,0.48180086951821344,0.6410346741909552,0.78804812997282,0.7773145604682424,0.6401778965439492,0.6990805226262577,0.535071179826002
200,IP/2014/page_66.pdf-1,IP/2014,4,1,0.9386805674555573,0.9641809514430218,0.9823681245529489,0.9853001557672267,0.9765246894247904,0.9738989817372165,0.9608017726172372,0.9891248250436869,0.9849517605762498
201,MA/2008/page_70.pdf-2,MA/2008,4,1,0.9362809601789466,0.9632789257715769,0.9532312821390541,0.9477957222163143,0.9549120016472739,0.9096512227960211,0.9118446243131559,0.8913718700742982,0.8995713488976022
202,MRO/2008/page_119.pdf-3,MRO/2008,2,0,0.9240531445956383,0.9524706062013948,0.6401463875164173,0.7191032916971778,0.5258528362496183,0.4883956507207872,0.8580947813715004,0.399855283794018,0.5717883201422371
203,RSG/2018/page_13.pdf-1,RSG/2018,1,0,0.814464986161148,0.9416400209382694,0.8316714431677534,0.8903514676277576,0.9224455815316355,0.7977818743946281,0.9431320724506648,0.8769037790562926,0.892539013791987
204,PM/2015/page_103.pdf-3,PM/2015,3,1,0.38265918147401384,0.3135935336867111,0.053910213859663755,0.07229590613166051,0.06541632006435912,0.39096246405378776,0.13986413404948997,0.05235037811751353,0.08003888665889855
205,LKQ/2012/page_25.pdf-1,LKQ/2012,1,0,0.06676612223837186,0.11887797888785823,0.027164512689175503,0.024540538095354756,0.0384749595684697,0.010838123271106104,0.12903872396081154,0.047406820745785505,0.05428110656455155
206,RSG/2017/page_74.pdf-2,RSG/2017,2,0,0.790454210576889,0.7476475025121003,0.7049092273885607,0.6579656729904195,0.4843905978962381,0.9120449551028519,0.6179162076811623,0.8124437484482102,0.6911427175458068
207,UA/2011/page_71.pdf-2,UA/2011,2,1,0.9952144844304135,0.9984557485296339,0.982974465438611,0.9829151821276954,0.9919184593841381,0.9934637873956471,0.995359452080471,0.9910016983279749,0.9890886477817091
208,AMT/2007/page_114.pdf-3,AMT/2007,4,0,0.7166668683284828,0.7530761531283217,0.9619679334600527,0.9660609762415154,0.9740301993305932,0.9715752956471405,0.8268116366636208,0.9873197769425895,0.9864621890936016
209,AMT/2012/page_111.pdf-4,AMT/2012,2,1,0.9893432768908091,0.9889581215969727,0.996972854185682,0.9967123909446315,0.9940243993718195,0.9962412365124683,0.9958714206115448,0.9971352406271125,0.9961565648714389
210,AWK/2015/page_127.pdf-4,AWK/2015,0,1,0.9958287098689217,0.9951262192344762,0.9959557107122609,0.9951257617282466,0.9910902448279264,0.9976457439088515,0.9968777490729562,0.9976614109617856,0.995919823641791
211,LKQ/2016/page_48.pdf-2,LKQ/2016,0,1,0.6151451110177492,0.5948133228352196,0.9909537853933787,0.9940713174884162,0.9906327479794151,0.977608332792439,0.4275244333011513,0.9910647082575269,0.99055942874148
212,AWK/2017/page_128.pdf-3,AWK/2017,4,1,0.9573271156440553,0.9654471867688297,0.9369516702295109,0.9641893349682082,0.9883019289653433,0.9576090120148336,0.9403736553603931,0.9359775856821664,0.9583890910872619
213,EW/2014/page_35.pdf-2,EW/2014,3,1,0.9513119459328522,0.9357232364744502,0.6759612891932527,0.7967331378287374,0.6183484616312103,0.9458417793376747,0.8750223605044654,0.5910735789575774,0.6207941840063733
214,EOG/2016/page_80.pdf-1,EOG/2016,3,1,0.9537907563116841,0.943483346677545,0.8739162306504082,0.827626001206469,0.8552134035251329,0.7274302176025483,0.9837062957138032,0.9720455196816601,0.9689666715249105
215,AAPL/2013/page_27.pdf-4,AAPL/2013,4,1,0.2426771763455062,0.2871983216032366,0.6311052632522481,0.6277159457223185,0.48176125691594296,0.9034253358719528,0.2710111767584752,0.7160980225876151,0.6686694182718212
216,ETR/2017/page_20.pdf-1,ETR/2017,4,1,0.8834149292021635,0.9456460985951843,0.8870940560422885,0.832395219832343,0.9133346544775631,0.9653207843033949,0.9587241765431549,0.9616174775361621,0.9748905379780957
217,ETR/2008/page_313.pdf-2,ETR/2008,0,0,0.21259716090328826,0.25099217525613704,0.25929203175228827,0.14231197417029676,0.17031133189243494,0.2123204239228133,0.1835407504489924,0.46305393471317596,0.2811152462373831
218,PNC/2017/page_76.pdf-1,PNC/2017,1,1,0.8681455844446153,0.7540228373037732,0.983482360052518,0.9812701227106886,0.9868386320871247,0.9847550045744241,0.5901707202949168,0.9911427794659408,0.9852556856556426
219,ETFC/2015/page_25.pdf-1,ETFC/2015,3,1,0.8984798919060142,0.9355742129390333,0.8737854080763945,0.8663109126365548,0.948949104813857,0.8941977192189136,0.8240981759798705,0.8061401230506589,0.7922470115714042
220,SNPS/2012/page_61.pdf-3,SNPS/2012,1,1,0.5362478975005255,0.43240382185948834,0.6736907573641661,0.6012655499367592,0.5891665865463299,0.20776484670613582,0.558940745411163,0.7118748532140342,0.6505425463157205
221,HWM/2015/page_123.pdf-2,HWM/2015,1,0,0.1994872335353813,0.1426630662719855,0.038650720131840705,0.06982897789043353,0.023816033350188337,0.01608611415557431,0.14026161943190707,0.03739899788118525,0.03884155494512391
222,LMT/2013/page_26.pdf-2,LMT/2013,2,0,0.8116322838213688,0.8869724487697954,0.9407973353598944,0.9437218815076878,0.9745176001285365,0.9737100469332524,0.9360685358545037,0.9627285788533205,0.9774758307425667
223,AWK/2013/page_123.pdf-3,AWK/2013,4,1,0.9378129199023214,0.9527017821928613,0.9888131979485546,0.9924892336124688,0.9934271490992859,0.9940643880852613,0.9808919491663779,0.9943056908037442,0.9947985060343174
224,DRE/2016/page_59.pdf-1,DRE/2016,2,1,0.7248627180915737,0.6381087776962473,0.7075921969038523,0.5582817578219341,0.5209324550411215,0.49148076170324545,0.7918790205001163,0.7610595107971049,0.6423791848984823
225,EW/2016/page_36.pdf-1,EW/2016,1,1,0.6679984981916299,0.8431041273618687,0.7906815166785097,0.8376531734388405,0.7528375767344802,0.9328897869987549,0.7197293005696217,0.6964432649051939,0.7439113330645281
226,DRE/2007/page_39.pdf-1,DRE/2007,1,1,0.5585695369648334,0.5160752577747727,0.3631518642435323,0.3352000113009577,0.19861706861198244,0.2012378503405318,0.6399514034203563,0.3639490928378597,0.3570112885063256
227,C/2008/page_193.pdf-1,C/2008,3,1,0.6216178340658678,0.43337121089966246,0.9678171104798028,0.9754852059737509,0.9253912971842079,0.8282375504972402,0.5299221408883388,0.9862165747832515,0.9851976855662867
228,BLL/2006/page_94.pdf-2,BLL/2006,1,1,0.7914813275775486,0.9062739820472521,0.9785333224995939,0.9868501759254823,0.9755864178783522,0.9932370386814572,0.8208946035776394,0.970453253699525,0.976964811366867
229,KMI/2018/page_14.pdf-2,KMI/2018,3,1,0.908831587712033,0.9387308781043192,0.9560750888084579,0.9398672709315298,0.9791165724301129,0.980561701091068,0.9133893943838394,0.9183143863613669,0.942599984545966
230,CE/2010/page_134.pdf-1,CE/2010,3,1,0.9967040898313735,0.9970401352144874,0.9977396243779053,0.9979116094212648,0.9985669870466818,0.9992008731261874,0.9956825860354332,0.9975633181568171,0.9970258785661807
231,JPM/2015/page_77.pdf-5,JPM/2015,3,0,0.26852268197135903,0.3138189202502558,0.04095863928221877,0.03823355467050329,0.057954712740812715,0.04670016519978963,0.3847679592366625,0.04717799283422416,0.05906501516648493
232,MMM/2015/page_52.pdf-1,MMM/2015,1,1,0.9376359310725714,0.9830959143513982,0.9901625929460477,0.991031747633284,0.97996943137697,0.9949867781330464,0.9598139781128122,0.9775243872463765,0.9838759696608425
233,AAL/2015/page_51.pdf-3,AAL/2015,3,1,0.6776880764169984,0.7224002501736015,0.994664681121659,0.9934938596565827,0.9902725540190737,0.9961989236489973,0.8377088394536195,0.996985273107527,0.9973741906894077
234,BLK/2014/page_33.pdf-1,BLK/2014,4,1,0.9942240945174339,0.9901399568105826,0.9989938067469132,0.9987292583961278,0.9980447168616645,0.9990797052494242,0.9915888360517924,0.9987623963455474,0.9984124460416349
235,HIG/2014/page_126.pdf-3,HIG/2014,3,1,0.9930555364393493,0.9936558670366269,0.9980028484295808,0.9989610169849381,0.9979436630525534,0.9985782693808096,0.9928484530303598,0.9980243155767892,0.9984249793085174
236,ETR/2016/page_18.pdf-3,ETR/2016,1,0,0.5500111316411188,0.539777051137569,0.39359616772375766,0.4395113687574761,0.4642143912418533,0.3473381723948137,0.5973855547867203,0.4512294068242783,0.384637082127901
237,RL/2014/page_11.pdf-2,RL/2014,4,1,0.9826265352514277,0.9662343836507076,0.9927488529066075,0.9919160691431962,0.9849394832645469,0.9849485189839977,0.9320738365023444,0.9695110657221929,0.9624865681576057
238,AON/2013/page_32.pdf-1,AON/2013,3,0,0.9532164810431383,0.9552699384404589,0.8441515233914,0.9049349265755482,0.9029252754450787,0.6070799803167612,0.9593628084509341,0.8468344515548802,0.8647234658802742
239,JPM/2013/page_158.pdf-2,JPM/2013,2,1,0.8459284804865932,0.8639595377874447,0.6667721754506027,0.7245217098449952,0.8173093099816374,0.7117051833497812,0.8261376007007988,0.7338843309025784,0.7524895429853435
240,FIS/2012/page_30.pdf-1,FIS/2012,3,0,0.7867731833855978,0.8103479253594452,0.1047281927906356,0.08924944597236463,0.18254641799832427,0.16784503390409036,0.8604836452689807,0.06518524993894145,0.08775889320354241
241,BKR/2017/page_105.pdf-1,BKR/2017,4,1,0.9520513705083992,0.9122549953020702,0.9584105030177255,0.9744526690726184,0.9540370005805286,0.9852401748453603,0.923317718032082,0.9736246738803481,0.9692754283958883
242,CE/2009/page_121.pdf-3,CE/2009,4,1,0.9189712320505187,0.902535411201106,0.9825641471220321,0.9906642976238285,0.9941506138461531,0.9949567284973501,0.8423417897058589,0.9827851545588386,0.9798534081467418
243,UNP/2009/page_89.pdf-1,UNP/2009,2,1,0.9984391517837456,0.9987770740008054,0.9973523981067602,0.9971189497378887,0.9975381077802842,0.9988788055078812,0.9995008720455743,0.9983284010454649,0.9981112878069912
244,VTR/2006/page_88.pdf-1,VTR/2006,0,1,0.8950531656453967,0.9230560247239621,0.9040637577597717,0.9390836372408589,0.9674363798006521,0.953379252883906,0.961954993429941,0.9384437980332194,0.9668878705499662
245,AAL/2014/page_59.pdf-2,AAL/2014,1,1,0.7238434707678792,0.7095952496929144,0.7695371567118924,0.7598058077382719,0.7868486991289304,0.8132135736185835,0.8050535164469105,0.839024754016909,0.8291528760387175
246,SWKS/2012/page_116.pdf-2,SWKS/2012,0,1,0.695967512467698,0.5764591076212143,0.7185598589526182,0.7463433747725848,0.47471405335872596,0.858998677582658,0.691267593247095,0.7681136007395616,0.7535851872504657
247,MRO/2009/page_127.pdf-3,MRO/2009,4,1,0.9462821111897369,0.9527707755093535,0.9939104847186527,0.9867745044762213,0.9931305446710439,0.9974516967754272,0.9364024892664637,0.9946899891387683,0.9946214115399487
248,DISH/2011/page_130.pdf-2,DISH/2011,3,1,0.9885452818068425,0.987133572650683,0.9593937341268303,0.9777584830053738,0.9920967219645928,0.9437598520350826,0.9929725169763964,0.9788117357465931,0.9872794333421101
249,DVN/2011/page_84.pdf-1,DVN/2011,2,1,0.9223611728306274,0.9432816849269186,0.9166791775470109,0.8865002519031044,0.8719135608167019,0.9636137412041962,0.9563847703542845,0.9473502836407536,0.9449497035498964
250,MMM/2012/page_105.pdf-1,MMM/2012,2,1,0.9575579514966768,0.9527210733662643,0.8493633976621805,0.9418242687117819,0.979518102946271,0.9909125687710238,0.9569484141777209,0.939511069898371,0.9717160152246724
251,LMT/2013/page_26.pdf-1,LMT/2013,2,1,0.7694736087959765,0.7977298651101065,0.7070003379610587,0.8436976297198793,0.900256068717802,0.716863690975376,0.9124693313953369,0.885970827501337,0.9349308019164725
252,EOG/2018/page_99.pdf-1,EOG/2018,3,1,0.8266801042258459,0.8673787050149976,0.3164305381956353,0.3522855323179993,0.5448563905185648,0.41800215561952087,0.9569886403134213,0.8949476618230622,0.9161946084362272
253,AAPL/2018/page_23.pdf-2,AAPL/2018,1,0,0.17058122086076047,0.13975526118586823,0.016818051545102207,0.02125504416947476,0.018282631110604325,0.011549732876830695,0.21547487115255617,0.017092047055585015,0.019129080033620176
254,PNC/2011/page_209.pdf-3,PNC/2011,4,1,0.9973853148507803,0.9972431767313203,0.9928155734861317,0.9890658736550672,0.9895306651780854,0.9951854412622634,0.9973831795718059,0.9952127565212842,0.9947081068857472
255,AAPL/2011/page_37.pdf-1,AAPL/2011,2,1,0.827126434822149,0.8474257288271407,0.9951887222360861,0.9935144449375605,0.9816212166323887,0.9900199042555052,0.8586450163865637,0.9976007072305827,0.9978365518104272
256,CDNS/2012/page_31.pdf-1,CDNS/2012,2,1,0.7578425651507384,0.8074837703549489,0.46773866816887155,0.5689851491103928,0.5100766237084956,0.35641406629602573,0.6930358638703744,0.33415866881260414,0.4622722977586348
257,ETR/2004/page_258.pdf-1,ETR/2004,1,0,0.4537927495017307,0.4600160648032453,0.2726079483116701,0.3368459450809584,0.16501326778932746,0.43145048834972805,0.6601449882805379,0.4464187823359228,0.34517831679193495
258,JPM/2015/page_77.pdf-3,JPM/2015,3,0,0.5696841745854664,0.6804457174440632,0.0709311840757683,0.06459174928965458,0.12578461420349482,0.08229862033522987,0.6145964904607889,0.06857316984905096,0.0735998614461517
259,INTC/2013/page_47.pdf-1,INTC/2013,4,1,0.9678051776426765,0.924604121365935,0.9875275955787376,0.9716322974539863,0.9893630458677495,0.9886698496609895,0.9583240301604807,0.9710825581235433,0.9722925299440979
260,C/2008/page_193.pdf-4,C/2008,3,0,0.7127493326777202,0.513239925126942,0.5904628279956772,0.6308675108232852,0.27602929314278973,0.2670186495674303,0.4893245448995788,0.8441993423280947,0.8350752354747839
261,WELL/2017/page_48.pdf-3,WELL/2017,0,1,0.8753178253830693,0.9060471852564711,0.9316817355981946,0.910897064352726,0.9562592148543119,0.8907426602643087,0.8414426165287564,0.9666279351614041,0.9541326912804081
262,JPM/2008/page_177.pdf-1,JPM/2008,4,1,0.9906203369490753,0.9935782886847722,0.9953500294527807,0.9947548785724992,0.9954220266722026,0.9971458482917961,0.9742214548566799,0.9861300068401593,0.9873400456615395
263,INTC/2013/page_47.pdf-2,INTC/2013,4,1,0.9683382478394228,0.95330128915831,0.9596753915857558,0.9499471636837757,0.9607707682962483,0.9597709797111692,0.9654513168339623,0.9693152406943433,0.9657911489214391
264,EOG/2017/page_85.pdf-1,EOG/2017,1,1,0.8868246266138832,0.9005214672478038,0.8513725564076693,0.7891917251817031,0.7973009222329248,0.7191325241711425,0.9577972661851063,0.9477955997761408,0.9281925192921328
265,DISH/2015/page_142.pdf-2,DISH/2015,2,1,0.9517803926072939,0.9550752916315438,0.9307575145763286,0.947820374174401,0.9480765876667596,0.9834950009013438,0.9564386624878101,0.9465787702851625,0.9678531350656177
266,GS/2018/page_108.pdf-4,GS/2018,2,1,0.9827524060281023,0.9892070529273957,0.9900936079003523,0.9948042804382398,0.9919732094135603,0.9941818568742917,0.9752165602502132,0.9912441063614797,0.9957756001426192
267,BLL/2007/page_87.pdf-3,BLL/2007,2,1,0.9747758592427909,0.9692370963698657,0.9861234850399031,0.9873069727457702,0.9805169823764128,0.9838418525037459,0.9617895614211315,0.9868615107675688,0.9829699436820744
268,IP/2007/page_38.pdf-2,IP/2007,1,1,0.9324042756834573,0.9517274876311792,0.9862952391605284,0.9889999689576215,0.9847760699353908,0.9929536625963051,0.9422550097171385,0.9812395080409242,0.9918347637393162
269,TFX/2017/page_48.pdf-1,TFX/2017,4,0,0.46460154702278894,0.2670762982145851,0.1482070866660663,0.12840173729452217,0.09590992560758184,0.08681910275921922,0.35593910300455905,0.06174227702086171,0.09177114401916563
270,LMT/2015/page_52.pdf-4,LMT/2015,2,0,0.4739935957503786,0.3430666860499234,0.7434450448487435,0.6936388586055711,0.6928824240426424,0.8116071772790486,0.3355603017913942,0.47858933447279706,0.64863901321037
271,LLY/2008/page_45.pdf-2,LLY/2008,1,0,0.897545145184619,0.8953752870408567,0.8805189179552789,0.9148190693939435,0.9111390344362554,0.8238260020539233,0.8639620789947428,0.8844148685649085,0.8214673104204049
272,AMT/2012/page_111.pdf-1,AMT/2012,2,1,0.9840480801346081,0.9817497155533855,0.9951604992965061,0.9964880861319004,0.9929636373426705,0.9949759493483235,0.9927034474588803,0.9929239305447722,0.9938867392311139
273,AAL/2015/page_15.pdf-3,AAL/2015,3,0,0.8964354390862634,0.9168833214999083,0.9270547418390723,0.9073360307066917,0.9214454326957683,0.852805985091482,0.9251023559739364,0.932194101123875,0.9113996017916606
274,IQV/2016/page_57.pdf-2,IQV/2016,0,0,0.6237617315614058,0.712968572624657,0.3847482346659204,0.4812537738458831,0.21752647928399263,0.21697766142587765,0.8119020311857674,0.528132308023612,0.617052291708987
275,V/2009/page_88.pdf-1,V/2009,2,1,0.9475160815330547,0.9506537402159858,0.934909977645499,0.9374548536402346,0.9324672127240524,0.8960190813595464,0.9826771959842594,0.9655214254014106,0.9663555092552467
276,BLL/2010/page_39.pdf-3,BLL/2010,1,1,0.9578238515396544,0.9615710060724791,0.9857946344740774,0.9620221508345183,0.9856229506491009,0.9415595870050096,0.9036550741170888,0.9836561575282724,0.9863353764226298
277,CDNS/2018/page_82.pdf-4,CDNS/2018,1,1,0.8881164143208439,0.8630286843985664,0.9867202533560568,0.9672068670539705,0.9818509008550884,0.9818563112582301,0.851907195418146,0.9867065921147999,0.9816582514227943
278,ETR/2016/page_17.pdf-3,ETR/2016,1,1,0.7981617366924838,0.8873009471011765,0.8067973589891182,0.680494386528944,0.6686497555319966,0.8700634463085415,0.9147243291046167,0.8675715821894963,0.8906301421302965
279,IP/2005/page_31.pdf-1,IP/2005,2,1,0.9836395476054568,0.985092892431494,0.991369160822637,0.9917665152695735,0.9943685843997491,0.9946190362602733,0.987039622333201,0.9911972056004664,0.990634587202758
280,ADBE/2018/page_71.pdf-2,ADBE/2018,1,0,0.8962665808074706,0.7814149781190506,0.6312804377314997,0.48032254190647317,0.5347979106493904,0.18808863063386275,0.741042786239738,0.5471201497182661,0.413539930047917
281,MRO/2008/page_145.pdf-1,MRO/2008,2,0,0.8005793987952347,0.8005094505386086,0.7066998266693066,0.6765195651291863,0.8318860912741548,0.8376549358198544,0.8971090684926162,0.7340149055958193,0.7192458567352176
282,RL/2016/page_9.pdf-1,RL/2016,2,1,0.9587038737584535,0.9499683262671258,0.9316029453224101,0.9170617475246358,0.8925277528929092,0.932806136968224,0.92359723032659,0.926090592641334,0.8997836813117275
283,WELL/2017/page_48.pdf-4,WELL/2017,0,0,0.9792037219938029,0.9848830488798836,0.9641698927379394,0.9661324036734534,0.960716000740186,0.8971141165550424,0.967804599512473,0.9347913716201891,0.9236644963612312
284,MMM/2007/page_36.pdf-1,MMM/2007,2,1,0.9385603883505164,0.9603124124468186,0.9877943888670003,0.9878034705459503,0.998059219734703,0.988361672873058,0.9658526972253938,0.9866199723910904,0.983131162000893
285,HWM/2015/page_87.pdf-1,HWM/2015,1,1,0.9373361594209999,0.9113402592615963,0.9748373238058555,0.9910088375229118,0.993469505809838,0.9917834331820338,0.9858708877335965,0.9584016527631342,0.9911147497760906
286,ETR/2008/page_212.pdf-4,ETR/2008,0,1,0.9511061675284559,0.9457330088481807,0.9155083091504695,0.9040209398698749,0.8546463399650035,0.9514136775463806,0.9677595731487028,0.9450530751259087,0.9343389393665794
287,ETR/2008/page_212.pdf-1,ETR/2008,0,1,0.9948000471163415,0.996386794361049,0.9978880200347127,0.9983796014948733,0.998221236223544,0.997998566756593,0.9961297228560116,0.9986078611544014,0.9989123756517526
288,IP/2015/page_44.pdf-2,IP/2015,1,1,0.9465514437208219,0.9451931114826463,0.85382070936907,0.953901669090462,0.9188877409297875,0.9496660270077815,0.9362484288726335,0.9395167590235636,0.9049150665521805
289,AAPL/2004/page_83.pdf-2,AAPL/2004,3,1,0.6106678428962107,0.7349634922439506,0.7118805566244931,0.8472609354011988,0.737091055406139,0.8534168569197405,0.8699259802127536,0.6748933720548698,0.8373778277918081
290,CDNS/2007/page_30.pdf-3,CDNS/2007,2,1,0.7523641333517322,0.5706441756676879,0.49848593363745214,0.5564689604833285,0.5629935586199593,0.9202515136902183,0.6853547473090503,0.6722320382230669,0.7823304196514603
291,JPM/2003/page_44.pdf-4,JPM/2003,4,1,0.9774421606336583,0.9847197354392258,0.8875362160523058,0.8826619519276123,0.720070464743793,0.9744767814128408,0.9498454819612783,0.9168084407460402,0.9310508184015391
292,UNP/2009/page_61.pdf-2,UNP/2009,2,1,0.993178544422288,0.9969333644304867,0.9939309977603187,0.9961385716683654,0.9978219085776886,0.9933883116740513,0.9947943743471117,0.9957889056574237,0.9945194080008848
293,UNP/2015/page_80.pdf-1,UNP/2015,0,1,0.9832942410300702,0.9840566056105599,0.9663255939943127,0.966815643448222,0.982541527990746,0.9549994801582515,0.9947814690848455,0.9714096248989178,0.9791733098467515
294,VTR/2007/page_97.pdf-4,VTR/2007,4,1,0.9693148796366718,0.9634918243564186,0.9850441993541181,0.9793011925982436,0.9748701353999834,0.979403444266247,0.941321077495821,0.983396495297632,0.9576958166241879
295,MRO/2008/page_42.pdf-3,MRO/2008,2,1,0.8941987148517458,0.8665643889816588,0.8724136404789997,0.8737209794960099,0.8868946529863436,0.9189280457419636,0.8443973046697467,0.8137449037567756,0.856705575503531
296,DRE/2009/page_59.pdf-1,DRE/2009,0,1,0.9462633419673326,0.9524489013688152,0.8907200866111316,0.9185110174891088,0.9455358725010364,0.927901353299766,0.9539632660833628,0.9449996704070683,0.9537033085943348
297,GIS/2018/page_59.pdf-1,GIS/2018,3,0,0.7005701878796651,0.7110566686668566,0.8094139178005678,0.7689980550716642,0.7393913708433677,0.40370276374231495,0.6616787714272057,0.7377769948986509,0.604779528109089
298,MAA/2018/page_19.pdf-1,MAA/2018,1,0,0.986393388745134,0.9902144082056075,0.9977374472849235,0.9973715125572603,0.9910229656400092,0.9909446360411678,0.9816125017589616,0.9956859525110289,0.9974313149750655
299,AWK/2015/page_112.pdf-3,AWK/2015,0,1,0.8752502724526369,0.8303413819515085,0.8921378349753099,0.8314156127328849,0.8951946489295073,0.8723673003183472,0.8644999825307066,0.8915208100157197,0.8823965706791979
300,GPN/2009/page_68.pdf-2,GPN/2009,1,1,0.9511194207911703,0.9375111000036349,0.8192348001951951,0.8927158273481866,0.8731504556284584,0.9183031194079788,0.9468952329440019,0.8774371168404568,0.9269059010872649
301,AES/2011/page_270.pdf-1,AES/2011,1,1,0.9719465722187883,0.9654742684185058,0.9594024013691392,0.9472535839184768,0.8823555513688951,0.9681429094033669,0.9504845716969594,0.9500060308971019,0.95026936177911
302,AAL/2014/page_92.pdf-4,AAL/2014,1,1,0.49116005860429557,0.4363852823326622,0.9895226857172638,0.9879711440002074,0.9743819251398333,0.905936884684951,0.9390169230536295,0.9908835636134209,0.995419432406182
303,WELL/2016/page_61.pdf-2,WELL/2016,0,1,0.9381350956593426,0.9439097517041065,0.9525755971065296,0.9815516420372575,0.9796935784069478,0.8981041225732519,0.9620737439538336,0.9815275972405068,0.98209043737281
304,C/2009/page_141.pdf-1,C/2009,2,0,0.9027049604881462,0.896521753022324,0.8748787051193523,0.8115173880428264,0.7162010861045585,0.46663069122610434,0.9145465377615032,0.8373182014495891,0.8111824406266518
305,GS/2017/page_176.pdf-1,GS/2017,2,1,0.9072259063972763,0.9190633346673426,0.7312798228989588,0.7537838489846741,0.7698436143665958,0.7780796117412772,0.8315486364107364,0.8239280905835337,0.8040665059410163
306,AWK/2018/page_131.pdf-2,AWK/2018,1,1,0.9191615831613493,0.9318002371789347,0.8121815241796805,0.7904774244847881,0.8165759457536201,0.8948655195150484,0.9371460244967683,0.8471935056516455,0.8886115386883369
307,DVN/2007/page_78.pdf-1,DVN/2007,4,1,0.9057626023871543,0.9272134327130469,0.9300890143238768,0.9474715370206619,0.9681911178640686,0.9795599655219052,0.9527158029096162,0.9637395535336053,0.9658643884216483
308,AMT/2006/page_107.pdf-3,AMT/2006,0,1,0.9366914002612322,0.959718803700742,0.988301898890077,0.9853041270751794,0.99142366670018,0.9908142436449142,0.9681356532084568,0.9916508447986567,0.9908581887464482
309,GPN/2007/page_18.pdf-1,GPN/2007,0,1,0.9806531369502852,0.9771042861047492,0.9761471866015313,0.9746875468379701,0.9825648279535244,0.9350249176591428,0.970420409108467,0.9812993013020461,0.986528259095574
310,DVN/2017/page_31.pdf-2,DVN/2017,0,1,0.9946549834768644,0.9928993345788653,0.9984521900761393,0.999011489093244,0.995620222853425,0.9952991609857724,0.9861130766988618,0.99822620895113,0.9985098245092284
311,UNP/2008/page_26.pdf-2,UNP/2008,0,1,0.952604391287832,0.9577825352162532,0.9901704898224859,0.9960350101263148,0.9936276247107366,0.9974484494547323,0.967031174658629,0.9961201250622453,0.9976984218809768
312,UNP/2013/page_14.pdf-2,UNP/2013,3,0,0.7745855759612243,0.7320320901646049,0.8299841633390554,0.8759344978837421,0.8940931758106024,0.6606017140473665,0.7592370663581168,0.9336435085770053,0.930099329805829
313,MRO/2008/page_41.pdf-4,MRO/2008,2,1,0.9800816409447014,0.9825947838802696,0.8352591810365283,0.753097985425632,0.6943640480816236,0.8865263431230685,0.9182884463048943,0.815617925023496,0.8166729902277587
314,AAL/2015/page_183.pdf-4,AAL/2015,3,1,0.9862205999010896,0.9925821671510376,0.975616578466383,0.9760488718665409,0.9823084481896454,0.98760791022518,0.9680397450111314,0.9476617900524518,0.9505313686681998
315,AMAT/2015/page_33.pdf-1,AMAT/2015,3,1,0.922399419769787,0.8977150460401414,0.5596661224129795,0.47289965966992303,0.36663766239794965,0.6271958122267876,0.9376534748727496,0.805528554302624,0.6786405470899634
316,UAA/2016/page_83.pdf-4,UAA/2016,0,1,0.8581889903856036,0.8640403474205115,0.8945882397063706,0.8675431985377083,0.9750882867150504,0.971604212431987,0.9576460346294275,0.9544044076418737,0.9016654810526178
317,APD/2018/page_41.pdf-1,APD/2018,2,1,0.4590502674853721,0.5948847654182975,0.4226847838727127,0.37326927488247524,0.44456124753128473,0.5588851694514393,0.8771631143280023,0.8328548740317094,0.7896451824296048
318,TMUS/2016/page_32.pdf-3,TMUS/2016,2,1,0.977625369662092,0.9901529367147869,0.9843708682202607,0.9733803585124154,0.9860983027182811,0.9889758907328375,0.9921995595924971,0.9830065419054999,0.9631596860548547
319,RCL/2005/page_40.pdf-4,RCL/2005,3,1,0.9803918413123727,0.9758495969351039,0.9706779207677799,0.9703972685734898,0.9783179534396244,0.9911895534674261,0.9378777693212011,0.9488027923448451,0.9609280961209643
320,JPM/2012/page_109.pdf-1,JPM/2012,3,1,0.9847650154386728,0.9930206989272873,0.9803422473813066,0.9904073218178135,0.9887812785248485,0.9846621758468809,0.9766905646083284,0.9762089465911667,0.9871043558829015
321,GS/2015/page_80.pdf-2,GS/2015,0,1,0.9005162949064537,0.8999866242794742,0.9843872578700328,0.986293989250852,0.991652929582437,0.9820531607208542,0.6602086061255316,0.9844424437056865,0.9718315524818542
322,JPM/2012/page_157.pdf-1,JPM/2012,3,1,0.9267010814364025,0.8383229251276672,0.9659750735523539,0.9723017029606761,0.9534775949004106,0.9952543385371625,0.8713083951387216,0.9060188785533898,0.9406147865066679
323,AWK/2017/page_136.pdf-2,AWK/2017,4,1,0.953713280573985,0.9570254956777102,0.9347347653259613,0.9596409036132474,0.9242430116628542,0.8825481186623464,0.9430174603990077,0.9407329187676207,0.9318781699252684
324,SNA/2007/page_80.pdf-2,SNA/2007,1,0,0.6389983619704528,0.34673997891338904,0.97198399787359,0.9770711048314029,0.979035488618216,0.9639696627629057,0.32389502271590465,0.990386479251135,0.9855408893291808
325,IP/2014/page_101.pdf-2,IP/2014,4,1,0.9762231646311459,0.9472605946798692,0.9931753445552942,0.9914286118264308,0.9873333664973664,0.9972587162000097,0.975751937742061,0.9963635048900789,0.9931235322013565
326,ETR/2002/page_266.pdf-2,ETR/2002,1,1,0.8257756255265327,0.7108093706417626,0.7870138185470775,0.8884774250727847,0.858007941810541,0.8036839755617309,0.6077623737105706,0.692088325799601,0.7985193031751711
327,STT/2009/page_122.pdf-3,STT/2009,2,1,0.7620382549191522,0.7493403554321858,0.4889561743339874,0.4272339007032533,0.5004909904216978,0.6955915734187182,0.8758209630215097,0.6077140916759669,0.5580314603907668
328,DISH/2014/page_142.pdf-2,DISH/2014,3,1,0.9855359966344927,0.9843017945600373,0.9861761637776052,0.9871206917218676,0.9916032044349011,0.990279313639416,0.9876369484090711,0.989054187685067,0.9916792911126765
329,K/2013/page_27.pdf-2,K/2013,4,1,0.9829551584079185,0.9862764054837265,0.9480286313413544,0.9494050586766661,0.9731399308499702,0.8710375220584694,0.975140105745742,0.9718824597458549,0.973731266028708
330,FIS/2016/page_64.pdf-1,FIS/2016,0,0,0.43739774323945224,0.5309826655131207,0.04532905065052713,0.03977913781505469,0.05029605752132938,0.06684204138062172,0.2601421157104983,0.020607949612420854,0.020149809376134302
331,ORLY/2015/page_28.pdf-4,ORLY/2015,4,0,0.6141674892522389,0.45006956555118516,0.24345504506326843,0.22947542492541761,0.20387869794107175,0.17570997852276057,0.4940461830541709,0.4775042707466934,0.29596905776626253
332,DISCA/2012/page_54.pdf-2,DISCA/2012,1,1,0.7188964071031927,0.6791509811323543,0.6468344348937487,0.7328142657038754,0.8982491161048848,0.9264760003163086,0.6514776704356983,0.6658505897446935,0.7198548322507327
333,IP/2005/page_31.pdf-2,IP/2005,2,1,0.9730664514634755,0.9823110837772544,0.9878395201283665,0.9915244903634273,0.9935108348205268,0.9916432656685857,0.9768384241798881,0.9889209363433826,0.9862122826237651
334,VTR/2006/page_88.pdf-2,VTR/2006,0,1,0.9013864450841286,0.946046142306141,0.856865512267157,0.9004055500738168,0.8842740706779285,0.8964534703270977,0.9028074280023248,0.8840825033057537,0.9107878904656838
335,C/2009/page_248.pdf-3,C/2009,2,0,0.355557280584533,0.3253378199304475,0.04622945487475613,0.06292483912741065,0.07333521876804364,0.0368347672324929,0.3872809568548373,0.07617254892613172,0.05218129806424641
336,IPG/2009/page_67.pdf-4,IPG/2009,2,1,0.9972265753358119,0.9976503219480766,0.9960464467103083,0.9948983141684089,0.9967204115430798,0.9972120533480847,0.995938511975084,0.9940905640933342,0.9933109976680389
337,MRO/2008/page_70.pdf-3,MRO/2008,2,0,0.8596232005220461,0.9219090009457696,0.6591813694563218,0.7277150818498945,0.42386597048736946,0.5166657765597037,0.9367018259729688,0.3181705089698487,0.531015514091539
338,TROW/2011/page_13.pdf-2,TROW/2011,1,1,0.9468076158117882,0.9646411759144519,0.995739981809027,0.9970228733404307,0.9950107446903886,0.9922982869401787,0.8766422053263525,0.9973511562667158,0.9973385210380638
339,STT/2012/page_42.pdf-1,STT/2012,4,0,0.7990749228266459,0.8749859262706222,0.3820506262258383,0.3137986564568163,0.179268567585043,0.0676431888349311,0.9090690930626659,0.5033264642587113,0.4318680677235378
340,LMT/2015/page_86.pdf-1,LMT/2015,2,1,0.3251032720375125,0.3014024896910762,0.9664860319431896,0.9461161422807876,0.9627398679316516,0.9581229419751548,0.22830605940205048,0.9790538334666896,0.9777195424089782
341,CE/2010/page_150.pdf-1,CE/2010,3,1,0.9872145544152936,0.9807957102525434,0.9791878730159636,0.9742852119587729,0.9898033899511789,0.9460636865531501,0.9721239356526363,0.9770936961032821,0.9875374949427803
342,ETFC/2007/page_22.pdf-4,ETFC/2007,0,1,0.9654144313165753,0.9619717065789445,0.9856882221430165,0.9793924265877249,0.9869576143084069,0.9885690799346738,0.9345953926920564,0.9875624697217343,0.9891297010011061
343,INTC/2013/page_47.pdf-3,INTC/2013,4,0,0.9687407238682344,0.9194383499838039,0.6695222682428067,0.6166225360907522,0.7817605798707303,0.7905194701059692,0.9589876824023345,0.5398620433237434,0.7247434439225765
344,PKG/2001/page_78.pdf-1,PKG/2001,1,1,0.987845840330511,0.9804693361844193,0.9573282392526288,0.9054818124194685,0.9415456999670346,0.948792429255175,0.9757561415786079,0.957767093348,0.9211869240789361
345,K/2012/page_44.pdf-1,K/2012,3,1,0.9229294257033691,0.9306770729657201,0.987387290336151,0.9946349822822469,0.9921738614283642,0.9961639522451748,0.9742593119411939,0.9950434488078586,0.996181456487973
346,STZ/2005/page_57.pdf-4,STZ/2005,0,0,0.9914461731113229,0.9832001767487115,0.958978153530604,0.9709346557835874,0.9730490205254922,0.9897222199624262,0.9885573948616008,0.9608579273589611,0.9678145346669323
347,EL/2009/page_112.pdf-2,EL/2009,4,0,0.5605741418511702,0.7856864708579854,0.2207248205621522,0.2760979025904653,0.07204277713924775,0.07314747623564186,0.6923871180153506,0.10827926725423533,0.12379606139505464
348,AAPL/2015/page_56.pdf-1,AAPL/2015,3,0,0.32072035201706034,0.3448320617275627,0.03507843371638406,0.03148861681774506,0.044407119102602595,0.024006554307397298,0.15301464721171543,0.020619169571497526,0.023209699119440957
349,JPM/2009/page_183.pdf-5,JPM/2009,3,1,0.9736212034866684,0.9837843397657686,0.9614384255979984,0.9478946356367026,0.9885339384184462,0.9748218780456828,0.9756199213704946,0.975396941248808,0.9644770710390097
350,ETR/2009/page_141.pdf-2,ETR/2009,2,0,0.8902084966093128,0.9169173394232236,0.8527158664352188,0.8686571964169942,0.8774775850421165,0.919388331527119,0.8088364404924248,0.8870470671136927,0.8937060788184009
351,UAA/2016/page_83.pdf-2,UAA/2016,0,1,0.924142062792943,0.9448406925614661,0.9611589185425669,0.9543521344274221,0.9758066156395482,0.9859813706933579,0.9563494658796597,0.9653019130424657,0.9587489885736243
352,UPS/2013/page_56.pdf-3,UPS/2013,4,1,0.9703165245844781,0.9620544460742073,0.9968160021389036,0.9946077476181948,0.9956906303910165,0.9963082284517973,0.9719352826719947,0.9964920609313663,0.9967723998302644
353,GPN/2016/page_69.pdf-2,GPN/2016,1,1,0.9683124577896973,0.965552776692714,0.9846792832389162,0.9786640868525371,0.9924037074533489,0.94544949216185,0.9415446583827458,0.9778127919406875,0.9855100562243153
354,AAPL/2006/page_93.pdf-1,AAPL/2006,4,1,0.5767418636191511,0.7091932764361959,0.1519295799831267,0.12253167125868776,0.11083869894005086,0.0253573381046908,0.9265452148925171,0.40573912041237936,0.3665196657093197
355,ETR/2008/page_343.pdf-4,ETR/2008,0,1,0.9018392696747533,0.857751244506809,0.9573535420588534,0.9641775999251782,0.9607983573161344,0.9336897050816373,0.8187299216200459,0.896311785108984,0.9470446283475088
356,STT/2012/page_42.pdf-3,STT/2012,4,1,0.8543249029728046,0.8968643998607025,0.9505625548058582,0.920065172958901,0.9379408711160933,0.9639769898219275,0.8896576569647081,0.9892375741458798,0.962495763015241
357,AWK/2018/page_142.pdf-4,AWK/2018,1,0,0.9458871788272926,0.8995010151435084,0.8920290014268457,0.7571036177456543,0.7134562411458685,0.689864813065114,0.907876172194642,0.8778705120944298,0.8748742480035276
358,BLK/2016/page_35.pdf-2,BLK/2016,1,1,0.8023185280689459,0.9595949980624668,0.9966843803770731,0.99639705776174,0.9979717444560927,0.9973017752231129,0.957963281338467,0.9962325355920958,0.9966850879558847
359,CE/2010/page_134.pdf-4,CE/2010,3,1,0.9951574255853725,0.9920623945161975,0.9943580664106205,0.9960071813754207,0.9936612582500604,0.9932025073045605,0.989734727989289,0.9957763771703786,0.9963865404586113
360,ETR/2004/page_186.pdf-1,ETR/2004,1,1,0.7245040458986,0.6543460933630459,0.806548540669854,0.7956210012393656,0.7507449706357143,0.7345288222292189,0.867985519512289,0.6933647115567145,0.8263309210540092
361,RL/2016/page_9.pdf-2,RL/2016,2,1,0.9854545405223255,0.9763872443395958,0.9653812641919316,0.9491894346012334,0.94042314763644,0.9693679669638966,0.9727839687443177,0.970998559279086,0.9701577403521947
362,SNPS/2012/page_64.pdf-2,SNPS/2012,1,0,0.982175487188197,0.9740981444689447,0.9599792966757079,0.9203835914843566,0.8352051154601773,0.8646595620666063,0.9780991401122097,0.9533682452777573,0.9515498827583059
363,HIG/2014/page_126.pdf-2,HIG/2014,3,0,0.9570287616706189,0.9487264200600075,0.9065994102332391,0.8932833183299853,0.940537555843062,0.9165877865784144,0.8615323151596204,0.4276173846929351,0.5211871404481143
364,LMT/2016/page_87.pdf-2,LMT/2016,1,1,0.9080298351948587,0.9351737689738664,0.8428996864726865,0.9163695878792173,0.9133394143145181,0.9318167144371806,0.9849360745214133,0.9299154353951835,0.9228269177385037
365,GS/2013/page_184.pdf-2,GS/2013,3,1,0.95626486455978,0.9329133711975871,0.8404222280469118,0.8601956743133827,0.7375618720908743,0.8309642683517945,0.9622786065382005,0.8579610231743638,0.8417072866018177
366,ILMN/2006/page_92.pdf-3,ILMN/2006,0,1,0.8891742239588721,0.8790417540389182,0.9900876226203236,0.9900322458317917,0.9948299044233482,0.9947600227919042,0.9560619952052222,0.9911541998494379,0.9842145553702302
367,GS/2012/page_64.pdf-1,GS/2012,4,1,0.9959738049641369,0.9975643324277144,0.997110979836867,0.9973144325895089,0.9965497580645196,0.9968180592326124,0.993983744128497,0.9925607035058622,0.9955561258795599
368,AWK/2018/page_150.pdf-2,AWK/2018,1,1,0.697994593506727,0.7603191985288558,0.4547319608378994,0.6407926317498329,0.7229095595470513,0.679890415624882,0.6577684647256569,0.3409192521472597,0.30561363275362624
369,UA/2011/page_66.pdf-1,UA/2011,2,0,0.6582946933830919,0.6463620739767122,0.6925359699021914,0.5803490097833627,0.7012026678279977,0.901808783246325,0.4732986884266277,0.255814260733532,0.33770532974151923
370,BKNG/2017/page_35.pdf-3,BKNG/2017,2,1,0.9815990214798113,0.9823309933298361,0.9858528454816292,0.9755796966267407,0.9958236721044776,0.9940294306845059,0.9752646953152762,0.9662050308473868,0.958425910798506
371,PKG/2001/page_86.pdf-3,PKG/2001,1,1,0.9564056995590348,0.9281097246173761,0.9335727308363568,0.9608382953901683,0.9538289995905159,0.9571947346836958,0.9563632571940228,0.9674728176114036,0.9818383281366281
372,LMT/2007/page_39.pdf-2,LMT/2007,1,1,0.9911320269195895,0.9894909643110007,0.9915498961766503,0.9956132483966921,0.9986064361481298,0.9959832079834002,0.9884785821083005,0.994924363022344,0.9952118482487529
373,FIS/2010/page_89.pdf-4,FIS/2010,4,1,0.9061499359402435,0.9353360839311011,0.8857954765386128,0.8894025292092734,0.7434512213655544,0.7716908240117994,0.8211804940313067,0.823622366530908,0.8058829453397206
374,AAP/2011/page_16.pdf-1,AAP/2011,1,1,0.901948389274961,0.9371517653832693,0.8762583460020575,0.9301372165241171,0.8938116416941597,0.8261853377911494,0.9389469489791199,0.9057101540678738,0.9155516109623141
375,JPM/2012/page_109.pdf-2,JPM/2012,3,1,0.44320711133632446,0.5953123223010859,0.9674930007775435,0.9807679037679411,0.961210281950116,0.9506737800274097,0.5095272520400393,0.9875112101203456,0.982604725102967
376,CE/2016/page_88.pdf-1,CE/2016,0,1,0.8319889102775712,0.9017450159341792,0.8216179421860387,0.6871902066795631,0.7525902612001277,0.3065568458686858,0.9228133790671965,0.6895834671403787,0.7270417630470501
377,AAL/2015/page_83.pdf-2,AAL/2015,3,1,0.6924766108321121,0.6735250444331943,0.7588954878193764,0.7758619070307555,0.7879266895243742,0.6927253716757567,0.7392860989761683,0.7987186790085422,0.8037172226058791
378,AMT/2005/page_83.pdf-1,AMT/2005,0,0,0.7938926430339786,0.8312419376832743,0.8350584204134793,0.8523102868613591,0.9120063220040524,0.8055808167697719,0.8985470672232438,0.8439606457179302,0.8473108244396844
379,UNP/2008/page_81.pdf-1,UNP/2008,0,1,0.8579421722705665,0.9402649085657625,0.9722452264943502,0.9742503301750375,0.9749649290226287,0.9699895526550262,0.9841748998019518,0.9820185240472449,0.9816786294851431
380,KMI/2014/page_18.pdf-1,KMI/2014,3,0,0.2030806210188575,0.15143434671600664,0.28895321033943894,0.16744173225711514,0.17759713807646565,0.31171924666243817,0.12458330693318145,0.2509645291332041,0.2004539678676961
381,VTR/2007/page_48.pdf-2,VTR/2007,4,1,0.4376225591203999,0.5038911106001347,0.7505023075869345,0.8184222376590238,0.9397682940861373,0.7992265270393725,0.2304517191855068,0.5903840440698488,0.7131123894315887
382,IP/2007/page_38.pdf-1,IP/2007,1,1,0.9370107153273263,0.9517274876311792,0.9182659829010342,0.9032679265123345,0.9512367861642572,0.9033218170521118,0.9234881979400069,0.8596966045008063,0.8492644855468183
383,AAPL/2006/page_79.pdf-2,AAPL/2006,4,1,0.7770987364165447,0.902510861573888,0.6117469801063897,0.5466149429608844,0.770750710865882,0.10890941785374168,0.8253641211357535,0.6993969309806644,0.6968555800378329
384,C/2009/page_194.pdf-3,C/2009,2,1,0.8761561792983913,0.9483120284802903,0.9938260960479639,0.9968565890080655,0.9959974478678619,0.9905198489987654,0.926152941569986,0.9867731906580466,0.9954884345646449
385,AMT/2014/page_64.pdf-1,AMT/2014,4,1,0.875485877413327,0.9025052094666569,0.9909577287517403,0.9917157288939978,0.9761615757592182,0.9961329273051511,0.9583906752241496,0.9906246341144233,0.9917906133294343
386,GS/2013/page_193.pdf-3,GS/2013,3,1,0.9437429416185069,0.9534387001386715,0.850642163902346,0.8673624007150132,0.8107913578023402,0.8883621885387628,0.9715742607818797,0.8909998287128713,0.8532398239446213
387,UPS/2013/page_34.pdf-2,UPS/2013,4,1,0.9893877302136792,0.9906823059604252,0.9859765892779144,0.9824552151093182,0.9879505145585458,0.99474491055755,0.9887076352216766,0.9790954156328213,0.9766983548170306
388,AMT/2007/page_116.pdf-3,AMT/2007,4,1,0.8177032364862541,0.8083919405769292,0.901717121346758,0.9145918693869621,0.927351007652835,0.9495405938043234,0.8239904013504785,0.9385607331798518,0.8973833798856999
389,BLL/2010/page_33.pdf-2,BLL/2010,1,1,0.7133857214333186,0.9127571111834686,0.8859045230785418,0.9689084058711349,0.9241371725218288,0.9125497204807059,0.9035318240424994,0.9295655239546523,0.9197900318917417
390,ADBE/2014/page_99.pdf-2,ADBE/2014,2,1,0.9861740513192345,0.9852869215623701,0.974166622827245,0.9810998855639986,0.9956399861199402,0.9710197412001772,0.9899291903928354,0.9743675003846011,0.9837924639450552
391,VNO/2010/page_88.pdf-2,VNO/2010,1,1,0.4476733617033179,0.5621129019713028,0.961489995206936,0.9660074873581105,0.9697092804306715,0.9939205844448665,0.4030078056343329,0.9457232646888891,0.9196900057740355
392,ETR/2004/page_335.pdf-2,ETR/2004,1,0,0.18565460210979348,0.23204067507030138,0.25852037029514385,0.18879136152934767,0.06359399613733968,0.2881010015465681,0.22633340034000668,0.3766474166924287,0.29723584236895223
393,UPS/2015/page_35.pdf-3,UPS/2015,0,1,0.9495580020922199,0.9439419080785058,0.84373913784538,0.8805668389807888,0.7925291207632437,0.8461753454613621,0.9349304281316445,0.7214070340338666,0.8136061613117096
394,IP/2015/page_51.pdf-1,IP/2015,1,1,0.8945625868801969,0.8436930680074132,0.8619312903307236,0.7808203455798682,0.8528706356657018,0.9387012943871293,0.8523470291385342,0.9223236210444434,0.9065525998775111
395,AWK/2017/page_154.pdf-1,AWK/2017,4,1,0.8805342986245025,0.9553881523619927,0.9855304610183776,0.9655976995144313,0.9863334474987779,0.9641548753517347,0.9392398817682105,0.9660388143679169,0.9690766861752775
396,LMT/2016/page_105.pdf-4,LMT/2016,1,0,0.14355807079187355,0.18241595316674863,0.014163422927811493,0.0163250228475938,0.013997159336722796,0.019175434158153867,0.1009120704077077,0.00961292375093698,0.011726279415601368
397,JPM/2014/page_128.pdf-2,JPM/2014,2,1,0.9652044031987368,0.9524822041106553,0.9848076333113791,0.9879619540369733,0.9415517800234904,0.971243755794544,0.9552241623313812,0.9753269112944613,0.9349733742544741
398,MKTX/2014/page_39.pdf-3,MKTX/2014,0,0,0.6511089575946221,0.6815250513411988,0.2419372785646284,0.22488046909778578,0.11868530415257918,0.16128194746622607,0.43667899166183977,0.13173874472249641,0.10505538572174693
399,HIG/2016/page_250.pdf-1,HIG/2016,3,1,0.3511945265173999,0.290268003357637,0.5298554103803995,0.46223267930382905,0.5389307477239162,0.6220945092532056,0.3671124204388377,0.7686287121438056,0.8117378474807699
400,ETR/2015/page_24.pdf-2,ETR/2015,2,0,0.7703103417335306,0.6914427015670956,0.5077639995596185,0.5024086935256791,0.49170189214513055,0.7751486693261884,0.5449783922348732,0.2655427834236119,0.44394344880188574
401,IP/2012/page_64.pdf-1,IP/2012,3,1,0.9656591718663325,0.9675482013649737,0.9950372944921855,0.9961284975447348,0.985140515587807,0.9978719111088067,0.9787818566188959,0.9982011105465638,0.9980125408621672
402,UNP/2017/page_23.pdf-1,UNP/2017,1,1,0.9938374087667163,0.9944391092854528,0.9977898545009604,0.9971184645261119,0.9975291142369905,0.9954933993940971,0.9957724775280062,0.9956498039419054,0.9968397275251157
403,C/2009/page_141.pdf-2,C/2009,2,1,0.96212163334166,0.9750577294798832,0.786411711109668,0.7424275892348767,0.8225417364164304,0.8848001175866144,0.9728192640314053,0.7575519500301163,0.770787775351317
404,ETR/2008/page_27.pdf-1,ETR/2008,0,0,0.7340461904379714,0.8346230767532044,0.9943139828498725,0.9957106098014659,0.9944624973165497,0.9796095111616909,0.6143319093013225,0.9884421369517978,0.9925947626744058
405,ETR/2008/page_401.pdf-3,ETR/2008,0,1,0.9880849971913093,0.9920437865961024,0.9981293161788752,0.998388279294136,0.9965167906913869,0.998660541437382,0.9800324792635411,0.9985848797708994,0.9990477230780914
406,ETR/2017/page_441.pdf-3,ETR/2017,4,1,0.17736665380828515,0.4632899024327485,0.8180356280700238,0.8541059289303102,0.8645649343444192,0.9020935817098517,0.38541764423228964,0.7279907024806966,0.8095423887669314
407,ETR/2015/page_18.pdf-3,ETR/2015,2,1,0.7639271317565176,0.7595626750544108,0.9087914225244672,0.9287625896733661,0.8644635334262488,0.8390593141237863,0.9192728929423616,0.887319949075114,0.9258643862477784
408,AMT/2012/page_123.pdf-2,AMT/2012,2,1,0.8748194310828987,0.8808787325098573,0.837634511138692,0.867743946415297,0.7790142302757898,0.9587789642779716,0.9225924573229937,0.9281456347026779,0.8718317470093613
409,ETR/2004/page_86.pdf-1,ETR/2004,1,1,0.9620761717885692,0.9649160288905106,0.9775187636716579,0.9661265771215486,0.978533942209668,0.9322748904052048,0.921941026462252,0.9768065605996681,0.9223863610810991
410,AAPL/2011/page_65.pdf-1,AAPL/2011,2,0,0.41897704378409495,0.7429059339632562,0.25245490486536626,0.33755960432644794,0.22779550277530314,0.05627985682593372,0.624537731958604,0.13447910788795175,0.1983714884477927
411,JPM/2016/page_73.pdf-4,JPM/2016,1,0,0.13008119907821497,0.12314195588588077,0.05753667491134397,0.04635302247502244,0.03143729562174689,0.05536235773245196,0.26502458964252446,0.10064530066225987,0.07910124021336522
412,AMT/2012/page_119.pdf-3,AMT/2012,2,1,0.9163377673714415,0.9277641490906843,0.9553948843037581,0.9441494990794779,0.9790880693473356,0.929965261988175,0.8095639389345571,0.9526728511457746,0.9526554221749158
413,AAL/2015/page_183.pdf-1,AAL/2015,3,1,0.994811138676658,0.99701829589405,0.997673921189802,0.998099677128705,0.9958994040142454,0.998605612262931,0.9860496296542423,0.9959102738965272,0.9960845348110203
414,RCL/2014/page_80.pdf-3,RCL/2014,2,1,0.9238317611638243,0.9082053570441215,0.9279138476810761,0.9461570056402738,0.9748908339587268,0.9731208902931082,0.9144104996735273,0.9825144247829909,0.9512640969838371
415,AMT/2014/page_120.pdf-2,AMT/2014,4,1,0.8893341129206719,0.9475214713420251,0.8779659173180825,0.8747761858272418,0.8796251614322037,0.9373879288324021,0.9186440414125508,0.7558381248883603,0.8243129456169367
416,RSG/2018/page_47.pdf-2,RSG/2018,1,1,0.8744844353784224,0.8509593912038748,0.7794604759285784,0.6861753559807318,0.6844969721916219,0.8964745330942472,0.8303555195040299,0.8249726544164941,0.8547204606922089
417,SWKS/2008/page_105.pdf-3,SWKS/2008,2,1,0.47049701478901856,0.5686384501091113,0.19698218664482414,0.2512451045628753,0.10383771785849065,0.056604263801638764,0.7326391067444202,0.08792382781778786,0.10823397212562592
418,MRO/2009/page_57.pdf-2,MRO/2009,4,1,0.6467791546598312,0.345932407938033,0.7963258744213675,0.5993567300377662,0.8816314514211333,0.9265891182595045,0.4234983550690565,0.7097137031876454,0.7029844876668678
419,C/2008/page_217.pdf-2,C/2008,3,1,0.8130309651321409,0.7911319252127137,0.9831244883021382,0.9575506739141634,0.9745070114714144,0.9891812956652694,0.9250125828811869,0.984246556427083,0.9860272922972847
420,BLK/2017/page_35.pdf-2,BLK/2017,2,1,0.9889244738027337,0.9935206877948187,0.997719016196895,0.9985871100054446,0.9983314556751979,0.9928778302726842,0.9897380895186237,0.9982388687564641,0.9983045253702414
421,LMT/2017/page_101.pdf-1,LMT/2017,0,0,0.3353060668433277,0.32300657037070823,0.10366630362900424,0.07419353713028509,0.15783492079482192,0.04425035649351413,0.39408573318319323,0.08814253850119624,0.08222130466924293
422,DISCA/2016/page_30.pdf-2,DISCA/2016,0,1,0.9970090906476183,0.9970497214978856,0.9625700230042461,0.9858666417648921,0.9616812203859484,0.992824767764969,0.9961612506884413,0.9773329539605322,0.9860759160732737
423,BLK/2012/page_32.pdf-1,BLK/2012,2,1,0.8869398309723088,0.9111406160997111,0.9950026001906369,0.9956914840605559,0.9881082059735483,0.9984745025366359,0.9239258074012338,0.9958504149452683,0.9962672003305044
424,CDNS/2007/page_30.pdf-2,CDNS/2007,2,1,0.8246954222904269,0.7912023521316752,0.6475904352375357,0.6772830555327102,0.861180003766681,0.9825226623614777,0.9282873122309702,0.8769731516276024,0.8472325482166003
425,OKE/2007/page_51.pdf-1,OKE/2007,1,1,0.8981924807143044,0.9118926278727819,0.9127450527654574,0.8594128379870641,0.7761279005074362,0.5771730044954756,0.8424271423617533,0.8723766507666357,0.7234725374958895
426,JPM/2015/page_77.pdf-2,JPM/2015,3,0,0.8963333570155876,0.9307684310740604,0.8095337402090641,0.9000565657703082,0.8774641456576007,0.8324810067213074,0.9718278030590366,0.8825682922072522,0.8245945205382331
427,ETR/2015/page_50.pdf-2,ETR/2015,2,1,0.913395730797543,0.9410561799703991,0.9299058279471073,0.9474963232118566,0.9612334630706173,0.960446709996493,0.9512968173658266,0.9359882288272078,0.9516498215410215
428,GS/2013/page_195.pdf-4,GS/2013,3,0,0.7174840486032119,0.8466902585236996,0.15575959235596246,0.20960453446549265,0.25672962741834227,0.09755392878193102,0.5001640065966554,0.24659891053943542,0.19361496504969494
429,UAA/2016/page_81.pdf-1,UAA/2016,0,1,0.9927211786340616,0.9942434164277393,0.983184286641268,0.9841704590397663,0.980009317004527,0.9769639913765192,0.9925794695113634,0.9878854280325416,0.9821415309833094
430,TROW/2011/page_13.pdf-3,TROW/2011,1,1,0.9866090450753344,0.9663175660589528,0.9945538013368849,0.9857850234914989,0.9938693859259892,0.9243268211402039,0.9340778158235418,0.9949559272563885,0.9866024264631389
431,STZ/2010/page_51.pdf-2,STZ/2010,3,1,0.6856299521180321,0.6650168608536665,0.9909767879545616,0.9899013098503496,0.9926751985830494,0.9960454799075797,0.6672965867591311,0.9815598999955492,0.9851983376611738
432,AAL/2015/page_183.pdf-3,AAL/2015,3,1,0.9944356320130249,0.9978193348846742,0.9972011629299418,0.9970353900523445,0.9986814507834825,0.9971264791045555,0.996126422165183,0.9972510713788558,0.9971847325313052
433,AWK/2018/page_178.pdf-2,AWK/2018,1,0,0.38903000107324787,0.4232403129336332,0.1205078817841545,0.11618413812653408,0.07066650571226854,0.07574438624297179,0.510154642726533,0.10698435699565477,0.13430951216327394
434,UNP/2013/page_24.pdf-1,UNP/2013,3,1,0.924758308928792,0.9540239540683122,0.9136917425702387,0.881932640274324,0.8674276044233,0.9474572964465282,0.9479989739656987,0.729355254710967,0.7853644660225676
435,UNP/2010/page_30.pdf-1,UNP/2010,3,1,0.8236023448790268,0.8234299377453675,0.7566136292316387,0.7763964433520109,0.6762271065174361,0.6387229764236,0.8691557065317814,0.5704404510590236,0.6361201877550583
436,KHC/2018/page_27.pdf-3,KHC/2018,3,1,0.9570176671004499,0.9756157090247577,0.9957441196263034,0.9936495168967948,0.9901445161964695,0.9963779387435343,0.9884361242503362,0.9960478065057888,0.9938379862133732
437,UNP/2014/page_32.pdf-2,UNP/2014,2,1,0.9372610590923641,0.9431109298294238,0.8038885347153039,0.7475947659898549,0.8431629649937368,0.8440996989785038,0.9144795032985404,0.8010883413584206,0.8408075925401965
438,MA/2008/page_116.pdf-3,MA/2008,4,0,0.5820806968376713,0.588054255546955,0.5287282037704688,0.5212978672149695,0.593877365589152,0.7325345614926089,0.47931706080412917,0.5617451035859599,0.5478626866304278
439,UPS/2015/page_108.pdf-1,UPS/2015,0,0,0.338043980839074,0.3292051747631627,0.05781416300909777,0.05390024809492582,0.06927607374624663,0.06519743264325135,0.3158052344168604,0.06980264782044937,0.07091274977776317
440,CMCSA/2004/page_30.pdf-1,CMCSA/2004,3,1,0.753151681471569,0.747250236356929,0.39870526029534187,0.5440137725933177,0.6290122511406184,0.5689232020689657,0.703602094371636,0.36471640833067964,0.6188573376155438
441,DISCA/2016/page_30.pdf-3,DISCA/2016,0,0,0.992383401383957,0.9940469212390571,0.9773282504759068,0.9690052499085104,0.8345631772287228,0.6626085066489077,0.9937352004351282,0.9595409722736479,0.965944096710843
442,ADBE/2012/page_87.pdf-1,ADBE/2012,1,0,0.8560157379030612,0.8619434159756105,0.9767986783546133,0.9334284271039942,0.9226132661457249,0.9559464258806085,0.8324332371582224,0.9789470347782824,0.9622256348411287
443,VTR/2007/page_97.pdf-3,VTR/2007,4,1,0.9659884811989151,0.9566810584075813,0.9647301579985393,0.9371301608603444,0.9476460972864995,0.9605168108542822,0.9771734288140143,0.9577799130183586,0.9657902059958049
444,LMT/2015/page_86.pdf-2,LMT/2015,2,0,0.8042113176052631,0.6647795202483296,0.9657929068006764,0.9635879093011387,0.977379173972334,0.9533958989589016,0.7954300298477576,0.9801320315392408,0.9689205854852428
445,FIS/2012/page_11.pdf-2,FIS/2012,3,0,0.9733747194124289,0.9694841044191087,0.9271162109845436,0.9586020749929633,0.9710267630445499,0.8873913779839984,0.9764249594854867,0.9626533753726249,0.9384450210590132
446,STZ/2005/page_57.pdf-2,STZ/2005,0,1,0.9789795058849855,0.9757241604695579,0.9892372722902336,0.9914245149103902,0.9962163470391343,0.990551303849888,0.9769927292692342,0.9926629204694188,0.9929459290830275
447,CME/2010/page_71.pdf-4,CME/2010,4,0,0.3777640128435304,0.560431149808896,0.7384290531529196,0.8721243094632234,0.9748754212332823,0.23343785286756416,0.37746503559745265,0.7811834495967557,0.8077349965537011
448,AWK/2015/page_109.pdf-3,AWK/2015,0,1,0.8994858263693011,0.8956870973559297,0.809893742530518,0.8532784992532849,0.4322607550960936,0.7834292659034926,0.9450431035607093,0.7769481782335692,0.8320917926200384
449,TSCO/2017/page_73.pdf-1,TSCO/2017,1,1,0.9244987968716786,0.8869192781261706,0.9812371889461281,0.9881948614884977,0.9917613827537053,0.99140955279098,0.8377976945061064,0.980257515647649,0.9849640957649963
450,IP/2012/page_58.pdf-1,IP/2012,3,0,0.7989997457164226,0.8264688983501152,0.7002947365508614,0.7067189418926582,0.6250688941655435,0.8688644659897531,0.9315497466419049,0.6747119222786074,0.7862119808181978
451,LMT/2017/page_83.pdf-1,LMT/2017,0,1,0.868234982238158,0.8584296441637573,0.9535327875369961,0.9832681559798797,0.9488736834764178,0.9667770927212183,0.941071597771052,0.9730365330818131,0.9641801370825459
452,AMAT/2018/page_31.pdf-1,AMAT/2018,1,1,0.9018591125152638,0.8899234339646679,0.981618925539216,0.980907494796836,0.9409493260402205,0.9575758970578504,0.9084490112331249,0.9743025021739943,0.9852880276151582
453,GS/2012/page_177.pdf-4,GS/2012,4,1,0.9432419403155429,0.9702029715352011,0.892507856297999,0.9328824155431478,0.902768477170431,0.9391174116528681,0.9675788519048653,0.8627133740945205,0.9295342483287699
454,JPM/2009/page_132.pdf-1,JPM/2009,3,0,0.7328309641692285,0.5168099843805964,0.8205695774773694,0.8135529222433755,0.6397532409588317,0.39160362674073074,0.49916014851627716,0.3549497632633106,0.3173351229911138
455,AAPL/2011/page_38.pdf-4,AAPL/2011,2,1,0.905899680866138,0.8900094892383781,0.8699297555961978,0.8207866481395519,0.8801146872902977,0.6900587826748578,0.8756926043686956,0.8310804816796148,0.8236580236542654
456,GS/2018/page_134.pdf-4,GS/2018,2,1,0.9173978273219745,0.8817565049003068,0.8379464593458289,0.8950784655368654,0.8652796533179363,0.9320165772978372,0.9453467034190468,0.9217095554021139,0.8941371831175204
457,JPM/2008/page_177.pdf-4,JPM/2008,4,1,0.9057857999849888,0.9411964983924197,0.9656436005374278,0.9672769976871928,0.9956243847077595,0.9926947859717782,0.9781969516183696,0.9894418102691649,0.9881108949597621
458,KHC/2018/page_27.pdf-1,KHC/2018,3,1,0.9570176671004499,0.964167141139256,0.9971302475344881,0.9958970315768243,0.9917510110179116,0.997462641149556,0.9815082694919132,0.9963730733584798,0.9939756375114069
459,RL/2014/page_13.pdf-2,RL/2014,4,1,0.9800117715615717,0.9382383159742985,0.993437339284887,0.9887917878734299,0.9779829737192007,0.9850977840263343,0.9691775344973478,0.9971512493787141,0.9886883660778952
460,ETR/2008/page_438.pdf-1,ETR/2008,0,1,0.9239674994791329,0.9608861311088264,0.974487538903455,0.9845364232560877,0.9677749017320217,0.9813199585343805,0.9558600990024703,0.974622107763415,0.9718244925700127
461,AMAT/2012/page_35.pdf-1,AMAT/2012,1,1,0.8194656181071772,0.9364907089214249,0.9418818899041315,0.9528506931299694,0.9462567849768614,0.9636817339659843,0.9640948375384795,0.8239352402315617,0.8529843164819884
462,APTV/2015/page_47.pdf-2,APTV/2015,0,1,0.964370784031964,0.9703702164872071,0.8549593503373131,0.9206226629256704,0.8794560312183554,0.9437330345193575,0.9799556744057175,0.9565452077681116,0.9459342328693126
463,INTC/2013/page_40.pdf-3,INTC/2013,4,0,0.8898154992811437,0.935041904069615,0.8237407951671127,0.8663815808519921,0.8845011572416803,0.8595154771511846,0.9452668259170779,0.8861526372011365,0.762272213362497
464,AAPL/2002/page_63.pdf-2,AAPL/2002,2,1,0.9794997448661817,0.9714713857666313,0.9092658300507408,0.9067186549179173,0.8534938575990407,0.9121128243084425,0.9704055816269297,0.9076671781260787,0.9348466746807061
465,ETR/2017/page_19.pdf-2,ETR/2017,4,0,0.748308945940765,0.732096770346064,0.6277447337635629,0.6351637430575676,0.6592659932354239,0.7567442515034652,0.6208476967419023,0.572054660646097,0.5599816283361226
466,AOS/2007/page_17.pdf-2,AOS/2007,1,1,0.9073769290552521,0.899789956438794,0.8585705811175897,0.8428839673154152,0.8222023492761559,0.9527847016277807,0.8938517750240194,0.850884623995315,0.8869153765521987
467,IPG/2009/page_89.pdf-1,IPG/2009,2,1,0.9348301169179782,0.9300225658064449,0.9975571525690772,0.99788893455072,0.9948218395056251,0.9937958828788641,0.9681285726371234,0.9990579923791388,0.9984295384293941
468,FITB/2008/page_69.pdf-4,FITB/2008,3,1,0.9514159298251909,0.8672793643679123,0.9720650976173715,0.935850869885571,0.942094006137881,0.9203327033208801,0.9767648236310983,0.9526808054227086,0.9712552306938755
469,AWK/2018/page_178.pdf-1,AWK/2018,1,1,0.8443904401258664,0.9349488132622777,0.9877980207769691,0.9862722590631485,0.9797631546943809,0.9921398513561184,0.9106581218553582,0.9833949066084293,0.9847611969392782
470,DRE/2002/page_30.pdf-1,DRE/2002,0,1,0.8933470120513235,0.9013778485073011,0.9622892727882189,0.9772563472897415,0.9722127810941258,0.9685689160107087,0.731883345290962,0.8554270541448329,0.8725483234480029
471,MAS/2010/page_86.pdf-2,MAS/2010,0,1,0.8273474198104378,0.8208295964461503,0.7593454831498616,0.7596937448176814,0.7596130620823139,0.495142821149926,0.7000176271138608,0.7541453447254185,0.569348293428272
472,AWK/2015/page_112.pdf-1,AWK/2015,0,1,0.8685127641465628,0.9118747637438469,0.7007843177350733,0.6712346147828152,0.6850463293410773,0.896297685262372,0.9402127000468739,0.8708759979198579,0.8440295586747993
473,ETFC/2011/page_23.pdf-2,ETFC/2011,2,1,0.9445166538178191,0.9209863667256898,0.9398951109919923,0.9461139075729552,0.9389066077759662,0.8609798556423757,0.9487149816422202,0.9260903335727838,0.8752664313705452
474,ETR/2004/page_163.pdf-5,ETR/2004,1,1,0.8851846421886839,0.9671467640323013,0.984642026247134,0.988030929116107,0.9574892815010115,0.9905282388387282,0.9081338050768203,0.9731640062554368,0.9926479509640483
475,AMAT/2016/page_32.pdf-1,AMAT/2016,3,1,0.950409460830316,0.9489552425086615,0.9890368469566965,0.983062440891178,0.9788639786754446,0.9887769970429899,0.9371649336318696,0.9856607073654757,0.9577199379635487
476,ILMN/2008/page_77.pdf-1,ILMN/2008,4,1,0.8883336093411476,0.8088834169095933,0.8321080712200484,0.9024830723842684,0.8485069339112237,0.8549326648128206,0.6545407534282297,0.77613254653189,0.8350777814822985
477,MAR/2005/page_52.pdf-1,MAR/2005,0,1,0.3687608981643478,0.6092480773660991,0.9528569850895563,0.9226929935108733,0.9712942542012601,0.9909333878450008,0.551494724799376,0.8662632778630958,0.9089683924384305
478,TSCO/2017/page_28.pdf-2,TSCO/2017,1,1,0.9373262642076667,0.9317100279945243,0.9408319662709533,0.935875215785325,0.9799268533685237,0.9786838789270996,0.9134956369748926,0.9501083455221944,0.9503993484922632
479,MRO/2009/page_32.pdf-4,MRO/2009,4,1,0.9171976612333496,0.9465342508097105,0.8945486053925233,0.9253136794752985,0.919705750677929,0.9556170502490537,0.9596144289133244,0.9098126623559987,0.9611267075174992
480,STT/2008/page_139.pdf-3,STT/2008,0,1,0.8842396846022612,0.9341854851464189,0.9505711087286182,0.908538146077319,0.8495082452600339,0.9867773059802946,0.7069911038068024,0.9328762516697547,0.9515416573236479
481,AAP/2011/page_16.pdf-2,AAP/2011,1,1,0.8793118132135124,0.9296787645565366,0.8668802260363705,0.9317532549154254,0.867694296722472,0.9401484342312845,0.9499989470665797,0.8979236420487967,0.9132022035813099
482,BKNG/2015/page_38.pdf-3,BKNG/2015,3,1,0.8089075739988382,0.7963831390914956,0.8020020340236326,0.8611578690792052,0.822950122793579,0.801576128989101,0.7813284625113581,0.47058443740745143,0.4947969168924924
483,DISCA/2016/page_30.pdf-4,DISCA/2016,0,1,0.993904269477624,0.9950443092774348,0.9947743460351138,0.9960377499217936,0.9953999683794315,0.996158294224073,0.9939108820156694,0.9947111318639522,0.996374610926353
484,PNC/2012/page_98.pdf-4,PNC/2012,3,1,0.9852713364146974,0.9769055301774394,0.9986507126906056,0.9971390964792838,0.9976999753701656,0.9990959222256607,0.9817307454772286,0.9972821131069456,0.9959365281962828
485,ETR/2017/page_441.pdf-1,ETR/2017,4,1,0.8462951264108345,0.8805487663215897,0.7347584936105672,0.7099561483439206,0.5184580977720602,0.5910564755979415,0.818080082841243,0.7911138856950611,0.8821068737709205
486,AOS/2016/page_19.pdf-2,AOS/2016,0,1,0.5636433628447342,0.506261210619331,0.9594188896060215,0.9596385424849576,0.9629649663666738,0.9855871039536076,0.2941278982555055,0.9699369884517182,0.9665410126944725
487,C/2008/page_176.pdf-3,C/2008,3,0,0.8779816261875248,0.853634151522349,0.8880931032461122,0.924083812585453,0.9477035689585297,0.8932869364789731,0.9683303734566892,0.904037474920699,0.898818721240657
488,LMT/2013/page_26.pdf-3,LMT/2013,2,1,0.8044310061009425,0.8379783419767669,0.8123271018173752,0.6941382157767677,0.8182471430238146,0.7774745981302167,0.9080020505234293,0.8895254868822992,0.8780093482270203
489,JKHY/2016/page_61.pdf-1,JKHY/2016,0,1,0.9837343772027737,0.9737843598709433,0.9637436864813117,0.9641697914422859,0.9655148459080807,0.9778682724955393,0.8316114363699018,0.9248514913730069,0.9072869791025608
490,AAL/2015/page_187.pdf-2,AAL/2015,3,1,0.9694464501866198,0.9729595162388881,0.9870231635650537,0.9839652543363364,0.9809375247233572,0.9507551602215984,0.9810201209136046,0.973836961390087,0.9877383873361424
491,SNA/2007/page_47.pdf-1,SNA/2007,1,1,0.9162101464252889,0.9777810767752197,0.8929549347491199,0.9322371225935931,0.9567764281239037,0.9578824149906646,0.9774658279144998,0.9737066398861484,0.9703934514112893
492,NKE/2015/page_37.pdf-4,NKE/2015,2,1,0.9808717607274648,0.9737773927687868,0.99144354483596,0.9940895382395659,0.9951185851232839,0.9955782583279986,0.9842750364697531,0.9956258034071352,0.9887862771340461
493,ETR/2008/page_362.pdf-3,ETR/2008,0,1,0.5673801650013599,0.7425142779705665,0.9698863380670926,0.9856325696324032,0.9847175792245416,0.9881378223506743,0.6915758907621257,0.9660395534142858,0.9758426205615427
494,ETR/2004/page_160.pdf-2,ETR/2004,1,1,0.6100827456988829,0.6501645926370917,0.6834103545239752,0.7753937211888504,0.7270262113753432,0.896370053030253,0.5996412289578202,0.6610628146089708,0.8536402624762233
495,LMT/2016/page_85.pdf-1,LMT/2016,1,1,0.8358880209198307,0.7832360455843087,0.6397602827203521,0.6517249192050881,0.5061003504301234,0.8027213218211982,0.6796825839052327,0.7743497660486705,0.8497574666112272
496,LMT/2016/page_83.pdf-2,LMT/2016,1,1,0.7534199018582688,0.8158402255895344,0.632170643505012,0.7528746896932779,0.6431924342319081,0.8908341916090718,0.7628111293328155,0.6785493380262088,0.6266405877180943
497,C/2009/page_48.pdf-1,C/2009,2,1,0.906003162768618,0.9300414143092904,0.9242614423690552,0.9475278588865377,0.9612661755128699,0.9280099966227623,0.9236286822063582,0.8116293685345076,0.8046918287735553
498,JPM/2003/page_100.pdf-1,JPM/2003,4,1,0.6425676105133247,0.8760956405909376,0.7651245935159329,0.8999211996940559,0.9440725367240457,0.9728494902837469,0.9053854410437789,0.9058461946012709,0.8787743347897539
499,PKG/2004/page_21.pdf-2,PKG/2004,1,1,0.8120213596710314,0.8058316253607908,0.8994060742797227,0.9251630856565707,0.9508339194443018,0.952862076759454,0.8975685768229248,0.8935236069059017,0.9114972889497871
500,ETR/2017/page_25.pdf-4,ETR/2017,4,0,0.785319852835439,0.8364860068912344,0.9187860789905908,0.9350406674361312,0.9377708853063492,0.8824573057167213,0.7151844435728117,0.8527919592041429,0.8578019658606832
501,ETR/2016/page_352.pdf-1,ETR/2016,1,0,0.8675644978889577,0.8875183656706047,0.8058409125371163,0.7680059560270042,0.7638074401083402,0.9285573467417377,0.7994328614537572,0.6914964710689424,0.7760948193019316
502,BLL/2010/page_58.pdf-1,BLL/2010,1,1,0.9589699535395559,0.9449736914620926,0.8880600719081305,0.8306871267609366,0.9258401272531853,0.7056003424610234,0.9398768277142039,0.7487759511188289,0.7475239480205214
503,AES/2011/page_230.pdf-3,AES/2011,1,1,0.9721644271216511,0.9517558315455301,0.9392433958322197,0.9166060897372532,0.960909053052933,0.8822520175857683,0.9713779862848992,0.9633291650205884,0.9663357927151367
504,RL/2018/page_9.pdf-2,RL/2018,1,1,0.9388364961234417,0.9801035136602435,0.9083522495858389,0.9439524092790156,0.9382011892476149,0.975475830159952,0.9670302047884488,0.9039426789844279,0.9313969944558139
505,STT/2006/page_92.pdf-4,STT/2006,0,1,0.9437464239758672,0.9543035662815603,0.9982030559468551,0.9978957163873811,0.9926237084961645,0.9982077815482918,0.9058909960302123,0.9982884168409943,0.9982671491312414
506,MAS/2010/page_29.pdf-4,MAS/2010,0,1,0.9024657734020458,0.8985109929825496,0.7850941890850532,0.8783221107920632,0.9182165608886877,0.9206140580088221,0.9047472020441634,0.8995566233425666,0.8753719514758287
507,JPM/2008/page_86.pdf-2,JPM/2008,4,1,0.991432226210306,0.9747589653006113,0.997073037168503,0.9978907983990392,0.9952080687298479,0.9939708414489768,0.9920389338744194,0.9951410499275035,0.9947825240180699
508,AMAT/2015/page_14.pdf-3,AMAT/2015,3,1,0.9902073221465819,0.990342291775849,0.9986215894794526,0.9990328846306528,0.9989802967018095,0.9995829243017225,0.9883615112811622,0.9981902789009149,0.9989091658541607
509,INTC/2013/page_40.pdf-2,INTC/2013,4,1,0.8814532055150246,0.9278214989027918,0.6392489919417341,0.772069267665538,0.8256680412669564,0.8184328912281885,0.9353705680432358,0.8171978073270942,0.6503799515625859
510,ETR/2008/page_438.pdf-2,ETR/2008,0,1,0.9371346512508604,0.9536926014489915,0.8861177682103006,0.9105168977625286,0.9441328803217293,0.9590778483784929,0.956944154285941,0.8939869761716589,0.8211978289209727
511,WELL/2016/page_61.pdf-1,WELL/2016,0,1,0.9221596843790246,0.9427556447207348,0.9449883741938281,0.9520391525772692,0.9657088480506982,0.9261830952322825,0.9297800163648033,0.9405030860185579,0.9452615021636019
512,MKTX/2004/page_24.pdf-1,MKTX/2004,3,0,0.9540338815560845,0.9506119316719115,0.7706171764985247,0.655015116496595,0.6068025597077635,0.7900465793160801,0.8348500590085596,0.4248955854362477,0.4078084395888382
513,AMT/2014/page_88.pdf-2,AMT/2014,4,0,0.9474606472002518,0.9135381852524743,0.9205058240353837,0.8990893884896044,0.7773827643827235,0.9410000826311619,0.9182281430806465,0.8942078579781989,0.9003847144928004
514,AMT/2012/page_123.pdf-3,AMT/2012,2,1,0.18659421398185452,0.2729141366729301,0.35860746488682654,0.5786282059595594,0.46778345906211777,0.46579255380770007,0.4099219858899597,0.3331212883426512,0.3758553662908005
515,FIS/2012/page_11.pdf-3,FIS/2012,3,1,0.9720640271589902,0.9694841044191087,0.9415538069528423,0.9617807707344892,0.969566507670044,0.84731470430279,0.9731916630631681,0.9615222336730314,0.9461183729791234
516,RL/2009/page_20.pdf-1,RL/2009,1,1,0.8473416741933204,0.9057599712455687,0.8420258853829947,0.9220399865052377,0.9168536050598712,0.8715566025664208,0.9474207997062377,0.8579606764184599,0.8998000374222876
517,PNC/2013/page_85.pdf-2,PNC/2013,0,0,0.4327687398082536,0.42458495982738886,0.20528527141746708,0.24399628962690528,0.13891756339708014,0.04517452942578233,0.46213867017398297,0.16090855307169585,0.11482438716325365
518,EL/2009/page_112.pdf-1,EL/2009,4,0,0.7871799598664693,0.8142869352887427,0.3459247825769943,0.24581339847513434,0.2899512754744422,0.07479340644841634,0.7681209894553492,0.2110833554595582,0.19749384192867692
519,CDNS/2018/page_82.pdf-3,CDNS/2018,1,1,0.9713029633832354,0.9623408677195446,0.9927215259876505,0.9908084206504963,0.9857901821312567,0.9849803131169976,0.9516596964887596,0.9926298876596563,0.991778368800501
520,RE/2017/page_145.pdf-3,RE/2017,0,1,0.9517788283844284,0.952785757116484,0.9880623149753566,0.9919091317013453,0.9899979078631285,0.9961906303317755,0.9703509524379323,0.989719268612528,0.9938477882428082
521,AAL/2014/page_89.pdf-1,AAL/2014,1,0,0.9007194868416958,0.9637863813724016,0.6766648186813091,0.8070327233018102,0.8767276219031387,0.9541608987973376,0.9635544743024749,0.8661664694678068,0.9152419123483155
522,RSG/2015/page_18.pdf-1,RSG/2015,3,0,0.40233626239428494,0.45491421966144785,0.16589539385399504,0.12336423634599528,0.1315132406008368,0.12462501914709784,0.6493866577539684,0.22481274859722858,0.2675113637391774
523,RSG/2012/page_145.pdf-1,RSG/2012,4,0,0.7569539830368669,0.8421486517415339,0.8662404457811581,0.7436936698556782,0.7082818355999848,0.8981776707958884,0.8507855243889936,0.7633007969541294,0.8586279381816887
524,DVN/2010/page_70.pdf-1,DVN/2010,3,1,0.8392205656889987,0.8872251345768157,0.7490144092172589,0.6960310766969142,0.8462654843914174,0.6991957264806796,0.7329268563431316,0.5601307399028407,0.5521449950051583
525,CNC/2003/page_41.pdf-1,CNC/2003,1,1,0.8900108074659,0.8502165614152429,0.8455449794952152,0.7983076078087133,0.8536417507601518,0.8133022446386057,0.8475080284037365,0.925533299799318,0.8802240716856311
526,AAL/2014/page_92.pdf-1,AAL/2014,1,1,0.5798820224195239,0.543637543188766,0.31420564931890516,0.30836868016666913,0.16730261026238388,0.20224951532395666,0.8252235503927751,0.82869910168441,0.8849617935094952
527,HFC/2017/page_103.pdf-5,HFC/2017,1,1,0.900718922406938,0.8594057738038761,0.8718525246211095,0.8442507429986835,0.8517978600021294,0.7985093011065526,0.8604760974558383,0.8936771865015746,0.7841647707267394
528,AAPL/2017/page_23.pdf-2,AAPL/2017,2,1,0.08363828994583686,0.10685905352841472,0.36468733157692174,0.5735193417004458,0.8373902389028565,0.9086282633619752,0.07421042366187885,0.4840841678376523,0.33543491676830545
529,V/2008/page_165.pdf-2,V/2008,0,1,0.9792442539592012,0.9929795549576478,0.9807013425345058,0.9926973382005136,0.9767772530316449,0.9276353120729511,0.9866916796162795,0.9812023675018493,0.9884813259021781
530,GPN/2017/page_76.pdf-2,GPN/2017,0,1,0.9758340558051322,0.9813195921287534,0.9446129552313273,0.9674325986319484,0.9654195433148998,0.9792023937096571,0.9524219474115518,0.9409953901505604,0.9665693493859271
531,UNP/2018/page_50.pdf-1,UNP/2018,0,1,0.7448960317057289,0.7366889583947462,0.9900849079172398,0.9885601854017028,0.9925630280118819,0.9911179322099326,0.6804643662621405,0.9863441253444001,0.9888498082576257
532,IPG/2017/page_26.pdf-2,IPG/2017,1,1,0.950157563107876,0.9517534852057205,0.9923446804522683,0.9873179946716477,0.9873569348139507,0.9951613733856786,0.9159564903043599,0.9897000257121955,0.9873363631112527
533,V/2013/page_113.pdf-1,V/2013,4,0,0.9325962077865694,0.9436104447004858,0.9665189353137053,0.976766370432839,0.9782118843709736,0.9794046809571182,0.8531424559810212,0.8380769077662483,0.8276600768463149
534,RSG/2008/page_127.pdf-2,RSG/2008,0,1,0.9830315139189527,0.990781638758827,0.9826126184231795,0.9932111956343742,0.9943483511018779,0.9887085472378568,0.9793212087794151,0.9787946633770385,0.9894115436241763
535,MA/2008/page_113.pdf-4,MA/2008,4,1,0.9165288292461152,0.9687142722745328,0.9843884087275829,0.9868387544293515,0.9880698920610365,0.9944952143232223,0.9739845122033995,0.991789338757576,0.9886906399238485
536,SLG/2012/page_61.pdf-2,SLG/2012,2,1,0.8357761206624214,0.8770216702429545,0.9752528902218965,0.9703790109000073,0.9797004132968996,0.9773249918318531,0.7272443527562215,0.895521667578196,0.9339227806293365
537,AWK/2018/page_172.pdf-3,AWK/2018,1,1,0.8525881649356833,0.9389179696765916,0.9856698444611376,0.9748442752230089,0.963067196205035,0.984494994566706,0.879436749363239,0.9786346764213419,0.9661550771117748
538,ETFC/2013/page_155.pdf-1,ETFC/2013,0,1,0.9735965447734017,0.9518264106005361,0.9561987832231899,0.9469040502697966,0.9252298167202476,0.9560230888140956,0.9500319123838886,0.9469043477954943,0.9430337191845634
539,LMT/2016/page_50.pdf-3,LMT/2016,1,1,0.7723455089025562,0.8456633973241282,0.982500537972493,0.9929958820869265,0.9897337552704472,0.9968994833881029,0.8171823848120047,0.9928654599403405,0.9949380143631498
540,HOLX/2005/page_27.pdf-1,HOLX/2005,0,1,0.8334327140256143,0.5621580387895426,0.9890733149107133,0.9872987444796933,0.9789686349025247,0.9964287738920419,0.8540470194442452,0.9857137226937442,0.9864699440176472
541,LMT/2017/page_26.pdf-2,LMT/2017,0,1,0.8525854814957199,0.8951420114438177,0.8761185833976368,0.7822140321004745,0.856694487779788,0.8813087141504066,0.9383324417436479,0.9367523446127455,0.9490324075331867
542,AAL/2015/page_183.pdf-2,AAL/2015,3,1,0.9944356320130249,0.996960923492732,0.9979666772931566,0.9981458383701229,0.9932512684863084,0.997309627824265,0.9957605737639127,0.9974155791824516,0.9969854323748434
543,CB/2009/page_220.pdf-1,CB/2009,1,1,0.9896981371792775,0.991058490167024,0.9973900463331512,0.9982395836794028,0.9963606385250277,0.9980957494249213,0.9902100884464445,0.9984060853250575,0.9986287716252511
544,HUM/2005/page_80.pdf-3,HUM/2005,2,1,0.9179660531456699,0.8331044493247435,0.9055068204200444,0.9464165660725203,0.8780632541847653,0.8663053949083541,0.7593205211917041,0.8169591294931153,0.7534346551066791
545,JKHY/2015/page_20.pdf-1,JKHY/2015,3,1,0.9583106995541116,0.9483517513369735,0.977824102723191,0.9933275574389137,0.9901924285587788,0.9972992181232332,0.9343422894920538,0.961284848402131,0.9780480691745578
546,GS/2016/page_183.pdf-4,GS/2016,0,0,0.9715703785568272,0.9727552774165287,0.972186453083619,0.9497709604808598,0.964153759177356,0.9684248439131526,0.9716177885024591,0.9780964530610162,0.9852401743789257
547,C/2009/page_255.pdf-2,C/2009,2,1,0.9910600014737565,0.9932092193322458,0.9896616121096542,0.9918211819958076,0.9857081284330443,0.9783508350851248,0.993017341470137,0.9884737972780696,0.989218806883219
548,VNO/2010/page_88.pdf-1,VNO/2010,1,0,0.41445425301931327,0.5062518524256489,0.46478391149232295,0.48920508456177125,0.38690604021214464,0.14196945998264052,0.4296637385205926,0.13884596692577436,0.09466286310690218
549,EW/2014/page_35.pdf-1,EW/2014,3,1,0.9676409529047615,0.9766337551386791,0.9104277992744565,0.9307660202868865,0.9400169503393926,0.9586348885707608,0.9592464575757436,0.923368834060219,0.9355601639207926
550,AAPL/2015/page_68.pdf-3,AAPL/2015,3,0,0.9718552908171284,0.9370532240547944,0.77928081641261,0.8593115109194214,0.8443071749744617,0.6918578395641812,0.9829355573387041,0.9244624422690976,0.934615582154269
551,PKG/2018/page_66.pdf-1,PKG/2018,2,1,0.8782327092463745,0.8260918570025044,0.9605236662569763,0.9546418190666559,0.9777992538327347,0.9765606897147278,0.8267764503830963,0.9675588266370014,0.9761452595627758
552,RSG/2008/page_141.pdf-1,RSG/2008,0,1,0.9826010692783465,0.9828344548176172,0.9872027944645863,0.9829466272118471,0.992147011308052,0.9747204683427738,0.9826558123064835,0.9849846105797649,0.9866483018604072
553,TROW/2013/page_25.pdf-3,TROW/2013,3,1,0.9148109565183543,0.9048323292367687,0.953180551879819,0.9472707798176822,0.9343064134474214,0.8895652656097056,0.9351251933379885,0.9603642044285513,0.9652122429595685
554,HFC/2017/page_103.pdf-1,HFC/2017,1,0,0.9647148505241881,0.9336176618129408,0.8946851227306022,0.7416100141873867,0.8505493521763837,0.48989983458266906,0.9583301238374314,0.8586004837818064,0.7418433422255941
555,GS/2012/page_177.pdf-2,GS/2012,4,1,0.9263428769496751,0.94682128684178,0.8612610158952732,0.9093772351928596,0.9051009161754383,0.9563369485959354,0.9498662182810873,0.8799481497510689,0.9308786525271904
556,RCL/2017/page_38.pdf-2,RCL/2017,0,1,0.27631017383416406,0.3688299252703717,0.7518321222448414,0.7652161079389587,0.8718853161249787,0.9579850612100462,0.292529533150966,0.7551129026486485,0.7431886494615012
557,SLB/2010/page_90.pdf-1,SLB/2010,3,0,0.3372492648764843,0.18491516759726856,0.9798249538244157,0.9790793155036404,0.9920228608308598,0.9916786027343837,0.2922428067715286,0.9725060599198669,0.9515924744537109
558,UNP/2008/page_71.pdf-2,UNP/2008,0,1,0.7444197484939334,0.510843008281172,0.6080878494973813,0.6269472101517947,0.46190984960571074,0.6751020271075262,0.7022379206514502,0.7468250535216608,0.6370780587296122
559,UPS/2013/page_34.pdf-3,UPS/2013,4,1,0.8574507190750981,0.9160144463142335,0.8122694735937194,0.825534092153169,0.9574145883633638,0.9549457419337735,0.8241053264360356,0.7209020215628025,0.826721274981538
560,STT/2006/page_92.pdf-3,STT/2006,0,1,0.9855316364691075,0.9854212189357211,0.9757867764247876,0.9713618263671602,0.9685605899609596,0.9886508252166525,0.9757062419928755,0.9736618064847772,0.945961779640097
561,LLY/2018/page_99.pdf-3,LLY/2018,2,1,0.880713452301044,0.9070355536954742,0.9204779475233414,0.8999213736343359,0.7591045806186524,0.9825862094245117,0.8666618719383794,0.855665850523993,0.8534878322436805
562,C/2008/page_219.pdf-1,C/2008,3,1,0.9894420237530523,0.9934274889889493,0.9941646556368855,0.993434505263234,0.9943493286744887,0.9942007166792411,0.9962429052707764,0.995111394558345,0.9929923428063737
563,ETR/2016/page_352.pdf-2,ETR/2016,1,1,0.7774138652329632,0.7909908628997402,0.9476023639682482,0.934650226886698,0.946877185206405,0.7540832937537013,0.6158720984348072,0.920297448345074,0.9429186325491897
564,UNP/2009/page_83.pdf-2,UNP/2009,2,1,0.996627923783477,0.9932071306120038,0.9981498660271434,0.9972390686587026,0.9954128083898409,0.9953435202803197,0.9942315999309919,0.9956318833924842,0.9954654197453136
565,C/2008/page_207.pdf-2,C/2008,3,0,0.7987714189646098,0.5224112806855209,0.9330052434555645,0.9314844475257893,0.9560995717992602,0.8125819292183393,0.6218418783883026,0.9119197705726034,0.9534734087869917
566,LMT/2016/page_50.pdf-4,LMT/2016,1,1,0.9957404917436898,0.996543803929715,0.9968808976623785,0.998406784169823,0.991410639230266,0.9887734315199946,0.9944855575023714,0.9954732254040699,0.9971649949575391
567,LKQ/2009/page_66.pdf-2,LKQ/2009,2,1,0.9414223836887685,0.9155364788579048,0.9291741686965642,0.9182452531756427,0.9313664892221919,0.9789262514803284,0.9630372143549362,0.9454106320924377,0.9377532794290375
568,ORLY/2017/page_30.pdf-1,ORLY/2017,2,1,0.16500815325028675,0.16379260803534304,0.7078217031283487,0.706952354722357,0.43828676382693765,0.28960238581518893,0.5274344562093091,0.82667414270152,0.8742469603216876
569,C/2009/page_194.pdf-2,C/2009,2,1,0.8430564089752265,0.8981059600647312,0.8700136909015516,0.9286217029815844,0.9737370680801346,0.9708158118212589,0.9368503315597843,0.9421355252646969,0.9179571702609884
570,FITB/2008/page_69.pdf-3,FITB/2008,3,1,0.8974962715106211,0.8523096426546882,0.8223271656019773,0.8761385898280272,0.9030677239874906,0.9091550099971124,0.9336007263264576,0.8829945301672076,0.9392832774449493
571,AAPL/2018/page_23.pdf-1,AAPL/2018,1,0,0.2654089837075641,0.32883824694834257,0.6850460853900846,0.7169377403945196,0.8907233097402859,0.6879198215400224,0.36754906217985367,0.7652928562981811,0.8099071281942744
572,UNP/2018/page_50.pdf-2,UNP/2018,0,1,0.8041945028718016,0.840540271753775,0.7310420855896743,0.6431126648399415,0.772657982277644,0.7593844448961986,0.5950800773882583,0.47470812000129586,0.4771392624051256
573,APD/2013/page_44.pdf-1,APD/2013,0,1,0.4775087738474033,0.5806536809104924,0.6310133378768671,0.7007243165103557,0.6221038034842383,0.3221800919420173,0.5028328091979858,0.31279324328696123,0.31113690836226215
574,SNPS/2012/page_61.pdf-4,SNPS/2012,1,1,0.6325525016235869,0.5088962530735441,0.6304343644859711,0.5624941600431017,0.711266688856822,0.4919730599855018,0.7458430856485215,0.7246556953714071,0.7603543965784436
575,SLG/2009/page_99.pdf-4,SLG/2009,2,1,0.8359954472248206,0.7649111354424645,0.9815692785780921,0.9838044279692325,0.9794507458524679,0.9350117729394632,0.7642137093412146,0.9152805437178666,0.9475849905567176
576,EW/2016/page_36.pdf-2,EW/2016,1,1,0.7761756291738442,0.9303512836395134,0.8897024270045362,0.8730403015590704,0.7547155349322954,0.7232693641609642,0.8170435613204983,0.5759842998611879,0.7163735180183164
577,SNPS/2006/page_68.pdf-2,SNPS/2006,0,1,0.9225970576876583,0.8823383075964644,0.8316790187591784,0.7944764643508769,0.7341774091547452,0.9142936782493799,0.8500400998274847,0.7066175733634772,0.8488301081808661
578,KHC/2016/page_94.pdf-1,KHC/2016,1,1,0.9712767950685322,0.9714000985920858,0.998311038573467,0.9987518013905592,0.9963952167167879,0.989595112490292,0.986888365775982,0.9966536694310871,0.9990646929809575
579,RCL/2012/page_80.pdf-1,RCL/2012,1,1,0.8750342167575428,0.9387120452162849,0.991668045499024,0.99218452189183,0.9910981457069387,0.996138178807739,0.8829740817593094,0.9927756460411404,0.9862799263241
580,HIG/2013/page_124.pdf-3,HIG/2013,4,1,0.9315628658866176,0.9655048272977985,0.8204671885881204,0.917032693625223,0.925624606954943,0.9387494058990736,0.9730028936166659,0.9328621723417853,0.9156763619604517
581,ADI/2012/page_65.pdf-1,ADI/2012,3,0,0.7831786305765573,0.8741146756933165,0.42333981676323695,0.34913379380711745,0.6461903417853626,0.37379188921013495,0.8760648317514803,0.6355134508999069,0.6088956291071606
582,C/2009/page_279.pdf-2,C/2009,2,0,0.9819984620563058,0.9725417092131504,0.8884814779937794,0.9077698919593492,0.9304533544121504,0.8110782232791477,0.9899540529720954,0.9035383489863272,0.9353275801816031
583,APTV/2013/page_48.pdf-2,APTV/2013,3,0,0.7790665432934877,0.6142850499344171,0.24495480407488268,0.2516544917833844,0.12482193354461249,0.10607167729025462,0.7778192136137567,0.1439793088820618,0.10234583309753274
584,AMAT/2016/page_30.pdf-3,AMAT/2016,3,0,0.9366985335713672,0.9392404528115859,0.8682048562779678,0.8821588177569872,0.905039000882031,0.9373878460131427,0.8570151931678122,0.8198760766754442,0.8892084121111022
585,AAL/2015/page_131.pdf-3,AAL/2015,3,1,0.8659604767642801,0.5990278419092888,0.8913059813420164,0.8694945567500938,0.704069598985369,0.8157849635782529,0.8806482384864265,0.8097349559171432,0.6988510065355371
586,WRK/2019/page_31.pdf-3,WRK/2019,3,1,0.9534686286070343,0.8928444021506223,0.8201572668087911,0.7972351868482802,0.8472695587359934,0.837074612644625,0.9414661157545574,0.7250280841492887,0.6991185327938568
587,ORLY/2018/page_30.pdf-1,ORLY/2018,0,0,0.7027196144068573,0.7177264957132682,0.6025126882062529,0.4221383228933288,0.34216845173538196,0.4326040280222014,0.6479293422140493,0.4904875326071593,0.5175483584036269
588,BLL/2006/page_89.pdf-1,BLL/2006,1,1,0.9221479015184021,0.9329019351220261,0.916348625242201,0.8690848351453113,0.7692909709591962,0.5938252487263512,0.9143037427383576,0.8597694117422008,0.7281409470163864
589,AMT/2016/page_69.pdf-3,AMT/2016,0,1,0.9696792257101339,0.9820686563789394,0.9911558955132173,0.9920804044745629,0.9735826635039411,0.9803257673431461,0.9683143101234888,0.9949757476501098,0.9923402159460333
590,ETR/2008/page_343.pdf-3,ETR/2008,0,1,0.9146307618265477,0.9060439149504709,0.9298982176429705,0.8579124345574397,0.896040511797018,0.9462389806407238,0.8170761021858582,0.849674255486648,0.9023054227619073
591,AWK/2014/page_45.pdf-2,AWK/2014,4,1,0.47101286751897636,0.5399675813802094,0.4586195264973294,0.55479134205426,0.5734769348175955,0.36639537747902773,0.890962439291626,0.7164247832058885,0.6685986395228788
592,AAPL/2006/page_79.pdf-4,AAPL/2006,4,0,0.2943231965088877,0.38873968671101267,0.2569503189160433,0.15917392451257045,0.1298046838707609,0.10233401409933213,0.27375682106505683,0.25157378324999147,0.16390171168715775
593,APTV/2015/page_50.pdf-2,APTV/2015,0,1,0.3994194013047062,0.6162385696313576,0.7093402051697807,0.6799232416907061,0.882014135505739,0.915669689055862,0.6048233948425484,0.6485962425992955,0.6511674628692427
594,AAP/2013/page_32.pdf-2,AAP/2013,2,1,0.8687267992197184,0.845546078939649,0.6106773295952855,0.6163105531819816,0.4168835534636074,0.6662780195234415,0.7886665361694579,0.5367616860165607,0.5835935619403637
595,APD/2014/page_71.pdf-1,APD/2014,4,1,0.4965738007156741,0.4387620473453483,0.8159887824032603,0.692062298500686,0.730002445251979,0.9109782431584182,0.879026408569843,0.8230774456588705,0.8382893540284948
596,LMT/2010/page_24.pdf-4,LMT/2010,0,1,0.9381840321283498,0.9530755011989936,0.8543866635513083,0.9275123252800048,0.9375290245712877,0.8419610114038125,0.9178584513020305,0.8940994144832035,0.9271917097007609
597,ETR/2016/page_505.pdf-2,ETR/2016,1,1,0.904909538347092,0.8701284877293392,0.36750125960647123,0.38515811781813114,0.35597992065558737,0.6081971426203764,0.740509566120422,0.23133273966218576,0.27981999131757646
598,PKG/2004/page_21.pdf-3,PKG/2004,1,0,0.9322347619503722,0.9451463141975119,0.9398854844882701,0.9486032412011574,0.9301746820306716,0.9797287305519938,0.9789144164194362,0.9033449582399619,0.9248239226492134
599,STT/2008/page_139.pdf-1,STT/2008,0,1,0.9849927455278237,0.9937035982410086,0.9970738113696956,0.9981585000602812,0.9927347597595451,0.9898136553129274,0.9904739855858985,0.9974370176616242,0.9985853537603679
600,VNO/2003/page_102.pdf-2,VNO/2003,3,1,0.8215181956824499,0.7798763213338363,0.5353517494398701,0.5717547584224342,0.4241446219165945,0.7929662569133036,0.5955118020080024,0.5888188307156695,0.5431482585472405
601,GS/2014/page_62.pdf-2,GS/2014,3,1,0.985540413999918,0.9790229763250831,0.7130147202551215,0.5702682760229562,0.7701069884187935,0.8719556752543407,0.963079482010598,0.7827316638556405,0.7667070600556988
602,HST/2018/page_115.pdf-2,HST/2018,3,1,0.9338718953812956,0.8569155325475339,0.9451602581500305,0.950489190273532,0.8939676342606616,0.9590334617912182,0.881881975424623,0.9384385037060441,0.8874797011503041
603,ORLY/2016/page_29.pdf-3,ORLY/2016,1,0,0.31884101545364985,0.44322982642052383,0.04880363878693862,0.04682844067733006,0.044174753714935684,0.0347920524521989,0.41980510746090843,0.0653378238056731,0.03805018518018177
604,UNP/2017/page_74.pdf-2,UNP/2017,1,1,0.9631560177731973,0.9684297245036603,0.9773488516554798,0.9848222886653705,0.9796444292372859,0.9845503227169311,0.9842438346288657,0.9683242888858911,0.9888165632813506
605,VTR/2007/page_48.pdf-4,VTR/2007,4,0,0.34487296808462653,0.49678512749085907,0.08840938440988819,0.08451385422840578,0.15175506443766476,0.1295859401051197,0.3214936503645012,0.09234637546590567,0.1749008140786789
606,IPG/2014/page_37.pdf-1,IPG/2014,1,1,0.985321667042696,0.9850006696030928,0.9929874755849462,0.9936163400228817,0.9956513452530711,0.9944441164265284,0.9818941179738618,0.9934240128446772,0.9940413295344525
607,TSCO/2018/page_31.pdf-1,TSCO/2018,2,1,0.8859783097336409,0.8894512538805325,0.9437817603274387,0.9685632337082314,0.9319011019295674,0.960766044073305,0.8511829256696372,0.9146922086248013,0.966329479855539
608,PPG/2018/page_60.pdf-1,PPG/2018,0,1,0.9348237815567063,0.901326481018956,0.9767908379838685,0.9838056994719329,0.9924233145908056,0.9887337772251863,0.8964083978962699,0.9839430968082373,0.9841985996127784
609,ADBE/2014/page_99.pdf-3,ADBE/2014,2,1,0.9502168683947088,0.9322632609725823,0.9659505273582488,0.9880673409958927,0.9864388312163785,0.9946048363779763,0.9374332778930352,0.9788867380534411,0.9788325458038987
610,AWK/2015/page_106.pdf-3,AWK/2015,0,1,0.9392208753972672,0.9559659312385458,0.9848297420102216,0.9839581376919393,0.993445385454421,0.9815884803091653,0.9556283363701585,0.9907047215923226,0.9898470106886131
611,AWK/2017/page_172.pdf-1,AWK/2017,4,1,0.9157863257173946,0.8804205945768082,0.8584441741518917,0.9373812822853163,0.9271403613733256,0.9318298058299938,0.8861268480676392,0.6717908263591936,0.5572851975073742
612,DISCA/2012/page_54.pdf-3,DISCA/2012,1,0,0.19672207301200081,0.3670769658810651,0.3388536219390229,0.39117743402947036,0.259691546099032,0.6603527928872912,0.33498375462197233,0.17982886058787756,0.28447577501202814
613,AWK/2017/page_154.pdf-4,AWK/2017,4,1,0.9971536543081492,0.9982176266132348,0.9960645473538656,0.9961357219570488,0.9984930055945122,0.9980321940273731,0.9936046004463847,0.9965151115484737,0.9954039267425289
614,AWK/2013/page_123.pdf-1,AWK/2013,4,1,0.9499889735192676,0.9635124960387489,0.8994775047365735,0.9294823001963228,0.9253341185143463,0.5050755129228192,0.9392977349505683,0.8813606538379527,0.8955337983488706
615,RL/2015/page_9.pdf-2,RL/2015,3,1,0.9555357274144602,0.945299794379915,0.9344966352456031,0.9030381094426807,0.9470096477110654,0.9060453688635923,0.975509867844064,0.919946672814863,0.962103253499073
616,NKE/2015/page_37.pdf-3,NKE/2015,2,1,0.9850246151669142,0.9852674173589974,0.9930759406035363,0.9966432852823556,0.997912014227275,0.9873648614256626,0.9839605703235577,0.9977815720969372,0.9914391830706262
617,HUM/2012/page_109.pdf-2,HUM/2012,4,1,0.5540242444336448,0.4736470252277229,0.1246478570080159,0.12113626873740536,0.11040572202746524,0.2566763243430933,0.5441505196524791,0.15974614857190678,0.15728966633652314
618,AWK/2015/page_127.pdf-2,AWK/2015,0,1,0.9589079411326894,0.9624781144479396,0.9955272008928205,0.9921226682871476,0.9901209631447045,0.9840524771459218,0.9808947921575188,0.997188953729338,0.9959013501746862
619,AAP/2016/page_65.pdf-1,AAP/2016,1,0,0.8020233886455435,0.8712590352734862,0.7704009591123077,0.8472532163461732,0.9510007882035612,0.9186840540145536,0.8386237581922588,0.8839681314303918,0.9027515505447236
620,GS/2014/page_134.pdf-1,GS/2014,3,1,0.9044016009746604,0.8917222148490507,0.9509306974067318,0.8625980551924923,0.8621532562073522,0.8083158516372344,0.7659213589547385,0.7651786220661061,0.7715464478067968
621,RCL/2006/page_37.pdf-2,RCL/2006,2,0,0.8787737044805618,0.782795965836025,0.9621340978818929,0.9709923109685287,0.9248148799295509,0.9930955757877318,0.7873129872390211,0.97937575822839,0.9671078858990456
622,PKG/2006/page_68.pdf-4,PKG/2006,4,1,0.9746436128589476,0.982664299709263,0.981813988433431,0.9840491782378378,0.9886127793450661,0.995165779777952,0.9309181352463652,0.9875860140486776,0.9807660109005063
623,ALLE/2018/page_121.pdf-2,ALLE/2018,1,1,0.9498076973476653,0.9270567070681831,0.9361520581328098,0.9473539235773037,0.8715259617397331,0.9359045402282413,0.934725132117433,0.899025298780665,0.936193066138869
624,AAPL/2014/page_78.pdf-1,AAPL/2014,2,1,0.7619783815758697,0.6624242488025418,0.7943781437436432,0.8896806548845223,0.7547985126408874,0.8099973884837508,0.5974759399425664,0.8478990182048612,0.8777849794351535
625,IPG/2018/page_104.pdf-3,IPG/2018,2,1,0.9692078769732919,0.9461117987804033,0.9921339105320027,0.9939576563260493,0.9881943067103858,0.9876231857925125,0.9193850939520744,0.9958315187120584,0.9893065564539983
626,IPG/2018/page_26.pdf-1,IPG/2018,2,1,0.5903617531681694,0.5946807397111588,0.959894720439046,0.9630018962476125,0.9916647995269242,0.982691058865382,0.5258360175688972,0.9770967900439824,0.9674045915436583
627,FIS/2007/page_33.pdf-1,FIS/2007,0,1,0.6640431368638934,0.41167550583671414,0.7071682251468485,0.5458809823952062,0.218306438941177,0.7893006539143005,0.6083397399053156,0.5922021444488601,0.5962371064320263
628,TFX/2015/page_42.pdf-1,TFX/2015,3,1,0.5162653291846514,0.705242323920811,0.4715619052294431,0.48902307810175116,0.7362038825422215,0.7092422846929434,0.7285850548999457,0.430109789903454,0.3840236655576493
629,C/2016/page_120.pdf-2,C/2016,4,0,0.4441741147533857,0.43364268285852225,0.945161836828735,0.9244011571922883,0.9585748422281466,0.8620814956548017,0.5327408008666352,0.8716746210573086,0.9037913387513188
630,LMT/2016/page_85.pdf-3,LMT/2016,1,1,0.7747426617314905,0.8544452566141328,0.6414764428823598,0.7415819532609246,0.759077830995229,0.6797578060946993,0.818413811507459,0.7325438858293213,0.8613619692726172
631,RSG/2017/page_74.pdf-1,RSG/2017,2,1,0.9026591639307558,0.9033141284165382,0.931739677081312,0.9552185299384763,0.9212813515246608,0.9814797103737104,0.8555548021649142,0.9348976024512876,0.9461124467208128
632,RCL/2017/page_38.pdf-1,RCL/2017,0,1,0.6960074370470395,0.6567672076631123,0.9263744865705216,0.937255589239955,0.9564190960967329,0.9850995150353885,0.587343124304397,0.9012288553161483,0.8958800423887987
633,AAPL/2002/page_63.pdf-3,AAPL/2002,2,1,0.7760632447743403,0.7799577846725283,0.8615846296683596,0.8841288991613478,0.8895071825467387,0.7836203687820282,0.8598955776268271,0.8914600258439338,0.9119192042645642
634,RCL/2016/page_37.pdf-3,RCL/2016,1,1,0.9077550742698253,0.8790852558392527,0.9546159715364615,0.948529045257094,0.9671994032412633,0.9750437048500189,0.9355040361776568,0.9426786503270655,0.9419182438268336
635,AAPL/2002/page_26.pdf-4,AAPL/2002,2,1,0.6415350765446973,0.5962498208228045,0.9183621849146452,0.9414960707338067,0.7784081560472194,0.982466732855635,0.630695713639334,0.8821418028916715,0.9432353627784424
636,AAP/2016/page_26.pdf-2,AAP/2016,1,1,0.8400512424103226,0.788274394156464,0.9868214330854422,0.9911340161808544,0.9858945544391271,0.9944116815055066,0.7770311075009139,0.9893535837475935,0.9924701725922157
637,APD/2019/page_100.pdf-2,APD/2019,1,1,0.7722641516010168,0.8252833546757617,0.7121726983844177,0.7468387537634037,0.7223889062846768,0.8795292853094662,0.7919400371140825,0.7140672176812151,0.7427753939276392
638,UPS/2017/page_111.pdf-1,UPS/2017,3,0,0.31055456013328125,0.4705789829657697,0.17710319801387983,0.20018060878453992,0.3171476642241897,0.1286073170334261,0.30701578326473905,0.12359508323063353,0.0704812176162715
639,PPG/2005/page_20.pdf-2,PPG/2005,4,0,0.9595226368266212,0.9563413247053972,0.8829923202402837,0.8686190032494101,0.9322774264952276,0.8807132154565892,0.9061006193558067,0.8456405786218936,0.914999174765617
640,RL/2015/page_9.pdf-1,RL/2015,3,1,0.9692638088770622,0.9538845096837018,0.8882508621654153,0.899970675665991,0.9150275745245279,0.7832419262363117,0.85671138354036,0.8591333034728045,0.8569775298689324
641,HIG/2004/page_192.pdf-4,HIG/2004,0,1,0.8926412586304303,0.9414575141538366,0.9239522182795363,0.9543359101002307,0.9858314243604983,0.9536493797628173,0.9579598772259084,0.9513645921223554,0.9533538722154339
642,RSG/2009/page_78.pdf-2,RSG/2009,4,1,0.8981714875837871,0.9005494518970737,0.8874719641141353,0.9044485607228454,0.9358748000564268,0.9486167000978613,0.8501227010021313,0.9095950946524397,0.9251538421450675
643,AWK/2015/page_21.pdf-2,AWK/2015,0,1,0.9930727750959224,0.9957682260574823,0.9868353382737255,0.9921166482945265,0.9887103011189051,0.9267293550631367,0.9901199729287783,0.9851369653874268,0.9799919961306367
644,AON/2015/page_29.pdf-2,AON/2015,2,1,0.4537126875853349,0.5408570970713826,0.5832939331886271,0.48029317864827736,0.5043358860791414,0.7660930893225615,0.5882532423463169,0.5242400078233752,0.42773873034415005
645,LMT/2010/page_24.pdf-1,LMT/2010,0,1,0.9847878805041193,0.9800678333959074,0.9679511954615131,0.965805809928183,0.9548638689680322,0.9914755752006148,0.9878514636242057,0.9684734064981241,0.9838839325963109
646,BKR/2018/page_127.pdf-1,BKR/2018,3,1,0.5998836351320251,0.4705694405056419,0.7409850739538756,0.6435816393143845,0.7685236452541865,0.6475487732468239,0.6809185861753793,0.6145725843160937,0.7091687459992083
647,UNP/2010/page_55.pdf-2,UNP/2010,3,1,0.9638464200941782,0.9598901478490386,0.9979926341708222,0.9979800610144827,0.9954335498736165,0.9989482427771348,0.9919919246992597,0.9989722064419723,0.999324057443443
648,PPG/2012/page_70.pdf-1,PPG/2012,2,1,0.5390935714924651,0.4830853726729665,0.971045572200166,0.9520405371295719,0.9900792761773334,0.9698301266118298,0.44489119943699856,0.9878102012758242,0.9780433262052698
649,MMM/2007/page_37.pdf-1,MMM/2007,2,1,0.9689115071811524,0.9656718751192729,0.9532375928744128,0.9611583584507315,0.9625147077558621,0.9472795413576566,0.9754875600927859,0.9409654546737765,0.9548394150445724
650,EW/2014/page_68.pdf-1,EW/2014,3,0,0.4433040051641309,0.3604982022866155,0.1972117785238259,0.15466353008635708,0.19844340326167867,0.09398356493318613,0.5188705617695976,0.1465157502298348,0.14371801543623552
651,APD/2018/page_113.pdf-1,APD/2018,2,1,0.8490158626308149,0.7537430909928209,0.9564267331112536,0.932416828973959,0.9512212458415998,0.9668110200376867,0.9672876735503065,0.9797621643779927,0.9638058911824953
652,AMAT/2016/page_30.pdf-2,AMAT/2016,3,1,0.9621341683284399,0.95957175477011,0.9676433254224863,0.9546641397612174,0.9715821669658037,0.9315335676321038,0.9372184578138992,0.9317271392847046,0.9619405894381698
653,FIS/2016/page_64.pdf-2,FIS/2016,0,1,0.9562177787444254,0.9640333817472728,0.9402212003638825,0.944067211335466,0.9101838414840512,0.9558839797293566,0.9667806971006191,0.9276197355518484,0.948137646855925
654,AMT/2016/page_69.pdf-1,AMT/2016,0,1,0.43568890062719645,0.42594976893121606,0.37894425524942665,0.2826449630003202,0.5475001348924775,0.43355167950019874,0.37381935930617427,0.3639064223489285,0.4608551362684181
655,STT/2017/page_63.pdf-3,STT/2017,4,0,0.6112622370447847,0.6516321423630077,0.3970544839644782,0.3370680074153802,0.3085800103328068,0.5348730890491945,0.6474738989611527,0.14092385679176,0.1752880149892587
656,PNC/2008/page_144.pdf-1,PNC/2008,0,1,0.9626427724130989,0.9840073406089197,0.7719462067412928,0.7969624948429088,0.8921534808808093,0.9024652718820081,0.9870617102816409,0.8829466389060232,0.9094929596989307
657,ETR/2002/page_266.pdf-1,ETR/2002,1,1,0.8058690066254791,0.6682263667400743,0.9449991871439829,0.951305365880513,0.8971425441569474,0.9487151445398301,0.6364243185013612,0.957708163516447,0.9557336679340911
658,RSG/2013/page_92.pdf-1,RSG/2013,4,1,0.828844608366833,0.7818858364114318,0.9616555361789031,0.9372120506960657,0.9138385185565071,0.9878399607455219,0.7606953250128238,0.903719121178435,0.9654108458391079
659,PNC/2011/page_74.pdf-1,PNC/2011,4,1,0.9781276522523242,0.9809517655068651,0.9936821368127096,0.984168153299173,0.986309745509862,0.9946414551835278,0.9053756584128632,0.987700666449473,0.9948728542056108
660,PNC/2012/page_110.pdf-1,PNC/2012,3,1,0.8905330422623255,0.9395173595169506,0.9768800813176488,0.9761544036156,0.975915760357693,0.926886410061979,0.8959187202027545,0.9718065321925025,0.9820988206332558
661,AMAT/2015/page_31.pdf-1,AMAT/2015,3,1,0.9913514937401072,0.9948601750587224,0.976422521520508,0.964582343347181,0.9853607029329143,0.9903109239622342,0.9942718328650403,0.9579285979480845,0.9572685926169212
662,LMT/2016/page_52.pdf-1,LMT/2016,1,0,0.8951285879062886,0.8690340029459295,0.7746688923221334,0.6233642670838816,0.8115553648755014,0.7488426960041275,0.8928140177240375,0.8271907533441436,0.8396585660436103
663,PNC/2014/page_151.pdf-2,PNC/2014,0,1,0.3549643575486224,0.404488285013401,0.9222576709911843,0.9400869832661429,0.9802568152093225,0.986302050892875,0.17512212762790982,0.8680055749969104,0.859714906814289
664,LMT/2017/page_101.pdf-3,LMT/2017,0,0,0.36910020072057703,0.2942218625291048,0.11480847042116323,0.08144884300266914,0.17899735316884927,0.04433591806381321,0.43274917600269286,0.09072622769416303,0.08298550957657468
665,KHC/2018/page_27.pdf-4,KHC/2018,3,0,0.8187439560275632,0.8853155787245078,0.9914338827456429,0.9843897780455874,0.9732123805490769,0.9865603476651726,0.923351126656614,0.9885077172505127,0.9910309068685558
666,AAL/2015/page_15.pdf-4,AAL/2015,3,1,0.8982582521047933,0.8894532794177433,0.9279023832966108,0.8915716980415184,0.8926734832036264,0.930941827309778,0.8895091972471787,0.8975192668458404,0.9016111381432665
667,AMAT/2016/page_32.pdf-2,AMAT/2016,3,1,0.9290597908661137,0.9197528046800703,0.9922695780665592,0.9860112046491769,0.9859907027430501,0.9573820045330511,0.8294045474849435,0.9922030890365883,0.9869495171125513
668,JPM/2016/page_73.pdf-1,JPM/2016,1,0,0.11309935565977675,0.08493150256217218,0.2821437725558084,0.3601273599169275,0.23317681827201414,0.19624459039310244,0.2486301660544802,0.4743455829185297,0.4270863214680411
669,ECL/2017/page_68.pdf-1,ECL/2017,4,0,0.36910335359401536,0.34998914212472076,0.2693666507333529,0.37087731447769495,0.318974981069061,0.2472027720097917,0.4440364826669622,0.14205640468002248,0.3180008253964462
670,ETR/2016/page_403.pdf-1,ETR/2016,1,1,0.8330037566452555,0.7775013446327472,0.9489339511377622,0.9733082812083675,0.9757273984061318,0.9851849493928784,0.7766416303260694,0.9595556608991079,0.9633514443564162
671,ORLY/2016/page_29.pdf-2,ORLY/2016,1,1,0.2742773002146352,0.3669838437794358,0.21039434903324566,0.15201715397129564,0.06664044594247007,0.11918027001098119,0.2924606929289193,0.0393015803711353,0.06849295164888843
672,HIG/2004/page_81.pdf-1,HIG/2004,0,1,0.5559806669543309,0.548445330259814,0.9496566380621542,0.9693495286130285,0.8428495278438749,0.9784655725029021,0.38528000536065204,0.9399789795009618,0.9539509517604918
673,VNO/2012/page_190.pdf-2,VNO/2012,1,1,0.9587041854966173,0.9499920864030016,0.993110623472598,0.9897171215345271,0.9959871934962504,0.941423657875432,0.946534951725162,0.9932055371180853,0.995711222579192
674,IPG/2018/page_78.pdf-1,IPG/2018,2,1,0.9919857813742186,0.9946534058656246,0.9540356090402351,0.9826350081787208,0.9697626810308928,0.8636016766081074,0.9927294941895503,0.9906130390339951,0.991563412588042
675,ADBE/2011/page_116.pdf-1,ADBE/2011,3,1,0.9787622406056288,0.9816415199450538,0.9920708575625661,0.9857275775464018,0.9534421460067855,0.9903457984478665,0.9707240346853856,0.9866984723994755,0.9844093929406456
676,PNC/2017/page_168.pdf-1,PNC/2017,1,1,0.5627113646346059,0.4350715813985719,0.4822077449801437,0.45932361112833264,0.23014545926910474,0.44404476284036265,0.8927277853274898,0.8245651189511629,0.7892022043014942
677,MRO/2009/page_107.pdf-4,MRO/2009,4,1,0.8952721326535421,0.6522870919482354,0.9655707448551786,0.9237239239631174,0.9533676110713336,0.8286377572201574,0.8903843977330598,0.9853879535727431,0.9700882246861057
678,EW/2017/page_83.pdf-2,EW/2017,0,1,0.9323180962460488,0.9366185664222009,0.9714287556737796,0.9451195554730333,0.9943452430001413,0.9811305084920893,0.9477927922889003,0.9862137794091743,0.9919186037351422
679,AAPL/2002/page_23.pdf-1,AAPL/2002,2,1,0.9059423848804725,0.9139323135192684,0.9564387760969536,0.9383471764205277,0.9361279798925524,0.9877960506463362,0.9710911636840114,0.9835961310180944,0.9675616374443067
680,ADBE/2014/page_87.pdf-3,ADBE/2014,2,1,0.946456608683608,0.9369878463069055,0.9698460609526879,0.9828879453674637,0.9609433432104626,0.9915248504019617,0.8734129033100346,0.9844880017588932,0.9862390200209046
681,UNP/2007/page_79.pdf-1,UNP/2007,1,1,0.9066277547394062,0.9399899110385138,0.9439263081228283,0.9373485768501751,0.9640895017116135,0.9101272448893233,0.9001066614035259,0.9417491605905515,0.9644655095769468
682,UPS/2017/page_111.pdf-2,UPS/2017,3,0,0.1973784306991496,0.11977080462384905,0.11177859459336364,0.07162038396115152,0.10136544184645507,0.044407953047237506,0.07995630012891736,0.07209215538047063,0.035986343435244074
683,PNC/2014/page_94.pdf-3,PNC/2014,0,1,0.7686475917391943,0.6503238346428386,0.7196320404158696,0.5810584699719139,0.4257276567099814,0.8150936880054565,0.6581784324305975,0.7573685846863599,0.6572793888050166
684,DRE/2010/page_36.pdf-1,DRE/2010,4,1,0.8248023803184146,0.8432297732310122,0.9892530726810437,0.9843709745606568,0.9908753062454545,0.9956284336030264,0.8765976606644943,0.9878547784050825,0.972037191573896
685,PPG/2013/page_54.pdf-1,PPG/2013,0,1,0.6970783984964234,0.7220840533458432,0.9396193924157435,0.9560703218254697,0.9729205136214188,0.9617742184595979,0.9521606543098475,0.9648760956754032,0.9723555427994094
686,AWK/2017/page_128.pdf-1,AWK/2017,4,1,0.4110473829482267,0.43561015567073946,0.9402320069575402,0.9236385977841793,0.9364736416694488,0.9024233553188572,0.24146920629287502,0.8965460694591737,0.8785812421449526
687,HUM/2005/page_18.pdf-2,HUM/2005,2,1,0.9188682743286942,0.9012063757789878,0.9555398311568999,0.9636753255412147,0.9691473069043627,0.9818593408849792,0.9458000769136292,0.9781366162415985,0.9304790101557291
688,HWM/2018/page_67.pdf-2,HWM/2018,1,0,0.21136613689242148,0.19958487892135413,0.05761065861679555,0.05361490350129602,0.03331684573278872,0.026472011653071566,0.17906080269564684,0.038210750886741286,0.04503022344297508
689,DVN/2017/page_31.pdf-1,DVN/2017,0,1,0.9939652870051338,0.9929610903991513,0.998540820669129,0.9989937452384574,0.995181544631718,0.9963212956949926,0.9865504439138933,0.9976683374057311,0.9978080420715129
690,ECL/2017/page_68.pdf-3,ECL/2017,4,1,0.8931467150411532,0.9300343499815467,0.9620077924619895,0.9737223367044819,0.981299139233691,0.9808881913811972,0.9616662159837488,0.923021428821958,0.950481634167948
691,AWK/2017/page_154.pdf-2,AWK/2017,4,1,0.7303757664879283,0.8309363143214076,0.3957150839644716,0.4539497339889025,0.3662189052121181,0.18362863210398606,0.7788795314574447,0.2685355047268714,0.22290857728818575
692,HIG/2016/page_253.pdf-1,HIG/2016,3,1,0.9645664502940225,0.9817379862400512,0.7554574749047802,0.7980910346736529,0.8096110477600134,0.8645929160375709,0.9762697824756673,0.7381370975773686,0.7152764055117139
693,RE/2006/page_122.pdf-3,RE/2006,3,1,0.7920065272110728,0.6489918413463257,0.5579357745871164,0.6334713336576321,0.5653792055539165,0.6026765952444407,0.5267688845109323,0.13700271288866853,0.19059511955440123
694,MMM/2007/page_64.pdf-2,MMM/2007,2,0,0.9677501235158705,0.9631549384915495,0.9303529660878617,0.935802833796678,0.8804867209628627,0.9138935668601275,0.8448163286752799,0.8994215387378759,0.9289359557793538
695,UPS/2007/page_32.pdf-1,UPS/2007,4,1,0.8794356947785782,0.8695805090975894,0.589535160603772,0.6461874177902942,0.5769111041440272,0.659804959774987,0.938049634814087,0.756860298763725,0.6040150693998372
696,TMUS/2016/page_32.pdf-1,TMUS/2016,2,0,0.5815678077575509,0.7015041765853903,0.2685299496672629,0.22851370181325026,0.3521361352909511,0.25429250491726657,0.6143786936193146,0.1333129776179474,0.12065816382989603
697,ECL/2015/page_70.pdf-4,ECL/2015,3,0,0.9702589421879356,0.9610849594883721,0.9697502200093807,0.9751288618324623,0.9754148643852103,0.9394556299827198,0.9836465743209409,0.9839861335221105,0.9814483563355082
698,ETR/2017/page_373.pdf-1,ETR/2017,4,1,0.901999954108001,0.5817480742067395,0.5406462031994159,0.24178171801006865,0.3383526496224678,0.3003904703479938,0.700282706976813,0.8212499579912357,0.7195332322201009
699,ETR/2016/page_382.pdf-1,ETR/2016,1,0,0.8923464891520707,0.8908024391933345,0.6442455006558006,0.7391143321718497,0.7576761352865065,0.9381201414829876,0.8946555355314475,0.6468553300212447,0.5689637341124221
700,HWM/2015/page_172.pdf-1,HWM/2015,1,0,0.9628617142505995,0.9789455276947869,0.9385964423757989,0.9583498354870243,0.9610454914722654,0.9071534475151674,0.9810774381474675,0.9292530061285112,0.9598621661240787
701,AAPL/2004/page_83.pdf-1,AAPL/2004,3,1,0.7876739853111769,0.7953848728871441,0.8630362343833404,0.8897731924323099,0.8762855426525599,0.8061350344987351,0.8919857817087122,0.8395574426982816,0.8981297225352459
702,CDNS/2016/page_32.pdf-1,CDNS/2016,4,1,0.920265532125325,0.9481760907877586,0.9690407820955586,0.9685970134524094,0.974058295621168,0.995392562420596,0.9047263884140929,0.987813392487148,0.9928214815795641
703,EOG/2018/page_89.pdf-1,EOG/2018,3,1,0.9662665056127929,0.9271529712410127,0.8584686937627973,0.8460254716681965,0.8430552518109641,0.8093258603311322,0.9269839722018736,0.9499895466276711,0.9540630174075536
704,RSG/2015/page_133.pdf-1,RSG/2015,3,1,0.9684254225605082,0.9703074907491004,0.9477522377465315,0.9316939493017828,0.9380815007699517,0.9231365073332339,0.9483760680418118,0.9618745004527198,0.9563103563360481
705,MRO/2012/page_40.pdf-1,MRO/2012,3,0,0.8025380668299513,0.7237393987795832,0.5686158585549506,0.5235329956837858,0.38510925301912297,0.3679405622495677,0.5920853864983697,0.2858490376519495,0.27235080576964527
706,INTC/2013/page_47.pdf-4,INTC/2013,4,1,0.9168938749681242,0.8231227034284417,0.9426115285321198,0.9179852319561864,0.8962429731327154,0.9462212092864847,0.9203073544286832,0.94507568643419,0.9633498760323977
707,ETR/2016/page_17.pdf-4,ETR/2016,1,0,0.5949245464991383,0.6765364721913245,0.806544643973464,0.5776139462492965,0.6162308184519608,0.7044779958736721,0.5352455145649584,0.47414474639388743,0.6451029254961809
708,C/2008/page_219.pdf-2,C/2008,3,1,0.9941252725160408,0.9946647129156303,0.9990820530231279,0.998102486421879,0.9988843868767066,0.9979812217626293,0.9964019116222953,0.9984768414152103,0.9985290493182695
709,C/2009/page_248.pdf-4,C/2009,2,1,0.8108226506111412,0.7761432032056806,0.6941630602742894,0.7708795810929793,0.8398869654747776,0.8139516314580327,0.8653514877490424,0.8613359853592707,0.8754078953216542
710,IPG/2018/page_26.pdf-2,IPG/2018,2,1,0.8758024326680423,0.9080147929002693,0.9863623068126863,0.9891949098815537,0.9768053089507016,0.9865576253608253,0.7873344880466036,0.9819331719318056,0.9860637697930742
711,AMAT/2012/page_37.pdf-1,AMAT/2012,1,1,0.7108443096738853,0.7352992679981578,0.8523216416806649,0.9006072930886622,0.8779896880343887,0.9552458467162438,0.8259865239415103,0.9583929224658566,0.94478973545054
712,UNP/2016/page_75.pdf-1,UNP/2016,3,1,0.9825084131331787,0.984862626307192,0.9841164365267285,0.9936233295079002,0.973699156995599,0.9939144037546679,0.9769010328379985,0.9760511352227111,0.9839226892928848
713,MA/2008/page_116.pdf-1,MA/2008,4,1,0.7681088343740309,0.7716567344724967,0.9532963189364873,0.9618309850898547,0.9784045429173152,0.9883307816671789,0.8321644244192863,0.9690537850580557,0.9530069953831275
714,UNP/2010/page_75.pdf-1,UNP/2010,3,1,0.7714026421107661,0.7071248167416306,0.9916457900803607,0.9905299757041626,0.979037042065421,0.9961886629874458,0.9161527902081045,0.9893892895926045,0.9928386580828691
715,LMT/2016/page_87.pdf-1,LMT/2016,1,0,0.8252745153416932,0.873190251174767,0.6384407148067016,0.7630440944786298,0.8938894548269816,0.852294603674122,0.9681761822919215,0.6906826613692569,0.7271101744430413
716,REGN/2010/page_64.pdf-3,REGN/2010,1,1,0.5548132442861169,0.5763818340608464,0.7431706441707795,0.7558789163057832,0.8171587381588241,0.629333898037478,0.6810557840552813,0.8391867431827378,0.7722638268263332
717,AMT/2016/page_69.pdf-4,AMT/2016,0,0,0.7710688629938,0.7209088175653277,0.7949716559138135,0.683187695231869,0.794445621437937,0.5914407725673891,0.7450927289018632,0.7893573404120942,0.6759500620760761
718,UPS/2017/page_31.pdf-2,UPS/2017,3,0,0.30324766530502323,0.5481924557073656,0.7825924581966438,0.7443198022894074,0.7603347728706558,0.4244546540325224,0.3855717337392335,0.8798243173958428,0.9537272196529697
719,TFX/2014/page_44.pdf-2,TFX/2014,4,1,0.5147211627792214,0.2875587103040234,0.3004731411580652,0.27064194193136376,0.12847351484561428,0.2241075950518602,0.7706002243620357,0.41830446457548764,0.37125019931136927
720,HST/2018/page_115.pdf-3,HST/2018,3,1,0.6495782756247773,0.6699975743611765,0.9570216671209779,0.9480419397402324,0.8478427749035137,0.9884964975992891,0.6480632604444237,0.9576478940110025,0.9768640889482507
721,ETR/2008/page_154.pdf-4,ETR/2008,0,1,0.9818776987807736,0.9877579477643719,0.9690144144455619,0.9676268301646773,0.9655230600342579,0.9547257639529755,0.9814965506940689,0.976072118713128,0.9857666946608271
722,AAP/2013/page_68.pdf-2,AAP/2013,2,1,0.9779905846503226,0.960626503743221,0.9964019017620163,0.9975522345159615,0.9962180107716014,0.9971198982254948,0.9464945248496284,0.9924476612540454,0.99191750507527
723,CDNS/2016/page_32.pdf-3,CDNS/2016,4,0,0.25506793222916824,0.30812932566556656,0.07257306978218846,0.08846662410991554,0.08370692023049182,0.04231946993212452,0.20874736725934273,0.10222223544188427,0.09451288405719388
724,C/2009/page_41.pdf-2,C/2009,2,0,0.9631676765385475,0.967194863651182,0.995748456261767,0.9966562720430767,0.992565279595357,0.9921054791947049,0.9758715596040507,0.9982318041415023,0.9968877382482495
725,CE/2009/page_121.pdf-4,CE/2009,4,1,0.9194714223454913,0.8126846653693809,0.7502996015865246,0.7747459475974101,0.944282940716346,0.8795923948235028,0.7024882288212784,0.7594116778462638,0.7905549917795642
726,ETR/2004/page_335.pdf-3,ETR/2004,1,1,0.8798859526765807,0.7676389568941342,0.9344907192959421,0.8946746153283575,0.9587044497222882,0.9308205470588913,0.9180540554177448,0.9722777783506649,0.928611072353256
727,KHC/2017/page_21.pdf-2,KHC/2017,0,1,0.9147368816698624,0.8841921430811809,0.95714124136064,0.958151749321701,0.9812987902395618,0.9763573696383885,0.9505154312908147,0.9314281516643975,0.9656431251395763
728,JPM/2009/page_206.pdf-4,JPM/2009,3,1,0.9676943869875831,0.9475998052137244,0.933778546141013,0.9338186345997148,0.9363514106229768,0.9543125653885789,0.9577721240782038,0.9423165380201002,0.9313932841862492
729,DISCA/2008/page_141.pdf-1,DISCA/2008,2,1,0.816580511644082,0.6963956673731617,0.9744509200108463,0.9540532012663755,0.9885508249303003,0.9911922388802423,0.6595538327933086,0.988153773657328,0.9786575535508262
730,AWK/2015/page_21.pdf-1,AWK/2015,0,1,0.9928239439168884,0.9954066979702614,0.9986339064340972,0.9973834950409157,0.9984202627189301,0.998092176455152,0.9953747174977204,0.9970672073362935,0.9971925560861753
731,GS/2015/page_80.pdf-1,GS/2015,0,1,0.9427134247432497,0.9464005192732825,0.9972312616974843,0.9977966550432386,0.9980079265131271,0.9954628135141723,0.8486271402023734,0.9977252550615231,0.9954751894669609
732,JPM/2008/page_86.pdf-1,JPM/2008,4,1,0.994265756400863,0.9809760175095764,0.9910332423444548,0.9950057916385473,0.9880120953565056,0.9905875590658743,0.992947898234944,0.9710844812244535,0.9816480427808177
733,AAL/2015/page_51.pdf-4,AAL/2015,3,0,0.37765845652127694,0.5117751764560411,0.034818186644204906,0.04761255815820589,0.04607279442088459,0.03064005836323295,0.6673462419170042,0.0707148841411261,0.09913510542419694
734,AAL/2014/page_80.pdf-4,AAL/2014,1,1,0.9669259380356942,0.9848100666363816,0.9935150922022253,0.996339023572829,0.995995489827162,0.9940464758669268,0.9794701406433258,0.9969973518640414,0.9965459197922875
735,RE/2010/page_120.pdf-3,RE/2010,2,1,0.9489759822257594,0.9245704958013828,0.8156998111628159,0.8851317951680701,0.7926647582649976,0.8859216761546475,0.9830956791400166,0.8560475823401753,0.9007899167636675
736,TROW/2011/page_13.pdf-4,TROW/2011,1,1,0.9857506495990368,0.9870857344161917,0.9845245426314359,0.9925306088713808,0.9920297647190023,0.9948472678013386,0.967414758390501,0.9878666306326568,0.9874848447195562
737,REGN/2010/page_68.pdf-1,REGN/2010,1,1,0.558284400913991,0.5369801703364684,0.9724616333035732,0.9624829081542514,0.9680274301462085,0.9534688414502472,0.6671060139558331,0.931690068652315,0.9493959542729673
738,EW/2017/page_83.pdf-1,EW/2017,0,0,0.9639884837503941,0.9639060337303184,0.9037467365783833,0.8454551722415715,0.9580628628322349,0.9320671697096945,0.9787385575447554,0.9401149797478531,0.9156758019964267
739,ETFC/2007/page_22.pdf-3,ETFC/2007,0,1,0.9736560855723944,0.9801316087477602,0.9903444715077773,0.9952125818086663,0.9938091120713558,0.9824780654686589,0.969777700149415,0.9937418684337131,0.9959171264876248
740,WELL/2017/page_48.pdf-2,WELL/2017,0,1,0.907165322439774,0.9313587002572821,0.8796124438866434,0.8789214256643297,0.8729065536763619,0.8092222039752552,0.9081708521472254,0.7757729637449142,0.8654811283713412
741,STT/2009/page_109.pdf-1,STT/2009,2,1,0.9530749471900957,0.9491956479278255,0.9841231534776214,0.9892965581188384,0.9847702024710785,0.9883086844285754,0.891268376247536,0.9719232721561896,0.9792976519196429
742,CB/2009/page_220.pdf-2,CB/2009,1,1,0.9242991431153808,0.9219540550857859,0.8508344367640405,0.9135165942196649,0.7813271451237256,0.9153349107255637,0.9425849618684458,0.958420031850815,0.9566433161943071
743,ILMN/2007/page_84.pdf-2,ILMN/2007,1,1,0.9519344924459725,0.9301290521268172,0.9901955236674133,0.9905467196975438,0.9935011827590624,0.9960599573738768,0.9322785565512448,0.9846040689740504,0.9853797220961226
744,AON/2013/page_54.pdf-3,AON/2013,3,0,0.493632596996087,0.5684919712711609,0.5788785462878301,0.416547336781596,0.427949221845969,0.49554168741970195,0.4785104405421667,0.5189066502667423,0.5848474830540417
745,ETR/2008/page_435.pdf-1,ETR/2008,0,1,0.8162918687340319,0.8030156924486875,0.8612551469871174,0.9035730181694103,0.8297195958849203,0.863731643354743,0.8637506884749679,0.8383701914907218,0.862973027605535
746,PKG/2006/page_68.pdf-2,PKG/2006,4,1,0.985032288431041,0.9777719765828915,0.9107700165340935,0.9190511622573827,0.9637171103701393,0.9740371448162437,0.9759474178892434,0.9479837423674233,0.9532534118665431
747,JPM/2003/page_44.pdf-3,JPM/2003,4,1,0.9807132199883853,0.972966230688809,0.9862923946294402,0.9866907026620735,0.9705581483767263,0.9787731867474774,0.987320481422228,0.9873318478219969,0.9897748927837448
748,AAL/2015/page_15.pdf-1,AAL/2015,3,1,0.8938044542077196,0.9168833214999083,0.9444824644607436,0.9150839829420555,0.9204771581696429,0.9457002780592758,0.9072578259109965,0.9305957316530116,0.9206247888815472
749,STT/2009/page_122.pdf-2,STT/2009,2,0,0.8536799197852792,0.846439225897708,0.7173027500666993,0.7110672611763499,0.7543131464478592,0.9217931738339661,0.8220718289898903,0.8463975933306273,0.7399337169077068
750,AWK/2017/page_128.pdf-2,AWK/2017,4,1,0.9573271156440553,0.9654471867688297,0.9369516702295109,0.9641893349682082,0.9883019289653433,0.9576090120148336,0.9403736553603931,0.9359775856821664,0.9583890910872619
751,UPS/2015/page_108.pdf-3,UPS/2015,0,1,0.8586810680097207,0.8182780019366535,0.9445662428166476,0.9603612316982464,0.9847724277040687,0.9530201341827248,0.9030859054031333,0.9715475566280832,0.9632084236529929
752,SNPS/2012/page_61.pdf-1,SNPS/2012,1,1,0.9565231754921838,0.9520631749094238,0.9677682721037056,0.9704791751228298,0.9794696441369913,0.8994774933311717,0.9583322272857399,0.9721969848975542,0.9491374316289077
753,MRO/2009/page_36.pdf-2,MRO/2009,4,1,0.9783275710339382,0.9749225136439129,0.9959657595688667,0.9967634899681912,0.9932922066976857,0.9968408305848016,0.9727108882433217,0.9954129089272954,0.9952977010591247
754,ETR/2016/page_382.pdf-4,ETR/2016,1,1,0.9093963792959954,0.9223619944053999,0.9940151879661885,0.9941251428691575,0.9900338164321459,0.9688373298769851,0.8976710027061816,0.9970315163198634,0.994389404695244
755,HIG/2011/page_184.pdf-1,HIG/2011,4,0,0.8244226016070352,0.8847925954978654,0.7031777299959143,0.6484761457706671,0.716966084349885,0.5607107883433515,0.8842442057980914,0.8096239860234328,0.711794598569053
756,JPM/2007/page_164.pdf-1,JPM/2007,2,1,0.9825336036958096,0.9708010425309005,0.9934957292750529,0.9853058558364189,0.9865239954061144,0.9894426759904557,0.9773675506036198,0.99590960406593,0.9950150820419481
757,IP/2013/page_64.pdf-2,IP/2013,3,1,0.883599671375658,0.9338752326044282,0.9853179001843556,0.9794917514244318,0.9862032897624733,0.9830692521353261,0.960966603261815,0.9760613638144182,0.9876600989725676
758,MRO/2009/page_58.pdf-2,MRO/2009,4,1,0.8852573507898475,0.9217358371181628,0.9241943889668135,0.9616683659517645,0.9718364215613688,0.9144545275587271,0.9544968184708469,0.9041702786151646,0.9516234110274711
759,GRMN/2008/page_84.pdf-1,GRMN/2008,0,1,0.9863922899357465,0.9783491986674618,0.9780459047573175,0.9584951953149123,0.9845017627570235,0.9817106345983078,0.980772417386578,0.9916659754896349,0.9872841754613626
760,CME/2010/page_45.pdf-3,CME/2010,4,1,0.983925482231933,0.9806600445681637,0.9932040355605489,0.9904721588979178,0.9865789549160926,0.9933058339243922,0.9769323920592514,0.9951336096460368,0.9946870931341031
761,MRO/2009/page_36.pdf-1,MRO/2009,4,0,0.9597711603529395,0.9549018910249387,0.8814307866623038,0.8557282694863723,0.9579790331730303,0.949629910190481,0.9530050130119134,0.9186071383331321,0.8757770221952775
762,ETR/2004/page_335.pdf-1,ETR/2004,1,1,0.4492603391262708,0.5386709579554034,0.9294263261766587,0.91004178047438,0.9325738901402957,0.9343319153355795,0.5405989960526094,0.9070193841835166,0.942127859093202
763,UNP/2012/page_79.pdf-1,UNP/2012,4,1,0.9788676089155269,0.970944170325722,0.9837930378219448,0.9909977552353525,0.9927867160577638,0.9708551565202758,0.9197909467270442,0.9904381061861812,0.9885365415437485
764,PNC/2014/page_205.pdf-1,PNC/2014,0,1,0.935459247246845,0.9372760277421827,0.9305033572996035,0.8882106347540388,0.9713287919724322,0.8396830845253314,0.9323907287410074,0.9195695743826596,0.9389022453145971
765,ETR/2009/page_21.pdf-4,ETR/2009,2,0,0.7127551258269105,0.6715702925175212,0.19429153135060087,0.30529247014997046,0.18558368355507815,0.2093154557415115,0.3812072625475454,0.2160893205746202,0.1377182416238785
766,GPN/2015/page_82.pdf-3,GPN/2015,4,1,0.9524591942124451,0.9647768698283916,0.9955894039020989,0.9924858888685053,0.9950446606636196,0.9958533590658485,0.9293287636022799,0.9891060800050394,0.9867887426720441
767,VTR/2007/page_48.pdf-1,VTR/2007,4,0,0.1752869298884873,0.22224779351937404,0.034124112610253325,0.030293061751398256,0.04137341338385189,0.03466041340483541,0.10600594078634765,0.020021334774147272,0.0332316031122954
768,UNP/2013/page_78.pdf-1,UNP/2013,3,1,0.8956269013326392,0.947694589994283,0.8805144559117496,0.9079057775887198,0.9333354157776432,0.6868154211545154,0.9642349008526978,0.9005236104756928,0.925060911716942
769,AON/2015/page_50.pdf-1,AON/2015,2,0,0.3100084122793987,0.5096399568067772,0.5178044226491788,0.3141215400927785,0.708263850971857,0.8063761801459777,0.38196848453491977,0.5536188351696608,0.4320299415131917
770,AAPL/2006/page_79.pdf-1,AAPL/2006,4,0,0.8600614962391934,0.8699911007658129,0.8058790754746924,0.5551123550343459,0.7975304311507713,0.18033295041038483,0.803212368993722,0.8035877793019903,0.7910873762272674
771,AMAT/2018/page_31.pdf-2,AMAT/2018,1,1,0.6637104780479974,0.656273139405385,0.9261595965441036,0.9537857589705981,0.7524101556749901,0.9673965016562924,0.745690943138944,0.9197008107436847,0.9437131319894454
772,TFX/2014/page_44.pdf-1,TFX/2014,4,0,0.3432168989850002,0.2119707764717008,0.6883147163391404,0.7102379626198051,0.6288635286792359,0.5143049663850597,0.5869574696480285,0.7703244555693438,0.7083471315265828
773,KHC/2017/page_21.pdf-3,KHC/2017,0,1,0.8053788804307841,0.7150583987081571,0.9871923050404361,0.9837422957990022,0.9922241230143264,0.9949912769437005,0.912378808047725,0.9845432897940678,0.9894451719123323
774,CDNS/2016/page_32.pdf-4,CDNS/2016,4,1,0.925126106686118,0.9518620241677312,0.8991162996549387,0.9209212216653534,0.9541598493222996,0.9824436029401523,0.904324374569809,0.9430417220329744,0.9467260142636329
775,PNC/2014/page_161.pdf-1,PNC/2014,0,1,0.18294144374179186,0.3257135109633462,0.44061461805219243,0.3888889685643713,0.660618526346806,0.48360625650733197,0.555359045922466,0.48952765320381836,0.45971577590460394
776,C/2008/page_26.pdf-2,C/2008,3,1,0.7443851854555232,0.7656446711573598,0.5199252851386084,0.34862701826291065,0.375327828633442,0.6473988446505686,0.6172212022331859,0.8414286399481845,0.8496346056653188
777,ORLY/2016/page_29.pdf-1,ORLY/2016,1,1,0.9034840764446277,0.6880911475486046,0.9874323482753571,0.9639598306892433,0.9212918503328855,0.991972661329674,0.45461634103169835,0.94654139126448,0.9029583949312185
778,HUM/2010/page_101.pdf-1,HUM/2010,0,1,0.9866555958403481,0.9812359110111155,0.9867843011714527,0.9869780356910355,0.9805063129692572,0.9844705425034733,0.9817746525775808,0.9842345800464705,0.9725613979846808
779,STT/2008/page_112.pdf-3,STT/2008,0,0,0.9463859307774913,0.9292984830891449,0.9159122197472996,0.9204958843460239,0.9585306313010734,0.9035883383661871,0.9587707812678276,0.9257142115911675,0.9615924744695191
780,BLL/2011/page_29.pdf-1,BLL/2011,0,1,0.944844454257881,0.877649858025644,0.271258125781916,0.26054173834793126,0.2219731413652235,0.11207084724980389,0.8338912391143071,0.37381025397447526,0.42490619010731856
781,ADBE/2011/page_83.pdf-2,ADBE/2011,3,1,0.3767801798789769,0.5501289591410168,0.5457003376072936,0.5064961043743164,0.7421988394811316,0.46704947669662156,0.4379450843019596,0.41952383490938505,0.49976713439248616
782,DISCA/2012/page_54.pdf-4,DISCA/2012,1,0,0.19672207301200081,0.3645852120238031,0.21007191970016986,0.24689893297990773,0.15523148291375669,0.7382296555791394,0.34876382031044184,0.09162860780777846,0.167423226994318
783,JPM/2012/page_148.pdf-2,JPM/2012,3,1,0.955504314837019,0.9328146566771199,0.9653414687114109,0.9711205241452288,0.9550315016230155,0.9712756622374362,0.9245351067126738,0.9546174307030443,0.9681923883412262
784,JPM/2012/page_148.pdf-3,JPM/2012,3,1,0.8910963243043054,0.859243232992915,0.9983283569648299,0.9936424872703203,0.9922768149354828,0.9985302539561915,0.8662218279467371,0.9951476753366315,0.994690263112751
785,ILMN/2006/page_92.pdf-1,ILMN/2006,0,1,0.9000885308336997,0.9118728992878579,0.9008179748116841,0.9185978810425164,0.9621938936739257,0.974915136374038,0.96064051951209,0.9390056653385211,0.9131904916434502
786,IQV/2016/page_57.pdf-1,IQV/2016,0,1,0.9427754143906176,0.9546472733108625,0.43735680005238015,0.6093070901174255,0.6761490976567484,0.9506069618897091,0.9828944864649862,0.7450669308669369,0.6894051763552619
787,HST/2018/page_115.pdf-1,HST/2018,3,1,0.9032169361454472,0.8160513003156964,0.8724245158047264,0.8848632827509233,0.9052474862224607,0.887735445348235,0.82002330926386,0.8625646172676417,0.868413113887694
788,C/2008/page_189.pdf-4,C/2008,3,1,0.8579877459416678,0.804412687964339,0.9957156762140832,0.9946141441914124,0.984128794423985,0.9918610624510756,0.9572836269970696,0.9963126872703326,0.9959411477418582
789,K/2013/page_27.pdf-4,K/2013,4,1,0.9875795628599052,0.9904528201916835,0.9760250524183234,0.9816768165363831,0.9813980823577461,0.9882574203577683,0.9725875739374331,0.9815281240005003,0.971669386692978
790,UAA/2016/page_80.pdf-4,UAA/2016,0,1,0.9570782350128764,0.9639948386576902,0.93568963035813,0.9342811869149186,0.9507551242778868,0.8720039617242089,0.9503900014517235,0.9681828726505673,0.9730147348540662
791,RSG/2013/page_69.pdf-1,RSG/2013,4,0,0.8831885499636192,0.8900320159736304,0.6708448909316949,0.7679924559840967,0.7943415265648459,0.8561432996075332,0.9164590179000341,0.7088421512518095,0.7759377398369675
792,BLL/2010/page_39.pdf-1,BLL/2010,1,1,0.9730196568920731,0.9742219031742024,0.9923099730864363,0.9891440443056282,0.9934431131950616,0.9894019852948367,0.948362434446247,0.9878029185686097,0.9900164452133902
793,PNC/2014/page_151.pdf-3,PNC/2014,0,1,0.9557547560936466,0.9440158214327374,0.9946307284277628,0.9946431668893609,0.995419206880736,0.9958524471973818,0.938811887200427,0.9922052255856292,0.9964133398134194
794,JPM/2009/page_183.pdf-4,JPM/2009,3,0,0.9229996520441905,0.9395868427882313,0.478317979317238,0.4716981828690737,0.4366918747854954,0.05496022658171634,0.9323225130474262,0.5252624815450421,0.5442474217781187
795,AON/2011/page_91.pdf-2,AON/2011,3,0,0.20625453949327027,0.1576642087571553,0.8787954293149088,0.8970397334084815,0.9305621565406429,0.8612216625086149,0.22842916290307325,0.9060573747540096,0.9096694898577405
796,HIG/2013/page_124.pdf-2,HIG/2013,4,0,0.9904629948337171,0.9935937243074353,0.9783896226994593,0.9752183356036908,0.9846724749916607,0.9839210480019648,0.9913391521301089,0.9412975344512409,0.9563138683467373
797,TROW/2008/page_23.pdf-3,TROW/2008,3,1,0.8599446128295019,0.9139119072440265,0.9770586982232784,0.9914608326327622,0.978282588133429,0.9860477979821111,0.9567701495519069,0.9965500438136287,0.9955243417341612
798,IP/2016/page_52.pdf-2,IP/2016,3,1,0.9745213118412367,0.9745884895514852,0.9922433360339749,0.9933841709477342,0.9864096559570891,0.9891161200999745,0.9834018449333634,0.9941710621324069,0.9941375024179744
799,AAL/2015/page_83.pdf-1,AAL/2015,3,1,0.6878253255432658,0.6480869973133668,0.6432812834575455,0.6985953839897583,0.6526179142029935,0.67650232354897,0.6850285488413559,0.7635847269776554,0.689494541124283
800,FIS/2007/page_102.pdf-1,FIS/2007,0,1,0.9817127322068577,0.9898676542456327,0.9954281363900344,0.9974016770355126,0.9942612896036359,0.9987694197476643,0.9878837071053609,0.9959604031770478,0.9970047266993888
801,MRO/2009/page_57.pdf-1,MRO/2009,4,1,0.8428426747350549,0.7491605131852174,0.6855941417842796,0.5392140767928832,0.8736889023750488,0.7322702355896189,0.8210513495017734,0.7798579823684646,0.7248972753716647
802,ETR/2017/page_352.pdf-3,ETR/2017,4,1,0.602189342921471,0.495306468318701,0.9089689806624371,0.9023472759161038,0.82363663587618,0.9262835324383795,0.48376886415645765,0.7112275149411696,0.700717145072067
803,FIS/2007/page_102.pdf-2,FIS/2007,0,1,0.9607900876903392,0.9831755532352221,0.9680065731663358,0.978250048576771,0.9807809014712344,0.9780109467270389,0.9795832465866886,0.9438852130002711,0.9684295547501092
804,ADBE/2018/page_71.pdf-3,ADBE/2018,1,0,0.8695827614855209,0.7700665114159242,0.7658724244509235,0.6351412930660386,0.44786859602611584,0.2162948312857595,0.8197491383439794,0.7648341725178781,0.655917943591893
805,C/2009/page_194.pdf-1,C/2009,2,1,0.5435313396612341,0.6705624267139465,0.8391466882056794,0.9319898088514749,0.983151611595866,0.813830528582,0.45892548098356606,0.6531667935435922,0.8300938784924655
806,ETFC/2007/page_116.pdf-1,ETFC/2007,0,1,0.8938863522259204,0.8789424045524962,0.9008380284676517,0.8117085813899859,0.8983733541957806,0.7197201562495913,0.8451018031778367,0.9100288521192058,0.9266400808525393
807,AMT/2015/page_58.pdf-3,AMT/2015,3,1,0.6709601374292673,0.8238841349431196,0.7596776354234809,0.7755818065208611,0.8475562970071624,0.8712431316845121,0.8299731535168267,0.7566765216725257,0.7827918019296151
808,ETR/2016/page_375.pdf-2,ETR/2016,1,0,0.5789214601896532,0.45207459349349055,0.1762189528862536,0.11640865732953042,0.10872524573857545,0.08953783493957036,0.5745768402534991,0.15839644386890067,0.23950955103753446
809,GS/2013/page_195.pdf-3,GS/2013,3,0,0.7106517378200872,0.8486365693353453,0.15575959235596246,0.20960453446549265,0.25672962741834227,0.09755392878193102,0.5001640065966554,0.24659891053943542,0.19361496504969494
810,IP/2005/page_32.pdf-2,IP/2005,2,1,0.9639357518151211,0.9669779046619867,0.9639410027919518,0.9585168731083037,0.9585114237080297,0.9535477922744984,0.962266684894785,0.9542771797055145,0.9672894590358831
811,PKG/2009/page_63.pdf-1,PKG/2009,3,1,0.5595063476293735,0.4891900073211665,0.4054203440287614,0.5207370410056986,0.5495957685354372,0.34243561872466954,0.6234732343201599,0.6516202942357174,0.7194914170906376
812,CE/2010/page_134.pdf-3,CE/2010,3,1,0.9471527038187441,0.9435431623165306,0.9120125855319883,0.9110677425431667,0.8186325723800834,0.9434917058460314,0.9182833230909845,0.8301203366714293,0.8364768855025062
813,PKG/2006/page_68.pdf-3,PKG/2006,4,1,0.9746436128589476,0.9787220928238544,0.9342026332996354,0.9330094582078879,0.9710932979046283,0.956366059759881,0.9660464789379356,0.9555351792011393,0.9523915915128738
814,DVN/2011/page_84.pdf-2,DVN/2011,2,1,0.8751646118608394,0.8741025483106897,0.9306320596349437,0.9334122820049925,0.9189578800917455,0.9888316118799523,0.8098164972632013,0.9141244227951159,0.9109320353741998
815,MRO/2009/page_36.pdf-4,MRO/2009,4,1,0.5689743987559116,0.40303463787244115,0.8198992030488889,0.7942460901585096,0.9390174463953461,0.969768710447274,0.343010265046564,0.7539595014565211,0.6823147820876371
816,V/2012/page_28.pdf-2,V/2012,0,1,0.9546985730681073,0.9504246731978836,0.9856349201300418,0.9722634677767914,0.9671416205239068,0.9738744975129751,0.9517147290827221,0.9880303061535881,0.9387957472375668
817,AWK/2018/page_162.pdf-1,AWK/2018,1,0,0.9284655482759699,0.90633660047421,0.523896610943359,0.6347192786093468,0.25961458121336234,0.40111374120187226,0.7403463103067482,0.2803020167670956,0.2573232060811328
818,BKNG/2015/page_38.pdf-1,BKNG/2015,3,1,0.9034877628922028,0.9298295324612125,0.965848955116757,0.9589112741686546,0.9654940753554963,0.9828556490000904,0.9361967204061177,0.9633214748009757,0.9536868703622877
819,RCL/2014/page_80.pdf-2,RCL/2014,2,1,0.9643058538331731,0.9625013359219649,0.9865978759245797,0.98791301564492,0.9905731942468808,0.9953596934384763,0.9394392646366461,0.9884451890120266,0.9902826122570768
820,LLY/2008/page_43.pdf-1,LLY/2008,1,1,0.9766224782049078,0.9782486111884285,0.9892773457057016,0.9927885873850272,0.9789716622370707,0.9905746075023132,0.9780787533248906,0.9904063978095763,0.988347450871827
821,LMT/2013/page_87.pdf-2,LMT/2013,2,1,0.962813390668717,0.9679907488885177,0.9243334675505198,0.9599087122189081,0.9579478336466278,0.9833189851973623,0.9641882804773101,0.9652993774221605,0.9608599493684253
822,C/2008/page_189.pdf-3,C/2008,3,1,0.7618894499257071,0.7027831298281797,0.9872216466318241,0.974401806636611,0.9739096005934287,0.9935699325832527,0.738876688712271,0.9913681482513744,0.9868836870353475
823,MA/2009/page_112.pdf-1,MA/2009,4,1,0.569261776894428,0.6379708973772596,0.30846557131240415,0.334771474649128,0.35552001061633276,0.16807893633252224,0.9322647221019744,0.7893193599774593,0.8100372604753845
824,JPM/2014/page_127.pdf-4,JPM/2014,2,1,0.8683529155277965,0.9062756340670922,0.9304312154997036,0.9062917563178016,0.9546661015619674,0.9536611191151574,0.9304281212830209,0.8916752718479272,0.9101416122254237
825,RSG/2009/page_78.pdf-1,RSG/2009,4,1,0.25477722099354516,0.273600749696717,0.8384385180714818,0.8867266016372595,0.9512476158109993,0.5662709232068509,0.4093806284831901,0.8565126480957679,0.9140403409206665
826,IP/2014/page_65.pdf-2,IP/2014,4,1,0.9798039385489479,0.9797073340591556,0.9782885423736607,0.9831332668231929,0.9823822495315213,0.9824847543025665,0.9819144510306715,0.9788845892496572,0.9780354074879296
827,IP/2012/page_57.pdf-1,IP/2012,3,1,0.9687282100561608,0.9697112276338415,0.9970326589518769,0.9978190601385811,0.9983375264420501,0.9980422195681795,0.9802092330990416,0.9961453693772553,0.997910784092137
828,AMT/2006/page_107.pdf-1,AMT/2006,0,1,0.9440463442998331,0.9671558126264208,0.9580894831990688,0.9198078712540513,0.9175627119142954,0.9618421366580049,0.9260053867908072,0.9437321461173013,0.9144693238493928
829,ETR/2016/page_343.pdf-2,ETR/2016,1,1,0.7919657157007169,0.7806316132802101,0.7756717122149631,0.8211491020979358,0.6228375920048327,0.8430321404881158,0.882695675208317,0.881609914411668,0.8431983955553769
830,ADBE/2009/page_98.pdf-2,ADBE/2009,0,1,0.9407723292657535,0.9359097829753562,0.9879174470467103,0.993435631539622,0.9962932761250854,0.994501109585223,0.969985682451732,0.9931456184451523,0.994199165996712
831,PNC/2016/page_73.pdf-1,PNC/2016,4,0,0.722129224466753,0.534055461052491,0.06867491357208567,0.08332068864891841,0.04162232045145178,0.05140325280692635,0.42067079152331843,0.16139653231207,0.15801734370627676
832,AOS/2016/page_19.pdf-1,AOS/2016,0,0,0.449081441776843,0.35079246198798103,0.3484432660941402,0.5006844521000655,0.5026387248362016,0.17100738726788783,0.3375648108596925,0.5727044627124426,0.5630838466085669
833,AMT/2015/page_58.pdf-2,AMT/2015,3,1,0.4786515594176779,0.6546041916151174,0.9479842673556905,0.9501943722817465,0.9543111940773618,0.9931560567996376,0.7806294938553205,0.9317277017654666,0.9466065419449741
834,LMT/2016/page_83.pdf-3,LMT/2016,1,0,0.5414110486115999,0.5673160880407337,0.06374649555416105,0.11441266083009158,0.029008408743991868,0.04099312446884309,0.4268569563803368,0.06120405026208591,0.04625018962682952
835,AWK/2014/page_45.pdf-4,AWK/2014,4,0,0.8526948155399687,0.7559385262606032,0.6299518636541519,0.6527471595134661,0.8130630571807199,0.3139127662822329,0.9081106206202909,0.7629154868876702,0.806993914803675
836,CE/2005/page_167.pdf-1,CE/2005,0,1,0.9622320301378164,0.9718861161387385,0.8693048511787873,0.921390894399722,0.9589834097404768,0.9860034975407658,0.9634401923849918,0.9473128464005214,0.9422531561571855
837,ALLE/2015/page_81.pdf-1,ALLE/2015,3,1,0.84857007710789,0.9060569233318164,0.9711182593139795,0.9584476529513754,0.968122046582741,0.9912320555451958,0.8407968375574976,0.9595109226839652,0.9643698061351834
838,ORLY/2018/page_30.pdf-3,ORLY/2018,0,1,0.22703263631526185,0.22268535785465282,0.674556507409025,0.6322739983697653,0.8221000675642268,0.9724300114529785,0.20248765578264621,0.6286786728972769,0.6812542653948509
839,REGN/2010/page_64.pdf-1,REGN/2010,1,0,0.359973012039434,0.3221713902401547,0.28283560641287186,0.14964143262155238,0.057561416327373466,0.09617135722029506,0.25271859597408525,0.11304007257000974,0.08409833558229594
840,ETFC/2015/page_27.pdf-3,ETFC/2015,3,1,0.9622576563906323,0.9565463930582896,0.9727590931127859,0.9640678030664923,0.9897293109748032,0.9510799837870522,0.9937803699571942,0.9671027898389593,0.9842120943661614
841,V/2008/page_130.pdf-2,V/2008,0,1,0.8851670354630219,0.9327204967633393,0.9818885885985871,0.9834321507520383,0.993048148899034,0.9663703114901554,0.9180825309174909,0.9847479279436446,0.9873434873342399
842,ETR/2016/page_444.pdf-1,ETR/2016,1,0,0.9635108747499505,0.9655257773692048,0.8118557896419972,0.8105838508482848,0.7248029310674317,0.9028228624633529,0.9534593507822419,0.8032128265843531,0.8506608916333617
843,FIS/2012/page_30.pdf-3,FIS/2012,3,1,0.9971819040800874,0.9959891823043301,0.7051108080827224,0.7929147196555768,0.9679818309757587,0.9617453695456308,0.995690815139655,0.8883611370424648,0.8352403421757993
844,AAPL/2014/page_26.pdf-1,AAPL/2014,2,0,0.06676710367701982,0.06590569310962345,0.0210219117900435,0.024973567860691853,0.015755753883795055,0.011986243049747597,0.08878278607728707,0.01447419077016998,0.015692990271949068
845,IP/2013/page_64.pdf-1,IP/2013,3,1,0.8749635929114724,0.937416335544153,0.9253930046956259,0.8905767929630601,0.9734700382663923,0.9264326724879082,0.9692772309620613,0.8587883172609411,0.9053845849793501
846,CDNS/2007/page_30.pdf-1,CDNS/2007,2,1,0.8528766553810448,0.8603575914648082,0.9207363143077387,0.9370827648257537,0.915207787985035,0.9870028862818624,0.9487927462770755,0.9556538849223314,0.9418583301260608
847,GPN/2014/page_71.pdf-3,GPN/2014,1,1,0.9913833803570278,0.991846463965332,0.9969629882227224,0.9989780362590475,0.9985280762438032,0.9991520769638897,0.9922390495095512,0.9963938756514056,0.9989733207770398
848,MAS/2013/page_27.pdf-3,MAS/2013,0,1,0.7646143085253209,0.7634514571188924,0.7767535663901606,0.8037176881775963,0.6361599191023658,0.7619138305236726,0.5909114196680516,0.8391585863830562,0.7841359639566353
849,GPN/2015/page_82.pdf-1,GPN/2015,4,0,0.9437182317921192,0.9420460230100935,0.933758189802185,0.9245515876710841,0.9634696173777966,0.9602629273740547,0.9384413009705259,0.9054800342363446,0.9163114070685328
850,AMT/2016/page_57.pdf-3,AMT/2016,0,1,0.9845621290055815,0.9874011851090945,0.9505437845973402,0.9619122519967422,0.9655934544641332,0.9810274067003484,0.9789356700772683,0.9474624985834155,0.9436354522867753
851,MMM/2005/page_72.pdf-1,MMM/2005,4,1,0.9783083218807924,0.9379345683803878,0.8103238970425874,0.6089578094464724,0.7484215915965041,0.661107073768075,0.9137703133747639,0.7720045466628469,0.6571418310798641
852,ETR/2004/page_261.pdf-3,ETR/2004,1,1,0.9934485441589241,0.9895633990684871,0.9929014128943531,0.996495585963603,0.9941508044387972,0.9961033893991983,0.9888903500083491,0.9963431554188562,0.9966834341425633
853,AWK/2018/page_178.pdf-4,AWK/2018,1,1,0.8786707095383209,0.9330275439603032,0.9718261716247587,0.9717413314747015,0.9397354886962677,0.9831555088469837,0.9305325174950833,0.9725474769249324,0.9773372008213893
854,ADBE/2011/page_83.pdf-3,ADBE/2011,3,1,0.09962706356151026,0.11205413211392189,0.04866062198245329,0.05932200107760993,0.048605272507000453,0.04434714536558199,0.10253248150928371,0.05513982622420203,0.04964035953178135
855,ETR/2009/page_21.pdf-2,ETR/2009,2,1,0.9962932829349165,0.9901523796143683,0.9958847346700511,0.9970556196209956,0.9944711929432908,0.9964992586956127,0.9935721756056866,0.9979796614554459,0.9978410054560599
856,APD/2014/page_71.pdf-2,APD/2014,4,1,0.8869908225225372,0.8366677732982353,0.9136117077220838,0.917852637989504,0.9739087562989677,0.9074025897307271,0.8088793740048641,0.9095842174533523,0.9140417719120021
857,JKHY/2016/page_25.pdf-1,JKHY/2016,0,1,0.8088844512385058,0.8259656474361288,0.9690066284682293,0.9702589779759514,0.9785970282543245,0.9950713712783148,0.7530481692227678,0.9296305656873433,0.9476042743947469
858,C/2008/page_207.pdf-1,C/2008,3,0,0.36492587232665,0.168134359594966,0.3782529845976087,0.5043340042425462,0.12300050560752762,0.35045868265504665,0.45967265275500463,0.6860526518417841,0.7283516675754071
859,INTC/2013/page_40.pdf-1,INTC/2013,4,1,0.8796549306357555,0.926321857586155,0.9719225047108062,0.972041688141582,0.981697259928152,0.9620940756892171,0.9331592530697012,0.9788783244312171,0.9524703625842673
860,AAPL/2011/page_24.pdf-3,AAPL/2011,2,0,0.0535519426935071,0.055535241907724145,0.015901334596416843,0.016652085504631473,0.00916888108017547,0.010190218102909585,0.06055337289772886,0.01352183609928571,0.015756143064784227
861,ALLE/2015/page_81.pdf-2,ALLE/2015,3,0,0.19982859818596538,0.2702314479701047,0.12224947159268944,0.11886287163279886,0.3180986428109705,0.027816284133579,0.20677642923907463,0.10977257894065771,0.18463483186399726
862,ETR/2017/page_332.pdf-1,ETR/2017,4,1,0.9052541277601597,0.9110019312207801,0.9375893848466349,0.9370548682826847,0.9327908672986873,0.9123715701785382,0.833323726747817,0.9145642926464213,0.8300136267820054
863,JPM/2005/page_70.pdf-1,JPM/2005,3,1,0.935967825046707,0.9553491312855258,0.9752134318701476,0.9788501007252906,0.9814198060520906,0.9827170913403441,0.9661023877009599,0.9908259359341507,0.9919998907264614
864,GS/2017/page_176.pdf-4,GS/2017,2,1,0.8690736907659712,0.9170336714150686,0.7405821624971259,0.73050385850198,0.740083419481953,0.8776925923079338,0.8321824918294574,0.7659944175662871,0.7843696703570945
865,ECL/2017/page_68.pdf-2,ECL/2017,4,1,0.6696786299319685,0.7963659048088159,0.7391112011020363,0.7702215029438194,0.6545909101309005,0.7450112081178285,0.5843861546668685,0.7778419210473732,0.6552908669607642
866,GPN/2008/page_95.pdf-4,GPN/2008,2,0,0.8514976491066448,0.7258689932183897,0.7982683845957884,0.6940983258758731,0.7303374057429396,0.8943888228503769,0.8450091946988177,0.7203159449165647,0.6316702067387757
867,ETFC/2013/page_84.pdf-2,ETFC/2013,0,1,0.43078243695108814,0.5064733252620343,0.9936830765387028,0.9966259038246884,0.9935823717612785,0.9989014051032356,0.4698136730957306,0.9920047878937635,0.9936745812984538
868,HWM/2015/page_87.pdf-2,HWM/2015,1,0,0.6672143837855256,0.6643968569755198,0.6467089602733715,0.7033154637928308,0.6888101601274818,0.3110879704626871,0.681196562778354,0.7942790378167265,0.8774906346748654
869,FIS/2016/page_49.pdf-3,FIS/2016,0,0,0.8575637171580643,0.8139121235139959,0.22553373648260425,0.2918683287840133,0.2210057402155889,0.42532408005641487,0.7564875791777979,0.09008706717278324,0.17172572059523314
870,PKG/2018/page_66.pdf-4,PKG/2018,2,0,0.9046045990352115,0.8500798653709982,0.7864517694435431,0.774263855538196,0.7846607543143899,0.7081110149709262,0.913219194397678,0.8607973668352511,0.8381866368694162
871,GPN/2016/page_83.pdf-4,GPN/2016,1,1,0.8641613108314927,0.8304541059443293,0.8427783210402013,0.8244167833465729,0.7192519226555398,0.858942349161691,0.8114097917589578,0.8817547648392867,0.835157783742683
872,JPM/2014/page_127.pdf-2,JPM/2014,2,1,0.8710304187680419,0.9027699433118362,0.9535274704440335,0.9151692239265297,0.899692646610998,0.9292452376481806,0.9374245068073419,0.9033204258076865,0.9517100601199722
873,SLG/2009/page_84.pdf-2,SLG/2009,2,1,0.982566756142866,0.9843857379427945,0.9714400265433552,0.9826165717842669,0.9885293196630295,0.8729546851647701,0.988391988871661,0.9690809345773208,0.9789257085643956
874,CE/2005/page_56.pdf-3,CE/2005,0,0,0.8741303524823205,0.8266984783097836,0.4530940409817664,0.5448976456732535,0.26040152261831195,0.6162073713800448,0.6685170975455371,0.5044362584769428,0.4220002850046654
875,MA/2008/page_116.pdf-4,MA/2008,4,1,0.9025947080802136,0.8013876973953732,0.8318456005831742,0.8775300979065003,0.9055591077216255,0.8231866655815088,0.722026281156135,0.6813267267362326,0.6318856476330278
876,FIS/2010/page_89.pdf-3,FIS/2010,4,1,0.8943904030042211,0.9288233527364333,0.9212187457670407,0.9353154644296775,0.8612610670751426,0.7966917165997345,0.8331881238836418,0.9024029962444418,0.8639177367136975
877,HUM/2018/page_46.pdf-3,HUM/2018,0,1,0.7600278269790772,0.848237094488316,0.8815413473547407,0.8752533478620923,0.7868578358892223,0.9857354457524277,0.8147558496382925,0.812629728599827,0.8881165660894822
878,C/2009/page_279.pdf-4,C/2009,2,1,0.9336803686947526,0.9474512637993521,0.9188602351633501,0.8107298705756204,0.6695741535070163,0.8620703008257932,0.9805785982383207,0.9527113895880214,0.9311087056732636
879,EOG/2017/page_103.pdf-1,EOG/2017,1,1,0.9309802862608987,0.9165606714831254,0.9918744320768798,0.9890665723214267,0.9896920762473436,0.9864517383081561,0.9775722089496719,0.9874540805630297,0.9919134621266533
880,V/2009/page_89.pdf-2,V/2009,2,1,0.9078136810557887,0.8726196750845727,0.9258574060930547,0.8789882772641205,0.8518076358668946,0.7695953706218297,0.7000278804899661,0.797268451504501,0.8498095180220204
881,AON/2011/page_121.pdf-3,AON/2011,3,0,0.42410929214903476,0.30536915652346536,0.33700851060389414,0.26881193098240785,0.1445396818507923,0.07693079392462629,0.34081237035758527,0.34174145703641046,0.25020046036808297
882,HIG/2004/page_67.pdf-1,HIG/2004,0,1,0.9572314246630017,0.9721596941735734,0.9835893074191278,0.9905095240723989,0.9866490030367266,0.9894416515950931,0.9554664859836224,0.984327510465608,0.9882921606923539
883,PNC/2012/page_110.pdf-2,PNC/2012,3,0,0.7969202430931954,0.8457386017125577,0.7522266857502248,0.7941346047854005,0.8359593296085635,0.8765717406333717,0.594986109051451,0.347268991782321,0.4881895914955199
884,EMR/2017/page_53.pdf-2,EMR/2017,2,1,0.9649581013916033,0.9401095051191045,0.9894820658278475,0.9888121859948115,0.9884695922757938,0.9920600432182397,0.9379476814770142,0.9938261904796996,0.9887822846950028
885,CB/2010/page_113.pdf-2,CB/2010,3,1,0.989493612662199,0.9926357215345022,0.9979984965840693,0.9977693729516793,0.9951932688055696,0.9921789276309035,0.9942906195802905,0.9985112434427741,0.9978655309309038
886,ALXN/2007/page_96.pdf-1,ALXN/2007,0,1,0.8547995548691623,0.896274393326257,0.7882253556030052,0.8776818318698819,0.875110226039459,0.9166792795647379,0.9092019695941082,0.9209022180246271,0.9223074380260442
887,C/2009/page_42.pdf-2,C/2009,2,1,0.9630196298105395,0.9692295230864983,0.9985880929185003,0.9985784247851445,0.9980973484384885,0.998287271101013,0.941269223931981,0.9991265266242552,0.998733854883415
888,ETFC/2011/page_23.pdf-1,ETFC/2011,2,1,0.9524273894691432,0.9215475364263866,0.9787187074853894,0.9810612482948987,0.9630780566441889,0.9717088361658465,0.9461968222950881,0.9767689115813094,0.9614081019626965
889,MA/2010/page_107.pdf-3,MA/2010,2,1,0.962555941840588,0.9386218339973434,0.9819814347578151,0.982919117206167,0.9951316486476272,0.9704913900223952,0.9813284755147914,0.97997274377086,0.9868000815702526
890,PKG/2001/page_86.pdf-4,PKG/2001,1,0,0.9372254025943555,0.8407048519280871,0.8007280936946554,0.7555116695380435,0.8223360787857978,0.4775399697724873,0.7971258370846994,0.6257302647468963,0.6573716806748457
891,ADBE/2009/page_81.pdf-4,ADBE/2009,0,0,0.360730335113522,0.3656288544645914,0.8002610261694931,0.7504332790734025,0.7761435539449536,0.8714198709267088,0.25233354330778646,0.7037397564763727,0.591813941232134
892,AAPL/2002/page_23.pdf-2,AAPL/2002,2,1,0.9724127831588995,0.9632277517869897,0.9376480194871826,0.9428580253878449,0.949019263167761,0.928488127319389,0.9857232121248488,0.9737860714530876,0.9674906121170657
893,ETR/2008/page_187.pdf-3,ETR/2008,0,1,0.9880729565873243,0.9871293047665637,0.9947816133287273,0.996470346869839,0.9942923140544355,0.9846404649198015,0.9873311454452828,0.9975119029430268,0.9966408131779232
894,PM/2018/page_108.pdf-2,PM/2018,2,0,0.13940212355603127,0.07274516343452048,0.055216496676671445,0.11911313887032488,0.06331807131274675,0.15261585404599157,0.1383797888558917,0.05711046855443754,0.058648046812224776
895,SNPS/2012/page_62.pdf-1,SNPS/2012,1,1,0.9503010945980255,0.8705139107309361,0.9914812741942174,0.9897814828552434,0.9916904809341555,0.9807531156709562,0.8308958558438868,0.991466752134532,0.9811116436637553
896,HWM/2017/page_75.pdf-2,HWM/2017,2,0,0.07672370664596073,0.05798960875411687,0.03408290096643128,0.03933926848774514,0.029289218195736884,0.018095878918949912,0.06219123135770117,0.030417657452749346,0.02234271124795283
897,ETFC/2015/page_27.pdf-2,ETFC/2015,3,0,0.9414236407034978,0.9676729526791557,0.9621931108630525,0.9771761109454319,0.9862784763138628,0.9331666589105047,0.9725857204203691,0.9441994404299889,0.9773762375840573
898,HUM/2018/page_129.pdf-4,HUM/2018,0,1,0.9476247260532519,0.9367891575275671,0.4366276757143981,0.35892949947165964,0.42018062873651246,0.34450894441214175,0.9199050229023625,0.7340283173736523,0.6700014667145937
899,PNC/2014/page_205.pdf-2,PNC/2014,0,1,0.9470899016022587,0.9629152588660419,0.9175110872886583,0.9126742821511978,0.9579461344847783,0.9443224149201367,0.9705078691524907,0.9188192796361644,0.9535568747334525
900,CB/2010/page_113.pdf-4,CB/2010,3,1,0.9896049917418045,0.9925277143748537,0.9513676782352534,0.9674544256537744,0.9296092860951988,0.9882299453999159,0.9893922002745922,0.9848361373174402,0.9891338078059054
901,ETR/2017/page_401.pdf-2,ETR/2017,4,1,0.9341019705300968,0.8985013381233682,0.9908525714767314,0.9799053058078173,0.9929654034297094,0.9857048628966213,0.9509914069554877,0.9840194013082246,0.9857492356148996
902,ETR/2008/page_401.pdf-2,ETR/2008,0,0,0.9159885874723904,0.9519602503568232,0.9982278415474505,0.9979493151262533,0.9950793959982989,0.9988309798940004,0.9010033435101021,0.9961963339818186,0.9972583985122236
903,EMR/2017/page_53.pdf-1,EMR/2017,2,1,0.9632279966016439,0.9260372753236097,0.9689483415642965,0.9662079127587928,0.9285161682726752,0.9754740851555949,0.950660327498198,0.9796407492228313,0.9711808679088415
904,C/2016/page_120.pdf-3,C/2016,4,1,0.9145401945369664,0.8974145288757769,0.9941590119664188,0.9897342127210457,0.9945958774835453,0.9969428346053036,0.9325490763329959,0.9872054842417058,0.9890521905030344
905,LMT/2017/page_26.pdf-3,LMT/2017,0,1,0.8909696706906246,0.9045042994129261,0.8877286532444227,0.8784149052418095,0.9616065309328033,0.8953123800711952,0.9502769253742804,0.8978741121529342,0.9022361326125812
906,MKTX/2014/page_39.pdf-2,MKTX/2014,0,1,0.638081053725688,0.6932641870952324,0.9722237874008443,0.9813291079372398,0.9692603561370361,0.9849139787413216,0.6496471497618226,0.9676683175114088,0.9806929407541448
907,GPN/2008/page_39.pdf-3,GPN/2008,2,1,0.4287251848718549,0.418466761808547,0.1288508276537192,0.14042388890499954,0.1039258368565646,0.35613365823132764,0.5022409512892638,0.1687205719368453,0.19384405745287625
908,ETR/2017/page_352.pdf-2,ETR/2017,4,1,0.6507363297018556,0.7528195677790441,0.9325580498908268,0.9551817580338572,0.96982479602672,0.979146081525425,0.6356386594829343,0.9582362569164776,0.94629894958853
909,AAL/2015/page_15.pdf-2,AAL/2015,3,1,0.9695242005955779,0.9637332680554247,0.9946090497686465,0.9964501138315501,0.99661518484806,0.9965040229057444,0.9862906621421601,0.9978165607106774,0.9960735175443668
910,MA/2008/page_113.pdf-3,MA/2008,4,1,0.720532867622559,0.6815463003297524,0.9782410842378723,0.9876301601663761,0.9880541249686737,0.9949199289126558,0.69922817556198,0.9772341348718845,0.9802116781107332
911,SNA/2013/page_56.pdf-2,SNA/2013,2,1,0.9755812257336045,0.9422163494137201,0.9754736646615855,0.9648677740775158,0.9426514536888159,0.9703522898649181,0.9499294660534372,0.9673900201598381,0.9325745382823307
912,HIG/2004/page_192.pdf-2,HIG/2004,0,1,0.9873191008575768,0.9820327396890435,0.9920018549117611,0.993053238780064,0.9935955146685679,0.9899370441283349,0.987459150206862,0.9918501694709101,0.9938287382585845
913,EW/2014/page_90.pdf-1,EW/2014,3,0,0.39382493454600787,0.26627948672170226,0.2956409936053393,0.39894528893943176,0.2540088032890345,0.093392424883564,0.32744623732140105,0.1793968489311946,0.20684298076555988
914,HIG/2012/page_132.pdf-1,HIG/2012,3,0,0.9682307703339722,0.9570115918416803,0.9537995383270385,0.9623222565864913,0.9498921166721038,0.8376366022985557,0.9695161823232386,0.9490688403075528,0.9343169548013088
915,AWK/2018/page_172.pdf-4,AWK/2018,1,1,0.840875344462359,0.924156773406827,0.9918376094201353,0.992724587081711,0.9746190727170536,0.9958791103959581,0.7562800289024415,0.9931178971760225,0.9924325506897052
916,ETR/2008/page_267.pdf-1,ETR/2008,0,0,0.51642513930936,0.8415734686111019,0.9898096267019802,0.9957377688873392,0.9952409617114575,0.9972706871529097,0.856640280163632,0.9924288086121933,0.9959276058199895
917,HOLX/2011/page_122.pdf-1,HOLX/2011,2,1,0.9788263791955573,0.9873595026295092,0.9909113617479752,0.9934817088456127,0.9927971469069615,0.9980756159823998,0.9941942822961837,0.9956057458788652,0.9947028702301202
918,CME/2010/page_71.pdf-1,CME/2010,4,1,0.7463360380512528,0.7710835624773007,0.8775287749239787,0.9159870058329518,0.8777818068070107,0.8835502389369526,0.7966865979822674,0.9220112504758764,0.9376850825718774
919,PPG/2018/page_32.pdf-2,PPG/2018,0,0,0.6719100067161486,0.7050780495633054,0.19785125031264408,0.1294788165361406,0.4789023116197408,0.28101507558928107,0.4407255834019372,0.27194907361827714,0.17120353490824486
920,VTR/2006/page_88.pdf-3,VTR/2006,0,1,0.8744508306665542,0.9417417572403841,0.8806240550204923,0.8872037910823941,0.9368662024782755,0.9279351419329904,0.90015610967996,0.8852634888836308,0.9477893131416536
921,AWK/2013/page_123.pdf-4,AWK/2013,4,0,0.9556504671197168,0.8991916868935365,0.9167186710617383,0.910501822063998,0.968797091777026,0.8610147960776122,0.9633586347895323,0.9168156298551642,0.9503021768442729
922,RL/2013/page_13.pdf-1,RL/2013,3,1,0.917241708793149,0.9348518049006803,0.9149399178863766,0.9277572751907119,0.8960103500998824,0.9460472779904183,0.9609482889541786,0.9051041918690392,0.9603338181187407
923,HWM/2018/page_67.pdf-1,HWM/2018,1,0,0.2094849200606342,0.18650600836807288,0.053786962641137456,0.04905474535882012,0.031981396826550455,0.01614887627758449,0.17906080269564684,0.03713367399139213,0.04503022344297508
924,GIS/2015/page_38.pdf-1,GIS/2015,3,0,0.2084106381763853,0.2701825161670449,0.8790975009567367,0.7967013511664802,0.9503401034953994,0.47175291908421896,0.1215633685366418,0.8434847795689676,0.7111020503196709
925,JPM/2014/page_127.pdf-5,JPM/2014,2,1,0.9226587603646245,0.9366352532542652,0.9976957000903401,0.9978621108003292,0.9938567915354146,0.9995271188890241,0.9503660981274485,0.9988372083892233,0.9987607942746218
926,REGN/2010/page_72.pdf-2,REGN/2010,1,1,0.895199218930836,0.8700760511453542,0.9646517255704813,0.9543751507663467,0.957082544758498,0.9773024757571139,0.9418151666377259,0.9788075260647005,0.9695291597427689
927,UPS/2010/page_33.pdf-3,UPS/2010,3,1,0.6756188020961482,0.6666903221229966,0.2236170404541959,0.3603456085419114,0.42954098866209006,0.3648332596539494,0.860347403633187,0.30188496837643736,0.4024490695851343
928,KMI/2010/page_2.pdf-1,KMI/2010,4,1,0.8538003816564016,0.8994536749873674,0.9577810464067548,0.9612140942949173,0.9863858728792154,0.9881363266734042,0.8262955030835725,0.9575764297471047,0.9670315217001814
929,HIG/2013/page_124.pdf-1,HIG/2013,4,1,0.9778657348179622,0.9772727211755908,0.9947681728787706,0.9939276821800374,0.9925789852871223,0.9969847557331014,0.9815725529448943,0.9930606366135158,0.9948271013099204
930,HWM/2018/page_41.pdf-1,HWM/2018,1,1,0.9127918864723591,0.8911732302454564,0.8667538683046274,0.8698064903435113,0.934261403512778,0.9734254251426013,0.8623653656863245,0.8886662145298421,0.8370323252211176
931,BLL/2007/page_78.pdf-2,BLL/2007,2,0,0.8945876166981624,0.8155063722089286,0.8327424128614411,0.8355666234174939,0.927022389400422,0.6661093718404291,0.902876671715,0.9160886142236688,0.9290131443099201
932,MAS/2012/page_86.pdf-4,MAS/2012,1,0,0.11521042165863635,0.1303892689828082,0.06675753682334405,0.06299940537610135,0.03040853203810847,0.020035370897877415,0.0906576823451658,0.04346251520263446,0.02499265050572539
933,IPG/2018/page_26.pdf-3,IPG/2018,2,1,0.7151720599997625,0.6744751335039165,0.9476284668431245,0.962767254259469,0.9678165653776338,0.9729327681895964,0.8425489857237235,0.9810912901848264,0.9780407093657885
934,AAP/2013/page_32.pdf-1,AAP/2013,2,1,0.9814387276444988,0.9855878790529029,0.9397801800785206,0.9282578938009254,0.949206620212847,0.9364200372847081,0.9888508368827653,0.9100843249171461,0.9419239069740866
935,IPG/2017/page_26.pdf-3,IPG/2017,1,1,0.9910870648781813,0.9914754901657267,0.9979731282972203,0.99782992013259,0.9968686137823995,0.998311219383505,0.9911659540805295,0.9979532718526891,0.9981196094847224
936,DRE/2009/page_60.pdf-2,DRE/2009,0,1,0.9950113885317389,0.9894204364152608,0.9925019260400381,0.9908215949666221,0.9902261733633879,0.9955672165221693,0.9929771407635601,0.997216230335175,0.994059657644489
937,LMT/2016/page_105.pdf-3,LMT/2016,1,0,0.14355807079187355,0.17511969845822056,0.01304816353113037,0.015941819021145803,0.013997159336722796,0.013457313845748237,0.09906718627442847,0.008866625718969776,0.011726279415601368
938,HIG/2016/page_250.pdf-2,HIG/2016,3,1,0.4828269101169264,0.4275284708486039,0.9833782747140802,0.9905107007191071,0.9965868070037717,0.9902087680572657,0.5731174805966758,0.988512443289909,0.9886602696708056
939,LMT/2013/page_47.pdf-2,LMT/2013,2,0,0.6766879453700223,0.504195989271622,0.4659051014427562,0.28884819602829687,0.34004569603535884,0.42175368507870087,0.5568149489056038,0.2030599273449583,0.18528130226508546
940,TFX/2017/page_48.pdf-2,TFX/2017,4,0,0.3393782999210614,0.28676643616542635,0.15051371715413062,0.11062997797798348,0.07873479210132757,0.04733214306632043,0.4112617983168417,0.05345344929223089,0.09686275540819635
941,AAP/2012/page_61.pdf-2,AAP/2012,0,1,0.967081194767658,0.9747417479174384,0.7554302556320015,0.7207877158368455,0.7451513392364931,0.9100456747542411,0.9734184587966591,0.9179707282163088,0.8211446626606176
942,ETR/2013/page_136.pdf-3,ETR/2013,1,1,0.9650948806058524,0.9336095282119995,0.9713043353558998,0.9720206473122566,0.9575149574633305,0.9595693101804526,0.9671433936028558,0.9656133199511536,0.9603587532587023
943,IP/2014/page_66.pdf-2,IP/2014,4,1,0.9386805674555573,0.9641809514430218,0.9667421624536559,0.9733038922571047,0.9781963675734926,0.9635587716153848,0.9608017726172372,0.9825067784129202,0.9783693432215944
944,AMAT/2015/page_31.pdf-3,AMAT/2015,3,1,0.9625956625883505,0.964650909117981,0.9781443986699712,0.9665250876810385,0.9553634605543719,0.9609017117423516,0.9734085518123026,0.9538339406986506,0.9794631360977308
945,C/2009/page_255.pdf-4,C/2009,2,1,0.9865342198268113,0.9884111417094261,0.9931259627660716,0.9939259063619448,0.9861088377620065,0.98785534012406,0.9925982248605197,0.9892036321347852,0.9869048891376128
946,UNP/2016/page_24.pdf-1,UNP/2016,3,1,0.8268954806516562,0.8752982586508261,0.9308131802185234,0.9278420287851696,0.9601731040178255,0.9568424866999368,0.930938542417005,0.8855699222257314,0.9112401127101842
947,AMT/2014/page_131.pdf-2,AMT/2014,4,0,0.816291950470661,0.854211285492966,0.5806659824296798,0.645528324990537,0.6722376765132027,0.2829220709115979,0.6623938979924623,0.21022809130204578,0.2283588114549107
948,IPG/2015/page_24.pdf-3,IPG/2015,4,1,0.9589034374549478,0.9722365773621993,0.8609876391785959,0.8618939469744381,0.9153867073154183,0.9587611433962604,0.9552050206161382,0.8918368605763961,0.8645562261854047
949,AAPL/2017/page_23.pdf-1,AAPL/2017,2,0,0.19040004939554547,0.3239691417635635,0.0929272327770639,0.16862839583310132,0.15603910744140112,0.08553430685808304,0.33543534552400117,0.06936803794515209,0.06340245779550122
950,DISH/2011/page_130.pdf-1,DISH/2011,3,0,0.9849490104269804,0.9809857251436916,0.9762946173356265,0.9867883004102749,0.972268194727165,0.9919857009458645,0.9926402641063974,0.9869028201273657,0.9919746026054588
951,MRO/2009/page_132.pdf-2,MRO/2009,4,1,0.7240812420484021,0.8798408662623436,0.45600594895051155,0.4195116918748348,0.4701854871293121,0.8982414665371443,0.8334151009818996,0.38786871099733894,0.4756092585619559
952,ETR/2008/page_212.pdf-2,ETR/2008,0,1,0.9447819308856232,0.9511760902485997,0.945720577127404,0.9520109144902216,0.9125570894951801,0.9608885241163002,0.9683666638992948,0.9588445220173795,0.9478194987034706
953,LMT/2002/page_33.pdf-3,LMT/2002,3,0,0.9598352138864353,0.9570088721283907,0.8859538392711053,0.8959493921540534,0.6728170599246978,0.6284268388669986,0.9513358200318472,0.7747697635868845,0.7078391423860818
954,GPN/2017/page_72.pdf-1,GPN/2017,0,1,0.9847714196803047,0.9881305790440849,0.9724669390607648,0.9665900816098266,0.954605947108527,0.967442915986986,0.9835378931923121,0.9603900682692029,0.9401787035107607
955,RL/2018/page_9.pdf-1,RL/2018,1,1,0.9348083935935176,0.905237089684784,0.8819931357532744,0.8829179096380819,0.9171420639094694,0.8965354516445633,0.9251469805484455,0.8722783457026275,0.9184477769054123
956,AWK/2017/page_172.pdf-3,AWK/2017,4,1,0.8523687084211261,0.8926022545102514,0.9612605849816069,0.9625110060432905,0.9363686064233474,0.9859572522828386,0.8992212699432837,0.9359943658323631,0.9640887927639996
957,ETR/2016/page_24.pdf-3,ETR/2016,1,0,0.9771410374099434,0.9613820733900329,0.9062068743504339,0.9520861210571184,0.9129267834593164,0.9154434115787189,0.852833793683167,0.8713321423953507,0.9022245937611536
958,AWK/2014/page_122.pdf-2,AWK/2014,4,1,0.7918988865139823,0.7266614496871908,0.9196834589383367,0.9782740651703923,0.9824039697328907,0.9564581943135658,0.9688392049526269,0.9840475980402105,0.982647963794697
959,AON/2011/page_91.pdf-1,AON/2011,3,1,0.986733314221537,0.9902192630120408,0.9916539882103137,0.9946843708386551,0.9931959879834509,0.994645216404195,0.990727141130817,0.9960445970785055,0.9957283846793423
960,ETR/2016/page_144.pdf-2,ETR/2016,1,1,0.9767206171172921,0.9691465370017892,0.9083729813923441,0.8149603097792597,0.9064842709049982,0.7161988220764776,0.9302880461106666,0.7797654433737922,0.7803037524261959
961,ADBE/2012/page_87.pdf-4,ADBE/2012,1,1,0.9199871129914697,0.8887082841131518,0.9757280791471314,0.9455171843258742,0.9208469436253012,0.9388333584957465,0.9293509342307847,0.9882846339749114,0.9829023297005298
962,APTV/2018/page_34.pdf-1,APTV/2018,1,1,0.8336221641506734,0.8535261805859417,0.9836039967501528,0.9692221656644332,0.9793957749017146,0.935350647974551,0.917308080229871,0.9815301223482723,0.9832731401151791
963,AAP/2012/page_61.pdf-1,AAP/2012,0,1,0.9649976838858988,0.9686877630420956,0.8659556967138844,0.8510601611818966,0.8346607291401849,0.9325877010499054,0.9721077677645302,0.930409584767333,0.8860173397589906
964,MRO/2009/page_107.pdf-2,MRO/2009,4,1,0.8894635374207103,0.8204052896486769,0.6471938452897896,0.6062889792510932,0.7984261724730657,0.7654488970350442,0.9489740383125305,0.9175912677731263,0.9015563551739284
965,ETR/2004/page_125.pdf-2,ETR/2004,1,1,0.9971904044163569,0.997429929194065,0.9985675223531842,0.99908324723904,0.9974280889192234,0.9991698783339238,0.9964976307201928,0.9989050724148945,0.9992234780916314
966,STT/2008/page_73.pdf-2,STT/2008,0,1,0.8014274418771533,0.7687226849367338,0.8870604746922146,0.8827254307016715,0.861164798527368,0.837834956147309,0.7838107498254329,0.7652128440286237,0.8399293063183371
967,GS/2014/page_167.pdf-3,GS/2014,3,1,0.854724509127985,0.8338132389490063,0.8486240911184428,0.8371342972787365,0.8122665329099337,0.917924345083693,0.8270412587431354,0.849274393257558,0.8681048432362277
968,AAL/2014/page_89.pdf-4,AAL/2014,1,1,0.9309718345403959,0.9662222028338899,0.8918735365505611,0.9261915166112741,0.9352558943811156,0.9206599302749505,0.9715140920029134,0.9565001515377873,0.9402336524889361
969,GPN/2007/page_39.pdf-2,GPN/2007,0,1,0.8742606521462679,0.8255750398378415,0.9709453533277986,0.9671309284096526,0.9751811641283447,0.987856516814468,0.8108258683420857,0.9546705299466147,0.9382741712892233
970,STT/2009/page_109.pdf-3,STT/2009,2,1,0.7891551165082914,0.8935148962502736,0.8806842088751637,0.9359157201914586,0.87073580691133,0.9074950222858713,0.8469027324867616,0.7699734739939631,0.8243054053057713
971,IP/2015/page_51.pdf-2,IP/2015,1,1,0.947272382744494,0.9642768080354185,0.9836461148316681,0.985732382581602,0.9877979263198962,0.9854318423883149,0.951529254257278,0.9663099614631406,0.9856561281725946
972,UNP/2009/page_38.pdf-1,UNP/2009,2,1,0.812047693836782,0.8359609079588408,0.40626383301539326,0.42136440747574755,0.309013646513798,0.72763755857418,0.7907444489590748,0.27837109135684174,0.3320160127056065
973,C/2009/page_279.pdf-3,C/2009,2,1,0.9065351211790559,0.8523679546399098,0.7519218895170913,0.6616096133624542,0.8705985039431254,0.9383055789852242,0.8997183577255596,0.8656898227855243,0.8621683610165163
974,STT/2017/page_63.pdf-2,STT/2017,4,1,0.9262322589252471,0.9243525996818863,0.9834005648000914,0.9428189424044713,0.979073545218158,0.9305066641548019,0.9503326914920699,0.9839836956373929,0.9644233046677604
975,ETR/2017/page_379.pdf-3,ETR/2017,4,1,0.4452708904254204,0.48504561574463284,0.9171489948711634,0.8924781740385244,0.9673448347907957,0.9135061908616718,0.4926062328961099,0.724147340298855,0.7436184842861965
976,IP/2016/page_52.pdf-1,IP/2016,3,1,0.9893570395646089,0.9814421757176669,0.9340098835050296,0.9231992586721013,0.8615537837502855,0.9222977529098616,0.9893009874324433,0.9388720397515669,0.9219507396651376
977,ADBE/2012/page_87.pdf-3,ADBE/2012,1,0,0.24110868768616928,0.2637944874222674,0.2867259492899516,0.33310825264145544,0.4390040085938074,0.49649996685511893,0.2739378107526525,0.6293679230166134,0.6235425969270662
978,IP/2012/page_56.pdf-2,IP/2012,3,1,0.9862502248308104,0.980052596332691,0.9703294320452313,0.9726275658479612,0.9448234545231122,0.97193130666381,0.9840417082631951,0.9536720658887663,0.968302736526053
979,ETR/2008/page_401.pdf-1,ETR/2008,0,1,0.8036231576169618,0.8755207031670672,0.9824634545633032,0.9867366419288096,0.9881181443234635,0.994838505610626,0.8496898555289103,0.9611354993764246,0.9720598554717236
980,GPN/2009/page_69.pdf-3,GPN/2009,1,1,0.9298518845430304,0.9053792177794879,0.9206443638930905,0.9583820558070173,0.9338686172446287,0.9590341245137458,0.9049549619443366,0.9616036099613472,0.9452681787979427
981,JKHY/2018/page_16.pdf-3,JKHY/2018,4,1,0.8578485696213959,0.8643743482088571,0.45232814764408746,0.5267451059606847,0.7153119084172982,0.8749356383734203,0.9197041336924178,0.4534145808746265,0.6883664201653529
982,IP/2013/page_101.pdf-1,IP/2013,3,1,0.9724826811648483,0.9899193560033208,0.9629835381653326,0.9835478950614124,0.961413402906862,0.9853752928782269,0.9864966947669237,0.9925183652472289,0.9906915200900778
983,PPG/2018/page_60.pdf-2,PPG/2018,0,1,0.9193947105241204,0.8824139445305068,0.8197765351453653,0.8984987638447208,0.8716464213476942,0.8483985338686286,0.8649824499093621,0.8590100804115364,0.8906753554523615
984,AMT/2016/page_57.pdf-2,AMT/2016,0,0,0.9800769985559155,0.9879326115968975,0.9684657878459398,0.9803007245200127,0.9782561281924401,0.9841153860286097,0.9767219802301284,0.9613697216179541,0.9768188749369724
985,C/2008/page_193.pdf-2,C/2008,3,1,0.924253891563426,0.9035142763242797,0.9686903750108281,0.9516506120158164,0.9320638500942509,0.8743445802746554,0.9553523272193624,0.9747335023617978,0.9732431681821545
986,GS/2018/page_134.pdf-3,GS/2018,2,1,0.9016832264395789,0.843223526668841,0.7706837051624458,0.8243314427543689,0.7899317951262508,0.795943159507635,0.9013165057465247,0.908015559676875,0.855876466646349
987,HWM/2015/page_89.pdf-2,HWM/2015,1,1,0.4253397584948031,0.3451614613310449,0.5828642324087389,0.6828499027598915,0.8449658600436541,0.8008032846924044,0.26981569773618125,0.7241266166550492,0.7037600101657604
988,ETR/2017/page_373.pdf-2,ETR/2017,4,0,0.7495825715235598,0.7990063267209694,0.8963345568933908,0.9230939976463401,0.9119526445600628,0.9233977352662196,0.7651851090160422,0.9042389855310288,0.9452777516960164
989,ETR/2008/page_33.pdf-2,ETR/2008,0,1,0.9018782523935361,0.8624943293065664,0.9402493846929781,0.8948756790076723,0.9514776868073254,0.9503953684258636,0.9109575019961507,0.9386634192984742,0.9533289867368159
990,STT/2017/page_100.pdf-1,STT/2017,4,1,0.7604065977167963,0.7887040528053988,0.996266721827915,0.9930340258601071,0.9824483277889572,0.9939930873501441,0.8466317862728521,0.9971638421930648,0.99613663310969
991,SNPS/2009/page_59.pdf-1,SNPS/2009,1,1,0.8098136302978882,0.8328982726008094,0.8949069947650142,0.8794428657981711,0.823716586900867,0.6385955324650534,0.7365224359963062,0.8171592700221236,0.7923455201679191
992,APTV/2014/page_46.pdf-2,APTV/2014,2,1,0.9871844349056575,0.9910322835010353,0.9870859918035311,0.980026180864694,0.985412519231362,0.9954135116030836,0.9906245336834183,0.9900066877108582,0.9867966630004356
993,DISH/2015/page_142.pdf-1,DISH/2015,2,1,0.9503029671055071,0.9478344492673672,0.8933425915096266,0.9530852437605528,0.9642328631512209,0.9477232651799948,0.9247665943351726,0.8937687361755011,0.933932130615573
994,GS/2012/page_186.pdf-3,GS/2012,4,0,0.8095991523886413,0.8801823654634854,0.8575927093542054,0.792722731600663,0.9002325422599811,0.5079177030925994,0.6242975657241878,0.6230397953421728,0.7481318245622537
995,UPS/2013/page_34.pdf-1,UPS/2013,4,0,0.12910404324095298,0.1509046625048638,0.052904676216000854,0.04694523636081229,0.02383370898618835,0.04005999859979719,0.11757912348506898,0.03530493644079619,0.029841307295281946
996,ETR/2009/page_21.pdf-3,ETR/2009,2,1,0.8678490247477602,0.7450674995372161,0.85719581614633,0.7443532593661758,0.896577843562791,0.8915553294253891,0.8259849892679079,0.9376981983632372,0.931624447257494
997,ETR/2017/page_379.pdf-1,ETR/2017,4,1,0.711309918745736,0.8161284989009842,0.9595423249598919,0.9364525044106157,0.945778549483049,0.9586803382064324,0.8428644493758108,0.9462138158206945,0.9455793102503423
998,UNP/2017/page_50.pdf-2,UNP/2017,1,0,0.9693069387867339,0.9665268932493236,0.9653128280663865,0.968991018159082,0.9701636982066262,0.967314779495763,0.9714543809052877,0.964828229679657,0.9645702578400107
999,RCL/2005/page_40.pdf-2,RCL/2005,3,1,0.9803918413123727,0.9758495969351039,0.9706779207677799,0.9703972685734898,0.9783179534396244,0.9911895534674261,0.9378777693212011,0.9488027923448451,0.9609280961209643
1000,RE/2006/page_31.pdf-1,RE/2006,3,1,0.9207763383866233,0.9368988732165636,0.982154001166301,0.9866564588582577,0.9905083486036789,0.9840849568656272,0.9606969718298021,0.9901191119177934,0.9908489280407419
1001,C/2009/page_48.pdf-2,C/2009,2,1,0.9562327764787742,0.964500131445529,0.979871537049573,0.9942000768413426,0.9984749613402103,0.9932328183740785,0.9800496067271828,0.9894945947258643,0.9918566974988428
1002,BLL/2011/page_29.pdf-3,BLL/2011,0,0,0.20046209348151023,0.25072581629619956,0.06906673223427806,0.052139480011171205,0.11571821797069579,0.09710824188325995,0.25053319186065937,0.06457336836750642,0.11383392533352354
1003,EMR/2017/page_66.pdf-1,EMR/2017,2,1,0.8733244936097754,0.9583370955183074,0.7471403278795654,0.8429982991733695,0.9280092648371558,0.6794663516468473,0.9187922152084634,0.8683974684793012,0.9217367296731487
1004,MRO/2008/page_146.pdf-4,MRO/2008,2,1,0.9024994903043884,0.8452990589499002,0.9604233892497929,0.9824114756868049,0.9808470827153272,0.9216923697382955,0.8627075767734865,0.98670667640624,0.9847048226128926
1005,JPM/2008/page_177.pdf-3,JPM/2008,4,1,0.9958015279649236,0.9966343767311936,0.9989399626119156,0.9988789015476475,0.998777654475884,0.9992410084603287,0.9902034840682148,0.998964474639616,0.9989969737492393
1006,GIS/2017/page_46.pdf-1,GIS/2017,2,1,0.300529592613693,0.3285520987128912,0.22930114461952153,0.33059947606168877,0.8581966866002824,0.7484435688640771,0.3124179860533217,0.30267787998226336,0.34775567997706824
1007,AMT/2012/page_56.pdf-2,AMT/2012,2,1,0.9637886454077129,0.9473010431193144,0.9920829517523011,0.9908289193122253,0.9957984418015547,0.9974739187384918,0.9725948270634917,0.9966240254702072,0.9907871210712106
1008,UPS/2013/page_56.pdf-2,UPS/2013,4,1,0.9711812668882166,0.9734875225358233,0.9228205587480766,0.9432731993753142,0.9337767969440678,0.9277275167824387,0.9637754655355318,0.9401058338767357,0.9471666267658864
1009,UPS/2015/page_108.pdf-4,UPS/2015,0,0,0.30429178185305605,0.20996750853307466,0.20618996447842658,0.2593221334436138,0.1682481243730096,0.20732377828000623,0.2356869168045131,0.22630464873468584,0.18441540326268843
1010,AAPL/2011/page_38.pdf-1,AAPL/2011,2,1,0.82670099121583,0.8164292852078003,0.7627165401939602,0.5732119918720286,0.5186401840343386,0.755731241226973,0.68230279113249,0.39604124820933734,0.445553575091878
1011,ADBE/2012/page_113.pdf-1,ADBE/2012,1,1,0.9604235503984588,0.9553588536151788,0.7118010902457752,0.754733254146592,0.7433821960788166,0.859357346034615,0.8634892148580614,0.6310416997909626,0.6995248776012989
1012,BDX/2009/page_81.pdf-2,BDX/2009,1,0,0.742197155027109,0.8102702722883198,0.6698597182515685,0.7077701763409294,0.700726213104822,0.6606695361902837,0.7549693290167141,0.5229179209694703,0.6720689672846162
1013,BLL/2010/page_58.pdf-2,BLL/2010,1,1,0.9244925589778862,0.9344974567349754,0.7405337860890726,0.7362243401767997,0.7516082111154141,0.8395096518761086,0.9163984651501774,0.84423439679488,0.8097369935754671
1014,AAPL/2014/page_78.pdf-3,AAPL/2014,2,1,0.7818320121438136,0.5504931110521758,0.39969073074716804,0.45114514411292844,0.345396445611852,0.4608262806960562,0.6925328993965635,0.5272223232554358,0.6223887630679598
1015,UNP/2012/page_47.pdf-1,UNP/2012,4,1,0.9393332267846657,0.9597756893098778,0.866659977805337,0.868988255117793,0.9766368139085382,0.9692524409080562,0.9193012923513678,0.8564527805808444,0.7739724142095306
1016,ECL/2017/page_96.pdf-2,ECL/2017,4,1,0.22997882183833068,0.1264205662531697,0.916464423389709,0.927732969723816,0.9299046109336815,0.9838971633126917,0.21328412629550594,0.9444913336574075,0.9370008754744876
1017,MAR/2010/page_55.pdf-1,MAR/2010,4,1,0.883915966168187,0.9357497983197032,0.9573151619396728,0.9509035508335623,0.8537003883724136,0.9768878903168166,0.8408371378895385,0.9117582547034562,0.9204640208871856
1018,IP/2013/page_62.pdf-2,IP/2013,3,1,0.9845168613724725,0.9871538402954599,0.9623667484192329,0.9610027337568255,0.9405751263913538,0.9805243641212774,0.9876018350360355,0.9493943887108336,0.93563748766382
1019,IPG/2018/page_100.pdf-1,IPG/2018,2,1,0.8655318743477378,0.8734632042162295,0.8377969744012747,0.838366240146012,0.716935463946101,0.7208464927220778,0.9556173891540388,0.9458949569750488,0.9450367337552789
1020,MA/2008/page_125.pdf-1,MA/2008,4,0,0.902234342680249,0.9406271662218932,0.9208061093183562,0.9132218354315108,0.9714820177225582,0.8986398584712421,0.8111597521647074,0.7279541989698022,0.8558626325558257
1021,BLK/2012/page_31.pdf-1,BLK/2012,2,1,0.9597568975241068,0.9303874614066943,0.9843919533341515,0.9777701963544654,0.993517938898804,0.9614756962987284,0.9262766532044096,0.9818122746867463,0.9840372849253876
1022,AAPL/2002/page_63.pdf-1,AAPL/2002,2,0,0.7831211978982571,0.8359343024137987,0.21521204122179932,0.22398597648874022,0.19230580094554373,0.3396201354850106,0.8503503261993358,0.06256318568760821,0.10431357718782065
1023,AAPL/2015/page_24.pdf-2,AAPL/2015,3,1,0.9641859309654525,0.9405520278349413,0.9215739109103824,0.9200861094795559,0.9764567466996346,0.9518986460326048,0.9296602993701045,0.936784867153049,0.9014482394748979
1024,REGN/2010/page_72.pdf-1,REGN/2010,1,1,0.885777107232733,0.8447059802591596,0.9789896102346309,0.9731887192293451,0.9768634354848097,0.9853923584766807,0.9228733281801984,0.9882785785223049,0.9805511658376823
1025,EOG/2017/page_93.pdf-1,EOG/2017,1,1,0.8867099169374533,0.7556703466727096,0.8902631591948054,0.9402427240090783,0.8548704183483099,0.46179018395754445,0.8875846288856937,0.9119881097885972,0.9128185156164844
1026,AWK/2018/page_150.pdf-1,AWK/2018,1,1,0.7204046879301503,0.6666781138209538,0.9450266744940029,0.914407699258967,0.9473435841283858,0.9767433083728633,0.8834136988118323,0.9050322300673309,0.9312267816045181
1027,MA/2009/page_120.pdf-2,MA/2009,4,1,0.9779076328751966,0.9751562107312933,0.9813351542289532,0.9660366285346068,0.9464652253357926,0.9802912578973045,0.9679812951874031,0.9758798643826284,0.9436564404521617
1028,VTR/2007/page_48.pdf-3,VTR/2007,4,1,0.8409285857096603,0.9469490781775568,0.9056864548385296,0.9339912052650758,0.9738001849555629,0.9903178898959956,0.806865628587892,0.9240444408594818,0.9437271707274544
1029,ECL/2015/page_70.pdf-3,ECL/2015,3,0,0.2112399797141079,0.14431036000647393,0.9866877075145518,0.9768426882491457,0.9793494522082135,0.9753690377601323,0.15650238143065362,0.9906352216941496,0.9869576612140485
1030,ORLY/2017/page_30.pdf-3,ORLY/2017,2,1,0.9973344340129437,0.9958583391073939,0.9901826242081118,0.9922407107023588,0.9974328183619161,0.998596241544379,0.9976591638777088,0.9929032036303581,0.9941565342034665
1031,MO/2016/page_76.pdf-1,MO/2016,4,1,0.8128967465282305,0.8761883075171566,0.8962655131806905,0.8665447345836786,0.9469150102715584,0.903567053056276,0.8091386107209413,0.8659859645894863,0.8523625799466675
1032,ETR/2016/page_144.pdf-4,ETR/2016,1,1,0.985846857191767,0.9869784907577023,0.9981435633099572,0.9967898756044853,0.9986757789450456,0.9976054681297093,0.9669259426997511,0.9984697133408489,0.9979589762418383
1033,K/2012/page_80.pdf-2,K/2012,3,1,0.5198863871045349,0.5933195787472104,0.5321420329142061,0.5021826864113724,0.593761153220386,0.25770944566803305,0.7129955055455938,0.5204384214304417,0.4741844747701333
1034,GPN/2015/page_83.pdf-3,GPN/2015,4,1,0.7670314627703066,0.7866111505447206,0.9887428165748042,0.9841396294086214,0.985164197749747,0.994186725893998,0.7993681988971479,0.9812893502611594,0.9898909016671318
1035,PNC/2011/page_209.pdf-5,PNC/2011,4,0,0.8487110091717367,0.7429395968954007,0.3814418572868951,0.324577413906959,0.5415958650217141,0.17031115692752993,0.5312222378538513,0.24153606081750167,0.29968307702743
1036,ADBE/2013/page_84.pdf-1,ADBE/2013,2,1,0.9375460275211867,0.9364829564834534,0.9071698840253642,0.9001868264965401,0.8371367154817662,0.9039287395448243,0.9188984551120972,0.9265722192274697,0.8888866375847234
1037,UAA/2016/page_81.pdf-2,UAA/2016,0,1,0.9902754635818303,0.9904799454913921,0.9547046060021943,0.9325026272454172,0.9458350966486646,0.9297766345388753,0.9604357691713579,0.969405992937617,0.9526757214497868
1038,CDNS/2016/page_32.pdf-2,CDNS/2016,4,1,0.8015381658463316,0.861591147272329,0.9664607530888824,0.9712564045785627,0.9506909172748558,0.9821104292261484,0.5998539421759075,0.9355195356955713,0.9540269948726293
1039,MRO/2008/page_42.pdf-1,MRO/2008,2,1,0.9133132661563323,0.8338148389158857,0.6805113867690769,0.618264376751005,0.6847923084451009,0.8541297767741409,0.8903098989175227,0.7469960051184894,0.7630924409752943
1040,GS/2012/page_64.pdf-2,GS/2012,4,1,0.9967289245241805,0.9978149364956296,0.9988537334888036,0.9986674576615702,0.9951040501905881,0.9946507375749412,0.9952640507016142,0.9956111967483153,0.9963906282290941
1041,AAL/2014/page_80.pdf-2,AAL/2014,1,1,0.8741546521525421,0.9277888166323708,0.8232599214032477,0.8503963940532636,0.933740741380519,0.8888417325137283,0.9817201380410026,0.9448295092997381,0.9135996690292418
1042,AAPL/2015/page_56.pdf-2,AAPL/2015,3,0,0.3133838982692024,0.46628313269879734,0.08770032961331274,0.09714406733222762,0.09675727946510566,0.0823880679137787,0.22340073871786298,0.029421112804280326,0.03407607683478854
1043,JPM/2015/page_83.pdf-2,JPM/2015,3,1,0.9449703856140729,0.9577917625965134,0.9246841240958943,0.9395410752414307,0.9637031445951386,0.9453541173566158,0.9659627298422142,0.9320520525451769,0.9509707111694257
1044,RL/2015/page_11.pdf-2,RL/2015,3,1,0.9198309298365587,0.9359163829646582,0.9414050228999157,0.9373417226778072,0.9595736327291116,0.961749313682651,0.9631083486116095,0.9478069254678759,0.9635454564057574
1045,GPN/2010/page_92.pdf-3,GPN/2010,1,1,0.9296544156062441,0.8332515183363731,0.9875048138844468,0.9661414376109735,0.9709028654164092,0.9658831704760116,0.825443812194723,0.983446353609423,0.9758720191410006
1046,JPM/2016/page_141.pdf-3,JPM/2016,1,1,0.8960169943466695,0.9019944815123,0.9726982609755586,0.9709741067538028,0.9755238027161331,0.986823748553399,0.873600374947042,0.9663192373286007,0.9694149183803474
1047,STT/2011/page_85.pdf-1,STT/2011,4,1,0.8766982078528,0.8653199716888061,0.5721303587274358,0.6864815119552835,0.805905326888561,0.7405265991157388,0.8062445922992104,0.6865500162754521,0.7654609579042568
1048,CB/2008/page_144.pdf-1,CB/2008,4,1,0.8872649608318673,0.9160703832851759,0.9654953010128973,0.9798837298406124,0.9539113860420315,0.8780915701554178,0.774900134405873,0.9830119542783109,0.9864530594089741
1049,BLL/2007/page_75.pdf-4,BLL/2007,2,1,0.9566551095967962,0.9470903120441859,0.934635099973483,0.9390292662509117,0.8476616535709448,0.9863644551536053,0.9631540552935197,0.964935673859019,0.9421584603566803
1050,DRE/2002/page_13.pdf-1,DRE/2002,0,0,0.9629527203802284,0.9703576233618318,0.857779351129365,0.9307434313843688,0.9194684324927425,0.75569603710046,0.9538844882491652,0.40932588754725435,0.4976131030187421
1051,BKNG/2017/page_35.pdf-4,BKNG/2017,2,1,0.9807287217992123,0.9786156560232249,0.9727416762126433,0.945263231651411,0.959706582475823,0.8924081391127859,0.9740709543826952,0.954288735681873,0.9313321800288847
1052,JPM/2015/page_132.pdf-2,JPM/2015,3,1,0.9937444301860071,0.992947380019528,0.9907947074251616,0.9838487570667184,0.9599360175649542,0.9885014236278402,0.9887785979367938,0.9860735670883546,0.9894010252206612
1053,AAL/2015/page_83.pdf-3,AAL/2015,3,1,0.37096011838236187,0.5135703346155244,0.261501842009695,0.3129254247702155,0.5522514779203587,0.31300256197248777,0.3592930955606025,0.13568540347103158,0.20624633654459307
1054,UNP/2014/page_16.pdf-2,UNP/2014,2,1,0.8835101566957597,0.8945168730920879,0.7323371866878616,0.7902882772733977,0.6700398821385568,0.7126374647771143,0.9191310413332815,0.7736995329192242,0.752272574999296
1055,EW/2014/page_90.pdf-2,EW/2014,3,0,0.2777095921459621,0.1945457579701286,0.92155258161071,0.9732476821017152,0.9581304401609019,0.6154258078517728,0.365904904211732,0.9412316965244863,0.9604544437856665
1056,MA/2009/page_115.pdf-3,MA/2009,4,1,0.9041542295100958,0.8988434967686233,0.9658661237966643,0.9578958633312941,0.9556380705851307,0.9891855352521338,0.9324072163412759,0.98413015693891,0.9805428157446616
1057,AAP/2016/page_26.pdf-1,AAP/2016,1,1,0.8693741585656886,0.9134570821549564,0.967670509838901,0.9847654067686156,0.9755508958958273,0.9851917964685374,0.8701139750571236,0.9670429693323573,0.9682102006515428
1058,SLG/2010/page_50.pdf-3,SLG/2010,3,1,0.9568945811411818,0.9628188076658822,0.8929175263997668,0.8941100290647688,0.9730703735013886,0.997546785438568,0.9171855533796551,0.9219632206343163,0.917724861366235
1059,RL/2011/page_14.pdf-2,RL/2011,0,1,0.96990989716933,0.9635029004450227,0.9795672034649349,0.9755736629973674,0.9628200331491933,0.9731364940857092,0.9670673885621806,0.9810095499435263,0.9718564701823295
1060,ILMN/2008/page_77.pdf-2,ILMN/2008,4,1,0.8839896187931997,0.7988638813847295,0.8065852736397436,0.8676906993865923,0.8364531324255671,0.8446048873718606,0.6958071581969505,0.704190606000282,0.7735729745793453
1061,AMT/2006/page_107.pdf-2,AMT/2006,0,1,0.9874037176320105,0.9870885868770737,0.9906365537529742,0.9832400896243493,0.9903991612204388,0.9940491829867668,0.9772431062235576,0.9905069297076591,0.9844287734189254
1062,MAS/2012/page_92.pdf-2,MAS/2012,1,1,0.9732878451390817,0.9570947107776648,0.9708744663399544,0.9465603576838835,0.8751159502240667,0.9840276683236949,0.9770414467473257,0.9781210843280543,0.9768120114810481
1063,RL/2008/page_21.pdf-2,RL/2008,1,1,0.9425888621868173,0.967625481990496,0.9532067878847418,0.949804744026982,0.9550382211684468,0.9512484085416837,0.9229819672265739,0.9822177042745709,0.9561858691111669
1064,GS/2018/page_108.pdf-3,GS/2018,2,1,0.9859139467205297,0.9907384388852823,0.9915480646216638,0.995183518684891,0.9976314625199443,0.9981629964138126,0.9852993477298568,0.9932848538932344,0.9960013011511479
1065,UPS/2017/page_111.pdf-3,UPS/2017,3,1,0.8868306189623754,0.8835697199189151,0.9674307684494255,0.9627407832804299,0.9817660830080964,0.9869226190194919,0.9274111221733229,0.9786582688144941,0.9749436955574099
1066,ETR/2009/page_141.pdf-3,ETR/2009,2,1,0.9746886354162645,0.990157405901862,0.9886009937446467,0.9888642122033456,0.9972817215197477,0.9916255977113558,0.9787632810459639,0.9961297741043956,0.9938090134133349
1067,ETR/2016/page_18.pdf-1,ETR/2016,1,1,0.9170525297675628,0.9123111911092866,0.8559272937044807,0.8249273475706274,0.7224661763970498,0.701386275465883,0.9485431443407013,0.8605626734302713,0.9005521746067944
1068,UPS/2012/page_51.pdf-1,UPS/2012,1,1,0.984041191938909,0.9893980787294564,0.9983791002751353,0.9974938669297709,0.9880259842875327,0.9972006931173975,0.9935335495544203,0.998599263792871,0.9985610476260951
1069,HUM/2018/page_46.pdf-4,HUM/2018,0,1,0.763596725252566,0.8390708533752825,0.45496155225139345,0.6254150418066777,0.5557620020898255,0.40411079643114933,0.940865961421446,0.6122827875228116,0.615074048759971
1070,ORLY/2015/page_28.pdf-3,ORLY/2015,4,1,0.9758776068662641,0.9867393006921943,0.9763084043660119,0.9430748396322737,0.9867037855749092,0.9651065273981271,0.9686826861947345,0.9725050833900707,0.9581018502351949
1071,APTV/2018/page_34.pdf-2,APTV/2018,1,1,0.8647653694661512,0.8627162824241394,0.8571963738127505,0.8993321681146439,0.8891691114977235,0.86371291645465,0.9313539333949914,0.9082366571864944,0.8998656978151485
1072,ZBH/2009/page_71.pdf-1,ZBH/2009,0,1,0.9912925757750913,0.9909462925882592,0.9976068150499212,0.9967694465157262,0.997605934742332,0.996413110361787,0.9936510513749022,0.9973686412753027,0.9973803364585296
1073,ETFC/2015/page_27.pdf-1,ETFC/2015,3,0,0.8666790676476439,0.8593953789071883,0.21672752567822187,0.16710608249985626,0.14217402178546043,0.08911366389478743,0.8920503090326612,0.17312510636432119,0.2146532799870879
1074,LMT/2005/page_76.pdf-3,LMT/2005,2,1,0.9787992713000644,0.9782254776245328,0.974772026464775,0.9664014323919757,0.9469870392932337,0.9752276736728037,0.9765965727822574,0.9771054229955053,0.9828923864516387
1075,TROW/2008/page_23.pdf-2,TROW/2008,3,1,0.7984265162861297,0.8931560576821362,0.9776301681399608,0.9812477326667141,0.9610066300655892,0.9348585448892553,0.9769658318845709,0.9803486890961316,0.9876247217597621
1076,MMM/2013/page_26.pdf-2,MMM/2013,3,1,0.6173696837683146,0.5147914204796206,0.8551789891507795,0.8026149294269637,0.817390283843432,0.7597664747990702,0.5090124715275293,0.8646447899184985,0.8696241642917752
1077,AAPL/2002/page_63.pdf-4,AAPL/2002,2,1,0.9317767596669981,0.9219227876611036,0.7793326806743477,0.7835179990515166,0.6024486214852577,0.8817149927771079,0.9283970370660087,0.6903236076332796,0.7091034679890079
1078,LKQ/2009/page_66.pdf-1,LKQ/2009,2,0,0.4635146186167597,0.34736721221077693,0.6051087847950625,0.6268527150896981,0.466473143111869,0.8975445528977982,0.4357882896881496,0.7100799459313996,0.5922186985210025
1079,JPM/2009/page_183.pdf-2,JPM/2009,3,0,0.9543915793859821,0.9793878860887857,0.9621286186554917,0.9743642691646618,0.9726284127704967,0.9403883367586051,0.993733434267143,0.9800938111988529,0.9835210771842819
1080,JPM/2016/page_73.pdf-2,JPM/2016,1,1,0.8980057554262451,0.9550488225728246,0.9461773879037318,0.9698117578518721,0.94105241314715,0.9768446879896173,0.9411937076518078,0.9358116738129035,0.8940724046915818
1081,GPN/2017/page_72.pdf-3,GPN/2017,0,1,0.9747267123877061,0.9829493764805058,0.9821363795828455,0.9876042362528683,0.9816303535625969,0.958885604008196,0.9911170990970712,0.9855904702564233,0.9913202137584276
1082,GPN/2008/page_39.pdf-2,GPN/2008,2,1,0.4287251848718549,0.45634969187982993,0.4865810951915861,0.4926927771111564,0.582198677384574,0.8862857602014355,0.5467181471331574,0.7314555135804947,0.698613742853222
1083,INTC/2013/page_71.pdf-1,INTC/2013,4,0,0.9260548691539482,0.9347903252393336,0.9344026855922309,0.9516033242432174,0.9558602069126573,0.9361614241587983,0.9695071625833999,0.9298744791850199,0.966670472639691
1084,C/2008/page_217.pdf-1,C/2008,3,1,0.5494492677846015,0.5203273083850589,0.9667968133258178,0.8863958652434452,0.9705719890152931,0.9143794364285851,0.6894306179560195,0.9796035679314089,0.9748815386116345
1085,UNP/2012/page_24.pdf-1,UNP/2012,4,1,0.7714081570635231,0.6813818037238237,0.6996842384218754,0.784184222597154,0.952485763311144,0.9579409032924012,0.883322449243868,0.7419143818833899,0.8557527986610575
1086,ADBE/2013/page_68.pdf-1,ADBE/2013,2,0,0.6697688543531304,0.5877748992173455,0.8659835393324997,0.8562816563725446,0.8303698014547534,0.905294360673734,0.5902711085771905,0.7798807226453882,0.7834657629022129
1087,AAPL/2013/page_78.pdf-3,AAPL/2013,4,0,0.7395248950748129,0.5926156619082805,0.44227056235947754,0.6002412270210844,0.4291225506375503,0.639259081299202,0.44343646564778355,0.24874776392531275,0.24737996250674651
1088,ORLY/2017/page_30.pdf-4,ORLY/2017,2,1,0.5477020681001811,0.6784111108230247,0.9533083333311634,0.9497212013964466,0.9894477776790309,0.9891104945045303,0.5259522561789457,0.9779177952238183,0.9788114906043534
1089,ETR/2017/page_414.pdf-2,ETR/2017,4,1,0.9682590760052271,0.9820097828819899,0.8560055195217836,0.8815212244690295,0.9774399054583738,0.9684485102971352,0.9776490942853718,0.7844673709380082,0.8513972326570922
1090,GIS/2019/page_53.pdf-1,GIS/2019,2,0,0.14767894738031065,0.18449474706785104,0.06542181706368184,0.0886693367022092,0.015002338193480564,0.08343286703458097,0.08605694228234827,0.04636320695028826,0.025922218299332396
1091,FIS/2012/page_11.pdf-1,FIS/2012,3,1,0.8191338198926704,0.839698640677655,0.786165023841126,0.8503433936008956,0.8856567251052854,0.919819564864948,0.8858510697476586,0.7933962454647723,0.8361563067384231
1092,RCL/2016/page_37.pdf-2,RCL/2016,1,0,0.8234313156599704,0.834837728060053,0.7976863772515388,0.7544768637444423,0.7255195032939994,0.6654348194296625,0.7564473638364856,0.6355208190947491,0.4912588339988741
1093,GS/2016/page_81.pdf-2,GS/2016,0,1,0.988524042783189,0.9834661379119117,0.997213106518591,0.9942427558218186,0.998549038926195,0.996175090320791,0.9754031573716092,0.994738025620344,0.9964266676882227
1094,EW/2016/page_72.pdf-1,EW/2016,1,1,0.5823846079474103,0.6842551616804802,0.6463380120933487,0.8224519904879477,0.6912401375582352,0.8212363240849424,0.7517234126212095,0.7034658834071624,0.7739754087011816
1095,GS/2013/page_184.pdf-4,GS/2013,3,1,0.95626486455978,0.9432176467711392,0.9510908773250434,0.9555818987372937,0.9202637536646858,0.9523226836808341,0.9659981447658271,0.9457279477737729,0.9493447196684134
1096,AES/2011/page_216.pdf-1,AES/2011,1,1,0.6254159327337312,0.6421947773947665,0.8982118557947181,0.889932623433008,0.6431575303274597,0.8149348695678684,0.6089374194092836,0.9049780780781657,0.8488532082395701
1097,ETFC/2007/page_116.pdf-4,ETFC/2007,0,1,0.902423145992812,0.9073487634295263,0.8581371367628626,0.8225132745555441,0.84801697852157,0.8391826712782057,0.9424860834018624,0.8660261649758132,0.9112074766149009
1098,RE/2017/page_145.pdf-2,RE/2017,0,1,0.6649961404022964,0.6939351949442812,0.4216575447064995,0.4307702903419596,0.39580022383851765,0.6788602014555996,0.5589070764801556,0.3302443342084399,0.4427057752363178
1099,AAP/2006/page_85.pdf-1,AAP/2006,4,1,0.9593976897255212,0.9740555428220811,0.9868803763058217,0.9922606741947579,0.986820288564554,0.9861908087505075,0.9323209697596885,0.968492327760641,0.9705834147754612
1100,DISCA/2008/page_141.pdf-4,DISCA/2008,2,1,0.9800403988966225,0.9803507680560538,0.9613230657789604,0.9347818281592315,0.9608747531463266,0.9811880216611902,0.956465870081583,0.9589303557082903,0.924188779599391
1101,STT/2008/page_139.pdf-2,STT/2008,0,1,0.9896543378992765,0.9911957654588616,0.9953868363265914,0.9910248085752446,0.9903578589864473,0.9615534690127321,0.9890828487818921,0.9957240643792753,0.9940934842925748
1102,TMUS/2016/page_32.pdf-4,TMUS/2016,2,0,0.5310820647346024,0.6317308623240013,0.8351616358213203,0.774897652399789,0.9001552196128698,0.37874603156809716,0.5811552999185247,0.8381180587078004,0.8570663886462532
1103,DVN/2007/page_78.pdf-2,DVN/2007,4,1,0.8159475007492969,0.6691259235635072,0.9619863539092048,0.9700441295531673,0.9908446873874026,0.9771675096942851,0.58552969284936,0.9450296125656495,0.9551361433620935
1104,STT/2006/page_92.pdf-2,STT/2006,0,1,0.9510369733464551,0.9486324787006472,0.9556953449733284,0.9607862827611554,0.8965822441301524,0.9484037371073364,0.9241344800571067,0.9600432595753657,0.9437940026926107
1105,UPS/2017/page_31.pdf-3,UPS/2017,3,1,0.933798242376106,0.9396460876304701,0.9408760788849264,0.9719458848559144,0.9574187920637875,0.9938417091039767,0.9594702734413424,0.9789355325454084,0.9783454277111133
1106,ECL/2015/page_70.pdf-1,ECL/2015,3,1,0.8183757169229658,0.7946701616345049,0.9890419362729216,0.9866137397802149,0.987935147082644,0.9891481083829475,0.7098757284144488,0.9923461586663107,0.9816019207825801
1107,UPS/2007/page_32.pdf-4,UPS/2007,4,1,0.8805647215265794,0.8825556047624834,0.8420198862026795,0.9126692975466489,0.8691780250126366,0.9839680805299805,0.9453140629186205,0.8201088424818721,0.7544807369421164
1108,RE/2010/page_138.pdf-5,RE/2010,2,1,0.9607084925479997,0.9263171422722831,0.7388415355762633,0.7475333084181943,0.6623284657619248,0.8936850082545911,0.94487627048885,0.8895281098295482,0.8319180504611012
1109,HII/2018/page_64.pdf-3,HII/2018,2,1,0.9605467626838712,0.9655098095795094,0.9964777201089307,0.9973469167937923,0.9987563289324667,0.9976679178884178,0.9502063894266622,0.9971269142721894,0.9981787233745403
1110,UNP/2012/page_39.pdf-2,UNP/2012,4,1,0.9831094533868666,0.9718129972435761,0.98580842536123,0.9826323730343224,0.9661118842139552,0.9945215393799287,0.9784657359720801,0.9873545908409423,0.9905240201565358
1111,ETR/2008/page_187.pdf-1,ETR/2008,0,1,0.9332139825960442,0.9584233859145094,0.833419394891614,0.9166752428980559,0.9237875413062765,0.9826752919658949,0.978846904778982,0.9020421683601664,0.9142048588976595
1112,LMT/2016/page_117.pdf-1,LMT/2016,1,1,0.9781455994574517,0.9769447294442966,0.9946079524714462,0.996870907627774,0.9928533390236539,0.9953686276989383,0.9758593948110416,0.9968187963185968,0.998254294749143
1113,AAPL/2011/page_38.pdf-2,AAPL/2011,2,1,0.8343043481825225,0.8065830242700142,0.9956019976046037,0.9932716195878845,0.987840060458931,0.9954194083485828,0.6871407335134498,0.9928991585499941,0.995759288047699
1114,AWK/2014/page_45.pdf-1,AWK/2014,4,1,0.49026050004239996,0.5303240561982924,0.47049670608401034,0.5507746322297937,0.6004891407052575,0.4862894043624327,0.8864106537764836,0.8147697855488767,0.7346766518037736
1115,SNA/2007/page_80.pdf-1,SNA/2007,1,1,0.8663852961357509,0.5425506939818424,0.9811360155284724,0.9862461762708437,0.9857412362328597,0.9859480596994941,0.9450158160458552,0.9947552433788834,0.9870921030885359
1116,ETR/2004/page_335.pdf-4,ETR/2004,1,1,0.3239010188592082,0.26602194085758746,0.28716198130606924,0.16148453096568538,0.4073326101171747,0.45300446404630224,0.4441131269369294,0.37351011484295066,0.4519471021586546
1117,CMCSA/2004/page_30.pdf-2,CMCSA/2004,3,1,0.6337458505591121,0.6495408091417236,0.8344030478474099,0.8280721777138211,0.9246303657599946,0.6344342575550964,0.5055061503176453,0.9083907734198005,0.9163956013105272
1118,JPM/2014/page_128.pdf-3,JPM/2014,2,1,0.9675181081426121,0.9478027526120745,0.9839462377766355,0.9826606463666985,0.9945393944743426,0.961198914191456,0.9607364991576595,0.9871202052751405,0.9784662989968584
1119,IPG/2018/page_104.pdf-1,IPG/2018,2,1,0.9304654869236717,0.8771575804041872,0.9298392086253342,0.9201348667279827,0.9425360823068134,0.9582990418961215,0.9278812589403653,0.8237450615047729,0.8899087735064063
1120,HOLX/2005/page_61.pdf-2,HOLX/2005,0,1,0.9778926195150727,0.9735030272612583,0.993718912101212,0.9958192127444727,0.9972914980713764,0.9898959641558854,0.9842160716637721,0.9957773877099683,0.9965968435733344
1121,IPG/2009/page_67.pdf-3,IPG/2009,2,1,0.9811373663669667,0.9800797123170336,0.9566876073481226,0.9525813290031138,0.826682890164113,0.8563476980501556,0.977553721565946,0.9641122296718283,0.9669747816818729
1122,DISH/2002/page_94.pdf-2,DISH/2002,4,1,0.9610751597895526,0.9718417744970598,0.9792659389208757,0.9884149111091892,0.9883753018566033,0.9906642447149511,0.9844126368254007,0.9811086401518785,0.990932295610408
1123,HOLX/2007/page_154.pdf-1,HOLX/2007,4,1,0.22393212437535107,0.3221067730183752,0.45452799691618073,0.35390214835587913,0.48601190178887776,0.7868317232269554,0.5107866686625887,0.4731971483275444,0.6161692224445939
1124,AWK/2017/page_172.pdf-4,AWK/2017,4,1,0.16791383474457527,0.11597966584246755,0.815677205238511,0.612560002697222,0.8071157346424535,0.9233087755142672,0.2383946250235538,0.8411285897489065,0.7643564644701233
1125,UPS/2010/page_33.pdf-1,UPS/2010,3,0,0.8025373290113724,0.750408657394104,0.9644656912782872,0.9641558663624449,0.9566417269687794,0.8259142276197559,0.8598541452750473,0.9495262705221957,0.960316563223907
1126,ETFC/2014/page_22.pdf-1,ETFC/2014,2,1,0.8161180666877761,0.8621857312349059,0.26816279056469755,0.4255456953198646,0.4258847182755668,0.3530956535106477,0.7968954195046043,0.34705539895867277,0.29108909966491336
1127,ALXN/2007/page_96.pdf-2,ALXN/2007,0,1,0.7081754065992315,0.7676342068144969,0.7430067360890853,0.83312727055703,0.6881672786440123,0.840421630053218,0.7655433778878153,0.8593261154295992,0.8132774909879915
1128,TFX/2018/page_47.pdf-2,TFX/2018,3,1,0.9411073115839157,0.9564191298391624,0.39790348495925226,0.510715999432864,0.40962535670949596,0.2369183871675122,0.9378054963957704,0.8033076176313293,0.752982905288696
1129,GS/2012/page_129.pdf-2,GS/2012,4,1,0.9977829316284343,0.997199562532193,0.9990822875890762,0.9989176371645141,0.9982104766705342,0.9985348397345738,0.9980156497631837,0.9985978687452978,0.9988646124499233
1130,UNP/2010/page_55.pdf-1,UNP/2010,3,0,0.9007084522995641,0.8946926447854026,0.8617612193446915,0.9199063399118842,0.8876910400542272,0.9308791922373937,0.7764638991243907,0.6493994272618124,0.7172909338070941
1131,AWK/2015/page_110.pdf-1,AWK/2015,0,1,0.8943138398313953,0.8034392164870009,0.9409880099236013,0.8022691882299894,0.9405806118232454,0.9317701087635998,0.8576020659455946,0.9265628143323126,0.8481941133876885
1132,CME/2010/page_109.pdf-1,CME/2010,4,0,0.5061808985390723,0.6143374674268629,0.34541507797978815,0.49576585712932897,0.2593702016605351,0.21665921164014124,0.3772466424874152,0.45837058504122874,0.6426727549080123
1133,GPN/2017/page_30.pdf-2,GPN/2017,0,1,0.5970326324879025,0.5999471132950147,0.6020160566822167,0.7225634862280043,0.5884840309165684,0.6245984194752232,0.7812316488644405,0.660757134005065,0.8306309782704874
1134,C/2009/page_279.pdf-1,C/2009,2,0,0.9364441573467523,0.9608679649604891,0.9264383727448137,0.9130978136260868,0.9742532664000518,0.9854956967798151,0.9725902741589092,0.9844253369704532,0.9708522277304292
1135,IP/2012/page_64.pdf-2,IP/2012,3,1,0.9717106749630708,0.9610597306461941,0.9481660909745564,0.9531709873388753,0.9422971544158412,0.9251705324373294,0.981978970795434,0.981376364993599,0.9798864138569929
1136,ETR/2017/page_401.pdf-1,ETR/2017,4,0,0.4622386256511753,0.43444693471793194,0.5538320640539208,0.5660719472663559,0.3717780473260911,0.8468782492998789,0.5387590923535571,0.2506430827554541,0.32679712222815765
1137,CB/2010/page_114.pdf-3,CB/2010,3,1,0.9808465180420648,0.9818752149215838,0.9947773496269744,0.9976493337922158,0.9936773305326189,0.9985964738686388,0.9938249673395219,0.996797021406569,0.9948256845165653
1138,CE/2010/page_134.pdf-2,CE/2010,3,1,0.9938905822697959,0.9961906068700885,0.9974824189385957,0.9978827610216702,0.9983195436967046,0.9992833919134332,0.9949595424774651,0.9969267660023811,0.9969733403178396
1139,IPG/2018/page_78.pdf-3,IPG/2018,2,1,0.9423720612173612,0.935695052172222,0.938950740431464,0.980756657825282,0.9678394139578134,0.9592295557459558,0.907094371070233,0.9364774474887645,0.95972061037229
1140,ETR/2009/page_21.pdf-1,ETR/2009,2,1,0.8819057683490907,0.7018101530991203,0.9771349870151501,0.9784270563326458,0.9724027747935264,0.9966160694795801,0.9786359181270173,0.9877014694586698,0.9908186861989298
1141,HWM/2015/page_80.pdf-2,HWM/2015,1,1,0.8975383777082242,0.9272994341056648,0.9824048647753829,0.9876281882107176,0.9931265749187621,0.9659067114484279,0.8627040792638095,0.9816351250290457,0.9711836699747309
1142,MA/2009/page_112.pdf-3,MA/2009,4,1,0.9047881284978743,0.9631714038023257,0.9921756883382667,0.9935004531417326,0.9832979605715119,0.9976360634359761,0.9883062931166654,0.9940808148042979,0.9924618683418882
1143,PNC/2014/page_94.pdf-2,PNC/2014,0,1,0.7686475917391943,0.6155921736962365,0.7174553028271557,0.6056083435041368,0.3750383243072881,0.818130587190902,0.6187510876826129,0.7660378184019957,0.6608709236827464
1144,ETR/2016/page_444.pdf-2,ETR/2016,1,1,0.9242869254157515,0.9258116779789902,0.9842944287153111,0.9819814052865296,0.9727099419674147,0.9926901454574104,0.9303462014259483,0.9917258003426103,0.9744959616939246
1145,PNC/2013/page_66.pdf-1,PNC/2013,0,0,0.5259408781998193,0.48137793561753256,0.14031059480899186,0.1295986852991619,0.09454826073278427,0.05209190954173788,0.38064204494327747,0.12067242844405164,0.15103408927733947
1146,HOLX/2011/page_127.pdf-1,HOLX/2011,2,1,0.9615100805287508,0.9683428663247879,0.9762181172363279,0.9844433016118497,0.9762517050113703,0.9854166527459517,0.9617642568322167,0.9733805292438923,0.9823617880646193
1147,RL/2015/page_11.pdf-1,RL/2015,3,1,0.9306298118261651,0.9320729437497453,0.8596520743942889,0.8676412861086464,0.9327477151467966,0.9495403640917978,0.9718407066647416,0.9217005092659051,0.9248131508008652
1148,UNP/2013/page_35.pdf-1,UNP/2013,3,1,0.8306260075116013,0.8907986088645725,0.8278153617954644,0.9054410083607649,0.8665743581642003,0.8871297452474388,0.8174653270849991,0.5435093317475158,0.7087948445141106
1149,LMT/2010/page_39.pdf-2,LMT/2010,0,1,0.9846836158003913,0.9752107547604462,0.9989697850062732,0.9991306975883346,0.9982311893583109,0.9985643892700165,0.9794475888345369,0.998778175501162,0.9988107398220857
1150,ETR/2008/page_267.pdf-2,ETR/2008,0,0,0.3226263809508301,0.7337995297839022,0.33759835918644554,0.39772415867497496,0.6052652761618154,0.7035570973251299,0.8216433510761032,0.5352624448554961,0.5650213363803149
1151,IP/2012/page_98.pdf-1,IP/2012,3,1,0.826428272808525,0.7939952118547732,0.5764135732805784,0.7438239559625215,0.8992993286677218,0.9248473774212622,0.626786079831067,0.7829999633738561,0.8584441756090682
1152,HOLX/2008/page_140.pdf-1,HOLX/2008,2,1,0.9879795217951115,0.9773445155194486,0.996096232409186,0.9965092920222144,0.9859377267010475,0.9938936205484833,0.9934567320345564,0.9955478521803166,0.9941668531659694
1153,AAPL/2002/page_26.pdf-2,AAPL/2002,2,0,0.6415350765446973,0.6494014429810284,0.43381981053453333,0.3264388991908001,0.31221232886504524,0.11614841748745955,0.5831372101301365,0.3192814702475919,0.24756974481180796
1154,CB/2008/page_83.pdf-1,CB/2008,4,1,0.842714756272239,0.8621768149708063,0.963867112794149,0.9650232394518927,0.9723962051539802,0.9901342236092487,0.802239916742538,0.9688276765091022,0.9457866749288502
1155,IPG/2016/page_37.pdf-1,IPG/2016,0,1,0.620530005357948,0.6507075252099114,0.19517408026060942,0.1167376846648611,0.33549397455729324,0.25863506588388535,0.632827865375448,0.18156718920588097,0.15269038327753875
1156,AMT/2012/page_56.pdf-1,AMT/2012,2,1,0.9600724691954619,0.9418339282429214,0.9499181198194255,0.9030590503096848,0.937987358668505,0.9543971198483101,0.9648336126040703,0.9401153070004706,0.8478234816217146
1157,AON/2009/page_70.pdf-2,AON/2009,4,1,0.875473021465444,0.8279659396609549,0.6839194747215391,0.3579739423538714,0.46945164268519635,0.14585199845661784,0.838354296130503,0.5756151982779831,0.24514447150703425
1158,RSG/2014/page_22.pdf-2,RSG/2014,3,1,0.8764864528295123,0.8791414098278953,0.9070817196130304,0.8789376000817887,0.8199998330682309,0.8870082738564167,0.8234392288090153,0.8821767604411646,0.847205872118584
1159,HIG/2004/page_81.pdf-2,HIG/2004,0,1,0.9787717742608832,0.9750597345345886,0.9556116233546499,0.9417998178580129,0.8986371706623634,0.9434949517828187,0.9693839132198041,0.9555094506375036,0.9144202015382098
1160,AMT/2012/page_104.pdf-2,AMT/2012,2,1,0.9475478979322177,0.9256065967069649,0.9954111898582589,0.9940588809416059,0.996285753401707,0.9959410004436104,0.9523498028087951,0.9972066494339588,0.9958637773182863
1161,AWK/2015/page_112.pdf-4,AWK/2015,0,1,0.8420548612393722,0.8841039375832127,0.39701728907737466,0.43964654828755173,0.4653778667460529,0.7040681620183429,0.8504147973577213,0.8062401464424092,0.7369585991831403
1162,HUM/2010/page_101.pdf-2,HUM/2010,0,1,0.8976946082216452,0.870974374562315,0.8405984905567402,0.86437009943436,0.8872296973191526,0.8317957752449847,0.9475738580658318,0.9677078330834048,0.95033156641549
1163,HIG/2011/page_195.pdf-1,HIG/2011,4,1,0.7151423706179902,0.7281901144794877,0.8820061083918573,0.7848967535060708,0.8126307086203624,0.880517907199098,0.6033228245740947,0.7995058787672845,0.5942197820948127
1164,C/2009/page_255.pdf-3,C/2009,2,1,0.9887990239070423,0.9838193101965138,0.9792330904376529,0.9784468229879504,0.9556144162939528,0.9944196105181992,0.9913028399709743,0.9857966747595576,0.9695125954562988
1165,HIG/2004/page_125.pdf-4,HIG/2004,0,1,0.9911682013162479,0.99544016386563,0.9963930580582564,0.9957029013641895,0.9975665411399982,0.9681516373128226,0.9923480397316756,0.9943629333741191,0.9943672972722457
1166,APD/2018/page_54.pdf-2,APD/2018,2,1,0.9358699947224409,0.9617371935223521,0.9709691666261693,0.9523422781049924,0.9561917069733245,0.988177891152625,0.9615842621920861,0.9775327420033919,0.9707785530275977
1167,GPN/2015/page_83.pdf-1,GPN/2015,4,1,0.31457712868998106,0.19994249504263872,0.2958104727654919,0.31837923523188627,0.4900764832459772,0.32708275092790673,0.21282454781735774,0.25153108026988896,0.23656023593145975
1168,HUM/2007/page_18.pdf-3,HUM/2007,1,1,0.5418614579134757,0.6617442746161298,0.9192858525900324,0.9119130977600832,0.8533206559750086,0.8579662601572908,0.6558753545241829,0.9446856239385694,0.9483373290002288
1169,AON/2011/page_38.pdf-1,AON/2011,3,1,0.9321720926355789,0.9076580532552719,0.9905593091230234,0.9939985603766267,0.9938108113365001,0.9941249919788627,0.89347647755673,0.9918440691336724,0.9892049383068776
1170,PNC/2011/page_209.pdf-4,PNC/2011,4,1,0.9700604168579938,0.9693767537563229,0.9160753041671564,0.9160936905044744,0.8248107192773981,0.970406358027077,0.9267853839883399,0.9479955879187763,0.9606101294701712
1171,UNP/2014/page_14.pdf-2,UNP/2014,2,0,0.5689365941069634,0.7221816775005034,0.38034010001393964,0.3995877900672758,0.26734969850286255,0.46258024960730515,0.47905932407896157,0.5422961692939546,0.43853648231449005
1172,JKHY/2016/page_25.pdf-3,JKHY/2016,0,1,0.41190388474073286,0.3794415057981859,0.9766844874206875,0.9662312334693343,0.9779788251757401,0.9918065648563644,0.35161047919832145,0.9758004012066469,0.982191734509508
1173,PNC/2013/page_97.pdf-1,PNC/2013,0,1,0.9031716027193203,0.8934123984272676,0.9881327517683934,0.9892625373921525,0.9877647099153315,0.984606593174653,0.9512760600310547,0.9901076664497774,0.9902451807073868
1174,RL/2013/page_13.pdf-2,RL/2013,3,1,0.9461204206829958,0.9163067409094533,0.9780375090814198,0.9775563584418415,0.9501077667811278,0.9931275937466028,0.7206203807459618,0.9705515618223546,0.9745913047974861
1175,ETR/2016/page_403.pdf-4,ETR/2016,1,1,0.8941600527224673,0.9377622390586221,0.8282629475935926,0.8463276242577696,0.7465692009497424,0.920603635305719,0.889010818502378,0.8612496671600319,0.7547196759567375
1176,MMM/2013/page_48.pdf-1,MMM/2013,3,1,0.9099788246915247,0.810880319354478,0.9978456979566981,0.9983668256927095,0.9919185230099308,0.9956559614854018,0.8754537396175411,0.9976596915239765,0.9965808269165458
1177,GPN/2007/page_18.pdf-2,GPN/2007,0,1,0.9806531369502852,0.9771042861047492,0.9852402468347886,0.9800275640324821,0.9900645151473606,0.9773440107096443,0.970420409108467,0.9885134121527089,0.9912201699327866
1178,AWK/2014/page_45.pdf-3,AWK/2014,4,1,0.7740981392188735,0.756723939442422,0.735873283285587,0.8490489207715305,0.9797130660382604,0.5116163683030652,0.6823789330922735,0.30330525702822536,0.27979345359835484
1179,SLG/2009/page_84.pdf-1,SLG/2009,2,1,0.980672392346682,0.980776815816197,0.9697250447456647,0.9812338145777673,0.9808867043388769,0.9570766649246479,0.9847328710493564,0.9385241726332055,0.9630467625995766
1180,CE/2009/page_121.pdf-2,CE/2009,4,1,0.9460610265194872,0.9288675387568279,0.8605108979562722,0.9247563616157749,0.9270675239660537,0.9560296638959407,0.913005451436871,0.8907989757925533,0.9237712632222348
1181,MAS/2010/page_29.pdf-3,MAS/2010,0,1,0.9508337295582067,0.9411994272886071,0.864358322320027,0.8001884677921396,0.9526183883484295,0.9254691724205965,0.9202974176722732,0.7707364091827195,0.8167787402129179
1182,ETR/2008/page_266.pdf-4,ETR/2008,0,1,0.5152871623718673,0.8428165619609268,0.9783095821098406,0.9931311991664743,0.9918260061942347,0.9950299795790587,0.7102986043974739,0.9750487791908614,0.991236703924672
1183,ETR/2008/page_362.pdf-1,ETR/2008,0,1,0.9433324738084126,0.9532390719184287,0.8956726121449278,0.8299052183726927,0.8136314737179581,0.9651502122204809,0.9356351567526064,0.9084124700374258,0.8775609982709613
1184,ALXN/2007/page_49.pdf-2,ALXN/2007,0,1,0.22525163827169686,0.1855475547287955,0.8796052541004562,0.94861641009719,0.9679898164251493,0.541159558963685,0.39404394062112985,0.8890856659487595,0.9293898743248337
1185,JPM/2003/page_28.pdf-4,JPM/2003,4,0,0.9205310270501359,0.9188110213681633,0.8761084942274353,0.8464369127888381,0.8614320349040551,0.8621503518922577,0.9206876767680902,0.8347170832129699,0.8067247282489924
1186,MRO/2009/page_132.pdf-1,MRO/2009,4,0,0.4893855035444336,0.5459730043094259,0.057893837043003576,0.05848079627194201,0.480437160737895,0.5636446291576447,0.37349000721761066,0.03487494829478944,0.032452460358718065
1187,UNP/2011/page_78.pdf-1,UNP/2011,2,1,0.9591579611797102,0.9566674426006012,0.9889821565858895,0.9756182401021206,0.9643998686296722,0.995474008111775,0.9626437877875472,0.9896144991003788,0.9747656112462717
1188,JPM/2009/page_206.pdf-5,JPM/2009,3,1,0.6759632668307574,0.8337265643402775,0.990454092260393,0.993692864930025,0.9876276789817005,0.988981870418482,0.7307261884978982,0.9927442056629308,0.9947346083388792
1189,IP/2005/page_32.pdf-1,IP/2005,2,1,0.9651407899145138,0.9637190686726211,0.9564063821982485,0.9470707608605508,0.961404771785388,0.945226897230043,0.9642935509522205,0.9584031120346259,0.9582341220711043
1190,UNP/2011/page_35.pdf-1,UNP/2011,2,0,0.7875296375429867,0.7806751249760073,0.9749903561419416,0.9721834996730772,0.7553825802117702,0.9304236294307383,0.7506130494038282,0.9305510810120476,0.9478694931617082
1191,AMT/2016/page_57.pdf-1,AMT/2016,0,1,0.9953205734697033,0.99143094542598,0.9964968678988091,0.9976808240982918,0.998584951616979,0.9991508201974828,0.9929241057657412,0.9967576002483096,0.9980463914561638
1192,LMT/2015/page_86.pdf-3,LMT/2015,2,0,0.3462737904628609,0.3014024896910762,0.2431755694162365,0.25532268420361093,0.11458667930852544,0.1780354566840793,0.23027183742782437,0.24370455269406135,0.18238841671816763
1193,C/2009/page_255.pdf-1,C/2009,2,1,0.9860537929946875,0.9867088264927645,0.9613707222701835,0.9747959849017447,0.9848805925510056,0.9946833899397285,0.9906058549605085,0.9801592559111246,0.974996000924006
1194,MRO/2012/page_39.pdf-2,MRO/2012,3,1,0.8616669147881947,0.6801272632365214,0.5287287276846165,0.5767668486962073,0.807072402496777,0.6938541363678361,0.6305710608057462,0.5847760951283922,0.4617659108167335
1195,BKNG/2017/page_35.pdf-1,BKNG/2017,2,1,0.9573001184224508,0.9559855855266174,0.9673534402442268,0.9778373142979401,0.9879702627603058,0.9767561803952238,0.9419758910695535,0.9740675802888535,0.9804855519024371
1196,SPGI/2017/page_73.pdf-2,SPGI/2017,1,1,0.9304942511712406,0.906525075023595,0.9955219932950427,0.9915265892242016,0.9855455441220435,0.9904094669317529,0.9506805853772569,0.9936883666600228,0.9877202037464353
1197,STT/2017/page_63.pdf-1,STT/2017,4,0,0.457364744509666,0.5213444128765978,0.14244321880601318,0.11425824755226001,0.0831435512931497,0.057734042356565055,0.5871237155942622,0.07754413674359373,0.08977093740156966
1198,HUM/2007/page_18.pdf-4,HUM/2007,1,1,0.6650576614336314,0.6558431519190987,0.784547307679348,0.8031334734726765,0.8721096124261818,0.8605860885526497,0.7201212508967229,0.8877401478816906,0.7455312413837134
1199,PNC/2011/page_209.pdf-2,PNC/2011,4,1,0.9451861882808062,0.9557954921123372,0.9250491860445716,0.874291645489979,0.9065112839819129,0.912648193183092,0.89470687668713,0.9309993642704865,0.9659904487265475
1200,AES/2010/page_225.pdf-2,AES/2010,4,1,0.9367115679967969,0.9400494961991649,0.8374285022931836,0.8650816639710126,0.9408162672660505,0.8870552454755087,0.9667209479665012,0.7494427696937471,0.9176801239215642
1201,CME/2010/page_109.pdf-3,CME/2010,4,0,0.819712737211553,0.8878280801815257,0.8617008436927529,0.9117500864059197,0.9411245958431583,0.9735588114475441,0.9079515033689658,0.9194879484666734,0.9492090873665513
1202,IP/2007/page_30.pdf-2,IP/2007,1,1,0.82334762984626,0.8542205132302544,0.9445241624306941,0.9555077318041089,0.9102905530001996,0.9626186293804824,0.7595925596344562,0.9406414388078507,0.9388311106335425
1203,SNPS/2006/page_67.pdf-1,SNPS/2006,0,0,0.7229503014744592,0.7140026923500484,0.696525690881422,0.7579192518356188,0.493342972737224,0.7013472637513841,0.7564835323767467,0.6615432620134122,0.6176663265969488
1204,AWK/2018/page_162.pdf-4,AWK/2018,1,1,0.9083602988666992,0.9158437617328189,0.9496389238333489,0.9483107701654785,0.937099043978147,0.9904118874350027,0.8898935364355202,0.9274864429283329,0.9410205476325081
1205,GPN/2017/page_76.pdf-1,GPN/2017,0,1,0.968398567938827,0.9484198546455309,0.9163036180271859,0.9019845452548645,0.884569988432826,0.8457162662010033,0.9529683124993322,0.8973982353021127,0.8918723903093726
1206,ALLE/2017/page_44.pdf-1,ALLE/2017,2,0,0.7633502265761829,0.740398338436897,0.40306741296784776,0.5082673402304463,0.2797032463805224,0.535941589035163,0.8795573348300469,0.6096398733759356,0.618100382658434
1207,MRO/2009/page_32.pdf-1,MRO/2009,4,0,0.9403450816789652,0.9418021001846915,0.8967237790667412,0.92153299587412,0.8938152649337125,0.9682906470888882,0.9608186211275065,0.9026518052474796,0.9437264258499665
1208,FIS/2007/page_52.pdf-4,FIS/2007,0,1,0.9736649794526547,0.9759375417834729,0.9855285589871537,0.9721461959527152,0.9799135082433604,0.9897162688249653,0.9897314819324813,0.9753975109231215,0.9861072047070562
1209,RL/2009/page_20.pdf-2,RL/2009,1,1,0.8375962135259251,0.7121448440247686,0.8009146238407624,0.5612719480903962,0.45521175168495626,0.769599409877311,0.7930199994901791,0.7011200018810938,0.6315048305796789
1210,AAPL/2013/page_27.pdf-1,AAPL/2013,4,0,0.41314394992672476,0.4071162332603308,0.11640805079564875,0.1094682380564709,0.07530604598045132,0.263606628747926,0.3562343745664353,0.06542740574034643,0.075221288179459
1211,UPS/2010/page_33.pdf-2,UPS/2010,3,1,0.8449357620934626,0.7740653935271008,0.9810892885832092,0.9809736211043554,0.9843565232251937,0.9934050319233442,0.9736810275654729,0.9709395652736315,0.9717971265447249
1212,ETR/2016/page_24.pdf-2,ETR/2016,1,1,0.9490286665109202,0.9739671918075921,0.9223556224455007,0.9763614006602063,0.8731426978868967,0.9283301671644816,0.9617665047712337,0.957971949923338,0.9679409979049917
1213,IPG/2015/page_24.pdf-2,IPG/2015,4,0,0.9780587779067572,0.9931856973092326,0.9504982665828272,0.967274404273654,0.9754506342794508,0.975189245097268,0.986150972550893,0.9474219595008795,0.9425663914760972
1214,BLL/2006/page_45.pdf-3,BLL/2006,1,1,0.4653036396580008,0.5727265084606464,0.8119802921047055,0.836115283742264,0.8397102535150952,0.9146075092585607,0.48974125801110335,0.7659815393988414,0.6404000832402484
1215,MO/2014/page_11.pdf-2,MO/2014,4,1,0.8146664487058876,0.7883996060597241,0.9766436016740988,0.9765206622057333,0.9478895067818999,0.9482536755347053,0.5814004982261236,0.9806595557648652,0.9771757321164416
1216,RL/2011/page_14.pdf-1,RL/2011,0,1,0.9780283485028165,0.9729097711741627,0.977053119953903,0.9820929200248357,0.9697912311117768,0.9662528341131954,0.985889047287464,0.9791498679153159,0.9798440359781245
1217,ORLY/2009/page_77.pdf-1,ORLY/2009,0,1,0.8859431031078557,0.8922259239815215,0.9663846804160696,0.9554517794892767,0.9514678165618431,0.9755975933285523,0.9085747629538525,0.9731900914553281,0.9610263482720802
1218,IP/2014/page_71.pdf-2,IP/2014,4,1,0.9945458844369001,0.9930942650802774,0.9879101855734054,0.988981923555809,0.9916813053565201,0.974269790168243,0.9927202200875087,0.9774596515175745,0.9858707544027655
1219,AAPL/2015/page_56.pdf-3,AAPL/2015,3,1,0.9562259720015214,0.8971452076007717,0.6940608107268232,0.5861592433325902,0.6615444934146927,0.5235906704977238,0.9101278225686401,0.6939691430517689,0.6901375534357865
1220,GPN/2015/page_80.pdf-3,GPN/2015,4,1,0.9451470641910369,0.9520387756950603,0.936529758319193,0.9179803491658515,0.9134757644345135,0.9702486066582962,0.9458014134179237,0.9059864293294286,0.9465136998386617
1221,AAPL/2015/page_24.pdf-1,AAPL/2015,3,0,0.48238852214122296,0.522437082844692,0.8201776280684661,0.8144013566602949,0.7774777848246017,0.825703806401096,0.8145035015041655,0.8596154918102534,0.8466222735938218
1222,HOLX/2006/page_103.pdf-1,HOLX/2006,1,1,0.9419390632058016,0.955015235879001,0.8249816721658713,0.7671606062287002,0.925256180025168,0.8369810830155142,0.9741459119218532,0.9060958845438528,0.8484590060376281
1223,ANSS/2016/page_85.pdf-1,ANSS/2016,2,0,0.9095814991570269,0.9145757355448876,0.9416561774652908,0.900083128354187,0.9231215456449257,0.9836310797280956,0.913670347412393,0.9632794954057836,0.9230482277165439
1224,EXPD/2017/page_30.pdf-2,EXPD/2017,4,1,0.9415000193690838,0.9142590499260917,0.9729821402980326,0.9830713952330796,0.9885480796826391,0.9980432410586145,0.9300715240749268,0.9894088987749784,0.9931142546773808
1225,DRE/2002/page_30.pdf-2,DRE/2002,0,1,0.8652305313819627,0.9050036097388923,0.7448071864506608,0.7558358169991792,0.6533795729932236,0.8771688240413702,0.893525358141435,0.5233313084571648,0.6831853718690344
1226,RSG/2015/page_75.pdf-2,RSG/2015,3,1,0.9361110373080342,0.936672778602857,0.3370415082718891,0.3784763045543536,0.5440555865219687,0.43742590291249206,0.9657011274404084,0.620034517457985,0.6217122363707316
1227,PKG/2001/page_86.pdf-2,PKG/2001,1,1,0.9175270773370952,0.9271080681273117,0.9133814993131104,0.9381688308389098,0.9476142108391956,0.9220920604147874,0.9219904580539645,0.8992907474446225,0.9343553105970274
1228,LLY/2018/page_99.pdf-1,LLY/2018,2,1,0.945902533575205,0.9545024452951724,0.9494619122142163,0.9421462521927875,0.9627897743493521,0.9523634687330819,0.9525878920202222,0.931849349681224,0.9229958545833691
1229,GPN/2016/page_69.pdf-1,GPN/2016,1,1,0.9808046323181122,0.9718083797974927,0.972830324544527,0.9862166921393742,0.9650943142533538,0.9791867330037138,0.9761511146117126,0.9721676133149751,0.9733301750464464
1230,RE/2006/page_31.pdf-2,RE/2006,3,1,0.8753019735229652,0.8924320448903581,0.9775930419673277,0.9832615785987506,0.9768602990559823,0.9802948707488115,0.9508657862299312,0.9914801990766702,0.9920707852534351
1231,HWM/2018/page_69.pdf-2,HWM/2018,1,1,0.8215915293873459,0.9045747124795626,0.5677048347565841,0.7488291216197235,0.7973853293479459,0.9042186018380086,0.5278977306836845,0.5510043849704028,0.5941650073145543
1232,TSCO/2017/page_68.pdf-1,TSCO/2017,1,1,0.3920112576498842,0.6764255194071722,0.5094299567467232,0.7291457033666316,0.7621267178767038,0.5110685047211065,0.6238645725452708,0.6937069173713619,0.7777552303324482
1233,V/2009/page_89.pdf-1,V/2009,2,1,0.9718401047152203,0.9684314283218531,0.9756510192397106,0.9734459545052283,0.9597890767090682,0.9784575249472096,0.9649393258351225,0.9272830342814408,0.9589957882292234
1234,UNP/2014/page_24.pdf-1,UNP/2014,2,1,0.9845347641802773,0.9819817127392532,0.9674338105907285,0.9567715750290654,0.9740302343812784,0.9805437819208106,0.9883737889149582,0.9419920995769804,0.9564049378965591
1235,UPS/2017/page_31.pdf-1,UPS/2017,3,0,0.3382503010608861,0.5655416338731687,0.7919362802468186,0.7776304286210937,0.7461811193751928,0.6092489662997583,0.4257004230984257,0.8593879721534109,0.9408987171576743
1236,AAPL/2014/page_26.pdf-3,AAPL/2014,2,1,0.8246907273752223,0.8867762590358825,0.9386629333975834,0.9261837107021063,0.949093243476658,0.9736457155692727,0.8823605818854594,0.9710393492254734,0.9444727227422023
1237,GPN/2008/page_99.pdf-4,GPN/2008,2,1,0.9924404582347894,0.9936189761283608,0.9973007936686041,0.9974237023906821,0.9976282649723933,0.9974662935160287,0.9952509848625298,0.9963559211837015,0.9967818582304884
1238,HOLX/2005/page_27.pdf-2,HOLX/2005,0,1,0.9233545300381513,0.8004472053519406,0.993565222213676,0.994943110109459,0.9947198158421988,0.9986149467144865,0.8719164210549887,0.9922236185169825,0.9948908080369482
1239,MAS/2013/page_27.pdf-4,MAS/2013,0,1,0.5594297547663586,0.6247158236944537,0.746360888274824,0.6435194368710481,0.8300252616644217,0.8602594109250905,0.31556490309704927,0.5654491389816497,0.6061179352141699
1240,ETR/2004/page_158.pdf-1,ETR/2004,1,1,0.8281130745605337,0.8654373185482664,0.8819087345512847,0.9213590067105181,0.9464223002552713,0.9324375746696607,0.8627121953432264,0.8868571671056127,0.9464651989599444
1241,UNP/2013/page_30.pdf-1,UNP/2013,3,0,0.24745311315480584,0.16922612381565477,0.33432000036768245,0.22788396827054308,0.5441026230818755,0.47625904244994754,0.13769757625049572,0.1270638159631811,0.17141826638158847
1242,ALXN/2007/page_49.pdf-1,ALXN/2007,0,1,0.37295028350651793,0.2993109328948386,0.16502805194823725,0.21250468421284788,0.13474160663517723,0.12148374334628963,0.785596872371448,0.47764430360662025,0.3178153365739917
1243,HUM/2018/page_46.pdf-1,HUM/2018,0,0,0.40499544053676984,0.43691416254778903,0.17720753688235746,0.17450764292481533,0.17476669185061436,0.03082557811486885,0.5693685068621552,0.10228718409713955,0.1750953568126125
1244,IPG/2015/page_38.pdf-2,IPG/2015,4,1,0.7426165915544792,0.8097911099748086,0.9337795473856668,0.9272594132786743,0.9099784508488435,0.9659128313444162,0.7549150817129228,0.9223424705093133,0.8983661869110219
1245,UNP/2013/page_25.pdf-1,UNP/2013,3,1,0.8681356197196374,0.9316114871450087,0.9240994771805713,0.9578806013465214,0.9448799778190714,0.8498293957421567,0.977961899121982,0.9149370883967349,0.9384922328474031
1246,ETFC/2007/page_22.pdf-2,ETFC/2007,0,1,0.9368189553364501,0.9457706668145599,0.9252556354826956,0.9481120157043414,0.9648100769574375,0.9827705312343916,0.8447438434162097,0.9379310921821374,0.9484630026712285
1247,EW/2014/page_68.pdf-2,EW/2014,3,1,0.6828426012530995,0.5241757099070397,0.9885649199365564,0.9899433389909374,0.991601298920425,0.9581451062254125,0.5854183819121612,0.984152233671615,0.9839280308445897
1248,MRO/2008/page_119.pdf-2,MRO/2008,2,1,0.7333207439785001,0.6873171046341102,0.34065326814635716,0.5509624466931572,0.5520565982107509,0.5127819118765085,0.5546842904294771,0.2308706822510108,0.15500372569309673
1249,C/2009/page_248.pdf-2,C/2009,2,1,0.9339953060491974,0.9126165131692466,0.9635964176404352,0.8816200846318029,0.97639947141785,0.9746654728280976,0.8933316466614081,0.9742948606690848,0.9312415625119547
1250,AAL/2015/page_187.pdf-1,AAL/2015,3,1,0.9647397401878341,0.963724772531355,0.981206463452472,0.9778850206049308,0.9791612444672345,0.9277210986606063,0.9690660040556196,0.9651575528750931,0.9823237753183187
1251,GS/2012/page_177.pdf-3,GS/2012,4,1,0.9718662522140858,0.9719568687866259,0.9889323642040757,0.989422593766374,0.9885568781970032,0.9864115709807257,0.9792012911574144,0.9878581390408194,0.9856206180832894
1252,AAPL/2015/page_68.pdf-1,AAPL/2015,3,1,0.8821707741950645,0.811090354821302,0.8989953915704259,0.8681353108582429,0.8761355471413025,0.8628454136812128,0.8765291979524797,0.8531854089293143,0.8514055640840096
1253,HUM/2018/page_129.pdf-2,HUM/2018,0,1,0.6825670960094798,0.5322654473234977,0.9652944817440196,0.9403306292833238,0.9823747455188672,0.9850163334447172,0.6670349126373636,0.983842078976724,0.9716999686470867
1254,CB/2008/page_83.pdf-2,CB/2008,4,1,0.9554079277296845,0.9722222050366974,0.9206563579413712,0.8571129948839755,0.857946396294921,0.8148207610174182,0.9606964298375954,0.9370692294140405,0.9027570416718982
1255,C/2016/page_207.pdf-3,C/2016,4,1,0.9892224400128452,0.989900239157759,0.9933603048734694,0.997095793345381,0.9972264428067602,0.9983460525454151,0.9839466487361379,0.9969264768869225,0.9975990107334948
1256,UNP/2008/page_35.pdf-1,UNP/2008,0,1,0.9591442634689016,0.9669893848730403,0.9607975318444277,0.9735709252737547,0.9877706682648194,0.9786973917651522,0.7168053291309178,0.8679763436628477,0.8916404750797218
1257,AES/2010/page_225.pdf-1,AES/2010,4,1,0.882935181752646,0.8745927168641007,0.9192947936814103,0.9671525494843333,0.9496201470868559,0.9494388496804156,0.9123131669623467,0.8818868508986749,0.9643683992136804
1258,UNP/2008/page_59.pdf-1,UNP/2008,0,1,0.9367239045160701,0.9551011607878421,0.9064974730093646,0.9344949127499258,0.9642442674305866,0.965710859909838,0.9663605067343116,0.8995290880137422,0.9362665162992829
1259,LMT/2010/page_24.pdf-3,LMT/2010,0,1,0.9935497073136477,0.9885071362216117,0.992110628627905,0.9933045743880445,0.9961180725706503,0.9975380939420341,0.9907214618694845,0.9959345034807185,0.997016573427794
1260,GIS/2018/page_59.pdf-2,GIS/2018,3,0,0.6084247002506022,0.6267137729142361,0.3705201096324047,0.45143849443331013,0.2582148940926374,0.42688403557670407,0.5756686469519143,0.2272412010944676,0.1317192993442862
1261,ETR/2008/page_212.pdf-3,ETR/2008,0,1,0.9923773956234603,0.9929177723823422,0.9974593390971245,0.9982146907687814,0.9978375274175849,0.9988785282068079,0.9950691313982204,0.998596793060287,0.9988025237155317
1262,ORLY/2018/page_30.pdf-4,ORLY/2018,0,0,0.8484266975835911,0.8644327174068641,0.7348516063992276,0.6792302739924545,0.5920638971793403,0.4366845147957376,0.9170573227121509,0.7481337993763212,0.745503882490834
1263,LMT/2015/page_106.pdf-1,LMT/2015,2,1,0.9832920040086,0.9800781914385741,0.9853206335365801,0.9913282209710899,0.9858077146820134,0.9545341765480313,0.9802379694193443,0.9865070970501766,0.9850509935915529
1264,LMT/2002/page_33.pdf-1,LMT/2002,3,0,0.9598352138864353,0.9570088721283907,0.8859538392711053,0.8959493921540534,0.6728170599246978,0.6284268388669986,0.9513358200318472,0.7747697635868845,0.7078391423860818
1265,C/2016/page_120.pdf-4,C/2016,4,1,0.4703609029501051,0.430719684519542,0.9830368676558041,0.9848495832366998,0.9883723668524937,0.988218711395823,0.5828344137201453,0.9562740146108973,0.9835326482949881
1266,RSG/2010/page_157.pdf-1,RSG/2010,0,0,0.8565812762391684,0.909354108542062,0.351869605815334,0.4370154550756562,0.4199415125796953,0.6211992290217551,0.8680178681650658,0.6642603188119288,0.757037145977399
1267,UPS/2007/page_32.pdf-3,UPS/2007,4,0,0.6007207344351917,0.6762869017839633,0.6507423646836145,0.7609817894446234,0.7587913006281589,0.4696887253519402,0.7559233877889309,0.5646107894045547,0.48966735525409116
1268,V/2013/page_116.pdf-3,V/2013,4,1,0.9436100646182435,0.9369507777506244,0.9945431592393993,0.9929945018414088,0.9830260065553903,0.9968267393894581,0.9386916115394286,0.993935267297376,0.993502236835443
1269,MMM/2007/page_90.pdf-1,MMM/2007,2,1,0.9824310418072735,0.980893704403216,0.9922431196188756,0.9946424799146536,0.9943370648065208,0.9833540668779549,0.9568976896134948,0.996213324786775,0.9973752780259212
1270,LLY/2008/page_45.pdf-4,LLY/2008,1,1,0.9392242016458711,0.9473584317052257,0.8462118110928807,0.8794507323846777,0.8776992956979451,0.8729667163738858,0.9369639763432066,0.905663753867469,0.8139856338921679
1271,AAPL/2013/page_78.pdf-1,AAPL/2013,4,0,0.9785439555685982,0.973589379941613,0.9459462007082319,0.9691781528068999,0.9740732716366755,0.9754311531400462,0.9823970219153677,0.9557771871984454,0.9439085389647481
1272,JPM/2009/page_132.pdf-3,JPM/2009,3,1,0.7447855999460976,0.500962745741127,0.9699402886045666,0.928250934580156,0.7997796367179174,0.8188570590198615,0.9648777050928123,0.9731189075332082,0.9638626774506794
1273,UPS/2017/page_111.pdf-4,UPS/2017,3,1,0.6770206871897383,0.5267965269270458,0.49566905352291,0.3232318889427776,0.742449321249491,0.520368873139004,0.7192418780865588,0.7846242209732893,0.6655564603372822
1274,STT/2009/page_122.pdf-4,STT/2009,2,1,0.7503723792038005,0.6890335925893517,0.938895158639906,0.9797730002983427,0.970398895194649,0.9745419413546538,0.8494557241054683,0.9682459927358599,0.9527666644029272
1275,AAL/2015/page_51.pdf-2,AAL/2015,3,1,0.5223666019990895,0.5204493838381027,0.17650836818148014,0.2053222137160591,0.24015769089279865,0.27773884120177944,0.5192361973810372,0.19182676869164567,0.25968220640349204
1276,AES/2001/page_77.pdf-1,AES/2001,2,0,0.9179322119409984,0.9396158052137232,0.5068208384816137,0.464000688039025,0.617934976950236,0.8791744727487802,0.9430158599373002,0.5776971712680895,0.592914655614635
1277,EXPD/2017/page_30.pdf-1,EXPD/2017,4,1,0.938605098123477,0.8818901050432751,0.9597144868132313,0.9491073985828096,0.9610669755025298,0.9927265713740244,0.9168857517201547,0.977315114831954,0.9788957461759472
1278,HIG/2004/page_67.pdf-2,HIG/2004,0,0,0.7576229933822424,0.8289428495015875,0.270177742206882,0.27893803950842505,0.15556667012292702,0.167675962552827,0.7263941516316377,0.14585552442388186,0.21646879066648894
1279,NTAP/2014/page_33.pdf-1,NTAP/2014,2,1,0.6510240672753952,0.7158972706001168,0.9028724007450656,0.9109293854212102,0.8093606579725111,0.98917449162246,0.4578719667340456,0.8337195388336087,0.880231566901607
1280,JPM/2016/page_140.pdf-4,JPM/2016,1,1,0.9768547981219787,0.9602151666930738,0.9702590095009233,0.9819440639548397,0.9838135870604285,0.9651600376842598,0.9700458187957084,0.9629174201599286,0.9713343929846711
1281,DG/2009/page_87.pdf-1,DG/2009,0,1,0.8657640208838961,0.8561235861349086,0.9969295222064484,0.9934422899291759,0.9948855578551897,0.9954041224482092,0.8466099015188477,0.99370387412828,0.9932467984636576
1282,UPS/2007/page_32.pdf-2,UPS/2007,4,1,0.8964008740441471,0.9064348574303256,0.9300500730337207,0.9393435655410615,0.9883139444856394,0.9959004191669155,0.9400014173567802,0.957885520337595,0.9539156534687703
1283,JKHY/2018/page_16.pdf-1,JKHY/2018,4,1,0.9441299975545709,0.9464744556844805,0.981174571687167,0.9774079484964177,0.9872107905327268,0.9756299015527491,0.9197627930872351,0.9512949515222029,0.9415341911833361
1284,ADBE/2014/page_70.pdf-4,ADBE/2014,2,1,0.8315717342287502,0.900313384513098,0.4235479931639871,0.5783479932364108,0.5939781012593881,0.4408692119559866,0.892773542616897,0.5126847292595109,0.7450841910018533
1285,ETR/2008/page_153.pdf-3,ETR/2008,0,1,0.9726442049594752,0.9657008494877187,0.961223492855147,0.9705373360306128,0.9777214500052229,0.9501932781541649,0.9798793058180147,0.9769058160334213,0.9841653897231565
1286,PNC/2012/page_98.pdf-1,PNC/2012,3,1,0.8944337345560943,0.7870414114616832,0.9956019520863852,0.9918983800777783,0.9950424062127518,0.9960125248169955,0.7677488994682434,0.9954742681940253,0.991808177993282
1287,DISCA/2013/page_60.pdf-3,DISCA/2013,4,1,0.9727686765142372,0.9866246785200885,0.9715311832235536,0.9666963376565546,0.9762435624442194,0.9969577726585428,0.991618479310821,0.9781398542070333,0.9838168333896428
1288,IP/2013/page_101.pdf-2,IP/2013,3,1,0.9724826811648483,0.9899193560033208,0.9986505985136916,0.9987060103759935,0.9965336935473523,0.9987465535977361,0.9864966947669237,0.9993503325242373,0.999283667972893
1289,VTR/2007/page_97.pdf-2,VTR/2007,4,1,0.9775977973672063,0.9730335508384338,0.9944401102672136,0.9885092954252573,0.9831426993602039,0.9872365577258844,0.9570132550224502,0.9915646110109683,0.9916841040012763
1290,VTR/2006/page_48.pdf-4,VTR/2006,0,1,0.8606944199385512,0.9061018640392408,0.6919687526184236,0.7272629242553982,0.8027623962790785,0.676668026189373,0.8332806175336186,0.7721743665800151,0.7412041829860248
1291,CDNS/2016/page_76.pdf-2,CDNS/2016,4,1,0.9643298414196798,0.9165117809414479,0.8823422066723505,0.9441071221304506,0.9802298700851497,0.9522540935753391,0.9035090569081481,0.9374888785423456,0.9477283889842277
1292,GS/2017/page_176.pdf-3,GS/2017,2,1,0.9129427264223753,0.925701635039122,0.9110255389006562,0.9275103435064376,0.9127901834740133,0.9508755362471387,0.9233454002045115,0.9523370795070137,0.9378970855717189
1293,ETR/2017/page_401.pdf-3,ETR/2017,4,1,0.22189397008536915,0.2648394047161981,0.4782426931747016,0.6485147806981786,0.6453006110269603,0.8074503434325738,0.147895443085871,0.48254981957641335,0.5305743981524751
1294,V/2008/page_165.pdf-1,V/2008,0,1,0.984867911459566,0.9912687701265833,0.8501886456382848,0.9153158226292591,0.8960077127048468,0.7620317457524278,0.9868295325545892,0.8179226367383851,0.8843066253409132
1295,IPG/2016/page_86.pdf-1,IPG/2016,0,1,0.9891028245641388,0.9879519538151885,0.9601522136154901,0.9571792177560896,0.9166611622268305,0.9082628863842646,0.9802558595874554,0.9605358406020491,0.941903733841267
1296,GPN/2017/page_72.pdf-2,GPN/2017,0,1,0.947381840703287,0.9770860700078581,0.9742837428697163,0.988894575553018,0.9751322698528291,0.9906881149111219,0.9897616967174784,0.9890099344797124,0.9905000577825129
1297,IPG/2006/page_41.pdf-2,IPG/2006,4,1,0.9557722157496755,0.9130224691255527,0.9695583290681825,0.9555670208410609,0.9509145195766332,0.9860940821496662,0.9410605739715785,0.9625373491658235,0.9308959296569055
1298,UPS/2015/page_35.pdf-1,UPS/2015,0,1,0.8882994696112345,0.8621718690294226,0.9436980705124624,0.9468795756357715,0.9758773968196641,0.9873368954902715,0.8451671052718427,0.9358692798627158,0.9334267496309052
1299,CDNS/2007/page_30.pdf-4,CDNS/2007,2,0,0.29185418834243726,0.19235528685287984,0.11781060601154694,0.14847176237203416,0.1648500365718934,0.11549353376635385,0.42521366179749037,0.11014719568522152,0.11495424581797213
1300,STT/2017/page_100.pdf-4,STT/2017,4,1,0.6091754899917362,0.557918753378905,0.9504922919251236,0.9465268158032918,0.9284067024839667,0.9408066633124519,0.5779928917974589,0.9558009075425561,0.952916712504168
1301,HWM/2015/page_73.pdf-1,HWM/2015,1,1,0.9459338610852425,0.8331179162543091,0.987060669506387,0.9756730857474019,0.9894668494398747,0.9756999256484011,0.7584417852691592,0.9817196384402956,0.9730074863461052
1302,AWK/2012/page_12.pdf-1,AWK/2012,0,1,0.9942702445154593,0.996458323740759,0.9910412697726741,0.9965235169664688,0.9930375809809219,0.9956140123241218,0.9949098589427441,0.9907384624456448,0.9926161208233625
1303,MAS/2012/page_86.pdf-3,MAS/2012,1,0,0.3346253591631625,0.3545579297214328,0.07610186539439402,0.07614295383540458,0.031868767274369526,0.01984918376820185,0.14420085108335515,0.04304006437280855,0.026468875802049884
1304,AWK/2018/page_131.pdf-1,AWK/2018,1,1,0.961795961101039,0.9528143423749927,0.8392820074265215,0.8110566932646608,0.8475850709655789,0.8700210532567224,0.8491680605132321,0.6019572570784721,0.7284818213624843
1305,ADBE/2018/page_66.pdf-3,ADBE/2018,1,0,0.09132917019120787,0.13172156803358592,0.20295271974338985,0.24562614417923967,0.29355909196965724,0.44296952830218117,0.20286743573624488,0.3962406460883435,0.43888705507138687
1306,MRO/2008/page_119.pdf-1,MRO/2008,2,0,0.9621354421312763,0.971094803224037,0.7780623139752452,0.7541790371868529,0.8537539543538817,0.9490154041179294,0.9568481893939875,0.7933619103151478,0.7920648778801334
1307,ETR/2004/page_261.pdf-4,ETR/2004,1,1,0.7632591446011832,0.6552846297390766,0.7504050885180386,0.9448119903779484,0.8176878719686478,0.8977865575335914,0.8146280632175744,0.9115358472745313,0.904846673883301
1308,UPS/2010/page_33.pdf-4,UPS/2010,3,1,0.8362338727875361,0.8219018340600407,0.932163327696329,0.9337571415659248,0.9821499419542136,0.9807811111940599,0.9312266358254755,0.9154262118148162,0.9323120917072224
1309,ETR/2004/page_86.pdf-2,ETR/2004,1,1,0.9620761717885692,0.9649160288905106,0.975733913431386,0.9642107446996538,0.9783342154467426,0.9322748904052048,0.921941026462252,0.9768065605996681,0.9213007154216887
1310,C/2008/page_26.pdf-1,C/2008,3,1,0.8568003118294426,0.7360266015784621,0.9642263165320577,0.928159023646013,0.976544838066269,0.869987089754968,0.8558882983975943,0.9826352333186217,0.9786971304567066
1311,WRK/2019/page_31.pdf-2,WRK/2019,3,1,0.9527975321065344,0.9481421712551897,0.9877658956915449,0.9908048841425867,0.9880289426768624,0.9951026739233104,0.9530271445925798,0.9843131313988985,0.9749058958100633
1312,MRO/2009/page_32.pdf-2,MRO/2009,4,1,0.9171976612333496,0.9465342508097105,0.8945486053925233,0.9253136794752985,0.919705750677929,0.9556170502490537,0.9596144289133244,0.9098126623559987,0.9611267075174992
1313,HFC/2011/page_85.pdf-1,HFC/2011,4,1,0.22467744630845246,0.39038747378541166,0.4164382522397706,0.6899731340383185,0.865154040446204,0.8203455120984386,0.7902008149201418,0.8078367479414872,0.8455571551255718
1314,C/2009/page_42.pdf-1,C/2009,2,1,0.9663860172350315,0.9709127998952765,0.986134566518917,0.9828247347664485,0.9596912585785559,0.9859907628247332,0.9422096650691801,0.9871079367222316,0.9801777887126482
1315,PPG/2005/page_20.pdf-1,PPG/2005,4,1,0.9733106930976901,0.9717342170326744,0.944143215611819,0.9628203052624497,0.9882556742157909,0.9900671583632017,0.9756550960246634,0.9271256460634043,0.9560888902652401
1316,AAPL/2015/page_68.pdf-2,AAPL/2015,3,1,0.8238801169934558,0.7988310318917815,0.8891338701379178,0.897776295591025,0.8907834659228382,0.9139169917029611,0.8736534806104505,0.8749294314650132,0.8854218083868822
1317,BLK/2009/page_98.pdf-1,BLK/2009,3,1,0.8632913735119102,0.8303938932885087,0.9933034192302217,0.9953543493010388,0.9735261774994262,0.9955514756345594,0.9063127125920127,0.9938388293812145,0.9935447733054252
1318,ETR/2008/page_343.pdf-1,ETR/2008,0,1,0.7292018257242295,0.7118801470581051,0.07496540734618916,0.0751478532845918,0.04059503109273577,0.24576527341089588,0.600411735077056,0.03829313914501465,0.036786690152237664
1319,ETR/2004/page_159.pdf-3,ETR/2004,1,1,0.8310828878528936,0.8132507531652786,0.6919111181096205,0.7275946147466129,0.6784888458796533,0.5795165063789426,0.8310193030576482,0.7091954952619632,0.6588389062620562
1320,MMM/2007/page_58.pdf-1,MMM/2007,2,1,0.9864929164505147,0.9926984844901668,0.99786044872064,0.9969559145818219,0.9949050309391276,0.9973821295157005,0.9899689473482071,0.9960580902901343,0.9973986606261641
1321,AON/2009/page_70.pdf-1,AON/2009,4,0,0.9464515733523965,0.8362810121668802,0.9916066807598126,0.992758986147994,0.9930951641996607,0.9692185122414757,0.6977400291926075,0.9845796029555338,0.9701389754302313
1322,GIS/2019/page_53.pdf-2,GIS/2019,2,0,0.832298943389478,0.8115317762627909,0.312188580265819,0.3062508574942819,0.14633982622770803,0.22049649456780726,0.7939372249185468,0.1848738306756732,0.2109361430810377
1323,AWK/2013/page_12.pdf-2,AWK/2013,4,1,0.9761832111167086,0.9886271496531301,0.9172585084359556,0.9373370306747109,0.9748333649082965,0.9874488884415551,0.9935168104589783,0.9739104881453011,0.9844531105278084
1324,BLK/2017/page_87.pdf-2,BLK/2017,2,1,0.9526407340015173,0.9475829186427851,0.9416783933898398,0.9394661955266381,0.9579667269777619,0.9571562263126892,0.9183554131953301,0.9062744625181655,0.9424573109317209
1325,GS/2016/page_81.pdf-1,GS/2016,0,1,0.9882310295110639,0.9841096843804622,0.9981018859067338,0.9952853381284327,0.9969634320040052,0.9963469581646093,0.9732534852295476,0.9968176711193263,0.9968355584116033
1326,ETR/2008/page_343.pdf-2,ETR/2008,0,1,0.9018392696747533,0.857751244506809,0.9573535420588534,0.9641775999251782,0.9607983573161344,0.9336897050816373,0.8187299216200459,0.896311785108984,0.9470446283475088
1327,ETFC/2007/page_116.pdf-3,ETFC/2007,0,1,0.8961198162687539,0.8669444189228921,0.5347470849052592,0.3850389908720219,0.22926021941016608,0.2630259404551691,0.7929761217445996,0.38980678493584264,0.36549335269807903
1328,BLL/2011/page_29.pdf-2,BLL/2011,0,1,0.8369262367426071,0.8461612300184913,0.35171423752062736,0.2742519008598239,0.24176741951417127,0.37161324286926517,0.858118771839294,0.4149673951868725,0.4988565594918053
1329,C/2008/page_105.pdf-3,C/2008,3,1,0.5481189453653824,0.3989008105159042,0.6160439481968993,0.5762147466085785,0.3774188123680141,0.48864364066278587,0.4831531743914424,0.41945272119418253,0.38010376752617275
1330,GPN/2009/page_69.pdf-1,GPN/2009,1,1,0.5629919668002085,0.4459557953672323,0.5694753215680606,0.6940290576675163,0.7721408294119874,0.6853369498005699,0.6093884469357154,0.6633880569409895,0.7039303328702
1331,ADI/2010/page_50.pdf-1,ADI/2010,4,1,0.9665655341143052,0.9746643203829054,0.9903753450271318,0.9845337159678791,0.9790544365201052,0.9696714101961537,0.9857839674864858,0.98716332682059,0.982023857358927
1332,JPM/2008/page_41.pdf-2,JPM/2008,4,0,0.6614814160830896,0.6026578449175264,0.6431068174014906,0.6316597459945936,0.7149448152646807,0.783907941595925,0.5100814817279141,0.7881958333265008,0.7267809617854378
1333,MAS/2013/page_27.pdf-1,MAS/2013,0,1,0.16713963293714135,0.2829158801169845,0.6631621507758932,0.6209411737118614,0.8224489800323861,0.9475919119159627,0.23342734189418113,0.790918621934497,0.6796423673250769
1334,HIG/2013/page_212.pdf-2,HIG/2013,4,0,0.7251704799041412,0.8783854367445811,0.9384215424451162,0.9405173247131373,0.9483669903504504,0.9603994271068256,0.8565067820322122,0.9322129151707522,0.9152114272899488
1335,UNP/2010/page_79.pdf-2,UNP/2010,3,1,0.981851819250317,0.9824005895291301,0.9947748276883985,0.9952286015187257,0.9956761672366179,0.9930224889363642,0.9864211278553825,0.9981969117399455,0.998085022741718
1336,HUM/2005/page_18.pdf-3,HUM/2005,2,0,0.9262403080696243,0.9244852672099405,0.8701918261193944,0.8559897193432714,0.8777528543536043,0.8776558137315369,0.9285409876176803,0.8823530981490247,0.8334930533932696
1337,AMT/2012/page_121.pdf-2,AMT/2012,2,1,0.9867558127071866,0.9908046806178594,0.9927836718450338,0.993589646733364,0.9902141654786069,0.9882271517090306,0.988638183448266,0.9900146272585579,0.9895052101589211
1338,UA/2015/page_77.pdf-1,UA/2015,2,1,0.9400692378453059,0.9666108390929354,0.966155832116501,0.9797881583360961,0.9803771531215292,0.988520422017494,0.9590730809884679,0.950586656431706,0.9809060367626655
1339,RSG/2015/page_75.pdf-1,RSG/2015,3,1,0.3978524113168275,0.41898836892243063,0.11148154970546399,0.17247909367247258,0.32066907331973765,0.2295889531036694,0.3546459928069349,0.11305905011971357,0.23124547226372294
1340,AMAT/2015/page_14.pdf-1,AMAT/2015,3,1,0.9857985892232515,0.9858428065347868,0.9951797689475378,0.9949094599427856,0.9966930830102891,0.9971186498380336,0.98656805439496,0.9920799770150224,0.9936344300671331
1341,IPG/2016/page_46.pdf-2,IPG/2016,0,1,0.9263963687860636,0.8374514061744216,0.8582432927480026,0.7369108375330015,0.9065556102134196,0.8838592725810497,0.8458685184005243,0.6653814477643774,0.7141509096436282
1342,VNO/2008/page_183.pdf-2,VNO/2008,0,0,0.9235606644102159,0.9239863837880476,0.6149341734487659,0.7130730006505623,0.7961612295797298,0.9480499795291539,0.9294284934272166,0.6343499843587745,0.6592731167747885
1343,AES/2011/page_230.pdf-2,AES/2011,1,1,0.9125177235282715,0.94660931340066,0.9577835300482703,0.9676089634037479,0.9685249481761727,0.9681239391852867,0.9520029008460231,0.9671297040383916,0.978016337628068
1344,LMT/2015/page_106.pdf-2,LMT/2015,2,0,0.10180554834979787,0.17974489493768156,0.9654744417041343,0.9739520129395489,0.9090825726829899,0.9478076130368538,0.16611642857947156,0.9689606317450485,0.9716686266142724
1345,ILMN/2007/page_84.pdf-1,ILMN/2007,1,1,0.9519344924459725,0.9301290521268172,0.9933292895428988,0.9904413267459219,0.9939079123160645,0.9950623577401092,0.9268428632029325,0.9864358638356134,0.988982946014967
1346,IP/2013/page_61.pdf-2,IP/2013,3,1,0.9648981022004721,0.9644963314578369,0.9606482236289063,0.9747384680174042,0.874196015723526,0.9586893514379382,0.9706435059571289,0.9154094898665593,0.9326442378275104
1347,C/2008/page_207.pdf-3,C/2008,3,1,0.3271819022685932,0.14270347927692914,0.9968290448107754,0.9913727319881224,0.9884645869263325,0.986230703393393,0.63489045185876,0.993240484407147,0.9954566134491758
1348,AES/2011/page_131.pdf-4,AES/2011,1,0,0.9569783570415417,0.9388982241776662,0.5770093740515808,0.3730104980482651,0.2392174723146651,0.06507607817743749,0.9323384337092574,0.6344004514548481,0.6392992549082054
1349,AAL/2014/page_80.pdf-3,AAL/2014,1,0,0.9557556731231873,0.9733774835224938,0.9584502579947385,0.9624121422870291,0.9505844216520107,0.9596873281916865,0.9847975396439247,0.9763180365272075,0.965310062684757
1350,HWM/2017/page_77.pdf-2,HWM/2017,2,0,0.43321044065074477,0.4690352606774156,0.24532763917957828,0.16271078077602869,0.19220432086339576,0.0538302272108553,0.7276209029558381,0.22898493604519998,0.30021256008235914
1351,RCL/2005/page_40.pdf-3,RCL/2005,3,1,0.806630266183291,0.9405436612289192,0.9384350197164643,0.9267346748185992,0.9368809734703151,0.947295473144306,0.8538182670438694,0.9548878472271215,0.9636576508176631
1352,TFX/2015/page_42.pdf-2,TFX/2015,3,1,0.13626244893000475,0.19572185052909022,0.14904387701102945,0.25294709270810817,0.4747668261893047,0.132191752671486,0.37292599313044456,0.25210314577024795,0.17399869335594328
1353,MMM/2005/page_53.pdf-1,MMM/2005,4,1,0.9716047163265825,0.9710888698966396,0.979008863124394,0.9874107576669479,0.9876980028514929,0.9830814234167999,0.9754399334302074,0.9762357324631441,0.9846858929569633
1354,OKE/2007/page_51.pdf-2,OKE/2007,1,1,0.8136956596227551,0.853552164935568,0.9167705771502555,0.9299039912771292,0.8809080609800702,0.836001899185827,0.768865819572769,0.8816745849979538,0.8529170066773252
1355,AWK/2015/page_127.pdf-3,AWK/2015,0,1,0.9299061316442869,0.9405824691195528,0.9798559863560864,0.9706426236434377,0.9842456991820607,0.9683409674117087,0.9797719725490184,0.988749450998674,0.9885851884201979
1356,ETR/2008/page_435.pdf-2,ETR/2008,0,1,0.8255569245547932,0.8128179877914984,0.9763245352451728,0.9898205767227872,0.9395824710272211,0.9929296781698257,0.8637506884749679,0.9878946400016059,0.9904231015728819
1357,GPN/2008/page_95.pdf-2,GPN/2008,2,0,0.8514976491066448,0.7258689932183897,0.9507407323466969,0.9572136437668541,0.9452799127836615,0.8231086063997651,0.8450091946988177,0.9574844204694681,0.9100165752774512
1358,RL/2009/page_22.pdf-2,RL/2009,1,1,0.8629184848036828,0.9366997303981204,0.968876566899475,0.9615586253222473,0.9501703710488093,0.9524662776334625,0.8798468439955505,0.9606442576300284,0.9539332686466243
1359,DRE/2010/page_59.pdf-1,DRE/2010,4,1,0.909192674565116,0.9291163276481225,0.7578290790937215,0.7892180794767895,0.892825494695796,0.8936969906970303,0.9838756217056438,0.9341543149649177,0.9516282391593732
1360,UNP/2008/page_34.pdf-2,UNP/2008,0,1,0.8566255025674863,0.8658831231781278,0.9972513845407055,0.9955646252396464,0.994646712338014,0.9937501630552991,0.9205728494869095,0.9973529328856297,0.9933709921405567
1361,MRO/2013/page_40.pdf-1,MRO/2013,0,0,0.26434289067140365,0.23463973323236548,0.16939641632777414,0.1451969133353794,0.09033193607388124,0.46158754829476556,0.22327397633833224,0.12305646752060079,0.11397826974579664
1362,GS/2016/page_161.pdf-2,GS/2016,0,1,0.7631421193589754,0.8057259627814916,0.9912832738993012,0.9931575590639846,0.9899376775415629,0.9888298904789238,0.8402427835570618,0.9877907482940782,0.9947967530870916
1363,ALLE/2017/page_44.pdf-2,ALLE/2017,2,1,0.9802587523559989,0.9624356513149133,0.9960401313929854,0.9939687107654294,0.9931412239483807,0.9945283706662248,0.9892912068795668,0.9982710150381842,0.9977421071740364
1364,CME/2010/page_45.pdf-4,CME/2010,4,0,0.7688757988894809,0.750816389738354,0.9565083777483147,0.9414960249535651,0.9502397268881843,0.9601841443011453,0.6378960180812511,0.941174944714846,0.940081196709557
1365,GS/2014/page_134.pdf-4,GS/2014,3,1,0.934136329414305,0.9241922158881093,0.945507372549548,0.925830878124175,0.9278237313563177,0.919509574550801,0.9195204118936171,0.8225127655513764,0.8321771175230622
1366,RCL/2017/page_38.pdf-3,RCL/2017,0,1,0.27631017383416406,0.3688299252703717,0.8174331654306779,0.8480992224192476,0.8824753554057015,0.9654242527789001,0.292529533150966,0.7835760685308492,0.7749400685560611
1367,ADI/2019/page_77.pdf-1,ADI/2019,4,1,0.9087055954702159,0.897835550968341,0.7202394804089834,0.7502174647938249,0.6520562745697739,0.8250507809609451,0.9396100603428037,0.8579869442661009,0.8544936973426206
1368,IPG/2015/page_24.pdf-1,IPG/2015,4,1,0.9768815228878182,0.9818812272434516,0.9870061223581719,0.9884671186440518,0.9960822893170257,0.9937495999745484,0.9720271257185369,0.9913143590429888,0.9902597560162744
1369,AMAT/2015/page_14.pdf-2,AMAT/2015,3,1,0.992999276262989,0.9921084767334615,0.9894859302480038,0.9916152583101189,0.9886592635535176,0.99768928777652,0.9914526575887671,0.98941893926573,0.9905698700998199
1370,ETR/2017/page_477.pdf-2,ETR/2017,4,1,0.9853705081688352,0.9753104644616855,0.995989582809384,0.9949095320151673,0.996927375629164,0.9965702385883212,0.9604137997504703,0.9974054819800816,0.9967345832987518
1371,UNP/2014/page_80.pdf-1,UNP/2014,2,1,0.976015045609925,0.9769279929035342,0.9926911660466166,0.9951207924282064,0.9900105690651751,0.9917196432243339,0.988670960624001,0.9918312049822559,0.9938108345080802
1372,AAL/2015/page_131.pdf-4,AAL/2015,3,1,0.8943182416337703,0.5887860865460649,0.9253309004555318,0.8639096600699859,0.7184257886114681,0.8590832173508823,0.8930634539431513,0.8026747198229119,0.7333513539919192
1373,AAL/2015/page_51.pdf-1,AAL/2015,3,1,0.9649968975969392,0.9673160344370146,0.9353978000015128,0.9082167422399745,0.8309729600091704,0.9481276169564603,0.9233450914420708,0.903385890743781,0.9073379119872106
1374,AAPL/2014/page_67.pdf-2,AAPL/2014,2,0,0.4570464632768363,0.6204666040448116,0.23063465635269514,0.14275128893996494,0.22831597869467854,0.14930670681094899,0.4706770559155494,0.10723051067077588,0.08591299867604318
1375,BKNG/2015/page_38.pdf-4,BKNG/2015,3,1,0.8700975340783061,0.9267907419133878,0.9547452375516374,0.956218243730983,0.9708225312554342,0.9923219894440174,0.9343523766382008,0.978527641757878,0.9791138338584692
1376,PKG/2009/page_63.pdf-3,PKG/2009,3,0,0.5625421442339497,0.5795819975756688,0.253968334220047,0.5321102283780837,0.5196346302783766,0.20847784280436876,0.652456989684591,0.6010471814205646,0.6894834423438568
1377,PKG/2004/page_23.pdf-3,PKG/2004,1,1,0.9522804283043664,0.9453932758556031,0.9833561961385815,0.9817795125648267,0.9760953423184544,0.9913936217621591,0.913111729638978,0.9870769860325571,0.9863720875607503
1378,BLL/2006/page_45.pdf-2,BLL/2006,1,1,0.29312131198908153,0.5167357643443077,0.9934221163667917,0.9971372682426981,0.9929413288740009,0.9940703921766593,0.31044814696326656,0.99389950309812,0.9928191241640619
1379,INTC/2013/page_71.pdf-3,INTC/2013,4,1,0.915628913360562,0.8641852498956717,0.8972817725831477,0.9468569701240962,0.953383771375402,0.9464159308881066,0.9265396233842503,0.9259088642115617,0.9482292920846818
1380,GPN/2016/page_29.pdf-2,GPN/2016,1,0,0.7169732916359379,0.7610166547782912,0.9711606505055169,0.9564604453512071,0.9477556343034503,0.9858540091283827,0.6613340506787777,0.9780979729705748,0.914868844953083
1381,RSG/2018/page_13.pdf-2,RSG/2018,1,0,0.6588844866443453,0.7081778043846274,0.6422962816694343,0.6355794232611118,0.8695578614592153,0.7272784033573297,0.7950316497473705,0.7490744019000009,0.7829381711915477
1382,ETR/2008/page_33.pdf-1,ETR/2008,0,1,0.7496870573545695,0.7860992814506851,0.8139851699457924,0.8241680560937729,0.6849356710609596,0.9283253624518738,0.8261721863197496,0.8803867301704054,0.8562979032290006
1383,LMT/2015/page_55.pdf-1,LMT/2015,2,1,0.736740903563691,0.5565945199889423,0.7070065196810006,0.6717941806376577,0.6619156890183228,0.5246995992884954,0.9654248664208049,0.9423210081230929,0.9556948071430174
1384,KMI/2010/page_164.pdf-3,KMI/2010,4,1,0.9836731902295617,0.9632560903691291,0.9578859766456147,0.971834787846847,0.9866807997573331,0.9879220097742394,0.9820631010143905,0.986147993406631,0.9844749580017802
1385,MRO/2009/page_35.pdf-2,MRO/2009,4,1,0.9906648993209455,0.9916646915544708,0.9781102825036869,0.9740200524566345,0.9760210784139849,0.9933406042868157,0.9890096312943982,0.9815236247591527,0.9817709164327428
1386,DRE/2007/page_39.pdf-4,DRE/2007,1,1,0.7179983844297095,0.653129283905509,0.7795080056991845,0.7515555193034846,0.28758079806454334,0.8340210937635149,0.7022051361926386,0.8207646997907394,0.6650881127606426
1387,IPG/2017/page_49.pdf-4,IPG/2017,1,1,0.9027842901910232,0.8642426179907314,0.9965312629484263,0.9961903446833066,0.9962134468303234,0.9949948796949514,0.7863125543213368,0.9977250371764488,0.9948711902932033
1388,IPG/2014/page_23.pdf-1,IPG/2014,1,1,0.8730579373689089,0.848875654650274,0.8496051861870224,0.8853506326566601,0.852257974055762,0.848037965593338,0.9467820086708655,0.9511227063227641,0.8604929018231019
1389,SWKS/2011/page_112.pdf-1,SWKS/2011,1,1,0.9771566944944179,0.9651757366646042,0.9979138324083489,0.9984025219434661,0.995142457179302,0.998209479569287,0.9719112364269548,0.996395370332267,0.9963498404456241
1390,RE/2010/page_120.pdf-2,RE/2010,2,1,0.9449349456565536,0.9270772985177559,0.8303621703683716,0.8229863232417033,0.7288701865011928,0.6782283109577928,0.9846721179808744,0.9174766859426455,0.9293392563677275
1391,VNO/2005/page_69.pdf-2,VNO/2005,2,1,0.9331797505230518,0.9060001777119441,0.22737206308237104,0.32601476133091156,0.315126852780237,0.7955609157116633,0.9250146490284914,0.2767220676051742,0.28181353086063543
1392,RL/2009/page_22.pdf-1,RL/2009,1,1,0.8176824780370855,0.8526522935082209,0.9355164744106816,0.9312484465904383,0.9213474743055929,0.9136899919021082,0.6758337073653028,0.8962597546890108,0.8957684310276663
1393,MA/2009/page_115.pdf-4,MA/2009,4,1,0.8866495511704192,0.9521111153714288,0.9861940472577521,0.9838968511892863,0.9628861475780367,0.988104897744198,0.9648108916227222,0.9742504097370778,0.9761297981234025
1394,SNA/2013/page_93.pdf-4,SNA/2013,2,1,0.9234568546505453,0.933890957888568,0.9668736794843378,0.9206813649011519,0.7300586684807797,0.9394004580787189,0.9850011441531779,0.9685215316491843,0.9582535523597765
1395,HUM/2018/page_129.pdf-1,HUM/2018,0,1,0.9597639154837452,0.930860220922455,0.8963190478923019,0.9049193600966859,0.8712823746532742,0.8798764171896717,0.9330398172445776,0.8293274300763224,0.8760305663380019
1396,GPN/2009/page_68.pdf-1,GPN/2009,1,0,0.6562157125934461,0.5992382666973735,0.26826892807977853,0.2798024569902565,0.4737589948423308,0.7520961112142366,0.5998319239609127,0.2011245289506739,0.19994781734446138
1397,NKE/2015/page_37.pdf-1,NKE/2015,2,1,0.9856190486812829,0.9871068014157356,0.9966056897369399,0.9974515381931518,0.9991629848098299,0.9924814097472308,0.9821589905311833,0.9976269019830605,0.9940907090213006
1398,ETFC/2007/page_22.pdf-1,ETFC/2007,0,1,0.37899918858245024,0.16604003488466318,0.6378513925907929,0.6542761107159087,0.9034754925556066,0.9477259863717491,0.5560506023793687,0.7745732726775091,0.7047898963479569
1399,AWK/2014/page_122.pdf-1,AWK/2014,4,1,0.9764137073525987,0.9526986675638413,0.9272174153440179,0.879662855212019,0.9314406797839604,0.8579971571069723,0.9768862922604884,0.9380824839575808,0.9436128683896602
1400,UNP/2008/page_71.pdf-3,UNP/2008,0,1,0.8719811103208762,0.8415892024274039,0.8183783814928798,0.8867347441989115,0.8485013064625611,0.9097080111719654,0.8982112066465017,0.9250666889384672,0.9084960070697777
1401,EMN/2007/page_111.pdf-2,EMN/2007,4,1,0.9215610383701864,0.8878735437122303,0.8400887037060144,0.8778345461199143,0.8765965092492708,0.8403862732192467,0.92236804995796,0.8250157430776062,0.8422800936596554
1402,MO/2017/page_79.pdf-1,MO/2017,3,0,0.8369539301368061,0.7957578631602658,0.9529192459384831,0.9573871286938872,0.9515142876142153,0.7081775348175916,0.7808366662388555,0.9748456092120377,0.9551069775421289
1403,UNP/2009/page_26.pdf-2,UNP/2009,2,0,0.4448958901961802,0.32995198095113626,0.39021062728181655,0.3557383983234587,0.2941684182487231,0.17271575362518155,0.470086997971606,0.3260846576155888,0.21637366084269186
1404,APTV/2015/page_47.pdf-3,APTV/2015,0,1,0.959612680538239,0.9526356459742807,0.9111687532584385,0.9387613027201744,0.8843455408108203,0.9635691165872177,0.9815859581986973,0.9479246238760081,0.9418359319714189
1405,UNP/2015/page_76.pdf-2,UNP/2015,0,1,0.9216374981435493,0.8944945844644786,0.937653045404494,0.9481148779226769,0.940809268616476,0.7957322130344692,0.9194654467893988,0.9274974933471917,0.8836119278999401
1406,VLO/2012/page_27.pdf-2,VLO/2012,3,1,0.9895689779957877,0.9927262458065876,0.995853631408106,0.9940339292204633,0.9978527352408889,0.9986266956052757,0.9934293874686319,0.997563776584607,0.9983141796476854
1407,BLK/2008/page_75.pdf-3,BLK/2008,4,1,0.945921915981474,0.9592582034194164,0.9725692795104682,0.9853479314190827,0.9768635341445063,0.9792009246792409,0.9730940469178241,0.9428933564151152,0.9584165695952938
1408,ANSS/2016/page_85.pdf-2,ANSS/2016,2,1,0.8441758878065376,0.935531420706061,0.888122050829523,0.8916488455104148,0.9262684041972161,0.9763987144164873,0.8713128700637138,0.8850158879980904,0.8910523266643903
1409,IP/2015/page_44.pdf-3,IP/2015,1,1,0.9942109857085557,0.9915260958777796,0.9984025420155752,0.998859452892401,0.9975444989138486,0.9977149773692208,0.9840979345699752,0.9989101273100608,0.99785403973301
1410,UNP/2013/page_29.pdf-2,UNP/2013,3,1,0.8768167176644857,0.9063761406834765,0.9885484097482734,0.9871957536468019,0.994732372094679,0.9957621860829089,0.9427636432966419,0.9923973670386907,0.9891084576834015
1411,MO/2014/page_76.pdf-1,MO/2014,4,0,0.6638168982801067,0.6044138100656554,0.5661511211191336,0.39280895428358653,0.21496212797987457,0.8989304802905802,0.672097625138112,0.5617336849079112,0.3723228222811719
1412,UNP/2013/page_29.pdf-3,UNP/2013,3,1,0.9682343891527936,0.9704074948867891,0.9542571193076933,0.9346023874061974,0.9345823966396983,0.9458949601842984,0.9774139006455739,0.9155419313782398,0.917854632829334
1413,IP/2007/page_38.pdf-3,IP/2007,1,1,0.9405604243280955,0.9671435003485536,0.9870821189372541,0.9900795741009049,0.9823875644422004,0.9905148795680321,0.9759533577582643,0.9790009823778977,0.9875168866880544
1414,UNP/2011/page_56.pdf-3,UNP/2011,2,1,0.9863761776925076,0.9881122039288227,0.991379298770291,0.993797011794956,0.9903718138011954,0.9923191624407516,0.9943279648259937,0.9937099083428892,0.9908977181497187
1415,BLK/2016/page_35.pdf-3,BLK/2016,1,1,0.9457176971719731,0.9796368895348591,0.9881263237385424,0.9853278745369612,0.9969978670018531,0.9903150333094046,0.9806356970943491,0.9947572680913165,0.9928783305256301
1416,APTV/2018/page_36.pdf-3,APTV/2018,1,1,0.6585320532092326,0.7551327712495607,0.9955310710123882,0.996107086668106,0.9942565816948328,0.9933770307833317,0.5994504056161126,0.9891424034032809,0.9945103517229616
1417,UNP/2015/page_76.pdf-3,UNP/2015,0,0,0.955102629061311,0.908542112828985,0.8731309327286102,0.8447146608272629,0.5632584705774355,0.3048528446749244,0.9244111938817425,0.9037436698292899,0.8276834630810761
1418,SNPS/2006/page_68.pdf-3,SNPS/2006,0,1,0.8619377522027966,0.7839748350447422,0.956269922654825,0.9508637274685173,0.8984591569958291,0.9559779260988235,0.8574901319070023,0.8949654049302402,0.9430753342999371
1419,UNP/2015/page_80.pdf-3,UNP/2015,0,1,0.9931750777887456,0.9937010638024009,0.9708687720216755,0.976415792983451,0.9849338126996803,0.9878169546660772,0.9909378536178424,0.9754309425975293,0.9879565105337991
1420,CAT/2017/page_113.pdf-3,CAT/2017,3,1,0.9608309513057248,0.954223243046386,0.9968690500603019,0.9967809913396551,0.9975138566321365,0.9982286347436989,0.9421471915609828,0.9969559154746688,0.9962795623481452
1421,UNP/2011/page_35.pdf-3,UNP/2011,2,0,0.39815839293439703,0.31018003091689644,0.1446297104497247,0.16959726837131217,0.11570375560213662,0.03923992771742865,0.4079492306735572,0.0698580917077725,0.07874137633165418
1422,UNP/2015/page_31.pdf-2,UNP/2015,0,0,0.8786181007331619,0.9411455126259421,0.8360609325956578,0.905029128416022,0.8233004900692595,0.9020176725141009,0.9211404200766649,0.6396050524400658,0.8028107393669291
1423,IP/2013/page_70.pdf-3,IP/2013,3,1,0.9749473070847758,0.961838926031806,0.9280292091214947,0.9335992827504379,0.9308640364347114,0.9224965575011355,0.9610737248764875,0.8970595702945074,0.9236648751436225
1424,UNP/2010/page_79.pdf-3,UNP/2010,3,1,0.9206038698717066,0.9623577049100015,0.9979682941872574,0.9983268275532775,0.9991909176180802,0.9989722486977991,0.930155371475671,0.9979399273423075,0.9982385719669687
1425,APTV/2015/page_50.pdf-3,APTV/2015,0,1,0.9554427822490095,0.9522663657319381,0.8658582057308011,0.9381691108151227,0.9304313369263391,0.973119403272173,0.9329735178619961,0.8507207676748093,0.9284863743697889
1426,BKR/2018/page_59.pdf-3,BKR/2018,3,1,0.8347626549744418,0.7634940657877539,0.9681560554662457,0.9550745293452971,0.9788527138314648,0.9621294076527834,0.6139470010498144,0.9445953263894041,0.9709285057505248
1427,UNP/2008/page_71.pdf-4,UNP/2008,0,1,0.8610255087122592,0.7571144958284814,0.895236123493372,0.9008302618825519,0.6756905039947276,0.9707844017838712,0.838908829907545,0.9642847820490831,0.9352510788801762
1428,UNP/2010/page_33.pdf-2,UNP/2010,3,1,0.9649318181733045,0.9608769318617073,0.9503959041553107,0.9552610421538216,0.9743935115886369,0.9923623143315095,0.955012036207835,0.9903153196150309,0.988984595163588
1429,PPG/2018/page_60.pdf-3,PPG/2018,0,1,0.9016689581795139,0.8626855393557824,0.8869051219628012,0.9245820839205702,0.8889814648616051,0.8755194553923813,0.8576886893652189,0.919412151176786,0.9218126582571924
1430,APTV/2014/page_46.pdf-3,APTV/2014,2,1,0.9827367304076949,0.9884111258625213,0.9882507494313345,0.9883566889563519,0.9956184504993777,0.9947913448166537,0.9836950974212657,0.9907848105330821,0.9890186101518725
1431,IP/2007/page_34.pdf-1,IP/2007,1,1,0.984207991257288,0.9801882015036566,0.9972514434778069,0.9983637496196047,0.9967941820112117,0.9930198927229067,0.9735589617348499,0.9966006830215918,0.9968232421240322
1432,BLK/2012/page_31.pdf-3,BLK/2012,2,1,0.9545645940927671,0.9537956563632715,0.9926315436799067,0.990937707430757,0.9929123834990479,0.9888465876252774,0.9615953284494706,0.9895845635590319,0.9944752305767182
1433,PPG/2005/page_20.pdf-3,PPG/2005,4,1,0.9973767707893895,0.9972965441822369,0.9993056059551595,0.9991700607563799,0.9990281837605233,0.9989432051799112,0.9974681165136817,0.9992508060617464,0.9988503653155582
1434,UNP/2013/page_35.pdf-2,UNP/2013,3,0,0.7215511943979345,0.6690526849648973,0.05092349325793932,0.03757571217667889,0.048405357034807604,0.047348237678743674,0.5626262913279849,0.031220755186853192,0.04953046065808239
1435,CMCSA/2015/page_70.pdf-1,CMCSA/2015,1,1,0.9812379535908279,0.9863458070248982,0.9901633768122718,0.9893264216742353,0.9962195570879235,0.9965959351990181,0.9815375282451498,0.9935150179221305,0.99267222328709
1436,UNP/2012/page_47.pdf-2,UNP/2012,4,0,0.9808255514963058,0.9818489381975198,0.9917143747806777,0.9858947712414575,0.9836428486722718,0.9851580809745961,0.9794562854757873,0.9897187042494462,0.9791501401990838
1437,UNP/2017/page_23.pdf-3,UNP/2017,1,0,0.9797478422770308,0.9869620461788774,0.9904468139788205,0.9927794912514346,0.9970112470513377,0.9926945243588723,0.9924487996267946,0.9847204619448614,0.995325735783565
1438,MO/2017/page_10.pdf-3,MO/2017,3,1,0.9313606437441756,0.8922466654982677,0.9725431082628503,0.970783783192537,0.9853960555820627,0.9836397525741714,0.9561828275875518,0.9834416753336663,0.9926234878903897
1439,UNP/2008/page_81.pdf-3,UNP/2008,0,1,0.9574054857715393,0.8985954170578231,0.9564996180300239,0.9371896618532213,0.9464718958991957,0.862637954277511,0.9644425220555831,0.9598917895330157,0.9448219948841009
1440,MO/2014/page_11.pdf-3,MO/2014,4,1,0.9431950688041314,0.9353828293874954,0.9329336432096451,0.9445633768118222,0.922927726541892,0.9309597956015719,0.8725086431551551,0.9419517505227792,0.9382962064866918
1441,UNP/2008/page_59.pdf-3,UNP/2008,0,1,0.9758259876437282,0.9819700839060024,0.9469196424458177,0.9642459050256752,0.9717155436742817,0.9662211906556083,0.9810926015371527,0.965961646639121,0.9704936750631534
1442,UNP/2011/page_78.pdf-3,UNP/2011,2,1,0.8954824913451063,0.9224096522949572,0.9660930264392888,0.9711443300406101,0.963186251092267,0.9706014748846357,0.9509655215624647,0.9621291458802579,0.9645016574013165
1443,UNP/2009/page_26.pdf-3,UNP/2009,2,0,0.5007075113061346,0.3428802329399326,0.24813511822280584,0.28933429030187174,0.22038461547158425,0.08002146527908661,0.5808222366901633,0.16480331616189545,0.13286622342661508
1444,EXPD/2017/page_30.pdf-3,EXPD/2017,4,0,0.9627650739373562,0.9102649432446464,0.9909280364323391,0.9920591909286652,0.9918957157425874,0.9881019311132007,0.9165967195434166,0.9953093554731531,0.9926689910907125
1445,MO/2016/page_76.pdf-2,MO/2016,4,1,0.7039587535287454,0.8188147878633693,0.7593746838214588,0.7001448736683844,0.9322238786850506,0.7758104714174349,0.7272157629177309,0.7271520899528803,0.7205038941324654
1446,UNP/2014/page_16.pdf-3,UNP/2014,2,1,0.9015523799238148,0.9101721336662079,0.756990255572383,0.7892917963686478,0.620345642506913,0.9112119716819722,0.9323720831722292,0.7369162792737032,0.777205426514374
1447,IP/2015/page_46.pdf-3,IP/2015,1,1,0.9577145588435133,0.9367444647083257,0.9926035932949872,0.9949554766172976,0.9918149094994877,0.998338684548723,0.8485943005411205,0.992033541490485,0.9893830560743768
1448,BKR/2017/page_49.pdf-2,BKR/2017,4,1,0.9582871744469132,0.9818358710066127,0.9899155173341959,0.9957874375374851,0.989466867137983,0.9793549111611878,0.9844279337772412,0.9924832737023205,0.9947388923785498
1449,UNP/2009/page_89.pdf-3,UNP/2009,2,1,0.9837654693419225,0.9862019599322017,0.9884998937209648,0.993258314108016,0.9923353797454084,0.9856436527820127,0.9957354792846324,0.9895368484098583,0.9932466962091512
1450,UNP/2014/page_14.pdf-3,UNP/2014,2,1,0.8772302097062745,0.8731667229803762,0.9206789270133766,0.9007177276862743,0.9384953841324505,0.9510035165781602,0.8800374333470087,0.9284876112266246,0.9274298790716146
1451,IP/2014/page_101.pdf-3,IP/2014,4,1,0.9887482988955959,0.9856693662636223,0.994878006323109,0.9888381173215834,0.992619658110896,0.9859346005554789,0.9943232279938353,0.9942615406896483,0.9947484795091719
1452,UNP/2009/page_38.pdf-3,UNP/2009,2,1,0.8103695715591026,0.8893783905000386,0.8196547230848904,0.782631555617845,0.8803292877215054,0.6801854371235471,0.9500896308286182,0.9408492609361052,0.954652328302135
1453,AAP/2011/page_16.pdf-3,AAP/2011,1,1,0.9960012824633119,0.9965352807510687,0.996827020166371,0.9975404007612323,0.9914535493049255,0.9961757306807287,0.9980458869490522,0.9940705892071097,0.9965267057703976
1454,IP/2012/page_57.pdf-4,IP/2012,3,1,0.9851047924045945,0.9297083107345336,0.963575829593467,0.9669135452931307,0.9265042618315741,0.9137640219308898,0.9794495538418301,0.9603372537277571,0.959535182206657
1455,UNP/2012/page_55.pdf-3,UNP/2012,4,1,0.9343367785976147,0.9242749562394303,0.9438809735786583,0.9606325943560904,0.973580002694608,0.9740076115111652,0.9260301360963955,0.954576512042779,0.9512764231612664
1456,VLO/2013/page_24.pdf-2,VLO/2013,4,0,0.816808753471411,0.7938056967787256,0.4523830934538874,0.448701178396253,0.531234995737875,0.3634963892214958,0.6248339815170121,0.1970756194181256,0.25322898946692113
1457,BLK/2012/page_31.pdf-4,BLK/2012,2,1,0.9937283064621752,0.9926365228568538,0.9983471520949608,0.9978414342120462,0.9983831995888648,0.9963955057872006,0.9910182295292475,0.9968385638106575,0.9974072740159282
1458,ABMD/2015/page_93.pdf-3,ABMD/2015,3,1,0.9799242768496681,0.986658777557228,0.9784382616461499,0.9879084490698664,0.9841716963594805,0.9898850935582572,0.9699518985682769,0.971677571176276,0.9663241507032847
1459,IP/2013/page_105.pdf-1,IP/2013,3,1,0.9829979867629466,0.9794179183156779,0.8247760224126116,0.8977703727779587,0.822585323932414,0.859641716250236,0.98929284257197,0.951931083000895,0.9083680707567559
1460,BLK/2012/page_82.pdf-3,BLK/2012,2,1,0.9312812773930328,0.9303561989054673,0.9614752809505244,0.9751675613800803,0.9710916031135569,0.9822845072684155,0.95989665944462,0.9607528133282399,0.9731008857940633
1461,UNP/2012/page_23.pdf-3,UNP/2012,4,1,0.7197852007710503,0.6756291102439258,0.2953409867695376,0.3990408362208077,0.7509983221189355,0.3920101945858449,0.7405645577730017,0.41801844670085797,0.4847488548107422
1462,UNP/2009/page_25.pdf-3,UNP/2009,2,1,0.9083677450918118,0.9242330351554507,0.9879298299289831,0.987883139580149,0.9913417310307528,0.9935159581395131,0.9457944203647672,0.9893194507974682,0.9884761809865455
1463,UNP/2017/page_74.pdf-3,UNP/2017,1,1,0.9894249200544087,0.9893650367879497,0.9980382575404393,0.9990241241061095,0.9991603257673264,0.998845606257263,0.9938228035364132,0.9974805158619451,0.9991178942406447
1464,ABMD/2011/page_33.pdf-3,ABMD/2011,4,1,0.9511481390236399,0.962682167397072,0.87714935953613,0.9188492783825436,0.7232695026741816,0.9261343506938371,0.9577081232863279,0.9078203567751946,0.905990119476469
1465,UNP/2007/page_79.pdf-2,UNP/2007,1,1,0.9676837358445459,0.9562718249086697,0.9587882381736033,0.945945869467106,0.9690021940788275,0.9299978727417197,0.9530870313653782,0.9496888754756405,0.967778150607989
1466,PPG/2018/page_54.pdf-3,PPG/2018,0,0,0.5338015803454087,0.6933794015431459,0.06640758727505966,0.0678482808837832,0.039768853817631705,0.05125330559565378,0.3747747212570191,0.014914588391343159,0.02193968520706822
1467,UNP/2013/page_24.pdf-2,UNP/2013,3,1,0.9789893564756434,0.9895118708762735,0.9299126436703624,0.9289570080801163,0.940532872568939,0.9807641129398506,0.9936316420806364,0.9620740424209483,0.9609542941521385
1468,UNP/2015/page_31.pdf-1,UNP/2015,0,0,0.21387875696042816,0.25231271736532174,0.10443226359238035,0.28366241763818484,0.33002292890153334,0.13695295431552695,0.28524957591346556,0.08746231377366033,0.13906116491577192
1469,BLK/2014/page_33.pdf-3,BLK/2014,4,1,0.9848850799423137,0.9861994795838096,0.9956152957627891,0.9961747032102832,0.9962689258544962,0.9982617803236545,0.9901721193390396,0.9969255280015887,0.996661297629093
1470,IP/2012/page_84.pdf-1,IP/2012,3,1,0.9212244901899628,0.8960018515612057,0.9925903000355556,0.9883235004869698,0.9645249328016526,0.9957550050778313,0.843833405535342,0.988360739193542,0.9850887318455979
1471,TFX/2014/page_44.pdf-4,TFX/2014,4,1,0.2500987868571766,0.22795590678019254,0.14701649436169636,0.0897141770683809,0.10104344036699586,0.04997827346682756,0.29937668010690865,0.04086390292385248,0.1000255145443876
1472,PPG/2015/page_40.pdf-3,PPG/2015,4,1,0.9809766555595228,0.990024146249354,0.9896317751394468,0.9953873585003546,0.9907453827122429,0.9863458652818106,0.9920706123854599,0.9960740976729482,0.9957885489242136
1473,BDX/2016/page_62.pdf-2,BDX/2016,0,1,0.8006891976783539,0.8745634074774393,0.6114922023775461,0.7067779883727411,0.9420884076214632,0.9241168123604178,0.8112862954806674,0.6385549271515515,0.45106906212993364
1474,UNP/2010/page_75.pdf-2,UNP/2010,3,0,0.4789319365186716,0.46159802241035813,0.9827705766078171,0.986734101906173,0.9804178843672063,0.9496703659272184,0.39700676713345223,0.929777720059141,0.9700886784939663
1475,UNP/2013/page_35.pdf-3,UNP/2013,3,1,0.7239022251226458,0.6871964552595163,0.9692073050506852,0.9663621200097189,0.9919915058582446,0.9072276725533728,0.5855873899015481,0.9462190372148708,0.9670416912201042
1476,UNP/2014/page_56.pdf-3,UNP/2014,2,1,0.9483996244919825,0.9185774352016207,0.9014794546605231,0.8947411347317362,0.8632730393927237,0.9166523602161895,0.9083162363436599,0.8977570737044411,0.8661486019393821
1477,UNP/2010/page_25.pdf-2,UNP/2010,3,1,0.9137689628867424,0.9740959249680585,0.812611335580737,0.8734706771728548,0.8652525600181817,0.7242569013293086,0.9228039681585741,0.7631847236332452,0.7520475550558993
1478,ANSS/2016/page_85.pdf-3,ANSS/2016,2,1,0.7426705340482218,0.8152679555531602,0.9530493185346558,0.9521260261036538,0.8829590910388478,0.9878747952882392,0.8801860066480476,0.9684849310462492,0.9637288606376292
1479,UNP/2008/page_83.pdf-3,UNP/2008,0,1,0.9889859908673339,0.9874286928143367,0.975460410093346,0.9598788705830957,0.9621600072979437,0.9842577348980024,0.9887980312352714,0.9797894016892368,0.9704290155000992
1480,BLK/2016/page_75.pdf-3,BLK/2016,1,0,0.9591123940257623,0.982513403482308,0.9359313090728727,0.9085989325749768,0.935420660230865,0.8707552537926198,0.9830622150644649,0.9170379952873791,0.9652697399483918
1481,ABMD/2011/page_33.pdf-4,ABMD/2011,4,1,0.9393699194013971,0.9463048946502113,0.8574373016358343,0.917039972249909,0.725440084219217,0.8923167226845492,0.9569557012969852,0.905043906033161,0.9072691794747767
1482,UNP/2008/page_83.pdf-4,UNP/2008,0,1,0.9955247190557194,0.9945172743072773,0.996580104011091,0.996595079752716,0.9969845382696768,0.9966784645690511,0.991058789622672,0.9981296941441505,0.997552095196265
1483,IP/2013/page_62.pdf-4,IP/2013,3,1,0.9864436392235355,0.9879258344000378,0.8151864690739218,0.9166079108991613,0.9442723103439005,0.716427742850808,0.9858401261538269,0.9172790788963688,0.9087024045364704
1484,UNP/2011/page_25.pdf-4,UNP/2011,2,1,0.9226327235208671,0.9661400628494331,0.8680989671818978,0.9596869560851792,0.905316314006709,0.9865108137679979,0.9527202605708887,0.9798362510460715,0.9596224451616375
1485,UNP/2008/page_26.pdf-3,UNP/2008,0,1,0.9839032782073293,0.9908673558074279,0.9929425268028845,0.9970488096403308,0.9946845350754204,0.9982870731134061,0.9903851291722611,0.9968392752524764,0.9960726147194654
1486,PPG/2015/page_40.pdf-4,PPG/2015,4,1,0.9776103485905987,0.9832175536031283,0.9984943375867305,0.9980276149662691,0.9960114402111593,0.9977454758753328,0.9894013014767852,0.9991618400691424,0.9990088973130182
1487,IP/2016/page_52.pdf-3,IP/2016,3,1,0.9793238149545244,0.9900141584163386,0.9880732603479353,0.9953890331595537,0.995263273282018,0.9964119036101783,0.9859838154828742,0.997166579643869,0.9978520027829598
1488,AAP/2012/page_61.pdf-3,AAP/2012,0,1,0.964478958537996,0.9725785597769612,0.9008221795530189,0.9203777575840263,0.8068804365647544,0.9232080324978261,0.9639577203143074,0.9193336714992661,0.8522994635703127
1489,MO/2017/page_79.pdf-2,MO/2017,3,1,0.832384244255223,0.7728834829153931,0.4054873806655765,0.5228859340612539,0.8060895877436839,0.6683536189051489,0.7354969345032961,0.5964194313284025,0.5346075625192155
1490,IP/2014/page_105.pdf-2,IP/2014,4,1,0.9216154191535323,0.8744688684872172,0.9946937339978038,0.986313855504644,0.9890532316696594,0.9947032770127704,0.812993507065665,0.9938712454774612,0.9853996276279474
1491,UNP/2014/page_24.pdf-3,UNP/2014,2,1,0.9364400048112037,0.9607240244863733,0.9432694409644067,0.9289563979443216,0.9698980625683384,0.9319031123818633,0.9701662384497982,0.9641244844590837,0.937031329969501
1492,LKQ/2009/page_77.pdf-3,LKQ/2009,2,1,0.8282280984543215,0.8120418434730277,0.6375926954431564,0.6979778887814125,0.8130399833031027,0.8418290129684438,0.8679959566603734,0.6755322999674976,0.568910302832077
1493,UNP/2012/page_39.pdf-3,UNP/2012,4,1,0.9891751597682217,0.9915790740299969,0.9906858775036368,0.9908530984936718,0.9911234477496995,0.9883154436277717,0.9863048056680336,0.996520836254435,0.9949058841294127
1494,UNP/2012/page_74.pdf-1,UNP/2012,4,1,0.8432441944032837,0.8739224871532557,0.9552621594338926,0.9709506980738659,0.9728921237824365,0.9761675655484258,0.9167670877939152,0.9542134973938788,0.957280870584515
1495,UNP/2011/page_78.pdf-4,UNP/2011,2,1,0.8954824913451063,0.9188695004088032,0.9586754996227054,0.9673825900270413,0.963186251092267,0.9669416253889928,0.9509655215624647,0.9535997256879153,0.959547302292326
1496,UNP/2014/page_24.pdf-4,UNP/2014,2,1,0.9542214632888596,0.9779943870527026,0.9903877237383789,0.9952009802477282,0.9970135664238257,0.9963034682671139,0.9859531114561121,0.9935768964828857,0.9950017268892729
1497,UNP/2009/page_31.pdf-2,UNP/2009,2,1,0.14125277664774794,0.08466251753930791,0.9901218320304898,0.9832772271529673,0.9879854594153412,0.9962141278196672,0.12669411700433833,0.9864996390149763,0.9836995263793891
1498,CMCSA/2015/page_165.pdf-1,CMCSA/2015,1,1,0.891391442646826,0.9409591844797722,0.8874092901274293,0.9241269134011784,0.9669910962638659,0.9676808477823702,0.9674816155029159,0.8971098586116015,0.9488653063294424
1499,LKQ/2010/page_72.pdf-3,LKQ/2010,2,1,0.9687131759584283,0.9700946520327048,0.9744336646942967,0.9822319440974284,0.9740474352621598,0.9894138168424543,0.9823209813829431,0.980222086803596,0.9899017524033319
1500,UNP/2013/page_24.pdf-3,UNP/2013,3,1,0.9789893564756434,0.9887318020720884,0.9215920182284707,0.9420209319072818,0.9106214186132432,0.9804070035562569,0.9934492600753521,0.9595439805569503,0.9568279082703002
1501,UNP/2010/page_30.pdf-2,UNP/2010,3,1,0.63619952029817,0.7625937129056779,0.48330740843158,0.4221590334806085,0.24639809057217385,0.7193765671231577,0.636016065476256,0.2911779003079803,0.2780519275738284
1502,UNP/2014/page_14.pdf-4,UNP/2014,2,1,0.8772302097062745,0.8731667229803762,0.9206789270133766,0.9007177276862743,0.9384953841324505,0.9502405850570697,0.8800374333470087,0.9239073531616999,0.9274298790716146
1503,TFX/2015/page_42.pdf-3,TFX/2015,3,1,0.9647748957771956,0.9506824596823327,0.9499024977466687,0.9758392840737816,0.9653838859991568,0.9897994732068354,0.957250922629919,0.9311315359872148,0.9439424367329355
1504,UNP/2015/page_16.pdf-1,UNP/2015,0,1,0.942510670566935,0.9354864864471784,0.8794099665401828,0.9162783111961282,0.8413845739869553,0.8741241515004956,0.9374640539360496,0.8604661122509398,0.890110730536657
1505,IP/2005/page_83.pdf-1,IP/2005,2,1,0.991867667334923,0.9899103434931434,0.9927419000144896,0.9907512440061665,0.9881740460588291,0.9931483907123412,0.994506828576673,0.9799145636654739,0.973329938839604
1506,MO/2016/page_76.pdf-3,MO/2016,4,1,0.7273778861561601,0.8379851970769934,0.4498876384129911,0.5248981415338615,0.2390597191987941,0.8565854547050856,0.7465446386246327,0.48079083357511754,0.4780107053749062
1507,UNP/2007/page_79.pdf-3,UNP/2007,1,1,0.9566598057077527,0.9550094390023051,0.9594423026256464,0.959818062247701,0.9728059247508813,0.939885636229784,0.9289216942395611,0.9624375409738727,0.9757896672445893
1508,PPG/2005/page_20.pdf-4,PPG/2005,4,1,0.9697145032542167,0.9727065452153394,0.9511130279757677,0.947133510512894,0.9729308706295204,0.9574547770543123,0.9727653807492928,0.9669847362787729,0.9647883870658563
1509,IP/2005/page_32.pdf-3,IP/2005,2,0,0.9680507874534204,0.965365324918195,0.9706819571672954,0.9609622903842555,0.9799290993147769,0.9586848074296695,0.950687849523987,0.9402924114968307,0.967151575480449
1510,LKQ/2018/page_102.pdf-4,LKQ/2018,4,1,0.8812091500339552,0.9438358881284385,0.967329577625998,0.9435401266981825,0.9570176710467863,0.9766307149119812,0.9658496802514426,0.9800429022679006,0.9376101518665666
1511,UNP/2009/page_31.pdf-3,UNP/2009,2,0,0.12864620088448547,0.0845302343270384,0.32120830757187147,0.24186611090243548,0.324701209828502,0.24444944220448034,0.12764283169132862,0.18374690998054566,0.23847935599307368
1512,BDX/2017/page_28.pdf-2,BDX/2017,0,0,0.9910647857759466,0.9787419385493563,0.9624494793949152,0.9711392232725549,0.9519047757109322,0.8865679508534561,0.9897831040357119,0.9754583838090682,0.9668272504330022
1513,UNP/2014/page_56.pdf-4,UNP/2014,2,1,0.9442821349006495,0.9318641871020392,0.9782473268517623,0.9847019010458467,0.9636575132580268,0.9267701255960794,0.9378556398973339,0.9681485051487814,0.9734659895342541
1514,UNP/2018/page_50.pdf-3,UNP/2018,0,1,0.9472467198485297,0.9565195451177837,0.948506718248703,0.9417861249209345,0.9202637990376084,0.9059915469398753,0.9437667680718531,0.948528458135828,0.9432186555195823
1515,UNP/2009/page_25.pdf-4,UNP/2009,2,1,0.8349461049715852,0.9052468885065524,0.9957832056265716,0.9954793086390196,0.9968018378295731,0.9958103278132392,0.8866075881341758,0.9958503510645276,0.9969236190216748
1516,BLK/2016/page_75.pdf-4,BLK/2016,1,1,0.9736710640123512,0.9860964446862048,0.9823077882164949,0.9892336900152584,0.9879692947598188,0.9267777887657255,0.9846687855696775,0.9804547720454475,0.9943714046368765
1517,PPG/2008/page_19.pdf-4,PPG/2008,3,1,0.9142802401944632,0.9678947745860675,0.8034089969050473,0.789402703075985,0.7700033804348465,0.8844961582861931,0.979566375002875,0.8586326189555489,0.8929169028895375
1518,UNP/2008/page_26.pdf-4,UNP/2008,0,1,0.9898069035757354,0.9856048067516862,0.9258156114164175,0.9272543652356495,0.9467113569125626,0.965816555723199,0.9782628900657057,0.9521271097131015,0.966210871639776
1519,UNP/2011/page_56.pdf-4,UNP/2011,2,1,0.9858551690083123,0.9881122039288227,0.9930833762906266,0.993797011794956,0.9911229321970096,0.991946074653478,0.9943279648259937,0.994837365891078,0.9918665272027071
1520,UNP/2017/page_50.pdf-3,UNP/2017,1,1,0.9743347517133455,0.9693490033851346,0.972498629608856,0.9784259163003124,0.9785803930766896,0.9940213428004934,0.9732553333966277,0.9761327097402128,0.9762557906222995
1521,UNP/2016/page_24.pdf-2,UNP/2016,3,1,0.9453448240252417,0.9349650055822724,0.941983222870594,0.9209267672155358,0.9273491872893751,0.9754430017037481,0.9713678277032182,0.9161051205044783,0.9224749932420868
1522,IP/2015/page_51.pdf-4,IP/2015,1,1,0.8979239990636096,0.9306002682411275,0.909640544996829,0.9023280880429373,0.9613817065144812,0.9653574295032301,0.9410771972272165,0.9627823131184756,0.9309996216976427
1523,UNP/2012/page_34.pdf-3,UNP/2012,4,0,0.32595519523623057,0.3281364039509365,0.18094004700444413,0.15378973692619102,0.12959224546086165,0.20464932532253013,0.2851192796291265,0.155354173900819,0.11942434465550159
1524,UNP/2012/page_39.pdf-4,UNP/2012,4,1,0.993035337699198,0.9926854271156172,0.992657627065104,0.9938725454588927,0.9975287253353311,0.9936474003474782,0.9905991887140719,0.9978419315717174,0.9947151343940547
1525,UNP/2016/page_75.pdf-3,UNP/2016,3,1,0.974347106227605,0.9758195907892627,0.9755773264149672,0.9817013376350382,0.9781929920965223,0.9942077695974014,0.957445644770199,0.9437372993889199,0.9576736138505314
1526,UNP/2012/page_30.pdf-3,UNP/2012,4,0,0.671048688008444,0.7339909141403105,0.5888875922242968,0.5671087874568969,0.7057481453013382,0.08508167259636217,0.7734915430573839,0.5059702384108867,0.500851061281884
1527,BKR/2018/page_52.pdf-2,BKR/2018,3,1,0.9868721679010601,0.9902587064765989,0.9920656500886604,0.9932105455227989,0.9943851523642395,0.9958083809161383,0.9955476690028079,0.995724013166614,0.9939793841858435
1528,LKQ/2009/page_66.pdf-4,LKQ/2009,2,1,0.8436401045836802,0.811725551593449,0.7512471270467816,0.6781022451666384,0.8449161945490958,0.8950691729926369,0.8395545614658516,0.7889782804278896,0.8187313649029496
1529,EMN/2004/page_82.pdf-1,EMN/2004,0,1,0.8609480442993033,0.8767898091217419,0.7120977610206489,0.6749197129319608,0.683531028928743,0.3731326791567257,0.9021475868900465,0.7554419603133036,0.8040714919597779
1530,VLO/2012/page_130.pdf-1,VLO/2012,3,1,0.6904287144473933,0.6717665764774571,0.9484678846765684,0.9484559714252554,0.9831614744098885,0.9818738209429677,0.699493770634409,0.9372271342185383,0.9259544267285883
1531,UNP/2010/page_25.pdf-1,UNP/2010,3,1,0.6290276145203725,0.8169988778363662,0.9553872521737847,0.9578443747593129,0.9705410834163125,0.9786795835301766,0.8035654969558329,0.8826517800250778,0.8801438471851893
1532,APTV/2013/page_48.pdf-3,APTV/2013,3,1,0.9544555844439571,0.9389244316066759,0.997226971907298,0.9954904456290649,0.9948071066300146,0.9979658179444086,0.8686567620501916,0.9976991688286222,0.9973389693317581
1533,UNP/2009/page_38.pdf-4,UNP/2009,2,1,0.8200099484395164,0.8608927020154163,0.9923579366315844,0.9885571374791964,0.9936157949914385,0.9868522712790144,0.8312812451166683,0.9904335990827061,0.9931496202017924
1534,HOLX/2011/page_122.pdf-4,HOLX/2011,2,0,0.9321943531357869,0.9576152909927368,0.8970428008656415,0.9483209276154246,0.9680733726980776,0.8754350365578362,0.9433519750683763,0.9327129261038414,0.9304972189503196
1535,SNPS/2013/page_61.pdf-2,SNPS/2013,0,1,0.9910947082517145,0.9889859450746579,0.9417771973172514,0.9611519323942554,0.9568861638506992,0.9440097330043874,0.9798362219618811,0.9649011361111843,0.9801520996957849
1536,BLK/2016/page_35.pdf-4,BLK/2016,1,1,0.9812910243308248,0.9844749378332784,0.9894885156406508,0.9788575184766046,0.9828101845290697,0.9931841519808622,0.9920199471107223,0.9930891014252943,0.9767708485533199
1537,UNP/2009/page_61.pdf-4,UNP/2009,2,1,0.9567812423588629,0.9586072520623139,0.9815634070098652,0.987551333042584,0.9883307855535591,0.9835164204109369,0.9754262107956655,0.9844521682581564,0.9843370867421419
1538,UNP/2012/page_55.pdf-4,UNP/2012,4,1,0.9391527946053377,0.9346724529183325,0.9049620514577645,0.8882571365067164,0.9581806920298078,0.8712830634964348,0.93709299066175,0.8713719386643295,0.9015005625267035
1539,UNP/2011/page_80.pdf-3,UNP/2011,2,1,0.9662626279073074,0.9686758421840562,0.9830286559637197,0.9907743311205632,0.9569904823570158,0.9717378171861228,0.9879858601929492,0.9736561865550194,0.9798751206675154
1540,BLK/2017/page_35.pdf-4,BLK/2017,2,1,0.9870755215883575,0.9942198531149536,0.9952982143964025,0.9926848596956445,0.995168129644321,0.9835443597593022,0.9847467503682527,0.9958830703589236,0.9948714377108814
1541,UNP/2011/page_35.pdf-4,UNP/2011,2,1,0.39815839293439703,0.3146209810096953,0.9090461755814688,0.9122650650705765,0.9277449944680407,0.9162505420425263,0.4343080461443751,0.869749778544924,0.8996165738472383
1542,LKQ/2018/page_93.pdf-1,LKQ/2018,4,0,0.9607095084625402,0.962460705036406,0.9506231649424196,0.9200762052551494,0.9520545130942419,0.8108575970429353,0.9612231234380096,0.9522775460106406,0.9653686453211563
1543,IP/2014/page_71.pdf-4,IP/2014,4,1,0.9857140529885203,0.9897560814903694,0.9714790364251691,0.9620191476773616,0.9652722696269598,0.9710817035532419,0.9795877179461331,0.906044799738789,0.9519329954126239
1544,IP/2015/page_83.pdf-1,IP/2015,1,0,0.9462033231049987,0.8970032245747132,0.7880229784784563,0.597093648576641,0.8428200561443331,0.7195070345871836,0.8660166506024454,0.7490197454682298,0.4828414336434588
1545,PPG/2018/page_61.pdf-3,PPG/2018,0,1,0.5938014866666423,0.6070202314288514,0.8337881051248416,0.886393350936347,0.8738262491713743,0.9676880960664549,0.39080492328180644,0.6164433351092401,0.6591989580031183
1546,BLK/2012/page_32.pdf-4,BLK/2012,2,1,0.8851237479456842,0.9317953050424153,0.8907196282758499,0.9220920251161747,0.8150821652345366,0.9203628559998213,0.9125735468343538,0.8893854992306994,0.90729176378132
1547,PPG/2018/page_60.pdf-4,PPG/2018,0,1,0.8930401604783953,0.8559618469877732,0.8384902619691085,0.9031508933471373,0.8787374314487707,0.8561372914326691,0.8371131950749247,0.8755910819434863,0.8980927357636059
1548,CMCSA/2015/page_158.pdf-1,CMCSA/2015,1,1,0.9347028773817451,0.9256709977218858,0.8244921106593307,0.8391332956208837,0.7328892922682949,0.5444793337771859,0.9798255348071012,0.9520715718432835,0.9548226793632014
1549,UNP/2012/page_23.pdf-4,UNP/2012,4,1,0.7333319718147929,0.6975942837514291,0.9791016238646737,0.9783276275644973,0.9815250883009601,0.918310028020185,0.7455816776071451,0.963322976261431,0.9792986960971145
1550,IP/2015/page_82.pdf-1,IP/2015,1,1,0.9888496631198133,0.9893603564295838,0.997839055912183,0.9970918858936614,0.9942833524353522,0.9922315785505105,0.9856681472891108,0.9986555808789099,0.9965766071150475
1551,UNP/2014/page_16.pdf-4,UNP/2014,2,1,0.9334596543955553,0.9305481233975598,0.8993249254131791,0.8840134276651148,0.8681558313139308,0.8344656462127189,0.9629651971628223,0.8880127272384437,0.8863293962680401
1552,SNPS/2006/page_67.pdf-4,SNPS/2006,0,0,0.8583758048640843,0.8027976111255919,0.8411457419703734,0.9274525234440728,0.8156817552786094,0.8865639927140357,0.9021714635255549,0.9042395994312916,0.9099770757445876
1553,MO/2017/page_10.pdf-4,MO/2017,3,1,0.7437873313785703,0.7896266514480078,0.9419024367276857,0.849847207256771,0.9739296271771873,0.9257578538988256,0.8650744342177056,0.9100581809552692,0.9621300229345856
1554,UNP/2016/page_24.pdf-3,UNP/2016,3,0,0.928673947715647,0.9021795161018378,0.9380630324018675,0.9320201724075452,0.9479771906676352,0.9795107146803076,0.9697438280270037,0.9221787699293887,0.9420038975421029
1555,IP/2007/page_19.pdf-1,IP/2007,1,1,0.901911458627854,0.9268249312911709,0.9941148408891226,0.9926002550791398,0.996839606137944,0.9874204163073224,0.897048735193266,0.9940157265876627,0.9940289056023275
1556,KIM/2006/page_67.pdf-3,KIM/2006,1,1,0.971781290814204,0.9810593263608561,0.9883379328822997,0.9898984373108134,0.9786318325784769,0.9942418498073871,0.9615754428215564,0.9929751770028605,0.9943928078841218
1557,UNP/2015/page_14.pdf-1,UNP/2015,0,1,0.9756993803269207,0.9679510617139908,0.9762758946689383,0.9682194449182261,0.9817847245955456,0.9610234763448244,0.9575800694384639,0.9805687942555608,0.9797442726562747
1558,IP/2014/page_104.pdf-2,IP/2014,4,1,0.9926876714433287,0.9692471745559228,0.8924626982582994,0.8795900972777565,0.9635583561695817,0.9524444101910426,0.921783279789618,0.9063544870853175,0.9314908952070435
1559,CMCSA/2004/page_30.pdf-4,CMCSA/2004,3,1,0.7226179942754122,0.7552194269103233,0.5177872668319969,0.6294022712916871,0.6474992235315292,0.6214579359746383,0.6478557702293846,0.40315320652165343,0.6536982122365299
1560,KIM/2009/page_25.pdf-3,KIM/2009,0,0,0.892517077536557,0.8095492394959956,0.8216971100300202,0.8260039655416924,0.8115233355296839,0.8875875908340344,0.7124589171763845,0.7753084134317154,0.7842729990867989
1561,IP/2018/page_45.pdf-2,IP/2018,0,0,0.9111359427427393,0.8740397933669222,0.7971237049706279,0.8830979111964009,0.9671102694830461,0.9145555313862279,0.8999464421224133,0.7839689457151238,0.7802618484028793
1562,UNP/2014/page_80.pdf-3,UNP/2014,2,1,0.9706766530098442,0.9721679985481436,0.9958458627081372,0.9952914102871292,0.995683565857246,0.9977071180767854,0.9761625380629737,0.9956474498556626,0.9959422092688256
1563,BKR/2017/page_49.pdf-1,BKR/2017,4,1,0.9552366412584495,0.9831969532399486,0.9918319879931067,0.9964759557762811,0.9909592954492137,0.9771727724768173,0.981199275816575,0.9963346471572014,0.996624346494465
1564,PPG/2018/page_20.pdf-1,PPG/2018,0,1,0.4244678596412622,0.6774810543077449,0.9186067715580061,0.9316884570310685,0.9618224832538043,0.961337335797365,0.7384170249142682,0.8041161124894373,0.890331727399864
1565,UNP/2008/page_59.pdf-4,UNP/2008,0,1,0.9758259876437282,0.980460381735245,0.9564309316588064,0.963093820117137,0.9717155436742817,0.9629625675095126,0.9808967722092744,0.9654030429549565,0.9687945732820764
1566,PPG/2016/page_42.pdf-3,PPG/2016,3,1,0.8668695674280988,0.9032870996742882,0.9784531538247306,0.9723393877241205,0.9638941655726284,0.9748321630382277,0.9549975442138898,0.9873705526922579,0.9877004531346366
1567,UNP/2013/page_14.pdf-3,UNP/2013,3,1,0.906742720303849,0.8982374228941687,0.9636552549427083,0.9427727602569322,0.916467717291486,0.9387690775872917,0.9447652572732598,0.9447273310275726,0.9438337783219517
1568,UNP/2011/page_80.pdf-4,UNP/2011,2,1,0.9715936761422196,0.9710478008229361,0.9848675101399905,0.9871823250866817,0.978336669387833,0.9908082897448766,0.9887632462647191,0.9820060486093862,0.9825724681627886
1569,UNP/2012/page_30.pdf-4,UNP/2012,4,0,0.19246743631402927,0.1476616523703104,0.8546720551866918,0.8868224141917175,0.907263444258996,0.6276603265283006,0.27941734420049075,0.9468491859225802,0.8592678719842596
1570,ABMD/2015/page_53.pdf-3,ABMD/2015,3,1,0.8453623388529944,0.9072592606013775,0.971011114685218,0.9517095988858609,0.9852775602197571,0.7820007166095262,0.8272390329284468,0.9391194454456544,0.962864060838348
1571,VLO/2012/page_129.pdf-1,VLO/2012,3,1,0.9721304566376773,0.94614122645391,0.9014391561099878,0.9263080807196539,0.9653806734827182,0.976846496531273,0.9093234107251108,0.818007122678999,0.9258834381622174
1572,LKQ/2016/page_48.pdf-4,LKQ/2016,0,0,0.4556181307174581,0.6128027395632755,0.8611204362162681,0.9166585511999399,0.9597441293256059,0.9608703018594065,0.6277151088305432,0.8801452106988477,0.9601318207582078
1573,UNP/2015/page_14.pdf-2,UNP/2015,0,1,0.9726953984437416,0.9605319677351584,0.9726501376378607,0.9678875756109931,0.9800060268031401,0.9639316637214305,0.9501219517216519,0.9769318512008365,0.9779989477542231
1574,AAP/2016/page_26.pdf-3,AAP/2016,1,1,0.913921278306982,0.9531531581936498,0.9759368318908193,0.9796045279957972,0.9969976551353058,0.9943516011385658,0.9131568604826423,0.951897320109968,0.9745405015007458
1575,UNP/2017/page_50.pdf-4,UNP/2017,1,1,0.9721665531258471,0.9678331779688624,0.9726757847716688,0.9777283677029401,0.9807608192235222,0.9935642105035603,0.9732553333966277,0.9761327097402128,0.9762315009813062
1576,UNP/2015/page_16.pdf-2,UNP/2015,0,1,0.9372415570843173,0.945110755060724,0.9724478015902126,0.9700119826873107,0.9764198484541685,0.9822872767262311,0.9365538348599739,0.9544626264025482,0.9574761408276206
1577,ABMD/2015/page_53.pdf-4,ABMD/2015,3,1,0.8678836744364985,0.9017146376932871,0.9187134370790707,0.9260012980709956,0.8172764977131701,0.9096532595438679,0.8404535524945107,0.8704646995945816,0.9045080720965992
1578,UNP/2009/page_89.pdf-4,UNP/2009,2,1,0.9825059154211938,0.9885036654901047,0.9868005968545656,0.9928409120232973,0.9893423403108486,0.9908971989212151,0.9960017441696248,0.983503160648464,0.9877629278645608
1579,MO/2014/page_11.pdf-4,MO/2014,4,1,0.866842037671915,0.7931326006345656,0.934551988052543,0.9180647560296396,0.6669681513173465,0.5809072141156895,0.6824435456942156,0.9278332768996573,0.9153855617349779
1580,PPG/2018/page_54.pdf-4,PPG/2018,0,1,0.5274780852798224,0.6864668371620827,0.325178848423296,0.3091195683973297,0.7625279734151226,0.19482157424468582,0.39251874669134107,0.09392244366487813,0.14731588316352806
1581,UNP/2012/page_74.pdf-2,UNP/2012,4,1,0.8481072190579729,0.6347234327275246,0.8734893374480766,0.730181008220553,0.9349565571141109,0.6767201290380341,0.7536376815614966,0.8758656309260882,0.7938750498644306
1582,CMCSA/2015/page_100.pdf-1,CMCSA/2015,1,1,0.8556152009954305,0.922976688085073,0.7481758842633192,0.8840826080458016,0.963051427451609,0.9166707993841712,0.9326335215762813,0.7419579210012318,0.8253612519821699
1583,PPG/2013/page_54.pdf-4,PPG/2013,0,1,0.9550607075521683,0.9610119885707413,0.9735464156720678,0.970966293465573,0.9868167604941663,0.9715612850436698,0.9710063658963828,0.9704315676858822,0.9780162592803129
1584,UNP/2017/page_74.pdf-4,UNP/2017,1,1,0.9808658659160885,0.9847643178132277,0.9940325476973567,0.9966541277919418,0.9970481768503838,0.9847048072918408,0.986515353781687,0.9952695054410654,0.9973214924366353
1585,UNP/2018/page_50.pdf-4,UNP/2018,0,1,0.9472467198485297,0.9565195451177837,0.9198972392041413,0.9119202307175661,0.9079510537847159,0.877331998404084,0.9437667680718531,0.9291416992496766,0.934802802574267
1586,CAT/2017/page_136.pdf-3,CAT/2017,3,0,0.9727519782265218,0.9717415495711565,0.8763271897813065,0.9113569599847613,0.8350387908312087,0.6566224630207441,0.9634695157984434,0.9065046168247314,0.9090015882012344
1587,TFX/2018/page_47.pdf-4,TFX/2018,3,1,0.9424053002091106,0.9294625843879725,0.9695487585239122,0.9770529822591469,0.9612950004270937,0.9938001095461988,0.9450099339615298,0.9765017027723311,0.9646224073238798
1588,UNP/2011/page_40.pdf-3,UNP/2011,2,1,0.9904785730859614,0.9796736656366203,0.9805840741410248,0.9788897441842243,0.9667845153202701,0.989110737860282,0.9820870774536908,0.9844525341834541,0.9661751368251352
1589,UNP/2013/page_14.pdf-4,UNP/2013,3,1,0.9092212698788332,0.8982374228941687,0.9679986600011274,0.944966622807,0.916467717291486,0.9401780647030055,0.9447652572732598,0.951177392647697,0.9475173495536954
1590,UNP/2009/page_83.pdf-3,UNP/2009,2,0,0.5625227609026197,0.6494666789550951,0.13802522738253872,0.08897370506618042,0.09543382563038356,0.095886664755734,0.9436180961669312,0.8265863931655175,0.7907915514904358
1591,BDX/2009/page_81.pdf-4,BDX/2009,1,1,0.982721324482959,0.9856542922055977,0.969292294562175,0.9873050085594631,0.9742528106402079,0.9851000940420468,0.9897646006530239,0.9841324240917768,0.984778612878807
1592,PPG/2016/page_42.pdf-4,PPG/2016,3,1,0.9600043672189821,0.9764779341524928,0.9695721738433856,0.9830001937346483,0.9846569546815543,0.9704746538749957,0.9816957873141873,0.9919909367358027,0.9918640740281363
1593,IP/2012/page_64.pdf-4,IP/2012,3,1,0.9891911625159232,0.9825624727180217,0.9750484575773172,0.9797959552776133,0.9588692021954746,0.9383719312174222,0.9906162814428419,0.976965298602834,0.9792521875862247
1594,IP/2013/page_101.pdf-4,IP/2013,3,1,0.9956557552523996,0.9900315076048958,0.9992233134146561,0.9983277224801763,0.9978696303077327,0.9995852293154186,0.9978936458827572,0.9994089662008024,0.9988326210350191
1595,UNP/2009/page_83.pdf-4,UNP/2009,2,0,0.702000554137052,0.6472915807299773,0.1646123518660551,0.13470639104642057,0.07205270048738362,0.09899754453638594,0.4289459919646252,0.05361831778718159,0.03687002152514679
1596,BDX/2016/page_62.pdf-3,BDX/2016,0,1,0.973055930176902,0.9712299469976478,0.9985413143332649,0.9991752846640656,0.9988172211969618,0.9971927882905282,0.9421918886326631,0.9985034013794092,0.9985196847925086
