Security,IVV US Equity,
Start Date,1999/12/31 0:00,
End Date,2026/5/15 0:00,
Period,D,
Currency,USD,
,,
Date,FUND_FLOW,PX_BID
2026/5/15,#N/A N/A,745.41
2026/5/14,225.4419,751.54
2026/5/13,1193.1965,745.74
2026/5/12,37.0691,741.64
2026/5/11,1113.8219,742.65
2026/5/8,74.1093,740.97
2026/5/7,293.9172,734.96
2026/5/6,626.9537,737.2
2026/5/5,-654.2888,727.02
2026/5/4,288.4452,721.4
2026/5/1,181.0032,723.96
2026/4/30,2346.1243,721.65
2026/4/29,321.5437,714.88
2026/4/28,-428.8957,714.95
2026/4/27,3124.7701,718.48
2026/4/24,-143.4901,717.27
2026/4/23,1850.5443,711.71
2026/4/22,107.2037,714.48
2026/4/21,70.7283,707.32
2026/4/20,-391.4906,711.96
2026/4/17,71.3478,713.29
2026/4/16,246.7458,704.75
2026/4/15,210.943,703.07
2026/4/14,976.5359,697.59
2026/4/13,1171.9546,689.2
2026/4/10,-204.7333,682.45
2026/4/9,-546.5234,682.95
2026/4/8,67.8923,678.97
2026/4/7,99.3468,662.22
2026/4/6,-562.5335,661.88
2026/4/2,-4051.8632,658.86
2026/4/1,98.7082,658.09
2026/3/31,-392.008,653.14
2026/3/30,730.0174,634.88
2026/3/27,-31.8654,636.95
2026/3/26,2398.0754,647.97
2026/3/25,12763.398,659.69
2026/3/24,5805.8435,656.13
2026/3/23,17877.9334,658.31
2026/3/20,1952.9818,651.42
2026/3/19,2875.2786,660.9
2026/3/18,9775.8109,662.74
2026/3/17,10145.8,671.92
2026/3/16,-2419.1639,671.91
2026/3/13,-24212.6936,665.21
2026/3/12,-8197.0978,668.98
2026/3/11,-2989.6657,679.37
2026/3/10,-10880.2581,680.07
2026/3/9,-1226.5142,681.32
2026/3/6,-641.9354,675.44
2026/3/5,-1232.4916,684.46
2026/3/4,-895.1561,688.22
2026/3/3,-3313.8739,683.33
2026/3/2,34.488,689.43
2026/2/27,0,689.33
2026/2/26,623.1334,692.41
2026/2/25,-208.8307,696.19
2026/2/24,0,690.43
2026/2/23,-650.9211,685.48
2026/2/20,-242.3231,692.45
2026/2/19,-1993.9199,687.6
2026/2/18,-758.3507,689.29
2026/2/17,377.0629,685.79
2026/2/13,-787.4902,684.65
2026/2/12,-1129.1496,684.28
2026/2/11,-729.9209,694.97
2026/2/10,-173.7946,695.15
2026/2/9,-627.6992,697.02
2026/2/6,-937.0669,693.72
2026/2/5,-612.6219,680.45
2026/2/4,585.7588,689.1
2026/2/3,242.423,692.52
2026/2/2,-69.8503,698.56
2026/1/30,-69.4727,695.01
2026/1/29,976.7542,697.06
2026/1/28,873.2205,698.55
2026/1/27,558.9023,698.64
2026/1/26,-626.2084,695.82
2026/1/23,-1973.1189,692.25
2026/1/22,-138.407,691.97
2026/1/21,-344.1239,688.34
2026/1/20,-1428.7391,680.62
2026/1/16,-34.733,694.65
2026/1/15,-4239.8504,695.24
2026/1/14,-2426.3819,693.51
2026/1/13,2334.7977,696.79
2026/1/12,-1990.1438,698.22
2026/1/9,10038.8032,697.08
2026/1/8,1246.7271,692.49
2026/1/7,277.0292,692.63
2026/1/6,-8339.5242,694.83
2026/1/5,-448.9095,690.77
2026/1/2,-2813.7034,686.17
2025/12/31,616.3335,684.87
2025/12/30,448.3943,689.94
2025/12/29,794.4049,690.83
2025/12/26,69.3187,693.27
2025/12/24,3952.0047,693.32
2025/12/23,-3179.0918,690.92
2025/12/22,-12830.7277,687.79
2025/12/19,11996.0946,683.54
2025/12/18,27610.1497,677.45
2025/12/17,23661.8155,672.23
2025/12/16,34820.0708,679.82
2025/12/15,-3078.4519,684.1
2025/12/12,-5035.3367,685.13
2025/12/11,-18937.7974,692.59
2025/12/10,-14441.477,690.91
2025/12/9,-3088.4674,686.46
2025/12/8,-3400.2648,687.05
2025/12/5,-11958.6994,689.05
2025/12/4,619.0439,687.82
2025/12/3,1374.0772,687.21
2025/12/2,-787.7213,684.87
2025/12/1,68.3277,683.68
2025/11/28,68.6851,686.77
2025/11/26,-307.4264,682.99
2025/11/25,474.9308,678.32
2025/11/24,1277.4443,672.06
2025/11/21,-397.2547,662.31
2025/11/20,1081.7448,655.7
2025/11/19,965.5192,665.9
2025/11/18,630.1971,663.39
2025/11/17,434.7447,668.94
2025/11/14,2092.3687,675.25
2025/11/13,1350.3101,675.39
2025/11/12,-240.2753,686.65
2025/11/11,171.5104,686.2
2025/11/10,958.4693,684.7
2025/11/7,1348.3082,674.24
2025/11/6,-673.2362,673.53
2025/11/5,2008.4841,680.83
2025/11/4,542.6889,678.68
2025/11/3,205.9231,686.72
2025/10/31,0,685.32
2025/10/30,-410.0115,683.31
2025/10/29,310.5831,690.66
2025/10/28,207.0634,690.34
2025/10/27,482.043,688.54
2025/10/24,-816.3248,680.43
2025/10/23,-168.727,674.87
2025/10/22,536.7914,671.05
2025/10/21,-1011.8683,674.52
2025/10/20,1247.9268,674.55
2025/10/17,-200.2275,667.56
2025/10/16,-132.7827,663.88
2025/10/15,2605.6607,668.32
2025/10/14,-66.5389,665.42
2025/10/13,133.2842,666.28
2025/10/10,-32.8094,656.28
2025/10/9,606.9463,674.45
2025/10/8,-33.8113,676.35
2025/10/7,369.7701,672.4
2025/10/6,573.6458,674.85
2025/10/3,-2218.8476,672.43
2025/10/2,-605.0389,672.4
2025/10/1,-33.5921,671.76
2025/9/30,-435.1965,669.29
2025/9/29,-1400.1521,666.8
2025/9/26,1994.9467,664.92
2025/9/25,9387.1112,661.14
2025/9/24,20097.6609,664.24
2025/9/23,4030.9914,666.45
2025/9/22,4321.2533,669.97
2025/9/19,1033.8007,666.81
2025/9/18,4778.7924,663.63
2025/9/17,12121.0449,660.5
2025/9/16,2347.1818,661.27
2025/9/15,-2423.633,664.18
2025/9/12,-4559.1964,660.7
2025/9/11,-4858.6559,660.9
2025/9/10,-21171.547,655.47
2025/9/9,-6763.7027,653.56
2025/9/8,-2509.1475,652.05
2025/9/5,1690.8375,650.4
2025/9/4,-554.4516,652.21
2025/9/3,226.3944,646.83
2025/9/2,1319.2686,643.48
2025/8/29,-194.3715,648.23
2025/8/28,-749.8225,652.09
2025/8/27,227.4836,649.8
2025/8/26,162.1015,648.32
2025/8/25,-161.4242,645.67
2025/8/22,291.8032,648.42
2025/8/21,0,638.7
2025/8/20,96.1806,641.17
2025/8/19,257.0987,642.9
2025/8/18,193.9438,646.41
2025/8/15,290.9241,646.6
2025/8/14,162.0582,648.11
2025/8/13,-453.6114,648.02
2025/8/12,839.6637,645.76
2025/8/11,31.9314,638.93
2025/8/8,672.1797,640.22
2025/8/7,1238.5599,635.38
2025/8/6,286.045,635.74
2025/8/5,378.6359,631.05
2025/8/4,443.8894,634.11
2025/8/1,749.8755,624.7
2025/7/31,2921.1202,634.98
2025/7/30,-63.733,637.57
2025/7/29,127.6249,638.31
2025/7/28,2176.052,639.95
2025/7/25,-415.938,640.09
2025/7/24,-1051.6085,637.5
2025/7/23,-254.7558,637.21
2025/7/22,-505.5563,631.85
2025/7/21,-31.5765,631.75
2025/7/18,-252.2534,630.6
2025/7/17,126.1306,630.97
2025/7/16,-94.0912,627.17
2025/7/15,625.2788,625.08
2025/7/14,0,627.72
2025/7/11,313.4109,626.58
2025/7/10,94.3344,628.83
2025/7/9,-62.7086,626.98
2025/7/8,342.8158,623.26
2025/7/7,-1403.425,623.75
2025/7/3,565.8082,628.31
2025/7/2,187.0139,623.33
2025/7/1,1364.9248,620.53
2025/6/30,993.7615,620.81
2025/6/27,6024.1299,617.7
2025/6/26,1229.2161,614.79
2025/6/25,12499.1057,609.96
2025/6/24,274.3696,609.63
2025/6/23,542.6919,602.94
2025/6/20,5106.4396,596.99
2025/6/18,1047.4018,598.53
2025/6/17,3562.152,598.63
2025/6/16,4708.8983,603.78
2025/6/13,-4678.7549,599.84
2025/6/12,545.9335,606.64
2025/6/11,-15590.2056,604.33
2025/6/10,-2211.6309,605.97
2025/6/9,-723.123,602.44
2025/6/6,270.8996,601.92
2025/6/5,506.4347,595.83
2025/6/4,209.6215,598.77
2025/6/3,-239.54,598.98
2025/6/2,-267.9248,595.47
2025/5/30,-237.1538,592.27
2025/5/29,-148.2202,592.81
2025/5/28,-265.7267,590.48
2025/5/27,-326.5927,593.87
2025/5/23,-203.6489,581.92
2025/5/22,761.4736,585.81
2025/5/21,-1377.0962,585.75
2025/5/20,-6283.4752,595.63
2025/5/19,-478.3188,597.78
2025/5/16,179.1859,597.12
2025/5/15,148.2635,593.24
2025/5/14,324.7573,590.36
2025/5/13,117.9675,589.58
2025/5/12,409.9048,585.6
2025/5/9,-56.7051,566.97
2025/5/8,-453.8842,567.59
2025/5/7,-1410.2095,563.9
2025/5/6,-730.1297,561.44
2025/5/5,-1103.6722,566.21
2025/5/2,0,569.3
2025/5/1,-2525.8886,561.06
2025/4/30,-585.6776,556.91
2025/4/29,-556.9216,556.72
2025/4/28,-968.9877,553.49
2025/4/25,-221.3375,553.09
2025/4/24,109.8585,549.03
2025/4/23,-1399.8037,537.81
2025/4/22,-79.433,529.36
2025/4/21,-25.8283,516.38
2025/4/17,-1322.4783,528.84
2025/4/16,-1188.6356,528.13
2025/4/15,459.3214,540.18
2025/4/14,-866.0212,541.48
2025/4/11,-2147.9804,536.41
2025/4/10,-1661.4405,527.08
2025/4/9,-4315.3975,545.88
2025/4/8,-698.3039,499.01
2025/4/7,-1216.1794,506.75
2025/4/4,-533.3159,507.78
2025/4/3,405.089,540.16
2025/4/2,397.2921,567.25
2025/4/1,366.4383,563.63
2025/3/31,1684.842,561.76
2025/3/28,335.0787,558.37
2025/3/27,-1452.7121,569.66
2025/3/26,1686.1602,571.35
2025/3/25,2398.8209,578.03
2025/3/24,18293.9927,576.67
2025/3/21,1077.4715,566.81
2025/3/20,4221.2215,566.61
2025/3/19,10106.4651,567.95
2025/3/18,9380.56,561.93
2025/3/17,-5040.2742,569.69
2025/3/14,-1329.7531,565.45
2025/3/13,-15233.8875,554.1
2025/3/12,-4774.5875,561.52
2025/3/11,894.3569,558.69
2025/3/10,168.969,563.35
2025/3/7,1475.7817,578.6
2025/3/6,-230.1905,575.56
2025/3/5,-117.18,585.81
2025/3/4,86.9133,579.61
2025/3/3,0,586.8
2025/2/28,-29.8516,596.93
2025/2/27,-1380.9641,587.84
2025/2/26,835.9564,597.31
2025/2/25,805.9745,597.05
2025/2/24,749.7698,600.06
2025/2/21,1024.7436,602.91
2025/2/20,-735.8803,613.37
2025/2/19,-738.9849,615.89
2025/2/18,61.435,614.34
2025/2/14,61.276,612.68
2025/2/13,673.9289,612.67
2025/2/12,-121.267,606.27
2025/2/11,577.5306,608.15
2025/2/10,-243.0823,607.7
2025/2/7,-1146.7794,603.68
2025/2/6,913.9703,609.27
2025/2/5,151.7751,607.08
2025/2/4,-453.5374,604.63
2025/2/3,-60.0376,600.55
2025/1/31,120.9886,604.69
2025/1/30,1884.7172,607.87
2025/1/29,-1028.1164,604.71
2025/1/28,-2430.4577,607.41
2025/1/27,-240.8267,602.3
2025/1/24,152.7423,610.87
2025/1/23,-275.6975,612.64
2025/1/22,-761.7678,609.24
2025/1/21,-757.109,605.82
2025/1/17,-420.2848,600.42
2025/1/16,267.5056,594.53
2025/1/15,1995.6115,595.57
2025/1/14,292.4679,584.93
2025/1/13,204.4927,584.3
2025/1/10,-175.004,583.27
2025/1/8,1066.2488,592.22
2025/1/7,118.285,591.54
2025/1/6,-687.7685,598.22
2025/1/3,59.4722,594.66
2025/1/2,-910.2825,587.35
2024/12/31,411.998,588.82
2024/12/30,2541.5056,591.07
2024/12/27,-716.927,597.81
2024/12/26,-3775.4175,604.1
2024/12/24,60.4264,604.07
2024/12/23,-1135.5658,597.6
2024/12/20,-1275.6171,593.67
2024/12/19,10652.2922,586.97
2024/12/18,31338.3857,587.05
2024/12/17,13587.8643,605.08
2024/12/16,-18413.817,609.8
2024/12/13,-6589.6409,607.3
2024/12/12,212.5485,607.37
2024/12/11,518.9984,610.55
2024/12/10,-1392.9565,605.86
2024/12/9,-2368.9465,607.63
2024/12/6,-2169.3751,610.92
2024/12/5,822.8296,609.64
2024/12/4,-1709.7016,610.65
2024/12/3,1517.3095,606.85
2024/12/2,1122.2807,606.66
2024/11/29,847.1233,605.43
2024/11/27,1774.8828,601.76
2024/11/26,1238.026,603.67
2024/11/25,390.2853,600.37
2024/11/22,119.7256,598.4
2024/11/21,2684.4105,596.5
2024/11/20,622.9413,593.41
2024/11/19,1156.8306,593.17
2024/11/18,531.8086,591.06
2024/11/15,1059.3065,588.6
2024/11/14,-2415.0099,596.31
2024/11/13,179.9574,600.12
2024/11/12,-509.7383,599.82
2024/11/11,-1082.5129,601.67
2024/11/8,450.611,601.17
2024/11/7,-1436.2556,598.46
2024/11/6,683.1136,593.93
2024/11/5,579.3553,579.49
2024/11/4,-114.4659,572.53
2024/11/1,946.962,573.79
2024/10/31,828.7535,571.28
2024/10/30,-553.2307,582.79
2024/10/29,146.0681,584.52
2024/10/28,1254.1619,583.6
2024/10/25,87.2674,581.84
2024/10/24,960.222,581.97
2024/10/23,464.5662,580.72
2024/10/22,967.0407,586.13
2024/10/21,381.1349,586.53
2024/10/18,-58.7411,587.37
2024/10/17,-292.5277,585.1
2024/10/16,0,585.03
2024/10/15,757.1432,582.57
2024/10/14,58.6834,587.11
2024/10/11,-87.3519,582.3
2024/10/10,115.7679,578.87
2024/10/9,0,579.85
2024/10/8,921.345,575.88
2024/10/7,998.0474,570.53
2024/10/4,115.1653,575.65
2024/10/3,399.4119,570.49
2024/10/2,342.9289,571.54
2024/10/1,2714.3169,571.42
2024/9/30,1759.2302,576.73
2024/9/27,1952.6681,574.11
2024/9/26,2702.5842,575
2024/9/25,21475.153,572.73
2024/9/24,-4175.8175,576.22
2024/9/23,-20108.4884,574.55
2024/9/20,-2807.2882,573.05
2024/9/19,114.8053,574.14
2024/9/18,818.3989,564.45
2024/9/17,537.7416,566.25
2024/9/16,396.1172,566.01
2024/9/13,-649.8171,565.05
2024/9/12,-421.4455,562.11
2024/9/11,-501.9653,557.38
2024/9/10,-441.4791,551.75
2024/9/9,164.8131,549.39
2024/9/6,-515.8815,543.36
2024/9/5,193.3752,552.56
2024/9/4,609.5683,553.86
2024/9/3,943.5352,555.19
2024/8/30,28.3479,566.66
2024/8/29,84.1824,561.38
2024/8/28,-533.1487,561.4
2024/8/27,-112.9162,564.6
2024/8/26,1099.0935,563.81
2024/8/23,0,565.18
2024/8/22,83.8477,559.21
2024/8/21,930.6191,563.77
2024/8/20,-336.9641,561.69
2024/8/19,309.4886,562.63
2024/8/16,1114.4615,557.26
2024/8/15,305.8258,556.1
2024/8/14,109.412,546.72
2024/8/13,653.9532,544.98
2024/8/12,-669.9092,536.13
2024/8/9,-1500.3319,535.77
2024/8/8,-933.2363,533.5
2024/8/7,886.1483,521.43
2024/8/6,0,524.98
2024/8/5,623.9037,520.21
2024/8/2,375.171,535.89
2024/8/1,3385.1264,545.95
2024/7/31,0,553.39
2024/7/30,490.4095,544.8
2024/7/29,3011.8766,547.7
2024/7/26,-300.9396,547.32
2024/7/25,27.0563,541.24
2024/7/24,-571.1143,544.1
2024/7/23,389.7597,556.7
2024/7/22,334.6015,557.66
2024/7/19,772.3718,551.92
2024/7/18,-27.7814,555.68
2024/7/17,224.0011,559.94
2024/7/16,113.581,567.88
2024/7/15,338.5802,564.55
2024/7/12,0,562.96
2024/7/11,-111.9137,559.42
2024/7/10,-56.4489,564.3
2024/7/9,55.8719,558.85
2024/7/8,446.6336,558.35
2024/7/5,-725.0211,557.69
2024/7/3,-582.3291,554.38
2024/7/2,772.4924,551.94
2024/7/1,2358.0361,548.31
2024/6/28,2488.4043,547.03
2024/6/27,1015.7939,549.29
2024/6/26,-466.2882,548.47
2024/6/25,0,547.73
2024/6/24,518.2894,545.52
2024/6/21,1121.7825,547.03
2024/6/20,2959.4103,548.1
2024/6/18,2225.1667,549.66
2024/6/17,2931.9351,548.22
2024/6/14,1576.9927,543.87
2024/6/13,1359.6784,543.56
2024/6/12,12181.2145,542.47
2024/6/11,2394.129,538.01
2024/6/10,-1883.5448,538.36
2024/6/7,-2951.9933,536.66
2024/6/6,-12866.6234,537.33
2024/6/5,-402.997,537.35
2024/6/4,1194.8178,531.01
2024/6/3,159.0616,530.41
2024/5/31,-132.3885,529.97
2024/5/30,183.851,525.23
2024/5/29,52.8392,528.75
2024/5/28,133.077,532.52
2024/5/24,53.2176,532.15
2024/5/23,-211.3856,528.57
2024/5/22,159.7122,532.46
2024/5/21,400.3599,534
2024/5/20,585.7143,532.69
2024/5/17,-106.3872,532.07
2024/5/16,79.6943,531.3
2024/5/15,292.7623,532.42
2024/5/14,131.5084,525.89
2024/5/13,52.3424,523.5
2024/5/10,-78.5315,523.42
2024/5/9,1201.9808,522.71
2024/5/8,-337.9049,519.76
2024/5/7,155.9567,519.76
2024/5/6,-285.5222,519.14
2024/5/3,2003.8685,513.81
2024/5/2,126.8541,507.51
2024/5/1,-100.5638,502.7
2024/4/30,378.4126,504.49
2024/4/29,128.1487,512.55
2024/4/26,638.6824,510.75
2024/4/25,126.4437,505.89
2024/4/24,381.0682,507.94
2024/4/23,431.7836,508.08
2024/4/22,-727.8491,502.07
2024/4/19,-199.0485,497.5
2024/4/18,627.4929,501.95
2024/4/17,704.3039,502.93
2024/4/16,379.5002,505.95
2024/4/15,177.4649,506.95
2024/4/12,205.2828,513.31
2024/4/11,468.6508,520.59
2024/4/10,-206.7456,516.67
2024/4/9,-547.8795,521.83
2024/4/8,-3724.8818,521.18
2024/4/5,78.1724,520.96
2024/4/4,360.7991,515.54
2024/4/3,52.1799,521.91
2024/4/2,547.2668,521.38
2024/4/1,-3911.1892,524.78
2024/3/28,3366.7269,525.67
2024/3/27,761.9022,525.71
2024/3/26,989.6966,521.22
2024/3/25,1123.0613,522.34
2024/3/22,10531.5092,523.82
2024/3/21,236.0997,524.66
2024/3/20,-760.7025,524.6
2024/3/19,-10216.5119,519.92
2024/3/18,-5040.791,517
2024/3/15,-2594.4597,513.82
2024/3/14,-5222.6123,517.46
2024/3/13,544.375,518.53
2024/3/12,1947.8637,519.38
2024/3/11,2208.7414,513.8
2024/3/8,437.1019,514.27
2024/3/7,491.7015,517.41
2024/3/6,-153.6697,512.29
2024/3/5,50.9575,509.62
2024/3/4,180.1837,514.75
2024/3/1,154.6227,515.36
2024/2/29,1354.9048,510.46
2024/2/28,508.5176,508.64
2024/2/27,713.0404,509.36
2024/2/26,228.7977,508.45
2024/2/23,-1122.7792,510.28
2024/2/22,433.641,510
2024/2/21,99.9176,499.53
2024/2/20,1022.8181,499.11
2024/2/16,627.4158,501.89
2024/2/15,252.1381,504.38
2024/2/14,350.8719,501.02
2024/2/13,-322.6584,496.51
2024/2/12,100.644,503.36
2024/2/9,-176.2922,503.61
2024/2/8,-200.3078,500.79
2024/2/7,-25.0211,500.46
2024/2/6,198.5297,496.33
2024/2/5,-49.5166,494.94
2024/2/2,993.4915,496.64
2024/2/1,172.0152,491.58
2024/1/31,339.7678,485.22
2024/1/30,1997.9166,493.22
2024/1/29,246.785,493.6
2024/1/26,171.4511,489.79
2024/1/25,1249.9597,490.33
2024/1/24,170.656,487.62
2024/1/23,194.8754,487.18
2024/1/22,-121.4397,485.79
2024/1/19,-96.9393,484.74
2024/1/18,311.2029,478.73
2024/1/17,1993.1405,474.52
2024/1/16,882.8716,477.19
2024/1/12,2371.0973,478.91
2024/1/11,-47.861,478.6
2024/1/10,263.4035,478.76
2024/1/9,-1047.6614,476.07
2024/1/8,-262.2662,476.78
2024/1/5,564.2444,470.16
2024/1/4,375.4774,469.49
2024/1/3,2778.3129,470.94
2024/1/2,-356.0149,474.81
2023/12/29,238.6883,477.56
2023/12/28,263.2882,478.94
2023/12/27,980.8768,478.71
2023/12/26,-23.8877,477.83
2023/12/22,8634.6651,475.85
2023/12/21,2208.5178,474.91
2023/12/20,188.0428,470.18
2023/12/19,239.5055,478.98
2023/12/18,-3499.9178,476.18
2023/12/15,-8935.42,473.52
2023/12/14,900.6745,474.23
2023/12/13,1465.3039,472.67
2023/12/12,-2214.9472,466.35
2023/12/11,1021.1353,464.12
2023/12/8,1895.5823,462.29
2023/12/7,1381.3233,460.33
2023/12/6,913.4601,456.79
2023/12/5,45.8509,458.7
2023/12/4,114.6875,458.76
2023/12/1,-415.1193,461.16
2023/11/30,366.8101,458.38
2023/11/29,342.4853,456.69
2023/11/28,205.6502,456.98
2023/11/27,1369.6559,456.57
2023/11/24,0,457.34
2023/11/22,297.1515,457.12
2023/11/21,341.4637,455.31
2023/11/20,182.4785,456.33
2023/11/17,90.5609,452.85
2023/11/16,474.8262,452.25
2023/11/15,293.5212,451.69
2023/11/14,0,450.76
2023/11/13,110.5599,442.2
2023/11/10,22.1292,442.58
2023/11/9,1132.8528,435.78
2023/11/8,21.9589,439.16
2023/11/7,241.2941,438.84
2023/11/6,109.3666,437.59
2023/11/3,305.6813,436.64
2023/11/2,216.302,432.69
2023/11/1,191.0562,424.59
2023/10/31,-105.0385,420.05
2023/10/30,83.4845,417.41
2023/10/27,41.2434,412.54
2023/10/26,352.2527,414.36
2023/10/25,167.7486,419.45
2023/10/24,170.1881,425.5
2023/10/23,337.9142,422.31
2023/10/20,317.33,423.03
2023/10/19,1478.2761,428.33
2023/10/18,626.5681,432.16
2023/10/17,0,438.02
2023/10/16,-240.9154,437.96
2023/10/13,325.0682,433.45
2023/10/12,174.2419,435.63
2023/10/11,-65.7444,438.23
2023/10/10,1811.0677,436.4
2023/10/9,217.0661,434.2
2023/10/6,-172.5651,431.42
2023/10/5,639.4596,426.35
2023/10/4,64.0179,426.57
2023/10/3,1333.5595,423.51
2023/10/2,236.0698,429.24
2023/9/29,751.0698,429.23
2023/9/28,129.1003,430.41
2023/9/27,5325.5793,427.87
2023/9/26,1154.6594,427.7
2023/9/25,-1417.1144,436.15
2023/9/22,-3604.5464,434.28
2023/9/21,-435.2756,435.3
2023/9/20,-420.3937,442.57
2023/9/19,-268.012,446.76
2023/9/18,-402.8855,447.66
2023/9/15,268.3934,447.27
2023/9/14,701.8558,452.87
2023/9/13,67.3351,448.93
2023/9/12,1927.8663,448.4
2023/9/11,2006.4694,450.92
2023/9/8,895.7638,447.89
2023/9/7,424.8512,447.23
2023/9/6,-1300.9174,448.57
2023/9/5,519.4881,451.7
2023/9/1,-294.8484,453.68
2023/8/31,-1222.4971,452.75
2023/8/30,-294.7075,453.46
2023/8/29,519.3288,451.58
2023/8/28,333.8392,445.1
2023/8/25,44.2343,442.35
2023/8/24,65.9009,439.2
2023/8/23,489.8024,445.31
2023/8/22,-462.4229,440.39
2023/8/21,-44.1623,441.65
2023/8/18,131.5795,438.73
2023/8/17,21.9318,438.54
2023/8/16,0,441.94
2023/8/15,556.5673,445.29
2023/8/14,292.7519,450.48
2023/8/11,671.6789,447.96
2023/8/10,1254.967,448.29
2023/8/9,-672.051,448.1
2023/8/8,-22.5585,451.12
2023/8/7,-22.654,453.08
2023/8/4,89.8034,449.13
2023/8/3,90.2752,451.19
2023/8/2,181.0034,452.52
2023/8/1,229.4272,458.88
2023/7/31,368.0556,460.2
2023/7/28,252.6603,459.27
2023/7/27,90.9694,454.87
2023/7/26,846.8497,457.92
2023/7/25,640.9502,457.81
2023/7/24,68.4793,456.61
2023/7/21,204.6096,454.59
2023/7/20,2522.7048,454.58
2023/7/19,274.5535,457.5
2023/7/18,1072.7879,456.58
2023/7/17,725.2472,453.25
2023/7/14,67.731,451.65
2023/7/13,700.582,451.92
2023/7/12,268.8871,448.31
2023/7/11,378.1124,444.82
2023/7/10,-154.6482,441.96
2023/7/7,0,440.82
2023/7/6,419.8862,441.96
2023/7/5,1247.3482,445.46
2023/7/3,-89.261,446.24
2023/6/30,1471.0133,445.52
2023/6/29,176.1378,440.41
2023/6/28,-942.4151,438.68
2023/6/27,986.5962,438.42
2023/6/26,0,433.65
2023/6/23,-130.6404,435.49
2023/6/22,-438.8253,438.82
2023/6/21,-240.4408,437.19
2023/6/20,1098.6048,439.52
2023/6/16,22.0765,441.71
2023/6/15,1329.4515,443.25
2023/6/14,306.4197,437.83
2023/6/13,87.4565,437.29
2023/6/12,1215.9154,434.42
2023/6/9,473.2699,430.49
2023/6/8,300.8178,429.68
2023/6/7,256.229,427.16
2023/6/6,-279.509,429.98
2023/6/5,-85.7987,429.01
2023/6/2,128.9542,429.86
2023/6/1,84.7332,423.69
2023/5/31,0,419.67
2023/5/30,21.0974,422
2023/5/26,-63.2869,421.84
2023/5/25,-124.9349,416.43
2023/5/24,-598.5915,412.87
2023/5/23,-103.9646,415.91
2023/5/22,-168.228,420.59
2023/5/19,147.1601,420.44
2023/5/18,42.1056,421.07
2023/5/17,-145.9645,417.01
2023/5/16,-20.603,412.03
2023/5/15,0,414.8
2023/5/12,-62.0109,413.41
2023/5/11,-1200.506,413.95
2023/5/10,-290.2087,414.6
2023/5/9,-185.725,412.76
2023/5/8,41.4593,414.55
2023/5/5,-20.72,414.38
2023/5/4,-142.401,406.92
2023/5/3,-20.4887,409.73
2023/5/2,82.5298,412.67
2023/5/1,20.8741,417.35
2023/4/28,125.2955,417.7
2023/4/27,20.7095,414.18
2023/4/26,731.2153,406.11
2023/4/25,-448.5752,407.84
2023/4/24,-372.8969,414.41
2023/4/21,41.3978,413.93
2023/4/20,310.1978,413.67
2023/4/19,124.8088,415.99
2023/4/18,62.4098,416.02
2023/4/17,103.9276,415.76
2023/4/14,248.6002,414.27
2023/4/13,62.2787,415.25
2023/4/12,-40.9694,409.84
2023/4/11,102.8466,411.5
2023/4/10,185.1319,411.45
2023/4/6,205.4929,410.98
2023/4/5,40.9435,409.43
2023/4/4,20.5203,410.45
2023/4/3,-123.8288,412.67
2023/3/31,205.621,411.08
2023/3/30,-2249.8301,405.43
2023/3/29,261.961,403.08
2023/3/28,218.5484,397.34
2023/3/27,278.5838,398.16
2023/3/24,198.6616,397.42
2023/3/23,138.2825,394.82
2023/3/22,-316.4232,395.46
2023/3/21,904.7671,402.26
2023/3/20,-39.6936,396.99
2023/3/17,0,393.39
2023/3/16,-39.78,397.86
2023/3/15,-1172.6358,391.13
2023/3/14,-314.8903,393.49
2023/3/13,270.9096,387.03
2023/3/10,77.5285,387.67
2023/3/9,157.3536,393.38
2023/3/8,180.3229,400.79
2023/3/7,80.0235,400.14
2023/3/6,304.7507,406.38
2023/3/3,142.1142,406
2023/3/2,-99.8888,399.64
2023/3/1,-594.7329,396.6
2023/2/28,0,397.98
2023/2/27,179.7841,399.54
2023/2/24,-238.9486,398.2
2023/2/23,-80.4943,402.48
2023/2/22,-620.474,400.42
2023/2/21,-1142.6496,400.99
2023/2/17,0,409.15
2023/2/16,-61.528,410.23
2023/2/15,20.7941,415.94
2023/2/14,-207.3142,414.61
2023/2/13,82.9389,414.77
2023/2/10,40.9939,409.92
2023/2/9,122.6875,409.06
2023/2/8,-20.627,412.6
2023/2/7,-625.7231,417.14
2023/2/6,41.1841,411.8
2023/2/3,207.1789,414.3
2023/2/2,209.3372,418.71
2023/2/1,-371.3292,412.72
2023/1/31,81.6637,408.31
2023/1/30,160.9675,402.52
2023/1/27,142.6839,407.6
2023/1/26,-81.3294,406.61
2023/1/25,261.4241,402.23
2023/1/24,160.9041,402
2023/1/23,0,402.43
2023/1/20,59.6717,397.68
2023/1/19,195.2088,390.5
2023/1/18,275.3614,393.35
2023/1/17,-279.7146,399.58
2023/1/13,-80.081,400.32
2023/1/12,-139.579,398.77
2023/1/11,178.8266,397.26
2023/1/10,-686.6006,392.39
2023/1/9,-19.4813,389.61
2023/1/6,77.9705,389.81
2023/1/5,-171.5131,381.1
2023/1/4,-38.5569,385.48
2023/1/3,-229.5989,382.53
2022/12/30,-57.6283,384.16
2022/12/29,-308.1154,385.08
2022/12/28,-132.4705,378.39
2022/12/27,-153.2356,383.14
2022/12/23,76.9232,384.65
2022/12/22,229.4176,382.49
2022/12/21,-2056.2415,387.96
2022/12/20,19.1117,382.22
2022/12/19,-133.6378,381.7
2022/12/16,154.1069,385.01
2022/12/15,779.157,389.63
2022/12/14,-5093.7436,399.46
2022/12/13,3255.1106,401.99
2022/12/12,-360.5872,400.65
2022/12/9,-197.5051,394.98
2022/12/8,-358.1266,397.9
2022/12/7,-335.6578,394.81
2022/12/6,197.8102,395.55
2022/12/5,60.2078,401.35
2022/12/2,306.5204,408.67
2022/12/1,634.1853,409.17
2022/11/30,122.8305,409.25
2022/11/29,436.7454,396.97
2022/11/28,119.292,397.65
2022/11/25,161.5502,404.02
2022/11/23,121.1935,404.17
2022/11/22,-120.4747,401.61
2022/11/21,118.8579,396.28
2022/11/18,0,397.78
2022/11/17,-79.1597,395.97
2022/11/16,119.083,397.19
2022/11/15,100.0384,400.24
2022/11/14,1110.6721,396.88
2022/11/11,160.0622,400.18
2022/11/10,39.6491,396.26
2022/11/9,-1784.2929,375.69
2022/11/8,95.8823,383.55
2022/11/7,0,381.53
2022/11/4,-18.8876,377.89
2022/11/3,0,372.49
2022/11/2,37.6538,376.35
2022/11/1,289.6436,386.11
2022/10/31,-58.1666,387.79
2022/10/28,97.6687,390.57
2022/10/27,228.7481,381.55
2022/10/26,556.181,383.65
2022/10/25,560.3129,386.47
2022/10/24,152.0941,380.39
2022/10/21,319.4059,375.8
2022/10/20,679.0551,366.93
2022/10/19,332.9623,370.07
2022/10/18,-335.1996,372.63
2022/10/17,423.4621,368.3
2022/10/14,89.6827,359.11
2022/10/13,128.5935,367.45
2022/10/12,-17.9033,357.99
2022/10/11,179.619,359.2
2022/10/10,216.954,361.52
2022/10/7,-109.2964,364.27
2022/10/6,356.0648,374.73
2022/10/5,-170.3645,378.7
2022/10/4,189.6601,379.47
2022/10/3,625.6479,368.11
2022/9/30,-107.6224,358.65
2022/9/29,109.2634,364.31
2022/9/28,167.4077,371.97
2022/9/27,820.8425,364.86
2022/9/26,146.2287,365.77
2022/9/23,-612.6726,371.37
2022/9/22,-37.7818,377.69
2022/9/21,247.6584,380.91
2022/9/20,-58.1433,387.72
2022/9/19,-39.2037,392.15
2022/9/16,155.7456,389.19
2022/9/15,-117.6528,392.18
2022/9/14,-59.4937,396.68
2022/9/13,0,395.18
2022/9/12,-103.2561,413.13
2022/9/9,102.1749,408.67
2022/9/8,261.6367,402.48
2022/9/7,379.8337,399.89
2022/9/6,-117.7842,392.8
2022/9/2,39.4208,394.29
2022/9/1,-119.5365,398.47
2022/8/31,0,397.14
2022/8/30,600.3696,400.21
2022/8/29,20.2338,404.73
2022/8/26,-203.6872,407.4
2022/8/25,-63.2347,421.73
2022/8/24,-41.5697,415.8
2022/8/23,-580.2712,414.5
2022/8/22,20.7703,415.61
2022/8/19,63.6668,424.39
2022/8/18,0,430.13
2022/8/17,85.7886,428.94
2022/8/16,172.797,431.98
2022/8/15,64.6743,431.17
2022/8/12,987.7203,429.33
2022/8/11,63.3118,422.27
2022/8/10,-63.3394,422.16
2022/8/9,144.705,413.53
2022/8/8,311.3861,415.19
2022/8/5,-249.4133,415.62
2022/8/4,249.7883,416.34
2022/8/3,583.2399,416.62
2022/8/2,82.0352,410.28
2022/8/1,0,412.88
2022/7/29,62.1137,414.18
2022/7/28,61.2372,408.12
2022/7/27,241.9821,403.1
2022/7/26,334.0671,392.94
2022/7/25,99.4019,397.62
2022/7/22,-476.5044,397.18
2022/7/21,601.2351,400.87
2022/7/20,-238.1242,396.84
2022/7/19,216.9974,394.27
2022/7/18,153.5671,383.96
2022/7/15,-38.7156,387.08
2022/7/14,-151.9446,379.9
2022/7/13,-57.1432,380.8
2022/7/12,286.9903,382.84
2022/7/11,115.8648,386.28
2022/7/8,-78.1428,390.68
2022/7/7,449.66,390.94
2022/7/6,192.6002,385.3
2022/7/5,441.3946,383.93
2022/7/1,172.4153,383.15
2022/6/30,-75.8279,379.21
2022/6/29,-38.2426,382.33
2022/6/28,19.1328,382.68
2022/6/27,-761.5213,390.63
2022/6/24,-137.0875,392.04
2022/6/23,-152.022,380.03
2022/6/22,-470.5618,376.26
2022/6/21,-226.1602,376.94
2022/6/17,-956.5679,367.66
2022/6/16,422.1601,367.33
2022/6/15,-322.4823,379.5
2022/6/14,-37.3924,374.14
2022/6/13,-919.2625,375.32
2022/6/10,-39.0339,390.15
2022/6/9,-281.4226,401.92
2022/6/8,20.6554,413.07
2022/6/7,62.6399,417.51
2022/6/6,5356.7515,413.56
2022/6/3,329.882,412.39
2022/6/2,461.0916,419.2
2022/6/1,823.0365,411.42
2022/5/31,456.0371,414.75
2022/5/27,166.8643,417.19
2022/5/26,773.3338,407.03
2022/5/25,458.9294,399.29
2022/5/24,336.0293,395.61
2022/5/23,338.7745,398.62
2022/5/20,215.1892,391.21
2022/5/19,156.4752,391.1
2022/5/18,-59.0165,393.63
2022/5/17,5021.3458,409.97
2022/5/16,0,401.9
2022/5/13,-121.0061,403.38
2022/5/12,78.7815,394
2022/5/11,19.714,394.4
2022/5/10,0,400.76
2022/5/9,559.8318,399.95
2022/5/6,-309.8146,413.14
2022/5/5,249.2298,415.64
2022/5/4,-21.5346,430.81
2022/5/3,125.4599,418.16
2022/5/2,-374.5685,416.27
2022/4/29,-62.0758,413.81
2022/4/28,-21.4694,429.63
2022/4/27,20.9497,419.08
2022/4/26,250.8672,417.9
2022/4/25,-193.5977,430.36
2022/4/22,171.1097,427.88
2022/4/21,0,439.88
2022/4/20,-2835.4497,446.6
2022/4/19,580.8382,446.93
2022/4/18,-5408.6903,439.89
2022/4/14,-109.9554,439.74
2022/4/13,-5275.9795,445.26
2022/4/12,-154.0797,440.11
2022/4/11,-265.0338,441.86
2022/4/8,-89.8615,449.57
2022/4/7,135.1477,450.69
2022/4/6,156.9848,448.48
2022/4/5,769.9786,453.04
2022/4/4,-504.4731,458.73
2022/4/1,841.6176,454.82
2022/3/31,249.3618,453.6
2022/3/30,276.3371,460.7
2022/3/29,162.2011,463.6
2022/3/28,-160.2371,457.84
2022/3/25,704.5875,454.61
2022/3/24,203.5255,452.35
2022/3/23,0,447.19
2022/3/22,-815.109,453
2022/3/21,470.1663,447.79
2022/3/18,-739.1166,447.8
2022/3/17,66.4172,442.98
2022/3/16,65.6034,437.52
2022/3/15,663.0442,428.03
2022/3/14,544.4345,418.83
2022/3/11,2952.8605,421.9
2022/3/10,235.0431,427.34
2022/3/9,-536.4416,429.26
2022/3/8,-167.3355,418.06
2022/3/7,210.6882,421.26
2022/3/4,303.9316,434.1
2022/3/3,153.1703,437.62
2022/3/2,131.9663,439.75
2022/3/1,-410.2325,431.89
2022/2/28,-328.9492,438.59
2022/2/25,351.7019,439.58
2022/2/24,-429.9596,430.16
2022/2/23,-635.387,423.79
2022/2/22,0,431.51
2022/2/18,-87.1904,436.13
2022/2/17,-87.8068,439.03
2022/2/16,-67.2714,448.56
2022/2/15,-291.2136,448.01
2022/2/14,44.1015,440.97
2022/2/11,442.6843,442.37
2022/2/10,67.6843,451.34
2022/2/9,5444.9992,459.5
2022/2/8,181.1451,452.83
2022/2/7,-22.4543,449.19
2022/2/4,67.6114,450.67
2022/2/3,4662.9003,448.61
2022/2/2,-183.8168,459.26
2022/2/1,-796.6861,454.91
2022/1/31,384.3228,451.77
2022/1/28,488.1314,443.81
2022/1/27,2360.7111,433.12
2022/1/26,174.1896,435.41
2022/1/25,675.9894,436.39
2022/1/24,-220.7469,441.79
2022/1/21,-242.1516,439.91
2022/1/20,-157.0662,448.69
2022/1/19,-703.2882,453.76
2022/1/18,45.8166,458.53
2022/1/14,-1236.865,466.69
2022/1/13,-23.3176,466.56
2022/1/12,141.9113,473.11
2022/1/11,141.5109,471.78
2022/1/10,93.4843,467.51
2022/1/7,-702.142,468.14
2022/1/6,-986.8139,469.92
2022/1/5,329.233,470.39
2022/1/4,-1774.5152,479.58
2022/1/3,215.9423,479.84
2021/12/31,2431.8452,476.95
2021/12/30,597.5829,478.25
2021/12/29,-431.5099,479.54
2021/12/28,167.5745,479
2021/12/27,790.7927,479.35
2021/12/23,709.0674,472.63
2021/12/22,328.8465,469.71
2021/12/21,-2789.9862,465.06
2021/12/20,708.1032,456.98
2021/12/17,231.0499,461.9
2021/12/16,2871.2985,466.76
2021/12/15,-730.0133,470.98
2021/12/14,-5699.7142,463.77
2021/12/13,1237.0462,467.02
2021/12/10,307.2024,472.63
2021/12/9,2036.4234,468.19
2021/12/8,-1555.8569,471.44
2021/12/7,1527.54,470.12
2021/12/6,69.0709,460.61
2021/12/3,250.3171,455.2
2021/12/2,1514.6287,459.21
2021/12/1,859.7215,452.31
2021/11/30,274.7143,457.76
2021/11/29,466.6438,466.48
2021/11/26,-184.2149,460.83
2021/11/24,518.3591,471.25
2021/11/23,-1034.3012,470.11
2021/11/22,117.3386,469.39
2021/11/19,235.4086,470.79
2021/11/18,-23.5733,471.58
2021/11/17,1104.1115,470.01
2021/11/16,306.1282,471.12
2021/11/15,0,469.25
2021/11/12,0,469.1
2021/11/11,582.1326,465.66
2021/11/10,372.3609,465.49
2021/11/9,46.9206,469.25
2021/11/8,306.0322,470.83
2021/11/5,70.5597,470.34
2021/11/4,117.1517,468.72
2021/11/3,116.6473,466.58
2021/11/2,764.9309,463.71
2021/11/1,184.7575,461.92
2021/10/29,207.4766,461.04
2021/10/28,207.0498,460.08
2021/10/27,45.5611,455.67
2021/10/26,7486.9201,457.77
2021/10/25,0,457.28
2021/10/22,204.7148,454.91
2021/10/21,751.4163,455.4
2021/10/20,204.3048,454.17
2021/10/19,113.0873,452.46
2021/10/18,89.8046,448.98
2021/10/15,290.884,447.58
2021/10/14,22.21,444.19
2021/10/13,-414.8642,436.83
2021/10/12,-391.8371,435.3
2021/10/11,-130.9292,436.34
2021/10/8,0,439.52
2021/10/7,330.2147,440.33
2021/10/6,349.2502,436.6
2021/10/5,108.6945,434.72
2021/10/4,-236.611,430.37
2021/10/1,305.0853,435.86
2021/9/30,-215.4415,430.82
2021/9/29,327.0354,436.11
2021/9/28,-130.5965,435.44
2021/9/27,-4732.3083,444.39
2021/9/24,133.6729,445.64
2021/9/23,-44.6611,446.54
2021/9/22,0,441.19
2021/9/21,-1879.4462,437
2021/9/20,503.0291,437.42
2021/9/17,0,444.79
2021/9/16,0,449.12
2021/9/15,1079.3839,449.85
2021/9/14,22.2976,446.16
2021/9/13,67.2627,448.54
2021/9/10,0,447.47
2021/9/9,22.5428,450.96
2021/9/8,271.7425,452.97
2021/9/7,181.3949,453.54
2021/9/3,159.257,455.07
2021/9/2,386.8864,455.24
2021/9/1,272.2796,453.9
2021/8/31,272.1772,453.62
2021/8/30,0,454.21
2021/8/27,180.8852,452.16
2021/8/26,179.3008,448.28
2021/8/25,157.8015,450.87
2021/8/24,292.4076,449.94
2021/8/23,44.9184,449.22
2021/8/20,311.743,445.28
2021/8/19,132.5187,441.76
2021/8/18,66.1717,441.13
2021/8/17,-356.6825,446.01
2021/8/16,-179.5979,448.96
2021/8/13,-156.7335,447.82
2021/8/12,357.6592,446.99
2021/8/11,155.9747,445.69
2021/8/10,66.6795,444.59
2021/8/9,0,444.08
2021/8/6,111.1192,444.46
2021/8/5,66.5524,443.7
2021/8/4,-88.2004,440.93
2021/8/3,110.7625,443.03
2021/8/2,-21.9723,439.53
2021/7/30,-66.0388,440.41
2021/7/29,-398.3553,442.6
2021/7/28,176.285,440.71
2021/7/27,-44.0791,440.92
2021/7/26,-332.1569,442.89
2021/7/23,-463.9096,441.79
2021/7/22,-328.0215,437.4
2021/7/21,720.1412,436.45
2021/7/20,1255.3564,432.9
2021/7/19,-85.2807,426.95
2021/7/16,64.9909,433.25
2021/7/15,0,436.6
2021/7/14,175.194,438.1
2021/7/13,65.6134,437.5
2021/7/12,131.6896,439
2021/7/9,131.2372,437.37
2021/7/8,86.5148,432.82
2021/7/7,65.4333,436.31
2021/7/6,65.2143,434.78
2021/7/2,304.9364,435.62
2021/7/1,259.395,432.34
2021/6/30,-731.0864,429.91
2021/6/29,300.6284,429.52
2021/6/28,429.312,429.34
2021/6/25,-192.7449,428.36
2021/6/24,128.0679,426.89
2021/6/23,0,424.41
2021/6/22,-573.547,424.85
2021/6/21,338.1476,422.64
2021/6/18,333.4639,416.77
2021/6/17,126.7061,422.42
2021/6/16,-84.5055,422.59
2021/6/15,382.331,424.93
2021/6/14,2128.259,425.77
2021/6/11,42.4778,424.74
2021/6/10,0,424.01
2021/6/9,148.1123,423.3
2021/6/8,-805.467,423.91
2021/6/7,-1483.475,423.89
2021/6/4,21.209,424.21
2021/6/3,-21.023,420.43
2021/6/2,63.2895,422
2021/6/1,105.3175,421.28
2021/5/28,210.735,421.64
2021/5/27,147.3815,420.84
2021/5/26,-252.342,420.65
2021/5/25,-83.954,419.86
2021/5/24,0,420.75
2021/5/21,-104.1225,416.54
2021/5/20,-62.52,416.83
2021/5/19,-82.482,412.46
2021/5/18,41.357,413.55
2021/5/17,166.828,417.15
2021/5/14,0,418.14
2021/5/13,226.5725,411.81
2021/5/12,40.693,406.98
2021/5/11,-415.79,415.86
2021/5/10,-335.544,419.6
2021/5/7,-42.384,423.68
2021/5/6,-84.134,420.68
2021/5/5,-229.46,417.28
2021/5/4,62.535,417.23
2021/5/3,209.855,419.77
2021/4/30,0,418.88
2021/4/29,737.7125,421.58
2021/4/28,209.35,418.94
2021/4/27,62.8575,419.07
2021/4/26,-146.699,419.22
2021/4/23,0,418.28
2021/4/22,765.641,413.87
2021/4/21,104.4175,417.66
2021/4/20,641.421,413.79
2021/4/19,354.144,416.84
2021/4/16,-104.7175,418.89
2021/4/15,-417.36,417.38
2021/4/14,-20.6385,413.02
2021/4/13,-1160.376,414.36
2021/4/12,144.571,413.16
2021/4/9,206.565,412.99
2021/4/8,122.988,410.03
2021/4/7,163.26,408.08
2021/4/6,489.048,407.57
2021/4/5,183.564,407.83
2021/4/1,261.339,402.04
2021/3/31,357.624,397.77
2021/3/30,653.235,396.24
2021/3/29,19.8555,397.24
2021/3/26,99.3625,397.42
2021/3/25,469.14,391.1
2021/3/24,156.08,390.21
2021/3/23,-470.784,392.23
2021/3/22,-533.709,395.31
2021/3/19,333.693,392.22
2021/3/18,-58.917,392.9
2021/3/17,578.028,398.75
2021/3/16,218.625,397.45
2021/3/15,-59.7165,398
2021/3/12,39.552,395.6
2021/3/11,-59.2545,394.97
2021/3/10,117.282,390.97
2021/3/9,388.57,388.56
2021/3/8,-402.2655,383.15
2021/3/5,481.4625,385.04
2021/3/4,472.25,378.11
2021/3/3,306.296,382.84
2021/3/2,0,387.99
2021/3/1,0,390.99
2021/2/26,0,381.75
2021/2/25,-307.008,383.79
2021/2/24,-176.9985,393.21
2021/2/23,0,388.94
2021/2/22,-116.526,388.55
2021/2/19,-39.142,391.48
2021/2/18,2548.78,392.21
2021/2/17,78.77,393.92
2021/2/16,-118.173,393.81
2021/2/12,0,394.19
2021/2/11,117.666,392.18
2021/2/10,39.149,391.53
2021/2/9,-39.162,391.7
2021/2/8,-39.199,392.01
2021/2/5,-350.19,389.12
2021/2/4,7615.3575,387.6
2021/2/3,-345.015,383.26
2021/2/2,-153.188,382.91
2021/2/1,-358.8245,377.56
2021/1/29,-37.175,371.51
2021/1/28,-132.657,379
2021/1/27,-56.2965,375.87
2021/1/26,250.38,385.23
2021/1/25,-57.867,385.81
2021/1/22,-96.0975,384.26
2021/1/21,173.493,385.62
2021/1/20,231.234,385.23
2021/1/19,-171.0405,380.01
2021/1/15,-169.6545,377.06
2021/1/14,-2240.466,379.84
2021/1/13,95.2825,381.13
2021/1/12,-38.025,380.18
2021/1/11,0,380.14
2021/1/8,325.21,382.64
2021/1/7,-494.598,380.44
2021/1/6,-93.705,374.87
2021/1/5,-93.1725,372.63
2021/1/4,277.515,370.2
2020/12/31,-18.777,375.19
2020/12/30,111.933,373.3
2020/12/29,74.514,372.82
2020/12/28,168.03,373.5
2020/12/24,92.545,370.31
2020/12/23,-1143.373,368.86
2020/12/22,-1326.78,368.56
2020/12/21,-332.361,369.28
2020/12/18,500.4855,370.42
2020/12/17,651,371.96
2020/12/16,-8284.864,369.9
2020/12/15,2215.2,369.31
2020/12/14,1986.4705,364.33
2020/12/11,606.5895,367.64
2020/12/10,496.9215,368.06
2020/12/9,1105.62,368.25
2020/12/8,-1058.6895,371.53
2020/12/7,0,370.51
2020/12/4,92.7875,371.19
2020/12/3,-73.576,368.03
2020/12/2,-680.874,368.09
2020/12/1,257.145,367.33
2020/11/30,762.825,363.31
2020/11/27,18.2435,364.97
2020/11/25,90.99,363.97
2020/11/24,-36.452,364.48
2020/11/23,0,358.83
2020/11/20,71.334,356.61
2020/11/19,89.7775,359.04
2020/11/18,339.796,357.59
2020/11/17,361.79,362.02
2020/11/16,-90.87,363.78
2020/11/13,-71.858,359.35
2020/11/12,283.544,354.54
2020/11/11,35.793,357.89
2020/11/10,-266.4075,355.37
2020/11/9,569.04,355.82
2020/11/6,123.0285,351.43
2020/11/5,386.727,351.45
2020/11/4,86.1975,344.69
2020/11/3,-337.35,337.15
2020/11/2,149.1525,331.36
2020/10/30,425.633,327.66
2020/10/29,99.42,331.15
2020/10/28,442.071,327.8
2020/10/27,-237.608,339.44
2020/10/26,-561.759,340.6
2020/10/23,0,346.96
2020/10/22,224.7115,345.85
2020/10/21,34.389,343.87
2020/10/20,-103.389,344.53
2020/10/19,-68.602,343.23
2020/10/16,-52.305,348.46
2020/10/15,-87.1625,348.72
2020/10/14,87.2925,349.19
2020/10/13,105.441,351.34
2020/10/12,-212.22,353.63
2020/10/9,243.593,348.02
2020/10/8,327.7025,344.89
2020/10/7,-17.105,341.9
2020/10/6,168.125,336.06
2020/10/5,238.7,340.89
2020/10/2,234.458,335
2020/10/1,-33.818,338.21
2020/9/30,-403.644,336.05
2020/9/29,-100.08,333.54
2020/9/28,0,335.35
2020/9/25,-65.972,329.81
2020/9/24,129.864,324.6
2020/9/23,-275.128,323.76
2020/9/22,-66.612,332.98
2020/9/21,65.92,329.66
2020/9/18,216.736,333.33
2020/9/17,50.5815,337.25
2020/9/16,-136.024,340.19
2020/9/15,4492.4345,341.55
2020/9/14,67.97,339.78
2020/9/11,-83.865,335.38
2020/9/10,-201.162,335.22
2020/9/9,-17.063,341.14
2020/9/8,-33.45,334.57
2020/9/4,344.03,344
2020/9/3,0,346.82
2020/9/2,-89.855,359.24
2020/9/1,0,354.07
2020/8/31,-562.064,350.76
2020/8/28,-52.803,352.01
2020/8/27,-17.4815,349.75
2020/8/26,52.3545,348.98
2020/8/25,-69.1,345.5
2020/8/24,-34.426,344.33
2020/8/21,-34.08,340.83
2020/8/20,0,339.62
2020/8/19,-152.3385,338.58
2020/8/18,-50.9955,339.98
2020/8/17,0,339.25
2020/8/14,-287.4785,338.21
2020/8/13,-33.824,338.2
2020/8/12,-186.3675,338.74
2020/8/11,0,334.15
2020/8/10,269.448,336.91
2020/8/7,67.178,335.9
2020/8/6,0,335.67
2020/8/5,100.026,333.41
2020/8/4,0,331.34
2020/8/3,-181.555,330.06
2020/7/31,114.709,327.84
2020/7/30,0,325.26
2020/7/29,16.319,326.38
2020/7/28,0,322.47
2020/7/27,146.0115,324.44
2020/7/24,-48.312,322.13
2020/7/23,64.816,324.21
2020/7/22,49.215,328.11
2020/7/21,130.488,326.26
2020/7/20,113.9845,325.63
2020/7/17,48.4425,322.94
2020/7/16,80.505,322.06
2020/7/15,16.1555,323.11
2020/7/14,448.28,320.15
2020/7/13,-157.96,316.04
2020/7/10,0,318.84
2020/7/9,-31.56,315.64
2020/7/8,-95.193,317.35
2020/7/7,157.42,314.95
2020/7/6,-175.054,318.21
2020/7/2,-219.31,313.41
2020/7/1,-140.319,311.76
2020/6/30,0,309.71
2020/6/29,15.276,305.61
2020/6/26,0,301.25
2020/6/25,323.9565,308.45
2020/6/24,228.8775,305.3
2020/6/23,15.6635,313.23
2020/6/22,-155.965,311.85
2020/6/19,0,309.73
2020/6/18,124.644,311.59
2020/6/17,0,311.4
2020/6/16,31.254,312.79
2020/6/15,-30.673,306.83
2020/6/12,2871.042,305.31
2020/6/11,-75.3525,301.63
2020/6/10,-464.3625,320.12
2020/6/9,-128.784,321.98
2020/6/8,-194.676,324.43
2020/6/5,-625.17,320.42
2020/6/4,-812.266,312.37
2020/6/3,31.34,313.32
2020/6/2,139.1175,309.19
2020/6/1,-91.986,306.64
2020/5/29,-61.092,305.19
2020/5/28,334.345,303.98
2020/5/27,654.804,304.55
2020/5/26,-45.015,300.17
2020/5/22,118.584,296.36
2020/5/21,340.0665,295.74
2020/5/20,29.801,297.95
2020/5/19,-527.526,292.94
2020/5/18,-533.07,295.96
2020/5/15,229.656,287.16
2020/5/14,443.176,285.97
2020/5/13,-395.64,282.56
2020/5/12,-287.6,287.51
2020/5/11,-73.3975,293.49
2020/5/8,-278.863,293.38
2020/5/7,14.4305,288.61
2020/5/6,-99.827,285.2
2020/5/5,-157.9655,287.09
2020/5/4,-113.852,284.57
2020/5/1,-566.86,283.63
2020/4/30,-262.422,291.26
2020/4/29,44.142,294.13
2020/4/28,114.66,286.69
2020/4/27,-57.632,288.02
2020/4/24,-227.184,283.96
2020/4/23,-238.0595,279.93
2020/4/22,-308.22,280.05
2020/4/21,-123.2595,273.86
2020/4/20,-339.084,282.48
2020/4/17,-244.562,287.64
2020/4/16,-84.06,280.05
2020/4/15,97.503,278.6
2020/4/14,156.6565,284.78
2020/4/13,-207.2625,276.41
2020/4/9,-125.622,279.08
2020/4/8,0,274.93
2020/4/7,598.545,265.89
2020/4/6,-53.288,265.79
2020/4/3,87.1255,248.97
2020/4/2,0,252.58
2020/4/1,1037.526,246.86
2020/3/31,-284.284,258.43
2020/3/30,-157.572,262.45
2020/3/27,431.902,254.16
2020/3/26,801.906,262.28
2020/3/25,24.747,247.45
2020/3/24,-332.316,245.8
2020/3/23,-427.538,224.65
2020/3/20,-81.1335,231.16
2020/3/19,-2701.3105,242.05
2020/3/18,-3291.4245,241.7
2020/3/17,-254.29,255.38
2020/3/16,-311.909,240.12
2020/3/13,-722.284,271.84
2020/3/12,398.912,248.88
2020/3/11,537.1665,275.47
2020/3/10,130.3155,289.67
2020/3/9,96.5895,275.4
2020/3/6,253.827,298.65
2020/3/5,592.3905,303.76
2020/3/4,94.314,314.27
2020/3/3,120.656,301.56
2020/3/2,-108.6225,310.41
2020/2/28,59.338,297.59
2020/2/27,-59.82,298.77
2020/2/26,-500.576,312.91
2020/2/25,-329.7525,314.07
2020/2/24,161.925,323.84
2020/2/21,1289.8655,335
2020/2/20,-16.929,338.5
2020/2/19,-135.944,339.88
2020/2/18,0,338.22
2020/2/14,-576.606,339.12
2020/2/13,-524.675,338.6
2020/2/12,660.9525,338.96
2020/2/11,-808.224,336.8
2020/2/10,-336.18,336.19
2020/2/7,367.059,333.71
2020/2/6,285.1155,335.46
2020/2/5,417.8375,334.31
2020/2/4,6809.124,330.57
2020/2/3,48.849,325.6
2020/1/31,32.331,323.17
2020/1/30,0,329.09
2020/1/29,377.246,328.09
2020/1/28,147.7395,328.39
2020/1/27,113.764,324.94
2020/1/24,214.6495,330.2
2020/1/23,333.24,333.23
2020/1/22,599.094,332.85
2020/1/21,299.457,332.81
2020/1/17,-400.32,333.49
2020/1/16,-382.1565,332.37
2020/1/15,477.8475,329.63
2020/1/14,328.93,328.88
2020/1/13,197.634,329.39
2020/1/10,310.7545,327.12
2020/1/9,0,328.04
2020/1/8,309.5005,325.84
2020/1/7,-81.0475,324.17
2020/1/6,-276.3095,325.07
2020/1/3,-307.7335,323.86
2020/1/2,-81.5475,326.25
2019/12/31,-97.032,323.27
2019/12/30,-48.3705,322.51
2019/12/27,-81.0775,324.26
2019/12/26,-210.7885,324.32
2019/12/24,-241.9575,322.62
2019/12/23,0,322.62
2019/12/20,-854.2805,322.34
2019/12/19,320.77,320.71
2019/12/18,1085.688,319.37
2019/12/17,-5190.7375,319.37
2019/12/16,4502.553,319.31
2019/12/13,-478.62,319.08
2019/12/12,-239.25,318.96
2019/12/11,-94.872,316.19
2019/12/10,331.086,315.34
2019/12/9,347.226,315.67
2019/12/6,332.4615,316.63
2019/12/5,31.375,313.81
2019/12/4,-31.319,313.23
2019/12/3,-46.6785,311.23
2019/12/2,156.63,313.37
2019/11/29,0,316.06
2019/11/27,0,317.22
2019/11/26,-110.5405,315.79
2019/11/25,-267.8605,315.12
2019/11/22,-31.274,312.74
2019/11/21,0,312.03
2019/11/20,-62.508,312.54
2019/11/19,31.366,313.64
2019/11/18,0,313.76
2019/11/15,-580.271,313.59
2019/11/14,15.5605,311.29
2019/11/13,279.783,310.81
2019/11/12,46.596,310.68
2019/11/11,77.535,310.12
2019/11/8,0,310.69
2019/11/7,-61.98,309.95
2019/11/6,-61.782,308.85
2019/11/5,-46.3005,308.71
2019/11/4,216.328,309.07
2019/11/1,92.37,307.91
2019/10/31,-228.6975,304.97
2019/10/30,-259.9555,305.87
2019/10/29,45.723,304.9
2019/10/28,289.8165,305.03
2019/10/25,-91.011,303.34
2019/10/24,0,302.07
2019/10/23,196.014,301.53
2019/10/22,-586.3455,300.7
2019/10/21,-558.256,301.72
2019/10/18,359.64,299.64
2019/10/17,0,300.91
2019/10/16,-315.021,300.09
2019/10/15,-165.33,300.59
2019/10/14,29.763,297.67
2019/10/11,-29.805,297.91
2019/10/10,0,294.86
2019/10/9,248.9735,292.84
2019/10/8,116.072,290.18
2019/10/7,250.546,294.74
2019/10/4,384.904,296.01
2019/10/3,102.1755,292
2019/10/2,275.0725,289.64
2019/10/1,44.2245,294.86
2019/9/30,14.924,298.48
2019/9/27,148.48,297
2019/9/26,0,298.62
2019/9/25,-14.961,299.24
2019/9/24,-118.956,297.46
2019/9/23,-30.138,301.39
2019/9/20,-180.846,301.26
2019/9/19,-499.752,302.82
2019/9/18,-90.855,302.86
2019/9/17,-105.9625,302.7
2019/9/16,2415.76,301.93
2019/9/13,-90.873,302.82
2019/9/12,151.525,303.03
2019/9/11,0,302.05
2019/9/10,164.9725,299.94
2019/9/9,374.8,299.9
2019/9/6,-224.8875,299.84
2019/9/5,-74.89,299.59
2019/9/4,-73.9125,295.68
2019/9/3,190.0925,292.46
2019/8/30,176.676,294.16
2019/8/29,0,294.25
2019/8/28,-116.2,290.48
2019/8/27,14.43,288.48
2019/8/26,72.3825,289.62
2019/8/23,386.5725,286.43
2019/8/22,-1249.3725,294.02
2019/8/21,-58.824,294.09
2019/8/20,247.945,291.7
2019/8/19,205.8,294.01
2019/8/16,-116.188,290.54
2019/8/15,-214.7175,286.27
2019/8/14,85.662,285.53
2019/8/13,176.442,294.11
2019/8/12,14.489,289.74
2019/8/9,29.323,293.25
2019/8/8,0,295.25
2019/8/7,-14.4815,289.68
2019/8/6,101.29,289.41
2019/8/5,-299.943,285.65
2019/8/2,3474.156,294.42
2019/8/1,-400.3425,296.63
2019/7/31,374.0125,299.09
2019/7/30,-90.75,302.54
2019/7/29,45.4875,303.22
2019/7/26,-182.244,303.72
2019/7/25,331.661,301.68
2019/7/24,530.425,303.11
2019/7/23,0,301.7
2019/7/22,0,299.62
2019/7/19,0,298.84
2019/7/18,195.3965,300.57
2019/7/17,0,299.49
2019/7/16,105.5145,301.46
2019/7/15,635.25,302.48
2019/7/12,105.854,302.42
2019/7/11,301.02,301.01
2019/7/10,405.459,300.33
2019/7/9,0,298.93
2019/7/8,373.15,298.55
2019/7/5,0,300.1
2019/7/3,0,300.46
2019/7/2,134.154,298.16
2019/7/1,118.896,297.3
2019/6/28,176.988,294.74
2019/6/27,0,293.22
2019/6/26,-6893.796,292.16
2019/6/25,43.8705,292.49
2019/6/24,-44.292,295.35
2019/6/21,0,295.72
2019/6/20,399.8025,296.1
2019/6/19,1349.364,293.31
2019/6/18,160.8585,292.52
2019/6/17,246.2025,289.71
2019/6/14,0,291.19
2019/6/13,0,291.65
2019/6/12,-29.031,290.32
2019/6/11,0,290.89
2019/6/10,0,290.93
2019/6/7,304.1115,289.58
2019/6/6,-28.66,286.7
2019/6/5,85.431,284.79
2019/6/4,211.8225,282.42
2019/6/3,-27.649,276.42
2019/5/31,180.219,277.23
2019/5/30,154.5005,280.9
2019/5/29,406.406,280.19
2019/5/28,0,282.08
2019/5/24,99.6135,284.79
2019/5/23,56.836,284.12
2019/5/22,57.516,287.57
2019/5/21,475.8435,288.43
2019/5/20,185.8675,285.89
2019/5/17,14.3945,287.9
2019/5/16,43.4325,289.57
2019/5/15,172.152,287.08
2019/5/14,42.78,285.24
2019/5/13,169.734,282.87
2019/5/10,144.94,289.98
2019/5/9,216.5325,288.68
2019/5/8,28.948,289.59
2019/5/7,43.491,289.98
2019/5/6,-29.48,294.85
2019/5/3,-236.88,296
2019/5/2,29.325,293.25
2019/5/1,29.386,293.8
2019/4/30,-103.628,295.94
2019/4/29,-118.316,295.79
2019/4/26,0,295.41
2019/4/25,0,294.09
2019/4/24,-367.7375,294.21
2019/4/23,0,294.83
2019/4/22,233.784,292.29
2019/4/18,145.965,291.99
2019/4/17,0,291.41
2019/4/16,160.655,292.14
2019/4/15,72.9875,291.94
2019/4/12,87.639,292.15
2019/4/11,232.144,290.18
2019/4/10,145.08,290.23
2019/4/9,187.941,289.27
2019/4/8,0,290.77
2019/4/5,479.325,290.48
2019/4/4,0,289.13
2019/4/3,230.8,288.43
2019/4/2,1209.096,287.92
2019/4/1,71.965,287.84
2019/3/29,-156.5135,284.56
2019/3/28,0,282.68
2019/3/27,225.28,281.58
2019/3/26,-70.7275,282.93
2019/3/25,126.405,280.91
2019/3/22,70.2775,281.15
2019/3/21,257.868,286.58
2019/3/20,0,283.4
2019/3/19,-328.187,285.55
2019/3/18,85.62,285.45
2019/3/15,0,284.37
2019/3/14,2390.674,282.96
2019/3/13,127.3815,283.09
2019/3/12,-28.11,281.19
2019/3/11,4119.822,280.21
2019/3/8,-151.91,276.2
2019/3/7,-193.739,276.77
2019/3/6,265.0215,279.01
2019/3/5,84.237,280.78
2019/3/4,168.66,281.14
2019/3/1,197.533,282.22
2019/2/28,-98.084,280.26
2019/2/27,-56.192,280.93
2019/2/26,-84.318,281.05
2019/2/25,-14.064,281.27
2019/2/22,-98.315,280.85
2019/2/21,-139.55,279.16
2019/2/20,182.039,280.13
2019/2/19,181.6815,279.57
2019/2/15,223.256,279.1
2019/2/14,-124.2225,276.04
2019/2/13,373.5315,276.66
2019/2/12,82.749,275.79
2019/2/11,0,272.28
2019/2/8,40.8165,272.16
2019/2/7,-299.013,271.8
2019/2/6,-192.052,274.5
2019/2/5,82.485,274.82
2019/2/4,0,273.64
2019/2/1,231.0385,271.7
2019/1/31,122.1885,271.5
2019/1/30,80.748,269.22
2019/1/29,-212.008,265
2019/1/28,0,265.36
2019/1/25,-6901.242,267.43
2019/1/24,-159.138,265.17
2019/1/23,13.243,264.9
2019/1/22,-237.852,264.53
2019/1/18,-67.015,268.02
2019/1/17,0,264.56
2019/1/16,91.8925,262.49
2019/1/15,0,261.92
2019/1/14,-116.631,258.99
2019/1/11,-39.078,260.43
2019/1/10,0,260.55
2019/1/9,0,259.41
2019/1/8,77.475,258.22
2019/1/7,-63.94,255.78
2019/1/4,88.893,253.93
2019/1/3,147.33,245.5
2019/1/2,276.892,251.73
2018/12/31,12.57,251.6
2018/12/28,411.2625,249.26
2018/12/27,512.172,249.98
2018/12/26,297.24,247.74
2018/12/24,0,236.09
2018/12/21,278.9325,242.42
2018/12/20,544.83,247.56
2018/12/19,25.161,251.37
2018/12/18,459.936,255.51
2018/12/17,804.7935,255.75
2018/12/14,39.3555,262.42
2018/12/13,133.72,267.34
2018/12/12,280.812,267.47
2018/12/11,133,266.06
2018/12/10,-718.416,266
2018/12/7,-916.3545,265.56
2018/12/6,-54.382,271.89
2018/12/4,0,272.53
2018/12/3,225.064,281.32
2018/11/30,-153.054,277.86
2018/11/29,-331.176,276.01
2018/11/28,-27.652,276.57
2018/11/27,-54.058,270.31
2018/11/26,40.4115,269.41
2018/11/23,318.312,265.26
2018/11/21,13.3495,267.02
2018/11/20,266.16,266.13
2018/11/19,257.5165,271.19
2018/11/16,-68.9125,275.72
2018/11/15,275.01,275.06
2018/11/14,217.632,272.15
2018/11/13,383.67,274.03
2018/11/12,137.22,274.53
2018/11/9,83.988,279.91
2018/11/8,522.6435,282.53
2018/11/7,-1457.862,283.08
2018/11/6,41.5785,277.15
2018/11/5,-110.18,275.5
2018/11/2,273.9,273.8
2018/11/1,289.401,275.47
2018/10/31,-218.184,272.72
2018/10/30,553.09,269.8
2018/10/29,0,265.75
2018/10/26,200.52,267.11
2018/10/25,13.6035,272.12
2018/10/24,2070.025,267.15
2018/10/23,316.9515,275.55
2018/10/22,166.272,277.09
2018/10/19,0,278.24
2018/10/18,55.682,278.52
2018/10/17,-42.3675,282.49
2018/10/16,353.1375,282.39
2018/10/15,96.7925,276.56
2018/10/12,-69.5475,278.03
2018/10/11,-27.427,274.3
2018/10/10,-28.002,280.28
2018/10/9,-72.385,289.58
2018/10/8,-14.4935,289.93
2018/10/5,72.495,290.02
2018/10/4,379.067,291.66
2018/10/3,279.224,293.96
2018/10/2,381.823,293.76
2018/10/1,176.292,293.84
2018/9/28,-73.1875,292.74
2018/9/27,0,292.81
2018/9/26,175.128,291.98
2018/9/25,44.1195,294.14
2018/9/24,-471.184,294.49
2018/9/21,-177.318,295.44
2018/9/20,236.504,295.67
2018/9/19,571.974,293.33
2018/9/18,0,293
2018/9/17,14.569,291.44
2018/9/14,0,293
2018/9/13,14.644,292.9
2018/9/12,160.1985,291.23
2018/9/11,87.348,291.21
2018/9/10,0,290.15
2018/9/7,622.4465,289.61
2018/9/6,-246.6105,290.24
2018/9/5,-378.43,291.14
2018/9/4,0,291.95
2018/8/31,-190.047,292.3
2018/8/30,3522.3355,292.34
2018/8/29,-58.712,293.55
2018/8/28,-14.5935,291.96
2018/8/27,72.9475,291.77
2018/8/24,144.77,289.53
2018/8/23,402.85,287.8
2018/8/22,0,288.21
2018/8/21,72.0825,288.29
2018/8/20,86.319,287.72
2018/8/17,229.616,287.02
2018/8/16,214.5375,286.1
2018/8/15,198.597,283.74
2018/8/14,214.3725,285.87
2018/8/13,127.8,284.04
2018/8/10,71.2825,285.09
2018/8/9,574.18,287.07
2018/8/8,517.374,287.43
2018/8/7,287.5,287.55
2018/8/6,71.67,286.66
2018/8/3,-57.13,285.62
2018/8/2,113.716,284.29
2018/8/1,-14.1435,282.88
2018/7/31,0,283.29
2018/7/30,-535.382,281.83
2018/7/27,-240.873,283.46
2018/7/26,128.367,285.27
2018/7/25,-14.306,286.13
2018/7/24,28.354,283.52
2018/7/23,-70.545,282.21
2018/7/20,-197.162,281.66
2018/7/19,-592.032,281.97
2018/7/18,353.7625,283.03
2018/7/17,0,282.46
2018/7/16,0,281.32
2018/7/13,-154.8525,281.49
2018/7/12,-28.125,281.22
2018/7/11,236.963,278.87
2018/7/10,-322.897,280.77
2018/7/9,-125.91,279.77
2018/7/6,-83.181,277.24
2018/7/5,54.984,274.98
2018/7/3,258.8845,272.71
2018/7/2,-13.693,273.77
2018/6/29,163.806,273.09
2018/6/28,0,272.81
2018/6/27,13.554,271.26
2018/6/26,13.6715,273.39
2018/6/25,68.5275,274.13
2018/6/22,0,277.88
2018/6/21,0,277.4
2018/6/20,-725.764,279.17
2018/6/19,55.732,278.67
2018/6/18,181.857,279.78
2018/6/15,14.0185,280.37
2018/6/14,-112.248,280.67
2018/6/13,167.91,279.92
2018/6/12,-154.5335,280.94
2018/6/11,-2902.8645,280.52
2018/6/8,84.051,280.11
2018/6/7,97.748,279.28
2018/6/6,41.9145,279.45
2018/6/5,0,277.11
2018/6/4,235.314,276.8
2018/6/1,-633.88,275.54
2018/5/31,-95.417,272.67
2018/5/30,233.2825,274.48
2018/5/29,-108.384,270.97
2018/5/25,0,274.07
2018/5/24,302.203,274.76
2018/5/23,123.876,275.26
2018/5/22,178.347,274.44
2018/5/21,165.144,275.23
2018/5/18,68.305,273.23
2018/5/17,54.782,273.9
2018/5/16,-13.7035,274.09
2018/5/15,109.156,272.88
2018/5/14,-151.118,274.8
2018/5/11,13.725,274.49
2018/5/10,-27.394,273.88
2018/5/9,40.6995,271.34
2018/5/8,1531.59,268.72
2018/5/7,282.2085,268.73
2018/5/4,-26.784,267.83
2018/5/3,3410.76,264.4
2018/5/2,-808.1585,264.95
2018/5/1,333.625,266.8
2018/4/30,-266.22,266.24
2018/4/27,26.841,268.41
2018/4/26,40.2135,268.14
2018/4/25,225.522,265.38
2018/4/24,-198.63,264.84
2018/4/23,1838.677,268.39
2018/4/20,-13.4205,268.49
2018/4/19,0,270.7
2018/4/18,204.1725,272.2
2018/4/17,68.0025,272
2018/4/16,-67.285,269.18
2018/4/13,-133.485,266.97
2018/4/12,26.773,267.7
2018/4/11,-132.755,265.53
2018/4/10,-774.213,266.94
2018/4/9,236.322,262.64
2018/4/6,117.7335,261.56
2018/4/5,0,267.44
2018/4/4,132.81,265.57
2018/4/3,-26.257,262.32
2018/4/2,207.432,259.2
2018/3/29,66.3025,265.18
2018/3/28,-65.4,261.67
2018/3/27,262.32,262.4
2018/3/26,-173.5045,266.88
2018/3/23,25.987,259.93
2018/3/22,-4817.5545,265.79
2018/3/21,54.708,273.58
2018/3/20,-4000.546,273.99
2018/3/19,-2024.64,273.77
2018/3/16,-513.449,277.38
2018/3/15,-110.824,277.12
2018/3/14,83.178,277.3
2018/3/13,-27.878,278.93
2018/3/12,98.1925,280.64
2018/3/9,449.456,280.61
2018/3/8,-358.93,276.04
2018/3/7,755.7,274.76
2018/3/6,192.444,274.88
2018/3/5,-54.836,274.1
2018/3/2,108.476,271.08
2018/3/1,94.43,269.75
2018/2/28,218.72,273.5
2018/2/27,469.948,276.65
2018/2/26,97.986,279.95
2018/2/23,207.5025,276.63
2018/2/22,340.3625,272.28
2018/2/21,231.2,271.9
2018/2/20,41.025,273.37
2018/2/16,-247.581,275.33
2018/2/15,0,274.79
2018/2/14,-122.2245,271.54
2018/2/13,428.72,268.02
2018/2/12,307.3145,266.81
2018/2/9,237.204,263.62
2018/2/8,-298.54,259.98
2018/2/7,-107.872,269.71
2018/2/6,271.03,270.83
2018/2/5,532.68,265.93
2018/2/2,708.2115,277.79
2018/2/1,453.984,283.62
2018/1/31,752.2555,284.04
2018/1/30,226.976,283.88
2018/1/29,387.2205,286.86
2018/1/26,2194.5,288.5
2018/1/25,-28.537,285.33
2018/1/24,228.16,285.26
2018/1/23,28.536,285.33
2018/1/22,0,284.74
2018/1/19,-84.735,282.41
2018/1/18,-112.48,281.2
2018/1/17,42.246,281.64
2018/1/16,-41.8515,279.14
2018/1/12,97.9965,279.89
2018/1/11,13.906,278.06
2018/1/10,179.4975,276.05
2018/1/9,2266.972,276.49
2018/1/8,0,275.91
2018/1/5,-13.7775,275.31
2018/1/4,-68.4075,273.49
2018/1/3,395.096,272.41
2018/1/2,703.924,270.61
2017/12/29,-40.275,268.92
2017/12/28,13.494,269.74
2017/12/27,0,269.32
2017/12/26,-107.644,269.01
2017/12/22,390.601,269.43
2017/12/21,80.85,269.47
2017/12/20,-390.0065,269.09
2017/12/19,121.122,269.17
2017/12/18,-1804.145,271.49
2017/12/15,-809.55,269.79
2017/12/14,1069.72,267.57
2017/12/13,13.424,268.59
2017/12/12,0,268.64
2017/12/11,187.719,268.12
2017/12/8,654.9095,267.3
2017/12/7,0,265.86
2017/12/6,92.75,265.04
2017/12/5,92.757,264.98
2017/12/4,545.3205,265.95
2017/12/1,133.14,266.23
2017/11/30,0,266.66
2017/11/29,370.37,264.48
2017/11/28,0,264.56
2017/11/27,0,262.11
2017/11/24,78.63,261.99
2017/11/22,-26.155,261.52
2017/11/21,327.15,261.59
2017/11/20,390.03,259.99
2017/11/17,155.808,259.65
2017/11/16,52.07,260.23
2017/11/15,271.0575,258.19
2017/11/14,103.808,259.54
2017/11/13,78.027,260.07
2017/11/10,-38.973,259.81
2017/11/9,38.9955,260.04
2017/11/8,391.32,260.8
2017/11/7,442.85,260.45
2017/11/6,0,260.56
2017/11/3,-104.08,260.11
2017/11/2,194.5275,259.36
2017/11/1,-12.9645,259.24
2017/10/31,0,258.87
2017/10/30,284.493,258.54
2017/10/27,-25.944,259.33
2017/10/26,0,257.24
2017/10/25,1400.8135,257.06
2017/10/24,51.648,258.25
2017/10/23,51.562,257.91
2017/10/20,-232.956,258.82
2017/10/19,206,257.54
2017/10/18,25.74,257.4
2017/10/17,12.86,257.16
2017/10/16,115.659,257.01
2017/10/13,0,256.64
2017/10/12,179.438,256.33
2017/10/11,166.8875,256.7
2017/10/10,12.814,256.28
2017/10/9,153.408,255.69
2017/10/6,601.9525,256.12
2017/10/5,320.425,256.36
2017/10/4,50.972,254.89
2017/10/3,114.534,254.55
2017/10/2,0,253.97
2017/9/29,442.715,252.89
2017/9/28,0,252
2017/9/27,453.042,251.72
2017/9/26,50.134,250.74
2017/9/25,-113.3595,251.91
2017/9/22,-50.494,252.39
2017/9/21,454.158,252.36
2017/9/20,-1771.49,253.06
2017/9/19,0,252.94
2017/9/18,0,252.66
2017/9/15,163.9625,252.19
2017/9/14,0,251.82
2017/9/13,50.39,251.9
2017/9/12,0,251.78
2017/9/11,-125.45,250.89
2017/9/8,161.3365,248.23
2017/9/7,0,248.59
2017/9/6,0,248.6
2017/9/5,681.395,247.8
2017/9/1,24.966,249.57
2017/8/31,174.398,249.09
2017/8/30,1300.4775,247.69
2017/8/29,616.275,246.49
2017/8/28,0,246.24
2017/8/25,12.307,246.18
2017/8/24,0,245.67
2017/8/23,0,246.18
2017/8/22,-49.406,247.01
2017/8/21,-146.754,244.54
2017/8/18,-36.6465,244.24
2017/8/17,0,244.77
2017/8/16,0,248.59
2017/8/15,-111.6675,248.19
2017/8/14,111.699,248.15
2017/8/11,12.287,245.74
2017/8/10,-49.082,245.43
2017/8/9,12.446,248.88
2017/8/8,0,248.96
2017/8/7,0,249.53
2017/8/4,124.57,249.06
2017/8/3,0,248.64
2017/8/2,0,249.09
2017/8/1,199.192,248.99
2017/7/31,111.7755,248.43
2017/7/28,198.856,248.56
2017/7/27,224.001,248.89
2017/7/26,-186.8325,249.12
2017/7/25,311.3,249.04
2017/7/24,223.479,248.48
2017/7/21,-111.8565,248.55
2017/7/20,-12.433,248.73
2017/7/19,-12.434,248.64
2017/7/18,1904.441,247.34
2017/7/17,24.718,247.16
2017/7/14,346.052,247.18
2017/7/13,12.3015,246.06
2017/7/12,343.798,245.63
2017/7/11,-24.376,243.8
2017/7/10,-24.395,243.96
2017/7/7,60.93,243.71
2017/7/6,169.519,242.19
2017/7/5,97.748,244.38
2017/7/3,170.779,243.87
2017/6/30,328.5765,243.38
2017/6/29,60.75,243.01
2017/6/28,49.02,245.07
2017/6/27,230.774,242.99
2017/6/26,0,246
2017/6/23,-24.594,245.9
2017/6/22,73.668,245.58
2017/6/21,0,245.69
2017/6/20,-2433.321,245.78
2017/6/19,-420.648,247.39
2017/6/16,147.234,245.35
2017/6/15,171.724,245.37
2017/6/14,221.244,245.81
2017/6/13,1611.6975,246.09
2017/6/12,183.6675,244.9
2017/6/9,502.4725,244.99
2017/6/8,0,245.3
2017/6/7,2194.901,245.2
2017/6/6,0,244.8
2017/6/5,147.2955,245.51
2017/6/2,0,245.68
2017/6/1,48.9695,244.87
2017/5/31,0,242.95
2017/5/30,60.7675,243.05
2017/5/26,145.9995,243.26
2017/5/25,145.9335,243.24
2017/5/24,0,242.1
2017/5/23,-24.1525,241.53
2017/5/22,-144.6375,241.04
2017/5/19,371.7254,239.79
2017/5/18,190.5571,238.22
2017/5/17,-94.9266,237.38
2017/5/16,289.9636,241.61
2017/5/15,0,241.75
2017/5/12,0,240.53
2017/5/11,60.2325,240.91
2017/5/10,0,241.38
2017/5/9,96.4139,240.97
2017/5/8,0,241.19
2017/5/5,12.0581,241.22
2017/5/4,204.197,240.25
2017/5/3,-96.0305,240.03
2017/5/2,1189.6786,240.29
2017/5/1,-564.1425,240.15
2017/4/28,-59.91,239.61
2017/4/27,-36.0135,240.15
2017/4/26,311.9264,239.93
2017/4/25,2676.556,240.03
2017/4/24,429.4771,238.63
2017/4/21,59.01,236.08
2017/4/20,153.8926,236.77
2017/4/19,70.4983,234.94
2017/4/18,152.9761,235.32
2017/4/17,59.0075,236.03
2017/4/13,23.4024,234.02
2017/4/12,306.3031,235.58
2017/4/11,82.7764,236.51
2017/4/10,1290.6174,236.81
2017/4/7,11.8286,236.65
2017/4/6,118.415,236.87
2017/4/5,0,236.24
2017/4/4,355.5,237
2017/4/3,236.83,236.85
2017/3/31,0,237.15
2017/3/30,118.87,237.73
2017/3/29,11.8491,237.06
2017/3/28,224.9059,236.72
2017/3/27,-35.2531,235.03
2017/3/24,35.2891,235.35
2017/3/23,201.0264,236.48
2017/3/22,248.5846,236.77
2017/3/21,106.3379,236.26
2017/3/20,-11.9664,239.27
2017/3/17,0,239.58
2017/3/16,192.0284,240.03
2017/3/15,48.0796,240.35
2017/3/14,309.9374,238.4
2017/3/13,23.9225,239.28
2017/3/10,131.4691,239.12
2017/3/9,178.695,238.3
2017/3/8,404.7219,238.07
2017/3/7,1562.4341,238.51
2017/3/6,382.7535,239.24
2017/3/3,0,239.96
2017/3/2,35.9805,239.8
2017/3/1,120.635,241.22
2017/2/28,23.7995,237.97
2017/2/27,-23.8595,238.6
2017/2/24,131.0676,238.24
2017/2/23,190.3244,237.91
2017/2/22,142.6635,237.76
2017/2/21,214.1985,237.91
2017/2/17,11.8261,236.5
2017/2/16,200.7544,236.21
2017/2/15,153.6326,236.33
2017/2/14,199.8789,235.14
2017/2/13,35.1196,234.15
2017/2/10,58.215,232.9
2017/2/9,0,231.97
2017/2/8,34.5961,230.66
2017/2/7,115.21,230.37
2017/2/6,138.2174,230.38
2017/2/3,0,230.75
2017/2/2,-137.4974,229.14
2017/2/1,-435.1176,229.03
2017/1/31,274.6708,228.95
2017/1/30,0,228.99
2017/1/27,34.5691,230.39
2017/1/26,-103.7998,230.68
2017/1/25,34.6301,230.88
2017/1/24,57.2475,228.98
2017/1/23,147.8671,227.56
2017/1/20,125.4522,228.08
2017/1/19,0,227.36
2017/1/18,79.8539,228.12
2017/1/17,204.9376,227.67
2017/1/13,68.5212,228.43
2017/1/12,0,227.94
2017/1/11,0,228.43
2017/1/10,34.1671,227.8
2017/1/9,-91.1146,227.88
2017/1/6,-228.6,228.65
2017/1/5,-68.3232,227.76
2017/1/4,-91.1586,227.89
2017/1/3,305.8439,226.56
2016/12/30,22.4654,224.89
2016/12/29,-282.1,225.73
2016/12/28,33.8581,225.78
2016/12/27,-113.795,227.6
2016/12/23,261.1406,227.04
2016/12/22,34.0156,226.8
2016/12/21,-11.3557,227.19
2016/12/20,-160.3238,229
2016/12/19,536.2009,228.16
2016/12/16,0,227.73
2016/12/15,171.0825,228.09
2016/12/14,340.83,227.25
2016/12/13,274.8748,229.06
2016/12/12,250.2774,227.53
2016/12/9,193.6144,227.82
2016/12/8,215.1113,226.44
2016/12/7,90.3666,225.87
2016/12/6,111.47,222.96
2016/12/5,0,222.2
2016/12/2,154.6117,220.96
2016/12/1,11.0368,220.77
2016/11/30,553.9,221.61
2016/11/29,210.9977,222.16
2016/11/28,388.0625,221.81
2016/11/25,22.2836,222.81
2016/11/23,222.02,221.96
2016/11/22,244.0144,221.79
2016/11/21,232.4111,221.36
2016/11/18,-109.85,219.75
2016/11/17,-176.156,220.2
2016/11/16,120.542,219.18
2016/11/15,307.2147,219.47
2016/11/14,337.5253,217.76
2016/11/11,141.5427,217.69
2016/11/10,457.9273,218.16
2016/11/9,54.405,217.68
2016/11/8,398.1583,215.29
2016/11/7,332.1779,214.3
2016/11/4,62.8988,209.68
2016/11/3,125.9953,210
2016/11/2,263.5625,210.86
2016/11/1,31.8302,212.18
2016/10/31,170.9174,213.71
2016/10/28,0,213.76
2016/10/27,107.165,214.38
2016/10/26,161.2275,214.97
2016/10/25,86.1347,215.4
2016/10/24,108.075,216.07
2016/10/21,225.8904,215.15
2016/10/20,-43.0326,215.12
2016/10/19,0,215.47
2016/10/18,171.9479,214.89
2016/10/17,-42.7246,213.61
2016/10/14,-32.1377,214.29
2016/10/13,85.6867,214.25
2016/10/12,161.1525,214.93
2016/10/11,-32.1902,214.67
2016/10/10,369.423,217.33
2016/10/7,151.4266,216.26
2016/10/6,141.0617,217.05
2016/10/5,0,216.87
2016/10/4,226.6885,215.94
2016/10/3,-86.7853,216.94
2016/9/30,0,217.57
2016/9/29,0,215.94
2016/9/28,0,217.9
2016/9/27,162.555,216.77
2016/9/26,-10.7644,215.42
2016/9/23,21.8313,218.32
2016/9/22,285.4253,219.5
2016/9/21,0,218.13
2016/9/20,0,215.74
2016/9/19,0,215.71
2016/9/16,-204.9301,215.64
2016/9/15,97.439,216.53
2016/9/14,64.3029,214.34
2016/9/13,246.6162,214.43
2016/9/12,21.7623,217.57
2016/9/9,-107.225,214.49
2016/9/8,164.88,219.79
2016/9/7,99.14,220.34
2016/9/6,187.2563,220.34
2016/9/2,307.4947,219.63
2016/9/1,0,218.65
2016/8/31,76.5533,218.63
2016/8/30,-65.7573,219.22
2016/8/29,0,219.62
2016/8/26,-76.4483,218.5
2016/8/25,-43.7547,218.87
2016/8/24,-54.765,219.19
2016/8/23,66.064,220.21
2016/8/22,0,219.77
2016/8/19,10.9913,219.83
2016/8/18,22.0183,220.14
2016/8/17,186.7293,219.63
2016/8/16,87.6867,219.23
2016/8/15,22.0403,220.39
2016/8/12,0,219.71
2016/8/11,65.9703,219.91
2016/8/10,0,218.89
2016/8/9,43.8807,219.43
2016/8/8,142.5437,219.28
2016/8/5,87.7907,219.43
2016/8/4,87.0427,217.64
2016/8/3,0,217.43
2016/8/2,0,216.81
2016/8/1,250.8597,218.14
2016/7/29,54.605,218.35
2016/7/28,54.515,218.03
2016/7/27,-32.6522,217.78
2016/7/26,98.0802,217.97
2016/7/25,108.935,217.91
2016/7/22,240.3843,218.47
2016/7/21,21.7487,217.49
2016/7/20,229.24,218.32
2016/7/19,-65.215,217.41
2016/7/18,108.835,217.65
2016/7/15,-195.4337,217.05
2016/7/14,358.6262,217.31
2016/7/13,194.5943,216.12
2016/7/12,32.4227,216.15
2016/7/11,85.8627,214.61
2016/7/8,0,213.85
2016/7/7,21.0723,210.71
2016/7/6,158.1525,210.93
2016/7/5,241.1307,209.62
2016/7/1,95.0021,211.01
2016/6/30,273.8554,210.68
2016/6/29,41.5705,207.82
2016/6/28,-480.2002,204.33
2016/6/27,562.0415,200.69
2016/6/24,-500.8498,204.37
2016/6/23,-106.02,212
2016/6/22,0,209.21
2016/6/21,20.9539,209.56
2016/6/20,-62.9974,210.02
2016/6/17,-146.1555,208.74
2016/6/16,167.5798,209.51
2016/6/15,0,208.81
2016/6/14,125.4913,209.17
2016/6/13,83.8027,209.54
2016/6/10,0,211.17
2016/6/9,0,213.14
2016/6/8,32.0207,213.46
2016/6/7,63.8164,212.79
2016/6/6,159.3375,212.48
2016/6/3,0,211.4
2016/6/2,0,212.01
2016/6/1,0,211.37
2016/5/31,-105.565,210.97
2016/5/27,137.3697,211.32
2016/5/26,84.1547,210.39
2016/5/25,0,210.32
2016/5/24,41.7842,208.9
2016/5/23,0,206.23
2016/5/20,123.9253,206.5
2016/5/19,-10.261,205.25
2016/5/18,0,205.99
2016/5/17,102.98,205.93
2016/5/16,41.5662,207.85
2016/5/13,82.333,205.8
2016/5/12,0,207.62
2016/5/11,0,207.61
2016/5/10,0,209.49
2016/5/9,0,206.95
2016/5/6,31.0082,206.75
2016/5/5,-61.8158,206
2016/5/4,20.6063,206.02
2016/5/3,-51.8075,207.2
2016/5/2,-41.8042,209.05
2016/4/29,82.9667,207.41
2016/4/28,-72.9658,208.57
2016/4/27,-10.5174,210.42
2016/4/26,0,210.05
2016/4/25,-20.9663,209.68
2016/4/22,126.0193,210.01
2016/4/21,10.4984,210.06
2016/4/20,-73.8898,211.14
2016/4/19,0,210.97
2016/4/18,84.1147,210.32
2016/4/15,114.9098,208.85
2016/4/14,-115.0253,209.08
2016/4/13,0,209.07
2016/4/12,-10.3455,206.99
2016/4/11,-92.239,205.03
2016/4/8,-51.385,205.56
2016/4/7,-358.6975,205
2016/4/6,103.72,207.45
2016/4/5,71.8248,205.24
2016/4/4,0,207.29
2016/4/1,207.94,207.94
2016/3/31,41.3285,206.59
2016/3/30,20.7063,207.11
2016/3/29,123.673,206.18
2016/3/28,40.8605,204.28
2016/3/24,30.6258,204.19
2016/3/23,-30.6378,204.27
2016/3/22,237.6922,206.75
2016/3/21,41.3705,206.82
2016/3/18,-165.3158,206.57
2016/3/17,308.595,205.73
2016/3/16,30.662,204.48
2016/3/15,304.845,203.26
2016/3/14,223.955,203.57
2016/3/11,30.5825,203.79
2016/3/10,-50.1275,200.52
2016/3/9,0,200.44
2016/3/8,-49.855,199.39
2016/3/7,30.2463,201.65
2016/3/4,-40.2945,201.41
2016/3/3,80.3148,200.8
2016/3/2,130.0504,200.03
2016/3/1,-29.8879,199.18
2016/2/29,-97.285,194.46
2016/2/26,284.4199,196.12
2016/2/25,29.4723,196.51
2016/2/24,-9.7096,194.17
2016/2/23,0,193.34
2016/2/22,0,195.75
2016/2/19,-19.3022,192.99
2016/2/18,-48.2475,193
2016/2/17,29.0823,193.84
2016/2/16,28.6068,190.7
2016/2/12,140.67,187.56
2016/2/11,0,183.95
2016/2/10,-83.7911,186.18
2016/2/9,-130.3283,186.27
2016/2/8,186.26,186.27
2016/2/5,-56.6737,188.88
2016/2/4,-67.3657,192.5
2016/2/3,-230.5703,192.13
2016/2/2,-305.7713,191.06
2016/2/1,-584.25,194.62
2016/1/29,-126.6508,194.62
2016/1/28,66.5432,190.06
2016/1/27,0,189.03
2016/1/26,95.565,191.1
2016/1/25,0,188.57
2016/1/22,0,191.41
2016/1/21,300.2411,187.59
2016/1/20,102.6717,186.68
2016/1/19,-84.979,188.92
2016/1/15,-9.441,188.69
2016/1/14,19.2922,192.83
2016/1/13,-28.4598,189.74
2016/1/12,-9.7266,194.54
2016/1/11,0,192.98
2016/1/8,-356.8847,192.83
2016/1/7,29.2518,194.95
2016/1/6,0,199.77
2016/1/5,-111.279,202.4
2016/1/4,70.6706,201.97
2015/12/31,-92.2552,204.91
2015/12/30,0,206.94
2015/12/29,62.5325,208.43
2015/12/28,299.2825,206.39
2015/12/24,51.7125,206.75
2015/12/23,229.2083,208.39
2015/12/22,-30.8765,205.86
2015/12/21,-10.197,203.97
2015/12/18,-161.9095,202.29
2015/12/17,309.075,206.02
2015/12/16,52.2925,209.14
2015/12/15,30.9227,206.23
2015/12/14,0,204.09
2015/12/11,-81.2028,202.96
2015/12/10,-103.5,206.97
2015/12/9,702.1327,206.49
2015/12/8,83.2427,208.14
2015/12/7,31.4162,209.45
2015/12/4,-253.0881,210.81
2015/12/3,92.9977,206.75
2015/12/2,83.8667,209.69
2015/12/1,127.1713,211.93
2015/11/30,-41.9362,209.85
2015/11/27,-21.0683,210.72
2015/11/25,0,210.51
2015/11/24,0,210.57
2015/11/23,31.5347,210.23
2015/11/20,231.5403,210.53
2015/11/19,283.0423,209.71
2015/11/18,94.4467,209.88
2015/11/17,30.9782,206.53
2015/11/16,-341.1692,206.77
2015/11/13,10.1887,203.68
2015/11/12,-103,206.02
2015/11/11,-20.8903,208.88
2015/11/10,-157.17,209.67
2015/11/9,20.9203,209.21
2015/11/6,0,211.19
2015/11/5,0,211.29
2015/11/4,21.1418,211.56
2015/11/3,233.3663,212.14
2015/11/2,42.3166,211.55
2015/10/30,0,209.03
2015/10/29,115.5524,210.04
2015/10/28,31.5242,210.12
2015/10/27,31.1586,207.74
2015/10/26,41.6402,208.12
2015/10/23,323.3648,208.66
2015/10/22,-92.86,206.35
2015/10/21,-71.0407,202.94
2015/10/20,0,204.19
2015/10/19,-30.6618,204.46
2015/10/16,0,204.27
2015/10/15,10.169,203.44
2015/10/14,10.0257,200.38
2015/10/13,-161.1077,201.33
2015/10/12,10.1407,202.68
2015/10/9,192.3618,202.48
2015/10/8,-161.8695,202.31
2015/10/7,160.4536,200.55
2015/10/6,179.0059,198.88
2015/10/5,0,199.6
2015/10/2,137.2034,196.05
2015/10/1,0,193.19
2015/9/30,-48.2075,192.72
2015/9/29,122.9918,189.06
2015/9/28,264.5626,188.94
2015/9/25,-29.0882,193.87
2015/9/24,48.765,195.07
2015/9/23,0,195.73
2015/9/22,0,196.04
2015/9/21,0,198.62
2015/9/18,0,197.61
2015/9/17,-120.5351,200.92
2015/9/16,70.4781,201.37
2015/9/15,-139.7443,199.62
2015/9/14,-98.55,197.1
2015/9/11,0,197.89
2015/9/10,29.5428,196.96
2015/9/9,-254.6806,195.88
2015/9/8,-188.7199,198.65
2015/9/4,125.9493,193.66
2015/9/3,-177.0918,196.65
2015/9/2,-58.9566,196.58
2015/9/1,-57.8945,192.66
2015/8/31,-228.6648,198.74
2015/8/28,-140.3524,200.45
2015/8/27,20.0372,200.45
2015/8/26,156.4676,195.63
2015/8/25,84.7001,188.28
2015/8/24,-9.5377,190.58
2015/8/21,99.31,198.69
2015/8/20,-123.0733,205.13
2015/8/19,0,209.55
2015/8/18,21.1283,211.21
2015/8/17,0,211.84
2015/8/14,157.9875,210.65
2015/8/13,0,209.88
2015/8/12,0,210.13
2015/8/11,0,209.88
2015/8/10,0,211.83
2015/8/7,83.6467,209.17
2015/8/6,0,209.72
2015/8/5,95.0876,211.36
2015/8/4,105.28,210.6
2015/8/3,0,211
2015/7/31,-63.4869,211.73
2015/7/30,0,212.03
2015/7/29,74.2258,212
2015/7/28,0,210.54
2015/7/27,0,207.99
2015/7/24,135.9397,209.22
2015/7/23,-84.5587,211.43
2015/7/22,-138.1822,212.59
2015/7/21,-159.81,213.02
2015/7/20,0,213.87
2015/7/17,106.905,213.76
2015/7/16,181.5443,213.56
2015/7/15,0,211.92
2015/7/14,84.8107,211.98
2015/7/13,0,211.05
2015/7/10,-41.7545,208.73
2015/7/9,309.33,206.14
2015/7/8,-82.2987,205.76
2015/7/7,251.0066,209.28
2015/7/6,72.7634,207.98
2015/7/2,0,208.57
2015/7/1,365.3475,208.79
2015/6/30,62.1818,207.16
2015/6/29,258.375,206.7
2015/6/26,0,211.12
2015/6/25,-21.1143,211.08
2015/6/24,0,211.77
2015/6/23,-53.625,214.49
2015/6/22,85.7387,214.35
2015/6/19,-149.1311,212.9
2015/6/18,0,214.15
2015/6/17,63.6154,211.72
2015/6/16,-211.64,211.74
2015/6/15,-21.0443,210.35
2015/6/12,-116.2729,211.32
2015/6/11,-244.8107,212.92
2015/6/10,95.6031,212.66
2015/6/9,52.4775,209.99
2015/6/8,-167.8534,209.85
2015/6/5,-105.575,211.2
2015/6/4,-21.1463,211.9
2015/6/3,-159.9675,213.59
2015/6/2,-138.3122,212.64
2015/6/1,-181.0513,212.91
2015/5/29,-127.5253,212.73
2015/5/28,0,214.14
2015/5/27,-64.2334,214.05
2015/5/26,127.2853,212.48
2015/5/22,0,214.4
2015/5/21,0,214.78
2015/5/20,0,214.22
2015/5/19,32.1692,214.41
2015/5/18,85.8227,214.53
2015/5/15,-85.5587,213.82
2015/5/14,-74.7998,213.69
2015/5/13,-73.9948,211.41
2015/5/12,0,211.43
2015/5/11,296.8547,211.74
2015/5/8,63.9279,212.74
2015/5/7,0,210.32
2015/5/6,-20.9423,209.41
2015/5/5,0,210.3
2015/5/4,0,212.82
2015/5/1,-84.8587,212.06
2015/4/30,115.4149,209.86
2015/4/29,-95.3916,211.75
2015/4/28,-42.5566,213.04
2015/4/27,-21.2183,212.32
2015/4/24,0,213.07
2015/4/23,0,212.56
2015/4/22,-53.0125,211.92
2015/4/21,52.7425,210.98
2015/4/20,95.0786,210.95
2015/4/17,-62.8058,209.46
2015/4/16,0,211.92
2015/4/15,0,211.86
2015/4/14,168.6519,211.01
2015/4/13,0,210.52
2015/4/10,-10.5749,211.24
2015/4/9,-63.0964,210.41
2015/4/8,-62.8144,209.29
2015/4/7,104.375,208.63
2015/4/6,62.7514,209.16
2015/4/2,-93.517,207.81
2015/4/1,0,207.17
2015/3/31,-145.5052,207.69
2015/3/30,73.3928,209.41
2015/3/27,-62.1458,207.1
2015/3/26,92.977,206.66
2015/3/25,-20.7113,207.23
2015/3/24,-52.7925,211.28
2015/3/23,0,212.31
2015/3/20,138.3382,212.79
2015/3/19,0,211.06
2015/3/18,0,212.07
2015/3/17,52.3525,209.45
2015/3/16,157.5825,209.62
2015/3/13,-207.3,206.99
2015/3/12,-62.5655,208.37
2015/3/11,-92.6665,205.93
2015/3/10,-20.6293,206.16
2015/3/9,0,209.75
2015/3/6,-73.1379,209.06
2015/3/5,-180.1673,211.92
2015/3/4,0,211.58
2015/3/3,-170.0759,212.43
2015/3/2,395.0688,213.39
2015/2/27,10.6159,212.42
2015/2/26,202.2226,212.92
2015/2/25,-10.6549,212.95
2015/2/24,-95.9786,213.28
2015/2/23,-53.1725,212.6
2015/2/20,-329.7599,212.65
2015/2/19,-222.0054,211.46
2015/2/18,-21.1568,211.48
2015/2/17,-31.7572,211.49
2015/2/13,-105.655,211.22
2015/2/12,-452.4447,210.33
2015/2/11,0,208.49
2015/2/10,239.5552,208.12
2015/2/9,-20.605,206.13
2015/2/6,372.5435,207.21
2015/2/5,72.6683,207.41
2015/2/4,0,204.94
2015/2/3,-20.6273,206.01
2015/2/2,0,203.52
2015/1/30,-511.8335,200.91
2015/1/29,-355.88,203.73
2015/1/28,0,201.01
2015/1/27,-316.4517,204.76
2015/1/26,144.8535,207.13
2015/1/23,0,206.19
2015/1/22,-705.6007,207.41
2015/1/21,-51.1025,204.48
2015/1/20,162.7415,203.4
2015/1/16,111.708,203.09
2015/1/15,260.5497,200.68
2015/1/14,131.4808,202.61
2015/1/13,244.1545,203.43
2015/1/12,122.371,204.03
2015/1/9,-10.279,205.35
2015/1/8,-51.8425,207.2
2015/1/7,0,203.77
2015/1/6,-181.1868,201.21
2015/1/5,-650.0185,203.34
2015/1/2,-62.0645,206.34
2014/12/31,1117.4747,206.94
2014/12/30,73.1828,209.29
2014/12/29,-42.0206,210.19
2014/12/26,272.8478,209.86
2014/12/24,52.2975,209.22
2014/12/23,178.7584,210.45
2014/12/22,31.4961,209.77
2014/12/19,62.7304,208.95
2014/12/18,-291.4227,208.43
2014/12/17,-223.5762,203.27
2014/12/16,-627.4158,199.1
2014/12/15,0,200.89
2014/12/12,-101.08,201.68
2014/12/11,0,204.92
2014/12/10,71.5797,204.51
2014/12/9,-62.3708,207.6
2014/12/8,-20.7953,207.84
2014/12/5,-20.9379,209.52
2014/12/4,0,209.1
2014/12/3,125.5869,209.19
2014/12/2,291.8771,208.47
2014/12/1,41.4262,206.95
2014/11/28,0,208.27
2014/11/26,-104.545,209.11
2014/11/25,166.7638,208.63
2014/11/24,0,208.59
2014/11/21,-208.07,207.97
2014/11/20,0,207.02
2014/11/19,20.649,206.61
2014/11/18,837.7058,206.7
2014/11/17,0,205.78
2014/11/14,0,205.61
2014/11/13,0,205.23
2014/11/12,0,205.39
2014/11/11,606.1327,205.43
2014/11/10,153.9975,205.04
2014/11/7,0,204.42
2014/11/6,0,204.65
2014/11/5,61.1257,203.72
2014/11/4,-91.132,202.38
2014/11/3,0,202.93
2014/10/31,111.7142,202.8
2014/10/30,100.375,200.69
2014/10/29,109.7226,199.09
2014/10/28,139.8274,199.76
2014/10/27,197.4,197.54
2014/10/24,217.4542,197.77
2014/10/23,333.7294,196.38
2014/10/22,0,194.35
2014/10/21,478.5609,195.6
2014/10/20,28.7343,191.81
2014/10/17,0,189.83
2014/10/16,-777.7919,186.82
2014/10/15,833.8821,186.37
2014/10/14,236.125,189.26
2014/10/13,0,188.25
2014/10/10,0,190.8
2014/10/9,446.1116,194.41
2014/10/8,0,197.92
2014/10/7,321.0558,194.56
2014/10/6,167.9357,197.37
2014/10/3,-49.4675,197.83
2014/10/2,362.0032,195.62
2014/10/1,1193.5882,195.83
2014/9/30,-29.7408,198.19
2014/9/29,69.5882,198.7
2014/9/26,-59.7966,199.32
2014/9/25,19.7592,197.86
2014/9/24,0,200.77
2014/9/23,90.0879,199.94
2014/9/22,100.665,201.29
2014/9/19,182.6628,203.04
2014/9/18,416.2705,203.14
2014/9/17,646.5305,202.02
2014/9/16,726.3732,201.83
2014/9/15,-40.0564,200.28
2014/9/12,220.4522,200.34
2014/9/11,-131.0453,201.52
2014/9/10,0,201.38
2014/9/9,-60.1927,200.81
2014/9/8,-50.4875,201.91
2014/9/5,0,202.45
2014/9/4,0,201.61
2014/9/3,-312.8185,201.73
2014/9/2,-807.76,201.82
2014/8/29,-40.4105,201.81
2014/8/28,0,201.51
2014/8/27,30.2554,201.56
2014/8/26,-60.4897,201.69
2014/8/25,100.705,201.31
2014/8/22,0,200.59
2014/8/21,140.5765,200.85
2014/8/20,0,200.15
2014/8/19,-49.93,199.55
2014/8/18,-1023.2008,198.53
2014/8/15,98.495,197.05
2014/8/14,0,197.15
2014/8/13,0,196.24
2014/8/12,165.5412,194.8
2014/8/11,0,195.02
2014/8/8,291.75,194.13
2014/8/7,0,192.27
2014/8/6,0,193.2
2014/8/5,67.6387,192.89
2014/8/4,360.9732,194.94
2014/8/1,1065.515,193.56
2014/7/31,67.9992,194.5
2014/7/30,0,198.24
2014/7/29,0,198.04
2014/7/28,-59.7276,199
2014/7/25,19.9032,198.85
2014/7/24,129.9923,199.82
2014/7/23,0,199.82
2014/7/22,29.9359,199.28
2014/7/21,109.1946,198.33
2014/7/18,0,198.89
2014/7/17,0,197.04
2014/7/16,1056.3406,199.19
2014/7/15,0,198.5
2014/7/14,109.3656,198.8
2014/7/11,197.88,197.94
2014/7/10,0,197.49
2014/7/9,357.0996,198.44
2014/7/8,227.0893,197.72
2014/7/7,-159.0456,198.82
2014/7/3,0,199.21
2014/7/2,-158.7976,198.46
2014/7/1,-1160.4072,198.3
2014/6/30,39.3964,197.14
2014/6/27,0,196.89
2014/6/26,0,196.4
2014/6/25,-157.5016,196.62
2014/6/24,39.1864,196.02
2014/6/23,0,197.94
2014/6/20,148.59,197.94
2014/6/19,-158.2276,197.61
2014/6/18,19.7512,197.47
2014/6/17,-97.99,195.92
2014/6/16,0,195.42
2014/6/13,0,195.36
2014/6/12,48.695,194.86
2014/6/11,0,196.1
2014/6/10,157.4296,196.83
2014/6/9,108.2601,196.78
2014/6/6,0,196.49
2014/6/5,0,195.64
2014/6/4,0,194.36
2014/6/3,38.8024,193.97
2014/6/2,-97.045,193.95
2014/5/30,0,193.81
2014/5/29,48.395,193.5
2014/5/28,0,192.66
2014/5/27,125.2597,192.64
2014/5/23,0,191.39
2014/5/22,-371.9648,190.7
2014/5/21,-76.1068,190.16
2014/5/20,-1207.7428,188.48
2014/5/19,0,189.95
2014/5/16,-113.5212,189.18
2014/5/15,0,188.38
2014/5/14,0,190.19
2014/5/13,0,191.07
2014/5/12,257.8107,190.77
2014/5/9,56.7397,188.88
2014/5/8,160.4982,188.85
2014/5/7,85.06,189.09
2014/5/6,46.9725,188.03
2014/5/5,56.8805,189.27
2014/5/2,0,189.07
2014/5/1,0,189.39
2014/4/30,0,189.52
2014/4/29,-37.7863,188.77
2014/4/28,0,188.19
2014/4/25,46.8525,187.61
2014/4/24,56.6855,188.8
2014/4/23,47.1525,188.71
2014/4/22,0,189.01
2014/4/21,0,188.06
2014/4/17,0,187.33
2014/4/16,0,186.73
2014/4/15,370.64,185.4
2014/4/14,82.8281,183.9
2014/4/11,-82.1532,182.6
2014/4/10,101.3628,184.3
2014/4/9,159.9966,187.92
2014/4/8,279.27,185.91
2014/4/7,203.9741,185.32
2014/4/4,84.3446,187.61
2014/4/3,104.4045,189.9
2014/4/2,-85.5158,189.91
2014/4/1,331.5375,189.38
2014/3/31,451.4869,187.81
2014/3/28,0,186.48
2014/3/27,-37.1486,185.53
2014/3/26,186.09,185.86
2014/3/25,103.0622,187.45
2014/3/24,215.4859,187.18
2014/3/21,-18.8301,187.99
2014/3/20,-103.8652,188.76
2014/3/19,140.7825,187.61
2014/3/18,0,188.56
2014/3/17,9.3732,187.38
2014/3/14,0,185.56
2014/3/13,0,186.21
2014/3/12,-47.1075,188.26
2014/3/11,94.16,187.92
2014/3/10,85.1783,189.33
2014/3/7,132.5473,189.39
2014/3/6,0,189.24
2014/3/5,349.4234,188.81
2014/3/4,2709.9987,188.58
2014/3/3,0,185.78
2014/2/28,-103.0622,187.52
2014/2/27,0,186.92
2014/2/26,-111.5531,185.66
2014/2/25,83.6483,186.19
2014/2/24,0,186.04
2014/2/21,-9.2524,185
2014/2/20,0,185.02
2014/2/19,0,184.01
2014/2/18,-74.1469,185.2
2014/2/14,0,184.94
2014/2/13,331.6118,183.95
2014/2/12,192.3004,183.09
2014/2/11,-18.3111,182.81
2014/2/10,0,180.82
2014/2/7,54.2378,180.77
2014/2/6,62.4516,178.04
2014/2/5,-35.2268,175.81
2014/2/4,-741.0922,175.86
2014/2/3,-2469.0521,174.71
2014/1/31,0,179.21
2014/1/30,-180.36,179.52
2014/1/29,-196.1861,178.43
2014/1/28,-18.0116,180.21
2014/1/27,-241.7456,178.76
2014/1/24,-206.9299,179.62
2014/1/23,-147.0194,183.73
2014/1/22,-27.8119,185.24
2014/1/21,0,185.14
2014/1/17,0,184.72
2014/1/16,-241.1347,184.88
2014/1/15,0,185.51
2014/1/14,-157.0641,184.67
2014/1/13,283.3378,182.8
2014/1/10,0,185.17
2014/1/9,175.4578,184.73
2014/1/8,0,184.66
2014/1/7,27.6904,184.45
2014/1/6,-100.9173,183.44
2014/1/3,-101.1759,183.93
2014/1/2,-92,184.02
2013/12/31,9.2844,185.88
2013/12/30,-1848.8,184.78
2013/12/27,628.6589,184.79
2013/12/26,970.8825,184.86
2013/12/24,294.4971,184.21
2013/12/23,697.2978,183.4
2013/12/20,403.6142,183.66
2013/12/19,-36.5182,182.43
2013/12/18,45.665,182.54
2013/12/17,359.32,179.43
2013/12/16,-117.1419,180.19
2013/12/13,-44.77,178.92
2013/12/12,-89.55,179
2013/12/11,17.9741,179.61
2013/12/10,36.3507,181.65
2013/12/9,264.3952,182.36
2013/12/6,163.8079,181.98
2013/12/5,-503.9138,179.9
2013/12/4,0,180.61
2013/12/3,-45.235,180.65
2013/12/2,-90.755,181.5
2013/11/29,0,181.87
2013/11/27,-91.065,181.91
2013/11/26,0,181.67
2013/11/25,-127.1152,181.64
2013/11/22,-190.9088,181.58
2013/11/21,0,180.66
2013/11/20,161.4859,179.41
2013/11/19,0,179.81
2013/11/18,117.2654,180.39
2013/11/15,27.1594,180.81
2013/11/14,0,180.15
2013/11/13,0,179.35
2013/11/12,0,177.8
2013/11/11,98.0848,178.23
2013/11/8,80.1867,177.98
2013/11/7,228.5952,175.89
2013/11/6,0,178.05
2013/11/5,53.1848,176.93
2013/11/4,791.0787,177.62
2013/11/1,1868.8248,176.78
2013/10/31,-70.6509,176.75
2013/10/30,159.5599,177.34
2013/10/29,0,178.03
2013/10/28,0,177.13
2013/10/25,0,176.74
2013/10/24,-61.6501,176.2
2013/10/23,122.8941,172.52
2013/10/22,-79.3777,176.32
2013/10/21,-78.9223,175.07
2013/10/18,0,175.02
2013/10/17,-17.4241,174.16
2013/10/16,-86.525,172.71
2013/10/15,85.335,170.64
2013/10/14,-60.1625,171.85
2013/10/11,-179.7474,171.28
2013/10/10,212.65,169.82
2013/10/9,58.2569,166.24
2013/10/8,-49.903,166.4
2013/10/7,-75.7686,168.2
2013/10/4,0,169.62
2013/10/3,-151.757,168.34
2013/10/2,-93.5804,169.76
2013/10/1,0,170.33
2013/9/30,118.2059,169.19
2013/9/27,0,169.97
2013/9/26,-264.3814,170.59
2013/9/25,-186.946,169.92
2013/9/24,-93.7234,170.54
2013/9/23,248.9184,171.33
2013/9/20,0,172.39
2013/9/19,191.1151,173.81
2013/9/18,60.9116,173.91
2013/9/17,206.3301,171.95
2013/9/16,136.9659,171.26
2013/9/13,34.0521,170.3
2013/9/12,42.445,169.92
2013/9/11,323.588,170.08
2013/9/10,42.4425,169.69
2013/9/9,-33.7081,168.16
2013/9/6,-41.7125,166.65
2013/9/5,0,166.73
2013/9/4,0,166.62
2013/9/3,0,165.2
2013/8/30,-32.905,164.68
2013/8/29,33.007,165.09
2013/8/28,32.944,164.6
2013/8/27,-82.11,164.12
2013/8/26,-116.811,166.82
2013/8/23,58.6435,167.35
2013/8/22,0,166.88
2013/8/21,-157.17,165.05
2013/8/20,-332.78,166.43
2013/8/19,-49.723,165.72
2013/8/16,16.674,166.27
2013/8/15,-16.728,166.96
2013/8/14,-84.835,169.51
2013/8/13,153.467,170.43
2013/8/12,0,169.27
2013/8/9,0,169.97
2013/8/8,34.1581,170.71
2013/8/7,255.12,170.14
2013/8/6,0,170.73
2013/8/5,0,171.61
2013/8/2,197.6725,171.78
2013/8/1,94.3779,171.43
2013/7/31,25.4231,169.84
2013/7/30,0,169.8
2013/7/29,67.755,169.34
2013/7/26,0,170
2013/7/25,-33.9761,169.7
2013/7/24,0,169.7
2013/7/23,187.1,170.13
2013/7/22,0,170.38
2013/7/19,51.0129,170.28
2013/7/18,-42.4425,169.37
2013/7/17,50.6761,166.67
2013/7/16,117.8909,168.44
2013/7/15,126.7875,169.05
2013/7/12,202.5741,168.38
2013/7/11,151.46,168.32
2013/7/10,24.902,166.14
2013/7/9,141.084,165.86
2013/7/8,0,164.89
2013/7/5,-163.88,164.07
2013/7/3,-24.3335,162.32
2013/7/2,-162.09,161.97
2013/7/1,-1062.0805,161.91
2013/6/28,161.26,161.1
2013/6/27,170.0455,161.9
2013/6/26,185.08,160.76
2013/6/25,240.27,160.18
2013/6/24,-15.867,158.61
2013/6/21,0,160.44
2013/6/20,208.2369,160.39
2013/6/19,-16.427,164.31
2013/6/18,91.6115,166.53
2013/6/17,33.058,165.34
2013/6/14,0,163.85
2013/6/13,0,164.91
2013/6/12,0,162.41
2013/6/11,57.373,164.11
2013/6/10,0,165.62
2013/6/7,0,165.34
2013/6/6,0,163.67
2013/6/5,0,162.16
2013/6/4,24.6545,164.46
2013/6/3,33.056,164.97
2013/5/31,-16.429,164.28
2013/5/30,-50.0011,166.71
2013/5/29,-49.807,166.02
2013/5/28,-267.489,166.86
2013/5/24,0,166.43
2013/5/23,-24.9305,166.36
2013/5/22,-33.338,166.88
2013/5/21,0,167.91
2013/5/20,-50.323,167.78
2013/5/17,-109.114,167.68
2013/5/16,0,166.12
2013/5/15,0,166.73
2013/5/14,124.56,165.89
2013/5/13,32.873,164.38
2013/5/10,16.437,164.24
2013/5/9,57.2785,163.74
2013/5/8,98.509,164.15
2013/5/7,236.971,163.31
2013/5/6,65.036,162.61
2013/5/3,0,162.15
2013/5/2,-32.114,160.48
2013/5/1,214.718,158.96
2013/4/30,-16.055,160.48
2013/4/29,0,160.05
2013/4/26,0,158.85
2013/4/25,0,157.94
2013/4/24,87.2446,158.57
2013/4/23,71.3764,158.5
2013/4/22,0,156.8
2013/4/19,-195.312,155.96
2013/4/18,38.7175,154.69
2013/4/17,-179.296,155.82
2013/4/16,31.6331,158.02
2013/4/15,-233.925,155.75
2013/4/12,-39.9025,159.37
2013/4/11,24.0129,159.96
2013/4/10,-63.7959,159.43
2013/4/9,0,157.49
2013/4/8,0,157.07
2013/4/5,-31.1891,155.77
2013/4/4,-70.4854,156.63
2013/4/3,101.393,156.02
2013/4/2,47.2919,157.59
2013/4/1,-15.682,156.71
2013/3/28,228.391,157.46
2013/3/27,47.0591,156.82
2013/3/26,141.263,156.86
2013/3/25,116.775,155.83
2013/3/22,141.263,157.08
2013/3/21,23.3798,155.8
2013/3/20,54.9976,156.79
2013/3/19,85.8555,156.1
2013/3/18,109.529,156.59
2013/3/15,-23.6024,157.25
2013/3/14,-86.6726,157.45
2013/3/13,-23.5079,156.79
2013/3/12,-31.2915,156.45
2013/3/11,54.8915,156.81
2013/3/8,54.7036,156.22
2013/3/7,54.4609,155.53
2013/3/6,15.5286,155.15
2013/3/5,147.337,154.92
2013/3/4,291.858,153.77
2013/3/1,863.941,152.84
2013/2/28,15.2559,152.4
2013/2/27,0,152.73
2013/2/26,45.2165,150.41
2013/2/25,37.445,149.87
2013/2/22,-22.8884,152.62
2013/2/21,30.2478,151.28
2013/2/20,0,151.92
2013/2/19,-30.8139,153.97
2013/2/15,160.556,152.87
2013/2/14,0,153.01
2013/2/13,61.1734,152.9
2013/2/12,15.2756,152.82
2013/2/11,22.8794,152.5
2013/2/8,-22.8929,152.44
2013/2/7,22.7639,151.69
2013/2/6,15.1946,151.82
2013/2/5,83.5235,151.72
2013/2/4,-15.0289,150.47
2013/2/1,0,151.79
2013/1/31,-150.51,150.68
2013/1/30,30.1798,150.66
2013/1/29,53.0026,151.6
2013/1/28,0,150.8
2013/1/25,-30.1875,150.7
2013/1/24,-292.753,150.27
2013/1/23,-75.06,150.18
2013/1/22,-29.9775,150.09
2013/1/18,0,149.02
2013/1/17,89.2283,148.69
2013/1/16,110.91,147.66
2013/1/15,-81.307,147.64
2013/1/14,0,147.5
2013/1/11,-22.1706,147.78
2013/1/10,0,147.8
2013/1/9,-14.6689,146.68
2013/1/8,29.2598,146.24
2013/1/7,36.6775,146.61
2013/1/4,7.3572,146.93
2013/1/3,29.2958,146.37
2013/1/2,-14.6779,146.67
2012/12/31,186.043,143.37
2012/12/28,91.4671,139.22
2012/12/27,85.3689,142.01
2012/12/26,0,142.27
2012/12/24,64.3991,141.63
2012/12/21,172.14,143.54
2012/12/20,152.03,144.94
2012/12/19,-57.5871,144.07
2012/12/18,-21.9028,145.81
2012/12/17,115.48,144.57
2012/12/14,64.1921,142.81
2012/12/13,35.81,143.09
2012/12/12,115.288,144.01
2012/12/11,302.443,144.4
2012/12/10,693.937,143.31
2012/12/7,64.3586,142.85
2012/12/6,99.8217,142.53
2012/12/5,0,142.07
2012/12/4,141.82,141.82
2012/12/3,49.7197,141.96
2012/11/30,14.2739,142.7
2012/11/29,92.7606,142.66
2012/11/28,85.2489,141.93
2012/11/27,98.6506,140.99
2012/11/26,0,141.57
2012/11/23,7.0974,141.27
2012/11/21,35.025,140.08
2012/11/20,27.9536,139.83
2012/11/19,-48.8819,139.5
2012/11/16,-13.6927,137.22
2012/11/15,-27.2516,136.33
2012/11/14,-20.4717,136.47
2012/11/13,-83.0027,138.31
2012/11/12,0,139.01
2012/11/9,27.7656,138.75
2012/11/8,-6.9299,138.7
2012/11/7,0,140.16
2012/11/6,-14.3589,143.69
2012/11/5,-92.5981,142.39
2012/11/2,-170.556,141.72
2012/11/1,-638.486,143.48
2012/10/31,149.004,141.36
2012/10/26,418.548,141.91
2012/10/25,21.2961,142.01
2012/10/24,-56.6191,141.74
2012/10/23,7.0978,141.81
2012/10/22,72.035,144
2012/10/19,86.4009,143.57
2012/10/18,168.394,146.24
2012/10/17,66.0528,146.83
2012/10/16,0,146.07
2012/10/15,-21.7018,144.73
2012/10/12,0,143.27
2012/10/11,-79.1674,143.99
2012/10/10,-21.5826,143.74
2012/10/9,28.9536,144.72
2012/10/8,7.3115,146.14
2012/10/5,44.0164,146.66
2012/10/4,36.68,146.71
2012/10/3,14.5667,145.61
2012/10/2,195.913,145.23
2012/10/1,913.374,144.87
2012/9/28,245.803,144.6
2012/9/27,0,145.23
2012/9/26,-7.1929,143.79
2012/9/25,245.905,144.81
2012/9/24,-279.242,147.06
2012/9/21,44.1904,147.1
2012/9/20,44.1939,147.32
2012/9/19,243.159,147.23
2012/9/18,139.833,147.2
2012/9/17,0,147.29
2012/9/14,162.62,147.85
2012/9/13,44.1758,146.99
2012/9/12,0,145.11
2012/9/11,0,144.29
2012/9/10,0,143.89
2012/9/7,-195.698,145.03
2012/9/6,0,144.33
2012/9/5,-381.939,141.58
2012/9/4,-453.04,141.81
2012/8/31,0,141.69
2012/8/30,-21.1544,140.91
2012/8/29,-28.4216,141.92
2012/8/28,0,141.97
2012/8/27,0,142.03
2012/8/24,28.4262,142.22
2012/8/23,0,141.05
2012/8/22,0,142.45
2012/8/21,0,142.36
2012/8/20,-21.4198,142.66
2012/8/17,-28.5607,142.7
2012/8/16,0,142.52
2012/8/15,0,141.51
2012/8/14,-28.2644,141.31
2012/8/13,0,141.4
2012/8/10,0,141.41
2012/8/9,0,141.22
2012/8/8,-42.3073,141
2012/8/7,-70.445,140.86
2012/8/6,-763.983,140.14
2012/8/3,881.05,140.01
2012/8/2,-41.1666,137.33
2012/8/1,-27.6489,138.21
2012/7/31,-374.291,138.32
2012/7/30,104.42,139.17
2012/7/27,55.7152,139.37
2012/7/26,82.0046,136.62
2012/7/25,-6.7228,134.6
2012/7/24,6.7247,134.12
2012/7/23,-61.07,135.51
2012/7/20,27.3857,136.97
2012/7/19,27.6634,138.35
2012/7/18,62.0682,137.83
2012/7/17,123.297,136.95
2012/7/16,67.9938,135.86
2012/7/13,122.673,136.31
2012/7/12,-67.0448,134
2012/7/11,114.548,134.72
2012/7/10,-20.2133,134.65
2012/7/9,101.888,136.03
2012/7/6,-204.109,136.33
2012/7/5,-82.3906,137.27
2012/7/3,-13.7973,138.04
2012/7/2,472.924,136.88
2012/6/29,252.962,136.86
2012/6/28,-126.737,133.31
2012/6/27,-20.0536,133.67
2012/6/26,119.217,132.69
2012/6/25,13.1821,131.72
2012/6/22,227.724,133.54
2012/6/21,-86.4518,132.92
2012/6/20,-95.2052,136.14
2012/6/19,6.812,136.12
2012/6/18,-67.7694,135.79
2012/6/15,-142.109,135.47
2012/6/14,113.866,134.28
2012/6/13,-92.7678,132.57
2012/6/12,33.3529,133.69
2012/6/11,79.1244,131.71
2012/6/8,20.0322,132.81
2012/6/7,26.4968,132.61
2012/6/6,185.476,132.48
2012/6/5,97.0981,128.51
2012/6/4,199.52,127.56
2012/6/1,-283.153,128.24
2012/5/31,184.732,131.01
2012/5/30,6.6117,131.14
2012/5/29,26.8215,133.75
2012/5/25,19.893,132.35
2012/5/24,0,132.34
2012/5/23,-6.6339,131.57
2012/5/22,-6.6245,132.49
2012/5/21,-66.2076,132.06
2012/5/18,-45.6142,130.12
2012/5/17,157.552,131.14
2012/5/16,273.238,133.24
2012/5/15,26.7656,133.82
2012/5/14,13.4587,134.41
2012/5/11,-34.0196,136.02
2012/5/10,0,136.77
2012/5/9,13.615,136.07
2012/5/8,-61.6614,136.84
2012/5/7,-61.916,137.56
2012/5/4,-27.5082,137.28
2012/5/3,-34.9485,139.61
2012/5/2,-323.948,140.77
2012/5/1,-141.184,141.02
2012/4/30,14.0399,140.4
2012/4/27,49.3259,140.85
2012/4/26,56.2382,140.67
2012/4/25,0,139.71
2012/4/24,27.5515,138
2012/4/23,-75.4913,137.28
2012/4/20,145.337,138.49
2012/4/19,110.601,138.24
2012/4/18,62.5802,138.81
2012/4/17,0,139.36
2012/4/16,0,137.39
2012/4/13,-55.0302,137.45
2012/4/12,0,139.53
2012/4/11,130.547,137.36
2012/4/10,-177.301,136.69
2012/4/9,55.4991,138.48
2012/4/5,-28.0672,140.01
2012/4/4,0,140.26
2012/4/3,70.9089,141.78
2012/4/2,0,142.15
2012/3/30,183.669,141.35
2012/3/29,-49.2683,140.74
2012/3/28,-14.0975,140.91
2012/3/27,-42.4962,141.56
2012/3/26,21.3048,142.44
2012/3/23,21.1093,140.95
2012/3/22,42.0861,140.48
2012/3/21,63.5824,141.34
2012/3/20,49.5427,141.57
2012/3/19,-21.2958,141.97
2012/3/16,-56.5661,141.44
2012/3/15,14.1246,141.13
2012/3/14,42.1266,140.38
2012/3/13,-14.0593,140.6
2012/3/12,0,138.2
2012/3/9,41.4028,138.19
2012/3/8,27.5016,137.59
2012/3/7,40.849,136.25
2012/3/6,223.065,135.09
2012/3/5,-61.7821,137.34
2012/3/2,13.7824,137.83
2012/3/1,172.821,138.36
2012/2/29,-75.5733,137.19
2012/2/28,34.5085,138.07
2012/2/27,-13.7539,137.67
2012/2/24,-418.933,137.25
2012/2/23,-267.361,137.26
2012/2/22,34.1252,136.52
2012/2/21,-20.544,136.92
2012/2/17,0,136.45
2012/2/16,34.132,136.42
2012/2/15,114.771,135.12
2012/2/14,27.1409,135.66
2012/2/13,0,135.86
2012/2/10,0,134.96
2012/2/9,-6.7904,135.75
2012/2/8,0,135.64
2012/2/7,-40.5777,135.36
2012/2/6,-26.9962,134.81
2012/2/3,0,134.81
2012/2/2,-19.9613,133.16
2012/2/1,-159.509,132.9
2012/1/31,-79.0365,131.67
2012/1/30,59.3034,131.77
2012/1/27,-39.6351,132.12
2012/1/26,0,132.39
2012/1/25,0,132.9
2012/1/24,-26.3864,131.99
2012/1/23,0,132
2012/1/20,-19.7996,131.99
2012/1/19,85.7415,131.9
2012/1/18,170.639,131.1
2012/1/17,12.9808,129.8
2012/1/13,-161.679,129.75
2012/1/12,116.986,130.04
2012/1/11,0,129.69
2012/1/10,45.3701,129.49
2012/1/9,179.88,128.42
2012/1/6,-25.6385,128.29
2012/1/5,44.964,128.2
2012/1/4,70.4531,128.17
2012/1/3,249.687,128.01
2011/12/30,-25.2185,126.12
2011/12/29,56.9828,126.52
2011/12/28,-18.7924,125.25
2011/12/27,19.0251,126.86
2011/12/23,19.0248,126.84
2011/12/22,31.4224,125.76
2011/12/21,0,125.24
2011/12/20,93.8617,125.15
2011/12/19,12.1502,121.51
2011/12/16,36.8858,122.68
2011/12/15,73.5343,122.78
2011/12/14,122.15,122.17
2011/12/13,49.4139,123.6
2011/12/12,-18.6882,124.53
2011/12/9,31.6175,126.88
2011/12/8,-18.6572,124.54
2011/12/7,-152.461,127.39
2011/12/6,19.0151,126.48
2011/12/5,0,126.38
2011/12/2,-50.1322,125.3
2011/12/1,0,125.28
2011/11/30,62.7941,125.38
2011/11/29,36.1125,120.52
2011/11/28,12.0073,120.05
2011/11/25,0,116.33
2011/11/23,-70.1679,116.94
2011/11/22,-41.8524,119.19
2011/11/21,0,120
2011/11/18,0,122.29
2011/11/17,-61.1864,122.42
2011/11/16,-62.2287,124.07
2011/11/15,0,126.32
2011/11/14,-50.3556,126.1
2011/11/11,0,127.04
2011/11/10,87.264,124.7
2011/11/9,-37.0748,123.58
2011/11/8,-269.36,128.26
2011/11/7,-12.6713,126.69
2011/11/4,-25.1806,125.1
2011/11/3,38.0101,126.5
2011/11/2,68.3881,124.42
2011/11/1,-1186.91,123.31
2011/10/31,-37.7602,125.64
2011/10/28,19.3586,129.09
2011/10/27,-32.252,129.2
2011/10/26,68.603,124.72
2011/10/25,-24.6862,123.47
2011/10/24,-44.0845,125.65
2011/10/21,304.669,124.45
2011/10/20,24.4118,121.91
2011/10/19,315.914,121.54
2011/10/18,578.288,123.23
2011/10/17,-30.1456,120.43
2011/10/14,-6.1482,122.88
2011/10/13,-42.3004,120.75
2011/10/12,-242.423,120.67
2011/10/11,-12.0027,119.87
2011/10/10,23.9902,120.06
2011/10/7,40.6024,116.49
2011/10/6,0,116.76
2011/10/5,40.1969,114.43
2011/10/4,-16.9175,112.38
2011/10/3,-5.5147,109.63
2011/9/30,-90.8021,113.17
2011/9/29,29.101,116.52
2011/9/28,-34.6396,115.83
2011/9/27,64.8285,117.92
2011/9/26,-40.8192,116.75
2011/9/23,34.3763,114.6
2011/9/22,-62.6338,114.02
2011/9/21,0,117.19
2011/9/20,0,121.15
2011/9/19,0,121.32
2011/9/16,-245.14,122.75
2011/9/15,0,121.99
2011/9/14,17.9688,119.75
2011/9/13,0,118.05
2011/9/12,-163.939,117.23
2011/9/9,93.0282,116.74
2011/9/8,41.8127,119.57
2011/9/7,30.1859,120.8
2011/9/6,-105.624,117.41
2011/9/2,-47.2938,117.95
2011/9/1,0,121.1
2011/8/31,0,122.84
2011/8/30,48.8477,121.42
2011/8/29,0,121.79
2011/8/26,0,118.5
2011/8/25,-29.169,116.64
2011/8/24,-17.7763,118.1
2011/8/23,157.905,116.79
2011/8/22,84.8237,113.25
2011/8/19,101.764,113.32
2011/8/18,-34.4369,115.27
2011/8/17,-12.0131,119.91
2011/8/16,11.9985,120.1
2011/8/15,-6.057,120.65
2011/8/12,-243.024,118.57
2011/8/11,76.6533,117.72
2011/8/10,-129.605,113.32
2011/8/9,282.832,118.01
2011/8/8,-157.529,112.07
2011/8/5,36.1563,120.65
2011/8/4,-36.177,120.82
2011/8/3,-50.6509,126.36
2011/8/2,188.929,125.65
2011/8/1,6.4631,128.84
2011/7/29,272.558,129.71
2011/7/28,32.6578,130.62
2011/7/27,0,130.85
2011/7/26,60.1859,133.55
2011/7/25,0,134.28
2011/7/22,33.7645,135.03
2011/7/21,107.947,135.15
2011/7/20,-26.6241,133
2011/7/19,19.9781,133.05
2011/7/18,0,130.95
2011/7/15,-112.307,132.34
2011/7/14,0,131.59
2011/7/13,0,132.18
2011/7/12,-65.9321,131.91
2011/7/11,6.6229,132.75
2011/7/8,-20.2338,135.1
2011/7/7,54.3322,136.05
2011/7/6,114.255,134.49
2011/7/5,6.7121,134.54
2011/7/1,0,134.4
2011/6/30,13.2496,132.34
2011/6/29,-19.6756,131.3
2011/6/28,0,130.24
2011/6/27,141.221,128.54
2011/6/24,31.8041,127.25
2011/6/23,19.3079,128.58
2011/6/22,-71.3329,129.48
2011/6/21,-13.0521,130.25
2011/6/20,19.3183,128.82
2011/6/17,-6.4056,128.05
2011/6/16,44.701,127.84
2011/6/15,12.7478,127.53
2011/6/14,0,129.89
2011/6/13,0,128.16
2011/6/10,-12.7986,127.89
2011/6/9,0,129.71
2011/6/8,-38.6519,128.66
2011/6/7,-45.2719,129.41
2011/6/6,-84.1566,129.47
2011/6/3,-6.5441,130.52
2011/6/2,-6.606,132.18
2011/6/1,-46.308,132.26
2011/5/31,20.3044,135.42
2011/5/27,-53.5804,133.91
2011/5/26,0,133.57
2011/5/25,-6.6418,132.57
2011/5/24,-26.4793,132.26
2011/5/23,0,132.45
2011/5/20,26.8199,133.75
2011/5/19,0,135.1
2011/5/18,-20.2239,134.78
2011/5/17,-541.219,133.46
2011/5/16,0,133.47
2011/5/13,0,134.28
2011/5/12,20.3334,135.67
2011/5/11,80.9333,134.8
2011/5/10,13.6334,136.29
2011/5/9,0,135.2
2011/5/6,20.1925,134.4
2011/5/5,-20.1134,134.37
2011/5/4,33.8286,135.19
2011/5/3,40.8653,136.11
2011/5/2,20.5039,136.61
2011/4/29,547.701,137.23
2011/4/28,0,136.4
2011/4/27,-54.4482,136.04
2011/4/26,0,134.97
2011/4/25,0,133.96
2011/4/21,-46.9905,133.94
2011/4/20,33.3887,133.68
2011/4/19,-13.1782,131.93
2011/4/18,45.8579,130.96
2011/4/15,105.982,132.73
2011/4/14,0,131.9
2011/4/13,46.1807,131.75
2011/4/12,79.1467,131.66
2011/4/11,46.5281,132.83
2011/4/8,59.9916,133.25
2011/4/7,0,133.7
2011/4/6,0,133.78
2011/4/5,133.699,133.51
2011/4/4,147.093,133.78
2011/4/1,46.7819,133.59
2011/3/31,0,132.93
2011/3/30,139.906,133.22
2011/3/29,0,132.47
2011/3/28,19.7079,131.06
2011/3/25,26.3504,131.85
2011/3/24,-395.815,131.97
2011/3/23,0,130.64
2011/3/22,-32.5848,130.23
2011/3/21,58.8538,130.7
2011/3/18,-38.656,128.86
2011/3/17,-153.97,128.19
2011/3/16,-63.3059,126.9
2011/3/15,-367.99,128.88
2011/3/14,-39.1739,130.47
2011/3/11,-13.1376,131.53
2011/3/10,-19.5601,130.33
2011/3/9,-186.073,132.45
2011/3/8,66.5354,132.94
2011/3/7,13.186,131.83
2011/3/4,0,132.93
2011/3/3,0,133.92
2011/3/2,-171.201,131.48
2011/3/1,19.7202,131.04
2011/2/28,-106.846,133.57
2011/2/25,26.5623,132.79
2011/2/24,0,131.15
2011/2/23,0,131.41
2011/2/22,19.8457,132.31
2011/2/18,-33.7654,135.11
2011/2/17,-26.962,134.7
2011/2/16,0,134.18
2011/2/15,133.522,133.54
2011/2/14,0,133.68
2011/2/11,26.7203,133.64
2011/2/10,26.5686,132.73
2011/2/9,0,132.81
2011/2/8,66.5442,133.04
2011/2/7,46.3716,132.47
2011/2/4,0,131.64
2011/2/3,-19.6931,131.21
2011/2/2,-19.6442,130.88
2011/2/1,65.6502,131.13
2011/1/31,38.7428,129.13
2011/1/28,108.944,127.99
2011/1/27,0,130.43
2011/1/26,0,130.22
2011/1/25,181.499,129.56
2011/1/24,0,129.67
2011/1/21,-154.626,128.87
2011/1/20,0,128.44
2011/1/19,-238.104,128.77
2011/1/18,-32.5003,130.33
2011/1/14,25.9639,129.84
2011/1/13,45.1026,129.14
2011/1/12,174.27,129.17
2011/1/11,127.925,127.85
2011/1/10,114.706,127.39
2011/1/7,38.2888,127.58
2011/1/6,25.5723,127.84
2011/1/5,236.961,128
2011/1/4,-133.805,127.4
2011/1/3,216.918,127.34
2010/12/31,18.9264,126.48
2010/12/30,-82.0264,126.28
2010/12/29,37.9143,126.39
2010/12/28,126.231,126.21
2010/12/27,94.5991,126.16
2010/12/23,31.5141,126.1
2010/12/22,0,126.87
2010/12/21,126.427,126.45
2010/12/20,-18.8472,125.53
2010/12/17,43.865,125.25
2010/12/16,688.748,125.24
2010/12/15,37.337,124.61
2010/12/14,50.0381,125.06
2010/12/13,156.221,125.07
2010/12/10,74.97,124.97
2010/12/9,37.2626,124.19
2010/12/8,30.9308,123.77
2010/12/7,0,123.18
2010/12/6,-129.331,123.13
2010/12/3,-30.832,123.25
2010/12/2,0,123.18
2010/12/1,24.2895,121.35
2010/11/30,0,118.56
2010/11/29,0,119.54
2010/11/26,0,119.19
2010/11/24,30.1472,120.49
2010/11/23,0,118.68
2010/11/22,-84.3686,120.59
2010/11/19,-42.248,120.72
2010/11/18,36.1186,120.64
2010/11/17,0,118.63
2010/11/16,17.7818,118.37
2010/11/15,0,120.49
2010/11/12,78.3847,120.33
2010/11/11,-42.7077,121.94
2010/11/10,18.381,122.3
2010/11/9,12.1995,121.94
2010/11/8,86.0554,122.84
2010/11/5,18.4765,123.1
2010/11/4,-18.4034,122.7
2010/11/3,-96.2859,120.59
2010/11/2,0,120.15
2010/11/1,-23.7943,119.14
2010/10/29,0,118.84
2010/10/28,0,118.77
2010/10/27,-71.2626,118.74
2010/10/26,-29.7686,119.17
2010/10/25,0,119.11
2010/10/22,-83.1721,118.96
2010/10/21,65.1952,118.4
2010/10/20,0,118.36
2010/10/19,-105.365,117.18
2010/10/18,0,118.63
2010/10/15,0,118.33
2010/10/14,11.7873,118.18
2010/10/13,0,118.25
2010/10/12,58.7242,117.33
2010/10/11,0,117.11
2010/10/8,11.6993,116.9
2010/10/7,-34.8829,116.5
2010/10/6,-23.293,116.42
2010/10/5,-46.5955,116.32
2010/10/4,-51.3489,114.28
2010/10/1,-184.04,115.06
2010/9/30,0,114.46
2010/9/29,0,114.91
2010/9/28,0,115
2010/9/27,5.7294,114.6
2010/9/24,46.093,115.11
2010/9/23,-51.0624,113.51
2010/9/22,-137.304,114.42
2010/9/21,0,114.92
2010/9/20,-5.763,115.11
2010/9/17,-17.0283,113.44
2010/9/16,-28.3582,113.69
2010/9/15,79.4186,113.54
2010/9/14,90.4438,113.03
2010/9/13,11.3142,113.05
2010/9/10,0,111.94
2010/9/9,0,111.05
2010/9/8,-105.238,110.84
2010/9/7,44.0187,110.06
2010/9/3,27.8278,111.34
2010/9/2,87.8887,109.89
2010/9/1,-5.4437,109.1
2010/8/31,0,106.13
2010/8/30,253.677,105.42
2010/8/27,26.8129,107.3
2010/8/26,0,105.37
2010/8/25,5.3148,106.41
2010/8/24,10.5937,105.89
2010/8/23,0,107.48
2010/8/20,0,108
2010/8/19,-37.9106,108.06
2010/8/18,-5.5089,109.55
2010/8/17,0,109.79
2010/8/16,32.593,108.63
2010/8/13,-32.5876,108.49
2010/8/12,-158.135,108.81
2010/8/11,71.2599,109.41
2010/8/10,-11.2737,112.87
2010/8/9,-11.3428,113.46
2010/8/6,-174.844,112.85
2010/8/5,0,113.23
2010/8/4,0,113.37
2010/8/3,11.2635,112.73
2010/8/2,22.6334,113.06
2010/7/30,-193.787,110.86
2010/7/29,-38.7541,110.58
2010/7/28,-16.6768,111.11
2010/7/27,33.5821,111.94
2010/7/26,-5.6032,111.81
2010/7/23,-105.277,110.97
2010/7/22,38.4712,109.7
2010/7/21,-26.8746,107.28
2010/7/20,5.4425,108.92
2010/7/19,0,107.27
2010/7/16,10.7014,107.13
2010/7/15,-11.0181,109.92
2010/7/14,0,110
2010/7/13,154.084,109.26
2010/7/12,65.031,108.5
2010/7/9,27.0761,108.07
2010/7/8,0,107.58
2010/7/7,69.2443,106.78
2010/7/6,0,103.31
2010/7/2,-46.2145,102.29
2010/7/1,-46.4307,103.04
2010/6/30,-377.784,103.29
2010/6/29,31.3644,104.32
2010/6/28,221.164,107.95
2010/6/25,-37.83,108.35
2010/6/24,-21.5548,107.87
2010/6/23,-142.5,109.53
2010/6/22,71.7836,110.34
2010/6/21,101.001,112.37
2010/6/18,61.9614,112.38
2010/6/17,0,112.52
2010/6/16,-39.3231,112.27
2010/6/15,-67.4466,112.21
2010/6/14,0,109.9
2010/6/11,11.003,109.8
2010/6/10,164.258,109.24
2010/6/9,319.116,106.37
2010/6/8,26.75,106.76
2010/6/7,111.118,105.59
2010/6/4,-80.4515,#N/A N/A
2010/6/3,0,111.04
2010/6/2,-60.8453,109.2
2010/6/1,-37.741,#N/A N/A
2010/5/28,-43.8813,#N/A N/A
2010/5/27,-222.147,111.03
2010/5/26,-43.0021,107.15
2010/5/25,118.905,#N/A N/A
2010/5/24,70.2391,#N/A N/A
2010/5/21,38.312,#N/A N/A
2010/5/20,-64.7082,#N/A N/A
2010/5/19,106.591,#N/A N/A
2010/5/18,-5.6387,111.66
2010/5/17,-17.1547,#N/A N/A
2010/5/14,-114.222,114.23
2010/5/13,-5.8206,116.37
2010/5/12,265.11,117.7
2010/5/11,-203.338,115.58
2010/5/10,273.927,116.34
2010/5/7,33.4982,111.6
2010/5/6,0,112.83
2010/5/5,70.2989,117.49
2010/5/4,-58.9489,115.44
2010/5/3,66.4261,120.64
2010/4/30,-5.9609,119
2010/4/29,54.5521,121.17
2010/4/28,-77.7853,119.94
2010/4/27,-41.6097,119.08
2010/4/26,152.156,121
2010/4/23,-30.5623,121.75
2010/4/22,12.1395,121
2010/4/21,36.3311,120.69
2010/4/20,121.231,121.49
2010/4/19,24.0539,120.48
2010/4/16,-149.652,119.65
2010/4/15,0,121.39
2010/4/14,-36.4737,120.65
2010/4/13,-120.237,120.39
2010/4/12,-18.023,120.01
2010/4/9,-47.9729,120
2010/4/8,-65.5272,119.28
2010/4/7,17.8115,118.54
2010/4/6,137.29,119.26
2010/4/5,0,119.1
2010/4/1,17.736,117.31
2010/3/31,-134.977,116.43
2010/3/30,-41.2153,117.76
2010/3/29,47.0963,117.73
2010/3/26,46.8207,116.65
2010/3/25,29.2417,116.8
2010/3/24,-505.95,117.73
2010/3/23,-5.9141,114.31
2010/3/22,0,117.61
2010/3/19,-46.7442,116
2010/3/18,240.784,117.37
2010/3/17,52.8706,117.58
2010/3/16,-23.3618,116.77
2010/3/15,57.9546,115.89
2010/3/12,0,115
2010/3/11,-5.7943,111.66
2010/3/10,0,114.32
2010/3/9,74.6479,114.73
2010/3/8,-22.9294,114.34
2010/3/5,0,114
2010/3/4,-22.6111,113.07
2010/3/3,-33.7906,112.55
2010/3/2,0,#N/A N/A
2010/3/1,0,112.24
2010/2/26,5.5593,111.25
2010/2/25,0,110.27
2010/2/24,0,107.82
2010/2/23,38.5472,#N/A N/A
2010/2/22,61.3135,111.45
2010/2/19,16.7383,111.5
2010/2/18,72.3673,110.46
2010/2/17,-99.5396,110.51
2010/2/16,44.0431,110.23
2010/2/12,-16.2217,108.57
2010/2/11,0,#N/A N/A
2010/2/10,0,107.48
2010/2/9,59.171,107.55
2010/2/8,-10.6204,101.66
2010/2/5,128.531,106.51
2010/2/4,26.7,#N/A N/A
2010/2/3,11.0233,110.34
2010/2/2,-44.3172,110.52
2010/2/1,65.6244,109
2010/1/29,-16.1752,107.38
2010/1/28,10.8897,108.38
2010/1/27,-16.529,110.4
2010/1/26,60.3129,109.79
2010/1/25,5.5063,108.01
2010/1/22,0,109.31
2010/1/21,-89.6749,111.88
2010/1/20,-57.1256,113.5
2010/1/19,40.4085,115.41
2010/1/15,-85.5254,#N/A N/A
2010/1/14,0,#N/A N/A
2010/1/13,34.4982,115.13
2010/1/12,-153.946,#N/A N/A
2010/1/11,138.135,#N/A N/A
2010/1/8,-34.4744,#N/A N/A
2010/1/7,0,#N/A N/A
2010/1/6,5.7065,111.91
2010/1/5,0,#N/A N/A
2010/1/4,-45.4639,#N/A N/A
2009/12/31,95.0835,109.15
2009/12/30,79.0959,#N/A N/A
2009/12/29,0,#N/A N/A
2009/12/28,-33.9306,#N/A N/A
2009/12/24,0,111.99
2009/12/23,-384.072,#N/A N/A
2009/12/22,45.0685,#N/A N/A
2009/12/21,-22.4538,#N/A N/A
2009/12/18,338.872,#N/A N/A
2009/12/17,-88.37,107.62
2009/12/16,83.8314,#N/A N/A
2009/12/15,16.7483,#N/A N/A
2009/12/14,78.5891,111.11
2009/12/11,139.366,#N/A N/A
2009/12/10,161.046,#N/A N/A
2009/12/9,-259.47,109.19
2009/12/8,27.4996,106.84
2009/12/7,0,#N/A N/A
2009/12/4,16.7097,109.13
2009/12/3,38.7729,110.48
2009/12/2,-33.513,108.3
2009/12/1,50.2478,#N/A N/A
2009/11/30,0,#N/A N/A
2009/11/27,-32.9715,#N/A N/A
2009/11/25,-95.0302,#N/A N/A
2009/11/24,38.9505,#N/A N/A
2009/11/23,-11.1345,#N/A N/A
2009/11/20,-49.428,#N/A N/A
2009/11/19,-66.104,#N/A N/A
2009/11/18,-39.0854,#N/A N/A
2009/11/17,0,#N/A N/A
2009/11/16,50.2155,#N/A N/A
2009/11/13,5.4994,#N/A N/A
2009/11/12,0,#N/A N/A
2009/11/11,44.1876,#N/A N/A
2009/11/10,43.9689,#N/A N/A
2009/11/9,32.97,#N/A N/A
2009/11/6,-32.2462,#N/A N/A
2009/11/5,64.3215,#N/A N/A
2009/11/4,-5.2574,#N/A N/A
2009/11/3,-26.2565,#N/A N/A
2009/11/2,5.2373,#N/A N/A
2009/10/30,-5.2038,#N/A N/A
2009/10/29,-21.4217,#N/A N/A
2009/10/28,10.4745,#N/A N/A
2009/10/27,165.554,#N/A N/A
2009/10/26,5.3585,#N/A N/A
2009/10/23,-97.5897,#N/A N/A
2009/10/22,-10.9757,#N/A N/A
2009/10/21,5.429,#N/A N/A
2009/10/20,-219.118,#N/A N/A
2009/10/19,77.1717,#N/A N/A
2009/10/16,-16.3838,#N/A N/A
2009/10/15,-44.043,#N/A N/A
2009/10/14,10.9645,#N/A N/A
2009/10/13,145.482,#N/A N/A
2009/10/12,0,#N/A N/A
2009/10/9,26.8968,#N/A N/A
2009/10/8,0,#N/A N/A
2009/10/7,-37.1676,#N/A N/A
2009/10/6,-21.1695,#N/A N/A
2009/10/5,-10.4409,#N/A N/A
2009/10/2,36.0105,#N/A N/A
2009/10/1,-67.1771,#N/A N/A
2009/9/30,53.0383,#N/A N/A
2009/9/29,0,#N/A N/A
2009/9/28,149.316,#N/A N/A
2009/9/25,10.4781,#N/A N/A
2009/9/24,0,#N/A N/A
2009/9/23,63.846,#N/A N/A
2009/9/22,43.208,#N/A N/A
2009/9/21,-745.809,#N/A N/A
2009/9/18,0,#N/A N/A
2009/9/17,0,#N/A N/A
2009/9/16,0,#N/A N/A
2009/9/15,0,105.92
2009/9/14,497.012,105.46
2009/9/11,0,#N/A N/A
2009/9/10,0,#N/A N/A
2009/9/9,0,#N/A N/A
2009/9/8,-5.1658,#N/A N/A
2009/9/4,0,#N/A N/A
2009/9/3,-30.3184,#N/A N/A
2009/9/2,0,#N/A N/A
2009/9/1,0,#N/A N/A
2009/8/31,0,#N/A N/A
2009/8/28,5.1803,#N/A N/A
2009/8/27,0,#N/A N/A
2009/8/26,0,#N/A N/A
2009/8/25,31.0415,#N/A N/A
2009/8/24,5.1617,#N/A N/A
2009/8/21,0,#N/A N/A
2009/8/20,304.141,#N/A N/A
2009/8/19,0,#N/A N/A
2009/8/18,99.5846,#N/A N/A
2009/8/17,59.1409,#N/A N/A
2009/8/14,60.5972,#N/A N/A
2009/8/13,-10.1867,#N/A N/A
2009/8/12,288.304,#N/A N/A
2009/8/11,0,#N/A N/A
2009/8/10,5.0615,#N/A N/A
2009/8/7,-10.1566,#N/A N/A
2009/8/6,40.085,#N/A N/A
2009/8/5,5.0386,#N/A N/A
2009/8/4,0,#N/A N/A
2009/8/3,95.6832,#N/A N/A
2009/7/31,9.9207,#N/A N/A
2009/7/30,0,#N/A N/A
2009/7/29,-470.172,#N/A N/A
2009/7/28,54.1136,#N/A N/A
2009/7/27,152.898,#N/A N/A
2009/7/24,186.868,#N/A N/A
2009/7/23,14.709,#N/A N/A
2009/7/22,52.703,#N/A N/A
2009/7/21,-268.404,#N/A N/A
2009/7/20,-4.7759,#N/A N/A
2009/7/17,0,#N/A N/A
2009/7/16,9.4462,#N/A N/A
2009/7/15,-309.073,#N/A N/A
2009/7/14,-336.575,#N/A N/A
2009/7/13,4.5246,#N/A N/A
2009/7/10,0,#N/A N/A
2009/7/9,-257.044,#N/A N/A
2009/7/8,0,#N/A N/A
2009/7/7,92.8383,#N/A N/A
2009/7/6,9.018,#N/A N/A
2009/7/2,-89.9569,#N/A N/A
2009/7/1,-315.012,#N/A N/A
2009/6/30,13.8353,#N/A N/A
2009/6/29,9.3029,#N/A N/A
2009/6/26,23.0467,#N/A N/A
2009/6/25,27.6911,#N/A N/A
2009/6/24,63.2573,#N/A N/A
2009/6/23,-354.634,89.67
2009/6/22,36.0206,#N/A N/A
2009/6/19,69.6544,#N/A N/A
2009/6/18,-9.2591,#N/A N/A
2009/6/17,110.164,#N/A N/A
2009/6/16,36.7661,#N/A N/A
2009/6/15,41.8934,#N/A N/A
2009/6/12,0,#N/A N/A
2009/6/11,47.6113,#N/A N/A
2009/6/10,-127.737,#N/A N/A
2009/6/9,156.661,#N/A N/A
2009/6/8,0,#N/A N/A
2009/6/5,203.574,#N/A N/A
2009/6/4,199.329,#N/A N/A
2009/6/3,-84.4422,#N/A N/A
2009/6/2,204.487,#N/A N/A
2009/6/1,0,#N/A N/A
2009/5/29,74.0264,#N/A N/A
2009/5/28,0,#N/A N/A
2009/5/27,13.4844,#N/A N/A
2009/5/26,87.0339,91.62
2009/5/22,49.1008,#N/A N/A
2009/5/21,-8.9397,#N/A N/A
2009/5/20,0,#N/A N/A
2009/5/19,22.8397,#N/A N/A
2009/5/18,0,#N/A N/A
2009/5/15,0,#N/A N/A
2009/5/14,-8.9812,#N/A N/A
2009/5/13,0,#N/A N/A
2009/5/12,22.8223,#N/A N/A
2009/5/11,0,91.46
2009/5/8,0,#N/A N/A
2009/5/7,150.406,#N/A N/A
2009/5/6,101.606,#N/A N/A
2009/5/5,-54.4558,#N/A N/A
2009/5/4,0,#N/A N/A
2009/5/1,0,#N/A N/A
2009/4/30,17.5286,#N/A N/A
2009/4/29,0,#N/A N/A
2009/4/28,-8.5858,#N/A N/A
2009/4/27,0,#N/A N/A
2009/4/24,39.1305,#N/A N/A
2009/4/23,0,#N/A N/A
2009/4/22,-50.8106,#N/A N/A
2009/4/21,-8.5327,#N/A N/A
2009/4/20,0,#N/A N/A
2009/4/17,13.0904,#N/A N/A
2009/4/16,0,#N/A N/A
2009/4/15,29.9306,#N/A N/A
2009/4/14,0,#N/A N/A
2009/4/13,0,#N/A N/A
2009/4/9,-25.7866,#N/A N/A
2009/4/8,4.1407,#N/A N/A
2009/4/7,8.1849,#N/A N/A
2009/4/6,150.811,#N/A N/A
2009/4/3,0,#N/A N/A
2009/4/2,66.9352,#N/A N/A
2009/4/1,0,#N/A N/A
2009/3/31,79.9962,#N/A N/A
2009/3/30,0,#N/A N/A
2009/3/27,12.2689,#N/A N/A
2009/3/26,0,#N/A N/A
2009/3/25,0,#N/A N/A
2009/3/24,0,#N/A N/A
2009/3/23,-8.304,#N/A N/A
2009/3/20,0,#N/A N/A
2009/3/19,75.1481,#N/A N/A
2009/3/18,40.0704,#N/A N/A
2009/3/17,78.5051,#N/A N/A
2009/3/16,102.689,76.32
2009/3/13,19.0831,#N/A N/A
2009/3/12,-22.724,#N/A N/A
2009/3/11,3.6391,#N/A N/A
2009/3/10,0,#N/A N/A
2009/3/9,-10.2368,#N/A N/A
2009/3/6,241.229,#N/A N/A
2009/3/5,79.1482,#N/A N/A
2009/3/4,0,#N/A N/A
2009/3/3,14.035,#N/A N/A
2009/3/2,-7.0631,71.15
2009/2/27,0,#N/A N/A
2009/2/26,-75.8491,#N/A N/A
2009/2/25,-7.7036,#N/A N/A
2009/2/24,7.7843,#N/A N/A
2009/2/23,-7.4854,#N/A N/A
2009/2/20,-73.6612,77.6
2009/2/19,-7.8418,#N/A N/A
2009/2/18,150.692,#N/A N/A
2009/2/17,0,#N/A N/A
2009/2/13,-12.4695,82.02
2009/2/12,0,84.13
2009/2/11,29.3292,#N/A N/A
2009/2/10,-16.6212,#N/A N/A
2009/2/9,-26.2134,85.26
2009/2/6,-13.0883,#N/A N/A
2009/2/5,-16.9866,#N/A N/A
2009/2/4,0,#N/A N/A
2009/2/3,-25.2391,#N/A N/A
2009/2/2,-8.281,#N/A N/A
2009/1/30,0,82
2009/1/29,16.9583,84.99
2009/1/28,-8.7691,87.25
2009/1/27,16.967,85
2009/1/26,0,82.15
2009/1/23,0,78
2009/1/22,0,82.35
2009/1/21,16.8585,83.93
2009/1/20,-12.1156,80.16
2009/1/16,217.404,75.51
2009/1/15,0,84.57
2009/1/14,16.9004,81.77
2009/1/13,0,87.27
2009/1/12,0,87
2009/1/9,0,88.11
2009/1/8,0,88.23
2009/1/7,-13.6325,90.99
2009/1/6,93.6379,90.75
2009/1/5,-27.8744,92.21
2009/1/2,-46.6733,92.11
2008/12/31,0,#N/A N/A
2008/12/30,-26.7649,87.65
2008/12/29,47.8844,84.49
2008/12/26,0,87
2008/12/24,0,86.89
2008/12/23,361.178,85.36
2008/12/22,-52.7183,85.35
2008/12/19,0,88
2008/12/18,0,89.77
2008/12/17,100.259,85.35
2008/12/16,-23.0055,91.7
2008/12/15,175.074,87.85
2008/12/12,0,88
2008/12/11,0,87.6
2008/12/10,108.712,89
2008/12/9,143.236,89.5
2008/12/8,0,90.66
2008/12/5,0,87.67
2008/12/4,29.8009,82.91
2008/12/3,114.011,87.16
2008/12/2,-38.4554,83.8
2008/12/1,-28.7614,82.16
2008/11/28,4.51,90.08
2008/11/26,53.5972,88.1
2008/11/25,-30.1902,84.8
2008/11/24,192.803,84.1
2008/11/21,169.049,79.3
2008/11/20,113.565,75.05
2008/11/19,109.539,81.67
2008/11/18,17.2777,85.75
2008/11/17,55.594,85.05
2008/11/14,-61.4457,86.47
2008/11/13,-9.1572,80
2008/11/12,89.9315,83.85
2008/11/11,13.5428,89
2008/11/10,0,90
2008/11/7,-18.6957,94
2008/11/6,122.633,83.3
2008/11/5,-43.0242,74.05
2008/11/4,131.118,100.62
2008/11/3,0,96.9
2008/10/31,-43.7172,97.39
2008/10/30,-23.92,95.6
2008/10/29,-27.9783,92.37
2008/10/28,84.8604,94.22
2008/10/27,46.8218,84.97
2008/10/24,4.3958,87.64
2008/10/23,-154.785,91.1
2008/10/22,-40.4606,90.24
2008/10/21,100.506,95.65
2008/10/20,207.397,98.65
2008/10/17,0,94.26
2008/10/16,4.7433,94.55
2008/10/15,505.049,90.79
2008/10/14,0,100.04
2008/10/13,-20.1077,101.01
2008/10/10,-67.59,90.7
2008/10/9,132.225,91.85
2008/10/8,24.6725,98.3
2008/10/7,169.593,99.92
2008/10/6,-89.9476,106.44
2008/10/3,-44.0193,110.16
2008/10/2,5.5761,111.55
2008/10/1,0,116.08
2008/9/30,186.753,116.9
2008/9/29,55.37,112.86
2008/9/26,78.8898,121.49
2008/9/25,18.1451,121.16
2008/9/24,#N/A N/A,119.66
2008/9/23,77.7086,119.5
2008/9/22,-42.5047,121.46
2008/9/19,12.6258,125.88
2008/9/18,145.644,120.79
2008/9/17,17.4443,113.29
2008/9/16,30.51,122.04
2008/9/15,11.9957,120.53
2008/9/12,0,125.95
2008/9/11,-31.4,125.74
2008/9/10,136.247,123.77
2008/9/9,-6.1549,123.11
2008/9/8,0,127.47
2008/9/5,0,124.9
2008/9/4,-62.155,124.28
2008/9/3,140.931,128.2
2008/9/2,0,128.35
2008/8/29,180.377,128.86
2008/8/28,0,130.52
2008/8/27,0,128.68
2008/8/26,-76.5968,127.63
2008/8/25,0,127.32
2008/8/22,0,129.68
2008/8/21,0,128.19
2008/8/20,38.3824,127.93
2008/8/19,0,127.25
2008/8/18,0,128.56
2008/8/15,0,130.27
2008/8/14,64.87,129.71
2008/8/13,245.137,129.04
2008/8/12,0,129.48
2008/8/11,0,130.88
2008/8/8,0,129.8
2008/8/7,0,127.11
2008/8/6,32.315,129.31
2008/8/5,-64.385,128.63
2008/8/4,0,125.18
2008/8/1,126.3,126.31
2008/7/31,-19.0507,127.05
2008/7/30,0,128.63
2008/7/29,0,126.48
2008/7/28,0,123.77
2008/7/25,50.3992,125.87
2008/7/24,125.48,125.6
2008/7/23,-25.6876,128.43
2008/7/22,31.98,127.89
2008/7/21,145.154,126.22
2008/7/18,-12.6298,126.06
2008/7/17,12.6258,126.14
2008/7/16,174.649,124.66
2008/7/15,24.3376,121.62
2008/7/14,30.755,123.03
2008/7/11,37.2424,124.22
2008/7/10,-75.3128,125.65
2008/7/9,-535.993,124.69
2008/7/8,-12.7548,127.5
2008/7/7,112.814,125.26
2008/7/3,170.654,126.33
2008/7/2,18.9397,126.23
2008/7/1,102.88,128.57
2008/6/30,518.765,127.98
2008/6/27,-172.692,128.04
2008/6/26,-32.1,128.41
2008/6/25,-6.6119,132.2
2008/6/24,0,131.45
2008/6/23,132.46,132.49
2008/6/20,-344.37,132.48
2008/6/19,607.275,134.88
2008/6/18,255.379,134.53
2008/6/17,13.5728,135.65
2008/6/16,13.6648,136.62
2008/6/13,34.16,136.58
2008/6/12,0,134.61
2008/6/11,40.2484,134.12
2008/6/10,-143.262,136.3
2008/6/9,20.5157,136.85
2008/6/6,259.654,136.57
2008/6/5,-35.2475,140.87
2008/6/4,-13.8288,138.23
2008/6/3,262.712,138.24
2008/6/2,125.163,139.03
2008/5/30,0,140.36
2008/5/29,-224.512,140.24
2008/5/28,139.56,139.56
2008/5/27,-104.235,138.94
2008/5/23,0,138.05
2008/5/22,6.9944,139.74
2008/5/21,-313.875,139.53
2008/5/20,-35.44,141.87
2008/5/19,-801.249,143.04
2008/5/16,0,142.89
2008/5/15,-71.385,142.74
2008/5/14,0,141.17
2008/5/13,-281.32,140.62
2008/5/12,0,140.67
2008/5/9,139.15,139.11
2008/5/8,-308.132,140.07
2008/5/7,-181.402,139.51
2008/5/6,-213.09,142.06
2008/5/5,0,140.91
2008/5/2,-297.359,141.56
2008/5/1,-35.2875,141.1
2008/4/30,-20.8138,138.56
2008/4/29,0,139.27
2008/4/28,-118.846,139.84
2008/4/25,0,139.99
2008/4/24,-34.7625,138.97
2008/4/23,-55.2653,138.12
2008/4/22,1205.49,137.89
2008/4/21,69.495,138.98
2008/4/18,0,139.16
2008/4/17,75.1964,136.63
2008/4/16,13.6638,136.41
2008/4/15,-80.1548,133.72
2008/4/14,0,133.03
2008/4/11,0,133.52
2008/4/10,0,136.12
2008/4/9,0,135.63
2008/4/8,177.677,136.75
2008/4/7,487.521,137.24
2008/4/4,-13.7108,137.15
2008/4/3,-20.5502,136.94
2008/4/2,95.7816,136.84
2008/4/1,27.4116,137.01
2008/3/31,231.578,132.23
2008/3/28,276.318,131.61
2008/3/27,112.727,132.73
2008/3/26,-1810.75,134.01
2008/3/25,-20.2957,135.26
2008/3/24,-1648.63,135.69
2008/3/20,0,133.57
2008/3/19,0,130.56
2008/3/18,2113.41,133.54
2008/3/17,-12.8318,128.2
2008/3/14,-19.4217,129.45
2008/3/13,0,132.1
2008/3/12,6.5769,131.57
2008/3/11,0,132.6
2008/3/10,0,128.12
2008/3/7,0,129.96
2008/3/6,-209.665,130.99
2008/3/5,-6.6964,133.95
2008/3/4,0,133.1
2008/3/3,-20.0487,133.67
2008/2/29,-13.3568,133.73
2008/2/28,0,137.2
2008/2/27,-27.7037,138.37
2008/2/26,0,138.56
2008/2/25,-89.4717,137.55
2008/2/22,-20.3662,135.92
2008/2/21,-26.9416,134.77
2008/2/20,20.4627,136.33
2008/2/19,-196.141,135.27
2008/2/15,-27.0797,135.29
2008/2/14,0,135.21
2008/2/13,0,136.89
2008/2/12,-135.21,135.24
2008/2/11,13.4238,134.08
2008/2/8,0,133.33
2008/2/7,33.5,134.06
2008/2/6,33.23,132.98
2008/2/5,-20.0827,133.99
2008/2/4,0,138.26
2008/2/1,0,139.68
2008/1/31,317.559,137.52
2008/1/30,0,135.5
2008/1/29,-647.947,136.22
2008/1/28,13.5578,135.52
2008/1/25,-1332.3,133
2008/1/24,54.1512,135.26
2008/1/23,1434.12,134.04
2008/1/22,0,131.22
2008/1/18,126.046,132.76
2008/1/17,-574.007,133.47
2008/1/16,-1010.41,137.27
2008/1/15,0,138.26
2008/1/14,0,141.73
2008/1/11,350.6,140.33
2008/1/10,-312.752,142.05
2008/1/9,21.1573,141.05
2008/1/8,2525.39,139.09
2008/1/7,0,141.77
2008/1/4,21.1847,141.15
2008/1/3,506.695,144.75
2008/1/2,361.925,144.83
2007/12/31,22.0292,146.57
2007/12/28,-59.1482,147.6
2007/12/27,14.7648,147.91
2007/12/26,15.0538,150.59
2007/12/24,-1820.08,150.2
2007/12/21,-59.6871,149.29
2007/12/20,0,147.1
2007/12/19,182.5,146.07
2007/12/18,-14.6199,146.21
2007/12/17,0,145.24
2007/12/14,0,147.33
2007/12/13,0,149.38
2007/12/12,126.94,149.51
2007/12/11,0,148.11
2007/12/10,-30.4539,152.31
2007/12/7,0,151.05
2007/12/6,0,151.18
2007/12/5,260.995,149.12
2007/12/4,0,146.66
2007/12/3,14.7819,147.81
2007/11/30,22.3011,148.87
2007/11/29,0,147.31
2007/11/28,22.1188,147.3
2007/11/27,0,142.82
2007/11/26,-254.196,141.07
2007/11/23,0,144.29
2007/11/21,-28.4296,141.94
2007/11/20,-43.3324,144.8
2007/11/19,-280.39,143.88
2007/11/16,-541.458,146.08
2007/11/15,-43.6714,145.77
2007/11/14,-29.5015,147.75
2007/11/13,-148.52,148.25
2007/11/12,-836.824,144.01
2007/11/9,21.8601,145.41
2007/11/8,-14.7826,147.39
2007/11/7,147.92,148.18
2007/11/6,83.7686,152.3
2007/11/5,37.6225,150.27
2007/11/2,-453.69,151.45
2007/11/1,22.6664,151.29
2007/10/31,-46.5485,154.97
2007/10/30,0,153.23
2007/10/29,848.65,154.28
2007/10/26,268.993,153.83
2007/10/25,53.0714,152.05
2007/10/24,2344.85,151.7
2007/10/23,760.7,151.96
2007/10/22,0,150.78
2007/10/19,0,150
2007/10/18,46.2563,153.95
2007/10/17,0,154.52
2007/10/16,0,153.99
2007/10/15,15.5028,155.2
2007/10/12,0,156.6
2007/10/11,93.3609,155.68
2007/10/10,15.6398,156.41
2007/10/9,0,156.67
2007/10/8,23.3087,155.27
2007/10/5,0,156.09
2007/10/4,0,154.24
2007/10/3,77.025,154.09
2007/10/2,0,154.36
2007/10/1,69.646,154.58
2007/9/28,68.7325,152.91
2007/9/27,0,153.35
2007/9/26,-7.6293,152.44
2007/9/25,0,152.39
2007/9/24,0,152.59
2007/9/21,0,152.88
2007/9/20,0,152.55
2007/9/19,-7.68,153.49
2007/9/18,0,152.62
2007/9/17,51.9188,148.26
2007/9/14,0,149.05
2007/9/13,-52.1743,149.04
2007/9/12,14.7818,148.12
2007/9/11,22.1657,147.68
2007/9/10,-211.381,145.89
2007/9/7,7.2973,146.29
2007/9/6,0,148.3
2007/9/5,66.5197,148.03
2007/9/4,0,149.23
2007/8/31,0,147.6
2007/8/30,0,146.34
2007/8/29,51.4078,146.75
2007/8/28,-28.7396,143.93
2007/8/27,36.785,147.07
2007/8/24,0,148.46
2007/8/23,0,146.69
2007/8/22,14.6848,146.85
2007/8/21,43.5443,144.96
2007/8/20,0,144.82
2007/8/17,0,144.93
2007/8/16,-28.3136,142.4
2007/8/15,28.2196,141.23
2007/8/14,0,143.2
2007/8/13,0,145.27
2007/8/10,0,144.86
2007/8/9,123.812,145.55
2007/8/8,-135.063,150.01
2007/8/7,147.95,147.86
2007/8/6,161.744,146.39
2007/8/3,50.2528,143.76
2007/8/2,22.1222,147.78
2007/8/1,14.6808,146.51
2007/7/31,-838.005,145.68
2007/7/30,73.805,147.58
2007/7/27,-701.327,145.29
2007/7/26,0,148.25
2007/7/25,-22.7972,151.8
2007/7/24,15.1268,151.55
2007/7/23,-30.8655,154.21
2007/7/20,-23.0372,153.76
2007/7/19,0,155.12
2007/7/18,-30.9567,154.69
2007/7/17,7.7545,155
2007/7/16,0,155.04
2007/7/13,77.7,155.1
2007/7/12,0,154.6
2007/7/11,-266.035,152.2
2007/7/10,0,151.05
2007/7/9,-275.958,153.2
2007/7/6,-114.877,153.2
2007/7/5,0,152.43
2007/7/3,-129.683,152.56
2007/7/2,38,151.94
2007/6/29,15.0366,150.51
2007/6/28,83.21,151.18
2007/6/27,60.5402,151.28
2007/6/26,0,149.17
2007/6/25,0,150.68
2007/6/22,30.1855,151.17
2007/6/21,30.5807,152.76
2007/6/20,37.9825,151.85
2007/6/19,123.215,154.06
2007/6/18,0,153.7
2007/6/15,-15.3938,153.87
2007/6/14,22.9412,153.06
2007/6/13,30.4395,152.08
2007/6/12,-187.375,149.75
2007/6/11,-280.293,151.52
2007/6/8,0,151.27
2007/6/7,-44.9015,149.34
2007/6/6,76.165,152.03
2007/6/5,-61.4591,153.7
2007/6/4,-100.407,154.33
2007/6/1,-38.545,154.23
2007/5/31,-38.4025,153.6
2007/5/30,-153.56,153.62
2007/5/29,0,152.42
2007/5/25,228.06,151.9
2007/5/24,0,151.29
2007/5/23,-106.876,152.68
2007/5/22,0,152.55
2007/5/21,0,152.81
2007/5/18,15.2729,152.81
2007/5/17,-68.2735,151.51
2007/5/16,-151.85,151.76
2007/5/15,0,150.73
2007/5/14,22.6026,150.74
2007/5/11,0,151.09
2007/5/10,14.9509,149.73
2007/5/9,75.795,151.39
2007/5/8,0,150.95
2007/5/7,0,151.16
2007/5/4,15.0826,151.11
2007/5/3,-52.6771,150.51
2007/5/2,0,149.74
2007/5/1,22.3251,148.85
2007/4/30,0,148.51
2007/4/27,0,149.79
2007/4/26,37.4075,149.79
2007/4/25,14.9749,149.63
2007/4/24,-177.866,148.32
2007/4/23,37.0675,148.28
2007/4/20,0,148.78
2007/4/19,29.4518,147.47
2007/4/18,29.4836,147.42
2007/4/17,14.7307,147.27
2007/4/16,0,146.85
2007/4/13,14.5469,145.48
2007/4/12,0,144.82
2007/4/11,43.2184,144.15
2007/4/10,0,144.8
2007/4/9,-151.851,144.64
2007/4/5,0,144.45
2007/4/4,108.038,144
2007/4/3,43.1674,143.82
2007/4/2,-106.905,142.4
2007/3/30,21.3246,142.22
2007/3/29,14.2349,142.18
2007/3/28,14.1787,141.94
2007/3/27,14.2919,142.99
2007/3/26,7.1899,143.42
2007/3/23,21.6441,144.24
2007/3/22,0,144.04
2007/3/21,0,144.04
2007/3/20,14.1779,141.8
2007/3/19,0,141.05
2007/3/16,0,139.33
2007/3/15,-125.911,139.72
2007/3/14,-76.6573,139.56
2007/3/13,13.8437,138.52
2007/3/12,-113.024,140.94
2007/3/9,14.0909,140.01
2007/3/8,0,139.14
2007/3/7,-125.819,139.07
2007/3/6,497.389,139.3
2007/3/5,0,137.15
2007/3/2,34.8175,137.87
2007/3/1,0,140.03
2007/2/28,14.1249,140.35
2007/2/27,0,138.81
2007/2/26,87.2649,145.4
2007/2/23,0,145.1
2007/2/22,21.9156,145.3
2007/2/21,0,145
2007/2/20,-14.6409,145.6
2007/2/16,0,145.35
2007/2/15,0,145.5
2007/2/14,0,145.5
2007/2/13,0,144.8
2007/2/12,0,141.91
2007/2/9,14.4159,144
2007/2/8,0,144.9
2007/2/7,0,145
2007/2/6,14.5089,145
2007/2/5,7.2467,144.5
2007/2/2,0,144.5
2007/2/1,21.7303,144.5
2007/1/31,230.48,142.53
2007/1/30,0,141.17
2007/1/29,0,141
2007/1/26,0,140.83
2007/1/25,0,142.3
2007/1/24,0,143.76
2007/1/23,21.4487,141.11
2007/1/22,28.4976,140.71
2007/1/19,-14.3238,141.39
2007/1/18,28.5656,141.04
2007/1/17,0,140.31
2007/1/16,93.1842,140.35
2007/1/12,-71.625,142.8
2007/1/11,0,139.65
2007/1/10,0,141.1
2007/1/9,0,138.7
2007/1/8,-113.16,138.6
2007/1/5,0,138.13
2007/1/4,120.658,139.27
2007/1/3,0,138.69
2006/12/29,0,69.37
2006/12/28,64.1516,142
2006/12/27,0,142.25
2006/12/26,-255.15,138.9
2006/12/22,0,140.1
2006/12/21,0,141.79
2006/12/20,0,142.5
2006/12/19,0,141.34
2006/12/18,-42.8824,141.46
2006/12/15,0,141.5
2006/12/14,186.212,142
2006/12/13,-142,140.2
2006/12/12,14.1819,141
2006/12/11,-149.058,138.99
2006/12/8,0,141.55
2006/12/7,0,141.5
2006/12/6,0,140.05
2006/12/5,0,140.45
2006/12/4,0,140
2006/12/1,0,136.97
2006/11/30,0,140
2006/11/29,14.0549,137.74
2006/11/28,41.7583,136.35
2006/11/27,0,135.85
2006/11/24,-14.0587,139.71
2006/11/22,0,141
2006/11/21,0,137.79
2006/11/20,0,137.59
2006/11/17,0,140.01
2006/11/16,0,137.55
2006/11/15,-7.0064,139.6
2006/11/14,0,139.35
2006/11/13,-90.2582,135.95
2006/11/10,-69.24,135.45
2006/11/9,-6.9114,135.24
2006/11/8,0,136
2006/11/7,0,135.89
2006/11/6,0,127.38
2006/11/3,0,135.5
2006/11/2,82.2227,134.21
2006/11/1,-6.8508,134.22
2006/10/31,0,127.38
2006/10/30,0,135.23
2006/10/27,0,136.13
2006/10/26,-118.27,127.38
2006/10/25,27.6916,135.72
2006/10/24,0,135.05
2006/10/23,13.7938,135.08
2006/10/20,0,127.38
2006/10/19,0,127.38
2006/10/18,75.2514,127.38
2006/10/17,0,127.38
2006/10/16,0,127.38
2006/10/13,-75.2239,127.38
2006/10/12,0,127.38
2006/10/11,-40.5634,127.38
2006/10/10,0,135.3
2006/10/9,81.1568,135.1
2006/10/6,0,135.14
2006/10/5,0,135.42
2006/10/4,0,134.95
2006/10/3,0,133.42
2006/10/2,0,133.15
2006/9/29,0,125
2006/9/28,-127.34,125
2006/9/27,-53.5112,130.01
2006/9/26,20.1517,125
2006/9/25,0,125
2006/9/22,0,129.24
2006/9/21,0,125
2006/9/20,-26.6396,130.4
2006/9/19,0,129.52
2006/9/18,212.481,129.83
2006/9/15,0,132.26
2006/9/14,-99.2325,125
2006/9/13,0,128.72
2006/9/12,0,128.21
2006/9/11,0,125
2006/9/8,0,121.12
2006/9/7,0,125
2006/9/6,-39.1924,130.75
2006/9/5,0,125
2006/9/1,0,125
2006/8/31,0,125
2006/8/30,98.265,125
2006/8/29,19.6432,125
2006/8/28,-52.2752,125
2006/8/25,0,126.6
2006/8/24,0,126.4
2006/8/23,19.4677,126.81
2006/8/22,0,127.52
2006/8/21,-156.288,127.43
2006/8/18,19.6092,130.75
2006/8/17,-169.299,127.37
2006/8/16,130.02,127.17
2006/8/15,38.7034,125.41
2006/8/14,0,124.32
2006/8/11,0,124.17
2006/8/10,0,124.55
2006/8/9,0,123.43
2006/8/8,0,127
2006/8/7,-115.129,127.95
2006/8/4,0,125.14
2006/8/3,0,125.54
2006/8/2,0,125.25
2006/8/1,0,127.3
2006/7/31,0,127.84
2006/7/28,0,128.02
2006/7/27,63.295,126.74
2006/7/26,25.4176,127.05
2006/7/25,0,126.65
2006/7/24,-328.483,125.77
2006/7/21,0,120.86
2006/7/20,0,122.34
2006/7/19,25.2456,123.33
2006/7/18,18.5872,121
2006/7/17,24.7375,120.96
2006/7/14,18.5767,122
2006/7/13,18.6682,121.47
2006/7/12,-6.303,123.24
2006/7/11,0,124.63
2006/7/10,12.6928,124.11
2006/7/7,-107.745,123.11
2006/7/6,319.05,123.92
2006/7/5,0,123.56
2006/7/3,0,124.59
2006/6/30,0,125.52
2006/6/29,0,123.74
2006/6/28,0,121.13
2006/6/27,0,121.15
2006/6/26,0,122.27
2006/6/23,-149.474,124.28
2006/6/22,0,121.79
2006/6/21,75.5048,123.01
2006/6/20,-186.93,124.46
2006/6/19,37.3864,121.06
2006/6/16,62.885,125.46
2006/6/15,12.6218,123.38
2006/6/14,0,120.02
2006/6/13,0,120.62
2006/6/12,0,124.05
2006/6/9,-44.0288,125.48
2006/6/8,315.9,125.8
2006/6/7,12.6168,126
2006/6/6,0,126.85
2006/6/5,-279.532,124.32
2006/6/2,0,129.2
2006/6/1,0,126.16
2006/5/31,0,124.27
2006/5/30,0,126.1
2006/5/26,-179.885,128.39
2006/5/25,0,125.7
2006/5/24,37.8904,125.9
2006/5/23,75.6528,123.66
2006/5/22,25.3276,124.11
2006/5/19,0,127.05
2006/5/18,0,123.78
2006/5/17,0,124.77
2006/5/16,-38.8784,126.74
2006/5/15,0,126.62
2006/5/12,0,129.2
2006/5/11,65.485,130.64
2006/5/10,205.59,129.6
2006/5/9,66.41,129.88
2006/5/8,0,129.79
2006/5/5,-93.0086,132.7
2006/5/4,0,128.64
2006/5/3,0,128.25
2006/5/2,0,131.45
2006/5/1,0,130.4
2006/4/28,59.0936,130.83
2006/4/27,0,131
2006/4/26,-65.38,130.55
2006/4/25,26.0776,130.37
2006/4/24,39.3044,130.96
2006/4/21,0,131.2
2006/4/20,0,131.45
2006/4/19,0,131.16
2006/4/18,0,131.11
2006/4/17,51.4892,128.5
2006/4/13,38.7304,128.94
2006/4/12,0,128.95
2006/4/11,115.964,128.75
2006/4/10,0,126.91
2006/4/7,0,126.74
2006/4/6,52.4272,128.15
2006/4/5,0,128.28
2006/4/4,0,127.85
2006/4/3,-32.475,127.06
2006/3/31,0,129.75
2006/3/30,0,129.9
2006/3/29,#N/A N/A,127.46
2006/3/28,0,126.36
2006/3/27,65.12,127.31
2006/3/24,0,128.06
2006/3/23,111.147,130.27
2006/3/22,0,128.12
2006/3/21,78.1858,127.23
2006/3/20,0,131.1
2006/3/17,26.2646,131.25
2006/3/16,39.3354,128.3
2006/3/15,71.9899,128.03
2006/3/14,0,127.42
2006/3/13,0,126.06
2006/3/10,25.7376,125.7
2006/3/9,0,124.92
2006/3/8,25.6786,125.57
2006/3/7,89.6626,125.05
2006/3/6,134.736,125.38
2006/3/3,0,128.94
2006/3/2,0,126.38
2006/3/1,19.4407,126.68
2006/2/28,0,128.39
2006/2/27,32.465,129.71
2006/2/24,0,129.45
2006/2/23,0,126.3
2006/2/22,0,126.83
2006/2/21,57.9021,125.92
2006/2/17,1097.27,128.88
2006/2/16,-77.5798,126.15
2006/2/15,147.613,125.31
2006/2/14,63.94,127.6
2006/2/13,-177.239,117
2006/2/10,0,117
2006/2/9,0,117
2006/2/8,0,117
2006/2/7,0,122.92
2006/2/6,0,117
2006/2/3,0,126.4
2006/2/2,190.95,117
2006/2/1,0,117
2006/1/31,-192.27,117
2006/1/30,0,117
2006/1/27,0,117
2006/1/26,0,117
2006/1/25,0,117
2006/1/24,0,117
2006/1/23,0,117
2006/1/20,-189.45,117
2006/1/19,0,117
2006/1/18,-31.985,117
2006/1/17,102.743,117
2006/1/13,0,117
2006/1/12,0,117
2006/1/11,-25.9096,117
2006/1/10,0,117
2006/1/9,0,117
2006/1/6,0,117
2006/1/5,0,117
2006/1/4,242.117,117
2006/1/3,0,117
2005/12/30,0,117
2005/12/29,56.4701,117
2005/12/28,75.5098,117
2005/12/27,0,117
2005/12/23,0,117
2005/12/22,0,117
2005/12/21,25.3526,117
2005/12/20,-126.44,117
2005/12/19,0,117
2005/12/16,0,117
2005/12/15,0,117
2005/12/14,0,126
2005/12/13,0,117
2005/12/12,37.9464,117
2005/12/9,0,117
2005/12/8,0,123.09
2005/12/7,290.191,120
2005/12/6,0,123.86
2005/12/5,0,120
2005/12/2,50.7642,120
2005/12/1,63.435,120
2005/11/30,0,117
2005/11/29,75.6658,124
2005/11/28,0,117
2005/11/25,0,126.66
2005/11/23,0,117
2005/11/22,0,123.53
2005/11/21,0,125.2
2005/11/18,125.14,124.94
2005/11/17,0,124.48
2005/11/16,61.705,120.4
2005/11/15,0,120.21
2005/11/14,0,120.61
2005/11/11,0,123.72
2005/11/10,0,123.23
2005/11/9,0,122.22
2005/11/8,0,122.12
2005/11/7,0,122.07
2005/11/4,0,122.05
2005/11/3,0,122.14
2005/11/2,0,118.53
2005/11/1,-120.38,117.56
2005/10/31,0,118.3
2005/10/28,0,119.78
2005/10/27,0,115.3
2005/10/26,71.5258,119.24
2005/10/25,0,116.83
2005/10/24,0,119.77
2005/10/21,0,118.1
2005/10/20,0,114.88
2005/10/19,-215.352,116.27
2005/10/18,0,115.1
2005/10/17,0,118.99
2005/10/14,59.36,118.47
2005/10/13,47.0962,117.33
2005/10/12,-117.83,117.37
2005/10/11,0,115.65
2005/10/10,0,118.46
2005/10/7,0,119.45
2005/10/6,0,119.25
2005/10/5,0,116.97
2005/10/4,121.44,118.73
2005/10/3,0,119.81
2005/9/30,0,122.9
2005/9/29,0,122.49
2005/9/28,0,118.8
2005/9/27,0,121.45
2005/9/26,-188.34,121.42
2005/9/23,-18.2987,121.74
2005/9/22,0,121.65
2005/9/21,-97.1604,121.28
2005/9/20,-73.5358,122.41
2005/9/19,98.8244,122
2005/9/16,0,122
2005/9/15,0,122.9
2005/9/14,0,122
2005/9/13,0,123.52
2005/9/12,0,124.16
2005/9/9,0,124.41
2005/9/8,0,123.4
2005/9/7,0,123.83
2005/9/6,0,123.59
2005/9/2,0,121.9
2005/9/1,-98.0084,122.36
2005/8/31,0,122.39
2005/8/30,0,118.1
2005/8/29,0,121.41
2005/8/26,0,120.7
2005/8/25,0,121.46
2005/8/24,0,120.98
2005/8/23,0,122.1
2005/8/22,0,122.36
2005/8/19,183.36,119.42
2005/8/18,0,122.05
2005/8/17,0,119.53
2005/8/16,0,120.18
2005/8/15,0,123.65
2005/8/12,-36.9724,122.88
2005/8/11,0,117
2005/8/10,0,123.2
2005/8/9,0,123.33
2005/8/8,0,122.54
2005/8/5,0,122.66
2005/8/4,-55.6691,120.79
2005/8/3,0,121.59
2005/8/2,0,122.5
2005/8/1,0,120.86
2005/7/29,-37.0534,123.58
2005/7/28,0,124.47
2005/7/27,0,120.82
2005/7/26,0,120.3
2005/7/25,0,121.11
2005/7/22,0,121.5
2005/7/21,0,120.85
2005/7/20,92.67,121.78
2005/7/19,0,122.5
2005/7/18,0,120.47
2005/7/15,122.82,122.7
2005/7/14,98.1444,122.67
2005/7/13,0,122.46
2005/7/12,0,122.09
2005/7/11,0,121.91
2005/7/8,0,121.17
2005/7/7,0,119.84
2005/7/6,0,119.31
2005/7/5,0,120.31
2005/7/1,0,119.41
2005/6/30,0,117.34
2005/6/29,0,119.7
2005/6/28,0,120
2005/6/27,0,119.09
2005/6/24,0,118.9
2005/6/23,0,119.75
2005/6/22,0,121.5
2005/6/21,0,121.46
2005/6/20,0,121.75
2005/6/17,-60.99,120.75
2005/6/16,0,121.25
2005/6/15,-169.316,120.9
2005/6/14,0,120.1
2005/6/13,0,119.5
2005/6/10,0,119.91
2005/6/9,0,120.19
2005/6/8,23.9405,119.2
2005/6/7,0,119.93
2005/6/6,0,119.87
2005/6/3,0,119.89
2005/6/2,0,120.58
2005/6/1,30.1075,120.35
2005/5/31,0,119.33
2005/5/27,48.0193,120
2005/5/26,0,119.76
2005/5/25,119.14,119.25
2005/5/24,0,119.27
2005/5/23,0,119.58
2005/5/20,0,118.84
2005/5/19,11.9247,119.05
2005/5/18,0,118.53
2005/5/17,11.7488,117.47
2005/5/16,-58.33,116.62
2005/5/13,0,115.45
2005/5/12,0,115.75
2005/5/11,0,116.94
2005/5/10,0,116.33
2005/5/9,0,117.65
2005/5/6,0,116.95
2005/5/5,0,117.15
2005/5/4,0,117.16
2005/5/3,11.6078,116.43
2005/5/2,0,116.13
2005/4/29,0,115.2
2005/4/28,0,113.95
2005/4/27,-75.1142,115.4
2005/4/26,0,114.86
2005/4/25,0,116.15
2005/4/22,34.5394,115.39
2005/4/21,0,115.8
2005/4/20,0,113.64
2005/4/19,403.13,115.13
2005/4/18,0,114.32
2005/4/15,0,113.93
2005/4/14,0,115.53
2005/4/13,11.7278,117.12
2005/4/12,29.665,118.51
2005/4/11,0,117.92
2005/4/8,0,117.78
2005/4/7,0,119.05
2005/4/6,11.8268,118.41
2005/4/5,0,117.88
2005/4/4,0,117.47
2005/4/1,0,117.21
2005/3/31,0,117.7
2005/3/30,47.1882,117.99
2005/3/29,-40.7223,116.37
2005/3/28,169.969,117.11
2005/3/24,0,116.59
2005/3/23,0,110
2005/3/22,0,117.26
2005/3/21,0,118.64
2005/3/18,0,119.03
2005/3/17,0,119.48
2005/3/16,0,119.22
2005/3/15,48.1122,120.26
2005/3/14,0,121.18
2005/3/11,0,120.51
2005/3/10,0,121.37
2005/3/9,0,121.04
2005/3/8,0,122.41
2005/3/7,0,122.9
2005/3/4,0,122.79
2005/3/3,0,121.35
2005/3/2,133.595,121.32
2005/3/1,0,121.32
2005/2/28,0,120.78
2005/2/25,0,121.48
2005/2/24,0,120.35
2005/2/23,35.8264,119.56
2005/2/22,0,118.74
2005/2/18,36.1464,120.47
2005/2/17,30.1025,120.31
2005/2/16,0,121.25
2005/2/15,30.3325,121.2
2005/2/14,0,120.81
2005/2/11,0,120.82
2005/2/10,47.9882,119.83
2005/2/9,0,119.37
2005/2/8,0,120.32
2005/2/7,0,120.18
2005/2/4,0,119.9
2005/2/3,0,119.07
2005/2/2,179.235,119.38
2005/2/1,53.591,119.02
2005/1/31,0,118.22
2005/1/28,0,117.48
2005/1/27,0,117.42
2005/1/26,0,117.3
2005/1/25,0,116.81
2005/1/24,46.6033,116.32
2005/1/21,233.84,116.7
2005/1/20,0,117.48
2005/1/19,0,118.25
2005/1/18,0,119.48
2005/1/14,0,118.3
2005/1/13,0,117.64
2005/1/12,0,118.65
2005/1/11,0,118.22
2005/1/10,0,119.04
2005/1/7,0,118.35
2005/1/6,0,118.71
2005/1/5,0,118.09
2005/1/4,11.8877,118.7
2005/1/3,0,119.9
2004/12/31,0,120.76
2004/12/30,24.2796,121.15
2004/12/29,127.46,121.32
2004/12/28,0,121.23
2004/12/27,0,120.58
2004/12/23,0,121.65
2004/12/22,0,121.7
2004/12/21,279.15,121.22
2004/12/20,0,118.92
2004/12/17,0,120.15
2004/12/16,0,121
2004/12/15,36.4144,121.1
2004/12/14,0,120.95
2004/12/13,0,120.5
2004/12/10,0,119.4
2004/12/9,0,119.4
2004/12/8,89.2875,118.9
2004/12/7,0,118.26
2004/12/6,0,119.45
2004/12/3,#N/A N/A,119.35
2004/12/2,35.9305,119.79
2004/12/1,0,119.62
2004/11/30,0,118.38
2004/11/29,0,118.17
2004/11/26,0,118.67
2004/11/24,23.7685,118.4
2004/11/23,-47.3402,118.58
2004/11/22,177.57,118.41
2004/11/19,0,117.5
2004/11/18,0,119.08
2004/11/17,0,118.67
2004/11/16,0,118.38
2004/11/15,0,118.9
2004/11/12,0,118.82
2004/11/11,17.6927,116
2004/11/10,140.268,116.76
2004/11/9,0,117
2004/11/8,#N/A N/A,117.04
2004/11/5,0,116.97
2004/11/4,0,116.43
2004/11/3,0,100
2004/11/2,0,113.39
2004/11/1,0,113.43
2004/10/29,0,113.25
2004/10/28,84.915,113.16
2004/10/27,45.1922,112.89
2004/10/26,0,111.49
2004/10/25,0,110.14
2004/10/22,0,109.87
2004/10/21,0,100
2004/10/20,66.4678,110.68
2004/10/19,0,110.41
2004/10/18,0,111.85
2004/10/15,0,111.05
2004/10/14,0,110.74
2004/10/13,0,111.38
2004/10/12,0,112.91
2004/10/11,0,112.91
2004/10/8,0,112
2004/10/7,0,113.45
2004/10/6,0,114.57
2004/10/5,#N/A N/A,113.93
2004/10/4,22.7765,113.74
2004/10/1,0,113.4
2004/9/30,#N/A N/A,111.79
2004/9/29,-55.91,111.86
2004/9/28,16.7003,111.2
2004/9/27,0,110.55
2004/9/24,0,111.7
2004/9/23,0,111.3
2004/9/22,0,111.85
2004/9/21,#N/A N/A,113.35
2004/9/20,11.2987,112.8
2004/9/17,0,113.45
2004/9/16,16.9658,113
2004/9/15,0,112.6
2004/9/14,0,113.48
2004/9/13,#N/A N/A,113.15
2004/9/10,0,112.93
2004/9/9,84.42,112.33
2004/9/8,0,112.29
2004/9/7,0,112.7
2004/9/3,0,111.88
2004/9/2,0,112.5
2004/9/1,22.2565,111.14
2004/8/31,22.2137,110.96
2004/8/30,0,110.36
2004/8/27,0,111.31
2004/8/26,0,110.91
2004/8/25,0,110.85
2004/8/24,0,109.95
2004/8/23,-33.0535,109.8
2004/8/20,0,110.15
2004/8/19,0,109.22
2004/8/18,-104.615,109.79
2004/8/17,0,108.9
2004/8/16,0,108.3
2004/8/13,0,106.6
2004/8/12,0,106.55
2004/8/11,21.6265,107.9
2004/8/10,0,107.9
2004/8/9,0,106.85
2004/8/6,0,106.3
2004/8/5,0,108.22
2004/8/4,0,109.48
2004/8/3,0,109.66
2004/8/2,#N/A N/A,111.04
2004/7/30,0,110.87
2004/7/29,0,110.52
2004/7/28,0,110.03
2004/7/27,21.9797,109.73
2004/7/26,152.348,108.74
2004/7/23,0,108.99
2004/7/22,0,109.86
2004/7/21,#N/A N/A,110
2004/7/20,44.5082,111.61
2004/7/19,0,110.3
2004/7/16,0,110.69
2004/7/15,0,110.95
2004/7/14,273.297,111.54
2004/7/13,0,111.82
2004/7/12,#N/A N/A,111.78
2004/7/9,0,111.6
2004/7/8,0,111.45
2004/7/7,0,110.75
2004/7/6,83.985,111.9
2004/7/2,90.3203,112.88
2004/7/1,0,113.03
2004/6/30,0,114.57
2004/6/29,45.5833,113.99
2004/6/28,0,113.44
2004/6/25,0,114.18
2004/6/24,0,114.82
2004/6/23,828.721,114.22
2004/6/22,-342.42,113
2004/6/21,0,113
2004/6/18,0,114.12
2004/6/17,0,113.84
2004/6/16,0,113.97
2004/6/15,0,114.01
2004/6/14,0,113.19
2004/6/10,0,114.31
2004/6/9,102.411,113.78
2004/6/8,0,114.86
2004/6/7,0,114.04
2004/6/4,0,112.93
2004/6/3,0,112.05
2004/6/2,0,113.15
2004/6/1,0,112.69
2004/5/28,#N/A N/A,112.87
2004/5/27,0,112.34
2004/5/26,33.6205,112.17
2004/5/25,0,111.76
2004/5/24,0,110.27
2004/5/21,#N/A N/A,109.81
2004/5/20,0,109.61
2004/5/19,109.42,109.21
2004/5/18,0,109.59
2004/5/17,0,109.08
2004/5/14,0,109.96
2004/5/13,0,109.91
2004/5/12,0,110.38
2004/5/11,#N/A N/A,109.66
2004/5/10,0,108.83
2004/5/7,#N/A N/A,110.1
2004/5/6,#N/A N/A,111.78
2004/5/5,0,112.65
2004/5/4,0,112.12
2004/5/3,0,112.19
2004/4/30,0,110.99
2004/4/29,#N/A N/A,111.77
2004/4/28,#N/A N/A,112.77
2004/4/27,0,114.23
2004/4/26,0,114.24
2004/4/23,0,113.25
2004/4/22,-297.362,114.46
2004/4/21,163.516,112.51
2004/4/20,0,112.09
2004/4/19,0,113.75
2004/4/16,0,113.85
2004/4/15,0,112.7
2004/4/14,0,113.58
2004/4/13,0,113.14
2004/4/12,0,114.93
2004/4/8,0,114.35
2004/4/7,0,114.96
2004/4/6,0,114.67
2004/4/5,98.0652,115.2
2004/4/2,0,114.52
2004/4/1,-56.76,113.76
2004/3/31,0,113.07
2004/3/30,0,106.47
2004/3/29,-22.5065,112.46
2004/3/26,0,111.29
2004/3/25,0,111
2004/3/24,#N/A N/A,109.88
2004/3/23,0,109.71
2004/3/22,0,110.07
2004/3/19,111.63,111.38
2004/3/18,0,113.03
2004/3/17,62.1723,112.99
2004/3/16,0,110.5
2004/3/15,0,111.3
2004/3/12,0,112.47
2004/3/11,0,111.1
2004/3/10,0,112.6
2004/3/9,#N/A N/A,114.51
2004/3/8,#N/A N/A,114.98
2004/3/5,122.104,116.37
2004/3/4,0,115.92
2004/3/3,0,115.63
2004/3/2,0,115.4
2004/3/1,0,116.12
2004/2/27,0,114.96
2004/2/26,#N/A N/A,114.88
2004/2/25,-40.2148,114.85
2004/2/24,40.0468,114.4
2004/2/23,0,114.57
2004/2/20,-63.211,114.83
2004/2/19,28.805,115.1
2004/2/18,69.4138,115.51
2004/2/17,0,116.11
2004/2/13,0,115.07
2004/2/12,69.4198,115.66
2004/2/11,0,116.03
2004/2/10,0,114.78
2004/2/9,#N/A N/A,114.44
2004/2/6,0,114.45
2004/2/5,0,113.1
2004/2/4,-56.525,112.85
2004/2/3,0,113.77
2004/2/2,0,113.93
2004/1/30,0,113.51
2004/1/29,#N/A N/A,113.48
2004/1/28,50.9405,113.28
2004/1/27,#N/A N/A,114.7
2004/1/26,0,115.77
2004/1/23,0,114.43
2004/1/22,0,114.8
2004/1/21,120.844,114.98
2004/1/20,0,114.17
2004/1/16,0,114.24
2004/1/15,0,113.72
2004/1/14,85.0275,113.15
2004/1/13,0,112.53
2004/1/12,0,113.22
2004/1/9,0,112.2
2004/1/8,0,113.3
2004/1/7,0,112.93
2004/1/6,0,112.53
2004/1/5,0,112.34
2004/1/2,0,111.24
2003/12/31,0,111.21
2003/12/30,94.5453,111.14
2003/12/29,0,111.1
2003/12/26,0,109.68
2003/12/24,38.3642,109.65
2003/12/23,0,109.65
2003/12/22,0,109.52
2003/12/19,0,108.83
2003/12/18,0,109.15
2003/12/17,64.7038,107.94
2003/12/16,0,107.65
2003/12/15,0,107.05
2003/12/12,205.39,108.1
2003/12/11,-204.839,107.93
2003/12/10,0,106.72
2003/12/9,26.6675,106.7
2003/12/8,0,107.55
2003/12/5,0,106.84
2003/12/4,0,107.57
2003/12/3,69.6282,107.14
2003/12/2,0,107.36
2003/12/1,0,107.53
2003/11/28,0,106.47
2003/11/26,0,106.29
2003/11/25,0,105.94
2003/11/24,0,105.46
2003/11/21,0,104.22
2003/11/20,0,103.8
2003/11/19,52.405,104.72
2003/11/18,0,103.85
2003/11/17,0,104.87
2003/11/14,0,105.35
2003/11/13,0,106.35
2003/11/12,0,106.22
2003/11/11,52.575,105.13
2003/11/10,0,105.15
2003/11/7,0,105
2003/11/6,0,106.4
2003/11/5,0,105.92
2003/11/4,0,105.73
2003/11/3,-58.4873,105.95
2003/10/31,200.469,105.25
2003/10/30,0,105.37
2003/10/29,0,105.14
2003/10/28,0,104.96
2003/10/27,87.9748,103.55
2003/10/24,-10.3268,103.49
2003/10/23,0,103.35
2003/10/22,77.565,103
2003/10/21,-31.4943,104.84
2003/10/20,0,105.01
2003/10/17,0,104.23
2003/10/16,0,105.4
2003/10/15,0,104.65
2003/10/14,0,105.24
2003/10/13,0,104.95
2003/10/10,0,104.54
2003/10/9,0,104.26
2003/10/8,0,104.08
2003/10/7,78.1725,104.17
2003/10/6,0,103.77
2003/10/3,0,103.33
2003/10/2,0,102.43
2003/10/1,40.8442,102.06
2003/9/30,0,99.85
2003/9/29,0,100.75
2003/9/26,0,99.93
2003/9/25,0,100.11
2003/9/24,96.1211,101.16
2003/9/23,0,102.84
2003/9/22,-20.5041,102.51
2003/9/19,0,103.65
2003/9/18,0,104.15
2003/9/17,0,102.95
2003/9/16,0,103.13
2003/9/15,0,101.62
2003/9/12,0,102.47
2003/9/11,0,102.27
2003/9/10,0,101.59
2003/9/9,0,102.76
2003/9/8,0,103.57
2003/9/5,0,102.85
2003/9/4,0,103.39
2003/9/3,0,103.29
2003/9/2,0,102.81
2003/8/29,0,101.32
2003/8/28,0,100.58
2003/8/27,100.23,100.13
2003/8/26,0,100.11
2003/8/25,49.955,99.92
2003/8/22,0,99.8
2003/8/21,-398.436,100.75
2003/8/20,0,100.55
2003/8/19,0,100.81
2003/8/18,0,100.41
2003/8/15,0,99.45
2003/8/14,0,98.8
2003/8/13,19.7797,99.03
2003/8/12,0,99.54
2003/8/11,0,98.63
2003/8/8,0,98.01
2003/8/7,0,97.89
2003/8/6,0,96.99
2003/8/5,19.3917,96.45
2003/8/4,0,98.5
2003/8/1,0,98.44
2003/7/31,0,99.35
2003/7/30,0,99.15
2003/7/29,0,99.4
2003/7/28,0,99.84
2003/7/25,0,100.16
2003/7/24,0,98.2
2003/7/23,0,98.7
2003/7/22,0,99.12
2003/7/21,0,98.24
2003/7/18,0,99.5
2003/7/17,0,98.5
2003/7/16,0,99.65
2003/7/15,0,100.69
2003/7/14,40.2962,100.75
2003/7/11,0,100.16
2003/7/10,0,99.28
2003/7/9,100.57,100.2
2003/7/8,0,101.14
2003/7/7,0,100.64
2003/7/3,0,98.65
2003/7/2,0,99.7
2003/7/1,0,98.63
2003/6/30,0,97.7
2003/6/27,0,97.67
2003/6/26,39.5442,98.7
2003/6/25,0,97.51
2003/6/24,0,98.61
2003/6/23,0,98.45
2003/6/20,0,99.41
2003/6/19,0,99.67
2003/6/18,0,101.16
2003/6/17,0,101.49
2003/6/16,329.257,101.35
2003/6/13,74.595,99.53
2003/6/12,-75.3375,100.5
2003/6/11,0,100.34
2003/6/10,74.28,99.13
2003/6/9,0,98.18
2003/6/6,0,99.35
2003/6/5,0,99.82
2003/6/4,0,98.4
2003/6/3,0,97.74
2003/6/2,0,97.27
2003/5/30,0,96.5
2003/5/29,0,95.38
2003/5/28,-258.687,95.64
2003/5/27,0,95.39
2003/5/23,93.79,93.3
2003/5/22,126.441,93.54
2003/5/21,60.3263,92.64
2003/5/20,0,92.42
2003/5/19,0,92.67
2003/5/16,0,94.86
2003/5/15,0,94.55
2003/5/14,0,94.43
2003/5/13,0,94.67
2003/5/12,0,94.7
2003/5/9,#N/A N/A,93.25
2003/5/8,0,92.41
2003/5/7,0,93.16
2003/5/6,0,93.7
2003/5/5,0,92.98
2003/5/2,0,93.1
2003/5/1,0,91.88
2003/4/30,0,91.92
2003/4/29,0,92.04
2003/4/28,0,91.74
2003/4/25,0,89.7
2003/4/24,0,91.3
2003/4/23,64.5471,92.08
2003/4/22,0,91.3
2003/4/21,0,89.1
2003/4/17,0,89.45
2003/4/16,0,88.22
2003/4/15,0,90.47
2003/4/14,0,88.88
2003/4/11,0,87.14
2003/4/10,0,87.62
2003/4/9,0,86.99
2003/4/8,132.15,88
2003/4/7,0,88.02
2003/4/4,0,88.17
2003/4/3,0,87.57
2003/4/2,105.996,88.2
2003/4/1,0,86.22
2003/3/31,0,84.68
2003/3/28,389.565,86.63
2003/3/27,0,86.95
2003/3/26,0,87.02
2003/3/25,0,87.57
2003/3/24,64.9725,86.45
2003/3/21,0,89.58
2003/3/20,0,87.71
2003/3/19,0,87.8
2003/3/18,0,87.01
2003/3/17,0,86.34
2003/3/14,0,83.64
2003/3/13,0,83.48
2003/3/12,0,80.6
2003/3/11,52.1428,80.11
2003/3/10,0,80.92
2003/3/7,0,83.31
2003/3/6,0,82.63
2003/3/5,0,83.44
2003/3/4,0,82.68
2003/3/3,0,84
2003/2/28,0,84.88
2003/2/27,16.8361,84.27
2003/2/26,0,83.11
2003/2/25,0,84.47
2003/2/24,0,83.71
2003/2/21,0,85.14
2003/2/20,0,84.04
2003/2/19,0,85.05
2003/2/18,0,85.42
2003/2/14,0,84.09
2003/2/13,0,82.26
2003/2/12,0,82.06
2003/2/11,-41.63,83.25
2003/2/10,0,83.94
2003/2/7,0,83.43
2003/2/6,0,84.41
2003/2/5,-67.7359,84.8
2003/2/4,0,85.28
2003/2/3,-181.293,86.17
2003/1/31,0,86.08
2003/1/30,0,84.55
2003/1/29,-21.6775,86.44
2003/1/28,0,84.75
2003/1/27,0,85.04
2003/1/24,0,86.29
2003/1/23,0,88.65
2003/1/22,0,88.04
2003/1/21,0,89.06
2003/1/17,0,90.65
2003/1/16,0,91.89
2003/1/15,0,92.3
2003/1/14,74.7279,93.1
2003/1/13,0,92.94
2003/1/10,-637.05,92.7
2003/1/9,0,92.73
2003/1/8,9.1232,91.29
2003/1/7,0,91.84
2003/1/6,0,92.94
2003/1/3,45.53,91.23
2003/1/2,45.555,89.79
2002/12/31,0,88.21
2002/12/30,0,88
2002/12/27,0,87.36
2002/12/26,641.592,89.25
2002/12/24,0,89.34
2002/12/23,0,89.98
2002/12/20,0,90.3
2002/12/19,0,88.67
2002/12/18,107.088,89.34
2002/12/17,153.714,90.36
2002/12/16,0,91.15
2002/12/13,0,89.21
2002/12/12,0,90.67
2002/12/11,0,90.83
2002/12/10,0,90.61
2002/12/9,0,89.41
2002/12/6,0,91.91
2002/12/5,0,91.25
2002/12/4,0,92.37
2002/12/3,0,92.82
2002/12/2,28.1819,94
2002/11/29,75.2883,93.75
2002/11/27,47.185,94.25
2002/11/26,0,91.65
2002/11/25,0,93.4
2002/11/22,0,93.28
2002/11/21,0,94.03
2002/11/20,0,92.34
2002/11/19,#N/A N/A,90.24
2002/11/18,-40.7116,90.43
2002/11/15,82.2778,91.33
2002/11/14,0,90.65
2002/11/13,0,88.82
2002/11/12,0,88.83
2002/11/11,0,88.13
2002/11/8,0,89.51
2002/11/7,0,90.61
2002/11/6,0,92.85
2002/11/5,0,91.74
2002/11/4,0,91.06
2002/11/1,0,90.23
2002/10/31,0,88.6
2002/10/30,0,89.26
2002/10/29,0,88.38
2002/10/28,0,89.46
2002/10/25,0,90.2
2002/10/24,0,88.27
2002/10/23,112.387,90.12
2002/10/22,0,89.42
2002/10/21,0,90.18
2002/10/18,88.73,88.62
2002/10/17,88.21,88.14
2002/10/16,43.145,86.44
2002/10/15,0,88.58
2002/10/14,139.293,84.44
2002/10/11,0,84.1
2002/10/10,0,80.55
2002/10/9,0,78
2002/10/8,36.0451,80.31
2002/10/7,0,79.03
2002/10/4,0,80.77
2002/10/3,0,82.18
2002/10/2,0,81.49
2002/10/1,0,85.62
2002/9/30,0,81.77
2002/9/27,0,82.77
2002/9/26,0,85.56
2002/9/25,0,84.26
2002/9/24,0,82.24
2002/9/23,58.4711,83.51
2002/9/20,33.8798,84.37
2002/9/19,0,84.27
2002/9/18,0,86.5
2002/9/17,0,87.36
2002/9/16,0,89.37
2002/9/13,0,89.59
2002/9/12,0,89.43
2002/9/11,0,91.12
2002/9/10,0,91.61
2002/9/9,0,90.52
2002/9/6,0,89.93
2002/9/5,0,88.7
2002/9/4,0,89.48
2002/9/3,0,88.15
2002/8/30,0,91.66
2002/8/29,0,92.01
2002/8/28,0,92.05
2002/8/27,0,92.8
2002/8/26,0,94
2002/8/23,99.2774,93.24
2002/8/22,0,95.6
2002/8/21,-133.56,94.22
2002/8/20,0,93.3
2002/8/19,0,94.3
2002/8/16,0,92
2002/8/15,0,92.52
2002/8/14,0,90.8
2002/8/13,-44.41,87.2
2002/8/12,0,89
2002/8/9,0,89.5
2002/8/8,0,89.2
2002/8/7,0,86.4
2002/8/6,-345.16,84.3
2002/8/5,0,82
2002/8/2,0,85
2002/8/1,0,86.6
2002/7/31,73.1999,89.5
2002/7/30,0,89
2002/7/29,108.252,88
2002/7/26,25.6739,82.82
2002/7/25,0,82.24
2002/7/24,-25.3889,83
2002/7/23,0,77
2002/7/22,0,80.5
2002/7/19,0,82
2002/7/18,0,86.2
2002/7/17,104.546,88.84
2002/7/16,0,89.02
2002/7/15,0,92.18
2002/7/12,0,91.95
2002/7/11,0,91.8
2002/7/10,27.7023,92.11
2002/7/9,0,94
2002/7/8,0,96.92
2002/7/5,0,99.26
2002/7/3,0,94.6
2002/7/2,0,94
2002/7/1,0,0.01
2002/6/28,#N/A N/A,0.01
2002/6/27,0,0.01
2002/6/26,0,0.01
2002/6/25,0,0.01
2002/6/24,0,98.6
2002/6/21,39.6398,98.1
2002/6/20,0,99.7
2002/6/19,0,100.8
2002/6/18,0,104.58
2002/6/17,0,102.84
2002/6/14,0,100.2
2002/6/13,0,100.5
2002/6/12,0,101.5
2002/6/11,0,101.88
2002/6/10,0,102.5
2002/6/7,0,102
2002/6/6,0,100
2002/6/5,0,104.52
2002/6/4,0,103.6
2002/6/3,0,103.12
2002/5/31,0,106
2002/5/30,0,105.9
2002/5/29,0,106.16
2002/5/28,0,106.7
2002/5/24,0,107.64
2002/5/23,0,109.14
2002/5/22,-59.9994,107.6
2002/5/21,32.5409,107.6
2002/5/20,0,108.5
2002/5/17,0,110.04
2002/5/16,0,109.12
2002/5/15,0,108.48
2002/5/14,0,108.8
2002/5/13,0,106.72
2002/5/10,0,105.7
2002/5/9,-10.7698,106.5
2002/5/8,0,108.96
2002/5/7,0,103.8
2002/5/6,0,104.2
2002/5/3,0,106.62
2002/5/2,97.9378,107.64
2002/5/1,207.081,108
2002/4/30,0,106.8
2002/4/29,0,105.9
2002/4/26,0,106
2002/4/25,0,108.44
2002/4/24,0,108.5
2002/4/23,0,109.3
2002/4/22,0,110
2002/4/19,0,112
2002/4/18,0,110
2002/4/17,45.1722,112.95
2002/4/16,0,112
2002/4/15,0,109.5
2002/4/12,0,0.01
2002/4/11,0,0.01
2002/4/10,#N/A N/A,0.01
2002/4/9,0,112.15
2002/4/8,0,111.75
2002/4/5,0,111.5
2002/4/4,0,111.72
2002/4/3,0,112
2002/4/2,0,112.7
2002/4/1,0,113.5
2002/3/28,0,113.5
2002/3/27,0,113.5
2002/3/26,#N/A N/A,113
2002/3/25,0,112.3
2002/3/22,34.5329,114.99
2002/3/21,0,0.01
2002/3/20,0,114.2
2002/3/19,0,116.12
2002/3/18,#N/A N/A,115.6
2002/3/15,204.487,115.6
2002/3/14,0,115.56
2002/3/13,46.2557,114.4
2002/3/12,0,115.8
2002/3/11,0,115.88
2002/3/8,0,116
2002/3/7,0,115.3
2002/3/6,0,115.86
2002/3/5,0,114.2
2002/3/4,0,115.63
2002/3/1,0,112.6
2002/2/28,0,111.03
2002/2/27,0,111.59
2002/2/26,0,110.04
2002/2/25,0,110.4
2002/2/22,0,108.4
2002/2/21,0,107.2
2002/2/20,0,110.5
2002/2/19,0,107.77
2002/2/15,0,109.8
2002/2/14,0,110.8
2002/2/13,0,111.1
2002/2/12,0,111.05
2002/2/11,0,110.2
2002/2/8,0,109
2002/2/7,0,106.75
2002/2/6,97.7852,107
2002/2/5,0,107.6
2002/2/4,0,108.55
2002/2/1,0,111.2
2002/1/31,0,112
2002/1/30,0,110.85
2002/1/29,0,109
2002/1/28,0,112.7
2002/1/25,85.1925,113.53
2002/1/24,0,112.35
2002/1/23,0,113.17
2002/1/22,0,110.85
2002/1/18,0,111.75
2002/1/17,0,111.2
2002/1/16,0,111.6
2002/1/15,0,113
2002/1/14,0,113
2002/1/11,0,113.6
2002/1/10,0,116.06
2002/1/9,#N/A N/A,114.4
2002/1/8,0,115.2
2002/1/7,0,115.5
2002/1/4,0,116.15
2002/1/3,128.414,116.65
2002/1/2,0,114.25
2001/12/31,0,114.18
2001/12/28,0,114.8
2001/12/27,0,114.7
2001/12/26,57.545,114.3
2001/12/24,45.848,113.25
2001/12/21,-63.0519,113.5
2001/12/20,11.4148,113
2001/12/19,0,113.6
2001/12/18,0,112.3
2001/12/17,0,112
2001/12/14,45.1122,111
2001/12/13,0,110.4
2001/12/12,0,112
2001/12/11,0,112.5
2001/12/10,0,112.5
2001/12/7,0,114
2001/12/6,46.868,114.52
2001/12/5,0,115.4
2001/12/4,0,113
2001/12/3,34.0199,111.8
2001/11/30,0,112.2
2001/11/29,0,114.62
2001/11/28,0,111
2001/11/27,0,113
2001/11/26,127.732,114
2001/11/23,0,113.2
2001/11/21,0,111.8
2001/11/20,0,112
2001/11/19,121.254,113.69
2001/11/16,0,112.27
2001/11/15,0,111
2001/11/14,0,112.55
2001/11/13,0,111
2001/11/12,44.8602,111.7
2001/11/9,0,112.49
2001/11/8,0,110
2001/11/7,0,110
2001/11/6,0,109
2001/11/5,0,110.41
2001/11/2,0,107.2
2001/11/1,32.6009,108.24
2001/10/31,0,105.68
2001/10/30,0,105.96
2001/10/29,0,104
2001/10/26,0,110.13
2001/10/25,0,110.3
2001/10/24,0,105
2001/10/23,0,108.76
2001/10/22,32.7629,109.25
2001/10/19,0,104
2001/10/18,0,107.19
2001/10/17,0,107.49
2001/10/16,21.9941,106.5
2001/10/15,0,109.04
2001/10/12,0,109.3
2001/10/11,#N/A N/A,107
2001/10/10,43.984,108.13
2001/10/9,0,105.76
2001/10/8,0,102
2001/10/5,0,104.25
2001/10/4,107.14,100.6
2001/10/3,0,107.17
2001/10/2,0,105.31
2001/10/1,0,101.7
2001/9/28,0,101
2001/9/27,0,99.6
2001/9/26,227.812,98.3
2001/9/25,0,98.8
2001/9/24,0,97.68
2001/9/21,#N/A N/A,93
2001/9/20,0,98.6
2001/9/19,0,100
2001/9/18,#N/A N/A,102
2001/9/17,0,102
2001/9/14,#N/A N/A,100
2001/9/10,0,108.7
2001/9/7,0,107.2
2001/9/6,0,109.47
2001/9/5,0,112.3
2001/9/4,0,112.1
2001/8/31,0,113.2
2001/8/30,0,112.16
2001/8/29,0,114.2
2001/8/28,0,115.5
2001/8/27,0,117.27
2001/8/24,0,117.7
2001/8/23,0,115.53
2001/8/22,0,115.69
2001/8/21,0,114.72
2001/8/20,0,116.36
2001/8/17,0,115.42
2001/8/16,100.819,118.46
2001/8/15,0,118.05
2001/8/14,0,119.16
2001/8/13,0,119.2
2001/8/10,0,119.1
2001/8/9,35.6249,118.67
2001/8/8,0,118.42
2001/8/7,-6.0404,120.63
2001/8/6,0,120.2
2001/8/3,0,121.82
2001/8/2,-121.93,122.37
2001/8/1,0,121.95
2001/7/31,0,121.11
2001/7/30,0,120.77
2001/7/27,139.035,120.65
2001/7/26,0,120.22
2001/7/25,0,118.85
2001/7/24,0,117.5
2001/7/23,0,118.79
2001/7/20,0,121.1
2001/7/19,#N/A N/A,121.8
2001/7/18,151.35,120.77
2001/7/17,0,121.63
2001/7/16,0,120.61
2001/7/13,30.4675,122.05
2001/7/12,0,120.96
2001/7/11,0,118.1
2001/7/10,0,118.14
2001/7/9,0,119.5
2001/7/6,0,118.74
2001/7/5,0,121.62
2001/7/3,-111.312,123.92
2001/7/2,0,123.9
2001/6/29,#N/A N/A,122.67
2001/6/28,0,122.04
2001/6/27,0,121.2
2001/6/26,0,121.34
2001/6/25,0,121.58
2001/6/22,0,122.76
2001/6/21,-185.865,123.49
2001/6/20,0,122.17
2001/6/19,0,121.6
2001/6/18,0,121.14
2001/6/15,0,121.72
2001/6/14,0,121.42
2001/6/13,0,124.3
2001/6/12,0,125.41
2001/6/11,125.6,125.57
2001/6/8,0,126.95
2001/6/7,0,127.93
2001/6/6,0,127.67
2001/6/5,0,128.7
2001/6/4,0,127.13
2001/6/1,0,126.71
2001/5/31,0,125.62
2001/5/30,0,125.17
2001/5/29,0,126.95
2001/5/25,70.5319,128.06
2001/5/24,0,129.55
2001/5/23,0,129.13
2001/5/22,72.2647,131.26
2001/5/21,0,131.41
2001/5/18,#N/A N/A,129.54
2001/5/17,96.96,129.16
2001/5/16,0,128.78
2001/5/15,0,125.62
2001/5/14,0,125.11
2001/5/11,0,125.05
2001/5/10,0,126.02
2001/5/9,0,125.61
2001/5/8,56.9069,126.1
2001/5/7,0,126.09
2001/5/4,0,75
2001/5/3,#N/A N/A,125.18
2001/5/2,0,126.74
2001/5/1,0,126.95
2001/4/30,0,124.96
2001/4/27,0,125.49
2001/4/26,6.1871,123.6
2001/4/25,24.6299,122.8
2001/4/24,0,121.27
2001/4/23,0,122.14
2001/4/20,0,124.61
2001/4/19,-753.96,125.31
2001/4/18,0,124
2001/4/17,0,118.9
2001/4/16,0,117.61
2001/4/12,53.3836,118.6
2001/4/11,0,116.68
2001/4/10,0,116.6
2001/4/9,0,114.29
2001/4/6,0,113.25
2001/4/5,0,114.75
2001/4/4,0,110.5
2001/4/3,-221.7,110.12
2001/4/2,0,114.14
2001/3/30,0,116.51
2001/3/29,0,115.23
2001/3/28,0,115.12
2001/3/27,0,118.07
2001/3/26,34.6379,115.82
2001/3/23,0,114.33
2001/3/22,0,110.96
2001/3/21,0,112.28
2001/3/20,555.034,114.23
2001/3/19,0,116.9
2001/3/16,0,115
2001/3/15,0,117.35
2001/3/14,0,116.91
2001/3/13,563.718,119.58
2001/3/12,-70.908,117.76
2001/3/9,0,123.34
2001/3/8,0,126.69
2001/3/7,75.954,126.64
2001/3/6,0,125.73
2001/3/5,0,124.34
2001/3/2,0,123.42
2001/3/1,0,124.33
2001/2/28,0,123.87
2001/2/27,0,126.3
2001/2/26,0,127.16
2001/2/23,0,124.55
2001/2/22,0,125.58
2001/2/21,-75.504,125.56
2001/2/20,0,128.26
2001/2/16,0,130.24
2001/2/15,0,133
2001/2/14,0,131.66
2001/2/13,#N/A N/A,132.2
2001/2/12,0,132.95
2001/2/9,0,131.69
2001/2/8,0,133.02
2001/2/7,0,134.38
2001/2/6,0,135.05
2001/2/5,0,135.67
2001/2/2,0,134.78
2001/2/1,0,137.61
2001/1/31,0,136.68
2001/1/30,0,137.31
2001/1/29,-40.9859,136.28
2001/1/26,0,135.5
2001/1/25,0,135.625
2001/1/24,0,136.375
2001/1/23,0,135.75
2001/1/22,0,134.75
2001/1/19,0,133.75
2001/1/18,2132.84,134.625
2001/1/17,-2103.3,132.875
2001/1/16,0,132.125
2001/1/12,0,131.875
2001/1/11,0,132.125
2001/1/10,0,131.5
2001/1/9,0,129.625
2001/1/8,0,129.625
2001/1/5,0,129.25
2001/1/4,0,133.375
2001/1/3,0,134.25
2001/1/2,0,128.375
2000/12/29,0,131.125
2000/12/28,0,133.5
2000/12/27,0,133.125
2000/12/26,0,131.875
2000/12/22,0,130.875
2000/12/21,0,126.875
2000/12/20,0,126.125
2000/12/19,0,129.75
2000/12/18,0,132.625
2000/12/15,0,130.5
2000/12/14,456.144,133.5
2000/12/13,0,135.5
2000/12/12,0,138
2000/12/11,0,138.375
2000/12/8,0,133.875
2000/12/7,0,133.625
2000/12/6,0,135.375
2000/12/5,0,137.375
2000/12/4,0,132.875
2000/12/1,0,131.75
2000/11/30,0,131.625
2000/11/29,0,133.375
2000/11/28,0,133.625
2000/11/27,74.4094,135.625
2000/11/24,0,134.25
2000/11/22,0,131.875
2000/11/21,0,135.25
2000/11/20,87.5161,134.375
2000/11/17,0,136.5
2000/11/16,-41.286,137.375
2000/11/15,0,139.125
2000/11/14,0,138.75
2000/11/13,40.641,135.125
2000/11/10,0,136.5
2000/11/9,0,139.625
2000/11/8,0,140.5
2000/11/7,0,143.5
2000/11/6,0,143.625
2000/11/3,0,142.625
2000/11/2,0,142.625
2000/11/1,0,142.25
2000/10/31,0,142.875
2000/10/30,0,140.125
2000/10/27,0,138.5
2000/10/26,0,136.375
2000/10/25,0,136.25
2000/10/24,0,139.25
2000/10/23,0,140.375
2000/10/20,0,139.75
2000/10/19,0,138.875
2000/10/18,0,134
2000/10/17,47.3339,134.75
2000/10/16,0,137.75
2000/10/13,0,137.125
2000/10/12,0,133.125
2000/10/11,0,136.375
2000/10/10,#N/A N/A,137.5
2000/10/9,140.43,140.125
2000/10/6,0,141.1875
2000/10/5,0,144.1875
2000/10/4,0,143.5
2000/10/3,0,142.5625
2000/10/2,0,144
2000/9/29,0,143.5
2000/9/28,0,145.75
2000/9/27,#N/A N/A,142.625
2000/9/26,0,142.625
2000/9/25,-36.01,144
2000/9/22,0,144.875
2000/9/21,0,144.9688
2000/9/20,0,145
2000/9/19,0,145.875
2000/9/18,0,144.75
2000/9/15,0,146.625
2000/9/14,0,148.25
2000/9/13,0,148.625
2000/9/12,0,148.25
2000/9/11,0,149.25
2000/9/8,0,149.5
2000/9/7,0,150.625
2000/9/6,0,149.25
2000/9/5,0,151
2000/9/1,0,152.125
2000/8/31,0,152
2000/8/30,0,150.125
2000/8/29,0,151.5
2000/8/28,0,151.5
2000/8/25,0,150.875
2000/8/24,0,150.875
2000/8/23,0,150.6406
2000/8/22,0,150.2188
2000/8/21,0,150.2188
2000/8/18,0,149.5313
2000/8/17,0,149.8438
2000/8/16,0,148.5938
2000/8/15,96.6681,148.8281
2000/8/14,0,149.1406
2000/8/11,0,147.2031
2000/8/10,0,146.6094
2000/8/9,0,147.375
2000/8/8,0,148.25
2000/8/7,503.71,147.875
2000/8/4,0,146.125
2000/8/3,#N/A N/A,145.125
2000/8/2,0,144.125
2000/8/1,0,143.625
2000/7/31,14.3261,142.75
2000/7/28,0,141.875
2000/7/27,0,145
2000/7/26,0,145.75
2000/7/25,184.5,147
2000/7/24,0,146.75
2000/7/21,0,147.875
2000/7/20,37.4225,150.125
2000/7/19,274.429,148.25
2000/7/18,0,149.7969
2000/7/17,0,150.75
2000/7/14,0,150.875
2000/7/13,0,149.5
2000/7/12,0,149.125
2000/7/11,0,148
2000/7/10,0,147.5
2000/7/7,0,147.75
2000/7/6,0,145.625
2000/7/5,0,144.5
2000/7/3,0,147.125
2000/6/30,0,145.25
2000/6/29,0,143.875
2000/6/28,0,145
2000/6/27,0,145
2000/6/26,0,145.75
2000/6/23,0,144.2969
2000/6/22,0,145.5469
2000/6/21,-14.794,147.75
2000/6/20,0,147.7969
2000/6/19,52.0625,148.4063
2000/6/16,36.645,146.75
2000/6/15,0,147.5625
2000/6/14,0,147.5781
2000/6/13,0,147.125
2000/6/12,0,144.5625
2000/6/9,0,146.1563
2000/6/8,0,146.5156
2000/6/7,0,146.875
2000/6/6,0,145.9063
2000/6/5,0,147.3125
2000/6/2,0,147.8594
2000/6/1,0,144.875
2000/5/31,-113.72,142.0938
2000/5/30,0,142.375
2000/5/26,0,137.9688
2000/5/25,0,138.4688
2000/5/24,0,139.8125
2000/5/23,0,137.625
2000/5/22,280.22,139.7813
2000/5/19,#N/A N/A,140.625
