Date,sp500,ret_1d,ret_5d,ret_10d,vol_10d
2000-01-18,91.60308837890624,-0.0078675,-0.002991292,0.002578383,0.4045188113416149
2000-01-19,92.34911346435548,0.008144104,0.0173007940729479,0.0518779085081142,0.3390845074974524
2000-01-20,90.93562316894533,-0.015305943,0.0117956811958139,0.0339284733752736,0.3545077751842876
2000-01-21,90.73931884765624,-0.002158718,-0.003879326,0.048547976,0.3394963022502098
2000-01-24,88.16752624511719,-0.028342648,-0.045077303,-0.037092253,0.2153335775206265
2000-01-25,89.16875457763672,0.0113559762325188,-0.026574801,-0.029486599,0.2260785371021253
2000-01-26,88.46194458007812,-0.007926655,-0.042092108,-0.025519541,0.2224219845345061
2000-01-27,88.10863494873047,-0.003993917,-0.031087797,-0.019658818,0.218812780692366
2000-01-28,85.36011505126953,-0.031194671,-0.05928195,-0.062931303,0.244197170640823
2000-01-31,87.67671203613281,0.027139103,-0.005566837,-0.050393201,0.2818106742503214
2000-02-01,88.54053497314453,0.009852365,-0.007045289,-0.033432862,0.2906878220991741
2000-02-02,88.61911774,0.000887534,0.001776732,-0.040390163,0.2849543685328399
2000-02-03,89.95404052734375,0.0150635982914186,0.0209446620037536,-0.010794259,0.291822022
2000-02-04,89.58100891113281,-0.004146913,0.0494480807263215,-0.012765248,0.2922264697204869
2000-02-07,89.44363403320312,-0.001533527,0.0201526945529406,0.0144736712305866,0.2503089539254046
2000-02-08,90.66075897216795,0.0136077313060984,0.0239463653530727,0.0167323677626585,0.2530194198297527
2000-02-09,88.75646973,-0.021004559,0.001549914,0.003329399,0.2746530392433021
2000-02-10,88.93317413330078,0.00199089,-0.011348755,0.009358211,0.2735719370835175
2000-02-11,87.12702941894531,-0.02030901,-0.02739397,0.0206995312344004,0.2411672464814916
2000-02-14,87.63743591308594,0.005858188,-0.020193702,-0.000447965,0.1994980728198664
2000-02-15,88.62886810302734,0.0113128844952132,-0.022412021,0.000997658,0.20163549729465
2000-02-16,87.32334137,-0.014730265,-0.016146748,-0.01462186,0.21489146266002
2000-02-17,86.87177276611328,-0.005171225,-0.023179217,-0.034264917,0.1945586220057905
2000-02-18,85.00674438476562,-0.02146875,-0.02433556,-0.051062882,0.2147708942208482
2000-02-22,84.79080200195312,-0.002540297,-0.03248194,-0.052019711,0.2143559678305897
2000-02-23,85.79205322265625,0.011808488622151,-0.032007798,-0.05370246,0.2100725113556724
2000-02-24,84.06437683105469,-0.020137954,-0.037320658,-0.052864799,0.2083106545506786
2000-02-25,83.76008605957031,-0.003619735,-0.035819307,-0.058168261,0.2046550272267287
2000-02-28,85.51716613769531,0.020977534,0.006004485,-0.018477197,0.2269894844071337
2000-02-29,86.34170532226562,0.009641797,0.0182909382113967,-0.014785127,0.2313039002582621
2000-03-01,86.96994018554688,0.007276146,0.0137295579094447,-0.018717693,0.2259201899242525
2000-03-02,87.02885437011719,0.000677409,0.0352643729819142,-0.003372374,0.2141555992554916
2000-03-03,88.65833282470703,0.0187234276078136,0.0584794858216008,0.0205654840658511,0.2316746645576509
2000-03-06,87.79451751708984,-0.009743194,0.026630342,0.032794729,0.2040580567558854
2000-03-07,86.09631348,-0.019342939,-0.002842101,0.015396853,0.2329286981311698
2000-03-08,85.98834991455078,-0.001253986,-0.011286546,0.002288052,0.2260690290905148
2000-03-09,88.50128173828125,0.029224096,0.0169188412144563,0.052779847,0.236556198446892
2000-03-10,88.03006744384766,-0.005324378,-0.007086366,0.050978713,0.2384939087457425
2000-03-13,87.06814575195312,-0.010927195,-0.008273544,0.0181364711239437,0.2326739020215814
2000-03-14,85.83132172,-0.014205241,-0.003077853,-0.005911206,0.2410865667282404
2000-03-15,87.83376312,0.023329961,0.0214612003816989,0.009932431,0.2675797092537126
2000-03-16,91.93685150146484,0.04671425,0.038819435105396,0.0563950561784356,0.3519621540861867
2000-03-17,92.54447174072266,0.006609104,0.051282527,0.043832754,0.344606623
2000-03-20,92.07211303710938,-0.005104127,0.0574718485381779,0.048722809,0.3399908152111704
2000-03-21,93.96157074,0.0205214982073365,0.094723568,0.09135417,0.3183710846098108
2000-03-22,94.53237915039062,0.006074913,0.076264705,0.099362637,0.3138827156703018
2000-03-23,96.14626312,0.017072288,0.045785901,0.086382719,0.2982473014263475
2000-03-24,96.71703338623048,0.005936479,0.045087098,0.098681805,0.2888672535535723
2000-03-27,95.69360352,-0.010581692,0.039333196,0.099065596,0.2881841298967641
2000-03-28,95.14247894,-0.005759262,0.0125679912950356,0.1084820440880303,0.271239866
2000-03-29,95.24092864990234,0.001034761,0.00749531,0.084331643,0.2646799502659219
2000-03-30,93.64669036865234,-0.016739004,-0.025997607,0.0185979706642471,0.1866732820223128
2000-03-31,94.70949554,0.0113490948969725,-0.020756818,0.0233944152793543,0.1914715472758398
2000-04-03,95.26061248779295,0.005819025,-0.004524765,0.0346304580779901,0.1873226649633071
2000-04-04,94.55203247070312,-0.007438332,-0.006205919,0.006284077,0.1676184411455551
2000-04-05,93.96157074,-0.006244834,-0.013432858,-0.006038232,0.1679182242266708
2000-04-06,94.77835845947266,0.008692785,0.0120844429884852,-0.014227331,0.1472897242447991
2000-04-07,95.37866973876952,0.006333843,0.007065545,-0.013837931,0.1478558171490647
2000-04-10,95.00472259521484,-0.003920658,-0.002686209,-0.007198819,0.1397752420995558
2000-04-11,94.72914123535156,-0.002900712,0.001873135,-0.004344408,0.1375903880122639
2000-04-12,92.13114166259766,-0.027425558,-0.019480614,-0.032651792,0.1924939754561187
2000-04-13,90.85182953,-0.013885773,-0.041428539,-0.029844737,0.1873589777625375
2000-04-14,85.65578461,-0.057192518,-0.101939827,-0.095594543,0.3139437155069595
2000-04-17,88.64744567871094,0.03492655,-0.066915378,-0.069421838,0.3813098184112175
2000-04-18,90.98964691,0.026421531,-0.039475649,-0.037676457,0.4162672727458742
2000-04-19,90.1432647705078,-0.009301961,-0.021576601,-0.04063689,0.4171097350520691
2000-04-20,90.57627868652344,0.004803619,-0.00303297,-0.044335857,0.4142889730857635
2000-04-24,89.59221649169922,-0.010864458,0.045956404,-0.060668211,0.4110112064084461
2000-04-25,93.31207275390624,0.04151986,0.0526199828938278,-0.017816481,0.4754865608319642
2000-04-26,92.2590789794922,-0.011284647,0.0139513901961187,-0.026074999,0.4780879559490769
2000-04-27,91.95399475097656,-0.003306821,0.0200872465078629,-0.001922769,0.45737803
2000-04-28,91.38323974609376,-0.006206963,0.008909188,0.005849197,0.4523611018589991
2000-05-01,92.62318420410156,0.0135686200385647,0.0338307035040612,0.081341845,0.3168720781581181
2000-05-02,90.77312469482422,-0.019974043,-0.027209213,0.0239790216157775,0.3060447287404119
2000-05-03,88.64744567871094,-0.023417493,-0.039146644,-0.025741404,0.2993297776330634
2000-05-04,89.31661224365234,0.007548628,-0.028681544,-0.00917043,0.3004738864743168
2000-05-05,90.39916992,0.0121204516274024,-0.010768603,-0.001955355,0.3064537122230346
2000-05-08,89.72010803222656,-0.007511816,-0.031342867,0.001427485,0.3035834720546034
2000-05-09,89.00174713134766,-0.008006688,-0.019514339,-0.046192583,0.1991688017321504
2000-05-10,86.99417114257812,-0.022556591,-0.018649996,-0.057066555,0.2169328619375964
2000-05-11,88.98207092285156,0.022850954,-0.003745567,-0.032319682,0.260608616
2000-05-12,89.94649505615234,0.01083841,-0.005007511,-0.01572219,0.2689399369357055
2000-05-15,91.50133514404295,0.017286278,0.019853154,-0.012111968,0.2753261901355777
2000-05-16,92.3870086669922,0.009679351,0.0380359,0.0177793149414409,0.2580539629331073
2000-05-17,91.42260742,-0.010438711,0.050904977,0.031305603,0.2290151789820852
2000-05-18,90.3007354736328,-0.012271275,0.0148194410076671,0.011018367,0.2397906742182381
2000-05-19,88.88362884521484,-0.01569319,-0.01181665,-0.016764989,0.2449151924160544
2000-05-22,88.21447754,-0.007528398,-0.035921417,-0.016781416,0.2449264471826192
2000-05-23,86.91546630859375,-0.014725601,-0.059224153,-0.023440897,0.2520777432060787
2000-05-24,88.33254242,0.016304073038146,-0.033799791,0.0153846086384565,0.2396260493851346
2000-05-25,86.81702423095703,-0.017156963,-0.038578991,-0.024331269,0.2240818701839314
2000-05-26,86.91546630859375,0.001133903,-0.022143139,-0.033698131,0.2130903263263331
2000-05-30,89.74967193603516,0.032608761,0.0174029755636522,-0.019143581,0.2627229963077993
2000-05-31,89.94649505615234,0.002193023,0.0348732955858157,-0.026416199,0.2561629946515392
2000-06-01,91.52101135253906,0.0175050322461567,0.036096198,0.001076363,0.2701184239834228
2000-06-02,93.11524200439452,0.017419286,0.072545884,0.0311681462614834,0.2727296435040436
2000-06-05,92.66256713867188,-0.004861448,0.066122879,0.042515572,0.2566598316557957
2000-06-06,92.24929047,-0.004460018,0.0278510046482947,0.045738671,0.2531420991988284
2000-06-07,92.88889313,0.006933416,0.0327127596183949,0.068726857,0.2290574133758538
2000-06-08,92.52478790283205,-0.003919793,0.0109677169806003,0.047459808,0.2279635202962403
2000-06-09,92.32799530029295,-0.002126918,-0.008454542,0.063478,0.198066191
2000-06-12,91.24549865722656,-0.011724468,-0.015292782,0.0498188933746155,0.2169683963169688
2000-06-13,92.95777893066406,0.0187656410303576,0.007680151,0.0357450553904568,0.1745511871529739
2000-06-14,93.11524200439452,0.00169392,0.00243677,0.035229243,0.1746795549483335
2000-06-15,93.31207275390624,0.00211384,0.008508907,0.0195699476535287,0.1563037921250658
2000-06-16,92.54537963867188,-0.008216441,0.002354479,-0.006119969,0.1372305706941034
2000-06-19,93.72910309,0.0127907352514915,0.0272189255108601,0.0115098899441339,0.1498414375487993
2000-06-20,93.39368438720705,-0.003578597,0.004689284,0.0124054495716299,0.1489744920470892
2000-06-21,93.35421752929688,-0.000422586,0.002566449,0.005009473,0.1456891073845869
2000-06-22,91.933815,-0.015215194,-0.014770412,-0.006387185,0.1651058252118204
2000-06-23,91.14464569091795,-0.008584103,-0.015135644,-0.012816802,0.1698990317323455
2000-06-26,92.31849670410156,0.012878990359612,-0.015049823,0.011759462797237,0.1722539784887099
2000-06-27,91.63788604736328,-0.007372419,-0.018799969,-0.014198843,0.1456357040347019
2000-06-28,91.89434051513672,0.002798564,-0.01563804,-0.013111725,0.1463945115057212
2000-06-29,91.02628326416016,-0.009446254,-0.009871577,-0.024496182,0.1503377976516323
2000-06-30,91.71678924560548,0.007585787,0.006277314,-0.008953342,0.1542061824290632
2000-07-03,92.97934723,0.0137658327748202,0.007158376,-0.007999179,0.1566803154055901
2000-07-05,91.30247497558594,-0.01803489,-0.003660179,-0.022391336,0.1791584245808996
2000-07-06,92.01269531,0.007778763,0.001287944,-0.014370237,0.1860408414579055
2000-07-07,93.49231719970705,0.0160806275936362,0.027091449,0.0169524368941311,0.1872259965861039
2000-07-10,93.33448028564452,-0.001688234,0.0176378943631259,0.0240259269003308,0.1796193173766238
2000-07-11,93.53177642822266,0.002113861,0.005941418,0.013142325,0.1699622058134483
2000-07-12,94.14331817626952,0.006538331,0.0311146351886213,0.0273405709905978,0.1642024231312927
2000-07-13,94.55767822265624,0.004401375,0.027659041,0.028982609,0.1644129007291617
2000-07-14,95.48489379882812,0.00980582,0.021312731,0.048981573,0.1518249979238056
2000-07-17,95.32704926,-0.001653084,0.0213486908978164,0.039363131,0.154202741
2000-07-18,94.54779052734376,-0.008174581,0.0108627691884028,0.016868728,0.1542752079011289
2000-07-19,93.78820037841795,-0.008033928,-0.003772098,0.027225170002201,0.1235286014968069
2000-07-20,95.09033966064452,0.0138838284237534,0.005633191,0.03344804,0.1338997207946593
2000-07-21,93.23586273,-0.019502264,-0.023553789,-0.002743054,0.156279574613968
2000-07-24,92.70322418,-0.005712808,-0.027524455,-0.006763375,0.158618807
2000-07-25,92.99912262,0.003191889,-0.016379737,-0.005694897,0.1592327212269544
2000-07-26,92.09162902832033,-0.009758088,-0.01808939,-0.021793253,0.160003183817976
2000-07-27,91.77600098,-0.003427326,-0.034854631,-0.029417783,0.1557916797821628
2000-07-28,89.70444489,-0.022571871,-0.037876175,-0.060537837,0.1660783501892863
2000-07-31,90.27657318115234,0.006377926,-0.026176555,-0.052980514,0.1767523322109007
2000-08-01,90.82897949,0.006119044,-0.023335092,-0.039332606,0.1847896452987643
2000-08-02,91.28278350830078,0.004996247,-0.008783051,-0.026713562,0.1882576975229608
2000-08-03,91.91404724121094,0.006915474,0.001504165,-0.033402893,0.173828737261616
2000-08-04,92.40727996826172,0.005366239,0.0301304476769814,-0.008886953,0.1526076514009339
2000-08-07,93.51205444335938,0.0119554917694482,0.035839655,0.008724942,0.1623104763382201
2000-08-08,93.86717987060548,0.003797643,0.0334496808772282,0.009334037,0.1625765165471784
2000-08-09,93.07800293,-0.008407379,0.019666572,0.0107107878509116,0.1602032906160118
2000-08-10,92.62430572509766,-0.004874376,0.00772742,0.009243209,0.1615107346912679
2000-08-11,93.0583038330078,0.004685575,0.007045158,0.037387879,0.094221599
2000-08-14,94.24197387695312,0.012719661,0.007805619,0.043925025,0.1041376171568194
2000-08-15,94.16305541992188,-0.000837402,0.003152066,0.0367071825134968,0.1066121755034563
2000-08-16,93.82765961,-0.003561862,0.008054069,0.0278790369971726,0.1120619404978929
2000-08-17,94.8141098,0.0105134264186592,0.0236417866779765,0.031551897,0.1171245543404289
2000-08-18,94.49846649169922,-0.003329075,0.0154759177781249,0.0226301058115305,0.1205709861733906
2000-08-21,95.0114288330078,0.005428261,0.008164674,0.016034023,0.1098604281631149
2000-08-22,94.85354614257812,-0.001661723,0.007332926,0.0105081059570804,0.1102389646822709
2000-08-23,95.22839355,0.003951854,0.0149287955558299,0.0231031023154251,0.097181341
2000-08-24,95.52430725097656,0.00310741,0.007490419,0.031309293,0.088551341
2000-08-25,95.48489379882812,-0.000412601,0.0104385535951057,0.026076018,0.089688936
2000-08-28,95.81036376953124,0.003408602,0.00840883,0.0166421587755143,0.070341846
2000-08-29,95.83009338378906,0.000205924,0.010295316104925,0.0177037369532349,0.069494259
2000-08-30,94.91276550292967,-0.009572441,-0.003314432,0.011564883,0.086791949
2000-08-31,96.17534637451172,0.0133025401261019,0.006815429,0.014356899,0.095860175
2000-09-01,96.27403259277344,0.001026107,0.008264541,0.0187893641769327,0.092213475
2000-09-05,95.50457763671876,-0.007992342,-0.003191577,0.005190416,0.1018540403336215
2000-09-06,94.41957092285156,-0.011360782,-0.014718993,-0.004575213,0.1180623645272005
2000-09-07,95.22839355,0.00856626,0.003325454,0.0,0.1249340744344087
2000-09-08,94.57736206054688,-0.006836527,-0.016615322,-0.009913133,0.1280057460287105
2000-09-11,94.43927001953124,-0.001460096,-0.01905771,-0.010950672,0.1279868295519505
2000-09-12,93.7488250732422,-0.007310994,-0.018383962,-0.021516865,0.1287908978917267
2000-09-13,93.99534606933594,0.00262959,-0.004492976,-0.019145837,0.130590828743099
2000-09-14,94.46885681152344,0.005037598,-0.007975948,-0.004677018,0.1271078112697461
2000-09-15,92.40204620361328,-0.021878222,-0.023000386,-0.039233549,0.1423792829878491
2000-09-18,91.55159759521484,-0.009203785,-0.03057703,-0.049052012,0.1416115338486534
2000-09-19,92.38230133,0.009073613,-0.014576436,-0.032692426,0.156573495389712
2000-09-20,91.69995880126952,-0.007386074,-0.024420223,-0.028803479,0.1520311338295935
2000-09-21,90.30567169189452,-0.015204883,-0.044069392,-0.051693845,0.1487288008000107
2000-09-22,91.94718933105467,0.0181773482042268,-0.004922584,-0.027809749,0.1888675345951333
2000-09-25,91.29451751708984,-0.007098333,-0.002808035,-0.033299204,0.18990511505964
2000-09-26,90.12762451171876,-0.012781633,-0.024405939,-0.038626623,0.1950433236314275
2000-09-27,90.60230255126952,0.005266732,-0.011970084,-0.036097995,0.197929401120532
2000-09-28,91.76922607421876,0.0128796232555887,0.0162066717948523,-0.028576939,0.210995043612474
2000-09-29,90.89891052246094,-0.009483741,-0.011400879,-0.016267342,0.187507312
2000-10-02,91.0373992919922,0.001523547,-0.00281636,-0.005616486,0.1829664523715084
2000-10-03,90.18697357177734,-0.009341498,0.0006585,-0.02376351,0.1792936593590801
2000-10-04,90.93853759765624,0.008333399,0.003711109,-0.008303397,0.1842158436210755
2000-10-05,91.25500488,0.003480013,-0.005603416,0.0105124426088862,0.1662303105441831
2000-10-06,89.27722168,-0.021673148,-0.017840575,-0.029038056,0.1718471829628002
2000-10-09,88.60476684570312,-0.007532211,-0.026721243,-0.029462346,0.1721582429025222
2000-10-10,87.14114379882812,-0.016518559,-0.033772391,-0.03313613,0.1790290306092884
2000-10-11,86.40934753417969,-0.008397827,-0.049804958,-0.046278681,0.1737708532499779
2000-10-12,84.25361633300781,-0.024947894,-0.076723338,-0.081896841,0.1705080462431282
2000-10-13,87.06208801269531,0.0333335446230245,-0.024811857,-0.042209774,0.2698293403504103
2000-10-16,87.45758056640625,0.00454265,-0.01294723,-0.039322507,0.2720309980262126
2000-10-17,85.28202819824219,-0.024875515,-0.021334533,-0.054386406,0.2912723424179131
2000-10-18,84.96559143066406,-0.003710474,-0.016708332,-0.065681133,0.2814518419127031
2000-10-19,88.16967010498047,0.037710309,0.046479355,-0.033810034,0.3579414034880726
2000-10-20,88.54538727,0.004261297,0.017037258,-0.008197325,0.3438784752500619
2000-10-23,88.94095611572266,0.004467413,0.0169610860454809,0.003794257,0.3423911928763555
2000-10-24,88.34764099121094,-0.006670888,0.0359467622632354,0.013845321966029,0.3320280460992957
2000-10-25,86.27098083496094,-0.023505553,0.0153637417490601,-0.001601293,0.3527442856645071
2000-10-26,86.50827789,0.002750601,-0.018843126,0.0267604128842038,0.3239926585643524
2000-10-27,88.14981842041016,0.0189755312130115,-0.004467413,0.0124937321461464,0.2926435070412626
2000-10-30,88.94095611572266,0.008974921,0.0,0.0169610860454809,0.2948163179538239
2000-10-31,90.47370910644533,0.0172333765866916,0.0240647977849899,0.0608766116131151,0.2619307791251026
2000-11-01,90.16717529296876,-0.003388098,0.045162283,0.061219886,0.2615992544285672
2000-11-02,90.31552124023438,0.001645232,0.044010162,0.0243377471266357,0.1932132994342102
2000-11-03,90.36493682861328,0.000547144,0.0251290183904704,0.0205493432993668,0.1931510979150141
2000-11-06,90.9978485107422,0.007003952,0.023126492954981,0.023126492954981,0.1944359650871614
2000-11-07,90.97809600830078,-0.000217066,0.005574955,0.029773913,0.1886592210541127
2000-11-08,88.96074676513672,-0.02217401,-0.013379908,0.031178108,0.1834677319499691
2000-11-09,88.62448120117188,-0.003779932,-0.018723692,0.024462437,0.1867505587002696
2000-11-10,86.46876525878906,-0.024324159,-0.043115966,-0.01907041,0.2052543526596624
2000-11-13,85.79629516601562,-0.007777029,-0.057161278,-0.035356725,0.1976062150348871
2000-11-14,88.05095672607422,0.0262792414951698,-0.03217411,-0.026778524,0.2272109781386829
2000-11-15,88.32785797,0.003144784,-0.007114248,-0.020398968,0.2289514513489361
2000-11-16,86.94341278076172,-0.015673936,-0.018968443,-0.037336976,0.2376466927144118
2000-11-17,86.47861481,-0.005345983,0.000113909,-0.043006969,0.2365384852499808
2000-11-20,85.24250793457031,-0.014293787,-0.006454675,-0.063246996,0.2321966777102943
2000-11-21,85.6776123,0.005104312,-0.026954215,-0.058261097,0.2376472338962215
2000-11-22,83.63059997558594,-0.023892033,-0.053179802,-0.059915715,0.2410764053091263
2000-11-24,85.34143066,0.0204569940784353,-0.018425572,-0.037044511,0.2756992321730551
2000-11-27,86.09296417236328,0.008806198,-0.004459491,-0.004346091,0.2554999768956293
2000-11-28,84.60960388183594,-0.01722975,-0.007424747,-0.013831498,0.2673570975880001
2000-11-29,84.45139313,-0.001869891,-0.014312014,-0.04088046,0.2191556111703071
2000-11-30,83.71958923339844,-0.008665386,0.001064075,-0.052172314,0.2162551402587324
2000-12-01,83.68006134033203,-0.000472146,-0.019467324,-0.0375342,0.2091046543306039
2000-12-04,84.39208984,0.008508939,-0.019756252,-0.024127641,0.2175228511436031
2000-12-05,87.16093444824219,0.032809291,0.030154149,0.022505515,0.267833375611156
2000-12-06,85.76661682128906,-0.015997048,0.0155737359105836,0.00103883,0.282325043
2000-12-07,84.58982849121094,-0.01372082,0.0103946909651742,0.0114698270239006,0.261851109268316
2000-12-08,84.78760528564453,0.002338068,0.0132354580956632,-0.006489525,0.2395063817575446
2000-12-11,87.73447418,0.034755893,0.039605422,0.0190667149812524,0.2965262791620365
2000-12-12,87.35871887207031,-0.00428287,0.002269187,0.032491761,0.2796009676121582
2000-12-13,86.16218566894531,-0.013696781,0.004612154,0.0202577184123207,0.2918087849998813
2000-12-14,85.06448364257812,-0.012739951,0.005611256,0.016064273863436,0.2967158697996921
2000-12-15,83.14321136,-0.022586069,-0.019394272,-0.006415506,0.3211166942108903
2000-12-18,84.2541275,0.0133614773769292,-0.039669089,-0.001634778,0.3258018819237886
2000-12-19,82.53809356689453,-0.020367357,-0.05518196,-0.053037991,0.2824457564564334
2000-12-20,80.14756012,-0.02896279,-0.069805861,-0.065515662,0.3029580901918042
2000-12-21,80.70304107666016,0.006930728,-0.051272192,-0.045948638,0.307057816841207
2000-12-22,83.12336730957031,0.029990520810871,-0.000238673,-0.019628317,0.3523940283468768
2000-12-26,84.01609039,0.0107397367598378,-0.002825228,-0.042382243,0.2993430812769058
2000-12-27,84.63108063,0.00731991,0.0253578313975786,-0.031223423,0.3048275744299722
2000-12-28,84.8890152,0.003047752,0.059159069,-0.014776441,0.2999268191071867
2000-12-29,83.2820816,-0.018929818,0.031957167,-0.02095354,0.3080224966105392
2001-01-02,81.77432250976562,-0.018104244,-0.016229429,-0.016464229,0.3003392281051156
2001-01-03,85.70235443115234,0.048035029,0.020070727,0.017188795,0.386461201864298
2001-01-04,84.77983093261719,-0.010764273,0.001757632,0.0271600332506565,0.373716191
2001-01-05,82.01237487792969,-0.032642859,-0.033887074,0.0232672679681995,0.3828546919675763
2001-01-08,82.64723205566406,0.007740992,-0.007622883,0.024090678,0.3831350656934852
2001-01-09,82.42898559570312,-0.002640699,0.008005729,-0.008353628,0.3516424417099345
2001-01-10,83.87719727,0.0175692040785877,-0.021296465,-0.001653173,0.3594054124901449
2001-01-11,83.95654297,0.000945975,-0.009710894,-0.00797033,0.3572195452325548
2001-01-12,83.79785156,-0.001890161,0.0217708204064066,-0.012854003,0.35667727
2001-01-16,84.33348846435547,0.006392012,0.02040306,0.0126246467439523,0.3435817993916115
2001-01-17,84.72034454345703,0.004587218,0.0277979758114765,0.036026248,0.3258190835768415
2001-01-18,85.56349182128906,0.009952123,0.020104326451489,-0.001620289,0.2196040770467991
2001-01-19,85.07742309570312,-0.005680796,0.0133507179704901,0.003510176,0.2140892577687679
2001-01-22,85.64284515,0.006645971,0.022017194,0.0442673472300081,0.1093613920650367
2001-01-23,86.31734466552734,0.007875725,0.023523943,0.0444069634103585,0.1094799741584509
2001-01-24,86.57527160644531,0.002988124,0.0218947063185843,0.050301311,0.1028233357530547
2001-01-25,86.35701751708984,-0.002520975,0.009274115,0.029564892,0.080830775
2001-01-26,86.25778961,-0.001149043,0.0138740275993725,0.0274099737994568,0.082927264
2001-01-29,86.71809387207031,0.005336379,0.012555033,0.034848654,0.079544144
2001-01-30,87.47990417480469,0.008784906,0.0134684345745592,0.037309209,0.082866048
2001-01-31,86.98471832,-0.005660567,0.004729373,0.0267276271301679,0.094835167
2001-02-01,87.56237030029297,0.006640844,0.0139577861517112,0.023361348,0.088979233
2001-02-02,85.57534027,-0.022692739,-0.007911742,0.005852518,0.1511231932339057
2001-02-05,86.20383453,0.007344338,-0.005930243,0.006550336,0.1519407354969885
2001-02-06,85.94989776611328,-0.002945771,-0.017489804,-0.00425693,0.1472592907891782
2001-02-07,85.50554656982422,-0.005169886,-0.017004961,-0.012356011,0.1477169973380014
2001-02-08,84.50887298583984,-0.011656245,-0.034872255,-0.021401208,0.1568357275348195
2001-02-09,83.69627380371094,-0.009615549,-0.021958037,-0.029696052,0.1610745102827557
2001-02-12,84.65484619140625,0.0114529876197764,-0.017968903,-0.023792586,0.1724260329612388
2001-02-13,83.96291351,-0.008173574,-0.023117936,-0.040203412,0.1624862653741679
2001-02-14,83.8359375,-0.001512287,-0.019526325,-0.036199241,0.162667573116718
2001-02-15,84.64852905273438,0.00969264,0.001652561,-0.033277323,0.1686748584178027
2001-02-16,82.78211212158203,-0.022049018,-0.01092237,-0.032640573,0.1666240329599179
2001-02-20,81.50611877441406,-0.015413878,-0.037194887,-0.054495438,0.1652169322575992
2001-02-21,79.74759674072266,-0.021575338,-0.050204508,-0.07216182,0.1825845124634604
2001-02-22,79.86824798583984,0.001512914,-0.047326834,-0.06592904,0.18787729
2001-02-23,79.32864379882812,-0.006756179,-0.062846754,-0.061298051,0.1858821926040887
2001-02-26,81.01732635498047,0.021287173,-0.021318443,-0.032007966,0.2297444839960995
2001-02-27,80.26818848,-0.009246638,-0.015188189,-0.051818152,0.2159828747697294
2001-02-28,78.68744659423828,-0.019693255,-0.013293819,-0.062830918,0.2278066514829726
2001-03-01,79.10007477,0.005243888,-0.009618005,-0.05648965,0.2342777849813474
2001-03-02,78.47159576416016,-0.007945365,-0.010803765,-0.072971537,0.217996016782778
2001-03-05,79.18898010253906,0.009141962,-0.022567349,-0.043404691,0.21578332071207
2001-03-06,80.03966522216797,0.010742468,-0.002846997,-0.017991944,0.2181494012768326
2001-03-07,80.61103057861328,0.007138528,0.024445881,0.0108270828611656,0.1909280076130019
2001-03-08,80.69988250732422,0.00110223,0.02022511,0.0104125799983971,0.1909168316475167
2001-03-09,78.31289672851562,-0.029578553,-0.002022376,-0.012804291,0.2441668157576429
2001-03-12,74.96097564697266,-0.042801649,-0.053391324,-0.074753772,0.2872046687795992
2001-03-13,76.19257354736328,0.0164298541976135,-0.048064815,-0.050774971,0.3109949548925174
2001-03-14,74.68799591064453,-0.019747038,-0.073476727,-0.050827049,0.311066107
2001-03-15,74.70703887939453,0.000254967,-0.074260872,-0.055537696,0.3074406522481283
2001-03-16,73.20866394042969,-0.020056677,-0.065177423,-0.067067985,0.3160014343785002
2001-03-19,74.69812774658203,0.0203454581190598,-0.003506463,-0.056710572,0.3361288552637808
2001-03-20,72.69303894042969,-0.026842558,-0.045930127,-0.091787319,0.3378581413996024
2001-03-21,71.45815277,-0.016987681,-0.043244475,-0.113543739,0.3263506688793616
2001-03-22,70.73249816894531,-0.010154959,-0.05320169,-0.123511758,0.3187037389018431
2001-03-23,72.87129974365234,0.030237891069512,-0.004608255,-0.069485324,0.3686676790331692
2001-03-26,73.80061340332031,0.0127528075241847,-0.012015219,-0.015479551,0.3195294149340137
2001-03-27,75.30921936035156,0.0204416452311408,0.035989422,-0.011593705,0.3263511519101982
2001-03-28,73.22771453857422,-0.027639442,0.0247636091748564,-0.019551755,0.3411323450006061
2001-03-29,73.50782775878906,0.003825235,0.03923698,-0.016052184,0.3421934096651198
2001-03-30,74.27804565429688,0.0104780391285024,0.019304526138455,0.0146073108879209,0.3297021934807708
2001-04-02,72.69303894042969,-0.021338832,-0.015007659,-0.026842558,0.3299078621411305
2001-04-03,70.26781463623047,-0.033362538,-0.06694273,-0.033362538,0.3446593422756397
2001-04-04,70.56061553955078,0.004166928,-0.036421989,-0.01256032,0.3372001504809493
2001-04-05,73.23412322998047,0.037889518,-0.003723475,0.035367407,0.3839279414423149
2001-04-06,72.12014770507812,-0.015211154,-0.029051625,-0.010307927,0.3633541090622834
2001-04-09,72.92221069335938,0.011121206,0.003152596,-0.011902377,0.3617388535813786
2001-04-10,74.25259399414062,0.01824387,0.056708457,-0.014030492,0.3582489930901011
2001-04-11,74.30348969,0.00068544,0.053044806,0.014690819633838,0.3264885783337056
2001-04-12,75.6529541,0.018161521,0.033028741,0.0291822845018971,0.3369282674888092
2001-04-16,74.85728454589844,-0.010517363,0.037952458,0.007798252,0.3404919960332038
2001-04-17,75.91393280029297,0.0141155033982918,0.04102621243223,0.044308147,0.3213892072458017
2001-04-18,78.93115997314453,0.039745368,0.063008788,0.1232903767075059,0.2878338872947842
2001-04-19,79.98142242,0.0133060562080833,0.076415425,0.1335136720779464,0.2846508203133998
2001-04-20,79.24940490722656,-0.009152344,0.0475388019988738,0.08213769,0.265662342
2001-04-23,77.81082916259766,-0.018152512,0.0394556740151088,0.078905571,0.273177513075762
2001-04-24,77.39072418,-0.005399055,0.0194534959178169,0.061277812,0.2799820418616824
2001-04-25,78.40278625488281,0.0130773045923715,-0.006694108,0.055892893,0.2748638131183856
2001-04-26,78.75294494628906,0.004466151,-0.015359535,0.059882184,0.2736285131373385
2001-04-27,80.06419372558594,0.0166501554981997,0.0102813241224108,0.0583088879530262,0.2718416088472322
2001-04-30,80.62433624267578,0.006996168,0.036158297,0.077040621,0.2561450002197054
2001-05-01,80.87259674072266,0.003079225,0.044990825,0.06531955,0.2542269884876983
2001-05-02,80.72615814208984,-0.001810732,0.029633792,0.0227413124240924,0.1751957747235732
2001-05-03,79.70135498046875,-0.012694809,0.012042852,-0.003501656,0.1780823943860624
2001-05-04,81.05718994140625,0.017011442,0.0124025006637016,0.0228113389153643,0.1896968843896259
2001-05-07,80.35699462890625,-0.008638288,-0.003315892,0.0327225078271302,0.1653998081794342
2001-05-08,80.31876373291016,-0.000475763,-0.006848216,0.0378345025418096,0.1599274286265753
2001-05-09,79.98142242,-0.004200031,-0.009225457,0.02013495,0.1552103430835538
2001-05-10,80.21698760986328,0.002945249,0.006469559,0.018590323,0.1547312666316132
2001-05-11,79.66320037841797,-0.006903615,-0.017197605,-0.005008398,0.1358251929412387
2001-05-14,79.82231140136719,0.001997296,-0.006653848,-0.009947677,0.1303395230030328
2001-05-15,80.19148254394531,0.004624912,-0.001584701,-0.008422064,0.1319052918912961
2001-05-16,82.08201599121094,0.0235752400041937,0.026263518,0.016795768,0.1795069169516707
2001-05-17,82.20933532714844,0.001551123,0.024836980004472,0.031467223,0.1607293745862683
2001-05-18,82.58487701416016,0.004568115,0.0366753610432868,0.018847027,0.1416895371536992
2001-05-21,83.80069732666016,0.0147220696628456,0.049840525,0.042855046,0.1415484343856773
2001-05-22,83.69248199,-0.001291342,0.043657996,0.042004111,0.1423661571951752
2001-05-23,82.27297211,-0.01696102,0.002326406,0.0286510243648843,0.1741986924806946
2001-05-24,82.51489258,0.002940461,0.003716819,0.0286461139557823,0.1741986460829848
2001-05-25,81.54097747802734,-0.011802901,-0.012640323,0.023571449,0.1833982389908873
2001-05-29,80.89166259765625,-0.00796305,-0.034713729,0.01339664534283,0.1906707800581726
2001-05-30,79.75862884521484,-0.014006805,-0.047003662,-0.005397752,0.2042907323360857
2001-05-31,80.17239379882812,0.005187714,-0.025531815,-0.023264806,0.1596831754437429
2001-06-01,80.66892242,0.006193262,-0.022371357,-0.018737688,0.1644516524852466
2001-06-04,81.05718994140625,0.004813099,-0.00593306,-0.018498388,0.1647233760893032
2001-06-05,81.98656463623047,0.0114656663461445,0.0135354127163895,-0.021648181,0.1561569764751844
2001-06-06,81.30545043945312,-0.008307632,0.019393784,-0.028521457,0.15903184569947
2001-06-07,81.59824371,0.003601152,0.0177847990684747,-0.008201094,0.1403225240899268
2001-06-08,80.84077453613281,-0.00928291,0.002130339,-0.020288677,0.1445803059372797
2001-06-11,80.26789093017578,-0.007086568,-0.009737557,-0.015612844,0.1373958637365786
2001-06-12,80.12785339355469,-0.001744627,-0.022670925,-0.009442372,0.1327210690801719
2001-06-13,79.44036865234375,-0.008579847,-0.022939198,-0.003990292,0.1199119673895786
2001-06-14,77.65802764892578,-0.022436213,-0.048288001,-0.031361994,0.1581290142387654
2001-06-15,77.78319549560547,0.001611782,-0.037822238,-0.035772474,0.1521186101296052
2001-06-18,77.40661621,-0.004841396,-0.035646567,-0.045037013,0.1447180121522464
2001-06-19,77.74485778808594,0.004369673,-0.029739916,-0.051736609,0.1258728278081619
2001-06-20,78.15345764160156,0.005255651,-0.016199711,-0.0387673,0.1348048722261821
2001-06-21,79.04073333740234,0.0113529934896761,0.017805058,-0.031342714,0.1514883105667036
2001-06-22,78.42150879,-0.007834246,0.008206314,-0.029926306,0.1500103277799407
2001-06-25,77.70018768310547,-0.009198001,0.003792589,-0.03198917,0.1519849837638344
2001-06-26,77.59168243408203,-0.001396461,-0.001970231,-0.031651553,0.1520886325369014
2001-06-27,77.54698944091797,-0.000576002,-0.007759966,-0.023833968,0.1493999664647908
2001-06-28,77.97469329833984,0.005515415,-0.013487224,0.004077694,0.1029478655123508
2001-06-29,78.26193237304688,0.003683747,-0.002034855,0.00615476,0.1041347244276567
2001-07-02,79.23861694335938,0.01247968892024,0.019799557,0.023667237,0.1144305561993036
2001-07-03,79.21943664550781,-0.000242057,0.0209784626439648,0.0189668988969178,0.1145104805552779
2001-07-05,77.67464447021484,-0.019500166,0.001646164,-0.006126577,0.1546289209671908
2001-07-06,75.99581146240234,-0.021613656,-0.025378514,-0.038523452,0.1711235005777467
2001-07-09,76.41074371,0.005459936,-0.023653756,-0.025640479,0.1754546745872034
2001-07-10,75.49150848388672,-0.012030183,-0.047288918,-0.028425661,0.1790046072797888
2001-07-11,75.56808471679688,0.001014369,-0.046091617,-0.026080086,0.1799487920945633
2001-07-12,77.36184692382812,0.023737034,-0.004027023,-0.002387488,0.2236237956707376
2001-07-13,78.03213500976562,0.008664324,0.026795207632867,0.000736671,0.2263988424116934
2001-07-16,77.05548095703125,-0.012516049,0.008437783,-0.015415559,0.2338329869619132
2001-07-17,77.77680206298828,0.009361062,0.030272194,-0.018448263,0.2291056869241248
2001-07-18,77.24695587158203,-0.006812394,0.022216669,-0.02489895,0.2302528321886143
2001-07-19,77.92360687,0.008759581,0.00726146,0.003205195,0.2147485270281915
2001-07-20,77.45761871,-0.005980064,-0.00736256,0.019235366,0.1816628694940682
2001-07-23,75.93193054199219,-0.01969707,-0.014581058,-0.006266307,0.2098267887319137
2001-07-24,75.19786834716797,-0.009667372,-0.033158135,-0.003889711,0.2065161818467055
2001-07-25,76.02769470214844,0.0110352377430353,-0.015783938,0.006082065,0.2143005115996359
2001-07-26,76.82565307617188,0.010495628,-0.014090131,-0.006930986,0.1823517868335798
2001-07-27,77.11928558,0.003822063,-0.004367977,-0.011698378,0.1769779420348004
2001-07-30,77.14482879638672,0.000331217,0.0159734942301219,0.001159526,0.1651714605668244
2001-07-31,77.46402740478516,0.004137654,0.030135948,-0.004021439,0.158994209061542
2001-08-01,77.94912719726562,0.006262259,0.025272797,0.009089955,0.1576734021599973
2001-08-02,78.26833344,0.004095059,0.018778627985841,0.004423904,0.1528699074936296
2001-08-03,77.84064483642578,-0.005464389,0.009353811,0.004944977,0.1522801934839082
2001-08-06,76.79373931884766,-0.013449343,-0.004551044,0.0113497545855081,0.1307450060100013
2001-08-07,77.09373474121094,0.003906509,-0.004780189,0.025211704,0.1162205845061885
2001-08-08,75.66387176513672,-0.018547071,-0.029317268,-0.0047854,0.1464547497064564
2001-08-09,75.88727569580078,0.002952584,-0.030421725,-0.012214376,0.135140843681039
2001-08-10,76.14900207519531,0.003448884,-0.021732127,-0.012581594,0.1347653625013977
2001-08-13,76.16812896728516,0.000251177,-0.008146632,-0.0126606,0.1347399521459052
2001-08-14,76.13625336,-0.00041849,-0.012419704,-0.017140524,0.1315512094934369
2001-08-15,75.47869110107422,-0.008636651,-0.002447412,-0.031692928,0.1275124830383754
2001-08-16,75.74043273925781,0.003467755,-0.001935014,-0.032297873,0.1265447255094823
2001-08-17,74.52758789,-0.016013176,-0.021292652,-0.042562044,0.1418679093722863
2001-08-20,75.21700286865234,0.009250467,-0.012487193,-0.020532096,0.1465805400422366
2001-08-21,73.93392181396484,-0.017058391,-0.028926188,-0.040986637,0.1599618940594843
2001-08-22,74.69990539550781,0.0103603807663601,-0.010317955,-0.012740114,0.1526689959567274
2001-08-23,74.43183135986328,-0.00358868,-0.017277448,-0.01917903,0.15116368902745
2001-08-24,75.97662353515625,0.0207544560851149,0.0194429430167231,-0.002263701,0.1886132653523282
2001-08-27,75.52339935302734,-0.005965311,0.0040735,-0.008464559,0.1907998587384697
2001-08-28,74.41909027,-0.014622079,0.00656219,-0.022553816,0.2029708059593415
2001-08-29,73.75518035888672,-0.008921231,-0.012646938,-0.022834402,0.2032281596767859
2001-08-30,72.33805084228516,-0.019213966,-0.028130176,-0.044921606,0.2168510694087298
2001-08-31,72.86788177490234,0.007324374,-0.040917082,-0.022269688,0.213787359
2001-09-04,72.40188598632812,-0.006395078,-0.041331738,-0.037426603,0.2046198291304352
2001-09-05,72.58062744140625,0.00246874,-0.024704183,-0.018304106,0.1921098519919847
2001-09-06,70.71020508,-0.02577027,-0.0412849,-0.05340971,0.2126954892873844
2001-09-07,69.40160369873047,-0.018506542,-0.040593396,-0.067581673,0.2221265297966582
2001-09-10,70.25064849853516,0.012233792,-0.035917516,-0.075364958,0.1948885353287945
2001-09-17,66.58009338378906,-0.052249413,-0.080409405,-0.118417683,0.2955909472545602
2001-09-18,66.42049407958984,-0.002397102,-0.084872969,-0.107480435,0.2993243568603014
2001-09-19,65.07999420166016,-0.020182022,-0.079623738,-0.117621381,0.3023073244589258
2001-09-20,63.01173782348633,-0.031780218,-0.092070868,-0.128926795,0.3166330480751371
2001-09-21,62.33190155029297,-0.010789042,-0.112721336,-0.144590181,0.2955935278723889
2001-09-24,64.52323150634766,0.035155834,-0.030893046,-0.10881836,0.3894722634175715
2001-09-25,65.19600677490234,0.0104268687858342,-0.018435384,-0.101743687,0.3992091700041364
2001-09-26,64.96535492,-0.003537822,-0.001761513,-0.081244994,0.3907300187905915
2001-09-27,65.52918243408203,0.008678895,0.039951994621189,-0.055797288,0.3943937746610848
2001-09-28,66.91962432861328,0.021218667,0.073601521,-0.047416276,0.4080140190918228
2001-10-01,66.81069183,-0.001627811,0.03545173224815,0.003463474,0.30954838
2001-10-02,67.65008544921875,0.0125637617675711,0.037641549,0.0185122285925112,0.3146736505798332
2001-10-03,68.78421020507812,0.0167645724070917,0.058782951,0.056917891,0.2958000646590537
2001-10-04,68.84185028076172,0.000837984,0.050552559,0.092524229,0.2140878152416651
2001-10-05,68.70730590820312,-0.001954398,0.0267138615544419,0.1022815636831826,0.1950007359609029
2001-10-08,68.25879669189453,-0.006527824,0.021674747,0.057894886823506,0.1508182686123246
2001-10-09,67.89354705810547,-0.005350953,0.003598837,0.041375851,0.1575724776997711
2001-10-10,69.40575408935547,0.0222732070539164,0.009036142,0.068350264,0.1748379535005311
2001-10-11,70.48217010498047,0.0155090313439889,0.0238273639875881,0.075584457,0.1802929588821676
2001-10-12,70.16181182861328,-0.004545239,0.0211695961758922,0.048448979,0.1710354219728215
2001-10-15,70.03363037109375,-0.001826941,0.0260015377535944,0.048239862,0.1712475654903106
2001-10-16,70.47574615478516,0.006312907,0.038033056,0.041768768,0.1660833993341128
2001-10-17,68.97640228271484,-0.021274608,-0.006186113,0.002794131,0.1928067803998862
2001-10-18,68.82907104492188,-0.002135966,-0.023454145,-0.000185632,0.1931716425228032
2001-10-19,68.78421020507812,-0.000651772,-0.019634636,0.001119303,0.1929040703744411
2001-10-22,70.14259338378906,0.0197484738817377,0.001555867,0.0275978596633863,0.211526492
2001-10-23,69.78379821777344,-0.005115225,-0.009818242,0.027841396,0.211275132
2001-10-24,69.59793090820312,-0.002663474,0.009010743,0.002768889,0.1820854125053342
2001-10-25,70.847435,0.0179531786800317,0.029324295,0.005182373,0.188102217042529
2001-10-26,70.68722534179688,-0.002261333,0.0276664532607842,0.007488597,0.1867039486976055
2001-10-29,68.84832000732422,-0.026014677,-0.018452032,-0.016924874,0.230589051
2001-10-30,68.02168273925781,-0.012006644,-0.025251069,-0.03482139,0.2313012211511992
2001-10-31,67.79105377197266,-0.003390521,-0.02596165,-0.017184841,0.2090476669402901
2001-11-01,69.52745819091797,0.025614064,-0.018631258,0.0101466885342718,0.2497143398929965
2001-11-02,70.00166320800781,0.006820399,-0.009698529,0.0176995999416129,0.251042553418933
2001-11-05,70.91790008544922,0.013088787,0.030059994,0.0110532939296672,0.2397327470283621
2001-11-06,72.01995086669922,0.0155398112454279,0.058779318,0.032044009,0.2468103148629959
2001-11-07,71.92385101,-0.00133435,0.0609637557060602,0.033419386,0.2460048112557758
2001-11-08,72.14813995361328,0.003118422,0.03769276,0.0183592384974771,0.2323248908003238
2001-11-09,72.22502136230469,0.001065605,0.031761505,0.021754935394225,0.2312471592112945
2001-11-12,71.78289794921875,-0.006121472,0.012197172543565,0.042623813,0.1787746788759197
2001-11-13,73.39757537841797,0.022493901,0.019128373,0.079032044,0.1748363843026089
2001-11-14,73.46807098388672,0.000960462,0.021470207,0.083742867,0.1683601170326114
2001-11-15,73.60265350341797,0.00183185,0.0201600976926064,0.0586127469425068,0.1389442433496936
2001-11-16,73.27582550048828,-0.004440438,0.014549032,0.046772636,0.1477285255166302
2001-11-19,74.17932129,0.0123300663268297,0.033384321,0.045988688,0.1465551425121301
2001-11-20,73.55776977539062,-0.00837904,0.002182557,0.0213526792254792,0.1454913520266471
2001-11-21,73.07078552246094,-0.006620433,-0.005407593,0.0159465113883725,0.1513409013694876
2001-11-23,74.12161254882812,0.014380946076516,0.00705082,0.027353063,0.1644480168831604
2001-11-26,74.28182220458984,0.002161443,0.0137289030485894,0.0284776771746118,0.1642255670987174
2001-11-27,73.96147918701172,-0.004312536,-0.002936696,0.0303495860439371,0.1616870382926019
2001-11-28,72.62227630615234,-0.018106762,-0.012717806,-0.010563007,0.1531438200646779
2001-11-29,73.60265350341797,0.0134996759552492,0.007278805,0.00183185,0.1697219937596329
2001-11-30,73.07723236083984,-0.007138617,-0.01409009,-0.007138617,0.1732943936740624
2001-12-03,72.64150238,-0.005962596,-0.022082385,-0.008656649,0.174388540452548
2001-12-04,73.87171173095703,0.016935351,-0.001213706,-0.004146837,0.1852992847384223
2001-12-05,75.22371673583984,0.0183020668291382,0.035821521,0.0226481439763086,0.2007114145046272
2001-12-06,75.18526458740234,-0.000511171,0.0215020927732025,0.0289374070611496,0.1953689517577181
2001-12-07,74.68547821044922,-0.006647398,0.022007482,0.007607304,0.1892659819694259
2001-12-10,73.28865051269531,-0.018702802,0.008908793,-0.013370319,0.2126652948828373
2001-12-11,73.14128875732422,-0.002010704,-0.009887722,-0.011089427,0.2120545816978929
2001-12-12,73.22458649,0.001138861,-0.026575797,0.008293739,0.1894759628795464
2001-12-13,71.80209350585938,-0.019426439,-0.044997794,-0.024463248,0.1999279290821899
2001-12-14,72.48773956298828,0.00954911,-0.029426586,-0.008066709,0.2063074691286293
2001-12-17,73.23739624023438,0.0103418410032594,-0.000699348,0.008203215,0.2109204903821435
2001-12-18,73.67308044433594,0.005948931,0.007270745,-0.002688868,0.1940660263472288
2001-12-19,74.19213867,0.007045426,0.0132134878663028,-0.013713468,0.1708521734648843
2001-12-20,73.46165466308594,-0.009845841,0.0231129912262395,-0.022924837,0.1759534005012701
2001-12-21,73.90722656,0.006065367,0.019582443,-0.010420388,0.178632219968878
2001-12-24,73.76581573486328,-0.001913356,0.007215159,0.006510766,0.149528916248028
2001-12-26,74.17082214355469,0.005490435,0.006756086,0.0140759535923185,0.1504747331911321
2001-12-27,74.62089538574219,0.006068063,0.005779005,0.019068853,0.1522233950700798
2001-12-28,74.58233642578125,-0.000516731,0.01525533,0.038720917,0.097801564
2001-12-31,73.48931121826172,-0.014655282,-0.005654594,0.0138171180576422,0.1287153404712057
2002-01-02,74.28013610839844,0.010761087,0.00697234,0.014237806,0.1295451085071854
2002-01-03,75.12240600585938,0.0113391000823126,0.0128296253810282,0.0196723898713382,0.1373814420196517
2002-01-04,75.62393951416016,0.006676217,0.0134418666947491,0.019298552,0.1370125678502235
2002-01-07,75.09024810791016,-0.007057175,0.00681008,0.0221693,0.1308693923783725
2002-01-08,74.91667175292969,-0.00231157,0.019422696,0.0136582745338988,0.1307439212784044
2002-01-09,74.30584716796875,-0.008153387,0.000346136,0.00732089,0.1386681979381493
2002-01-10,74.63376617,0.004413098,-0.006504582,0.006241592,0.1377424129892767
2002-01-11,73.90079498291016,-0.009820906,-0.022785702,-0.009650117,0.1432469689084773
2002-01-14,73.43787384033203,-0.006264089,-0.022005178,-0.015344955,0.1456649231430498
2002-01-15,74.03583526611328,0.008142412,-0.01175755,0.007436783,0.1324006425959091
2002-01-16,72.53772735595703,-0.020234903,-0.023795164,-0.023457264,0.1562142245930164
2002-01-17,73.08423614501953,0.007534132,-0.020761783,-0.027131318,0.1478369037458352
2002-01-18,72.74990844726562,-0.004574553,-0.015573399,-0.03800425,0.1383233222598261
2002-01-22,72.24841309,-0.006893416,-0.01619683,-0.037845594,0.1382188374585258
2002-01-23,72.80135345458984,0.007653322,-0.016674112,-0.028235615,0.1498215075716632
2002-01-24,73.02635955810547,0.003090686,0.006736249,-0.017219205,0.1492451946147583
2002-01-25,73.00708770751953,-0.000263903,-0.00105561,-0.021795476,0.1456896236750648
2002-01-28,73.20639801,0.002730013,0.006274779,-0.00939634,0.1407580403686381
2002-01-29,70.90465545654297,-0.031441822,-0.01859913,-0.034494713,0.2081810701261622
2002-01-30,71.92694091796875,0.0144177480990981,-0.012010938,-0.028484778,0.2199932238438139
2002-01-31,72.76918029785156,0.0117096510588901,-0.003521732,0.003190794,0.2071718283283183
2002-02-01,72.42845153808594,-0.004682322,-0.007925753,-0.008972997,0.2044451927408347
2002-02-04,70.62815094,-0.024856262,-0.035218876,-0.029165088,0.2375330063947462
2002-02-05,70.19097900390625,-0.006189769,-0.010065298,-0.028477222,0.2372239902384307
2002-02-06,69.88876342773438,-0.004305618,-0.028336774,-0.040007361,0.229977914982791
2002-02-07,69.45157623291016,-0.006255472,-0.045590785,-0.048951959,0.2266954523879663
2002-02-08,70.7824707,0.0191629123830336,-0.022725611,-0.030471247,0.2568266758425669
2002-02-11,71.65045166015625,0.0122626541346899,0.0144744086686363,-0.02125424,0.2670080652797585
2002-02-12,71.42541504,-0.003140756,0.017586819,0.007344505,0.2117648605395025
2002-02-13,72.18414306640625,0.0106226617924278,0.032843329,0.003575881,0.2057080531171513
2002-02-14,72.04909515,-0.001870881,0.037400432,-0.009895469,0.1959267220717556
2002-02-15,71.29685211,-0.010440701,0.007267073,-0.015623687,0.2010831021024266
2002-02-19,69.92733764648438,-0.019208625,-0.024048893,-0.009922577,0.1839883469172521
2002-02-20,71.10395812988281,0.0168263303451763,-0.004500596,0.0130070721185659,0.2010722576384455
2002-02-21,69.63159942626953,-0.020707127,-0.035361556,-0.003679619,0.2289491147450353
2002-02-22,70.49311828613281,0.0123725272284678,-0.021596064,0.0149966654425492,0.2343574529747119
2002-02-25,71.65686798095703,0.0165086993328984,0.005049534,0.0123533025782529,0.2291040539308453
2002-02-26,71.50900268554688,-0.002063519,0.022618694,-0.001974153,0.2210967401761647
2002-02-27,71.78549194335938,0.003866496,0.009585033,0.005041299,0.2212055504746036
2002-02-28,71.46400451660156,-0.004478446,0.026315712,-0.009976409,0.2149298610660943
2002-03-01,73.12928771972656,0.0233024053772152,0.037396125,0.014992452,0.2466228125879717
2002-03-04,74.42156219482422,0.017671093,0.038582404,0.043826761,0.248567793994099
2002-03-05,74.18368530273438,-0.003196344,0.037403439,0.06086815,0.216954916855346
2002-03-06,75.06452941894531,0.0118738252570806,0.045678275,0.055701137,0.2113948405793567
2002-03-07,74.90376281738281,-0.002141712,0.0481327393286807,0.075715098,0.1615903401813863
2002-03-08,75.21881103515625,0.00420604,0.0285730024260313,0.067037647,0.1597027839206569
2002-03-11,75.37957763671875,0.002137319,0.0128728209088999,0.051951889,0.1506614512248935
2002-03-12,75.33455657958984,-0.000597258,0.0155138056590058,0.053497514,0.1488737564678746
2002-03-13,74.60803223,-0.009643972,-0.006081397,0.039319091,0.1667957178899299
2002-03-14,74.50514984,-0.001378972,-0.005321668,0.0425549246124397,0.1631145070017071
2002-03-15,75.21510314941406,0.009528916,-4.93e-05,0.028522299,0.1291160609486054
2002-03-18,75.22798156738281,0.000171221,-0.002011103,0.0108358296812893,0.099296298
2002-03-19,75.73090362548828,0.006685306,0.005261159,0.0208565847927331,0.099725857
2002-03-20,74.30592346191406,-0.018816363,-0.004049279,-0.010106051,0.1298293084314137
2002-03-21,74.33816528320312,0.000433906,-0.002241249,-0.00755099,0.1298305659284373
2002-03-22,74.17695617675781,-0.002168591,-0.013802374,-0.013850988,0.1269601121166064
2002-03-25,73.25489807128906,-0.01243052,-0.026228053,-0.028186408,0.1364177320025275
2002-03-26,73.68048858642578,0.005809721,-0.027075011,-0.021956298,0.1429766665095246
2002-03-27,73.87389373779297,0.002624917,-0.005814203,-0.009839939,0.138231817467491
2002-03-28,73.84165954589844,-0.000436341,-0.006679015,-0.008905294,0.1382316757814114
2002-04-01,73.87389373779297,0.000436531,-0.004085668,-0.01783165,0.1261018099021069
2002-04-02,73.46771240234375,-0.005498307,0.002905121,-0.023399128,0.1268687092434447
2002-04-03,72.95186614990234,-0.007021401,-0.009888947,-0.036696214,0.1179219034401655
2002-04-04,72.64881134033203,-0.004154175,-0.016583428,-0.022301212,0.083166938
2002-04-05,72.66168212890625,0.000177164,-0.015979833,-0.022552119,0.082945466
2002-04-08,72.81643676757812,0.002129797,-0.014314353,-0.018341537,0.085842999
2002-04-09,72.30706024169922,-0.006995351,-0.015798126,-0.0129389,0.069920573
2002-04-10,73.12596893310547,0.0113254319656876,0.002386543,-0.007526004,0.088596592
2002-04-11,71.30764008,-0.024865706,-0.018461021,-0.034738302,0.1473494167349224
2002-04-12,71.84279633,0.007504894,-0.011269844,-0.027069587,0.1570322839425273
2002-04-15,71.29475402832031,-0.007628354,-0.020897517,-0.034912735,0.157744727813781
2002-04-16,72.99054718017578,0.0237856652283539,0.009452562,-0.006494897,0.2078964199859053
2002-04-17,72.83579254,-0.002120201,-0.003968172,-0.001591099,0.2050773650976681
2002-04-18,72.51984405517578,-0.004337819,0.016999637,-0.001775215,0.2051814627665001
2002-04-19,72.78421020507812,0.003645432,0.013103803,0.001686282,0.2060506431755309
2002-04-22,71.57202148,-0.016654556,0.00388903,-0.017089758,0.2221833023873592
2002-04-23,71.26248168945312,-0.004324871,-0.023675196,-0.014446425,0.2207790025962483
2002-04-24,70.54678344726562,-0.010043128,-0.031426981,-0.035270445,0.2122776510610311
2002-04-25,70.58546447753906,0.000548303,-0.026673797,-0.010127605,0.175886127771307
2002-04-26,69.24428558,-0.01900078,-0.048635887,-0.036169399,0.1899261966588165
2002-04-29,68.90254974365234,-0.004935221,-0.037297699,-0.033553721,0.1888098570093202
2002-04-30,69.54734802246094,0.009358119,-0.024067835,-0.04717322,0.1377521743565671
2002-05-01,70.39850616455078,0.0122385420334785,-0.002101829,-0.033462756,0.1622194649509475
2002-05-02,70.12764739990234,-0.003847507,-0.006485997,-0.032986787,0.1621545757897241
2002-05-03,69.3667984,-0.010849487,0.001769284,-0.046952654,0.1610891294738078
2002-05-06,68.00633239746094,-0.019612639,-0.013007027,-0.049819594,0.1677559539924113
2002-05-07,67.76771545410156,-0.003508746,-0.025588791,-0.04904076,0.167904265
2002-05-08,70.28886413574219,0.037202799,-0.001557448,-0.003656004,0.2664729298307621
2002-05-09,69.47642517089844,-0.011558573,-0.009286241,-0.015712007,0.2723355328291071
2002-05-10,68.16750336,-0.018839798,-0.01728918,-0.015550485,0.2720461125025347
2002-05-13,69.55380249023438,0.0203366569851024,0.0227547941231309,0.009451795,0.2918051934598725
2002-05-14,71.06906891,0.0217855295354956,0.0487157259539878,0.0218803581948088,0.3078878006269979
2002-05-15,70.79180145263672,-0.00390138,0.007155292,0.005586699,0.3039867740503418
2002-05-16,71.15931701660156,0.005191499,0.024222488,0.0147113108018031,0.3035696669687445
2002-05-17,71.50750732421875,0.004893109,0.048997012,0.030860714,0.2956397831788193
2002-05-20,70.73375701904297,-0.010820546,0.0169646300642478,0.040105451,0.2794985956951926
2002-05-21,70.08895874023438,-0.009115849,-0.013790953,0.034252937,0.2851209952315662
2002-05-22,70.24375915527344,0.002208628,-0.007741607,-0.000641709,0.2148050419620522
2002-05-23,70.99172211,0.0106481054068701,-0.002355207,0.0218102317772945,0.2101713885547151
2002-05-24,70.08253479003906,-0.012806948,-0.019927593,0.028093025837812,0.1948539400155299
2002-05-28,69.70207977294922,-0.005428671,-0.014585359,0.002131836,0.1716235607928827
2002-05-29,69.18629455566406,-0.007399854,-0.012878836,-0.026492177,0.125488973286132
2002-05-30,68.99282836914062,-0.002796308,-0.017808426,-0.025412167,0.125303684
2002-05-31,69.13466644,0.002055838,-0.026158763,-0.028452361,0.1207919268771129
2002-06-03,67.29701232910156,-0.026580791,-0.039746314,-0.058881859,0.1609205640250438
2002-06-04,67.46467590332031,0.002491397,-0.032099528,-0.046216704,0.1636160493216309
2002-06-05,68.09658813476562,0.009366564,-0.015750322,-0.028426312,0.175440962719346
2002-06-06,66.71027374267578,-0.020358059,-0.03308394,-0.050303194,0.1930093360754885
2002-06-07,66.63288879394531,-0.001160015,-0.036187021,-0.061399177,0.1742567684339698
2002-06-10,66.89079284667969,0.003870522,-0.006036219,-0.045542616,0.1768095775988165
2002-06-11,65.74310302734375,-0.017157665,-0.025518137,-0.056798545,0.1878207807462565
2002-06-12,66.14285278320312,0.006080482,-0.02869065,-0.043989085,0.1965278951549965
2002-06-13,65.47869873046875,-0.010041207,-0.018461549,-0.050934709,0.1982111386797509
2002-06-14,65.38199615478516,-0.001476855,-0.018772901,-0.054280587,0.1953917587958771
2002-06-17,67.13584137,0.02682459,0.003663412,-0.00239492,0.2167835426620083
2002-06-18,67.68391418457031,0.00816364,0.029521137,0.003249675,0.2205602853541502
2002-06-19,66.10415649414062,-0.023340224,-0.000585041,-0.029258906,0.243313928
2002-06-20,65.25948333740234,-0.012777913,-0.003347889,-0.021747631,0.2306982527024684
2002-06-21,64.23908233642578,-0.015636057,-0.017480559,-0.035925299,0.2402900244080589
2002-06-24,64.57554626464844,0.005237683,-0.03813604,-0.034612336,0.2415666557890716
2002-06-25,63.12615203857422,-0.022444939,-0.067338927,-0.039805711,0.2512543240287285
2002-06-26,63.22966384887695,0.001639761,-0.043484295,-0.044043896,0.2472519233796613
2002-06-27,64.33610534667969,0.0174987724187052,-0.01414933,-0.017449849,0.2674387371193134
2002-06-28,64.03205108642578,-0.004726028,-0.003222824,-0.020647046,0.2678832626593254
2002-07-01,62.78321838378906,-0.019503244,-0.02775552,-0.064833074,0.2262300638718847
2002-07-02,61.45031738,-0.021230211,-0.026547391,-0.092098645,0.2206113694822139
2002-07-03,61.799713134765625,0.005685825,-0.022615188,-0.065116077,0.217829881
2002-07-05,64.25848388671875,0.039786119,-0.001206499,-0.015338758,0.3145904191339438
2002-07-08,63.456146240234375,-0.012486097,-0.008994009,-0.012187847,0.3109670984559918
2002-07-09,61.85795974731445,-0.025185685,-0.014737356,-0.042083833,0.3306139576370862
2002-07-10,59.60620880126953,-0.03640196,-0.030009749,-0.055760459,0.3585463236161516
2002-07-11,60.09148406982422,0.008141354,-0.027641375,-0.049631448,0.3636170864471167
2002-07-12,59.431495666503906,-0.01098306,-0.075118302,-0.076234171,0.3420916111591027
2002-07-15,59.74852752685547,0.005334408,-0.058428047,-0.066896554,0.3482057528347321
2002-07-16,58.59682083129883,-0.019275901,-0.052719794,-0.0666802,0.3479731995876086
2002-07-17,58.713279724121094,0.001987461,-0.014980471,-0.044540659,0.340187604860916
2002-07-18,56.81098175048828,-0.032399791,-0.054591801,-0.080724184,0.3617983747704265
2002-07-19,54.81159591674805,-0.03519365,-0.077734873,-0.147013863,0.2670230042260327
2002-07-22,53.187477111816406,-0.029630934,-0.109811081,-0.161823082,0.2750901169180916
2002-07-23,51.73160552978515,-0.02737245,-0.117160201,-0.163703334,0.2770438720112436
2002-07-24,54.81806182861328,0.059662875,-0.066343047,-0.080329668,0.4561273605605851
2002-07-25,54.35218811035156,-0.008498544,-0.043280253,-0.095509306,0.4472290491809815
2002-07-26,55.38743973,0.0190471010169777,0.0105058756528415,-0.06804567,0.4695484267222398
2002-07-29,58.08564758300781,0.0487151575968431,0.092092551,-0.027831313,0.544953499
2002-07-30,58.84268951416016,0.013033201189166,0.1374611112790749,0.004195939,0.5408862212716415
2002-07-31,58.98503875732422,0.002419149,0.076014671,0.004628579,0.5409140802677783
2002-08-01,57.44505692,-0.026108008,0.056904219,0.0111611372530007,0.5308721339655781
2002-08-02,56.157413482666016,-0.022415217,0.0139015949945882,0.0245535190758192,0.5095150142784954
2002-08-05,54.203346252441406,-0.034796247,-0.066837532,0.019099781,0.5193105454509915
2002-08-06,56.02803421020508,0.033663751,-0.04783356,0.083052297,0.5117693856162859
2002-08-07,57.005069732666016,0.017438333,-0.033567309,0.0398957539011564,0.4310376052256026
2002-08-08,58.84915542602539,0.032349503,0.0244424600851709,0.082737558,0.445734597325973
2002-08-09,59.069149017333984,0.003738263,0.051849531,0.066471917,0.4420424253372117
2002-08-12,58.63564682006836,-0.007338894,0.081771715,0.009468763,0.3781804069589462
2002-08-13,57.56801986694336,-0.018207814,0.027485984,-0.021662328,0.3832892770585628
2002-08-14,59.67091751098633,0.036528921,0.0467651,0.0116280122572089,0.4295691031603265
2002-08-15,60.49916458129883,0.013880246942072,0.0280379411281022,0.0531657174701671,0.4037761394804864
2002-08-16,60.317962646484375,-0.002995115,0.0211415544311281,0.074087265,0.3770913674689677
2002-08-19,61.72855758666992,0.0233859845109964,0.0527479602313007,0.1388329661268756,0.2998919664771462
2002-08-20,61.075008392333984,-0.010587469,0.0609190403542854,0.090079444,0.2977924400704845
2002-08-21,61.95496368408203,0.0144077801200679,0.038277376,0.086832522,0.2957178019919705
2002-08-22,62.5567627,0.009713491,0.034010356,0.063001877,0.2648578003466773
2002-08-23,61.21091842651367,-0.021513969,0.0148041435892454,0.0362586806278719,0.2996240503945065
2002-08-26,61.637962341308594,0.006976597,-0.001467639,0.051202906,0.2933725779303593
2002-08-27,60.92620849609375,-0.011547329,-0.002436347,0.0583342737323977,0.2801248332590754
2002-08-28,59.59327316,-0.021877864,-0.038119472,-0.001301209,0.2530018887062631
2002-08-29,59.619144439697266,0.000434131,-0.046959244,-0.014545988,0.2410448353968887
2002-08-30,59.38621902,-0.00390689,-0.029810031,-0.0154472,0.2412613334782736
2002-09-03,57.12153244018555,-0.038134884,-0.073273511,-0.074633611,0.2607966995125021
2002-09-04,57.93684768676758,0.0142733433742483,-0.049065269,-0.051382076,0.2818438007273674
2002-09-05,57.44505692,-0.008488394,-0.036047965,-0.072793308,0.2600221771000968
2002-09-06,58.23447799682617,0.0137421933919774,-0.023225198,-0.069093804,0.2681102152432446
2002-09-09,58.66151047,0.007332984,-0.012203312,-0.041649562,0.2634650811400268
2002-09-10,59.33447266,0.011471954665968,0.038740911,-0.037371282,0.2696598902223452
2002-09-11,58.96562194824219,-0.006216466,0.017756821,-0.032179691,0.2666102192930609
2002-09-12,57.87858963012695,-0.018435018,0.007546911,-0.028773105,0.2603199572230655
2002-09-13,58.02092361450195,0.002459182,-0.003667147,-0.026807175,0.2612197417375837
2002-09-16,58.16330337524414,0.002453938,-0.008492913,-0.020592583,0.2622714916838076
2002-09-17,56.83039474487305,-0.02291666,-0.04220275,-0.005096812,0.2092570638447115
2002-09-18,56.26097106933594,-0.010019703,-0.045868267,-0.02892592,0.1966078496270071
2002-09-19,54.80510711669922,-0.025876979,-0.053102236,-0.045956083,0.2274936118200229
2002-09-20,54.82330703735352,0.000332084,-0.055111439,-0.058576484,0.2061804458343468
2002-09-23,54.37485885620117,-0.008179882,-0.065134618,-0.073074348,0.1924654331161528
2002-09-24,53.49740219116211,-0.016137176,-0.058648063,-0.098375703,0.1641049853364491
2002-09-25,54.82330703735352,0.0247844716170246,-0.025553488,-0.07024966,0.2411595023338134
2002-09-26,55.72023010253906,0.0163602510256164,0.016697768,-0.037291156,0.2582354104557208
2002-09-27,53.783390045166016,-0.034760087,-0.01896852,-0.073034576,0.2980118633720672
2002-09-30,53.15940856933594,-0.011601751,-0.022353167,-0.086031819,0.2933199514813434
2002-10-01,55.71371841430664,0.048050005,0.0414284831107307,-0.01964928,0.3960494673393517
2002-10-02,54.043357849121094,-0.029981136,-0.014226599,-0.039416547,0.4197511049473739
2002-10-03,53.49740219116211,-0.010102179,-0.039892655,-0.023861005,0.4035738756289297
2002-10-04,52.51596450805664,-0.01834552,-0.023565371,-0.042086891,0.4112110366684531
2002-10-07,51.430564880371094,-0.020667994,-0.032521876,-0.054148076,0.4194684127987442
2002-10-08,52.23651885986328,0.0156707199574195,-0.06241191,-0.023569057,0.426660688
2002-10-09,50.76115036010742,-0.028244005,-0.060732856,-0.074095433,0.4161574744564246
2002-10-10,52.405487060546875,0.0323936059126768,-0.02041062,-0.059489041,0.4482909415719799
2002-10-11,54.69981002807617,0.043780205,0.041584412,0.017039089,0.4783910275061754
2002-10-14,55.00526809692383,0.005584262,0.069505424,0.034723101,0.4723545843489631
2002-10-15,57.65058517456055,0.048092068,0.1036452358018298,0.034764629,0.4724649161230049
2002-10-16,56.25320053100586,-0.024238863,0.1081939658959063,0.040890181,0.4617199770044312
2002-10-17,57.37110900878906,0.0198727977649384,0.094753855,0.072409251,0.4598882713243338
2002-10-18,57.61159133911133,0.004191697,0.053232019,0.097030053,0.4379690767425455
2002-10-21,58.606014251708984,0.017260813,0.065461842,0.1395172187594708,0.4045832249469903
2002-10-22,58.183536529541016,-0.007208778,0.009244509,0.11384789414532,0.417152549
2002-10-23,58.62552261352539,0.007596411,0.042172215,0.1549289603885433,0.3568242296303477
2002-10-24,57.42961120605469,-0.02039916,0.001019715,0.095870193,0.3812406263398558
2002-10-25,58.62552261352539,0.020823951,0.0175994318304089,0.071768304,0.3383716799624147
2002-10-28,58.24205399,-0.006540984,-0.006210289,0.058845016,0.3453528659158721
2002-10-29,57.56610107421875,-0.011605925,-0.010611858,-0.001465451,0.2611058708346227
2002-10-30,58.12504959106445,0.009709682,-0.008536777,0.033275423,0.2262422876902043
2002-10-31,57.53356170654297,-0.010176127,0.001810051,0.002831612,0.2148715382912202
2002-11-01,58.67103195,0.019770552,0.000776272,0.0183893655455016,0.2358477664955599
2002-11-04,59.22996139526367,0.009526498,0.016962098,0.0106464695052435,0.2246964694709323
2002-11-05,59.69792556762695,0.007900802,0.037032636,0.0260277928846255,0.2217415385781957
2002-11-06,60.47137451171875,0.0129560438949527,0.0403668459151731,0.031485466,0.2266597387638751
2002-11-07,58.989479064941406,-0.024505734,0.025305532,0.027161386,0.2392192871995117
2002-11-08,58.26802062988281,-0.01223029,-0.006869,-0.00609806,0.2266490708604043
2002-11-11,57.36461639404297,-0.015504289,-0.031493267,-0.015065361,0.2375222522159813
2002-11-12,57.81959152,0.007931285,-0.031463975,0.004403467,0.2342796647026779
2002-11-13,57.87807083129883,0.00101141,-0.042884815,-0.004249093,0.2287486808379961
2002-11-14,58.96998596191406,0.018865783,-0.000330451,0.024966719,0.2399384686767501
2002-11-15,59.40544891357422,0.007384485,0.0195206267759862,0.0125175395290808,0.2225025974910764
2002-11-18,58.80749512,-0.010065639,0.0251527651337064,-0.007132645,0.2240347163038009
2002-11-19,58.72951889038086,-0.001325957,0.015737354,-0.016221781,0.21893223010213
2002-11-20,60.035911560058594,0.022244226,0.037282527,-0.007201142,0.2401032931908441
2002-11-21,61.153804779052734,0.0186204088510562,0.037032717,0.0366900292801133,0.2164054465861686
2002-11-22,60.71837234,-0.007120284,0.022101061,0.042053114016906,0.2072020483438128
2002-11-25,60.757362365722656,0.000642145,0.033156781,0.059143531,0.1779947845441953
2002-11-26,59.600440979003906,-0.019041666,0.014829376,0.030800104,0.2163914392553833
2002-11-27,61.27727890014648,0.0281346562810382,0.0206770798981881,0.058730501,0.2493173583654036
2002-11-29,61.08231735229492,-0.003181629,-0.001168978,0.035820449,0.2414924174279654
2002-12-02,61.17982482910156,0.001596329,0.007599882,0.029868908,0.2407189037415758
2002-12-03,60.360877990722656,-0.013385897,-0.006525701,0.0264147090509412,0.2462967634728798
2002-12-04,60.08787155151367,-0.004522904,0.008178305,0.0231289594533916,0.2482814508634121
2002-12-05,59.42497253417969,-0.01103216,-0.030228274,-0.010176226,0.2292729713124637
2002-12-06,59.81490707397461,0.006561796,-0.020749217,-0.02189394,0.207434310799213
2002-12-09,58.170555114746094,-0.027490671,-0.049187289,-0.041961224,0.24325453
2002-12-10,58.95050430297851,0.0134079722411779,-0.023365692,-0.029738915,0.2583042486388283
2002-12-11,59.00249099731445,0.00088187,-0.018063222,-0.010032644,0.2423004255610525
2002-12-12,58.995994567871094,-0.000110104,-0.007218816,-0.037228878,0.1813396229385448
2002-12-13,58.06654357910156,-0.015754476,-0.029229561,-0.049372288,0.1910058158144877
2002-12-16,59.56794738769531,0.025856607,0.0240223300292174,-0.026346552,0.2454708858992917
2002-12-17,59.047977447509766,-0.008729022,0.001653474,-0.021750852,0.2407881017657953
2002-12-18,58.36554336547851,-0.011557281,-0.010795267,-0.028663491,0.2453222885398111
2002-12-19,57.94954299926758,-0.007127499,-0.017737671,-0.024828443,0.2424178757675953
2002-12-20,58.77643203735352,0.0142691209505549,0.01222543,-0.017361475,0.2532469263217789
2002-12-23,58.79605484008789,0.000333855,-0.012958186,0.0107528581102234,0.2082231365963273
2002-12-24,58.35844039916992,-0.007442922,-0.011677573,-0.010043407,0.1999910443028001
2002-12-26,58.384544372558594,0.000447304,0.000325552,-0.010473229,0.1998921942163941
2002-12-27,57.07178497314453,-0.022484707,-0.015146936,-0.032615936,0.2268938496993374
2002-12-30,57.54853439331055,0.008353505,-0.020890986,-0.008920958,0.2218181985982769
2002-12-31,57.626930236816406,0.001362256,-0.019884406,-0.032584926,0.1665745780940443
2003-01-02,59.481781005859375,0.032187222,0.019248983,0.007346629,0.2395799049619771
2003-01-03,59.664703369140625,0.003075267,0.0219263335928971,0.022259024,0.2294348989343506
2003-01-06,60.71626663208008,0.0176245452262373,0.063857853,0.0477436661208436,0.2345540275868582
2003-01-07,60.56606674194336,-0.0024738,0.052434565,0.0304481684674648,0.2305987162900366
2003-01-08,59.690826416015625,-0.014451002,0.0358147860855626,0.0152182247322769,0.2469272651281032
2003-01-09,60.618282318115234,0.0155376622805605,0.0191067128965742,0.03872348,0.2502368631144233
2003-01-10,60.78157806396485,0.002693837,0.018719186248429,0.0410559629635969,0.2496178239032474
2003-01-13,60.761993408203125,-0.000322214,0.000753122,0.064659068,0.2040580930927914
2003-01-14,60.95796203613281,0.003225184,0.006470542,0.0592443869989949,0.204278205342237
2003-01-15,60.35050201416016,-0.009965229,0.0110515407099061,0.047262135,0.2186485614175753
2003-01-16,60.10230255126953,-0.004112633,-0.00851195,0.0104321278703647,0.1586305174586282
2003-01-17,59.21406936645508,-0.014778688,-0.025789207,-0.007552774,0.1766486262066005
2003-01-21,58.293121337890625,-0.015552858,-0.040631848,-0.039909326,0.1577765231840893
2003-01-22,57.58770751953125,-0.01210115,-0.055288176,-0.049175378,0.162466993439379
2003-01-23,57.94041824,0.006124757,-0.039934776,-0.029324576,0.1617234476782931
2003-01-24,56.41859817504883,-0.026265259,-0.06129057,-0.069280817,0.1642265013363505
2003-01-27,55.64788055419922,-0.013660701,-0.060225363,-0.084461405,0.157276560111943
2003-01-28,56.059364318847656,0.007394419,-0.038319393,-0.077394253,0.1728422874636384
2003-01-29,56.48388672,0.007572729,-0.019167646,-0.073396078,0.1818685850384053
2003-01-30,55.14497756958008,-0.023704267,-0.048246816,-0.086254866,0.1992565253297788
2003-01-31,56.209598541259766,0.019305856,-0.003704446,-0.064767968,0.2445665160822096
2003-02-03,56.320594787597656,0.001974685,0.0120887664848841,-0.048864647,0.2432719366588444
2003-02-04,55.76546478271485,-0.009856608,-0.005242648,-0.043361146,0.2379032091659172
2003-02-05,55.419246673583984,-0.006208468,-0.018848562,-0.037654926,0.2343198320413191
2003-02-06,55.15802764892578,-0.004713507,0.00023665,-0.048021583,0.2277790934964394
2003-02-07,54.48528289794922,-0.012196679,-0.030676534,-0.03426734,0.1999312838812476
2003-02-10,54.87065505981445,0.007072959,-0.025744397,-0.013966848,0.1972379540476725
2003-02-11,54.49183273,-0.006903915,-0.022839082,-0.027961994,0.192521018
2003-02-12,53.62316131591797,-0.015941314,-0.032409054,-0.050646752,0.1933498079462593
2003-02-13,53.78643035888672,0.003044749,-0.024866685,-0.024635919,0.1660496400230687
2003-02-14,54.96207809448242,0.0218577014267589,0.008750899,-0.022194082,0.1756259011116708
2003-02-18,55.92873764038086,0.0175877546739899,0.0192832139403655,-0.006957617,0.2015592667999309
2003-02-19,55.63481521606445,-0.005255302,0.020975299,-0.00234284,0.1969292374536053
2003-02-20,55.07965087890625,-0.009978722,0.0271615758423389,-0.006127759,0.2010353040974092
2003-02-21,55.63481521606445,0.0100793002188548,0.034365264,0.008644029,0.2060934074275796
2003-02-24,54.73347854614258,-0.016200947,-0.004159223,0.004555279,0.214064379471224
2003-02-25,55.17108917236328,0.007995301,-0.013546676,0.005475315,0.2149014339962101
2003-02-26,54.36770248413086,-0.014561733,-0.022775536,-0.002277961,0.2255893991025424
2003-02-27,55.08615493774414,0.013214692,0.000118085,0.027282868,0.2156586550623639
2003-02-28,55.451934814453125,0.006640142,-0.003287158,0.0309651420340302,0.2165365179727294
2003-03-03,54.92289733886719,-0.009540469,0.003460748,-0.000712869,0.1970183661449447
2003-03-04,54.04767990112305,-0.015935384,-0.020362282,-0.033633116,0.1847020527321833
2003-03-05,54.50489044189453,0.008459393,0.002523336,-0.020309671,0.1933773105923746
2003-03-06,54.04767990112305,-0.008388432,-0.018851834,-0.018735975,0.1916935904808835
2003-03-07,54.41997528076172,0.006888277,-0.018609982,-0.021835966,0.1867511190591385
2003-03-10,53.11370086669922,-0.024003583,-0.03294066,-0.029593911,0.206283321635404
2003-03-11,52.591182708740234,-0.009837728,-0.026948376,-0.046761927,0.1991559660796125
2003-03-12,52.943870544433594,0.006706216,-0.028639997,-0.02618893,0.198302927935805
2003-03-13,54.77267074584961,0.034542246,0.013413912420531,-0.005690798,0.2639138972861443
2003-03-14,54.94902420043945,0.003219734,0.009721594,-0.009069307,0.2618928914796741
2003-03-17,56.67985153198242,0.031498782,0.067141822,0.0319894666567761,0.3015253926352843
2003-03-18,57.012943267822266,0.005876722,0.084077983,0.0548638419285338,0.2817677321213863
2003-03-19,57.45057297,0.007675971,0.08512227,0.0540443710968474,0.2815644148199967
2003-03-20,57.57464599609375,0.002159648,0.051156447,0.065256568,0.2718953340674045
2003-03-21,58.803585052490234,0.021345143,0.07014794,0.080551484,0.2820113470706995
2003-03-24,56.849369049072266,-0.03323294,0.00299079,0.070333419,0.3133298614123365
2003-03-25,57.39367676,0.00957456,0.006678019,0.091317476,0.2989528741638377
2003-03-26,57.10511398,-0.00502778,-0.006013151,0.078597265,0.3070962780919741
2003-03-27,57.15101242,0.000803754,-0.007357988,0.0434220504937656,0.2690684012966246
2003-03-28,56.86248779296875,-0.00504846,-0.033009846,0.034822522,0.2732436859070311
2003-03-31,55.57058334350586,-0.022719802,-0.022494281,-0.019570767,0.2528245613815167
2003-04-01,56.423099517822266,0.0153411413561495,-0.016910874,-0.010345787,0.2650994416953999
2003-04-02,57.78712844848633,0.024175009,0.011943141651608,0.005858174,0.2916731838317648
2003-04-03,57.51169967651367,-0.004766265,0.006311126,-0.001093299,0.2927973387088745
2003-04-04,57.85269927978515,0.005929221,0.017414143,-0.016170541,0.2707957827334694
2003-04-07,57.74122619628906,-0.001926843,0.039061005,0.0156880746811269,0.2058903734744975
2003-04-08,57.83304214477539,0.001590128,0.0249887482077755,0.007655293,0.2011136053919171
2003-04-09,57.07233047485352,-0.013153582,-0.012369502,-0.000574091,0.2116091620784474
2003-04-10,57.387115478515625,0.005515545,-0.002166241,0.004131214,0.2134105489133645
2003-04-11,57.15101242,-0.004114217,-0.012128853,0.005074077,0.212781835
2003-04-14,58.33143615722656,0.0206544676388911,0.0102216388500497,0.049681912,0.1899321103876248
2003-04-15,58.87569808959961,0.009330508,0.018028724,0.043467987,0.1829710833951676
2003-04-16,57.87236404418945,-0.017041565,0.014017889,0.001474993,0.1745516088761002
2003-04-17,58.73145676,0.014844611,0.023425838,0.0212088511892172,0.1862899214466701
2003-04-21,58.790489196777344,0.001005125,0.0286867494849583,0.01620996,0.1851387895736245
2003-04-22,59.89873504638672,0.0188507676114069,0.026868855,0.0373651373935719,0.2024101326199562
2003-04-23,60.44959259033203,0.00919648,0.026732498,0.0452431749830233,0.2037366289444171
2003-04-24,59.91184616088867,-0.008895783,0.035241037,0.04975293,0.1943041336840377
2003-04-25,59.17081069946289,-0.012368764,0.007480726,0.0310818065357378,0.2126792033567169
2003-04-28,60.19388198852539,0.017290135,0.023871085,0.053242619,0.2192603947716532
2003-04-29,60.40370559692383,0.003485796,0.008430404,0.0355257743716728,0.2018112606734112
2003-04-30,60.27253723144531,-0.002171528,-0.002928975,0.0237252242804821,0.2008757528489793
2003-05-01,60.26597213745117,-0.000108923,0.005910784,0.0413601229670528,0.1706537961735633
2003-05-02,61.125038146972656,0.0142545781483816,0.033026883,0.0407546742847002,0.1696375323854768
2003-05-05,61.00700759887695,-0.001930969,0.0135084427767353,0.037701989,0.1717422421551159
2003-05-06,61.58405685424805,0.009458737,0.0195410404984215,0.0281361836198408,0.1542120123008239
2003-05-07,61.243064880371094,-0.005537017,0.016102319,0.0131261809391576,0.1548915227944725
2003-05-08,60.626651763916016,-0.010065027,0.005984797,0.0119309560434472,0.1571513616837123
2003-05-09,61.46605682373047,0.0138454794284723,0.005579034,0.038790175,0.1484913081178286
2003-05-12,62.22016143798828,0.012268635,0.0198854834363924,0.033662548,0.1375000966092698
2003-05-13,62.108699798583984,-0.001791407,0.008519136,0.028226649,0.1398854180774401
2003-05-14,61.97755813598633,-0.002111486,0.0119930845565934,0.02828852049141,0.1398257133265242
2003-05-15,62.371036529541016,0.006348724,0.0287725730330241,0.034929568,0.1397853069533574
2003-05-16,62.21363449,-0.00252364,0.0121624471434729,0.0178093360265338,0.1284708298005291
2003-05-19,60.7578125,-0.023400369,-0.023502815,-0.004084696,0.1805587089028159
2003-05-20,60.63319396972656,-0.00205107,-0.02375683,-0.015440082,0.1720963252535776
2003-05-21,60.7578125,0.002055286,-0.01968044,-0.007923385,0.1713302843469462
2003-05-22,61.36113739013672,0.009929997,-0.016191797,0.0121148967467448,0.170265688152275
2003-05-23,61.48571014404297,0.002030157,-0.011700399,0.000319743,0.1554963409665372
2003-05-27,62.56120300292969,0.0174917530653408,0.029681623,0.005481207,0.1686209467758905
2003-05-28,62.73826599121094,0.002830236,0.0347181450235891,0.0101365218507005,0.1683832865839904
2003-05-29,62.57431411743164,-0.002613268,0.0298974163599394,0.009628582,0.1686665141531696
2003-05-30,63.57764816,0.016034279553224,0.036122387,0.019345704,0.183597930649136
2003-06-02,63.839962005615234,0.004125882,0.0382894148259318,0.026141014,0.1820605159746854
2003-06-03,64.10225677490234,0.00410863,0.0246327387902129,0.055045502,0.1099802236019361
2003-06-04,65.02693939208984,0.0144251179866343,0.0364797044470359,0.072464357,0.1098502217293102
2003-06-05,65.34825897216797,0.00494133,0.044330408,0.075553189,0.1071030078739497
2003-06-06,65.09249114990234,-0.003913919,0.02382666,0.060809723,0.1195214742181093
2003-06-09,64.43016815185547,-0.010175106,0.009245089,0.047888493,0.1439300499182494
2003-06-10,65.0859375,0.0101779859800916,0.015345493,0.040356233,0.1297503298795742
2003-06-11,65.77452850341797,0.0105797201341375,0.0114966061499592,0.0483957033914896,0.133579306
2003-06-12,65.97779846191406,0.003090405,0.009633608,0.054391077,0.1276921119087921
2003-06-13,65.28920746,-0.010436708,0.003022104,0.026920771,0.1345714321549631
2003-06-16,66.66633605957031,0.02109274495252,0.034706846,0.044272803,0.1634808365084206
2003-06-17,66.66633605957031,0.0,0.024281721,0.0399998286124596,0.164972404254068
2003-06-18,66.60732269,-0.000885205,0.0126613479169197,0.024303517,0.1554539474702777
2003-06-19,65.59087371826172,-0.015260319,-0.005864469,0.003712643,0.1778441486148927
2003-06-20,65.44610595703125,-0.002207133,0.002403131,0.005432498,0.1768814584300081
2003-06-23,64.77479553222656,-0.010257454,-0.028373249,0.005348851,0.1770223139321265
2003-06-24,64.84062194824219,0.001016235,-0.027385847,-0.003769102,0.1689160439010464
2003-06-25,64.18904113769531,-0.01004896,-0.036306542,-0.024104884,0.1632698814323271
2003-06-26,65.02487946,0.0130215111965621,-0.008629162,-0.014443025,0.1794160909764948
2003-06-27,64.27463531,-0.011537801,-0.017899776,-0.015539661,0.1810472728110598
2003-06-30,64.25485229492188,-0.000307789,-0.008026938,-0.036172436,0.1312840682718234
2003-07-01,64.84718322753906,0.009218462,0.000101191,-0.027287428,0.1458065480693144
2003-07-02,65.66328430175781,0.0125849887936562,0.0229672096347415,-0.014173192,0.1649839054663926
2003-07-03,64.98541259765625,-0.010323451,-0.00060695,-0.009230874,0.1549059794373977
2003-07-07,66.27534484863281,0.0198495662243911,0.0311275128032708,0.0126705612117854,0.1860684884755444
2003-07-08,66.57151794433594,0.004468828,0.03605433,0.0277379866249902,0.1747500425933893
2003-07-09,66.19640350341797,-0.005634759,0.0208061508415051,0.020909447,0.1797623856671813
2003-07-10,65.35394287109375,-0.012726683,-0.004711026,0.018147985,0.1852601646872461
2003-07-11,65.97261810302734,0.009466533,0.0151911862356428,0.0145750158308028,0.1800501014508143
2003-07-14,66.29513549804688,0.004888655,0.000298613,0.03143542,0.1649822956274485
2003-07-15,66.15029144,-0.002184837,-0.006327428,0.029498771,0.1663467617913951
2003-07-16,65.76200103759766,-0.005869822,-0.006562327,0.0141072867706317,0.167692432
2003-07-17,64.82742309570312,-0.014211519,-0.008056435,-0.012729507,0.1717827806876466
2003-07-18,65.49216461,0.0102540172718563,-0.00728262,0.007797935,0.1723324979856439
2003-07-21,64.68265533447266,-0.012360399,-0.024322752,-0.024031403,0.1467526262707319
2003-07-22,65.26837921142578,0.009055347,-0.013331948,-0.019575019,0.1543643645413768
2003-07-23,65.31446075439453,0.000706032,-0.006805454,-0.013323122,0.1533847139016048
2003-07-24,64.82085418701172,-0.007557386,-0.000101329,-0.008156948,0.1445404808910637
2003-07-25,65.96603393554688,0.0176668413722418,0.007235512,-9.98e-05,0.16520449606554
2003-07-28,65.72249603271484,-0.003691868,0.0160760360387988,-0.00863773,0.1637602916116875
2003-07-29,65.41976928710938,-0.004606136,0.002319501,-0.01104337,0.1647735467677877
2003-07-30,65.26182556152344,-0.002414312,-0.000805873,-0.007605843,0.1628519884054333
2003-07-31,65.41317749023438,0.002319149,0.009137851,0.009035596,0.1446164000239589
2003-08-01,64.83399963378906,-0.008854146,-0.017160866,-0.010049522,0.1419343936149516
2003-08-04,64.83399963378906,0.0,-0.013518908,0.002339797,0.126939884
2003-08-05,63.45846939086914,-0.021216187,-0.029980233,-0.027730271,0.1558852611179119
2003-08-06,63.827056884765625,0.005808326,-0.021984808,-0.022772964,0.1610837435387635
2003-08-07,64.49835205078125,0.010517407487981,-0.013985339,-0.004975284,0.1697448643150969
2003-08-08,64.68265533447266,0.002857488,-0.002334335,-0.019455143,0.1389884522866504
2003-08-11,64.92613983154297,0.003764293,0.001421171,-0.01211695,0.1413587088302029
2003-08-12,65.51850891113281,0.009123738,0.032462799,0.001509324,0.1486617414063589
2003-08-13,65.18284606933594,-0.005123176,0.0212416058446509,-0.001210194,0.1506000716388049
2003-08-14,65.36053466796875,0.002726002,0.0133675138941329,-0.000804774,0.1507952971973757
2003-08-15,65.56455993652344,0.003121536,0.0136343289787728,0.0112681664999985,0.1429754334074643
2003-08-18,66.13055419921875,0.008632625,0.0185505309695102,0.019998065,0.1475132316197671
2003-08-19,66.38066864013672,0.003782131,0.013159025,0.046049003,0.07055405
2003-08-20,66.11078643798828,-0.004065675,0.01423596,0.03577996,0.08199373
2003-08-21,66.32143402,0.003186282,0.0147015222245152,0.028265559,0.072181837
2003-08-22,65.66328430175781,-0.009923635,0.001505758,0.0151606170497229,0.09636413
2003-08-25,65.76861572265625,0.001604114,-0.00547309,0.0129759122180861,0.095563789
2003-08-26,65.88705444335938,0.001800839,-0.007436114,0.00562506,0.085311368
2003-08-27,65.90679168701172,0.000299562,-0.00308565,0.0111063824507711,0.079302905
2003-08-28,66.31485748291016,0.006191559,-9.92e-05,0.0146009028198645,0.083090231
2003-08-29,66.76239013671875,0.006748603,0.0167385144780447,0.0182694767013611,0.087019517
2003-09-02,67.65744018554688,0.013406501,0.0287192370120077,0.0230889640169711,0.099832163
2003-09-03,68.02601623535156,0.005447679,0.032464068,0.0247865474831929,0.1008678530496444
2003-09-04,68.05892181396484,0.000483721,0.032654148,0.029467738639048,0.095031183
2003-09-05,67.67723846435547,-0.005608131,0.0205441289200751,0.0204429301533219,0.1041682460512795
2003-09-08,68.23661041259766,0.008265289,0.022081598,0.039189726,0.083648208
2003-09-09,67.78909301757812,-0.006558318,0.001945874,0.0307209946981725,0.098534022
2003-09-10,67.10462951660156,-0.010096956,-0.013544623,0.018479731,0.1187727989723797
2003-09-11,67.30202484,0.002941605,-0.011121201,0.021169793,0.118542452790968
2003-09-12,67.42710876464844,0.001858546,-0.003695921,0.0167722788520643,0.1163529435979127
2003-09-15,67.19013977050781,-0.003514447,-0.015335912,0.006407045,0.1152576883423179
2003-09-16,68.17082214355469,0.0145956293050804,0.005631129,0.00758796,0.119031941362413
2003-09-17,68.03918457,-0.001930996,0.0139268342652831,0.000193578,0.116672640152948
2003-09-18,68.84214782714844,0.011801483,0.0228837540842388,0.0115080579049502,0.1308409970082687
2003-09-19,68.49195861816406,-0.005086843,0.0157926073507383,0.0120383185291712,0.1301083763198382
2003-09-22,67.75200653076172,-0.010803489,0.00836234,-0.007101816,0.1362940035148351
2003-09-23,68.00963592529297,0.003802535,-0.002364446,0.003253369,0.1336794688764969
2003-09-24,66.80063629,-0.017776887,-0.018203456,-0.004530138,0.1544422263684899
2003-09-25,66.25229645,-0.008208602,-0.037620142,-0.015597278,0.157771545
2003-09-26,66.03427124023438,-0.003290832,-0.03588286,-0.020656937,0.1567928322487689
2003-09-29,66.68170928955078,0.009804576,-0.015797277,-0.00756704,0.167199194774361
2003-09-30,66.03427124023438,-0.00970938,-0.029045365,-0.031341134,0.1483602211409772
2003-10-01,67.44150543,0.0213106643787281,0.009593758,-0.008784337,0.1928639793042127
2003-10-02,67.68595886230469,0.003624673,0.0216394372937904,-0.016794783,0.1819449848911258
2003-10-03,68.30699157714844,0.009175207,0.034417285,-0.002700566,0.1883390548546549
2003-10-06,68.61749267578125,0.004545671,0.0290302004380953,0.012774324914297,0.1797234691922019
2003-10-07,68.88176727294922,0.003851417,0.043121488,0.0128236438232702,0.1797424825052729
2003-10-08,68.71000671386719,-0.002493556,0.0188089111239495,0.028583117,0.1477781006158134
2003-10-09,68.89496612548828,0.002691885,0.0178620098393391,0.039887970974989,0.1344450423086803
2003-10-10,69.08657074,0.002781112,0.0114128750893263,0.0462229603232444,0.1286161440960304
2003-10-13,69.30461883544922,0.003156157,0.0100138628339956,0.039334768,0.1253104692837937
2003-10-14,69.54904174804688,0.003526791,0.009687244,0.05322646,0.1001745534859103
2003-10-15,69.36406707763672,-0.002659629,0.009519143,0.0285070986062525,0.053954809
2003-10-16,69.64154052734375,0.004000248,0.0108364143832457,0.028891984,0.054144257
2003-10-17,68.88176727294922,-0.010909771,-0.002964447,0.008414595,0.077405283
2003-10-20,69.39707946777344,0.007481112,0.001334119,0.0113613418618447,0.082561446
2003-10-21,69.27820587158203,-0.001712948,-0.003894171,0.005755349,0.082173913
2003-10-22,68.40607452392578,-0.012588827,-0.013811078,-0.004423405,0.1051753663100967
2003-10-23,68.28054809570312,-0.001835019,-0.019542825,-0.008918185,0.1038678761512032
2003-10-24,68.43254089355469,0.002226004,-0.006521702,-0.009466816,0.1033567291178127
2003-10-27,68.46552276611328,0.000481962,-0.013423572,-0.012107361,0.101245576
2003-10-28,69.39707946777344,0.0136062161511929,0.001715887,-0.002184966,0.1244119068996978
2003-10-29,69.48959350585938,0.001333111,0.015839514,0.001809675,0.1238067268000989
2003-10-30,69.63494873046875,0.002091755,0.019835819608057,-9.47e-05,0.1225341434778851
2003-10-31,69.56882477,-0.00094958,0.0166044378840057,0.009974446,0.1068632740384251
2003-11-03,70.02473449707031,0.006553363,0.022773677,0.009044401,0.1053822809739264
2003-11-04,69.87281799316406,-0.002169469,0.00685531,0.008582961,0.1057260816516479
2003-11-05,69.92560577392578,0.000755484,0.006274497,0.022213396,0.07486089
2003-11-06,70.29561614990234,0.005291486,0.009487584,0.0295115975251818,0.072594284
2003-11-07,69.77367401123047,-0.00742496,0.002944555,0.0195978857450562,0.08940502
2003-11-10,69.48959350585938,-0.004071457,-0.007642171,0.014957466,0.094296611
2003-11-11,69.46979522705078,-0.00028491,-0.005767948,0.001047822,0.06586582
2003-11-12,70.24932861328125,0.0112211844540881,0.004629532,0.0109330774450107,0.086476079
2003-11-13,70.26918793,0.000282698,-0.000375958,0.009108059,0.086372697
2003-11-14,69.67456055,-0.008462135,-0.001420499,0.001519873,0.098332051
2003-11-17,69.32440185546875,-0.005025632,-0.002377214,-0.010001218,0.094382975
2003-11-18,68.60425567626953,-0.010388062,-0.012459221,-0.018155305,0.1056110436951295
2003-11-19,69.18566131591797,0.008474775,-0.015141316,-0.010581881,0.1173225347677508
2003-11-20,68.56463623046875,-0.008976211,-0.024257455,-0.024624294,0.1176295331171739
2003-11-21,68.84871673583984,0.004143251,-0.011852874,-0.013256537,0.1183055542666499
2003-11-24,69.76045989990234,0.013242704,0.006290109,0.003897942,0.1373749099291391
2003-11-25,70.02473449707031,0.003788315,0.020705404,0.007988209,0.1383059716458646
2003-11-26,70.27581024169922,0.003585529,0.015756862,0.000376966,0.1271006886968141
2003-11-28,70.32864379882812,0.000751803,0.0257276588244406,0.000846116,0.127144837
2003-12-01,71.08840179,0.0108029666799593,0.0325305272890854,0.0202920726942712,0.1275418607026479
2003-12-02,70.91001892089844,-0.002509311,0.016478662,0.022872423,0.1242209761521469
2003-12-03,70.79768371582031,-0.001584194,0.0110382313378474,0.031972186,0.1055120024134905
2003-12-04,71.08840179,0.004106322,0.0115628912699781,0.027501948,0.1015698726784666
2003-12-05,70.59290313720703,-0.006970176,0.003757492,0.029581822616554,0.095405563
2003-12-08,71.06860352,0.006738643,-0.000278502,0.032242965,0.097198122
2003-12-09,70.52024078,-0.007715963,-0.005496799,0.0108912826102243,0.093404678
2003-12-10,70.51361846923828,-9.39e-05,-0.004012352,0.00698159,0.092301982
2003-12-11,71.30641937,0.0112432310315513,0.003066852,0.0146652045321826,0.1059717345690386
2003-12-12,71.44517517089844,0.001945909,0.0120730554463088,0.0158759121712073,0.1059124683738984
2003-12-15,71.08840179,-0.004993666,0.00027858,0.0,0.096754439
2003-12-16,71.45841217041016,0.005204933,0.0133035760555104,0.00773365,0.098842483
2003-12-17,71.68305206298828,0.003143645,0.0165845069241505,0.0125056117756876,0.098514105
2003-12-18,72.48902130126953,0.011243512,0.016584789127219,0.019702504,0.1101179852816528
2003-12-19,72.28723907470703,-0.002783625,0.0117861549334068,0.024001505,0.1023258421857283
2003-12-22,72.79174805,0.006979226,0.0239609586014744,0.024246213,0.1026186151823486
2003-12-23,72.83821105957031,0.000638301,0.0193091176707045,0.032869574,0.08688288
2003-12-24,72.76519775390625,-0.001002404,0.015096255806283,0.0319311266893815,0.087975555
2003-12-26,72.81826782226562,0.000729333,0.004542019,0.0212021366801211,0.075942408
2003-12-29,73.78742980957031,0.0133093249302524,0.0207531890007981,0.0327839442351305,0.094427259
2003-12-30,73.80068207,0.0001796,0.013860554912713,0.038153626,0.084874159
2003-12-31,73.86708068847656,0.000899702,0.01412541,0.0337072773506685,0.085576579
2004-01-02,73.83385467529297,-0.000449808,0.0146863741785041,0.0300043392462525,0.087675503
2004-01-05,74.63710021972656,0.0108790953413731,0.024977694,0.029633162096774,0.086727091
2004-01-06,74.7101059,0.000978142,0.012504516,0.033517213,0.081687855
2004-01-07,74.96232604980469,0.003375984,0.0157402878860291,0.0298190119233283,0.079123458
2004-01-08,75.26105499267578,0.003985054,0.0188713875139874,0.0332633640758139,0.07815899
2004-01-09,74.60391235351562,-0.00873151,0.0104296014559881,0.0252691486640077,0.097321333
2004-01-12,75.15484619140625,0.007384785,0.006936845,0.0320878048739601,0.099609066
2004-01-13,74.71672058105469,-0.005829639,8.853802279173983e-05,0.0125941610093029,0.091090109
2004-01-14,75.34068298339844,0.008351041,0.005047294,0.0208670282221927,0.097377689
2004-01-15,75.52657318115234,0.002467328,0.003527963,0.0224659276799423,0.097161469
2004-01-16,75.82528686523438,0.003955081,0.016371454,0.0269718030935719,0.096257698
2004-01-20,75.80532836914062,-0.000263217,0.008655226,0.0156521106256122,0.085317793
2004-01-21,76.40278625488281,0.007881476,0.0225661091749742,0.022656645,0.090842144
2004-01-22,76.20362854003906,-0.002606681,0.0114539120494936,0.016559018,0.093699424
2004-01-23,75.95803833007812,-0.003222815,0.00571276,0.009260877,0.095655984
2004-01-26,76.91390228271484,0.012584105,0.0143568915131873,0.0309633885988871,0.095167639
2004-01-27,76.12398529052734,-0.010270146,0.004203622,0.0128952309562695,0.1124537831683848
2004-01-28,75.25439453,-0.011423348,-0.015030757,0.007196166,0.1251764809579263
2004-01-29,75.32743835449219,0.000970625,-0.011498011,-0.000175797,0.1178911527852593
2004-01-30,75.32743835449219,0.0,-0.008301952,-0.002636619,0.1170974933384979
2004-02-02,75.65269470214844,0.0043179,-0.016397654,-0.002276182,0.1174749551039633
2004-02-03,75.52657318115234,-0.001667112,-0.007847883,-0.003677251,0.1177062017546054
2004-02-04,74.90924072265625,-0.008173712,-0.004586494,-0.019548312,0.1138219781703696
2004-02-05,75.12828826904297,0.002924173,-0.002643792,-0.014111405,0.1162869462053692
2004-02-06,75.97131348,0.0112211422214301,0.008547684,0.000174769,0.1315388272091094
2004-02-09,75.99123383,0.000262209,0.004474912,-0.011996121,0.1117075037708607
2004-02-10,76.23680877685547,0.003231622,0.009403784,0.001482102,0.1010064981464416
2004-02-11,77.04665375,0.0106227553815052,0.028533369238328,0.0238160073902973,0.090232233
2004-02-12,76.76785278320312,-0.003618599,0.021823531,0.0191220418505713,0.095039328
2004-02-13,76.42268371582031,-0.004496271,0.005941325,0.0145397930057555,0.1001167453507453
2004-02-17,77.11300659179688,0.009032958,0.0147618706742742,0.01930284,0.1064780537933045
2004-02-18,76.77446746826172,-0.004390169,0.007052482,0.0165225858204405,0.109879752491947
2004-02-19,76.48907470703125,-0.003717287,-0.007236901,0.0210899746030557,0.1005958447864603
2004-02-20,76.25675201416016,-0.003037332,-0.006657745,0.0150204905650987,0.1036455325424509
2004-02-23,76.06420898,-0.002524931,-0.004690685,0.001222771,0.089607229
2004-02-24,75.93145751953125,-0.001745255,-0.015322306,-0.000786621,0.090093711
2004-02-25,76.25009918,0.004196438,-0.006829983,0.000174331,0.091205316
2004-02-26,76.29658508300781,0.00060965,-0.002516564,-0.009735253,0.070046791
2004-02-27,76.34966278076172,0.000695676,0.001218394,-0.005447463,0.068814806
2004-03-01,77.10640716552734,0.009911562,0.0137015581318467,0.008946604,0.082296228
2004-03-02,76.65503692626953,-0.005853862,0.009529376,-0.005938942,0.074698733
2004-03-03,76.79441071,0.001818195,0.007138502,0.000259764,0.072308081
2004-03-04,76.99356079101562,0.002593289,0.009135084,0.006595531,0.070041969
2004-03-05,77.25243377685547,0.003362268,0.0118241648124375,0.0130569652705694,0.067901592
2004-03-08,76.30984497070312,-0.012201412,-0.010330687,0.003229324,0.095111991
2004-03-09,76.00447845458984,-0.004001666,-0.008486833,0.000961669,0.09714893
2004-03-10,74.72999572753906,-0.016768521,-0.02688236,-0.019935757,0.1253792825643865
2004-03-11,73.76084899902344,-0.012968644,-0.041986781,-0.03323525,0.1356256347496127
2004-03-12,74.72999572753906,0.0131390397706574,-0.032651891,-0.021213808,0.1584591441734423
2004-03-15,73.81397247314453,-0.012257772,-0.032707084,-0.042699885,0.1502870237247247
2004-03-16,74.20559692382812,0.00530556,-0.023668099,-0.031954065,0.1573596330931865
2004-03-17,75.03534698486328,0.0111817719340887,0.00408606,-0.022906143,0.1720516778186123
2004-03-18,75.05522918701172,0.000264971,0.0175483363539568,-0.025175243,0.1706029922933634
2004-03-19,73.97949219,-0.014332606,-0.010042869,-0.042366841,0.1766132166931908
2004-03-22,73.04029083251953,-0.012695429,-0.010481507,-0.042845771,0.1772511442546734
2004-03-23,72.91368103027344,-0.001733424,-0.017409952,-0.040665991,0.1777279047762368
2004-03-24,72.9736557,0.000822543,-0.027476268,-0.023502477,0.1639883743251762
2004-03-25,73.93952178955078,0.0132358188663164,-0.014865152,0.002422326,0.1690587885899536
2004-03-26,73.95948791503906,0.000270033,-0.000270403,-0.010310556,0.153286106992208
2004-03-29,74.99861907958984,0.0140500048586664,0.0268116162291951,0.016049083,0.1560228295377343
2004-03-30,75.25180053710938,0.003375815,0.032066952,0.014098716,0.1550500315918004
2004-03-31,75.33837127685547,0.001150414,0.032405058,0.004038421,0.1452792523360828
2004-04-01,75.79135895,0.006012709,0.0250452953086968,0.009807841,0.1479255941328549
2004-04-02,76.36423492,0.007558592,0.032514382,0.032235187,0.1230568189846951
2004-04-05,76.78384399414062,0.005494838,0.0238034371360393,0.051253262,0.085349579
2004-04-06,76.53738403320312,-0.003209789,0.017083757,0.049698533,0.088871456
2004-04-07,76.35754395,-0.002349703,0.0135279360461848,0.046371368,0.09419036
2004-04-08,76.18434906,-0.002268209,0.005185157,0.0303603163257819,0.085998401
2004-04-12,76.48412322998047,0.003934852,0.001569954,0.034135381,0.084688691
2004-04-13,75.41166687011719,-0.014021947,-0.017870649,0.005507405,0.1012380780943941
2004-04-14,75.53154754638672,0.001589683,-0.013141767,0.003717479,0.1002430634316096
2004-04-15,75.24512481689453,-0.003792094,-0.014568556,-0.001237702,0.1022426643346127
2004-04-16,75.82462310791016,0.007701473,-0.004721783,0.000438891,0.1053755077724781
2004-04-19,75.82462310791016,0.0,-0.008622706,-0.00706629,0.096805551
2004-04-20,74.55237579345703,-0.016778815,-0.01139467,-0.029061689,0.1189803412361332
2004-04-21,75.05194854736328,0.006700964,-0.006349651,-0.019407973,0.128337077766586
2004-04-22,76.10441589355469,0.0140231848281358,0.0114198903749738,-0.003315037,0.1511274380468884
2004-04-23,76.17769622802734,0.000962892,0.004656444,-8.73e-05,0.1508139509950777
2004-04-26,76.07112884521484,-0.001398932,0.003250999,-0.00539974,0.1493185329970606
2004-04-27,76.13774108886719,0.000875657,0.021265121,0.009628142,0.1288763451389148
2004-04-28,75.15188598632812,-0.01294831,0.001331577,-0.00502653,0.1464434847591514
2004-04-29,74.49240875,-0.008775259,-0.021181519,-0.010003519,0.1516568408407015
2004-04-30,73.91284942626953,-0.007780113,-0.029731101,-0.025213098,0.1467217553757288
2004-05-03,74.70555877685547,0.0107249193711127,-0.017951227,-0.014758587,0.1610419052994303
2004-05-04,74.64560699,-0.000802508,-0.019597825,0.001250546,0.136538724
2004-05-05,75.12521362304688,0.006425115,-0.000354913,0.000976192,0.1361751522183298
2004-05-06,74.47902679,-0.008601464,-0.000179642,-0.021357356,0.117649333923939
2004-05-07,73.24677276611328,-0.01654498,-0.009011649,-0.038474824,0.1361309962406085
2004-05-10,72.49403381347656,-0.010276752,-0.029603218,-0.047023031,0.1388633667436122
2004-05-11,73.10688781738281,0.008453854,-0.02061366,-0.039807502,0.1520733459752707
2004-05-12,73.57310485839844,0.006377197,-0.020660291,-0.021007871,0.1512195241962805
2004-05-13,73.26672363,-0.00416431,-0.016277108,-0.016453826,0.1472219887272352
2004-05-14,73.30000305175781,0.000454223,0.000726725,-0.008291473,0.1433244857391757
2004-05-17,72.67389678955078,-0.008541695,0.002481073,-0.027195593,0.1321609262590576
2004-05-18,73.04029083251953,0.005041618,-0.000910954,-0.021505836,0.1376786978586893
2004-05-19,72.78709411621094,-0.003466535,-0.010683398,-0.031122966,0.129142865605759
2004-05-20,73.02025604248047,0.003203342,-0.003363977,-0.019586329,0.1287264960596233
2004-05-21,73.14685821533203,0.001733795,-0.002089288,-0.001364081,0.1002342491453564
2004-05-24,73.45326232910156,0.00418889,0.0107241468254779,0.0132318270230766,0.084209209
2004-05-25,74.50576019,0.0143288103264072,0.020063849,0.019134618053809,0.1015152581807504
2004-05-26,74.76551818847656,0.003486415,0.0271809734443704,0.0162071905538456,0.09896294
2004-05-27,75.18517303466797,0.005612946,0.02964817,0.0261844573734466,0.09503712
2004-05-28,75.17851257324219,-8.86e-05,0.0277750050717053,0.0256276868113898,0.095419245
2004-06-01,75.07858276367188,-0.001329234,0.0221272736299742,0.0330887165867077,0.077044501
2004-06-02,75.35836791992188,0.003726564,0.011443514230895,0.0317369640917457,0.076479097
2004-06-03,74.66560363769531,-0.009192931,-0.001336372,0.0258082774740968,0.093775569
2004-06-04,75.25843048095703,0.007939758,0.00097436,0.030651419,0.097611309
2004-06-07,76.40416717529297,0.015224031208382,0.016303257,0.044531085,0.1145720929853662
2004-06-08,76.51075744628906,0.001395085,0.0190756755108885,0.0416250418325687,0.1155632785997085
2004-06-09,75.79801177978516,-0.009315627,0.005834042,0.0173443178563488,0.1179531169816179
2004-06-10,76.17101287841797,0.004920988,0.020162018,0.0187987019149427,0.1187629159610863
2004-06-14,75.41831207,-0.009881722,0.002124434,0.003100865,0.130091323
2004-06-15,75.95120239257812,0.007065795,-0.005928535,0.0102780674010163,0.134320417
2004-06-16,75.93788146972656,-0.000175388,-0.007487522,0.0114453240115033,0.1338710167138585
2004-06-17,75.82462310791016,-0.001491461,0.000351082,0.006187172,0.133644037150439
2004-06-18,75.96774291992188,0.001887511,-0.0026686,0.0174396136746581,0.1218516110978982
2004-06-21,75.68022918701172,-0.003784682,0.003472858,0.005604671,0.1193834040191889
2004-06-22,76.06130981445312,0.005035405,0.001449713,-0.004487417,0.092279785
2004-06-23,76.71647644042969,0.008613665,0.0102530509889655,0.002688759,0.1028019140228713
2004-06-24,76.47581481933594,-0.003137027,0.00858813,0.008942227,0.090595621
2004-06-25,76.10812377929688,-0.004807939,0.001847901,-0.00082563,0.091678652
2004-06-28,75.84736633300781,-0.003426145,0.002208465,0.005688993,0.076858572
2004-06-29,76.16159821,0.00414295,0.00131852,0.002770145,0.071137909
2004-06-30,76.56941223144531,0.005354589,-0.001916983,0.008316413,0.075421804
2004-07-01,75.50640869140625,-0.013882874,-0.012675983,-0.004196716,0.1057107865182341
2004-07-02,75.46628571,-0.000531385,-0.00843324,-0.006600923,0.1049394748846364
2004-07-06,74.80443572998047,-0.008770141,-0.013750387,-0.011572289,0.1118746184202979
2004-07-07,75.02502441,0.002948872,-0.014923187,-0.013624343,0.1091053016242127
2004-07-08,74.50355529785156,-0.006950602,-0.026980185,-0.028845448,0.09656425
2004-07-09,74.69748688,0.002602984,-0.010713287,-0.023253468,0.1004025207951986
2004-07-12,74.73093414,0.00044777,-0.009744107,-0.018095173,0.100239841792163
2004-07-13,74.78437805175781,0.000715151,-0.000268135,-0.014014834,0.1005215135436559
2004-07-14,74.55703735351562,-0.003039949,-0.006237746,-0.021067846,0.095803157
2004-07-15,74.07572937011719,-0.006455567,-0.005742356,-0.032567611,0.088067704
2004-07-16,74.01551055908203,-0.000812936,-0.009129843,-0.019745319,0.065640837
2004-07-19,73.70133209228516,-0.004244765,-0.013777455,-0.023387313,0.06598497
2004-07-20,74.63729095458984,0.0126993479728796,-0.001966816,-0.002234423,0.090873062
2004-07-21,73.26009368896484,-0.018451866,-0.017395322,-0.02352456,0.1265496477862991
2004-07-22,73.46062469482422,0.002737247,-0.008303728,-0.0139984,0.1260297945976011
2004-07-23,72.84558105,-0.008372426,-0.015806545,-0.024792077,0.1283390019600896
2004-07-26,72.70516204833984,-0.001927626,-0.01351631,-0.027107544,0.1273731724890233
2004-07-27,73.38709259033203,0.009379396,-0.016750318,-0.018684189,0.1406418627941787
2004-07-28,73.60772705078125,0.003006448,0.004745194,-0.012732672,0.142471526836956
2004-07-29,73.92195129394531,0.004268903,0.006279917,-0.002075958,0.1416571477686722
2004-07-30,74.10247039794922,0.002442023,0.017254160445479,0.001174887,0.1421860599795168
2004-08-02,74.25621032714844,0.002074694,0.0213334,0.007528741,0.1402379815203353
2004-08-03,73.68122863769531,-0.007743213,0.004008008,-0.012809446,0.1286821042943569
2004-08-04,73.67456055,-9.05e-05,0.000907968,0.005657471,0.085885423
2004-08-05,72.47119141,-0.016333577,-0.019625563,-0.013468893,0.1193101472430222
2004-08-06,71.43492889404297,-0.014298958,-0.03599801,-0.019364965,0.1321266377275203
2004-08-09,71.53522491455078,0.001404019,-0.036643203,-0.016091528,0.1331771759495774
2004-08-10,72.45779418945312,0.012896713,-0.016604425,-0.012662968,0.1421561802658125
2004-08-11,72.31074523925781,-0.002029443,-0.018511346,-0.017620186,0.1401808299014749
2004-08-12,71.52187347,-0.010909468,-0.013099246,-0.032467728,0.1426464912837338
2004-08-13,71.66225433,0.001962768,0.003182273,-0.032930293,0.1421295539581662
2004-08-16,72.40431976,0.010355039,0.0121491873363219,-0.024939201,0.1562817098750015
2004-08-17,72.81214904785156,0.005632665,0.0048905,-0.011795129,0.1580797290224832
2004-08-18,73.56093597,0.0102838185119,0.017289142,-0.00154225,0.1682609033066002
2004-08-19,73.34698486328125,-0.002908488,0.0255182268096003,0.0120847117321671,0.1437075410372132
2004-08-20,73.86177062988281,0.007018499,0.030692815,0.033972761,0.1164254560305768
2004-08-23,73.67456055,-0.002534601,0.0175437154557358,0.0299060446777048,0.1199148222976282
2004-08-24,73.77487946,0.001361649,0.0132221122478082,0.0181772752103044,0.1064174984455538
2004-08-25,74.27628326416016,0.006796403,0.009724554,0.0271818250302755,0.1066933532950079
2004-08-26,74.27628326416016,0.0,0.012669892,0.0385114323247655,0.077876128
2004-08-27,74.51024627685547,0.003149902,0.008779584,0.039741869,0.077319347
2004-08-30,73.89519500732422,-0.008254586,0.002994717,0.0205909709395366,0.089412485
2004-08-31,74.28294372558594,0.005247279,0.006886684,0.0201998525928384,0.089000636
2004-09-01,74.42338562011719,0.001890634,0.001980475,0.0117242886400943,0.076225382
2004-09-02,75.26572418,0.0113181972977056,0.013321088,0.0261597572473386,0.087499321
2004-09-03,74.95819854736328,-0.004085866,0.006011955,0.014844322,0.089528959
2004-09-07,75.45293426513672,0.006600155,0.0210803863181916,0.02413823313042,0.089777557
2004-09-08,75.26572418,-0.00248115,0.0132302303496953,0.020208027,0.093038175
2004-09-09,75.19887543,-0.00088817,0.010419975,0.012421087,0.089933039
2004-09-10,75.58664703,0.005156614,0.004263865,0.017641752,0.091636115
2004-09-13,75.83399963378906,0.003272438,0.0116838598498654,0.0177660579997946,0.091690006
2004-09-14,75.98778533935547,0.002027926,0.007088539,0.028318355,0.072764966
2004-09-15,75.41278839111328,-0.007566965,0.001953933,0.0152100146932947,0.087639644
2004-09-16,75.64012145996094,0.003014516,0.005867721,0.0163488375287625,0.087952195
2004-09-17,75.96170043945312,0.004251434,0.0049619,0.009246922,0.071852202
2004-09-20,75.50519561767578,-0.006009671,-0.004335839,0.007297361,0.076134023
2004-09-21,75.83415985107422,0.004356842,-0.002021713,0.005052495,0.072018991
2004-09-22,74.88754272460938,-0.012482727,-0.006964942,-0.005024617,0.096874826
2004-09-23,74.48475646972656,-0.005378548,-0.015274499,-0.009496405,0.09996893
2004-09-24,74.82712555,0.004596499,-0.014936144,-0.010048355,0.099048447
2004-09-27,74.35046387,-0.006370172,-0.015293408,-0.019562937,0.099252435
2004-09-28,74.70628356933594,0.004785709,-0.014872932,-0.016864576,0.103237472080291
2004-09-29,75.08226013183594,0.00503273,0.002600131,-0.004382921,0.1024939482385893
2004-09-30,75.02853393554688,-0.000715564,0.00730052,-0.008085491,0.1006883391896592
2004-10-01,76.29734802246094,0.016911087,0.019648255,0.004418642,0.1332415680814025
2004-10-04,76.42492676,0.001672125,0.027901143,0.0121810311543832,0.1282646180264086
2004-10-05,76.46520996,0.000527095,0.0235445575333577,0.008321449,0.1270949828466863
2004-10-06,76.98880004882812,0.006847429,0.025392681,0.028058837,0.1054904889576626
2004-10-07,76.16310119628906,-0.010724922,0.0151218103464054,0.022532728,0.1195593663791758
2004-10-08,75.53205871582031,-0.008285409,-0.010030353,0.009420824,0.1295683611807332
2004-10-11,75.84083557128906,0.004088024,-0.007642679,0.0200452240185591,0.1234767540504316
2004-10-12,75.54547119140625,-0.00389453,-0.012028199,0.0112331598089931,0.1256894976976688
2004-10-13,74.88087463378906,-0.008797305,-0.027379637,-0.002682198,0.1326932493157929
2004-10-14,74.27662658691406,-0.008069458,-0.024768879,-0.010021619,0.1384460484726792
2004-10-15,74.69287872314453,0.00560408,-0.011110249,-0.021029162,0.1051916436305893
2004-10-18,74.97480773925781,0.00377451,-0.011419018,-0.018974425,0.107801479918114
2004-10-19,74.34378051757812,-0.008416523,-0.015906853,-0.027743721,0.1114663777745783
2004-10-20,74.19606781,-0.001986887,-0.009145283,-0.036274526,0.098106711
2004-10-21,74.67945098876953,0.006514943,0.0054233,-0.019479908,0.1015108651123975
2004-10-22,73.84024810791016,-0.0112374,-0.011415153,-0.022398577,0.1075727222494836
2004-10-25,73.75299835205078,-0.001181602,-0.016296266,-0.027529196,0.1019983734788261
2004-10-26,74.88087463378906,0.0152926159876851,0.007224466,-0.008797305,0.1359103404232284
2004-10-27,75.78041076660156,0.0120128956454068,0.021353463,0.0120128956454068,0.1418578047118973
2004-10-28,76.00872039794922,0.003012779,0.0177996676673424,0.0233195,0.1320865688077824
2004-10-29,75.99522399902344,-0.000177564,0.029184299163838,0.017436003,0.1312709854230363
2004-11-01,76.20339965820312,0.002739326,0.03322443,0.0163867298362141,0.1309287567000799
2004-11-02,76.23027038574219,0.000352618,0.0180205661132091,0.0253752211016227,0.1188831929241786
2004-11-03,77.19025421142578,0.0125932102933108,0.018604326,0.040355055,0.1256934006021094
2004-11-04,78.24427032470703,0.013654782,0.0294117558492423,0.047734943,0.1345070144502632
2004-11-05,78.73432922363281,0.006263192,0.036043123,0.066279316,0.100920441191936
2004-11-08,78.62015533447266,-0.001450116,0.031714539,0.065992666,0.1014968017855455
2004-11-09,78.46577453613281,-0.001963629,0.0293256752085291,0.0478747065906479,0.096128116
2004-11-10,78.52619171142578,0.000769981,0.0173070747550698,0.0362333869274082,0.088454008
2004-11-11,79.12368011,0.007608779,0.0112392867412474,0.04098161,0.090612178
2004-11-12,79.74803161621094,0.00789083,0.012874973,0.049382151,0.08913958
2004-11-15,79.94396973,0.002456965,0.016838104509689,0.049086656,0.089337469
2004-11-16,79.37165069580078,-0.007159002,0.0115448571689154,0.041209093,0.1062134775596457
2004-11-17,79.84297180175781,0.005938154,0.016768674,0.034365965,0.096018975
2004-11-18,79.95072174072266,0.001349523,0.0104525171829366,0.0218092827619709,0.077263077
2004-11-19,79.06193542480469,-0.011116677,-0.008603299,0.004160907,0.097970171
2004-11-22,79.43896484,0.004768786,-0.006316985,0.0104147531354255,0.099584775
2004-11-23,79.56019592285156,0.001526091,0.002375473,0.0139477548420143,0.098154094
2004-11-24,79.74871063232422,0.00236946,-0.001180582,0.0155682950395843,0.09819351
2004-11-26,79.68809509277344,-0.000760082,-0.003284856,0.007133326,0.092594078
2004-11-29,79.32453918457031,-0.004562236,0.003321494,-0.005310381,0.086518109
2004-11-30,79.37839508,0.000678931,-0.000762469,-0.007074638,0.085256929
2004-12-01,80.28063965,0.0113663745274181,0.009055329,0.0114523125658618,0.095984364
2004-12-02,80.34795379638672,0.000838485,0.007514142,0.006324689,0.092209667
2004-12-03,80.29410552978516,-0.000670188,0.00760478,0.004294943,0.092335437
2004-12-06,80.26716613769531,-0.000335509,0.0118831696069701,0.0152441336834829,0.066897516
2004-12-07,79.51976776123047,-0.009311384,0.001780997,0.00101717,0.083133385
2004-12-08,79.98435974121094,0.005842472,-0.003690552,0.005331357,0.087874869
2004-12-09,80.26716613769531,0.003535771,-0.001005473,0.006501115,0.088743406
2004-12-10,80.34795379638672,0.001006485,0.000670638,0.008280518,0.088393019
2004-12-13,81.04821777,0.008715393,0.009730649,0.02172945,0.090774203
2004-12-14,81.33100891113281,0.003489172,0.0227772439595252,0.0245988071261022,0.090580567
2004-12-15,81.39159393310547,0.000744919,0.0175938670566049,0.0138383835696007,0.075782242
2004-12-16,81.34450531,-0.000578544,0.0134219161358599,0.0124029482592336,0.07640001
2004-12-17,80.80190277,-0.006670426,0.005649789,0.006324216,0.085949862
2004-12-20,80.82222747802734,0.000251537,-0.002788344,0.006915173,0.085812982
2004-12-21,81.44463348388672,0.007700926,0.001397063,0.0242061285746701,0.071533634
2004-12-22,81.64080047607422,0.002408593,0.003061822,0.0207095579713669,0.068941675
2004-12-23,81.70166778564453,0.00074555,0.004390739,0.0178715870632379,0.068692154
2004-12-27,81.53256225585938,-0.002069793,0.009042602,0.0147434801199122,0.071348307
2004-12-28,81.97908020019531,0.00547656,0.014313547,0.0114852917476846,0.063572606
2004-12-29,82.10079193115234,0.001484668,0.008056497,0.009464816,0.062290743
2004-12-30,81.94522857666016,-0.001894785,0.003728872,0.006802111,0.0639215
2004-12-31,81.76935577392578,-0.002146224,0.000828477,0.005222854,0.065259899
2005-01-03,81.38375091552734,-0.004715762,-0.001825177,0.007200921,0.0597253361557973
2005-01-04,80.38928223,-0.012219499,-0.019392728,-0.00535676,0.088410612
2005-01-05,79.83451843261719,-0.006900967,-0.027603552,-0.019769443,0.080403524
2005-01-06,80.24040985107422,0.005084159,-0.020804368,-0.017153073,0.085458467
2005-01-07,80.12543487548828,-0.001432881,-0.020104364,-0.019292543,0.084394879
2005-01-10,80.50426483154297,0.004727961,-0.010806655,-0.012612107,0.090747302
2005-01-11,79.94952392578125,-0.006890826,-0.00547036,-0.024757002,0.086187498
2005-01-12,80.21335602,0.003299983,0.004745286,-0.022989253,0.088968678
2005-01-13,79.57067108154297,-0.008012194,-0.008346652,-0.028977374,0.093362827
2005-01-14,79.99011993408203,0.0052714,-0.001688789,-0.021759201,0.1021020396074831
2005-01-18,80.82222747802734,0.0104026290325733,0.003949637,-0.0068997,0.1184772903329109
2005-01-19,79.97658539,-0.010462989,0.000338482,-0.00513373,0.1139221851810499
2005-01-20,79.48950195,-0.006090325,-0.009024109,-0.004321645,0.1127113777375913
2005-01-21,79.00241852,-0.006127645,-0.007141483,-0.015428527,0.111453341237264
2005-01-24,78.84684753417969,-0.001969193,-0.01429267,-0.015957322,0.1114725707390396
2005-01-25,79.07006072998047,0.002830972,-0.021679268,-0.017815256,0.1088401140445245
2005-01-26,79.30688477,0.002995116,-0.008373709,-0.008038061,0.1071294831876159
2005-01-27,79.44216156,0.001705738,-0.000595555,-0.00961429,0.1057164491193101
2005-01-28,79.44216156,0.0,0.005566197,-0.001615036,0.098097148
2005-01-31,79.93600463867188,0.006216385,0.0138135783300663,-0.000676525,0.099660199
2005-02-01,80.44339752197266,0.006347489,0.0173686067686484,-0.0046872,0.089291089
2005-02-02,80.68697357177734,0.003027918,0.0174018789192251,0.008882452,0.070702239
2005-02-03,80.47722625732422,-0.002599519,0.0130291608000006,0.0124258459284558,0.062774391
2005-02-04,81.33636474609375,0.0106755479621334,0.0238438021931608,0.029542719,0.064190443
2005-02-07,81.22811126708984,-0.001330936,0.0161642633286285,0.0302011279763327,0.062895298
2005-02-08,81.32283020019531,0.001166086,0.0109323164524774,0.028490802,0.0635626
2005-02-09,80.71394348144531,-0.007487279,0.000334254,0.0177419491381938,0.081893982
2005-02-10,81.00487518310547,0.003604479,0.0065565,0.019671086,0.082403974
2005-02-11,81.70166778564453,0.00860186,0.004491263,0.028442154,0.087806045
2005-02-14,81.64080047607422,-0.000744995,0.005080621,0.021327008,0.087223478
2005-02-15,81.94522857666016,0.003728872,0.007653427,0.0186694135373544,0.0846268
2005-02-16,81.99935913085938,0.00066057,0.015925571146323,0.016265148,0.084549684
2005-02-17,81.33636474609375,-0.008085361,0.004092217,0.0106755479621334,0.095945767
2005-02-18,81.44463348388672,0.001331123,-0.00314601,0.001331123,0.079901151
2005-02-22,80.23365020751953,-0.014868792,-0.017235871,-0.012242819,0.1100963228947648
2005-02-23,80.80867004394531,0.007166816,-0.013869734,-0.006322458,0.1175876809845973
2005-02-24,81.34313201904297,0.006613919,-0.008002832,0.007795289,0.1157859623412178
2005-02-25,82.14817810058594,0.009896915,0.00998094,0.0141140013474019,0.1240649423492862
2005-02-28,81.60697937011719,-0.00658808,0.001993328,-0.001158953,0.1229066540991963
2005-03-01,82.01287841796875,0.004973828,0.0221755860022241,0.0045575,0.1253797957456464
2005-03-02,81.97232055664062,-0.00049453,0.0144000700922624,0.000330611,0.1241043972350963
2005-03-03,82.00609588623047,0.000412033,0.008150213,8.215619539586605e-05,0.1240770252171895
2005-03-04,83.02764892578125,0.0124570378398212,0.0107059078549307,0.020793703,0.1291777832436884
2005-03-07,83.06822204589844,0.00048867,0.017905854,0.019934874681865,0.1293854239074387
2005-03-08,82.75703430175781,-0.003746171,0.009073647,0.031450446,0.096682661
2005-03-09,81.83699798583984,-0.011117319,-0.001650832,0.0127254654894741,0.1167328302098161
2005-03-10,82.01964569091797,0.002231848,0.000165229,0.008316789,0.1131543143779243
2005-03-11,81.44463348388672,-0.007010664,-0.019066124,-0.008564336,0.1069730585541
2005-03-14,81.95198822021484,0.006229443,-0.013437555,0.004227688,0.1070372550470629
2005-03-15,81.27547454833984,-0.008255,-0.017902524,-0.008991318,0.1118485038703637
2005-03-16,80.58544922,-0.008489958,-0.01529319,-0.016918776,0.1181026867301942
2005-03-17,80.74781799316406,0.002014865,-0.015506379,-0.015343712,0.1191669573825589
2005-03-18,80.50803375,-0.002969545,-0.011499834,-0.0303467,0.090130348
2005-03-21,80.2092514,-0.003711212,-0.021265339,-0.03441714,0.087936332
2005-03-22,79.39424896240234,-0.010160953,-0.023146289,-0.040634435,0.094151624
2005-03-23,79.46215057373047,0.000855246,-0.013939224,-0.029019239,0.088249009
2005-03-24,79.55720520019531,0.001196225,-0.014744829,-0.030022569,0.086693437
2005-03-28,79.67267608642578,0.00145142,-0.010376078,-0.021756589,0.086220499
2005-03-29,79.14295959472656,-0.006648659,-0.013293876,-0.034276516,0.074469898
2005-03-30,80.26354217529297,0.0141589673459858,0.0109490702947803,-0.012450649,0.1104628891061839
2005-03-31,80.11415100097656,-0.001861258,0.00820517,-0.005848428,0.1030267668375769
2005-04-01,79.75422668457031,-0.004492643,0.002476476,-0.012304869,0.1036369275659191
2005-04-04,79.89006042480469,0.001703154,0.002728468,-0.007675921,0.1040796180356713
2005-04-05,80.27038574,0.004760609,0.0142454382958918,0.000762186,0.1060038292288477
2005-04-06,80.54879760742188,0.003468426,0.003553985,0.0145419682169456,0.089940157
2005-04-07,80.98347473144531,0.005396445,0.0108510633840226,0.0191452678631351,0.091952932
2005-04-08,80.14131927490234,-0.010399103,0.004853568,0.007342064,0.110946502064654
2005-04-11,80.20243072509766,0.000762546,0.003910002,0.006649138,0.1108790800920936
2005-04-12,80.61676788330078,0.005166142,0.004315192,0.018622102,0.104688901714422
2005-04-13,79.66590118408203,-0.0117949,-0.010961013,-0.007445983,0.1003406315743312
2005-04-14,78.62677001953125,-0.013043613,-0.029101057,-0.018565771,0.1180185354583978
2005-04-15,77.52651977539062,-0.013993329,-0.032627358,-0.027932149,0.1327042970024451
2005-04-18,77.76427459716797,0.003066755,-0.030400028,-0.02660889,0.1341676349772863
2005-04-19,78.38228607177734,0.007947242,-0.027717333,-0.023521747,0.1399330128009055
2005-04-20,77.28884125,-0.013950152,-0.029837859,-0.040471819,0.1468299920200512
2005-04-21,78.78977966308594,0.019419859,0.002073208,-0.027088182,0.1842824888196068
2005-04-22,78.49098205566406,-0.00379234,0.012440418,-0.020592838,0.1794569061407181
2005-04-25,79.00711822509766,0.006575738,0.0159821927789827,-0.014903694,0.184289393002406
2005-04-26,78.23964691,-0.009713951,-0.001819788,-0.029486682,0.1844928443097877
2005-04-27,78.5452652,0.003906182,0.0162562140913842,-0.014066696,0.1801487801857266
2005-04-28,77.56049346923828,-0.012537633,-0.015602102,-0.013561241,0.1792454119444098
2005-04-29,78.61318207,0.0135724845413771,0.001556867,0.014016652567776,0.1780289114530322
2005-05-02,79.05466461,0.005615884,0.000601799,0.0165936096148633,0.1791338083285075
2005-05-03,79.19048309326172,0.001718032,0.0121528690270635,0.010310965,0.1757526899638601
2005-05-04,79.80173492,0.007718754,0.01599676,0.03251302,0.1564649239982729
2005-05-05,79.77455902,-0.000340543,0.028546306,0.0124988210669096,0.1281641167747672
2005-05-06,79.52326965332031,-0.003149994,0.011576781,0.013151671,0.1274921877875751
2005-05-09,80.01905059814453,0.006234413,0.012198976379997,0.012808116,0.1271103846433404
2005-05-10,79.19048309326172,-0.010354628,0.0,0.0121528690270635,0.128695904
2005-05-11,79.62514496,0.005488814,-0.002212859,0.0137485023193106,0.1298545445189107
2005-05-12,78.74903869628906,-0.011002884,-0.01285523,0.0153241060479092,0.1253952670523007
2005-05-13,78.59282684326172,-0.001983667,-0.011700258,-0.000258929,0.1065313380814522
2005-05-16,79.32630920410156,0.009332688,-0.008657206,0.003436161,0.1134332950045653
2005-05-17,79.85608673095703,0.006678459,0.008405096,0.008405096,0.1177400734102808
2005-05-18,80.67784881591797,0.010290538,0.013220746511301,0.0109786321366629,0.1225434138693765
2005-05-19,81.01742553710938,0.004209045,0.0288052638911413,0.0155797353362514,0.1231525782409981
2005-05-20,80.90197754,-0.001424977,0.0293811889525992,0.0173371629681806,0.1215943076106472
2005-05-23,81.35022735595703,0.005540653,0.0255138323232466,0.0166357479607908,0.1209254207890165
2005-05-24,81.16011810302734,-0.002336923,0.016329768029627,0.0248721176185529,0.1041183177440428
2005-05-25,81.09891510009766,-0.000754102,0.005219106,0.0185088534830266,0.1037814481115249
2005-05-26,81.53360748291016,0.005360027,0.006371246,0.035360035,0.075735667
2005-05-27,81.66943359,0.001665891,0.009486246,0.039146152,0.070374817
2005-05-31,81.14646911621094,-0.00640343,-0.002504704,0.0229452237267993,0.079791655
2005-06-01,81.83921813964844,0.00853702,0.008367411,0.0248338165551833,0.083134121
2005-06-02,82.01580810546875,0.002157767,0.0113058603094677,0.016583973286194,0.070820697
2005-06-03,81.60150909423828,-0.005051453,0.000832805,0.007209357,0.076499651
2005-06-06,81.52681732177734,-0.000915323,-0.001746263,0.007723418,0.076139773
2005-06-07,81.58793640136719,0.000749681,0.005440376,0.002922045,0.071403345
2005-06-08,81.43851470947266,-0.001831419,-0.004896227,0.003430214,0.070923935
2005-06-09,81.82565307617188,0.00475375,-0.002318517,0.008961131,0.073849047
2005-06-10,81.63551330566406,-0.002323718,0.000416711,0.001249863,0.070875617
2005-06-13,81.89354705810547,0.003160803,0.004498271,0.002744154,0.072165931
2005-06-14,82.08370208740234,0.002321978,0.006076458,0.0115498922060204,0.062122016
2005-06-15,82.23991394042969,0.00190308,0.009840543,0.004896134,0.047181438
2005-06-16,82.45050048828125,0.002560637,0.007636327,0.005300105,0.047620871
2005-06-17,82.75596618652344,0.003704837,0.0137250668917106,0.014147496842882,0.038231474
2005-06-20,82.78327178955078,0.000329953,0.0108644058464586,0.0154115481144609,0.036587914
2005-06-21,82.83100128173828,0.00057656,0.009104112,0.0152358906867788,0.0367018310580036
2005-06-22,82.89915466308594,0.0008228,0.008016068,0.0179354935293702,0.0320477780684928
2005-06-23,81.73313903808594,-0.014065471,-0.008700511,-0.001130624,0.082578024
2005-06-24,81.13301849365234,-0.007342438,-0.019611247,-0.006155346,0.089880969
2005-06-27,81.24898529052734,0.001429342,-0.018533775,-0.007870727,0.088256549
2005-06-28,81.93085479736328,0.008392345,-0.010867266,-0.001862091,0.098847899
2005-06-29,81.71266937,-0.002663043,-0.014312393,-0.006411054,0.098825701
2005-06-30,81.26941680908203,-0.005424527,-0.005673613,-0.014324761,0.099742789
2005-07-01,81.50810241699219,0.002936967,0.004623074,-0.015078838,0.098706333
2005-07-05,82.16271209716797,0.008031222,0.0112460088378132,-0.007496197,0.1096680017446839
2005-07-06,81.47399139404297,-0.0083824,-0.005576207,-0.016382874,0.1157319342150658
2005-07-07,81.79449462890625,0.00393381,0.001001378,-0.013325347,0.118593794440216
2005-07-08,82.72869873046875,0.0114213567282357,0.017956102,0.0121806124675929,0.1106173357497052
2005-07-11,83.15147399902344,0.005110382,0.0201620640562065,0.0248783484559866,0.100815148216788
2005-07-12,83.36969757080078,0.00262441,0.014690185,0.0261014001921411,0.1006452567889225
2005-07-13,83.48561096191406,0.001390354,0.024690328,0.0189764426161072,0.095357021
2005-07-14,83.81292724609375,0.003920631,0.024676876,0.0257029649093862,0.092215574
2005-07-15,83.76519012451172,-0.000569568,0.012528801,0.0307098711104665,0.083234034
2005-07-18,83.43106079101562,-0.003988881,0.003362379,0.0235922358268834,0.090428474
2005-07-19,83.88792419433594,0.005475939,0.006216007,0.0209975066929106,0.086768474
2005-07-20,84.17430114746094,0.003413804,0.008249208,0.0331432118055701,0.064148599
2005-07-21,83.68335723876953,-0.005832468,-0.001545943,0.0230927841590422,0.078468727
2005-07-22,84.24255371,0.00668229,0.00569883,0.0182990304900227,0.065587363
2005-07-25,84.00386047363281,-0.002833405,0.006865545,0.0102510085945004,0.066553586
2005-07-26,84.10614013671875,0.001217559,0.00260128,0.008833456,0.065981133
2005-07-27,84.41300964355469,0.003648598,0.002835883,0.011108485294115,0.067421045
2005-07-28,84.94488525390625,0.006300872,0.0150750167866384,0.013505769,0.071151586
2005-07-29,84.37892914,-0.006662627,0.001618843,0.007326898,0.081569535
2005-08-01,84.31755065917969,-0.000727415,0.003734235,0.0106254176772917,0.077830308
2005-08-02,84.82213592529297,0.005984344,0.008513003,0.0111364268448557,0.078673748
2005-08-03,85.04715728759766,0.002652861,0.00751244,0.010369627406916,0.078143258
2005-08-04,84.36525726,-0.008017905,-0.006823577,0.008148574,0.084072501
2005-08-05,83.79244232177734,-0.006789702,-0.006950631,-0.005343041,0.084985646
2005-08-08,83.63559723,-0.001871829,-0.008087918,-0.004383885,0.084388579
2005-08-09,84.14022064208984,0.006033596,-0.008039355,0.000405208,0.090273653
2005-08-10,84.09933471679688,-0.000485926,-0.011144671,-0.003715955,0.088023231
2005-08-11,84.43343353271484,0.003972669,0.000808108,-0.006020983,0.083764301
2005-08-12,83.91521453857422,-0.006137604,0.001465194,-0.005495621,0.082733889
2005-08-15,84.43343353271484,0.006175507,0.009539435,0.001374362,0.08929015
2005-08-16,83.33560943603516,-0.013002244,-0.009562742,-0.017525219,0.1041894160012408
2005-08-17,83.32878112792969,-8.19e-05,-0.009162422,-0.020204981,0.1018335226688105
2005-08-18,83.32196807861328,-8.18e-05,-0.013163807,-0.012366337,0.096394232
2005-08-19,83.51289367675781,0.00229142,-0.004794373,-0.003336204,0.092418069
2005-08-22,83.51289367675781,0.0,-0.010902551,-0.001467121,0.092014144
2005-08-23,83.35604858398438,-0.001878094,0.000245263,-0.009319824,0.085512931
2005-08-24,82.61275482177734,-0.008917094,-0.008592785,-0.017676476,0.094326702
2005-08-25,82.91278839111328,0.003631807,-0.004910826,-0.018009988,0.093759879
2005-08-26,82.34680938720703,-0.006826197,-0.013962925,-0.018690355,0.094710754
2005-08-29,82.98101043701172,0.007701586,-0.006368876,-0.01720199,0.098571247
2005-08-30,82.54461669921875,-0.005258959,-0.009734529,-0.009491654,0.079582456
2005-08-31,83.58789825439453,0.0126390017531652,0.0118037878620667,0.003109575,0.1049948534623204
2005-09-01,83.52652740478516,-0.000734207,0.007402224,0.002455047,0.1051175403974092
2005-09-02,83.37651062011719,-0.001796038,0.0125044460201044,-0.001633078,0.1049135927216975
2005-09-06,84.35161590576172,0.0116952038217015,0.0165170978460231,0.0100430267959608,0.1206144858715503
2005-09-07,84.49481964111328,0.0016977,0.0236260463719979,0.0136615287849393,0.1195349326122982
2005-09-08,84.21524047851562,-0.003308832,0.00750518,0.0193975574376543,0.1088404442819712
2005-09-09,84.96532440185547,0.008906748,0.0172256292913703,0.024755361,0.1142189717441542
2005-09-12,84.79485321044922,-0.002006362,0.017011297,0.02972846,0.1054600132475914
2005-09-13,84.32436371,-0.005548562,-0.000323079,0.0161886829819224,0.1096495848966157
2005-09-14,84.01747894,-0.003639337,-0.005649349,0.0178432259128327,0.1070721469004477
2005-09-15,83.9765625,-0.000486999,-0.002834142,0.004649767,0.0884984
2005-09-16,84.57372283935547,0.007111036,-0.004608957,0.0125372796775735,0.094076772
2005-09-19,84.29295349121094,-0.003319818,-0.005918988,0.0109916193934918,0.095759791
2005-09-20,83.58075714111328,-0.008449062,-0.008818407,-0.009138637,0.086342484
2005-09-21,82.80007934570312,-0.009340401,-0.014489837,-0.020057328,0.094429712
2005-09-22,83.09455108642578,0.003556419,-0.010503066,-0.013307442,0.098003262
2005-09-23,83.16303253173828,0.000824139,-0.016680007,-0.021212087,0.081371289
2005-09-26,83.25891113,0.001152899,-0.012267246,-0.018113624,0.083034098
2005-09-27,83.23833465576172,-0.000247138,-0.004096906,-0.012879185,0.080586504
2005-09-28,83.32057189941406,0.000987973,0.006286136,-0.008294786,0.080146024
2005-09-29,83.99847412109375,0.008136073,0.0108782468025827,0.000260925,0.091970229
2005-09-30,84.25871276855469,0.003098135,0.0131750875775031,-0.00372468,0.085297011
2005-10-03,83.95740509033203,-0.003575982,0.00838942,-0.003980741,0.085555197
2005-10-04,83.01238250732422,-0.011255977,-0.00271452,-0.006800305,0.09373204
2005-10-05,81.92350769042969,-0.013117017,-0.016767338,-0.010586604,0.1047835392084923
2005-10-06,81.62904357910156,-0.003594379,-0.028208019,-0.017636626,0.1021074548706033
2005-10-07,81.90982055664062,0.00343967,-0.027877143,-0.01506934,0.1047697283771539
2005-10-10,81.21817779541016,-0.008443954,-0.032626393,-0.02451069,0.1089641144290824
2005-10-11,81.10176849365234,-0.001433291,-0.023016012,-0.025668055,0.108451958350684
2005-10-12,80.46486664,-0.007853119,-0.017804915,-0.034273712,0.1093943223781778
2005-10-13,80.41693878173828,-0.000595637,-0.01484894,-0.0426381,0.090654535
2005-10-14,81.26608276367188,0.0105592676716814,-0.007859104,-0.035517158,0.1128098307370822
2005-10-17,81.56742095947266,0.003708044,0.004300062,-0.028466627,0.1186069410612633
2005-10-18,80.68402862548828,-0.01083021,-0.005150811,-0.028048272,0.117779275550193
2005-10-19,82.02622223,0.0166351832745696,0.0194041903759198,0.001253786,0.1378991400510654
2005-10-20,80.58129119873047,-0.017615477,0.002043754,-0.012835534,0.1640654690365575
2005-10-21,80.89629364013672,0.003909126,-0.00455035,-0.012373692,0.164457094585076
2005-10-24,82.14952087402344,0.015491776,0.007136427,0.0114671752542805,0.1782373248153554
2005-10-25,81.98511505126953,-0.0020013,0.01612569981874,0.0108918285510175,0.1784946999476394
2005-10-26,81.7454834,-0.002922868,-0.00342255,0.0159152287670132,0.1731754763203368
2005-10-27,80.87575531,-0.010639464,0.003654249,0.005705471,0.1838092315133426
2005-10-28,82.03995513916016,0.0143949175452926,0.0141373782105638,0.009522698,0.1904979773136465
2005-10-31,82.26593017578125,0.002754451,0.001417042,0.008563581,0.1901801111830189
2005-11-01,82.51246643066406,0.002996821,0.006432282,0.022661707,0.1785773789077846
2005-11-02,83.37532806396484,0.010457349,0.0199380393603312,0.016447251,0.167010125569444
2005-11-03,83.73142242,0.00427098,0.035309309981834,0.039092588,0.127715177350547
2005-11-04,83.62184143066406,-0.00130872,0.019281901,0.0336918747186589,0.1303310075197148
2005-11-07,83.70401763916016,0.000982712,0.0174809603478145,0.0189227733600607,0.1114689218703222
2005-11-08,83.70401763916016,0.0,0.0144408628179519,0.0209660325147522,0.1099508595326473
2005-11-09,83.81359100341797,0.001309057,0.005256506,0.0252993501169997,0.1065385949682314
2005-11-10,84.46414947509766,0.007761969,0.008750921,0.0443692198147886,0.079505221
2005-11-11,84.75182342529297,0.00340587,0.013513000614389,0.033055458,0.056480607
2005-11-14,84.70388031,-0.000565688,0.011945217,0.029634991,0.059685922
2005-11-15,84.39566802978516,-0.003638703,0.008263049,0.022823237,0.068172755
2005-11-16,84.56685638427734,0.002028402,0.008987389,0.0142911380138541,0.0507161077482868
2005-11-17,85.35441589355469,0.009312863,0.0105401691012054,0.019383326,0.063374979
2005-11-18,85.68996429,0.003931237,0.0110692706212696,0.02473185,0.061305016
2005-11-21,86.12136840820312,0.005034477,0.016734630018788,0.0288797460053105,0.061955253
2005-11-22,86.49116516113281,0.004293902,0.0248294394755914,0.033297655,0.060132045
2005-11-23,86.99110412597656,0.005780232,0.0286666413456742,0.037911669,0.060202265
2005-11-25,87.05958557128906,0.000787224,0.0199775214894668,0.030728257,0.057246221
2005-11-28,86.44330596923828,-0.007078825,0.008791481,0.0199580666891057,0.076359323
2005-11-29,86.34739685058594,-0.001109503,0.002624534,0.0194030844220034,0.07691543
2005-11-30,85.88172149658203,-0.005393045,-0.007046311,0.017608172,0.080876661
2005-12-01,86.75827789,0.0102065536322448,-0.002676437,0.02591348,0.091378245
2005-12-02,86.86782836914062,0.001262709,-0.002202597,0.0177309218245171,0.08334425
2005-12-05,86.68293762207031,-0.002128415,0.002772125,0.0115879769096978,0.084490856
2005-12-06,86.84730529785156,0.001896194,0.005789502,0.008429231,0.081895981
2005-12-07,86.34056091308594,-0.005834889,0.00534269,-0.001741267,0.085672764
2005-12-08,86.2857666,-0.00063463,-0.005446296,-0.008108157,0.079009293
2005-12-09,86.51171875,0.002618649,-0.004099442,-0.00629301,0.080560851
2005-12-12,86.59390258789062,0.000949973,-0.001027134,0.001742143,0.072182389
2005-12-13,87.18286895751953,0.006801476,0.003863835,0.009675707,0.078833029
2005-12-14,87.52529144,0.003927635,0.0137215987162482,0.019137599,0.071276427
2005-12-15,87.27186584472656,-0.002895456,0.0114282955579165,0.005919757,0.057588135
2005-12-16,86.99098969,-0.003218404,0.005539954,0.001417801,0.060458207
2005-12-19,86.54351043701172,-0.005143972,-0.000581936,-0.001608473,0.065336133
2005-12-20,86.62609100341797,0.000954209,-0.006386323,-0.002547164,0.064676546
2005-12-21,86.76377868652344,0.001589448,-0.008700488,0.004901726,0.0570007668249402
2005-12-22,87.21818542480469,0.005237286,-0.000615094,0.0108061718631737,0.061209071
2005-12-23,87.26634979248047,0.000552228,0.003165387,0.008722877,0.06063288
2005-12-27,86.37828063964844,-0.010176536,-0.001909211,-0.002490036,0.082156236
2005-12-28,86.57102966308594,0.002231452,-0.000635621,-0.007017884,0.073990557
2005-12-29,86.18552399,-0.004453056,-0.006664702,-0.015307204,0.071242056
2005-12-30,85.71739959716797,-0.00543159,-0.017207258,-0.017811768,0.073696128
2006-01-03,87.22505950927734,0.017588727,-0.000473152,0.002690736,0.1211278806437494
2006-01-04,87.63813018798828,0.004735688,0.0145852584586125,0.0126482014127824,0.1188385705908051
2006-01-05,87.69319915771484,0.000628368,0.012962413627239,0.0123185537051968,0.1188750477541721
2006-01-06,88.42293548583984,0.00832147,0.0259604095389114,0.0191226894959348,0.1241017228867822
2006-01-09,88.65013122558594,0.002569421,0.0342139593851475,0.0164179728551656,0.1228230565207019
2006-01-10,88.73963165283203,0.001009592,0.017363957,0.0168825883499772,0.1227293306500257
2006-01-11,89.02187347,0.003180561,0.0157892835363397,0.0306048327762062,0.1033106631343257
2006-01-12,88.67077637,-0.003943942,0.0111476969578279,0.0242546116440254,0.1091469260824566
2006-01-13,88.58816528320312,-0.000931661,0.001868631,0.02787755,0.1042596751663116
2006-01-17,88.34720611572266,-0.002719993,-0.003417086,0.030679961488724,0.099043214
2006-01-18,87.99609375,-0.003974233,-0.008378871,0.008839595,0.062954235
2006-01-19,88.33345031738281,0.003833768,-0.007733191,0.007933991,0.061557889
2006-01-20,86.72251129,-0.018237021,-0.021971896,-0.011069135,0.1137393271589298
2006-01-23,87.03227233886719,0.003571864,-0.017563214,-0.015727403,0.1048908180133915
2006-01-24,87.12178802490234,0.001028534,-0.013870479,-0.017240169,0.103466087
2006-01-25,87.19752502441406,0.000869323,-0.009075047,-0.01737788,0.103364886529789
2006-01-26,87.67943572998047,0.005526656,-0.007403929,-0.015079864,0.1070908962105189
2006-01-27,88.49178314208984,0.009264971,0.020401529,-0.002018627,0.1185568835962834
2006-01-30,88.42293548583984,-0.000778012,0.015978707,-0.001865145,0.1185319969956948
2006-01-31,87.77577972,-0.007318868,0.007506638,-0.006467962,0.1234574182103958
2006-02-01,88.38852692,0.006980823,0.0136586662494879,0.004459666,0.127314969175581
2006-02-02,87.36275482177734,-0.011605263,-0.003611804,-0.010988991,0.1389648692940419
2006-02-03,86.92900848388672,-0.004964889,-0.01766011,0.002381126,0.1048368809160628
2006-02-06,87.15620422363281,0.002613578,-0.014325822,0.001423976,0.1040963575787034
2006-02-07,86.38515472,-0.008846754,-0.015842924,-0.008455213,0.1131998563653384
2006-02-08,87.16999053955078,0.009085309,-0.013786137,-0.000315771,0.1236737906907612
2006-02-09,87.02539063,-0.001658827,-0.003861648,-0.007459504,0.1198780592502789
2006-02-10,87.18374633789062,0.00181965,0.002930413,-0.014781449,0.107718975388856
2006-02-13,87.02539063,-0.001816344,-0.00150091,-0.01580523,0.1076590237925725
2006-02-14,87.94793701171875,0.0106008876270844,0.0180908663367975,0.00196133,0.117960872003603
2006-02-15,88.25769043,0.003522009,0.0124779168083448,-0.001480243,0.1136084284454938
2006-02-16,88.91862487792969,0.00748869,0.0217549641470475,0.017809306,0.099090534
2006-02-17,88.67766571044922,-0.002709884,0.0171352968335261,0.0201159228324412,0.095366577
2006-02-21,88.45735168457031,-0.002484436,0.0164545203335053,0.0149289138108734,0.097864001
2006-02-22,88.99431610107422,0.00607032,0.0118977104513098,0.0302038166775959,0.080880124
2006-02-23,88.86353302001953,-0.001469567,0.006864474,0.0194280447891106,0.075810716
2006-02-24,89.09073638916016,0.002556767,0.001935607,0.02373268,0.073119069
2006-02-27,89.12515258789062,0.000386305,0.005046219,0.022267984,0.073765627
2006-02-28,88.27832031,-0.009501608,-0.002023929,0.0143972888659469,0.093083431
2006-03-01,89.06317901611328,0.00889073,0.00077379,0.0126807068168741,0.088664921
2006-03-02,89.05631256103516,-7.71e-05,0.002169389,0.009048754,0.087948848
2006-03-03,88.64326477050781,-0.004638052,-0.00502265,-0.003096765,0.083526621
2006-03-06,88.23710632324219,-0.004581944,-0.009964036,-0.004968099,0.085544724
2006-03-07,88.09938049316406,-0.001560861,-0.002026996,-0.004046822,0.085064543
2006-03-08,88.28525543,0.002109833,-0.008734514,-0.007967483,0.078726607
2006-03-09,87.69319915771484,-0.006706174,-0.015306196,-0.013170013,0.084193959
2006-03-10,88.52619934082031,0.009499028,-0.001320635,-0.006336653,0.09903164
2006-03-13,88.69144439697266,0.001866623,0.005149059,-0.004866283,0.099728335
2006-03-14,89.62081909179688,0.0104787412263176,0.017269572,0.0152075704945959,0.099500888
2006-03-15,90.02014923095703,0.004455774,0.019651003,0.0107448468089221,0.092560859
2006-03-16,90.20602416992188,0.002064815,0.028654730769803,0.0129099395183105,0.092432593
2006-03-17,90.28133392333984,0.000834864,0.019826159889259,0.018479341,0.086481534
2006-03-20,90.1361846923828,-0.001607744,0.0162895114092815,0.0215224461484906,0.081433116
2006-03-21,89.56938934326172,-0.006288211,-0.000573859,0.0166858023503551,0.090416684
2006-03-22,90.11546325683594,0.006096658,0.001058808,0.0207306170860437,0.093132994
2006-03-23,89.92881774902344,-0.002071182,-0.003073037,0.025493637,0.083290672
2006-03-24,89.99794769,0.000768718,-0.003138924,0.016625003,0.07383992
2006-03-27,89.86663818359375,-0.001459028,-0.002990436,0.013250362,0.075448965
2006-03-28,89.31368255615234,-0.006153069,-0.002854846,-0.003427067,0.064341693
2006-03-29,89.87351227,0.006268129,-0.0026849,-0.001628935,0.068621689
2006-03-30,89.71457672,-0.001768436,-0.00238234,-0.005448056,0.067843902
2006-03-31,89.73528289794922,0.000230801,-0.002918564,-0.006048327,0.067568869
2006-04-03,89.66620635986328,-0.000769781,-0.002230325,-0.005214092,0.06734894
2006-04-04,90.23986816,0.006397748,0.0103700304522529,0.00748558,0.067005301
2006-04-05,90.55086517333984,0.003446337,0.007536736,0.0048316,0.062239715
2006-04-06,90.45410919189452,-0.001068526,0.00824317,0.005841191,0.0612810244970023
2006-04-07,89.53484344482422,-0.010162786,-0.002233675,-0.00514572,0.081589632
2006-04-10,89.67307281,0.001543861,7.657795904258968e-05,-0.002153918,0.081996845
2006-04-11,88.91280364990234,-0.008478233,-0.014705967,-0.004488438,0.087375068
2006-04-12,89.07865905761719,0.001865371,-0.016258333,-0.008844132,0.080435885
2006-04-13,88.96118164,-0.001318805,-0.016504806,-0.008397689,0.080327856
2006-04-17,88.92665863,-0.000388068,-0.006792717,-0.009011219,0.080158616
2006-04-18,90.33663177490234,0.0158554607386283,0.007399757,0.007476902,0.1162137547925583
2006-04-19,90.5094223,0.00191274,0.017957129,0.002987085,0.1122447445765375
2006-04-20,90.63381958007812,0.001374412,0.0174582839359429,0.000916108,0.1111053842157145
2006-04-21,90.64765167236328,0.000152615,0.01895737,0.002139676,0.1109105485537029
2006-04-24,90.48175811767578,-0.001830092,0.0174874386517607,0.0105759348698151,0.095909577
2006-04-25,90.10852813720705,-0.00412492,-0.00252504,0.004856032,0.09928586
2006-04-26,90.12924194335938,0.000229876,-0.004200451,0.0136812499833747,0.085961366
2006-04-27,90.56473541259766,0.004831878,-0.000762234,0.0166827427657982,0.0877094
2006-04-28,90.86883544921876,0.00335782,0.002440039,0.021443665,0.086379805
2006-05-01,90.12924194335938,-0.008139133,-0.003895992,0.0135233160844026,0.1003571936018408
2006-05-02,90.80663299560548,0.007515774,0.007747378,0.005202776,0.071102004
2006-05-03,90.46798706054688,-0.003729308,0.003758437,-0.0004578,0.073621972
2006-05-04,90.79273223876952,0.003589614,0.002517501,0.001753348,0.075622953
2006-05-05,91.5945281982422,0.008831059,0.007986157,0.0104456818065326,0.087182794
2006-05-08,91.48400879,-0.001206616,0.0150313795666283,0.0110768257849636,0.086660049
2006-05-09,91.66369629,0.001964141,0.009438334,0.017258834,0.081592544
2006-05-10,91.61530303955078,-0.000527943,0.0126820106899918,0.0164881126718596,0.082068536
2006-05-11,90.5094223,-0.012070917,-0.003120403,-0.000610758,0.1045082140070669
2006-05-12,89.32749938964844,-0.013058562,-0.024750701,-0.016962208,0.1207816444795448
2006-05-15,89.50722504,0.002011986,-0.02160797,-0.006901388,0.1162539553523828
2006-05-16,89.37588500976562,-0.001467368,-0.02495875,-0.015755985,0.1069186943270199
2006-05-17,87.67559814453125,-0.019024,-0.043002695,-0.030866045,0.1384887252085761
2006-05-18,87.23323059082031,-0.005045504,-0.036197245,-0.039204698,0.1335114196398784
2006-05-19,87.84838867,0.007051878,-0.016558291,-0.040899163,0.1289600938189901
2006-05-22,87.17794799804688,-0.007631793,-0.026023341,-0.047069,0.1289051937845349
2006-05-23,86.51442719,-0.007611108,-0.032015994,-0.056175665,0.1237369034398007
2006-05-24,87.20558929,0.007988981,-0.005360772,-0.048132938,0.1400834954908765
2006-05-25,88.28382873535156,0.0123643386810619,0.0120435542443593,-0.024589634,0.1575998016890689
2006-05-26,88.73309326171875,0.005088865,0.010070812,-0.006654234,0.1494916860956492
2006-05-30,87.15721130371094,-0.0177598,-0.000237866,-0.026255017,0.1711043139792792
2006-05-31,88.13176727294922,0.0111815873254861,0.018694455,-0.013920061,0.1847000301251301
2006-06-01,88.97499084472656,0.00956776,0.0202900016456388,0.0148204600560954,0.1624799399416019
2006-06-02,89.16160583496094,0.002097387,0.009942671,0.0221059707531174,0.1583017220746346
2006-06-05,87.86220551,-0.014573541,-0.009814689,0.00015728,0.1760955478739429
2006-06-06,87.64794922,-0.002438549,0.005630491,0.005391286,0.1716072952773394
2006-06-07,86.99134063720703,-0.007491431,-0.012940018,0.005512531,0.1714481191294352
2006-06-08,86.91529083251953,-0.000874223,-0.023149202,-0.003328897,0.1664569206915288
2006-06-09,86.63884735107422,-0.003180608,-0.028294224,-0.018632873,0.1509535827443545
2006-06-12,85.69882965,-0.010849841,-0.024622371,-0.0341954,0.1516770529905228
2006-06-13,84.70352935791016,-0.011613931,-0.033593711,-0.028152369,0.1379370842418609
2006-06-14,85.36013031,0.007751754,-0.01875141,-0.031448785,0.1289738910545399
2006-06-15,87.17105102539062,0.021215065,0.002942637,-0.020274684,0.1683891326485437
2006-06-16,86.53582763671875,-0.007287091,-0.001189071,-0.029449651,0.1685916160694674
2006-06-19,85.85543823242188,-0.007862517,0.00182743,-0.022839937,0.1586941560735781
2006-06-20,86.14707184,0.003396798,0.0170422943578789,-0.01712393,0.1611974143326795
2006-06-21,86.78573608398438,0.00741365,0.016701073,-0.002363506,0.1634993307788728
2006-06-22,86.40392303466797,-0.004399491,-0.008800261,-0.005883519,0.1648649725931711
2006-06-23,86.39004516601562,-0.000160616,-0.001684649,-0.002871716,0.1642071488805196
2006-06-26,86.77185821533203,0.004419642,0.0106739887627069,0.0125209243676307,0.1541649884611798
2006-06-27,86.02210235595703,-0.008640542,-0.001450653,0.015566919,0.1477885387794097
2006-06-28,86.60520935058594,0.006778572,-0.002080143,0.01458619,0.1467283998257876
2006-06-29,88.35469055175781,0.020200646,0.022577303,0.0135783555715351,0.1429492004893345
2006-06-30,88.36164855957031,7.875085939468285e-05,0.02282211323962,0.0210990172823728,0.1349970971759091
2006-07-03,88.72264862060547,0.004085484,0.0224818327669367,0.033395792,0.1230479051775546
2006-07-05,88.21582794189453,-0.005712416,0.025501883,0.0240142358802029,0.1311154773164368
2006-07-06,88.47269439697266,0.002911796,0.021563195,0.0194381979010442,0.1282171360128751
2006-07-07,87.89649963378906,-0.006512685,-0.005185813,0.0172744077664417,0.1315457711684763
2006-07-10,88.06311798095703,0.00189562,-0.003378508,0.0193665000605829,0.1311160697552074
2006-07-11,88.4519043,0.00441486,-0.003051581,0.019361647,0.1311135504342329
2006-07-12,87.50775146484375,-0.010674195,-0.008026638,0.017270551,0.1360186898167896
2006-07-13,86.08455657958984,-0.016263644,-0.026992936,-0.006011795,0.1593356370764923
2006-07-14,85.75134277,-0.003870773,-0.024405487,-0.029464738,0.1095786776886954
2006-07-17,85.62637329101562,-0.001457347,-0.027670434,-0.030955458,0.108651481932663
2006-07-18,86.06373596191406,0.005107803,-0.026999626,-0.029968815,0.110652156079204
2006-07-19,87.25782775878906,0.0138745057198472,-0.002856018,-0.010859731,0.1376746633120726
2006-07-20,86.66078186035156,-0.006842319,0.006693713,-0.020479907,0.1385056377277265
2006-07-21,86.04985809326172,-0.007049599,0.003481174,-0.021009273,0.1390171692665597
2006-07-24,87.61878967285156,0.0182328200691443,0.023268723,-0.005045566,0.1723221971401604
2006-07-25,87.93122863769531,0.00356589,0.0216989496784996,-0.00588654,0.1717023100470534
2006-07-26,88.04924774169922,0.001342175,0.009069902,0.006187981,0.162170788
2006-07-27,87.96594238,-0.000946122,0.0150605671267092,0.021855090831341,0.133010445687637
2006-07-28,88.84762573242188,0.0100230080611476,0.032513332,0.0361076906651482,0.133552545
2006-07-31,88.75734711,-0.001016106,0.0129944437526829,0.0365655311042643,0.1331036915905131
2006-08-01,88.31998443603516,-0.004927622,0.004421135,0.026216018,0.1393683276680322
2006-08-02,88.91702270507812,0.006759945,0.009855564,0.0190148550440156,0.1273474241328982
2006-08-03,89.15307617,0.002654761,0.0134953796538244,0.0287591948517105,0.1176147463721466
2006-08-04,89.00032043457031,-0.00171341,0.001718613,0.034287823,0.1076493134928186
2006-08-07,88.79206848144531,-0.002339901,0.000391194,0.0133907214762325,0.071851375
2006-08-08,88.4519043,-0.00383102,0.001493658,0.005921396,0.074963355
2006-08-09,88.15336608886719,-0.003375147,-0.008588419,0.001182501,0.077358735
2006-08-10,88.42411804199219,0.003071374,-0.008176478,0.005208557,0.078417245
2006-08-11,88.17422485351562,-0.002826075,-0.009281939,-0.007579278,0.058987284
2006-08-14,88.24362182617188,0.000787044,-0.006176753,-0.005787975,0.0594558611036742
2006-08-15,89.29882813,0.011957876,0.009574964,0.0110829241560133,0.081260674
2006-08-16,90.04168701171875,0.008318798,0.0214208601058745,0.01264847,0.084601141
2006-08-17,90.27076721191406,0.002544157,0.020883999,0.0125367635984237,0.084552274
2006-08-18,90.72898102,0.005075993,0.0289739566046087,0.0194230826929093,0.084737452
2006-08-21,90.34020233154295,-0.004285055,0.023759003,0.0174354970728176,0.087987515
2006-08-22,90.33325195,-7.69e-05,0.0115838454976924,0.0212697247301261,0.083216369
2006-08-23,90.08334350585938,-0.002766517,0.000462636,0.0218934058064961,0.082140326
2006-08-24,90.0069809,-0.000847688,-0.002922168,0.017900804543532,0.083297468
2006-08-25,90.11805725097656,0.001234086,-0.006733502,0.0220453585011972,0.07940248
2006-08-28,90.54845428466795,0.004775924,0.002305197,0.0261189694030952,0.079946194
2006-08-29,90.65262603759766,0.001150453,0.00353551,0.0151603099505697,0.0605560273653557
2006-08-30,90.70814514160156,0.000612438,0.006935818,0.007401662,0.047182973
2006-08-31,90.69425201416016,-0.000153163,0.007635753,0.004691273,0.046231085
2006-09-01,91.23574829101562,0.005970569,0.0124025203619992,0.005585506,0.0488684458838423
2006-09-05,91.40932465,0.001902504,0.009507289,0.0118344024793026,0.04090981242579
2006-09-06,90.60399627685548,-0.008810134,-0.000536441,0.002997172,0.064887462
2006-09-07,90.18747711,-0.004597139,-0.005740036,0.00115597,0.067896228
2006-09-08,90.44430541992188,0.002847716,-0.002755925,0.004858785,0.068941933
2006-09-11,90.53459167480467,0.000998253,-0.007685108,0.004622097,0.06888112
2006-09-12,91.42320251464844,0.009815153,0.000151821,0.009660554,0.081238684
2006-09-13,91.79113006591795,0.004024444,0.0131024440184184,0.0125589746054144,0.082682067
2006-09-14,91.79808807373048,7.580261630413254e-05,0.0178584767363787,0.0120159323115629,0.082843669
2006-09-15,92.0135498,0.002347127,0.017350395,0.0145466527506215,0.082644474
2006-09-18,92.13905334472656,0.001363968,0.017722084,0.00990078,0.078744012
2006-09-19,91.90896606445312,-0.002497174,0.005313351,0.005465979,0.080406862
2006-09-20,92.39703369140624,0.005310337,0.006600895,0.0197898270300556,0.063898071
2006-09-21,91.95076751708984,-0.004829876,0.001663209,0.019551389,0.064574799
2006-09-22,91.67189025878906,-0.003032898,-0.003713144,0.0135728262068868,0.068878686
2006-09-25,92.37615203857422,0.007682418,0.00257327,0.020340958,0.075734302
2006-09-26,93.14313507080078,0.008302825,0.013428168,0.0188128670714282,0.071649482
2006-09-27,93.25472259521484,0.001198022,0.009282645,0.0159448143654601,0.070673202
2006-09-28,93.21984863,-0.000373965,0.0138017457601622,0.01548791,0.070978793
2006-09-29,93.14313507080078,-0.000822932,0.016049029,0.0122762926602766,0.07175795
2006-10-02,92.79448699951172,-0.003743143,0.004528603,0.007113527,0.075948606
2006-10-03,92.98976898,0.002104457,-0.001646564,0.0117594938095868,0.073979237
2006-10-04,94.07752227783205,0.0116975588584349,0.008823142,0.01818769,0.089322612
2006-10-05,94.25880432128906,0.001926943,0.0111452196470405,0.025100789,0.081323404
2006-10-06,94.14025879,-0.00125766,0.0107052840502284,0.0269261223184691,0.07838031
2006-10-09,94.19605255126952,0.000592666,0.0151039743531875,0.019700978,0.073625107
2006-10-10,94.32154083251952,0.001332203,0.0143217029697608,0.012651558,0.064576529
2006-10-11,94.20999145507812,-0.00118265,0.001408085,0.0102436512948491,0.065741435
2006-10-12,95.02581787109376,0.008659659,0.008137315,0.019373226,0.075296192
2006-10-13,95.26987457,0.00256832,0.0119992848779235,0.0228330246811698,0.073731858
2006-10-16,95.41626739501952,0.001536612,0.0129539912841449,0.0282536223894593,0.066038038
2006-10-17,95.11644744873048,-0.003142231,0.008427625,0.022870026,0.072515093
2006-10-18,95.24195861816406,0.001319553,0.0109539035843986,0.012377413,0.049953799
2006-10-19,95.39539337158205,0.001611,0.003889211,0.0120581738594816,0.0498564047478698
2006-10-20,95.41626739501952,0.000218816,0.001536612,0.0135543350142699,0.048343365
2006-10-23,95.85559082,0.004604282,0.004604282,0.017617917,0.050716638
2006-10-24,96.14146423339844,0.002982334,0.0107764410063828,0.019294886,0.051009328
2006-10-25,96.46920013427734,0.003408892,0.0128855132120226,0.0239805634657812,0.048332974
2006-10-26,96.76898956298828,0.003107618,0.0143989782195859,0.0183441903573953,0.034050197
2006-10-27,96.16240692138672,-0.006268358,0.007819836,0.009368464,0.052513312
2006-10-30,96.09265899658205,-0.000725314,0.00247318,0.00708885,0.053016368
2006-10-31,96.07870483398438,-0.000145216,-0.000652782,0.0101166245277672,0.048890437
2006-11-01,95.43024444580078,-0.006749262,-0.010769818,0.001976921,0.0623833533772993
2006-11-02,95.37448120117188,-0.000584335,-0.014410695,-0.000219216,0.061969494
2006-11-03,95.20709991455078,-0.00175499,-0.009934308,-0.002192157,0.062550338
2006-11-06,96.28089904785156,0.0112785615176234,0.001958943,0.004436968,0.082676469
2006-11-07,96.65042877197266,0.003838038,0.005950579,0.005293913,0.083516222
2006-11-08,96.85967254638672,0.002164954,0.0149787743800422,0.004047638,0.082547829
2006-11-09,96.3506317138672,-0.005255447,0.0102349234344596,-0.004323264,0.085534572
2006-11-10,96.39248657226562,0.000434401,0.0124506119688421,0.002392615,0.079076968
2006-11-13,96.62956237792967,0.002459484,0.003621314,0.005587351,0.079591445
2006-11-14,97.35472869873048,0.007504601,0.007287085,0.0132810269138301,0.086623871
2006-11-15,97.63367462158205,0.002865253,0.007990963,0.023089432,0.074035384
2006-11-16,97.88465881347656,0.002570672,0.015921298,0.026319174,0.072272743
2006-11-17,97.91257477,0.000285192,0.0157697788474537,0.0284167342135599,0.069494433
2006-11-20,97.96829986572266,0.000569131,0.0138543263039627,0.017525811,0.0514161372928517
2006-11-21,98.06595611572266,0.000996815,0.007305525,0.0146458464978944,0.0501379
2006-11-22,98.26119232177734,0.001990866,0.006427267,0.0144695902695668,0.050076895
2006-11-24,97.86376953,-0.004044555,-0.000213407,0.015704493,0.045721823
2006-11-27,96.51800537109376,-0.013751403,-0.014243006,0.001302164,0.089768431
2006-11-28,96.93634796142578,0.004334348,-0.010533529,0.003174863,0.091596925
2006-11-29,97.94742584228516,0.0104303277575683,-0.001208679,0.006088016,0.098898202
2006-11-30,97.98928833007812,0.000427398,-0.002767155,0.003642326,0.098105742
2006-12-01,97.77310180664062,-0.002206226,-0.000926469,-0.001139678,0.098050935
2006-12-04,98.51921844482422,0.007631103,0.0207340906604542,0.006195769,0.105503475934647
2006-12-05,98.94455719,0.004317317,0.0207167824118437,0.009965033,0.1071009167200918
2006-12-06,98.86087036132812,-0.000845795,0.009325865,0.008105914,0.1075071830553368
2006-12-07,98.42858887,-0.004372625,0.004483149,0.001703588,0.1102903910311735
2006-12-08,98.60987091064452,0.001841762,0.008558275,0.007623877,0.1078916606646646
2006-12-11,98.89572906,0.00289888,0.003821697,0.0246350272646616,0.071252828
2006-12-12,98.81900787353516,-0.000775779,-0.001268886,0.01942161,0.072073154
2006-12-13,98.92360687,0.001058491,0.000634594,0.009966378,0.054306131
2006-12-14,99.79524230957033,0.008811197,0.0138847204670065,0.0184301162940261,0.066729149
2006-12-15,99.80430603027344,9.082317446562628e-05,0.0121127338328153,0.0207746730552722,0.063763596
2006-12-18,99.53089904785156,-0.002739431,0.006422623,0.010268865,0.059529853
2006-12-19,99.7201690673828,0.001901621,0.00911931,0.007838853,0.056973241
2006-12-20,99.66410064697266,-0.000562258,0.007485511,0.008124855,0.0567631196804691
2006-12-21,99.29952239990234,-0.00365807,-0.00496737,0.00884838,0.055021129
2006-12-22,98.68947601,-0.006143498,-0.011170159,0.000807273,0.064862301
2006-12-26,99.27148438,0.00589737,-0.002606373,0.00379951,0.070040323
2006-12-27,99.9235382080078,0.00656839,0.002039398,0.011177306453898,0.076067102
2006-12-28,99.71320343017578,-0.002104957,0.000492683,0.007981882,0.077779969
2006-12-29,99.29952239990234,-0.004148709,0.0,-0.00496737,0.066877282
2007-01-03,99.12419891357422,-0.001765603,0.004404957,-0.006814407,0.067074951
2007-01-04,99.33457946777344,0.002122393,0.000635581,-0.001972449,0.06732595
2007-01-05,98.54222106933594,-0.007976662,-0.013823741,-0.011812535,0.076388024
2007-01-08,98.99801635742188,0.004625381,-0.007172441,-0.006683292,0.081804256
2007-01-09,98.91387939453124,-0.000849885,-0.003883634,-0.003883634,0.080118271
2007-01-10,99.24344635009766,0.003331858,0.00120301,0.005613267,0.074979604
2007-01-11,99.67814636230467,0.004380138,0.003458684,0.004096463,0.072300123
2007-01-12,100.4354019165039,0.007597007,0.019211875139651,0.005122554,0.074888151
2007-01-16,100.23908996582033,-0.001954609,0.0125363482427534,0.005273991,0.074744196
2007-01-17,100.2811279296875,0.000419377,0.0138226156281142,0.0098853,0.070100724
2007-01-18,99.94456481933594,-0.003356196,0.007064632,0.008276142,0.072274335
2007-01-19,100.14089965820312,0.001964437,0.004642475,0.008117216,0.072199797
2007-01-22,99.83238983154295,-0.003080757,-0.006003979,0.01309254802872,0.058357434
2007-01-23,100.12689208984376,0.002949967,-0.001119303,0.0114030136558109,0.0562587689657736
2007-01-24,100.93321990966795,0.00805306,0.006502639,0.020415138,0.064577927
2007-01-25,99.74826049804688,-0.011740034,-0.001964132,0.005086625,0.093788851
2007-01-26,99.65710449,-0.000913861,-0.004831145,-0.000211098,0.091428567
2007-01-29,99.60099029541016,-0.000563073,-0.00231788,-0.008307943,0.081011081
2007-01-30,100.11984252929688,0.005209308,-7.04e-05,-0.00118963,0.08603366
2007-01-31,100.7929688,0.006723205,-0.001389544,0.005104059,0.0926746
2007-02-01,101.3959732055664,0.005982604,0.016518711,0.014522134,0.093577776
2007-02-02,101.5362319946289,0.001383278,0.0188559311653362,0.013933691,0.093535262
2007-02-05,101.5642547607422,0.000275988,0.0197112946318014,0.0173477258445036,0.09050105
2007-02-06,101.5923309326172,0.000276438,0.0147072584826473,0.0146358167340148,0.090492088
2007-02-07,101.8166732788086,0.002208261,0.0101565073586404,0.00875285,0.083033553
2007-02-08,101.68345642089844,-0.001308399,0.002835253,0.019400799,0.047561382
2007-02-09,100.92620849609376,-0.00744711,-0.006007939,0.0127347067765324,0.066160453
2007-02-12,100.5826187133789,-0.003404366,-0.009665173,0.009855609,0.06980654
2007-02-13,101.43106842041016,0.008435351,-0.001587349,0.013096563657994,0.076795092
2007-02-14,102.097168,0.006567017,0.002754899,0.012939386892997,0.076490367
2007-02-15,102.2303237915039,0.001304207,0.005378135,0.008228636,0.071935606
2007-02-16,102.18125915527344,-0.000479942,0.0124353295133272,0.00635268,0.072141451
2007-02-20,102.39866638183594,0.002127662,0.0180552832257434,0.008215603,0.072475939
2007-02-21,102.3566436767578,-0.000410383,0.009125165,0.007523331,0.07270392
2007-02-22,102.27945709228516,-0.000754095,0.001785447,0.004545266,0.072571491
2007-02-23,101.87979888916016,-0.003907512,-0.003428776,0.001930919,0.075463129
2007-02-26,101.78865814208984,-0.000894591,-0.003842202,0.008545349,0.063003877
2007-02-27,97.81301879882812,-0.039057783,-0.044782298,-0.027535572,0.2109828129415328
2007-02-28,98.81572723388672,0.0102512778704935,-0.034593909,-0.025784419,0.2138455848192881
2007-03-01,98.52121735,-0.002980395,-0.036744815,-0.035024974,0.207763512720627
2007-03-02,97.23102569580078,-0.013095572,-0.04562998,-0.048902301,0.2110282873561088
2007-03-05,96.30552673339844,-0.009518556,-0.053867803,-0.057503034,0.2105807047273865
2007-03-06,97.95325469970705,0.0171093811767415,0.001433714,-0.043412789,0.2380581281966258
2007-03-07,97.85507965,-0.001002264,-0.009721606,-0.043979207,0.2378039570642924
2007-03-08,98.68247223,0.008455285,0.001636753,-0.035168205,0.2460905452912124
2007-03-09,98.71051788330078,0.000284201,0.0152162560963695,-0.031108041,0.2467777156161651
2007-03-12,98.85778045654295,0.001491863,0.026501633,-0.028793755,0.2476492067417833
2007-03-13,96.93658447265624,-0.019433938,-0.010379137,-0.008960303,0.1766251606888425
2007-03-14,97.65877532958984,0.007450137,-0.002006072,-0.011708176,0.1722026371059468
2007-03-15,97.7919464111328,0.001363637,-0.009024154,-0.007402171,0.1722721300807712
2007-03-16,97.51816559,-0.002799625,-0.012079283,0.002953171,0.1587327714153306
2007-03-19,98.69372559,0.0120547796450622,-0.001659504,0.02479815,0.1581587548746932
2007-03-20,99.23578643798828,0.005492354,0.02371862,0.0130933039663978,0.1375105615351065
2007-03-21,100.86895751953124,0.0164574811180997,0.0328714155907374,0.030799401,0.1559016102685002
2007-03-22,100.79147338867188,-0.000768166,0.030672536,0.021371588,0.1538621370455647
2007-03-23,100.93934631347656,0.001467117,0.035082497,0.022579442,0.1535728114251335
2007-03-26,100.80561065673828,-0.001324911,0.021398372,0.0197033576032141,0.154623694
2007-03-27,100.56626892089844,-0.00237429,0.0134072851202884,0.037443907,0.1037772027548185
2007-03-28,99.83416748046876,-0.007279791,-0.010258756,0.02227544,0.1146538298473204
2007-03-29,99.93973541259766,0.001057433,-0.008450496,0.021962841320646,0.1147288097272112
2007-03-30,99.96087646484376,0.000211538,-0.009693642,0.025048777955642,0.1120197541794997
2007-04-02,100.0734863,0.001126539,-0.007262734,0.013980227557486,0.098540492
2007-04-03,101.15052032470705,0.0107624310504244,0.005809616,0.019294792,0.1077773258311745
2007-04-04,101.2631836,0.001113818,0.0143138982308919,0.003908299,0.071197684
2007-04-05,101.53771209716795,0.00271104,0.0159894027933247,0.007403788,0.071740603
2007-04-09,101.67850494384766,0.001386606,0.0171830073899761,0.0073228,0.071719112
2007-04-10,101.79817199707033,0.001176916,0.017234191914633,0.009846291,0.07079687
2007-04-11,101.38285064697266,-0.004079851,0.002296877,0.008119837,0.073530647
2007-04-12,101.83336639404295,0.004443708,0.005630702,0.0200251974251735,0.059611134
2007-04-13,102.2979736328125,0.004562426,0.007487479,0.023596603,0.0606615617808586
2007-04-16,103.2694091796875,0.009496137,0.015646416,0.033098276,0.068881812
2007-04-17,103.5439224243164,0.002658224,0.017149133,0.0346788767287711,0.067970382
2007-04-18,103.67064666748048,0.001223869,0.0225659074084847,0.0249146157101662,0.05470306
2007-04-19,103.6424789428711,-0.000271704,0.0177654202437713,0.023496154,0.056088952
2007-04-20,104.6209716796875,0.009441039,0.022708153,0.0303656594071073,0.066563353
2007-04-23,104.22675323486328,-0.003768063,0.009270355,0.0250618190385756,0.074612753
2007-04-24,104.26900482177734,0.000405381,0.007002655,0.0242718781313493,0.075091424
2007-04-25,105.22639465332033,0.009181922,0.0150066391582357,0.037911185,0.07245816
2007-04-26,105.34602355957033,0.001136872,0.016436741325323,0.034494167,0.073450224
2007-04-27,105.26155090332033,-0.000801859,0.006122857,0.0289700486262343,0.075979421
2007-04-30,104.38874053955078,-0.008291825,0.001554182,0.0108389441631806,0.084534959
2007-05-01,104.6562042236328,0.002562189,0.003713466,0.0107421254021877,0.08448648
2007-05-02,105.26863861083984,0.005851869,0.000401458,0.0154141214965588,0.087832414
2007-05-03,105.83882904052734,0.005416527,0.004677969,0.0211916013593895,0.089170297
2007-05-04,106.2401123046875,0.003791456,0.009296475,0.015476253,0.080233271
2007-05-07,106.2611846923828,0.000198347,0.017937223,0.019519283,0.075186014
2007-05-08,106.12042236328124,-0.001324682,0.0139907437930737,0.0177561639210852,0.076665087
2007-05-09,106.40906524658205,0.002719956,0.0108334889744148,0.0112392959690215,0.065179848
2007-05-10,105.2968292236328,-0.010452456,-0.005120992,-0.000466979,0.087326727
2007-05-11,106.19781494140624,0.008556627,-0.00039813,0.008894644,0.097108652
2007-05-14,105.9655532836914,-0.002187066,-0.00278212,0.015105199,0.085005361
2007-05-15,105.99371337890624,0.000265748,-0.001194011,0.0127800273781706,0.084993625
2007-05-16,106.7187728881836,0.00684059,0.002910538,0.0137755583854812,0.086611124
2007-05-17,106.50760650634766,-0.001978718,0.0114987060070286,0.006318829,0.084906074
2007-05-18,107.43680572509766,0.008724252,0.0116668199282161,0.011264045,0.093230596
2007-05-21,107.38044738769533,-0.000524572,0.013352397,0.0105331283342329,0.093504459
2007-05-22,107.29601287841795,-0.000786312,0.0122865730239702,0.011077891,0.093157785
2007-05-23,107.31006622314452,0.000130977,0.005540668,0.008467333,0.092817021
2007-05-24,106.33863830566406,-0.009052533,-0.001586443,0.009894021,0.08819084
2007-05-25,106.78211212158205,0.004170392,-0.006093755,0.00550197,0.080037804
2007-05-29,107.1692352294922,0.003625355,-0.001966952,0.0113591814368041,0.079769451
2007-05-30,108.04218292236328,0.008145506,0.006954313,0.0193263305733442,0.086841236
2007-05-31,107.9295654296875,-0.001042347,0.005772983,0.011345638,0.083302879
2007-06-01,108.46452331542967,0.004956546,0.0199916516107239,0.0183734934365031,0.083305095
2007-06-04,108.47864532470705,0.000130199,0.0158878033915768,0.009697232,0.074062494
2007-06-05,108.04924774169922,-0.00395836,0.008211428,0.006228325,0.077915348
2007-06-06,106.88770294189452,-0.010750142,-0.010685456,-0.003805453,0.09676753
2007-06-07,104.95891571044922,-0.018044987,-0.027523966,-0.021909878,0.1310912159710397
2007-06-08,106.32456970214844,0.01301132,-0.019729526,-0.0001323,0.1447880909227887
2007-06-11,106.50760650634766,0.001721491,-0.018169833,-0.002570708,0.1433392358723141
2007-06-12,105.34602355957033,-0.010906103,-0.025018445,-0.017012454,0.1507906082212187
2007-06-13,106.9229507446289,0.0149690242856379,0.000329765,-0.010359215,0.1663226098712809
2007-06-14,107.60575103759766,0.00638591,0.0252178226997912,-0.003000238,0.1703892647719089
2007-06-15,108.21800231933594,0.005689764,0.017808044,-0.002272826,0.1710548735340367
2007-06-18,108.09075927734376,-0.001175803,0.0148642225933575,-0.00357569,0.1711152157036878
2007-06-19,108.35940551757812,0.002485377,0.0286046103705455,0.002870522,0.1703195151301692
2007-06-20,106.85353088378906,-0.013897037,-0.000649251,-0.000319701,0.176670355057115
2007-06-21,107.44740295410156,0.005557814,-0.001471558,0.0237091554043618,0.146179576885438
2007-06-22,106.43636322021484,-0.009409625,-0.016463426,0.001051436,0.1438517405330878
2007-06-25,105.92731475830078,-0.004782656,-0.020015074,-0.00544836,0.1455476216054007
2007-06-26,104.83863830566406,-0.01027758,-0.03249157,-0.004816368,0.1443194089499838
2007-06-27,106.3303680419922,0.0142288164023924,-0.004896074,-0.005542147,0.1421370554103591
2007-06-28,106.31619262695312,-0.000133315,-0.010528038,-0.011984103,0.136941395584712
2007-06-29,106.3515853881836,0.000332901,-0.000796512,-0.017246825,0.1319766484483583
2007-07-02,107.31307220458984,0.009040644,0.0130821540171297,-0.00719476,0.1426607089619021
2007-07-03,107.70188903808594,0.003623201,0.027311026,-0.006067923,0.1434808112816865
2007-07-05,107.58877563476562,-0.001050245,0.0118348842004991,0.006880865,0.1231227949393323
2007-07-06,108.15435791015624,0.005256889,0.0172896078930606,0.006579544,0.1228000844312219
2007-07-09,108.23919677734376,0.000784424,0.017748785,0.0169381356388407,0.109257136514504
2007-07-10,106.69798278808594,-0.014238964,-0.005731729,0.007275442,0.1327579897832118
2007-07-11,107.45446014404295,0.007089894,-0.00229735,0.0249509329828598,0.1203912648646008
2007-07-12,109.15119171142578,0.0157902386286092,0.01452211,0.0265288620868837,0.1248264144416842
2007-07-13,109.47643280029295,0.00297973,0.0122239631918943,0.029724919,0.1238576077045178
2007-07-16,109.4623031616211,-0.000129066,0.0113000319726443,0.0292493784844238,0.1241534168535204
2007-07-17,109.4057388305664,-0.000516747,0.0253777622755846,0.0195005751208663,0.1201550199536007
2007-07-18,109.20779418945312,-0.001809271,0.016316996,0.0139821609891601,0.121138865531518
2007-07-19,109.63197326660156,0.003884147,0.00440473,0.0189908066132478,0.1208585890035422
2007-07-20,108.5219497680664,-0.010124998,-0.008718616,0.003398771,0.1329867146570832
2007-07-23,108.85431671142578,0.00306267,-0.0055543,0.005682968,0.1336750451270166
2007-07-24,106.9666519165039,-0.017341203,-0.022293958,0.002518034,0.1438375115362659
2007-07-25,107.185791,0.002048667,-0.018515191,-0.002500307,0.1393182698010492
2007-07-26,104.64776611328124,-0.023678744,-0.04546308,-0.041258602,0.1526075980659506
2007-07-27,102.59040832519533,-0.019659835,-0.054657527,-0.062899606,0.1647735687840706
2007-07-30,104.19527435302734,0.0156434315257314,-0.042800713,-0.048117285,0.1974375622536503
2007-07-31,103.02165222167967,-0.011263679,-0.03688065,-0.058352392,0.1982037305167115
2007-08-01,103.52359771728516,0.004872233,-0.03416678,-0.052049366,0.2048151598810698
2007-08-02,104.35079193115234,0.007990393,-0.002837845,-0.048171908,0.2108930211558039
2007-08-03,101.6642837524414,-0.025744972,-0.009027399,-0.063191511,0.2350375960290341
2007-08-06,103.36808013916016,0.0167590457910233,-0.007938884,-0.050399807,0.2592937442285608
2007-08-07,104.47103118896484,0.0106701319045476,0.0140686830004086,-0.02333083,0.2602037196422175
2007-08-08,105.92731475830078,0.013939592,0.023219025362507,-0.011741074,0.2722543905894816
2007-08-09,102.78834533691406,-0.029633239,-0.014973021,-0.017768375,0.2873368378216455
2007-08-10,102.3076629638672,-0.004676429,0.006328468,-0.00275606,0.2703742981477262
2007-08-13,102.6752471923828,0.00359293,-0.006702581,-0.014588254,0.257114042
2007-08-14,101.10572814941406,-0.015286246,-0.032212787,-0.018597295,0.2621997723477751
2007-08-15,99.71300506591795,-0.013774918,-0.058665791,-0.036808928,0.2656957599851747
2007-08-16,100.46238708496094,0.007515389,-0.022628618,-0.037262821,0.2651248390608181
2007-08-17,102.3076629638672,0.018367828,0.0,0.006328468,0.2545221666412241
2007-08-20,102.25809478759766,-0.000484501,-0.004062833,-0.010738183,0.2383548692172602
2007-08-21,102.46316528320312,0.002005421,0.0134259171921797,-0.019219356,0.2303335621464718
2007-08-22,103.6791763305664,0.011867787258009,0.0397758673708257,-0.021223406,0.2265624770110327
2007-08-23,103.58724975585938,-0.000886645,0.0311048021211735,0.007772325,0.1665899297741311
2007-08-24,104.86690521240234,0.012353407,0.0250151569725429,0.0250151569725429,0.1726700126125548
2007-08-27,103.89127349853516,-0.009303523,0.015971143549367,0.011843422240551,0.1823084649473949
2007-08-28,101.6076889038086,-0.021980524,-0.008349111,0.004964711,0.2013952586899863
2007-08-29,103.60138702392578,0.0196215280716069,-0.000750289,0.038995735,0.2045533989984851
2007-08-30,103.32564544677734,-0.002661563,-0.002525449,0.0285008,0.2059027993863491
2007-08-31,104.34371948242188,0.009853062,-0.004989045,0.0199013100247806,0.1919445541572507
2007-09-04,105.39712524414062,0.0100955358592158,0.0144944969379618,0.030697134,0.1953681870881133
2007-09-05,104.48513793945312,-0.008652867,0.028319206,0.019733654046909,0.2041632219795848
2007-09-06,104.72551727294922,0.002300608,0.0108505328096024,0.0100921031533536,0.1967709824751937
2007-09-07,103.26912689208984,-0.013906738,-0.000546994,-0.003071062,0.2107611901601853
2007-09-10,103.07118225097656,-0.001916784,-0.012195628,-0.017123829,0.1987402610864683
2007-09-11,104.27300262451172,0.0116601007894596,-0.010665591,0.003674314,0.2039448207940162
2007-09-12,104.54171752929688,0.002577032,0.000541508,0.0288760492157824,0.161108724348352
2007-09-13,105.27694702148438,0.007032881,0.005265476,0.0161731425195266,0.1347566944546479
2007-09-14,105.26983642578124,-6.75e-05,0.0193737430915053,0.0188161513107154,0.1330576604101216
2007-09-17,104.7043228149414,-0.005372038,0.0158447834622501,0.003455918,0.129471469197177
2007-09-18,107.78670501708984,0.0294389201828502,0.0336971440750681,0.0226721532244265,0.1916283084323705
2007-09-19,108.4229965209961,0.005903247,0.037126604,0.037688217,0.1820028088035663
2007-09-20,107.65953063964844,-0.007041549,0.0226315797102079,0.0280162222455508,0.1899749227668115
2007-09-21,107.9499969482422,0.002698008,0.02545991,0.045326906,0.1657556456390325
2007-09-24,107.75110626220705,-0.001842433,0.029098927,0.045404777,0.1656755644842253
2007-09-25,107.53800964355467,-0.001977675,-0.002307292,0.0313121031989487,0.1632973135838032
2007-09-26,108.10627746582033,0.005284344,-0.002921143,0.0340970095074677,0.1636036099090427
2007-09-27,108.7455596923828,0.005913461,0.0100876257427637,0.032947504,0.1630040950021749
2007-09-28,108.38329315185548,-0.003331323,0.00401386,0.029575962,0.1656897924245153
2007-10-01,109.60509490966795,0.0112729713434767,0.017206215,0.046805824,0.1632839925551772
2007-10-02,109.4559326171875,-0.001360907,0.0178348379330244,0.0154863960247508,0.088204513
2007-10-03,109.2357406616211,-0.002011695,0.0104477114768648,0.007496049,0.086197496
2007-10-04,109.4062271118164,0.00156072,0.006075351,0.01622426237408,0.074407071
2007-10-05,110.70614624023438,0.0118815826368769,0.0214318371478561,0.025531722,0.090641313
2007-10-08,110.11649322509766,-0.00532629,0.004665826,0.021952321836349,0.096832266
2007-10-09,111.15364074707033,0.009418639,0.015510425879065,0.03362189,0.099946224
2007-10-10,110.96900177001952,-0.001661115,0.015867161,0.026480648,0.1021998309987323
2007-10-11,110.4361801147461,-0.004801536,0.009414025,0.0155465696911734,0.1066358397875401
2007-10-12,111.0470962524414,0.005531848,0.003079775,0.0245776172980247,0.1045037022378557
2007-10-15,110.10941314697266,-0.008444013,-6.43e-05,0.00460123,0.104768003275524
2007-10-16,109.2357406616211,-0.007934585,-0.017254496,-0.002011695,0.1128827885657686
2007-10-17,109.5695801,0.003056137,-0.012610924,0.003056137,0.1134438910108445
2007-10-18,109.1718292236328,-0.003630121,-0.011448702,-0.002142455,0.1148487296502862
2007-10-19,106.31623840332033,-0.026156847,-0.042602265,-0.039653696,0.1547137615379867
2007-10-22,106.93421173095705,0.005812596,-0.028836784,-0.028899227,0.1619644141807217
2007-10-23,107.80084228515624,0.008104334,-0.013135796,-0.030163641,0.1592819585470947
2007-10-24,107.60194396972656,-0.001845053,-0.017957868,-0.030342328,0.1592409389994033
2007-10-25,107.85767364501952,0.002376627,-0.012037497,-0.023348385,0.1610723642748958
2007-10-26,109.1220703,0.0117228253192429,0.0263913768142878,-0.017335221,0.1721334155364431
2007-10-29,109.48430633544922,0.003319549,0.023847322,-0.005677142,0.1693232519060947
2007-10-30,108.72431182861328,-0.006941584,0.008566441,-0.004681882,0.1681747897786245
2007-10-31,109.85369110107422,0.0103875504334414,0.0209266398754019,0.002592974,0.1762488361537481
2007-11-01,107.28231048583984,-0.023407321,-0.005334467,-0.01730775,0.2128135805178962
2007-11-02,107.40302276611328,0.001125183,-0.015753436,0.0102221859907247,0.1631694139738938
2007-11-05,106.5861358642578,-0.007605809,-0.026471104,-0.003255047,0.1661158411183359
2007-11-06,108.02104949951172,0.0134624791828585,-0.006468308,0.002042723,0.175592253
2007-11-07,105.06602478027344,-0.027356008,-0.043582207,-0.023567596,0.2241417757835813
2007-11-08,104.5333023071289,-0.005070359,-0.025624058,-0.030821834,0.22291309883443
2007-11-09,103.0984344482422,-0.013726419,-0.040078838,-0.055200894,0.2120783624928643
2007-11-12,102.07552337646484,-0.009921694,-0.042318942,-0.067669817,0.2068707695813962
2007-11-13,105.18677520751952,0.030479901,-0.026238167,-0.032536758,0.2793008156837758
2007-11-14,104.89558410644533,-0.002768324,-0.001622224,-0.045133731,0.2690487314890151
2007-11-15,103.38255310058594,-0.014424163,-0.011008446,-0.036350423,0.2547522012197659
2007-11-16,103.56013488769533,0.001717715,0.004478249,-0.035780072,0.2550758225554944
2007-11-19,102.11813354492188,-0.01392429,0.000417438,-0.04191917,0.2598364738467322
2007-11-20,102.74321746826172,0.006121184,-0.023230656,-0.048859292,0.2482562098038915
2007-11-21,100.64063262939452,-0.020464464,-0.040563685,-0.042120106,0.2327158959132007
2007-11-23,102.3809814453125,0.017292705,-0.009688014,-0.02058981,0.2562557457296328
2007-11-26,100.12210845947266,-0.022063404,-0.033198358,-0.02886878,0.2700205738772508
2007-11-27,101.2728271484375,0.0114931527778465,-0.008277731,-0.007863748,0.2755390089418595
2007-11-28,104.5119629,0.031984253,0.0172152037472417,-0.006415372,0.2803597880994069
2007-11-29,104.54751586914062,0.000340181,0.038820138,-0.003318235,0.280090829
2007-11-30,105.5988311767578,0.0100558611926571,0.031430151,0.021437641,0.2721082258846306
2007-12-03,104.90267944335938,-0.006592419,0.047747406,0.012963912775123,0.2757414116824564
2007-12-04,103.96497344970705,-0.008938818,0.0265831060223449,0.0180853276560595,0.2690252018627783
2007-12-05,105.70533752441406,0.016739907845491,0.0114185457892315,0.028830322128732,0.278769783320097
2007-12-06,107.21836853027344,0.014313667,0.025546783,0.06535865,0.2500468981960284
2007-12-07,107.1970672607422,-0.000198672,0.0151349789213968,0.047040825,0.2441822776311257
2007-12-10,108.02816772460938,0.007753015,0.0297941701568982,0.078964171,0.1931801146652137
2007-12-11,105.06602478027344,-0.027420098,0.0105905988722156,0.0374552359072208,0.2592310662606436
2007-12-12,106.1031265258789,0.009870953,0.003763187,0.0152247033855741,0.2112492352369264
2007-12-13,105.88297271728516,-0.002074904,-0.012454916,0.0127736832103795,0.2119966324192726
2007-12-14,104.54041290283205,-0.012679657,-0.024782901,-0.010023011,0.2165304186886798
2007-12-17,103.04869842529295,-0.014269261,-0.046094175,-0.017673343,0.2254062683605055
2007-12-18,103.62406158447266,0.00558341,-0.013724353,-0.003279103,0.2241155811394439
2007-12-19,103.62406158447266,0.0,-0.023364674,-0.019689412,0.2034050526071061
2007-12-20,104.27757263183594,0.006306557,-0.015162023,-0.027428098,0.1889805671541225
2007-12-21,105.78076934814452,0.0144153405029459,0.0118648512175418,-0.013212096,0.2077334359055296
2007-12-24,106.5662612915039,0.007425659,0.034134957,-0.013532641,0.2073422568147608
2007-12-26,106.79485321044922,0.002145068,0.03059899,0.016454685839607,0.1474660178217559
2007-12-27,105.45230865478516,-0.012571248,0.0176430748067344,-0.006133824,0.1553528934847725
2007-12-28,105.1880340576172,-0.002506105,0.008731134,-0.006563271,0.1554847273200789
2007-12-31,104.40967559814452,-0.007399686,-0.012961654,-0.001250591,0.145982112
2008-01-02,103.4956283569336,-0.00875443,-0.028814307,0.004337075,0.133031149039324
2008-01-03,103.44564056396484,-0.000482994,-0.03136118,-0.001721811,0.1299448898696355
2008-01-04,100.91056823730467,-0.024506323,-0.043069142,-0.026185939,0.1783946662133488
2008-01-07,100.82489776611328,-0.000848974,-0.041479398,-0.033110426,0.1718978543724614
2008-01-08,99.19667816,-0.016148983,-0.049928298,-0.062242799,0.1508450052560964
2008-01-09,100.23928833007812,0.010510535,-0.031463551,-0.059371258,0.159299638
2008-01-10,100.89627075195312,0.006554141,-0.024644536,-0.055232835,0.1670067305852108
2008-01-11,100.08218383789062,-0.008068553,-0.008209095,-0.050924678,0.16324288
2008-01-14,100.88909912109376,0.008062527,0.000636761,-0.040869049,0.1761723793943391
2008-01-15,98.66824340820312,-0.022012841,-0.005327142,-0.054989465,0.1977662930641467
2008-01-16,97.81849670410156,-0.00861216,-0.024150128,-0.05485383,0.1977034209775997
2008-01-17,95.28336334228516,-0.025916707,-0.055630474,-0.078904023,0.2194614964116552
2008-01-18,94.30504608154295,-0.010267451,-0.057723938,-0.065459171,0.200473196742661
2008-01-22,93.34813690185548,-0.010146956,-0.074745064,-0.074155898,0.1983296468024637
2008-01-23,95.59046173095705,0.024021099,-0.031193235,-0.036354206,0.2465310611251648
2008-01-24,96.39736938476562,0.008441299,-0.014528206,-0.038327476,0.2434169402511857
2008-01-25,95.00489044189452,-0.014445197,-0.002922576,-0.058390466,0.2412356043773756
2008-01-28,96.57592010498048,0.016536303,0.0240800902793041,-0.035033845,0.2654337872396333
2008-01-29,97.05435943603516,0.004954023,0.03970323,-0.038009455,0.2621017447313271
2008-01-30,96.34026336669922,-0.007357692,0.007843896,-0.023594015,0.2431404817157835
2008-01-31,98.09693908691406,0.0182340763749879,0.0176308722218827,0.002846521,0.2603051297307468
2008-02-01,99.6751709,0.0160884919164003,0.0491583163226669,0.0460920710825005,0.2242890755770473
2008-02-04,98.41828155517578,-0.012609854,0.0190768200623159,0.043616282,0.2288992141983797
2008-02-05,95.78327178955078,-0.02677358,-0.013096657,0.026086593,0.2699616886071117
2008-02-06,95.01198578,-0.008052408,-0.013787357,-0.006051607,0.246015459630705
2008-02-07,95.6404266357422,0.006614332,-0.025041683,-0.007852317,0.2443216976337634
2008-02-08,95.02631378173828,-0.006421059,-0.046640072,0.000225497,0.2347993642800412
2008-02-11,95.51189422607422,0.005109958,-0.02953097,-0.011017507,0.2189002256286041
2008-02-12,96.39736938476562,0.009270837,0.006411324,-0.0067693,0.2232294981378644
2008-02-13,97.38287353515624,0.0102233510798104,0.0249535649309253,0.0108221643996191,0.2257370070493003
2008-02-14,96.52590942382812,-0.008799947,0.009258457,-0.016015073,0.20865888
2008-02-15,96.50450134277344,-0.000221786,0.0155555603727861,-0.031810024,0.1847850281447517
2008-02-19,96.77585602,0.002811834,0.013233554,-0.016688216,0.1788377701091226
2008-02-20,97.06152344,0.002951846,0.006889753,0.0133452493746268,0.1112872216790109
2008-02-21,96.25457000732422,-0.008313834,-0.011586262,0.0130781839610047,0.1119115670016149
2008-02-22,96.84726715,0.0061576,0.003329238,0.0126185187330156,0.1113288271485068
2008-02-25,98.06839752197266,0.0126088263202237,0.0162054221040366,0.0320130668987286,0.1153969589898554
2008-02-26,98.8039093017578,0.007499988,0.0209561905948194,0.034467069,0.117126995478832
2008-02-27,98.70393371582033,-0.001011859,0.016921332,0.0239276688334526,0.1140766534398447
2008-02-28,97.73989105,-0.009767014,0.0154311742788819,0.003666122,0.119646647222184
2008-02-29,95.56185150146484,-0.022284039,-0.013272606,-0.009987556,0.1607414014311909
2008-03-03,95.33337402,-0.002390886,-0.027888938,-0.012135468,0.1608324495218985
2008-03-04,94.96916961669922,-0.003820324,-0.038811619,-0.018668772,0.1596723557705565
2008-03-05,95.56903839111328,0.006316458,-0.031760592,-0.015376691,0.1633488324075233
2008-03-06,93.59095001220705,-0.020698004,-0.0424488,-0.02767266,0.1878106493051284
2008-03-07,92.62693024,-0.010300352,-0.030712269,-0.043577243,0.1841172905276178
2008-03-10,91.40578461,-0.013183484,-0.041198473,-0.06793843,0.1616117204928778
2008-03-11,94.69069672,0.035937683,-0.002932245,-0.041630059,0.2636885151926565
2008-03-12,93.80516052246094,-0.009351882,-0.018456583,-0.049630982,0.2642588285052403
2008-03-13,94.01228332519533,0.002208011,0.00450186,-0.038138038,0.2649885829148491
2008-03-14,92.55549621582033,-0.01549571,-0.000771201,-0.031459785,0.2536475749116701
2008-03-17,91.62003326416016,-0.010107049,0.002343929,-0.03895111,0.256009061
2008-03-18,95.42621612548828,0.041543129,0.0077676,0.004812578,0.3427423360393374
2008-03-19,93.06250762939452,-0.024770012,-0.007916973,-0.026227435,0.3633518816993825
2008-03-20,94.78632354736328,0.0185232051218042,0.008233395,0.0127723197061291,0.361452803
2008-03-24,96.68085479736328,0.0199873903649541,0.04457173,0.0437661547260859,0.3657183946080559
2008-03-25,96.77415466308594,0.000965029,0.056255398,0.058731185,0.3532145127199788
2008-03-26,95.59004974365234,-0.012235756,0.001716862,0.009497797,0.3198862955134205
2008-03-27,95.2886199951172,-0.003153359,0.0239206144604202,0.0158142629296076,0.3156868609411885
2008-03-28,94.37723541259766,-0.009564464,-0.004315898,0.003881962,0.3206967860108842
2008-03-31,94.70735168457033,0.003497838,-0.020412553,0.023249354,0.307977512330901
2008-04-01,98.03721618652344,0.035159514,0.0130516409865297,0.070041264,0.3385382659437017
2008-04-02,98.10179901123048,0.000658758,0.0262762627942341,0.0280382372305709,0.2786261604250883
2008-04-03,98.34576416015624,0.002486857,0.032082993,0.056771053,0.2326135512928029
2008-04-04,98.23815918,-0.00109415,0.040909482,0.036417022,0.2228131124276817
2008-04-07,98.2883758544922,0.000511173,0.03781147,0.0166270877569107,0.2034910336315682
2008-04-08,98.18791961669922,-0.001022056,0.001537206,0.0146089103907467,0.203942304996556
2008-04-09,97.47746276855467,-0.007235685,-0.006364167,0.0197448691570294,0.1958815291374896
2008-04-10,97.6138153076172,0.001398811,-0.007442607,0.024401605,0.1938345715243552
2008-04-11,95.71923065185548,-0.019408981,-0.02564104,0.0142194802951249,0.2159952012625034
2008-04-14,95.3962860107422,-0.003373874,-0.029424536,0.007274349,0.2169636788646427
2008-04-15,95.61872100830078,0.002331695,-0.026166138,-0.024669154,0.1052620739517874
2008-04-16,98.20943450927734,0.0270942078460938,0.007509138,0.001097182,0.1825636539894338
2008-04-17,98.35298919677734,0.00146172,0.007572431,7.346566151378298e-05,0.1822714906555617
2008-04-18,99.3791961669922,0.0104339174497449,0.03823647,0.0116150078221397,0.189268960316308
2008-04-21,99.42941284179688,0.000505304,0.042277608,0.011609074,0.1892695772682073
2008-04-22,98.99163055419922,-0.004402946,0.035274573,0.008185436,0.1911418961155838
2008-04-23,98.83382415771484,-0.001594139,0.006357736,0.0139146152416853,0.1864756649296009
2008-04-24,99.26437377929688,0.004356298,0.009266466,0.016909066,0.187045482199318
2008-04-25,100.1829833984375,0.009254172,0.008088083,0.046633813,0.1474524324767988
2008-04-28,100.20448303222656,0.000214604,0.00779518,0.0504023502649038,0.1430489538519842
2008-04-29,99.80979919433594,-0.003938784,0.008265028,0.0438311466817393,0.1495950738417554
2008-04-30,99.22130584716795,-0.005896148,0.003920537,0.010303199,0.088119639
2008-05-01,101.27373504638672,0.0206853677412806,0.020242522,0.029696564115258,0.1324097205796265
2008-05-02,101.5536651611328,0.002764094,0.0136817822368493,0.0218805250797837,0.125719485142863
2008-05-05,101.06566619873048,-0.004805331,0.008594258,0.0164564318562059,0.1304551413247492
2008-05-06,101.94116973876952,0.00866272,0.021354322,0.029795844,0.1299293504159028
2008-05-07,100.12555694580078,-0.017810398,0.009113477,0.0130697440789566,0.1662931373693624
2008-05-08,99.86721039,-0.002580226,-0.013888346,0.006073041,0.1664259939911685
2008-05-09,99.6806182861328,-0.001868402,-0.018443912,-0.005014475,0.1595588713719604
2008-05-12,100.80010986328124,0.0112307848446018,-0.002627562,0.005944114,0.1700931561674901
2008-05-13,100.8144531,0.000142294,-0.011052616,0.0100656843193116,0.1682378004573001
2008-05-14,101.02259826660156,0.002064636,0.008959164,0.0181542905936771,0.1637170145649238
2008-05-15,102.2856674194336,0.0125028377264535,0.0242167276110893,0.009992051,0.140922177
2008-05-16,102.37896728515624,0.00091215,0.027069946,0.008126759,0.1405904645873108
2008-05-19,102.65880584716795,0.00273336,0.018439424187213,0.0157634111400881,0.1371583578952262
2008-05-20,101.82633209228516,-0.008109131,0.0100370426652072,-0.001126509,0.1388042266196723
2008-05-21,100.1040039,-0.016914369,-0.009092959,-0.00021526,0.1356358615050655
2008-05-22,100.1183853149414,0.000143665,-0.021188522,0.002515089,0.1348656377543404
2008-05-23,98.77638244628906,-0.01340416,-0.03518872,-0.009071331,0.1514348516659336
2008-05-27,99.50839996,0.007410856,-0.030688121,-0.012814568,0.1439156748176914
2008-05-28,99.96767426,0.004615432,-0.018253214,-0.00839938,0.146850803915683
2008-05-29,100.47000885009766,0.00502497,0.003656247,-0.005469958,0.1492033443001447
2008-05-30,100.72119903564452,0.002500151,0.006021009,-0.015295089,0.1322676060423978
2008-06-02,99.6806182861328,-0.010331298,0.009154373,-0.026356478,0.1384056672195641
2008-06-03,99.0993194580078,-0.005831613,-0.004111015,-0.034672977,0.135760199
2008-06-04,99.04909515,-0.000506808,-0.009188761,-0.027274251,0.1338677659766527
2008-06-05,101.02981567382812,0.0199973610757753,0.00557188,0.009248499,0.1514386366501979
2008-06-06,97.80755615234376,-0.031894144,-0.028927802,-0.023080967,0.2242039371817168
2008-06-09,98.04441833496094,0.002421717,-0.016414424,-0.007410315,0.2160704421824833
2008-06-10,97.55638122558594,-0.004977714,-0.015569615,-0.019616623,0.2120265815521713
2008-06-11,96.12109375,-0.014712389,-0.029561112,-0.038478243,0.217529366164686
2008-06-12,96.48709869384766,0.003807748,-0.044964122,-0.039642777,0.2162237305429066
2008-06-13,97.70709991455078,0.01264419,-0.001027081,-0.029925171,0.2302421902602042
2008-06-16,97.76451110839844,0.000587585,-0.002854902,-0.019222465,0.2269258775148705
2008-06-17,97.29086303710938,-0.004844785,-0.00272169,-0.018248929,0.226494287857551
2008-06-18,96.34358215332033,-0.009736586,0.002314668,-0.027314868,0.2297934530736576
2008-06-19,96.46554565429688,0.001265922,-0.000223377,-0.045177456,0.194599512228042
2008-06-20,94.89977264404295,-0.016231422,-0.02873207,-0.029729641,0.1416395740999253
2008-06-23,94.80600739,-0.000988045,-0.03026153,-0.033030039,0.139009998620405
2008-06-24,94.61852264404295,-0.001977562,-0.027467537,-0.030114469,0.1388230850727998
2008-06-25,95.06567383,0.004725831,-0.013264073,-0.010980107,0.1267450013580661
2008-06-26,92.48365020751952,-0.02716042,-0.041277903,-0.04149206,0.1782260881127245
2008-06-27,91.97879028320312,-0.00545891,-0.030779656,-0.058627363,0.151577724
2008-06-30,92.30335235595705,0.003528662,-0.026397642,-0.055860339,0.1558068389268092
2008-07-01,92.59183502197266,0.003125376,-0.021419565,-0.04829876,0.1620271391149564
2008-07-02,91.00511932373048,-0.01713667,-0.042713151,-0.055410674,0.1721654102623234
2008-07-03,91.09887695,0.001030246,-0.014973168,-0.05563301,0.1719049357965023
2008-07-07,90.16847992,-0.010213046,-0.019681824,-0.04985568,0.1640099748941809
2008-07-08,91.76963043,0.0177573195658389,-0.005782259,-0.032027263,0.2000520959629632
2008-07-09,90.00256348,-0.019255466,-0.027964361,-0.048784942,0.2153654478333443
2008-07-10,90.37042236328124,0.004087205,-0.0069743,-0.049389556,0.2145882104673465
2008-07-11,89.31744384765625,-0.011651805,-0.01955494,-0.034235309,0.1812091850204011
2008-07-14,88.50965118408203,-0.009044064,-0.018396991,-0.037716729,0.183221945
2008-07-15,87.26194763183594,-0.014096808,-0.049119548,-0.054617786,0.1848992702079487
2008-07-16,89.40397644042969,0.0245471120772036,-0.006650778,-0.034429154,0.2369528383301014
2008-07-17,90.29830169677734,0.0100031932801507,-0.000798056,-0.00776679,0.232006854
2008-07-18,90.8608856201172,0.006230282,0.0172804068944638,-0.002612451,0.234537153671177
2008-07-21,90.91133880615234,0.000555279,0.0271347541193591,0.008238565,0.2277492341747658
2008-07-22,91.94269561767578,0.011344644,0.05364019613209,0.001885866,0.216465052
2008-07-23,92.44037628173828,0.005412944,0.033962693,0.027086037,0.1876600631432532
2008-07-24,90.52188873291016,-0.020753783,0.002476093,0.001676061,0.221112686
2008-07-25,90.50025177001952,-0.000239025,-0.003969077,0.0132427426425316,0.2111007465069233
2008-07-28,89.17317962646484,-0.01466374,-0.019119278,0.007496679,0.2205557994406801
2008-07-29,91.07724762,0.0213524739292685,-0.009412907,0.043722379,0.2251053560357208
2008-07-30,92.70000457763672,0.017817369,0.002808603,0.036866684,0.2102689332793469
2008-07-31,91.47393035888672,-0.013226258,0.0105172532224291,0.0130193884050793,0.2227540910279672
2008-08-01,90.99069977,-0.005282714,0.0054193,0.001428713,0.223236324
2008-08-04,90.14685821533205,-0.009273932,0.0109189623264058,-0.008409079,0.228234561
2008-08-05,92.57739258,0.0269619420012088,0.0164711275066329,0.00690318,0.2623279294165858
2008-08-06,92.9885025,0.004440716,0.003112167,0.005929511,0.2618953699953309
2008-08-07,91.60375213623048,-0.01489163,0.001419222,0.0119514011303101,0.249815833
2008-08-08,93.30582427978516,0.0185808125088959,0.0254435290378023,0.0310007149692266,0.2640302162317977
2008-08-11,94.27230834960938,0.0103582394484413,0.04576366,0.057182314,0.245935673
2008-08-12,93.29141235351562,-0.010404922,0.00771268,0.0243108437261285,0.2409020552041125
2008-08-13,92.72885895,-0.006030066,-0.002792211,0.000311266,0.2278596047330776
2008-08-14,93.42845916748048,0.007544579,0.019919566488241,0.0213670583621519,0.2174035584969313
2008-08-15,93.88282775878906,0.004863278,0.006184003,0.031784875,0.213557386640648
2008-08-18,92.59905242919922,-0.013674229,-0.017749177,0.0272022149458572,0.2217479472403991
2008-08-19,91.58929443359376,-0.010904626,-0.018245173,-0.010673212,0.1844356176069288
2008-08-20,92.01486969,0.004646561,-0.007699752,-0.010470464,0.1846088230114362
2008-08-21,92.1735382080078,0.001724379,-0.013431892,0.006220117,0.1676413688741214
2008-08-22,93.5078125,0.0144756761857305,-0.003994503,0.002164798,0.1562399449024062
2008-08-25,91.61094665527344,-0.02028564,-0.010670798,-0.028230577,0.1753441270238738
2008-08-26,91.87782287597656,0.002913148,0.003150242,-0.015152407,0.1718919056156623
2008-08-27,92.77214050292967,0.00973377,0.008229874,0.000466754,0.1782858853025529
2008-08-28,93.89727020263672,0.0121278833667903,0.018700942,0.005017861,0.1850001116898101
2008-08-29,92.88751983642578,-0.010753778,-0.006633592,-0.010601597,0.1913359435559313
2008-09-02,92.31052399,-0.006211769,0.007636395,-0.00311589,0.1808759937813783
2008-09-03,92.23117828,-0.000859552,0.003845927,0.007008285,0.1710770128749378
2008-09-04,89.45446014404297,-0.030106068,-0.035761602,-0.027826041,0.2283009438087074
2008-09-05,89.73574829101562,0.003144484,-0.044319946,-0.026447828,0.2291853367581915
2008-09-08,91.58929443359376,0.0206556046823951,-0.013976317,-0.020517195,0.243704043743405
2008-09-09,88.87024688720703,-0.029687395,-0.037268525,-0.029916728,0.2669557547342884
2008-09-10,89.23088073730469,0.004057982,-0.032530188,-0.028809369,0.2677150878561009
2008-09-11,90.52188873291016,0.014468174974157,0.0119326480440256,-0.024255684,0.2748755544614988
2008-09-12,90.94020080566406,0.004621115,0.013422215,-0.031492602,0.2662790605759468
2008-09-15,86.61283111572266,-0.047584783,-0.054334552,-0.067551472,0.3477684948078909
2008-09-16,88.06249237060547,0.0167372574733868,-0.009089145,-0.046018931,0.3672964627696768
2008-09-17,84.10292053222656,-0.044963204,-0.057468448,-0.088129176,0.4183816233781264
2008-09-18,86.59840393066406,0.029671781,-0.04334294,-0.031927488,0.4404420366533377
2008-09-19,90.03752136230469,0.0397134043532048,-0.009926077,0.003362908,0.4899410829863561
2008-09-22,87.99914551,-0.022639182,0.016005878,-0.039198347,0.4889405568804677
2008-09-23,85.99703216552734,-0.022751509,-0.023454483,-0.032330446,0.4797157589434596
2008-09-24,86.27265167236328,0.003204989,0.0257985231238826,-0.033152526,0.479389987
2008-09-25,87.62194824,0.015639911,0.0118194362143551,-0.032035793,0.4806167231266213
2008-09-26,87.66544342041016,0.000496396,-0.026345438,-0.036010008,0.4792691513603488
2008-09-29,80.79583740234375,-0.078361618,-0.081856569,-0.067160877,0.5744424631525203
2008-09-30,84.13996887207031,0.041389898,-0.021594504,-0.044542499,0.6141158740789215
2008-10-01,84.19075775146484,0.000603624,-0.024131563,0.001044402,0.5697165618141153
2008-10-02,81.13682556152344,-0.03627396,-0.074012537,-0.063067887,0.5719826450629492
2008-10-03,80.04141235351562,-0.013500814,-0.086967347,-0.111021593,0.5124481353772329
2008-10-06,75.96463775634766,-0.050933317,-0.059795155,-0.136757098,0.5485177740397776
2008-10-07,72.56247711,-0.04478611,-0.137598004,-0.156221148,0.5690744611334568
2008-10-08,70.73443603515625,-0.02519265,-0.159831341,-0.180105924,0.559665698
2008-10-09,65.79444122314453,-0.069838612,-0.189092736,-0.24911004,0.5754107135493941
2008-10-10,64.19852447509766,-0.024256103,-0.197933637,-0.267687221,0.5545598187625773
2008-10-13,73.52001190185547,0.1451978453238995,-0.032181103,-0.090051985,0.9813192380419212
2008-10-14,72.43190765,-0.01480011,-0.001799407,-0.139149816,0.942283323793542
2008-10-15,65.30117035,-0.09844746,-0.076812172,-0.224366521,1.0283889246204907
2008-10-16,68.02138519,0.041656449,0.033846993,-0.161645964,1.0742131079621904
2008-10-17,67.61518096923828,-0.005971713,0.053220172,-0.155247528,1.0752679013045474
2008-10-20,71.67749786376953,0.060079953,-0.025061395,-0.056435995,1.114334960843171
2008-10-21,69.53752136230469,-0.029855625,-0.0399601,-0.041687603,1.1013418845614025
2008-10-22,65.75088500976562,-0.054454578,0.006886778,-0.070454383,1.127963986679611
2008-10-23,66.51258850097656,0.0115846880402872,-0.022181211,0.010915014,1.0695990930572383
2008-10-24,63.13947296142578,-0.050713942,-0.066193833,-0.016496509,1.0964374190269373
2008-10-27,60.89794922,-0.035501147,-0.150389578,-0.171682,0.7483696879190764
2008-10-28,68.01416016,0.116854689,-0.021907039,-0.060991732,1.0088623915421435
2008-10-29,67.52093505859375,-0.0072518,0.026920551,0.0339927247491136,0.8645687371882151
2008-10-30,69.85668945,0.0345930398106055,0.050277715,0.0269812832398221,0.856793762
2008-10-31,70.24118041992188,0.005503996,0.1124765083616516,0.038837424,0.8550127880283769
2008-11-03,70.44432067871094,0.002892039,0.156760146810029,-0.017204523,0.7983334830244907
2008-11-04,72.83815002441406,0.033981864,0.070926258,0.0474654344510272,0.7972269060307672
2008-11-05,69.77689361572266,-0.042028201,0.033411246,0.061231246,0.7730250857438005
2008-11-06,65.91050720214844,-0.055410698,-0.056489683,-0.009052141,0.8327320308486378
2008-11-07,68.08670806884766,0.033017511,-0.030672496,0.078354077,0.7943260762840066
2008-11-10,67.19446563720703,-0.013104502,-0.04613367,0.1033945559618021,0.7669423709704343
2008-11-11,65.11978149414062,-0.030875819,-0.105966015,-0.04255553,0.5115263921292053
2008-11-12,62.25443649291992,-0.044001146,-0.10780728,-0.07799801,0.5501412733445988
2008-11-13,66.13536071777344,0.0623397213674061,0.003411497,-0.0532709,0.6225176528181737
2008-11-14,62.83477020263672,-0.049906593,-0.077136023,-0.105442565,0.6580464059880817
2008-11-17,62.00053787231445,-0.013276604,-0.077296958,-0.119864635,0.6539569202510548
2008-11-18,63.16844940185547,0.0188371193157428,-0.029965274,-0.132755989,0.6280959382570724
2008-11-19,59.120704650878906,-0.064078583,-0.050337486,-0.152718019,0.6648739887254613
2008-11-20,54.73197937011719,-0.074233305,-0.172424876,-0.169601605,0.7020685144041706
2008-11-21,57.68437576293945,0.053942803,-0.081967268,-0.152780662,0.7504430590069099
2008-11-24,61.681339263916016,0.069290227,-0.00514832,-0.082047328,0.8631345185338385
2008-11-25,62.13838195800781,0.00740974,-0.016306676,-0.045783316,0.8550848472101857
2008-11-26,64.5394516,0.0386406849591913,0.091655656,0.036704454,0.8457117754229937
2008-11-28,65.35194396972656,0.0125890807943669,0.1940358218692106,-0.011845656,0.7858516220974296
2008-12-01,59.563175201416016,-0.088578371,0.032570335,-0.052066634,0.8735892265336771
2008-12-02,61.85548400878906,0.038485336,0.002823297,-0.002339558,0.8964537460531141
2008-12-03,63.34256362915039,0.024041193,0.019379032,0.002756348,0.8996904281872996
2008-12-04,61.87725067138672,-0.023133149,-0.041249203,0.04662573,0.8371069772594734
2008-12-05,63.78506851196289,0.030832298136646,-0.023975958,0.1654076692645352,0.7125785960059727
2008-12-08,66.01203918457031,0.034913667,0.1082693117240161,0.1443660143927767,0.6905327021163938
2008-12-09,64.92392731,-0.016483537,0.049606649,0.052570001,0.6315180837259612
2008-12-10,65.36642456054688,0.006815627,0.0319510423235396,0.0519492542422577,0.6314846107485496
2008-12-11,63.79231262207031,-0.024081353,0.0309493704051908,-0.011576469,0.6185494127487691
2008-12-12,64.55397033691406,0.0119396473264121,0.0120545739447934,-0.012210404,0.6181742754204894
2008-12-15,63.65450668334961,-0.013933514,-0.035713675,0.068688942,0.3930351770670333
2008-12-16,66.65044403076172,0.047065597,0.0265929187472802,0.077518754,0.4141128375269169
2008-12-17,66.00479888916016,-0.009687034,0.009766089,0.0420291681845443,0.4116749914617877
2008-12-18,64.77159881591797,-0.018683491,0.0153511630727249,0.046775642310004,0.4038667179152269
2008-12-19,64.49299621582031,-0.004301308,-0.000944545,0.0110986429954942,0.3783301367473498
2008-12-22,63.666603088378906,-0.012813688,0.000190032,-0.035530429,0.3329373588238316
2008-12-23,63.008453369140625,-0.01033744,-0.054643157,-0.029503359,0.3275693886595905
2008-12-24,63.37409591674805,0.005803071,-0.039856238,-0.030479388,0.3267754720322307
2008-12-26,63.73974609,0.00576971,-0.015930635,-0.000824026,0.3063241725469788
2008-12-29,63.556915283203125,-0.002868396,-0.014514459,-0.015445294,0.2992114258904716
2008-12-30,65.06336212158203,0.023702328,0.021938645,0.0221328467007182,0.3143304200981983
2008-12-31,65.99214172363281,0.014275002,0.0473537786590632,-0.009876938,0.2093241566555025
2009-01-02,67.98128509521484,0.0301421247989241,0.072698302,0.029944583413908,0.2534275761758137
2009-01-05,67.90079498291016,-0.001184004,0.065281855,0.0483112386323119,0.225002160069778
2009-01-06,68.35422516,0.006677833,0.075480534,0.059870516,0.2192175229081511
2009-01-07,66.30661010742188,-0.02995594,0.0191082653170708,0.0414661202416946,0.2710018580811989
2009-01-08,66.57718658447266,0.004080686,0.008865372,0.0566389591317897,0.2587294590307279
2009-01-09,65.15116119384766,-0.02141913,-0.041630927,0.0280408777654843,0.2921869629840216
2009-01-12,63.586177825927734,-0.024020805,-0.063542955,-0.002409302,0.3209156842338155
2009-01-13,63.703155517578125,0.001839672,-0.068043631,0.002300933,0.320630995863675
2009-01-14,61.69942092895508,-0.031454244,-0.069483105,-0.051702542,0.3279267267403914
2009-01-15,61.72134780883789,0.000355382,-0.072935476,-0.064716704,0.3119524485922861
2009-01-16,62.20405197143555,0.0078207,-0.045234945,-0.0849827,0.2531307536682003
2009-01-20,58.920509338378906,-0.052786636,-0.073375514,-0.132255972,0.330732695
2009-01-21,61.46541595458984,0.0431922032716249,-0.035127609,-0.10078103,0.4301543749905421
2009-01-22,60.514739990234375,-0.015466843,-0.019200844,-0.087349815,0.4175183903010943
2009-01-23,60.77800750732422,0.004350469,-0.015283858,-0.087104598,0.4177533085266051
2009-01-26,61.194847106933594,0.006858395,-0.016224102,-0.060725151,0.4178758784297597
2009-01-27,61.81646728515625,0.0101580477378497,0.0491502531002563,-0.027831686,0.4116246983011565
2009-01-28,63.90794372558594,0.033833646,0.039738245207689,0.003214726,0.4505873989818788
2009-01-29,61.83106231689453,-0.032498016,0.0217520942314646,0.002133592,0.4526975845543548
2009-01-30,60.57323074,-0.020343037,-0.003369258,-0.01860162,0.4647512985864407
2009-02-02,60.39043426513672,-0.003017777,-0.013145107,-0.029155942,0.4618485186002888
2009-02-03,61.238731384277344,0.0140468789380827,-0.009345987,0.039344908,0.3713866482130191
2009-02-04,60.93886947631836,-0.004896605,-0.04645861,-0.008566549,0.3015962848479819
2009-02-05,61.845699310302734,0.014880975669179,0.000236726,0.021993969,0.2984444186337518
2009-02-06,63.60814285,0.028497430898754,0.05010319,0.046565122,0.3263201660099693
2009-02-09,63.695892333984375,0.001379532,0.054734795,0.040870193,0.3264889347196344
2009-02-10,60.77800750732422,-0.045809623,-0.007523407,-0.01679908,0.4084975251479211
2009-02-11,61.13635254,0.005895965,0.003240675,-0.043368493,0.3625289927645522
2009-02-12,61.18021774291992,0.000717498,-0.010760353,-0.010526175,0.3264478229866662
2009-02-13,60.52205657958984,-0.010757745,-0.048517157,-0.000844831,0.3137325074172385
2009-02-17,57.93326950073242,-0.042774275,-0.090470871,-0.04068798,0.381032617
2009-02-18,57.794315338134766,-0.002398521,-0.049091642,-0.056245712,0.3680893417637814
2009-02-19,57.17271041870117,-0.010755468,-0.06483282,-0.061802247,0.3689825300282872
2009-02-20,56.61693572998047,-0.009720978,-0.074587541,-0.084545306,0.3499682257960623
2009-02-23,54.59123611450195,-0.03577904,-0.097994364,-0.141757114,0.3052174324171435
2009-02-24,56.66081619262695,0.0379104820741589,-0.02196412,-0.110447878,0.4003698745119378
2009-02-25,56.21470642089844,-0.007873338,-0.027331562,-0.075081453,0.3512118674660903
2009-02-26,55.30058670043945,-0.01626122,-0.032745058,-0.095454923,0.3450120357992745
2009-02-27,54.064720153808594,-0.022348163,-0.04507866,-0.116303894,0.3448112860597761
2009-03-02,51.62947845458984,-0.045043083,-0.054253354,-0.146931195,0.3820815899924738
2009-03-03,51.241905212402344,-0.007506821,-0.095637715,-0.115501237,0.3513864936816593
2009-03-04,52.45585632324219,0.023690593,-0.066865956,-0.092369967,0.3932169975429647
2009-03-05,50.31315994262695,-0.04084761,-0.090187592,-0.119979452,0.4240000706511769
2009-03-06,50.40089797973633,0.001743839,-0.067767338,-0.109791137,0.4298769980210047
2009-03-09,49.808570861816406,-0.011752313,-0.035268758,-0.087608664,0.4078149826865289
2009-03-10,52.777618408203125,0.05960917,0.0299698691809977,-0.068534095,0.4847392583898974
2009-03-11,53.12133789,0.006512599,0.0126865065986532,-0.055027745,0.4890900212082566
2009-03-12,55.212860107421875,0.0393725440632397,0.097384068,-0.001586359,0.5317970318751816
2009-03-13,55.64432144165039,0.007814508,0.1040343262142309,0.0292168586713847,0.5171138365080773
2009-03-16,55.47611618041992,-0.003022865,0.1137865475868993,0.074504679,0.4449775499404859
2009-03-17,57.17271041870117,0.0305824263681973,0.083275679,0.1157413094168748,0.4499161482085388
2009-03-18,58.452491760253906,0.022384479,0.1003580497276925,0.114317749386444,0.4489614613203411
2009-03-19,57.728492736816406,-0.012386111,0.0455624400637846,0.1473835633191256,0.3727744872574903
2009-03-20,56.499210357666016,-0.021294205,0.015363453,0.1209961056721948,0.4101932855884705
2009-03-23,60.55751419067383,0.07182939,0.091596138,0.2158050942412732,0.483889455557167
2009-03-24,59.36433410644531,-0.019703254,0.0383333879344516,0.1248013058735979,0.4662266860694872
2009-03-25,59.99035645,0.0105454284679531,0.026309651,0.1293080864949329,0.4652856253263227
2009-03-26,61.21299743652344,0.0203806255481329,0.060360223,0.1086728221908397,0.4439812123730572
2009-03-27,60.10823059082031,-0.018047913,0.063877357,0.080222187,0.4670895467225251
2009-03-30,58.031211853027344,-0.034554648,-0.041717405,0.04605758,0.5127530425051311
2009-03-31,58.56887435913086,0.009265057,-0.013399624,0.024420111,0.4937572616763887
2009-04-01,59.70313262939453,0.0193662296343388,-0.004787833,0.0213958521096107,0.49063497
2009-04-02,61.44871139526367,0.0292376411252115,0.003850717,0.064443371,0.4995905704471909
2009-04-03,62.060020446777344,0.009948281,0.032471258,0.098422793,0.4745586786223825
2009-04-06,61.57392501831055,-0.007832666,0.061048409,0.0167842230847918,0.3294351158137786
2009-04-07,60.13768387,-0.023325477,0.026785721,0.0130271782477371,0.3364999492343816
2009-04-08,60.78582000732422,0.0107775374311762,0.0181345153972143,0.0132598572361686,0.3366766542908417
2009-04-09,63.20164108276367,0.039743168,0.0285267119146637,0.0324872776946172,0.3784810215127033
2009-04-13,63.216407775878906,0.000233644,0.0186333700952174,0.051709677,0.3600740858510607
2009-04-14,62.12630844116211,-0.01724393,0.008971061,0.070567139,0.3139799219130974
2009-04-15,62.78919219970703,0.010669936379251,0.044090629,0.072057349,0.3143405703964579
2009-04-16,63.70984649658203,0.0146626236876368,0.04810376,0.067110614,0.3100833710222553
2009-04-17,64.13705444335938,0.006705525,0.0148004599970872,0.04374938,0.2837100159605806
2009-04-20,61.44871139526367,-0.041915599,-0.02796262,-0.009850288,0.3636756105927399
2009-04-21,62.64927673339844,0.0195376812771912,0.008417823,0.017464400958167,0.3745479424844792
2009-04-22,62.266258239746094,-0.006113694,-0.008328407,0.035395017,0.3512211075672253
2009-04-23,62.87759017944336,0.009818029,-0.013063229,0.0344121403950312,0.3507128157313248
2009-04-24,63.82768630981445,0.0151102503715498,-0.004823548,0.009905522,0.2973992769086597
2009-04-27,63.22374344,-0.009462083,0.0288864,0.00011604,0.3021769769718331
2009-04-28,63.02487564086914,-0.003145461,0.005995263,0.014463554,0.2873427844697075
2009-04-29,64.36537933,0.021269438122583,0.033712016,0.0251028414058243,0.3013115080149973
2009-04-30,64.38745880126953,0.000343033,0.024012826,0.0106359117459786,0.2938032413606762
2009-05-01,64.73361969,0.005376216,0.014193423457802,0.009301413,0.2931827611694539
2009-05-04,66.93588256835938,0.034020388,0.05871432,0.089296766,0.2200534569263438
2009-05-05,66.70754242,-0.003411326,0.058431956,0.064777535,0.2184849035308937
2009-05-06,67.86387634277344,0.017334381,0.054353708,0.089898097,0.2125674474381295
2009-05-07,66.92111206054688,-0.01389199,0.039350105,0.064307838,0.2406253866062338
2009-05-08,68.48258972167969,0.0233331098819766,0.057913802,0.072929221,0.2522626279902144
2009-05-11,67.20100402832031,-0.018714037,0.003960827,0.062907705,0.2727895932580862
2009-05-12,67.00215148925781,-0.002959071,0.004416428,0.063106445,0.2726113628412394
2009-05-13,65.31549835205078,-0.025173119,-0.037551318,0.0147613364264014,0.2994342425305635
2009-05-14,65.87525939941406,0.008570111,-0.015628142,0.0231069935953924,0.3012898108946312
2009-05-15,65.33760833740234,-0.008161654,-0.045923809,0.00933037,0.3052449265302064
2009-05-18,67.19361877441406,0.0284064642744086,-0.000109898,0.003850494,0.2891668997861083
2009-05-19,67.11264038085938,-0.00120515,0.001649035,0.006072746,0.288535629
2009-05-20,66.66334533691406,-0.006694641,0.0206359442838264,-0.01769028,0.2747581268298259
2009-05-21,65.70587158203125,-0.014362822,-0.002571342,-0.018159299,0.2753550810417531
2009-05-22,65.56594086,-0.002129653,0.003494657,-0.04258964,0.237632924599063
2009-05-26,67.24519348144531,0.025611661,0.000767554,0.000657571,0.2646873220716926
2009-05-27,66.04463958740234,-0.017853379,-0.015913556,-0.014290764,0.2797794036944351
2009-05-28,66.96535492,0.013940803,0.004530369,0.0252598021757421,0.2540414552494241
2009-05-29,68.15113830566406,0.0177074158369965,0.037215346,0.0345483103520081,0.2639879332237446
2009-06-01,69.80094909667969,0.0242081178984285,0.064591588,0.06831197,0.27369348
2009-06-02,69.85988617,0.000844359,0.038882968,0.0396803661367139,0.2462628773897255
2009-06-03,68.97602844238281,-0.012651863,0.044384962554018,0.027765083,0.2593995986936235
2009-06-04,69.62422180175781,0.009397371,0.039705111,0.04441536,0.2553463749364884
2009-06-05,69.63890838623047,0.000210941,0.0218304509294271,0.059858224,0.2349108118364745
2009-06-08,69.35169219970703,-0.004124364,-0.006436258,0.0577396021973364,0.23703057164053
2009-06-09,69.70522308,0.005097653,-0.002213904,0.0365829805029791,0.2096365923393038
2009-06-10,69.52845764160156,-0.0025359,0.008009003,0.052749445,0.1771754692239529
2009-06-11,69.83776855,0.004448695,0.003067133,0.042894025,0.1703538978425994
2009-06-12,70.02930450439453,0.002742584,0.005606006,0.0275588382736429,0.1529534315114824
2009-06-15,68.42366027832031,-0.022928176,-0.013381532,-0.019731663,0.1509292848826848
2009-06-16,67.49561309814453,-0.01356325,-0.031699346,-0.033843071,0.1604873444008223
2009-06-17,67.42933654785156,-0.000981939,-0.030190819,-0.022423615,0.1521043788980663
2009-06-18,67.92282867,0.007318656,-0.027419832,-0.024436799,0.147958959023448
2009-06-19,68.17316436767578,0.00368559,-0.026505192,-0.021047774,0.150699259568248
2009-06-22,66.12886047363281,-0.02998693,-0.033538104,-0.046470845,0.2062058454695568
2009-06-23,66.18069458007812,0.000783835,-0.01948154,-0.050563334,0.2015691344495454
2009-06-24,66.75103759765625,0.008617967,-0.010059404,-0.039946522,0.2129972931512229
2009-06-25,68.20278930664062,0.0217487511989677,0.004121746,-0.023411104,0.2471474263856488
2009-06-26,68.02503967285156,-0.002606193,-0.002172771,-0.028620373,0.2455717552912454
2009-06-29,68.66202545166016,0.00936399,0.038306497,0.003483666,0.2239836128432952
2009-06-30,68.10649871826172,-0.008090742,0.0290991829324696,0.009050746,0.2159456261756408
2009-07-01,68.38797760009766,0.004132923,0.024523065,0.0142169729278855,0.2161673213696356
2009-07-02,66.52140808105469,-0.027293825,-0.024652675,-0.020632542,0.2561913054982793
2009-07-06,66.51403809,-0.000110791,-0.022212432,-0.024336941,0.2545505723565219
2009-07-07,65.22520446777344,-0.019376866,-0.050054174,-0.013665078,0.2262929155326534
2009-07-08,65.18074035644531,-0.000681701,-0.042958578,-0.015109455,0.2260375523501176
2009-07-09,65.30669403076172,0.001932376,-0.045055925,-0.02163777,0.220130835595754
2009-07-10,65.15116882324219,-0.002381459,-0.02059847,-0.044743338,0.1758024873286903
2009-07-13,66.73619842529297,0.024328490657643,0.003340052,-0.018946571,0.2281709577801449
2009-07-14,67.11396789550781,0.005660638,0.02895757,-0.022546051,0.2238049191449276
2009-07-15,69.07677459716797,0.0292458747889279,0.059772783,0.014246451,0.2699564211371477
2009-07-16,68.96569824,-0.001608013,0.0560280116109117,0.008447693,0.2699540776304641
2009-07-17,69.72121429,0.010954954006163,0.070145257,0.0481019014131514,0.2218100322186534
2009-07-20,70.46189880371094,0.010623517,0.055827279,0.059353797,0.2217060727952979
2009-07-21,70.78778076171875,0.004624939,0.054739915,0.085282619,0.1724439626382144
2009-07-22,70.77297211,-0.000209198,0.0245552505839663,0.085795769,0.1717721853131319
2009-07-23,72.33580780029297,0.0220823804177394,0.04886646,0.1076323625602651,0.1803685242578059
2009-07-24,72.63213348388672,0.004096528,0.041750839,0.114824719122702,0.1702298486517352
2009-07-27,72.84693145751953,0.002957341,0.033848544,0.091565495,0.1565645098459268
2009-07-28,72.50619506835938,-0.00467743,0.0242755781880639,0.080344336,0.1704348035667685
2009-07-29,72.32843780517578,-0.002451615,0.0219782446877032,0.047073177,0.1277328139071494
2009-07-30,73.08394622802734,0.0104455238600147,0.0103425737609768,0.0597144390734325,0.1255387255120048
2009-07-31,73.18763732910156,0.001418795,0.007648183,0.04971834,0.123784536651157
2009-08-03,74.39497375488281,0.0164964530874558,0.0212506177870515,0.055818464,0.1344511214815463
2009-08-04,74.58753967285156,0.002588426,0.0287057485574837,0.053678175,0.1351996582745334
2009-08-05,74.37274932861328,-0.002879708,0.028264284,0.050863728,0.138848034621218
2009-08-06,73.98758697509766,-0.00517881,0.0123644219244933,0.0228348756312359,0.1092703752877579
2009-08-07,74.95787811279297,0.0131142422312258,0.024187702,0.0320208772253978,0.1220893407709624
2009-08-10,74.80231475830078,-0.002075344,0.005475383,0.026842356,0.1249310162905388
2009-08-11,73.86908721923828,-0.012475918,-0.009632339,0.018796906,0.1426655472172579
2009-08-12,74.66159057617188,0.0107284844955712,0.003883697,0.0322577514708763,0.1466937686949737
2009-08-13,75.23194122314453,0.007639144,0.0168184191284099,0.0293907910831099,0.1434632598127099
2009-08-14,74.65422821044922,-0.007679092,-0.00405094,0.020038779,0.1531056541980322
2009-08-17,72.81729888916016,-0.024605831,-0.026536824,-0.02120674,0.1808624730759046
2009-08-18,73.39503479003906,0.007934047,-0.006417467,-0.015987991,0.1866268662950658
2009-08-19,74.03944396972656,0.008780011,-0.008332887,-0.004481552,0.1933543185975451
2009-08-20,74.80231475830078,0.0103035726319897,-0.005710692,0.0110116820471162,0.198160182523087
2009-08-21,76.26889038085938,0.019606019,0.021628543,0.017489986,0.2113598906478166
2009-08-24,76.26151275634766,-9.67e-05,0.047299391,0.0195073909512264,0.2105719441357301
2009-08-25,76.40963745117188,0.001942326,0.041073659,0.034392604,0.1946286192624124
2009-08-26,76.41705322265625,9.705282909000525e-05,0.032112738,0.023512259,0.1907835460392539
2009-08-27,76.58738708496094,0.002229003,0.0238638648072326,0.0180168933537954,0.1885371461759884
2009-08-28,76.57261657714844,-0.000192858,0.003982308,0.0256969821091888,0.181557839041704
2009-08-31,75.89115905761719,-0.008899494,-0.004856364,0.0422133231436661,0.1234952995066917
2009-09-01,74.21718597,-0.022057551,-0.028693389,0.011201728,0.1777556004907879
2009-09-02,73.93572235107422,-0.003792432,-0.032470905,-0.001400897,0.1738483364579734
2009-09-03,74.55051422,0.008315221,-0.026595409,-0.003366213,0.1707805792639166
2009-09-04,75.59486389160156,0.0140086179326888,-0.01276896,-0.008837502,0.1540150428682137
2009-09-08,76.24668121,0.008622508,0.004684632,-0.000194483,0.1612503503627076
2009-09-09,76.83184814453125,0.007674654,0.035229875,0.005525621,0.165663815792354
2009-09-10,77.61695861816406,0.0102185550991291,0.0497896842017715,0.0157020631508997,0.1724551210973359
2009-09-11,77.60211944580078,-0.000191185,0.040933389346655,0.0132493403870035,0.1726407674645059
2009-09-14,77.97989654541016,0.004868129,0.0315501944315765,0.0183783711614955,0.1732258295469091
2009-09-15,78.30580902,0.004179442,0.0270061302977193,0.031817276,0.1625581675949182
2009-09-16,79.49092864990234,0.015134505,0.034609092,0.071058241,0.09332643
2009-09-17,79.37241364,-0.001490925,0.0226169003313538,0.073532673,0.086398656
2009-09-18,79.42303466796875,0.000637766,0.0234647614674976,0.065358643,0.091881595
2009-09-21,79.22209167480469,-0.002530034,0.0159296842445946,0.047982463,0.090867916
2009-09-22,79.68348693847656,0.005824073,0.0175935595928913,0.045074824,0.088552549
2009-09-23,79.02112579345703,-0.008312402,-0.005910144,0.028494403,0.106675668359405
2009-09-24,78.15039063,-0.011019018,-0.015396067,0.006872622,0.1181653042189954
2009-09-25,77.73364258,-0.005332642,-0.021270808,0.001694839,0.1220191430185688
2009-09-28,79.12530517578125,0.0179029639098358,-0.001221711,0.014688512,0.1502691935265158
2009-09-29,78.88716888427734,-0.00300961,-0.009993514,0.007424224,0.15101082056172
2009-09-30,78.58204650878906,-0.003867833,-0.00555648,-0.011433784,0.1289539929339101
2009-10-01,76.63218688964844,-0.024813042,-0.019426694,-0.034523667,0.1755582326855175
2009-10-02,76.27496337890625,-0.004661534,-0.018765095,-0.039636754,0.1741111669563773
2009-10-05,77.41362762451172,0.0149284141894503,-0.021632492,-0.022827775,0.1985322418158473
2009-10-06,78.52250671386719,0.0143240812164751,-0.004622579,-0.014569897,0.2123025737070942
2009-10-07,78.73831939697266,0.002748418,0.001988659,-0.003578871,0.2094401556875463
2009-10-08,79.34114074707031,0.00765601,0.035350078959939,0.0152366496513633,0.203526275
2009-10-09,79.82492065429688,0.006097466,0.04654158,0.0269031272279576,0.2007131218561719
2009-10-12,80.13745880126953,0.003915295,0.035185422,0.0127917816334448,0.182569307736402
2009-10-13,79.97373199,-0.002043075,0.018481647,0.0137736355064976,0.181989319774827
2009-10-14,81.35050964355469,0.0172153732805446,0.033175591,0.0352302244311744,0.1951114570852331
2009-10-15,81.64820098876953,0.003659367,0.0290777296617632,0.065455709,0.1153044579525549
2009-10-16,81.03796387,-0.007473981,0.0151962971331225,0.062445136,0.1234264267650953
2009-10-19,81.70777893066406,0.008265448,0.019595332,0.0554702245317939,0.1142792596135244
2009-10-20,81.27610778808594,-0.005283109,0.016285044613705,0.0350676664494775,0.1139694352406274
2009-10-21,80.54677582,-0.00897351,-0.009879887,0.0229679327009864,0.1301115866286845
2009-10-22,81.36542510986328,0.0101636506698081,-0.003463345,0.025513679,0.133563194194555
2009-10-23,80.43517303466797,-0.011433014,-0.007438376,0.007644886,0.148678095323187
2009-10-26,79.56438446044922,-0.010825968,-0.026232441,-0.007151142,0.158147321644352
2009-10-27,79.19975280761719,-0.00458285,-0.025546929,-0.009677918,0.1592733685369957
2009-10-28,77.70386505126953,-0.018887531,-0.035295153,-0.044826328,0.1467477212128567
2009-10-29,79.37090301513672,0.0214537328711674,-0.02451314,-0.027891588,0.1941182886454098
2009-10-30,77.07131195,-0.028972721,-0.041820773,-0.04894807,0.2345363487886004
2009-11-02,77.63687896728516,0.00733823,-0.024225732,-0.049822673,0.2331200654270966
2009-11-03,77.88246918,0.003163319,-0.016632421,-0.041754443,0.2366622541613478
2009-11-04,78.08341217041016,0.00258008,0.004884533,-0.03058302,0.2371828528022364
2009-11-05,79.51972961425781,0.0183946552017093,0.001875078,-0.022684027,0.253042955
2009-11-06,79.72816467285156,0.002621174,0.034472655,-0.008789791,0.2484423590937659
2009-11-09,81.54402923583984,0.022775698,0.050325957,0.0248810417979754,0.2669406967512142
2009-11-10,81.55889892578125,0.000182352,0.047204843,0.029787291,0.2644161567954475
2009-11-11,81.97570037841797,0.005110435,0.0498478242666091,0.054975841,0.234365268454978
2009-11-12,81.14217376708984,-0.010167972,0.020403039,0.0223163739439291,0.2276219143099336
2009-11-13,81.58126068115234,0.005411328,0.023242677,0.058516569,0.1462329007807029
2009-11-16,82.76454926,0.0145044163860552,0.014967619713778,0.066046837,0.1527062363728495
2009-11-17,82.86131286621094,0.001169143,0.0159689985713868,0.063927656,0.1542312797809601
2009-11-18,82.80918884277344,-0.000629051,0.010167506474576,0.060522159,0.1571871431694443
2009-11-19,81.73010254,-0.013030997,0.007245662,0.0277965347156861,0.1663476765635088
2009-11-20,81.43984222,-0.003551449,-0.001733467,0.0214689195254029,0.1693861490909421
2009-11-23,82.47428131103516,0.0127018798006424,-0.003507153,0.011407972894065,0.1401028469589122
2009-11-24,82.60084533691406,0.001534588,-0.003143415,0.0127753859463084,0.1400003445312508
2009-11-25,82.89109039,0.003513827,0.000989039,0.0111666019371934,0.1390111931027487
2009-11-27,81.54402923583984,-0.016250976,-0.00227668,0.004952486,0.1552756412529118
2009-11-30,81.81940460205078,0.003377014,0.004660647,0.002919101,0.153816622
2009-12-01,82.83153533935547,0.0123703019134329,0.004331702,0.000809357,0.148596075283576
2009-12-02,82.79431152,-0.000449392,0.002342182,-0.000808596,0.1484983350070191
2009-12-03,82.14683532714844,-0.007820298,-0.00897871,-0.007998551,0.1535955459307174
2009-12-04,82.61569213867188,0.005707546,0.0131421382150811,0.0108355376060627,0.139871535543632
2009-12-07,82.48920440673828,-0.001531038,0.00818632,0.0128851205252751,0.138344244585406
2009-12-08,81.57379913330078,-0.011097274,-0.015184268,-0.010918339,0.1350443227093815
2009-12-09,81.87890625,0.003740259,-0.011056379,-0.008740093,0.1366770221402707
2009-12-10,82.34032440185547,0.005635373,0.002355405,-0.006644453,0.1389667993789238
2009-12-11,82.69011688232422,0.004248131,0.000900855,0.014054832,0.1094128460082665
2009-12-14,83.2557373,0.006840242,0.009292524,0.017554915,0.1124870612886053
2009-12-15,82.86871337890625,-0.004648616,0.015874144,0.000448839,0.099218385
2009-12-16,82.99526977539062,0.001527192,0.0136343238633653,0.002427199,0.099428776
2009-12-17,81.99800872802734,-0.012015878,-0.004157327,-0.001811714,0.1105811744485511
2009-12-18,82.46190643310547,0.005657426,-0.002759827,-0.001861459,0.1105069808905069
2009-12-21,83.29993438720703,0.0101626070794444,0.000530859,0.009828316,0.1215020642514548
2009-12-22,83.59922790527344,0.003592962,0.008815324,0.0248294034787184,0.1012178737979342
2009-12-23,83.76384735107422,0.00196915,0.009260499,0.023021083,0.1009876864064322
2009-12-24,84.1603775,0.004733906,0.0263709912954868,0.0221040312120135,0.1002519627856898
2009-12-28,84.33997344970703,0.002133973,0.022774965,0.0199522824442335,0.099606236
2009-12-29,84.22023773,-0.001419679,0.0110480680626789,0.0115847923334864,0.096951783
2009-12-30,84.19031524658203,-0.000355289,0.007070488,0.0159481403027572,0.092007446
2009-12-31,83.38224792480469,-0.009598103,-0.004555658,0.004662653,0.1078375666077004
2010-01-04,84.79639434814453,0.016959802098585,0.0075572,0.034127483,0.11180524
2010-01-05,85.02086639404297,0.002647189,0.008073194,0.0310320252298965,0.1111101641649673
2010-01-06,85.08068084716797,0.000703527,0.0102165837856347,0.0213775253613455,0.1041628817919717
2010-01-07,85.43982696533203,0.004221242,0.0148415137191297,0.022016939,0.1044561551567137
2010-01-08,85.72417449951172,0.003328044,0.028086633,0.0234030218337668,0.1045948749869908
2010-01-11,85.84390258789062,0.001396667,0.0123532167587856,0.0200037729797537,0.1037907037170083
2010-01-12,85.04327392578125,-0.009326564,0.000263553,0.008338875,0.1183110693213106
2010-01-13,85.76160430908203,0.008446645,0.008003268,0.018301618,0.1232615790481461
2010-01-14,85.99353027,0.00270431,0.006480623,0.021418319,0.1226897940929614
2010-01-15,85.02832794189453,-0.011224127,-0.008117273,0.0197413725110207,0.1272360305459292
2010-01-19,86.09079742,0.0124954766033731,0.002876091,0.0152648362718998,0.1137878861360993
2010-01-20,85.21537017822266,-0.010168651,0.002023632,0.002287718,0.1276382227414018
2010-01-21,83.57675934,-0.019229053,-0.025475794,-0.017676416,0.1606423969515229
2010-01-22,81.71368408203125,-0.022291786,-0.049769398,-0.043611311,0.1862143486438471
2010-01-25,82.13269043,0.005127738,-0.034054974,-0.041895814,0.1885071302860292
2010-01-26,81.78849029541016,-0.004190781,-0.049974065,-0.047241705,0.1859255792708671
2010-01-27,82.17758942,0.004757382,-0.035648273,-0.03369678,0.1896569449431729
2010-01-28,81.23480987548828,-0.011472465,-0.028021539,-0.052783463,0.1811117142828903
2010-01-29,80.35191345214844,-0.010868449,-0.016665148,-0.065605131,0.1769817150419415
2010-02-01,81.60143280029297,0.0155505860963554,-0.006468285,-0.040302982,0.2064324005674111
2010-02-02,82.58908844,0.0121034105132145,0.009788641,-0.040674603,0.205561190813324
2010-02-03,82.17758942,-0.004982487,0.0,-0.035648273,0.2028828906728637
2010-02-04,79.64109802246094,-0.030865975,-0.019618583,-0.04709038,0.234076479
2010-02-05,79.80572509765625,0.002067112,-0.006797453,-0.02334932,0.2139288671018322
2010-02-08,79.22957611083984,-0.007219394,-0.029066361,-0.035346636,0.210919755
2010-02-09,80.22473145,0.0125604021038867,-0.028627958,-0.019119547,0.2256583144822193
2010-02-10,80.06758880615234,-0.00195878,-0.025676107,-0.025676107,0.2226616065005333
2010-02-11,80.90562438964844,0.0104666019795478,0.0158778118155888,-0.004052271,0.2251546846548384
2010-02-12,80.83825684,-0.000832668,0.0129380659973674,0.006052667,0.2174889646663537
2010-02-16,82.11021423339844,0.0157345970490481,0.0363581160465715,0.006234957,0.2178427119522712
2010-02-17,82.49934387207031,0.004739114,0.0283530076795379,-0.00108664,0.2100531954054816
2010-02-18,82.98568725585938,0.005895118,0.036445439,0.009833555,0.2099684753042624
2010-02-19,83.15772247314453,0.002073071,0.0278361127608359,0.0441559011365189,0.1119848660056914
2010-02-22,83.17269134521484,0.000180006,0.0288778432471041,0.042189533,0.1134542579341433
2010-02-23,82.16264343261719,-0.012143985,0.000638522,0.037019854,0.1289272459825466
2010-02-24,82.91831207,0.009197229,0.005078443,0.03357544,0.1234225515161345
2010-02-25,82.80606842041016,-0.001353665,-0.002164456,0.034202099,0.1227312720568162
2010-02-26,82.85847473144531,0.00063288,-0.003598556,0.0241373866962792,0.1166443599360059
2010-03-01,83.71894836425781,0.0103848596730919,0.006567745,0.03563525,0.1214024269634125
2010-03-02,83.95090485,0.002770657,0.0217648962942726,0.0224173159207794,0.1005798286459019
2010-03-03,84.02568817138672,0.000890798,0.0133550246133951,0.0185012901639953,0.099751673
2010-03-04,84.28008270263672,0.00302758,0.0178008002353513,0.01559781559423,0.097511382
2010-03-05,85.48474121,0.0142935135997808,0.03169581,0.0279831946881958,0.1166999068530618
2010-03-08,85.49973297,0.000175374,0.0212709863385462,0.027978434,0.1167028077198864
2010-03-09,85.64183807373047,0.001662053,0.02014193,0.0423452130525305,0.082938018
2010-03-10,86.02347564697266,0.004456205,0.0237759132839359,0.037448466,0.078166041
2010-03-11,86.38258361816406,0.004174535,0.0249465929328231,0.043191462,0.072920553
2010-03-12,86.39012145996094,8.726112928258978e-05,0.0105911328290668,0.042622637,0.073724708
2010-03-15,86.41252136230469,0.000259288,0.010675920957798,0.032173995,0.06713888
2010-03-16,87.10091400146484,0.007966353,0.0170369525053657,0.037522039,0.071196118
2010-03-17,87.61719512939453,0.00592739,0.01852656464338,0.0427429639217262,0.070114248
2010-03-18,87.57228088378906,-0.000512619,0.0137724205018432,0.0390625884026256,0.073924685
2010-03-19,87.12901306152344,-0.005061737,0.008552964,0.019234682,0.059871622
2010-03-22,87.59483337402344,0.005346328,0.013682184,0.0245041748088028,0.061279188
2010-03-23,88.21090698242188,0.007033219,0.012743758,0.0299978254376049,0.065199732
2010-03-24,87.78264617919922,-0.004854964,0.00188834,0.0204498890447757,0.075230356
2010-03-25,87.63992309570312,-0.001625869,0.000772416,0.0145554743198799,0.076242851
2010-03-26,87.58732604980469,-0.000600149,0.005260165,0.0138581190720818,0.076665426
2010-03-29,88.14327239990234,0.006347338,0.006261089,0.020028938,0.08016789
2010-03-30,88.20338439941406,0.000681981,-8.53e-05,0.0126573918378247,0.072998736
2010-03-31,87.90284729003906,-0.003407319,0.001369304,0.003260229,0.071337534
2010-04-01,88.50392150878906,0.006837938,0.009858503,0.010638533284708,0.078114447
2010-04-05,89.22518920898438,0.008149556,0.0186997735065956,0.0240583024391747,0.077227022
2010-04-06,89.43553924560547,0.002357519,0.0146609810427751,0.021013863,0.075461569
2010-04-07,88.92465973,-0.005712265,0.008177411,0.008091434,0.079128299
2010-04-08,89.23265075683594,0.003463505,0.0151281045812901,0.0165181233506754,0.07323032
2010-04-09,89.81872559,0.006567941,0.0148558849679656,0.024860844387724,0.074510291
2010-04-12,89.96144867,0.001589013,0.0082517,0.0271057780469163,0.07277599
2010-04-13,90.02908325195312,0.000751817,0.006636556,0.0213948359381863,0.070274834
2010-04-14,91.05084991455078,0.0113492954242149,0.0239100176714355,0.032282951,0.083320535
2010-04-15,91.12596130371094,0.000824939,0.0212176880415038,0.0366667760264587,0.07634771
2010-04-16,89.67598724365234,-0.015911756,-0.001589182,0.0132430938073957,0.1215275964590237
2010-04-19,90.01400756835938,0.003769352,0.000584238,0.008840759,0.1165454756634822
2010-04-20,90.81792449951172,0.00893102,0.008762071,0.0154567777593421,0.1233145662335901
2010-04-21,90.65264129638672,-0.00181994,-0.004373475,0.0194319727806526,0.1183327163042149
2010-04-22,90.92308807373048,0.00298333,-0.002226295,0.018944157,0.1181853842502891
2010-04-23,91.5166473388672,0.006528147,0.020525674,0.018903872681929,0.1181415686218453
2010-04-26,91.17103576660156,-0.003776489,0.0128538682978147,0.013445616,0.121557398362227
2010-04-27,89.01477813720703,-0.023650687,-0.019854521,-0.011266416,0.1749786268442221
2010-04-28,89.69097900390625,0.007596501,-0.01060821,-0.014935291,0.1684069419003645
2010-04-29,90.80290222167967,0.0123972692696889,-0.001321841,-0.003545193,0.1822404614308825
2010-04-30,89.2627182,-0.016961837,-0.024628624,-0.004608469,0.184817991523971
2010-05-03,90.41973876953124,0.0129619688059061,-0.008240523,0.004507423,0.1960451322783107
2010-05-04,88.29350280761719,-0.023515175,-0.008102872,-0.027796514,0.2228866828146747
2010-05-05,87.76763153076172,-0.005955945,-0.021444157,-0.031824884,0.2233825675617204
2010-05-06,84.85253143310547,-0.03321384,-0.065530623,-0.066765843,0.2655313322887442
2010-05-07,83.59040832519531,-0.014874313,-0.063546237,-0.086609805,0.2571477711189536
2010-05-10,87.27176666259766,0.04404044,-0.034815098,-0.042768727,0.3707576165443801
2010-05-11,87.02384185791016,-0.002840836,-0.014380004,-0.022366357,0.354416574026014
2010-05-12,88.24095153808594,0.0139859336727863,0.005392877,-0.016166927,0.3606753229385564
2010-05-13,87.14404297,-0.012430833,0.0270058122832914,-0.040294519,0.3555851119767089
2010-05-14,85.56630707,-0.01810492,0.0236378644663255,-0.04141047,0.3568067734615066
2010-05-17,85.61137390136719,0.000526689,-0.019025543,-0.053178265,0.3455425553819685
2010-05-18,84.44685363769531,-0.013602401,-0.029612439,-0.043566616,0.3342605315591682
2010-05-19,83.96599578857422,-0.005694207,-0.048446392,-0.043314781,0.3342256434690274
2010-05-20,80.79549407958984,-0.037759353,-0.072851209,-0.047812803,0.3458433021955249
2010-05-21,81.97503662109375,0.0145991129201086,-0.041970614,-0.019324845,0.3530792228698226
2010-05-24,80.92321777,-0.012830965,-0.054760903,-0.07274459,0.2457790484063998
2010-05-25,81.00588226,0.001021518,-0.040747183,-0.069152998,0.2485410656761223
2010-05-26,80.51754760742188,-0.006028385,-0.04106958,-0.087526299,0.2198035202187344
2010-05-27,83.21472168,0.033497966,0.0299426054343392,-0.045089959,0.3045091463455567
2010-05-28,82.17038727,-0.012549876,0.00238305,-0.039687582,0.2987503279782835
2010-06-01,80.78797912597656,-0.016823678,-0.001671197,-0.056340584,0.3042273542996694
2010-06-02,82.89164733886719,0.0260393716447626,0.02327936,-0.018416391,0.3382725009364371
2010-06-03,83.17712402,0.003443974,0.0330310161579048,-0.009395134,0.3383260680734716
2010-06-04,80.25457000732422,-0.035136512,-0.035572452,-0.006694978,0.330454799
2010-06-07,79.25532531738281,-0.012450938,-0.035475821,-0.033177311,0.3237319735418811
2010-06-08,80.10434723,0.01071249,-0.00846205,-0.010119105,0.3256512884151188
2010-06-09,79.67605590820312,-0.005346668,-0.038792708,-0.016416417,0.3262075359733316
2010-06-10,82.00514221191406,0.0292319477559774,-0.014090194,0.0184754087611465,0.3587896311415569
2010-06-11,82.40330505371094,0.00485534,0.02677399,-0.009750878,0.3146122839441564
2010-06-14,82.27556610107422,-0.001550168,0.038107733,0.001280009,0.3078858687232604
2010-06-15,84.14633942,0.0227378966087146,0.050459087,0.041570049,0.3103281622393243
2010-06-16,84.11626434326172,-0.000357414,0.055728265969569,0.0147737081323551,0.2857597399533872
2010-06-17,84.25149536132812,0.001607668,0.0273928328007666,0.0129166685011601,0.2855790982866217
2010-06-18,84.34288787841797,0.001084758,0.023537682419932,0.05094187,0.2011104179494945
2010-06-21,84.10129547,-0.002864408,0.0221904200315596,0.0611437797321834,0.182660008
2010-06-22,82.71231079101562,-0.016515616,-0.01704208,0.032557079,0.2118459506752326
2010-06-23,82.45565795898438,-0.003102958,-0.019741799,0.0348862907318567,0.2095724244789355
2010-06-24,81.08934020996094,-0.016570333,-0.037532333,-0.011167617,0.1755516874317426
2010-06-25,81.42901611328125,0.004188909,-0.034547925,-0.011823421,0.1749529797742213
2010-06-28,81.17236328,-0.00315186,-0.034826243,-0.013408632,0.1752441347753681
2010-06-29,78.66618347167969,-0.030874792,-0.048918079,-0.065126493,0.1760430496767616
2010-06-30,77.91882324,-0.0095004,-0.055021509,-0.073677084,0.1728381035663041
2010-07-01,77.57158660888672,-0.00445639,-0.043381209,-0.079285344,0.1663823867581233
2010-07-02,77.1488266,-0.005449934,-0.052563444,-0.085295411,0.1592801732569218
2010-07-06,77.65460205078125,0.006555841,-0.043336933,-0.076653913,0.1753664285897292
2010-07-07,80.10046387,0.031496676,0.01823249,-0.031577487,0.2562153199587616
2010-07-08,80.89303588867188,0.009894724,0.038170657,-0.018951059,0.2643702140564772
2010-07-09,81.49697875976562,0.007465944,0.0506034789602873,0.00502703,0.2540699955069193
2010-07-12,81.54981994628906,0.000648382,0.057045499,0.001483548,0.2532967169843498
2010-07-13,82.78023529052734,0.015087898,0.066005531,0.019808121191523,0.2627834471733532
2010-07-14,82.77269744873047,-9.11e-05,0.033361025,0.0522017695002217,0.1900355356224405
2010-07-15,82.79535675048828,0.000273753,0.023516497,0.062584794,0.1746245300025947
2010-07-16,80.51559448242188,-0.027534905,-0.012041971,0.037952142,0.2400286990454502
2010-07-19,80.99119567871094,0.005906945,-0.006850098,0.049804634,0.234433635134293
2010-07-20,81.88950348,0.0110914253427807,-0.010760199,0.054535099,0.2363899682754398
2010-07-21,80.82507324,-0.012998372,-0.02352979,0.009046257,0.202003663
2010-07-22,82.62926483154297,0.0223221769802708,-0.002006054,0.0214632684235087,0.2256221249768606
2010-07-23,83.34642791748047,0.008679287,0.0351588217569034,0.0226934689587279,0.2264929996803925
2010-07-26,84.21450043,0.0104152335193667,0.039798212,0.032675492,0.2297357470074956
2010-07-27,84.20700073242188,-8.91e-05,0.0283002968019236,0.0172355808954531,0.2204027799717043
2010-07-28,83.66345215,-0.00645491,0.035117554,0.0107614554939299,0.224211957396415
2010-07-29,83.25585938,-0.004871814,0.007583204,0.005561938,0.2262607478035445
2010-07-30,83.24072266,-0.00018181,-0.001268264,0.033845967,0.1639532871037467
2010-08-02,85.12037658691406,0.022580942,0.0107567717563148,0.050983084,0.1903800785941032
2010-08-03,84.71275329589844,-0.004788786,0.006006063,0.034476333,0.1929412735710672
2010-08-04,85.27893066,0.006683496,0.0193092500266278,0.0551048980621309,0.1698429363215605
2010-08-05,85.18827056884766,-0.001063101,0.0232105128498369,0.0309697265553767,0.1431974495865693
2010-08-06,84.84108734,-0.004075482,0.0192257423288773,0.0179330951688529,0.1435743132002986
2010-08-09,85.29402160644531,0.005338619,0.002039994,0.0128187090551208,0.1371794750022091
2010-08-10,84.83351135253906,-0.005399092,0.0014255,0.007440125,0.1412237042262499
2010-08-11,82.50850677490234,-0.027406676,-0.032486616,-0.013804658,0.1987241999605733
2010-08-12,82.00274658203125,-0.006129795,-0.037393927,-0.015051347,0.1994530425062571
2010-08-13,81.76115417480469,-0.00294615,-0.036302377,-0.017774575,0.1994458998003336
2010-08-16,81.72340393066406,-0.000461714,-0.041862461,-0.039907867,0.1476499934098488
2010-08-17,82.72740936279297,0.0122854088772503,-0.024826297,-0.023436187,0.1685722557646524
2010-08-18,82.87837982177734,0.001824915,0.004482847,-0.028149401,0.1629800288275459
2010-08-19,81.43658447265625,-0.017396519,-0.006904185,-0.044039937,0.1780270864013736
2010-08-20,81.17236328,-0.003244502,-0.007201353,-0.043242304,0.1781231360629424
2010-08-23,80.86286926269531,-0.0038128,-0.010529844,-0.0519515,0.1699154936434313
2010-08-24,79.66259766,-0.014843297,-0.037047113,-0.060953668,0.1766009739330959
2010-08-25,79.97207641601562,0.003884869,-0.035067088,-0.030741441,0.1368382738983988
2010-08-26,79.43611145019531,-0.006701901,-0.024564795,-0.03129938,0.1372244284271959
2010-08-27,80.66660309,0.0154903307289291,-0.006230694,-0.013387178,0.1661248514130886
2010-08-30,79.49655151367188,-0.014504783,-0.016896726,-0.02724865,0.1786331823079822
2010-08-31,79.49655151367188,0.0,-0.002084368,-0.039054261,0.1593810502228929
2010-09-01,81.87437438964844,0.0299110191662543,0.02378702740863,-0.012114202,0.233094085107079
2010-09-02,82.63682556152344,0.009312452,0.040292935,0.0147383525063011,0.2190149677855713
2010-09-03,83.70876312,0.012971669,0.037712757,0.031247086,0.2241453148181626
2010-09-07,82.76512908935547,-0.011272823,0.0411159668368943,0.023524516,0.233582982921346
2010-09-08,83.34642791748047,0.007023475,0.0484282189667872,0.046242909,0.2132255339557736
2010-09-09,83.73139190673828,0.004618842,0.022681303,0.0470078514801424,0.2131873365992385
2010-09-10,84.15414428710938,0.005048911,0.01836129,0.059394056,0.2035571432575476
2010-09-13,85.09019470214844,0.011123045964861,0.016502831,0.054837956,0.1988991257922866
2010-09-14,85.03736877441406,-0.000620823,0.02745407,0.069698838,0.1700720335188943
2010-09-15,85.36193084716797,0.003816699,0.024182235,0.073781557,0.166840391847848
2010-09-16,85.33930206298828,-0.000265092,0.019203193923265,0.042320051,0.1113232808632856
2010-09-17,85.37118530273438,0.000373606,0.014462045,0.033088877,0.1087890804904914
2010-09-20,86.67651367,0.0152900345065118,0.0186427939820721,0.035453284,0.1150153754019945
2010-09-21,86.50197601,-0.002013667,0.017223102,0.045150016,0.087875141
2010-09-22,86.07696533203125,-0.004913306,0.008376503,0.032761301,0.097905185
2010-09-23,85.37878418,-0.008111126,0.000462649,0.019674727,0.1126514276200965
2010-09-24,87.13944244384766,0.02062173,0.0207125757343402,0.035474167,0.1465750591772403
2010-09-27,86.72203063964844,-0.004790159,0.000525136,0.0191777201029108,0.145255917201571
2010-09-28,87.02561188,0.003500624,0.006053456,0.023380816359708,0.1446947673931989
2010-09-29,86.87381744384766,-0.00174425,0.009257437,0.017711485,0.1458060559957019
2010-09-30,86.61580657958984,-0.00296995,0.014488639206889,0.0149579910515249,0.1474984662431493
2010-10-01,86.98010254,0.004205883,-0.001828562,0.018846139,0.1479152946569618
2010-10-04,86.32743072509766,-0.007503691,-0.004550169,-0.004027423,0.133752305603868
2010-10-05,88.06536865234375,0.0201319315615959,0.0119477100185936,0.0180734904705746,0.167965100721965
2010-10-06,88.05776977539062,-8.63e-05,0.0136284137888638,0.023012015,0.1642351442400625
2010-10-07,87.9515152,-0.001206646,0.0154210723297565,0.0301331418898149,0.1553679297021516
2010-10-08,88.44484711,0.005609135,0.0168399958739215,0.014980640528279,0.1225455821592094
2010-10-11,88.52828979492188,0.000943443,0.025494319144429,0.0208281464577195,0.1175648223934132
2010-10-12,88.80149841308594,0.003086117,0.008358902,0.0204064814637043,0.1174437195106259
2010-10-13,89.49211120605469,0.00777704,0.016288641358084,0.0301390434914341,0.1185592561907864
2010-10-14,89.14303588867188,-0.003900627,0.0135474720161319,0.0291774608917345,0.1199549827814098
2010-10-15,89.32516479492188,0.002043109,0.009953295,0.0269609047058345,0.1197897849992007
2010-10-18,89.76532745361328,0.004927645,0.0139733599458098,0.03982392,0.1055841692691267
2010-10-19,88.58898926,-0.013104594,-0.002393081,0.005945817,0.093991872
2010-10-20,89.45417785644531,0.009766322,-0.000423874,0.0158578633619328,0.1043896759368896
2010-10-21,89.65150451660156,0.002205897,0.005703964,0.0193287098582137,0.1032251980865226
2010-10-22,89.81846618652344,0.001862341,0.005522535,0.0155307982830144,0.1011848570385264
2010-10-25,90.08409118652344,0.002957354,0.003551079,0.017574059,0.1013458052996208
2010-10-26,90.09927368164062,0.000168537,0.017048218,0.0146143397549183,0.1013368208099922
2010-10-27,89.84121704101562,-0.002864137,0.004326675,0.003900968,0.096770047
2010-10-28,89.85643005371094,0.000169332,0.002285801,0.008002803,0.093809758
2010-10-29,89.92469024658203,0.000759658,0.001182653,0.00671172,0.093559512
2010-11-01,89.95505524,0.000337671,-0.001432394,0.002113598,0.090519208
2010-11-02,90.66845703,0.007930647,0.006317291,0.0234732080234689,0.0603436934655727
2010-11-03,91.03271484,0.00401747,0.013262262,0.017646319,0.045606806
2010-11-04,92.78588867,0.019258723,0.0326015468944516,0.034961869,0.099192739
2010-11-05,93.13494110107422,0.003761913,0.035699326,0.0369241989466124,0.098793742
2010-11-08,92.96039581298828,-0.001874112,0.0334093572424583,0.0319291074437251,0.1026439266468067
2010-11-09,92.29254150390624,-0.007184289,0.0179123426805034,0.024342791,0.1145977943687053
2010-11-10,92.66443634033205,0.004029522,0.017924562,0.031424544,0.1108420077478885
2010-11-11,92.31531524658205,-0.003767584,-0.005071606,0.027364599,0.1154435071873951
2010-11-12,91.22245025634766,-0.011838393,-0.020534622,0.0144316316932207,0.1368014357232181
2010-11-15,91.09343719482422,-0.001414269,-0.020083376,0.0126550081594736,0.1374874224065399
2010-11-16,89.67429352,-0.015578989,-0.028369009,-0.010964822,0.1552121644311968
2010-11-17,89.71982574,0.000507751,-0.031777138,-0.014422168,0.1529819648800049
2010-11-18,91.04032135009766,0.014717991,-0.013811293,-0.018812853,0.1366287132627826
2010-11-19,91.29076385498048,0.002750897,0.000748868,-0.019801132,0.135553086
2010-11-22,91.21489715576172,-0.000831045,0.001333356,-0.018776799,0.1356737779526966
2010-11-23,89.89435577392578,-0.014477256,0.002454017,-0.02598461,0.1480602058155866
2010-11-24,91.22245025634766,0.0147739473851047,0.016747965,-0.015561375,0.1697467185610438
2010-11-26,90.15999603271484,-0.01164685,-0.00966962,-0.023347363,0.1771215882034619
2010-11-29,90.43320465,0.003030264,-0.009393713,-0.008651879,0.170305955951061
2010-11-30,89.92469024658203,-0.005623094,-0.014144695,-0.012830199,0.1720213563871604
2010-12-01,91.83718872070312,0.021267779,0.021612402,0.0241194562876703,0.1849669600038142
2010-12-02,93.01351928710938,0.0128088695091019,0.019634082,0.036710878,0.1915465348294565
2010-12-03,93.26397705078124,0.002692703,0.0344274750959407,0.024424954,0.1813811043845596
2010-12-06,93.16529846191406,-0.001058057,0.03021118,0.0205336720581217,0.1822245317152865
2010-12-07,93.21842956542967,0.000570289,0.036627753,0.0219649692335526,0.1817298700837761
2010-12-08,93.55995178222656,0.003663677,0.0187588828177518,0.040776709,0.156019897152877
2010-12-09,93.92422485351562,0.003893472,0.00979111,0.0296174306826402,0.1441876705909404
2010-12-10,94.47064208984376,0.005817639,0.012938168,0.047811072,0.1191248177454448
2010-12-13,94.53137207,0.000642845,0.0146629016484811,0.0453170650675793,0.120658369269945
2010-12-14,94.61485290527344,0.000883102,0.0149801208447049,0.0521565617388342,0.1093099016510926
2010-12-15,94.18225098,-0.004572241,0.006651342,0.025534996,0.073524164
2010-12-16,94.72868347167967,0.005801863,0.008564975,0.0184399450500956,0.0511017177573548
2010-12-17,94.83015441894533,0.001071174,0.003805546,0.0167929506942567,0.050986542
2010-12-20,95.05902862548828,0.002413517,0.005581814,0.0203265614433507,0.048710466
2010-12-21,95.66175842285156,0.006340584,0.011064917,0.0262107918875302,0.052381253
2010-12-22,95.95928192138672,0.003110161,0.0188680024781573,0.025644842,0.052138357
2010-12-23,95.82195281982422,-0.001431118,0.011541059,0.0202048829177807,0.0550395210487933
2010-12-27,95.86010742,0.000398182,0.0108610284275136,0.0147079060890666,0.051119712
2010-12-28,95.99742889404295,0.001432519,0.009871764,0.015508680257386,0.050917055
2010-12-29,96.06607818603516,0.000715116,0.004226556,0.0153382395702148,0.050985116
2010-12-30,95.91349792480467,-0.001588284,-0.000477119,0.0183818811962035,0.042479489
2010-12-31,95.93634796142578,0.000238236,0.00119383,0.012748668,0.0366869179420347
2011-01-03,96.92816925048828,0.0103383265064591,0.011141880155765,0.0221239208603865,0.0583688399344541
2011-01-04,96.87478637695312,-0.000550747,0.009139385,0.019101370776873,0.059936324
2011-01-05,97.37828063964844,0.005197372,0.0136593736144006,0.017943662,0.0578016516478413
2011-01-06,97.18756103515624,-0.001958544,0.0132834599708835,0.0128000031802633,0.060104883
2011-01-07,96.99683380126952,-0.001962465,0.0110540568030601,0.0122610836752039,0.0608305478945161
2011-01-10,96.87478637695312,-0.001258262,-0.000550747,0.0105849970583966,0.0620184321355982
2011-01-11,97.21809387207033,0.003543827,0.003543827,0.0127156007415016,0.06326629
2011-01-12,98.0954361,0.009024475,0.007364635,0.0211246045271706,0.074051938
2011-01-13,97.93518829345705,-0.001633591,0.007692623,0.021078268,0.074115485
2011-01-14,98.6447296142578,0.007245009,0.0169891711760874,0.0282310272423651,0.077463648
2011-01-18,98.81256866455078,0.00170145,0.0200029580458374,0.0194411947386803,0.065066852
2011-01-19,97.84365844726562,-0.009805536,0.006434652,0.0100012821348838,0.087637382
2011-01-20,97.71398162841795,-0.001325347,-0.003888606,0.003447391,0.08498651
2011-01-21,97.93518829345705,0.002263818,0.0,0.007692623,0.084406406
2011-01-24,98.4921417236328,0.005686959,-0.001546843,0.015416048790076,0.08616546
2011-01-25,98.54556274414062,0.000542389,-0.002702145,0.0172467618218663,0.084991736
2011-01-26,98.92701721191406,0.003870844,0.011072345,0.0175782436353106,0.085203346
2011-01-27,99.17113494873048,0.002467655,0.014912434,0.0109658399549215,0.075329527
2011-01-28,97.43929290771484,-0.017463166,-0.005063506,-0.005063506,0.1200560616915467
2011-01-31,98.17171478271484,0.007516699,-0.003253325,-0.004795135,0.1205523775832557
2011-02-01,99.74330902,0.0160086257203482,0.0121542385420767,0.009419251,0.1463505608168454
2011-02-02,99.55259704589844,-0.001912028,0.00632365,0.017466013,0.1349913807138109
2011-02-03,99.77383422851562,0.002222315,0.006077366,0.0210804284685763,0.1338870911374979
2011-02-04,100.05608367919922,0.002828892,0.0268556009941773,0.0216561117888194,0.1339340799091403
2011-02-07,100.68171691894533,0.006252826,0.025567468,0.022230963,0.1343786995360008
2011-02-08,101.13944244384766,0.004546263,0.0139972639423631,0.0263216285693315,0.13447096082995
2011-02-09,100.91057586669922,-0.002262882,0.0136408176290436,0.0200507274017585,0.1364025285483806
2011-02-10,100.9487305,0.000378103,0.0117755947670956,0.0179245253262303,0.1366138984713829
2011-02-11,101.55144500732422,0.005970501,0.0149452314455904,0.042202196,0.084897915
2011-02-14,101.79554748535156,0.002403732,0.011062888,0.0369132057095815,0.083089609
2011-02-15,101.47512817382812,-0.003147675,0.003319039,0.017362760167376,0.053728887
2011-02-16,102.11598205566406,0.006315379,0.0119452909530231,0.025749052117483,0.0539953452404983
2011-02-17,102.4211196899414,0.002988148,0.0145855149872062,0.026532863,0.054001776
2011-02-18,102.63475036621094,0.002085807,0.010667552380063,0.0257722128649315,0.0540529279950704
2011-02-22,100.57488250732422,-0.020069887,-0.01199134,-0.00106111,0.1221828424066304
2011-02-23,99.95696258544922,-0.006143879,-0.014960963,-0.01169158,0.1226353408351515
2011-02-24,99.88829040527344,-0.000687017,-0.021815308,-0.010130608,0.1224893631798488
2011-02-25,100.95635986328124,0.010692639284088,-0.014301346,7.557692400705918e-05,0.135923843
2011-02-28,101.58196258544922,0.006196764,-0.010257615,0.000300513,0.1362046804662547
2011-03-01,99.88829040527344,-0.016672962,-0.006826676,-0.018736154,0.158815432362663
2011-03-02,100.1019058227539,0.002138543,0.001450056,-0.0135326,0.159814541865591
2011-03-03,101.82606506347656,0.0172240401074437,0.0193994175928033,-0.002839095,0.1822117971537327
2011-03-04,101.06315612792967,-0.007492276,0.001057846,-0.013258628,0.1846169256337071
2011-03-07,100.2697296142578,-0.007850799,-0.012917972,-0.02304308,0.186286474534501
2011-03-08,101.14705657958984,0.008749669,0.0126017390948354,0.005689035,0.1640125224499834
2011-03-09,101.00211334228516,-0.001432995,0.008992911,0.0104560075636799,0.1602378718072039
2011-03-10,99.13299560546876,-0.018505729,-0.026447742,-0.007561395,0.1882740024469013
2011-03-11,99.81959533691406,0.006926046,-0.012304789,-0.01125996,0.1827636913079907
2011-03-14,99.21693420410156,-0.006037503,-0.010499633,-0.023281972,0.1794282235707301
2011-03-15,98.08016967773438,-0.011457364,-0.030321069,-0.018101428,0.1693537242400712
2011-03-16,96.26443481445312,-0.018512762,-0.046906727,-0.038335644,0.1868243226392914
2011-03-17,97.53849792480467,0.0132350344424425,-0.01608443,-0.042106774,0.1749261804473477
2011-03-18,97.89324951171876,0.003637042,-0.019298273,-0.031365601,0.1780230341381285
2011-03-21,99.41043090820312,0.0154983250025095,0.001950239,-0.008569872,0.1981198382208379
2011-03-22,99.06558227539062,-0.003468938,0.0100470115507962,-0.020578694,0.1910136897185424
2011-03-23,99.34909057617188,0.002861824,0.032043566,-0.01636622,0.1925883802930198
2011-03-24,100.2991943359375,0.009563286,0.0283036592716561,0.0117639815416252,0.174193617078827
2011-03-25,100.6057129,0.003056042,0.02770838,0.007875383,0.1717125336438144
2011-03-28,100.36052703857422,-0.002437097,0.009557308,0.0115261859645869,0.1685992380807161
2011-03-29,101.0348129272461,0.006718636,0.019878051,0.030124777,0.1544994556145384
2011-03-30,101.7320785522461,0.006901241,0.023986007,0.0567981700441257,0.097508339
2011-03-31,101.59414672851562,-0.001355834,0.0129108952584491,0.0415799801103924,0.092729608
2011-04-01,102.02323150634766,0.004223519,0.0140898421669526,0.042188629,0.092694804
2011-04-04,102.10749053955078,0.000825881,0.017406879,0.02713055,0.068541823
2011-04-05,102.09220886230467,-0.000149663,0.0104656593546623,0.030551747,0.0618952140942353
2011-04-06,102.41399383544922,0.003151905,0.006703051,0.030849837,0.061891484
2011-04-07,102.15351104736328,-0.00254343,0.005505872,0.0184878525067211,0.055751154
2011-04-08,101.8010482788086,-0.003450325,-0.002177771,0.011881386790461,0.061086696
2011-04-11,101.49454498291016,-0.003010807,-0.006002944,0.011299442,0.062099603
2011-04-12,100.73597717285156,-0.007473976,-0.01328438,-0.00295775,0.06701877
2011-04-13,100.72832489013672,-7.6e-05,-0.016459361,-0.009866639,0.0539372133675893
2011-04-14,100.8049087524414,0.000760301,-0.013201722,-0.007768538,0.0545731357880851
2011-04-15,101.17269134521484,0.003648459,-0.006172401,-0.00833673,0.05315652
2011-04-18,100.0386962890625,-0.011208509,-0.014344108,-0.020260945,0.073199156
2011-04-19,100.61337280273438,0.005744542,-0.001217086,-0.014485298,0.082800821
2011-04-20,101.98493194580078,0.0136319765937626,0.0124752104935192,-0.004189485,0.1110047193140748
2011-04-21,102.50597381591795,0.005109008,0.0168748237018305,0.003450325,0.1134824332659832
2011-04-25,102.39869689941406,-0.001046543,0.0121179493981822,0.005870751,0.1118478979624508
2011-04-26,103.27983856201172,0.008605009,0.032398886,0.0175900446610424,0.1164312383160156
2011-04-27,103.95413208007812,0.006528801,0.033203929,0.031946431,0.1060618911583856
2011-04-28,104.2912598,0.003243043,0.022614397792116,0.035371728,0.1045153973767736
2011-04-29,104.53645324707033,0.002351045,0.019808401,0.037017488,0.1036486169216621
2011-05-02,104.37557983398438,-0.001538922,0.0193057430849163,0.031657639,0.1068863487950951
2011-05-03,104.00009155273438,-0.003597473,0.006973801,0.039598629,0.082268167
2011-05-04,103.31047821044922,-0.006630892,-0.00619171,0.02680663,0.096701944
2011-05-05,102.37572479248048,-0.009048002,-0.018367167,0.003831868,0.091571804
2011-05-06,102.82777404785156,0.00441559,-0.016345295,0.003139331,0.090634199
2011-05-09,103.22620391845705,0.00387473,-0.011011924,0.008081226,0.091902216
2011-05-10,104.10736083984376,0.008536175,0.001031435,0.008012428,0.091739463
2011-05-11,103.01166534423828,-0.010524669,-0.002892377,-0.009066179,0.1014231124897817
2011-05-12,103.50204467773438,0.004760425,0.0110018257505575,-0.007567414,0.1034216268520673
2011-05-13,102.7052001953125,-0.007698828,-0.001192031,-0.017517842,0.1072450532087577
2011-05-16,102.05386352539062,-0.006341808,-0.011357004,-0.022243865,0.109669187157345
2011-05-17,102.03853607177734,-0.00015019,-0.019872032,-0.018861094,0.1098268645974579
2011-05-18,102.9503936767578,0.008936404,-0.000594803,-0.00348546,0.11843943135497
2011-05-19,103.19558715820312,0.002381666,-0.002960884,0.008008367,0.108333158213335
2011-05-20,102.37572479248048,-0.007944742,-0.003207972,-0.004396179,0.1144401875821875
2011-05-23,101.18805694580078,-0.011601069,-0.00848382,-0.019744473,0.1241470404525428
2011-05-24,101.10377502441406,-0.000832924,-0.009160863,-0.02885085,0.1100684969570455
2011-05-25,101.44087982177734,0.003334245,-0.014662536,-0.015248618,0.1050663947864902
2011-05-26,101.90830993652344,0.004607907,-0.01247415,-0.015398099,0.1048137827387794
2011-05-27,102.29906463623048,0.003834375,-0.000748812,-0.003954382,0.1017561250141999
2011-05-31,103.36415100097656,0.0104114966107802,0.021505444,0.0128391756110237,0.1087738746804153
2011-06-01,101.04244232177734,-0.02246145,-0.000606631,-0.009761937,0.1618183586247018
2011-06-02,100.9351806640625,-0.001061551,-0.004985161,-0.019574602,0.152243835651297
2011-06-03,99.93142700195312,-0.009944537,-0.019398643,-0.031630811,0.1550114197533044
2011-06-06,98.87403106689452,-0.010581215,-0.033480595,-0.034204336,0.1578267289656415
2011-06-07,98.81275177001952,-0.000619771,-0.044032667,-0.023474165,0.1514033398029843
2011-06-08,98.39895629882812,-0.004187673,-0.026162135,-0.026752895,0.1514102996923126
2011-06-09,99.14988708496094,0.007631491,-0.017687525,-0.022584512,0.1575898491892061
2011-06-10,97.77063751220705,-0.013910753,-0.021622722,-0.040601914,0.162413347752989
2011-06-13,97.84729766845705,0.000784082,-0.010384257,-0.043517182,0.158931205
2011-06-14,99.08860778808594,0.012686197,0.002791705,-0.041363888,0.1651529289031095
2011-06-15,97.32626342773438,-0.01778554,-0.010901466,-0.036778395,0.1517758893981738
2011-06-16,97.54080200195312,0.002204324,-0.016228814,-0.033629292,0.1542305064624358
2011-06-17,97.83189392089844,0.002984309,0.000626532,-0.021009738,0.1524499411588915
2011-06-20,98.33241271972656,0.005116111,0.004957879,-0.005477863,0.1482462216595426
2011-06-21,99.67991638183594,0.013703555,0.005967473,0.008775837,0.1644951213067271
2011-06-22,99.07931518554688,-0.006025298,0.0180121140591631,0.00691429,0.166341894671224
2011-06-23,98.79441833496094,-0.002875442,0.01285222498973,-0.003585165,0.1624685992215652
2011-06-24,97.64704895019533,-0.011613707,-0.001889414,-0.001264066,0.1574157605574848
2011-06-27,98.51719665527344,0.008911152,0.001879176,0.006846372,0.1638242810423245
2011-06-28,99.80314636230467,0.0130530481041901,0.001236257,0.007211107,0.164582498252307
2011-06-29,100.65784454345705,0.00856384,0.015931976870793,0.03423106,0.1311779256262125
2011-06-30,101.62042236328124,0.009562869,0.0286048956605906,0.0418247572051584,0.1344565653158651
2011-07-01,103.12191009521484,0.0147754525814303,0.0560678607687568,0.054072511,0.1442925331296598
2011-07-05,103.03726196289062,-0.000820855,0.0458809777488247,0.047846372,0.1475649549319743
2011-07-06,103.16045379638672,0.001195605,0.0336392945157697,0.034917138,0.1393838674882769
2011-07-07,104.23079681396484,0.0103755167623702,0.0354960141130904,0.051993513,0.1322231599999064
2011-07-08,103.4915542602539,-0.007092362,0.018412951,0.047544548,0.1407745434825846
2011-07-11,101.62042236328124,-0.018080044,-0.014560317,0.040691178,0.1636318144687302
2011-07-12,101.18148803710938,-0.004319352,-0.018010707,0.0270439219982954,0.1660744878493489
2011-07-13,101.52027893066406,0.003348349,-0.01589926,0.0172051947353026,0.1560103074020128
2011-07-14,100.81959533691406,-0.006901908,-0.032727386,0.001606937,0.1564168324894224
2011-07-15,101.40480041503906,0.005804478,-0.020163518,-0.002121837,0.1511704219318491
2011-07-18,100.57318115234376,-0.008200985,-0.010305421,-0.024715688,0.1300923862337954
2011-07-19,102.20560455322266,0.016231199830561,0.0101215799053842,-0.008071424,0.1607030961678836
2011-07-20,102.14401245117188,-0.000602629,0.00614393,-0.009853014,0.1603422702475058
2011-07-21,103.56085968017578,0.0138710747209114,0.0271897971232784,-0.006427439,0.1680277529694605
2011-07-22,103.63018035888672,0.000669371,0.0219455088392208,0.001339492,0.1640945550822304
2011-07-25,103.0526351928711,-0.005573137,0.0246532327218682,0.0140937500187694,0.1344559849982519
2011-07-26,102.66763305664062,-0.003735976,0.004520579,0.0146879142455997,0.1337874278853891
2011-07-27,100.5654754638672,-0.020475368,-0.015454033,-0.009405052,0.1724061023666992
2011-07-28,100.27285766601562,-0.002909724,-0.031749466,-0.005422931,0.1696518918031407
2011-07-29,99.58753204345705,-0.006834607,-0.039010338,-0.01792093,0.1683765998088403
2011-08-01,99.16403198242188,-0.004252541,-0.037734146,-0.014011182,0.1652830928091578
2011-08-02,96.63061523,-0.025547738,-0.058801568,-0.054546806,0.1736230684846692
2011-08-03,97.15423583984376,0.005418786,-0.033920584,-0.048850407,0.1808956629762683
2011-08-04,92.60337829589844,-0.046841576,-0.076486096,-0.105807169,0.2483252124914143
2011-08-05,92.46478271484376,-0.001496658,-0.071522501,-0.107742721,0.2456973208767944
2011-08-08,86.44320678710938,-0.065122912,-0.128280637,-0.161174223,0.3617782842318841
2011-08-09,90.46269989013672,0.046498658,-0.063829826,-0.1188781,0.4819705724627152
2011-08-10,86.46628571,-0.044177481,-0.11001013,-0.140199106,0.507439361
2011-08-11,90.34722900390624,0.044883890486,-0.024363574,-0.098986195,0.5883444020781765
2011-08-12,90.95555877685548,0.006733242,-0.016322149,-0.086677249,0.5941389707883044
2011-08-15,92.88057708740234,0.021164383,0.07446936,-0.063364254,0.6125116170256201
2011-08-16,92.08744049072266,-0.008539316,0.017960337,-0.047015894,0.6030735958775604
2011-08-17,92.14910125732422,0.000669589,0.065722906,-0.05151741,0.6014331527199624
2011-08-18,88.17572784423828,-0.04311896,-0.024035061,-0.047813055,0.5943650885325958
2011-08-19,86.73579406738281,-0.016330274,-0.046393698,-0.061958602,0.5970989486473269
2011-08-22,86.80509185791016,0.000798953,-0.065411795,0.004186391,0.4967864102206524
2011-08-23,89.66192626953125,0.032910908,-0.026339251,-0.008851976,0.4655329481422147
2011-08-24,90.92472076416016,0.0140839545520452,-0.01328695,0.051562699,0.3996966548399717
2011-08-25,89.53868103027344,-0.015243816,0.015457238,-0.008949339,0.3430238719362364
2011-08-26,90.83999633789062,0.014533554578241,0.047318437729634,-0.001270537,0.3499143001906505
2011-08-29,93.45041656,0.0287364633673146,0.07655455,0.006135185,0.3644447466118182
2011-08-30,93.69683837890624,0.002636926,0.0450013988908259,0.0174768446121134,0.3606814543482675
2011-08-31,94.11264801,0.004437819,0.035061172,0.021308365747882,0.3607977350118376
2011-09-01,93.12700653076172,-0.010472997,0.040075702,0.056152399,0.2718766649987323
2011-09-02,90.74762725830078,-0.025549831,-0.001016833,0.04625349,0.2956114774929652
2011-09-06,90.08541107177734,-0.007297339,-0.036008459,0.037789479,0.3013318810450112
2011-09-07,92.62648773,0.0282074159392089,-0.011423551,0.0330637717228003,0.2893287817908696
2011-09-08,91.66394805908205,-0.010391624,-0.026018819,0.008130102,0.2901265561595799
2011-09-09,89.26146697998047,-0.026209662,-0.041508255,-0.003096026,0.3116954617069679
2011-09-12,89.83898162841797,0.006469921,-0.010012886,-0.011019537,0.3035917753867642
2011-09-13,90.66291809082033,0.009171258,0.006410661,-0.029828636,0.2632409348692233
2011-09-14,91.91807556152344,0.0138442209575229,-0.007648052,-0.018984235,0.275564693926739
2011-09-15,93.50432586669922,0.017257218403295,0.020077444257921,-0.006463766,0.2907580114584446
2011-09-16,94.05773162841795,0.005918504,0.053732756,0.009994148,0.2866250387306689
2011-09-19,93.12118530273438,-0.009957143,0.0365342929630692,0.0261555934424333,0.2548995417604589
2011-09-20,93.01282501220705,-0.001163648,0.025919163,0.0324959824859678,0.2499749257220117
2011-09-21,90.27281951904295,-0.029458362,-0.017899157,-0.025410315,0.2567104756483381
2011-09-22,87.35480499267578,-0.032324398,-0.065767234,-0.047010228,0.2962675347949743
2011-09-23,87.88114166259766,0.006025274,-0.065668073,-0.015463843,0.2739203127421731
2011-09-26,89.97097015,0.0237801700304989,-0.033829199,0.001469168,0.3003886340171907
2011-09-27,90.97714996,0.011183382905066,-0.021885961,0.003465936,0.3022150110201523
2011-09-28,89.11956024169922,-0.020418201,-0.012775266,-0.030445756,0.3087607883266726
2011-09-29,89.82390594482422,0.007903379,0.028265199,-0.039360959,0.2949087882511694
2011-09-30,87.57926940917969,-0.0249893,-0.003435006,-0.068877509,0.3068142122995545
2011-10-03,85.08695220947266,-0.028457844,-0.054284376,-0.086277178,0.3253985874835448
2011-10-04,86.95232391357422,0.0219231228250986,-0.044239966,-0.065157693,0.3594136076999618
2011-10-05,88.56226348876953,0.018515199,-0.006253361,-0.018948738,0.3541920197408501
2011-10-06,90.16447448730467,0.018091351,0.003791513,0.0321638803367998,0.3209407622352879
2011-10-07,89.56072998046875,-0.006696035,0.0226247670785133,0.0191120448152521,0.3243136013927583
2011-10-10,92.55615234,0.033445712,0.087783143,0.0287335146605838,0.3453654814831365
2011-10-11,92.64904022216795,0.001003584,0.0655154,0.0183770348869145,0.3424210937868012
2011-10-12,93.46173095703124,0.008771712,0.055322293,0.0487229818409755,0.3194148495339821
2011-10-13,93.27598571777344,-0.001987394,0.034509281,0.038431637,0.3207115082015044
2011-10-14,94.87045288085938,0.0170940800123018,0.059286284,0.08325239,0.2815256305185503
2011-10-17,93.05924987792967,-0.019091329,0.005435593,0.093695889,0.2495097579838125
2011-10-18,94.87816619873048,0.019545787476116,0.024059893,0.091151587,0.2463560885826467
2011-10-19,93.75588226,-0.011828685,0.003147291,0.0586436995828665,0.2598140342232999
2011-10-20,94.16610717773438,0.004375458,0.009542879,0.044381479,0.2506591837296794
2011-10-21,95.95407867,0.018987421,0.0114221631767466,0.071385625,0.2517991088128976
2011-10-24,97.13053894042967,0.0122606592900169,0.043749429,0.049422826,0.2082691325635141
2011-10-25,95.24196625,-0.019443655,0.003834392,0.02798654,0.2416371165742528
2011-10-26,96.20950317382812,0.010158725,0.0261703143463247,0.0293999713964228,0.2426839543687082
2011-10-27,99.56095886230467,0.034834976,0.057290801,0.067380399,0.2876889430107064
2011-10-28,99.53773498535156,-0.000233263,0.037347618,0.049196372,0.2832575776576461
2011-10-31,97.13825988769533,-0.024106185,7.949041928378975e-05,0.043832397,0.2960101936245768
2011-11-01,94.42926788330078,-0.027888002,-0.008532986,-0.004731313,0.3228558888632067
2011-11-02,95.96955871582033,0.0163115829132878,-0.002493979,0.0236110673719935,0.3255842792760964
2011-11-03,97.7187957763672,0.0182269991021488,-0.018502866,0.037727891,0.3350744725546092
2011-11-04,97.12282562,-0.006098828,-0.024261245,0.0121802737766791,0.3270379972618171
2011-11-07,97.72654724121094,0.006216063,0.006056186,0.006136158,0.3227987944531836
2011-11-08,98.98043823242188,0.0128306077172259,0.0481966073775517,0.0392523604053491,0.3063730465536503
2011-11-09,95.32711791992188,-0.036909518,-0.006694214,-0.009171498,0.3654125286989766
2011-11-10,96.2249527,0.009418461,-0.015287162,-0.033507172,0.3150459246459045
2011-11-11,98.03616333007812,0.018822671,0.009403945,-0.015085451,0.3340590414135804
2011-11-14,97.10735321044922,-0.009474158,-0.006335986,-0.000318172,0.3135567903389243
2011-11-15,97.58724212646484,0.004941839,-0.014075469,0.033442748354957,0.2719180704455334
2011-11-16,96.03919219970705,-0.015863241,0.007469798,0.000725579,0.2771542548861001
2011-11-17,94.5144043,-0.015876726,-0.017776557,-0.032791967,0.2677998434120723
2011-11-18,94.41380310058594,-0.001064401,-0.036949225,-0.027892748,0.267465884
2011-11-21,92.61808776855467,-0.019019627,-0.046229923,-0.052272997,0.2738468162113861
2011-11-22,92.25429535,-0.003927877,-0.054647991,-0.067954265,0.2552056547743457
2011-11-23,90.21865844726562,-0.022065497,-0.060605817,-0.053588733,0.2138523069409118
2011-11-25,90.04838562011719,-0.001887335,-0.047252254,-0.064188829,0.1989097633095667
2011-11-28,92.65679168701172,0.0289667166038765,-0.018609688,-0.054871299,0.2378375833881303
2011-11-29,92.91993713378906,0.002840002,0.003259076,-0.043121514,0.240137659947563
2011-11-30,96.74355316,0.041149576,0.0486617755358831,-0.008645484,0.3308072999927928
2011-12-01,96.72806549072266,-0.00016009,0.07215145,0.007172835,0.3198299391052434
2011-12-02,96.64295959472656,-0.000879847,0.073233672,0.0225209618966188,0.3063871966917101
2011-12-05,97.69559478759766,0.0108920007963884,0.054381368,0.0347596599145083,0.3084788715815106
2011-12-06,97.72654724121094,0.000316825,0.0517285122621333,0.055156175,0.2830158053751657
2011-12-07,98.09033966064452,0.003722555,0.0139212015168956,0.063260407,0.2784300189349091
2011-12-08,95.93856811523438,-0.021936631,-0.00816203,0.063400518,0.2780630669418165
2011-12-09,97.56401824951172,0.016942614,0.00953053,0.083462158,0.278600597
2011-12-12,96.13980102539062,-0.014597771,-0.015924912,0.037590438,0.2733972890585643
2011-12-13,95.24196625,-0.009338846,-0.025423808,0.0249895682820597,0.2813508674087656
2011-12-14,94.22801971435548,-0.010646006,-0.039375131,-0.026002078,0.1870330723606663
2011-12-15,94.56858825683594,0.003614302,-0.014279761,-0.02232524,0.1893394578871404
2011-12-16,94.70876312,0.001482256,-0.029265452,-0.020013837,0.1901669832456771
2011-12-19,93.69620513916016,-0.010691281,-0.02541711,-0.040937257,0.1799306892794534
2011-12-20,96.53147888183594,0.030260284,0.013539332,-0.012228697,0.2497960268004241
2011-12-21,96.71839904785156,0.001936365,0.0264292865439119,-0.013986501,0.2489863155180021
2011-12-22,97.57522583007812,0.008858984,0.031793195,0.017059434,0.2242760645750501
2011-12-23,98.44760895,0.008940621,0.039477295,0.009056522,0.2124141004066273
2011-12-27,98.52548981,0.000791089,0.0515419451705239,0.024814788009684,0.194065343
2011-12-28,97.23247528076172,-0.013123655,0.007261843,0.0208994953761167,0.201335493
2011-12-29,98.2372818,0.010334063,0.0157041759005271,0.042548513,0.1913199571898549
2011-12-30,97.75436401367188,-0.00491583,0.001835898,0.033687462,0.1968146087442543
2012-01-03,99.31218719482422,0.015936099,0.008782115,0.048606105,0.2060549657537606
2012-01-04,99.46799469,0.001568866,0.009566102,0.061601103,0.188648448719692
2012-01-05,99.73280334472656,0.00266225,0.0257149481872704,0.0331635286227134,0.1318276665604033
2012-01-06,99.47577667236328,-0.002577153,0.0126071777472114,0.028509339,0.1350418106139792
2012-01-09,99.7172393798828,0.002427352,0.0200796699565903,0.021952432,0.1308187998528436
2012-01-10,100.58187103271484,0.008670834,0.012784773689455,0.0216791662872541,0.1304362713437969
2012-01-11,100.63639068603516,0.000542043,0.0117464517077663,0.0214249214395025,0.130516351959202
2012-01-12,100.87784576416016,0.002399282,0.0114811013130329,0.037491285,0.09913343
2012-01-13,100.35598754882812,-0.00517317,0.008848495,0.021567227,0.1006503167559247
2012-01-17,100.74544525146484,0.003880762,0.0103112147706474,0.0305979305166839,0.092724171
2012-01-18,101.85926055908205,0.0110557385977803,0.012699998,0.0256471379415008,0.075311089
2012-01-19,102.39673614501952,0.005276649,0.0174921362638718,0.0294440585055273,0.076258635
2012-01-20,102.77837371826172,0.003727048,0.0188398943266965,0.030537298,0.076346532
2012-01-23,102.51353454589844,-0.002576799,0.021498936,0.030537664295303,0.076345804
2012-01-24,102.39673614501952,-0.001139346,0.016390725,0.026870948,0.07917213
2012-01-25,103.25352478027344,0.008367343,0.0136881439501779,0.026561981,0.078539781
2012-01-26,102.72386169433594,-0.005129734,0.003194687,0.0207427054375715,0.087431256
2012-01-27,102.67716217041016,-0.000454612,-0.000984755,0.0178365863448013,0.088298645
2012-01-30,102.3266143798828,-0.003414078,-0.001823371,0.019636365,0.084790006
2012-01-31,102.28766632080078,-0.000380625,-0.001065169,0.0153080972096206,0.084784601
2012-02-01,103.18341827392578,0.008757184,-0.000678974,0.0129998755888836,0.078075807
2012-02-02,103.34699249267578,0.001585276,0.006066076,0.009280143,0.074952352
2012-02-03,104.79576873779295,0.0140185622258901,0.0206336688957824,0.0196285944848804,0.09948129
2012-02-06,104.72569274902344,-0.000668691,0.023445302,0.021579182,0.097484088
2012-02-07,104.99053192138672,0.002528884,0.026424159,0.025330844263373,0.095737599
2012-02-08,105.30208587646484,0.002967448,0.020533024,0.0198401081275512,0.0901808
2012-02-09,105.43450927734376,0.001257557,0.0201991053084191,0.026387711,0.081346548
2012-02-10,104.65558624267578,-0.007387743,-0.001337673,0.019268395,0.094985244
2012-02-13,105.43450927734376,0.007442728,0.006768315,0.030372303,0.093518075
2012-02-14,105.30208587646484,-0.001255978,0.002967448,0.0294700198380717,0.094505281
2012-02-15,104.8113784790039,-0.004659997,-0.004659997,0.0157773432234653,0.095316998
2012-02-16,105.97195434570312,0.0110729949700232,0.00509743,0.0253994991989088,0.1065601553114927
2012-02-17,106.25236511230467,0.002646085,0.015257464,0.0138993815499959,0.085432296
2012-02-21,106.29912567138672,0.00044009,0.008200507,0.0150243257510269,0.084862015
2012-02-22,105.95637512207033,-0.003224397,0.00621345,0.009199336,0.087783116
2012-02-23,106.42374420166016,0.004410958,0.0153834988724934,0.0106518148796328,0.08901177
2012-02-24,106.6573715209961,0.002195256,0.006467911,0.0115983111415223,0.089190133
2012-02-27,106.8365249633789,0.00167971,0.005497853,0.0208392002663475,0.075381555
2012-02-28,107.14813232421876,0.002916674,0.007986958,0.0162529617543658,0.06955603
2012-02-29,106.72750091552734,-0.0039257,0.007277767,0.013536437,0.073810185
2012-03-01,107.2805176,0.005181576,0.008050585,0.0235579298254884,0.067628417
2012-03-02,106.95339965820312,-0.003049183,0.002775506,0.009261368,0.051888676
2012-03-05,106.5171890258789,-0.004078511,-0.002989015,0.002492405,0.05643275
2012-03-06,104.95933532714844,-0.014625374,-0.020427766,-0.012603964,0.093529686
2012-03-07,105.69157409667967,0.006976404,-0.009706278,-0.002499151,0.1012089072186135
2012-03-08,106.74309539794922,0.009948961,-0.005009504,0.003000751,0.1116063147305958
2012-03-09,107.15591430664062,0.003867406,0.001893485,0.004674246,0.1127024627575272
2012-03-12,107.16370391845705,7.269418460764676e-05,0.006069583,0.003062426,0.1125157160575904
2012-03-13,109.0954360961914,0.0180259930097625,0.039406697,0.01817394,0.143536224
2012-03-14,108.97859954833984,-0.001070957,0.031100166,0.021092020458665,0.1410190452276685
2012-03-15,109.60950469970705,0.005789257,0.026853346,0.0217093203328926,0.1414202814111259
2012-03-16,109.76126861572266,0.001384587,0.024313677,0.0262531996784842,0.1385471699630166
2012-03-19,110.19157409667967,0.003920376,0.028254624,0.034495701,0.1334282654645153
2012-03-20,109.87077331542967,-0.0029113,0.007106963,0.0467937222827561,0.097044434
2012-03-21,109.69086456298828,-0.001637458,0.006535825,0.037839255404128,0.100703879316123
2012-03-22,108.90071105957033,-0.007203458,-0.006466534,0.0202131637046618,0.1076583451737755
2012-03-23,109.2527847290039,0.003232979,-0.004632635,0.0195684058685068,0.1074009294796008
2012-03-26,110.7861328,0.0140348649903934,0.005395682,0.0338027593447063,0.122358659904341
2012-03-27,110.44190216064452,-0.003107164,0.005198187,0.0123420934242008,0.094156768
2012-03-28,109.8942642211914,-0.004958607,0.001854299,0.008402243,0.098742952
2012-03-29,109.70652770996094,-0.001708338,0.007399554,0.00088517,0.095366606
2012-03-30,110.1603012084961,0.004136249,0.008306575,0.003635459,0.097379795
2012-04-02,110.96607208251952,0.00731453,0.001624204,0.00702865,0.1022061619259383
2012-04-03,110.51235961914062,-0.004088749,0.000637959,0.005839463,0.1035394768127653
2012-04-04,109.41706085205078,-0.009911097,-0.004342386,-0.00249614,0.1161154479360924
2012-04-05,109.36231994628906,-0.000500296,-0.003137532,0.004238805,0.1095256599112742
2012-04-09,108.13401794433594,-0.011231492,-0.018393952,-0.010240167,0.122513222168949
2012-04-10,106.31901550292967,-0.01678475,-0.041878175,-0.04032199,0.1139892852577401
2012-04-11,107.17958068847656,0.008094179,-0.030157522,-0.029538802,0.1294918165671131
2012-04-12,108.5799560546875,0.0130656917783733,-0.007650587,-0.011959752,0.1514646720445081
2012-04-13,107.28911590576172,-0.011888383,-0.018957206,-0.022035259,0.1608256894001808
2012-04-16,107.2187271118164,-0.000656066,-0.008464412,-0.026702669,0.1573172625881393
2012-04-17,108.8068389892578,0.014811889,0.0233996098869027,-0.019458498,0.1742196329065726
2012-04-18,108.43915557861328,-0.003379231,0.0117520042721359,-0.018759929,0.1740073412987261
2012-04-19,107.7428741455078,-0.006420941,-0.007709359,-0.015300966,0.1703162802238878
2012-04-20,107.9228057861328,0.00167001,0.005906376,-0.013162798,0.1710160517253187
2012-04-23,107.01531219482422,-0.008408729,-0.001897196,-0.010345549,0.1669518642295344
2012-04-24,107.42211151123048,0.003801319,-0.012726475,0.010375340695949,0.1426303392667352
2012-04-25,108.89290618896484,0.0136917312184894,0.00418438,0.0159855589048081,0.1527584242605059
2012-04-26,109.65174102783205,0.006968634,0.0177168735980282,0.009870928,0.1427127949962344
2012-04-27,109.83167266845705,0.001640937,0.0176873355767543,0.0236981798314805,0.1232899851872112
2012-04-30,109.42485809326172,-0.003703982,0.022515898416956,0.0205759855658851,0.1262986773386595
2012-05-01,110.10549926757812,0.00622017,0.024979846,0.0119354655496288,0.1080722478186714
2012-05-02,109.77696228027344,-0.002983838,0.008118583,0.012336934,0.1076196087680836
2012-05-03,108.93983459472656,-0.007625714,-0.006492432,0.011109416,0.1101631891944656
2012-05-04,107.17958068847656,-0.016158037,-0.024146878,-0.006886636,0.1400121650133948
2012-05-07,107.2578353881836,0.000730127,-0.019803752,0.002266248,0.1331926793809237
2012-05-08,106.82756805419922,-0.004011524,-0.029770822,-0.005534647,0.1331476609084289
2012-05-09,106.19386291503906,-0.005932037,-0.032639812,-0.024786218,0.1086805028494995
2012-05-10,106.41291046142578,0.002062714,-0.023195594,-0.029537429,0.099098993
2012-05-11,106.09212493896484,-0.003014536,-0.010146109,-0.03404799,0.095724002
2012-05-14,104.91864013671876,-0.011060998,-0.021809085,-0.041180935,0.1031267387283789
2012-05-15,104.31623840332033,-0.005741608,-0.023508254,-0.052579216,0.085299207
2012-05-16,103.91724395751952,-0.003824855,-0.021438329,-0.053378397,0.084742145
2012-05-17,102.3760757446289,-0.014830726,-0.037935573,-0.060251228,0.096768755
2012-05-18,101.4998550415039,-0.008558842,-0.043285681,-0.052992609,0.081070615
2012-05-21,103.24444580078124,0.017188111,-0.015957072,-0.037418148,0.1380755685155612
2012-05-22,103.42437744140624,0.001742773,-0.008549589,-0.031856858,0.1407914687199866
2012-05-23,103.47915649414062,0.000529653,-0.004215734,-0.025563685,0.141013256834197
2012-05-24,103.6825942993164,0.001965979,0.012761952,-0.025657753,0.140925449
2012-05-25,103.34615325927734,-0.003244913,0.0181901562028681,-0.025882898,0.140950974
2012-05-29,104.59788513183594,0.0121120315859093,0.013109076,-0.003057178,0.1496602863125069
2012-05-30,103.0801773071289,-0.014509928,-0.003328037,-0.011849172,0.1643904249718415
2012-05-31,102.8532943725586,-0.002201034,-0.006048195,-0.010238432,0.1638499126416055
2012-06-01,100.26378631591795,-0.025176715,-0.032973789,-0.020632647,0.1938261037960972
2012-06-04,100.21683502197266,-0.000468278,-0.030279968,-0.012640609,0.1904032097886298
2012-06-05,100.9757080078125,0.00757231,-0.034629545,-0.021974429,0.1693469544387453
2012-06-06,103.24444580078124,0.0224681543485014,0.001593599,-0.001739741,0.2098607720295604
2012-06-07,103.30703735351562,0.000606246,0.004411555,-0.001663322,0.2098675103840451
2012-06-08,104.12847900390624,0.007951459,0.0385452497855123,0.004300478,0.2136247269940663
2012-06-11,102.80634307861328,-0.01269716,0.025839052,-0.005223321,0.2233273013360067
2012-06-12,103.9876937866211,0.0114910293726182,0.0298288156452,-0.005833687,0.2223701627140215
2012-06-13,103.32272338867188,-0.006394703,0.000758177,0.002352985,0.2115173611226171
2012-06-14,104.41795349121094,0.0106000893764588,0.0107535378629992,0.0152125328429908,0.2169454804344465
2012-06-15,105.48587799072266,0.010227403,0.0130358092214666,0.052083528,0.1599169078067303
2012-06-18,105.69027709960938,0.001937692,0.0280521019874311,0.0546159941734007,0.1580007926347582
2012-06-19,106.71263885498048,0.009673186,0.026204496,0.05681496,0.1591660749086945
2012-06-20,106.53961944580078,-0.001621358,0.031134449,0.031916232,0.1310867394364423
2012-06-21,104.14901733398438,-0.022438621,-0.002575574,0.008150267,0.1840779319154664
2012-06-22,104.95110321044922,0.007701329,-0.005069634,0.007900089,0.1838127049818206
2012-06-25,103.26824951171876,-0.016034645,-0.022916276,0.004492976,0.1913096104427493
2012-06-26,103.78728485107422,0.005026088,-0.027413379,-0.001927237,0.1835172362324178
2012-06-27,104.72308349609376,0.009016506,-0.017050333,0.0135532636141819,0.1850922210661719
2012-06-28,104.4242706298828,-0.002853362,0.002642879,6.049858727030788e-05,0.1785932045647802
2012-06-29,107.0271987915039,0.0249264672467457,0.019781551,0.0146116317192412,0.2137914032190503
2012-07-02,107.34962463378906,0.00301256,0.0395220713178368,0.0157000963543298,0.2139163817735163
2012-07-03,108.05734252929688,0.006592644,0.041142397,0.012601166,0.2112195364396679
2012-07-05,107.56979370117188,-0.004511945,0.027183216,0.009669401,0.2128437051035563
2012-07-06,106.54750061035156,-0.009503533,0.0203327250232299,0.0230293413971995,0.1803026560088488
2012-07-09,106.41383361816406,-0.00125453,-0.005730928,0.0139372561409074,0.1784377156663869
2012-07-10,105.48587799072266,-0.008720254,-0.017361464,0.021474446303578,0.1613376668668446
2012-07-11,105.50161743164062,0.000149209,-0.023651563,0.0165177515051706,0.160779421861508
2012-07-12,104.99046325683594,-0.004844989,-0.023978204,0.002553207,0.1581177836334787
2012-07-13,106.75196075439452,0.0167776904960357,0.001918958,0.0222907003369159,0.176768212935305
2012-07-16,106.5002899169922,-0.002357529,0.000812454,-0.004923131,0.1240067641736582
2012-07-17,107.23165893554688,0.006867296,0.0165499020160571,-0.001098893,0.1284641538968411
2012-07-18,108.02588653564452,0.007406652,0.0239263545474976,-0.000291105,0.1297071023522579
2012-07-19,108.30897521972656,0.002620563,0.031607747,0.006871646,0.1276849179697075
2012-07-20,107.31816864013672,-0.009147964,0.005303958,0.007233093,0.1268982775627817
2012-07-23,106.2329330444336,-0.010112319,-0.002510386,-0.001699972,0.1381104777375796
2012-07-24,105.32071685791016,-0.008586943,-0.017820689,-0.001565718,0.1378799059120809
2012-07-25,105.34431457519533,0.000224056,-0.02482342,-0.001490999,0.1378845526877938
2012-07-26,107.0822296142578,0.016497473509327,-0.011326352,0.019923393921073,0.1576007806176817
2012-07-27,109.05606842041016,0.0184329259230284,0.0161939008305389,0.021583750309905,0.1620959241474265
2012-07-30,109.05606842041016,0.0,0.0265749546310252,0.023997855,0.1606720671754628
2012-07-31,108.29325103759766,-0.006994727,0.028223642,0.009899988,0.1649413658317541
2012-08-01,108.19891357421876,-0.00087113,0.027097798,0.001601718,0.161177875166039
2012-08-02,107.45183563232422,-0.006904671,0.003451609,-0.007913837,0.1642463068032793
2012-08-03,109.58296966552734,0.019833389,0.004831471,0.021103612,0.1857614681079293
2012-08-06,109.7952651977539,0.001937304,0.006778135,0.033533218,0.1728890528501355
2012-08-07,110.34576416015624,0.005013868,0.0189532875123121,0.04771186,0.1595471706941823
2012-08-08,110.47942352294922,0.001211278,0.021077013,0.0487459524366493,0.158844195013321
2012-08-09,110.57382202148438,0.000854444,0.029054752,0.032606646,0.1454804767529402
2012-08-10,110.75464630126952,0.001635326,0.0106921416650636,0.015575272,0.1182967534023155
2012-08-13,110.69960021972656,-0.000497009,0.008236558,0.015070521275172,0.1185077455285442
2012-08-14,110.71538543701172,0.000142595,0.003349664,0.0223664390551276,0.1091963118573624
2012-08-15,110.8411636352539,0.00113605,0.003274276,0.0244203012188537,0.1080562980061446
2012-08-16,111.65902709960938,0.007378698,0.009814304,0.039154207,0.096673761
2012-08-17,111.80840301513672,0.001337786,0.009514334,0.020308204,0.037771387
2012-08-20,111.81626892089844,7.035165112467823e-05,0.010087378,0.0184070207354067,0.03902101
2012-08-21,111.4781494140625,-0.003023885,0.006889413,0.010262154261424,0.041434831
2012-08-22,111.52531433105467,0.000423087,0.006172352,0.009466838,0.0415242012258307
2012-08-23,110.61311340332033,-0.008179317,-0.009367032,0.000355341,0.061862671
2012-08-24,111.2815399169922,0.006042923,-0.004712196,0.004757305,0.068627478
2012-08-27,111.30512237548828,0.000211917,-0.004571307,0.005469958,0.068435987
2012-08-28,111.1950684,-0.00098876,-0.002539341,0.004332577,0.06886077
2012-08-29,111.2815399169922,0.000777656,-0.002185821,0.003973039,0.068782923
2012-08-30,110.47942352294922,-0.007207992,-0.001208626,-0.010564337,0.066305901
2012-08-31,111.0063018798828,0.004769018,-0.002473349,-0.00717389,0.071782086
2012-09-04,110.9040756225586,-0.000920905,-0.003603129,-0.008157966,0.071652521
2012-09-05,110.80972290039062,-0.00085076,-0.003465491,-0.005996032,0.0705948
2012-09-06,113.0587921142578,0.020296678,0.015970773,0.0137500422428857,0.1267543610467304
2012-09-07,113.49913024902344,0.003894771,0.0273327523785182,0.0260910913444778,0.1151812461456156
2012-09-10,112.85428619384766,-0.005681489,0.0166475621894377,0.0141330383999773,0.1202990423157716
2012-09-11,113.1688995361328,0.002787784,0.0204214669376274,0.016744756,0.1202636902698492
2012-09-12,113.5463638305664,0.003335407,0.0246967581774011,0.0211456812418351,0.1195260047965038
2012-09-13,115.2763672,0.015236097,0.0196143531323162,0.035898382,0.1358954188131662
2012-09-14,115.78752899169922,0.004434229,0.0201622579631659,0.0480461003459833,0.1218976535873438
2012-09-17,115.39434814453124,-0.00339571,0.0225074477571953,0.0395297040828963,0.1285345786618134
2012-09-18,115.29996490478516,-0.000817919,0.018830839,0.03963686,0.128427113642381
2012-09-19,115.3629150390625,0.000545968,0.0159983212778769,0.041090186,0.1271582705174258
2012-09-20,115.3707504272461,6.79194711830089e-05,0.000818756,0.0204491687002263,0.089956166
2012-09-21,115.3224868774414,-0.000418334,-0.00401634,0.016064939,0.090072663
2012-09-24,115.14857482910156,-0.00150805,-0.002129856,0.0203296543944555,0.082752864
2012-09-25,113.92321014404295,-0.010641597,-0.011940635,0.006665353,0.1040215005785012
2012-09-26,113.28278350830078,-0.005621564,-0.018031198,-0.002321345,0.1072948338824126
2012-09-27,114.35011291503906,0.009421815,-0.008846588,-0.008035075,0.085640098
2012-09-28,113.82042694091795,-0.004632142,-0.013024866,-0.016988894,0.082167676
2012-10-01,114.12079620361328,0.002638975,-0.008925674,-0.011036519,0.084238831
2012-10-02,114.23941040039062,0.001039374,0.002775556,-0.009198221,0.084923984
2012-10-03,114.70586395263672,0.004083123,0.0125621952450669,-0.005695514,0.088407705
2012-10-04,115.52806854248048,0.007167939,0.010301307077122,0.001363588,0.096616504
2012-10-05,115.53594207763672,6.815257327152935e-05,0.0150721200299945,0.001850942,0.096566812
2012-10-08,115.14067840576172,-0.003421132,0.008936865,-6.86e-05,0.097982334
2012-10-09,114.00231170654295,-0.009886746,-0.002075454,0.000694341,0.095732043
2012-10-10,113.27491760253906,-0.006380521,-0.012474919,-6.94e-05,0.097065497
2012-10-11,113.33814239501952,0.000558154,-0.018955793,-0.008849755,0.082035251
2012-10-12,112.96654510498048,-0.00327866,-0.022238941,-0.007502009,0.080568521
2012-10-15,113.90740966796876,0.008328701,-0.010710973,-0.00186983,0.091564577
2012-10-16,115.06166076660156,0.010133239812909,0.009292347,0.007197607,0.1052855816518595
2012-10-17,115.58335876464844,0.004534073,0.0203791025495094,0.007649956,0.105710325787271
2012-10-18,115.2829818725586,-0.00259879,0.0171596201988266,-0.002121447,0.1004288087640065
2012-10-19,113.36186981201172,-0.016664316,0.003499485,-0.018817281,0.1299821373840062
2012-10-22,113.37767028808594,0.000139381,-0.004650614,-0.015311775,0.1300194832583321
2012-10-23,111.80443572998048,-0.013876053,-0.028308517,-0.019279223,0.1384815584968803
2012-10-24,111.48822021484376,-0.002828291,-0.035430174,-0.015773107,0.1364035254368786
2012-10-25,111.81234741210938,0.002907278,-0.030105349,-0.013462326,0.137923914078841
2012-10-26,111.74907684326172,-0.000565864,-0.014226944,-0.010777246,0.1375171216317049
2012-10-31,111.74907684326172,0.0,-0.014364323,-0.018948134,0.1276133066463472
2012-11-01,112.91913604736328,0.0104704149434959,0.00997009,-0.018620666,0.128510268655149
2012-11-02,111.9151382446289,-0.008891299,0.003829266,-0.03173658,0.1275092705753257
2012-11-05,112.14437103271484,0.002048273,0.002969472,-0.027225275,0.1302185206890987
2012-11-06,113.02190399169922,0.007825029,0.0113900462034488,-0.002998943,0.1138201282046308
2012-11-07,110.46043395996094,-0.022663483,-0.011531575,-0.025730255,0.1597699429712681
2012-11-08,109.13223266601562,-0.012024227,-0.033536418,-0.023900689,0.1563300417538954
2012-11-09,109.2271499633789,0.000869746,-0.024018094,-0.0202808,0.1571281500193312
2012-11-12,109.31412506103516,0.000796277,-0.025237521,-0.022342992,0.1556314581736588
2012-11-13,108.93458557128906,-0.003472008,-0.036163949,-0.025185812,0.1554536476572296
2012-11-14,107.46409606933594,-0.01349883,-0.027125893,-0.038344664,0.1639048027376748
2012-11-15,107.2822723388672,-0.001691949,-0.016951548,-0.049919473,0.1443474603547001
2012-11-16,107.81193542480467,0.004937098,-0.012956619,-0.036663519,0.1506521256747605
2012-11-19,109.99398040771484,0.0202393637987516,0.006219282,-0.019175199,0.1920366747977736
2012-11-20,110.04145050048828,0.00043157,0.0101608219592927,-0.026370583,0.1850465719136118
2012-11-21,110.2469711303711,0.001867666,0.0258958588293494,-0.001932482,0.1478358058940134
2012-11-23,111.74907684326172,0.0136249159272985,0.0416359982596701,0.0239786551903009,0.146235771166958
2012-11-26,111.5119171142578,-0.002122252,0.03431885,0.020917575,0.1478804567342917
2012-11-27,110.9426498413086,-0.00510499,0.00862474,0.0148976610238078,0.1522522820993589
2012-11-28,111.83604431152344,0.008052759,0.016308344,0.026634872,0.1526609581753854
2012-11-29,112.35784149169922,0.004665734,0.0191467424427647,0.045538423,0.1231639590213548
2012-11-30,112.38152313232422,0.00021077,0.005659521,0.047531159,0.1208382960188871
2012-12-03,111.8281478881836,-0.004924077,0.002835847,0.037252021,0.1300406889870465
2012-12-04,111.67000579833984,-0.001414153,0.006556144,0.0152374283066443,0.093078165
2012-12-05,111.86766815185548,0.001770058,0.00028277,0.0165957250023625,0.092878679
2012-12-06,112.24714660644533,0.003392208,-0.000985199,0.018142679618009,0.093287316
2012-12-07,112.58708190917967,0.003028454,0.001829115,0.007498989,0.067261705
2012-12-10,112.63455200195312,0.00042163,0.007211101,0.010067398,0.065400799
2012-12-11,113.40142822265624,0.006808534,0.0155048118063423,0.0221626073008411,0.061436137
2012-12-12,113.45673370361328,0.000487697,0.0142048688241245,0.0144916551910165,0.052322277
2012-12-13,112.76103973388672,-0.0061318,0.004578229,0.003588519,0.061057033
2012-12-14,112.34202575683594,-0.003715946,-0.002176592,-0.000351458,0.064423771
2012-12-17,113.6623077392578,0.0117523426654209,0.009124693,0.016401593746399,0.081154347
2012-12-18,114.92723083496094,0.01112878245095,0.0134548800329823,0.029168307,0.091681197
2012-12-19,114.07339477539062,-0.007429363,0.005435209,0.0197172843590605,0.1054382312973586
2012-12-20,114.72955322265624,0.005752073,0.0174573903665236,0.022115543,0.1069810471618552
2012-12-21,113.68816375732422,-0.009076907,0.0119824971235786,0.009779824,0.1207604209327607
2012-12-24,113.33785247802734,-0.003081335,-0.002854555,0.006244092,0.1224977591220084
2012-12-26,112.86014556884766,-0.004214893,-0.017986036,-0.004773156,0.1194395270790628
2012-12-27,112.70886993408205,-0.001340381,-0.011961815,-0.006591621,0.1193889486675557
2012-12-28,111.49069213867188,-0.01080818,-0.028230399,-0.011265838,0.1274523473224395
2012-12-31,113.38561248779295,0.0169962201576809,-0.002661238,0.009289371,0.1549983211585542
2013-01-02,116.29169464111328,0.0256300785395782,0.0260622739755775,0.0231333232111325,0.1930259068561916
2013-01-03,116.02898406982422,-0.002259066,0.028077569,0.009586529,0.1876120751894278
2013-01-04,116.53853607177734,0.004391592,0.033978391762202,0.0216101335569136,0.1820122529567678
2013-01-07,116.2200698852539,-0.002732711,0.042419485,0.0129915668694795,0.1823578202618304
2013-01-08,115.88566589355467,-0.002877334,0.022049124,0.019329208,0.1749365690941274
2013-01-09,116.18026733398438,0.002542173,-0.000958171,0.025079131,0.1726523964373142
2013-01-10,117.10381317138672,0.007949249,0.009263454,0.0376011175703323,0.1701210216488199
2013-01-11,117.09585571289062,-6.8e-05,0.004782278,0.038923164,0.1691724029063066
2013-01-14,117.01622009277344,-0.000680089,0.006850368,0.049560442,0.151246720062206
2013-01-15,117.09585571289062,0.000680552,0.010442964,0.032722346,0.1360953341363026
2013-01-16,117.0799331665039,-0.000135979,0.007743706,0.006778115,0.054505046270361
2013-01-17,117.83634185791016,0.006460618,0.006255379,0.0155767785314597,0.0587466308483266
2013-01-18,118.0990753173828,0.002229647,0.008567507,0.0133907572396851,0.056791616
2013-01-22,118.73596954345705,0.005392881,0.014696676,0.021647721,0.055112189
2013-01-23,118.92708587646484,0.001609591,0.015638727,0.0262450058810881,0.047766534
2013-01-24,118.95893096923828,0.00026777,0.016048846,0.0239168294153262,0.049184534
2013-01-25,119.6277847290039,0.00562256,0.0152028045240399,0.0215532824189357,0.042763001
2013-01-28,119.48446655273438,-0.001198034,0.0117307542978506,0.020398765,0.044726469
2013-01-29,119.95421600341795,0.003931469,0.01026013,0.025107595,0.0428696006784907
2013-01-30,119.48446655273438,-0.003916073,0.004686743,0.020398765,0.0532449272333735
2013-01-31,119.18984985351562,-0.002465732,0.001941165,0.0180211640880518,0.057043184
2013-02-01,120.4159927368164,0.0102873095721465,0.006588837,0.021891811,0.067993294
2013-02-04,119.06246185302734,-0.011240458,-0.003531879,0.008157444,0.095682325
2013-02-05,120.2646942138672,0.0100974928800303,0.002588306,0.0128749921046515,0.1044759623378533
2013-02-06,120.35231018066406,0.000728526,0.007263234,0.011984018,0.1044963802675064
2013-02-07,120.19308471679688,-0.001322995,0.008417117,0.01037462,0.1052013855225576
2013-02-08,120.86185455322266,0.005564129,0.003702679,0.010315913,0.1051306964502898
2013-02-11,120.8379898071289,-0.000197455,0.0149125755210177,0.0113280269263884,0.1046514321195109
2013-02-12,121.03702545166016,0.001647128,0.006421928,0.009026856,0.1035720760911581
2013-02-13,121.1405029296875,0.000854924,0.006549045,0.0138598465953918,0.1000459406662694
2013-02-14,121.25196838378906,0.000920134,0.008809855,0.0173011253291097,0.097805947
2013-02-15,121.1086883544922,-0.001181672,0.00204228,0.005752522,0.085948787
2013-02-19,122.01631927490234,0.00749435,0.009751316,0.0248093091298691,0.0618342594657894
2013-02-20,120.49562072753906,-0.012463075,-0.00447305,0.001920152,0.08367307
2013-02-21,119.7630844116211,-0.00607936,-0.011370421,-0.004895841,0.089271027
2013-02-22,120.93355560302734,0.009773222,-0.002626042,0.006160678,0.1026938235213541
2013-02-25,118.6325454711914,-0.019027061,-0.020445625,-0.018445101,0.1378214857699491
2013-02-26,119.44464111328124,0.006845471,-0.02107651,-0.011530717,0.1445233970424154
2013-02-27,120.94943237304688,0.0125982316639763,0.003766209,-0.000723688,0.1600222354071529
2013-02-28,120.71058654785156,-0.001974758,0.007911471,-0.003548907,0.160216182
2013-03-01,121.1086883544922,0.003297986,0.001448173,-0.001181672,0.1611689844643022
2013-03-04,121.75355529785156,0.005324696,0.0263082092208672,0.005324696,0.1632108786911329
2013-03-05,122.8443374633789,0.008958935,0.0284625272294416,0.006786127,0.1651030649201429
2013-03-06,123.01158142089844,0.00136143,0.017049679,0.0208801006888739,0.1478681672033413
2013-03-07,123.23452758789062,0.0018124,0.0209090280498183,0.0289859199378859,0.1407699925915876
2013-03-08,123.76001739501952,0.004264144,0.021892146,0.0233720225780034,0.1358663108347273
2013-03-11,124.22972106933594,0.003795278,0.0203375233308531,0.047180776,0.065339538
2013-03-12,123.95109558105467,-0.002242825,0.009009435,0.037728394,0.072265669
2013-03-13,124.12622833251952,0.001412918,0.009061317,0.026265489,0.05304455
2013-03-14,124.78705596923828,0.005323836,0.0125981606919407,0.033770604,0.047811056
2013-03-15,124.6223145,-0.001320181,0.006967493,0.029012172,0.053215188
2013-03-18,123.9345932006836,-0.005518444,-0.002375662,0.0179135459124495,0.065601935
2013-03-19,123.64664459228516,-0.002323392,-0.002456219,0.006531088,0.054576735
2013-03-20,124.5103530883789,0.006985297,0.00309463,0.0121839882892997,0.063226936
2013-03-21,123.44670867919922,-0.008542618,-0.010741076,0.001721767,0.079721975
2013-03-22,124.43840789794922,0.00803342,-0.001475711,0.0054815,0.08703437
2013-03-25,123.91859436035156,-0.004177276,-0.000129091,-0.002504447,0.087934345
2013-03-26,124.9102554321289,0.00800252,0.0102195319898117,0.007738212,0.096056011
2013-03-27,124.9102554321289,0.0,0.0032118,0.006316369,0.096060336
2013-03-28,125.29413604736328,0.003073251,0.0149653837508536,0.004063563,0.093625365
2013-04-01,124.79827117919922,-0.003957606,0.002891899,0.00141192,0.095907266
2013-04-02,125.41410064697266,0.004934599,0.0120684574767868,0.011937809,0.092893332
2013-04-03,124.14252471923828,-0.010139019,-0.006146258,0.004010462,0.1082211790006848
2013-04-04,124.64636993408205,0.004058603,-0.002112601,0.001092414,0.1041722744951134
2013-04-05,124.08656311035156,-0.00449116,-0.009637905,0.005183244,0.096426998
2013-04-08,124.9262466430664,0.006766917,0.001025459,0.003920323,0.093843907
2013-04-09,125.35807037353516,0.003456629,-0.000446762,0.0116163035952268,0.091189032
2013-04-10,126.89356231689452,0.0122488479503872,0.0221603161678725,0.0158778546877864,0.1019531769500922
2013-04-11,127.30946350097656,0.003277559,0.021365192,0.019207455,0.101844919074275
2013-04-12,126.99752044677734,-0.002450274,0.0234590858466845,0.0135950847593551,0.1038527192523369
2013-04-15,124.05453491210938,-0.023173567,-0.006977811,-0.005959508,0.160698845715607
2013-04-16,125.88593292236328,0.0147628461269184,0.004210838,0.003762195,0.1768545177333092
2013-04-17,124.0465087890625,-0.014611832,-0.022436548,-0.000773433,0.1855516384121741
2013-04-18,123.27080535888672,-0.006253327,-0.031723157,-0.011035737,0.1864306467939149
2013-04-19,124.3424072265625,0.008693071,-0.020906811,0.00206182,0.1912947279239284
2013-04-22,124.89421081542967,0.004437775,0.006768603,-0.000256438,0.1894286005424561
2013-04-23,126.18180847167967,0.010309506,0.002350346,0.006571082,0.1959037405953868
2013-04-24,126.26174926757812,0.000633537,0.0178581444987104,-0.004979079,0.1851533457212684
2013-04-25,126.77361297607422,0.004053989,0.028415549,-0.004209039,0.1856299618386422
2013-04-26,126.5497055053711,-0.001766199,0.0177517737354617,-0.003526171,0.1854459330764534
2013-04-29,127.3974380493164,0.006698811,0.0200427803462084,0.0269470450199618,0.1363787684904571
2013-04-30,127.70127868652344,0.002384982,0.012041911851222,0.0144205609158867,0.118725366173936
2013-05-01,126.58165740966795,-0.008767502,0.00253369,0.0204370815862009,0.098473672
2013-05-02,127.75726318359376,0.009287331,0.007759108,0.0363951368018184,0.092539357
2013-05-03,129.05288696289062,0.0101412925340691,0.019780223490234,0.037883131,0.095024824
2013-05-06,129.3807830810547,0.002540789,0.01556817,0.0359229802272846,0.095112665
2013-05-07,130.03651428222656,0.005068227,0.018286704876586,0.0305488236159812,0.0880635
2013-05-08,130.6283416748047,0.00455124,0.031968963,0.034583652076392,0.087273932
2013-05-09,130.2604217529297,-0.00281654,0.0195930822793124,0.027504216,0.092531542
2013-05-10,130.68434143066406,0.003254401,0.012641751038414,0.032672031,0.089064779
2013-05-13,130.78826904296875,0.000795257,0.0108786322697729,0.026616163,0.087552505
2013-05-14,132.13980102539062,0.0103337401153145,0.016174586,0.03475707,0.095615757
2013-05-15,132.8515625,0.005386428,0.017019437,0.049532493,0.067199732
2013-05-16,132.22781372070312,-0.00469508,0.0151035283111939,0.0349925352634157,0.077274873
2013-05-17,133.50735473632812,0.009676792,0.021601772,0.034516607,0.07617706
2013-05-20,133.4993133544922,-6.02e-05,0.020728498,0.0318326274996907,0.078102291
2013-05-21,133.6913299560547,0.001438334,0.0117415715675699,0.028106072,0.077730066
2013-05-22,132.69961547851562,-0.007417942,-0.001143735,0.0158562359221194,0.092028497
2013-05-23,132.31576538085938,-0.002892624,0.000665152,0.015778727,0.092131228
2013-05-24,132.2038116455078,-0.00084611,-0.00976383,0.0116270258411175,0.092346241
2013-05-28,132.9955596923828,0.005988844,-0.003773455,0.0168768243938519,0.095383574
2013-05-29,132.1318817138672,-0.006494036,-0.011664543,-5.99e-05,0.089942657
2013-05-30,132.61961364746094,0.003691251,-0.000602879,-0.001745925,0.087473224
2013-05-31,130.7162628173828,-0.014351956,-0.012088526,-0.011431414,0.1115953235785961
2013-06-03,131.43605041503906,0.005506488,-0.005807406,-0.015514533,0.1018270571007724
2013-06-04,130.8042755126953,-0.004806709,-0.016476371,-0.020187653,0.1026749511148137
2013-06-05,128.9729004,-0.014000881,-0.02390779,-0.03529346,0.1164488527532752
2013-06-06,130.14051818847656,0.009053203,-0.018693279,-0.019284889,0.129771875
2013-06-07,131.7958984,0.0127199451182915,0.008259383,-0.003928987,0.1487574494409352
2013-06-10,131.7958984,0.0,0.002737818,-0.003085487,0.1487397124841815
2013-06-11,130.43638610839844,-0.010315286,-0.002812518,-0.019242549,0.1520142233334958
2013-06-12,129.35675048828125,-0.008277105,0.002976207,-0.021002737,0.153776416894567
2013-06-13,131.3240509033203,0.0152083320554445,0.009094268,-0.009769013,0.1752449080085165
2013-06-14,130.5003662109375,-0.006272154,-0.009829837,-0.001651643,0.1621149793152223
2013-06-17,131.50802612304688,0.00772151,-0.002184228,0.00054761,0.1646287517284268
2013-06-18,132.54769897460938,0.007905775,0.0161865329851775,0.0133284898760426,0.1663726242280718
2013-06-19,130.7162628173828,-0.013817186,0.0105097903586,0.0135172770518272,0.1658991751491223
2013-06-20,127.47733306884766,-0.024778323,-0.0292918,-0.02046392,0.2045786809749441
2013-06-21,127.88660430908205,0.003210541,-0.020028771,-0.029661728,0.190519199
2013-06-24,126.2706298828125,-0.012635994,-0.039825678,-0.041922917,0.1955500814622289
2013-06-25,127.48462677001952,0.009614246,-0.038198115,-0.022629877,0.2035423975870171
2013-06-26,128.74681091308594,0.009900677,-0.015066617,-0.004715174,0.208764019461003
2013-06-27,129.50257873535156,0.005870187,0.0158871041443118,-0.013870058,0.1939606197716105
2013-06-28,128.97193908691406,-0.004097522,0.008486696,-0.011712052,0.1927117175349113
2013-07-01,129.72769165039062,0.005859822,0.0273781937318797,-0.013537839,0.1905370244334977
2013-07-02,129.6071014404297,-0.000929564,0.0166488675865135,-0.022185202,0.1836254913684714
2013-07-03,129.66336059570312,0.000434075,0.007119009,-0.008054868,0.1718992568894874
2013-07-05,131.06228637695312,0.0107889057851271,0.0120438346234705,0.02812228,0.1165316040904567
2013-07-08,131.80992126464844,0.005704424,0.0220046484361366,0.030678092,0.1174455848763653
2013-07-09,132.75860595703125,0.007197369,0.023363664828083,0.051381514,0.079266827
2013-07-10,132.8068389892578,0.000363314,0.02468798,0.0417478746581694,0.077892032
2013-07-11,134.6157684326172,0.0136207552045244,0.03819435,0.045585265,0.087306491
2013-07-12,134.6720428466797,0.000418037,0.027542297,0.039917847,0.089148325
2013-07-15,135.1865692138672,0.003820588,0.025617555,0.0481859090508447,0.0772348
2013-07-16,134.68011474609375,-0.003746337,0.0144737041731548,0.0381755277743602,0.087645007
2013-07-17,135.02577209472656,0.002566506,0.0167079731914123,0.041808439,0.084084069
2013-07-18,135.76547241210938,0.005478216,0.008540634,0.0470611882059184,0.081676479
2013-07-19,136.00665283203125,0.001776449,0.009910075,0.037725318,0.074866976
2013-07-22,136.27195739746094,0.001950673,0.008028817,0.033852051,0.074451247
2013-07-23,135.98252868652344,-0.002123905,0.009670425,0.024284096,0.075639835
2013-07-24,135.48406982421875,-0.00366561,0.00339415,0.0201588325972994,0.081195798
2013-07-25,135.81373596191406,0.002433246,0.000355492,0.008899162,0.049722879
2013-07-26,135.95840454101562,0.001065198,-0.000354749,0.009551809,0.0496566813023826
2013-07-29,135.5403289794922,-0.003075026,-0.005368885,0.002616826,0.050573391
2013-07-30,135.5403289794922,0.0,-0.003251886,0.006387092,0.045492806
2013-07-31,135.63682556152344,0.00071194,0.001127481,0.004525458,0.044229512
2013-08-01,137.20452880859375,0.0115580944966837,0.0102404431836682,0.0105995756573231,0.067808524
2013-08-02,137.4376678466797,0.001699208,0.0108802637884575,0.0105216545282953,0.067786878
2013-08-05,137.2366485595703,-0.001462621,0.012515239,0.007079161,0.068684244
2013-08-06,136.45680236816406,-0.005682492,0.006761629,0.003487755,0.074847828
2013-08-07,136.0146484,-0.003240248,0.002785548,0.00391617,0.074235497
2013-08-08,136.51315307617188,0.003665081,-0.005039015,0.005149826,0.075427822
2013-08-09,136.11920166015625,-0.002885813,-0.009593194,0.001182693,0.07722032
2013-08-12,135.95840454101562,-0.001181296,-0.009314159,0.00308451,0.075588273
2013-08-13,136.36038208007812,0.002956621,-0.000706599,0.006050252,0.076688939
2013-08-14,135.6609649658203,-0.005129181,-0.002600334,0.000177971,0.081907864
2013-08-15,133.76356506347656,-0.013986336,-0.020141561,-0.025079083,0.081615988
2013-08-16,133.32138061523438,-0.003305717,-0.020554198,-0.029950212,0.078157212
2013-08-19,132.4692383,-0.00639164,-0.025663483,-0.034738609,0.079306233
2013-08-20,133.12037658691406,0.004915393,-0.023760607,-0.024450417,0.088517202
2013-08-21,132.30030822753906,-0.006160352,-0.024772467,-0.027308384,0.090432528
2013-08-22,133.50631713867188,0.009115692,-0.001923154,-0.02202598,0.1043307935566162
2013-08-23,133.956543,0.003372319,0.004764145,-0.015887977,0.107858009363837
2013-08-26,133.45809936523438,-0.003720935,0.007464836,-0.018390222,0.1083478609317981
2013-08-27,131.31149291992188,-0.016084497,-0.01358833,-0.037026071,0.1255716916715513
2013-08-28,131.777832,0.003551396,-0.003949168,-0.028623804,0.1303481100460759
2013-08-29,131.98675537109375,0.001585421,-0.011381947,-0.013283211,0.1157886103570959
2013-08-30,131.56871032714844,-0.003167326,-0.017825427,-0.013146206,0.1157239650665949
2013-09-03,132.1636199951172,0.004521665,-0.009699519,-0.002307089,0.1152418566160851
2013-09-04,133.25711059570312,0.008273764,0.0148168117848432,0.001027146,0.1205333686986037
2013-09-05,133.42591857910156,0.001266784,0.0125065538144588,0.008507995,0.1153370626135466
2013-09-06,133.49017333984375,0.000481576,0.0113906729847474,-0.000120922,0.1058067028611329
2013-09-09,134.76852416992188,0.009576367,0.024320477,0.006061527,0.1154723341274349
2013-09-10,135.76547241210938,0.007397486,0.0272529794290232,0.0172891196401683,0.1172220932790747
2013-09-11,136.19155883789062,0.0031384,0.0220209505449244,0.037164043,0.06216815
2013-09-12,135.82969665527344,-0.002657009,0.0180158255740003,0.0307476952805125,0.069820063
2013-09-13,136.13528442382812,0.002249786,0.0198150247153425,0.031431404,0.069511031
2013-09-16,136.92312622070312,0.005787198,0.0159874278066933,0.040696727,0.0608732255790127
2013-09-17,137.5341339111328,0.004462414,0.013027329,0.040635342,0.060859832
2013-09-18,139.1259766,0.011574164,0.0215462525698983,0.044041672077093,0.069055995
2013-09-19,138.8928680419922,-0.001675521,0.0225515587691613,0.0409736692923687,0.074102888
2013-09-20,137.92178344726562,-0.006991609,0.0131229683105198,0.033198025,0.091570129
2013-09-23,137.28359985351562,-0.004627141,0.002632672,0.018662189,0.092009377
2013-09-24,136.96038818359375,-0.002354336,-0.004171661,0.008801323,0.088551342
2013-09-25,136.56454467773438,-0.002890204,-0.018410882,0.002738685,0.089433556
2013-09-26,137.0896759033203,0.003845297,-0.012982611,0.009276169,0.089395387
2013-09-27,136.45953369140625,-0.004596569,-0.010602022,0.002381817,0.093111721
2013-09-30,135.7323760986328,-0.005328742,-0.011299411,-0.008696487,0.091317254
2013-10-01,136.8068848,0.007916377,-0.001120787,-0.005287772,0.098329047
2013-10-02,136.67762756347656,-0.000944815,0.000828054,-0.017598072,0.071723958
2013-10-03,135.4173126220703,-0.009221077,-0.012199046,-0.025023282,0.080878952
2013-10-04,136.4434051513672,0.007577263,-0.000118193,-0.010718962,0.090782032
2013-10-07,135.2638702392578,-0.008644866,-0.003451688,-0.014712097,0.097212139
2013-10-08,133.6884766,-0.011646818,-0.022794234,-0.023889474,0.109952037948525
2013-10-09,133.78541564941406,0.000725112,-0.021160829,-0.020350297,0.1109876064285372
2013-10-10,136.66958618164062,0.0215581834404472,0.009247514,-0.003064343,0.1614136288878086
2013-10-11,137.5501708984375,0.006443165,0.008111537,0.007992386,0.1626192484886204
2013-10-14,138.09954833984375,0.003994015,0.020964047,0.0174399970681333,0.159414371748374
2013-10-15,137.09771728515625,-0.007254412,0.025501380600013,0.002125862,0.1612323017928458
2013-10-16,139.01246643066406,0.0139663094574014,0.039070408,0.017082817,0.1749114233014152
2013-10-17,139.94151306152344,0.006683189,0.0239404169669048,0.033409321,0.1649158801678893
2013-10-18,140.8867645263672,0.006754618,0.0242572844958026,0.032565585489974,0.1643748889900786
2013-10-21,140.89483642578125,5.729352534422638e-05,0.0202411095440999,0.0416294918706914,0.1520756288519386
2013-10-22,141.71083068847656,0.005791513,0.03364836,0.060007821,0.124037465
2013-10-23,141.0321807861328,-0.004788977,0.014529016,0.054167079,0.1331944976572191
2013-10-24,141.50071716308594,0.003322195,0.0111418268064389,0.0353489837528628,0.097667212
2013-10-25,142.14703369140625,0.004567585,0.008945263,0.033419535,0.096530194
2013-10-28,142.37322998046875,0.001591284,0.0104928866961442,0.0309463839092947,0.096806171
2013-10-29,143.1326141357422,0.005333757,0.0100329907062017,0.044018945,0.078020991
2013-10-30,142.42164611816406,-0.004967198,0.009852115,0.0245242730744614,0.070010786
2013-10-31,142.01779174804688,-0.002835625,0.003654219,0.0148367603086485,0.070143153
2013-11-01,142.35704040527344,0.002388776,0.001477391,0.010435869429247,0.064120657
2013-11-04,142.85797119140625,0.003518834,0.003404722,0.0139333336510107,0.064974941
2013-11-05,142.4055633544922,-0.003166836,-0.005079561,0.004902467,0.063538245
2013-11-06,143.1326141357422,0.005105494,0.004991994,0.0148932912892736,0.059796635
2013-11-07,141.3229522705078,-0.012643253,-0.004892623,-0.001256283,0.091417569
2013-11-08,143.22955322265625,0.0134910920095907,0.006129046,0.007615492,0.1127015843506674
2013-11-11,143.25384521484375,0.000169602,0.002771102,0.006185259,0.1126415602497097
2013-11-12,142.9629669189453,-0.00203051,0.003914198,-0.001185245,0.1100856799420116
2013-11-13,144.11016845703125,0.008024466,0.006829711,0.011855798503173,0.1132649070161805
2013-11-14,144.82925415039062,0.004989833,0.024810562,0.0197965506134016,0.1122615310105995
2013-11-15,145.45938110351562,0.004350826,0.015568211,0.0217926748786725,0.1128895683102414
2013-11-18,144.9503936767578,-0.003499172,0.011842952,0.0146468724699166,0.1160147307518662
2013-11-19,144.6353302001953,-0.002173595,0.011697877550332,0.015657863310807,0.1150037443933023
2013-11-20,144.1829376220703,-0.003127815,0.000504955,0.007338114,0.1153599522951561
2013-11-21,145.34628295898438,0.008068537,0.00356992,0.0284690534965295,0.092616944
2013-11-22,146.0733642578125,0.005002407,0.004220994,0.019854918,0.072966317
2013-11-25,145.92796325683594,-0.000995397,0.006744166,0.0186669896223845,0.074001553
2013-11-26,145.9682617,0.000276153,0.009215809,0.0210214915412925,0.071467743
2013-11-27,146.3237305,0.002435247,0.014847754,0.0153602069542979,0.063544574
2013-11-29,146.22686767578125,-0.000661976,0.006058529,0.009650077,0.061226537
2013-12-02,145.847168,-0.002596648,-0.001548512,0.002665946,0.060404665
2013-12-03,145.2169189453125,-0.004321298,-0.004872571,0.001838734,0.061962994
2013-12-04,145.20086669921875,-0.00011054,-0.005257273,0.003910085,0.060609696
2013-12-05,144.5625762939453,-0.004395913,-0.012036012,0.002633035,0.062963153
2013-12-06,146.1783905029297,0.0111772648939161,-0.00033152,0.005725001,0.074602439
2013-12-09,146.54995727539062,0.002541872,0.00481867,0.003262696,0.071476258
2013-12-10,146.0248565673828,-0.003583083,0.00556366,0.00066398,0.073961937
2013-12-11,144.3848876953125,-0.011230751,-0.005619657,-0.010847386,0.093156668
2013-12-12,143.90818786621094,-0.003301591,-0.004526679,-0.016508208,0.091542076
2013-12-13,143.89210510253906,-0.000111757,-0.015640379,-0.015966714,0.091749499
2013-12-16,144.78880310058594,0.006231739,-0.012017432,-0.007256671,0.099428349
2013-12-17,144.3283233642578,-0.003180355,-0.011618112,-0.006119091,0.098428099
2013-12-18,146.79234313964844,0.0170723231445839,0.0166738741343641,0.0109605161223067,0.1326493101452156
2013-12-19,146.62269592285156,-0.001155695,0.018862777,0.0142507119181198,0.1298429114334218
2013-12-20,147.47555541992188,0.005816695,0.024903731,0.008873849,0.1210870491460773
2013-12-23,148.26348876953125,0.005342806,0.023998304,0.011692473515503,0.1229461091319895
2013-12-24,148.58839416503906,0.002191405,0.0295165266351056,0.0175554878663641,0.1200522532736629
2013-12-26,149.34381103515625,0.005083956,0.0173814780862275,0.0343451687984708,0.09614846
2013-12-27,149.33566284179688,-5.46e-05,0.018503049,0.0377148448330943,0.091059489
2013-12-30,149.31134033203125,-0.000162871,0.0124480623713005,0.037661796841671,0.091120112
2013-12-31,150.0179901123047,0.004732727,0.0118336709687218,0.036115963,0.090269213
2014-01-02,148.58030700683594,-0.009583405,-5.44e-05,0.0294604935709459,0.1077111901307022
2014-01-03,148.55589294433594,-0.000164316,-0.005275867,0.012013908675126,0.0737303
2014-01-06,148.1254425048828,-0.002897566,-0.008104028,0.0102490721001471,0.075781649
2014-01-07,149.03514099121094,0.006141406,-0.001849822,0.010575214,0.076371113
2014-01-08,149.06764221191406,0.000218078,-0.006334893,0.005423813,0.072568032
2014-01-09,149.16510009765625,0.000653783,0.003935872,0.003881231,0.072002811
2014-01-10,149.5712127685547,0.002722572,0.006834598,0.001522673,0.068593697
2014-01-13,147.58114624023438,-0.013305144,-0.003674563,-0.011748812,0.096381039
2014-01-14,149.18943786621094,0.010897677,0.001035305,-0.000816431,0.1139848592636547
2014-01-15,149.99362182617188,0.005390355,0.006211808,-0.000162436,0.114803705263442
2014-01-16,149.79869079589844,-0.001299595,0.00424758,0.00820017,0.1022744750158082
2014-01-17,149.16510009765625,-0.004229614,-0.002715179,0.004100862,0.1053764958380389
2014-01-21,149.60372924804688,0.002940561,0.0137048875099541,0.009979965,0.104285574078743
2014-01-22,149.70123291015625,0.000651746,0.003430505,0.004469361,0.1002912771516916
2014-01-23,148.47467041015625,-0.008193403,-0.010126773,-0.003977871,0.10934887100634
2014-01-24,145.30682373046875,-0.02133594,-0.029986024,-0.025865812,0.1512386224556197
2014-01-27,144.59201049804688,-0.004919337,-0.030657906,-0.033289844,0.1485840805710875
2014-01-28,145.4530487060547,0.00595495,-0.027744499,-0.014419847,0.143796496
2014-01-29,144.05587768554688,-0.00960565,-0.037710813,-0.034409676,0.130899856611959
2014-01-30,145.58302307128906,0.010601063,-0.019475695,-0.029405242,0.1428385812538954
2014-01-31,144.73013305664062,-0.005858444,-0.003968779,-0.033835795,0.1432023302534656
2014-02-03,141.4729004,-0.02250556,-0.021571801,-0.051568361,0.1725504053640249
2014-02-04,142.46389770507812,0.007004856,-0.020550625,-0.047724957,0.1790219252984512
2014-02-05,142.28518676757812,-0.00125443,-0.012291695,-0.049538978,0.1776408367183393
2014-02-06,144.1614990234375,0.0131869824152834,-0.009764353,-0.02904988,0.1981556049452499
2014-02-07,145.94851684570312,0.0123959436768557,0.008418315,0.004416125,0.1818330838484263
2014-02-10,146.2165527,0.00183651,0.033530466,0.0112353527053976,0.1793408413147293
2014-02-11,147.8167266845703,0.010943863,0.0375732312938212,0.016250453,0.1847311318074176
2014-02-12,147.88987731933594,0.000494874,0.039390541,0.0266146699141156,0.1741152452416594
2014-02-13,148.65338134765625,0.005162652,0.0311586821352938,0.021090085,0.1692644815369874
2014-02-14,149.47378540039062,0.005518906,0.0241541923883639,0.0327758445568038,0.1637557100198601
2014-02-18,149.65245056152344,0.001195294,0.023498693,0.057817081,0.082156903
2014-02-19,148.66151428222656,-0.006621584,0.005715102,0.0435030676331658,0.1019505510769952
2014-02-20,149.5387420654297,0.00590084,0.0111492738785183,0.0509789912965443,0.097283699
2014-02-21,149.36819458007812,-0.00114049,0.00480859,0.0361171019440782,0.089830397
2014-02-24,150.19671630859375,0.005546842,0.004836506,0.0291075206155182,0.076589445
2014-02-25,150.13983154296875,-0.000378735,0.003256752,0.0268319744599709,0.078227386
2014-02-26,150.14791870117188,5.3864175282525295e-05,0.009998583,0.015770827,0.063699163
2014-02-27,150.93585205078125,0.005247714,0.009342796,0.020596235433127,0.06587731
2014-02-28,151.31759643554688,0.002529183,0.013050984,0.0179223308863711,0.063681497
2014-03-03,150.2534942626953,-0.007032243,0.000378024,0.005216359,0.073490289
2014-03-04,152.3654327392578,0.0140558360184961,0.0148235226682809,0.0181285516378433,0.1002388588192162
2014-03-05,152.50347900390625,0.000906021,0.0156882647665763,0.0258437077022228,0.088988214
2014-03-06,152.85279846191406,0.002290567,0.0127004047420613,0.022161858,0.087027131
2014-03-07,152.9178009033203,0.000425262,0.010575138,0.02376413756102,0.085684954
2014-03-10,152.8366241455078,-0.000530852,0.0171918123800587,0.017576335,0.084791638
2014-03-11,152.08114624023438,-0.004943042,-0.00186582,0.0129300444613196,0.090886858
2014-03-12,152.1217498779297,0.000266987,-0.002503085,0.0131459110045086,0.090811289
2014-03-13,150.41598510742188,-0.011213155,-0.015942223,-0.003444291,0.1070313470177791
2014-03-14,149.99362182617188,-0.002807968,-0.019122555,-0.008749641,0.1063983677311617
2014-03-17,151.35011291503906,0.009043658,-0.009726145,0.007298457,0.1107927452777809
2014-03-18,152.4304656982422,0.007138104,0.002296928,0.000426822,0.091247641
2014-03-19,151.61814880371094,-0.005329098,-0.003310513,-0.005805311,0.094918755
2014-03-20,152.50347900390625,0.00583921,0.0138781386499151,-0.002285332,0.099471451
2014-03-21,151.9119873046875,-0.003878546,0.0127896470207167,-0.006577479,0.1010345187882718
2014-03-24,151.2838134765625,-0.004135117,-0.000438053,-0.010159938,0.1025329859833329
2014-03-25,152.0017547607422,0.004745658,-0.002812502,-0.000522034,0.1036350516092344
2014-03-26,150.90850830078125,-0.007192328,-0.004680446,-0.007975464,0.1096223721737533
2014-03-27,150.59036254882812,-0.002108203,-0.01254474,0.001159301,0.093733601
2014-03-28,151.3327178955078,0.004929634,-0.003813191,0.008927687,0.094979049
2014-03-31,152.5728759765625,0.008194911,0.008520822,0.008079036,0.093018051
2014-04-01,153.58448791503906,0.006630352,0.0104125979123608,0.007570811,0.092082666
2014-04-02,154.09854125976562,0.003347039,0.021138854,0.0163594693354676,0.086098766
2014-04-03,153.89451599121094,-0.001323992,0.0219413340034391,0.009121346,0.083788301
2014-04-04,152.0751953,-0.011821868,0.004906258,0.001074359,0.1036602370507747
2014-04-07,150.3945313,-0.011051533,-0.014277405,-0.005878238,0.1166258163918441
2014-04-08,151.01461791992188,0.004123067,-0.016732614,-0.006494246,0.1158714422046601
2014-04-09,152.6381378173828,0.0107507466483929,-0.009477075,0.0114614446599272,0.1222407548996351
2014-04-10,149.43182373046875,-0.021005983,-0.028998384,-0.007693313,0.1655550155903446
2014-04-11,148.0856475830078,-0.009008631,-0.026234046,-0.021456499,0.1670097640679142
2014-04-14,149.2523651123047,0.007878667,-0.007594466,-0.021763442,0.1664697231450438
2014-04-15,150.2803497314453,0.00688756,-0.004862233,-0.021513489,0.1668540650079935
2014-04-16,151.85494995117188,0.0104777518986374,-0.00513101,-0.014559458,0.1769342192467323
2014-04-17,152.06704711914062,0.001396709,0.0176349543416203,-0.011874815,0.1774972385569198
2014-04-21,152.59732055664062,0.003487103,0.030466646,0.003433336,0.1680815153896051
2014-04-22,153.29080200195312,0.004544519,0.0270577748406848,0.0192578196020882,0.1561572080671643
2014-04-23,152.93190002441406,-0.002341315,0.0176440253014258,0.012696003,0.1570115148611471
2014-04-24,153.2418670654297,0.002026831,0.00913317,0.003955298,0.1481780120890435
2014-04-25,151.98545837402344,-0.008198861,-0.000536531,0.0170889612386762,0.1035042317934948
2014-04-28,152.46682739257812,0.003167204,-0.000855147,0.0295854451871475,0.08448168
2014-04-29,153.1765594482422,0.004654993,-0.000745267,0.0262923427242491,0.08066068
2014-04-30,153.63351440429688,0.002983191,0.004587757,0.022312728702347,0.0771692
2014-05-01,153.64979553222656,0.000105974,0.002661991,0.0118194736597774,0.0622058836307355
2014-05-02,153.42955017089844,-0.001433424,0.009501513,0.008959884,0.063541224
2014-05-05,153.7232208251953,0.001914042,0.008240438,0.007378244,0.062224676
2014-05-06,152.3852081298828,-0.008704038,-0.005166269,-0.005907686,0.073987795
2014-05-07,153.28265380859375,0.005889323,-0.00228375,0.002293529,0.079816543
2014-05-08,153.11944580078125,-0.001064752,-0.003451679,-0.000798876,0.07938689
2014-05-09,153.3479004,0.001492002,-0.000532165,0.008964292,0.065243412
2014-05-12,154.8409423828125,0.009736305,0.007271,0.0155713543125115,0.078600446
2014-05-13,154.97959899902344,0.000895478,0.017025215,0.011770988702684,0.076694541
2014-05-14,154.2453613,-0.004737641,0.006280603,0.003982509,0.081272542
2014-05-15,152.89102172851562,-0.008780424,-0.001491803,-0.004938333,0.093521021
2014-05-16,153.42135620117188,0.003468709,0.000479014,-5.34e-05,0.095340642
2014-05-19,153.98426818847656,0.003669059,-0.005532608,0.001698165,0.096718658
2014-05-20,153.01344299316406,-0.006304704,-0.012686547,0.004122676,0.091131919
2014-05-21,154.3024902,0.008424405,0.000370377,0.006653306,0.096138072
2014-05-22,154.67776489257812,0.002432071,0.0116863838298835,0.0101771468910902,0.095963735
2014-05-23,155.2978057861328,0.004008597,0.0122306935059319,0.012715566,0.097127817
2014-05-27,156.25238037109375,0.006146736,0.0147295058729053,0.009115406,0.089771385
2014-05-28,156.1381836,-0.000730848,0.0204213469056149,0.007475723,0.090155367
2014-05-29,156.9458465576172,0.005172745,0.0171310023527624,0.017507724,0.086903174
2014-05-30,157.1987762451172,0.001611573,0.016298473,0.0281753268955893,0.064381922
2014-06-02,157.37823486328125,0.001141603,0.0133963842349034,0.025790925,0.064753617
2014-06-03,157.29664611816406,-0.000518425,0.006683199,0.0215111450582285,0.066137475
2014-06-04,157.6148681640625,0.002023069,0.009457549,0.0300720321096494,0.046737099
2014-06-05,158.64280700683594,0.006521839,0.0108123947618821,0.0281286242747496,0.04116509
2014-06-06,159.40159606933594,0.004783003,0.0140129578412488,0.0305398205103264,0.042283785
2014-06-09,159.56478881835938,0.001023784,0.0138936235812889,0.027476132,0.042971085
2014-06-10,159.58106994628906,0.000102035,0.0145230294764766,0.021303289,0.0400808846395163
2014-06-11,159.02622985839844,-0.003476854,0.008954496,0.018496733,0.047263321
2014-06-12,157.9003906,-0.007079582,-0.004679799,0.006081996,0.061066061
2014-06-13,158.3817596435547,0.003048561,-0.006397906,0.007525398,0.062140487
2014-06-16,158.51229858398438,0.000824204,-0.006596006,0.007205976,0.062105886
2014-06-17,158.9528045654297,0.002779002,-0.003936967,0.0105288859498091,0.062462031
2014-06-18,160.11952209472656,0.007340025,0.006874918,0.0158909750066025,0.070015569
2014-06-19,160.29898071289062,0.001120779,0.0151905266250231,0.0104396394472729,0.064378502
2014-06-20,160.6244354248047,0.002030298,0.0141599372699054,0.007671437,0.0613151978155074
2014-06-23,160.57528686523438,-0.000305984,0.0130146890788853,0.006332839,0.061524848
2014-06-24,159.60794067382812,-0.006024253,0.004121576,0.000168383,0.070107477
2014-06-25,160.3293914794922,0.004520144,0.001310705,0.008194633,0.07041398
2014-06-26,160.21456909179688,-0.000716166,-0.000526589,0.0146559388335703,0.056228391
2014-06-27,160.52609252929688,0.001944414,-0.000612254,0.0135390141552165,0.055625827
2014-06-30,160.44407653808594,-0.00051092,-0.000817127,0.0121869278999702,0.056378706
2014-07-01,161.5179901123047,0.006693383,0.0119671329033679,0.0161380326310573,0.062505364
2014-07-02,161.68194580078125,0.001015092,0.008436097,0.009757859,0.053714005148724
2014-07-03,162.4771270751953,0.004918182,0.0141220489261626,0.0135880237829206,0.057264551
2014-07-07,161.91148376464844,-0.003481372,0.008630318,0.00801278,0.061941682
2014-07-08,160.87034606933594,-0.006430289,0.002656811,0.001837513,0.07185445
2014-07-09,161.59181213378906,0.004484767,0.000457051,0.012429653885549,0.065477914
2014-07-10,160.95236206054688,-0.003957194,-0.004512463,0.003885567,0.067401362
2014-07-11,161.17373657226562,0.001375404,-0.008021994,0.005986768,0.067252663
2014-07-14,161.9853057861328,0.005035369,0.000455941,0.009090194,0.070678851
2014-07-15,161.68194580078125,-0.001872762,0.005045055,0.007715269,0.071769936
2014-07-16,162.2803955078125,0.003701401,0.004261252,0.004720251,0.066222312
2014-07-17,160.43592834472656,-0.011365927,-0.003208612,-0.007706596,0.088749669
2014-07-18,162.07542419433594,0.0102190068429472,0.005594507,-0.002472366,0.1013405830046072
2014-07-21,161.7720947265625,-0.001871533,-0.001316237,-0.000860897,0.1002099369638702
2014-07-22,162.4771270751953,0.004358183,0.004918182,0.00998805,0.0955583
2014-07-23,162.83778381347656,0.002219739,0.003434724,0.007710611,0.093914929
2014-07-24,162.84603881835938,5.0694652613758606e-05,0.0150222615252004,0.0117654486928258,0.090336294
2014-07-25,162.08363342285156,-0.004681756,5.065066808507268e-05,0.005645441,0.094976912
2014-07-28,162.14918518066406,0.000404432,0.002330998,0.001011693,0.091681099
2014-07-29,161.45240783691406,-0.004297137,-0.006306852,-0.001419688,0.093933826
2014-07-30,161.47702026367188,0.000152444,-0.008356559,-0.004950538,0.091543644
2014-07-31,158.28817749023438,-0.019747966,-0.027988776,-0.013386969,0.1235313302887295
2014-08-01,157.80445861816406,-0.003055938,-0.02640103,-0.026351716,0.1054667258697713
2014-08-04,158.94398498535156,0.007221129,-0.019766983,-0.017482062,0.1166253762524535
2014-08-05,157.40281677246094,-0.009696298,-0.025082259,-0.031230921,0.117394588245867
2014-08-06,157.45196533203125,0.000312247,-0.024926488,-0.033074747,0.1153270477552911
2014-08-07,156.5994110107422,-0.005414695,-0.010668936,-0.038359102,0.1140929224323684
2014-08-08,158.41107177734375,0.0115687584960155,0.003844081,-0.022658436,0.1376324537364366
2014-08-11,158.8701934814453,0.002898293,-0.000464261,-0.020222067,0.1395380530622304
2014-08-12,158.6488494873047,-0.001393238,0.007916203,-0.017364612,0.1389632178876616
2014-08-13,159.7226563,0.00676845,0.0144214834866009,-0.010864481,0.1452786793809831
2014-08-14,160.47689819335938,0.004722198,0.024760548,0.0138274426923643,0.1028512817408482
2014-08-15,160.44407653808594,-0.000204526,0.0128337289681348,0.0167271441062948,0.1003636348886088
2014-08-18,161.78851318359375,0.008379472,0.0183692084600455,0.017896419,0.102304563690257
2014-08-19,162.6328582763672,0.00521882,0.0251121190096075,0.0332271150615222,0.080467055
2014-08-20,163.06736755371094,0.002671719,0.020940744,0.035664224,0.078882004
2014-08-21,163.54283142089844,0.002915751,0.0191051376369757,0.044338739,0.0616633369662675
2014-08-22,163.2886505126953,-0.001554216,0.017729379831197,0.0307906428548585,0.053296441
2014-08-25,164.11663818359375,0.005070699,0.0143899276542462,0.0330234676950977,0.054239492
2014-08-26,164.22325134277344,0.000649618,0.009779039,0.03513673,0.050147924
2014-08-27,164.15762329101562,-0.000399627,0.006685922,0.0277666747169165,0.0498306730393526
2014-08-28,164.06747436523438,-0.000549161,0.003207985,0.0223744115962953,0.050992751
2014-08-29,164.5347442626953,0.002848035,0.007631233,0.0254959099324452,0.0492000562346041
2014-09-02,164.4527587890625,-0.000498287,0.002048059,0.016467458,0.038681412
2014-09-03,164.3625946044922,-0.000548268,0.000848499,0.010635836,0.034317937
2014-09-04,164.12486267089844,-0.001446387,-0.000199568,0.00648502,0.035121818
2014-09-05,164.86260986328125,0.004495036,0.004846393,0.008069925,0.038689561
2014-09-08,164.4363555908203,-0.002585512,-0.000597981,0.007028689,0.040743535
2014-09-09,163.39524841308594,-0.006331369,-0.006430481,-0.004395592,0.0463439677204289
2014-09-10,164.0100860595703,0.003762886,-0.002144701,-0.001298021,0.0508073403813942
2014-09-11,164.1986541748047,0.001149735,0.000449606,0.000249948,0.05116712
2014-09-12,163.23948669433594,-0.005841506,-0.009845308,-0.005046629,0.0591223151058721
2014-09-15,163.11654663085938,-0.000753127,-0.00802626,-0.008619442,0.05609953
2014-09-16,164.34609985351562,0.007537882,0.005819333,-0.000648569,0.070265279
2014-09-17,164.56752014160156,0.00134728,0.003398779,0.001246789,0.070537279
2014-09-18,165.44468688964844,0.005330133,0.007588568,0.008041586,0.074385362
2014-09-19,165.2955780029297,-0.000901261,0.0125955511759465,0.002626236,0.071789703
2014-09-22,164.019043,-0.007722742,0.005532831,-0.002537837,0.081490742
2014-09-23,163.0801239013672,-0.005724452,-0.007703109,-0.001928603,0.08026873
2014-09-24,164.3566436767578,0.007827562,-0.001281398,0.002113026,0.088075226
2014-09-25,161.7047119140625,-0.016135227,-0.022605591,-0.015188567,0.1199628892671807
2014-09-26,162.98953247070312,0.007945474,-0.013951042,-0.001531212,0.1258249516407106
2014-09-29,162.69297790527344,-0.00181947,-0.008084824,-0.002596724,0.1260876317620496
2014-09-30,162.26478576660156,-0.002631903,-0.004999617,-0.012664213,0.1186578040270744
2014-10-01,160.06576538085938,-0.013552049,-0.026107118,-0.027355062,0.1323179289472918
2014-10-02,160.09048461914062,0.000154432,-0.009982562,-0.032362491,0.1258749904219127
2014-10-03,161.85301208496094,0.0110095704314556,-0.006972965,-0.020826727,0.1448799038726086
2014-10-06,161.6635284423828,-0.001170714,-0.006327559,-0.014361226,0.1414074011838995
2014-10-07,159.16802978515625,-0.015436374,-0.019084584,-0.023988786,0.157224740823493
2014-10-08,161.95175170898438,0.0174892026218178,0.0117825715176351,-0.014632156,0.1805415806459911
2014-10-09,158.73980712890625,-0.019832725,-0.008436963,-0.018335302,0.1897045426351898
2014-10-10,156.92787170410156,-0.011414499,-0.030429711,-0.037190491,0.1867731336560494
2014-10-13,154.34999084472656,-0.01642717,-0.045239255,-0.05128056,0.1967395222857516
2014-10-14,154.58883666992188,0.00154743,-0.028769553,-0.047305083,0.1993570998490997
2014-10-15,153.54287719726562,-0.006766074,-0.051922097,-0.040751301,0.1938139378521139
2014-10-16,153.41110229492188,-0.000858229,-0.0335688,-0.041722544,0.1932596393839776
2014-10-17,155.2230224609375,0.01181088,-0.010863903,-0.040963029,0.1950572823253444
2014-10-20,156.73019409179688,0.009709717,0.0154208188419315,-0.030516063,0.2069275025886406
2014-10-21,159.83514404296875,0.0198107963125044,0.033937168,0.004191258,0.2227424765618215
2014-10-22,158.69859313964844,-0.00711077,0.0335783465602181,-0.020087208,0.2036405169516332
2014-10-23,160.543457,0.0116249542929354,0.046491777,0.011362303728132,0.1868412945680871
2014-10-24,161.77879333496094,0.007694716,0.042234527,0.030911791,0.1749873829030426
2014-10-27,161.55642700195312,-0.001374509,0.030793255493128,0.046688932,0.1409503487182707
2014-10-28,163.40951538085938,0.011470224,0.0223628624311167,0.057058963,0.1436908387951085
2014-10-29,163.16249084472656,-0.00151169,0.0281281491963201,0.062650992,0.1330555773929096
2014-10-30,164.20840454101562,0.006410258,0.0228283829035289,0.070381492,0.1272479866207528
2014-10-31,166.08624267578125,0.011435701,0.0266255499378202,0.069984594,0.1268520455520858
2014-11-03,166.1768341064453,0.000545448,0.0285993395015868,0.060273261762922,0.1293164725528289
2014-11-04,165.60031127929688,-0.003469333,0.0134067829118236,0.036069459,0.1106539240129602
2014-11-05,166.64627075195312,0.006316169,0.0213515979634184,0.050080328,0.09356989
2014-11-06,167.31338500976562,0.004003175,0.018908779227402,0.0421688189833724,0.085760983
2014-11-07,167.46987915039062,0.000935335,0.008330831,0.035178194,0.084648173
2014-11-10,167.99697875976562,0.003147429,0.010953059,0.039865649,0.080326172
2014-11-11,168.16172790527344,0.000980667,0.0154674626284763,0.029081614,0.069244587
2014-11-12,167.9805450439453,-0.001077432,0.008006626,0.029529178,0.068503888
2014-11-13,168.1699219,0.001127374,0.005119357,0.024124937,0.066063106
2014-11-14,168.21112060546875,0.000244983,0.004426118,0.0127938226276542,0.0430605844019246
2014-11-17,168.31814575195312,0.000636255,0.001911743,0.0128857410060909,0.043019878
2014-11-18,169.29000854492188,0.005773963,0.006709497,0.022280738708287,0.0392820487556056
2014-11-19,169.0182342529297,-0.001605377,0.006177437,0.0142335228401668,0.036087982
2014-11-20,169.31471252441406,0.00175412,0.006807345,0.0119615505629249,0.0332271477095763
2014-11-21,170.22073364257812,0.005351107,0.011946969,0.0164259657088376,0.039140983
2014-11-24,170.69837951660156,0.002806038,0.0141412784344483,0.0160800555865883,0.0388073031856011
2014-11-25,170.5748291015625,-0.000723794,0.007589465,0.0143498834505815,0.040475344
2014-11-26,171.01136779785156,0.002559221,0.0117924172722052,0.0180427010348929,0.038224921
2014-11-28,170.64895629882812,-0.002119225,0.007880259,0.0147412474013681,0.0429845175787579
2014-12-01,169.4629669189453,-0.006949878,-0.004451671,0.007442114,0.0603724425382363
2014-12-02,170.55831909179688,0.006463667,-0.000820514,0.0133091612305724,0.066813518
2014-12-03,171.2172393798828,0.003863314,0.003766149,0.011384197,0.063880029
2014-12-04,171.027832,-0.00110624,9.627566641001728e-05,0.011889828,0.063326146
2014-12-05,171.3078155517578,0.001637064,0.003860904,0.0117715879360238,0.063299661
2014-12-08,170.16299438476562,-0.006682831,0.004130858,-0.000339202,0.069599057
2014-12-09,170.04774475097656,-0.00067729,-0.002993547,-0.003811605,0.067804886
2014-12-10,167.3216552734375,-0.016031318,-0.022752289,-0.019071828,0.1039354051140862
2014-12-11,168.1699219,0.005069676,-0.016710205,-0.016615538,0.1076517628161351
2014-12-12,165.45205688476562,-0.016161421,-0.034182671,-0.030453743,0.1300934363939781
2014-12-15,164.3155059814453,-0.006869367,-0.034364043,-0.030375138,0.1300265991366315
2014-12-16,162.99771118164062,-0.008019905,-0.041459142,-0.044328579,0.1203216464371723
2014-12-17,166.19332885742188,0.019605292,-0.006743457,-0.029342317,0.1676093125620214
2014-12-18,170.30307006835938,0.0247286773734658,0.0126844810866055,-0.004237684,0.21804075
2014-12-19,171.02769470214844,0.004254912,0.033699417,-0.00163519,0.2190988933804337
2014-12-22,171.81442260742188,0.004600003,0.0456373035593082,0.009704979,0.2168856430739003
2014-12-23,172.04629516601562,0.001349552,0.055513565,0.011752878,0.2166722446301119
2014-12-24,172.06288146972656,9.640604986538293e-05,0.0353176186592916,0.028335999,0.1946572517095364
2014-12-26,172.6177215576172,0.003224636,0.013591367,0.026448247302649,0.1942922495143832
2014-12-29,172.84963989257812,0.001343537,0.0106529249172344,0.044711339,0.1643187944047894
2014-12-30,171.9221191,-0.005366055,0.000626819,0.046292729,0.161574313711932
2014-12-31,170.2161102294922,-0.00992315,-0.010637747,0.044285279,0.1659537364870535
2015-01-02,170.12506103515625,-0.000534904,-0.01126228,0.023657581,0.1435389543482387
2015-01-05,167.05259704589844,-0.018060032,-0.03223959,-0.019086403,0.1148213632499315
2015-01-06,165.47914123535156,-0.009418925,-0.042641099,-0.032442427,0.1148107088122379
2015-01-07,167.54119873046875,0.0124611324407615,-0.025482006,-0.024871159,0.1349179870422717
2015-01-08,170.5142364501953,0.0177451142898257,0.001751457,-0.008904921,0.1688065433648661
2015-01-09,169.1477508544922,-0.008013909,-0.005744657,-0.01694224,0.1724136766585225
2015-01-12,167.82281494140625,-0.007833009,0.004610631,-0.027777603,0.1725878660063136
2015-01-13,167.35079956054688,-0.002812582,0.0113105392693171,-0.031812854,0.1710753823968366
2015-01-14,166.3403778076172,-0.006037747,-0.007167317,-0.032466685,0.1713491992631456
2015-01-15,164.81663513183594,-0.00916039,-0.033414227,-0.031721293,0.1705575016727164
2015-01-16,166.9780731201172,0.013114198,-0.012827115,-0.018498085,0.1891984389670387
2015-01-20,167.33419799804688,0.002132764,-0.002911505,0.001685702,0.1663921941036118
2015-01-21,168.17886352539062,0.005047776,0.004948073,0.0163145775950057,0.1585982799452259
2015-01-22,170.67990112304688,0.014871296,0.0260882136533837,0.0187339139051254,0.1635757708663502
2015-01-23,169.74403381347656,-0.005483172,0.0298962460779472,-0.00451694,0.1405335002558971
2015-01-26,170.14154052734375,0.002341801,0.018945406,0.005875276,0.1343384169695387
2015-01-27,167.8973388671875,-0.013190204,0.003365366,0.000444063,0.1459636737188943
2015-01-28,165.7441406,-0.012824493,-0.014476985,-0.009600545,0.159544686892873
2015-01-29,167.27621459960938,0.009243609,-0.019941929,0.005626035,0.1641909023275487
2015-01-30,165.17266845703125,-0.012575285,-0.026930934,0.002160178,0.1706482478146289
2015-02-02,167.2181854248047,0.0123841128612969,-0.017181901,0.001437987,0.1691420582487098
2015-02-03,169.6364288330078,0.0144616053694146,0.0103580555686828,0.013758281,0.1837863699178114
2015-02-04,168.9904785,-0.003807851,0.0195864413570427,0.004825904,0.1842781033385737
2015-02-05,170.69642639160156,0.010094934880126,0.020446492,9.682023745005708e-05,0.1752159095985377
2015-02-06,170.2243652,-0.002765501,0.030584338,0.00282974,0.1733275417374544
2015-02-09,169.46246337890625,-0.004475868,0.0134212552803401,-0.003991248,0.1744937210187304
2015-02-10,171.2678680419922,0.0106537142626634,0.009617269,0.020074941,0.1662048619262827
2015-02-11,171.36720275878906,0.000579996,0.0140642494419844,0.033926159,0.1448957402372784
2015-02-12,173.01519775390625,0.009616747,0.0135841822311211,0.0343084231552803,0.1453300459260999
2015-02-13,173.7274627685547,0.004116777,0.0205792956217307,0.051793038,0.1148634479873907
2015-02-17,174.0006561279297,0.00157254,0.026779929,0.040560605,0.1082614117168982
2015-02-18,174.0172576904297,9.54109189552632e-05,0.0160531550948213,0.0258248118494313,0.092243452
2015-02-19,173.89300537109375,-0.000714023,0.0147391249413104,0.029010669113026,0.087437997
2015-02-20,174.93653869628906,0.006001008,0.0111050414491082,0.0248400765869585,0.08008175
2015-02-23,174.9116973876953,-0.000142002,0.006816623,0.0275361999257068,0.076273425
2015-02-24,175.40855407714844,0.002840614,0.008091337,0.035087952,0.064915545
2015-02-25,175.2595215,-0.000849631,0.007138739,0.023306493,0.053999134
2015-02-26,175.05247497558594,-0.001181371,0.006667718,0.0215051197514388,0.056257452
2015-02-27,174.45620727539062,-0.003406223,-0.002745747,0.008328803,0.0445294413332938
2015-03-02,175.5576172,0.006313389,0.003692834,0.010534629,0.050083569
2015-03-03,174.8371124267578,-0.004104093,-0.003257775,0.004807202,0.0561715793391394
2015-03-04,174.10008239746094,-0.004215524,-0.006615555,0.000475957,0.060972888
2015-03-05,174.29054260253906,0.00109397,-0.004352594,0.002286102,0.0610105369215348
2015-03-06,171.8392791748047,-0.014064237,-0.015000487,-0.017705046,0.085960332
2015-03-09,172.55149841308594,0.004144682,-0.01712326,-0.01349366,0.09079326
2015-03-10,169.75230407714844,-0.01622237,-0.029083118,-0.032246147,0.1137324786947559
2015-03-11,169.35482788085938,-0.002341507,-0.0272559,-0.033691143,0.1130959639626539
2015-03-12,171.5079803466797,0.012713853468264,-0.015965079,-0.020248183,0.1392168480861753
2015-03-13,170.4562225341797,-0.006132413,-0.008048548,-0.022928303,0.1406483525216211
2015-03-16,172.73365783691406,0.0133608223206853,0.001055681,-0.016085656,0.1562867473198199
2015-03-17,172.22023010253906,-0.002972366,0.0145383948618984,-0.014967545,0.1558770179954973
2015-03-18,174.29054260253906,0.0120213084070748,0.0291442221248747,0.00109397,0.1686384757378799
2015-03-19,173.49554443359375,-0.004561339,0.0115887557121043,-0.004561339,0.1701445395138909
2015-03-20,175.02694702148438,0.008826755,0.0268146531663762,0.0185502864187239,0.156986126190189
2015-03-23,174.68588256835938,-0.00194864,0.0113019359162098,0.0123695486559249,0.1575080706902088
2015-03-24,173.70431518554688,-0.005619042,0.008617368,0.0232810454614056,0.1313495054693214
2015-03-25,171.15892028808594,-0.014653608,-0.017967827,0.0106527368000146,0.1558745511718565
2015-03-26,170.7513427734375,-0.002381281,-0.01581713,-0.004411676,0.1422128755890063
2015-03-27,171.1422882080078,0.00228956,-0.022194633,0.004024879,0.1389646298037581
2015-03-30,173.2302246,0.0122000028352402,-0.008333003,0.002874754,0.1360329000338062
2015-03-31,171.71620178222656,-0.008739946,-0.011445389,-0.00292665,0.1428518605276997
2015-04-01,171.10897827148438,-0.003536204,-0.000291787,-0.018254372,0.1257345544175496
2015-04-02,171.7245635986328,0.003597621,0.005699638,-0.010207644,0.1273997683139807
2015-04-06,172.88087463378906,0.006733521,0.0101587190634506,-0.012261383,0.123246209747662
2015-04-07,172.42330932617188,-0.002646709,-0.004658051,-0.012952239,0.1234137233517279
2015-04-08,173.00559997558594,0.003377099,0.007508891,-0.00402244,0.1228097924388239
2015-04-09,173.7708740234375,0.004423406,0.0155567275244301,0.0152604008657875,0.094870365
2015-04-10,174.71920776367188,0.00545738,0.0174386476942132,0.02323768,0.093974067
2015-04-13,173.92893981933594,-0.004523074,0.006062355,0.0162826595373155,0.1000531441013742
2015-04-14,174.2617188,0.001913304,0.0106621861685209,0.00595447,0.081183604
2015-04-15,175.0435791015625,0.004486702,0.0117798448504797,0.0193771891341725,0.063852707
2015-04-16,174.9936523,-0.000285225,0.007036728,0.022702923666005,0.0578676369299792
2015-04-17,172.98062133789062,-0.011503452,-0.009950746,0.007314374,0.089210873
2015-04-20,174.56114196777344,0.009136981,0.00363483,0.00971922,0.094394902
2015-04-21,174.35317993164062,-0.001191342,0.00052485,0.0111926317445747,0.093101547
2015-04-22,175.20994567871094,0.004913967,0.000950429,0.012741470238166,0.094450441
2015-04-23,175.65084838867188,0.002516425,0.003755542,0.010818697,0.093151201
2015-04-24,176.05844116210938,0.002320471,0.0177928591099618,0.007665061,0.090323284
2015-04-27,175.32643127441406,-0.004157766,0.004384076,0.008034841,0.089739643
2015-04-28,175.8837891,0.003178972,0.008778785,0.009308242,0.090395886
2015-04-29,175.1600341796875,-0.004114961,-0.000284867,0.000665292,0.091259328
2015-04-30,173.40484619140625,-0.010020482,-0.012786743,-0.009079222,0.1044819563269791
2015-05-01,175.28480529785156,0.0108414450214973,-0.004394199,0.013320474525641,0.1010969166262994
2015-05-04,175.78395080566406,0.002847626,0.00260953,0.007005046,0.092044041
2015-05-05,173.7708740234375,-0.011451994,-0.012013131,-0.003339807,0.1105425926891285
2015-05-06,173.0554962158203,-0.004116788,-0.012014944,-0.012296388,0.1078500472156371
2015-05-07,173.7459716796875,0.003989908,0.00196722,-0.010844677,0.1095185031110566
2015-05-08,176.03343200683594,0.013165544530526,0.004270916,-0.00014205,0.1304466674198396
2015-05-11,175.1933135986328,-0.004772493,-0.003360018,-0.000759256,0.1310325979862409
2015-05-12,174.6692657470703,-0.002991255,0.005169979,-0.00690526,0.130440980724428
2015-05-13,174.70249938964844,0.000190266,0.009517197,-0.002612096,0.1290330595231023
2015-05-14,176.52427673339844,0.0104278836886402,0.015990616,0.017989293,0.1264020245811726
2015-05-15,176.7155762,0.0010837,0.003875083,0.008162549,0.1159457425420947
2015-05-18,177.2646026611328,0.003106837,0.0118228773687409,0.008423134,0.1160788130732203
2015-05-19,177.2063446044922,-0.00032865,0.0145250444980726,0.0197701174052409,0.094451345
2015-05-20,177.08160400390625,-0.000703929,0.0136180342157072,0.0232648362873428,0.08972301
2015-05-21,177.5973358154297,0.002912396,0.006078819,0.0221666384464005,0.089322555
2015-05-22,177.17306518554688,-0.002388947,0.002588844,0.006473959,0.067318451
2015-05-26,175.2681427001953,-0.010751761,-0.011262598,0.000427123,0.085144445
2015-05-27,176.9319305419922,0.009492814,-0.001548557,0.0129539949987442,0.095115342
2015-05-28,176.73223876953125,-0.001128636,-0.001972905,0.011618261827816,0.095775921
2015-05-29,175.63417053222656,-0.006213174,-0.011054024,-0.005042401,0.086753331
2015-06-01,175.9918670654297,0.0020366,-0.006666917,-0.004095333,0.087367626
2015-06-02,175.81719970703125,-0.000992474,0.003132669,-0.008165211,0.08516048
2015-06-03,176.2830352783203,0.002649545,-0.003667485,-0.005210363,0.086922554
2015-06-04,174.79400634765625,-0.008446808,-0.010967056,-0.012918325,0.095660609
2015-06-05,174.4945526123047,-0.001713181,-0.006488589,-0.017470888,0.092754384
2015-06-08,173.42152404785156,-0.006149353,-0.014604897,-0.021174444,0.095368744
2015-06-09,173.3965606689453,-0.000143946,-0.013767931,-0.010678393,0.082487762
2015-06-10,175.47613525390625,0.0119931708964593,-0.004577298,-0.008227996,0.091866759
2015-06-11,176.04185485839844,0.003223912,0.007138966,-0.003906384,0.094018314
2015-06-12,174.69422912597656,-0.007655144,0.001144314,-0.0053517,0.09676378
2015-06-15,173.9455566,-0.004285617,0.003021728,-0.011627301,0.097290374
2015-06-16,174.8938751220703,0.005451812,0.008635203,-0.005251617,0.1028081180110483
2015-06-17,175.1767120361328,0.001617192,-0.001706347,-0.006275835,0.1020482640449346
2015-06-18,176.9984130859375,0.0103992193290449,0.005433698,0.0126114549597129,0.1053292487866197
2015-06-19,176.2126922607422,-0.004439141,0.00869212,0.00984638,0.1083396650849119
2015-06-22,177.11546325683594,0.005123189,0.0182235561369354,0.02130035,0.1021066634866314
2015-06-23,177.2407989501953,0.00070765,0.0134191310386766,0.022170211,0.1016645282737383
2015-06-24,175.9535369873047,-0.007262786,0.004434522,0.002720608,0.095572057
2015-06-25,175.41856384277344,-0.003040423,-0.008925782,-0.003540584,0.095357211
2015-06-26,175.38516235351562,-0.00019041,-0.004696199,0.0039551,0.086247423
2015-06-29,171.7072754,-0.020970343,-0.030534815,-0.012867712,0.137256387
2015-06-30,172.0667724609375,0.002093662,-0.029192074,-0.016164675,0.1336458957213734
2015-07-01,173.44590759277344,0.008015116,-0.014251657,-0.009880334,0.1415770491738424
2015-07-02,173.2870635986328,-0.000915813,-0.012150939,-0.020968264,0.1267872381745929
2015-07-06,172.79391479492188,-0.002845849,-0.014774611,-0.019401426,0.1262108978277115
2015-07-07,173.88055419921875,0.006288644,0.0126568824975508,-0.018264408,0.1281548195421103
2015-07-08,170.96331787109375,-0.016777243,-0.006412944,-0.035417811,0.1471756091210127
2015-07-09,171.2725830078125,0.001808956,-0.012530273,-0.026603353,0.1478300651306577
2015-07-10,173.42916870117188,0.0125915406627632,0.000820056,-0.011340847,0.1663512396075945
2015-07-13,175.34335327148438,0.0110372700546743,0.014754214,-0.000238384,0.1772433177137345
2015-07-14,176.10401916503906,0.004338151,0.0127873123941901,0.025606042,0.1333766958791524
2015-07-15,176.04550170898438,-0.000332289,0.02972675,0.02312317,0.1341695657814631
2015-07-16,177.45816040039062,0.008024395,0.036115397,0.023132589,0.1341806004362203
2015-07-17,177.60862731933594,0.000847901,0.0240989370442379,0.0249387555594613,0.1332781029455871
2015-07-20,177.70053100585938,0.000517451,0.0134432112218441,0.0283957697049739,0.1305434634721768
2015-07-21,176.9984130859375,-0.00395113,0.005078782,0.0179310383560575,0.1330532875255516
2015-07-22,176.68075561523438,-0.001794691,0.003608464,0.033442482,0.088116127
2015-07-23,175.68609619140625,-0.005629699,-0.009985814,0.0257689415672117,0.098912191
2015-07-24,173.86380004882812,-0.010372455,-0.021084715,0.002506103,0.1008890877520936
2015-07-27,172.8524169921875,-0.0058171,-0.027282496,-0.014206049,0.084694219
2015-07-28,174.97557067871094,0.0122830430923011,-0.011428591,-0.006407852,0.1064156525391798
2015-07-29,176.17926025390625,0.006879186,-0.002838427,0.000759795,0.1129247935737353
2015-07-30,176.2210693359375,0.00023731,0.003045051,-0.00697117,0.1040379172908232
2015-07-31,175.9535369873047,-0.001518163,0.0120193906833376,-0.00931875,0.1037425452769883
2015-08-03,175.3601074,-0.003372649,0.0145076966427426,-0.013170605,0.1040742869220557
2015-08-04,175.01731872558594,-0.00195477,0.000238594,-0.011192724,0.103131636266538
2015-08-05,175.5941162109375,0.003295659,-0.003321299,-0.006150299,0.1053223151972818
2015-08-06,174.15640258789062,-0.00818771,-0.011716344,-0.00870697,0.1094468662193187
2015-08-07,173.82203674316406,-0.001919917,-0.012113995,-0.000240207,0.096296262
2015-08-10,176.01202392578125,0.012599019224778,0.003717587,0.0182792175462409,0.1087574936420038
2015-08-11,174.42385864257812,-0.00902305,-0.003390865,-0.00315308,0.1039262181557194
2015-08-12,174.6328582763672,0.001198228,-0.005474317,-0.008777435,0.0965977
2015-08-13,174.41554260253906,-0.001244415,0.001487973,-0.010245805,0.096410629
2015-08-14,175.05075073242188,0.003641924,0.007068804,-0.005130822,0.099095702
2015-08-17,176.02882385253906,0.005587369,9.54476085388567e-05,0.00381339,0.1019806722630725
2015-08-18,175.51889038085938,-0.002896875,0.006277993,0.00286584,0.1026967199355313
2015-08-19,174.13128662109375,-0.007905723,-0.002872149,-0.008330744,0.1087774163396676
2015-08-20,170.49520874023438,-0.020881244,-0.022476975,-0.021022448,0.1453740582339149
2015-08-21,165.36288452148438,-0.030102454,-0.055343186,-0.048665591,0.2022106686439225
2015-08-24,158.39996337890625,-0.042106916,-0.100147579,-0.10006169,0.2503777861220512
2015-08-25,156.53594970703125,-0.011767766,-0.108153263,-0.102554255,0.2503424409810272
2015-08-26,162.5459747314453,0.0383938963264494,-0.066532052,-0.069213112,0.3495865127755121
2015-08-27,166.5665740966797,0.0247351518355167,-0.023042493,-0.045001543,0.3840420310944575
2015-08-28,166.57496643066406,5.038426244818872e-05,0.00732983,-0.048419011,0.3823740635137859
2015-08-31,165.22918701171875,-0.008079122,0.043113796,-0.061351525,0.3782215450619588
2015-09-01,160.29747009277344,-0.029847735,0.0240297541413467,-0.086722405,0.3957114142790618
2015-09-02,163.3400421142578,0.0189807862826747,0.004885186,-0.061971888,0.4196154506568944
2015-09-03,163.45709228515625,0.000716604,-0.018668102,-0.041280435,0.4122003531486069
2015-09-04,160.9829102,-0.015136585,-0.033570808,-0.026487046,0.3919128146583427
2015-09-08,165.0285645,0.0251309551613168,-0.001214208,0.0418472386787271,0.3435650273260071
2015-09-09,162.8218231201172,-0.013371875,0.0157479280607657,0.040156101,0.3457552995603224
2015-09-10,163.7078857421875,0.005441916,0.002252011,0.007148199,0.2893656083491042
2015-09-11,164.45176696777344,0.004543955,0.006085234,-0.012696468,0.2588679525280387
2015-09-14,163.84164428710938,-0.00371004,0.017757998,-0.016408961,0.259065039
2015-09-15,165.88949584960938,0.0124989685706,0.005216863,0.003996321,0.265032805
2015-09-16,167.32723999023438,0.008666879,0.0276708415603075,0.043854528,0.2052209434383498
2015-09-17,166.95111083984375,-0.002247866,0.01981105,0.0221076759797818,0.1900265991923115
2015-09-18,164.22283935546875,-0.016341739,-0.001392065,0.004684698,0.2119219887766898
2015-09-21,165.07150268554688,0.005167755,0.007506385,0.0253976805694995,0.1935629296985643
2015-09-22,162.9289551,-0.012979512,-0.017846463,-0.012722703,0.1610429888054755
2015-09-23,162.6684112548828,-0.001599125,-0.02784262,-0.000942207,0.1463720022737283
2015-09-24,162.0802764892578,-0.003615544,-0.029175214,-0.009942155,0.1438872124778111
2015-09-25,162.03829956054688,-0.000258989,-0.01330229,-0.014675837,0.1407268359330724
2015-09-28,157.9715118408203,-0.025097694,-0.043011608,-0.035828086,0.184520643994802
2015-09-29,158.0639648,0.000585251,-0.02985958,-0.047173156,0.1640025538481028
2015-09-30,161.01321411132812,0.0186585808504393,-0.010175283,-0.037734596,0.1921775670807027
2015-10-01,161.43328857421875,0.002608944,-0.003991775,-0.033050527,0.1947855941950108
2015-10-02,163.84475708007812,0.0149378639756241,0.0111483366860205,-0.002302251,0.1993248042253254
2015-10-05,166.76039123535156,0.017795102,0.05563585,0.0102312544705063,0.2179802868370901
2015-10-06,166.18899536132812,-0.003426448,0.051403434,0.020008968213415,0.2056238765133778
2015-10-07,167.55018615722656,0.008190619,0.040598979,0.0300105894235025,0.2066179044645197
2015-10-08,169.06259155273438,0.009026581,0.047259788,0.0430793629843007,0.2049591029319189
2015-10-09,169.16342163085938,0.000596407,0.03246161,0.043971839,0.2044705175597486
2015-10-12,169.32301330566406,0.000943417,0.0153670907781442,0.071857902,0.1260910479694693
2015-10-13,168.25599670410156,-0.006301663,0.0124376547212368,0.064480426,0.1398746186130247
2015-10-14,167.4493408203125,-0.004794218,-0.000601881,0.039972662,0.1311426562294226
2015-10-15,170.02049255371094,0.0153548035531385,0.005665955,0.053193515,0.142582047204912
2015-10-16,170.793457,0.004546302,0.009635862,0.042410267347009,0.1319199972059113
2015-10-19,170.87742614746094,0.000491641,0.009180163,0.024688326056389,0.1084792442943986
2015-10-20,170.65902709960938,-0.001278104,0.014281989602628,0.0268972787792747,0.1057144324925484
2015-10-21,169.60031127929688,-0.006203691,0.0128454997102231,0.0122358868652434,0.109329434272735
2015-10-22,172.46551513671875,0.0168938596622236,0.0143807522627628,0.0201281877482808,0.1301690712296248
2015-10-23,174.35598754882812,0.0109614516885345,0.020858706,0.0306955597605476,0.1371939643540922
2015-10-26,173.9274902,-0.0024576,0.0178494266661177,0.02719345,0.1397034395177492
2015-10-27,173.5913848876953,-0.001932445,0.017182553,0.031709944,0.1333807391606038
2015-10-28,175.56594848632812,0.0113747787651459,0.035174683,0.048472019,0.1310648450080762
2015-10-29,175.4650879,-0.000574488,0.0173923044936166,0.0320231711785805,0.118889772051353
2015-10-30,174.70889282226562,-0.004309661,0.00202405,0.022924975,0.1242362528137894
2015-11-02,176.77586364746094,0.0118309422709128,0.016376787,0.03451853,0.1323960806754232
2015-11-03,177.2884521484375,0.002899652,0.0212975273118189,0.038846026,0.1298728409822749
2015-11-04,176.75070190429688,-0.003033194,0.006748196,0.042160245,0.123836832128936
2015-11-05,176.5742188,-0.000998486,0.006321091,0.0238233342475691,0.103195768
2015-11-06,176.48182678222656,-0.000523247,0.0101479319759902,0.0121925221111383,0.091932533
2015-11-09,174.83497619628906,-0.009331559,-0.010979369,0.005217611,0.1051709109469993
2015-11-10,175.2382813,0.002306776,-0.011564041,0.009487201,0.1045312662066633
2015-11-11,174.5492706298828,-0.00393185,-0.012455007,-0.00579086,0.088922866
2015-11-12,172.1126251220703,-0.013959643,-0.025267526,-0.019106153,0.1114815987317187
2015-11-13,170.18008422851562,-0.011228351,-0.0357076,-0.025922027,0.1206900758938437
2015-11-16,172.76800537109375,0.0152069565267289,-0.01182241,-0.022671977,0.1325933317707097
2015-11-17,172.64195251464844,-0.000729608,-0.014815991,-0.026208699,0.1298630712708672
2015-11-18,175.3811035,0.0158660798321552,0.004765605,-0.007748758,0.1594693073933339
2015-11-19,175.2299041748047,-0.000862119,0.018111856,-0.007613312,0.1594644029768482
2015-11-20,175.86842346191406,0.003643895,0.033425411,-0.003475731,0.1609723462793243
2015-11-23,175.66677856445312,-0.001146567,0.0167784144242042,0.004757643,0.1531715910634845
2015-11-24,175.90203857421875,0.00133924,0.0188835101322992,0.003787742,0.1529317791042724
2015-11-25,175.8768310546875,-0.000143304,0.002826573,0.007605649,0.1510846985652149
2015-11-27,176.0784912109375,0.001146599,0.004842707,0.0230422729654748,0.1268558686657225
2015-11-30,175.34747314453125,-0.00415166,-0.002962159,0.0303642399722692,0.1094966867739244
2015-12-01,177.01956176757812,0.009535858,0.007700848,0.0246084706908107,0.094491641
2015-12-02,175.21307373046875,-0.010205019,-0.003916753,0.0148927950499293,0.1134826046309794
2015-12-03,172.7595672607422,-0.014002987,-0.01772413,-0.014947655,0.1064656380226044
2015-12-04,176.12892150878906,0.019503141,0.000286408,0.005130502,0.1499879837339567
2015-12-07,175.06182861328125,-0.00605859,-0.00162902,-0.004586354,0.152278320742189
2015-12-08,173.88546752929688,-0.006719689,-0.01770479,-0.010140284,0.1555592187318669
2015-12-09,172.5327148,-0.007779561,-0.015297711,-0.019154546,0.1584677057388113
2015-12-10,172.97805786132812,0.002581209,0.001264709,-0.016481837,0.1598911901539138
2015-12-11,169.62551879882812,-0.019381297,-0.036924105,-0.036648272,0.1816855085097637
2015-12-14,170.48260498046875,0.005052814,-0.02615775,-0.027744159,0.1868027081173699
2015-12-15,172.27224731445312,0.0104975069696371,-0.009277487,-0.026818022,0.1886267179620866
2015-12-16,174.7929229736328,0.0146319311350169,0.0131001713612963,-0.002397942,0.2015414528003316
2015-12-17,172.1294403076172,-0.015237932,-0.004905926,-0.003647421,0.2039956007517724
2015-12-18,169.0629425048828,-0.017815069,-0.003316578,-0.040118221,0.1879964618581737
2015-12-21,170.4575958251953,0.008249314,-0.000146696,-0.026300609,0.1971557973482147
2015-12-22,172.0043487548828,0.009074121,-0.001555088,-0.010818148,0.2037295469696438
2015-12-23,174.1343231201172,0.012383258799286,-0.003767886,0.009282925,0.2100236421602394
2015-12-24,173.84689331054688,-0.001650621,0.009977683,0.005022807,0.2102078793298169
2015-12-28,173.44967651367188,-0.002284866,0.025947342,0.0225447075529898,0.1801157270524671
2015-12-29,175.3007354736328,0.010672023131822,0.0284125774799977,0.028261713,0.1846801398280325
2015-12-30,174.0582275390625,-0.007087865,0.0119408538158916,0.0103671964141118,0.1853929728211676
2015-12-31,172.31703186035156,-0.010003524,-0.010436146,-0.01416471,0.1760314079741069
2016-01-04,169.90814208984375,-0.013979406,-0.022656437,-0.012904813,0.1733482110971878
2016-01-05,170.19554138183594,0.001691498,-0.018761264,0.006699273,0.146754706917248
2016-01-06,168.04864501953125,-0.012614293,-0.041369424,-0.014132258,0.1539265810319975
2016-01-07,164.01690673828125,-0.023991495,-0.057689435,-0.046437442,0.1785717352767831
2016-01-08,162.2165069580078,-0.010976916,-0.058615941,-0.068440362,0.1526737293031854
2016-01-11,162.3771209716797,0.000990121,-0.044324074,-0.065976286,0.1558185134588303
2016-01-12,163.6872100830078,0.008068188,-0.038240316,-0.056284143,0.1719713828543289
2016-01-13,159.60479736328125,-0.024940328,-0.050246449,-0.089537206,0.1698146123965386
2016-01-14,162.2250213623047,0.0164169501312636,-0.010925004,-0.067984182,0.2136601066531559
2016-01-15,158.74264526367188,-0.021466332,-0.02141497,-0.078775652,0.2256817464084746
2016-01-19,158.95401000976562,0.001331493,-0.021081239,-0.064470907,0.2275558984425943
2016-01-20,156.9169464111328,-0.012815428,-0.041360982,-0.078019641,0.2244782363028777
2016-01-21,157.79603576660156,0.005602259,-0.011332752,-0.06100977,0.2324769919578319
2016-01-22,161.0332489013672,0.0205151740285405,-0.007346416,-0.01819116,0.2440600298549862
2016-01-25,158.59896850585938,-0.015116632,-0.000905092,-0.02230068,0.249281765864887
2016-01-26,160.7627716064453,0.0136432356463025,0.01137915,-0.009941976,0.2615241964040691
2016-01-27,159.01315307617188,-0.010883232,0.013358702,-0.028554809,0.2606783658538103
2016-01-28,159.8414764404297,0.00520915,0.0129625605858283,0.001482907,0.2311497743741829
2016-01-29,163.7379608154297,0.0243771795767424,0.0167959842611082,0.009326178,0.2494727128645334
2016-02-01,163.67877197265625,-0.000361485,0.0320292339518539,0.0310951521614464,0.2164760067427433
2016-02-02,160.72894287109375,-0.018022063,-0.000210426,0.01116633,0.2413956475097048
2016-02-03,161.69253540039062,0.00599514,0.016850067,0.030433864,0.22893059936191
2016-02-04,161.94615173339844,0.00156851,0.0131672663431203,0.026300508,0.2285893356558599
2016-02-05,158.8609619140625,-0.019050714,-0.029785389,-0.01348968,0.2285019535738486
2016-02-08,156.72256469726562,-0.01346081,-0.042499141,-0.011831122,0.2258267996851769
2016-02-09,156.73098754882812,5.374370677735385e-05,-0.024873898,-0.02507909,0.2107911235628383
2016-02-10,156.59579467773438,-0.000862579,-0.031521187,-0.015202254,0.205511895708007
2016-02-11,154.55877685546875,-0.013008126,-0.045616242,-0.033049617,0.2092828040374227
2016-02-12,157.7452850341797,0.020616805,-0.007022977,-0.036599184,0.1957860087586834
2016-02-16,160.40774536132812,0.0168782244526137,0.02351404,-0.019984428,0.22135864869759
2016-02-17,163.02796936035156,0.016334772,0.0401770059003914,0.014303749207768,0.218593496749747
2016-02-18,162.36021423339844,-0.004095954,0.0368108196489371,0.004129311,0.2186611519059093
2016-02-19,162.2842254638672,-0.000468026,0.0499838881076464,0.002087569,0.2186208099334937
2016-02-22,164.63389587402344,0.0144787357085387,0.043669203,0.036339538,0.1995079370993231
2016-02-23,162.55470275878906,-0.012629192,0.0133843748793101,0.0372131356629412,0.1975452836444184
2016-02-24,163.29844665527344,0.004575345,0.001659085,0.0419027482003153,0.1964905259636258
2016-02-25,165.2762908935547,0.0121118374289042,0.017960537154529,0.055432499,0.1979529092054594
2016-02-26,164.89593505859375,-0.002301333,0.0160934285957945,0.066881729,0.1760380165558537
2016-02-29,163.6027069091797,-0.007842693,-0.006263528,0.0371321518340839,0.170239317277728
2016-03-01,167.44850158691406,0.023506913488108,0.0301055505935547,0.043892869,0.1870267257994505
2016-03-02,168.20079040527344,0.004492658,0.0300207616815177,0.0317296539067357,0.1748611827065468
2016-03-03,168.8601074,0.003919821,0.021683791,0.040033781,0.1700831410568564
2016-03-04,169.4094696044922,0.003253357,0.0273720182628796,0.043905956,0.1683727601226203
2016-03-07,169.54469299316406,0.000798204,0.036319607,0.0298285908443685,0.159094412506301
2016-03-08,167.69366455078125,-0.010917643,0.00146411,0.0316137380511085,0.1545572667215363
2016-03-09,168.52195739746094,0.004939321,0.001909426,0.0319875102866988,0.1546613811748368
2016-03-10,168.65724182128906,0.00080277,-0.001201383,0.020456358,0.1466173790711461
2016-03-11,171.37879943847656,0.016136619,0.0116246738661187,0.039314883,0.1598596498187732
2016-03-14,171.1591033935547,-0.001281932,0.009522034,0.0461874783561482,0.149406252411418
2016-03-15,170.8801727294922,-0.001629657,0.0190019592406605,0.0204938898231759,0.1076161880254056
2016-03-16,171.86912536621094,0.005787404,0.0198619101062045,0.021809261,0.1086300936918436
2016-03-17,172.95944213867188,0.006343878,0.025508542,0.024276514,0.1103840450696889
2016-03-18,173.6390380859375,0.003929221,0.0131885545637302,0.0249665410754178,0.1105783319490592
2016-03-21,173.88543701171875,0.00141903,0.0159286509692404,0.0256023585399378,0.1103559441276288
2016-03-22,173.79202270507812,-0.000537218,0.017040303325275,0.036366062,0.084043661
2016-03-23,172.64508056640625,-0.00659951,0.004514803,0.02446638546466,0.097710256
2016-03-24,172.56861877441406,-0.000442884,-0.002259624,0.0231912778300356,0.098490601
2016-03-28,172.6706085205078,0.00059101,-0.005577257,0.007537741,0.061284036
2016-03-29,174.2677764892578,0.009249796,0.002198801,0.0181624759306853,0.073128539
2016-03-30,175.0324707,0.004388041,0.007137543,0.0242994720060707,0.071420139
2016-03-31,174.60763549804688,-0.002427179,0.011367569381079,0.015933694,0.07244983
2016-04-01,175.7970733642578,0.006812061,0.018708237,0.016406338911008,0.073342366
2016-04-04,175.2278594970703,-0.003237903,0.0148099957397136,0.009150139,0.075855526
2016-04-05,173.47769165039062,-0.009987954,-0.00453374,-0.002344908,0.093355583
2016-04-06,175.37228393554688,0.0109212444962343,0.00194143,0.009092829,0.1087191458253052
2016-04-07,173.27377319335938,-0.011966034,-0.007639198,0.003641532,0.1216857051069863
2016-04-08,173.7410125732422,0.002696538,-0.011695649,0.006793783,0.1221038511429191
2016-04-11,173.3332977294922,-0.002346682,-0.010811989,0.003837881,0.123066685593387
2016-04-12,174.94749450683594,0.009312676,0.008472576,0.003900423,0.1231934863862013
2016-04-13,176.71466064453125,0.0101011228693319,0.00765444,0.009610731,0.131414523526379
2016-04-14,176.7231445,4.8008957987955014e-05,0.01990706,0.0121157876467938,0.130195298
2016-04-15,176.52769470214844,-0.001105966,0.0160392879472341,0.004156049,0.1267199591028858
2016-04-18,177.7680664,0.007026499,0.025585209,0.0144965927020421,0.1288288440074179
2016-04-19,178.32882690429688,0.00315445,0.019327698,0.027964029,0.1118783350080386
2016-04-20,178.49876403808594,0.000952943,0.0100959557461024,0.0178276751170562,0.1023645567151617
2016-04-21,177.53875732421875,-0.005378226,0.004615201,0.0246141354935462,0.080612034
2016-04-22,177.53875732421875,0.0,0.005727501,0.0218586544116956,0.081509048
2016-04-25,177.23284912109375,-0.00172305,-0.003010762,0.0224974164957461,0.080595047
2016-04-26,177.49624633789062,0.001486165,-0.004668794,0.0145686672349292,0.070276728
2016-04-27,177.8615264892578,0.00205796,-0.003569983,0.00648993,0.05172277
2016-04-28,176.24732971191406,-0.009075581,-0.00727406,-0.002692431,0.07128408
2016-04-29,175.29580688476562,-0.005398793,-0.012633582,-0.006978439,0.075822609
2016-05-02,176.6891326904297,0.007948426,-0.003067808,-0.006069334,0.078542099
2016-05-03,175.15138244628906,-0.00870314,-0.01321078,-0.017817896,0.084974155
2016-05-04,174.17433166503906,-0.005578322,-0.020730705,-0.02422668,0.085409485
2016-05-05,174.14035034179688,-0.000195099,-0.011954674,-0.019141775,0.084367704
2016-05-06,174.77752685546875,0.003658983,-0.002956603,-0.015552832,0.088590769
2016-05-09,174.92201232910156,0.000826682,-0.010001296,-0.013038423,0.089374294
2016-05-10,177.09689331054688,0.0124334322049386,0.0111075963951035,-0.002249924,0.1127571599525921
2016-05-11,175.4402313232422,-0.009354551,0.007268004,-0.013613372,0.1206303083385832
2016-05-12,175.49118041992188,0.000290407,0.007757134,-0.004290274,0.1127252135308478
2016-05-13,173.96194458007812,-0.008714032,-0.004666402,-0.007609208,0.1179434143838963
2016-05-16,175.6780548095703,0.00986486,0.004322169,-0.005722355,0.1222109188156552
2016-05-17,174.0384063720703,-0.009333257,-0.017270133,-0.006354366,0.1234233106817605
2016-05-18,174.0894012451172,0.000293009,-0.00769966,-0.000487617,0.1202850521591066
2016-05-19,173.4861602783203,-0.003465122,-0.01142519,-0.003756683,0.121529755710099
2016-05-20,174.5821533203125,0.006317467,0.003565198,-0.001117841,0.1246772436352739
2016-05-23,174.3442840576172,-0.001362506,-0.007592131,-0.003302776,0.1247137883807607
2016-05-24,176.6041717529297,0.0129622127133555,0.0147425239884932,-0.002782215,0.1262446970800815
2016-05-25,177.8020477294922,0.006782829,0.021326091,0.0134622280672809,0.1194679766645258
2016-05-26,177.8530731201172,0.000286979,0.025171534,0.0134587544202715,0.1194688402503509
2016-05-27,178.6176300048828,0.004298812,0.023115058,0.0267626660304522,0.1058135998941961
2016-05-31,178.27786254882812,-0.001902206,0.0225621305136161,0.014798705,0.099705101
2016-06-01,178.6431884765625,0.002049194,0.0115456883231808,0.026458425,0.07942595
2016-06-02,179.1868896484375,0.003043504,0.007788672,0.029280865847445,0.078356682
2016-06-03,178.6516876220703,-0.002986837,0.004490305,0.0297748669718844,0.077298262
2016-06-06,179.56068420410156,0.005088094,0.005279737,0.028516837,0.076034216
2016-06-07,179.84107971191406,0.001561564,0.008768431,0.031528396,0.072875279
2016-06-08,180.4273376464844,0.003259867,0.009987222,0.0216482196066314,0.04831746
2016-06-09,180.18096923828125,-0.001365472,0.005547725,0.0133796069233598,0.043507621
2016-06-10,178.47329711914062,-0.009477539,-0.000998538,0.003487283,0.069769596
2016-06-13,177.09689331054688,-0.007712099,-0.013721216,-0.008513923,0.076497216
2016-06-14,176.7486114501953,-0.001966618,-0.017195561,-0.008577908,0.076522839
2016-06-15,176.50221252441406,-0.001394064,-0.021754603,-0.011984649,0.074802171
2016-06-16,177.02896118164062,0.002984374,-0.017493568,-0.012042893,0.074708891
2016-06-17,176.36968994140625,-0.003724087,-0.011786677,-0.012773446,0.075291771
2016-06-20,177.50546264648438,0.006439727,0.002307038,-0.011445833,0.07871779
2016-06-21,178.0093536376953,0.002838735,0.007132968,-0.010185248,0.080192117
2016-06-22,177.71902465820312,-0.001630976,0.006894033,-0.015010547,0.076574382
2016-06-23,180.03334045410156,0.0130223300535743,0.0169711173381303,-0.000819336,0.1057794709903374
2016-06-24,173.56851196289062,-0.035909063,-0.015882423,-0.027481899,0.2067152146233742
2016-06-27,170.4599151611328,-0.017909912,-0.039692004,-0.037476536,0.2195705038594382
2016-06-28,173.53433227539062,0.0180360122281628,-0.025139248,-0.018185598,0.2454861591974017
2016-06-29,176.48919677734375,0.0170275498986787,-0.006920069,-7.37e-05,0.2629758573641095
2016-06-30,178.89755249023438,0.0136459101002595,-0.006308765,0.0105552859606767,0.2715371395526083
2016-07-01,179.27328491210938,0.002100266,0.032867557,0.016463118,0.270160254110187
2016-07-05,177.98374938964844,-0.007193127,0.044138437,0.00269449,0.2722168922692211
2016-07-06,179.05128479003906,0.005997937,0.031791706,0.005853238,0.2734675587044176
2016-07-07,178.9402618408203,-0.000620062,0.013887904,0.00687173,0.273271369
2016-07-08,181.60470581054688,0.0148901311662144,0.015132422342448,0.008728191,0.275756240184364
2016-07-11,182.2452392578125,0.003527075,0.016577787,0.0499902153725728,0.1835958170764549
2016-07-12,183.5689392089844,0.00726329,0.031380336,0.076903852,0.1321005720372613
2016-07-13,183.5433654785156,-0.000139314,0.025088235,0.057677539,0.1225494393680015
2016-07-14,184.5681610107422,0.005583397,0.0314512738051555,0.04577597,0.105010442869555
2016-07-15,184.32046508789065,-0.00134203,0.014954234,0.0303129501894794,0.094954464
2016-07-18,184.8158264160156,0.0026875,0.0141050990888527,0.030916717494319,0.094843187
2016-07-19,184.62789916992188,-0.001016835,0.005768732,0.037330092,0.080052205
2016-07-20,185.3965606689453,0.004163301,0.0100967702406362,0.035438315,0.079090779
2016-07-21,184.6962432861328,-0.003777402,0.000693957,0.032167056,0.085058655
2016-07-22,185.5246124267578,0.004485035,0.006532901,0.0215848295269409,0.0560556464301922
2016-07-25,185.02072143554688,-0.002716033,0.001108644,0.0152293809651073,0.060338123
2016-07-26,185.10614013671875,0.000461671,0.002590296,0.008373971,0.051172066
2016-07-27,184.9097442626953,-0.001060991,-0.002625811,0.007444447,0.051869822
2016-07-28,185.1233062744141,0.001154953,0.002312245,0.003007806,0.04455589
2016-07-29,185.4221649169922,0.001614376,-0.000552204,0.005977089,0.043965702
2016-08-01,185.2684326171875,-0.000829093,0.001338829,0.002448958,0.042818688
2016-08-02,184.08139038085935,-0.006407148,-0.005536012,-0.002960055,0.054290028
2016-08-03,184.61941528320312,0.002922756,-0.001570112,-0.0041918,0.051737189
2016-08-04,184.8158264160156,0.00106387,-0.001660946,0.000647458,0.0485369769020745
2016-08-05,186.3273926,0.00817877,0.004881982,0.004327082,0.060109271109012
2016-08-08,186.21633911132812,-0.000596013,0.005116395,0.006462074,0.0578955778697571
2016-08-09,186.3273926,0.000596368,0.0122011366418881,0.006597579,0.057887237
2016-08-10,185.86619567871097,-0.002475196,0.006753246,0.005172531,0.059480469
2016-08-11,186.72879028320312,0.004640944,0.0103506496401528,0.008672512,0.062989293
2016-08-12,186.56655883789065,-0.000868808,0.001283581,0.006171829,0.063400802
2016-08-15,187.1045684814453,0.002883741,0.004769879,0.009910678,0.063758949
2016-08-16,186.13954162597656,-0.005157687,-0.001008177,0.0111806589512331,0.059889004
2016-08-17,186.4896545410156,0.001880916,0.003354342,0.0101302414751101,0.05923514
2016-08-18,186.90814208984375,0.002244026,0.000960494,0.011321085,0.0595579527865688
2016-08-19,186.6348114013672,-0.00146238,0.000365835,0.001649885,0.04566545127935
2016-08-22,186.62631225585935,-4.55e-05,-0.002556091,0.002201596,0.0454906529100971
2016-08-23,187.0020446777344,0.002013288,0.004633637,0.003620789,0.0463634307378506
2016-08-24,186.04559326171875,-0.005114658,-0.002381158,0.000965197,0.05239263
2016-08-25,185.91746520996097,-0.000688692,-0.005300341,-0.004344938,0.0458902925868331
2016-08-26,185.56732177734375,-0.001883327,-0.00571967,-0.005355928,0.0464402449463518
2016-08-29,186.48109436035156,0.004924211,-0.000778121,-0.003332223,0.05149795
2016-08-30,186.17367553710935,-0.001648525,-0.004429733,0.000183378,0.044871527
2016-08-31,185.64419555664065,-0.002844011,-0.002157523,-0.004533544,0.04565263
2016-09-01,185.6527404785156,4.6028489333549416e-05,-0.001423883,-0.006716677,0.043292469
2016-09-02,186.4896545410156,0.004507954,0.00497034,-0.000777759,0.050076804
2016-09-06,187.0532989501953,0.00302239,0.003068432,0.002287923,0.052437082
2016-09-07,187.0361785888672,-9.15e-05,0.004632787,0.000182532,0.051492745
2016-09-08,186.60923767089844,-0.002282665,0.005198343,0.003029604,0.045153346
2016-09-09,182.14276123046875,-0.023934916,-0.018906154,-0.020303117,0.1301986674032458
2016-09-12,184.75601196289065,0.0143472664780528,-0.009296186,-0.004372051,0.153990222
2016-09-13,182.1000518798828,-0.0143755,-0.026480405,-0.023493226,0.1653787420678532
2016-09-14,182.03176879882812,-0.000374976,-0.026756373,-0.022247542,0.1656480343593018
2016-09-15,183.8507843017578,0.009992846,-0.014781977,-0.009660476,0.176429741532401
2016-09-16,183.1400909423828,-0.003865599,0.005475539,-0.013534137,0.1769256096976537
2016-09-19,183.1744079589844,0.000187381,-0.008560501,-0.017777107,0.1742599146661034
2016-09-20,183.18299865722656,4.689900918974921e-05,0.005946988,-0.020690896,0.1726166092866169
2016-09-21,185.2429656982422,0.0112454051746921,0.01764086,-0.009587519,0.1851195534570065
2016-09-22,186.41026306152344,0.00630144,0.013921500359578,-0.001066263,0.1883140015834605
2016-09-23,185.3889007568359,-0.00547911,0.012279178212053,0.017821952,0.1391142856477898
2016-09-26,183.88682556152344,-0.008102293,0.003889286,-0.004704509,0.1276021572742098
2016-09-27,185.0283966064453,0.006208009,0.0100740678051234,0.0160809659104002,0.1043966170001532
2016-09-28,185.94679260253903,0.004963541,0.00379948,0.021507366,0.1049839583005586
2016-09-29,184.26443481445312,-0.009047522,-0.01151132,0.002249925,0.1086041132063754
2016-09-30,185.6550140380859,0.00754665,0.001435433,0.0137322367962258,0.1115766111720296
2016-10-03,185.20867919921875,-0.002404109,0.007188409,0.0111056520553345,0.1131047188540936
2016-10-04,184.26443481445312,-0.005098273,-0.004128889,0.005903584,0.117351002
2016-10-05,185.07986450195312,0.004425323,-0.004662237,-0.000880472,0.1043204872525295
2016-10-06,185.20867919921875,0.000695995,0.005124398,-0.00644591,0.098361456
2016-10-07,184.5735321044922,-0.003429359,-0.005825223,-0.004398152,0.096042433
2016-10-10,185.53482055664065,0.00520816,0.00176094,0.008962007,0.089250497
2016-10-11,183.1915740966797,-0.012629686,-0.005822397,-0.009927247,0.1063758998134528
2016-10-12,183.4318848,0.0013118,-0.008904155,-0.013524879,0.1021619714977205
2016-10-13,182.83106994628903,-0.003275411,-0.012837461,-0.007778847,0.093733543
2016-10-14,182.9254608154297,0.000516274,-0.008929077,-0.014702287,0.082214685
2016-10-17,182.2903289794922,-0.00347208,-0.017487238,-0.015757092,0.082728388
2016-10-18,183.4318848,0.006262295,0.0013118,-0.004518235,0.088626798
2016-10-19,183.92111206054688,0.002667079,0.002667079,-0.006260824,0.086334792
2016-10-20,183.5778350830078,-0.001866436,0.004084454,-0.008805441,0.086203891
2016-10-21,183.6636657714844,0.000467544,0.004035551,-0.00492956,0.085178841
2016-10-24,184.44471740722656,0.004252619,0.0118184461007624,-0.005875464,0.083510556
2016-10-25,183.8267364501953,-0.003350494,0.002152579,0.003467203,0.053671378
2016-10-26,183.45767211914065,-0.002007675,-0.002519776,0.000140583,0.054587078
2016-10-27,182.96844482421875,-0.002666704,-0.00331952,0.000751376,0.053635576536257
2016-10-28,182.4276580810547,-0.002955628,-0.006729734,-0.002721342,0.055639576
2016-10-31,182.4362640380859,4.717462868164546e-05,-0.010889189,0.000800564,0.052689719
2016-11-01,181.11441040039065,-0.007245564,-0.014754796,-0.012633978,0.051975808
2016-11-02,180.02439880371094,-0.006018359,-0.018714253,-0.021186873,0.051861327
2016-11-03,179.20042419433594,-0.004577016,-0.020593828,-0.023844986,0.0532360794756392
2016-11-04,179.00299072265625,-0.001101747,-0.018772742,-0.025376141,0.051416569
2016-11-07,182.9512939453125,0.0220571913727054,0.002823068,-0.008096862,0.1320114747952573
2016-11-08,183.77525329589844,0.004503709,0.014691503,-0.000280063,0.1336106784061837
2016-11-09,185.7236328,0.0106019688813294,0.03165812,0.0123514087319707,0.142963260483381
2016-11-10,186.18714904785156,0.002495731,0.038988328,0.0175915810331397,0.1413279692950756
2016-11-11,185.75791931152344,-0.002305367,0.037736401,0.018255243012488,0.1407543147710295
2016-11-14,185.9039001464844,0.000785866,0.016138755,0.019007383902986,0.1405386986185739
2016-11-15,187.35447692871097,0.007802831,0.0194760914139486,0.0344537274230436,0.133169667261643
2016-11-16,187.00250244140625,-0.001878655,0.006885875,0.038761988,0.1263999403600506
2016-11-17,187.9638672,0.005140919,0.009542646,0.0489030259418383,0.1173757001717376
2016-11-18,187.54324340820312,-0.002237791,0.009611025,0.0477101117197475,0.1191036934849744
2016-11-21,188.95950317382812,0.007551644,0.016436465,0.0328404850217216,0.073388582
2016-11-22,189.32859802246097,0.001953301,0.0105368237050516,0.0302181312606926,0.073281526
2016-11-23,189.43150329589844,0.000543527,0.012989136,0.019964452,0.060271857
2016-11-25,190.1353759765625,0.003715711,0.0115527990648136,0.0212056898067449,0.060869385
2016-11-28,189.24273681640625,-0.004694756,0.009061875,0.018759994,0.066628673
2016-11-29,189.61183166503903,0.001950378,0.003452213,0.019945421,0.066354862
2016-11-30,189.1569824,-0.002398844,-0.000906443,0.00962083,0.0608422622768374
2016-12-01,188.4616851806641,-0.003675768,-0.005119624,0.007803012,0.06379108
2016-12-02,188.5560607910156,0.000500768,-0.008306267,0.003150572,0.058991192
2016-12-05,189.68910217285156,0.006009042,0.002358692,0.0114419412059425,0.063341899
2016-12-06,190.28988647460935,0.003167205,0.003576015,0.007040574,0.054071547
2016-12-07,192.7790069580078,0.0130806766955036,0.0191482465503423,0.0182244466582779,0.082586526
2016-12-08,193.25111389160156,0.002448954,0.0254132754164129,0.020163545,0.082315515
2016-12-09,194.41844177246097,0.006040472,0.031090918,0.022526401,0.084463333
2016-12-12,194.1952667236328,-0.001147911,0.0237555268023519,0.0261702509197552,0.077930164
2016-12-13,195.49134826660156,0.006674115,0.0273344100853527,0.0310081736457723,0.080400457
2016-12-14,193.87765502929688,-0.008254551,0.005699003,0.024956375,0.095507186
2016-12-15,194.67593383789065,0.004117436,0.007372894,0.032973539,0.089239826
2016-12-16,194.2952117919922,-0.001955671,-0.000633839,0.0304373721900008,0.092173018
2016-12-19,194.71823120117188,0.002177199,0.002692983,0.0265124826398175,0.09068652
2016-12-20,195.46937561035156,0.003857597,-0.000112397,0.0272189406998952,0.090866057
2016-12-21,194.9254608154297,-0.002782609,0.005404469,0.0111342717824531,0.073347508
2016-12-22,194.5886993408203,-0.001727642,-0.000448101,0.006921489,0.074216119
2016-12-23,194.87364196777344,0.001464333,0.002977069,0.002341343,0.068316449
2016-12-27,195.3571624755859,0.0024812,0.003281312,0.005983131,0.06867688
2016-12-28,193.74264526367188,-0.008264438,-0.008833764,-0.008945168,0.072547229
2016-12-29,193.69949340820312,-0.000222728,-0.006289416,-0.000918938,0.059797456505809
2016-12-30,192.9914551,-0.003655344,-0.008208309,-0.008652732,0.057173175
2017-01-03,194.4678649902344,0.007650131,-0.002082257,0.000888613,0.070754046
2017-01-04,195.62478637695312,0.005949165,0.001369921,0.004655728,0.076183408
2017-01-05,195.46937561035156,-0.000794433,0.008912495,0.0,0.073946285
2017-01-06,196.16873168945312,0.003577829,0.0127477787257106,0.006378186,0.074114261
2017-01-09,195.52117919921875,-0.003300997,0.0131079592102649,0.004792056,0.075923808
2017-01-10,195.52117919921875,0.0,0.005416392,0.003322857,0.075752472
2017-01-11,196.07376098632812,0.002826199,0.00229508,0.003668146,0.076044493
2017-01-12,195.58164978027344,-0.002509827,0.000574382,0.009491997,0.061908407
2017-01-13,196.0305633544922,0.002295275,-0.000704334,0.0120344658897819,0.061860983
2017-01-17,195.3399200439453,-0.003523141,-0.000927056,0.012168751019933,0.061573108
2017-01-18,195.77159118652344,0.002209846,0.001280741,0.00670407,0.050766119
2017-01-19,195.04632568359375,-0.003704651,-0.005240045,-0.002956991,0.04553428
2017-01-20,195.76290893554688,0.003673913,0.00092677,0.001501684,0.049506484
2017-01-23,195.2535095214844,-0.002602124,-0.003963942,-0.004665484,0.047207731
2017-01-24,196.5054168701172,0.006411702,0.005966506,0.005033918,0.055340144
2017-01-25,198.2063140869141,0.008655727,0.0124365485596473,0.0137332175403841,0.068589023
2017-01-26,197.9991455078125,-0.001045217,0.0151390692127615,0.009819695,0.069044616
2017-01-27,197.68832397460935,-0.001569812,0.009835444,0.0107713284794492,0.067863063
2017-01-30,196.46224975585935,-0.006202057,0.00619062,0.002202138,0.076463948
2017-01-31,196.44500732421875,-8.78e-05,-0.000307419,0.005657253,0.073634415
2017-02-01,196.5226898193359,0.000395441,-0.008494302,0.003836607,0.073066886
2017-02-02,196.65220642089844,0.000659041,-0.006802752,0.00823333,0.069407579
2017-02-03,198.0076904296875,0.006892798,0.001615505,0.0114668376473692,0.074775348
2017-02-06,197.65374755859375,-0.001787521,0.006064767,0.012292932,0.073735174
2017-02-07,197.6623687744141,4.36177706053531e-05,0.006196958,0.005887634,0.067909753
2017-02-08,197.9213867,0.001310406,0.007117229,-0.001437529,0.051535044
2017-02-09,199.0956268310547,0.005932861,0.0124250851522436,0.005537808,0.059404175
2017-02-10,199.88124084472656,0.003945913,0.009462008,0.0110927991397147,0.0603163716448964
2017-02-13,200.9691467285156,0.005442761,0.016773773,0.0229402695849045,0.0478203646929976
2017-02-14,201.7720489501953,0.003995152,0.0207914141738911,0.0271172156449088,0.0465478467045766
2017-02-15,202.82534790039065,0.005220242,0.0247773182218515,0.0320708926121902,0.046208655
2017-02-16,202.6526641845703,-0.000851391,0.017865974,0.0305130457109084,0.049038153
2017-02-17,202.97210693359375,0.001576307,0.0154635126128133,0.025071837,0.044298477
2017-02-21,204.1808624267578,0.005955279,0.015981138152419,0.033022976,0.0402679332967228
2017-02-22,203.9995880126953,-0.000887813,0.0110398792800574,0.032060828,0.042555675
2017-02-23,204.1377410888672,0.000677222,0.006470558,0.0314081993521535,0.04343746
2017-02-24,204.3967437744141,0.001268764,0.00860625,0.0266259838437219,0.041173607
2017-02-27,204.7161865234375,0.001562856,0.008592706,0.0241890917740843,0.040783966
2017-02-28,204.16363525390625,-0.002699109,-8.44e-05,0.0158954176668022,0.044098277
2017-03-01,207.0213623046875,0.0139972382801043,0.014812649,0.0260160581299737,0.076272513
2017-03-02,205.71771240234375,-0.006297176,0.007739732,0.0142603699778864,0.086363603
2017-03-03,205.84722900390625,0.000629584,0.00709642,0.015763744,0.085584569
2017-03-06,205.2342071533203,-0.002978043,0.002530433,0.011144882,0.088588552
2017-03-07,204.6212158203125,-0.002986789,0.002241244,0.002156683,0.086273325
2017-03-08,204.2413024902344,-0.001856666,-0.013428855,0.001184877,0.086760113
2017-03-09,204.5003204345703,0.001268196,-0.005917779,0.00177615,0.086914724
2017-03-10,205.21694946289065,0.003504293,-0.00306188,0.004012812,0.088402758
2017-03-13,205.3205108642578,0.000504644,0.000420513,0.002952011,0.088177161
2017-03-14,204.53485107421875,-0.003826504,-0.000422071,0.001818227,0.089426683
2017-03-15,206.3048553466797,0.008653803,0.0101035041947208,-0.003461029,0.067726181
2017-03-16,205.89903259277344,-0.001967102,0.006839658,0.000881403,0.060120142
2017-03-17,205.53738403320312,-0.001756436,0.001561443,-0.001505218,0.060715785
2017-03-20,205.3119354248047,-0.001096874,-4.18e-05,0.00037873,0.058966406
2017-03-21,202.6758575439453,-0.01283938,-0.009088884,-0.009507119,0.08715242
2017-03-22,203.1527404785156,0.002352934,-0.015278918,-0.005329784,0.088466364
2017-03-23,202.93600463867188,-0.001066862,-0.014390684,-0.007649454,0.0879195
2017-03-24,202.7885742,-0.000726487,-0.013373771,-0.01183321,0.084688104
2017-03-27,202.5804748535156,-0.001026189,-0.013303954,-0.013345165,0.084184221
2017-03-28,204.0546417236328,0.007276944,0.006802903,-0.002347812,0.092959343
2017-03-29,204.2453460693359,0.000934575,0.005378247,-0.009982844,0.079418311
2017-03-30,204.89569091796875,0.003184135,0.009656671,-0.004872979,0.081820056
2017-03-31,204.41880798339844,-0.002327442,0.008039081,-0.005442202,0.082119851
2017-04-03,204.06326293945312,-0.001739297,0.007319501,-0.006081831,0.082306374
2017-04-04,204.19337463378903,0.000637605,0.000679881,0.007487409,0.045961572
2017-04-05,203.5863800048828,-0.002972646,-0.003226346,0.002134549,0.048467866
2017-04-06,204.15866088867188,0.002810998,-0.003597099,0.006024837,0.049489279
2017-04-07,203.95054626464844,-0.001019377,-0.002290698,0.005729968,0.049731207
2017-04-10,204.07196044921875,0.000595312,4.2621634293027455e-05,0.007362435,0.048928228
2017-04-11,203.82916259765625,-0.001189766,-0.001783662,-0.001104994,0.03316819
2017-04-12,202.93600463867188,-0.004381895,-0.003194592,-0.00641063,0.0387534448378024
2017-04-13,201.6179351806641,-0.006495001,-0.012444859,-0.015997192,0.042305762
2017-04-17,203.4042969,0.008860133,-0.002678342,-0.004962905,0.067031461
2017-04-18,202.7972412109375,-0.002984478,-0.00624642,-0.006204065,0.067966497
2017-04-19,202.4243621826172,-0.001838679,-0.006892048,-0.008663417,0.0678264
2017-04-20,204.07196044921875,0.008139328,0.005597606,0.002385132,0.079989597
2017-04-21,203.4215545654297,-0.00318714,0.008945729,-0.003610458,0.080278449
2017-04-24,205.65879821777344,0.0109980658496253,0.011083843,0.008375815,0.098150988
2017-04-25,206.8554688,0.005818718,0.0200112561434766,0.013639837,0.1012235591313663
2017-04-26,206.7253875732422,-0.000628851,0.0212475679520474,0.0142090804803181,0.1008643080143342
2017-04-27,206.8988037109375,0.000838872,0.013852188,0.0195273336504353,0.095714583
2017-04-28,206.44793701171875,-0.002179165,0.0148773931688523,0.0239562111710283,0.087115532
2017-05-01,206.96815490722656,0.00251985,0.006366646,0.017521055783874,0.079389125
2017-05-02,207.0462188720703,0.000377179,0.000922142,0.0209518513948288,0.075473164
2017-05-03,206.79478454589844,-0.001214387,0.000335696,0.0215903971051589,0.074624515
2017-05-04,207.03758239746097,0.0011741,0.000670756,0.0145322362842696,0.066742366
2017-05-05,207.85264587402344,0.00393679,0.00680418,0.0217828013263388,0.0623123117870533
2017-05-08,207.8179473876953,-0.000166938,0.004105909,0.0104986958429833,0.038740785
2017-05-09,207.62722778320312,-0.000917724,0.00280618,0.003730909,0.0290613474179635
2017-05-10,208.00010681152344,0.001795906,0.005828591,0.006166244,0.029266948
2017-05-11,207.57521057128903,-0.002042769,0.002596766,0.003269264,0.032092343
2017-05-12,207.2282715,-0.00167139,-0.003003928,0.003779812,0.031066309
2017-05-15,208.3729248046875,0.005523635,0.002670498,0.006787372,0.0394029736297362
2017-05-16,208.1822052001953,-0.00091528,0.002672951,0.005486632,0.04020655
2017-05-17,204.4881896972656,-0.017744146,-0.016884208,-0.011154028,0.1006749749312485
2017-05-18,205.3119354248047,0.004028329,-0.010903398,-0.008334946,0.1034633992745297
2017-05-19,206.6473846435547,0.006504489,-0.002803125,-0.005798633,0.1074915115015463
2017-05-22,207.69659423828125,0.005077294,-0.00324577,-0.00058394,0.111189392338634
2017-05-23,208.1562042236328,0.002212891,-0.000124895,0.002547722,0.1116042560568809
2017-05-24,208.6417694091797,0.002332696,0.0203120763016348,0.003084915,0.1118411060300403
2017-05-25,209.63897705078125,0.004779521,0.021075451,0.009942259,0.1130247793272386
2017-05-26,209.59564208984375,-0.000206712,0.0142670929582511,0.0114239750614686,0.1122875729107189
2017-05-30,209.41351318359375,-0.000868954,0.008266476,0.004993875,0.1098905154160697
2017-05-31,209.36154174804688,-0.000248176,0.005790543,0.005664925,0.1096974049557503
2017-06-01,211.0264129638672,0.007952135,0.0114293679613637,0.031973598,0.047907016
2017-06-02,211.7287750244141,0.003328314,0.009968556,0.031254099,0.047678595
2017-06-05,211.57272338867188,-0.000737036,0.009432836,0.0238345080128301,0.0469955969729392
2017-06-06,210.89633178710935,-0.00319697,0.007080816,0.0154058257939329,0.0517281443392169
2017-06-07,211.2865295410156,0.001850187,0.009194563,0.015038347,0.051626955
2017-06-08,211.39059448242188,0.00049253,0.001725763,0.0131748550686958,0.0516208460320761
2017-06-09,211.06979370117188,-0.001517574,-0.003112384,0.006825146,0.049417367
2017-06-12,211.0264129638672,-0.000205528,-0.00258214,0.006826339,0.0494167694470195
2017-06-13,212.0582733154297,0.004889721,0.005509539,0.0126293670911163,0.0526935911860406
2017-06-14,211.7895050048828,-0.001267427,0.002380537,0.0115969878544257,0.053748686
2017-06-15,211.38189697265625,-0.00192459,-4.11e-05,0.001684547,0.039872582
2017-06-16,211.42803955078125,0.00021829,0.001697286,-0.001420381,0.035828897
2017-06-19,213.1882781982422,0.008325474,0.0102445243892059,0.007635931,0.055229388
2017-06-20,211.7504883,-0.006744226,-0.001451417,0.004050125,0.064456876
2017-06-21,211.69822692871097,-0.000246806,-0.000430985,0.001948526,0.064004509
2017-06-22,211.60238647460935,-0.000452722,0.001043086,0.001001899,0.064060236
2017-06-23,211.8550567626953,0.001194081,0.002019681,0.003720395,0.063578654
2017-06-26,211.99447631835935,0.000658089,-0.005599754,0.004587404,0.063504245
2017-06-27,210.28663635253903,-0.008056059,-0.006913098,-0.008354482,0.071051866
2017-06-28,212.16876220703125,0.008950288,0.00222267,0.001790727,0.086190273
2017-06-29,210.30406188964844,-0.00878876,-0.00613568,-0.005098994,0.097107058
2017-06-30,210.69615173339844,0.001864395,-0.005470273,-0.00346164,0.097794407
2017-07-03,211.0534515380859,0.001695806,-0.004438912,-0.010013809,0.086359972
2017-07-05,211.5413818359375,0.00231188,0.005966834,-0.000987513,0.08128886
2017-07-06,209.6069793701172,-0.009144322,-0.01207427,-0.009878437,0.093179887
2017-07-07,210.96624755859375,0.006484842,0.003148706,-0.003006294,0.1004934927917874
2017-07-10,211.19285583496097,0.001074145,0.002357443,-0.003125726,0.1004459261205683
2017-07-11,211.03598022460935,-0.000742807,-8.28e-05,-0.004521326,0.1003198469421776
2017-07-12,212.6218719482422,0.007514793,0.005107701,0.0111050118838182,0.097614457
2017-07-13,212.9791259765625,0.001680232,0.01608795,0.00381943,0.087598113
2017-07-14,213.9724578857422,0.004663987,0.0142497217537771,0.0174432959740864,0.07290678
2017-07-17,213.94631958007812,-0.000122157,0.013037675,0.0154258529163466,0.073491781
2017-07-18,214.05967712402344,0.000529841,0.0143278738355225,0.014243906290227,0.073656192
2017-07-19,215.21853637695312,0.00541372,0.012212593,0.0173826724071768,0.07630033
2017-07-20,215.31442260742188,0.00044553,0.010964908509937,0.0272292614227633,0.047922877
2017-07-21,215.1226806640625,-0.000890521,0.005375565,0.019701887,0.045845106
2017-07-24,215.07041931152344,-0.000242937,0.00525412,0.0183602966171956,0.047016814
2017-07-25,215.59323120117188,0.002430887,0.007164143,0.021594663,0.0448111700992705
2017-07-26,215.60194396972656,4.041299676305066e-05,0.00178148,0.014015830046919,0.034163574
2017-07-27,215.4014892578125,-0.000929744,0.00040437,0.0113737121896,0.036015382
2017-07-28,215.1488494873047,-0.001172878,0.000121646,0.005497865,0.03165102
2017-07-31,215.02688598632812,-0.00056688,-0.000202414,0.005050643,0.031992439
2017-08-01,215.5060882568359,0.002228569,-0.000404201,0.006757046,0.033144044
2017-08-02,215.61065673828125,0.000485223,4.0411363618764184e-05,0.001821964,0.02007338
2017-08-03,215.1923828,-0.00193995,-0.000970775,-0.000566798,0.0226106120832556
2017-08-04,215.58448791503903,0.001822114,0.002024823,0.002146716,0.0238719088392857
2017-08-07,215.9853057861328,0.001859215,0.004457209,0.004253893,0.0250452113398208
2017-08-08,215.4537811279297,-0.00246093,-0.000242718,-0.00064682,0.0260957865617991
2017-08-09,215.4450684,-4.04e-05,-0.000767997,-0.000727617,0.0260899289011072
2017-08-10,212.4040069580078,-0.014115252,-0.012957596,-0.013915792,0.075468948
2017-08-11,212.71771240234375,0.001476928,-0.013297689,-0.011299791,0.076842304
2017-08-14,214.826416,0.009913155,-0.005365595,-0.000932302,0.094868946
2017-08-15,214.80030822753903,-0.00012153,-0.003033007,-0.003274989,0.093999213
2017-08-16,215.17495727539065,0.001744174,-0.001253735,-0.00202077,0.094509304
2017-08-17,211.82025146484375,-0.015590596,-0.002748326,-0.01567031,0.1223452916865722
2017-08-18,211.4890594482422,-0.001563552,-0.005775979,-0.018996861,0.1209034243960943
2017-08-21,211.65467834472656,0.000783109,-0.014764188,-0.020050565,0.1200870177207677
2017-08-22,213.8679199,0.010456852,-0.004340721,-0.007360563,0.1352432794179255
2017-08-23,213.1011199951172,-0.00358539,-0.009637912,-0.010879564,0.1359240822064926
2017-08-24,212.6044158935547,-0.002330838,0.003702028,0.000943527,0.1155835805208673
2017-08-25,213.1011199951172,0.002336283,0.00762243,0.001802424,0.1159463661733236
2017-08-28,213.10983276367188,4.088560658388474e-05,0.006875135,-0.007990559,0.1026255764066416
2017-08-29,213.35382080078125,0.001144893,-0.002403816,-0.006734103,0.1030501864596658
2017-08-30,214.36460876464844,0.004737614,0.005929057,-0.003765998,0.106054550281222
2017-08-31,215.6542510986328,0.006016116,0.0143451169264756,0.018100251,0.067675651
2017-09-01,215.95913696289065,0.001413772,0.0134115530121987,0.0211362116144944,0.065130429
2017-09-05,214.4081268310547,-0.007181961,0.006092136,0.0130091548547939,0.0801792
2017-09-06,215.1401367,0.003414096,0.008372552,0.00594861,0.063789702
2017-09-07,215.1140137,-0.000121423,0.003495936,0.009445721,0.0596615911464238
2017-09-08,214.86129760742188,-0.001174801,-0.003676967,0.0106154037505841,0.058146247
2017-09-11,217.15298461914065,0.0106658902149328,0.005528118,0.019013812,0.07565425
2017-09-12,217.8849334716797,0.00337066,0.0162158342223874,0.0224067592099477,0.075213971
2017-09-13,217.9894866943359,0.000479855,0.0132441580592228,0.0217275972661545,0.075555556
2017-09-14,217.91976928710935,-0.00031982,0.0130431094066896,0.0165846430665435,0.074991583
2017-09-15,218.2131348,0.001346209,0.0156000042610155,0.0118656769062337,0.070944538
2017-09-18,218.67721557617188,0.002126732,0.007019157,0.012586078327162,0.071097829
2017-09-19,218.8961639404297,0.00100124,0.004641122,0.020932215,0.0536055752219002
2017-09-20,218.9749755859375,0.000360041,0.004520809,0.017824842,0.053667901
2017-09-21,218.38829040527344,-0.002679234,0.002149971,0.0152211224062457,0.05758932
2017-09-22,218.4320831298828,0.000200527,0.001003369,0.0166190261448815,0.05618564
2017-09-25,217.9854431152344,-0.002044755,-0.003163441,0.003833512,0.0285374028806228
2017-09-26,218.11680603027344,0.000602622,-0.0035604,0.001064197,0.0233350952145076
2017-09-27,218.9662628173828,0.003894504,-3.98e-05,0.004480841,0.0301593509763034
2017-09-28,219.22894287109375,0.001199637,0.003849348,0.006007594,0.0300393877207688
2017-09-29,219.99952697753903,0.003514974,0.007175887,0.008186456,0.033338123
2017-10-02,220.95404052734375,0.004338707,0.013618328681425,0.0104118069419023,0.037374982
2017-10-03,221.42689514160156,0.002140059,0.0151757637184029,0.0115613318918672,0.037777961
2017-10-04,221.68963623046875,0.001186582,0.0124374110333025,0.0123971272848293,0.037519337
2017-10-05,223.0031585693359,0.005925051,0.0172158641501154,0.021131481708559,0.0372443468025786
2017-10-06,222.74920654296875,-0.001138782,0.012498570352428,0.019764145,0.0396798578191604
2017-10-09,222.38136291503903,-0.00165138,0.006459816,0.0201661163102568,0.03860219
2017-10-10,222.96810913085935,0.002638468,0.006960374,0.0222417666427436,0.037883068
2017-10-11,223.3184356689453,0.001571196,0.007347206,0.019875997,0.0367601511553013
2017-10-12,222.98568725585935,-0.001490018,-7.83e-05,0.0171361697756056,0.040620357
2017-10-13,223.2570953369141,0.001217155,0.002280092,0.0148071607431572,0.0393696611058426
2017-10-16,223.5548095703125,0.001333504,0.005276731,0.0117706335523966,0.035991697
2017-10-17,223.71246337890625,0.000705213,0.003338389,0.0103219992126208,0.03563136
2017-10-18,223.93133544921875,0.000978363,0.00274451,0.010111881,0.03562102
2017-10-19,223.99269104003903,0.000273993,0.004516002,0.004437302,0.0227560256953793
2017-10-20,225.14865112304688,0.005160704,0.008472545,0.0107719556774954,0.030977126459938
2017-10-23,224.2728729248047,-0.003889778,0.003212024,0.008505704,0.037781438
2017-10-24,224.66696166992188,0.001757184,0.00426663,0.007619262,0.0368610722601922
2017-10-25,223.5548095703125,-0.004950225,-0.001681435,0.001058461,0.046204536
2017-10-26,223.8438415527344,0.001292891,-0.000664528,0.003848473,0.045615042
2017-10-27,225.6739959716797,0.008176032,0.002333324,0.0108256386258107,0.060201533
2017-10-30,224.8333740234375,-0.003724939,0.002499193,0.005719244,0.064794295
2017-10-31,225.18362426757812,0.001557821,0.002299682,0.006576124,0.064982276
2017-11-01,225.48133850097656,0.001322095,0.008617703,0.006921778,0.065051826
2017-11-02,225.5689392089844,0.000388505,0.007706701,0.007037052,0.065033486
2017-11-03,226.32208251953125,0.003338861,0.002871782,0.005211807,0.062119414
2017-11-06,226.67233276367188,0.001547574,0.008179207,0.0106988411374731,0.05708791
2017-11-07,226.51467895507812,-0.000695514,0.005910975,0.00822425,0.0575874990032168
2017-11-08,226.89996337890625,0.001700925,0.00629154,0.0149634616004163,0.047748624
2017-11-09,226.0768585205078,-0.003627611,0.002251725,0.00997578,0.0542631286008263
2017-11-10,226.0067901611328,-0.000309932,-0.001393114,0.001474668,0.0367186061499365
2017-11-13,226.21694946289065,0.00092988,-0.002008994,0.006153781,0.029736355207592
2017-11-14,225.6915740966797,-0.00232244,-0.003633782,0.002255714,0.0325401206270819
2017-11-15,224.5618896484375,-0.005005435,-0.010304425,-0.004077716,0.04098601
2017-11-16,226.4708709716797,0.008500914,0.001742825,0.003998475,0.060819534
2017-11-17,225.8053741455078,-0.002938554,-0.000891195,-0.002283067,0.060505733
2017-11-20,226.1906585693359,0.001706268,-0.00011622,-0.00212498,0.060640782
2017-11-21,227.6705322265625,0.006542594,0.008768418,0.005102774,0.069276126
2017-11-22,227.46917724609375,-0.000884414,0.0129464870562308,0.002508656,0.069255369
2017-11-24,227.99461364746097,0.002309924,0.006728206,0.008482757,0.066274934
2017-11-27,227.8807830810547,-0.000499269,0.009191141,0.008291755,0.06637469
2017-11-28,230.19252014160156,0.010144502,0.017692426,0.0175741503373207,0.081208473
2017-11-29,230.0524749755859,-0.000608383,0.0104622356074306,0.0193223911719369,0.079230248
2017-11-30,232.06651306152344,0.00875469,0.020210808,0.0334189537896869,0.075545109
2017-12-01,231.58493041992188,-0.002075192,0.015747375,0.022581533,0.07380485
2017-12-04,231.30474853515625,-0.001209845,0.0150252487630064,0.0243544885078983,0.070856444
2017-12-05,230.47279357910156,-0.003596792,0.001217561,0.018931529,0.077076009
2017-12-06,230.5164794921875,0.000189549,0.002016951,0.012500288,0.072813239
2017-12-07,231.24337768554688,0.003153346,-0.00354698,0.0165921400215462,0.072314825
2017-12-08,232.50440979003903,0.005453268,0.003970377,0.019780275,0.074789633
2017-12-11,233.20497131347656,0.003013111,0.008215235,0.0233639193285031,0.073610956
2017-12-12,233.61651611328125,0.001764734,0.0136403194726788,0.0148744884046339,0.0593060342501175
2017-12-13,233.59022521972656,-0.000112539,0.013334169141878,0.0153780142748565,0.058866848
2017-12-14,232.6357422,-0.004086143,0.006021208,0.002452871,0.0492721887476709
2017-12-15,234.5730438232422,0.008327618,0.008897182,0.0129028836112181,0.061649613
2017-12-18,236.06048583984375,0.006341061,0.0122446554646074,0.020560483,0.064657385
2017-12-19,235.1538848876953,-0.003840545,0.006580737,0.0203108194936993,0.065261646
2017-12-20,235.03070068359375,-0.000523845,0.006166677,0.0195830736325262,0.065916978
2017-12-21,235.5147399902344,0.002059473,0.0123755609334268,0.018471285,0.065585267
2017-12-22,235.45314025878903,-0.000261554,0.003751908,0.012682471,0.062991767
2017-12-26,235.1715087890625,-0.001196125,-0.003765887,0.008432657,0.063270274
2017-12-27,235.2858887,0.000486368,0.000561351,0.007145781,0.063076351
2017-12-28,235.7699279785156,0.002057239,0.003145237,0.00933131,0.063215362
2017-12-29,234.88101196289065,-0.003770269,-0.002690821,0.009651439,0.062528822
2018-01-02,236.56219482421875,0.007157594,0.004710298,0.008479879,0.058839913
2018-01-03,238.0583953857422,0.006324766,0.0122756647331334,0.008463549,0.058797382
2018-01-04,239.0617828369141,0.00421488,0.0160481114543373,0.016618471,0.054559558
2018-01-05,240.65496826171875,0.006664325,0.0207195223118032,0.0239299272893569,0.0583250928256671
2018-01-08,241.0951232910156,0.001828988,0.0264564226635177,0.0236944120822868,0.058371316
2018-01-09,241.6407928466797,0.002263296,0.021468342,0.0262797624235961,0.056555439
2018-01-10,241.27110290527344,-0.001529915,0.01349546,0.02593679,0.0572043831983201
2018-01-11,243.0314178466797,0.007296004,0.0166050590046578,0.0329196502966075,0.0603856513847853
2018-01-12,244.6157227,0.00651893,0.016458228239127,0.037518757,0.0620474487007385
2018-01-16,243.7794952392578,-0.003418535,0.011134078166326,0.0378850687077807,0.060876291
2018-01-17,246.10313415527344,0.009531724,0.0184668377223256,0.0403316317645101,0.065600269
2018-01-18,245.6894531,-0.001680925,0.0183128031766874,0.032055403,0.069732036
2018-01-19,246.8072204589844,0.004549513,0.0155362736462605,0.0323993133915267,0.069892634
2018-01-22,248.8140411376953,0.008131126,0.0171629134703865,0.033903613,0.07227426
2018-01-23,249.34217834472656,0.002122618,0.022818503,0.034206644,0.072116205
2018-01-24,249.24530029296875,-0.000388535,0.0127676802998892,0.0314702967024036,0.074455033
2018-01-25,249.3509979248047,0.000424071,0.014903142,0.0334888634496088,0.071635902
2018-01-26,252.23794555664065,0.0115778467135172,0.0220039149890218,0.037882047,0.080931059
2018-01-29,250.56558227539065,-0.006630102,0.007039559,0.0243232918740132,0.094118116
2018-01-30,247.9955139160156,-0.010257069,-0.005400869,0.017294394,0.1107851273741461
2018-01-31,248.1187438964844,0.000496904,-0.00451987,0.008190102,0.1019173626028709
2018-02-01,247.83706665039065,-0.001135252,-0.006071487,0.008741171,0.1015764996950427
2018-02-02,242.44161987304688,-0.021770137,-0.038837637,-0.017688302,0.1495973355400133
2018-02-05,232.30213928222656,-0.04182236,-0.072888873,-0.06636242,0.2400849432862405
2018-02-06,236.87905883789065,0.0197024425595302,-0.044825226,-0.049984,0.2723087551000498
2018-02-07,235.59396362304688,-0.005425111,-0.050478977,-0.054770688,0.2711018856634511
2018-02-08,226.7570953369141,-0.037508891,-0.085055765,-0.090610837,0.3117800849464429
2018-02-09,230.1633758544922,0.0150217152522487,-0.050644126,-0.087514865,0.3186341603019583
2018-02-12,233.54318237304688,0.0146843801973577,0.005342366,-0.067935906,0.3401834462470897
2018-02-13,234.1240692138672,0.002487278,-0.011630364,-0.055934257,0.3425659385042682
2018-02-14,237.2839508056641,0.0134966114436974,0.007173304,-0.043667773,0.3549581148669775
2018-02-15,240.3116455078125,0.0127597955608389,0.059775639,-0.030364389,0.36505669817783
2018-02-16,240.38201904296875,0.000292843,0.0443973466696836,-0.008495244,0.3494871301135654
2018-02-20,238.87696838378903,-0.006261078,0.0228385429904023,0.028302921,0.2682904583542513
2018-02-21,237.68878173828125,-0.004974053,0.015225741361764,0.003418297,0.2532593817019797
2018-02-22,237.9968719482422,0.001296192,0.003004506,0.0101993628709435,0.2511267226386381
2018-02-23,241.7903289794922,0.015939105,0.006153191,0.066296641,0.1393023385531235
2018-02-26,244.5980529785156,0.0116122262245714,0.017538891,0.062714917,0.1344102226712379
2018-02-27,241.5439453,-0.01248623,0.0111646465825288,0.034258174,0.1538145704379089
2018-02-28,239.09701538085935,-0.010130372,0.005924695,0.021240645,0.1683071724679958
2018-03-01,235.62045288085935,-0.014540384,-0.009985085,-0.007010579,0.1741505798198387
2018-03-02,236.83502197265625,0.005154769,-0.020494232,-0.014467145,0.1614783622072212
2018-03-05,239.5723571777344,0.0115579831997743,-0.020546753,-0.00336823,0.1742046820786959
2018-03-06,240.17967224121097,0.002534996,-0.005648136,0.005453451,0.1713254987756197
2018-03-07,240.09165954589844,-0.000366445,0.004160002,0.010109345,0.1686715623972612
2018-03-08,241.2535095214844,0.004839193,0.023907333,0.013683531,0.1697464259679895
2018-03-09,245.45181274414065,0.01740204,0.036383094,0.0151432184244184,0.1733722815642311
2018-03-12,245.14376831054688,-0.00125501,0.023255651,0.00223107,0.1642720893735651
2018-03-13,243.5595245361328,-0.006462509,0.0140721829761158,0.008344565,0.153610912413448
2018-03-14,242.30963134765625,-0.005131777,0.009238021,0.0134364536574389,0.1454158208087091
2018-03-15,242.0456085205078,-0.001089609,0.003283264,0.0272690912910573,0.1171245591993581
2018-03-16,242.30807495117188,0.001084368,-0.012807963,0.023109137,0.1165346289879482
2018-03-19,239.0295562744141,-0.013530373,-0.024941332,-0.002265708,0.1282605520516723
2018-03-20,239.43606567382812,0.001700666,-0.016929984,-0.003096043,0.1278305184113054
2018-03-21,238.9765625,-0.001919106,-0.013755412,-0.004644464,0.1280969420870945
2018-03-22,233.0028533935547,-0.02499705,-0.037359716,-0.034199113,0.1732847347198381
2018-03-23,228.0364532470703,-0.021314761,-0.058898663,-0.070952255,0.1505237663666595
2018-03-26,234.27532958984375,0.0273591184827532,-0.019889702,-0.044334958,0.2301373740951092
2018-03-27,230.28985595703125,-0.017011922,-0.038198964,-0.05448224,0.2386805402557613
2018-03-28,229.6094207763672,-0.00295469,-0.039196905,-0.052413148,0.2390207317310151
2018-03-29,232.5432586669922,0.012777515,-0.001972485,-0.03925851,0.2553841213063903
2018-04-02,227.52391052246097,-0.021584578,-0.002247635,-0.061013916,0.2680820597559926
2018-04-03,230.44009399414065,0.0128170418000608,-0.016370634,-0.035934729,0.280122139
2018-04-04,232.9055938720703,0.0106990924851488,0.0113584591217388,-0.027274387,0.2883331662452731
2018-04-05,234.7436981201172,0.007892057,0.022360917624328,-0.017712467,0.2931602737232948
2018-04-06,229.51219177246097,-0.022286035,-0.013034422,-0.014981197,0.2873689624213886
2018-04-09,230.6433105,0.00492836,0.0137102074997348,0.0114317569085335,0.2657281254956147
2018-04-10,234.3106231689453,0.0159003641309813,0.0167962488980024,0.00015065,0.2391130096380556
2018-04-11,233.08241271972656,-0.005241804,0.000759187,0.012126269,0.2222060471938015
2018-04-12,234.99993896484375,0.008226817,0.001091577,0.0234769033877175,0.223305504
2018-04-13,234.3106231689453,-0.002933259,0.0209070871548364,0.007600154,0.2167177567776424
2018-04-16,236.2370758056641,0.00822179,0.024252883144652,0.038295603,0.178666205
2018-04-17,238.7644500732422,0.0106984657635078,0.019008216,0.036123731486211,0.1759761289533249
2018-04-18,238.9411773681641,0.000740174,0.0251360219764091,0.0259142916911174,0.1717954556418705
2018-04-19,237.61566162109375,-0.005547456,0.0111307375983673,0.0122344647544361,0.1734747937801534
2018-04-20,235.6008301,-0.008479372,0.005506395,0.026528605,0.1291656312837712
2018-04-23,235.5654754638672,-0.000150062,-0.002842908,0.0213410261295734,0.1291748093924295
2018-04-24,232.39303588867188,-0.013467337,-0.026684936,-0.008183954,0.1256815807455571
2018-04-25,232.96742248535156,0.002471617,-0.025000944,-0.000493346,0.123990326225732
2018-04-26,235.3357391357422,0.0101658705115283,-0.009595001,0.001428937,0.127922049378795
2018-04-27,235.55667114257812,0.000938795,-0.000187431,0.005317932,0.1267617094284139
2018-04-30,233.74510192871097,-0.007690588,-0.007727675,-0.010548615,0.1249849104339059
2018-05-01,234.16046142578125,0.001776976,0.007605329,-0.019282555,0.1084730174243203
2018-05-02,232.5874786376953,-0.006717542,-0.001630888,-0.026591058,0.1097964251569372
2018-05-03,232.0749359130859,-0.002203656,-0.013855963,-0.023318016,0.1086194618179811
2018-05-04,235.07948303222656,0.0129464524349405,-0.002025789,-0.00221284,0.1264712770082572
2018-05-07,235.8748016357422,0.00338319,0.009111206,0.001313122,0.1277421732845451
2018-05-08,235.8748016357422,0.0,0.00732122,0.0149822292813381,0.1030094190542697
2018-05-09,238.15464782714844,0.009665493,0.023935808,0.022265882870911,0.1109217958609054
2018-05-10,240.3815765380859,0.009350767,0.035792924,0.0214410162301497,0.1093525890869154
2018-05-11,241.11505126953125,0.003051293,0.0256745852911259,0.023596785,0.1092142613508195
2018-05-14,241.22996520996097,0.000476594,0.022703415,0.032021476,0.094940132
2018-05-15,239.56863403320312,-0.006886919,0.0156601399210301,0.0230960110622093,0.1076221044817352
2018-05-16,240.57603454589844,0.00420506,0.010167287,0.034346457,0.095232455
2018-05-17,240.3727874755859,-0.000844835,-3.66e-05,0.035755053,0.093217136
2018-05-18,239.77178955078125,-0.002500274,-0.005571041,0.0199605106240234,0.080999224
2018-05-21,241.57455444335935,0.00751867,0.001428468,0.0241643141534857,0.085524765
2018-05-22,240.9030303955078,-0.00277978,0.005569996,0.0213173629607568,0.088788348
2018-05-23,241.5657501220703,0.002750981,0.004113941,0.014323056,0.078540788
2018-05-24,241.07090759277344,-0.00204848,0.002904323,0.002867653,0.066253934
2018-05-25,240.49655151367188,-0.002382519,0.003022716,-0.002565164,0.065533891
2018-05-29,237.7305450439453,-0.011501231,-0.015912311,-0.014506573,0.086158535
2018-05-30,240.9030303955078,0.0133448789720145,0.0,0.005569996,0.1075867102117245
2018-05-31,239.42730712890625,-0.006125798,-0.008852426,-0.004774904,0.110295245005456
2018-06-01,241.77786254882812,0.009817407,0.00293256,0.0058454,0.1216478364163951
2018-06-04,242.9266662597656,0.004751484,0.0101045721063306,0.0131578310980415,0.1219040016581199
2018-06-05,243.1033935546875,0.000727492,0.0226005812999292,0.006328643,0.1169228754471332
2018-06-06,245.13587951660156,0.008360582,0.0175707591313583,0.0175707591313583,0.1210593765268809
2018-06-07,245.1092987060547,-0.000108433,0.023731594,0.0146690852581283,0.1212610781309027
2018-06-08,245.8339844,0.002956582,0.016776233,0.0197579908326082,0.1197729477195918
2018-06-11,246.16098022460935,0.001330149,0.0133139519618865,0.0235530558558361,0.1174098107369176
2018-06-12,246.4790954589844,0.001292306,0.0138858691149348,0.036800279,0.089343766
2018-06-13,245.6926116943359,-0.003190874,0.002271117,0.0198817810260198,0.07668829
2018-06-14,246.3112030029297,0.002517745,0.004903544,0.0287515069044199,0.061965813
2018-06-15,245.9969787597656,-0.00127572,0.000663026,0.0174503826217151,0.051085431
2018-06-18,245.4909515380859,-0.002057046,-0.002721913,0.0105558,0.05126605
2018-06-19,244.5500946044922,-0.003832552,-0.007826225,0.00595097,0.056885157
2018-06-20,244.96726989746097,0.001705889,-0.002952233,-0.000687821,0.0382040624597818
2018-06-21,243.4315948486328,-0.006268899,-0.011690935,-0.006844717,0.049300055
2018-06-22,243.87542724609375,0.001823233,-0.008624299,-0.007966991,0.04724317
2018-06-25,240.5556641,-0.013612537,-0.020103745,-0.022770937,0.077973604
2018-06-26,241.08822631835935,0.002213884,-0.01415607,-0.021871507,0.079285273
2018-06-27,239.09103393554688,-0.008284073,-0.023987841,-0.026869256,0.084989029
2018-06-28,240.45794677734375,0.005717123,-0.012215539,-0.023763662,0.091745172
2018-06-29,240.80409240722656,0.001439527,-0.012593868,-0.021109553,0.09365869
2018-07-02,241.3189697265625,0.002138159,0.003173094,-0.016994442,0.096068762
2018-07-03,240.46681213378903,-0.00353125,-0.002577538,-0.016697121,0.095892884
2018-07-05,242.42852783203125,0.008157948,0.013959092658339,-0.010363597,0.1070643475206075
2018-07-06,244.4790802001953,0.008458379,0.016722814,0.004302997,0.1122502882844969
2018-07-09,246.6803436279297,0.009003893,0.024402622,0.011501430929347,0.1202117579854505
2018-07-10,247.5680694580078,0.003598689,0.0258956009074882,0.0291508637838013,0.087566179
2018-07-11,245.7573242,-0.007314131,0.022001007,0.0193667603420211,0.1015725282085777
2018-07-12,247.9852752685547,0.009065655,0.0229211779909561,0.037200229,0.089277562
2018-07-13,248.18064880371097,0.000787843,0.0151406353479592,0.0321166429717465,0.089546853
2018-07-16,247.9587554931641,-0.00089408,0.005182463,0.0297115510555283,0.091560805
2018-07-17,248.9617462158203,0.00404499,0.005629469,0.031670848,0.091589445
2018-07-18,249.48541259765625,0.002103401,0.0151697956134477,0.037504554,0.084168614
2018-07-19,248.54458618164065,-0.003771068,0.00225542,0.0252282947238244,0.087710729
2018-07-20,248.2604522705078,-0.001143191,0.000321554,0.0154670578243998,0.082565784
2018-07-23,248.7221221923828,0.001859619,0.003078604,0.008277022,0.071557422
2018-07-24,249.9736328,0.005031762,0.004064426,0.009716776,0.073444593
2018-07-25,252.10406494140625,0.008522627,0.0104962142535085,0.025825235291897,0.066039465
2018-07-26,251.5092773,-0.002359294,0.011928207,0.0142105295218799,0.059065537
2018-07-27,249.80502319335935,-0.006776108,0.006221575,0.006545129,0.072094019
2018-07-30,248.50013732910156,-0.005223617,-0.000892501,0.002183354,0.077763516
2018-07-31,249.7251434326172,0.004929599,-0.000994062,0.003066323,0.079094409
2018-08-01,249.3079071044922,-0.001670782,-0.011091284,-0.000711486,0.07897722
2018-08-02,250.66604614257812,0.005447637,-0.003352684,0.008535531,0.080394062
2018-08-03,251.7401123046875,0.004284849,0.007746398,0.0140161673047634,0.081217136
2018-08-06,252.6633453369141,0.003667405,0.016753343,0.0158458890177961,0.082003905
2018-08-07,253.49771118164065,0.003302283,0.0151068798967028,0.0140978,0.080412895
2018-08-08,253.39117431640625,-0.000420268,0.01637841,0.005105469,0.070148601
2018-08-09,253.04495239257812,-0.001366354,0.009490341,0.006105839,0.069178546
2018-08-10,251.34954833984375,-0.006700011,-0.001551457,0.006182923,0.068951503
2018-08-13,250.4086456298828,-0.003743403,-0.008923731,0.00768011,0.065762559
2018-08-14,252.00636291503903,0.00638044,-0.005883084,0.009134921,0.068669224
2018-08-15,250.1245880126953,-0.007467172,-0.012891476,0.003275792,0.080015666
2018-08-16,252.14846801757812,0.008091488,-0.003542787,0.005913932,0.085645104
2018-08-17,253.0360412597656,0.003520042,0.006709751,0.005147884,0.084806429
2018-08-20,253.57765197753903,0.002140449,0.012655339194399,0.003618675,0.083560185
2018-08-21,254.17230224609375,0.002345042,0.00859478,0.002661133,0.082755121
2018-08-22,254.02146911621097,-0.000593429,0.0155797602086118,0.002487438,0.082800586
2018-08-23,253.68409729003903,-0.001328123,0.006090179,0.002525816,0.082779771
2018-08-24,255.21087646484375,0.006018427,0.008594962,0.0153623833840321,0.077255643
2018-08-27,257.2257995605469,0.00789513,0.0143867077976214,0.027224116,0.077076419
2018-08-28,257.3500977,0.000483226,0.0125025243981127,0.0212047611790362,0.074845111
2018-08-29,258.7348937988281,0.005380982,0.018555222,0.034424068,0.053577735
2018-08-30,257.6873779296875,-0.004048607,0.0157805738807168,0.0219668592700839,0.0582402976252838
2018-08-31,257.6962891,3.458117694421503e-05,0.009738663,0.0184173281384456,0.058623989
2018-09-04,257.2524108886719,-0.001722486,0.000103455,0.0144916513047383,0.061206652
2018-09-05,256.5600891113281,-0.002691216,-0.003069781,0.009394363,0.064280642
2018-09-06,255.7879180908203,-0.003009708,-0.011389943,0.006953936,0.06698511
2018-09-07,255.2907867431641,-0.001943529,-0.009300383,0.006333426,0.067575777
2018-09-10,255.7345733642578,0.001738357,-0.00761251,0.002052016,0.0611467522026981
2018-09-11,256.5777893066406,0.003297231,-0.002622411,-0.002519227,0.0478885758170417
2018-09-12,256.6399841308594,0.000242401,0.000311409,-0.002759329,0.047800776
2018-09-13,258.1578674316406,0.005914446,0.00926529,-0.002230184,0.049608153
2018-09-14,258.2023620605469,0.000172354,0.0114049369134185,0.001998484,0.0447737802160854
2018-09-17,256.8352355957031,-0.005294787,0.004303924,-0.00334135,0.0526380297564697
2018-09-18,258.22894287109375,0.005426464,0.006435294,0.003796007,0.059169915
2018-09-19,258.5040588378906,0.001065396,0.007263384,0.007577054,0.056652607
2018-09-20,260.59893798828125,0.008103854,0.009455728,0.0188086283878066,0.063050386
2018-09-21,260.3608398,-0.000913657,0.008359636,0.0198599141209379,0.061498083
2018-09-24,259.4958801269531,-0.003322158,0.0103593439002982,0.0147078539800633,0.067040857
2018-09-25,259.2552490234375,-0.000927302,0.003974404,0.0104352747134983,0.067169471
2018-09-26,258.4794006347656,-0.002992604,-9.54e-05,0.007167303,0.070151048
2018-09-27,259.2016602,0.002794263,-0.005361794,0.004043234,0.065264368
2018-09-28,259.22845458984375,0.000103373,-0.004349292,0.003973986,0.065272354
2018-10-01,260.1291198730469,0.003474407,0.002440269,0.012824892,0.058306591
2018-10-02,259.97747802734375,-0.000582948,0.002785784,0.006771259,0.053988097
2018-10-03,260.1200866699219,0.000548542,0.006347454,0.00625146,0.053947189
2018-10-04,258.08709716796875,-0.007815581,-0.004299984,-0.009638722,0.0513086016949913
2018-10-05,256.6427001953125,-0.005596549,-0.009974809,-0.014280718,0.0563219269072244
2018-10-08,256.6427001953125,0.0,-0.01340265,-0.010995088,0.055664841
2018-10-09,256.2680358886719,-0.001459867,-0.014268321,-0.011522286,0.055682925
2018-10-10,248.15377807617188,-0.031663168,-0.046003016,-0.039947565,0.1636126086690984
2018-10-11,242.68792724609375,-0.022026063,-0.059666563,-0.063709981,0.1811696692263338
2018-10-12,246.0584259033203,0.0138882007666114,-0.041241283,-0.050804719,0.206663602492542
2018-10-15,244.67625427246097,-0.00561725,-0.04662687,-0.059404597,0.2010359564795783
2018-10-16,250.02633666992188,0.021865965,-0.024356136,-0.038276936,0.2448793458937903
2018-10-17,250.07098388671875,0.00017857,0.007725878,-0.038632552,0.2447028928271122
2018-10-18,246.4595947265625,-0.014441456,0.0155412241691121,-0.04505263,0.2499333930708283
2018-10-19,246.32589721679688,-0.000542472,0.001087024,-0.04019909,0.2505921268449372
2018-10-22,245.22019958496097,-0.004488759,0.002223123,-0.044507405,0.2496062343539021
2018-10-23,243.9718017578125,-0.005090926,-0.024215589,-0.047981927,0.2490611392123101
2018-10-24,236.5798187255859,-0.030298514,-0.053949343,-0.046640271,0.2450000041057788
2018-10-25,240.82420349121097,0.0179406036765465,-0.022865376,-0.007679507,0.247798620069557
2018-10-26,236.5887756347656,-0.017587218,-0.039529427,-0.038485373,0.2464260181105066
2018-10-29,235.27796936035156,-0.005540442,-0.040544092,-0.038411103,0.246410530701191
2018-10-30,238.76446533203125,0.014818625,-0.021344009,-0.04504274,0.2276849235143122
2018-10-31,241.31466674804688,0.0106808247721001,0.020013744,-0.035015326,0.2395298838069099
2018-11-01,243.8827209472656,0.010641931689548,0.0127002079181228,-0.010455563,0.2404109595236201
2018-11-02,242.43817138671875,-0.005923132,0.0247238937530287,-0.015782855,0.2416717325063413
2018-11-05,243.7756195068359,0.005516657,0.036117492,-0.005890951,0.2434024910717376
2018-11-06,245.3182373046875,0.006328023,0.027448691,0.005518816,0.244100005587457
2018-11-07,250.5702667236328,0.0214090459667792,0.0383549,0.05913627,0.193193428703991
2018-11-08,250.1154632568359,-0.001815074,0.0255563095464972,0.038581088,0.1837364456043452
2018-11-09,247.6723175048828,-0.009768072,0.021589612263718,0.046847285296524,0.1609712485560405
2018-11-12,243.04446411132812,-0.018685388,-0.002999297,0.033009868,0.1943096455125426
2018-11-13,242.5897216796875,-0.001871026,-0.011122351,0.0160210454362912,0.1844695911075848
2018-11-14,240.9312286376953,-0.006836617,-0.038468403,-0.001588955,0.1813952734779171
2018-11-15,243.4457550048828,0.0104366975647178,-0.026666517,-0.001791705,0.1810575717321541
2018-11-16,244.0788116455078,0.002600401,-0.014509114,0.006767252,0.1784464216251251
2018-11-19,239.9503936767578,-0.016914282,-0.012730471,-0.015691585,0.1962437138508447
2018-11-20,235.50973510742188,-0.018506569,-0.029185023,-0.039982768,0.2077281282114863
2018-11-21,236.3123321533203,0.003407915,-0.019171016,-0.056901941,0.1603365982937932
2018-11-23,234.7340850830078,-0.006678649,-0.03578485,-0.06149711,0.1588077021015865
2018-11-26,238.5236816,0.0161442108259526,-0.022759575,-0.036938468,0.1925645321568121
2018-11-27,239.32615661621097,0.003364341,-0.002601525,-0.015298878,0.1755489433938152
2018-11-28,244.83677673339844,0.0230255655925835,0.0396036351606539,0.009262779,0.2142421629031858
2018-11-29,244.30172729492188,-0.002185331,0.033808626,0.0139894636170017,0.2107191329210458
2018-11-30,245.7908172607422,0.00609529,0.0471032239473208,0.009632792,0.2066335078645975
2018-12-03,249.04551696777344,0.013241746552226,0.0441123298733971,0.020348777,0.2156007519767946
2018-12-04,240.9757843017578,-0.032402642,0.006892801,0.004273344,0.2627173314189691
2018-12-06,240.61021423339844,-0.001517041,-0.017262776,0.02165719,0.2411700411142638
2018-12-07,235.0194549560547,-0.023235752,-0.037995115,-0.005471053,0.2726238133118162
2018-12-10,235.46522521972656,0.001896738,-0.042009674,0.003114759,0.2704974290254183
2018-12-11,235.5187530517578,0.000227328,-0.054314424,-0.01259803,0.256042474
2018-12-12,236.7046813964844,0.005035388,-0.0177242,-0.010953568,0.2570028545311112
2018-12-13,236.6244201660156,-0.000339077,-0.016565357,-0.033542169,0.2199897766068587
2018-12-14,232.2551727294922,-0.018464905,-0.011761929,-0.049310149,0.2324676530253315
2018-12-17,227.6987305,-0.01961826,-0.032983617,-0.07360766,0.2341018768211834
2018-12-18,227.4490509033203,-0.001096535,-0.034263523,-0.086716944,0.2081245730654155
2018-12-19,224.0428771972656,-0.014975546,-0.053491989,-0.070268086,0.1675791460680097
2018-12-20,220.39588928222656,-0.01627808,-0.0685835,-0.084012747,0.16990783116516
2018-12-21,215.88003540039065,-0.020489737,-0.070504941,-0.081437597,0.1637715046179274
2018-12-24,210.1758728027344,-0.026422835,-0.076956326,-0.107401645,0.1751731132947439
2018-12-26,220.7950134277344,0.050525022,-0.029255068,-0.062516209,0.3560112365604059
2018-12-27,222.49008178710935,0.007677113,-0.006930796,-0.060052043,0.3585858783532309
2018-12-28,222.203125,-0.001289751,0.008199952,-0.060945929,0.3582010414441239
2018-12-31,224.14930725097656,0.008758573,0.03830494,-0.034900689,0.3578369899433908
2019-01-02,224.3825836181641,0.001040719,0.067594394,-0.014563748,0.3463353343062591
2019-01-03,219.02816772460935,-0.023862885,-0.008002199,-0.037023163,0.3644273983120242
2019-01-04,226.3646240234375,0.033495492269526,0.0174144492428902,0.0103629575517709,0.401186292
2019-01-07,228.14944458007812,0.007884715,0.026760738,0.035180127,0.3896886541853877
2019-01-08,230.2929688,0.009395264,0.027408790927667,0.066763623,0.3658247778609194
2019-01-09,231.36929321289065,0.004673718,0.0311374861723492,0.1008365999747642,0.3169868210979768
2019-01-10,232.18544006347656,0.003527464,0.060071142792055,0.0515882422293483,0.2214438879296241
2019-01-11,232.27511596679688,0.000386225,0.0261104930545481,0.043979642,0.2221193600197661
2019-01-14,230.85801696777344,-0.006100951,0.011871922,0.0389503611516419,0.2268337741196363
2019-01-15,233.50389099121097,0.0114610445770519,0.013942771,0.041733717,0.2288446913585365
2019-01-16,234.0689239501953,0.002419801,0.01166806,0.0431688599704986,0.2284175978082047
2019-01-17,235.84471130371097,0.0075866,0.015760124,0.076777995,0.1656810517977069
2019-01-18,238.9837951660156,0.0133099607998514,0.0288824705620973,0.055747099,0.09111786
2019-01-22,235.75503540039065,-0.013510371,0.0212122520020641,0.0333360041016581,0.1300996445866762
2019-01-23,236.2483673095703,0.002092561,0.01175345,0.0258600972139768,0.1256313543275229
2019-01-24,236.3739013671875,0.000531365,0.00984743,0.021630390467122,0.1254234071290409
2019-01-25,238.3739013671875,0.008461171,0.0107239634482181,0.0266530980668688,0.1293034577523365
2019-01-28,236.56228637695312,-0.007599888,-0.010132523,0.018457295,0.1390868283501585
2019-01-29,236.2483673095703,-0.001327004,0.002092561,0.023349201,0.1333784398077237
2019-01-30,239.98829650878903,0.015830497547177,0.015830497547177,0.027770010555508,0.1431856648335943
2019-01-31,242.09600830078125,0.008782561,0.024207862629914,0.0342936781829865,0.1462675434754158
2019-02-01,242.2125701904297,0.00048147,0.016103562,0.027000219133676,0.14493734
2019-02-04,243.9166717529297,0.007035562,0.031088579,0.0206410505092502,0.1351767867734948
2019-02-05,244.93911743164065,0.004191783,0.0367864981292433,0.0389560376330981,0.1035216176956735
2019-02-06,244.61622619628903,-0.001318251,0.019283981,0.035419753,0.1065138160128115
2019-02-07,242.2843017578125,-0.009532992,0.000777764,0.025004454,0.1247989238610859
2019-02-08,242.58026123046875,0.001221538,0.001518051,0.0176460587302376,0.1203286556449122
2019-02-11,242.71485900878903,0.000554859,-0.004927145,0.026008257,0.108962810733818
2019-02-12,245.83596801757812,0.0128591591859485,0.003661525,0.040582717320728,0.1176051323028591
2019-02-13,246.63424682617188,0.003247201,0.008249741,0.0276928100830926,0.097427247
2019-02-14,246.0871582,-0.002218218,0.015695843,0.016485815,0.093950997
2019-02-15,248.76882934570312,0.0108972412951537,0.0255114248943559,0.0270682035623455,0.1042967939949763
2019-02-19,249.19937133789065,0.001730691,0.0267165856906468,0.0216578044747672,0.1014749632567421
2019-02-20,249.70152282714844,0.002015059,0.0157241222297215,0.0194432210152668,0.1008429674570854
2019-02-21,248.8137207,-0.003555453,0.008836866,0.01715950970263,0.1034617885912586
2019-02-22,250.35633850097656,0.00619989,0.0173482449430688,0.033316384,0.083820659
2019-02-25,250.69715881347656,0.001361341,0.007751492,0.033460668,0.083726703
2019-02-26,250.51776123046875,-0.000715595,0.005290502,0.032148432,0.085128092
2019-02-27,250.41018676757812,-0.000429409,0.002838044,0.018606792109741,0.067048529
2019-02-28,249.9438018798828,-0.001862484,0.004541876,0.0134188787498092,0.068953518
2019-03-01,251.5043487548828,0.006243591,0.004585505,0.0220133004554685,0.069798056
2019-03-04,250.58946228027344,-0.003637657,-0.000429588,0.007318573,0.055741144
2019-03-05,250.24864196777344,-0.001360074,-0.001074252,0.004210567,0.0563513
2019-03-06,248.7328643798828,-0.006057086,-0.006698299,-0.003879265,0.064024487
2019-03-07,246.65213012695312,-0.008365337,-0.013169647,-0.008687586,0.074411743
2019-03-08,246.15890502929688,-0.001999679,-0.021253882,-0.016765837,0.06315535
2019-03-11,249.7284393310547,0.0145009350822915,-0.00343599,-0.003864102,0.1028536337415352
2019-03-12,250.67022705078125,0.003771247,0.001684665,0.000608603,0.1048757483054103
2019-03-13,252.32940673828125,0.006618974,0.014459458,0.007664305,0.1097707737667365
2019-03-14,252.1680908203125,-0.000639307,0.0223633207242941,0.008899156,0.1091144459624197
2019-03-15,253.41390991210935,0.004940431,0.029472852,0.007592557,0.1075144193849053
2019-03-18,254.33270263671875,0.00362566,0.01843708,0.0149377404875017,0.1053235655873629
2019-03-19,254.3957977294922,0.000248081,0.0148624378832042,0.0165721409279528,0.1044046639391592
2019-03-20,253.6300506591797,-0.003010062,0.005154548,0.0196885373048956,0.099079553
2019-03-21,256.49468994140625,0.0112945578600855,0.0171575995480599,0.0399046211739064,0.090438443
2019-03-22,251.5581512451172,-0.019246163,-0.007323034,0.0219339869714554,0.1463094095478524
2019-03-25,251.3689422607422,-0.000752148,-0.011653084,0.006569147,0.1295035889605376
2019-03-26,253.24273681640625,0.00745436,-0.004532547,0.0102625261719009,0.1332274413506024
2019-03-27,251.91848754882812,-0.00522917,-0.006748266,-0.001628503,0.1326438040107075
2019-03-28,252.8732757568359,0.003790068,-0.014118866,0.002796488,0.1340253593699674
2019-03-29,254.46778869628903,0.006305581,0.0115664606245922,0.004158725,0.1355124724655596
2019-04-01,257.4856262207031,0.0118594087679044,0.0243334912616857,0.012396847,0.1467556006460761
2019-04-02,257.61175537109375,0.000489849,0.017252296,0.012641552,0.1467134072568037
2019-04-03,258.0170898,0.001573432,0.0242086333331918,0.0172970007819202,0.1447379361314613
2019-04-04,258.7017517089844,0.002653552,0.023048999,0.008604707,0.134959351
2019-04-05,259.9538879394531,0.004840076,0.0215591107671069,0.0333749339974882,0.075323606
2019-04-08,260.1520690917969,0.00076237,0.0103556960061459,0.0349411775061059,0.073402321
2019-04-09,258.8188781738281,-0.00512466,0.004685822,0.0220189586778334,0.080960087
2019-04-10,259.7016906738281,0.003410928,0.006529028,0.0308957202813129,0.069606208
2019-04-11,259.62957763671875,-0.000277676,0.003586469,0.026718133,0.071377832
2019-04-12,261.3862609863281,0.006766114,0.005510104,0.0271880080598192,0.072072428
2019-04-15,261.2150879,-0.000654866,0.004086144,0.0144841548037526,0.05214172
2019-04-16,261.3862609863281,0.000655296,0.009919612,0.014651915,0.052063513
2019-04-17,260.7466125488281,-0.002447139,0.004023547,0.010578844628978,0.055610525
2019-04-18,261.26007080078125,0.001969185,0.006280075,0.009889068,0.055165202
2019-04-22,261.4854736328125,0.000862753,0.000379563,0.005891759,0.050836057
2019-04-23,263.8365173339844,0.008991106,0.0100355207829994,0.0141626712985605,0.066098801
2019-04-24,263.2510070800781,-0.002219216,0.007134063,0.0171244421485874,0.059310443
2019-04-25,263.0887451171875,-0.000616377,0.008982408,0.0130420962396171,0.059513545
2019-04-26,264.31390380859375,0.004656827,0.0116888623602231,0.0180423440754098,0.0609811104216217
2019-04-29,264.7284240722656,0.001568288,0.0124020290473458,0.012786299759314,0.054341045
2019-04-30,264.86346435546875,0.000510109,0.003892361,0.0139669438480958,0.0534896678039847
2019-05-01,262.8726501464844,-0.007516379,-0.001437248,0.005686562,0.069867934
2019-05-02,262.3050537109375,-0.002159207,-0.00297881,0.005976841,0.069533252
2019-05-03,264.8725586,0.00978824,0.002113603,0.0138271714537021,0.083504494
2019-05-06,263.7824401855469,-0.004115634,-0.003573413,0.008784299,0.0879978
2019-05-07,259.3774108886719,-0.016699479,-0.02071276,-0.016901021,0.1127792790868481
2019-05-08,259.0171203613281,-0.001389059,-0.014666911,-0.016083079,0.1127451918458983
2019-05-09,258.23333740234375,-0.003025989,-0.015522828,-0.018455399,0.1128070728491395
2019-05-10,259.5305176,0.005023287,-0.020168345,-0.018097369,0.1134112426375106
2019-05-13,253.0084686279297,-0.025130181,-0.040844158,-0.044271617,0.1605818702318347
2019-05-14,255.29653930664065,0.009043455,-0.015733335,-0.036120214,0.1732110419991766
2019-05-15,256.7920227050781,0.005857829,-0.008590543,-0.023131457,0.1777355694262914
2019-05-16,259.1702575683594,0.009261327,0.003628192,-0.011950956,0.1869610047175278
2019-05-17,257.4947204589844,-0.006465005,-0.007844153,-0.027854294,0.177949491480188
2019-05-20,255.7920837402344,-0.006612317,0.0110020630036626,-0.030291465,0.1789192255281246
2019-05-21,258.0982666015625,0.009015849,0.010974403736655,-0.004931595,0.1701994477608558
2019-05-22,257.3054504394531,-0.003071761,0.001999391,-0.006608327,0.1706705612539494
2019-05-23,254.16159057617188,-0.012218396,-0.019325779,-0.015767704,0.1802813325609779
2019-05-24,254.73809814453125,0.002268272,-0.010705549,-0.018465726,0.1779933873619825
2019-05-28,252.3688965,-0.009300539,-0.013382694,-0.002527869,0.1316033580035995
2019-05-29,250.6753692626953,-0.006710523,-0.028759966,-0.018101186,0.1240945932517612
2019-05-30,251.3599090576172,0.002730782,-0.023106939,-0.021153748,0.1196048482187145
2019-05-31,247.9727783203125,-0.013475223,-0.024349912,-0.043205109,0.1133740597730696
2019-06-03,247.3421936035156,-0.002542959,-0.029033366,-0.039428097,0.1130673661006023
2019-06-04,252.7111816,0.021706721,0.001356289,-0.012044556,0.1698170893321001
2019-06-05,254.90023803710935,0.008662285,0.0168539445532305,-0.01239074,0.1692321511136054
2019-06-06,256.5578613,0.006503028,0.0206793210977662,-0.002905454,0.1730420341066892
2019-06-07,259.12518310546875,0.0100067944285686,0.044974311,0.019529279,0.1657707963033076
2019-06-10,260.3143310546875,0.004589087,0.052446116,0.0218900625810296,0.166290474744505
2019-06-11,260.25128173828125,-0.000242205,0.0298368281478691,0.0312335845015443,0.1545245337023494
2019-06-12,259.7917785644531,-0.001765613,0.0191900194562848,0.036367392,0.1475501176829312
2019-06-13,260.86383056640625,0.004126582,0.0167836183853049,0.037810013,0.1474816638765899
2019-06-14,260.57550048828125,-0.00110529,0.005596976,0.050823007,0.1169182995590393
2019-06-17,260.67449951171875,0.000379925,0.001383591,0.053902271,0.1124790804715409
2019-06-18,263.40411376953125,0.010471351,0.0121145686975736,0.042312857,0.07416947
2019-06-19,263.99871826171875,0.002257385,0.016193506,0.0356942790429437,0.070149551
2019-06-20,266.5209045410156,0.009553782,0.0216859269540217,0.038833514,0.075264641
2019-06-21,266.1335449,-0.001453393,0.0213298810639479,0.02704624,0.070771014
2019-06-24,265.8077697753906,-0.001224104,0.0196922609357157,0.0211030975453634,0.072381082
2019-06-25,263.2007141113281,-0.009808049,-0.000772196,0.0113330176641086,0.093805977
2019-06-26,262.93817138671875,-0.0009975,-0.004017243,0.0121112101377951,0.093216447
2019-06-27,263.8705749511719,0.003546094,-0.009944172,0.0115261068513683,0.092754055
2019-06-28,265.2283935546875,0.005145775,-0.003401117,0.0178562184767463,0.093778097
2019-07-01,267.63629150390625,0.009078583,0.006879113,0.0267068393925296,0.1000782102136866
2019-07-02,268.3332214355469,0.002604019,0.0195003548586414,0.018713101,0.090181058
2019-07-03,270.47857666015625,0.007995116,0.0286774842681452,0.0245450373437556,0.095323843
2019-07-05,270.1708679199219,-0.001137646,0.0238764514380425,0.013694848,0.087808956
2019-07-08,268.68634033203125,-0.005494773,0.0130376191289292,0.009592159,0.093606022
2019-07-09,269.02130126953125,0.001246662,0.00517497,0.0120896823176239,0.092802149
2019-07-10,270.3066711425781,0.004777948,0.007354474,0.0269982437366957,0.070480216
2019-07-11,270.9402770996094,0.002344026,0.001706976,0.0304334120477374,0.067537793
2019-07-12,272.15325927734375,0.004476936,0.007337547,0.031389193,0.067905104
2019-07-15,272.2437438964844,0.000332477,0.013239987,0.026450224,0.068150515
2019-07-16,271.3657531738281,-0.003225017,0.008714744,0.0139348129843124,0.06333141
2019-07-17,269.5190734863281,-0.006805132,-0.002913719,0.004419326,0.074854764
2019-07-18,270.5057373046875,0.003660831,-0.001603821,0.000100417,0.065157889
2019-07-19,269.0031433105469,-0.005554758,-0.011574787,-0.004322171,0.070873071
2019-07-22,269.6639404296875,0.002456466,-0.00947608,0.003638444,0.066017932
2019-07-23,271.592041,0.007150013,0.000833885,0.009555897,0.074337369
2019-07-24,272.8683776855469,0.004699463,0.0124269653939301,0.009477038,0.074225502
2019-07-25,271.56488037109375,-0.004777019,0.003915418,0.002305317,0.078948079
2019-07-26,273.3843688964844,0.006700014,0.0162868936474829,0.004523589,0.08297366
2019-07-29,272.8865051269531,-0.001821113,0.0119502989243973,0.002360977,0.083769531
2019-07-30,272.2166748046875,-0.002454611,0.002299897,0.0031357,0.08296047
2019-07-31,269.2384948730469,-0.010940476,-0.013302688,-0.001041034,0.094681959
2019-08-01,266.8939514160156,-0.008708054,-0.017200048,-0.013351975,0.1011101660950817
2019-08-02,264.8843078613281,-0.007529746,-0.031091979,-0.015311477,0.1038718806567978
2019-08-05,256.9184875488281,-0.030072828,-0.058515234,-0.047264209,0.173800507008005
2019-08-06,260.52117919921875,0.0140227030166752,-0.042963921,-0.040762836,0.1897015156206887
2019-08-07,260.6750793457031,0.000590739,-0.031806059,-0.044685641,0.1854458115905929
2019-08-08,265.7896728515625,0.0196205694794342,-0.004137518,-0.021266401,0.2213830647359738
2019-08-09,263.97918701171875,-0.006811724,-0.003417042,-0.034402778,0.2167564695979483
2019-08-12,260.76568603515625,-0.012173312,0.014974393,-0.04441707,0.2208226063581143
2019-08-13,264.8210144042969,0.0155516181243029,0.016504743,-0.027168286,0.2427771848523993
2019-08-14,256.9908752441406,-0.029567665,-0.014133319,-0.045489853,0.2762926095623703
2019-08-15,257.6697998046875,0.002641824,-0.030549995,-0.034561111,0.277334078693867
2019-08-16,261.4717102050781,0.0147549709095611,-0.009498767,-0.012883352,0.2902431214349231
2019-08-19,264.6217346191406,0.012047286,0.0147874079700214,0.029983234,0.2464021757602094
2019-08-20,262.5942383,-0.007661866,-0.008408608,0.007957353,0.2434348739213927
2019-08-21,264.7304992675781,0.008135217,0.030116338,0.015557375,0.2460986788276996
2019-08-22,264.6490783691406,-0.000307561,0.0270861333759073,-0.004291342,0.2247702237075054
2019-08-23,257.8508301,-0.025687784,-0.013848076,-0.023215303,0.2575703408711724
2019-08-26,260.7023620605469,0.0110588435242109,-0.014811227,-0.000242839,0.2588498402545133
2019-08-27,259.6794434,-0.003923703,-0.011099996,-0.019415268,0.2443474127200011
2019-08-28,261.5079040527344,0.007041222,-0.012173117,0.01757661163768,0.1914606603732419
2019-08-29,264.8481750488281,0.012773117,0.000752304,0.0278588148459066,0.1992882731395372
2019-08-30,264.7304992675781,-0.000444314,0.026680811,0.0124632567704707,0.1880995432316837
2019-09-03,263.1825866699219,-0.005847126,0.009513625,-0.00543851,0.1807873487403063
2019-09-04,266.1697692871094,0.0113502289607554,0.0249936069015377,0.0136161822485603,0.1848060890372432
2019-09-05,269.5915222167969,0.0128555280295432,0.0309115634318739,0.0183621568450464,0.19102679
2019-09-06,269.7997741699219,0.000772472,0.0186959910906725,0.0194623606192836,0.1907561470561131
2019-09-09,269.9355163574219,0.000503122,0.019661569,0.046866967,0.1143342868581822
2019-09-10,269.8721008300781,-0.000234928,0.0254177688759709,0.0351732093911816,0.1105010559451759
2019-09-11,271.7911682128906,0.007111025,0.021119599,0.046641061,0.1034459685886994
2019-09-12,272.73260498046875,0.003463824,0.0116512668419368,0.042922989,0.1026260922214003
2019-09-13,272.5516357421875,-0.000663541,0.0101996437199849,0.029086327,0.09302552
2019-09-16,271.70965576171875,-0.003089249,0.006572456,0.0263632506018371,0.096557784
2019-09-17,272.3977051,0.002532296,0.009358523,0.0350141645950174,0.084372007
2019-09-18,272.5606384277344,0.000598145,0.002831108,0.0240104996061043,0.072671507
2019-09-19,272.5425109863281,-6.65e-05,-0.000696998,0.010946148,0.043727501
2019-09-20,271.2548522949219,-0.004724616,-0.004757937,0.005393178,0.052651256
2019-09-23,271.19110107421875,-0.000235023,-0.001908488,0.004651425,0.052797082
2019-09-24,269.06317138671875,-0.007846606,-0.012241416,-0.002997455,0.067436438
2019-09-25,270.6546630859375,0.005914937,-0.006992849,-0.004181538,0.063936387
2019-09-26,270.0908203,-0.002083255,-0.008995627,-0.009686354,0.060493052
2019-09-27,268.6357422,-0.005387366,-0.009655533,-0.014367529,0.064355529
2019-09-30,269.88165283203125,0.004637918,-0.004828507,-0.006727781,0.070228816
2019-10-01,266.67144775390625,-0.011894862,-0.008889078,-0.02102168,0.087139607
2019-10-02,261.9607238769531,-0.017664898,-0.03212189,-0.038890115,0.1150221297651696
2019-10-03,264.1069336,0.008192868,-0.022155091,-0.030951419,0.1293771760267285
2019-10-04,267.6808776855469,0.013532186,-0.003554495,-0.013175708,0.1532520913772011
2019-10-07,266.5259094238281,-0.004314721,-0.012434129,-0.017202599,0.1538379437499298
2019-10-08,262.3881530761719,-0.015524781,-0.016062067,-0.024808369,0.1667284428210477
2019-10-09,264.8799743652344,0.009496699,0.0111438479978107,-0.021336003,0.1726306393361402
2019-10-10,266.67144775390625,0.00676334,0.009710136,-0.012660084,0.1782760437780159
2019-10-11,269.4361267089844,0.0103673602043421,0.006557245,0.002979442,0.1853573445896106
2019-10-14,269.1359558105469,-0.001114071,0.009792843,-0.002763052,0.1838826912632333
2019-10-15,271.8004455566406,0.009900163,0.0358716366197231,0.019233397,0.1775647279455068
2019-10-16,271.3638916015625,-0.001606156,0.024478699,0.035895334,0.1427457632769449
2019-10-17,272.1642150878906,0.002949263,0.020597508,0.030507648,0.1403978641283318
2019-10-18,270.9727783203125,-0.004377639,0.005703213,0.0122978550549759,0.1314403338775671
2019-10-21,272.8099060058594,0.00677975,0.013650908,0.023577432,0.1300715265232962
2019-10-22,271.91864013671875,-0.003266985,0.000434858,0.036322094,0.091792675
2019-10-23,272.7098083496094,0.002909577,0.004959823,0.0295599318262493,0.085674769
2019-10-24,273.1553649902344,0.001633812,0.003641735,0.0243142537040998,0.083079609
2019-10-25,274.2740478515625,0.004095409,0.0121830301616039,0.017955726,0.071423401
2019-10-28,275.8200378417969,0.005636662,0.0110338069464122,0.0248353365165192,0.071775696
2019-10-29,275.7381286621094,-0.000296966,0.014046439,0.0144874048951777,0.059384622
2019-10-30,276.5838928222656,0.003067273,0.0142058860885918,0.0192361673098628,0.057255783
2019-10-31,275.847168,-0.002663658,0.009854476,0.0135320981844362,0.061208094
2019-11-01,278.4027099609375,0.00926434,0.0150530542051483,0.027419476,0.063712557
2019-11-04,279.5211486816406,0.004017341,0.0134185712858418,0.024600436,0.060190823312974
2019-11-05,279.2120056152344,-0.001105974,0.0125984642384437,0.0268218665511439,0.055226959
2019-11-06,279.2757263183594,0.000228216,0.00973243,0.0240765743208348,0.056507419
2019-11-07,280.2578125,0.003516547,0.0159894501137298,0.0260014937287413,0.056594484
2019-11-08,280.9489746,0.002466165,0.009145977,0.024336706,0.0559570610635515
2019-11-11,280.4125061035156,-0.001909487,0.003188873,0.016650234,0.0566031757089445
2019-11-12,281.0035095214844,0.002107621,0.006416285,0.0190955849483813,0.055554713
2019-11-13,281.0944519042969,0.000323634,0.006512294,0.0163081046983808,0.055646184
2019-11-14,281.5037536621094,0.0014561,0.004445696,0.0205062308053138,0.050347816
2019-11-15,283.54071044921875,0.007235984,0.009224934,0.018455282,0.042633088
2019-11-18,283.7498474121094,0.000737591,0.0119015423205188,0.0151283677475331,0.041080096
2019-11-19,283.6680908203125,-0.000288129,0.009482377,0.0159595043030449,0.0398097939108896
2019-11-20,282.6131591796875,-0.003718894,0.005402836,0.0119503148566646,0.0477269793415329
2019-11-21,282.15850830078125,-0.001608739,0.002325918,0.006781955,0.047674466
2019-11-22,282.7858887,0.002223503,-0.002662128,0.006538248,0.0474348902205459
2019-11-25,284.97760009765625,0.007750427,0.004326884,0.016279923,0.056690481
2019-11-26,285.6232604980469,0.002265653,0.006892455,0.0164401896062771,0.056733927
2019-11-27,286.89642333984375,0.00445749,0.0151559261167768,0.0206406472850706,0.057837457
2019-11-29,285.8324279785156,-0.003708639,0.0130207651715323,0.0153769683710931,0.064726025
2019-12-02,283.4043884277344,-0.008494626,0.002187166,-0.000480785,0.073504032
2019-12-03,281.5037536621094,-0.006706441,-0.012189893,-0.007915753,0.080472147
2019-12-04,283.2406311035156,0.006169997,-0.00834186,-0.001506901,0.087782159
2019-12-05,283.7498474121094,0.001797822,-0.010967637,0.004022064,0.08582587
2019-12-06,286.3416748046875,0.009134198,0.001781627,0.0148255905132834,0.095169075
2019-12-09,285.44134521484375,-0.003144249,0.007187457,0.009390343,0.097787672
2019-12-10,285.12310791015625,-0.001114896,0.0128572148717818,0.000510594,0.090376674
2019-12-11,285.9324951171875,0.002838729,0.009503806,0.001082666,0.09081202
2019-12-12,288.3968505859375,0.008618662,0.0163771125031795,0.005229857,0.098454209
2019-12-13,288.5697021484375,0.000599353,0.00778101,0.0095765,0.095583298
2019-12-16,290.55218505859375,0.006870031,0.0179050439939008,0.0252211924822822,0.08331724
2019-12-17,290.6158447265625,0.000219099,0.019264439,0.032369341,0.067656819
2019-12-18,290.63409423828125,6.27959970176395e-05,0.0164430388339276,0.026103116,0.067091123
2019-12-19,291.8252868652344,0.004098599,0.0118879116478951,0.0284597138175601,0.067325981
2019-12-20,293.1047668457031,0.004384404,0.0157156647544822,0.023618958,0.0584922148971517
2019-12-23,293.5526123046875,0.001527936,0.010326638037462,0.028416581,0.050355485
2019-12-24,293.5617676,3.1187845223490385e-05,0.0101368280670803,0.029596548,0.0481335903912677
2019-12-26,295.12445068359375,0.005323183,0.0154502053762177,0.032147293,0.049602177
2019-12-27,295.05133056640625,-0.00024776,0.011054709,0.0230740383154282,0.0416871369318237
2019-12-30,293.4245605,-0.005513515,0.001091056,0.016823867,0.0570714123900004
2019-12-31,294.1374206542969,0.002429449,0.001992176,0.012339386,0.0496220253784861
2020-01-02,296.8881530761719,0.009351862,0.0113311264116218,0.021582816158943,0.063611432
2020-01-03,294.63995361328125,-0.007572547,-0.00164167,0.0137831708475184,0.080036011
2020-01-06,295.76409912109375,0.003815319,0.002415744,0.0134971588588836,0.079778937
2020-01-07,294.9324645996094,-0.002811817,0.005138984,0.006235647,0.080299663
2020-01-08,296.5043945,0.005329796,0.00804717,0.0100553771379787,0.083682409
2020-01-09,298.5148620605469,0.006780566,0.005479198,0.0168724099302328,0.088201038
2020-01-10,297.6557922363281,-0.002877813,0.010235674,0.0085772,0.08834598
2020-01-13,299.70294189453125,0.006877574,0.013317515,0.0157654307784187,0.092946626
2020-01-14,299.2459411621094,-0.001524846,0.0146253026717686,0.019839446,0.086344366
2020-01-15,299.9222106933594,0.002259912,0.011527034,0.019666964,0.086323835
2020-01-16,302.4170837402344,0.0083184,0.0130721185965474,0.0186229413561138,0.083970745
2020-01-17,303.3583984,0.003112637,0.0191583915042521,0.029590165,0.065455481
2020-01-21,302.7643737792969,-0.001958161,0.010214887666478,0.023668439404936,0.069552291
2020-01-22,302.8009033203125,0.000120653,0.0118797339218623,0.0266787812978983,0.064857212
2020-01-23,303.1481934,0.001146925,0.010756065,0.022407084,0.063389388
2020-01-24,300.4522705078125,-0.008893086,-0.006497031,0.006490157,0.078809344
2020-01-27,295.63616943359375,-0.016029505,-0.025455794,-0.006785095,0.1147778309259942
2020-01-28,298.7342529296875,0.0104793791031365,-0.01331108,-0.003232164,0.1225585237678178
2020-01-29,298.4875488,-0.000825831,-0.014244853,-0.002534345,0.1224125490998499
2020-01-30,299.4561462402344,0.003245018,-0.012179017,-0.001553951,0.1230710062389937
2020-01-31,294.0185852050781,-0.018158121,-0.021413336,-0.027771244,0.1424357631122062
2020-02-03,296.2027893066406,0.007428796,0.001916612,-0.023587971,0.148931923194958
2020-02-04,300.7173156738281,0.0152413364430334,0.006638217,-0.006761225,0.173226609
2020-02-05,304.1899719238281,0.0115479091791528,0.0191043918518245,0.004587399,0.1837795854389118
2020-02-06,305.21356201171875,0.00336497,0.01922624,0.006813066,0.1843285032013687
2020-02-07,303.58685302734375,-0.00532974,0.032543071,0.0104328801184736,0.1799297040425739
2020-02-10,305.8532715,0.00746547,0.032580659,0.034559716,0.1541186173393335
2020-02-11,306.38323974609375,0.001732753,0.0188413628911583,0.025604653,0.1491152869617674
2020-02-12,308.35723876953125,0.006442908,0.0136995536682145,0.0330656671615117,0.1489430013772509
2020-02-13,308.0281677246094,-0.001067175,0.009221758,0.028625298,0.150550448082773
2020-02-14,308.5217285,0.001602324,0.0162552345039683,0.049327301,0.096121948
2020-02-18,307.7266540527344,-0.002577045,0.006125102,0.038905321496361,0.1015551915873001
2020-02-19,309.1979675292969,0.004781235,0.009186951,0.0282014084771469,0.07995974
2020-02-20,307.9277344,-0.004108155,-0.001392879,0.0122875926104093,0.069982585
2020-02-21,304.75653076171875,-0.010298532,-0.010621227,-0.001497415,0.089270233
2020-02-24,294.64910888671875,-0.033165563,-0.044964806,-0.029440485,0.1886574424199807
2020-02-25,285.7207031,-0.030301825,-0.071511358,-0.06582427,0.2226497592856817
2020-02-26,284.6697692871094,-0.003678186,-0.079328459,-0.070870295,0.2185331489304951
2020-02-27,271.8847351074219,-0.044911809,-0.117050188,-0.118280031,0.2736335335532746
2020-02-28,270.7424621582031,-0.004201313,-0.111610631,-0.121046415,0.2704415520029106
2020-03-02,282.46734619140625,0.04330641,-0.041343287,-0.0844491,0.3877323152285811
2020-03-03,274.3796387,-0.028632363,-0.039692834,-0.108365704,0.3984712774984907
2020-03-04,285.9126281738281,0.042032964,0.004365967,-0.075308837,0.47636415
2020-03-05,276.40838623046875,-0.03324177,0.0166381210083734,-0.102359562,0.4928975041283974
2020-03-06,271.8391418457031,-0.016530773,0.004050638,-0.108012087,0.4938856303017203
2020-03-09,250.60997009277344,-0.07809461,-0.112782509,-0.149462997,0.5922257965423099
2020-03-10,263.5777282714844,0.051744782,-0.039368484,-0.077498671,0.6723222151442375
2020-03-11,250.72869873046875,-0.04874854,-0.123058326,-0.119229628,0.7030404262031688
2020-03-12,226.73973083496097,-0.095676993,-0.179693012,-0.166044645,0.8084221092894005
2020-03-13,246.12283325195312,0.085486131,-0.094601198,-0.090933756,0.9589312181553526
2020-03-16,219.1911621,-0.1094237,-0.125369346,-0.224012386,1.0343915175935972
2020-03-17,231.02574157714844,0.053992047,-0.123500521,-0.158006976,1.1029243887170062
2020-03-18,219.32818603515625,-0.050633126,-0.125237011,-0.23288388,1.0666172727318806
2020-03-19,219.7943420410156,0.002125381,-0.030631547,-0.204820284,1.072899200465137
2020-03-20,210.3224334716797,-0.043094415,-0.14545745,-0.2262982,1.078367772044315
2020-03-23,204.94485473632812,-0.02556826,-0.064994899,-0.182215876,1.0349049030202129
2020-03-24,223.51353454589844,0.090603298,-0.032516753,-0.152001438,1.1228559714840818
2020-03-25,226.85958862304688,0.0149702526245063,0.0343385076220135,-0.095198955,1.1133116663992462
2020-03-26,240.10589599609375,0.058389894,0.092411632,0.058949374,1.0386392491589571
2020-03-27,232.95416259765625,-0.029785747,0.1076049223680362,-0.053504466,0.954669431879736
2020-03-30,240.51956176757812,0.032475913,0.1735818499909092,0.097305017,0.7614589095248249
2020-03-31,236.9344482421875,-0.014905705,0.060045195,0.0255759666637231,0.7287311047537824
2020-04-01,226.2712860107422,-0.045004694,-0.002593246,0.031656214,0.7174944715030346
2020-04-02,231.4925842285156,0.02307539,-0.035872971,0.053223582,0.7236264277529733
2020-04-03,228.1465301513672,-0.01445426,-0.020637676,0.084746531,0.6821878884734457
2020-04-06,243.47032165527344,0.067166446,0.0122682740065305,0.1879796736956889,0.7090002551361247
2020-04-07,243.7185211181641,0.001019424,0.0286327,0.09039715,0.5847726511380492
2020-04-08,251.89974975585935,0.0335683500792651,0.1132643217659552,0.1103773540488057,0.5971486598056661
2020-04-09,255.7329559326172,0.015217189,0.1047133833029092,0.065084032,0.537918858
2020-04-13,253.39810180664065,-0.009130048,0.1106813749852777,0.087759493,0.5076868893632323
2020-04-14,260.8715515136719,0.029492919061935,0.071471667,0.084616775,0.5040162497623734
2020-04-15,255.32847595214844,-0.021248295,0.047636736,0.077633404,0.5132217944038793
2020-04-16,256.5603027,0.004824479,0.0185016181359156,0.1338615131316081,0.4220708669132085
2020-04-17,263.4913024902344,0.0270150903393471,0.0303376877232099,0.1382278329492037,0.4251683794649495
2020-04-20,258.8491516113281,-0.017617852,0.0215118020451747,0.1345741328592236,0.431214201
2020-04-21,250.9897003173828,-0.030363056,-0.037880141,0.030884169417396,0.3605245554410128
2020-04-22,256.5603027,0.0221945458715955,0.004824479,0.052691037,0.3722892093717819
2020-04-23,256.5418395996094,-7.2e-05,-7.2e-05,0.0184283225697885,0.3377031306147741
2020-04-24,260.11773681640625,0.0139388460859946,-0.012803328,0.0171459359541614,0.3363638568494214
2020-04-27,263.8682556152344,0.0144185430979482,0.0193900732247429,0.041318991,0.3355068206381634
2020-04-28,262.6548156738281,-0.004598658,0.04647647,0.006835794,0.3060671293526421
2020-04-29,269.53070068359375,0.026178408311783,0.050554968,0.0556233482320513,0.3027716991856162
2020-04-30,267.0212402,-0.009310481,0.0408487,0.040773796,0.3119503127960883
2020-05-01,259.9522705078125,-0.026473436,-0.000636121,-0.013431305,0.3178152595356879
2020-05-04,260.6693115234375,0.002758356,-0.012123262,0.00703174,0.3044696926658193
2020-05-05,263.07769775390625,0.00923924,0.00161003,0.0481613286172215,0.2509262354475879
2020-05-06,261.29437255859375,-0.006778702,-0.030558033,0.0184520745172338,0.2365158944976014
2020-05-07,264.44744873046875,0.0120671415193527,-0.009638902,0.0308160615952464,0.2414379043899067
2020-05-08,268.8230285644531,0.0165461223202953,0.034124565,0.0334667364655381,0.2450300134163345
2020-05-11,268.8781433105469,0.000205022,0.031491363,0.018986322,0.2374113145098824
2020-05-12,263.5189514160156,-0.019931675,0.001677275,0.003290005,0.2606535646788496
2020-05-13,258.8584289550781,-0.01768572,-0.009322603,-0.039595756,0.2307110767355642
2020-05-14,261.9562988,0.0119674290134259,-0.009420208,-0.018968309,0.2413158657626278
2020-05-15,263.16046142578125,0.004596807,-0.021064293,0.0123414614217509,0.1991112266317283
2020-05-18,271.1762695,0.030459774,0.008547092,0.040307614,0.2474828564970401
2020-05-19,268.39093017578125,-0.010271324,0.018488153,0.0201964380380323,0.2553252641306264
2020-05-20,272.95037841796875,0.0169880861443465,0.054438828,0.044608714,0.259971484341264
2020-05-21,271.065918,-0.00690404,0.034775339,0.0250275405191258,0.2619339097831246
2020-05-22,271.58062744140625,0.001898835,0.0319963187859044,0.0102580455687857,0.250148268
2020-05-26,274.9267272949219,0.012320834,0.0138303317253933,0.0224956328167926,0.2562112004783649
2020-05-27,279.0173645019531,0.0148790088445751,0.0395931200775381,0.0588132770059115,0.2296892665267816
2020-05-28,278.5025939941406,-0.001844941,0.0203414833434294,0.075887678,0.1955112645214318
2020-05-29,279.7436218261719,0.004456073,0.0320132605472824,0.067901872,0.1942396227937306
2020-06-01,280.8741760253906,0.004041394,0.0342202191354368,0.067311459,0.194424565470018
2020-06-02,283.1999206542969,0.008280379,0.0300923574829452,0.044338876,0.1434065553032028
2020-06-03,286.9687805175781,0.0133081247147732,0.0284979253166492,0.069219367,0.1233864656899951
2020-06-04,286.21502685546875,-0.002626605,0.0276924991998113,0.048597289,0.116899309400125
2020-06-05,293.5505676269531,0.0256294746368737,0.049355713,0.08294901,0.1380193493308473
2020-06-08,297.0988464355469,0.0120874534063342,0.0577649061218414,0.093961853,0.1347763261847908
2020-06-09,294.8834533691406,-0.007456754,0.0412554236874447,0.072589254,0.1562132291099618
2020-06-10,293.2380371,-0.005579887,0.0218464760539094,0.050966980613575,0.1612756063378852
2020-06-11,276.33319091796875,-0.057648886,-0.034525916,-0.007789526,0.3549187601476507
2020-06-12,279.6424255371094,0.0119755234908534,-0.047379033,-0.000361747,0.35986189072683
2020-06-15,282.25311279296875,0.009335805,-0.049969005,0.004909447,0.3624163033581916
2020-06-16,287.6858215332031,0.019247649,-0.024408395,0.0158400499143578,0.3728452337341017
2020-06-17,286.4908752441406,-0.00415365,-0.023009163,-0.001665356,0.3680633784775104
2020-06-18,286.60101318359375,0.000384438,0.037157398,0.001348589,0.3677534081583965
2020-06-19,284.96319580078125,-0.005714625,0.0190270494666617,-0.029253467,0.3401241755892408
2020-06-22,286.7912598,0.006415088,0.0160782884828092,-0.034694132,0.3343372564696953
2020-06-23,288.11151123046875,0.004603528,0.001479703,-0.022964809,0.3356375574542601
2020-06-24,280.762207,-0.025508541,-0.019995988,-0.042545061,0.3557095487549738
2020-06-25,283.77215576171875,0.010720633529333,-0.009870368,0.026920272657215,0.198308015288716
2020-06-26,277.0321350097656,-0.023751523,-0.027831878,-0.009334387,0.2302073308328712
2020-06-29,281.10382080078125,0.014697521610163,-0.019831284,-0.004071849,0.238276832712828
2020-06-30,284.7046813964844,0.0128097177243815,-0.011824692,-0.010362485,0.2253236977585391
2020-07-01,286.6989746,0.007004778,0.0211451806170772,0.000726373,0.2278297634097434
2020-07-02,288.2778625488281,0.005507128,0.0158779030839544,0.005850815,0.2294130174818207
2020-07-06,292.7279968261719,0.0154369615411935,0.056657188,0.0272484346744168,0.2373438828118763
2020-07-07,289.7088928222656,-0.010313684,0.0306117220213195,0.0101733681110958,0.2449319648924966
2020-07-08,291.9247131347656,0.007648437,0.0253597225829473,0.0132351598449205,0.2466154718024343
2020-07-09,290.2628479003906,-0.005692787,0.0124307151634266,0.0338387454978339,0.2020556767810137
2020-07-10,293.2265930175781,0.0102105561859731,0.0171665296287251,0.033317001,0.2015543
2020-07-13,290.6875915527344,-0.008658838,-0.006970311,0.049291959,0.1531458459161681
2020-07-14,294.4545593261719,0.012958818618008,0.0163808106050016,0.047493977,0.150241349743867
2020-07-15,297.1598205566406,0.009187364,0.0179330737903584,0.0437475741496888,0.1457952302319642
2020-07-16,296.1811218261719,-0.00329351,0.0203893607762444,0.03307353,0.1496182580208175
2020-07-17,297.0397033691406,0.00289884,0.0130039718168875,0.0303937345130982,0.1491125118105004
2020-07-20,299.4403381347656,0.008081865,0.030110493,0.0229303017865409,0.1359813751747946
2020-07-21,300.0773926,0.002127484,0.0190957588322639,0.0357893734460557,0.1166256845889542
2020-07-22,301.7854919433594,0.005692196,0.015566275,0.0337785,0.1151028142111542
2020-07-23,298.1846008300781,-0.011931956,0.006764371,0.027291653,0.1318693796217245
2020-07-24,296.26422119140625,-0.006440237,-0.002610702,0.0103593202191112,0.1319032557400202
2020-07-27,298.4247131347656,0.00729245,-0.003391744,0.0266166214412617,0.1229915151387454
2020-07-28,296.5319824,-0.006342406,-0.011814986,0.007055157,0.1156732389873651
2020-07-29,300.17889404296875,0.0122985439590974,-0.005323642,0.0101597634588443,0.1228747319059269
2020-07-30,299.1079406738281,-0.003567717,0.003096538,0.009881855,0.123152801622563
2020-07-31,301.47149658203125,0.007902017,0.017576457155995,0.014919868,0.1277746870597056
2020-08-03,303.56744384765625,0.006952389,0.017232925,0.0137827312732767,0.1262652822847621
2020-08-04,304.7399902,0.003862556,0.027680009,0.0155379837720901,0.126844938014272
2020-08-05,306.6327209472656,0.006210969,0.021499936,0.0160618357519188,0.1273425443114628
2020-08-06,308.6824035644531,0.006684488,0.032010059,0.035205717,0.1040082901197518
2020-08-07,308.9039611816406,0.000717753,0.0246539546321156,0.042663741,0.090167976
2020-08-10,309.8273010253906,0.002989084,0.0206209766712528,0.0382092614611166,0.088611303
2020-08-11,307.2697754,-0.008254681,0.008301454,0.0362112473705227,0.095011093
2020-08-12,311.5537414550781,0.013942035,0.0160485824624658,0.037893562,0.099486847
2020-08-13,310.9906005859375,-0.001807524,0.007477579,0.0397269958308035,0.096202902
2020-08-14,310.9999084472656,2.9929719131738253e-05,0.00678511,0.031606344,0.09519021
2020-08-17,311.9878234863281,0.003176577,0.006973312,0.027738085,0.09280512
2020-08-18,312.6618957519531,0.002160572,0.017548489,0.0259956217478558,0.09262957
2020-08-19,311.3600158691406,-0.004163858,-0.000621805,0.0154167986615101,0.095843578
2020-08-20,312.3293457,0.003113212,0.004304777,0.0118145449710105,0.092087059
2020-08-21,313.43731689453125,0.003547445,0.007837329,0.0146756153451361,0.09277351
2020-08-24,316.6134338378906,0.0101331806143176,0.014826253,0.0219029530000776,0.102467125
2020-08-25,317.7214050292969,0.003499445,0.0161820463129209,0.034014506,0.084306811
2020-08-26,320.9067383,0.0100255544685741,0.0306613628132705,0.0300204927165685,0.07193034
2020-08-27,321.60833740234375,0.002186302,0.0297089973352635,0.034141665,0.067134876
2020-08-28,323.6858215332031,0.006459671,0.032697143,0.040790729,0.065923851
2020-08-31,322.5133056640625,-0.003622389,0.018634307,0.033736836,0.076351932
2020-09-01,325.5509033203125,0.009418519,0.0246426528621628,0.041223468,0.081732485
2020-09-02,330.2596435546875,0.0144639138959539,0.0291452442648318,0.06070024,0.08274049
2020-09-03,318.8939208984375,-0.034414507,-0.008440131,0.021018118488143,0.2196354500602614
2020-09-04,316.2903747558594,-0.008164302,-0.022847608,0.009102483,0.2253723434857333
2020-09-08,307.64837646484375,-0.027322989,-0.046090902,-0.028315467,0.2588186141230488
2020-09-09,313.7236022949219,0.019747303,-0.036330113,-0.01258273,0.2816438940098583
2020-09-10,308.2761535644531,-0.017363847,-0.066564264,-0.039359051,0.2848318145638017
2020-09-11,308.43316650390625,0.000509326,-0.032803242,-0.040966509,0.2839579249693187
2020-09-14,312.4955749511719,0.013171114,-0.011997835,-0.034571321,0.2927614093412538
2020-09-15,314.0744323730469,0.005052415,0.0208876639689905,-0.026165969,0.2957652068894611
2020-09-16,312.8279724121094,-0.003968677,-0.002854837,-0.039081234,0.288210832
2020-09-17,310.07659912109375,-0.008795164,0.005840366,-0.061112657,0.2699473884759604
2020-09-18,306.5067443847656,-0.011512816,-0.006245833,-0.038844191,0.2232620047402609
2020-09-21,303.0954895019531,-0.011129461,-0.030080699,-0.041717631,0.2253473300570373
2020-09-22,306.1822204589844,0.0101840214188055,-0.025128476,-0.004765687,0.1938646123283981
2020-09-23,299.0816650390625,-0.02319062,-0.043942066,-0.046671456,0.1886100401971052
2020-09-24,299.8789063,0.002665631,-0.032887657,-0.027239367,0.1774372322457444
2020-09-25,304.72698974609375,0.0161668039833786,-0.005806576,-0.012016142,0.2011893714186954
2020-09-28,309.78826904296875,0.01660922552706,0.0220814224322942,-0.008663502,0.2086374590102422
2020-09-29,308.1012268066406,-0.005445791,0.00626753,-0.019018439,0.2070533529923486
2020-09-30,310.4371643066406,0.007581721,0.037967888,-0.007642565,0.2117953719942699
2020-10-01,312.4301758,0.006420016,0.041854459,0.007590307,0.2092421041214789
2020-10-02,309.46380615234375,-0.009494504,0.015544459682409,0.009647624,0.2061293511692714
2020-10-05,314.9516296386719,0.0177333289943011,0.0166673857975783,0.039116848,0.2093276552960712
2020-10-06,310.4742431640625,-0.014216108,0.007702067,0.0140178704649935,0.224201183477899
2020-10-07,315.87860107421875,0.017406783426155,0.017528303,0.056161704,0.1889583107566316
2020-10-08,318.6780700683594,0.008862484,0.01999773,0.062689184,0.1888770313693225
2020-10-09,321.5238952636719,0.008930094,0.03897092,0.055121161,0.1814935599256033
2020-10-12,326.6964416503906,0.0160875955501749,0.037290844,0.05457977,0.1806113632977627
2020-10-13,324.56439208984375,-0.006526087,0.045382666,0.053434274,0.1824971079105236
2020-10-14,322.5249938964844,-0.006283493,0.0210409720685826,0.0389380878956353,0.1906867377626968
2020-10-15,322.1264648,-0.001235653,0.0108209352926322,0.0310350593960837,0.1917148550749756
2020-10-16,321.9317932128906,-0.000604333,0.00126864,0.0402889992712398,0.1801747413271357
2020-10-19,317.0373229980469,-0.015203438,-0.029566036,0.006622266,0.1857380553054443
2020-10-20,318.3072509765625,0.00400561,-0.019278582,0.0252291711308265,0.1662015008027618
2020-10-21,317.7047119140625,-0.001892948,-0.014945453,0.005781053,0.1447270032881288
2020-10-22,319.4474792480469,0.005485494,-0.008316565,0.002414378,0.1402619052297511
2020-10-23,320.5319824,0.003394934,-0.00434816,-0.003085036,0.1332781565961614
2020-10-26,314.6086426,-0.018479715,-0.00766055,-0.037000094,0.127263463304234
2020-10-27,313.5240173339844,-0.003447538,-0.015027096,-0.034015977,0.1263070165608723
2020-10-28,302.8081970214844,-0.034178627,-0.046887926,-0.061132617,0.2000653682603101
2020-10-29,305.8856506347656,0.010163046,-0.042454017,-0.05041751,0.2155904569122003
2020-10-30,302.6968994140625,-0.010424651,-0.055642132,-0.059748351,0.2155237734782395
2020-11-02,306.0896911621094,0.011208544767437,-0.027077932,-0.034531051,0.2247281982275292
2020-11-03,311.49395751953125,0.0176558260975856,-0.006474974,-0.02140477,0.2467222209270906
2020-11-04,318.4556884765625,0.0223494895774816,0.051674597,0.002363756,0.2754943202819138
2020-11-05,324.6663513183594,0.0195024396377017,0.061397783,0.016337183,0.2913101136221544
2020-11-06,324.5921936035156,-0.000228412,0.072334055,0.0126671015820714,0.2913135776441338
2020-11-09,328.6708984,0.012565628,0.073773171,0.044697615,0.2730734319796524
2020-11-10,328.1889343261719,-0.001466403,0.053596471,0.046774461,0.2716329136103286
2020-11-11,330.6268310546875,0.007428333,0.038219266,0.091868828,0.1636707691572118
2020-11-12,327.4195251464844,-0.009700682,0.00848001,0.070398446,0.1878799404221344
2020-11-13,331.95245361328125,0.0138444048648866,0.0226754067251415,0.096649666,0.1631285284412399
2020-11-16,336.09600830078125,0.012482374,0.022591321,0.098031126,0.1636667861726459
2020-11-17,334.2884521484375,-0.005378095,0.018585385,0.073177967,0.1719407825974751
2020-11-18,330.2654113769531,-0.012034639,-0.001093135,0.037084352,0.1734086888204594
2020-11-19,331.65582275390625,0.004209982,0.0129384391646363,0.021528167,0.1497740000555308
2020-11-20,329.3846740722656,-0.006847908,-0.007735384,0.0147646202317606,0.1562893575947848
2020-11-23,331.3592224121094,0.005994658,-0.01409355,0.008179379,0.1464457671443382
2020-11-24,336.6986083984375,0.0161135879890723,0.00720981,0.025929192554092,0.1641675120016672
2020-11-25,336.1794128417969,-0.001542019,0.0179068145228618,0.016794105,0.1629690439397094
2020-11-27,337.11578369140625,0.002785331,0.016462732,0.029614173255501,0.1500204958144249
2020-11-30,335.62335205078125,-0.00442706,0.0189404015110516,0.011058507,0.1406590405718554
2020-12-01,339.2941895,0.010937372,0.023946722,0.009515677,0.1373440805120722
2020-12-02,340.00787353515625,0.002103437,0.009828568,0.01710924,0.1327012822674998
2020-12-03,339.9152526855469,-0.000272408,0.0111126371843242,0.0292184436401055,0.1096812206881704
2020-12-04,342.8444824,0.00861753,0.0169932676178483,0.033735755,0.1133203148343066
2020-12-07,342.1398926,-0.00205513,0.0194162309848981,0.038724384,0.1033648305577892
2020-12-08,343.1411437988281,0.002926438,0.0113381085361456,0.035556341,0.1027074491606283
2020-12-09,340.06353759765625,-0.008968922,0.000163714,0.009993891,0.093337704
2020-12-10,339.9522705078125,-0.000327195,0.000108903,0.0112227504775586,0.092603843
2020-12-11,339.5538024902344,-0.001172129,-0.009598171,0.007231992,0.092756242
2020-12-14,338.0334777832031,-0.004477419,-0.012002151,0.007181043,0.092835044
2020-12-15,342.6034851074219,0.0135193926772829,-0.001566873,0.00975347,0.1013020159796411
2020-12-16,343.1411437988281,0.001569332,0.009050092,0.009215287,0.1011729472555785
2020-12-17,345.0599670410156,0.005591936,0.0150247460491244,0.015135285,0.1034687306348297
2020-12-18,343.6821594238281,-0.003992951,0.0121581820121494,0.002443315,0.098502229
2020-12-21,342.4533386230469,-0.003575457,0.0130752163035119,0.000916134,0.099790562
2020-12-22,341.8761901855469,-0.001685335,-0.002122847,-0.003686394,0.098825957
2020-12-23,342.1833801269531,0.000898541,-0.002791165,0.006233666,0.086363324
2020-12-24,343.5146179199219,0.003890422,-0.004478494,0.0104789634344493,0.087633678
2020-12-28,346.4657287597656,0.008590932,0.008099255,0.020355909,0.09414417
2020-12-29,345.8047790527344,-0.001907691,0.009786561,0.0229897385326887,0.08995922
2020-12-30,346.29815673828125,0.001426752,0.0129344092384275,0.0107841040487399,0.064600609
2020-12-31,348.0575866699219,0.005080679,0.017166838,0.0143277568427528,0.067675964
2021-01-04,343.31915283203125,-0.013613936,-0.000569015,-0.005044961,0.096959182
2021-01-05,345.6836853027344,0.006887272,-0.002257203,0.00582377,0.101238282853006
2021-01-06,347.7503967285156,0.00597862,0.005626347,0.01546797,0.1015671519091275
2021-01-07,352.9169922,0.014857195,0.0191131119829235,0.032294738,0.1192080522928064
2021-01-08,354.9278259277344,0.005697753,0.0197388004770826,0.0372444909394866,0.1190380625344367
2021-01-11,352.53533935546875,-0.006740769,0.026844370456508,0.02626008,0.1299930203829555
2021-01-12,352.6098327636719,0.000211308,0.020036084,0.0177336558680714,0.1259699718092664
2021-01-13,353.5594482421875,0.002693105,0.0167046581925451,0.0224249913800946,0.1242970157602933
2021-01-14,352.3212891,-0.003501983,-0.001687941,0.0173929089919204,0.1276265392652637
2021-01-15,349.7519226074219,-0.00729268,-0.014582974,0.004867976,0.1335747411180179
2021-01-19,352.4981384277344,0.007851896,-0.000105524,0.026736013764411,0.1116539301891067
2021-01-20,357.3761901855469,0.0138385177850026,0.0135173695654413,0.033824289,0.1238070464300202
2021-01-21,357.7020568847656,0.000911831,0.0117168658995656,0.02861725,0.1234176671593539
2021-01-22,356.43597412109375,-0.00353949,0.0116787863417013,0.009971132,0.1067392631605037
2021-01-25,357.8417663574219,0.003944025,0.023130234,0.008209952,0.1049318141843965
2021-01-26,357.2832031,-0.001560922,0.0135747233123235,0.0134677668860423,0.097409243
2021-01-27,348.5509338378906,-0.02444075,-0.024694584,-0.01151102,0.1624280222539273
2021-01-28,351.548584,0.008600322,-0.017202789,-0.005687486,0.1688792082797682
2021-01-29,344.5106506347656,-0.020019803,-0.033457127,-0.022169079,0.1953331460380734
2021-02-01,350.2452087402344,0.0166455176201454,-0.021228818,0.001410389,0.2138442677647724
2021-02-02,355.19781494140625,0.0141403967208728,-0.005836793,0.007658697,0.2222890738103625
2021-02-03,355.47711181640625,0.000786314,0.019871351,-0.005313948,0.2102696579456256
2021-02-04,359.5174255371094,0.0113658899163944,0.0226678243513804,0.005075086,0.2185555521527233
2021-02-05,360.932373,0.003935685,0.047666806,0.0126148852872343,0.2178189987608629
2021-02-08,363.5390319824219,0.007222015,0.03795576,0.01592118685025,0.219531252809028
2021-02-09,363.2969970703125,-0.000665774,0.0228018917578147,0.016832008593498,0.2192084164226362
2021-02-10,363.1387634277344,-0.000435549,0.0215531502778867,0.041852792,0.16539782713748
2021-02-11,363.72515869140625,0.001614797,0.011703836463589,0.0346369613241634,0.1638540677492499
2021-02-12,365.5219421386719,0.004939948,0.0127158698818097,0.060988801,0.098641522
2021-02-16,365.2053527832031,-0.00086613,0.004583609,0.0427133438792139,0.083511506
2021-02-17,365.2892150878906,0.000229631,0.005483717,0.0284106481571375,0.064108809
2021-02-18,363.7344665527344,-0.004256213,0.001640428,0.0232289350336367,0.07295828
2021-02-19,363.0921936035156,-0.001765774,-0.001740229,0.00994324,0.054843419
2021-02-22,360.2992858886719,-0.007692007,-0.014288215,-0.001754033,0.067084008
2021-02-23,360.73687744140625,0.001214522,-0.012235514,-0.007707988,0.054071729
2021-02-24,364.71197509765625,0.011019382560619,-0.001580227,0.003894824,0.080197836
2021-02-25,355.9239501953125,-0.024095795,-0.021473127,-0.019867924,0.1471266838456491
2021-02-26,354.09002685546875,-0.005152571,-0.024793061,-0.026490144,0.1464357124679314
2021-03-01,362.6732177734375,0.0242401374424257,0.006588778,-0.00779358,0.1975488316697656
2021-03-02,359.8432617,-0.007803047,-0.002477195,-0.0146824,0.200743301
2021-03-03,355.0768127441406,-0.013245903,-0.026418552,-0.027957032,0.2089007287248679
2021-03-04,350.6827392578125,-0.012374994,-0.014725648,-0.03588257,0.2144380344576577
2021-03-05,357.13421630859375,0.018396905,0.008597219,-0.016408993,0.2413721712074088
2021-03-08,355.35614013671875,-0.004978734,-0.020175401,-0.013719555,0.2398180687488985
2021-03-09,360.4297180175781,0.0142774453789018,0.001629755,-0.000851478,0.2522621239748115
2021-03-10,362.6732177734375,0.006224514,0.021393695,-0.005590048,0.2475162563487298
2021-03-11,366.3504028320313,0.010139113886515,0.044677601,0.0292940461887918,0.2132348114799553
2021-03-12,366.8437805175781,0.001346737,0.0271874375671541,0.036018393,0.2087496703939843
2021-03-15,369.0314941,0.005963611,0.038483517,0.0175316953543549,0.1757608458857403
2021-03-16,368.5660400390625,-0.001261286,0.022573949,0.0242404937045344,0.168684095394568
2021-03-17,369.8228759765625,0.00341007,0.0197137749708096,0.04152922,0.1442442665982057
2021-03-18,364.4419860839844,-0.014549911,-0.005209266,0.039235598,0.1514395419492965
2021-03-19,363.7676696777344,-0.001850271,-0.008385343,0.018574119,0.1297068028444066
2021-03-22,366.67242431640625,0.007985192,-0.006392598,0.0318449096597392,0.1268284801077534
2021-03-23,363.7863464355469,-0.007870998,-0.012968351,0.009312851,0.1211151183435541
2021-03-24,361.9370117,-0.005083574,-0.021323354,-0.002029943,0.1206378671753844
2021-03-25,363.9731140136719,0.005625571,-0.001286548,-0.006489112,0.1116214736680982
2021-03-26,369.8385925292969,0.0161151422723071,0.0166890115796733,0.008163726,0.1399613850608156
2021-03-29,369.6517028808594,-0.000505328,0.008125178,0.001680639,0.137079109513149
2021-03-30,368.6710510253906,-0.002652908,0.0134273994549412,0.000284918,0.1376716308721404
2021-03-31,370.16546630859375,0.004053519,0.0227344933605126,0.000926363,0.1381468142194592
2021-04-01,374.1629028320313,0.010799053,0.027995993,0.0266734271001549,0.1201803662162084
2021-04-05,379.5332946777344,0.0143530847260771,0.0262133329086513,0.043339819,0.1302520090029984
2021-04-06,379.3091735839844,-0.000590518,0.0261258655860641,0.03446332,0.1305388240813209
2021-04-07,379.7481384277344,0.001157275,0.030045992,0.043876831,0.1156879998310342
2021-04-08,381.5506591796875,0.004746622,0.0307570368047307,0.0541907758142696,0.1031423783835388
2021-04-09,384.3246765136719,0.007270378,0.0271586883807195,0.055915016,0.1036126394249257
2021-04-12,384.4647521972656,0.000364472,0.0129934780128277,0.039547413,0.0871892
2021-04-13,385.6042175292969,0.002963771,0.0165960761924959,0.043155529,0.083961261
2021-04-14,384.2873229980469,-0.003415146,0.011953145,0.0423582809912046,0.085782499
2021-04-15,388.41546630859375,0.0107423353920208,0.0179918628463784,0.049302276,0.091882354
2021-04-16,389.71380615234375,0.003342657,0.014022336,0.0415618523445484,0.085760242
2021-04-19,387.7990723,-0.00491318,0.008672629,0.021778794,0.075097244
2021-04-20,384.9597778320313,-0.007321561,-0.001671246,0.0148970935626362,0.088434694
2021-04-21,388.6022949,0.009462072,0.011228504469428,0.0233158654333351,0.096965151
2021-04-22,385.0531311035156,-0.009133152,-0.008656543,0.009179572,0.1112390964516856
2021-04-23,389.2280273,0.01084239,-0.001246501,0.012758355447165,0.1181638691377496
2021-04-26,390.0406188964844,0.002087701,0.005780175,0.0145029334089847,0.1181011563929424
2021-04-27,389.95660400390625,-0.0002154,0.0129801253523562,0.011287186,0.118050377874682
2021-04-28,389.8444213867187,-0.00028768,0.003196395,0.0144607902891975,0.115685849932762
2021-04-29,392.3289489746094,0.006373126,0.018895621,0.0100755067845479,0.107672061140093
2021-04-30,389.7511291503906,-0.006570557,0.001343947,9.57702741284372e-05,0.1130591668282129
2021-05-03,390.5916748046875,0.002156621,0.001412817,0.007201158,0.1099269511807431
2021-05-04,388.1819458007813,-0.006169433,-0.004550912,0.008370142,0.1076907673836551
2021-05-05,388.3034362792969,0.000312973,-0.003952821,-0.00076906,0.096419099
2021-05-06,391.4042663574219,0.007985585,-0.002356906,0.0164941789609778,0.089352606
2021-05-07,394.25286865234375,0.007277903,0.0115502923923949,0.0129097622873801,0.080433014
2021-05-10,390.3488464355469,-0.009902331,-0.000621694,0.000790245,0.097775493
2021-05-11,386.8651428222656,-0.008924591,-0.003392231,-0.007927706,0.1078117844999914
2021-05-12,378.6460266113281,-0.02124543,-0.024870781,-0.028725292,0.1487284865231631
2021-05-13,383.1945801,0.0120126797777435,-0.020974953,-0.023282424,0.160751204
2021-05-14,389.0786437988281,0.0153552895228932,-0.013124127,-0.001725422,0.1808873931715246
2021-05-17,388.088623,-0.002544526,-0.005790265,-0.006408359,0.1807744343764365
2021-05-18,384.7449645996094,-0.008615708,-0.005480406,-0.008854047,0.1832902899697034
2021-05-19,383.7363281,-0.002621572,0.0134434304229393,-0.011761699,0.1833704072796666
2021-05-20,387.8644714355469,0.010757759972108,0.0121867364524566,-0.009043833,0.1877026555931621
2021-05-21,387.54693603515625,-0.000818676,-0.003936756,-0.017009217,0.1822120911606408
2021-05-24,391.49761962890625,0.0101940777397646,0.008784067,0.00294294,0.1846531819150806
2021-05-25,390.6290588378906,-0.00221856,0.015293493,0.009729272,0.1781719752765449
2021-05-26,391.4042663574219,0.001984511,0.0199823099102676,0.033694371,0.1279537248444669
2021-05-27,391.6097106933594,0.00052489,0.009656051,0.0219604635679311,0.1188444052798725
2021-05-28,392.3102416992187,0.00178885,0.0122909129737782,0.00830577,0.093634789
2021-06-01,391.9646301269531,-0.000880965,0.001192882,0.009987428,0.09231264
2021-06-02,392.5810241699219,0.001572576,0.004996979,0.0203668931144225,0.07513874
2021-06-03,391.1240234,-0.003711338,-0.000715994,0.019252009,0.077197954
2021-06-04,394.7012634277344,0.00914605,0.007894474,0.0176267549509845,0.072299815
2021-06-07,394.3182373046875,-0.00097042,0.005118387,0.0174722095310722,0.072455092
2021-06-08,394.4023742675781,0.000213373,0.006219296,0.007419597,0.055104762
2021-06-09,393.81390380859375,-0.001492056,0.003140446,0.008153118,0.054122728
2021-06-10,395.6444396972656,0.004648226,0.0115575009175779,0.0108332322979118,0.0572900243006573
2021-06-11,396.2983398,0.001652747,0.004046292,0.0119727091089985,0.057261633
2021-06-14,397.1855773925781,0.002238812,0.00727164,0.0124272455193694,0.057436204
2021-06-15,396.4570313,-0.001834271,0.005209545,0.0114612410859413,0.0586100502397081
2021-06-16,394.2435607910156,-0.005583128,0.001091015,0.004234888,0.067488461
2021-06-17,394.112793,-0.000331693,-0.003871271,0.007641488,0.063707028
2021-06-18,388.7960205078125,-0.013490484,-0.018930989,-0.014961297,0.079699137
2021-06-21,394.3620910644531,0.0143161716248296,-0.007108733,0.000111214,0.1126483782985521
2021-06-22,396.4703674316406,0.005346042,3.363840363368453e-05,0.005243359,0.1157806400431238
2021-06-23,395.9924926757813,-0.001205323,0.004436171,0.005532026,0.1156481154499622
2021-06-24,398.33502197265625,0.00591559,0.01071325,0.006800506,0.1170640826290626
2021-06-25,399.7499694824219,0.003552154,0.028174025,0.008709675,0.1178812757074916
2021-06-28,400.5558776855469,0.002016031,0.015705837,0.008485455,0.117815313933309
2021-06-29,400.77142333984375,0.000538116,0.0108483666410319,0.0108823699664015,0.1168888038422452
2021-06-30,401.1087036132813,0.000841578,0.0129199695250004,0.017413456,0.11088753723246
2021-07-01,403.3294677734375,0.005536564,0.0125383045057085,0.0233858808166582,0.1117130836404109
2021-07-02,406.4123535,0.007643592,0.0166663778407019,0.045309962,0.07073779
2021-07-06,405.6720581054687,-0.001821538,0.0127727009012668,0.028679144,0.05148236
2021-07-07,407.1057739257813,0.003534174,0.0158053948386587,0.0268252241978068,0.049784633
2021-07-08,403.7886657714844,-0.008148025,0.006681386,0.0196876790340725,0.072069927
2021-07-09,408.0989990234375,0.0106747257100883,0.0118253974259059,0.0245119723654414,0.082576205
2021-07-12,409.5607299804687,0.003581805,0.007746754,0.0245422420188035,0.082587553
2021-07-13,408.1646423339844,-0.003408744,0.006144333,0.018995514,0.087698347
2021-07-14,408.7737426757813,0.001492291,0.004097139,0.0199672902555023,0.087414651
2021-07-15,407.3775329589844,-0.003415605,0.008887984,0.0156287542235609,0.091501106
2021-07-16,404.18218994140625,-0.00784369,-0.009597693,0.002114207,0.099547024
2021-07-19,398.2133483886719,-0.014767701,-0.027706225,-0.020174104,0.1151565624726165
2021-07-20,403.9197998046875,0.0143301359412137,-0.010399829,-0.004319396,0.1414482372746841
2021-07-21,407.1901245117187,0.00809647,-0.00387407,0.000207196,0.1467532509955655
2021-07-22,408.0427551269531,0.002093937,0.001632938,0.0105354352810791,0.1395446423875313
2021-07-23,412.24078369140625,0.0102882075755688,0.0199380228781684,0.0101489704161976,0.1388123438333151
2021-07-26,413.2527465820313,0.002454786,0.037767187,0.009014577,0.1383501043137659
2021-07-27,411.3692626953125,-0.004557704,0.0184429257843441,0.007851293,0.1394751230494111
2021-07-28,411.2005615234375,-0.000410097,0.009849053,0.005936827,0.1395441919571094
2021-07-29,412.9060668945313,0.004147624,0.011918633,0.0135710329811034,0.1385710210647231
2021-07-30,410.9007873535156,-0.004856503,-0.003250519,0.016622695,0.1337284498544462
2021-08-02,410.0387268066406,-0.002097977,-0.007777371,0.0296960874511587,0.1012786902545214
2021-08-03,413.3745117,0.008135292,0.004874572,0.0234073989901812,0.085300455
2021-08-04,411.3411560058594,-0.004918919,0.000341912,0.010194332,0.085683499
2021-08-05,413.9461364746094,0.006332895,0.002518901,0.0144675558467384,0.089708087
2021-08-06,414.6302490234375,0.001652661,0.009076307,0.005796286,0.075190088
2021-08-09,414.2928466796875,-0.000813743,0.0103749221596158,0.002516862,0.074706851
2021-08-10,414.8082580566406,0.001244075,0.003468396,0.008359874,0.069739886
2021-08-11,415.8389892578125,0.002484838,0.0109345568423722,0.0112802076854912,0.069799246
2021-08-12,417.0851745605469,0.002996798,0.007583204,0.010121206737035,0.068636004
2021-08-13,417.84429931640625,0.001820071,0.007751606,0.016898269,0.0603207669285109
2021-08-16,418.828125,0.002354527,0.0109470350662823,0.0214355318625893,0.056526813
2021-08-17,416.08258056640625,-0.006555301,0.003072076,0.006551127,0.060765466
2021-08-18,411.5286254882813,-0.010944835,-0.010365463,0.000455752,0.080560774
2021-08-19,412.1658020019531,0.001548316,-0.011794647,-0.004300884,0.073385516
2021-08-20,415.44537353515625,0.007956923,-0.005741195,0.001965907,0.084375054
2021-08-23,419.0998535,0.008796536,0.000648783,0.0116029201915091,0.094318887
2021-08-24,419.7651672363281,0.001587483,0.008850615,0.0119498806578981,0.09434217
2021-08-25,420.6459961,0.002098385,0.0221548879975261,0.0115597790493793,0.094215185
2021-08-26,418.1628723144531,-0.00590312,0.0145501404613659,0.002583879,0.099800001
2021-08-27,421.9017028808594,0.008941087,0.0155407419530615,0.009710324,0.1088746253055162
2021-08-30,423.7570190429687,0.004397508,0.0111123053092885,0.0117682976590187,0.1100690840192636
2021-08-31,423.1291504,-0.001481671,0.008013965,0.0169355078855413,0.10277461463822
2021-09-01,423.3540344238281,0.000531478,0.006437808,0.0287353253288662,0.07586385
2021-09-02,424.6565551757813,0.00307667,0.0155290756096704,0.0303051663023923,0.075518283
2021-09-03,424.5534057617187,-0.000242901,0.00628512,0.0219235375015958,0.071563083
2021-09-07,423.0354004,-0.003575535,-0.001702907,0.009390475,0.066291166
2021-09-08,422.52008056640625,-0.001218148,-0.001439442,0.006562987,0.067019507
2021-09-09,420.7116088867187,-0.004280203,-0.006241645,0.000155981,0.070738725
2021-09-10,417.3944091796875,-0.007884735,-0.017101222,-0.001837712,0.075899375
2021-09-13,418.4626770019531,0.002559373,-0.014346202,-0.008151249,0.0594106974024941
2021-09-14,416.2044372558594,-0.005396514,-0.016147498,-0.017822907,0.0555855546987725
2021-09-15,419.6808471679687,0.00835265,-0.00671976,-0.008149529,0.075481242
2021-09-16,419.0155334472656,-0.001585285,-0.004031444,-0.010247926,0.075176968
2021-09-17,414.9339294433594,-0.009740937,-0.005894856,-0.022895268,0.082774176
2021-09-20,408.0151672363281,-0.016674371,-0.024966408,-0.038954436,0.1084499974293756
2021-09-21,407.6297912597656,-0.000944514,-0.020602005,-0.036416832,0.1094997095723056
2021-09-22,411.6061096191406,0.00975473,-0.019240186,-0.025830656,0.1285998030674146
2021-09-23,416.6071472167969,0.0121500567673393,-0.005747725,-0.009755998,0.1475806596078761
2021-09-24,417.2933349609375,0.001647086,0.00568622,-0.000242155,0.1426995009970313
2021-09-27,416.0995788574219,-0.002860712,0.019813998,-0.005647094,0.142584481620125
2021-09-28,407.7143555,-0.020151963,0.000207453,-0.020398826,0.1727378577665453
2021-09-29,408.4005737304687,0.001683086,-0.007787872,-0.026878218,0.1645924755364384
2021-09-30,403.4089660644531,-0.012222333,-0.03168016,-0.037245797,0.171156318
2021-10-01,408.2032470703125,0.011884418565683,-0.021783449,-0.016221094,0.1838676221744893
2021-10-04,402.9389648,-0.012896228,-0.03162852,-0.01244121,0.1759887056364614
2021-10-05,407.1315612792969,0.0104050409648832,-0.001429418,-0.001222261,0.1854122560247536
2021-10-06,408.82366943359375,0.00415617,0.001035982,-0.006759958,0.1791375143760299
2021-10-07,412.3580932617187,0.00864535,0.022183759,-0.010199186,0.1728970140114794
2021-10-08,411.6061096191406,-0.001823618,0.008336197,-0.013628843,0.1723022924012512
2021-10-11,408.6262512207031,-0.007239587,0.014114511,-0.017960431,0.174784320025436
2021-10-12,407.6203918457031,-0.002461563,0.00120067,-0.000230464,0.1421677970453235
2021-10-13,409.0867919921875,0.003597465,0.000643609,0.001680258,0.1431190788986379
2021-10-14,415.9679565429687,0.0168207937422546,0.008754195,0.031132155,0.1467247229107203
2021-10-15,419.1358337402344,0.007615676,0.0182935188402839,0.026782214,0.1410302827717344
2021-10-18,420.3767395019531,0.002960629,0.028756078,0.043276467,0.1113222961623976
2021-10-19,423.619873,0.007714826,0.0392509342546045,0.0404987314561617,0.1079371110853132
2021-10-20,425.28375244140625,0.003927765,0.039592968,0.0402620597545566,0.107933865650309
2021-10-21,426.39300537109375,0.002608265,0.02506214400447,0.034035738205985,0.1048307836053387
2021-10-22,425.95111083984375,-0.001036355,0.0162603064471773,0.034851284,0.1038077600848669
2021-10-25,428.2354431152344,0.005362898,0.01869443,0.047988087,0.085051527
2021-10-26,428.6207885742187,0.000899845,0.0118051957557485,0.051519495,0.078538755
2021-10-27,426.7219238,-0.004430174,0.003381675,0.043108534,0.091891327
2021-10-28,430.8393555,0.009648981,0.0104278213799182,0.035751309,0.068477966
2021-10-29,431.713623,0.002029219,0.0135285765440764,0.0300088617916545,0.06478157
2021-11-01,432.4563293457031,0.001720368,0.009856462,0.0287351528014168,0.065084319
2021-11-02,434.2047424316406,0.004042982,0.0130277252206933,0.0249867158229244,0.0597853390322259
2021-11-03,436.8556518554687,0.006105206,0.02374785,0.0272098319007774,0.062214319
2021-11-04,438.9143981933594,0.004712647,0.0187425838009245,0.0293658494969168,0.063023661
2021-11-05,440.4371948242187,0.003469462,0.020206849,0.034008795,0.059067376
2021-11-08,440.8132019042969,0.000853713,0.0193241999053117,0.0293711298101917,0.059115191
2021-11-09,439.3561706542969,-0.003305326,0.011864053,0.02504634,0.066426463
2021-11-10,435.8215942382813,-0.0080449,-0.002367046,0.0213245907979675,0.078367639
2021-11-11,435.9625549316406,0.000323437,-0.006725328,0.0118912058470532,0.06635398
2021-11-12,439.2527465820313,0.007546959,-0.002689256,0.0174632514071433,0.073682963
2021-11-15,439.4031372070313,0.000342378,-0.003198781,0.0160636054785889,0.074018474
2021-11-16,441.1421813964844,0.003957742,0.004065064,0.0159773449870506,0.073941047
2021-11-17,440.0705871582031,-0.002429136,0.009749386,0.007359262,0.071747678
2021-11-18,441.5651855,0.00339627,0.0128511739181655,0.006039418,0.069991027
2021-11-19,440.7756348,-0.001788073,0.003466998,0.000768418,0.068947355
2021-11-22,439.5347900390625,-0.002815139,0.000299617,-0.002900122,0.070250041
2021-11-23,440.1175842285156,0.001325934,-0.002322601,0.001733021,0.068493516
2021-11-24,441.2926025390625,0.002669783,0.002776862,0.0125533208384116,0.0514624334684612
2021-11-26,431.4503784179687,-0.02230317,-0.022906713,-0.010349918,0.1293356813092329
2021-11-29,436.7427978515625,0.0122665773361929,-0.00914941,-0.005714133,0.1398232526077565
2021-11-30,428.2448425292969,-0.019457574,-0.025686129,-0.025394208,0.1686834085175423
2021-12-01,423.4881896972656,-0.011107321,-0.037783981,-0.040018825,0.1694415529159109
2021-12-02,429.9745788574219,0.015316576277589,-0.025647436,-0.022941793,0.195528195304787
2021-12-03,426.2331543,-0.008701502,-0.012092292,-0.034722011,0.1951781295083354
2021-12-06,431.28118896484375,0.0118433646399378,-0.012505321,-0.021540315,0.2098877933858695
2021-12-07,440.20220947265625,0.020684928,0.0279218,0.001518468,0.238796149785536
2021-12-08,441.3678588867187,0.002647986,0.0422199948533028,0.002840774,0.2390544386032974
2021-12-09,438.3879699707031,-0.006751486,0.0195671826358625,-0.006582101,0.2412029486299579
2021-12-10,442.5146484,0.009413302,0.038198563,0.025644362765659,0.2119034332649477
2021-12-13,438.5946960449219,-0.008858356,0.016957630583499,0.004240249,0.2114986572731603
2021-12-14,435.5771789550781,-0.006879967,-0.010506605,0.0171218324136142,0.1861694970785035
2021-12-15,442.3830261230469,0.0156248938116902,0.002300048,0.044617151,0.1827668700889025
2021-12-16,438.4819641113281,-0.00881829,0.000214409,0.0197857865842048,0.1826858322745923
2021-12-17,433.8151550292969,-0.010643104,-0.019659221,0.0177883880124936,0.1861045716379983
2021-12-20,429.20220947265625,-0.010633436,-0.021414957,-0.004820473,0.1864340727181695
2021-12-21,436.8244323730469,0.017759048607312,0.00286345,-0.00767324,0.1775250579864883
2021-12-22,441.1921081542969,0.009998698,-0.002692052,-0.000398196,0.1850964082034836
2021-12-23,443.9372253417969,0.006222045,0.0124412442858965,0.0126583203719403,0.1832531844321231
2021-12-27,450.2199401855469,0.0141522595653311,0.03781515,0.0174125122755912,0.190514776564058
2021-12-28,449.85198974609375,-0.000817268,0.0481120083207611,0.0256667346930681,0.182014431439655
2021-12-29,450.4274902,0.001279311,0.0311407898762199,0.03409341,0.1745764465094709
2021-12-30,449.1822509765625,-0.002764572,0.0181103484731219,0.0153695427989237,0.1625495262628807
2021-12-31,448.0502624511719,-0.00252011,0.009264907,0.0218214182634304,0.1541324261595805
2022-01-03,450.64447021484375,0.005789993,0.000942939,0.038793747,0.1368942857135096
2022-01-04,450.4934997558594,-0.00033501,0.001426047,0.049606665,0.1142886260394939
2022-01-05,441.8430786132813,-0.0192021,-0.019058365,0.011488932,0.1443036387303546
2022-01-06,441.4279785,-0.000939474,-0.017263087,0.000534621,0.1357828165476532
2022-01-07,439.6828002929687,-0.003953483,-0.018675276,-0.009583393,0.1324764323160629
2022-01-10,439.13568115234375,-0.00124435,-0.025538512,-0.024619654,0.1025613351436302
2022-01-11,443.1354064941406,0.009108177,-0.016333406,-0.014930651,0.1179848034204022
2022-01-12,444.3334655761719,0.002703596,0.005636361,-0.013529424,0.1191279572395955
2022-01-13,438.2112426757813,-0.013778442,-0.007287114,-0.024424403,0.1346463479194623
2022-01-14,438.3903809,0.000408794,-0.002939436,-0.021559817,0.1353964728031498
2022-01-18,430.6266784667969,-0.017709564,-0.019376705,-0.044420365,0.1476724061057538
2022-01-19,426.1552429199219,-0.010383554,-0.038318228,-0.054025767,0.1483617886020136
2022-01-20,421.4385070800781,-0.011068116,-0.051526523,-0.046180584,0.1320481314377434
2022-01-21,413.1654052734375,-0.019630626,-0.057154712,-0.064025333,0.1493968856808508
2022-01-24,414.9200439453125,0.004246819,-0.053537527,-0.056319593,0.1587720103296249
2022-01-25,409.8542785644531,-0.012209016,-0.048237606,-0.066679625,0.1596277121386141
2022-01-26,408.8260192871094,-0.002508841,-0.04066411,-0.077424161,0.1360605387808979
2022-01-27,406.8072509765625,-0.004937964,-0.034717416,-0.084455071,0.1241235822156226
2022-01-28,416.9105529785156,0.024835599605709,0.009064524,-0.048608268,0.2052383752818252
2022-01-31,424.4195251464844,0.018010990881192,0.0228947271644075,-0.031868527,0.2348603863553323
2022-02-01,427.2872619628906,0.006756845,0.042534589,-0.007754783,0.2242229944052962
2022-02-02,431.43792724609375,0.009713993,0.055309366,0.0123961500273377,0.2225835107876019
2022-02-03,421.2970275878906,-0.023504887,0.0356182850146959,-0.000335706,0.249137866862378
2022-02-04,423.2780456542969,0.004702189,0.015273043,0.0244760094910818,0.2239095595956977
2022-02-07,421.9196472167969,-0.003209234,-0.005890111,0.0168697641235353,0.2254140128704262
2022-02-08,425.3910827636719,0.008227717,-0.004437715,0.037908118,0.2129410412494485
2022-02-09,431.6172180175781,0.0146362617980997,0.000415566,0.055747916,0.2160693517342784
2022-02-10,423.8629760742187,-0.017965553,0.006090592,0.041925814,0.2420634500513713
2022-02-11,415.5048828,-0.019718857,-0.0183642,-0.003371635,0.2391302133168036
2022-02-14,414.1464844,-0.003269272,-0.018423325,-0.02420492,0.2164517354324621
2022-02-15,420.8253479003906,0.0161268144904571,-0.010733029,-0.015123114,0.2320543314171738
2022-02-16,421.2970275878906,0.001120844,-0.023910516,-0.023504887,0.224386385997062
2022-02-17,412.2976074,-0.021361224,-0.027285631,-0.021361224,0.2189012457747072
2022-02-18,409.6279602050781,-0.006475049,-0.014144052,-0.032248508,0.2163942647091059
2022-02-22,405.2319030761719,-0.010731829,-0.021525189,-0.039551948,0.2196842246379001
2022-02-23,398.0436706542969,-0.017738565,-0.054135706,-0.064287695,0.2180768371177527
2022-02-24,404.0338745117187,0.01504911219308,-0.040976204,-0.063906958,0.2192061467763509
2022-02-25,412.9484558105469,0.0220639452808295,0.001578589,-0.025750115,0.2504413742146826
2022-02-28,411.8918762207031,-0.002558623,0.005526761,-0.008695461,0.2314917375332034
2022-03-01,405.6186828613281,-0.015230194,0.000954465,-0.020591269,0.2426164136337759
2022-03-02,413.0805358886719,0.0183962261666699,0.037776923,-0.018403863,0.2475738731007895
2022-03-03,411.0240173339844,-0.004978493,0.017300883077473,-0.024384246,0.247489232759339
2022-03-04,407.68463134765625,-0.008124552,-0.012746929,-0.011188462,0.2271097884353527
2022-03-07,395.6664123535156,-0.029479205,-0.039392532,-0.034083484,0.2681890288344649
2022-03-08,392.6665954589844,-0.007581682,-0.031931683,-0.031007696,0.2662146684423863
2022-03-09,403.1943054199219,0.0268108112141083,-0.023932937,0.012939873549951,0.2901025812431557
2022-03-10,401.3736572265625,-0.00451556,-0.023478823,-0.006584144,0.2808762312706623
2022-03-11,396.2701416015625,-0.012715124,-0.027998332,-0.040388368,0.2557114863841633
2022-03-14,393.37408447265625,-0.00730829,-0.005793587,-0.044957895,0.2560744188828029
2022-03-15,402.0245666503906,0.021990473,0.023831849,-0.008860825,0.2793975260764531
2022-03-16,410.9391174316406,0.022174144,0.0192086344167301,-0.005184022,0.287181831
2022-03-17,416.0803833007813,0.0125110159900898,0.036640984801644,0.0123018747166987,0.2926956255541218
2022-03-18,420.6375427246094,0.010952594,0.0614918929409209,0.03177189,0.2910190813999656
2022-03-21,420.5146179199219,-0.000292235,0.068994208,0.062800897,0.2293667572669749
2022-03-22,425.4351501464844,0.0117012156459672,0.058231724,0.083451343,0.2170123559342634
2022-03-23,419.9562683105469,-0.012878301,0.02194279,0.0415729157512967,0.2127728113559222
2022-03-24,426.2868347167969,0.015074347,0.0245299990714473,0.062069787,0.21312802561361
2022-03-25,428.3686523,0.004883608,0.018379505,0.081001588,0.1861849956678276
2022-03-28,431.4157104492187,0.007113168,0.025923219,0.096705979,0.1662502008048157
2022-03-29,436.7526550292969,0.0123707701198942,0.026602186,0.086383001,0.1521416951887386
2022-03-30,434.05572509765625,-0.006174959,0.033573631,0.05625312,0.1465285604702129
2022-03-31,427.3751220703125,-0.015391118,0.002552946,0.0271455690362754,0.1737110232178952
2022-04-01,428.5863342285156,0.002834073,0.000508165,0.0188970091742626,0.1676330838641878
2022-04-04,432.25775146484375,0.008566342,0.001951809,0.0279256250424999,0.1702320381651748
2022-04-05,426.7978516,-0.012631121,-0.022792771,0.003203077,0.1782793899429484
2022-04-06,422.5301208496094,-0.009999419,-0.026553282,0.006128858,0.1727873383642974
2022-04-07,424.65924072265625,0.005038978,-0.006354795,-0.003818072,0.155869514
2022-04-08,423.5237426757813,-0.002673904,-0.011812303,-0.011310141,0.153376419941593
2022-04-11,416.2847595214844,-0.017092272,-0.036952471,-0.035072786,0.1648128067658667
2022-04-12,414.7422790527344,-0.003705349,-0.028246563,-0.050395517,0.1391919069889608
2022-04-13,419.4926452636719,0.0114537785291319,-0.007188779,-0.033551176,0.1617628636079687
2022-04-14,414.2692565917969,-0.012451681,-0.024466639,-0.030665953,0.1562195105384045
2022-04-18,414.43951416015625,0.000410983,-0.02144916,-0.033008099,0.154116473
2022-04-19,421.1296691894531,0.016142657,0.0116384507411175,-0.02574409,0.1738864774923462
2022-04-20,420.8174133300781,-0.000741472,0.0146479743787377,-0.014012344,0.1645817356256931
2022-04-21,414.5246887207031,-0.014953575,-0.011842774,-0.018946418,0.1734993201484263
2022-04-22,403.1505126953125,-0.02743908,-0.026839414,-0.050649382,0.2100976936473251
2022-04-25,405.4877624511719,0.005797462,-0.021599658,-0.042585523,0.2170317812698875
2022-04-26,393.7444458007813,-0.028960964,-0.065028008,-0.054146382,0.2432754970063524
2022-04-27,394.8515930175781,0.002811842,-0.061703293,-0.047959147,0.2467551696618433
2022-04-28,404.8253784179687,0.02525958,-0.023398631,-0.0349643,0.2797356434019708
2022-04-29,389.86480712890625,-0.036955616,-0.032954703,-0.058909632,0.3252491984852515
2022-05-02,392.21148681640625,0.006019214,-0.032741495,-0.053633948,0.3294692608670906
2022-05-03,394.0094604492187,0.004584194,0.000673063,-0.064398713,0.3131071712890765
2022-05-04,406.0081787109375,0.0304528684363027,0.0282551365896672,-0.035191592,0.3640655421794506
2022-05-05,391.5775146484375,-0.035542792,-0.032724885,-0.055357798,0.3957507315403237
2022-05-06,389.2402648925781,-0.005968805,-0.001601946,-0.034503857,0.3764752005329675
2022-05-09,376.7778015136719,-0.032017405,-0.039350416,-0.07080352,0.3982572479009899
2022-05-10,377.64837646484375,0.002310579,-0.041524597,-0.040879483,0.3805911704754658
2022-05-11,371.64898681640625,-0.015886179,-0.084626847,-0.058762853,0.3829193289787816
2022-05-12,371.2609863,-0.001043997,-0.051883797,-0.08291079,0.3440195150810388
2022-05-13,380.1370544433594,0.023907893,-0.023387124,-0.024951605,0.3382130811219477
2022-05-16,378.5947570800781,-0.004057214,0.004822353,-0.034717825,0.3350253459565328
2022-05-17,386.3825378417969,0.020570229,0.0231277609577282,-0.019357207,0.3546312873993555
2022-05-18,370.8068848,-0.040311483,-0.002265853,-0.086700948,0.352746782423365
2022-05-19,368.5357360839844,-0.006124883,-0.007340524,-0.058843467,0.3196701587459628
2022-05-20,368.6966857910156,0.000436728,-0.030095379,-0.052778659,0.3212237866395721
2022-05-23,375.5949401855469,0.0187098356464243,-0.007923556,-0.003139414,0.3031684225760738
2022-05-24,372.7277526855469,-0.007633722,-0.035340068,-0.013029644,0.3050139177247033
2022-05-25,376.0208129882813,0.008835028,0.0140610340230111,0.0117633205711782,0.2966888645987005
2022-05-26,383.5341797,0.019981252,0.0406973927763079,0.033058128,0.3104358372138615
2022-05-27,392.94964599609375,0.024549224,0.06578025,0.03370519,0.3116346864040509
2022-05-31,390.7447814941406,-0.005611061,0.040335584,0.0320924264978466,0.3127846294113765
2022-06-01,387.5842590332031,-0.008088457,0.0398588681433389,0.003110185,0.3014616385654519
2022-06-02,394.9652099609375,0.0190434744335219,0.050381246,0.065150692,0.2099814854229649
2022-06-03,388.4832458496094,-0.016411481,0.0129038464476407,0.0541263921311534,0.2323344660586543
2022-06-06,389.6659851074219,0.003044505,-0.008356442,0.056874119,0.2311463287945402
2022-06-07,393.4038086,0.009592378,0.006805023,0.047415091,0.221023156
2022-06-08,389.126709,-0.010872034,0.003979651,0.043997143,0.2266222078730013
2022-06-09,379.87213134765625,-0.023782941,-0.038213691,0.0102423010278822,0.2647246407651252
2022-06-10,368.85748291015625,-0.028995674,-0.050518943,-0.038266985,0.2808266696634054
2022-06-13,354.85260009765625,-0.037968276,-0.089341606,-0.09695147,0.2797677759263849
2022-06-14,353.7834167480469,-0.003013035,-0.100711765,-0.094592088,0.281210539208979
2022-06-15,358.8270568847656,0.0142562932516157,-0.077865773,-0.074196001,0.3061608345129979
2022-06-16,346.9512634277344,-0.033096148,-0.086663025,-0.121565002,0.2910469935559744
2022-06-17,347.6992188,0.002155794,-0.057361624,-0.104982718,0.2992698409404701
2022-06-21,356.4520263671875,0.025173504,0.004507298,-0.085236998,0.3451713969335472
2022-06-22,355.8058166503906,-0.001812894,0.005716492,-0.095570991,0.3328164548749305
2022-06-23,359.29364013671875,0.009802604,0.001300301,-0.076666721,0.3468313070119094
2022-06-24,370.7169799804687,0.0317938826843779,0.068498717,-0.024100613,0.384917795
2022-06-27,369.3009033203125,-0.003819832,0.0621275039040118,0.001202146,0.3554075214162262
2022-06-28,361.7550659179687,-0.020432762,0.0148772882702552,0.0194516422266961,0.310544688532151
2022-06-29,361.4604797363281,-0.000814325,0.0158925538069369,0.021699895,0.3097259769590476
2022-06-30,358.5238342285156,-0.008124389,-0.002142554,-0.000845038,0.3059305903245787
2022-07-01,362.3157348632813,0.0105764255336753,-0.022662154,0.044284235,0.2459946977646237
2022-07-05,363.00006103515625,0.001888756,-0.01706154,0.044005973,0.2460680659609018
2022-07-06,364.2259521484375,0.00337711,0.006830274,0.0218091782517795,0.2172410483534438
2022-07-07,369.68109130859375,0.0149773488901006,0.0227427672819509,0.038996762,0.2246861426674876
2022-07-08,369.3769226074219,-0.000822787,0.0302715951988528,0.028064183008823,0.2232265988941713
2022-07-11,365.1573486328125,-0.011423491,0.007842921,-0.01499697,0.1639269950641972
2022-07-12,361.9260864257813,-0.008848958,-0.002958607,-0.019969669,0.1678496874798916
2022-07-13,360.0254211425781,-0.005251529,-0.011532761,-0.004781259,0.1352063545376602
2022-07-14,359.15106201171875,-0.002428604,-0.02848409,-0.006389129,0.1355716436264502
2022-07-15,366.0126647949219,0.0191050605412916,-0.009107926,0.020887957372544,0.1600084077523289
2022-07-18,362.9905090332031,-0.00825697,-0.005933989,0.001862393,0.160053011407248
2022-07-19,372.7982482910156,0.0270192718920796,0.03003973,0.0269922468550505,0.2094373058922646
2022-07-20,375.1740723,0.006372948,0.04207661524281,0.030058594,0.2102290726425062
2022-07-21,378.99456787109375,0.010183261285614,0.055251141,0.0251932727463344,0.2038915640821295
2022-07-22,375.4782715,-0.00927796,0.0258614184696497,0.0165179482082526,0.2120785555145206
2022-07-25,375.9344482421875,0.001214922,0.035659167,0.0295135772283525,0.1992502682670458
2022-07-26,371.48675537109375,-0.011831033,-0.00351797,0.0264160813599521,0.2046965634259633
2022-07-27,381.13287353515625,0.0259662505448587,0.0158827640554872,0.058627672,0.2293138506953493
2022-07-28,385.9132080078125,0.0125424354722194,0.018255249,0.074515013,0.2265582869685898
2022-07-29,391.5394592285156,0.0145790584617389,0.042775279,0.069742927,0.2210289002974124
2022-08-01,390.3799133300781,-0.002961505,0.038425489,0.075454877,0.2123208840105357
2022-08-02,387.8045043945313,-0.006597186,0.04392552,0.0402530220362016,0.1912796720908418
2022-08-03,393.8772888183594,0.0156593963066762,0.0334382473099046,0.049852103,0.1999629998682789
2022-08-04,393.6111755371094,-0.000675625,0.019947406,0.0385667999098793,0.1994316328073035
2022-08-05,392.9458923339844,-0.001690204,0.00359206,0.04652099,0.188787016726485
2022-08-08,392.4897155761719,-0.001160915,0.005404485,0.044037644,0.1903573040056542
2022-08-09,390.9311218261719,-0.003971044,0.008062355,0.0523420180502918,0.1750884236137865
2022-08-10,399.1422119140625,0.0210039304354532,0.0133669120946222,0.047252126,0.1596783283006226
2022-08-11,399.1422119140625,0.0,0.0140520308383156,0.0342797386348647,0.1547062577790814
2022-08-12,405.8993835449219,0.0169292333137498,0.032965076,0.036675548,0.1598187746844828
2022-08-15,407.5719299316406,0.004120594,0.0384270307142395,0.044039194,0.1555070341036111
2022-08-16,408.3703308105469,0.00195892,0.044609416,0.053031427,0.1441399816056081
2022-08-17,405.47161865234375,-0.007098244,0.015857523,0.0294364010394394,0.1432485132271458
2022-08-18,406.6500854492187,0.00290641,0.0188100213684558,0.033126371,0.1418374798369467
2022-08-19,401.18560791015625,-0.013437788,-0.011613163,0.0209690843877521,0.1639463545695902
2022-08-22,392.8319091796875,-0.020822528,-0.036165446,0.000871854,0.2005948099575377
2022-08-23,391.8815307617187,-0.0024193,-0.040377076,0.002431142,0.1998501203095443
2022-08-24,393.1359863,0.003201109,-0.030422924,-0.015047834,0.1652274210521506
2022-08-25,398.68609619140625,0.0141175319896789,-0.019584379,-0.00114274,0.1829800488592497
2022-08-26,385.1909484863281,-0.033849055,-0.039868478,-0.051018641,0.223972859
2022-08-29,382.6440124511719,-0.006612139,-0.025934494,-0.061162008,0.2179573652816002
2022-08-30,378.44342041015625,-0.010977807,-0.034291257,-0.073283753,0.2140282282143888
2022-08-31,375.5637817382813,-0.007609166,-0.044697522,-0.073760617,0.214016797
2022-09-01,376.7423095703125,0.003138023,-0.055040261,-0.07354671,0.2143365758106047
2022-09-02,372.7697754,-0.010544433,-0.032246794,-0.070829641,0.2125874771554022
2022-09-06,371.3631591796875,-0.003773418,-0.029481327,-0.054651238,0.1988676182041885
2022-09-07,378.0346984863281,0.0179650004092424,-0.001080008,-0.03533423,0.2314597716120988
2022-09-08,380.5057067871094,0.006536459,0.0131586837952122,-0.032126999,0.2347435958548031
2022-09-09,386.4169616699219,0.0155352594648989,0.0256797600212295,-0.030773921,0.2377540507064213
2022-09-12,390.5700378417969,0.0107476549526377,0.047751357,0.0139647345728313,0.1721954656416821
2022-09-13,373.5870056152344,-0.043482681,0.005988333,-0.023669538,0.2837884168392816
2022-09-14,375.0125427246094,0.00381581,-0.007994387,-0.009065761,0.2807446102443152
2022-09-15,370.7549743652344,-0.011353136,-0.025625719,-0.012804236,0.2839107001183513
2022-09-16,367.9265137,-0.007628922,-0.047851026,-0.023400069,0.2845106096648243
2022-09-19,370.77972412109375,0.007754838,-0.050670333,-0.005338553,0.2843457407470889
2022-09-20,366.5237426757813,-0.011478463,-0.018906608,-0.013031493,0.2894981526215234
2022-09-21,360.1301574707031,-0.01744385,-0.039685033,-0.047362163,0.2783596040384466
2022-09-22,357.1051330566406,-0.008399809,-0.03681634,-0.061498614,0.2714916495435872
2022-09-23,351.1219177246094,-0.016754773,-0.045673784,-0.091339272,0.2463571717587545
2022-09-26,347.64837646484375,-0.009892693,-0.062385687,-0.109894916,0.2193490097717055
2022-09-27,346.7609558105469,-0.002552639,-0.053919527,-0.071806699,0.1303555374846567
2022-09-28,353.5839538574219,0.019676373,-0.018177327,-0.057140992,0.1824491917336412
2022-09-29,346.1978759765625,-0.020889177,-0.030543546,-0.066235385,0.196318289945703
2022-09-30,340.8444824,-0.015463392,-0.029270276,-0.073607175,0.2011676973289582
2022-10-03,349.8431396484375,0.0264010646809431,0.00631317,-0.056466368,0.255353228
2022-10-04,360.6836242675781,0.0309867005825363,0.0401506231417758,-0.015933807,0.3112210202360662
2022-10-05,359.8439025878906,-0.002328139,0.0177042783253478,-0.000794865,0.2984353575858044
2022-10-06,356.1318359,-0.010315769,0.028694456697389,-0.00272552,0.3001096856607598
2022-10-07,346.1978759765625,-0.027894052,0.0157062643838294,-0.014023738,0.3218286938576264
2022-10-10,343.5545959472656,-0.007635171,-0.017975324,-0.011775635,0.3203226997312201
2022-10-11,341.3788757324219,-0.006332968,-0.053522664,-0.015521009,0.3213956329999263
2022-10-12,340.2528381347656,-0.003298498,-0.05444323,-0.03770283,0.2991764781941529
2022-10-13,349.2324523925781,0.026391005,-0.019373116,0.008765439,0.3166486494261349
2022-10-14,341.2738952636719,-0.02278871,-0.014223024,0.00125985,0.329231129
2022-10-17,350.0435791015625,0.02569690784909,0.018887778626291,0.000572941,0.3276844896955908
2022-10-18,354.1564941,0.0117497228477061,0.037429435,-0.018096552,0.2891174629117738
2022-10-19,351.6467590332031,-0.007086514,0.03348663,-0.022779721,0.2904020994545817
2022-10-20,348.6981201171875,-0.00838523,-0.001530019,-0.020873494,0.2890409109934871
2022-10-21,357.1719665527344,0.0243013826191522,0.046584493,0.031698896,0.276387399880396
2022-10-24,361.5424805,0.0122364416171791,0.0328499137070334,0.052358154,0.2724250536401323
2022-10-25,367.31585693359375,0.0159687361146563,0.0371569151227919,0.075977112,0.2688590212383195
2022-10-26,364.5484313964844,-0.007534185,0.0366892969488823,0.071404528,0.2743967575632218
2022-10-27,362.6017150878906,-0.005340076,0.03987287,0.038281845,0.2575023899446393
2022-10-28,371.2282715,0.0237907214376893,0.0393544461714223,0.087772246,0.2267459552448012
2022-10-31,368.5467529296875,-0.007223368,0.019373304,0.052859629,0.2170122989137229
2022-11-01,366.93402099609375,-0.004375922,-0.00103953,0.036078759,0.2185766487737324
2022-11-02,357.7254333496094,-0.025096031,-0.018716301,0.0172863083769592,0.2583841869789148
2022-11-03,354.0419616699219,-0.010296924,-0.023606489,0.015325123,0.260669385
2022-11-04,359.1376953,0.0143930217156829,-0.032569115,0.005503592,0.2405206447856987
2022-11-07,362.5730590820313,0.00956559,-0.016208782,0.002850505,0.237270565
2022-11-08,364.5293273925781,0.005395515,-0.006553477,-0.007586195,0.2233550115164266
2022-11-09,357.01922607421875,-0.020602187,-0.00197416,-0.020653512,0.2433364209355733
2022-11-10,376.638916,0.0549541551505341,0.063825639,0.03871245,0.3734646441659394
2022-11-11,380.2842712402344,0.009678647,0.0588815270681455,0.024394693,0.3590183508417945
2022-11-14,377.0493164,-0.008506675,0.039926456,0.0230705152303556,0.3600617397785894
2022-11-15,380.2651367,0.008528912,0.043167471,0.0363310975811592,0.35897662
2022-11-16,377.36419677734375,-0.00762873,0.056985645,0.0548989856377954,0.329068884
2022-11-17,376.20953369140625,-0.003059811,-0.001140037,0.062612838,0.3212235082332446
2022-11-18,377.9176635742187,0.004540368,-0.006223259,0.052291833,0.3180408435479458
2022-11-21,376.543457,-0.003636259,-0.001341627,0.0385312631462173,0.3199665109225465
2022-11-22,381.6106567382813,0.0134571444873379,0.003538373,0.0468585873951026,0.3235142833210419
2022-11-23,384.0155029296875,0.006301832,0.017625695,0.075615751,0.2909840002250952
2022-11-25,383.9295654296875,-0.000223787,0.0205205637999961,0.019357133,0.121035604019777
2022-11-28,377.8031311035156,-0.015957183,-0.000303062,-0.006524435,0.1418051934869355
2022-11-29,377.15423583984375,-0.001717549,0.001622067,0.000278264,0.1351709750463071
2022-11-30,389.0348510742187,0.0315006809029185,0.019454893,0.0230621045913945,0.2060660615151662
2022-12-01,388.74859619140625,-0.000735808,0.0123252661041275,0.0301682022600031,0.199513775705771
2022-12-02,388.3001098632813,-0.001153667,0.0113837141682544,0.032137878,0.198104634210994
2022-12-05,381.3148193359375,-0.017989412,0.009295022,0.008989143,0.2244839631535483
2022-12-06,375.8182678222656,-0.014414734,-0.003542233,-0.001925911,0.2368750676406536
2022-12-07,375.1789855957031,-0.001701041,-0.035616001,-0.016854013,0.2244942139444786
2022-12-08,378.1180725097656,0.007833826,-0.027345497,-0.015357272,0.2261315676465033
2022-12-09,375.293457,-0.007470194,-0.033496392,-0.022493992,0.2279446681197512
2022-12-12,380.70416259765625,0.0144172659156052,-0.00160145,0.007678686,0.2275407057342617
2022-12-13,383.5860900878906,0.007569992,0.020669092,0.0170536444691506,0.2293675847636042
2022-12-14,381.1335144042969,-0.006393808,0.015871168,-0.0203101,0.1604324489016445
2022-12-15,371.8103637695313,-0.02446164,-0.016681849,-0.043571173,0.1955489029360902
2022-12-16,367.4207763671875,-0.011805985,-0.020977399,-0.053771124,0.1979304004888831
2022-12-19,364.30511474609375,-0.008479819,-0.043075567,-0.044608034,0.1864755958506141
2022-12-20,364.8036193847656,0.001368371,-0.048965464,-0.029308443,0.1796640119197725
2022-12-21,370.2583008,0.0149523774070103,-0.028533869,-0.013115566,0.2009916557251232
2022-12-22,364.9761657714844,-0.014266081,-0.01838087,-0.034756093,0.2036348183418632
2022-12-23,367.0755920410156,0.005752228,-0.00093948,-0.021897171,0.2071262639688531
2022-12-27,365.6280517578125,-0.003943439,0.003631398,-0.039600594,0.185412693273008
2022-12-28,361.0840759277344,-0.012427864,-0.010196016,-0.058662227,0.1775709059637649
2022-12-29,367.5837097167969,0.0180003335022818,-0.007223582,-0.035551334,0.2143574486116522
2022-12-30,366.6155090332031,-0.00263396,0.004491645,-0.013971786,0.1799200162216772
2023-01-03,365.0720520019531,-0.004210016,-0.005458113,-0.006392465,0.1713966930751349
2023-01-04,367.8905029296875,0.007720259,0.006187849,0.009841718,0.1697987027898999
2023-01-05,363.6916198730469,-0.011413404,0.007221432,-0.003048214,0.1808515791010853
2023-01-06,372.0317687988281,0.0229319249332511,0.012100806,0.004789813,0.2027406003057764
2023-01-09,371.8209228515625,-0.000566742,0.014198564,0.018753984,0.1856501216587655
2023-01-10,374.4284057617187,0.007012739,0.025628787,0.0200307889713395,0.186484459
2023-01-11,379.16412353515625,0.0126478592450895,0.030643957,0.0370214257693495,0.1901249841512862
2023-01-12,380.5446166992187,0.003640886,0.0463387,0.053894763,0.1677382163506731
2023-01-13,382.0209045410156,0.003879408,0.026850222,0.039275938,0.1520796085280885
2023-01-17,381.3210754394531,-0.001831913,0.025550344,0.040111687,0.151165166239396
2023-01-18,375.3008117675781,-0.015787912,0.002329967,0.0280184684352946,0.1775942542333664
2023-01-19,372.5686645507813,-0.007279886,-0.017394734,0.0127161793627161,0.1819240285699924
2023-01-20,379.5092773,0.0186290835847326,-0.002720678,0.043491949,0.1855065453209877
2023-01-23,384.0628662109375,0.0119986233249917,0.005345157,0.032338898,0.1613511822836064
2023-01-24,383.6506042480469,-0.001073423,0.006109101,0.0318155344937567,0.1617050476729145
2023-01-25,383.7944030761719,0.000374817,0.0226314226942141,0.025014121,0.1607342022045133
2023-01-26,388.0125122070313,0.0109905436271362,0.041452353,0.023336566,0.1580022605581574
2023-01-27,388.9040527,0.002297711,0.024755061,0.0219670326903178,0.1578397388183232
2023-01-30,384.0245056152344,-0.012546918,-9.99e-05,0.005244742,0.1737418615776496
2023-01-31,389.6709289550781,0.014703289,0.015692207,0.0218971728903318,0.1866697302091287
2023-02-01,393.8122863769531,0.0106278326509505,0.026102213,0.049324366,0.1605474723687779
2023-02-02,399.5450134277344,0.0145570040577502,0.029721983,0.072406382,0.1514324070090001
2023-02-03,395.2982177734375,-0.010629079,0.0164414975727438,0.0416035690621241,0.1598178580974764
2023-02-06,392.8823547363281,-0.006111495,0.0230658434333581,0.0229636585603845,0.1607068700808412
2023-02-07,398.020752,0.0130787172161126,0.0214278828046972,0.0374563406025216,0.1678846226891129
2023-02-08,393.6684265136719,-0.010934921,-0.000365301,0.0257273773623538,0.1831290778550311
2023-02-09,390.2556762695313,-0.008669098,-0.023249789,0.005781164,0.1845053146732576
2023-02-10,391.1665039,0.002333925,-0.010452144,0.005817505,0.1845145293177905
2023-02-13,395.75836181640625,0.011738883,0.007320276,0.030554967,0.1759916012103118
2023-02-14,395.5762023925781,-0.000460279,-0.006141764,0.0151545137158044,0.1639769318757433
2023-02-15,396.8608703613281,0.003247587,0.008109474,0.007741211,0.1565583542334487
2023-02-16,391.3964844,-0.013769022,0.002923233,-0.020394521,0.1514329078205266
2023-02-17,390.4187012,-0.002498191,-0.001911725,-0.012343887,0.1437943437834937
2023-02-21,382.5865783691406,-0.020060829,-0.033282388,-0.026205749,0.1715038657782894
2023-02-22,382.0592651367187,-0.001378285,-0.034170249,-0.040102147,0.1482824403406227
2023-02-23,384.0916442871094,0.005319539,-0.032175573,-0.024327026,0.1495800199877251
2023-02-24,379.9885864257813,-0.010682497,-0.029146654,-0.026308624,0.1522529905394235
2023-02-27,381.2827148,0.003405703,-0.023400483,-0.025267473,0.1533209315853174
2023-02-28,379.8735352,-0.003695892,-0.007091318,-0.040137691,0.1311165300733008
2023-03-01,378.4164123535156,-0.00383581,-0.009534785,-0.043379227,0.1296099936545005
2023-03-02,381.3594665527344,0.00777729,-0.007113349,-0.039060046,0.1387602085091858
2023-03-03,387.4756774902344,0.016037916,0.019703463,-0.010017481,0.1588708198947543
2023-03-06,387.7440490722656,0.000692615,0.016946308,-0.006850727,0.1588138861568071
2023-03-07,381.8004760742187,-0.015328599,0.005072585,-0.002054704,0.1436666326001375
2023-03-08,382.4235534667969,0.001631945,0.0105892371008944,0.000953486,0.1437517468483742
2023-03-09,375.3679199,-0.018449788,-0.015711021,-0.022712612,0.1673240463947561
2023-03-10,369.9515380859375,-0.014429528,-0.045226424,-0.026414078,0.1735559922324133
2023-03-13,369.4243164,-0.00142511,-0.047246973,-0.031101327,0.1705280631733453
2023-03-14,375.5309448242187,0.01653012,-0.016420962,-0.011431674,0.1967658868982504
2023-03-15,373.1822204589844,-0.00625441,-0.024165177,-0.013831831,0.1980845532614029
2023-03-16,379.7297668457031,0.0175451723789674,0.0116201909975044,-0.004273395,0.2159144530933128
2023-03-17,375.2897033691406,-0.011692693,0.0144293636696899,-0.031449649,0.2013859630846264
2023-03-20,378.8983154296875,0.009615537,0.025645304,-0.022813332,0.2108715460042573
2023-03-21,383.87347412109375,0.0131305906856942,0.0222152912079722,0.005429532,0.2097491489580758
2023-03-22,377.3298034667969,-0.017046426,0.0111140959574957,-0.013319656,0.2274384073872006
2023-03-23,378.3498840332031,0.002703419,-0.003633855,0.00794411,0.2064627742591352
2023-03-24,380.8326110839844,0.006561987,0.0147696770390517,0.0294121577500219,0.1890737039676035
2023-03-27,381.5447387695313,0.001869923,0.006984521,0.032808946,0.1876487707903426
2023-03-28,380.6882629394531,-0.002244759,-0.008297555,0.0137334038281411,0.1737269025249865
2023-03-29,386.2214660644531,0.014534735,0.0235646972912348,0.0349406935556348,0.1792736956968726
2023-03-30,388.4828796386719,0.005855225,0.0267820766784734,0.0230509,0.1624401325949775
2023-03-31,393.9584655761719,0.0140947934245978,0.0344662040753984,0.049744936,0.151315221506825
2023-04-03,395.4596862792969,0.003810607,0.036470029,0.0437092754841836,0.1490469611943736
2023-04-04,393.2656555175781,-0.005548052,0.033038561,0.024466867,0.1476431040204364
2023-04-05,392.2359313964844,-0.002618393,0.0155725816933944,0.039504242,0.1062281041571355
2023-04-06,393.7659606933594,0.003900788,0.013599264,0.0407455567207293,0.10601969
2023-04-10,394.1701354980469,0.001026434,0.00053729,0.035022012,0.1059475868724469
2023-04-11,394.2760009765625,0.000268578,-0.002993188,0.0333676785796841,0.1069244190871793
2023-04-12,392.6689758300781,-0.004075889,-0.001517243,0.0314711906222611,0.1099396455614143
2023-04-13,397.8845520019531,0.013282374,0.014401079,0.030197922596963,0.1064239217003824
2023-04-14,396.9126892089844,-0.002442575,0.007991368,0.021699308,0.1083246871197606
2023-04-17,398.3368835449219,0.00358818,0.0105709379570579,0.0111139075596369,0.086601186
2023-04-18,398.59674072265625,0.000652355,0.0109586678757822,0.007932678,0.085294298
2023-04-19,398.5293884277344,-0.000168974,0.0149245623117224,0.013384675,0.078045082
2023-04-20,396.3545837402344,-0.005457075,-0.003845257,0.0105004463234317,0.0832079
2023-04-21,396.6625061035156,0.000776886,-0.000630323,0.007356008,0.081682683
2023-04-24,397.0762939453125,0.001043174,-0.003164632,0.007372853,0.081684341
2023-04-25,390.7731934,-0.015873777,-0.019627725,-0.008884151,0.1169232633353068
2023-04-26,389.1180114746094,-0.004235659,-0.023615265,-0.00904315,0.1170487005903566
2023-04-27,396.8646240234375,0.0199081315189482,0.001286828,-0.002563377,0.1416433498896953
2023-04-28,400.2519226074219,0.008535149,0.009049044,0.008413017,0.1474243576333161
2023-05-01,399.8477478027344,-0.001009801,0.006979651,0.003792931,0.1468624197046757
2023-05-02,395.3537292480469,-0.011239324,0.0117217249455987,-0.008136071,0.1580362302887384
2023-05-03,392.64007568359375,-0.006863862,0.009051404,-0.014777612,0.1608689598871771
2023-05-04,389.8590087890625,-0.007082993,-0.017652405,-0.016388293,0.1622068261514003
2023-05-05,397.0762939453125,0.0185125519573539,-0.007934075,0.001043174,0.1913183398861425
2023-05-08,397.18218994140625,0.000266689,-0.006666432,0.000266689,0.1912587377647516
2023-05-09,395.44036865234375,-0.004385447,0.000219144,0.0119434377083194,0.1721467509539932
2023-05-10,397.2879943847656,0.004672325,0.0118376064722374,0.0209961571277441,0.1700070322846809
2023-05-11,396.5951843261719,-0.001743848,0.017278491,-0.000678921,0.1384261816073685
2023-05-12,396.0755004882813,-0.001310363,-0.002520406,-0.010434484,0.1299231996280035
2023-05-15,397.4420166015625,0.00345014,0.000654175,-0.006016618,0.1318462834432475
2023-05-16,394.7860107421875,-0.006682751,-0.001654757,-0.001435976,0.1232266132466133
2023-05-17,399.5782470703125,0.0121388200131906,0.005764717,0.0176705634916132,0.130784679
2023-05-18,403.4274902,0.009633265,0.017227405,0.0348035601061456,0.1258821772893216
2023-05-19,402.8405151367187,-0.001454971,0.0170801138674256,0.0145166590886942,0.095166664
2023-05-22,403.0041198730469,0.000406128,0.0139947540500238,0.0146580840709384,0.095120337
2023-05-23,398.4812927246094,-0.011222781,0.009360215,0.007689969,0.1116639843693671
2023-05-24,395.5944213867187,-0.007244685,-0.009970076,-0.004262835,0.115999182704329
2023-05-25,399.0201721191406,0.008659755,-0.010924685,0.006114516,0.1241056472257864
2023-05-26,404.1877441,0.012950654,0.003344324,0.0204815587996303,0.1377385220028613
2023-05-30,404.3416748046875,0.00038084,0.003318961,0.0173601630298738,0.1377350294121967
2023-05-31,402.09954833984375,-0.005545128,0.009080114,0.0185253210566074,0.1358893607371379
2023-06-01,405.9198913574219,0.009500988,0.0261011516151015,0.015870844655849,0.1308602167912196
2023-06-02,411.78997802734375,0.014461195,0.032002908,0.020728602,0.1410033864242227
2023-06-05,411.0008850097656,-0.001916251,0.0168563766910512,0.0202570733737577,0.1413466272162808
2023-06-06,411.8957824707031,0.002177361,0.0186824859684933,0.0220634533474677,0.1410516262482535
2023-06-07,410.47161865234375,-0.003457583,0.02082089,0.0300900598011784,0.1247773435362383
2023-06-08,412.9543762207031,0.006048549,0.0173297367610083,0.043883214,0.1113488456396099
2023-06-09,413.6953430175781,0.001794307,0.004627031,0.0367780175636227,0.1091796172749938
2023-06-12,417.4483337402344,0.009071871,0.0156871894091312,0.032807995,0.1013746884557787
2023-06-13,420.2005615234375,0.006592978,0.0201623308763183,0.0392214993085004,0.1012453833438902
2023-06-14,420.7008972167969,0.001190707,0.0249207937884665,0.046260557,0.088552085
2023-06-15,425.9166259765625,0.0123977124704772,0.03138906,0.0492627610641851,0.094109721
2023-06-16,424.4658203,-0.003406314,0.0260348042991245,0.030782299136757,0.08527009
2023-06-20,422.2636413574219,-0.005188118,0.0115350984253392,0.027403241,0.091927005
2023-06-21,420.1000671386719,-0.005123752,-0.000239158,0.0199183507506592,0.1000831368887732
2023-06-22,421.6165161132813,0.003609733,0.002176413,0.0271514447150531,0.095490856
2023-06-23,418.42913818359375,-0.007559898,-0.017579703,0.0132575467851796,0.1059835326406349
2023-06-26,416.7194824,-0.004085891,-0.018249615,0.007310064,0.1093323345374013
2023-06-27,421.2881164550781,0.0109633319917066,-0.002310227,0.009198223,0.1136890213155707
2023-06-28,421.5006103515625,0.000504391,0.003333832,0.003093877,0.1092319154646477
2023-06-29,423.1619262695313,0.003941432,0.00366544,0.005849831,0.1107015869518486
2023-06-30,428.1555176,0.0118006630525948,0.023244986,0.005256643,0.1089474484841017
2023-07-03,428.6480712890625,0.001150408,0.028624985,0.009852975,0.1066975524304668
2023-07-05,428.0106506347656,-0.001487049,0.015957094,0.0136100026487462,0.1022093512322967
2023-07-06,424.6590881347656,-0.007830559,0.007493412,0.0108522262972856,0.1077771777694669
2023-07-07,423.5868835449219,-0.00252486,0.001004243,0.004673364,0.1081772445214831
2023-07-10,424.6590881347656,0.002531251,-0.00816626,0.014888901,0.098595214
2023-07-11,427.3634948730469,0.006368418,-0.002996809,0.025542392185053,0.095953828
2023-07-12,430.802002,0.008045861,0.006521687,0.022582848,0.089697964
2023-07-13,434.2213134765625,0.007937084,0.0225174159907823,0.0301795603911225,0.093334465
2023-07-14,433.9508361816406,-0.000622902,0.024467123603981,0.0254959372342904,0.094836509
2023-07-17,435.45758056640625,0.003472155,0.0254286149369156,0.0170546978574177,0.080133135
2023-07-18,438.6932373046875,0.007430475,0.0265107866431273,0.02343453,0.084973559
2023-07-19,439.6688232421875,0.002223845,0.0205821264730967,0.0272380432359149,0.08230367
2023-07-20,436.7518615722656,-0.006634452,0.005827784,0.0284764267982942,0.078130552
2023-07-21,436.7518615722656,0.0,0.006454707,0.0310797584598665,0.074222166
2023-07-24,438.7029113769531,0.004467181,0.007452691,0.033070818,0.074460778
2023-07-25,439.9006652832031,0.002730216,0.002752329,0.0293360817209729,0.072432359
2023-07-26,439.96832275390625,0.000153802,0.000681193,0.0212773403076678,0.067408932
2023-07-27,437.0512390136719,-0.006630213,0.000685463,0.006517242,0.071712549
2023-07-28,441.33013916015625,0.009790386,0.01048256,0.0170049285846447,0.084426009
2023-07-31,442.1704406738281,0.00190402,0.007904049,0.0154156464533017,0.083869697
2023-08-01,440.9051818847656,-0.002861473,0.002283508,0.005042121,0.079438518
2023-08-02,434.7718200683594,-0.013910841,-0.011811084,-0.011137936,0.1064242813894177
2023-08-03,433.5258483886719,-0.002865806,-0.00806631,-0.007386375,0.1025467680049977
2023-08-04,431.5650939941406,-0.004522809,-0.022126395,-0.011875777,0.1041556068120928
2023-08-07,435.3320313,0.008728549,-0.015465551,-0.007683742,0.1124825685458478
2023-08-08,433.4389648,-0.004348558,-0.016933838,-0.014688999,0.1119647551183961
2023-08-09,430.5412598,-0.006685382,-0.00973053,-0.021426686,0.1144472131417761
2023-08-10,430.6958008,0.000358946,-0.006527979,-0.014541632,0.1121239872192087
2023-08-11,430.4446411132813,-0.000583149,-0.002596255,-0.024665204,0.09358889
2023-08-14,432.8206481933594,0.00551989,-0.005768891,-0.021145223,0.099878924
2023-08-15,427.77886962890625,-0.011648655,-0.013058575,-0.029771281,0.11085088
2023-08-16,424.63970947265625,-0.007338278,-0.013707282,-0.023304433,0.096742372
2023-08-17,421.4040832519531,-0.007619698,-0.021573736,-0.027960882,0.1003442336647993
2023-08-18,421.6068420410156,0.000481151,-0.02053179,-0.023074739,0.1010994264453337
2023-08-21,424.35003662109375,0.006506523,-0.01957072,-0.025226709,0.094718074
2023-08-22,423.2005920410156,-0.002708718,-0.01070244,-0.023621256,0.09419556
2023-08-23,427.9140625,0.011137675,0.007710897,-0.00610208,0.1121269749991788
2023-08-24,421.9835815429687,-0.013859047,0.001375161,-0.020228243,0.1300444786668481
2023-08-25,424.9584045410156,0.007049618,0.007949497,-0.01274551,0.1378046025408928
2023-08-28,427.65325927734375,0.006341455,0.007784193,-0.011938869,0.1389909722134081
2023-08-29,433.8349609,0.0144549387291055,0.025128435773676,0.0141570604313563,0.1454848977193726
2023-08-30,435.6217651367187,0.004118627,0.018012268,0.0258620553355706,0.1372540395352715
2023-08-31,434.98431396484375,-0.001463313,0.0308086214500058,0.032226149,0.1275688879970901
2023-09-01,435.7956848144531,0.001865288,0.0255019789175425,0.033654204,0.1269287242740616
2023-09-05,433.9121398925781,-0.004322083,0.0146354095975107,0.0225335276217319,0.1309513075382141
2023-09-06,430.9952087402344,-0.0067224,-0.006545697,0.018418256,0.1366430845159039
2023-09-07,429.6719970703125,-0.003070131,-0.013658106,0.004108149,0.1279712718973179
2023-09-08,430.3190918,0.00150602,-0.010725035,0.0197531624889948,0.1001153167697506
2023-09-11,433.1491394042969,0.006576626,-0.006072904,0.0192742037238393,0.099470204
2023-09-12,430.7730407714844,-0.005485636,-0.007234412,0.007295119,0.1024525535433564
2023-09-13,431.2753906,0.001166159,0.000650081,-0.005899871,0.068881625
2023-09-14,434.9939575195313,0.008622256,0.0123861002939593,-0.001441176,0.080259508
2023-09-15,429.7530212402344,-0.012048297,-0.001315467,-0.012026394,0.1002684610911039
2023-09-18,430.0050659179687,0.000586487,-0.00725864,-0.013287463,0.099378516
2023-09-19,429.1133117675781,-0.002073822,-0.003852908,-0.011059447,0.098109042
2023-09-20,425.1682434082031,-0.009193535,-0.014160667,-0.013519791,0.1027526553049789
2023-09-21,418.1409912109375,-0.016528168,-0.038742989,-0.026836764,0.1281607147574296
2023-09-22,417.20074462890625,-0.002248635,-0.029208117,-0.030485162,0.1260902719012563
2023-09-25,418.9551696777344,0.00420523,-0.02569713,-0.032769244,0.1214923467377774
2023-09-26,412.8002014160156,-0.014691234,-0.038015857,-0.041722294,0.1342488154118314
2023-09-27,412.9649658203125,0.000399138,-0.028702232,-0.042456456,0.1334398827756916
2023-09-28,415.3590698242187,0.005797354,-0.00665307,-0.0451383,0.1263468847802318
2023-09-29,414.3510437011719,-0.002426879,-0.006830527,-0.035839137,0.1194662481459701
2023-10-02,414.1861877441406,-0.000397865,-0.011383036,-0.036787655,0.1185953945205192
2023-10-03,408.6419372558594,-0.013385889,-0.010073309,-0.047706221,0.1274729471704385
2023-10-04,411.61761474609375,0.00728187,-0.003262628,-0.031871215,0.1381283718778747
2023-10-05,411.4625854492187,-0.000376634,-0.009381002,-0.01597166,0.1166097657187966
2023-10-06,416.3478088378906,0.0118728252857751,0.004819018,-0.002044425,0.1345280541076743
2023-10-09,419.0133361816406,0.006402165,0.0116545374528083,0.000138837,0.1369597561288419
2023-10-10,421.1942138671875,0.005204793,0.030717054386586,0.020334323,0.1109589719115832
2023-10-11,422.9195251464844,0.004096237,0.027457305,0.0241050940154163,0.1109829879713068
2023-10-12,420.3411865234375,-0.006096523,0.021578149,0.0119947223045524,0.1167211210726659
2023-10-13,418.2475891113281,-0.00498071,0.004562965,0.009403972,0.119621745731219
2023-10-16,422.6481323242187,0.0105213833323958,0.008674655,0.0204302915704794,0.1283838532485676
2023-10-17,422.6287231445313,-4.59e-05,0.003405814,0.034227485,0.097122204
2023-10-18,416.9971618652344,-0.013325079,-0.014003523,0.0130692830588869,0.1250610546103142
2023-10-19,413.333252,-0.008786415,-0.016672015,0.004546383,0.1349998679124216
2023-10-20,408.2541809082031,-0.012288078,-0.023893523,-0.019439583,0.1323983482003775
2023-10-23,407.5466309,-0.001733112,-0.035730671,-0.027365967,0.1241018997009473
2023-10-24,410.6192626953125,0.007539338,-0.028416101,-0.025107067,0.1287544941451426
2023-10-25,404.7259826660156,-0.014352176,-0.029427489,-0.043018923,0.1353865799439128
2023-10-26,399.8795776367187,-0.011974534,-0.032549218,-0.048678572,0.1406184744768046
2023-10-27,398.0669860839844,-0.004532844,-0.024953069,-0.048250375,0.1406330420934107
2023-10-30,402.8261719,0.0119557410119197,-0.011582623,-0.046899439,0.1451482861958476
2023-10-31,405.35601806640625,0.006280243,-0.012817822,-0.04086969,0.1540926856139295
2023-11-01,409.6790771484375,0.0106648449495154,0.0122381430759517,-0.017549483,0.1608832196007558
2023-11-02,417.5302734,0.01916426,0.0441400281182062,0.0101540862356048,0.185780163411229
2023-11-03,421.3395996,0.009123473,0.0584640634339883,0.032052136,0.1733422109365898
2023-11-06,422.3088684082031,0.002300446,0.048365022,0.036222205,0.1712897359160652
2023-11-07,423.51080322265625,0.002846104,0.0447872594635461,0.031395362,0.1698950707759745
2023-11-08,423.8209533691406,0.000732331,0.034519401,0.047179997,0.1407686463980636
2023-11-09,420.51568603515625,-0.007798735,0.00715017,0.051605807,0.1279307129080342
2023-11-10,427.0777587890625,0.0156048227731453,0.0136188461398059,0.072879123,0.1255079762706477
2023-11-13,426.6707153320313,-0.00095309,0.0103285705087585,0.059193134,0.1281881291306415
2023-11-14,434.9483947753906,0.0194006271016695,0.0270066110845375,0.073003423,0.1453467767149129
2023-11-15,435.86920166015625,0.002117049,0.0284276843682191,0.063928392,0.1458238112058326
2023-11-16,436.4023132324219,0.0012231,0.0377789169936872,0.045199213,0.1280812898053651
2023-11-17,436.9451293945313,0.001243843,0.02310438884349,0.0370378901001096,0.1261407032999578
2023-11-20,440.3085632324219,0.007697611,0.031963403,0.042622109,0.1274013476554573
2023-11-21,439.3489074707031,-0.002179507,0.010117321,0.0373971670321717,0.1313461286970736
2023-11-22,441.0452270507813,0.003860985,0.011875180377302,0.0406404486251028,0.1302957523988312
2023-11-24,441.3165893554687,0.000615271,0.011260884679201,0.049465226,0.1148539925882495
2023-11-27,440.5217895507813,-0.001800974,0.008185605,0.031479117057835,0.101763581
2023-11-28,440.95794677734375,0.000990092,0.001474837,0.033485381,0.1000374082839504
2023-11-29,440.6478271484375,-0.000703286,0.002956465,0.0131036979133813,0.045662131
2023-11-30,442.3828125,0.003937351,0.003032763,0.0149439575336693,0.0474464295524145
2023-12-01,444.99993896484375,0.005915977,0.008346275,0.0197011461024105,0.052310722
2023-12-04,442.6639099121094,-0.005249504,0.004862689,0.013088098,0.06370655
2023-12-05,442.57672119140625,-0.000196964,0.00367104,0.005151292,0.052957076
2023-12-06,440.7932129,-0.004029829,0.000329936,0.003287377,0.056305745
2023-12-07,444.1566162109375,0.007630343,0.004009658,0.007054581,0.065367338
2023-12-08,446.0661315917969,0.004299194,0.002395939,0.010762211,0.067787667
2023-12-11,447.8011779785156,0.003889662,0.0116053465199505,0.0165244684835168,0.067032633
2023-12-12,449.8463745117187,0.004567198,0.016425747,0.0201570870858194,0.068439562
2023-12-13,456.0497741699219,0.0137900403553024,0.034611607,0.034952963,0.088195569
2023-12-14,457.5134277,0.003209416,0.030072301156703,0.034202539,0.088159872
2023-12-15,456.7601623535156,-0.001646433,0.0239740926385889,0.0264274719138803,0.090224498
2023-12-18,459.3294372558594,0.005624998,0.0257441468318264,0.037648263,0.079525645
2023-12-19,462.1225280761719,0.006080801,0.0272896576698615,0.0441636578447885,0.077088481
2023-12-20,455.71881103515625,-0.013857184,-0.000725717,0.033860771,0.1139447368454005
2023-12-21,460.0398559570313,0.009481823,0.005522085,0.035760448,0.1162440258580197
2023-12-22,460.9644470214844,0.002009806,0.009204578,0.0333993423273866,0.1163955660093195
2023-12-26,462.9108581542969,0.004222476,0.007797064,0.0337419393222457,0.1164535492460896
2023-12-27,463.7478027,0.001808004,0.003516978,0.0309026125591107,0.1164686301134706
2023-12-28,463.9230041503906,0.000377795,0.0180027528304103,0.0172639707909059,0.1002409183753547
2023-12-29,462.5799560546875,-0.002894981,0.005521478,0.011074054,0.1023813764369549
2024-01-02,459.9912414550781,-0.005596253,-0.002111238,0.007073907,0.1071781585546055
2024-01-03,456.2345886230469,-0.008166792,-0.014422365,-0.006737754,0.1117883453760322
2024-01-04,454.7649841308594,-0.00322116,-0.019370051,-0.015921197,0.1056842641416546
2024-01-05,455.3879089355469,0.001369773,-0.018397655,-0.00072611,0.080909072
2024-01-08,461.8889770507813,0.0142758909221598,-0.00149375,0.00401948,0.098424487
2024-01-09,461.1882324,-0.001517128,0.002602204,0.000485472,0.098420242
2024-01-10,463.7965087890625,0.005655557,0.0165746314606223,0.001913221,0.1003587802378604
2024-01-11,463.5921325683594,-0.000440659,0.019410352,-0.000335678,0.099989811
2024-01-12,463.9132690429687,0.000692713,0.0187210945660583,-2.1e-05,0.1000370064389996
2024-01-16,462.2100830078125,-0.003671346,0.000695202,-0.000799587,0.1007429286690057
2024-01-17,459.6408386230469,-0.005558607,-0.003355233,-0.00076176,0.1006851832092895
2024-01-18,463.7283325195313,0.0088928,-0.000146996,0.0164251989729693,0.098615372
2024-01-19,469.5092773,0.012466232,0.0127636867834854,0.032421786,0.1079315971036301
2024-01-22,470.5019836425781,0.002114349,0.0142024706756105,0.033189451,0.1076392022075781
2024-01-23,471.8741760253906,0.002916443,0.020908442660293,0.02161818,0.088600849
2024-01-24,472.3900146484375,0.00109317,0.0277372569060301,0.024288959342561,0.086516068
2024-01-25,474.9593200683594,0.005438949,0.0242188944717003,0.024068338,0.086295522
2024-01-26,474.3558654785156,-0.00127054,0.0103226674501197,0.0232181095277088,0.08715519
2024-01-29,478.1125183105469,0.007919482,0.016175351,0.030607551,0.090868254
2024-01-30,477.7427062988281,-0.000773483,0.0124366421635282,0.0336051156433838,0.085909828
2024-01-31,469.94720458984375,-0.016317364,-0.005171172,0.022422651,0.125096094318649
2024-02-01,476.0979919433594,0.0130882518151882,0.002397409,0.026674366,0.1328674615567926
2024-02-02,481.1100158691406,0.010527294822906,0.0142385725194134,0.0247082200186157,0.1291687099682757
2024-02-05,479.3582153320313,-0.003641164,0.002605447,0.0188229422985406,0.1327973519327809
2024-02-06,480.7499084472656,0.002903242,0.006294606,0.0188095320168515,0.132794534011718
2024-02-07,484.7596130371094,0.008340521,0.031519303237889,0.026185139408329,0.1364985250837188
2024-02-08,484.9737243652344,0.000441686,0.0186426588056916,0.0210847621548591,0.1359143451353518
2024-02-09,487.7766113,0.005779461,0.013856696,0.028292568567843,0.1355946888170041
2024-02-12,487.5624694824219,-0.000439016,0.01711508,0.01976512,0.1332769285327636
2024-02-13,480.8471984863281,-0.01377315,0.000202371,0.006498251,0.1550282940218581
2024-02-14,485.2170104980469,0.009087735,0.000943555,0.032492599,0.1268889760604457
2024-02-15,488.5649108886719,0.0068998,0.007404909,0.026185615,0.1168332161052392
2024-02-16,486.1318664550781,-0.004979982,-0.003371922,0.0104380503841006,0.1132997864408636
2024-02-20,483.45550537109375,-0.005505422,-0.008423462,0.008547449,0.1158249415886401
2024-02-21,483.8934326171875,0.000905827,0.00633514,0.006538793,0.1152785395618232
2024-02-22,493.9078674316406,0.020695538,0.0179112783467196,0.0188717338418844,0.149796340897527
2024-02-23,494.2485046386719,0.000689678,0.0116332418135838,0.0191242943843543,0.1497333794523379
2024-02-26,492.4382324,-0.003662676,0.012972542,0.009556877,0.1504477386000427
2024-02-27,493.35308837890625,0.001857809,0.0204725830978287,0.0118766707015647,0.1502778202229721
2024-02-28,492.7010803222656,-0.001321585,0.018201627,0.0246520763212361,0.1266288803959471
2024-02-29,494.4722900390625,0.003594897,0.001142769,0.0190745158161615,0.1214848033189689
2024-03-01,499.1145629882813,0.009388338,0.009845368,0.021593143,0.124935807634734
2024-03-04,498.5792846679687,-0.001072456,0.0124707056474702,0.0256050242162861,0.1201248583252035
2024-03-05,493.5963745117187,-0.009994218,0.000493128,0.0209758065177911,0.1302475115595761
2024-03-06,496.0976257324219,0.005067402,0.006893724,0.0252208281671166,0.1308459193654216
2024-03-07,501.0220947265625,0.009926411,0.0132460500202804,0.0144039562113404,0.095313362
2024-03-08,498.0148010253906,-0.006002318,-0.002203426,0.007620248,0.1024553863104777
2024-03-11,497.5866394042969,-0.000859737,-0.001990948,0.0104549294580589,0.099990175
2024-03-12,502.9393310546875,0.0107573058167294,0.0189283329972005,0.0194307949044778,0.1113206053716169
2024-03-13,502.1509704589844,-0.001567506,0.012201922,0.019179763378107,0.1115295215184112
2024-03-14,501.1582946777344,-0.001976847,0.000271844,0.013521495083463,0.112693137721753
2024-03-15,497.7171020507813,-0.006866478,-0.000597771,-0.00279988,0.1098005122959672
2024-03-18,500.6751098632813,0.005943151,0.0062069,0.004203595,0.1139158365516283
2024-03-19,503.4573974609375,0.005557072,0.001030077,0.0199779079799229,0.099910035
2024-03-20,508.1140747070313,0.009249397,0.0118751224210447,0.0242219441322031,0.1055537999837304
2024-03-21,509.7932739257813,0.003304768,0.0172300435605869,0.0175065716493116,0.097270725
2024-03-22,508.82672119140625,-0.00189597,0.0223211521059838,0.021710038,0.090016323
2024-03-25,507.4209289550781,-0.002762811,0.013473446070924,0.0197639742951192,0.092284919
2024-03-26,506.4837341308594,-0.001846977,0.006011108,0.007047377,0.079501686
2024-03-27,510.7401123046875,0.008403781,0.005168205,0.0171047,0.086903484
2024-03-28,510.6423950195313,-0.000191325,0.001665618,0.0189243607110116,0.085228043
2024-04-01,509.7541504,-0.001739465,0.001822682,0.024184518253937,0.073568278
2024-04-02,506.5130310058594,-0.006358201,-0.00178924,0.0116600985900263,0.082379224
2024-04-03,507.06939697265625,0.001098424,0.001156331,0.00717439,0.078691957
2024-04-04,500.880127,-0.012205962,-0.019305289,-0.014236858,0.086903015
2024-04-05,506.1126403808594,0.010446638,-0.008870698,-0.007219855,0.1035706934344759
2024-04-08,506.3957824707031,0.000559445,-0.006588211,-0.004777537,0.1035136917733297
2024-04-09,506.9815673828125,0.001156773,0.000925023,-0.000865872,0.1029402650891877
2024-04-10,501.9051208496094,-0.010013079,-0.010184555,-0.009040001,0.1144152007284838
2024-04-11,505.69293212890625,0.007546867,0.009608697,-0.009882091,0.1125328135945412
2024-04-12,498.7128906,-0.013802925,-0.014620757,-0.023361759,0.1293794592292678
2024-04-15,492.46490478515625,-0.012528222,-0.027509861,-0.033916831,0.1389776176704324
2024-04-16,491.5667114257813,-0.001823873,-0.030405161,-0.029508263,0.1381458847733971
2024-04-17,488.6575317382813,-0.005918179,-0.026394608,-0.036310346,0.1368634856911147
2024-04-18,487.6520080566406,-0.002057727,-0.03567565,-0.02640975,0.1283323964527112
2024-04-19,483.3956604003906,-0.008728248,-0.030713524,-0.044885225,0.108067645509303
2024-04-22,487.8472900390625,0.009209081,-0.009376536,-0.03662845,0.1266656346124043
2024-04-23,493.6363525390625,0.0118665463931069,0.004210296,-0.02632288,0.1478005868613406
2024-04-24,493.4021301269531,-0.000474484,0.009709455,-0.016941431,0.1420964155800061
2024-04-25,491.5276794433594,-0.003799032,0.007947617,-0.028011569,0.1325840847611138
2024-04-26,496.1843872070313,0.009473948,0.0264560232006383,-0.005070058,0.1299895932393515
2024-04-29,497.9415893554687,0.00354143,0.020691515,0.011120964,0.1120749748335157
2024-04-30,490.0535888671875,-0.015841216,-0.007257901,-0.003078163,0.1408194704967696
2024-05-01,488.4623107910156,-0.003247151,-0.010011751,-0.000399505,0.1384394675291748
2024-05-02,493.0310974121094,0.009353407,0.003058664,0.0110305899834293,0.1453807947192111
2024-05-03,499.1423950195313,0.0123953593181032,0.005961509,0.0325752502744807,0.1439167365634403
2024-05-06,504.29693603515625,0.010326795,0.012763237326518,0.033718843,0.145315649925898
2024-05-07,504.85345458984375,0.001103553,0.0302005047179998,0.022723412,0.1375080415590253
2024-05-08,504.9021606445313,9.647562920434004e-05,0.033656332,0.0233076223538377,0.137216986
2024-05-09,507.8113708496094,0.005761929,0.0299783796906134,0.033128737,0.1335850635271648
2024-05-10,508.4655762,0.001288284,0.0186783996818762,0.0247512603811925,0.1292352550040013
2024-05-13,508.53375244140625,0.000134082,0.008401432,0.021271899,0.1295815854965254
2024-05-14,510.8670349121094,0.004588255,0.0119115364420971,0.042471776,0.082102273
2024-05-15,517.1931152,0.0123830270695661,0.0243432402312435,0.0588188767252744,0.079976297
2024-05-16,516.1289672851562,-0.002057545,0.016379303,0.046848708,0.085851453
2024-05-17,516.8709106445312,0.001437515,0.016530784,0.035517952,0.074926947
2024-05-20,517.4664916992188,0.001152282,0.017565676,0.0261146850655153,0.065045811
2024-05-21,518.7355346679688,0.002452416,0.0154022460212432,0.0274972468781127,0.064533853
2024-05-22,517.2419434,-0.002879292,9.44098511015401e-05,0.0244399483240305,0.069466345
2024-05-23,513.4638061523438,-0.007304391,-0.00516375,0.0111309742695941,0.081774451
2024-05-24,516.8612060546875,0.00661663,-1.88e-05,0.016511697696472,0.086330149
2024-05-28,517.2224121,0.000698845,-0.000471682,0.0170857089155942,0.086098294
2024-05-29,513.6005249023438,-0.007002572,-0.00989909,0.005350688,0.094495693
2024-05-30,510.19342041015625,-0.006633764,-0.01362713,-0.013534006,0.073762634
2024-05-31,514.840332,0.009108137,0.002680863,-0.002496731,0.090230274
2024-06-03,515.2600098,0.000815161,-0.003097923,-0.003116641,0.08996087
2024-06-04,515.8361206054688,0.001118097,-0.002680262,-0.00315068,0.089945605
2024-06-05,521.9669189453125,0.0118851668096597,0.016289691,0.006229348,0.1085675538933852
2024-06-06,521.9570922851562,-1.88e-05,0.0230572786798051,0.009115945,0.1069065592839375
2024-06-07,521.3226318359375,-0.001215541,0.0125908935283143,0.015305511,0.097755566
2024-06-10,522.9333496,0.003089676,0.01489217,0.0117481124208129,0.094161432
2024-06-11,524.1927490234375,0.002408336,0.0162001614159164,0.0134764788819485,0.094305526
2024-06-12,528.4979248046875,0.008212963,0.0125122984279761,0.029005811287238,0.087212852
2024-06-13,529.5620117,0.002013417,0.0145700088110671,0.037963232,0.069892031
2024-06-14,529.8842773,0.000608551,0.016422930801337,0.029220604,0.064429025
2024-06-17,534.1015014648438,0.007958764,0.021356740517336,0.036566959,0.067870316
2024-06-18,535.4585571289062,0.00254082,0.0214917282363342,0.0380400591187863,0.066776987
2024-06-20,534.0038452148438,-0.002716759,0.0104180549283916,0.023060707168671,0.0563796250963997
2024-06-21,533.2880249023438,-0.001340478,0.007036028,0.021708552,0.05825311
2024-06-24,531.5545043945312,-0.003250627,0.00315206,0.0196267568944019,0.062305912
2024-06-25,533.6014404296875,0.003850849,-0.000936266,0.0204004790061322,0.062810043
2024-06-26,534.2674560546875,0.001248152,-0.002224451,0.0192194704143064,0.062883613
2024-06-27,535.1096191,0.001576295,0.002070723,0.012510351,0.0521797619378047
2024-06-28,533.0039672851562,-0.003934992,-0.000532653,0.006499627,0.0579631254216567
2024-07-01,534.1008911132812,0.002058003,0.004790453,0.007957613,0.058386412
2024-07-02,537.6953735351562,0.006729969,0.007672268,0.006728819,0.054353861
2024-07-03,540.0947875976562,0.004462404,0.0109071429991278,0.00865843,0.05699167
2024-07-05,543.2092895507812,0.005766584,0.015136469,0.017238536,0.057952449
2024-07-08,543.8361206054688,0.00115394,0.0203228380747066,0.01977936,0.055571992
2024-07-09,544.3649291992188,0.000972368,0.0192174142689467,0.024099927,0.047999721825951
2024-07-10,549.7516479492188,0.009895418,0.0224221278580039,0.0302664241433197,0.060989742
2024-07-11,545.0113525390625,-0.008622612,0.009103152,0.0201095843713063,0.084495084
2024-07-12,548.4490356445312,0.006307544,0.009645907,0.0249283810770006,0.087119075
2024-07-15,549.9572754,0.002750009,0.0112555134777392,0.031807096,0.079465786
2024-07-16,553.2185668945312,0.005930082,0.016264159,0.035794128,0.080351862
2024-07-17,545.4618530273438,-0.014021066,-0.007803151,0.0144440139797477,0.1165952002211503
2024-07-18,541.2700805664062,-0.007684813,-0.006864576,0.002176086,0.1235722197466719
2024-07-19,537.6757202148438,-0.006640604,-0.019643239,-0.010186809,0.123744703327758
2024-07-22,543.2190551757812,0.010309811,-0.012252261,-0.001134653,0.1361160876973838
2024-07-23,542.3670654296875,-0.001568409,-0.019615216,-0.003670082,0.1361634296801845
2024-07-24,530.0756836,-0.022662478,-0.028207599,-0.035790642,0.1630991881771253
2024-07-25,527.3137207,-0.005210507,-0.025784466,-0.032472043,0.1610377678434163
2024-07-26,533.2194213867188,0.0111995960881106,-0.008288079,-0.027768513,0.1707463834992149
2024-07-29,533.5328979492188,0.000587894,-0.017831034,-0.029864824,0.1691301490791213
2024-07-30,530.8297729492188,-0.005066464,-0.021272111,-0.04047007,0.1617647632470201
2024-07-31,539.4581909179688,0.016254586,0.0177003164163431,-0.011006566,0.1800133582792649
2024-08-01,531.8189697265625,-0.014160914,0.008543774,-0.017460989,0.1893899722483638
2024-08-02,521.9172973632812,-0.018618502,-0.02119601,-0.029308414,0.2068836111137377
2024-08-05,506.71722412109375,-0.029123528,-0.050260582,-0.067195417,0.2298478002429562
2024-08-06,511.3888854980469,0.009219464,-0.036623581,-0.057116632,0.2427870080136832
2024-08-07,507.97076416015625,-0.006683996,-0.058368614,-0.04170144,0.2241727561464819
2024-08-08,519.7136840820312,0.0231173145196454,-0.022762042,-0.014412742,0.2623155550862058
2024-08-09,522.0054931640625,0.004409753,0.000168984,-0.021030607,0.255358658
2024-08-12,522.2796630859375,0.000525224,0.0307122754546915,-0.021091923,0.2553410238270151
2024-08-13,530.8689575195312,0.016445776162991,0.0380924822065942,7.381758203717226e-05,0.2705220660599324
2024-08-14,532.5437012,0.003154721,0.048374707,-0.012817471,0.2562889887902436
2024-08-15,541.6716309,0.0171402453308784,0.0422500839402142,0.0185263439133775,0.2600102293138524
2024-08-16,542.8860473632812,0.002241979,0.040000641,0.0401763844692135,0.2335238455038259
2024-08-19,548.0767211914062,0.009561258,0.049393189,0.081622442,0.1427991243857413
2024-08-20,547.1856689453125,-0.00162578,0.0307358552325616,0.069999142,0.1502073330113094
2024-08-21,549.065918,0.003436218,0.0310250910122822,0.080900628,0.1322314124795845
2024-08-22,544.7567138671875,-0.007848245,0.005695486,0.048186204,0.1231169251164933
2024-08-23,550.5449219,0.0106253082531511,0.0141077018813005,0.05467266,0.126550189
2024-08-26,549.2325439453125,-0.00238378,0.00210887,0.051606223,0.1304481873664308
2024-08-27,549.9866333007812,0.001372987,0.005118855,0.0360120431049062,0.1146468322292711
2024-08-28,546.7938842773438,-0.005805139,-0.004137998,0.0267587112083211,0.1239920873171668
2024-08-29,546.8427734,8.941058333311602e-05,0.003829342,0.009546637,0.094260429
2024-08-30,552.0628662109375,0.009545875,0.002757167,0.016903766,0.1036874944260896
2024-09-03,540.7020874023438,-0.020578777,-0.015531593,-0.013455477,0.1427213384696
2024-09-04,539.5953369140625,-0.002046877,-0.018893725,-0.013871584,0.1427624807522012
2024-09-05,538.2828979492188,-0.002432265,-0.015565255,-0.019638844,0.1402605262844651
2024-09-06,529.2235107421875,-0.01683016,-0.032219979,-0.028514019,0.1570818200701416
2024-09-09,535.1488037109375,0.0111962013184945,-0.030637928,-0.027965235,0.1584725093472396
2024-09-10,537.4797973632812,0.004355786,-0.005959456,-0.021398489,0.1625128952498631
2024-09-11,542.9937133789062,0.0102588339927838,0.006298009,-0.012714709,0.173594326
2024-09-12,547.5675659179688,0.008423399,0.0172486772366784,0.001414942,0.1777275608749635
2024-09-13,550.4273681640625,0.005222739,0.040065978,0.006555074,0.1794989573736397
2024-09-16,551.2402344,0.001476791,0.0300690771472869,-0.001490105,0.1728255245989322
2024-09-17,551.4655762,0.000408791,0.0260210316317075,0.019906505,0.1299790565661594
2024-09-18,549.8300170898438,-0.002965841,0.0125900236825893,0.018967325096457,0.1308597256356493
2024-09-19,559.2125244140625,0.0170643781397725,0.0212667061033309,0.038882206,0.1481916775252282
2024-09-20,558.2458496,-0.001728636,0.0142043835345448,0.054839474,0.1010420553090077
2024-09-23,559.6408081054688,0.002498825,0.0152394059914611,0.045766718,0.096325861
2024-09-24,561.2421264648438,0.002861332,0.017728306,0.0442106460896456,0.09668065
2024-09-25,560.0042724609375,-0.002205561,0.0185043650853118,0.031327359,0.09559961
2024-09-26,562.2245483398438,0.003964748,0.005386188,0.0267674408313489,0.091172827
2024-09-27,561.4090576171875,-0.001450472,0.005666335,0.019951205,0.092070073
2024-09-30,563.6588134765625,0.004007338,0.007179615,0.022528433752015,0.092548357
2024-10-01,558.6092529296875,-0.008958541,-0.004691155,0.012953985,0.1083508137466404
2024-10-02,558.8450927734375,0.000422191,-0.002069948,0.0163961140777817,0.1059157451278364
2024-10-03,557.8234252929688,-0.001828177,-0.007828052,-0.002484027,0.0624661040813988
2024-10-04,562.8925781,0.009087379,0.002642495,0.008323803,0.077132552
2024-10-07,557.8037719726562,-0.009040457,-0.010387563,-0.003282527,0.090735574
2024-10-08,563.0791625976562,0.009457431,0.008001854,0.003273162,0.1024806136591057
2024-10-09,566.9793090820312,0.006926462,0.0145554043755224,0.012455328,0.1062975095718379
2024-10-10,565.9871215820312,-0.001749954,0.0146349111903554,0.006692296,0.1060950892656514
2024-10-11,569.3763427734375,0.00598816,0.0115186536479747,0.0141915864166244,0.1084437171047072
2024-10-14,574.0328979492188,0.008178343,0.0290946866837573,0.0184049006679598,0.1131378806495137
2024-10-15,569.5728149414062,-0.007769734,0.0115323968192906,0.0196265313440819,0.1100742910427934
2024-10-16,572.0484619140625,0.004346498,0.008940631,0.0236261699554329,0.1102946462796645
2024-10-17,572.0975952148438,8.589010206727643e-05,0.0107961354592887,0.025589047,0.1086662563223691
2024-10-18,574.2981567382812,0.003846479,0.008644219,0.0202624427049178,0.1028696290693392
2024-10-21,573.3550415039062,-0.001642205,-0.001180867,0.0278794628373584,0.08588496
2024-10-22,573.0504760742188,-0.000531199,0.006105736,0.0177085463979198,0.078408996
2024-10-23,567.8143310546875,-0.009137319,-0.0074017,0.001472756,0.089499644
2024-10-24,569.0424194335938,0.002162834,-0.005340305,0.005398176,0.089314985
2024-10-25,568.8457641601562,-0.00034559,-0.00949401,-0.000931859,0.084025133
2024-10-28,570.6044311523438,0.003091641,-0.004797395,-0.005972596,0.073209681
2024-10-29,571.5278930664062,0.001618392,-0.002656979,0.003432534,0.061690242
2024-10-30,569.7988281,-0.003025338,0.003494975,-0.003932593,0.059372716
2024-10-31,558.6289672851562,-0.019603166,-0.018299958,-0.023542535,0.1130133380811781
2024-11-01,560.9866333007812,0.004220451,-0.013815926,-0.023178767,0.1136021354808496
2024-11-04,559.7783203,-0.002153907,-0.018973058,-0.023679431,0.113545785748028
2024-11-05,566.5471191,0.0120919274336066,-0.00871484,-0.011348663,0.1349376250936264
2024-11-06,580.6345825195312,0.0248654752675734,0.0190168070899474,0.022578246,0.1790393398628269
2024-11-07,585.1240844726562,0.007732061,0.047428828,0.0282609248271326,0.1810975620034993
2024-11-08,587.6587524414062,0.004331847,0.0475450172202664,0.033072213,0.1803076050758144
2024-11-11,588.2186889648438,0.000952826,0.050806485,0.0308694725292051,0.1807016748475906
2024-11-12,586.3914794921875,-0.003106344,0.035026849,0.026006755936327,0.1833260988658117
2024-11-13,586.6763305664062,0.000485769,0.0104054223237242,0.029620107,0.1811271442861766
2024-11-14,582.9039306640625,-0.006430121,-0.00379433,0.043454537,0.1432457310660189
2024-11-15,575.4376831054688,-0.01280871,-0.020796201,0.025760060840771,0.1670390725675123
2024-11-18,577.7954711914062,0.004097382,-0.01771997,0.0321862248413766,0.1649969506295078
2024-11-19,579.9075927734375,0.003655483,-0.011057266,0.0235822814756847,0.1575648415554825
2024-11-20,580.1040649414062,0.000338799,-0.011202541,-0.000913686,0.095388326
2024-11-21,583.2183227539062,0.005368447,0.000539355,-0.003257021,0.090588864
2024-11-22,585.0259399414062,0.003099383,0.016662546,-0.004480172,0.089017686
2024-11-25,587.0103759765625,0.003392048,0.0159483852757711,-0.00205419,0.090904432
2024-11-26,590.0754395,0.005221481,0.0175335636339217,0.006282424,0.093014025
2024-11-27,588.2874145507812,-0.003030163,0.014106692409062,0.002746121,0.094836099
2024-11-29,591.9418945,0.006212066,0.0149576435393041,0.0155050659152207,0.090904312
2024-12-02,593.0029297,0.001792465,0.0136352752954727,0.0305250196463269,0.0434935103147817
2024-12-03,593.2780151367188,0.000463885,0.0106772203979006,0.0267958900982516,0.044767082
2024-12-04,596.9619750976562,0.0062095,0.011670602,0.029408793,0.048084112
2024-12-05,595.9796142578125,-0.0016456,0.0130755809435512,0.0273667265510537,0.051929635
2024-12-06,597.109375,0.001895637,0.008729709,0.023817928,0.049832529
2024-12-09,594.0344238,-0.005149729,0.001739442,0.0153984349610565,0.0621049332867168
2024-12-10,592.1875,-0.003109119,-0.001838118,0.008819476,0.065164716
2024-12-11,596.765625,0.007730871,-0.000328916,0.0113378478403971,0.070812193
2024-12-12,593.6906738,-0.005152695,-0.003840635,0.009184727,0.074988068
2024-12-13,593.5727539,-0.000198622,-0.005922903,0.0027551,0.068997872
2024-12-16,596.1072998046875,0.004269984,0.003489488,0.005235,0.071587148
2024-12-17,593.6513061523438,-0.004120053,0.002471863,0.000629201,0.075309816
2024-12-18,575.9584350585938,-0.029803474,-0.034866603,-0.03518405,0.1611791073781707
2024-12-19,575.7815551757812,-0.000307105,-0.03016574,-0.03389052,0.1617558957651739
2024-12-20,582.6972656,0.012010996856451,-0.018322081,-0.024136465,0.1781573998422285
2024-12-23,586.1866455078125,0.005988324,-0.016642397,-0.013210982,0.1820453669920553
2024-12-24,592.7020263671875,0.0111148572034265,-0.001599053,0.000868857,0.1917638005860446
2024-12-26,592.7415161132812,6.662664262480078e-05,0.0291393962360844,-0.006743198,0.1870864697796139
2024-12-27,586.5020751953125,-0.010526411,0.0186190751043742,-0.012108323,0.1926009607910382
2024-12-30,579.8091430664062,-0.011411609,-0.004956472,-0.02318774,0.1991628745490897
2024-12-31,577.6997680664062,-0.003638051,-0.014478115,-0.030879561,0.1958181831769574
2025-01-02,576.2803344726562,-0.002457044,-0.027706489,-0.029261237,0.1957446653102388
2025-01-03,583.4858398,0.0125034725984314,-0.01561503,0.0130693541876689,0.1402593526876656
2025-01-06,586.8470458984375,0.005760561,0.000588183,0.01921821,0.1415722284792593
2025-01-07,580.2133178710938,-0.011304015,0.000697082,-0.004262844,0.1435046559298298
2025-01-08,581.0609741210938,0.001460939,0.005818258,-0.008744094,0.1396170248576713
2025-01-10,572.1896973,-0.015267377,-0.007098346,-0.034608164,0.1391616910198163
2025-01-13,573.0769043,0.001550547,-0.017839226,-0.033175695,0.1404147337146624
2025-01-14,573.8653564453125,0.001375823,-0.022121078,-0.021545906,0.1359836485983634
2025-01-15,584.3039551,0.0181899787390411,0.00705023,0.007752227,0.1587707307779882
2025-01-16,583.1802368164062,-0.001923174,0.003647229,0.009486708,0.1576527020906656
2025-01-17,589.0353393554688,0.01003995363599,0.02944066,0.0221333335875226,0.1624141375603004
2025-01-21,594.4270629882812,0.009153481,0.037255312,0.01875148,0.157275190603964
2025-01-22,597.7686767578125,0.005621571,0.0416531857935527,0.018610694,0.1571812723192446
2025-01-23,601.03125,0.005457919,0.0286277283877678,0.0358797902214498,0.1392896806482775
2025-01-24,599.2767944335938,-0.002919075,0.0276013427770784,0.031349241,0.1428334272787687
2025-01-27,590.7997436523438,-0.014145468,0.002995413,0.03252426,0.1388430213931843
2025-01-28,595.8760986328125,0.008592345,0.002437701,0.03978383,0.1409279726087527
2025-01-29,593.2047729492188,-0.004483022,-0.0076349,0.0337002683411666,0.1468619321711237
2025-01-30,596.3886108398438,0.005367182,-0.007724456,0.020682139,0.122726286557318
2025-01-31,593.2147216796875,-0.005321847,-0.010115647,0.0172064899147812,0.1269409480357703
2025-02-03,589.2225952148438,-0.006729648,-0.002669514,0.000317903,0.1241080110259088
2025-02-04,593.175293,0.006708327,-0.004532495,-0.002105843,0.119616955173761
2025-02-05,595.5803223,0.0040545,0.004004602,-0.003660872,0.1177307251273777
2025-02-06,597.6503295898438,0.003475614,0.002115598,-0.005625199,0.1153937499642976
2025-02-07,592.1797485351562,-0.009153481,-0.001744686,-0.011842684,0.122986776088764
2025-02-10,596.2012939453125,0.006791089,0.011843909,0.009142777,0.1046483971755503
2025-02-11,596.6547241210938,0.000760532,0.005865772,0.00130669,0.095584886
2025-02-12,594.7326049804688,-0.003221493,-0.001423347,0.002575556,0.094071726
2025-02-13,601.0115356445312,0.0105575692529396,0.005624034,0.007751531,0.1049239810730781
2025-02-14,600.9820556640625,-4.91e-05,0.014864248820869,0.0130936298451627,0.099520608
2025-02-18,602.7463379,0.002935665,0.01097791,0.0229518399083969,0.088892555
2025-02-19,604.1657104492188,0.002354842,0.012588497,0.018528111,0.085447867
2025-02-20,601.6522216796875,-0.004160264,0.0116348366329201,0.0101949295285053,0.089375781
2025-02-21,591.3615112304688,-0.017104085,-0.016056305,-0.010522572,0.1258623072597941
2025-02-24,588.6706543,-0.004550274,-0.020485472,-0.005925725,0.1195028724740073
2025-02-25,585.7429809570312,-0.004973364,-0.028209805,-0.01754158,0.1136665244361946
2025-02-26,586.0388184,0.000505064,-0.030003179,-0.017792377,0.1135159848312114
2025-02-27,576.6844482421875,-0.015962032,-0.041498681,-0.030346674,0.1342072597023433
2025-02-28,585.6838989257812,0.0156055026471153,-0.009600916,-0.025503066,0.1499961430266244
2025-03-03,575.4227905273438,-0.017519874,-0.022504712,-0.042529165,0.1665946178700081
2025-03-04,568.6115723,-0.011836893,-0.029247314,-0.056632058,0.1651610624193622
2025-03-05,574.7229614257812,0.010747915551218,-0.019309057,-0.048732903,0.1812991343646866
2025-03-06,564.5209350585938,-0.017751207,-0.021092147,-0.061715531,0.1922036843399991
2025-03-07,567.6850586,0.005604971,-0.030731322,-0.040037189,0.1902047647363523
2025-03-10,552.5643920898438,-0.026635661,-0.039724527,-0.061335251,0.2216618590176146
2025-03-11,547.9709473,-0.008312958,-0.036300044,-0.064485679,0.2217692466436195
2025-03-12,550.8788452148438,0.005306664,-0.041488017,-0.05999598,0.2272908076551783
2025-03-13,543.5354004,-0.013330417,-0.037174059,-0.057482126,0.2244518388628005
2025-03-14,554.7625122070312,0.0206557140681868,-0.022763584,-0.05279535,0.2389111204281963
2025-03-17,559.0404052734375,0.007711215,0.0117199249106532,-0.028470171,0.2363582397636784
2025-03-18,552.9981079101562,-0.010808337,0.009174137,-0.027458928,0.2353092480690751
2025-03-19,559.0206909179688,0.010890784,0.0147797392727064,-0.02732146,0.2355385280299401
2025-03-20,557.4041137695312,-0.002891802,0.0255157499749587,-0.012606833,0.2202057476781108
2025-03-21,557.5879516601562,0.000329811,0.005093061,-0.017786459,0.2172261218399636
2025-03-24,567.5736083984375,0.0179086666212031,0.0152640185655743,0.027162836627651,0.1871058256914115
2025-03-25,568.9379883,0.002403882,0.028824475424215,0.0382630523027736,0.1768216878079028
2025-03-26,562.1458740234375,-0.011938233,0.005590461,0.0204528253471043,0.1931891700134896
2025-03-27,560.6528930664062,-0.00265586,0.005828409,0.031492875,0.1759934261044277
2025-03-28,549.3623657226562,-0.020138177,-0.014752087,-0.009734159,0.1815025211213412
2025-03-31,553.0500488,0.006712661,-0.025588856,-0.010715427,0.1802379255722998
2025-04-01,554.6121215820312,0.002824469,-0.025180014,0.00291866,0.1723235697468324
2025-04-02,558.1219482421875,0.006328435,-0.007158152,-0.001607709,0.1659080937051184
2025-04-03,530.6172485351562,-0.049280806,-0.05357262,-0.048056454,0.2982896296083803
2025-04-04,499.5533447265625,-0.058542959,-0.09066697,-0.10408153,0.399463113
2025-04-07,498.6635437011719,-0.001781193,-0.09833921,-0.121411679,0.3713008721864391
2025-04-08,490.8531188964844,-0.015662715,-0.11496143,-0.137246714,0.3618051127005978
2025-04-09,542.4021606445312,0.1050192812545172,-0.028165507,-0.035122046,0.7013037208805181
2025-04-10,518.6345825195312,-0.043819107,-0.022582504,-0.07494532,0.7310154543893099
2025-04-11,527.8885498046875,0.017842943,0.0567210796949717,-0.039088618,0.7365046134193526
2025-04-14,533.0098266601562,0.009701436,0.068876667,-0.03623582,0.7377640420534576
2025-04-15,531.5169677734375,-0.002800809,0.082843212,-0.041641993,0.7371168483752016
2025-04-16,519.7023315429688,-0.022228145,-0.041850551,-0.068837316,0.7406041663547033
2025-04-17,520.4438477,0.001426809,0.003488516,-0.019172767,0.7005924264625455
2025-04-21,508.0558471679687,-0.023802761,-0.037569867,0.017020209,0.639890953
2025-04-22,521.2742919921875,0.026017700412074,-0.022017483,0.045342694,0.6499551194336975
2025-04-23,529.3517456054688,0.0154955917400245,-0.004073665,0.078432071,0.6407475986639923
2025-04-24,540.4940185546875,0.021048902,0.0400069150161195,-0.003517947,0.3651945880455236
2025-04-25,544.3992919921875,0.007225378,0.046028874,0.049677963,0.2721939958251432
2025-04-28,544.6068725585938,0.000381302,0.071942928,0.031670175,0.263073461
2025-04-29,548.0375977,0.006299452,0.0513420785854976,0.0281941724982031,0.2612844592404238
2025-04-30,548.2550048828125,0.000396701,0.0357102048576836,0.031491068,0.2598178003862103
2025-05-01,552.1404418945312,0.007086916,0.0215477376992754,0.062416711,0.2176573031373729
2025-05-02,560.3364868164062,0.0148441307681652,0.0292748265081275,0.076651188,0.2199016730365169
2025-05-05,557.1234130859375,-0.005734186,0.0229827076337474,0.096579079,0.1578326976797869
2025-05-06,552.4667969,-0.008358321,0.008081926,0.059838947,0.1500655120475871
2025-05-07,554.7901611328125,0.004205437,0.0119199208247937,0.048055788,0.1401612648636791
2025-05-08,558.6558227539062,0.006967791,0.0118002239376255,0.03360223,0.10854115368347
2025-05-09,557.9439697265625,-0.001274225,-0.004269786,0.0248800428905946,0.1083895456210028
2025-05-12,576.3826293945312,0.033047511,0.034569031,0.0583462281455486,0.1865390913764242
2025-05-13,580.1889648,0.006603834,0.0501788851847007,0.058666353,0.186570536
2025-05-14,580.9304809570312,0.00127806,0.04711749,0.059599047,0.1859099589963692
2025-05-15,583.7679443359375,0.004884342,0.0449509708110451,0.0572816262704547,0.1858339562320008
2025-05-16,587.4655762,0.006334078,0.0529114177177691,0.0484157109054323,0.1788183115627888
2025-05-19,588.1081543,0.001093814,0.0203433002737452,0.0556155790317827,0.1706594951776245
2025-05-20,586.1307983398438,-0.003362232,0.010241204,0.060933981,0.1608803086419599
2025-05-21,576.2540893554688,-0.016850691,-0.00804983,0.0386883721564736,0.1978511491047576
2025-05-22,576.4815063476562,0.000394647,-0.012481737,0.031908168,0.1977230630143966
2025-05-23,572.5465087890625,-0.006825887,-0.025395645,0.0261720528490636,0.2031421665618445
2025-05-27,584.4501342773438,0.02079067,-0.006219978,0.0139967869803556,0.1555470731120276
2025-05-28,581.0689086914062,-0.005785311,-0.008636109,0.00151665,0.1564484475885916
2025-05-29,583.3626098632812,0.003947382,0.0123357398049239,0.004186609,0.1575358677209594
2025-05-30,582.7101440429688,-0.001118457,0.0108045750413998,-0.001812022,0.1556888672046174
2025-06-02,585.9924316,0.005632796,0.02348442,-0.002507627,0.1549104218024427
2025-06-03,589.3341674804688,0.005702695,0.008356629,0.002084673,0.1576978460481686
2025-06-04,589.1759643554688,-0.000268444,0.013951969,0.005195369,0.1564721778839054
2025-06-05,586.3285522460938,-0.004832872,0.005084217,0.0174826748767946,0.1280799120063681
2025-06-06,592.3495483398438,0.0102689798589628,0.016542366,0.0275256739677924,0.1345528827748939
2025-06-09,592.8834228515625,0.000901283,0.0117595225447615,0.0355201084109526,0.1243581793919431
2025-06-10,596.2449340820312,0.005669768,0.011726397,0.02018102,0.081275531
2025-06-11,594.5443725585938,-0.002852119,0.009111723,0.023190819,0.074443149
2025-06-12,596.9073486328125,0.003974432,0.018042438,0.0232183868841124,0.074459979
2025-06-13,590.2338256835938,-0.011180166,-0.003571747,0.0129115336630731,0.1001300803815167
2025-06-16,595.8494262695312,0.009514196,0.005002676,0.016821027195367,0.1065227299267175
2025-06-17,590.7578735351562,-0.008545033,-0.009202695,0.002415787,0.1151557028901389
2025-06-18,590.6688232421875,-0.000150739,-0.00651852,0.002533808,0.1151419508478136
2025-06-20,589.2816162109375,-0.002348536,-0.012775404,0.005036534,0.1127046277784225
2025-06-23,595.1022338867188,0.009877481,0.00824827,0.004647063,0.1117701813497169
2025-06-24,601.6765137,0.0110473115555598,0.009779463,0.0148310620290592,0.1237846172866709
2025-06-25,602.0136108398438,0.000560263,0.0190530466184597,0.009675012,0.1216043277100103
2025-06-26,606.7236328,0.00782378,0.02718073,0.0204850315906504,0.1239473261137036
2025-06-27,609.7380981445312,0.004968432,0.0347142713616763,0.0214953787067742,0.1244771204809293
2025-06-30,612.6533813476562,0.004781206,0.029492659,0.037984193,0.099968298
2025-07-01,612.4550781,-0.000323679,0.0179142183685154,0.0278688727778639,0.0962214
2025-07-02,615.2315063476562,0.004533277,0.0219561406416921,0.041427519,0.072681178
2025-07-03,620.0803833007812,0.007881386,0.022014555,0.0497936557700022,0.070758419
2025-07-07,615.4595336914062,-0.007452017,0.009383431,0.0444234416284559,0.087914767
2025-07-08,615.1224365234375,-0.000547716,0.004030101,0.0336416190306718,0.08516093
2025-07-09,618.8110961914062,0.005996627,0.010377933,0.028478064,0.075575688
2025-07-10,620.5563354492188,0.00282031,0.008655001,0.030801172,0.074526038
2025-07-11,618.3748168945312,-0.003515424,-0.002750557,0.0192034452787368,0.075906443
2025-07-14,619.5548095703125,0.001908216,0.006654013,0.0160998819913895,0.073989058
2025-07-15,616.9072875976562,-0.004273265,0.002901619,0.006943414,0.077016226
2025-07-16,618.9697266,0.003343191,0.000256347,0.0106369408470645,0.077843179
2025-07-17,622.7576293945312,0.00611969,0.003547291,0.012232993546696,0.080191672
2025-07-18,622.3014526367188,-0.000732511,0.006349928,0.003581906,0.071352114
2025-07-21,623.4815063476562,0.001896273,0.006337933,0.0130341187634803,0.056570563
2025-07-22,623.5707397460938,0.000143121,0.010801383,0.0137343441257069,0.0560420694394786
2025-07-23,628.8757934570312,0.008507541,0.0160041218001814,0.0162645714137483,0.062849501
2025-07-24,629.0839233398438,0.000330955,0.0101585169682516,0.0137418432517524,0.062762508
2025-07-25,631.7413940429688,0.00422435,0.0151694028131423,0.0216156557208526,0.0577064556398531
2025-07-28,631.5828247070312,-0.000251004,0.012993679,0.019413965,0.058960721
2025-07-29,629.9169311523438,-0.002637649,0.0101771795912586,0.0210884906309816,0.0545483375800229
2025-07-30,629.1236572265625,-0.001259331,0.000394138,0.0164045675068038,0.0564577010085355
2025-07-31,626.7636719,-0.003751227,-0.003688302,0.006432747,0.056243688
2025-08-01,616.4907836914062,-0.01639037,-0.024140591,-0.009337386,0.1027193053575162
2025-08-04,625.8612670898438,0.015199714,-0.009059077,0.003816891,0.1307988905357781
2025-08-05,622.6882324,-0.005069869,-0.011475638,-0.001415248,0.1336845010509953
2025-08-06,627.4577637,0.007659581,-0.002647959,-0.002254865,0.1322137283954298
2025-08-07,626.9321899414062,-0.000837624,0.00026887,-0.003420423,0.1322138324774952
2025-08-08,631.8208008,0.007797671,0.02486658,0.000125695,0.136784085046586
2025-08-11,630.5713500976562,-0.00197754,0.007525762,-0.001601492,0.1371631158252346
2025-08-12,637.2844238,0.0106460176622822,0.023440609033962,0.0116959749951528,0.1462618263889288
2025-08-13,639.4658813476562,0.003423052,0.019137731,0.016439096,0.1459441964710974
2025-08-14,639.5254516601562,9.315635788809118e-05,0.0200871193420886,0.02036139,0.1431958378044093
2025-08-15,638.0281372070312,-0.00234129,0.009824521,0.034935402,0.1047261276473143
2025-08-18,637.8892822265625,-0.000217631,0.0116052404343662,0.0192183408195991,0.082590049
2025-08-19,634.4286499023438,-0.00542513,-0.004481161,0.018854407,0.083446442
2025-08-20,632.7429809570312,-0.002656987,-0.010513306,0.008423224,0.079419962
2025-08-21,630.2044677734375,-0.004011918,-0.014574844,0.005219508,0.082834218
2025-08-22,639.8823242,0.0153566928516155,0.002906121,0.0127591928400139,0.1066611661651867
2025-08-25,637.0662841796875,-0.004400872,-0.001290189,0.0103000779864568,0.1093977234646087
2025-08-26,639.7335815429688,0.004186844,0.008361747,0.003843116,0.097708522
2025-08-27,641.1912841796875,0.002278609,0.0133518718925622,0.002698194,0.096882687
2025-08-28,643.4619750976562,0.003541363,0.021036835,0.006155382,0.098227388
2025-08-29,639.6245727539062,-0.005963682,-0.000402811,0.00250214,0.1028699246890295
2025-09-02,634.8847656,-0.007410296,-0.00342432,-0.004710091,0.1099173752003561
2025-09-03,638.3255615234375,0.00541956,-0.002200947,0.006142395,0.1096560539139754
2025-09-04,643.6602783203125,0.00835736,0.003850636,0.0172539209313213,0.1142442980139966
2025-09-05,641.7961426,-0.002896148,-0.002588859,0.018393514,0.112800815
2025-09-08,643.3727416992188,0.002456542,0.005859951,0.00545478,0.084605536
2025-09-09,644.8601684570312,0.002311921,0.015712147,0.0122340241053244,0.080186847
2025-09-10,646.7243652,0.002890854,0.0131575550427478,0.01092764846664,0.079104562
2025-09-11,652.0988159179688,0.008310265,0.0131102351378236,0.017011354,0.087022421
2025-09-12,651.8805541992188,-0.000334707,0.0157127956247666,0.013083258105943,0.086903414
2025-09-15,655.3511352539062,0.005323952,0.0186181241111509,0.024587177,0.078502037
2025-09-16,654.4488525390625,-0.001376793,0.0148694004546354,0.030815178,0.0612434430118019
2025-09-17,653.6356811523438,-0.001242529,0.010686648,0.023984814,0.063117397
2025-09-18,656.6898803710938,0.004672632,0.007040443,0.0202429798600949,0.0556108757416493
2025-09-19,659.9423217773438,0.004952781,0.0123669398115859,0.028274055,0.049878667
2025-09-22,663.0645751953125,0.0047311,0.0117699345075792,0.0306071927201725,0.050744018
2025-09-23,659.4551391601562,-0.005443566,0.007649622,0.0226327681829794,0.06633184
2025-09-24,657.3569946289062,-0.003181633,0.005693253,0.016440743,0.07148911
2025-09-25,654.3242797851562,-0.004613497,-0.00360231,0.003412771,0.067030184
2025-09-26,658.072998,0.005729144,-0.002832556,0.009499354,0.072024742
2025-09-29,659.9224243164062,0.002810366,-0.004738831,0.006975328,0.068788262
2025-09-30,662.4082641601562,0.003766867,0.004478129,0.0121620071457282,0.069276568
2025-10-01,664.6654052734375,0.003407477,0.0111178715739641,0.0168744216987184,0.068581087
2025-10-02,665.4309692382812,0.001151804,0.016974289043304,0.0133108322946104,0.066530658
2025-10-03,665.4211426,-1.48e-05,0.011166154,0.008301969,0.063566372
2025-10-06,667.8074951171875,0.003586229,0.0119484813824126,0.007153029,0.061837539
2025-10-07,665.3316040039062,-0.003707492,0.0044132,0.008911091,0.0574510686682909
2025-10-08,669.2990112304688,0.005963052,0.006971336,0.0181667141281489,0.057629181
2025-10-09,667.3600463867188,-0.002897008,0.002898989,0.019922486455558,0.052707892
2025-10-10,649.3227539,-0.027027828,-0.024192782,-0.013296768,0.1514596246551806
2025-10-13,659.2860107421875,0.0153440746932087,-0.01276039,-0.000964376,0.1725719616791796
2025-10-14,658.4805908203125,-0.001221655,-0.010297141,-0.005929385,0.1713007479084383
2025-10-15,661.4039306640625,0.004439523,-0.011796044,-0.004906942,0.1720436662797701
2025-10-16,656.8995971679688,-0.006810261,-0.015674371,-0.012820822,0.1746067806033845
2025-10-17,660.628418,0.005676394,0.0174114706353449,-0.007202543,0.178023902
2025-10-20,667.4992676,0.0104004753996216,0.012457805416941,-0.000461551,0.1857016278765682
2025-10-21,667.4893188476562,-1.49e-05,0.013681084,0.003243067,0.1845501414543776
2025-10-22,664.0191040039062,-0.005198907,0.003953973,-0.007888712,0.1836078722300485
2025-10-23,667.9566650390625,0.005929891,0.016832204,0.000893998,0.1860231719385655
2025-10-24,673.4155883789062,0.008172571,0.0193560707689102,0.037104559,0.1106900289148404
2025-10-27,681.3603516,0.0117977120231489,0.020765692,0.0334821920390249,0.1012478568546021
2025-10-28,683.1700439453125,0.002655999,0.0234920989068816,0.03749458,0.098206211
2025-10-29,683.4982299804688,0.000480387,0.0293351890918607,0.0334051527244827,0.099380975
2025-10-30,675.9810180664062,-0.010998144,0.012013284,0.029047698,0.1126575048807748
2025-10-31,678.1983032226562,0.0032801,0.007102174,0.0265957151948272,0.1116356762168855
2025-11-03,679.4711303710938,0.001876777,-0.00277272,0.0179353946505529,0.1029277707242547
2025-11-04,671.4169922,-0.01185354,-0.017203699,0.005884249,0.1238062065792327
2025-11-05,673.7437133789062,0.003465389,-0.014271458,0.0146450746919215,0.1199965730109547
2025-11-06,666.5148926,-0.010729333,-0.014003537,-0.002158482,0.1313096209890993
2025-11-07,667.1710815429688,0.000984508,-0.016259583,-0.009272887,0.1232070888205572
2025-11-10,677.5818481445312,0.0156043433079944,-0.002780519,-0.005545529,0.1351028870494669
2025-11-11,679.1329956054688,0.00228924,0.0114921181735805,-0.005909288,0.1348735730243359
2025-11-12,679.5109252929688,0.000556488,0.008559949,-0.005833672,0.1348905502914633
2025-11-13,668.2351074,-0.01659402,0.00258091,-0.011458769,0.1491909400966606
2025-11-14,668.1256713867188,-0.000163769,0.001430802,-0.014852045,0.1473423493513505
2025-11-17,661.901123,-0.009316433,-0.023142186,-0.025858357,0.1509229220707153
2025-11-18,656.3427734,-0.008397553,-0.033557819,-0.022451351,0.1458873758978131
2025-11-19,658.8783569335938,0.0038632,-0.030363851,-0.022063815,0.1463352162388169
2025-11-20,648.8355712890625,-0.015242245,-0.029031004,-0.026525021,0.1551941710520237
2025-11-21,655.2987670898438,0.009961223,-0.019198341,-0.017795008,0.167148809767425
2025-11-24,664.9437866210938,0.0147185070621804,0.004596855,-0.018651712,0.1646144138124365
2025-11-25,671.1982422,0.009405991,0.0226337050565768,-0.011683652,0.1732539275485519
2025-11-26,675.8318481445312,0.006903483,0.0257308364017885,-0.005414302,0.1778433921391769
2025-11-28,679.5208129882812,0.005458406,0.047292786,0.0168888246682334,0.1548906047652519
2025-12-01,676.418457,-0.004565505,0.032229101,0.0124120146847812,0.157935030824166
2025-12-02,677.6713867,0.0018523,0.019140866,0.023825709,0.1464926317011649
2025-12-03,680.0180053710938,0.003462768,0.013140325,0.036071445,0.1335522764193666
2025-12-04,680.5151367,0.000731056,0.006929665,0.032838808,0.1342910100987426
2025-12-05,681.8078002929688,0.001899537,0.003365588,0.050817542,0.087576053
2025-12-08,679.7594604492188,-0.003004278,0.004939255,0.037327544,0.091055479
2025-12-09,679.1727905273438,-0.000863055,0.002215534,0.021398807,0.069158334
2025-12-10,683.6771850585938,0.006632178,0.005381004,0.0185920374737926,0.062018219
2025-12-11,685.2680664,0.002326948,0.006984311,0.0139623758300611,0.055489683
2025-12-12,677.9000854492188,-0.010751969,-0.005731402,-0.002385104,0.077528062
2025-12-15,676.8758544921875,-0.001510888,-0.004242098,0.000676205,0.074187374
2025-12-16,675.0264282226562,-0.002732298,-0.006105018,-0.00390301,0.07468444
2025-12-17,667.5986938476562,-0.01100362,-0.023517665,-0.01826321,0.087963776
2025-12-18,672.6399536132812,0.007551333,-0.01842799,-0.011572385,0.099433847
2025-12-19,678.7363891601562,0.009063445,0.001233668,-0.004504805,0.1113644598399266
2025-12-22,682.9648438,0.006229892,0.008995725,0.004715467,0.1149749856979538
2025-12-23,686.0863037109375,0.004570455,0.0163843592278334,0.0101793141303934,0.1164055316542842
2025-12-24,688.4996948242188,0.00351762,0.0313077319790742,0.007053782,0.1132206299178188
2025-12-26,688.4298706054688,-0.000101415,0.0234745451966797,0.004613967,0.112915084667657
2025-12-29,685.9765625,-0.003563628,0.0106671359536247,0.0119139637597616,0.097617878
2025-12-30,685.138916,-0.001221101,0.003183286,0.0122076470428047,0.097402976
2025-12-31,680.0627441,-0.007408967,-0.008779595,0.007460917,0.1052448331196302
2026-01-02,681.3093262,0.00183304,-0.010443532,0.0205372365922384,0.082281034
2026-01-05,685.8469238,0.006660114,-0.003751939,0.0196345312880965,0.080718499
2026-01-06,689.9257813,0.005947183,0.005757075,0.0164856227963394,0.074298115
2026-01-07,687.7019043,-0.003223357,0.00374083,0.006936024,0.073114429
2026-01-08,687.6320801,-0.000101533,0.011130349,0.002253035,0.069881328
2026-01-09,692.1796264648438,0.006613342,0.015955015,0.005344856,0.075459853
2026-01-12,693.2666625976562,0.001570454,0.010818359770599,0.007025831,0.075526548
2026-01-13,691.8804931640625,-0.001999475,0.002833221,0.008606607,0.073427014
2026-01-14,688.4797363,-0.004915237,0.00113106,0.004876121,0.078532697
2026-01-15,690.3546142578125,0.002723214,0.003959289,0.015133707,0.065331965
2026-01-16,689.7761840820312,-0.000837874,-0.003472281,0.0124273330555,0.066331255
2026-01-20,675.7345581054688,-0.020356786,-0.025289121,-0.014744348,0.1208257851173497
2026-01-21,683.5332641601562,0.0115410792020944,-0.012064553,-0.009265514,0.1330682408841124
2026-01-22,687.1035156,0.00522323,-0.001998927,-0.000870128,0.13566659124983
2026-01-23,687.3527832,0.00036278,-0.004348245,-0.000406172,0.1356820539338682
2026-01-26,690.8432617,0.005078147,0.001546991,-0.001930662,0.1337901691745802
2026-01-27,693.5957641601562,0.003984265,0.026432281,0.000474711,0.1352061003798745
2026-01-28,693.5259399414062,-0.00010067,0.0146191506766357,0.002378224,0.1347234004670573
2026-01-29,692.1497192382812,-0.001984382,0.007344168,0.005330561,0.1323472067274422
2026-01-30,690.0853271484375,-0.00298258,0.003975461,-0.000390071,0.1328384402531983
2026-02-02,693.5159912109375,0.004971362,0.003868793,0.005421769,0.1350047200693699
2026-02-03,687.6520385742188,-0.008455396,-0.008569438,0.017636334,0.088577721
2026-02-04,684.3211059570312,-0.004843922,-0.013272516,0.001152602,0.075100976
2026-02-05,675.7744750976562,-0.012489211,-0.023658529,-0.016488113,0.092138649
2026-02-06,688.7390137,0.0191847118409513,-0.001950938,0.002016767,0.139765092
2026-02-09,692.0599975585938,0.004821832,-0.002099438,0.001761233,0.1395221755632604
2026-02-10,690.2349243164062,-0.00263716,0.003756094,-0.004845531,0.1384630422658014
2026-02-11,690.0754395,-0.000231059,0.008408821,-0.004975301,0.1384553376277907
2026-02-12,679.4145508,-0.015448874,0.005386524,-0.018399442,0.1577479023184613
2026-02-13,679.8931884765625,0.000704485,-0.012843508,-0.014769389,0.1580667081419914
2026-02-17,680.9901733398438,0.001613466,-0.015995469,-0.018061325,0.1551231210588921
2026-02-18,684.4208374023438,0.005037759,-0.008423345,-0.00469889,0.1536416595592732
2026-02-19,682.6157227,-0.002637434,-0.010810002,-0.002492081,0.1522593201195529
2026-02-20,687.5523071289062,0.007231865,0.0119776009187597,0.017428643,0.1393583235113061
2026-02-23,680.5314941,-0.010211315,0.000938832,-0.011916734,0.1118886775725196
2026-02-24,685.4779052734375,0.007268453,0.00659001,-0.009510869,0.1161535230799612
2026-02-25,691.262207,0.008438349,0.009995852,0.001488309,0.1245978575474682
2026-02-26,687.4226074,-0.005554476,0.007041861,-0.003844264,0.1279073175280023
2026-02-27,684.1216430664062,-0.004801943,-0.004989677,0.006928159,0.1010838747624953
2026-03-02,684.5106201171875,0.000568579,0.005847086,0.006791407,0.1010863440510723
2026-03-03,678.4771118164062,-0.008814338,-0.010213011,-0.003690305,0.1114563704087987
2026-03-04,683.2639770507812,0.007055308,-0.011570472,-0.001690276,0.1146016370032225
2026-03-05,679.4544067382812,-0.005575547,-0.011591415,-0.004631179,0.1173075058045811
2026-03-06,670.5487060546875,-0.013107135,-0.019839947,-0.024730629,0.1242903442423637
2026-03-09,676.4227294921875,0.008760025,-0.011815581,-0.006037582,0.1276602921324976
2026-03-10,675.3356323242188,-0.001607127,-0.004630192,-0.014795915,0.1199300629193676
2026-03-11,674.4879760742188,-0.001255163,-0.012844232,-0.02426609,0.1066576346354949
2026-03-12,664.2459106445312,-0.015184949,-0.022383395,-0.033715354,0.1240821686499491
2026-03-13,660.4862060546875,-0.00566011,-0.015006367,-0.034548588,0.1244286861760734
2026-03-16,667.2078857421875,0.0101768661114831,-0.013622907,-0.025277525,0.141380469
2026-03-17,668.9630126953125,0.002630555,-0.009436226,-0.014022727,0.1387657154508135
2026-03-18,659.6285400390625,-0.013953645,-0.022030691,-0.034591955,0.1430325147885273
2026-03-19,658.0029907226562,-0.00246434,-0.009398507,-0.031571531,0.1426068377740369
2026-03-20,648.5700073242188,-0.014335776,-0.018041556,-0.032777185,0.1451161782811363
2026-03-23,655.3800048828125,0.010500019,-0.01772743,-0.031108837,0.1493622744196462
2026-03-24,653.1799926757812,-0.00335685,-0.023593263,-0.032806857,0.1491256364916399
2026-03-25,656.8200073242188,0.005572759,-0.004257749,-0.026194639,0.1555360726314344
2026-03-26,645.0900268554688,-0.017858744,-0.019624476,-0.028838542,0.1620335629645208
2026-03-27,634.0900268554688,-0.017051884,-0.02232601,-0.03996477,0.1769234881858056
2026-03-30,631.9699707,-0.003343462,-0.035719787,-0.052813997,0.1586314415537821
2026-03-31,650.3400268554688,0.029067926,-0.004347907,-0.027838588,0.233700941
2026-04-01,655.2399902,0.007534464,-0.002405556,-0.006653062,0.229645395
2026-04-02,655.8300170898438,0.000900474,0.016648824,-0.003302377,0.229490844540439
2026-04-06,658.9299926757812,0.004726797,0.039174194,0.015973580699953,0.2162703864709931
2026-04-07,659.2199707,0.000440074,0.043119137,0.005859144,0.2105902456915643
2026-04-08,676.0100098,0.0254695546383276,0.039471633,0.0349521071463312,0.2424852059347457
2026-04-09,679.9099731445312,0.005769091,0.037650301,0.035154176,0.2425331567482259
2026-04-10,679.4600219726562,-0.000661781,0.036030685,0.053279378,0.2136416330798844
2026-04-13,686.0999755859375,0.009772398,0.041233489,0.082022972,0.1738431809567919
2026-04-14,694.4600219726562,0.012184881,0.0534571961343102,0.098881362,0.1626714436128664
2026-04-15,699.9400024414062,0.007890995,0.0353988732860299,0.076267758,0.1207545739349687
2026-04-16,701.6599731445312,0.002457312,0.031989529,0.070844246,0.1232631123125776
2026-04-17,710.1400146484375,0.012085685130224,0.0451534920137155,0.082811088,0.1207963207329873
2026-04-20,708.7199707,-0.001999668,0.0329689490192297,0.075561863,0.130268859
2026-04-21,704.0800170898438,-0.006546949,0.0138524822348466,0.068050193,0.1445693348887222
2026-04-22,711.2100219726562,0.0101266968380706,0.016101408,0.052070253,0.1032276621662853
2026-04-23,708.4500122070312,-0.003880724,0.009677108,0.041976203,0.1124510032579654
2026-04-24,713.9400024414062,0.007749298,0.00535104,0.05074615,0.1102947784796814
2026-04-27,715.1699829101562,0.001722806,0.009100932,0.0423699291045631,0.1078855495654709
2026-04-28,711.6900024414062,-0.004865949,0.0108084097927061,0.0248106153321931,0.1064018448397219
2026-04-29,711.5800170898438,-0.000154541,0.000520233,0.016630018,0.1025276326485641
2026-04-30,718.6599731445312,0.009949627,0.014411688561756,0.02422826,0.1107117767497187
2026-05-01,720.6500244140625,0.002769114,0.00939858,0.0147999120579453,0.096957958
2026-05-04,718.0100098,-0.00366338,0.003971121,0.013108194,0.098971917
