Security,SPY US Equity,
Start Date,1999/12/31 0:00,
End Date,2026/5/15 0:00,
Period,D,
Currency,USD,
,,
Date,PX_LAST,PX_BID
2026/5/15,#N/A N/A,741.13
2026/5/14,748.17,748.09
2026/5/13,742.31,742.27
2026/5/12,738.18,738.2
2026/5/11,739.3,739.21
2026/5/8,737.62,737.52
2026/5/7,731.58,731.55
2026/5/6,733.83,733.76
2026/5/5,723.77,723.71
2026/5/4,718.01,718.06
2026/5/1,720.65,720.64
2026/4/30,718.66,718.4
2026/4/29,711.58,711.59
2026/4/28,711.69,711.68
2026/4/27,715.17,715.15
2026/4/24,713.94,713.95
2026/4/23,708.45,708.4
2026/4/22,711.21,711.21
2026/4/21,704.08,704.11
2026/4/20,708.72,708.69
2026/4/17,710.14,710.03
2026/4/16,701.66,701.55
2026/4/15,699.94,699.84
2026/4/14,694.46,694.39
2026/4/13,686.1,686
2026/4/10,679.46,679.3
2026/4/9,679.91,679.86
2026/4/8,676.01,675.86
2026/4/7,659.22,659.25
2026/4/6,658.93,658.88
2026/4/2,655.83,655.89
2026/4/1,655.24,655.17
2026/3/31,650.34,650.22
2026/3/30,631.97,632
2026/3/27,634.09,634.07
2026/3/26,645.09,645.09
2026/3/25,656.82,656.71
2026/3/24,653.18,653.19
2026/3/23,655.38,655.36
2026/3/20,648.57,648.51
2026/3/19,659.8,659.72
2026/3/18,661.43,661.53
2026/3/17,670.79,670.72
2026/3/16,669.03,668.94
2026/3/13,662.29,662.29
2026/3/12,666.06,666.03
2026/3/11,676.33,676.33
2026/3/10,677.18,677.05
2026/3/9,678.27,678.27
2026/3/6,672.38,672.47
2026/3/5,681.31,681.43
2026/3/4,685.13,685.13
2026/3/3,680.33,680.27
2026/3/2,686.38,686.35
2026/2/27,685.99,686.25
2026/2/26,689.3,689.32
2026/2/25,693.15,693.07
2026/2/24,687.35,687.36
2026/2/23,682.39,682.41
2026/2/20,689.43,689.35
2026/2/19,684.48,684.53
2026/2/18,686.29,686.21
2026/2/17,682.85,682.76
2026/2/13,681.75,681.59
2026/2/12,681.27,681.24
2026/2/11,691.96,691.9
2026/2/10,692.12,692.07
2026/2/9,693.95,693.91
2026/2/6,690.62,690.64
2026/2/5,677.62,677.43
2026/2/4,686.19,686.06
2026/2/3,689.53,689.45
2026/2/2,695.41,695.46
2026/1/30,691.97,691.86
2026/1/29,694.04,693.96
2026/1/28,695.42,695.42
2026/1/27,695.49,695.53
2026/1/26,692.73,692.71
2026/1/23,689.23,689.18
2026/1/22,688.98,688.92
2026/1/21,685.4,685.31
2026/1/20,677.58,677.61
2026/1/16,691.66,691.59
2026/1/15,692.24,692.18
2026/1/14,690.36,690.43
2026/1/13,693.77,693.75
2026/1/12,695.16,695.15
2026/1/9,694.07,694
2026/1/8,689.51,689.45
2026/1/7,689.58,689.58
2026/1/6,691.81,691.8
2026/1/5,687.72,687.73
2026/1/2,683.17,683.16
2025/12/31,681.92,681.84
2025/12/30,687.01,686.93
2025/12/29,687.85,687.83
2025/12/26,690.31,690.24
2025/12/24,690.38,690.28
2025/12/23,687.96,687.92
2025/12/22,684.83,684.79
2025/12/19,680.59,680.59
2025/12/18,676.47,676.47
2025/12/17,671.4,671.3
2025/12/16,678.87,678.85
2025/12/15,680.73,680.7
2025/12/12,681.76,681.72
2025/12/11,689.17,689.14
2025/12/10,687.57,687.45
2025/12/9,683.04,683.05
2025/12/8,683.63,683.63
2025/12/5,685.69,685.64
2025/12/4,684.39,684.4
2025/12/3,683.89,683.81
2025/12/2,681.53,681.48
2025/12/1,680.27,680.27
2025/11/28,683.39,683.35
2025/11/26,679.68,679.64
2025/11/25,675.02,675
2025/11/24,668.73,668.8
2025/11/21,659.03,659.06
2025/11/20,652.53,652.51
2025/11/19,662.63,662.62
2025/11/18,660.08,660.15
2025/11/17,665.67,665.67
2025/11/14,671.93,671.95
2025/11/13,672.04,672.05
2025/11/12,683.38,683.3
2025/11/11,683,682.88
2025/11/10,681.44,681.32
2025/11/7,670.97,670.91
2025/11/6,670.31,670.24
2025/11/5,677.58,677.5
2025/11/4,675.24,675.34
2025/11/3,683.34,683.35
2025/10/31,682.06,681.96
2025/10/30,679.83,679.96
2025/10/29,687.39,687.29
2025/10/28,687.06,686.97
2025/10/27,685.24,685.17
2025/10/24,677.25,677.1
2025/10/23,671.76,671.6
2025/10/22,667.8,667.81
2025/10/21,671.29,671.25
2025/10/20,671.3,671.26
2025/10/17,664.39,664.31
2025/10/16,660.64,660.67
2025/10/15,665.17,665.08
2025/10/14,662.23,662.2
2025/10/13,663.04,663.06
2025/10/10,653.02,653.11
2025/10/9,671.16,671.18
2025/10/8,673.11,673.04
2025/10/7,669.12,669.13
2025/10/6,671.61,671.59
2025/10/3,669.21,669.19
2025/10/2,669.22,669.15
2025/10/1,668.45,668.5
2025/9/30,666.18,666.08
2025/9/29,663.68,663.6
2025/9/26,661.82,661.74
2025/9/25,658.05,657.94
2025/9/24,661.1,661.03
2025/9/23,663.21,663.24
2025/9/22,666.84,666.75
2025/9/19,663.7,663.61
2025/9/18,662.26,662.28
2025/9/17,659.18,659.15
2025/9/16,660,659.93
2025/9/15,660.91,660.84
2025/9/12,657.41,657.39
2025/9/11,657.63,657.59
2025/9/10,652.21,652.22
2025/9/9,650.33,650.33
2025/9/8,648.83,648.79
2025/9/5,647.24,647.19
2025/9/4,649.12,648.98
2025/9/3,643.74,643.63
2025/9/2,640.27,640.33
2025/8/29,645.05,645.02
2025/8/28,648.92,648.86
2025/8/27,646.63,646.6
2025/8/26,645.16,645.12
2025/8/25,642.47,642.48
2025/8/22,645.31,645.24
2025/8/21,635.55,635.58
2025/8/20,638.11,638.05
2025/8/19,639.81,639.75
2025/8/18,643.3,643.27
2025/8/15,643.44,643.45
2025/8/14,644.95,644.93
2025/8/13,644.89,644.86
2025/8/12,642.69,642.63
2025/8/11,635.92,635.83
2025/8/8,637.18,637.12
2025/8/7,632.25,632.29
2025/8/6,632.78,632.67
2025/8/5,627.97,628.02
2025/8/4,631.17,631.07
2025/8/1,621.72,621.71
2025/7/31,632.08,631.96
2025/7/30,634.46,634.49
2025/7/29,635.26,635.24
2025/7/28,636.94,636.89
2025/7/25,637.1,637.01
2025/7/24,634.42,634.44
2025/7/23,634.21,634.15
2025/7/22,628.86,628.82
2025/7/21,628.77,628.74
2025/7/18,627.58,627.58
2025/7/17,628.04,627.97
2025/7/16,624.22,624.17
2025/7/15,622.14,622.1
2025/7/14,624.81,624.72
2025/7/11,623.62,623.6
2025/7/10,625.82,625.81
2025/7/9,624.06,624
2025/7/8,620.34,620.3
2025/7/7,620.68,620.77
2025/7/3,625.34,625.34
2025/7/2,620.45,620.37
2025/7/1,617.65,617.56
2025/6/30,617.85,617.9
2025/6/27,614.91,614.85
2025/6/26,611.87,611.88
2025/6/25,607.12,607.08
2025/6/24,606.78,606.75
2025/6/23,600.15,600.1
2025/6/20,594.28,594.22
2025/6/18,597.44,597.45
2025/6/17,597.53,597.56
2025/6/16,602.68,602.7
2025/6/13,597,596.94
2025/6/12,603.75,603.69
2025/6/11,601.36,601.4
2025/6/10,603.08,603.04
2025/6/9,599.68,599.56
2025/6/6,599.14,599.02
2025/6/5,593.05,592.98
2025/6/4,595.93,595.89
2025/6/3,596.09,596.11
2025/6/2,592.71,592.62
2025/5/30,589.39,589.46
2025/5/29,590.05,589.99
2025/5/28,587.73,587.7
2025/5/27,591.15,591.06
2025/5/23,579.11,579.17
2025/5/22,583.09,583.03
2025/5/21,582.86,582.97
2025/5/20,592.85,592.8
2025/5/19,594.85,594.93
2025/5/16,594.2,594.28
2025/5/15,590.46,590.4
2025/5/14,587.59,587.55
2025/5/13,586.84,586.8
2025/5/12,582.99,582.83
2025/5/9,564.34,564.28
2025/5/8,565.06,564.91
2025/5/7,561.15,561.2
2025/5/6,558.8,558.8
2025/5/5,563.51,563.53
2025/5/2,566.76,566.63
2025/5/1,558.47,558.43
2025/4/30,554.54,554.33
2025/4/29,554.32,554.13
2025/4/28,550.85,550.93
2025/4/25,550.64,550.53
2025/4/24,546.69,546.52
2025/4/23,535.42,535.37
2025/4/22,527.25,526.92
2025/4/21,513.88,513.98
2025/4/17,526.41,526.35
2025/4/16,525.66,525.72
2025/4/15,537.61,537.7
2025/4/14,539.12,538.96
2025/4/11,533.94,533.97
2025/4/10,524.58,524.67
2025/4/9,548.62,543.4
2025/4/8,496.48,496.75
2025/4/7,504.38,504.55
2025/4/4,505.28,505.5
2025/4/3,536.7,537.64
2025/4/2,564.52,564.64
2025/4/1,560.97,561.04
2025/3/31,559.39,559.14
2025/3/28,555.66,555.83
2025/3/27,567.08,567
2025/3/26,568.59,568.74
2025/3/25,575.46,575.34
2025/3/24,574.08,574
2025/3/21,563.98,564.19
2025/3/20,565.49,565.67
2025/3/19,567.13,567.01
2025/3/18,561.02,561.06
2025/3/17,567.15,567.01
2025/3/14,562.81,562.78
2025/3/13,551.42,551.51
2025/3/12,558.87,558.9
2025/3/11,555.92,556.11
2025/3/10,560.58,560.75
2025/3/7,575.92,575.83
2025/3/6,572.71,572.8
2025/3/5,583.06,583.03
2025/3/4,576.86,576.87
2025/3/3,583.77,583.98
2025/2/28,594.18,594.05
2025/2/27,585.05,585.04
2025/2/26,594.54,594.43
2025/2/25,594.24,594.19
2025/2/24,597.21,597.19
2025/2/21,599.94,599.97
2025/2/20,610.38,610.39
2025/2/19,612.93,612.9
2025/2/18,611.49,611.36
2025/2/14,609.7,609.69
2025/2/13,609.73,609.67
2025/2/12,603.36,603.36
2025/2/11,605.31,605.21
2025/2/10,604.85,604.77
2025/2/7,600.77,600.78
2025/2/6,606.32,606.34
2025/2/5,604.22,604.16
2025/2/4,601.78,601.74
2025/2/3,597.77,597.64
2025/1/31,601.82,601.78
2025/1/30,605.04,604.96
2025/1/29,601.81,601.79
2025/1/28,604.52,604.47
2025/1/27,599.37,599.41
2025/1/24,607.97,607.92
2025/1/23,609.75,609.71
2025/1/22,606.44,606.33
2025/1/21,603.05,602.91
2025/1/17,597.58,597.55
2025/1/16,591.64,591.7
2025/1/15,592.78,592.75
2025/1/14,582.19,582.16
2025/1/13,581.39,581.52
2025/1/10,580.49,580.51
2025/1/8,589.49,589.41
2025/1/7,588.63,588.72
2025/1/6,595.36,595.38
2025/1/3,591.95,591.84
2025/1/2,584.64,584.57
2024/12/31,586.08,586
2024/12/30,588.22,588.24
2024/12/27,595.01,594.99
2024/12/26,601.34,601.22
2024/12/24,601.3,601.24
2024/12/23,594.69,594.77
2024/12/20,591.15,590.89
2024/12/19,586.1,586.12
2024/12/18,586.28,586.3
2024/12/17,604.29,604.21
2024/12/16,606.79,606.76
2024/12/13,604.21,604.26
2024/12/12,604.33,604.34
2024/12/11,607.46,607.5
2024/12/10,602.8,602.87
2024/12/9,604.68,604.62
2024/12/6,607.81,607.88
2024/12/5,606.66,606.6
2024/12/4,607.66,607.59
2024/12/3,603.91,603.85
2024/12/2,603.63,603.65
2024/11/29,602.55,602.45
2024/11/27,598.83,598.78
2024/11/26,600.65,600.73
2024/11/25,597.53,597.43
2024/11/22,595.51,595.47
2024/11/21,593.67,593.58
2024/11/20,590.5,590.5
2024/11/19,590.3,590.28
2024/11/18,588.15,588.14
2024/11/15,585.75,585.7
2024/11/14,593.35,593.37
2024/11/13,597.19,597.17
2024/11/12,596.9,596.87
2024/11/11,598.76,598.72
2024/11/8,598.19,598.24
2024/11/7,595.61,595.54
2024/11/6,591.04,591.01
2024/11/5,576.7,576.68
2024/11/4,569.81,569.76
2024/11/1,571.04,571.01
2024/10/31,568.64,568.51
2024/10/30,580.01,579.93
2024/10/29,581.77,581.7
2024/10/28,580.83,580.77
2024/10/25,579.04,579.02
2024/10/24,579.24,579.16
2024/10/23,577.99,577.92
2024/10/22,583.32,583.31
2024/10/21,583.63,583.67
2024/10/18,584.59,584.53
2024/10/17,582.35,582.28
2024/10/16,582.3,582.23
2024/10/15,579.78,579.76
2024/10/14,584.32,584.28
2024/10/11,579.58,579.53
2024/10/10,576.13,576.09
2024/10/9,577.14,577.08
2024/10/8,573.17,573.13
2024/10/7,567.8,567.81
2024/10/4,572.98,572.9
2024/10/3,567.82,567.77
2024/10/2,568.86,568.82
2024/10/1,568.62,568.69
2024/9/30,573.76,574.02
2024/9/27,571.47,571.4
2024/9/26,572.3,572.27
2024/9/25,570.04,569.98
2024/9/24,571.3,571.23
2024/9/23,569.67,569.6
2024/9/20,568.25,568.1
2024/9/19,570.98,570.92
2024/9/18,561.4,561.32
2024/9/17,563.07,563.1
2024/9/16,562.84,562.86
2024/9/13,562.01,561.92
2024/9/12,559.09,559.01
2024/9/11,554.42,554.34
2024/9/10,548.79,548.75
2024/9/9,546.41,546.39
2024/9/6,540.36,540.42
2024/9/5,549.61,549.56
2024/9/4,550.95,550.82
2024/9/3,552.08,552.16
2024/8/30,563.68,563.56
2024/8/29,558.35,558.31
2024/8/28,558.3,558.33
2024/8/27,561.56,561.52
2024/8/26,560.79,560.72
2024/8/23,562.13,562.08
2024/8/22,556.22,556.2
2024/8/21,560.62,560.7
2024/8/20,558.7,558.62
2024/8/19,559.61,559.55
2024/8/16,554.31,554.21
2024/8/15,553.07,553.04
2024/8/14,543.75,543.78
2024/8/13,542.04,542
2024/8/12,533.27,533.25
2024/8/9,532.99,532.88
2024/8/8,530.65,530.62
2024/8/7,518.66,518.64
2024/8/6,522.15,522.19
2024/8/5,517.38,517.41
2024/8/2,532.9,532.99
2024/8/1,543.01,543.04
2024/7/31,550.81,550.4
2024/7/30,542,541.89
2024/7/29,544.76,544.74
2024/7/26,544.44,544.37
2024/7/25,538.41,538.33
2024/7/24,541.23,541.19
2024/7/23,553.78,553.71
2024/7/22,554.65,554.63
2024/7/19,548.99,548.93
2024/7/18,552.66,552.66
2024/7/17,556.94,556.94
2024/7/16,564.86,564.82
2024/7/15,561.53,561.48
2024/7/12,559.99,559.9
2024/7/11,556.48,556.41
2024/7/10,561.32,561.24
2024/7/9,555.82,555.85
2024/7/8,555.28,555.34
2024/7/5,554.64,554.7
2024/7/3,551.46,551.38
2024/7/2,549.01,548.97
2024/7/1,545.34,545.36
2024/6/28,544.22,544.09
2024/6/27,546.37,546.34
2024/6/26,545.51,545.51
2024/6/25,544.83,544.77
2024/6/24,542.74,542.62
2024/6/21,544.51,544.1
2024/6/20,547,546.93
2024/6/18,548.49,548.48
2024/6/17,547.1,547.03
2024/6/14,542.78,542.72
2024/6/13,542.45,542.4
2024/6/12,541.36,541.32
2024/6/11,536.95,536.9
2024/6/10,535.66,535.65
2024/6/7,534.01,533.94
2024/6/6,534.66,534.63
2024/6/5,534.67,534.64
2024/6/4,528.39,528.34
2024/6/3,527.8,527.76
2024/5/31,527.37,527.34
2024/5/30,522.61,522.63
2024/5/29,526.1,526.11
2024/5/28,529.81,529.86
2024/5/24,529.44,529.49
2024/5/23,525.96,525.95
2024/5/22,529.83,529.8
2024/5/21,531.36,531.32
2024/5/20,530.06,530.02
2024/5/17,529.45,529.42
2024/5/16,528.69,528.65
2024/5/15,529.78,529.75
2024/5/14,523.3,523.28
2024/5/13,520.91,520.9
2024/5/10,520.84,520.83
2024/5/9,520.17,520.13
2024/5/8,517.19,517.18
2024/5/7,517.14,517.19
2024/5/6,516.57,516.59
2024/5/3,511.29,511.28
2024/5/2,505.03,505.01
2024/5/1,500.35,500.25
2024/4/30,501.98,502.04
2024/4/29,510.06,510.05
2024/4/26,508.26,508.23
2024/4/25,503.49,503.44
2024/4/24,505.41,505.45
2024/4/23,505.65,505.63
2024/4/22,499.72,499.63
2024/4/19,495.16,495.08
2024/4/18,499.52,499.48
2024/4/17,500.55,500.49
2024/4/16,503.53,503.48
2024/4/15,504.45,504.5
2024/4/12,510.85,510.82
2024/4/11,518,518.05
2024/4/10,514.12,514.15
2024/4/9,519.32,519.29
2024/4/8,518.72,518.66
2024/4/5,518.43,518.39
2024/4/4,513.07,513.03
2024/4/3,519.41,519.36
2024/4/2,518.84,518.85
2024/4/1,522.16,522.22
2024/3/28,523.07,523.11
2024/3/27,523.17,523.16
2024/3/26,518.81,518.66
2024/3/25,519.77,519.81
2024/3/22,521.21,521.26
2024/3/21,522.2,522.11
2024/3/20,520.48,520.41
2024/3/19,515.71,515.76
2024/3/18,512.86,512.86
2024/3/15,509.83,509.74
2024/3/14,514.95,514.94
2024/3/13,515.97,515.98
2024/3/12,516.78,516.81
2024/3/11,511.28,511.25
2024/3/8,511.72,511.76
2024/3/7,514.81,514.86
2024/3/6,509.75,509.8
2024/3/5,507.18,507.14
2024/3/4,512.3,512.24
2024/3/1,512.85,512.84
2024/2/29,508.08,507.99
2024/2/28,506.26,506.18
2024/2/27,506.93,506.86
2024/2/26,505.99,505.97
2024/2/23,507.85,507.81
2024/2/22,507.5,507.52
2024/2/21,497.21,497.16
2024/2/20,496.76,496.73
2024/2/16,499.51,499.47
2024/2/15,502.01,501.95
2024/2/14,498.57,498.62
2024/2/13,494.08,494.14
2024/2/12,500.98,500.94
2024/2/9,501.2,501.17
2024/2/8,498.32,498.41
2024/2/7,498.1,498.05
2024/2/6,493.98,493.96
2024/2/5,492.55,492.57
2024/2/2,494.35,494.26
2024/2/1,489.2,489.23
2024/1/31,482.88,482.91
2024/1/30,490.89,490.86
2024/1/29,491.27,491.26
2024/1/26,487.41,487.46
2024/1/25,488.03,488
2024/1/24,485.39,485.31
2024/1/23,484.86,484.88
2024/1/22,483.45,483.52
2024/1/19,482.43,482.42
2024/1/18,476.49,476.46
2024/1/17,472.29,472.27
2024/1/16,474.93,474.95
2024/1/12,476.68,476.66
2024/1/11,476.35,476.31
2024/1/10,476.56,476.52
2024/1/9,473.88,473.84
2024/1/8,474.6,474.55
2024/1/5,467.92,467.96
2024/1/4,467.28,467.27
2024/1/3,468.79,468.73
2024/1/2,472.65,472.6
2023/12/29,475.31,475.35
2023/12/28,476.69,476.68
2023/12/27,476.51,476.5
2023/12/26,475.65,475.59
2023/12/22,473.65,473.62
2023/12/21,472.7,472.67
2023/12/20,468.26,467.97
2023/12/19,474.84,474.81
2023/12/18,471.97,472.01
2023/12/15,469.33,469.36
2023/12/14,472.01,472
2023/12/13,470.5,470.44
2023/12/12,464.1,464.16
2023/12/11,461.99,461.95
2023/12/8,460.2,460.13
2023/12/7,458.23,458.2
2023/12/6,454.76,454.69
2023/12/5,456.6,456.58
2023/12/4,456.69,456.66
2023/12/1,459.1,459.03
2023/11/30,456.4,456.3
2023/11/29,454.61,454.62
2023/11/28,454.93,454.88
2023/11/27,454.48,454.49
2023/11/24,455.3,455.25
2023/11/22,455.02,455.02
2023/11/21,453.27,453.26
2023/11/20,454.26,454.23
2023/11/17,450.79,450.78
2023/11/16,450.23,450.21
2023/11/15,449.68,449.63
2023/11/14,448.73,448.71
2023/11/13,440.19,440.2
2023/11/10,440.61,440.6
2023/11/9,433.84,433.87
2023/11/8,437.25,437.2
2023/11/7,436.93,436.86
2023/11/6,435.69,435.65
2023/11/3,434.69,434.67
2023/11/2,430.76,430.75
2023/11/1,422.66,422.69
2023/10/31,418.2,418.23
2023/10/30,415.59,415.58
2023/10/27,410.68,410.73
2023/10/26,412.55,414.81
2023/10/25,417.55,417.61
2023/10/24,423.63,423.62
2023/10/23,420.46,420.45
2023/10/20,421.19,421.2
2023/10/19,426.43,426.43
2023/10/18,430.21,430.24
2023/10/17,436.02,436.08
2023/10/16,436.04,436.01
2023/10/13,431.5,431.55
2023/10/12,433.66,433.7
2023/10/11,436.32,436.3
2023/10/10,434.54,434.48
2023/10/9,432.29,432.27
2023/10/6,429.54,429.52
2023/10/5,424.5,424.45
2023/10/4,424.66,424.7
2023/10/3,421.59,421.68
2023/10/2,427.31,427.36
2023/9/29,427.48,427.39
2023/9/28,428.52,428.53
2023/9/27,426.05,426.02
2023/9/26,425.88,425.83
2023/9/25,432.23,432.22
2023/9/22,430.42,430.38
2023/9/21,431.39,431.4
2023/9/20,438.64,438.58
2023/9/19,442.71,442.74
2023/9/18,443.63,443.63
2023/9/15,443.37,443.29
2023/9/14,450.36,450.39
2023/9/13,446.51,446.5
2023/9/12,445.99,445.96
2023/9/11,448.45,448.48
2023/9/8,445.52,445.5
2023/9/7,444.85,444.83
2023/9/6,446.22,446.18
2023/9/5,449.24,449.24
2023/9/1,451.19,451.21
2023/8/31,450.35,450.26
2023/8/30,451.01,450.99
2023/8/29,449.16,449.14
2023/8/28,442.76,442.71
2023/8/25,439.97,439.94
2023/8/24,436.89,436.92
2023/8/23,443.03,442.97
2023/8/22,438.15,438.1
2023/8/21,439.34,439.33
2023/8/18,436.5,436.46
2023/8/17,436.29,436.25
2023/8/16,439.64,439.62
2023/8/15,442.89,442.94
2023/8/14,448.11,448.09
2023/8/11,445.65,445.57
2023/8/10,445.91,445.92
2023/8/9,445.75,445.74
2023/8/8,448.75,448.75
2023/8/7,450.71,450.7
2023/8/4,446.81,446.79
2023/8/3,448.84,448.84
2023/8/2,450.13,450.15
2023/8/1,456.48,456.46
2023/7/31,457.79,457.78
2023/7/28,456.92,456.88
2023/7/27,452.49,452.47
2023/7/26,455.51,455.5
2023/7/25,455.44,455.4
2023/7/24,454.2,454.19
2023/7/21,452.18,452.18
2023/7/20,452.18,452.17
2023/7/19,455.2,455.11
2023/7/18,454.19,454.18
2023/7/17,450.84,450.84
2023/7/14,449.28,449.27
2023/7/13,449.56,449.53
2023/7/12,446.02,446.01
2023/7/11,442.46,442.48
2023/7/10,439.66,439.65
2023/7/7,438.55,438.54
2023/7/6,439.66,439.67
2023/7/5,443.13,443.13
2023/7/3,443.79,443.89
2023/6/30,443.28,443.24
2023/6/29,438.11,438.14
2023/6/28,436.39,436.38
2023/6/27,436.17,436.13
2023/6/26,431.44,431.42
2023/6/23,433.21,433.2
2023/6/22,436.51,436.54
2023/6/21,434.94,434.93
2023/6/20,437.18,437.23
2023/6/16,439.46,439.41
2023/6/15,442.6,442.59
2023/6/14,437.18,437.17
2023/6/13,436.66,436.66
2023/6/12,433.8,433.79
2023/6/9,429.9,429.89
2023/6/8,429.13,429.11
2023/6/7,426.55,426.59
2023/6/6,428.03,428.03
2023/6/5,427.1,427.08
2023/6/2,427.92,427.9
2023/6/1,421.82,421.81
2023/5/31,417.85,417.82
2023/5/30,420.18,420.16
2023/5/26,420.02,419.97
2023/5/25,414.65,414.62
2023/5/24,411.09,411.08
2023/5/23,414.09,414.08
2023/5/22,418.79,418.77
2023/5/19,418.62,418.61
2023/5/18,419.23,419.22
2023/5/17,415.23,415.2
2023/5/16,410.25,410.25
2023/5/15,413.01,413
2023/5/12,411.59,411.61
2023/5/11,412.13,412.16
2023/5/10,412.85,412.79
2023/5/9,410.93,410.97
2023/5/8,412.74,412.79
2023/5/5,412.63,412.6
2023/5/4,405.13,405.17
2023/5/3,408.02,407.98
2023/5/2,410.84,410.87
2023/5/1,415.51,415.52
2023/4/28,415.93,415.92
2023/4/27,412.41,412.39
2023/4/26,404.36,404.36
2023/4/25,406.08,406.12
2023/4/24,412.63,412.62
2023/4/21,412.2,412.17
2023/4/20,411.88,411.87
2023/4/19,414.14,414.2
2023/4/18,414.21,414.21
2023/4/17,413.94,413.94
2023/4/14,412.46,412.49
2023/4/13,413.47,413.44
2023/4/12,408.05,408.07
2023/4/11,409.72,409.7
2023/4/10,409.61,409.66
2023/4/6,409.19,409.2
2023/4/5,407.6,407.65
2023/4/4,408.67,408.71
2023/4/3,410.95,410.92
2023/3/31,409.39,409.36
2023/3/30,403.7,403.69
2023/3/29,401.35,401.34
2023/3/28,395.6,395.65
2023/3/27,396.49,396.45
2023/3/24,395.75,395.72
2023/3/23,393.17,393.13
2023/3/22,392.11,392.75
2023/3/21,398.91,398.87
2023/3/20,393.74,393.65
2023/3/17,389.99,390.12
2023/3/16,396.11,396.03
2023/3/15,389.28,389.35
2023/3/14,391.73,391.69
2023/3/13,385.36,385.28
2023/3/10,385.91,385.92
2023/3/9,391.56,391.59
2023/3/8,398.92,398.91
2023/3/7,398.27,398.27
2023/3/6,404.47,404.46
2023/3/3,404.19,404.12
2023/3/2,397.81,397.78
2023/3/1,394.74,394.78
2023/2/28,396.26,396.19
2023/2/27,397.73,397.71
2023/2/24,396.38,396.39
2023/2/23,400.66,400.64
2023/2/22,398.54,398.59
2023/2/21,399.09,399.13
2023/2/17,407.26,407.24
2023/2/16,408.28,408.34
2023/2/15,413.98,413.99
2023/2/14,412.64,412.66
2023/2/13,412.83,412.82
2023/2/10,408.04,408.02
2023/2/9,407.09,407.14
2023/2/8,410.65,410.67
2023/2/7,415.19,415.18
2023/2/6,409.83,409.91
2023/2/3,412.35,412.35
2023/2/2,416.78,416.78
2023/2/1,410.8,410.79
2023/1/31,406.48,406.45
2023/1/30,400.59,400.63
2023/1/27,405.68,405.69
2023/1/26,404.75,404.69
2023/1/25,400.35,400.36
2023/1/24,400.2,400.17
2023/1/23,400.63,400.59
2023/1/20,395.88,395.82
2023/1/19,388.64,388.68
2023/1/18,391.49,391.53
2023/1/17,397.77,397.76
2023/1/13,398.5,398.47
2023/1/12,396.96,396.93
2023/1/11,395.52,395.49
2023/1/10,390.58,390.62
2023/1/9,387.86,387.86
2023/1/6,388.08,388.03
2023/1/5,379.38,379.39
2023/1/4,383.76,383.73
2023/1/3,380.82,380.83
2022/12/30,382.43,382.43
2022/12/29,383.44,383.38
2022/12/28,376.66,376.67
2022/12/27,381.4,381.39
2022/12/23,382.91,382.89
2022/12/22,380.72,380.75
2022/12/21,386.23,386.22
2022/12/20,380.54,380.51
2022/12/19,380.02,379.98
2022/12/16,383.27,383.29
2022/12/15,389.63,389.64
2022/12/14,399.4,399.4
2022/12/13,401.97,401.95
2022/12/12,398.95,398.91
2022/12/9,393.28,393.28
2022/12/8,396.24,396.21
2022/12/7,393.16,393.14
2022/12/6,393.83,394.06
2022/12/5,399.59,399.61
2022/12/2,406.91,406.86
2022/12/1,407.38,407.37
2022/11/30,407.68,407.45
2022/11/29,395.23,395.25
2022/11/28,395.91,395.92
2022/11/25,402.33,402.25
2022/11/23,402.42,402.38
2022/11/22,399.9,399.86
2022/11/21,394.59,394.58
2022/11/18,396.03,396.08
2022/11/17,394.24,394.27
2022/11/16,395.45,395.51
2022/11/15,398.49,398.54
2022/11/14,395.12,395.18
2022/11/11,398.51,398.49
2022/11/10,394.69,394.64
2022/11/9,374.13,374.15
2022/11/8,382,381.97
2022/11/7,379.95,379.94
2022/11/4,376.35,376.34
2022/11/3,371.01,371.01
2022/11/2,374.87,374.87
2022/11/1,384.52,384.52
2022/10/31,386.21,386.21
2022/10/28,389.02,388.96
2022/10/27,379.98,379.96
2022/10/26,382.02,382.07
2022/10/25,384.92,384.86
2022/10/24,378.87,378.84
2022/10/21,374.29,374.28
2022/10/20,365.41,365.43
2022/10/19,368.5,368.56
2022/10/18,371.13,371.13
2022/10/17,366.82,366.8
2022/10/14,357.63,357.67
2022/10/13,365.97,365.95
2022/10/12,356.56,356.54
2022/10/11,357.74,357.74
2022/10/10,360.02,360.07
2022/10/7,362.79,362.8
2022/10/6,373.2,373.21
2022/10/5,377.09,377.15
2022/10/4,377.97,377.93
2022/10/3,366.61,366.6
2022/9/30,357.18,357.19
2022/9/29,362.79,362.8
2022/9/28,370.53,370.48
2022/9/27,363.38,363.39
2022/9/26,364.31,364.31
2022/9/23,367.95,367.91
2022/9/22,374.22,374.22
2022/9/21,377.39,377.39
2022/9/20,384.09,384.16
2022/9/19,388.55,388.53
2022/9/16,385.56,385.64
2022/9/15,390.12,390.13
2022/9/14,394.6,394.61
2022/9/13,393.1,393.15
2022/9/12,410.97,410.93
2022/9/9,406.6,406.55
2022/9/8,400.38,400.4
2022/9/7,397.78,397.77
2022/9/6,390.76,390.79
2022/9/2,392.24,392.26
2022/9/1,396.42,396.39
2022/8/31,395.18,395.11
2022/8/30,398.21,398.17
2022/8/29,402.63,402.62
2022/8/26,405.31,405.31
2022/8/25,419.51,419.5
2022/8/24,413.67,413.62
2022/8/23,412.35,412.32
2022/8/22,413.35,413.45
2022/8/19,422.14,422.14
2022/8/18,427.89,427.83
2022/8/17,426.65,426.66
2022/8/16,429.7,429.66
2022/8/15,428.86,428.86
2022/8/12,427.1,427.04
2022/8/11,419.99,420
2022/8/10,419.99,419.93
2022/8/9,411.35,411.33
2022/8/8,412.99,413.03
2022/8/5,413.47,413.43
2022/8/4,414.17,414.16
2022/8/3,414.45,414.4
2022/8/2,408.06,408.11
2022/8/1,410.77,410.7
2022/7/29,411.99,412.04
2022/7/28,406.07,406
2022/7/27,401.04,401
2022/7/26,390.89,390.91
2022/7/25,395.57,395.54
2022/7/22,395.09,395.13
2022/7/21,398.79,398.81
2022/7/20,394.77,394.79
2022/7/19,392.27,392.24
2022/7/18,381.95,381.98
2022/7/15,385.13,385.09
2022/7/14,377.91,377.96
2022/7/13,378.83,378.86
2022/7/12,380.83,380.88
2022/7/11,384.23,384.29
2022/7/8,388.67,388.68
2022/7/7,388.99,388.94
2022/7/6,383.25,383.31
2022/7/5,381.96,381.95
2022/7/1,381.24,381.2
2022/6/30,377.25,377.28
2022/6/29,380.34,380.36
2022/6/28,380.65,380.74
2022/6/27,388.59,388.66
2022/6/24,390.08,390.04
2022/6/23,378.06,378.12
2022/6/22,374.39,374.35
2022/6/21,375.07,375.05
2022/6/17,365.86,365.84
2022/6/16,366.65,366.93
2022/6/15,379.2,379.13
2022/6/14,373.87,373.82
2022/6/13,375,375.02
2022/6/10,389.8,389.81
2022/6/9,401.44,401.47
2022/6/8,411.22,411.28
2022/6/7,415.74,415.69
2022/6/6,411.79,411.75
2022/6/3,410.54,410.59
2022/6/2,417.39,417.36
2022/6/1,409.59,409.63
2022/5/31,412.93,412.94
2022/5/27,415.26,415.34
2022/5/26,405.31,405.28
2022/5/25,397.37,397.55
2022/5/24,393.89,393.99
2022/5/23,396.92,396.93
2022/5/20,389.63,390.6
2022/5/19,389.46,389.44
2022/5/18,391.86,391.91
2022/5/17,408.32,408.25
2022/5/16,400.09,400.23
2022/5/13,401.72,401.66
2022/5/12,392.34,392.38
2022/5/11,392.75,392.77
2022/5/10,399.09,399.05
2022/5/9,398.17,398.25
2022/5/6,411.34,411.38
2022/5/5,413.81,413.89
2022/5/4,429.06,428.98
2022/5/3,416.38,416.41
2022/5/2,414.48,414.5
2022/4/29,412,412.07
2022/4/28,427.81,427.78
2022/4/27,417.27,417.25
2022/4/26,416.1,416.12
2022/4/25,428.51,428.49
2022/4/22,426.04,426.08
2022/4/21,438.06,438.02
2022/4/20,444.71,444.66
2022/4/19,445.04,444.99
2022/4/18,437.97,437.99
2022/4/14,437.79,437.86
2022/4/13,443.31,443.36
2022/4/12,438.29,438.23
2022/4/11,439.92,439.96
2022/4/8,447.57,447.61
2022/4/7,448.77,448.74
2022/4/6,446.52,446.56
2022/4/5,451.03,451.11
2022/4/4,456.8,456.77
2022/4/1,452.92,452.87
2022/3/31,451.64,451.64
2022/3/30,458.7,458.71
2022/3/29,461.55,461.6
2022/3/28,455.91,455.86
2022/3/25,452.69,452.63
2022/3/24,450.49,450.4
2022/3/23,443.8,443.84
2022/3/22,449.59,449.57
2022/3/21,444.39,444.44
2022/3/18,444.52,444.46
2022/3/17,441.07,441
2022/3/16,435.62,435.6
2022/3/15,426.17,426.12
2022/3/14,417,417.05
2022/3/11,420.07,420.08
2022/3/10,425.48,425.49
2022/3/9,427.41,427.4
2022/3/8,416.25,416.3
2022/3/7,419.43,419.47
2022/3/4,432.17,432.24
2022/3/3,435.71,435.73
2022/3/2,437.89,437.82
2022/3/1,429.98,430.01
2022/2/28,436.63,436.65
2022/2/25,437.75,437.67
2022/2/24,428.3,428.3
2022/2/23,421.95,421.97
2022/2/22,429.57,429.65
2022/2/18,434.23,434.26
2022/2/17,437.06,437.11
2022/2/16,446.6,446.62
2022/2/15,446.1,446.07
2022/2/14,439.02,439.05
2022/2/11,440.46,440.49
2022/2/10,449.32,449.38
2022/2/9,457.54,457.49
2022/2/8,450.94,450.88
2022/2/7,447.26,447.23
2022/2/4,448.7,448.73
2022/2/3,446.6,446.66
2022/2/2,457.35,457.3
2022/2/1,452.95,452.97
2022/1/31,449.91,449.78
2022/1/28,441.95,442.25
2022/1/27,431.24,431.27
2022/1/26,433.38,433.45
2022/1/25,434.47,434.48
2022/1/24,439.84,439.88
2022/1/21,437.98,438.01
2022/1/20,446.75,446.79
2022/1/19,451.75,451.79
2022/1/18,456.49,456.51
2022/1/14,464.72,464.67
2022/1/13,464.53,464.54
2022/1/12,471.02,471.06
2022/1/11,469.75,469.72
2022/1/10,465.51,465.53
2022/1/7,466.09,466.11
2022/1/6,467.94,467.92
2022/1/5,468.38,468.38
2022/1/4,477.55,477.5
2022/1/3,477.71,477.75
2021/12/31,474.96,474.88
2021/12/30,476.16,476.13
2021/12/29,477.48,477.46
2021/12/28,476.87,476.89
2021/12/27,477.26,477.27
2021/12/23,470.6,470.57
2021/12/22,467.69,467.7
2021/12/21,463.06,463.03
2021/12/20,454.98,454.98
2021/12/17,459.87,459.9
2021/12/16,466.45,466.88
2021/12/15,470.6,470.58
2021/12/14,463.36,463.38
2021/12/13,466.57,466.61
2021/12/10,470.74,470.7
2021/12/9,466.35,466.32
2021/12/8,469.52,469.54
2021/12/7,468.28,468.24
2021/12/6,458.79,458.78
2021/12/3,453.42,453.44
2021/12/2,457.4,457.35
2021/12/1,450.5,450.51
2021/11/30,455.56,455.86
2021/11/29,464.6,464.63
2021/11/26,458.97,459.02
2021/11/24,469.44,469.36
2021/11/23,468.19,468.24
2021/11/22,467.57,467.51
2021/11/19,468.89,468.9
2021/11/18,469.73,469.71
2021/11/17,468.14,468.11
2021/11/16,469.28,469.24
2021/11/15,467.43,467.39
2021/11/12,467.27,467.25
2021/11/11,463.77,463.81
2021/11/10,463.62,463.64
2021/11/9,467.38,467.38
2021/11/8,468.93,468.96
2021/11/5,468.53,468.49
2021/11/4,466.91,466.88
2021/11/3,464.72,464.73
2021/11/2,461.9,461.86
2021/11/1,460.04,460.09
2021/10/29,459.25,459.21
2021/10/28,458.32,458.25
2021/10/27,453.94,453.9
2021/10/26,455.96,455.98
2021/10/25,455.55,455.49
2021/10/22,453.12,453.13
2021/10/21,453.59,453.62
2021/10/20,452.41,452.39
2021/10/19,450.64,450.68
2021/10/18,447.19,447.22
2021/10/15,445.87,445.82
2021/10/14,442.5,442.46
2021/10/13,435.18,435.12
2021/10/12,433.62,433.63
2021/10/11,434.69,434.65
2021/10/8,437.86,437.82
2021/10/7,438.66,438.63
2021/10/6,434.9,434.91
2021/10/5,433.1,433.04
2021/10/4,428.64,428.69
2021/10/1,434.24,434.18
2021/9/30,429.14,429.17
2021/9/29,434.45,434.43
2021/9/28,433.72,433.75
2021/9/27,442.64,442.67
2021/9/24,443.91,443.92
2021/9/23,443.18,443.13
2021/9/22,437.86,437.82
2021/9/21,433.63,433.67
2021/9/20,434.04,434.06
2021/9/17,441.4,441.42
2021/9/16,447.17,447.14
2021/9/15,447.88,447.85
2021/9/14,444.17,444.17
2021/9/13,446.58,446.55
2021/9/10,445.44,445.51
2021/9/9,448.98,448.95
2021/9/8,450.91,450.95
2021/9/7,451.46,451.52
2021/9/3,453.08,453.05
2021/9/2,453.19,453.2
2021/9/1,451.8,451.81
2021/8/31,451.56,451.61
2021/8/30,452.23,452.21
2021/8/27,450.25,450.18
2021/8/26,446.26,446.27
2021/8/25,448.91,448.87
2021/8/24,447.97,447.95
2021/8/23,447.26,447.25
2021/8/20,443.36,443.32
2021/8/19,439.86,439.84
2021/8/18,439.18,439.21
2021/8/17,444.04,444.05
2021/8/16,446.97,447.01
2021/8/13,445.92,445.89
2021/8/12,445.11,445.07
2021/8/11,443.78,443.73
2021/8/10,442.68,442.66
2021/8/9,442.13,442.15
2021/8/6,442.49,442.52
2021/8/5,441.76,441.76
2021/8/4,438.98,439.3
2021/8/3,441.15,441.11
2021/8/2,437.59,437.58
2021/7/30,438.51,439.01
2021/7/29,440.65,440.67
2021/7/28,438.83,438.77
2021/7/27,439.01,438.99
2021/7/26,441.02,440.98
2021/7/23,439.94,439.89
2021/7/22,435.46,435.5
2021/7/21,434.55,434.57
2021/7/20,431.06,431.03
2021/7/19,424.97,424.96
2021/7/16,431.34,431.39
2021/7/15,434.75,434.72
2021/7/14,436.24,436.21
2021/7/13,435.59,435.61
2021/7/12,437.08,437.08
2021/7/9,435.52,435.48
2021/7/8,430.92,430.98
2021/7/7,434.46,434.42
2021/7/6,432.93,432.9
2021/7/2,433.72,433.73
2021/7/1,430.43,430.47
2021/6/30,428.06,428.06
2021/6/29,427.7,427.67
2021/6/28,427.47,427.48
2021/6/25,426.61,426.55
2021/6/24,425.1,425.08
2021/6/23,422.6,422.6
2021/6/22,423.11,423.05
2021/6/21,420.86,420.83
2021/6/18,414.92,415
2021/6/17,421.97,421.98
2021/6/16,422.11,422.12
2021/6/15,424.48,424.49
2021/6/14,425.26,425.28
2021/6/11,424.31,424.32
2021/6/10,423.61,423.58
2021/6/9,421.65,421.61
2021/6/8,422.28,422.26
2021/6/7,422.19,422.23
2021/6/4,422.6,422.56
2021/6/3,418.77,418.81
2021/6/2,420.33,420.36
2021/6/1,419.67,419.63
2021/5/28,420.04,420.02
2021/5/27,419.29,419.17
2021/5/26,419.07,419.03
2021/5/25,418.24,418.25
2021/5/24,419.17,419.12
2021/5/21,414.94,414.96
2021/5/20,415.28,415.23
2021/5/19,410.86,410.88
2021/5/18,411.94,411.99
2021/5/17,415.52,415.54
2021/5/14,416.58,416.54
2021/5/13,410.28,410.25
2021/5/12,405.41,405.44
2021/5/11,414.21,414.27
2021/5/10,417.94,417.99
2021/5/7,422.12,422.08
2021/5/6,419.07,419.08
2021/5/5,415.75,415.72
2021/5/4,415.62,415.65
2021/5/3,418.2,418.16
2021/4/30,417.3,417.29
2021/4/29,420.06,419.99
2021/4/28,417.4,417.35
2021/4/27,417.52,417.49
2021/4/26,417.61,417.64
2021/4/23,416.74,416.71
2021/4/22,412.27,412.33
2021/4/21,416.07,416.08
2021/4/20,412.17,412.3
2021/4/19,415.21,415.26
2021/4/16,417.26,417.31
2021/4/15,415.87,415.82
2021/4/14,411.45,411.48
2021/4/13,412.86,412.81
2021/4/12,411.64,411.61
2021/4/9,411.49,411.44
2021/4/8,408.52,408.48
2021/4/7,406.59,406.57
2021/4/6,406.12,406.06
2021/4/5,406.36,406.74
2021/4/1,400.61,400.53
2021/3/31,396.33,396.25
2021/3/30,394.73,394.77
2021/3/29,395.78,395.76
2021/3/26,395.98,395.94
2021/3/25,389.7,389.64
2021/3/24,387.52,387.47
2021/3/23,389.5,389.5
2021/3/22,392.59,392.52
2021/3/19,389.48,389.5
2021/3/18,391.48,391.41
2021/3/17,397.26,397.21
2021/3/16,395.91,395.94
2021/3/15,396.41,396.47
2021/3/12,394.06,394.09
2021/3/11,393.53,393.48
2021/3/10,389.58,389.51
2021/3/9,387.17,387.1
2021/3/8,381.72,381.74
2021/3/5,383.63,383.59
2021/3/4,376.7,376.73
2021/3/3,381.42,381.45
2021/3/2,386.54,386.55
2021/3/1,389.58,389.51
2021/2/26,380.36,380.31
2021/2/25,382.33,382.39
2021/2/24,391.77,391.75
2021/2/23,387.5,387.5
2021/2/22,387.03,387.1
2021/2/19,390.03,390.01
2021/2/18,390.72,390.75
2021/2/17,392.39,392.43
2021/2/16,392.3,392.34
2021/2/12,392.64,392.69
2021/2/11,390.71,390.72
2021/2/10,390.08,390.09
2021/2/9,390.25,390.23
2021/2/8,390.51,390.53
2021/2/5,387.71,387.67
2021/2/4,386.19,386.16
2021/2/3,381.85,381.85
2021/2/2,381.55,381.54
2021/2/1,376.23,376.4
2021/1/29,370.07,370.18
2021/1/28,377.63,377.59
2021/1/27,374.41,374.44
2021/1/26,383.79,383.82
2021/1/25,384.39,384.4
2021/1/22,382.88,382.84
2021/1/21,384.24,384.2
2021/1/20,383.89,383.83
2021/1/19,378.65,378.62
2021/1/15,375.7,375.68
2021/1/14,378.46,378.45
2021/1/13,379.79,379.75
2021/1/12,378.77,378.82
2021/1/11,378.69,378.76
2021/1/8,381.26,381.24
2021/1/7,379.1,379.04
2021/1/6,373.55,373.51
2021/1/5,371.33,371.3
2021/1/4,368.79,368.84
2020/12/31,373.88,373.85
2020/12/30,371.99,371.92
2020/12/29,371.46,371.47
2020/12/28,372.17,372.13
2020/12/24,369,368.97
2020/12/23,367.57,367.53
2020/12/22,367.24,367.21
2020/12/21,367.86,367.94
2020/12/18,369.18,369.12
2020/12/17,372.24,372.22
2020/12/16,370.17,370.14
2020/12/15,369.59,369.55
2020/12/14,364.66,364.6
2020/12/11,366.3,366.26
2020/12/10,366.73,366.75
2020/12/9,366.85,366.89
2020/12/8,370.17,370.14
2020/12/7,369.09,369.12
2020/12/4,369.85,369.82
2020/12/3,366.69,366.67
2020/12/2,366.79,366.75
2020/12/1,366.02,365.97
2020/11/30,362.06,362
2020/11/27,363.67,363.64
2020/11/25,362.66,362.65
2020/11/24,363.22,363.17
2020/11/23,357.46,357.47
2020/11/20,355.33,355.34
2020/11/19,357.78,357.74
2020/11/18,356.28,356.29
2020/11/17,360.62,360.63
2020/11/16,362.57,362.44
2020/11/13,358.1,358.05
2020/11/12,353.21,353.27
2020/11/11,356.67,356.61
2020/11/10,354.04,354.07
2020/11/9,354.56,354.53
2020/11/6,350.16,350.19
2020/11/5,350.24,350.2
2020/11/4,343.54,343.48
2020/11/3,336.03,335.96
2020/11/2,330.2,330.21
2020/10/30,326.54,326.51
2020/10/29,329.98,329.99
2020/10/28,326.66,326.68
2020/10/27,338.22,338.27
2020/10/26,339.39,339.41
2020/10/23,345.78,345.75
2020/10/22,344.61,344.63
2020/10/21,342.73,342.67
2020/10/20,343.38,343.33
2020/10/19,342.01,342.02
2020/10/16,347.29,347.24
2020/10/15,347.5,347.5
2020/10/14,347.93,348
2020/10/13,350.13,350.15
2020/10/12,352.43,352.41
2020/10/9,346.85,346.82
2020/10/8,343.78,343.72
2020/10/7,340.76,340.73
2020/10/6,334.93,334.94
2020/10/5,339.76,339.71
2020/10/2,333.84,333.86
2020/10/1,337.04,337.02
2020/9/30,334.89,334.89
2020/9/29,332.37,332.38
2020/9/28,334.19,334.2
2020/9/25,328.73,328.69
2020/9/24,323.5,323.51
2020/9/23,322.64,322.66
2020/9/22,330.3,330.32
2020/9/21,326.97,327.01
2020/9/18,330.65,330.68
2020/9/17,335.84,335.86
2020/9/16,338.82,338.8
2020/9/15,340.17,340.15
2020/9/14,338.46,338.41
2020/9/11,334.06,334.07
2020/9/10,333.89,333.92
2020/9/9,339.79,339.75
2020/9/8,333.21,333.26
2020/9/4,342.57,342.6
2020/9/3,345.39,345.41
2020/9/2,357.7,357.69
2020/9/1,352.6,352.56
2020/8/31,349.31,349.35
2020/8/28,350.58,350.54
2020/8/27,348.33,348.29
2020/8/26,347.57,347.55
2020/8/25,344.12,344.09
2020/8/24,342.92,342.94
2020/8/21,339.48,339.44
2020/8/20,338.28,338.24
2020/8/19,337.23,337.22
2020/8/18,338.64,338.6
2020/8/17,337.91,337.87
2020/8/14,336.84,336.86
2020/8/13,336.83,336.86
2020/8/12,337.44,337.41
2020/8/11,332.8,332.83
2020/8/10,335.57,335.54
2020/8/7,334.57,334.54
2020/8/6,334.33,334.3
2020/8/5,332.11,332.06
2020/8/4,330.06,330.02
2020/8/3,328.79,328.75
2020/7/31,326.52,326.54
2020/7/30,323.96,323.98
2020/7/29,325.12,325.08
2020/7/28,321.17,321.2
2020/7/27,323.22,323.18
2020/7/24,320.88,320.85
2020/7/23,322.96,322.93
2020/7/22,326.86,326.81
2020/7/21,325.01,324.96
2020/7/20,324.32,324.35
2020/7/17,321.72,321.66
2020/7/16,320.79,320.81
2020/7/15,321.85,321.86
2020/7/14,318.92,318.88
2020/7/13,314.84,314.8
2020/7/10,317.59,317.61
2020/7/9,314.38,314.42
2020/7/8,316.18,316.11
2020/7/7,313.78,313.72
2020/7/6,317.05,316.98
2020/7/2,312.23,312.18
2020/7/1,310.52,310.57
2020/6/30,308.36,308.56
2020/6/29,304.46,304.42
2020/6/26,300.05,300.02
2020/6/25,307.35,307.25
2020/6/24,304.09,304.11
2020/6/23,312.05,312.02
2020/6/22,310.62,310.68
2020/6/19,308.64,308.57
2020/6/18,311.78,311.74
2020/6/17,311.66,311.56
2020/6/16,312.96,312.93
2020/6/15,307.05,307
2020/6/12,304.21,303.57
2020/6/11,300.61,300.61
2020/6/10,319,319.01
2020/6/9,320.79,320.81
2020/6/8,323.2,323.24
2020/6/5,319.34,319.27
2020/6/4,311.36,311.29
2020/6/3,312.18,312.21
2020/6/2,308.08,308.11
2020/6/1,305.55,305.58
2020/5/29,304.32,304.15
2020/5/28,302.97,302.95
2020/5/27,303.53,303.48
2020/5/26,299.08,299.15
2020/5/22,295.44,295.39
2020/5/21,294.88,294.78
2020/5/20,296.93,296.95
2020/5/19,291.97,292.01
2020/5/18,295,294.98
2020/5/15,286.28,286.25
2020/5/14,284.97,285.05
2020/5/13,281.6,281.66
2020/5/12,286.67,286.61
2020/5/11,292.5,292.55
2020/5/8,292.44,292.46
2020/5/7,287.68,287.7
2020/5/6,284.25,284.33
2020/5/5,286.19,286.2
2020/5/4,283.57,283.66
2020/5/1,282.79,282.72
2020/4/30,290.48,290.38
2020/4/29,293.21,293.18
2020/4/28,285.73,280.01
2020/4/27,287.05,287.12
2020/4/24,282.97,283.03
2020/4/23,279.08,279.06
2020/4/22,279.1,279.17
2020/4/21,273.04,273.01
2020/4/20,281.59,281.6
2020/4/17,286.64,286.72
2020/4/16,279.1,279.21
2020/4/15,277.76,277.73
2020/4/14,283.79,283.88
2020/4/13,275.66,275.56
2020/4/9,278.2,278.25
2020/4/8,274.03,274.09
2020/4/7,265.13,265.1
2020/4/6,264.86,266.55
2020/4/3,248.19,248.23
2020/4/2,251.83,251.87
2020/4/1,246.15,246.12
2020/3/31,257.75,257.7
2020/3/30,261.65,261.68
2020/3/27,253.42,253.38
2020/3/26,261.2,261.39
2020/3/25,246.79,246.76
2020/3/24,243.15,243.58
2020/3/23,222.95,222.45
2020/3/20,228.8,228.94
2020/3/19,240.51,241.17
2020/3/18,240,240.97
2020/3/17,252.8,#N/A N/A
2020/3/16,239.85,239.41
2020/3/13,269.32,270.93
2020/3/12,248.11,248.08
2020/3/11,274.36,274.36
2020/3/10,288.42,288.44
2020/3/9,274.23,274.4
2020/3/6,297.46,291.27
2020/3/5,302.46,302.44
2020/3/4,312.86,312.91
2020/3/3,300.24,300.36
2020/3/2,309.09,309.08
2020/2/28,296.26,298.75
2020/2/27,297.51,297.56
2020/2/26,311.5,311.55
2020/2/25,312.65,312.69
2020/2/24,322.42,322.4
2020/2/21,333.48,333.49
2020/2/20,336.95,336.97
2020/2/19,338.34,338.3
2020/2/18,336.73,336.7
2020/2/14,337.6,337.6
2020/2/13,337.06,337.06
2020/2/12,337.42,337.41
2020/2/11,335.26,335.28
2020/2/10,334.68,334.68
2020/2/7,332.2,332.2
2020/2/6,333.98,333.96
2020/2/5,332.86,332.82
2020/2/4,329.06,329.07
2020/2/3,324.12,324.14
2020/1/31,321.73,321.74
2020/1/30,327.68,327.65
2020/1/29,326.62,326.62
2020/1/28,326.89,326.89
2020/1/27,323.5,323.51
2020/1/24,328.77,328.74
2020/1/23,331.72,331.74
2020/1/22,331.34,331.38
2020/1/21,331.3,331.31
2020/1/17,331.95,332.01
2020/1/16,330.92,330.89
2020/1/15,328.19,328.17
2020/1/14,327.45,327.43
2020/1/13,327.95,327.93
2020/1/10,325.71,325.69
2020/1/9,326.65,326.62
2020/1/8,324.45,324.41
2020/1/7,322.73,322.76
2020/1/6,323.64,323.66
2020/1/3,322.41,322.44
2020/1/2,324.87,324.83
2019/12/31,321.86,321.89
2019/12/30,321.08,321.1
2019/12/27,322.86,322.86
2019/12/26,322.94,322.9
2019/12/24,321.23,321.24
2019/12/23,321.22,321.22
2019/12/20,320.73,320.95
2019/12/19,320.9,320.9
2019/12/18,319.59,319.56
2019/12/17,319.57,319.55
2019/12/16,319.5,319.5
2019/12/13,317.32,317.27
2019/12/12,317.13,317.13
2019/12/11,314.42,314.4
2019/12/10,313.53,313.54
2019/12/9,313.88,313.87
2019/12/6,314.87,314.82
2019/12/5,312.02,312.04
2019/12/4,311.46,311.46
2019/12/3,309.55,309.47
2019/12/2,311.64,311.59
2019/11/29,314.31,314.27
2019/11/27,315.48,315.43
2019/11/26,314.08,314.01
2019/11/25,313.37,313.34
2019/11/22,310.96,310.99
2019/11/21,310.27,310.28
2019/11/20,310.77,310.79
2019/11/19,311.93,311.88
2019/11/18,312.02,311.99
2019/11/15,311.79,311.82
2019/11/14,309.55,309.52
2019/11/13,309.1,309.07
2019/11/12,309,308.93
2019/11/11,308.35,308.39
2019/11/8,308.94,308.97
2019/11/7,308.18,308.22
2019/11/6,307.1,307.14
2019/11/5,307.03,307
2019/11/4,307.37,307.34
2019/11/1,306.14,306.18
2019/10/31,303.33,303.26
2019/10/30,304.14,304.14
2019/10/29,303.21,303.2
2019/10/28,303.3,303.35
2019/10/25,301.6,301.64
2019/10/24,300.37,300.41
2019/10/23,299.88,299.85
2019/10/22,299.01,299.02
2019/10/21,299.99,300.05
2019/10/18,297.97,297.97
2019/10/17,299.28,299.23
2019/10/16,298.4,298.42
2019/10/15,298.88,298.9
2019/10/14,295.95,296.01
2019/10/11,296.28,296.26
2019/10/10,293.24,293.23
2019/10/9,291.27,291.22
2019/10/8,288.53,288.55
2019/10/7,293.08,293.11
2019/10/4,294.35,294.37
2019/10/3,290.42,290.37
2019/10/2,288.06,288.03
2019/10/1,293.24,293.21
2019/9/30,296.77,296.82
2019/9/27,295.4,295.35
2019/9/26,297,296.97
2019/9/25,297.62,297.59
2019/9/24,295.87,295.8
2019/9/23,298.21,298.25
2019/9/20,298.28,298.13
2019/9/19,301.08,301.05
2019/9/18,301.1,301.09
2019/9/17,300.92,300.93
2019/9/16,300.16,300.15
2019/9/13,301.09,301.04
2019/9/12,301.29,301.26
2019/9/11,300.25,300.28
2019/9/10,298.13,298.2
2019/9/9,298.2,298.14
2019/9/6,298.05,298.07
2019/9/5,297.82,297.82
2019/9/4,294.04,293.96
2019/9/3,290.74,290.76
2019/8/30,292.45,292.45
2019/8/29,292.58,292.56
2019/8/28,288.89,288.83
2019/8/27,286.87,286.85
2019/8/26,288,287.97
2019/8/23,284.85,284.81
2019/8/22,292.36,292.31
2019/8/21,292.45,292.42
2019/8/20,290.09,290.05
2019/8/19,292.33,292.32
2019/8/16,288.85,288.86
2019/8/15,284.65,284.67
2019/8/14,283.9,283.92
2019/8/13,292.55,292.42
2019/8/12,288.07,288.09
2019/8/9,291.62,291.58
2019/8/8,293.62,293.55
2019/8/7,287.97,288.02
2019/8/6,287.8,287.77
2019/8/5,283.82,284.03
2019/8/2,292.62,292.76
2019/8/1,294.84,294.99
2019/7/31,297.43,297.38
2019/7/30,300.72,300.81
2019/7/29,301.46,301.48
2019/7/26,302.01,301.98
2019/7/25,300,299.95
2019/7/24,301.44,301.37
2019/7/23,300.03,299.96
2019/7/22,297.9,297.92
2019/7/19,297.17,297.11
2019/7/18,298.83,298.85
2019/7/17,297.74,297.77
2019/7/16,299.71,299.75
2019/7/15,300.75,300.76
2019/7/12,300.65,300.67
2019/7/11,299.31,299.29
2019/7/10,298.61,298.6
2019/7/9,297.19,297.25
2019/7/8,296.82,296.85
2019/7/5,298.46,298.36
2019/7/3,298.8,298.76
2019/7/2,296.43,296.47
2019/7/1,295.66,295.59
2019/6/28,293,293.08
2019/6/27,291.5,291.55
2019/6/26,290.47,290.49
2019/6/25,290.76,290.81
2019/6/24,293.64,293.68
2019/6/21,294,294.07
2019/6/20,295.86,295.85
2019/6/19,293.06,293.05
2019/6/18,292.4,292.31
2019/6/17,289.37,289.47
2019/6/14,289.26,289.19
2019/6/13,289.58,289.65
2019/6/12,288.39,288.34
2019/6/11,288.9,288.89
2019/6/10,288.97,288.96
2019/6/7,287.65,287.62
2019/6/6,284.8,284.77
2019/6/5,282.96,282.89
2019/6/4,280.53,280.52
2019/6/3,274.57,274.59
2019/5/31,275.27,275.38
2019/5/30,279.03,279.04
2019/5/29,278.27,278.33
2019/5/28,280.15,280.18
2019/5/24,282.78,282.9
2019/5/23,282.14,282.25
2019/5/22,285.63,285.64
2019/5/21,286.51,286.5
2019/5/20,283.95,283.97
2019/5/17,285.84,285.91
2019/5/16,287.7,287.66
2019/5/15,285.06,285.18
2019/5/14,283.4,283.34
2019/5/13,280.86,280.97
2019/5/10,288.1,288.01
2019/5/9,286.66,286.74
2019/5/8,287.53,287.68
2019/5/7,287.93,288.04
2019/5/6,292.82,292.86
2019/5/3,294.03,294.01
2019/5/2,291.18,291.26
2019/5/1,291.81,291.83
2019/4/30,294.02,293.95
2019/4/29,293.87,293.81
2019/4/26,293.41,293.43
2019/4/25,292.05,292.12
2019/4/24,292.23,292.22
2019/4/23,292.88,292.86
2019/4/22,290.27,290.31
2019/4/18,290.02,290.01
2019/4/17,289.45,289.48
2019/4/16,290.16,290.18
2019/4/15,289.97,289.99
2019/4/12,290.16,290.18
2019/4/11,288.21,288.23
2019/4/10,288.29,288.29
2019/4/9,287.31,287.32
2019/4/8,288.79,288.82
2019/4/5,288.57,288.54
2019/4/4,287.18,287.21
2019/4/3,286.42,286.51
2019/4/2,285.97,285.97
2019/4/1,285.83,285.89
2019/3/29,282.48,282.62
2019/3/28,280.71,280.78
2019/3/27,279.65,279.71
2019/3/26,281.12,281.01
2019/3/25,279.04,279.02
2019/3/22,279.25,279.27
2019/3/21,284.73,284.69
2019/3/20,281.55,281.52
2019/3/19,282.4,282.5
2019/3/18,282.33,282.41
2019/3/15,281.31,281.36
2019/3/14,281.16,281.19
2019/3/13,281.34,281.34
2019/3/12,279.49,279.44
2019/3/11,278.44,278.5
2019/3/8,274.46,274.52
2019/3/7,275.01,275.1
2019/3/6,277.33,277.3
2019/3/5,279.02,279.05
2019/3/4,279.4,279.41
2019/3/1,280.42,280.48
2019/2/28,278.68,278.55
2019/2/27,279.2,279.23
2019/2/26,279.32,279.33
2019/2/25,279.52,279.6
2019/2/22,279.14,279.14
2019/2/21,277.42,277.47
2019/2/20,278.41,278.43
2019/2/19,277.85,277.87
2019/2/15,277.37,277.39
2019/2/14,274.38,274.42
2019/2/13,274.99,274.98
2019/2/12,274.1,274.11
2019/2/11,270.62,270.65
2019/2/8,270.47,270.52
2019/2/7,270.14,270.18
2019/2/6,272.74,272.84
2019/2/5,273.1,273.19
2019/2/4,271.96,272.02
2019/2/1,270.06,270.08
2019/1/31,269.93,269.85
2019/1/30,267.58,267.6
2019/1/29,263.41,263.5
2019/1/28,263.76,263.79
2019/1/25,265.78,265.83
2019/1/24,263.55,263.62
2019/1/23,263.41,263.35
2019/1/22,262.86,262.98
2019/1/18,266.46,266.42
2019/1/17,262.96,262.99
2019/1/16,260.98,260.94
2019/1/15,260.35,260.36
2019/1/14,257.4,257.45
2019/1/11,258.98,258.91
2019/1/10,258.88,258.99
2019/1/9,257.97,257.87
2019/1/8,256.77,256.69
2019/1/7,254.38,254.28
2019/1/4,252.39,252.44
2019/1/3,244.21,244.1
2019/1/2,250.18,250.25
2018/12/31,249.92,250.11
2018/12/28,247.75,247.8
2018/12/27,248.07,248.21
2018/12/26,246.18,245.99
2018/12/24,234.34,234.36
2018/12/21,240.7,240.67
2018/12/20,247.17,247.24
2018/12/19,251.26,251.1
2018/12/18,255.08,255.14
2018/12/17,255.36,255.28
2018/12/14,260.47,260.53
2018/12/13,265.37,265.37
2018/12/12,265.46,265.5
2018/12/11,264.13,264.11
2018/12/10,264.07,264.07
2018/12/7,263.57,263.64
2018/12/6,269.84,269.93
2018/12/4,270.25,270.49
2018/12/3,279.3,279.22
2018/11/30,275.65,275.74
2018/11/29,273.98,273.95
2018/11/28,274.58,274.52
2018/11/27,268.4,268.33
2018/11/26,267.5,267.45
2018/11/23,263.25,263.36
2018/11/21,265.02,265.07
2018/11/20,264.12,264.19
2018/11/19,269.1,269.19
2018/11/16,273.73,273.67
2018/11/15,273.02,273.04
2018/11/14,270.2,270.13
2018/11/13,272.06,272.03
2018/11/12,272.57,272.52
2018/11/9,277.76,277.83
2018/11/8,280.5,280.43
2018/11/7,281.01,280.98
2018/11/6,275.12,275.08
2018/11/5,273.39,273.43
2018/11/2,271.89,271.81
2018/11/1,273.51,273.45
2018/10/31,270.63,270.69
2018/10/30,267.77,267.81
2018/10/29,263.86,263.78
2018/10/26,265.33,265.24
2018/10/25,270.08,270.1
2018/10/24,265.32,265.21
2018/10/23,273.61,273.52
2018/10/22,275.01,275.06
2018/10/19,276.25,276.17
2018/10/18,276.4,276.46
2018/10/17,280.45,280.4
2018/10/16,280.4,280.31
2018/10/15,274.4,274.48
2018/10/12,275.95,276.01
2018/10/11,272.17,272.29
2018/10/10,278.3,278.21
2018/10/9,287.4,287.42
2018/10/8,287.82,287.79
2018/10/5,287.82,287.89
2018/10/4,289.44,289.49
2018/10/3,291.72,291.78
2018/10/2,291.56,291.6
2018/10/1,291.73,291.66
2018/9/28,290.72,290.62
2018/9/27,290.69,290.66
2018/9/26,289.88,289.83
2018/9/25,290.75,290.69
2018/9/24,291.02,291.06
2018/9/21,291.99,292.01
2018/9/20,293.58,293.54
2018/9/19,291.22,291.25
2018/9/18,290.91,290.89
2018/9/17,289.34,289.37
2018/9/14,290.88,290.91
2018/9/13,290.83,290.81
2018/9/12,289.12,289.17
2018/9/11,289.05,289.11
2018/9/10,288.1,288.08
2018/9/7,287.6,287.55
2018/9/6,288.16,288.18
2018/9/5,289.03,289.05
2018/9/4,289.81,289.86
2018/8/31,290.31,290.23
2018/8/30,290.3,290.27
2018/8/29,291.48,291.45
2018/8/28,289.92,289.89
2018/8/27,289.78,289.72
2018/8/24,287.51,287.51
2018/8/23,285.79,285.76
2018/8/22,286.17,286.19
2018/8/21,286.34,286.25
2018/8/20,285.67,285.7
2018/8/17,285.06,285.01
2018/8/16,284.06,284.08
2018/8/15,281.78,281.76
2018/8/14,283.9,283.85
2018/8/13,282.1,282.05
2018/8/10,283.16,283.13
2018/8/9,285.07,285.07
2018/8/8,285.46,285.42
2018/8/7,285.58,285.52
2018/8/6,284.64,284.68
2018/8/3,283.6,283.64
2018/8/2,282.39,282.34
2018/8/1,280.86,280.92
2018/7/31,281.33,281.37
2018/7/30,279.95,279.88
2018/7/27,281.42,281.48
2018/7/26,283.34,283.28
2018/7/25,284.01,284.13
2018/7/24,281.61,281.56
2018/7/23,280.2,280.24
2018/7/20,279.68,279.74
2018/7/19,280,280
2018/7/18,281.06,281.04
2018/7/17,280.47,280.5
2018/7/16,279.34,279.38
2018/7/13,279.59,279.56
2018/7/12,279.37,279.3
2018/7/11,276.86,276.92
2018/7/10,278.9,278.8
2018/7/9,277.9,277.87
2018/7/6,275.42,275.36
2018/7/5,273.11,273.08
2018/7/3,270.9,270.83
2018/7/2,271.86,271.93
2018/6/29,271.28,271.24
2018/6/28,270.89,270.93
2018/6/27,269.35,269.42
2018/6/26,271.6,271.55
2018/6/25,271,271.01
2018/6/22,274.74,274.73
2018/6/21,274.24,274.25
2018/6/20,275.97,275.98
2018/6/19,275.5,275.51
2018/6/18,276.56,276.6
2018/6/15,277.13,277.2
2018/6/14,278.73,278.7
2018/6/13,278.03,277.98
2018/6/12,278.92,278.98
2018/6/11,278.56,278.57
2018/6/8,278.19,278.19
2018/6/7,277.37,277.32
2018/6/6,277.4,277.5
2018/6/5,275.1,275.2
2018/6/4,274.9,274.9
2018/6/1,273.6,273.64
2018/5/31,270.94,270.81
2018/5/30,272.61,272.58
2018/5/29,269.02,269.12
2018/5/25,272.15,272.18
2018/5/24,272.8,272.85
2018/5/23,273.36,273.37
2018/5/22,272.61,272.58
2018/5/21,273.37,273.35
2018/5/18,271.33,271.34
2018/5/17,272.01,272.02
2018/5/16,272.24,272.21
2018/5/15,271.1,271.04
2018/5/14,272.98,272.9
2018/5/11,272.85,272.64
2018/5/10,272.02,272
2018/5/9,269.5,269.47
2018/5/8,266.92,266.89
2018/5/7,266.92,266.89
2018/5/4,266.02,266
2018/5/3,262.62,262.61
2018/5/2,263.2,263.19
2018/5/1,264.98,264.99
2018/4/30,264.51,264.45
2018/4/27,266.56,266.58
2018/4/26,266.31,266.3
2018/4/25,263.63,263.57
2018/4/24,262.98,263.03
2018/4/23,266.57,266.58
2018/4/20,266.61,266.65
2018/4/19,268.89,268.86
2018/4/18,270.39,270.36
2018/4/17,270.19,270.14
2018/4/16,267.33,267.33
2018/4/13,265.15,265.15
2018/4/12,265.93,265.9
2018/4/11,263.76,263.74
2018/4/10,265.15,265.12
2018/4/9,261,260.86
2018/4/6,259.72,259.81
2018/4/5,265.64,265.63
2018/4/4,263.56,263.8
2018/4/3,260.77,260.56
2018/4/2,257.47,257.51
2018/3/29,263.15,263.39
2018/3/28,259.83,259.89
2018/3/27,260.6,260.75
2018/3/26,265.11,265.1
2018/3/23,258.05,258.18
2018/3/22,263.67,264.2
2018/3/21,270.43,270.49
2018/3/20,270.95,270.92
2018/3/19,270.49,270.72
2018/3/16,274.2,274.24
2018/3/15,275,275.11
2018/3/14,275.3,275.29
2018/3/13,276.72,276.9
2018/3/12,278.52,278.57
2018/3/9,278.87,278.54
2018/3/8,274.1,274.03
2018/3/7,272.78,272.78
2018/3/6,272.88,272.84
2018/3/5,272.19,272.17
2018/3/2,269.08,269.05
2018/3/1,267.7,267.88
2018/2/28,271.65,271.54
2018/2/27,274.43,274.6
2018/2/26,277.9,277.88
2018/2/23,274.71,274.59
2018/2/22,270.4,270.31
2018/2/21,270.05,269.92
2018/2/20,271.4,271.4
2018/2/16,273.11,273.32
2018/2/15,273.03,272.82
2018/2/14,269.59,269.55
2018/2/13,266,266.08
2018/2/12,265.34,264.89
2018/2/9,261.5,261.77
2018/2/8,257.63,258.1
2018/2/7,267.67,267.78
2018/2/6,269.13,268.91
2018/2/5,263.93,263.99
2018/2/2,275.45,275.8
2018/2/1,281.58,281.58
2018/1/31,281.9,282
2018/1/30,281.76,281.8
2018/1/29,284.68,284.79
2018/1/26,286.58,286.42
2018/1/25,283.3,283.27
2018/1/24,283.18,283.19
2018/1/23,283.29,283.24
2018/1/22,282.69,282.65
2018/1/19,280.41,280.34
2018/1/18,279.14,279.23
2018/1/17,279.61,279.62
2018/1/16,276.97,277.15
2018/1/12,277.92,277.86
2018/1/11,276.12,276.06
2018/1/10,274.12,274.07
2018/1/9,274.54,274.48
2018/1/8,273.92,273.91
2018/1/5,273.42,273.35
2018/1/4,271.61,271.51
2018/1/3,270.47,270.46
2018/1/2,268.77,268.62
2017/12/29,266.86,266.98
2017/12/28,267.87,267.85
2017/12/27,267.32,267.36
2017/12/26,267.19,267.08
2017/12/22,267.51,267.5
2017/12/21,267.58,267.61
2017/12/20,267.03,267.15
2017/12/19,267.17,267.23
2017/12/18,268.2,268.24
2017/12/15,266.51,266.58
2017/12/14,265.66,265.75
2017/12/13,266.75,266.74
2017/12/12,266.78,266.8
2017/12/11,266.31,266.3
2017/12/8,265.51,265.47
2017/12/7,264.07,264.03
2017/12/6,263.24,263.24
2017/12/5,263.19,263.19
2017/12/4,264.14,264.13
2017/12/1,264.46,264.45
2017/11/30,265.01,264.83
2017/11/29,262.71,262.71
2017/11/28,262.87,262.77
2017/11/27,260.23,260.36
2017/11/24,260.36,260.22
2017/11/22,259.76,259.77
2017/11/21,259.99,259.83
2017/11/20,258.3,258.25
2017/11/17,257.86,257.91
2017/11/16,258.62,258.44
2017/11/15,256.44,256.45
2017/11/14,257.73,257.77
2017/11/13,258.33,258.31
2017/11/10,258.09,258.05
2017/11/9,258.17,258.29
2017/11/8,259.11,259.03
2017/11/7,258.67,258.69
2017/11/6,258.85,258.81
2017/11/3,258.45,258.38
2017/11/2,257.59,257.6
2017/11/1,257.49,257.51
2017/10/31,257.15,257.14
2017/10/30,256.75,256.8
2017/10/27,257.71,257.6
2017/10/26,255.62,255.47
2017/10/25,255.29,255.34
2017/10/24,256.56,256.5
2017/10/23,256.11,256.2
2017/10/20,257.11,257.09
2017/10/19,255.79,255.82
2017/10/18,255.72,255.67
2017/10/17,255.47,255.43
2017/10/16,255.29,255.3
2017/10/13,254.95,254.91
2017/10/12,254.64,254.64
2017/10/11,255.02,254.98
2017/10/10,254.62,254.56
2017/10/9,253.95,253.98
2017/10/6,254.37,254.42
2017/10/5,254.66,254.64
2017/10/4,253.16,253.16
2017/10/3,252.86,252.84
2017/10/2,252.32,252.28
2017/9/29,251.23,251.2
2017/9/28,250.35,250.33
2017/9/27,250.05,250.02
2017/9/26,249.08,249.06
2017/9/25,248.93,248.98
2017/9/22,249.44,249.43
2017/9/21,249.39,249.4
2017/9/20,250.06,250.09
2017/9/19,249.97,249.96
2017/9/18,249.72,249.7
2017/9/15,249.19,249.24
2017/9/14,250.09,250.09
2017/9/13,250.17,250.17
2017/9/12,250.05,250.09
2017/9/11,249.21,249.17
2017/9/8,246.58,246.54
2017/9/7,246.87,246.9
2017/9/6,246.9,246.91
2017/9/5,246.06,246.13
2017/9/1,247.84,247.87
2017/8/31,247.49,247.41
2017/8/30,246.01,246.03
2017/8/29,244.85,244.83
2017/8/28,244.57,244.59
2017/8/25,244.56,244.53
2017/8/24,243.99,244.02
2017/8/23,244.56,244.55
2017/8/22,245.44,245.38
2017/8/21,242.9,242.92
2017/8/18,242.71,242.7
2017/8/17,243.09,243.12
2017/8/16,246.94,246.92
2017/8/15,246.51,246.51
2017/8/14,246.54,246.51
2017/8/11,244.12,244.1
2017/8/10,243.76,243.78
2017/8/9,247.25,247.22
2017/8/8,247.26,247.29
2017/8/7,247.87,247.84
2017/8/4,247.41,247.4
2017/8/3,246.96,246.97
2017/8/2,247.44,247.42
2017/8/1,247.32,247.33
2017/7/31,246.77,246.8
2017/7/28,246.91,246.89
2017/7/27,247.2,247.22
2017/7/26,247.43,247.45
2017/7/25,247.42,247.38
2017/7/24,246.82,246.8
2017/7/21,246.88,246.88
2017/7/20,247.1,247.06
2017/7/19,246.99,246.98
2017/7/18,245.66,245.68
2017/7/17,245.53,245.51
2017/7/14,245.56,245.52
2017/7/13,244.42,244.4
2017/7/12,244.01,243.97
2017/7/11,242.19,242.16
2017/7/10,242.37,242.35
2017/7/7,242.11,242.09
2017/7/6,240.55,240.73
2017/7/5,242.77,242.76
2017/7/3,242.21,242.3
2017/6/30,241.8,241.78
2017/6/29,241.35,241.38
2017/6/28,243.49,243.45
2017/6/27,241.33,241.35
2017/6/26,243.29,243.26
2017/6/23,243.13,243.15
2017/6/22,242.84,242.82
2017/6/21,242.95,242.93
2017/6/20,243.01,243.04
2017/6/19,244.66,244.64
2017/6/16,242.64,242.63
2017/6/15,243.77,243.81
2017/6/14,244.24,244.25
2017/6/13,244.55,244.51
2017/6/12,243.36,243.33
2017/6/9,243.41,243.44
2017/6/8,243.78,243.76
2017/6/7,243.66,243.65
2017/6/6,243.21,243.25
2017/6/5,243.99,243.96
2017/6/2,244.17,244.13
2017/6/1,243.36,243.36
2017/5/31,241.44,241.42
2017/5/30,241.5,241.52
2017/5/26,241.71,241.74
2017/5/25,241.76,241.71
2017/5/24,240.61,240.57
2017/5/23,240.05,240.01
2017/5/22,239.52,239.52
2017/5/19,238.31,238.29
2017/5/18,236.77,236.74
2017/5/17,235.82,235.88
2017/5/16,240.08,240.1
2017/5/15,240.3,240.25
2017/5/12,238.98,239.02
2017/5/11,239.38,239.41
2017/5/10,239.87,239.86
2017/5/9,239.44,239.46
2017/5/8,239.66,239.67
2017/5/5,239.7,239.71
2017/5/4,238.76,238.74
2017/5/3,238.48,238.52
2017/5/2,238.77,238.78
2017/5/1,238.68,238.64
2017/4/28,238.08,238.1
2017/4/27,238.6,238.63
2017/4/26,238.4,238.44
2017/4/25,238.55,238.52
2017/4/24,237.17,237.12
2017/4/21,234.59,234.58
2017/4/20,235.34,235.29
2017/4/19,233.44,233.47
2017/4/18,233.87,233.85
2017/4/17,234.57,234.56
2017/4/13,232.51,232.54
2017/4/12,234.03,234.09
2017/4/11,235.06,235.03
2017/4/10,235.34,235.32
2017/4/7,235.2,235.16
2017/4/6,235.44,235.38
2017/4/5,234.78,234.76
2017/4/4,235.48,235.51
2017/4/3,235.33,235.36
2017/3/31,235.74,235.71
2017/3/30,236.29,236.28
2017/3/29,235.54,235.59
2017/3/28,235.32,235.26
2017/3/27,233.62,233.57
2017/3/24,233.86,233.9
2017/3/23,234.03,233.99
2017/3/22,234.28,234.26
2017/3/21,233.73,233.78
2017/3/20,236.77,236.74
2017/3/17,237.03,237.07
2017/3/16,238.48,238.52
2017/3/15,238.95,238.9
2017/3/14,236.9,236.93
2017/3/13,237.81,237.79
2017/3/10,237.69,237.64
2017/3/9,236.86,236.82
2017/3/8,236.56,236.61
2017/3/7,237,237.05
2017/3/6,237.71,237.75
2017/3/3,238.42,238.48
2017/3/2,238.27,238.32
2017/3/1,239.78,239.74
2017/2/28,236.47,236.51
2017/2/27,237.11,237.13
2017/2/24,236.74,236.78
2017/2/23,236.44,236.45
2017/2/22,236.28,236.3
2017/2/21,236.49,236.45
2017/2/17,235.09,235.05
2017/2/16,234.72,234.75
2017/2/15,234.92,234.87
2017/2/14,233.7,233.7
2017/2/13,232.77,232.73
2017/2/10,231.51,231.47
2017/2/9,230.6,230.57
2017/2/8,229.24,229.26
2017/2/7,228.94,228.98
2017/2/6,228.93,228.97
2017/2/3,229.34,229.36
2017/2/2,227.77,227.76
2017/2/1,227.62,227.64
2017/1/31,227.53,227.56
2017/1/30,227.55,227.62
2017/1/27,228.97,228.99
2017/1/26,229.33,229.32
2017/1/25,229.57,229.51
2017/1/24,227.6,227.59
2017/1/23,226.15,226.18
2017/1/20,226.74,226.71
2017/1/19,225.91,226.01
2017/1/18,226.75,226.73
2017/1/17,226.25,226.29
2017/1/13,227.05,227.04
2017/1/12,226.53,226.56
2017/1/11,227.1,227.06
2017/1/10,226.46,226.43
2017/1/9,226.46,226.52
2017/1/6,227.21,227.26
2017/1/5,226.4,226.37
2017/1/4,226.58,226.53
2017/1/3,225.24,225.2
2016/12/30,223.53,223.54
2016/12/29,224.35,224.37
2016/12/28,224.4,224.42
2016/12/27,226.27,226.23
2016/12/23,225.71,225.69
2016/12/22,225.38,225.44
2016/12/21,225.77,225.82
2016/12/20,226.4,226.37
2016/12/19,225.53,225.51
2016/12/16,225.04,225.08
2016/12/15,226.81,226.8
2016/12/14,225.88,225.92
2016/12/13,227.76,227.7
2016/12/12,226.25,226.21
2016/12/9,226.51,226.5
2016/12/8,225.15,225.13
2016/12/7,224.6,224.57
2016/12/6,221.7,221.69
2016/12/5,221,220.93
2016/12/2,219.68,219.69
2016/12/1,219.57,219.54
2016/11/30,220.38,220.34
2016/11/29,220.91,220.88
2016/11/28,220.48,220.54
2016/11/25,221.52,221.54
2016/11/23,220.7,220.72
2016/11/22,220.58,220.54
2016/11/21,220.15,220.11
2016/11/18,218.5,218.51
2016/11/17,218.99,218.95
2016/11/16,217.87,217.93
2016/11/15,218.28,218.24
2016/11/14,216.59,216.53
2016/11/11,216.42,216.46
2016/11/10,216.92,216.94
2016/11/9,216.3792,216.42
2016/11/8,214.11,214.07
2016/11/7,213.15,213.13
2016/11/4,208.55,208.53
2016/11/3,208.78,208.84
2016/11/2,209.74,209.69
2016/11/1,211.01,211.01
2016/10/31,212.55,212.5
2016/10/28,212.54,212.58
2016/10/27,213.17,213.17
2016/10/26,213.74,213.76
2016/10/25,214.17,214.19
2016/10/24,214.89,214.86
2016/10/21,213.98,213.94
2016/10/20,213.88,213.9
2016/10/19,214.28,214.27
2016/10/18,213.71,213.68
2016/10/17,212.38,212.42
2016/10/14,213.12,213.08
2016/10/13,213.01,213.03
2016/10/12,213.71,213.72
2016/10/11,213.43,213.48
2016/10/10,216.16,216.14
2016/10/7,215.04,215.05
2016/10/6,215.78,215.83
2016/10/5,215.63,215.64
2016/10/4,214.68,214.71
2016/10/3,215.78,215.68
2016/9/30,216.3,216.36
2016/9/29,214.68,214.68
2016/9/28,216.64,216.68
2016/9/27,215.57,215.56
2016/9/26,214.24,214.21
2016/9/23,215.99,216
2016/9/22,217.18,217.17
2016/9/21,215.82,215.8
2016/9/20,213.42,213.42
2016/9/19,213.41,213.4
2016/9/16,213.37,213.33
2016/9/15,215.28,215.28
2016/9/14,213.15,213.13
2016/9/13,213.23,213.22
2016/9/12,216.34,216.33
2016/9/9,213.28,213.29
2016/9/8,218.51,218.53
2016/9/7,219.01,219.08
2016/9/6,219.0308,219.07
2016/9/2,218.37,218.38
2016/9/1,217.39,217.41
2016/8/31,217.38,217.37
2016/8/30,218,217.99
2016/8/29,218.3608,218.36
2016/8/26,217.29,217.24
2016/8/25,217.7,217.71
2016/8/24,217.85,217.92
2016/8/23,218.97,218.94
2016/8/22,218.53,218.51
2016/8/19,218.54,218.57
2016/8/18,218.86,218.87
2016/8/17,218.37,218.37
2016/8/16,217.96,217.97
2016/8/15,219.09,219.12
2016/8/12,218.46,218.45
2016/8/11,218.65,218.64
2016/8/10,217.64,217.64
2016/8/9,218.18,218.19
2016/8/8,218.05,218.03
2016/8/5,218.18,218.17
2016/8/4,216.4097,216.41
2016/8/3,216.18,216.21
2016/8/2,215.5492,215.58
2016/8/1,216.94,216.89
2016/7/29,217.12,217.13
2016/7/28,216.77,216.78
2016/7/27,216.52,216.53
2016/7/26,216.75,216.72
2016/7/25,216.65,216.66
2016/7/22,217.24,217.24
2016/7/21,216.265,216.25
2016/7/20,217.085,217.1
2016/7/19,216.19,216.16
2016/7/18,216.4092,216.4
2016/7/15,215.83,215.82
2016/7/14,216.12,216.1
2016/7/13,214.92,214.91
2016/7/12,214.95,214.94
2016/7/11,213.4,213.4
2016/7/8,212.65,212.65
2016/7/7,209.526,209.51
2016/7/6,209.66,209.74
2016/7/5,208.41,208.43
2016/7/1,209.9208,209.84
2016/6/30,209.475,209.5
2016/6/29,206.66,206.66
2016/6/28,203.1997,203.16
2016/6/27,199.6,199.58
2016/6/24,203.13,203.22
2016/6/23,210.81,210.84
2016/6/22,208.1,208.04
2016/6/21,208.44,208.4
2016/6/20,207.85,207.86
2016/6/17,206.52,206.57
2016/6/16,208.37,208.42
2016/6/15,207.75,207.77
2016/6/14,208.04,208.07
2016/6/13,208.4492,208.44
2016/6/10,210.07,210.07
2016/6/9,212.08,212.02
2016/6/8,212.37,212.34
2016/6/7,211.68,211.69
2016/6/6,211.35,211.37
2016/6/3,210.28,210.3
2016/6/2,210.91,210.9
2016/6/1,210.27,210.26
2016/5/31,209.84,209.9
2016/5/27,210.24,210.23
2016/5/26,209.34,209.31
2016/5/25,209.28,209.22
2016/5/24,207.87,207.85
2016/5/23,205.21,205.15
2016/5/20,205.49,205.46
2016/5/19,204.2,204.22
2016/5/18,204.91,204.95
2016/5/17,204.8508,204.88
2016/5/16,206.78,206.78
2016/5/13,204.76,204.76
2016/5/12,206.56,206.56
2016/5/11,206.5,206.56
2016/5/10,208.45,208.42
2016/5/9,205.8892,205.89
2016/5/6,205.72,205.7
2016/5/5,204.97,204.96
2016/5/4,205.01,204.99
2016/5/3,206.1592,206.18
2016/5/2,207.97,207.97
2016/4/29,206.3308,206.39
2016/4/28,207.4475,207.48
2016/4/27,209.35,209.34
2016/4/26,208.9192,208.97
2016/4/25,208.61,208.62
2016/4/22,208.97,208.95
2016/4/21,208.97,208.96
2016/4/20,210.1,210.06
2016/4/19,209.9,209.89
2016/4/18,209.2392,209.24
2016/4/15,207.78,207.8
2016/4/14,208.01,208.01
2016/4/13,208.0008,208.01
2016/4/12,205.92,205.94
2016/4/11,204.0201,203.97
2016/4/8,204.4992,204.5
2016/4/7,203.95,203.96
2016/4/6,206.42,206.41
2016/4/5,204.1892,204.19
2016/4/4,206.25,206.26
2016/4/1,206.92,206.87
2016/3/31,205.52,205.54
2016/3/30,206.02,206.06
2016/3/29,205.1208,205.2
2016/3/28,203.24,203.24
2016/3/24,203.12,203.15
2016/3/23,203.2092,203.24
2016/3/22,204.56,204.59
2016/3/21,204.67,204.67
2016/3/18,204.38,204.43
2016/3/17,204.63,204.64
2016/3/16,203.34,203.39
2016/3/15,202.17,202.16
2016/3/14,202.5,202.49
2016/3/11,202.76,202.73
2016/3/10,199.54,199.52
2016/3/9,199.38,199.41
2016/3/8,198.4,198.36
2016/3/7,200.59,200.63
2016/3/4,200.43,200.38
2016/3/3,199.775,199.77
2016/3/2,199,199.01
2016/3/1,198.11,198.17
2016/2/29,193.56,193.46
2016/2/26,195.0892,195.13
2016/2/25,195.54,195.54
2016/2/24,193.2,193.2
2016/2/23,192.32,192.35
2016/2/22,194.78,194.77
2016/2/19,192,192.02
2016/2/18,192.09,192.05
2016/2/17,192.88,192.87
2016/2/16,189.78,189.77
2016/2/12,186.63,186.64
2016/2/11,182.86,183.03
2016/2/10,185.27,185.28
2016/2/9,185.43,185.38
2016/2/8,185.42,185.4
2016/2/5,187.95,187.95
2016/2/4,191.6,191.56
2016/2/3,191.3,191.19
2016/2/2,190.16,190.13
2016/2/1,193.65,193.68
2016/1/29,193.7208,193.69
2016/1/28,189.11,189.13
2016/1/27,188.13,188.12
2016/1/26,190.2,190.17
2016/1/25,187.64,187.66
2016/1/22,190.52,190.49
2016/1/21,186.69,186.68
2016/1/20,185.65,185.78
2016/1/19,188.06,188.02
2016/1/15,187.81,187.77
2016/1/14,191.93,191.88
2016/1/13,188.83,188.84
2016/1/12,193.6608,193.61
2016/1/11,192.11,192.06
2016/1/8,191.923,191.92
2016/1/7,194.05,194.01
2016/1/6,198.82,198.79
2016/1/5,201.36,201.43
2016/1/4,201.0192,200.99
2015/12/31,203.87,203.92
2015/12/30,205.93,205.93
2015/12/29,207.4,207.42
2015/12/28,205.21,205.19
2015/12/24,205.68,205.56
2015/12/23,206.02,206.02
2015/12/22,203.5,203.5
2015/12/21,201.67,201.65
2015/12/18,200.0208,199.95
2015/12/17,204.86,204.88
2015/12/16,208.03,207.97
2015/12/15,205.0308,205.08
2015/12/14,202.9008,202.99
2015/12/11,201.88,201.85
2015/12/10,205.87,205.83
2015/12/9,205.34,205.35
2015/12/8,206.949,206.95
2015/12/7,208.35,208.29
2015/12/4,209.62,209.63
2015/12/3,205.61,205.61
2015/12/2,208.529,208.49
2015/12/1,210.68,210.73
2015/11/30,208.69,208.67
2015/11/27,209.56,209.51
2015/11/25,209.32,209.32
2015/11/24,209.35,209.38
2015/11/23,209.07,209.05
2015/11/20,209.3108,209.35
2015/11/19,208.55,208.53
2015/11/18,208.73,208.71
2015/11/17,205.47,205.39
2015/11/16,205.62,205.6
2015/11/13,202.54,202.54
2015/11/12,204.84,204.87
2015/11/11,207.74,207.7
2015/11/10,208.56,208.51
2015/11/9,208.08,208.05
2015/11/6,210.04,210.01
2015/11/5,210.15,210.11
2015/11/4,210.36,210.37
2015/11/3,211,210.95
2015/11/2,210.39,210.36
2015/10/30,207.93,207.86
2015/10/29,208.83,208.87
2015/10/28,208.95,208.96
2015/10/27,206.6,206.57
2015/10/26,207,206.97
2015/10/23,207.51,207.5
2015/10/22,205.26,205.23
2015/10/21,201.85,201.82
2015/10/20,203.09,203.08
2015/10/19,203.37,203.33
2015/10/16,203.27,203.14
2015/10/15,202.35,202.34
2015/10/14,199.29,199.28
2015/10/13,200.25,200.21
2015/10/12,201.52,201.58
2015/10/9,201.33,201.4
2015/10/8,201.21,201.2
2015/10/7,199.41,199.45
2015/10/6,197.79,197.82
2015/10/5,198.47,198.49
2015/10/2,195,194.97
2015/10/1,192.13,192.15
2015/9/30,191.63,191.67
2015/9/29,188.12,188.05
2015/9/28,188.01,187.92
2015/9/25,192.85,192.81
2015/9/24,192.9,192.93
2015/9/23,193.6,193.6
2015/9/22,193.91,193.88
2015/9/21,196.46,196.46
2015/9/18,195.45,195.46
2015/9/17,199.73,199.76
2015/9/16,200.18,200.18
2015/9/15,198.46,198.48
2015/9/14,196.01,196.04
2015/9/11,196.74,196.76
2015/9/10,195.85,195.87
2015/9/9,194.79,194.78
2015/9/8,197.43,197.51
2015/9/4,192.59,192.58
2015/9/3,195.55,195.54
2015/9/2,195.41,195.44
2015/9/1,191.77,191.59
2015/8/31,197.67,197.6
2015/8/28,199.28,199.28
2015/8/27,199.27,199.3
2015/8/26,194.46,194.54
2015/8/25,187.27,187.22
2015/8/24,189.5,189.47
2015/8/21,197.83,197.54
2015/8/20,203.97,203.91
2015/8/19,208.32,208.31
2015/8/18,209.98,209.96
2015/8/17,210.59,210.57
2015/8/14,209.42,209.41
2015/8/13,208.66,208.62
2015/8/12,208.92,208.88
2015/8/11,208.67,208.64
2015/8/10,210.57,210.58
2015/8/7,207.95,207.92
2015/8/6,208.35,208.45
2015/8/5,210.07,210.1
2015/8/4,209.38,209.34
2015/8/3,209.79,209.76
2015/7/31,210.5,210.47
2015/7/30,210.82,210.78
2015/7/29,210.77,210.73
2015/7/28,209.33,209.29
2015/7/27,206.79,206.76
2015/7/24,208,207.97
2015/7/23,210.18,210.16
2015/7/22,211.37,211.33
2015/7/21,211.75,211.74
2015/7/20,212.59,212.61
2015/7/17,212.48,212.44
2015/7/16,212.3,212.26
2015/7/15,210.61,210.62
2015/7/14,210.68,210.68
2015/7/13,209.77,209.77
2015/7/10,207.48,207.47
2015/7/9,204.9,204.88
2015/7/8,204.53,204.51
2015/7/7,208.02,207.98
2015/7/6,206.72,206.72
2015/7/2,207.31,207.3
2015/7/1,207.5,207.51
2015/6/30,205.85,205.9
2015/6/29,205.42,205.43
2015/6/26,209.82,209.85
2015/6/25,209.86,209.81
2015/6/24,210.5,210.48
2015/6/23,212.04,212.02
2015/6/22,211.89,211.91
2015/6/19,210.81,210.45
2015/6/18,212.78,212.89
2015/6/17,210.59,210.35
2015/6/16,210.25,210.37
2015/6/15,209.11,209
2015/6/12,210.01,209.96
2015/6/11,211.63,211.55
2015/6/10,210.95,211.28
2015/6/9,208.45,208.64
2015/6/8,208.48,208.5
2015/6/5,209.77,209.83
2015/6/4,210.1292,210.53
2015/6/3,211.92,212.2
2015/6/2,211.36,211.26
2015/6/1,211.57,211.53
2015/5/29,211.14,211.35
2015/5/28,212.46,212.74
2015/5/27,212.7,212.63
2015/5/26,210.7,211.1
2015/5/22,212.99,213.01
2015/5/21,213.5,213.39
2015/5/20,212.88,212.8
2015/5/19,213.03,212.98
2015/5/18,213.1,213.14
2015/5/15,212.44,212.44
2015/5/14,212.21,212.31
2015/5/13,210.02,210.05
2015/5/12,209.98,210.07
2015/5/11,210.605,210.35
2015/5/8,211.62,211.35
2015/5/7,208.87,208.97
2015/5/6,208.04,208.04
2015/5/5,208.9,208.95
2015/5/4,211.32,211.44
2015/5/1,210.72,210.69
2015/4/30,208.46,208.66
2015/4/29,210.57,210.37
2015/4/28,211.44,211.65
2015/4/27,210.77,210.95
2015/4/24,211.6499,211.68
2015/4/23,211.16,211.19
2015/4/22,210.63,210.55
2015/4/21,209.6,209.62
2015/4/20,209.85,209.59
2015/4/17,207.95,208.11
2015/4/16,210.37,210.55
2015/4/15,210.43,210.5
2015/4/14,209.49,209.62
2015/4/13,209.09,209.16
2015/4/10,210.04,210.06
2015/4/9,208.9,209.05
2015/4/8,207.975,208.11
2015/4/7,207.28,207.29
2015/4/6,207.83,207.8
2015/4/2,206.435,206.47
2015/4/1,205.7,205.84
2015/3/31,206.43,206.33
2015/3/30,208.25,208.05
2015/3/27,205.74,205.76
2015/3/26,205.27,205.32
2015/3/25,205.76,205.88
2015/3/24,208.82,208.91
2015/3/23,210,209.9
2015/3/20,210.41,210.38
2015/3/19,209.5,209.61
2015/3/18,210.46,210.61
2015/3/17,207.96,208.03
2015/3/16,208.58,208.15
2015/3/13,205.8272,205.58
2015/3/12,207.1,206.95
2015/3/11,204.5,204.55
2015/3/10,204.98,204.75
2015/3/9,208.36,208.33
2015/3/6,207.5,207.65
2015/3/5,210.46,210.48
2015/3/4,210.2301,210.15
2015/3/3,211.12,210.99
2015/3/2,211.99,211.94
2015/2/27,210.66,211
2015/2/26,211.38,211.44
2015/2/25,211.63,211.5
2015/2/24,211.81,211.82
2015/2/23,211.209,211.16
2015/2/20,211.239,211.2
2015/2/19,209.98,210.01
2015/2/18,210.13,210.01
2015/2/17,210.11,210.05
2015/2/13,209.78,209.79
2015/2/12,208.92,208.9
2015/2/11,206.93,207.08
2015/2/10,206.81,206.69
2015/2/9,204.63,204.73
2015/2/6,205.55,205.82
2015/2/5,206.12,205.98
2015/2/4,204.06,203.54
2015/2/3,204.84,204.62
2015/2/2,201.92,202.14
2015/1/30,199.45,199.54
2015/1/29,201.9902,202.35
2015/1/28,200.14,199.62
2015/1/27,202.74,203.37
2015/1/26,205.45,205.73
2015/1/23,204.97,204.8
2015/1/22,206.1,206
2015/1/21,203.08,203.09
2015/1/20,202.055,202.02
2015/1/16,201.63,201.72
2015/1/15,199.0199,199.32
2015/1/14,200.86,201.22
2015/1/13,202.08,202.02
2015/1/12,202.65,202.68
2015/1/9,204.25,203.95
2015/1/8,205.9,205.77
2015/1/7,202.31,202.36
2015/1/6,199.82,199.85
2015/1/5,201.72,201.96
2015/1/2,205.43,204.96
2014/12/31,205.54,205.55
2014/12/30,207.6,207.87
2014/12/29,208.72,208.78
2014/12/26,208.44,208.44
2014/12/24,207.77,207.81
2014/12/23,207.75,207.94
2014/12/22,207.47,207.26
2014/12/19,206.52,206.49
2014/12/18,206.78,207.06
2014/12/17,201.79,201.97
2014/12/16,197.91,#N/A N/A
2014/12/15,199.51,199.62
2014/12/12,200.89,200.39
2014/12/11,204.19,203.61
2014/12/10,203.1601,203.2
2014/12/9,206.47,206.26
2014/12/8,206.61,206.5
2014/12/5,208,208.17
2014/12/4,207.66,207.76
2014/12/3,207.89,207.82
2014/12/2,207.085,207.13
2014/12/1,205.76,205.62
2014/11/28,207.2,206.94
2014/11/26,207.64,207.76
2014/11/25,207.11,207.28
2014/11/24,207.26,207.26
2014/11/21,206.68,206.64
2014/11/20,205.58,205.7
2014/11/19,205.22,205.25
2014/11/18,205.55,205.37
2014/11/17,204.37,204.47
2014/11/14,204.24,204.3
2014/11/13,204.19,203.92
2014/11/12,203.96,204.09
2014/11/11,204.175,204.16
2014/11/10,203.98,203.96
2014/11/7,203.34,203.13
2014/11/6,203.15,203.36
2014/11/5,202.34,202.43
2014/11/4,201.07,201.05
2014/11/3,201.77,201.64
2014/10/31,201.66,201.49
2014/10/30,199.38,199.43
2014/10/29,198.11,197.83
2014/10/28,198.41,198.52
2014/10/27,196.16,196.29
2014/10/24,196.43,196.52
2014/10/23,194.93,195.14
2014/10/22,192.69,193.12
2014/10/21,194.07,194.4
2014/10/20,190.3,190.6
2014/10/17,188.47,188.69
2014/10/16,186.27,185.65
2014/10/15,186.43,185.21
2014/10/14,187.7,188.07
2014/10/13,187.4099,187.16
2014/10/10,190.54,190.05
2014/10/9,192.74,193
2014/10/8,196.64,196.67
2014/10/7,193.26,193.3
2014/10/6,196.29,196.12
2014/10/3,196.52,196.58
2014/10/2,194.38,194.38
2014/10/1,194.35,194.58
2014/9/30,197.02,196.93
2014/9/29,197.54,197.4
2014/9/26,197.9,198.07
2014/9/25,196.34,196.6
2014/9/24,199.56,199.51
2014/9/23,198.01,197.7
2014/9/22,199.15,199.1
2014/9/19,200.7,200.83
2014/9/18,201.82,201.85
2014/9/17,200.75,200.74
2014/9/16,200.48,200.54
2014/9/15,198.981,199.03
2014/9/12,199.13,199.09
2014/9/11,200.3,200.25
2014/9/10,200.07,200.11
2014/9/9,199.32,199.54
2014/9/8,200.59,200.63
2014/9/5,201.11,201.17
2014/9/4,200.2101,200.36
2014/9/3,200.5,200.44
2014/9/2,200.61,200.56
2014/8/29,200.71,200.54
2014/8/28,200.14,200.25
2014/8/27,200.25,200.3
2014/8/26,200.33,200.43
2014/8/25,200.2,200.06
2014/8/22,199.19,199.34
2014/8/21,199.5,199.53
2014/8/20,198.92,198.88
2014/8/19,198.39,198.27
2014/8/18,197.36,197.29
2014/8/15,195.72,195.82
2014/8/14,195.76,195.91
2014/8/13,194.84,195.03
2014/8/12,193.53,193.6
2014/8/11,193.795,193.82
2014/8/8,193.24,192.94
2014/8/7,191.03,191.1
2014/8/6,192.07,192.01
2014/8/5,192.01,191.88
2014/8/4,193.89,193.74
2014/8/1,192.5,192.36
2014/7/31,193.09,193.29
2014/7/30,196.98,197
2014/7/29,196.95,196.81
2014/7/28,197.8,197.76
2014/7/25,197.72,197.62
2014/7/24,198.65,198.55
2014/7/23,198.64,198.57
2014/7/22,198.2,198.05
2014/7/21,197.34,197.13
2014/7/18,197.7099,197.67
2014/7/17,195.71,195.86
2014/7/16,197.96,197.93
2014/7/15,197.23,197.25
2014/7/14,197.6,197.57
2014/7/11,196.61,196.71
2014/7/10,196.34,196.27
2014/7/9,197.12,197.2
2014/7/8,196.24,196.49
2014/7/7,197.51,197.58
2014/7/3,198.2,198.11
2014/7/2,197.23,197.24
2014/7/1,197.03,197.07
2014/6/30,195.72,195.92
2014/6/27,195.82,195.67
2014/6/26,195.44,195.35
2014/6/25,195.58,195.42
2014/6/24,194.7,194.81
2014/6/23,195.88,195.8
2014/6/20,195.94,195.81
2014/6/19,196.48,196.42
2014/6/18,196.255,196.28
2014/6/17,194.83,194.74
2014/6/16,194.29,194.25
2014/6/13,194.13,194.18
2014/6/12,193.54,193.68
2014/6/11,194.92,194.89
2014/6/10,195.6,195.64
2014/6/9,195.58,195.58
2014/6/6,195.375,195.49
2014/6/5,194.45,194.45
2014/6/4,193.19,193.18
2014/6/3,192.8,192.79
2014/6/2,192.895,192.77
2014/5/30,192.68,192.61
2014/5/29,192.37,192.34
2014/5/28,191.38,191.51
2014/5/27,191.52,191.5
2014/5/23,190.35,190.25
2014/5/22,189.59,189.58
2014/5/21,189.13,189.06
2014/5/20,187.55,187.39
2014/5/19,188.74,188.81
2014/5/16,188.05,188.07
2014/5/15,187.4,187.31
2014/5/14,189.06,189.1
2014/5/13,189.96,189.97
2014/5/12,189.785,189.83
2014/5/9,187.96,187.93
2014/5/8,187.675,187.77
2014/5/7,187.88,188
2014/5/6,186.78,186.96
2014/5/5,188.42,188.2
2014/5/2,188.06,188
2014/5/1,188.325,188.3
2014/4/30,188.31,188.44
2014/4/29,187.75,187.71
2014/4/28,186.875,187.12
2014/4/25,186.29,186.55
2014/4/24,187.83,187.82
2014/4/23,187.45,187.71
2014/4/22,187.89,187.94
2014/4/21,187.04,187
2014/4/17,186.39,186.38
2014/4/16,186.125,185.81
2014/4/15,184.2,184.51
2014/4/14,182.9401,183
2014/4/11,181.51,181.72
2014/4/10,183.155,183.19
2014/4/9,187.09,187.01
2014/4/8,185.1,185.01
2014/4/7,184.34,184.34
2014/4/4,186.4,186.5
2014/4/3,188.63,188.81
2014/4/2,188.88,188.79
2014/4/1,188.25,188.29
2014/3/31,187.01,186.8
2014/3/28,185.49,185.58
2014/3/27,184.58,184.56
2014/3/26,184.97,184.77
2014/3/25,186.31,186.38
2014/3/24,185.43,185.39
2014/3/21,186.2,186.16
2014/3/20,187.747,187.85
2014/3/19,186.66,186.5
2014/3/18,187.66,187.56
2014/3/17,186.33,186.3
2014/3/14,184.66,184.5
2014/3/13,185.18,185.16
2014/3/12,187.28,187.29
2014/3/11,187.23,187.01
2014/3/10,188.16,188.21
2014/3/7,188.26,188.27
2014/3/6,188.18,188.13
2014/3/5,187.75,187.75
2014/3/4,187.58,187.63
2014/3/3,184.98,184.83
2014/2/28,186.29,186.55
2014/2/27,185.82,185.86
2014/2/26,184.85,184.66
2014/2/25,184.84,185.11
2014/2/24,184.91,185.09
2014/2/21,183.89,183.93
2014/2/20,184.1,184.14
2014/2/19,183.02,183.1
2014/2/18,184.24,184.25
2014/2/14,184.02,183.98
2014/2/13,183.01,182.91
2014/2/12,182.07,182.22
2014/2/11,181.98,181.84
2014/2/10,180.01,179.98
2014/2/7,179.68,179.86
2014/2/6,177.48,177.16
2014/2/5,175.17,174.92
2014/2/4,175.385,174.89
2014/2/3,174.17,173.84
2014/1/31,178.18,178.29
2014/1/30,179.23,178.53
2014/1/29,177.35,177.55
2014/1/28,179.07,179.22
2014/1/27,178.01,177.95
2014/1/24,178.89,178.61
2014/1/23,182.79,182.79
2014/1/22,184.3,184.31
2014/1/21,184.18,184.19
2014/1/17,183.635,183.8
2014/1/16,184.42,184.02
2014/1/15,184.66,184.55
2014/1/14,183.67,183.65
2014/1/13,181.685,181.84
2014/1/10,184.14,184.13
2014/1/9,183.64,183.67
2014/1/8,183.52,183.62
2014/1/7,183.48,183.42
2014/1/6,182.36,182.38
2014/1/3,182.885,182.9
2014/1/2,182.92,182.96
2013/12/31,184.69,184.81
2013/12/30,183.82,183.72
2013/12/27,183.845,183.86
2013/12/26,183.855,183.85
2013/12/24,182.93,183.31
2013/12/23,182.53,182.54
2013/12/20,181.56,181.67
2013/12/19,181.49,181.43
2013/12/18,181.7,181.61
2013/12/17,178.65,178.49
2013/12/16,179.216,179.21
2013/12/13,178.11,178.01
2013/12/12,178.13,178.06
2013/12/11,178.72,178.66
2013/12/10,180.75,180.83
2013/12/9,181.4,181.4
2013/12/6,180.94,180.98
2013/12/5,178.94,178.95
2013/12/4,179.73,179.74
2013/12/3,179.75,179.68
2013/12/2,180.53,180.51
2013/11/29,181,180.96
2013/11/27,181.12,180.95
2013/11/26,180.68,180.7
2013/11/25,180.63,180.74
2013/11/22,180.81,180.64
2013/11/21,179.91,179.88
2013/11/20,178.47,178.5
2013/11/19,179.03,179.01
2013/11/18,179.42,179.38
2013/11/15,180.05,179.88
2013/11/14,179.27,179.27
2013/11/13,178.38,178.38
2013/11/12,176.96,177.04
2013/11/11,177.32,177.25
2013/11/8,177.29,177.1
2013/11/7,174.93,175.06
2013/11/6,177.17,177.07
2013/11/5,176.27,176.17
2013/11/4,176.83,176.78
2013/11/1,176.21,175.96
2013/10/31,175.79,175.97
2013/10/30,176.29,176.5
2013/10/29,177.17,177.2
2013/10/28,176.23,176.37
2013/10/25,175.95,175.84
2013/10/24,175.15,175.34
2013/10/23,174.57,174.68
2013/10/22,175.41,175.42
2013/10/21,174.4,174.33
2013/10/18,174.388,174.14
2013/10/17,173.22,173.29
2013/10/16,172.07,171.8
2013/10/15,169.7,169.73
2013/10/14,170.94,170.93
2013/10/11,170.26,170.39
2013/10/10,169.17,168.99
2013/10/9,165.6,165.42
2013/10/8,165.48,165.48
2013/10/7,167.43,167.28
2013/10/4,168.89,168.87
2013/10/3,167.62,167.43
2013/10/2,169.18,168.85
2013/10/1,169.34,169.44
2013/9/30,168.01,168.29
2013/9/27,168.909,169.08
2013/9/26,169.69,169.71
2013/9/25,169.04,169.12
2013/9/24,169.53,169.67
2013/9/23,169.93,169.68
2013/9/20,170.72,170.71
2013/9/19,172.76,172.95
2013/9/18,173.051,172.99
2013/9/17,171.07,171.1
2013/9/16,170.31,170.37
2013/9/13,169.33,169.42
2013/9/12,168.95,169.04
2013/9/11,169.4,169.39
2013/9/10,168.87,168.83
2013/9/9,167.634,167.5
2013/9/6,166.04,165.98
2013/9/5,165.96,165.88
2013/9/4,165.75,165.95
2013/9/3,164.39,164.56
2013/8/30,163.65,163.85
2013/8/29,164.17,164.25
2013/8/28,163.91,163.77
2013/8/27,163.33,163.34
2013/8/26,166,165.94
2013/8/23,166.62,166.68
2013/8/22,166.06,166.03
2013/8/21,164.56,164.2
2013/8/20,165.58,165.59
2013/8/19,164.77,164.97
2013/8/16,165.83,165.62
2013/8/15,166.38,166.11
2013/8/14,168.74,168.64
2013/8/13,169.61,169.55
2013/8/12,169.111,169.17
2013/8/9,169.31,169.08
2013/8/8,169.8,169.83
2013/8/7,169.18,169.25
2013/8/6,169.73,169.83
2013/8/5,170.7,170.71
2013/8/2,170.95,170.88
2013/8/1,170.66,170.54
2013/7/31,168.71,168.95
2013/7/30,168.588,168.91
2013/7/29,168.59,168.66
2013/7/26,169.11,169.1
2013/7/25,168.93,168.81
2013/7/24,168.52,168.82
2013/7/23,169.14,169.24
2013/7/22,169.5,169.48
2013/7/19,169.17,169.38
2013/7/18,168.87,168.48
2013/7/17,167.9501,167.95
2013/7/16,167.525,167.56
2013/7/15,168.155,168.16
2013/7/12,167.51,167.5
2013/7/11,167.44,167.44
2013/7/10,165.192,165.28
2013/7/9,165.13,165
2013/7/8,163.945,164.03
2013/7/5,163.02,163.23
2013/7/3,161.28,161.51
2013/7/2,161.21,161.16
2013/7/1,161.36,161.12
2013/6/28,160.42,160.26
2013/6/27,161.08,161.08
2013/6/26,160.14,159.94
2013/6/25,158.575,158.57
2013/6/24,157.06,157.01
2013/6/21,159.07,158.83
2013/6/20,159.4,159.66
2013/6/19,163.45,163.48
2013/6/18,165.735,165.7
2013/6/17,164.44,164.52
2013/6/14,163.175,163.03
2013/6/13,164.21,164.2
2013/6/12,161.75,161.61
2013/6/11,163.098,163.31
2013/6/10,164.8,164.8
2013/6/7,164.8,164.52
2013/6/6,162.73,162.87
2013/6/5,161.272,161.37
2013/6/4,163.56,163.66
2013/6/3,164.35,164.17
2013/5/31,163.445,163.49
2013/5/30,165.83,165.87
2013/5/29,165.22,165.19
2013/5/28,166.3,166.03
2013/5/24,165.308,165.61
2013/5/23,165.45,165.53
2013/5/22,165.93,166.06
2013/5/21,167.17,167.1
2013/5/20,166.93,166.95
2013/5/17,166.94,166.84
2013/5/16,165.34,165.28
2013/5/15,166.115,165.9
2013/5/14,165.23,165.28
2013/5/13,163.54,163.57
2013/5/10,163.41,163.43
2013/5/9,162.881,162.94
2013/5/8,163.34,163.35
2013/5/7,162.5999,162.51
2013/5/6,161.78,161.83
2013/5/3,161.368,#N/A N/A
2013/5/2,159.75,159.72
2013/5/1,158.28,158.19
2013/4/30,159.68,159.76
2013/4/29,159.3,159.26
2013/4/26,158.24,158.08
2013/4/25,158.52,158.64
2013/4/24,157.88,157.83
2013/4/23,157.78,157.74
2013/4/22,156.17,156.05
2013/4/19,155.48,155.22
2013/4/18,154.14,153.95
2013/4/17,155.11,155.07
2013/4/16,157.41,157.25
2013/4/15,155.118,155
2013/4/12,158.8,158.6
2013/4/11,159.19,159.19
2013/4/10,158.67,158.67
2013/4/9,156.75,156.75
2013/4/8,156.21,156.32
2013/4/5,155.158,155.02
2013/4/4,155.86,155.88
2013/4/3,155.23,155.27
2013/4/2,156.82,156.83
2013/4/1,156.05,155.98
2013/3/28,156.67,156.71
2013/3/27,156.19,156.07
2013/3/26,156.19,156.13
2013/3/25,154.95,155.08
2013/3/22,155.6,155.59
2013/3/21,154.359,154.34
2013/3/20,155.69,155.3
2013/3/19,154.61,154.6
2013/3/18,154.97,155.1
2013/3/15,155.83,155.76
2013/3/14,156.73,156.65
2013/3/13,155.905,156
2013/3/12,155.68,155.65
2013/3/11,156.03,156.01
2013/3/8,155.44,155.42
2013/3/7,154.776,154.74
2013/3/6,154.5,154.37
2013/3/5,154.29,154.14
2013/3/4,152.92,153
2013/3/1,152.11,152.07
2013/2/28,151.61,151.66
2013/2/27,151.91,152
2013/2/26,150.02,149.67
2013/2/25,149,149.13
2013/2/22,151.89,151.86
2013/2/21,150.42,150.53
2013/2/20,151.34,151.17
2013/2/19,153.25,153.22
2013/2/15,152.11,152.11
2013/2/14,152.29,152.26
2013/2/13,152.151,152.14
2013/2/12,152.02,152.07
2013/2/11,151.77,151.76
2013/2/8,151.8,151.68
2013/2/7,150.96,150.95
2013/2/6,151.16,151.07
2013/2/5,151.05,150.96
2013/2/4,149.535,149.73
2013/2/1,151.24,151.05
2013/1/31,149.7,149.94
2013/1/30,150.07,149.91
2013/1/29,150.66,150.85
2013/1/28,150.07,150.05
2013/1/25,150.25,149.99
2013/1/24,149.41,149.52
2013/1/23,149.37,149.45
2013/1/22,149.13,149.33
2013/1/18,148.33,148.29
2013/1/17,148,147.96
2013/1/16,147.05,146.93
2013/1/15,147.07,146.92
2013/1/14,146.97,146.78
2013/1/11,147.07,147.05
2013/1/10,147.08,147.07
2013/1/9,145.92,145.95
2013/1/8,145.5496,145.53
2013/1/7,145.9695,145.89
2013/1/4,146.37,146.21
2013/1/3,145.7341,145.66
2013/1/2,146.06,146.01
2012/12/31,142.41,142.68
2012/12/28,140.03,138.75
2012/12/27,141.5616,141.36
2012/12/26,141.75,141.57
2012/12/24,142.35,142.14
2012/12/21,142.79,142.85
2012/12/20,145.12,145.27
2012/12/19,144.29,144.38
2012/12/18,145.37,145.26
2012/12/17,143.77,143.97
2012/12/14,142.1051,142.23
2012/12/13,142.63,142.5
2012/12/12,143.51,143.39
2012/12/11,143.44,143.79
2012/12/10,142.473,142.72
2012/12/7,142.415,142.25
2012/12/6,141.98,141.96
2012/12/5,141.5,141.5
2012/12/4,141.25,141.23
2012/12/3,141.45,141.38
2012/11/30,142.155,142.13
2012/11/29,142.12,142.25
2012/11/28,141.46,141.36
2012/11/27,140.33,140.42
2012/11/26,141.05,141.02
2012/11/23,141.35,141.13
2012/11/21,139.45,139.53
2012/11/20,139.19,139.28
2012/11/19,139.13,138.96
2012/11/16,136.37,136.7
2012/11/15,135.7,135.8
2012/11/14,135.9299,135.93
2012/11/13,137.79,137.76
2012/11/12,138.265,138.47
2012/11/9,138.16,138.19
2012/11/8,138.04,138.14
2012/11/7,139.72,139.61
2012/11/6,142.96,143.14
2012/11/5,141.8486,141.79
2012/11/2,141.56,141.17
2012/11/1,142.83,142.94
2012/10/31,141.35,140.81
2012/10/26,141.35,141.37
2012/10/25,141.43,141.44
2012/10/24,141.02,141.19
2012/10/23,141.42,141.24
2012/10/22,143.41,143.62
2012/10/19,143.3896,143
2012/10/18,145.82,145.65
2012/10/17,146.2,146.25
2012/10/16,145.54,145.49
2012/10/15,144.08,144.16
2012/10/12,142.89,142.71
2012/10/11,143.36,143.42
2012/10/10,143.28,143.19
2012/10/9,144.2,144.14
2012/10/8,145.642,145.55
2012/10/5,146.14,146.08
2012/10/4,146.125,146.12
2012/10/3,145.09,145.03
2012/10/2,144.5,144.65
2012/10/1,144.345,144.29
2012/9/28,143.97,144.02
2012/9/27,144.64,144.65
2012/9/26,143.295,143.21
2012/9/25,144.1,144.23
2012/9/24,145.645,145.66
2012/9/21,145.87,145.71
2012/9/20,146.71,146.7
2012/9/19,146.7,146.61
2012/9/18,146.62,146.57
2012/9/17,146.74,146.67
2012/9/14,147.24,147.23
2012/9/13,146.59,146.38
2012/9/12,144.39,144.53
2012/9/11,143.91,143.7
2012/9/10,143.51,143.31
2012/9/7,144.33,144.44
2012/9/6,143.77,143.75
2012/9/5,140.91,141.02
2012/9/4,141.03,141.25
2012/8/31,141.16,141.14
2012/8/30,140.49,140.38
2012/8/29,141.51,141.35
2012/8/28,141.4,141.41
2012/8/27,141.54,141.48
2012/8/24,141.51,141.65
2012/8/23,140.665,140.64
2012/8/22,141.82,141.86
2012/8/21,141.76,141.79
2012/8/20,142.19,142.09
2012/8/17,142.18,142.12
2012/8/16,141.99,141.95
2012/8/15,140.95,140.98
2012/8/14,140.79,140.75
2012/8/13,140.77,140.85
2012/8/10,140.84,140.84
2012/8/9,140.61,140.66
2012/8/8,140.49,140.44
2012/8/7,140.32,140.29
2012/8/6,139.62,139.58
2012/8/3,139.349,139.49
2012/8/2,136.64,136.79
2012/8/1,137.59,137.66
2012/7/31,137.71,137.78
2012/7/30,138.68,138.62
2012/7/27,138.675,138.83
2012/7/26,136.17,136.1
2012/7/25,133.96,134.08
2012/7/24,133.925,133.6
2012/7/23,135.09,134.99
2012/7/20,136.47,136.43
2012/7/19,137.73,137.81
2012/7/18,137.37,137.3
2012/7/17,136.36,136.42
2012/7/16,135.43,135.32
2012/7/13,135.75,135.79
2012/7/12,133.51,133.48
2012/7/11,134.16,134.2
2012/7/10,134.14,134.13
2012/7/9,135.32,135.51
2012/7/6,135.49,135.8
2012/7/5,136.79,136.74
2012/7/3,137.412,137.49
2012/7/2,136.51,136.36
2012/6/29,136.105,136.34
2012/6/28,132.79,132.8
2012/6/27,133.173,133.17
2012/6/26,131.98,132.18
2012/6/25,131.32,131.23
2012/6/22,133.46,133.16
2012/6/21,132.44,132.39
2012/6/20,135.48,135.62
2012/6/19,135.7,135.61
2012/6/18,134.4,134.64
2012/6/15,134.14,134.34
2012/6/14,133.47,133.84
2012/6/13,132.07,132.13
2012/6/12,132.92,133.25
2012/6/11,131.415,131.28
2012/6/8,133.1,133.46
2012/6/7,132.05,132.19
2012/6/6,131.97,132.15
2012/6/5,129.07,129.14
2012/6/4,128.1,127.91
2012/6/1,128.16,128.02
2012/5/31,131.47,131.21
2012/5/30,131.76,131.5
2012/5/29,133.7,133.93
2012/5/25,132.1,132.03
2012/5/24,132.53,132.84
2012/5/23,132.27,132.15
2012/5/22,132.2,132.06
2012/5/21,131.97,132.14
2012/5/18,129.74,129.7
2012/5/17,130.86,130.71
2012/5/16,132.829,132.82
2012/5/15,133.34,133.38
2012/5/14,134.11,133.97
2012/5/11,135.61,135.56
2012/5/10,136.02,136.3
2012/5/9,135.74,135.62
2012/5/8,136.55,136.37
2012/5/7,137.1,137.08
2012/5/4,137,136.8
2012/5/3,139.25,139.13
2012/5/2,140.325,140.28
2012/5/1,140.74,140.54
2012/4/30,139.87,139.91
2012/4/27,140.39,140.36
2012/4/26,140.16,140.19
2012/4/25,139.19,139.23
2012/4/24,137.31,137.52
2012/4/23,136.79,136.81
2012/4/20,137.95,138.01
2012/4/19,137.72,137.76
2012/4/18,138.61,138.33
2012/4/17,139.082,138.87
2012/4/16,137.05,136.91
2012/4/13,137.14,136.97
2012/4/12,138.79,139.05
2012/4/11,137,136.88
2012/4/10,135.9,136.22
2012/4/9,138.22,137.98
2012/4/5,139.79,139.53
2012/4/4,139.86,139.78
2012/4/3,141.26,141.29
2012/4/2,141.84,141.66
2012/3/30,140.81,140.86
2012/3/29,140.23,140.26
2012/3/28,140.47,140.44
2012/3/27,141.17,141.08
2012/3/26,141.61,141.97
2012/3/23,139.65,139.84
2012/3/22,139.2,139.37
2012/3/21,140.21,140.23
2012/3/20,140.44,140.43
2012/3/19,140.85,140.86
2012/3/16,140.3,140.33
2012/3/15,140.72,140.64
2012/3/14,139.91,139.89
2012/3/13,140.062,140.11
2012/3/12,137.58,137.72
2012/3/9,137.57,137.71
2012/3/8,137.04,137.11
2012/3/7,135.69,135.79
2012/3/6,134.75,134.63
2012/3/5,136.75,136.88
2012/3/2,137.312,137.35
2012/3/1,137.73,137.89
2012/2/29,137.02,136.74
2012/2/28,137.559,137.61
2012/2/27,137.16,137.2
2012/2/24,136.93,136.78
2012/2/23,136.631,136.79
2012/2/22,136.032,136.06
2012/2/21,136.47,136.45
2012/2/17,136.41,136.45
2012/2/16,136.049,135.96
2012/2/15,134.56,134.65
2012/2/14,135.19,135.2
2012/2/13,135.36,135.4
2012/2/10,134.361,134.5
2012/2/9,135.36,135.28
2012/2/8,135.19,135.17
2012/2/7,134.79,134.9
2012/2/6,134.45,134.36
2012/2/3,134.54,134.38
2012/2/2,132.68,132.73
2012/2/1,132.47,132.46
2012/1/31,131.32,131.23
2012/1/30,131.37,131.33
2012/1/27,131.82,131.7
2012/1/26,131.88,131.96
2012/1/25,132.56,132.46
2012/1/24,131.46,131.55
2012/1/23,131.61,131.57
2012/1/20,131.54,131.55
2012/1/19,131.46,131.46
2012/1/18,130.77,130.67
2012/1/17,129.34,129.38
2012/1/13,128.84,129.33
2012/1/12,129.51,129.61
2012/1/11,129.2,129.25
2012/1/10,129.13,129.05
2012/1/9,128.02,127.99
2012/1/6,127.71,127.87
2012/1/5,128.04,127.76
2012/1/4,127.7,127.73
2012/1/3,127.495,127.58
2011/12/30,125.5,125.7
2011/12/29,126.12,126.1
2011/12/28,124.83,124.83
2011/12/27,126.49,126.44
2011/12/23,126.39,126.42
2011/12/22,125.27,125.35
2011/12/21,124.17,124.07
2011/12/20,123.93,124.01
2011/12/19,120.29,120.35
2011/12/16,121.59,121.51
2011/12/15,122.185,122.39
2011/12/14,121.74,121.78
2011/12/13,123.05,123.2
2011/12/12,124.21,124.12
2011/12/9,126.05,126.46
2011/12/8,123.95,124.13
2011/12/7,126.73,126.97
2011/12/6,126.26,126.07
2011/12/5,126.22,126.05
2011/12/2,124.86,124.92
2011/12/1,124.97,124.93
2011/11/30,124.99,125
2011/11/29,120.05,120.19
2011/11/28,119.71,119.67
2011/11/25,116.34,115.97
2011/11/23,116.56,116.61
2011/11/22,119.19,118.81
2011/11/21,119.661,119.62
2011/11/18,121.979,121.91
2011/11/17,122.105,122.07
2011/11/16,124.08,123.68
2011/11/15,126.083,125.91
2011/11/14,125.46,125.69
2011/11/11,126.66,126.66
2011/11/10,124.32,124.3
2011/11/9,123.161,123.17
2011/11/8,127.88,127.84
2011/11/7,126.26,126.28
2011/11/4,125.481,125.67
2011/11/3,126.25,126.09
2011/11/2,123.99,124.03
2011/11/1,122.002,122.91
2011/10/31,125.5,125.21
2011/10/28,128.6,128.66
2011/10/27,128.63,128.78
2011/10/26,124.3,124.32
2011/10/25,123.049,123.08
2011/10/24,125.49,125.24
2011/10/21,123.97,124.05
2011/10/20,121.66,121.52
2011/10/19,121.13,121.27
2011/10/18,122.58,122.84
2011/10/17,120.23,120.03
2011/10/14,122.57,122.5
2011/10/13,120.51,120.38
2011/10/12,120.75,120.3
2011/10/11,119.7,119.5
2011/10/10,119.58,119.67
2011/10/7,115.71,116.11
2011/10/6,116.49,116.38
2011/10/5,114.42,114.09
2011/10/4,112.34,112.04
2011/10/3,109.93,109.29
2011/9/30,113.15,112.85
2011/9/29,116.05,116.22
2011/9/28,115.145,115.46
2011/9/27,117.54,117.54
2011/9/26,116.24,116.4
2011/9/23,113.54,113.62
2011/9/22,112.86,113.09
2011/9/21,116.63,116.19
2011/9/20,120.17,120.12
2011/9/19,120.31,120.31
2011/9/16,121.521,121.71
2011/9/15,121.43,121.59
2011/9/14,119.37,119.36
2011/9/13,117.74,117.66
2011/9/12,116.67,116.85
2011/9/9,115.92,116.36
2011/9/8,119.04,119.17
2011/9/7,120.29,120.4
2011/9/6,116.99,117.02
2011/9/2,117.85,117.56
2011/9/1,120.94,120.68
2011/8/31,122.22,122.42
2011/8/30,121.68,121.02
2011/8/29,121.36,121.38
2011/8/26,117.97,118.13
2011/8/25,116.28,116.27
2011/8/24,118.08,117.71
2011/8/23,116.44,116.4
2011/8/22,112.73,112.88
2011/8/19,112.64,112.95
2011/8/18,114.51,114.89
2011/8/17,119.67,119.5
2011/8/16,119.59,119.71
2011/8/15,120.62,120.33
2011/8/12,118.12,118.21
2011/8/11,117.33,117.36
2011/8/10,112.29,112.94
2011/8/9,117.48,117.64
2011/8/8,112.26,111.7
2011/8/5,120.08,120.25
2011/8/4,120.26,120.42
2011/8/3,126.17,125.92
2011/8/2,125.49,125.25
2011/8/1,128.78,128.41
2011/7/29,129.33,129.61
2011/7/28,130.22,130.18
2011/7/27,130.6,130.42
2011/7/26,133.33,133.09
2011/7/25,133.83,133.82
2011/7/22,134.58,134.57
2011/7/21,134.49,134.72
2011/7/20,132.65,132.6
2011/7/19,132.73,132.6
2011/7/18,130.61,130.51
2011/7/15,131.69,131.89
2011/7/14,130.93,131.14
2011/7/13,131.84,131.73
2011/7/12,131.4,131.46
2011/7/11,131.97,132.3
2011/7/8,134.4,134.64
2011/7/7,135.36,135.6
2011/7/6,133.97,134.03
2011/7/5,133.81,134.08
2011/7/1,133.92,133.95
2011/6/30,131.97,131.91
2011/6/29,130.72,130.86
2011/6/28,129.61,129.82
2011/6/27,127.94,128.1
2011/6/24,126.81,126.81
2011/6/23,128.301,128.15
2011/6/22,128.67,128.44
2011/6/21,129.45,129.22
2011/6/20,127.7,127.78
2011/6/17,127.05,#N/A N/A
2011/6/16,127.3,127.43
2011/6/15,127.02,127.14
2011/6/14,129.32,129.47
2011/6/13,127.7,127.72
2011/6/10,127.6,127.49
2011/6/9,129.4,129.29
2011/6/8,128.42,128.25
2011/6/7,128.96,129.03
2011/6/6,129.045,129.05
2011/6/3,130.42,130.09
2011/6/2,131.73,131.74
2011/6/1,131.87,131.83
2011/5/31,134.9,134.98
2011/5/27,133.51,133.49
2011/5/26,133,133.15
2011/5/25,132.39,132.14
2011/5/24,131.95,131.85
2011/5/23,132.06,132.02
2011/5/20,133.61,133.32
2011/5/19,134.68,134.67
2011/5/18,134.36,134.34
2011/5/17,133.17,133.03
2011/5/16,133.19,133.06
2011/5/13,134.04,133.85
2011/5/12,135.08,135.24
2011/5/11,134.44,134.38
2011/5/10,135.87,135.84
2011/5/9,134.72,134.77
2011/5/6,134.2,133.96
2011/5/5,133.61,133.95
2011/5/4,134.83,134.76
2011/5/3,135.73,135.68
2011/5/2,136.22,136.19
2011/4/29,136.43,136.79
2011/4/28,136.11,135.96
2011/4/27,135.67,135.59
2011/4/26,134.791,134.55
2011/4/25,133.64,133.55
2011/4/21,133.78,133.54
2011/4/20,133.1,133.25
2011/4/19,131.31,131.49
2011/4/18,130.56,130.52
2011/4/15,132.04,132.3
2011/4/14,131.56,131.47
2011/4/13,131.46,131.33
2011/4/12,131.47,131.25
2011/4/11,132.46,132.36
2011/4/8,132.86,132.84
2011/4/7,133.32,133.26
2011/4/6,133.66,133.35
2011/4/5,133.24,133.08
2011/4/4,133.26,133.34
2011/4/1,133.15,133.14
2011/3/31,132.59,132.5
2011/3/30,132.77,132.78
2011/3/29,131.86,132.03
2011/3/28,130.98,130.63
2011/3/25,131.3,131.42
2011/3/24,130.9,130.94
2011/3/23,129.66,129.62
2011/3/22,129.29,129.22
2011/3/21,129.74,129.68
2011/3/18,127.76,127.87
2011/3/17,127.85,127.76
2011/3/16,126.175,126.47
2011/3/15,128.56,128.46
2011/3/14,130.05,130.01
2011/3/11,130.84,131.07
2011/3/10,129.9375,129.89
2011/3/9,132.39,131.99
2011/3/8,132.58,132.46
2011/3/7,131.43,131.36
2011/3/4,132.47,132.45
2011/3/3,133.47,133.44
2011/3/2,131.21,131.03
2011/3/1,130.93,130.57
2011/2/28,133.15,133.09
2011/2/25,132.33,132.32
2011/2/24,130.93,130.69
2011/2/23,131.02,130.97
2011/2/22,131.83,131.83
2011/2/18,134.53,134.62
2011/2/17,134.25,134.21
2011/2/16,133.85,133.7
2011/2/15,133.01,133.05
2011/2/14,133.43,133.21
2011/2/11,133.11,133.16
2011/2/10,132.321,132.26
2011/2/9,132.269,132.33
2011/2/8,132.57,132.58
2011/2/7,131.97,131.99
2011/2/4,131.15,131.16
2011/2/3,130.78,130.74
2011/2/2,130.485,130.45
2011/2/1,130.74,130.65
2011/1/31,128.68,128.67
2011/1/28,127.72,127.56
2011/1/27,129.99,129.96
2011/1/26,129.67,129.76
2011/1/25,129.17,129.1
2011/1/24,129.1,129.2
2011/1/21,128.37,128.4
2011/1/20,128.08,127.95
2011/1/19,128.25,128.3
2011/1/18,129.52,129.87
2011/1/14,129.3,129.36
2011/1/13,128.3675,128.66
2011/1/12,128.58,128.7
2011/1/11,127.43,127.38
2011/1/10,126.98,126.92
2011/1/7,127.14,127.1
2011/1/6,127.39,127.38
2011/1/5,127.64,127.53
2011/1/4,126.98,126.91
2011/1/3,127.05,126.87
2010/12/31,125.75,126.04
2010/12/30,125.72,125.81
2010/12/29,125.92,125.92
2010/12/28,125.83,125.75
2010/12/27,125.65,125.69
2010/12/23,125.6,125.63
2010/12/22,125.78,125.8
2010/12/21,125.39,125.39
2010/12/20,124.6,124.46
2010/12/17,124.3,124.18
2010/12/16,124.82,124.85
2010/12/15,124.098,124.2
2010/12/14,124.67,124.65
2010/12/13,124.56,124.65
2010/12/10,124.48,124.57
2010/12/9,123.76,123.78
2010/12/8,123.28,123.37
2010/12/7,122.83,122.78
2010/12/6,122.76,122.73
2010/12/3,122.89,122.85
2010/12/2,122.56,122.78
2010/12/1,121.01,120.96
2010/11/30,118.4925,118.18
2010/11/29,119.162,119.15
2010/11/26,118.8,118.91
2010/11/24,120.2,120.1
2010/11/23,118.4475,118.29
2010/11/22,120.19,120.2
2010/11/19,120.29,120.32
2010/11/18,119.9575,120.25
2010/11/17,118.218,118.24
2010/11/16,118.16,117.99
2010/11/15,120.03,120.09
2010/11/12,120.198,119.96
2010/11/11,121.635,121.54
2010/11/10,122.1,121.91
2010/11/9,121.61,121.54
2010/11/8,122.49,122.44
2010/11/5,122.725,122.69
2010/11/4,122.26,122.31
2010/11/3,119.95,120.2
2010/11/2,119.475,119.76
2010/11/1,118.53,118.75
2010/10/29,118.49,118.47
2010/10/28,118.4,118.39
2010/10/27,118.38,118.36
2010/10/26,118.72,118.78
2010/10/25,118.7,118.74
2010/10/22,118.347,118.57
2010/10/21,118.13,118.01
2010/10/20,117.87,117.97
2010/10/19,116.73,116.8
2010/10/18,118.28,118.24
2010/10/15,117.7,117.94
2010/10/14,117.46,117.8
2010/10/13,117.92,117.87
2010/10/12,117.01,116.95
2010/10/11,116.65,116.72
2010/10/8,116.5375,116.52
2010/10/7,115.89,116.15
2010/10/6,116.03,116.05
2010/10/5,116.04,115.94
2010/10/4,113.75,113.91
2010/10/1,114.61,114.7
2010/9/30,114.13,114.09
2010/9/29,114.47,114.54
2010/9/28,114.67,114.63
2010/9/27,114.27,114.22
2010/9/24,114.82,114.75
2010/9/23,112.498,112.51
2010/9/22,113.42,113.42
2010/9/21,113.98,113.92
2010/9/20,114.21,114.1
2010/9/17,112.49,112.45
2010/9/16,113.05,113.31
2010/9/15,113.08,113.15
2010/9/14,112.65,112.67
2010/9/13,112.72,112.66
2010/9/10,111.482,111.56
2010/9/9,110.92,110.86
2010/9/8,110.41,110.47
2010/9/7,109.64,109.69
2010/9/3,110.89,110.97
2010/9/2,109.47,109.52
2010/9/1,108.46,108.73
2010/8/31,105.31,105.77
2010/8/30,105.311,105.06
2010/8/27,106.86,106.94
2010/8/26,105.23,105.02
2010/8/25,105.94,106.06
2010/8/24,105.53,105.53
2010/8/23,107.1236,107.11
2010/8/20,107.53,107.64
2010/8/19,107.88,107.69
2010/8/18,109.79,109.19
2010/8/17,109.59,109.45
2010/8/16,108.26,108.27
2010/8/13,108.31,108.13
2010/8/12,108.63,108.45
2010/8/11,109.3,109.04
2010/8/10,112.375,112.49
2010/8/9,112.992,113.07
2010/8/6,112.392,112.47
2010/8/5,112.85,112.85
2010/8/4,112.97,112.99
2010/8/3,112.22,112.35
2010/8/2,112.76,112.68
2010/7/30,110.27,110.49
2010/7/29,110.29,110.21
2010/7/28,110.83,110.74
2010/7/27,111.55,111.57
2010/7/26,111.56,111.43
2010/7/23,110.41,110.6
2010/7/22,109.461,109.32
2010/7/21,107.07,106.92
2010/7/20,108.48,108.54
2010/7/19,107.29,106.9
2010/7/16,106.66,106.76
2010/7/15,109.68,109.57
2010/7/14,109.651,109.62
2010/7/13,109.66,109.74
2010/7/12,108.03,108.13
2010/7/9,107.96,107.7
2010/7/8,107.16,107.21
2010/7/7,106.1075,106.42
2010/7/6,102.87,102.96
2010/7/2,102.2,101.94
2010/7/1,102.76,102.69
2010/6/30,103.22,102.95
2010/6/29,104.21,103.96
2010/6/28,107.53,107.58
2010/6/25,107.8675,107.99
2010/6/24,107.42,107.51
2010/6/23,109.23,109.16
2010/6/22,109.57,109.46
2010/6/21,111.41,111.48
2010/6/18,111.729,111.49
2010/6/17,112.14,112.16
2010/6/16,111.96,111.93
2010/6/15,112,111.86
2010/6/14,109.509,109.57
2010/6/11,109.68,109.46
2010/6/10,109.15,108.91
2010/6/9,106.05,106.05
2010/6/8,106.62,106.44
2010/6/7,105.49,105.28
2010/6/4,106.82,107.1
2010/6/3,110.71,110.85
2010/6/2,110.33,110.2
2010/6/1,107.53,107.41
2010/5/28,109.369,109.2
2010/5/27,110.76,110.58
2010/5/26,107.17,106.6
2010/5/25,107.818,107.78
2010/5/24,107.71,#N/A N/A
2010/5/21,109.115,#N/A N/A
2010/5/20,107.54,107.19
2010/5/19,111.76,#N/A N/A
2010/5/18,112.4,#N/A N/A
2010/5/17,113.95,113.9
2010/5/14,113.89,113.92
2010/5/13,115.99,116
2010/5/12,117.45,117.32
2010/5/11,115.83,115.3
2010/5/10,116.16,115.98
2010/5/7,111.26,111.79
2010/5/6,112.942,112.45
2010/5/5,116.82,117.12
2010/5/4,117.52,117.55
2010/5/3,120.35,120.25
2010/4/30,118.8125,118.83
2010/4/29,120.8575,120.77
2010/4/28,119.38,119.57
2010/4/27,118.48,118.72
2010/4/26,121.35,121.23
2010/4/23,121.8125,121.69
2010/4/22,121.02,120.52
2010/4/21,120.66,120.3
2010/4/20,120.88,121.1
2010/4/19,119.81,120.08
2010/4/16,119.36,119.54
2010/4/15,121.29,121
2010/4/14,121.19,121.1
2010/4/13,119.83,119.98
2010/4/12,119.74,119.63
2010/4/9,119.55,119.87
2010/4/8,118.7725,118.91
2010/4/7,118.36,118.2
2010/4/6,119.04,118.87
2010/4/5,118.76,118.75
2010/4/1,117.8,117.75
2010/3/31,117,117.22
2010/3/30,117.4,117.4
2010/3/29,117.32,117.35
2010/3/26,116.582,116.97
2010/3/25,116.65,116.45
2010/3/24,116.84,116.9
2010/3/23,117.41,117.35
2010/3/22,116.5925,116.77
2010/3/19,115.97,115.87
2010/3/18,117.0375,116.99
2010/3/17,117.1,117.23
2010/3/16,116.41,116.4
2010/3/15,115.49,115.57
2010/3/12,115.46,115.48
2010/3/11,115.45,115.5
2010/3/10,114.97,114.9
2010/3/9,114.46,114.38
2010/3/8,114.27,113.99
2010/3/5,114.25,114.15
2010/3/4,112.641,112.8
2010/3/3,112.3,112.2
2010/3/2,112.2,112.24
2010/3/1,111.89,111.91
2010/2/26,110.74,111.13
2010/2/25,110.67,110.85
2010/2/24,110.82,110.73
2010/2/23,109.81,110.05
2010/2/22,111.16,111.1
2010/2/19,111.14,111.22
2010/2/18,110.91,110.12
2010/2/17,110.26,110.2
2010/2/16,109.74,109.92
2010/2/12,108.04,108.3
2010/2/11,108.13,#N/A N/A
2010/2/10,107.01,#N/A N/A
2010/2/9,107.22,#N/A N/A
2010/2/8,105.89,#N/A N/A
2010/2/5,106.66,106.6
2010/2/4,106.44,106.6
2010/2/3,109.83,#N/A N/A
2010/2/2,110.38,110.2
2010/2/1,109.06,109.15
2010/1/29,107.39,107.31
2010/1/28,108.57,108.06
2010/1/27,109.83,#N/A N/A
2010/1/26,109.31,#N/A N/A
2010/1/25,109.77,109.84
2010/1/22,109.21,#N/A N/A
2010/1/21,111.7,#N/A N/A
2010/1/20,113.89,#N/A N/A
2010/1/19,115.06,115.05
2010/1/15,113.64,#N/A N/A
2010/1/14,114.93,#N/A N/A
2010/1/13,114.62,#N/A N/A
2010/1/12,113.66,#N/A N/A
2010/1/11,114.73,#N/A N/A
2010/1/8,114.57,#N/A N/A
2010/1/7,114.19,#N/A N/A
2010/1/6,113.71,#N/A N/A
2010/1/5,113.63,#N/A N/A
2010/1/4,113.33,#N/A N/A
2009/12/31,111.44,#N/A N/A
2009/12/30,112.52,#N/A N/A
2009/12/29,112.562,#N/A N/A
2009/12/28,112.72,#N/A N/A
2009/12/24,112.48,#N/A N/A
2009/12/23,111.95,#N/A N/A
2009/12/22,111.73,#N/A N/A
2009/12/21,111.33,#N/A N/A
2009/12/18,110.21,#N/A N/A
2009/12/17,110.18,#N/A N/A
2009/12/16,111.52,#N/A N/A
2009/12/15,111.35,#N/A N/A
2009/12/14,111.87,#N/A N/A
2009/12/11,111.11,#N/A N/A
2009/12/10,110.64,#N/A N/A
2009/12/9,110.021,#N/A N/A
2009/12/8,109.61,#N/A N/A
2009/12/7,110.84,#N/A N/A
2009/12/4,111.01,#N/A N/A
2009/12/3,110.38,110.12
2009/12/2,111.25,111.56
2009/12/1,111.3,#N/A N/A
2009/11/30,109.94,#N/A N/A
2009/11/27,109.57,#N/A N/A
2009/11/25,111.38,#N/A N/A
2009/11/24,110.99,#N/A N/A
2009/11/23,110.82,#N/A N/A
2009/11/20,109.43,#N/A N/A
2009/11/19,109.82,#N/A N/A
2009/11/18,111.27,#N/A N/A
2009/11/17,111.339,#N/A N/A
2009/11/16,111.21,#N/A N/A
2009/11/13,109.62,#N/A N/A
2009/11/12,109.03,#N/A N/A
2009/11/11,110.15,#N/A N/A
2009/11/10,109.59,#N/A N/A
2009/11/9,109.57,#N/A N/A
2009/11/6,107.13,#N/A N/A
2009/11/5,106.8501,#N/A N/A
2009/11/4,104.92,#N/A N/A
2009/11/3,104.65,#N/A N/A
2009/11/2,104.32,#N/A N/A
2009/10/30,103.56,#N/A N/A
2009/10/29,106.65,#N/A N/A
2009/10/28,104.41,#N/A N/A
2009/10/27,106.42,#N/A N/A
2009/10/26,106.91,#N/A N/A
2009/10/23,108.08,#N/A N/A
2009/10/22,109.33,#N/A N/A
2009/10/21,108.23,#N/A N/A
2009/10/20,109.211,#N/A N/A
2009/10/19,109.79,#N/A N/A
2009/10/16,108.89,#N/A N/A
2009/10/15,109.71,#N/A N/A
2009/10/14,109.31,#N/A N/A
2009/10/13,107.46,#N/A N/A
2009/10/12,107.68,#N/A N/A
2009/10/9,107.26,#N/A N/A
2009/10/8,106.61,#N/A N/A
2009/10/7,105.8,#N/A N/A
2009/10/6,105.51,#N/A N/A
2009/10/5,104.02,#N/A N/A
2009/10/2,102.49,#N/A N/A
2009/10/1,103,#N/A N/A
2009/9/30,105.59,#N/A N/A
2009/9/29,106,#N/A N/A
2009/9/28,106.32,#N/A N/A
2009/9/25,104.45,#N/A N/A
2009/9/24,105.01,#N/A N/A
2009/9/23,106.18,#N/A N/A
2009/9/22,107.07,#N/A N/A
2009/9/21,106.45,#N/A N/A
2009/9/18,106.72,#N/A N/A
2009/9/17,107.16,#N/A N/A
2009/9/16,107.32,#N/A N/A
2009/9/15,105.72,#N/A N/A
2009/9/14,105.28,105
2009/9/11,104.77,#N/A N/A
2009/9/10,104.79,#N/A N/A
2009/9/9,103.73,#N/A N/A
2009/9/8,102.94,#N/A N/A
2009/9/4,102.06,#N/A N/A
2009/9/3,100.65,#N/A N/A
2009/9/2,99.82,#N/A N/A
2009/9/1,100.2,#N/A N/A
2009/8/31,102.46,#N/A N/A
2009/8/28,103.38,#N/A N/A
2009/8/27,103.4,#N/A N/A
2009/8/26,103.17,#N/A N/A
2009/8/25,103.16,#N/A N/A
2009/8/24,102.96,#N/A N/A
2009/8/21,102.97,#N/A N/A
2009/8/20,100.99,#N/A N/A
2009/8/19,99.96,#N/A N/A
2009/8/18,99.09,#N/A N/A
2009/8/17,98.31,#N/A N/A
2009/8/14,100.79,#N/A N/A
2009/8/13,101.57,#N/A N/A
2009/8/12,100.8,#N/A N/A
2009/8/11,99.73,#N/A N/A
2009/8/10,100.99,#N/A N/A
2009/8/7,101.202,#N/A N/A
2009/8/6,99.89,#N/A N/A
2009/8/5,100.41,#N/A N/A
2009/8/4,100.7,#N/A N/A
2009/8/3,100.44,#N/A N/A
2009/7/31,98.81,#N/A N/A
2009/7/30,98.67,#N/A N/A
2009/7/29,97.652,#N/A N/A
2009/7/28,97.89,#N/A N/A
2009/7/27,98.35,#N/A N/A
2009/7/24,98.06,#N/A N/A
2009/7/23,97.661,#N/A N/A
2009/7/22,95.55,#N/A N/A
2009/7/21,95.57,#N/A N/A
2009/7/20,95.131,#N/A N/A
2009/7/17,94.13,#N/A N/A
2009/7/16,94.15,#N/A N/A
2009/7/15,93.26,#N/A N/A
2009/7/14,90.61,#N/A N/A
2009/7/13,90.102,#N/A N/A
2009/7/10,87.96,#N/A N/A
2009/7/9,88.17,#N/A N/A
2009/7/8,88,#N/A N/A
2009/7/7,88.06,88.28
2009/7/6,89.8,89.99
2009/7/2,89.81,#N/A N/A
2009/7/1,92.33,#N/A N/A
2009/6/30,91.95,#N/A N/A
2009/6/29,92.7,#N/A N/A
2009/6/26,91.84,#N/A N/A
2009/6/25,92.08,#N/A N/A
2009/6/24,90.118,#N/A N/A
2009/6/23,89.35,89.41
2009/6/22,89.28,#N/A N/A
2009/6/19,92.04,#N/A N/A
2009/6/18,92.219,#N/A N/A
2009/6/17,91.55,#N/A N/A
2009/6/16,91.64,#N/A N/A
2009/6/15,92.9,#N/A N/A
2009/6/12,95.08,#N/A N/A
2009/6/11,94.82,#N/A N/A
2009/6/10,94.4,#N/A N/A
2009/6/9,94.64,#N/A N/A
2009/6/8,94.16,#N/A N/A
2009/6/5,94.55,#N/A N/A
2009/6/4,94.53,#N/A N/A
2009/6/3,93.65,#N/A N/A
2009/6/2,94.85,#N/A N/A
2009/6/1,94.77,#N/A N/A
2009/5/29,92.53,#N/A N/A
2009/5/28,90.92,#N/A N/A
2009/5/27,89.67,#N/A N/A
2009/5/26,91.3,91.38
2009/5/22,89.02,#N/A N/A
2009/5/21,89.21,#N/A N/A
2009/5/20,90.51,#N/A N/A
2009/5/19,91.12,#N/A N/A
2009/5/18,91.23,#N/A N/A
2009/5/15,88.71,#N/A N/A
2009/5/14,89.44,#N/A N/A
2009/5/13,88.68,#N/A N/A
2009/5/12,90.97,#N/A N/A
2009/5/11,91.24,91.23
2009/5/8,92.98,#N/A N/A
2009/5/7,90.86,#N/A N/A
2009/5/6,92.141,#N/A N/A
2009/5/5,90.57,#N/A N/A
2009/5/4,90.88,#N/A N/A
2009/5/1,87.89,#N/A N/A
2009/4/30,87.42,#N/A N/A
2009/4/29,87.39,#N/A N/A
2009/4/28,85.57,#N/A N/A
2009/4/27,85.84,#N/A N/A
2009/4/24,86.66,#N/A N/A
2009/4/23,85.37,#N/A N/A
2009/4/22,84.54,#N/A N/A
2009/4/21,85.06,#N/A N/A
2009/4/20,83.43,#N/A N/A
2009/4/17,87.08,#N/A N/A
2009/4/16,86.5,#N/A N/A
2009/4/15,85.25,#N/A N/A
2009/4/14,84.35,#N/A N/A
2009/4/13,85.83,#N/A N/A
2009/4/9,85.81,#N/A N/A
2009/4/8,82.53,#N/A N/A
2009/4/7,81.65,#N/A N/A
2009/4/6,83.6,#N/A N/A
2009/4/3,84.26,#N/A N/A
2009/4/2,83.43,#N/A N/A
2009/4/1,81.06,#N/A N/A
2009/3/31,79.52,#N/A N/A
2009/3/30,78.79,#N/A N/A
2009/3/27,81.61,#N/A N/A
2009/3/26,83.11,#N/A N/A
2009/3/25,81.45,#N/A N/A
2009/3/24,80.6,#N/A N/A
2009/3/23,82.22,#N/A N/A
2009/3/20,76.71,#N/A N/A
2009/3/19,78.94,#N/A N/A
2009/3/18,79.93,#N/A N/A
2009/3/17,78.18,#N/A N/A
2009/3/16,75.86,#N/A N/A
2009/3/13,76.09,#N/A N/A
2009/3/12,75.5,#N/A N/A
2009/3/11,72.64,#N/A N/A
2009/3/10,72.17,72.21
2009/3/9,68.11,#N/A N/A
2009/3/6,68.92,#N/A N/A
2009/3/5,68.8,#N/A N/A
2009/3/4,71.73,#N/A N/A
2009/3/3,70.07,69.34
2009/3/2,70.6,71.01
2009/2/27,73.93,#N/A N/A
2009/2/26,75.62,#N/A N/A
2009/2/25,76.872,#N/A N/A
2009/2/24,77.48,77.64
2009/2/23,74.65,#N/A N/A
2009/2/20,77.42,#N/A N/A
2009/2/19,78.181,#N/A N/A
2009/2/18,79.03,#N/A N/A
2009/2/17,79.22,#N/A N/A
2009/2/13,82.76,#N/A N/A
2009/2/12,83.66,#N/A N/A
2009/2/11,83.6,#N/A N/A
2009/2/10,83.11,#N/A N/A
2009/2/9,87.1,85.99
2009/2/6,86.98,87.54
2009/2/5,84.57,#N/A N/A
2009/2/4,83.33,#N/A N/A
2009/2/3,83.74,#N/A N/A
2009/2/2,82.58,#N/A N/A
2009/1/30,82.83,83.02
2009/1/29,84.55,#N/A N/A
2009/1/28,87.39,87.26
2009/1/27,84.53,85.03
2009/1/26,83.68,83.94
2009/1/23,83.11,82.77
2009/1/22,82.75,82.83
2009/1/21,84.05,84.08
2009/1/20,80.57,81
2009/1/16,85.06,85.4
2009/1/15,84.4,84.9
2009/1/14,84.37,83.82
2009/1/13,87.11,87.57
2009/1/12,86.95,87.44
2009/1/9,89.09,89.01
2009/1/8,91.042,91.07
2009/1/7,90.67,90.8
2009/1/6,93.47,93.35
2009/1/5,92.85,92.66
2009/1/2,92.96,92.65
2008/12/31,90.24,89.47
2008/12/30,88.97,89.35
2008/12/29,86.91,87.38
2008/12/26,87.16,87.12
2008/12/24,86.66,86.69
2008/12/23,86.16,86.18
2008/12/22,87.06,87.38
2008/12/19,88.19,88.18
2008/12/18,89.29,89.92
2008/12/17,90.99,90.81
2008/12/16,91.88,91.85
2008/12/15,87.75,#N/A N/A
2008/12/12,88.99,89.39
2008/12/11,87.94,87.72
2008/12/10,90.11,90.08
2008/12/9,89.5,89.53
2008/12/8,91,90.51
2008/12/5,87.93,87.72
2008/12/4,85.3,85.2
2008/12/3,87.32,87.02
2008/12/2,85.27,84.85
2008/12/1,82.11,82.4
2008/11/28,90.09,89.91
2008/11/26,88.97,89.05
2008/11/25,85.66,85.73
2008/11/24,85.03,85.38
2008/11/21,79.52,79.52
2008/11/20,75.45,75.45
2008/11/19,81.5,81.62
2008/11/18,87.08,86.98
2008/11/17,85.47,85.49
2008/11/14,86.62,86.5
2008/11/13,91.17,91.11
2008/11/12,85.82,85.75
2008/11/11,89.77,89.71
2008/11/10,92.63,92.49
2008/11/7,93.86,93.98
2008/11/6,90.86,90.82
2008/11/5,96.19,96.12
2008/11/4,100.41,100.49
2008/11/3,97.11,97.19
2008/10/31,96.83,96.78
2008/10/30,96.3,96.19
2008/10/29,93.08,92.98
2008/10/28,93.76,93.9
2008/10/27,83.95,83.79
2008/10/24,87.04,86.97
2008/10/23,91.69,91.62
2008/10/22,90.64,90.54
2008/10/21,95.86,96
2008/10/20,98.81,98.87
2008/10/17,93.21,93.23
2008/10/16,93.77,93.84
2008/10/15,90.02,90.2
2008/10/14,99.85,99.82
2008/10/13,101.35,101.14
2008/10/10,88.5,88.58
2008/10/9,90.7,90.85
2008/10/8,97.51,97.57
2008/10/7,100.03,100.16
2008/10/6,104.72,104.86
2008/10/3,110.34,110.19
2008/10/2,111.85,111.97
2008/10/1,116.06,116.17
2008/9/30,115.99,116.18
2008/9/29,111.38,111.52
2008/9/26,120.85,120.93
2008/9/25,120.79,120.75
2008/9/24,118.93,118.93
2008/9/23,118.55,118.54
2008/9/22,121.31,121.17
2008/9/19,124.12,124.27
2008/9/18,120.07,120.17
2008/9/17,116.61,116.63
2008/9/16,122.1,122.02
2008/9/15,120.09,120.04
2008/9/12,126.09,126.13
2008/9/11,125.51,125.58
2008/9/10,123.72,123.76
2008/9/9,123.22,123.12
2008/9/8,126.99,127.06
2008/9/5,124.42,124.48
2008/9/4,124.03,124.06
2008/9/3,127.88,127.89
2008/9/2,127.99,128.03
2008/8/29,128.79,128.69
2008/8/28,130.19,130.15
2008/8/27,128.63,128.55
2008/8/26,127.39,127.45
2008/8/25,127.02,126.97
2008/8/22,129.65,129.51
2008/8/21,127.8,127.82
2008/8/20,127.58,127.62
2008/8/19,126.99,127.02
2008/8/18,128.39,128.44
2008/8/15,130.17,130.21
2008/8/14,129.54,129.58
2008/8/13,128.57,128.64
2008/8/12,129.35,129.3
2008/8/11,130.71,130.69
2008/8/8,129.37,129.41
2008/8/7,127.01,126.95
2008/8/6,128.93,128.94
2008/8/5,128.36,128.38
2008/8/4,124.99,125.02
2008/8/1,126.16,125.77
2008/7/31,126.83,126.8
2008/7/30,128.53,128.59
2008/7/29,126.28,126.23
2008/7/28,123.64,123.57
2008/7/25,125.48,125.4
2008/7/24,125.51,125.43
2008/7/23,128.17,128.21
2008/7/22,127.48,127.45
2008/7/21,126.05,126.08
2008/7/18,125.98,126.05
2008/7/17,125.2,125.22
2008/7/16,123.96,124
2008/7/15,120.99,121.03
2008/7/14,122.72,122.73
2008/7/11,123.84,123.88
2008/7/10,125.3,125.32
2008/7/9,124.79,124.76
2008/7/8,127.24,127.19
2008/7/7,125.02,124.96
2008/7/3,126.31,126.3
2008/7/2,126.18,126.12
2008/7/1,128.38,128.4
2008/6/30,127.98,128.04
2008/6/27,127.53,127.67
2008/6/26,128.23,128.19
2008/6/25,131.81,131.85
2008/6/24,131.19,131.14
2008/6/23,131.45,131.44
2008/6/20,131.58,131.55
2008/6/19,134.42,134.43
2008/6/18,134.25,134.16
2008/6/17,135.57,135.55
2008/6/16,136.23,136.23
2008/6/13,136.15,136.09
2008/6/12,134.45,134.46
2008/6/11,133.94,133.98
2008/6/10,135.94,136.01
2008/6/9,136.62,136.66
2008/6/6,136.29,136.24
2008/6/5,140.78,140.79
2008/6/4,138.02,138.07
2008/6/3,138.09,138.14
2008/6/2,138.9,138.85
2008/5/30,140.35,140.27
2008/5/29,140,140
2008/5/28,139.3,139.33
2008/5/27,138.66,138.72
2008/5/23,137.64,137.59
2008/5/22,139.51,139.58
2008/5/21,139.49,139.47
2008/5/20,141.89,141.85
2008/5/19,143.05,143.08
2008/5/16,142.66,142.69
2008/5/15,142.53,142.57
2008/5/14,140.77,140.82
2008/5/13,140.48,140.48
2008/5/12,140.46,140.5
2008/5/9,138.9,138.97
2008/5/8,139.16,139.2
2008/5/7,139.52,139.55
2008/5/6,142.05,142.08
2008/5/5,140.83,140.81
2008/5/2,141.51,141.54
2008/5/1,141.12,141.06
2008/4/30,138.26,138.38
2008/4/29,139.08,139
2008/4/28,139.63,139.58
2008/4/25,139.6,139.56
2008/4/24,138.32,138.36
2008/4/23,137.72,137.66
2008/4/22,137.94,137.87
2008/4/21,138.55,138.59
2008/4/18,138.48,138.48
2008/4/17,137.05,136.97
2008/4/16,136.85,136.85
2008/4/15,133.24,133.34
2008/4/14,132.93,132.9
2008/4/11,133.38,133.33
2008/4/10,136.02,136.06
2008/4/9,135.83,135.75
2008/4/8,136.82,136.83
2008/4/7,136.96,136.87
2008/4/4,136.89,136.86
2008/4/3,137.04,137
2008/4/2,136.7,136.74
2008/4/1,136.61,136.67
2008/3/31,131.97,131.9
2008/3/28,131.51,131.55
2008/3/27,132.78,132.73
2008/3/26,133.2,133.15
2008/3/25,134.85,134.78
2008/3/24,134.72,134.78
2008/3/20,132.08,132.15
2008/3/19,130.32,130.24
2008/3/18,133.63,133.65
2008/3/17,128.3,128.22
2008/3/14,129.61,129.52
2008/3/13,131.65,131.7
2008/3/12,131.36,131.29
2008/3/11,132.6,132.69
2008/3/10,128,127.88
2008/3/7,129.71,129.63
2008/3/6,131.06,131.08
2008/3/5,133.83,133.82
2008/3/4,132.99,132.92
2008/3/3,133.5,133.47
2008/2/29,133.82,133.77
2008/2/28,136.87,136.86
2008/2/27,138.22,138.16
2008/2/26,138.36,138.4
2008/2/25,137.33,137.26
2008/2/22,135.62,135.69
2008/2/21,134.79,134.73
2008/2/20,135.92,135.94
2008/2/19,135.52,135.62
2008/2/15,135.14,135.15
2008/2/14,135.17,135.1
2008/2/13,136.37,136.42
2008/2/12,134.99,134.94
2008/2/11,133.75,133.79
2008/2/8,133.07,133.06
2008/2/7,133.93,134
2008/2/6,133.05,133
2008/2/5,134.13,134.22
2008/2/4,137.82,137.73
2008/2/1,139.58,139.48
2008/1/31,137.37,137.27
2008/1/30,134.91,134.87
2008/1/29,135.91,135.94
2008/1/28,135.24,135.22
2008/1/25,133.04,133.02
2008/1/24,134.99,134.9
2008/1/23,133.86,133.92
2008/1/22,130.72,130.61
2008/1/18,132.06,132.06
2008/1/17,133.43,133.48
2008/1/16,136.98,137
2008/1/15,138.17,138.18
2008/1/14,141.28,141.35
2008/1/11,140.15,140.06
2008/1/10,141.29,141.26
2008/1/9,140.37,140.34
2008/1/8,138.91,138.86
2008/1/7,141.19,141.38
2008/1/4,141.31,141.34
2008/1/3,144.86,144.9
2008/1/2,144.93,144.87
2007/12/31,146.21,146.36
2007/12/28,147.3,147.37
2007/12/27,147.67,147.67
2007/12/26,149.55,149.59
2007/12/24,149.23,149.25
2007/12/21,148.13,148.28
2007/12/20,146.8,146.83
2007/12/19,145.88,145.84
2007/12/18,145.88,145.96
2007/12/17,145.07,145
2007/12/14,147.17,147.11
2007/12/13,149.06,149.07
2007/12/12,149.37,149.3
2007/12/11,147.91,147.95
2007/12/10,152.08,152.05
2007/12/7,150.91,150.85
2007/12/6,150.94,150.92
2007/12/5,148.81,148.85
2007/12/4,146.36,146.41
2007/12/3,147.68,147.64
2007/11/30,148.66,148.64
2007/11/29,147.18,147.07
2007/11/28,147.13,147.05
2007/11/27,142.57,142.62
2007/11/26,140.95,140.9
2007/11/23,144.13,144.09
2007/11/21,141.68,141.72
2007/11/20,144.64,144.57
2007/11/19,143.76,143.64
2007/11/16,145.79,145.84
2007/11/15,145.54,145.57
2007/11/14,147.67,147.63
2007/11/13,148.08,148.02
2007/11/12,143.7,143.74
2007/11/9,145.14,145.17
2007/11/8,147.16,147.2
2007/11/7,147.91,147.94
2007/11/6,152.07,152.02
2007/11/5,150.05,150.06
2007/11/2,151.2,151.25
2007/11/1,151.03,151.07
2007/10/31,154.65,154.7
2007/10/30,153.06,153.01
2007/10/29,154.13,154.07
2007/10/26,153.62,153.55
2007/10/25,151.84,151.76
2007/10/24,151.48,151.52
2007/10/23,151.76,151.66
2007/10/22,150.54,150.57
2007/10/19,149.67,149.74
2007/10/18,153.69,153.72
2007/10/17,154.25,154.25
2007/10/16,153.78,153.73
2007/10/15,155.01,154.95
2007/10/12,156.33,156.35
2007/10/11,155.47,155.43
2007/10/10,156.22,156.17
2007/10/9,156.48,156.44
2007/10/8,155.02,155.05
2007/10/5,155.85,155.83
2007/10/4,154.02,153.98
2007/10/3,153.78,153.83
2007/10/2,154.09,154.11
2007/10/1,154.3,154.32
2007/9/28,152.58,152.66
2007/9/27,153.09,153.08
2007/9/26,152.19,152.18
2007/9/25,151.39,151.44
2007/9/24,151.69,151.74
2007/9/21,151.97,152.02
2007/9/20,152.28,152.37
2007/9/19,153.36,153.29
2007/9/18,152.46,152.42
2007/9/17,148.1,148.07
2007/9/14,148.9,148.89
2007/9/13,148.91,148.85
2007/9/12,147.87,147.93
2007/9/11,147.49,147.55
2007/9/10,145.79,145.77
2007/9/7,146.07,146.15
2007/9/6,148.13,148.14
2007/9/5,147.79,147.85
2007/9/4,149.08,149.02
2007/8/31,147.59,147.49
2007/8/30,146.15,146.14
2007/8/29,146.54,146.55
2007/8/28,143.72,143.76
2007/8/27,146.95,146.87
2007/8/24,148.33,148.27
2007/8/23,146.52,146.54
2007/8/22,146.65,146.7
2007/8/21,144.93,144.85
2007/8/20,144.64,144.65
2007/8/17,144.71,144.74
2007/8/16,142.1,142.2
2007/8/15,141.04,141.1
2007/8/14,143.01,143.06
2007/8/13,145.23,145.16
2007/8/10,144.71,144.75
2007/8/9,145.39,145.41
2007/8/8,149.83,149.88
2007/8/7,147.77,147.77
2007/8/6,146.21,146.26
2007/8/3,143.8,143.82
2007/8/2,147.6,147.59
2007/8/1,146.43,146.45
2007/7/31,145.72,145.62
2007/7/30,147.38,147.39
2007/7/27,145.11,145.1
2007/7/26,148.02,148.07
2007/7/25,151.61,151.65
2007/7/24,151.3,151.32
2007/7/23,153.97,154
2007/7/20,153.5,153.55
2007/7/19,155.07,155.05
2007/7/18,154.47,154.49
2007/7/17,154.75,154.79
2007/7/16,154.83,154.85
2007/7/13,154.85,154.96
2007/7/12,154.39,154.43
2007/7/11,151.99,152.03
2007/7/10,150.92,150.86
2007/7/9,153,153.02
2007/7/6,152.98,153.01
2007/7/5,152.18,152.17
2007/7/3,152.34,152.35
2007/7/2,151.79,151.77
2007/6/29,150.43,150.39
2007/6/28,150.38,150.32
2007/6/27,150.4,150.44
2007/6/26,148.29,148.34
2007/6/25,149.83,149.87
2007/6/22,150.55,150.5
2007/6/21,151.98,152
2007/6/20,151.14,151.1
2007/6/19,153.27,153.2
2007/6/18,152.89,152.88
2007/6/15,153.07,153
2007/6/14,152.86,152.85
2007/6/13,151.89,151.9
2007/6/12,149.65,149.62
2007/6/11,151.3,151.36
2007/6/8,151.04,151.08
2007/6/7,149.1,149.12
2007/6/6,151.84,151.85
2007/6/5,153.49,153.54
2007/6/4,154.1,154.16
2007/6/1,154.08,153.88
2007/5/31,153.32,153.37
2007/5/30,153.48,153.44
2007/5/29,152.24,152.27
2007/5/25,151.69,151.69
2007/5/24,151.06,151.1
2007/5/23,152.44,152.46
2007/5/22,152.42,152.45
2007/5/21,152.54,152.6
2007/5/18,152.62,152.59
2007/5/17,151.3,151.3
2007/5/16,151.6,151.63
2007/5/15,150.57,150.55
2007/5/14,150.53,150.52
2007/5/11,150.86,150.89
2007/5/10,149.58,149.54
2007/5/9,151.16,151.18
2007/5/8,150.75,150.83
2007/5/7,150.95,150.97
2007/5/4,150.92,150.89
2007/5/3,150.35,150.31
2007/5/2,149.54,149.57
2007/5/1,148.67,148.7
2007/4/30,148.29,148.33
2007/4/27,149.53,149.54
2007/4/26,149.65,149.61
2007/4/25,149.48,149.41
2007/4/24,148.12,148.15
2007/4/23,148.06,148.12
2007/4/20,148.62,148.55
2007/4/19,147.23,147.27
2007/4/18,147.27,147.22
2007/4/17,147.09,147.06
2007/4/16,146.7,146.66
2007/4/13,145.32,145.27
2007/4/12,144.66,144.65
2007/4/11,144.02,143.95
2007/4/10,144.61,144.63
2007/4/9,144.44,144.43
2007/4/5,144.24,144.28
2007/4/4,143.85,143.81
2007/4/3,143.69,143.65
2007/4/2,142.16,142.21
2007/3/30,142,142.08
2007/3/29,141.97,141.97
2007/3/28,141.82,141.79
2007/3/27,142.86,142.81
2007/3/26,143.2,143.53
2007/3/23,143.39,143.42
2007/3/22,143.18,143.19
2007/3/21,143.29,143.17
2007/3/20,140.97,140.96
2007/3/19,140.2,140.22
2007/3/16,138.53,138.49
2007/3/15,139.47,139.52
2007/3/14,139.28,139.34
2007/3/13,138.25,138.32
2007/3/12,140.99,140.9
2007/3/9,140.78,140.65
2007/3/8,140.74,140.68
2007/3/7,139.56,139.25
2007/3/6,139.7,139.71
2007/3/5,137.35,137.87
2007/3/2,138.67,138.87
2007/3/1,140.51,140.51
2007/2/28,140.93,140.73
2007/2/27,139.5,139.32
2007/2/26,145.17,145.19
2007/2/23,145.3,145.34
2007/2/22,145.87,145.72
2007/2/21,145.98,145.91
2007/2/20,146.04,145.93
2007/2/16,145.73,145.72
2007/2/15,145.8,145.52
2007/2/14,145.61,145.57
2007/2/13,144.66,144.61
2007/2/12,143.45,143.46
2007/2/9,143.94,143.86
2007/2/8,145.02,144.93
2007/2/7,145.21,145.09
2007/2/6,144.89,144.95
2007/2/5,144.85,144.81
2007/2/2,144.81,144.79
2007/2/1,144.61,144.49
2007/1/31,143.75,143.75
2007/1/30,142.79,142.78
2007/1/29,142.05,142.05
2007/1/26,142.16,142.22
2007/1/25,142.26,142.25
2007/1/24,143.95,143.98
2007/1/23,142.8,142.88
2007/1/22,142.38,142.4
2007/1/19,142.82,142.85
2007/1/18,142.54,142.37
2007/1/17,143.02,142.8
2007/1/16,142.96,142.82
2007/1/12,143.24,143.2
2007/1/11,142.16,142.16
2007/1/10,141.54,141.56
2007/1/9,141.07,140.8
2007/1/8,141.19,141.3
2007/1/5,140.54,140.42
2007/1/4,141.67,141.7
2007/1/3,141.37,141.38
2006/12/29,141.62,141.58
2006/12/28,142.21,142.17
2006/12/27,142.51,142.45
2006/12/26,141.58,141.56
2006/12/22,140.75,140.74
2006/12/21,141.62,141.61
2006/12/20,142.14,142.2
2006/12/19,142.22,142.21
2006/12/18,141.95,141.94
2006/12/15,142.34,142.25
2006/12/14,143.12,143.11
2006/12/13,141.87,141.86
2006/12/12,141.72,141.59
2006/12/11,141.83,141.77
2006/12/8,141.42,141.36
2006/12/7,141.16,141.13
2006/12/6,141.78,141.65
2006/12/5,141.9,141.89
2006/12/4,141.29,141.26
2006/12/1,140.22,140.25
2006/11/30,140.53,140.46
2006/11/29,140.47,140.36
2006/11/28,139.02,139.06
2006/11/27,138.42,138.35
2006/11/24,140.35,140.34
2006/11/22,140.92,140.78
2006/11/21,140.64,140.66
2006/11/20,140.5,140.36
2006/11/17,140.42,140.43
2006/11/16,140.38,140.2
2006/11/15,140.02,139.87
2006/11/14,139.62,139.57
2006/11/13,138.58,138.59
2006/11/10,138.24,138.3
2006/11/9,138.18,138.13
2006/11/8,138.91,138.93
2006/11/7,138.61,138.4
2006/11/6,138.08,138
2006/11/3,136.54,136.43
2006/11/2,136.78,136.79
2006/11/1,136.86,136.92
2006/10/31,137.79,137.88
2006/10/30,137.81,137.83
2006/10/27,137.91,137.81
2006/10/26,138.78,138.75
2006/10/25,138.35,138.37
2006/10/24,137.88,137.78
2006/10/23,137.47,137.3
2006/10/20,136.84,136.75
2006/10/19,136.81,136.81
2006/10/18,136.59,136.39
2006/10/17,136.41,136.48
2006/10/16,136.84,136.77
2006/10/13,136.63,136.54
2006/10/12,136.28,136.3
2006/10/11,135.11,135.1
2006/10/10,135.27,135.09
2006/10/9,135.09,135.01
2006/10/6,135.01,134.88
2006/10/5,135.18,135.17
2006/10/4,134.92,134.89
2006/10/3,133.36,133.3
2006/10/2,133.08,133.08
2006/9/29,133.58,133.65
2006/9/28,133.69,133.69
2006/9/27,133.74,133.68
2006/9/26,133.58,133.46
2006/9/25,132.48,132.45
2006/9/22,131.47,131.47
2006/9/21,131.87,131.83
2006/9/20,132.51,132.4
2006/9/19,131.81,131.86
2006/9/18,132.14,132.07
2006/9/15,131.96,131.9
2006/9/14,132.23,132.21
2006/9/13,132.22,132.13
2006/9/12,131.69,131.65
2006/9/11,130.41,130.32
2006/9/8,130.28,130.2
2006/9/7,129.91,130.02
2006/9/6,130.51,130.36
2006/9/5,131.67,131.58
2006/9/1,131.42,131.4
2006/8/31,130.64,130.74
2006/8/30,130.66,130.7
2006/8/29,130.58,130.56
2006/8/28,130.43,130.44
2006/8/25,129.81,129.82
2006/8/24,129.65,129.7
2006/8/23,129.76,129.67
2006/8/22,130.12,130.12
2006/8/21,130.13,130.09
2006/8/18,130.69,130.57
2006/8/17,130.03,129.9
2006/8/16,129.79,129.65
2006/8/15,128.63,128.57
2006/8/14,127.11,127.12
2006/8/11,127.01,126.96
2006/8/10,127.37,127.3
2006/8/9,126.98,126.87
2006/8/8,127.41,127.59
2006/8/7,127.95,127.86
2006/8/4,128.2,128.11
2006/8/3,128.42,128.31
2006/8/2,128.08,127.95
2006/8/1,127.22,127.2
2006/7/31,127.85,127.75
2006/7/28,127.98,127.93
2006/7/27,126.71,126.66
2006/7/26,126.83,126.77
2006/7/25,126.66,126.6
2006/7/24,126.21,126.2
2006/7/21,123.95,123.86
2006/7/20,124.83,125.01
2006/7/19,125.69,125.83
2006/7/18,123.97,123.87
2006/7/17,123.34,123.36
2006/7/14,123.52,123.55
2006/7/13,124,123.75
2006/7/12,126.05,126.05
2006/7/11,127.41,127.39
2006/7/10,126.85,126.73
2006/7/7,126.61,126.58
2006/7/6,127.44,127.34
2006/7/5,127.07,127.06
2006/7/3,127.8,127.88
2006/6/30,127.23,127.15
2006/6/29,127.27,127.2
2006/6/28,124.75,124.7
2006/6/27,123.91,123.97
2006/6/26,124.99,124.91
2006/6/23,124.44,124.36
2006/6/22,124.46,124.46
2006/6/21,125.01,125.13
2006/6/20,124.09,123.98
2006/6/19,123.67,123.82
2006/6/16,124.65,124.65
2006/6/15,126.12,126.01
2006/6/14,123.5,123.63
2006/6/13,122.55,122.55
2006/6/12,123.99,124.1
2006/6/9,125.35,125.33
2006/6/8,125.75,126
2006/6/7,125.86,125.74
2006/6/6,126.81,126.92
2006/6/5,127.12,127.21
2006/6/2,129,128.97
2006/6/1,128.73,128.6
2006/5/31,127.51,127.54
2006/5/30,126.1,126.12
2006/5/26,128.38,128.33
2006/5/25,127.73,127.61
2006/5/24,126.17,126.27
2006/5/23,125.17,124.71
2006/5/22,126.13,126.31
2006/5/19,127.1,127.08
2006/5/18,126.21,126.25
2006/5/17,126.85,127
2006/5/16,129.31,129.34
2006/5/15,129.5,129.49
2006/5/12,129.24,129.16
2006/5/11,130.95,130.96
2006/5/10,132.55,132.45
2006/5/9,132.62,132.51
2006/5/8,132.36,132.36
2006/5/5,132.52,132.5
2006/5/4,131.36,131.29
2006/5/3,130.89,130.83
2006/5/2,131.38,131.33
2006/5/1,130.4,130.5
2006/4/28,131.47,131.33
2006/4/27,131.03,130.9
2006/4/26,130.4,130.52
2006/4/25,130.37,130.34
2006/4/24,130.91,130.91
2006/4/21,131.15,131.04
2006/4/20,131.13,131.21
2006/4/19,130.95,130.87
2006/4/18,130.7,130.83
2006/4/17,128.66,128.62
2006/4/13,128.71,128.77
2006/4/12,128.88,128.96
2006/4/11,128.64,128.71
2006/4/10,129.74,129.73
2006/4/7,129.54,129.54
2006/4/6,130.87,130.88
2006/4/5,131.01,131.02
2006/4/4,130.56,130.51
2006/4/3,129.73,129.69
2006/3/31,129.83,129.76
2006/3/30,129.8,129.78
2006/3/29,130.03,129.99
2006/3/28,129.22,129.14
2006/3/27,130.02,129.91
2006/3/24,130.21,130.21
2006/3/23,130.11,129.95
2006/3/22,130.38,130.42
2006/3/21,129.59,129.49
2006/3/20,130.41,130.33
2006/3/17,130.62,130.61
2006/3/16,131.03,130.9
2006/3/15,130.76,130.59
2006/3/14,130.18,130.11
2006/3/13,128.83,128.8
2006/3/10,128.59,128.49
2006/3/9,127.38,127.44
2006/3/8,128.24,128.25
2006/3/7,127.97,127.9
2006/3/6,128.17,128.09
2006/3/3,128.76,128.8
2006/3/2,129.36,129.28
2006/3/1,129.37,129.28
2006/2/28,128.23,128.32
2006/2/27,129.46,129.48
2006/2/24,129.41,129.32
2006/2/23,129.08,129
2006/2/22,129.27,129.2
2006/2/21,128.49,128.52
2006/2/17,128.81,128.87
2006/2/16,129.16,129.06
2006/2/15,128.2,128.18
2006/2/14,127.75,127.62
2006/2/13,126.41,126.42
2006/2/10,126.64,126.56
2006/2/9,126.41,126.48
2006/2/8,126.62,126.58
2006/2/7,125.48,125.72
2006/2/6,126.6,126.62
2006/2/3,126.27,126.25
2006/2/2,126.9,126.96
2006/2/1,128.39,128.32
2006/1/31,127.5,127.51
2006/1/30,128.44,128.51
2006/1/27,128.54,128.41
2006/1/26,127.36,127.61
2006/1/25,126.66,126.72
2006/1/24,126.55,126.65
2006/1/23,126.42,126.3
2006/1/20,125.97,125.93
2006/1/19,128.31,128.31
2006/1/18,127.82,127.93
2006/1/17,128.33,127.55
2006/1/13,128.68,128.57
2006/1/12,128.8,128.71
2006/1/11,129.31,129.25
2006/1/10,128.9,128.82
2006/1/9,128.77,128.62
2006/1/6,128.44,128.47
2006/1/5,127.38,127.36
2006/1/4,127.3,127.22
2006/1/3,126.7,126.65
2005/12/30,124.51,124.5
2005/12/29,125.19,125.23
2005/12/28,125.75,125.71
2005/12/27,125.47,125.51
2005/12/23,126.76,126.68
2005/12/22,126.69,126.63
2005/12/21,126.03,126.11
2005/12/20,125.83,125.78
2005/12/19,125.71,125.8
2005/12/16,126.36,126.55
2005/12/15,127.44,127.5
2005/12/14,127.81,127.8
2005/12/13,127.31,127.3
2005/12/12,126.45,126.46
2005/12/9,126.33,126.35
2005/12/8,126,125.73
2005/12/7,126.08,126.06
2005/12/6,126.82,126.75
2005/12/5,126.58,126.65
2005/12/2,126.85,126.77
2005/12/1,126.69,126.77
2005/11/30,125.41,125.54
2005/11/29,126.09,126.21
2005/11/28,126.23,126.3
2005/11/25,127.13,126.88
2005/11/23,127.03,126.92
2005/11/22,126.3,126.25
2005/11/21,125.76,125.71
2005/11/18,125.13,125.01
2005/11/17,124.64,124.58
2005/11/16,123.49,123.44
2005/11/15,123.24,123.21
2005/11/14,123.69,123.56
2005/11/11,123.76,123.81
2005/11/10,123.34,123.3
2005/11/9,122.39,122.27
2005/11/8,122.23,122.14
2005/11/7,122.23,122.19
2005/11/4,122.11,122.06
2005/11/3,122.27,122.11
2005/11/2,121.75,121.68
2005/11/1,120.49,120.47
2005/10/31,120.13,120.36
2005/10/28,119.8,119.85
2005/10/27,118.1,117.8
2005/10/26,119.37,119.29
2005/10/25,119.72,119.73
2005/10/24,119.96,120.01
2005/10/21,118.13,118.11
2005/10/20,117.67,117.48
2005/10/19,119.78,119.61
2005/10/18,117.82,117.66
2005/10/17,119.11,119.08
2005/10/14,118.67,118.6
2005/10/13,117.43,117.59
2005/10/12,117.5,117.62
2005/10/11,118.43,118.26
2005/10/10,118.6,118.61
2005/10/7,119.61,119.5
2005/10/6,119.2,119.35
2005/10/5,119.63,119.66
2005/10/4,121.22,121.17
2005/10/3,122.6,122.57
2005/9/30,123.04,122.96
2005/9/29,122.66,122.57
2005/9/28,121.67,121.68
2005/9/27,121.55,121.49
2005/9/26,121.58,121.52
2005/9/23,121.44,121.45
2005/9/22,121.34,121.26
2005/9/21,120.91,120.75
2005/9/20,122.05,121.92
2005/9/19,123.09,123.1
2005/9/16,123.5,123.54
2005/9/15,123.15,123.19
2005/9/14,123.21,123.23
2005/9/13,123.66,123.7
2005/9/12,124.35,124.25
2005/9/9,124.6,124.57
2005/9/8,123.5,123.49
2005/9/7,123.91,123.76
2005/9/6,123.7,123.74
2005/9/2,122.27,122.13
2005/9/1,122.49,122.42
2005/8/31,122.58,122.46
2005/8/30,121.05,120.87
2005/8/29,121.69,121.61
2005/8/26,120.76,120.69
2005/8/25,121.59,121.55
2005/8/24,121.15,121.18
2005/8/23,122.24,122.21
2005/8/22,122.47,122.51
2005/8/19,122.47,122.43
2005/8/18,122.19,122.22
2005/8/17,122.2,122.2
2005/8/16,122.21,122.26
2005/8/15,123.82,123.81
2005/8/12,123.06,123.09
2005/8/11,123.82,123.8
2005/8/10,123.33,123.34
2005/8/9,123.39,123.34
2005/8/8,122.65,122.51
2005/8/5,122.88,122.8
2005/8/4,123.72,123.7
2005/8/3,124.72,124.65
2005/8/2,124.39,124.26
2005/8/1,123.65,123.67
2005/7/29,123.74,123.7
2005/7/28,124.57,124.59
2005/7/27,123.79,123.65
2005/7/26,123.34,123.19
2005/7/25,123.19,123.2
2005/7/22,123.54,123.55
2005/7/21,122.72,122.62
2005/7/20,123.44,123.38
2005/7/19,123.02,122.58
2005/7/18,122.35,122.47
2005/7/15,122.84,122.8
2005/7/14,122.91,122.63
2005/7/13,122.43,122.46
2005/7/12,122.26,122.17
2005/7/11,121.94,121.92
2005/7/8,121.32,121.3
2005/7/7,119.95,119.96
2005/7/6,119.48,119.43
2005/7/5,120.49,120.46
2005/7/1,119.53,119.45
2005/6/30,119.18,119.07
2005/6/29,119.83,119.85
2005/6/28,120.15,120.16
2005/6/27,119.15,119.13
2005/6/24,118.98,119.1
2005/6/23,119.86,119.87
2005/6/22,121.57,121.51
2005/6/21,121.47,121.42
2005/6/20,121.4,121.43
2005/6/17,121.36,121.44
2005/6/16,121.4,121.42
2005/6/15,121.09,121.03
2005/6/14,120.86,120.78
2005/6/13,120.58,120.55
2005/6/10,120.2,120.15
2005/6/9,120.48,120.43
2005/6/8,119.91,119.85
2005/6/7,120.13,120.17
2005/6/6,120.04,120.07
2005/6/3,120.15,120.12
2005/6/2,120.76,120.73
2005/6/1,120.5,120.46
2005/5/31,119.48,119.51
2005/5/27,120.25,120.35
2005/5/26,120.05,119.95
2005/5/25,119.41,119.42
2005/5/24,119.5,119.41
2005/5/23,119.78,119.67
2005/5/20,119.12,119.16
2005/5/19,119.29,119.26
2005/5/18,118.79,118.76
2005/5/17,117.58,117.54
2005/5/16,116.8,116.75
2005/5/13,115.72,115.6
2005/5/12,115.95,116.16
2005/5/11,117.24,117.18
2005/5/10,116.6,116.64
2005/5/9,117.82,117.79
2005/5/6,117.09,117.03
2005/5/5,117.46,117.43
2005/5/4,117.5,117.46
2005/5/3,116.6,116.58
2005/5/2,116.4,116.31
2005/4/29,115.75,115.75
2005/4/28,114.2,114.2
2005/4/27,115.65,115.67
2005/4/26,115.2,115.11
2005/4/25,116.33,116.28
2005/4/22,115.57,115.48
2005/4/21,116.01,115.84
2005/4/20,113.8,113.82
2005/4/19,115.41,115.72
2005/4/18,114.5,114.68
2005/4/15,114.15,114.1
2005/4/14,115.77,115.61
2005/4/13,117.3,117.33
2005/4/12,118.7,118.78
2005/4/11,118.09,118.06
2005/4/8,118,117.73
2005/4/7,119.24,119.16
2005/4/6,118.6,118.56
2005/4/5,118.19,118.1
2005/4/4,117.63,117.71
2005/4/1,117.43,117.26
2005/3/31,117.96,117.96
2005/3/30,118.18,118.18
2005/3/29,116.53,116.61
2005/3/28,117.31,117.32
2005/3/24,117.14,117.12
2005/3/23,117,117.09
2005/3/22,116.9,116.91
2005/3/21,118.1,118.06
2005/3/18,118.54,118.58
2005/3/17,119.36,119.39
2005/3/16,119.12,119.2
2005/3/15,120.14,120.06
2005/3/14,121.14,121.15
2005/3/11,120.39,120.25
2005/3/10,121.24,121
2005/3/9,120.97,121.04
2005/3/8,122.33,122.29
2005/3/7,122.79,122.63
2005/3/4,122.73,122.75
2005/3/3,121.22,121.2
2005/3/2,121.17,121.1
2005/3/1,121.23,121
2005/2/28,120.63,120.6
2005/2/25,121.43,121.38
2005/2/24,120.24,120.12
2005/2/23,119.45,119.45
2005/2/22,118.6,118.65
2005/2/18,120.39,120.32
2005/2/17,120.23,120.15
2005/2/16,121.21,121.22
2005/2/15,121.13,121.13
2005/2/14,120.68,120.66
2005/2/11,120.77,120.83
2005/2/10,119.74,119.7
2005/2/9,119.31,119.35
2005/2/8,120.21,120.23
2005/2/7,120.07,120.06
2005/2/4,120.23,120.16
2005/2/3,119.11,119.03
2005/2/2,119.27,119.17
2005/2/1,118.91,119.08
2005/1/31,118.16,118.08
2005/1/28,117.43,117.44
2005/1/27,117.43,117.52
2005/1/26,117.23,117.18
2005/1/25,116.88,117
2005/1/24,116.55,116.67
2005/1/21,116.78,116.72
2005/1/20,117.5,117.57
2005/1/19,118.22,117.76
2005/1/18,119.47,119.46
2005/1/14,118.24,118.34
2005/1/13,117.62,117.58
2005/1/12,118.57,118.68
2005/1/11,118.18,118.54
2005/1/10,119,118.92
2005/1/7,118.44,118.36
2005/1/6,118.61,118.6
2005/1/5,118.01,118.2
2005/1/4,118.83,118.78
2005/1/3,120.3,120.28
2004/12/31,120.87,120.85
2004/12/30,121.13,121.18
2004/12/29,121.36,121.34
2004/12/28,121.18,120.91
2004/12/27,120.52,120.49
2004/12/23,120.77,120.81
2004/12/22,120.68,120.63
2004/12/21,120.39,120.32
2004/12/20,119.47,119.47
2004/12/17,119.44,119.4
2004/12/16,120.24,120.7
2004/12/15,120.88,120.86
2004/12/14,120.79,120.71
2004/12/13,120.37,120.3
2004/12/10,119.33,119.34
2004/12/9,119.21,119.16
2004/12/8,118.79,118.55
2004/12/7,118.1,118.02
2004/12/6,119.21,119.21
2004/12/3,119.25,119.22
2004/12/2,119.33,119.8
2004/12/1,119.23,119.26
2004/11/30,117.89,117.83
2004/11/29,117.81,117.73
2004/11/26,118.35,108
2004/11/24,118.44,118.36
2004/11/23,118.16,118.26
2004/11/22,117.98,117.98
2004/11/19,117.42,117.35
2004/11/18,118.74,118.62
2004/11/17,118.58,118.46
2004/11/16,117.88,117.96
2004/11/15,118.73,118.66
2004/11/12,118.79,118.78
2004/11/11,117.86,117.86
2004/11/10,116.97,116.86
2004/11/9,116.88,116.88
2004/11/8,117.11,117.03
2004/11/5,117.28,117.21
2004/11/4,116.55,116.38
2004/11/3,114.98,114.87
2004/11/2,113.55,113.38
2004/11/1,113.51,113.44
2004/10/29,113.2,113.16
2004/10/28,113.22,113.18
2004/10/27,112.88,112.88
2004/10/26,111.54,111.48
2004/10/25,109.86,110.08
2004/10/22,109.99,110
2004/10/21,111.24,111.08
2004/10/20,110.52,110.68
2004/10/19,110.74,110.43
2004/10/18,111.68,111.8
2004/10/15,111.26,111.22
2004/10/14,110.64,110.7
2004/10/13,111.54,111.36
2004/10/12,112.53,112.88
2004/10/11,112.97,112.92
2004/10/8,112.51,112.56
2004/10/7,113.45,113.49
2004/10/6,114.62,114.55
2004/10/5,113.9,113.92
2004/10/4,113.84,113.72
2004/10/1,113.65,113.56
2004/9/30,111.76,111.73
2004/9/29,111.84,111.77
2004/9/28,111.28,111.24
2004/9/27,110.75,110.73
2004/9/24,111.46,111.47
2004/9/23,110.95,110.98
2004/9/22,111.55,111.51
2004/9/21,112.96,112.83
2004/9/20,112.47,112.36
2004/9/17,113.15,113.07
2004/9/16,113.14,113.08
2004/9/15,112.8,112.75
2004/9/14,113.66,113.53
2004/9/13,113.43,113.4
2004/9/10,113.06,113.01
2004/9/9,112.48,112.43
2004/9/8,112.58,112.53
2004/9/7,112.86,112.77
2004/9/3,112.12,112.12
2004/9/2,112.58,112.13
2004/9/1,111.32,111.29
2004/8/31,111.11,111.1
2004/8/30,110.53,110.59
2004/8/27,111.45,111.47
2004/8/26,111.1,111.06
2004/8/25,111.1,110.95
2004/8/24,110.35,110.14
2004/8/23,110.2,110.24
2004/8/20,110.48,110.4
2004/8/19,109.71,109.51
2004/8/18,110.03,109.91
2004/8/17,108.91,108.7
2004/8/16,108.3,108.22
2004/8/13,107.19,107.02
2004/8/12,106.98,107.06
2004/8/11,108.16,108.23
2004/8/10,108.38,107.92
2004/8/9,107,107.05
2004/8/6,106.85,106.65
2004/8/5,108.4,108.4
2004/8/4,110.2,110.12
2004/8/3,110.21,110.13
2004/8/2,111.07,110.88
2004/7/30,110.84,110.63
2004/7/29,110.57,110.55
2004/7/28,110.1,110.12
2004/7/27,109.77,109.83
2004/7/26,108.75,108.84
2004/7/23,108.96,108.96
2004/7/22,109.88,109.74
2004/7/21,109.58,109.52
2004/7/20,111.64,111.76
2004/7/19,110.24,110.21
2004/7/16,110.71,110.78
2004/7/15,110.8,110.8
2004/7/14,111.52,111.68
2004/7/13,111.86,111.53
2004/7/12,111.78,111.82
2004/7/9,111.73,111.65
2004/7/8,111.42,111.44
2004/7/7,112.22,111.48
2004/7/6,111.89,111.85
2004/7/2,112.88,112.78
2004/7/1,112.94,113
2004/6/30,114.53,114.36
2004/6/29,113.92,113.88
2004/6/28,113.45,113.23
2004/6/25,113.84,113.96
2004/6/24,114.39,114.42
2004/6/23,114.75,114.6
2004/6/22,113.77,113.75
2004/6/21,113.2,113.25
2004/6/18,113.63,113.77
2004/6/17,113.83,113.79
2004/6/16,114,113.92
2004/6/15,114.02,113.84
2004/6/14,113.22,113.28
2004/6/10,114.35,114.19
2004/6/9,113.79,113.83
2004/6/8,114.86,114.87
2004/6/7,114.7,114.63
2004/6/4,112.98,112.87
2004/6/3,112.09,112.26
2004/6/2,113.13,113.06
2004/6/1,112.71,112.31
2004/5/28,112.86,112.87
2004/5/27,112.87,112.81
2004/5/26,112.24,112.16
2004/5/25,111.85,111.72
2004/5/24,110.27,110.22
2004/5/21,109.81,109.82
2004/5/20,109.62,109.59
2004/5/19,109.27,109.12
2004/5/18,109.65,109.67
2004/5/17,109.1,109.07
2004/5/14,110.04,110.05
2004/5/13,109.99,110
2004/5/12,110.45,110.34
2004/5/11,109.75,109.55
2004/5/10,108.83,108.88
2004/5/7,109.96,109.85
2004/5/6,111.81,111.78
2004/5/5,112.78,112.62
2004/5/4,112.06,112.07
2004/5/3,112.15,112.12
2004/4/30,110.96,110.8
2004/4/29,111.83,111.55
2004/4/28,112.82,112.71
2004/4/27,114.3,114.2
2004/4/26,114.2,114.22
2004/4/23,114.36,114.31
2004/4/22,114.25,114.49
2004/4/21,112.67,112.7
2004/4/20,111.92,112.06
2004/4/19,113.83,113.69
2004/4/16,113.83,113.72
2004/4/15,112.96,112.69
2004/4/14,113.39,113.5
2004/4/13,113.21,113.1
2004/4/12,114.82,114.85
2004/4/8,114.37,114.23
2004/4/7,114.63,115.08
2004/4/6,114.9,114.61
2004/4/5,115.27,115.17
2004/4/2,114.64,114.5
2004/4/1,113.78,113.65
2004/3/31,113.1,112.96
2004/3/30,112.97,112.87
2004/3/29,112.59,112.49
2004/3/26,111.03,110.9
2004/3/25,111,110.91
2004/3/24,109.55,109.51
2004/3/23,109.46,109.22
2004/3/22,109.65,109.6
2004/3/19,111.06,111.07
2004/3/18,113.07,113.1
2004/3/17,113.04,113
2004/3/16,111.79,111.69
2004/3/15,111.2,111.22
2004/3/12,112.58,112.68
2004/3/11,111.12,111.22
2004/3/10,112.58,112.72
2004/3/9,114.5,114.53
2004/3/8,114.96,115
2004/3/5,116.38,116.37
2004/3/4,115.99,115.97
2004/3/3,115.69,115.6
2004/3/2,115.48,115.35
2004/3/1,116.16,116.19
2004/2/27,115.02,115.02
2004/2/26,114.94,114.85
2004/2/25,114.87,114.9
2004/2/24,114.39,114.45
2004/2/23,114.59,114.52
2004/2/20,114.88,114.88
2004/2/19,115.23,115.13
2004/2/18,115.66,115.89
2004/2/17,116.17,116.21
2004/2/13,115.13,114.93
2004/2/12,115.65,115.6
2004/2/11,116.07,115.95
2004/2/10,114.85,114.86
2004/2/9,114.48,114.48
2004/2/6,114.45,114.33
2004/2/5,113.18,113.14
2004/2/4,112.85,112.75
2004/2/3,113.78,113.38
2004/2/2,113.97,113.85
2004/1/30,113.48,113.48
2004/1/29,113.48,113.64
2004/1/28,113.37,113.35
2004/1/27,114.68,114.57
2004/1/26,115.87,115.73
2004/1/23,114.43,114.28
2004/1/22,114.8,114.6
2004/1/21,115.1,115.11
2004/1/20,114.2,114.04
2004/1/16,114.23,114.12
2004/1/15,113.78,113.84
2004/1/14,113.5,112.99
2004/1/13,112.56,112.39
2004/1/12,113.22,113.2
2004/1/9,112.39,112.39
2004/1/8,113.38,113.37
2004/1/7,112.93,112.96
2004/1/6,112.55,112.48
2004/1/5,112.44,112.36
2004/1/2,111.23,111.21
2003/12/31,111.28,111.25
2003/12/30,111.18,111.21
2003/12/29,111.16,111.07
2003/12/26,109.7,109.6
2003/12/24,109.62,109.53
2003/12/23,109.73,109.4
2003/12/22,109.66,109.6
2003/12/19,108.9,108.15
2003/12/18,109.72,109.62
2003/12/17,108.5,108.41
2003/12/16,108.16,108.15
2003/12/15,107.6,107.41
2003/12/12,108.14,108.01
2003/12/11,107.93,107.9
2003/12/10,106.73,106.63
2003/12/9,106.74,106.67
2003/12/8,107.57,107.62
2003/12/5,106.85,106.83
2003/12/4,107.6,107.35
2003/12/3,107.16,107.1
2003/12/2,107.33,107.32
2003/12/1,107.6,107.45
2003/11/28,106.45,106.5
2003/11/26,106.37,106.32
2003/11/25,105.99,105.99
2003/11/24,105.59,105.59
2003/11/21,104.21,104.13
2003/11/20,103.78,103.79
2003/11/19,104.72,104.79
2003/11/18,103.84,103.62
2003/11/17,104.93,104.83
2003/11/14,105.46,105.4
2003/11/13,106.36,106.27
2003/11/12,106.33,106.38
2003/11/11,105.15,105.06
2003/11/10,105.18,105.18
2003/11/7,105.61,105.55
2003/11/6,106.4,106.42
2003/11/5,105.84,105.75
2003/11/4,105.76,105.66
2003/11/3,105.99,106.02
2003/10/31,105.3,105.27
2003/10/30,105.4,104.25
2003/10/29,105.18,105.01
2003/10/28,105.04,104.85
2003/10/27,103.63,103.56
2003/10/24,103.58,103.34
2003/10/23,103.35,102.67
2003/10/22,103.54,103.2
2003/10/21,104.86,104.73
2003/10/20,105.04,105.25
2003/10/17,104.26,104.2
2003/10/16,105.41,105.29
2003/10/15,104.99,104.75
2003/10/14,105.27,105.43
2003/10/13,104.9,104.94
2003/10/10,104.57,104.51
2003/10/9,104.28,104.27
2003/10/8,104,103.92
2003/10/7,104.26,104.21
2003/10/6,103.86,103.84
2003/10/3,103.39,103.49
2003/10/2,102.45,102.43
2003/10/1,102.08,102.02
2003/9/30,99.95,99.87
2003/9/29,100.93,100.81
2003/9/26,99.95,99.95
2003/9/25,100.28,100.07
2003/9/24,101.11,101.16
2003/9/23,102.94,102.97
2003/9/22,102.55,102.68
2003/9/19,103.67,103.67
2003/9/18,104.6,104.55
2003/9/17,103.38,102.7
2003/9/16,103.58,103.6
2003/9/15,102.09,101.96
2003/9/12,102.45,102.57
2003/9/11,102.26,102.28
2003/9/10,101.96,101.84
2003/9/9,103,102.95
2003/9/8,103.68,103.68
2003/9/5,102.83,102.83
2003/9/4,103.41,103.52
2003/9/3,103.36,103.26
2003/9/2,102.8,102.83
2003/8/29,101.44,101.37
2003/8/28,100.76,100.74
2003/8/27,100.14,100.08
2003/8/26,100.11,100.14
2003/8/25,99.93,99.87
2003/8/22,99.77,99.7
2003/8/21,100.77,100.71
2003/8/20,100.45,100.02
2003/8/19,100.86,100.56
2003/8/18,100.48,100.53
2003/8/15,99.62,99.56
2003/8/14,99.31,98.8
2003/8/13,99.04,98.87
2003/8/12,99.55,99.46
2003/8/11,98.65,98.55
2003/8/8,98.28,98.29
2003/8/7,98,97.92
2003/8/6,96.98,96.95
2003/8/5,96.42,96.35
2003/8/4,98.51,98.48
2003/8/1,98.51,98.4
2003/7/31,99.39,99.4
2003/7/30,99.16,99.11
2003/7/29,99.4,99.35
2003/7/28,99.86,99.86
2003/7/25,100.23,100.38
2003/7/24,98.49,98.3
2003/7/23,99.24,99.24
2003/7/22,99.17,99.37
2003/7/21,98.28,98.29
2003/7/18,99.51,99.54
2003/7/17,98.5,98.15
2003/7/16,99.92,99.48
2003/7/15,100.51,100.9
2003/7/14,100.73,100.74
2003/7/11,100.24,100.15
2003/7/10,99.3,99.3
2003/7/9,100.58,100.31
2003/7/8,101.15,101.02
2003/7/7,100.7,100.66
2003/7/3,98.74,98.43
2003/7/2,99.77,99.67
2003/7/1,98.53,98.62
2003/6/30,97.63,97.67
2003/6/27,97.66,97.64
2003/6/26,98.8,98.72
2003/6/25,97.53,97.62
2003/6/24,98.52,98.55
2003/6/23,98.42,98.36
2003/6/20,99.44,99.55
2003/6/19,100.02,99.85
2003/6/18,101.57,101.58
2003/6/17,101.66,101.7
2003/6/16,101.66,101.57
2003/6/13,99.56,99.35
2003/6/12,100.61,100.46
2003/6/11,100.3,100.35
2003/6/10,99.25,99.03
2003/6/9,98.25,98.12
2003/6/6,99.26,99.12
2003/6/5,99.65,99.85
2003/6/4,99.16,99.09
2003/6/3,97.75,97.88
2003/6/2,97.35,96
2003/5/30,96.95,97
2003/5/29,95.42,95.45
2003/5/28,95.67,95.57
2003/5/27,95.4,95.4
2003/5/23,93.76,93.74
2003/5/22,93.57,93.65
2003/5/21,92.65,92.52
2003/5/20,92.46,92.46
2003/5/19,92.65,92.49
2003/5/16,94.87,94.83
2003/5/15,95.11,94.95
2003/5/14,94.51,94.33
2003/5/13,94.71,93.75
2003/5/12,94.88,94.74
2003/5/9,93.73,93.61
2003/5/8,92.45,92.54
2003/5/7,93.39,93.07
2003/5/6,93.91,93.65
2003/5/5,93.03,92.9
2003/5/2,93.21,93.26
2003/5/1,91.9,92.05
2003/4/30,91.91,91.86
2003/4/29,91.79,91.97
2003/4/28,91.79,91.51
2003/4/25,90.23,90.13
2003/4/24,91.36,90.01
2003/4/23,92.18,91.99
2003/4/22,91.34,91.47
2003/4/21,89.65,89.58
2003/4/17,89.56,89.56
2003/4/16,88.25,88.26
2003/4/15,89.78,90.61
2003/4/14,88.95,88.89
2003/4/11,87.15,87.19
2003/4/10,87.51,87.58
2003/4/9,87.03,87
2003/4/8,88.19,88.13
2003/4/7,88.05,87.91
2003/4/4,88.22,88.3
2003/4/3,87.7,87.59
2003/4/2,88.12,88.12
2003/4/1,86.04,86.21
2003/3/31,84.74,84.81
2003/3/28,86.71,86.2
2003/3/27,87.15,87.13
2003/3/26,87.08,86.92
2003/3/25,87.52,87.61
2003/3/24,86.69,86.65
2003/3/21,89.67,89.85
2003/3/20,88.15,88.14
2003/3/19,87.96,88.25
2003/3/18,87.29,86.99
2003/3/17,86.78,86.75
2003/3/14,84.13,84.15
2003/3/13,83.86,83.94
2003/3/12,81.06,81.2
2003/3/11,80.52,80.56
2003/3/10,81.32,81.21
2003/3/7,83.32,83.49
2003/3/6,82.75,82.68
2003/3/5,83.45,83.5
2003/3/4,82.75,82.48
2003/3/3,84.09,83.82
2003/2/28,84.9,84.86
2003/2/27,84.34,84.35
2003/2/26,83.24,83.14
2003/2/25,84.47,84.65
2003/2/24,83.8,83.47
2003/2/21,85.18,85.21
2003/2/20,84.33,84.26
2003/2/19,85.18,85.11
2003/2/18,85.63,85.52
2003/2/14,84.15,84.25
2003/2/13,82.35,82.2
2003/2/12,82.1,82.09
2003/2/11,83.43,83.21
2003/2/10,84.01,84.11
2003/2/7,83.42,83.23
2003/2/6,84.45,84.5
2003/2/5,84.85,84.7
2003/2/4,85.38,85.3
2003/2/3,86.23,86.3
2003/1/31,86.06,86.02
2003/1/30,84.43,84.35
2003/1/29,86.48,86.5
2003/1/28,85.83,85.71
2003/1/27,85.2,85.19
2003/1/24,86.38,86.3
2003/1/23,88.71,88.84
2003/1/22,88.17,88.5
2003/1/21,89.25,89.12
2003/1/17,90.66,90.63
2003/1/16,92.02,91.45
2003/1/15,92.4,92.17
2003/1/14,93.33,93.51
2003/1/13,93.03,92.93
2003/1/10,93.06,93.28
2003/1/9,92.81,92.89
2003/1/8,91.39,91.47
2003/1/7,92.73,92.51
2003/1/6,92.96,92.91
2003/1/3,91.35,91.3
2003/1/2,91.07,91.04
2002/12/31,88.23,88.23
2002/12/30,88.11,88.01
2002/12/27,87.38,87.45
2002/12/26,89.39,89.22
2002/12/24,89.355,89.35
2002/12/23,90.02,90.03
2002/12/20,89.99,89.9
2002/12/19,89.16,89.35
2002/12/18,89.8,89.7
2002/12/17,90.85,90.82
2002/12/16,91.65,91.65
2002/12/13,89.34,89.09
2002/12/12,90.77,90.8
2002/12/11,90.78,90.93
2002/12/10,90.7,90.65
2002/12/9,89.5,89.77
2002/12/6,92.03,92.15
2002/12/5,91.43,91.45
2002/12/4,92.45,92.25
2002/12/3,92.87,92.5
2002/12/2,94.13,94.3
2002/11/29,93.98,93.88
2002/11/27,94.28,94.35
2002/11/26,91.7,91.72
2002/11/25,93.48,93.48
2002/11/22,93.42,93.31
2002/11/21,94.09,93.92
2002/11/20,92.37,91.87
2002/11/19,90.36,90.15
2002/11/18,90.48,90.4
2002/11/15,91.4,91.32
2002/11/14,90.73,90.76
2002/11/13,89.05,88.81
2002/11/12,88.96,88.57
2002/11/11,88.26,88.06
2002/11/8,89.65,89.4
2002/11/7,90.76,90.75
2002/11/6,93.04,92.35
2002/11/5,91.85,91.8
2002/11/4,91.13,90.53
2002/11/1,90.27,89.55
2002/10/31,88.52,88.11
2002/10/30,89.43,89.27
2002/10/29,88.57,88.33
2002/10/28,89.61,89.21
2002/10/25,90.2,90.2
2002/10/24,88.36,88.1
2002/10/23,90.2,90.21
2002/10/22,89.52,89.3
2002/10/21,90.17,89.7
2002/10/18,88.64,88.46
2002/10/17,88.27,88.8
2002/10/16,86.55,87.35
2002/10/15,88.7,87.55
2002/10/14,84.63,78
2002/10/11,84.16,84.06
2002/10/10,80.63,80.42
2002/10/9,78.1,78.15
2002/10/8,80.37,80.09
2002/10/7,79.13,79.08
2002/10/4,80.8,80.7
2002/10/3,82.31,82.16
2002/10/2,83.15,82.88
2002/10/1,85.72,85.08
2002/9/30,81.79,81.81
2002/9/27,82.75,82.44
2002/9/26,85.73,85.45
2002/9/25,84.35,84.49
2002/9/24,82.31,81.65
2002/9/23,83.66,83.01
2002/9/20,84.35,83.6
2002/9/19,84.7,84.22
2002/9/18,86.95,86.29
2002/9/17,87.83,86.76
2002/9/16,89.89,89.87
2002/9/13,89.67,89.01
2002/9/12,89.45,89
2002/9/11,91.13,90.8
2002/9/10,91.7,91.55
2002/9/9,90.66,90.4
2002/9/6,90,89.75
2002/9/5,88.78,88.5
2002/9/4,89.54,88.7
2002/9/3,88.28,88.14
2002/8/30,91.78,91.71
2002/8/29,92.14,91.3
2002/8/28,92.1,91.44
2002/8/27,94.16,93.3
2002/8/26,95.26,95.16
2002/8/23,94.6,93.7
2002/8/22,96.68,96.25
2002/8/21,95.75,95.66
2002/8/20,94.39,94.05
2002/8/19,95.4,95.33
2002/8/16,93.22,92.4
2002/8/15,93.5,93.4
2002/8/14,92.22,91.5
2002/8/13,88.97,88.73
2002/8/12,90.62,90.52
2002/8/9,91.29,91.29
2002/8/8,90.95,90.81
2002/8/7,88.1,88.11
2002/8/6,86.59,87.05
2002/8/5,83.77,83.51
2002/8/2,86.79,86.8
2002/8/1,88.78,88.58
2002/7/31,91.16,91.05
2002/7/30,90.94,89.9
2002/7/29,89.77,89.35
2002/7/26,85.6,85.26
2002/7/25,84,84.05
2002/7/24,84.72,84.45
2002/7/23,79.95,79.29
2002/7/22,82.2,82.01
2002/7/19,84.71,84.3
2002/7/18,87.8,87.72
2002/7/17,90.74,90.06
2002/7/16,90.56,90.51
2002/7/15,92.34,92.41
2002/7/12,91.85,91.8
2002/7/11,92.87,93.62
2002/7/10,92.12,92.1
2002/7/9,95.6,95.32
2002/7/8,98.07,98.16
2002/7/5,99.31,99.31
2002/7/3,95.51,95.48
2002/7/2,94.97,94.9
2002/7/1,97.03,97.1
2002/6/28,98.96,98.61
2002/6/27,99.43,99.44
2002/6/26,97.72,97.87
2002/6/25,97.56,97.1
2002/6/24,99.8,99.82
2002/6/21,99.28,99.22
2002/6/20,101.21,101.13
2002/6/19,102.52,102.39
2002/6/18,104.97,104.28
2002/6/17,104.12,103.95
2002/6/14,101.4,101.25
2002/6/13,101.55,101.48
2002/6/12,102.58,103.02
2002/6/11,101.96,101.79
2002/6/10,103.74,103.61
2002/6/7,103.34,103.3
2002/6/6,103.46,102.08
2002/6/5,105.61,105.55
2002/6/4,104.63,104.82
2002/6/3,104.37,104.47
2002/5/31,107.22,106
2002/5/30,107,107
2002/5/29,107.3,107.28
2002/5/28,108.1,107.86
2002/5/24,108.69,107.98
2002/5/23,110.1,110.13
2002/5/22,108.94,108.67
2002/5/21,108.7,108.6
2002/5/20,109.7,109.68
2002/5/17,110.9,110.75
2002/5/16,110.36,110.59
2002/5/15,109.79,109.83
2002/5/14,110.22,110.11
2002/5/13,107.87,108.06
2002/5/10,105.72,105.67
2002/5/9,107.75,106.82
2002/5/8,109.01,109.01
2002/5/7,105.1,105.76
2002/5/6,105.47,105.2
2002/5/3,107.58,106.6
2002/5/2,108.76,108
2002/5/1,109.18,103.67
2002/4/30,107.86,108
2002/4/29,106.86,106.91
2002/4/26,107.39,107.19
2002/4/25,109.47,98.79
2002/4/24,109.41,109.43
2002/4/23,110.52,99.67
2002/4/22,111,100.11
2002/4/19,112.88,112.85
2002/4/18,112.47,109.75
2002/4/17,112.96,101.79
2002/4/16,113.2,102.37
2002/4/15,110.57,110.5
2002/4/12,111.42,105.78
2002/4/11,110.59,105.69
2002/4/10,113.41,113.36
2002/4/9,112.14,111.92
2002/4/8,112.93,112
2002/4/5,112.69,111.65
2002/4/4,112.67,112.65
2002/4/3,113.14,107.49
2002/4/2,113.94,112.9
2002/4/1,114.57,114.48
2002/3/28,114.52,114.27
2002/3/27,114.57,114.43
2002/3/26,114.27,113.45
2002/3/25,113.61,113.66
2002/3/22,115.04,114.05
2002/3/21,115.29,109.44
2002/3/20,115.24,109.41
2002/3/19,117.45,117.41
2002/3/18,116.67,116.68
2002/3/15,116.65,116.5
2002/3/14,115.88,115.8
2002/3/13,116.04,104.62
2002/3/12,117.17,117.09
2002/3/11,117.24,117
2002/3/8,116.99,111.04
2002/3/7,116.5,116.48
2002/3/6,116.75,116.24
2002/3/5,115.38,115.02
2002/3/4,115.75,104.42
2002/3/1,113.74,107.63
2002/2/28,111.15,111.11
2002/2/27,111.65,106.03
2002/2/26,111.22,110
2002/2/25,111.45,105.87
2002/2/22,109.64,108.75
2002/2/21,108.3,108.2
2002/2/20,110.59,104.97
2002/2/19,108.76,108.76
2002/2/15,110.89,110.8
2002/2/14,112.06,106.42
2002/2/13,112.27,106.72
2002/2/12,111.09,111.1
2002/2/11,111.44,111.31
2002/2/8,110.09,110.15
2002/2/7,108.02,107.9
2002/2/6,108.7,108.08
2002/2/5,109.17,108.51
2002/2/4,109.85,109.5
2002/2/1,112.65,112.51
2002/1/31,113.18,112.95
2002/1/30,111.87,111.97
2002/1/29,110.28,104.93
2002/1/28,113.86,113.86
2002/1/25,113.55,103.95
2002/1/24,113.58,113.4
2002/1/23,113.23,113.15
2002/1/22,112.29,112.37
2002/1/18,113.15,112.2
2002/1/17,113.67,112.7
2002/1/16,112.82,112.8
2002/1/15,115.15,108.96
2002/1/14,114.22,114.11
2002/1/11,114.94,109.39
2002/1/10,116.08,115.85
2002/1/9,115.57,103.98
2002/1/8,116.52,116.4
2002/1/7,116.79,116.76
2002/1/4,117.62,117.4
2002/1/3,116.84,110.96
2002/1/2,115.53,115.41
2001/12/31,114.3,114.21
2001/12/28,116,115.92
2001/12/27,116.06,115.92
2001/12/26,115.36,115.12
2001/12/24,114.73,114.48
2001/12/21,114.95,114.71
2001/12/20,114.65,114.46
2001/12/19,115.79,115.45
2001/12/18,114.98,114.46
2001/12/17,114.3,102.9
2001/12/14,113.13,107.68
2001/12/13,112.06,112.35
2001/12/12,114.28,113.5
2001/12/11,114.15,108.43
2001/12/10,114.38,114.36
2001/12/7,116.56,115.4
2001/12/6,117.34,105.84
2001/12/5,117.4,117.25
2001/12/4,115.29,103.76
2001/12/3,113.37,107.6
2001/11/30,114.05,114.05
2001/11/29,114.87,103.23
2001/11/28,113.34,113.34
2001/11/27,115.43,109.72
2001/11/26,115.93,115.75
2001/11/23,115.68,114.5
2001/11/21,114.04,113.3
2001/11/20,114.8,114.4
2001/11/19,115.77,109.82
2001/11/16,114.36,108.63
2001/11/15,114.87,114.71
2001/11/14,114.66,113.6
2001/11/13,114.55,113.61
2001/11/12,112.03,111.7
2001/11/9,112.72,111.71
2001/11/8,112.6,112.35
2001/11/7,112.25,111.95
2001/11/6,112.4,111.71
2001/11/5,110.68,109
2001/11/2,109.25,98.62
2001/11/1,108.51,97.42
2001/10/31,105.8,105.8
2001/10/30,106.16,105.85
2001/10/29,107.45,101.6
2001/10/26,110.32,99.43
2001/10/25,110.57,109.6
2001/10/24,108.62,103.18
2001/10/23,108.91,108.01
2001/10/22,109.47,108.5
2001/10/19,107.35,107.3
2001/10/18,107.42,106
2001/10/17,107.65,107.7
2001/10/16,109.99,109.04
2001/10/15,109.3,97.96
2001/10/12,109.5,103.89
2001/10/11,110,110.74
2001/10/10,108.32,102.6
2001/10/9,105.96,105.4
2001/10/8,106.53,106.35
2001/10/5,107.23,107.24
2001/10/4,107.44,97.01
2001/10/3,107.35,106.5
2001/10/2,105.58,104.01
2001/10/1,104.27,99.05
2001/9/28,104.44,104
2001/9/27,102.27,102.35
2001/9/26,101.39,99
2001/9/25,101.75,101.5
2001/9/24,100.7,95.65
2001/9/21,97.28,96.9
2001/9/20,98.71,97.2
2001/9/19,101.95,100.4
2001/9/18,104.05,102.8
2001/9/17,104.3,102.8
2001/9/10,110.05,104.53
2001/9/7,108.72,108.13
2001/9/6,110.77,105
2001/9/5,113.7,102.5
2001/9/4,113.42,107.74
2001/8/31,114.15,114
2001/8/30,113.32,112.3
2001/8/29,115.54,104.07
2001/8/28,116.58,116.06
2001/8/27,118.31,117.37
2001/8/24,119.02,118.9
2001/8/23,116.6,116
2001/8/22,117.02,111.23
2001/8/21,115.82,114.82
2001/8/20,117.83,116.7
2001/8/17,116.75,116.25
2001/8/16,118.65,116
2001/8/15,118.24,112
2001/8/14,119.27,117
2001/8/13,119.32,117.5
2001/8/10,119.29,117
2001/8/9,118.88,119
2001/8/8,118.53,118.31
2001/8/7,120.77,118.7
2001/8/6,120.3,119
2001/8/3,121.94,118.94
2001/8/2,122.61,120
2001/8/1,122.11,120
2001/7/31,121.35,120.3
2001/7/30,120.85,119
2001/7/27,120.81,118.8
2001/7/26,120.35,118.35
2001/7/25,119.1,117.1
2001/7/24,117.8,115.96
2001/7/23,118.95,118.41
2001/7/20,121.34,119.3
2001/7/19,122.07,120.85
2001/7/18,121.01,121.84
2001/7/17,121.84,120.02
2001/7/16,120.71,115
2001/7/13,122.24,118.31
2001/7/12,121.19,120
2001/7/11,118.38,115
2001/7/10,118.26,116
2001/7/9,119.7,118.9
2001/7/6,119.05,118.01
2001/7/5,121.68,120.61
2001/7/3,124.1,123.92
2001/7/2,124.13,121
2001/6/29,122.6,122.6
2001/6/28,122.15,120.15
2001/6/27,121.48,120
2001/6/26,121.55,120.55
2001/6/25,121.72,120.01
2001/6/22,122.85,120.75
2001/6/21,123.82,120.82
2001/6/20,122.43,120.4
2001/6/19,121.79,120
2001/6/18,121.26,119.51
2001/6/15,121.85,120.5
2001/6/14,122,121.5
2001/6/13,124.8,124.5
2001/6/12,125.88,124
2001/6/11,126.1,120
2001/6/8,127,124.3
2001/6/7,128.19,126
2001/6/6,127.73,127.23
2001/6/5,128.8,126.8
2001/6/4,127.34,126
2001/6/1,126.73,125
2001/5/31,125.95,125.26
2001/5/30,125.3,123.3
2001/5/29,127.08,120
2001/5/25,128.1,127.73
2001/5/24,129.63,129.52
2001/5/23,129.25,128
2001/5/22,131.48,129.5
2001/5/21,131.65,129
2001/5/18,129.74,128.78
2001/5/17,129.15,125
2001/5/16,128.95,128
2001/5/15,125.98,124.5
2001/5/14,125.4,125.33
2001/5/11,125.15,120
2001/5/10,126.02,125.62
2001/5/9,125.65,124
2001/5/8,126.18,125.05
2001/5/7,126.24,120.59
2001/5/4,127.34,127.12
2001/5/3,125.21,124
2001/5/2,126.82,125.5
2001/5/1,127.05,126
2001/4/30,124.91,122.01
2001/4/27,125.78,124.8
2001/4/26,123.72,123.82
2001/4/25,123.17,122.99
2001/4/24,121.58,121.5
2001/4/23,122.24,121.51
2001/4/20,124.5,121.1
2001/4/19,125.65,122.71
2001/4/18,124,122.01
2001/4/17,119.26,119.7
2001/4/16,117.6,116.61
2001/4/12,118.85,119.2
2001/4/11,116.73,115.5
2001/4/10,116.65,116.5
2001/4/9,114.56,114
2001/4/6,113.3,108.68
2001/4/5,115.05,114.1
2001/4/4,110.85,111.31
2001/4/3,110.39,108
2001/4/2,114.2,113.5
2001/3/30,116.69,116.9
2001/3/29,115.48,113.75
2001/3/28,115.04,115.25
2001/3/27,118.31,111.7
2001/3/26,115.94,115.45
2001/3/23,114.48,113
2001/3/22,111.12,111.01
2001/3/21,112.26,111.86
2001/3/20,114.2,113.81
2001/3/19,117.35,117
2001/3/16,115.01,114.01
2001/3/15,117.68,117.69
2001/3/14,117.65,116.01
2001/3/13,120.02,119.5
2001/3/12,118.08,117.1
2001/3/9,123.36,122
2001/3/8,127.12,126.13
2001/3/7,126.98,126.01
2001/3/6,126.08,125.01
2001/3/5,124.74,119.86
2001/3/2,123.61,123.2
2001/3/1,124.6,123
2001/2/28,123.95,123.35
2001/2/27,126.44,125.5
2001/2/26,127.62,126.75
2001/2/23,124.96,124.5
2001/2/22,125.81,125
2001/2/21,125.62,124.76
2001/2/20,128.39,128
2001/2/16,130.4,129.91
2001/2/15,133.34,132.16
2001/2/14,132.06,131.25
2001/2/13,132.26,131.75
2001/2/12,133.35,132.81
2001/2/9,131.84,131.35
2001/2/8,133.12,133.02
2001/2/7,134.69,134.36
2001/2/6,135.39,130
2001/2/5,135.79,128.99
2001/2/2,134.8,134.3
2001/2/1,137.93,137
2001/1/31,137.02,136.75
2001/1/30,137.8,135.56
2001/1/29,136.6,135.88
2001/1/26,135.875,135.5625
2001/1/25,136.0313,135
2001/1/24,136.375,136
2001/1/23,135.9688,135.25
2001/1/22,134.9063,134.75
2001/1/19,134.0156,133.8125
2001/1/18,134.7813,132.1875
2001/1/17,133.4531,133
2001/1/16,132.8438,131.875
2001/1/12,132,131
2001/1/11,132.25,131.0625
2001/1/10,132.125,131
2001/1/9,129.8438,129
2001/1/8,130.1875,129.5
2001/1/5,129.1875,128.75
2001/1/4,133.5469,132.6875
2001/1/3,135,134
2001/1/2,128.8125,128.5
2000/12/29,131.1875,131.3125
2000/12/28,133.7188,133
2000/12/27,133.3125,131.375
2000/12/26,132.3438,130
2000/12/22,130.9375,130.5
2000/12/21,127.125,126
2000/12/20,126.25,125.75
2000/12/19,130.0156,129.25
2000/12/18,132.7188,132.375
2000/12/15,130.9688,131
2000/12/14,134.4063,130.4375
2000/12/13,136.1406,136.125
2000/12/12,138.0313,138
2000/12/11,138.625,138.375
2000/12/8,133.9688,134
2000/12/7,133.6563,133.125
2000/12/6,135.5156,135
2000/12/5,137.7188,136.375
2000/12/4,133.3438,131
2000/12/1,132.2188,130.9375
2000/11/30,132.2813,132.75
2000/11/29,133.4375,133
2000/11/28,133.6875,133.125
2000/11/27,136.0313,135.25
2000/11/24,134.8438,134
2000/11/22,132.1406,131.5
2000/11/21,135.375,133
2000/11/20,134.6875,134.25
2000/11/17,136.6406,136.375
2000/11/16,137.375,137.5
2000/11/15,139.5625,138.75
2000/11/14,139.125,138.5
2000/11/13,135.5625,135
2000/11/10,136.625,136
2000/11/9,140.0313,130
2000/11/8,140.5625,136.375
2000/11/7,143.75,143.7813
2000/11/6,143.7813,143.2813
2000/11/3,142.7813,142.2813
2000/11/2,142.7031,142.2031
2000/11/1,142.4688,141.9688
2000/10/31,142.9531,142.4531
2000/10/30,140.5313,139.9063
2000/10/27,139.2813,138.6563
2000/10/26,136.6875,136.0313
2000/10/25,136.3125,135.8125
2000/10/24,139.5938,138.9375
2000/10/23,140.5313,140.0313
2000/10/20,139.9063,139.4063
2000/10/19,139.2813,138.6875
2000/10/18,134.25,133.75
2000/10/17,134.75,134.3125
2000/10/16,138.1875,137.625
2000/10/13,137.5625,137
2000/10/12,133.125,132.625
2000/10/11,136.5313,136.125
2000/10/10,137.6875,137.375
2000/10/9,140,139.7188
2000/10/6,141.0625,141.0625
2000/10/5,144.1875,144.1875
2000/10/4,143.6875,143.5938
2000/10/3,142.5,142.4063
2000/10/2,143.8438,143.8438
2000/9/29,143.625,143.125
2000/9/28,145,145.5
2000/9/27,143.1563,142.5313
2000/9/26,142.4063,142.5
2000/9/25,144.25,143.6875
2000/9/22,145.2813,144.75
2000/9/21,142.6875,144.625
2000/9/20,144.8906,144.7656
2000/9/19,145.9688,145.5938
2000/9/18,144.6563,144.25
2000/9/15,146,146.0625
2000/9/14,149.6406,148.0938
2000/9/13,148.8906,148.4375
2000/9/12,148.5,148.5
2000/9/11,149.5938,149.0625
2000/9/8,149.8125,149.4844
2000/9/7,150.8438,150.5
2000/9/6,149.5625,149.3438
2000/9/5,151.2813,150.7813
2000/9/1,152.5,151.9375
2000/8/31,152.3438,151.9063
2000/8/30,150.3438,150.25
2000/8/29,151.7969,151.3438
2000/8/28,151.7656,151.5
2000/8/25,151.25,150.7813
2000/8/24,151.3125,150.9375
2000/8/23,150.8438,150.625
2000/8/22,150.25,149.875
2000/8/21,150.5,149.9688
2000/8/18,149.6875,149.1875
2000/8/17,150.1875,149.625
2000/8/16,148.625,148.125
2000/8/15,149.1563,148.5625
2000/8/14,149.2813,148.9688
2000/8/11,147.4063,146.9063
2000/8/10,146.7188,146.2188
2000/8/9,147.4375,147.25
2000/8/8,148.6875,148.2188
2000/8/7,148.125,147.8438
2000/8/4,146.375,146
2000/8/3,145.5938,145
2000/8/2,144.5938,144
2000/8/1,143.875,143.5938
2000/7/31,143,142.5625
2000/7/28,142.0938,141.875
2000/7/27,145.375,144.875
2000/7/26,145.875,145.7031
2000/7/25,147.3125,147
2000/7/24,146.8438,146.3438
2000/7/21,147.6875,147.9375
2000/7/20,150.625,149.9688
2000/7/19,148.5625,148.2188
2000/7/18,149.7656,149.1875
2000/7/17,151,150.6875
2000/7/14,151.25,150.6875
2000/7/13,149.7813,149.4375
2000/7/12,149.125,149.0313
2000/7/11,148.1563,147.9375
2000/7/10,147.8438,147.3125
2000/7/7,148.0938,147.6875
2000/7/6,145.75,145.375
2000/7/5,144.625,144.4531
2000/7/3,147.2813,146.7813
2000/6/30,145.2813,145.0313
2000/6/29,144.1875,143.9375
2000/6/28,145.5625,145.0313
2000/6/27,145.1563,144.75
2000/6/26,146.2344,145.3125
2000/6/23,144.375,144.0313
2000/6/22,145.625,145.1563
2000/6/21,147.875,147.5
2000/6/20,147.9375,147.5313
2000/6/19,148.4688,148
2000/6/16,146.5938,146.4688
2000/6/15,148.1563,147.5313
2000/6/14,147.8438,147.3438
2000/6/13,147.5938,147.3438
2000/6/12,144.875,144.6563
2000/6/9,146.5938,145.9375
2000/6/8,146.9063,146.5
2000/6/7,147.4844,146.9375
2000/6/6,146.4688,145.875
2000/6/5,147.125,147.25
2000/6/2,147.8438,147.7188
2000/6/1,145.3125,144.6563
2000/5/31,142.8125,142.0625
2000/5/30,142.5,142.3438
2000/5/26,138,137.75
2000/5/25,137.8438,138.5625
2000/5/24,140.25,140
2000/5/23,138,137.5313
2000/5/22,140.0625,140.125
2000/5/19,141.125,140.6875
2000/5/18,143.375,143.8438
2000/5/17,145.1563,145
2000/5/16,146.6875,146.625
2000/5/15,145.2813,145
2000/5/12,142.8125,142.125
2000/5/11,141.2813,140.625
2000/5/10,138.125,138.1563
2000/5/9,141.3125,141.125
2000/5/8,142.4531,142
2000/5/5,143.5313,143.0313
2000/5/4,141.8125,141.1875
2000/5/3,140.75,141.5
2000/5/2,144.125,144.125
2000/5/1,147.0625,146.4688
2000/4/28,145.0938,144.875
2000/4/27,146,145.4375
2000/4/26,146.4844,145.9688
2000/4/25,148.1563,147.4375
2000/4/24,142.25,142.4063
2000/4/20,143.8125,143.1563
2000/4/19,143.125,142.5938
2000/4/18,144.4688,143.75
2000/4/17,140.75,139.75
2000/4/14,136,135.625
2000/4/13,144.25,143.75
2000/4/12,146.2813,145.9688
2000/4/11,150.4063,149.9688
2000/4/10,150.8438,150.5
2000/4/7,151.4375,151.25
2000/4/6,150.4844,150.0313
2000/4/5,149.1875,148.5
2000/4/4,145.75,149.625
2000/4/3,151.25,150.6875
2000/3/31,150.375,149.875
2000/3/30,148.6875,148.4375
2000/3/29,151.2188,150.8125
2000/3/28,151.0625,150.5625
2000/3/27,151.9375,151.5313
2000/3/24,153.5625,153.0938
2000/3/23,152.6563,152
2000/3/22,150.0938,149.4063
2000/3/21,149.1875,149.0625
2000/3/20,146.1875,145.75
2000/3/17,146.9375,146.5
2000/3/16,146.3438,146.125
2000/3/15,139.8125,139.375
2000/3/14,136.625,136.0938
2000/3/13,138.5938,138.25
2000/3/10,140.125,139.625
2000/3/9,140.875,140.1875
2000/3/8,136.875,136.3125
2000/3/7,137.0469,135.1875
2000/3/6,139.75,139.1563
2000/3/3,141.125,140.75
2000/3/2,138.5313,138.2188
2000/3/1,138.4375,137.9375
2000/2/29,137.4375,136.5625
2000/2/28,136.125,134.625
2000/2/25,133.3281,133.5
2000/2/24,133.8125,135.125
2000/2/23,136.5625,136
2000/2/22,134.9688,134.7813
2000/2/18,135.3125,134.7813
2000/2/17,138.2813,138.0938
2000/2/16,139,138.75
2000/2/15,141.0938,140.125
2000/2/14,139.5,139.0313
2000/2/11,138.6875,138.6875
2000/2/10,141.5625,141.25
2000/2/9,141.2813,141.0313
2000/2/8,144.3125,143.9375
2000/2/7,142.375,142.0938
2000/2/4,142.5938,142.5938
2000/2/3,143.1875,142.625
2000/2/2,141.0625,140.5
2000/2/1,140.9375,140.625
2000/1/31,139.5625,139
2000/1/28,135.875,135.6875
2000/1/27,140.25,140
2000/1/26,140.8125,140.3438
2000/1/25,141.9375,140.75
2000/1/24,140.3438,140.2188
2000/1/21,144.4375,144.25
2000/1/20,144.75,144.625
2000/1/19,147,146.25
2000/1/18,145.8125,145.625
2000/1/14,146.9688,146.6563
2000/1/13,145,144.6563
2000/1/12,143.0625,143
2000/1/11,144.5,143.75
2000/1/10,146.25,145.1875
2000/1/7,145.75,144
2000/1/6,137.75,139.125
2000/1/5,140,139.9375
2000/1/4,139.75,139.5313
2000/1/3,145.4375,145.0625
1999/12/31,146.875,146.375
