item_id,source_group,outer_fold,label_status,error,original_response_record_sha256,label_rule_id
INTC/2013/page_71.pdf-4,INTC/2013,4,KNOWN,1,e22fc44e14ad1ae773498789b78f9beb2cf0dd074629d69a3f9167b221770b02,FROZEN_NUMERIC_POLICY_FROM_FIXED_SPEC
AAL/2015/page_74.pdf-1,AAL/2015,3,KNOWN,0,aa9cd2cf6f6d31000dd5fa4c277bc526f61b01a7b142d719e6a629f5e6e1bc67,FROZEN_NUMERIC_POLICY_FROM_FIXED_SPEC
AAL/2014/page_89.pdf-3,AAL/2014,1,KNOWN,0,984f0e09e22c466895848b8ed23faac044aa6bd7b76cf96b7459ef5789887646,FROZEN_NUMERIC_POLICY_FROM_FIXED_SPEC
GS/2014/page_134.pdf-3,GS/2014,3,KNOWN,0,2aeec01ca0ad7dae03f24080c1a41bd98cdd3c368e7750d1fc02f4fe8f9f64ea,FROZEN_NUMERIC_POLICY_FROM_FIXED_SPEC
MAA/2018/page_19.pdf-2,MAA/2018,1,KNOWN,1,452382400fdd21f20502ffd8c9c3384bf310497d8ab65cf5021240f94ea6dffb,FROZEN_NUMERIC_POLICY_FROM_FIXED_SPEC
HII/2018/page_64.pdf-4,HII/2018,2,KNOWN,1,c24a25e2578e7da698158cc337b5de0ffdcbe28721d6ab154d4f81a3a2323d6f,FROZEN_NUMERIC_POLICY_FROM_FIXED_SPEC
FIS/2016/page_64.pdf-4,FIS/2016,0,KNOWN,1,01da37aacd182485c055f400feb47b41a457f0c23dc48ce99040c517d750e3ed,FROZEN_NUMERIC_POLICY_FROM_FIXED_SPEC
FBHS/2017/page_46.pdf-2,FBHS/2017,0,KNOWN,0,dda648fa06c54bb4791c6f6355a67029daa62cc8a58215f1a7bc6a94fce1bb2f,FROZEN_NUMERIC_POLICY_FROM_FIXED_SPEC
BKNG/2015/page_38.pdf-2,BKNG/2015,3,KNOWN,1,93f3a5e0a22953cd96af915bc1ac491c1291fa3a5bf38980b973672de4257c87,FROZEN_NUMERIC_POLICY_FROM_FIXED_SPEC
STT/2012/page_42.pdf-4,STT/2012,4,KNOWN,1,79d284e1d6cfc006e9c5187ba4849411376f019304684aaa5e83d095215eac6b,FROZEN_NUMERIC_POLICY_FROM_FIXED_SPEC
FIS/2016/page_64.pdf-3,FIS/2016,0,KNOWN,1,5db1ef70a4ca9a53a66922b3c085aa113280b949e6fa78862490e809f3648f15,FROZEN_NUMERIC_POLICY_FROM_FIXED_SPEC
ETR/2009/page_107.pdf-2,ETR/2009,2,KNOWN,1,944702d13879be6ca4335ac4bae34caeff7dbcb6ade9a263fb275cdbe49207d7,FROZEN_NUMERIC_POLICY_FROM_FIXED_SPEC
AAP/2006/page_85.pdf-2,AAP/2006,4,KNOWN,1,d8e1cebd27763286fb761e91b87a2087b0a04fa0dec814d992d1d92dc69b05f6,FROZEN_NUMERIC_POLICY_FROM_FIXED_SPEC
AOS/2007/page_17.pdf-1,AOS/2007,1,KNOWN,0,c36a058a5acc6bcd901487b33f48ce0ac40575dda9f74aeb7a2ec383e75415f1,FROZEN_NUMERIC_POLICY_FROM_FIXED_SPEC
UNP/2016/page_75.pdf-2,UNP/2016,3,KNOWN,1,97fbe40062da1497a3030813e1856ffb4a0c53819e490251689c818df1c62a32,FROZEN_NUMERIC_POLICY_FROM_FIXED_SPEC
UAA/2016/page_83.pdf-3,UAA/2016,0,KNOWN,1,e20ab9142982d6ca1274a70954efff0aa3c379dbf0f24020345d7948df46c451,FROZEN_NUMERIC_POLICY_FROM_FIXED_SPEC
MA/2010/page_107.pdf-1,MA/2010,2,KNOWN,0,5f133c92b976a61c1b0e72f0d4da21811f2b82be93626160a599e7180a2b6808,FROZEN_NUMERIC_POLICY_FROM_FIXED_SPEC
HOLX/2011/page_122.pdf-2,HOLX/2011,2,KNOWN,1,04b13c2c1d592bdcce0484fb72c77cb3c8d1dec7bc7ca5b7e3050c43476dc676,FROZEN_NUMERIC_POLICY_FROM_FIXED_SPEC
ZBH/2008/page_70.pdf-1,ZBH/2008,2,KNOWN,1,485a15dbeed1cb079b9a8fc1974e04b4dfb9fa3c037b20f53b2305d350994709,FROZEN_NUMERIC_POLICY_FROM_FIXED_SPEC
AAPL/2013/page_27.pdf-2,AAPL/2013,4,KNOWN,1,bca9cce4a08a3c53be723836e8cd56c606d640f05ba3d3f32b0f2da01eba302c,FROZEN_NUMERIC_POLICY_FROM_FIXED_SPEC
RL/2011/page_12.pdf-1,RL/2011,0,KNOWN,1,2e78ee8a4a0c3ec5581943df5cf70e5b9efa826ad0d1ba0bd568f6e42ded5a51,FROZEN_NUMERIC_POLICY_FROM_FIXED_SPEC
DISCA/2013/page_60.pdf-1,DISCA/2013,4,KNOWN,0,337d4baac48b4b0bec011960553f6b7ed8193db09a82874e16a62c66644082ca,FROZEN_NUMERIC_POLICY_FROM_FIXED_SPEC
OKE/2008/page_38.pdf-2,OKE/2008,4,KNOWN,1,61a8042bf1be1eb28e7294c6cb74f9fd970b1dbe42bbaaddf8e37a8efcc484bd,FROZEN_NUMERIC_POLICY_FROM_FIXED_SPEC
ETR/2004/page_216.pdf-4,ETR/2004,1,KNOWN,1,0cdf07625c202e617d2a2fa00cc35a1ea999d25fd6adaebf4cb6806fc96857cb,FROZEN_NUMERIC_POLICY_FROM_FIXED_SPEC
HWM/2015/page_95.pdf-2,HWM/2015,1,KNOWN,1,6b22049a47f557919a96fc280f4899ec593aee09c99e27ca9e863966117734a2,FROZEN_NUMERIC_POLICY_FROM_FIXED_SPEC
AWK/2012/page_118.pdf-3,AWK/2012,0,KNOWN,1,93b003cf285a61c7421f8f3b8de2b9140fa52f9f9211b6591e431183e856943e,FROZEN_NUMERIC_POLICY_FROM_FIXED_SPEC
APD/2019/page_53.pdf-2,APD/2019,1,KNOWN,0,94dcf4c7916a7ac4543079067de7ce6df88852ac881e3d2421c57e06f31ba764,FROZEN_NUMERIC_POLICY_FROM_FIXED_SPEC
AAL/2015/page_74.pdf-3,AAL/2015,3,KNOWN,0,7de7164cfe8b475f3c31267d5ecff4135fbfa3a9d3a4319a8ed135a692706036,FROZEN_NUMERIC_POLICY_FROM_FIXED_SPEC
ETFC/2013/page_84.pdf-1,ETFC/2013,0,KNOWN,1,b78ee2707615ae87b019a8a5af07df355eeea3ab11fedf0f6732ef92e05cc46a,FROZEN_NUMERIC_POLICY_FROM_FIXED_SPEC
ETR/2016/page_24.pdf-4,ETR/2016,1,KNOWN,0,f929015f0b49f94848e2541a1368e14d7f26f13c60f7cfee1df29bb314419b49,FROZEN_NUMERIC_POLICY_FROM_FIXED_SPEC
AES/2011/page_230.pdf-4,AES/2011,1,KNOWN,1,d6a5e63100ad0036f2a99fa2e7474d0122548ae6f454f9f3e4d7764efd9926d6,FROZEN_NUMERIC_POLICY_FROM_FIXED_SPEC
ETR/2016/page_403.pdf-3,ETR/2016,1,KNOWN,0,04371c7f28670a537deac4671b3a9d60d79e8a482306b9c221adee3d316d19b4,FROZEN_NUMERIC_POLICY_FROM_FIXED_SPEC
APTV/2015/page_50.pdf-1,APTV/2015,0,KNOWN,0,76b01751496194a0b1d9bcc78aed189d14d97c4901c84b0b564fe46f4ed08c19,FROZEN_NUMERIC_POLICY_FROM_FIXED_SPEC
AMAT/2018/page_31.pdf-3,AMAT/2018,1,KNOWN,1,8197dfcbbe82a0c3e207a2e31318148ab70f85d6df8d9974dbd53fbb92415e66,FROZEN_NUMERIC_POLICY_FROM_FIXED_SPEC
CDNS/2012/page_31.pdf-2,CDNS/2012,2,KNOWN,1,3746af96adb961e75f64072dc9a3be069cfe612c3efd345f04221929ed06cbec,FROZEN_NUMERIC_POLICY_FROM_FIXED_SPEC
AAL/2014/page_80.pdf-1,AAL/2014,1,KNOWN,0,5a2d32ab7433274a9c400bbd9f30d0e4933cd74f2c475979480d1e475ce3ee47,FROZEN_NUMERIC_POLICY_FROM_FIXED_SPEC
ADI/2019/page_77.pdf-2,ADI/2019,4,KNOWN,0,2266239d56c7854d0569c336bab0db04297b077738c590671c3b91956a7d6d57,FROZEN_NUMERIC_POLICY_FROM_FIXED_SPEC
HUM/2018/page_46.pdf-2,HUM/2018,0,KNOWN,0,c394acc2655b1f9eeeebc59f46b5651916c8849187ad51628353d686df30e89f,FROZEN_NUMERIC_POLICY_FROM_FIXED_SPEC
PKG/2004/page_23.pdf-4,PKG/2004,1,KNOWN,1,20e3bf576ed50c1a9266e9823704109e643c71c798240ab481c75f195400c2ae,FROZEN_NUMERIC_POLICY_FROM_FIXED_SPEC
IPG/2014/page_37.pdf-3,IPG/2014,1,KNOWN,0,d1fdd9490778c51638cf18ad77eb11bc60e32dbe6b63e5d8078b522be2b9b8eb,FROZEN_NUMERIC_POLICY_FROM_FIXED_SPEC
RE/2010/page_120.pdf-1,RE/2010,2,KNOWN,0,7eedadf4ffe1edb9de9035ad4334091c80fdcdc087b5e3348c0d22ce806b8ed6,FROZEN_NUMERIC_POLICY_FROM_FIXED_SPEC
JPM/2016/page_140.pdf-1,JPM/2016,1,KNOWN,0,5830269982dcc3588a097a989d8c02dba8e53a0353b7ccf2392b3870b2f9d11a,FROZEN_NUMERIC_POLICY_FROM_FIXED_SPEC
WELL/2016/page_61.pdf-4,WELL/2016,0,KNOWN,0,eef63670e9365c5e772758db727713312c79dc5b44ca5d9fe910608aa0ad3951,FROZEN_NUMERIC_POLICY_FROM_FIXED_SPEC
GS/2013/page_193.pdf-1,GS/2013,3,KNOWN,1,7aba76859ac5829aee95c42df9c702c5915b09a5f9a955efca3d7bf234b9e436,FROZEN_NUMERIC_POLICY_FROM_FIXED_SPEC
HUM/2015/page_46.pdf-2,HUM/2015,3,KNOWN,0,c4e6634843a678305c4e3f383378e93cec0c2a3a85ba192d4a22f6b1176be8ac,FROZEN_NUMERIC_POLICY_FROM_FIXED_SPEC
KIM/2010/page_94.pdf-2,KIM/2010,4,KNOWN,1,0e78dbeb2e13815bdf4f788eac2060205c8689cef5cf9151becbf6db3f793a23,FROZEN_NUMERIC_POLICY_FROM_FIXED_SPEC
DRE/2010/page_56.pdf-2,DRE/2010,4,KNOWN,0,eda021e1016d4708c82193e0e47c06bfb33eed697b39f14ca3b5330a70bdd949,FROZEN_NUMERIC_POLICY_FROM_FIXED_SPEC
AAL/2014/page_89.pdf-2,AAL/2014,1,KNOWN,0,1d630ae88448da3a5445053c7617b77350882df0503010294ad584fd3926f0ff,FROZEN_NUMERIC_POLICY_FROM_FIXED_SPEC
BLL/2007/page_75.pdf-2,BLL/2007,2,KNOWN,1,15da20bd20a51c93f9651250029c118635b58cc744899bfa3f5ea6053f6f4826,FROZEN_NUMERIC_POLICY_FROM_FIXED_SPEC
VNO/2010/page_173.pdf-1,VNO/2010,1,KNOWN,1,cacd3fda68a1908889387588618ee8596bfa5b16b9bff09ec496bc084e984344,FROZEN_NUMERIC_POLICY_FROM_FIXED_SPEC
RL/2010/page_11.pdf-1,RL/2010,4,KNOWN,1,ef820279e853733ad1d1b766fb6e9acd5b2007fe23bc25701fe83374662346ec,FROZEN_NUMERIC_POLICY_FROM_FIXED_SPEC
LMT/2016/page_83.pdf-4,LMT/2016,1,KNOWN,0,d799781bf3797a8ae8ae27ab63016648ad842f0e6b565e468d3b750bd787475d,FROZEN_NUMERIC_POLICY_FROM_FIXED_SPEC
UNP/2012/page_29.pdf-1,UNP/2012,4,KNOWN,1,5dc5cb167f74f245d1b48a51b735bae9bea383d288476f109c21aadcb2935205,FROZEN_NUMERIC_POLICY_FROM_FIXED_SPEC
UPS/2015/page_35.pdf-2,UPS/2015,0,KNOWN,0,e7bf9cea2550271e19636883ae9a342765f4dff1645a497c435e6f4c79a041c4,FROZEN_NUMERIC_POLICY_FROM_FIXED_SPEC
UNP/2010/page_24.pdf-1,UNP/2010,3,KNOWN,1,4aad8ddaf1cf04b9b2c9033e9c4687652150f85405995c537ce9b30013413b26,FROZEN_NUMERIC_POLICY_FROM_FIXED_SPEC
REGN/2010/page_72.pdf-3,REGN/2010,1,KNOWN,1,4a99f3304d4ce32a238c5af20ef249488880414459e119abca326fff9fd390d0,FROZEN_NUMERIC_POLICY_FROM_FIXED_SPEC
ORLY/2009/page_77.pdf-4,ORLY/2009,0,KNOWN,0,ff3887d43821e5aaf5278db68e634bba7defe45dbaa5c72abea832abb46f16dc,FROZEN_NUMERIC_POLICY_FROM_FIXED_SPEC
HIG/2004/page_192.pdf-1,HIG/2004,0,KNOWN,0,b585f8acb4edb58f6166498776d3c2e032620c8534af7b575b108e1b06c90840,FROZEN_NUMERIC_POLICY_FROM_FIXED_SPEC
AES/2011/page_270.pdf-2,AES/2011,1,UNKNOWN,,b2647511cfb77decf1f732977614470fcd16be0ed5b96885177f5f44416969ff,FROZEN_NUMERIC_POLICY_FROM_FIXED_SPEC
GPN/2016/page_83.pdf-1,GPN/2016,1,KNOWN,0,82b937c1a84de2b6896c24df8809a5928b48679dbc115cdcd6684ddf0e60c334,FROZEN_NUMERIC_POLICY_FROM_FIXED_SPEC
RE/2006/page_122.pdf-2,RE/2006,3,KNOWN,0,4f29518191d6cb8373b0d2f6fe590225c92744f17a4b62bb6cd7057fb7df8f12,FROZEN_NUMERIC_POLICY_FROM_FIXED_SPEC
BDX/2016/page_62.pdf-1,BDX/2016,0,KNOWN,0,3e2be17163273d37b3dd7cc0536f03706359fa95f09842c1fb06828670f83e19,FROZEN_NUMERIC_POLICY_FROM_FIXED_SPEC
MRO/2012/page_39.pdf-3,MRO/2012,3,KNOWN,0,d3f1f74929b8b192c5e76bb2c85cb4c2d7a7e45a309b71e251f48e6f26df0d37,FROZEN_NUMERIC_POLICY_FROM_FIXED_SPEC
VTR/2006/page_88.pdf-4,VTR/2006,0,KNOWN,1,96f943fcd7db79809bdd23c65eb4b98320cf94019aa79350837ad795a54315ac,FROZEN_NUMERIC_POLICY_FROM_FIXED_SPEC
HOLX/2006/page_102.pdf-1,HOLX/2006,1,KNOWN,1,2353519d092134b05427414e8cd094b42e2e7151d5139621d0eeccf8d5ce80af,FROZEN_NUMERIC_POLICY_FROM_FIXED_SPEC
MMM/2007/page_66.pdf-2,MMM/2007,2,KNOWN,1,bc59e13e7a7227b487c345467861cfa1fb260f3b1af5b4d4b75242729aa9d94c,FROZEN_NUMERIC_POLICY_FROM_FIXED_SPEC
UAA/2016/page_83.pdf-1,UAA/2016,0,KNOWN,1,e00a9474ab0f4efa38bbc41dd64842437cec8df973fc5e20bcf5afd2e618b593,FROZEN_NUMERIC_POLICY_FROM_FIXED_SPEC
AAPL/2011/page_24.pdf-1,AAPL/2011,2,KNOWN,0,d036dc6026dc621747683ef6b88aa9ae9d24a6294ec079c874f0d55ca63a7690,FROZEN_NUMERIC_POLICY_FROM_FIXED_SPEC
VNO/2006/page_95.pdf-2,VNO/2006,1,KNOWN,0,03ea27bfa1579a92aeab2304766c7b1e97f34a28cb37752e42974f01d9a2bd3e,FROZEN_NUMERIC_POLICY_FROM_FIXED_SPEC
DVN/2010/page_70.pdf-2,DVN/2010,3,KNOWN,1,9d59023a9b7df6d90d705640328873578ecb2bef42d1234ddbf77e5f11d4e117,FROZEN_NUMERIC_POLICY_FROM_FIXED_SPEC
AWK/2015/page_106.pdf-1,AWK/2015,0,KNOWN,0,fcac032beccfe79cea81e792fbe779e7d27d147b323a2faadbbaf85550f8c754,FROZEN_NUMERIC_POLICY_FROM_FIXED_SPEC
WELL/2017/page_48.pdf-1,WELL/2017,0,KNOWN,0,627e9df53a38699f306de1c7a510f58f1bda2715421f6c1ba611945ebfd4c7f3,FROZEN_NUMERIC_POLICY_FROM_FIXED_SPEC
CME/2010/page_71.pdf-5,CME/2010,4,KNOWN,1,394085f2ea92d1479e16f497fb0e499299128ea42e373fced5e2b86f593857dd,FROZEN_NUMERIC_POLICY_FROM_FIXED_SPEC
APD/2019/page_108.pdf-2,APD/2019,1,KNOWN,0,95fbcff174ae166fed41934f6c549dfd659f9cdee1dcac597ef6433dd03698b4,FROZEN_NUMERIC_POLICY_FROM_FIXED_SPEC
TROW/2009/page_24.pdf-3,TROW/2009,4,KNOWN,1,af6f792021ff43162e2454d17028f1f89ed08bea9e98e63d7c58cfd32727989d,FROZEN_NUMERIC_POLICY_FROM_FIXED_SPEC
ZBH/2008/page_86.pdf-2,ZBH/2008,2,KNOWN,1,f6d7f94c41321d3a3d0098ee8cf9c7183b5f8c91d2eca7728244c474e2fd94fb,FROZEN_NUMERIC_POLICY_FROM_FIXED_SPEC
DVN/2014/page_88.pdf-1,DVN/2014,1,KNOWN,1,47fc175277df0efb97e78ae141b1945323f1e8130cf9fb90ff5724a9536c62ce,FROZEN_NUMERIC_POLICY_FROM_FIXED_SPEC
ETR/2004/page_158.pdf-2,ETR/2004,1,KNOWN,1,91e71f1b32c5da4f974d240f3f35664f901ddd0790c2fd405e5cf55a2fad0834,FROZEN_NUMERIC_POLICY_FROM_FIXED_SPEC
SNPS/2012/page_62.pdf-2,SNPS/2012,1,UNKNOWN,,e7b178ac2a549b1f56ecbdc71721f25fb63fe0980a62bacb5d4298badd295052,FROZEN_NUMERIC_POLICY_FROM_FIXED_SPEC
HFC/2017/page_103.pdf-3,HFC/2017,1,KNOWN,1,65b8635b71147cc2a87e5906811057161920880f8f33756fc6c875856955c9ab,FROZEN_NUMERIC_POLICY_FROM_FIXED_SPEC
HUM/2007/page_18.pdf-1,HUM/2007,1,KNOWN,1,c17fe1b734014e8e7f09291b7fe604a63b1783d801dbc82d85169cb8d5d956d6,FROZEN_NUMERIC_POLICY_FROM_FIXED_SPEC
CE/2016/page_88.pdf-2,CE/2016,0,KNOWN,1,f679510fa17dfb8c3569666866df6aab8442f8d6dea3784c68b203f4c22ea292,FROZEN_NUMERIC_POLICY_FROM_FIXED_SPEC
ETR/2016/page_444.pdf-3,ETR/2016,1,KNOWN,0,9b809ea2db89ae19b1afb2faa78493220d9c32d57f1b26a583f43f8408893dd1,FROZEN_NUMERIC_POLICY_FROM_FIXED_SPEC
RCL/2012/page_80.pdf-2,RCL/2012,1,KNOWN,0,6eb0a77148d5eb038d46af69683cbe006e69c745700e470c54e73733574e3851,FROZEN_NUMERIC_POLICY_FROM_FIXED_SPEC
AAP/2016/page_65.pdf-2,AAP/2016,1,KNOWN,1,d9e1fce955547804c38f405a968946f3ec0be9f0138ee738779b3ae8aee47e65,FROZEN_NUMERIC_POLICY_FROM_FIXED_SPEC
RSG/2014/page_73.pdf-2,RSG/2014,3,UNKNOWN,,352a93042fb5cd5630c41772986902f171b365e73c78c54c13501feaf8f49ef9,FROZEN_NUMERIC_POLICY_FROM_FIXED_SPEC
ETR/2008/page_130.pdf-4,ETR/2008,0,KNOWN,0,15736244baec735607e1863f0d15d45a7e93f3b9d4c71d00845170b15973f13d,FROZEN_NUMERIC_POLICY_FROM_FIXED_SPEC
AWK/2015/page_115.pdf-2,AWK/2015,0,KNOWN,0,de89eafbac8fb7114ba9e83839f2af408f8d4210e3bc94ef79bdda58583d59c9,FROZEN_NUMERIC_POLICY_FROM_FIXED_SPEC
VTR/2007/page_97.pdf-1,VTR/2007,4,KNOWN,1,55fd9e807bec8cbe03af61964c015216eb7d28af62ae22a75c5f871710e8dd01,FROZEN_NUMERIC_POLICY_FROM_FIXED_SPEC
JPM/2013/page_124.pdf-2,JPM/2013,2,KNOWN,1,b4fe6fb1b2b415f97e3d27bc2b9b99737be5b53c124667eba20936b793fd4c0c,FROZEN_NUMERIC_POLICY_FROM_FIXED_SPEC
RL/2014/page_11.pdf-1,RL/2014,4,KNOWN,1,ed7227feb0f6f143f5e178177893bf24cf1cf8643da8f85ff5954b82efc7190d,FROZEN_NUMERIC_POLICY_FROM_FIXED_SPEC
K/2012/page_44.pdf-2,K/2012,3,KNOWN,0,0436c6b43daf0dc79c4e81b0083c87ded2406e17dfbcabae9c58594787b5c7b1,FROZEN_NUMERIC_POLICY_FROM_FIXED_SPEC
HWM/2018/page_69.pdf-1,HWM/2018,1,KNOWN,0,e274aede61aed20acee3067396124fd766846ce8b2579f1fb5dcad5a8db2562d,FROZEN_NUMERIC_POLICY_FROM_FIXED_SPEC
DVN/2014/page_88.pdf-3,DVN/2014,1,KNOWN,1,157ed1773e7e8fd5984cb06a490d5bf23dfe735450eb9e9851f6910bb550abbd,FROZEN_NUMERIC_POLICY_FROM_FIXED_SPEC
JPM/2014/page_128.pdf-1,JPM/2014,2,KNOWN,1,fd28d6619919663b4ab19180f65b54c7377c2e9dbfb5af605c0afa246f779735,FROZEN_NUMERIC_POLICY_FROM_FIXED_SPEC
HIG/2016/page_253.pdf-2,HIG/2016,3,KNOWN,0,30c475e2be50be6392a23ee3ce9442bdb46234cc8b98229f153243345c243751,FROZEN_NUMERIC_POLICY_FROM_FIXED_SPEC
GS/2013/page_97.pdf-1,GS/2013,3,KNOWN,1,9c277f5c0642cd718a95bb01a79c3e8ef1dc3b58b7d760daa05e04c8c32d5fbb,FROZEN_NUMERIC_POLICY_FROM_FIXED_SPEC
GPN/2007/page_39.pdf-1,GPN/2007,0,KNOWN,0,600de772fd03a6851c0f6b0e223dff12b33b375b9853863dcab1869875fa17db,FROZEN_NUMERIC_POLICY_FROM_FIXED_SPEC
GIS/2018/page_82.pdf-1,GIS/2018,3,KNOWN,0,7517cd13ea0b3efac40def46e17d732d33710b98883fec7b7cfd09e5537f4605,FROZEN_NUMERIC_POLICY_FROM_FIXED_SPEC
ILMN/2006/page_92.pdf-2,ILMN/2006,0,KNOWN,1,b6e4eb0c148b7c33d915ebf4f8f0b63ce3289d1ea148fb07d08d75e4505bc926,FROZEN_NUMERIC_POLICY_FROM_FIXED_SPEC
RL/2011/page_12.pdf-2,RL/2011,0,KNOWN,1,c789533f350c31a4b84225f511a3766545f410779d6e320887b3ea59a1b5dd0e,FROZEN_NUMERIC_POLICY_FROM_FIXED_SPEC
CB/2008/page_144.pdf-3,CB/2008,4,KNOWN,0,9736068281e7442ee6fe4dd1af3030b61de3d461c7998095558de7931462d49e,FROZEN_NUMERIC_POLICY_FROM_FIXED_SPEC
UAA/2016/page_81.pdf-4,UAA/2016,0,KNOWN,1,ef9eb04f661cf438c95357fa7840d6a463bfb4d3e3184e12414d7c8dbbdeb9fb,FROZEN_NUMERIC_POLICY_FROM_FIXED_SPEC
VLO/2012/page_27.pdf-1,VLO/2012,3,KNOWN,0,741b8796d693abb0fc3d8fde078868f6f7a7ae506ffcf9874adaea0fb28c697f,FROZEN_NUMERIC_POLICY_FROM_FIXED_SPEC
PNC/2013/page_158.pdf-2,PNC/2013,0,KNOWN,1,ef0e0428070428df0136badef2aa9ee179c98b4ae2785b6fb7bf509e1ed92887,FROZEN_NUMERIC_POLICY_FROM_FIXED_SPEC
IP/2014/page_101.pdf-1,IP/2014,4,KNOWN,1,f6601a5edc9ca7d1ce89fca7232ab3f166b78854b633b6734eccdf6f0c3464a9,FROZEN_NUMERIC_POLICY_FROM_FIXED_SPEC
RSG/2013/page_16.pdf-2,RSG/2013,4,KNOWN,0,5f20598918390501ddf88a5840545f68a98a7045e0f348ecf83123fc697ddcec,FROZEN_NUMERIC_POLICY_FROM_FIXED_SPEC
MA/2009/page_115.pdf-1,MA/2009,4,KNOWN,1,ab6d75fb3fb9fbd50833dc24dc036c5b936fd234d8a56b3c39386ea6fd9ba38c,FROZEN_NUMERIC_POLICY_FROM_FIXED_SPEC
DRE/2002/page_30.pdf-3,DRE/2002,0,KNOWN,1,d940459b6f483af0aea124d8c8975e6d30cae196737e2001160002217d122bc3,FROZEN_NUMERIC_POLICY_FROM_FIXED_SPEC
RSG/2014/page_22.pdf-1,RSG/2014,3,KNOWN,0,f076c07212598a1bf6792a549d62210838fb77cd2f36681cdc0420e5092182a5,FROZEN_NUMERIC_POLICY_FROM_FIXED_SPEC
HUM/2004/page_78.pdf-1,HUM/2004,1,UNKNOWN,,50c5b53c5a1a98002d9457519ea0e74516d9189b7d2dad1e6cd93f565b72801e,FROZEN_NUMERIC_POLICY_FROM_FIXED_SPEC
CE/2010/page_150.pdf-3,CE/2010,3,KNOWN,0,fde2cbcdaef0f6ebdbafd2254f787ac22b176c0ed62e349b82837762535ffed8,FROZEN_NUMERIC_POLICY_FROM_FIXED_SPEC
ADBE/2011/page_83.pdf-4,ADBE/2011,3,KNOWN,1,397beffeaff852c84eb353208ba0b8b7186a20722804653a5e9698f750e8d1c2,FROZEN_NUMERIC_POLICY_FROM_FIXED_SPEC
GPN/2014/page_71.pdf-4,GPN/2014,1,KNOWN,1,65389e8eb913e6e5d8ae5ca124e307b00d8364966ee87ef00aee2fad3d8abc18,FROZEN_NUMERIC_POLICY_FROM_FIXED_SPEC
HUM/2012/page_109.pdf-1,HUM/2012,4,KNOWN,0,ee3d7b385b04edda85e0cf08fbe5a4a7055f1d9fad888a692b61f74e38eeee8d,FROZEN_NUMERIC_POLICY_FROM_FIXED_SPEC
PPG/2018/page_61.pdf-1,PPG/2018,0,KNOWN,0,373727fae9bfb1a436095e6724087dd45b1983baec79eef451b69c0f9c14e6d0,FROZEN_NUMERIC_POLICY_FROM_FIXED_SPEC
HWM/2015/page_92.pdf-1,HWM/2015,1,KNOWN,0,00ee742da59e60b54be2320d86944e39b9a29fb94862ee1aa1c5eb7515ca4527,FROZEN_NUMERIC_POLICY_FROM_FIXED_SPEC
PNC/2012/page_98.pdf-2,PNC/2012,3,KNOWN,1,6f1f91b6b27162b637b28b506bdddbdfa259e1c60c444cf967a50c15633c28e8,FROZEN_NUMERIC_POLICY_FROM_FIXED_SPEC
LMT/2010/page_24.pdf-2,LMT/2010,0,KNOWN,1,6e5cab49622dabd2ca10ba6eeaee525daeb97f49e35c0f0b57442b21f3653651,FROZEN_NUMERIC_POLICY_FROM_FIXED_SPEC
LMT/2015/page_106.pdf-3,LMT/2015,2,KNOWN,0,9738d5f992cd09ed7a9d5b8e4fbdb5f4ebe7736228ce25e675d2c60f8e231b84,FROZEN_NUMERIC_POLICY_FROM_FIXED_SPEC
HOLX/2007/page_154.pdf-2,HOLX/2007,4,KNOWN,0,afc368f6dc4d3ed1d37b27150ebaa350004f20658d74e31db96cf230a1ba70d5,FROZEN_NUMERIC_POLICY_FROM_FIXED_SPEC
AMT/2007/page_111.pdf-4,AMT/2007,4,KNOWN,0,1adb71efd5dac4837d5d25f5091c256cd6eb156f1513f715aa314e11655f3c61,FROZEN_NUMERIC_POLICY_FROM_FIXED_SPEC
ETR/2017/page_20.pdf-3,ETR/2017,4,KNOWN,0,0a1186a07eb37a91f77ea2a6197d6fac3ec0d72407be41a8fd412e7104758ed0,FROZEN_NUMERIC_POLICY_FROM_FIXED_SPEC
BLK/2016/page_75.pdf-2,BLK/2016,1,KNOWN,1,9e881538940211f5c54dcd5adff744efaa1defc2bb25491b27748c7afb5b4709,FROZEN_NUMERIC_POLICY_FROM_FIXED_SPEC
MRO/2009/page_138.pdf-1,MRO/2009,4,KNOWN,1,b31ebc8637d6c604283c7ea6e18e8d3a27fc09c780764bc51d0b77530ad7c50b,FROZEN_NUMERIC_POLICY_FROM_FIXED_SPEC
GPN/2009/page_69.pdf-2,GPN/2009,1,KNOWN,0,20593d62c10fd33e4109f45875906efe15b4f99c893ec65801dc403e314ee794,FROZEN_NUMERIC_POLICY_FROM_FIXED_SPEC
ETR/2008/page_130.pdf-3,ETR/2008,0,KNOWN,0,e63cd22953612856ba0cac4237a0b8ab4c647be52e3a05a14c9d0ceea9cba8d9,FROZEN_NUMERIC_POLICY_FROM_FIXED_SPEC
JPM/2016/page_141.pdf-1,JPM/2016,1,KNOWN,1,8531c6e6fcd826531b44130c9dcab6a5d132d62070e61f55b681e86dee7c812e,FROZEN_NUMERIC_POLICY_FROM_FIXED_SPEC
EW/2016/page_72.pdf-2,EW/2016,1,KNOWN,1,b750935dc539a9a9cac5079caf38482ece865b7ba0b2ba179b2d434f1928a846,FROZEN_NUMERIC_POLICY_FROM_FIXED_SPEC
KHC/2016/page_94.pdf-2,KHC/2016,1,KNOWN,1,cd38c1df85bb64ab3b8c27716a141bf6d808631602cf3d8b6a8dad48b0d95781,FROZEN_NUMERIC_POLICY_FROM_FIXED_SPEC
MRO/2008/page_135.pdf-2,MRO/2008,2,KNOWN,1,ddcd3f53ea8b9978c312510bd4906fdfb4b2680412c4cc2b421dc0d440ba7005,FROZEN_NUMERIC_POLICY_FROM_FIXED_SPEC
ETR/2017/page_477.pdf-1,ETR/2017,4,KNOWN,1,3874438df3fe440407085dc5673be3652880b2da1aff4c81204109e8d68c4462,FROZEN_NUMERIC_POLICY_FROM_FIXED_SPEC
RSG/2017/page_14.pdf-1,RSG/2017,2,KNOWN,1,a3ac2069fd00d400025b42301444cec8f30f6946a4bcc749a31c385a7769fe81,FROZEN_NUMERIC_POLICY_FROM_FIXED_SPEC
MAS/2010/page_29.pdf-1,MAS/2010,0,KNOWN,0,ac54b7a2d9f3b6c7993e885243bf3829ce536eeeb7dd85ea2a5f03240e840e1d,FROZEN_NUMERIC_POLICY_FROM_FIXED_SPEC
BLL/2011/page_29.pdf-4,BLL/2011,0,KNOWN,1,31ca2f9bcc7f54564ed96e7f2560630692fdd8cde1ad3524454b336dfdd7efce,FROZEN_NUMERIC_POLICY_FROM_FIXED_SPEC
LMT/2017/page_101.pdf-4,LMT/2017,0,KNOWN,0,42a1513b240f1a901e3d0573dc344556e2d26156e5f6f60b5c0e7f7a3ff19a47,FROZEN_NUMERIC_POLICY_FROM_FIXED_SPEC
LKQ/2010/page_72.pdf-2,LKQ/2010,2,KNOWN,1,0a87025e97f75aee4429ce6337c78389bc532185734f5ab994bd067d48ae2710,FROZEN_NUMERIC_POLICY_FROM_FIXED_SPEC
UA/2011/page_70.pdf-1,UA/2011,2,KNOWN,0,6ee6c8b7b53aadef72cf8764492a1c0e4b595e0b5ae77c394a925ebda2e71de4,FROZEN_NUMERIC_POLICY_FROM_FIXED_SPEC
CE/2005/page_167.pdf-4,CE/2005,0,KNOWN,1,7fd1101b1fae92cf3deba0c2e040395b8fec9335f86871de4fdc27d94903ea04,FROZEN_NUMERIC_POLICY_FROM_FIXED_SPEC
GS/2014/page_62.pdf-1,GS/2014,3,KNOWN,1,425f8fef51a360a89611963b5bdd58e7d532f34a6f9f27d694ba69dd4b86eabf,FROZEN_NUMERIC_POLICY_FROM_FIXED_SPEC
IPG/2018/page_52.pdf-1,IPG/2018,2,KNOWN,1,444ecb3fb12cc6c79dfdfeaf6dbded81fdc24e074d90d9fa08963d874f3c1042,FROZEN_NUMERIC_POLICY_FROM_FIXED_SPEC
AES/2010/page_225.pdf-3,AES/2010,4,KNOWN,0,f829b3d0a7ec8f54703d167ad5e9d074f17ed21c15c32ab1f3fb70bf765ead96,FROZEN_NUMERIC_POLICY_FROM_FIXED_SPEC
IPG/2018/page_104.pdf-2,IPG/2018,2,KNOWN,1,ee0c79e79da2f43e3f38f6d0302e0fbf172ef804760733f52f46847fc0167d03,FROZEN_NUMERIC_POLICY_FROM_FIXED_SPEC
TROW/2011/page_13.pdf-1,TROW/2011,1,KNOWN,1,6a5ef54182ea11bf81ce7b9145678bd3713cc3fbf5c3d51b80dd3db61e21a8b1,FROZEN_NUMERIC_POLICY_FROM_FIXED_SPEC
IPG/2015/page_24.pdf-4,IPG/2015,4,KNOWN,1,ef39bff8191571539c7783dc822c43c8e690e2d86f4df51dea95ab92ce50b546,FROZEN_NUMERIC_POLICY_FROM_FIXED_SPEC
UNP/2012/page_23.pdf-1,UNP/2012,4,KNOWN,1,79974d8091573c73f4127578d6fa3aaddf7c3482be4fa31984056eae9a06ce5a,FROZEN_NUMERIC_POLICY_FROM_FIXED_SPEC
JPM/2014/page_128.pdf-4,JPM/2014,2,KNOWN,1,fd22230e4fafc7c68662405d72916343d5fd3200a2bd4b60af96b1bfb42af104,FROZEN_NUMERIC_POLICY_FROM_FIXED_SPEC
ETR/2016/page_144.pdf-3,ETR/2016,1,KNOWN,0,7f63c56cb1cdc2a471f0e9b71136e34ab4b24684b526d10fccdd28696dbb2ab8,FROZEN_NUMERIC_POLICY_FROM_FIXED_SPEC
IP/2012/page_57.pdf-2,IP/2012,3,KNOWN,1,094e36cfd72cfffc700df1365e81364f571d7ed69d6e955afd25c31310aec8a1,FROZEN_NUMERIC_POLICY_FROM_FIXED_SPEC
ADBE/2013/page_68.pdf-3,ADBE/2013,2,KNOWN,1,1e85250c8fbcba921ad87e11d45972f59e65d18a1c090deb77c2604f58e22d30,FROZEN_NUMERIC_POLICY_FROM_FIXED_SPEC
RSG/2015/page_18.pdf-2,RSG/2015,3,KNOWN,0,70bf9fc34ede43f3f0fe47925baeb1669575d6adfdb4d428be9240635af993f5,FROZEN_NUMERIC_POLICY_FROM_FIXED_SPEC
HUM/2015/page_46.pdf-1,HUM/2015,3,KNOWN,0,61c28f30343b9e8b14423a4966975deea6d4e42df9c501717d4233ab4bac8d3c,FROZEN_NUMERIC_POLICY_FROM_FIXED_SPEC
PKG/2004/page_21.pdf-4,PKG/2004,1,KNOWN,1,0fc6552f4aecb187734d1e2b73f96177c92efe0d8943993fcb6f54edef4ea7e4,FROZEN_NUMERIC_POLICY_FROM_FIXED_SPEC
JKHY/2016/page_25.pdf-2,JKHY/2016,0,KNOWN,0,cf1b94b0adaf18a4ef8082951e273681816844c03c3076d77b45e3203d47adc3,FROZEN_NUMERIC_POLICY_FROM_FIXED_SPEC
AAP/2013/page_68.pdf-1,AAP/2013,2,KNOWN,1,07ed5efee0d1cea9811e580cb7a351b36aad6df341a808d0f4b7303f213722de,FROZEN_NUMERIC_POLICY_FROM_FIXED_SPEC
UNP/2008/page_83.pdf-1,UNP/2008,0,KNOWN,1,ec175bb1dea8c7486f861ef38b251960d62f06ecd1e53e31dd121db2c90617ec,FROZEN_NUMERIC_POLICY_FROM_FIXED_SPEC
CE/2010/page_150.pdf-2,CE/2010,3,KNOWN,0,b1d0573a79dbcd3c290ae31ad471990ad2c1d77dca5168b3d5baed19608c13e3,FROZEN_NUMERIC_POLICY_FROM_FIXED_SPEC
TFX/2018/page_47.pdf-1,TFX/2018,3,KNOWN,0,35c3993dfd4f867345b9fc7bd5f4b83903fedf65db06cd496b31c7735415ca5a,FROZEN_NUMERIC_POLICY_FROM_FIXED_SPEC
GS/2016/page_161.pdf-1,GS/2016,0,KNOWN,1,a47ed6508af59ae20d9e796985c425c1299c7390d35fc96158ef424af1a9062a,FROZEN_NUMERIC_POLICY_FROM_FIXED_SPEC
TSCO/2018/page_31.pdf-2,TSCO/2018,2,KNOWN,0,f65bf9c63bf5b20894513824e0a02c2945825c17d8cd56d2589177c008d99353,FROZEN_NUMERIC_POLICY_FROM_FIXED_SPEC
LLY/2008/page_39.pdf-1,LLY/2008,1,KNOWN,1,aa125c2c6264ed8fffd19c39b63832f58fa40e9a352d407f659efeaad00f7cb0,FROZEN_NUMERIC_POLICY_FROM_FIXED_SPEC
SNPS/2012/page_64.pdf-1,SNPS/2012,1,KNOWN,0,53a3dd5073f302c7b71ab5e458d62676c0e9bc619729344222d25952ed92163b,FROZEN_NUMERIC_POLICY_FROM_FIXED_SPEC
ETR/2015/page_50.pdf-1,ETR/2015,2,KNOWN,0,20e4b4745b28277eb0a0482afda665f358e04649e2ca41345295ae2d9993faa6,FROZEN_NUMERIC_POLICY_FROM_FIXED_SPEC
APD/2019/page_100.pdf-1,APD/2019,1,KNOWN,1,a7edb1cf6930b67a9a655d5bb25c0812e86fdfa60157a6acdc41ebf4d9852fae,FROZEN_NUMERIC_POLICY_FROM_FIXED_SPEC
DISCA/2008/page_141.pdf-3,DISCA/2008,2,KNOWN,0,6b8ad2a794081e32f26818cb7e59fafa572e5346263e448e2b116ca4a19f32e8,FROZEN_NUMERIC_POLICY_FROM_FIXED_SPEC
PNC/2007/page_93.pdf-2,PNC/2007,1,KNOWN,0,d7f8a9b8e5a88833f5bb319c077d8da7f169a03a47cca774d43eefd4f3ff2946,FROZEN_NUMERIC_POLICY_FROM_FIXED_SPEC
MA/2009/page_123.pdf-3,MA/2009,4,KNOWN,0,9c1677345d541734bd15b981795118aa780579cb51fbc5dc959cc10ce9d4bfdc,FROZEN_NUMERIC_POLICY_FROM_FIXED_SPEC
LMT/2016/page_85.pdf-2,LMT/2016,1,KNOWN,1,d266c7a62a3c91f12cb56457ea4b55e0c092b255152f9df17b7e1e04f11a7f35,FROZEN_NUMERIC_POLICY_FROM_FIXED_SPEC
AES/2010/page_133.pdf-1,AES/2010,4,KNOWN,1,8c71cb795744b03296f988c71e60db9871fb4d0da8c75c9a4eadcb58c25477cc,FROZEN_NUMERIC_POLICY_FROM_FIXED_SPEC
AAL/2015/page_131.pdf-2,AAL/2015,3,KNOWN,0,028330e80149a8fee01a7e127a98919379f1e57a65ab4e2702eab896edbaf9e4,FROZEN_NUMERIC_POLICY_FROM_FIXED_SPEC
GPN/2009/page_69.pdf-4,GPN/2009,1,KNOWN,1,a6edf2ab70950dd8dd3bb72eb1dff3777f4c89b2241534607a9f9a2db3c2b16c,FROZEN_NUMERIC_POLICY_FROM_FIXED_SPEC
PPG/2018/page_61.pdf-2,PPG/2018,0,KNOWN,0,3fae0f8206d2b08dc88e0d6bfaa8befa4375f5bb82769944ad0dc07e3cba6434,FROZEN_NUMERIC_POLICY_FROM_FIXED_SPEC
GPN/2017/page_30.pdf-1,GPN/2017,0,KNOWN,1,65c0cdfbf7df604c5d81dcfea807f586007f0b277d472b425abc6f3983aa738a,FROZEN_NUMERIC_POLICY_FROM_FIXED_SPEC
GS/2016/page_183.pdf-3,GS/2016,0,KNOWN,1,745d0b4756d4a216b1d4672474807eaa620ef4de83458268b1334d14d8025aee,FROZEN_NUMERIC_POLICY_FROM_FIXED_SPEC
NTAP/2014/page_33.pdf-2,NTAP/2014,2,KNOWN,0,82cc2ef16ac11daec523527941f80e21a3b966facb87dbee7cc4d75b7e9b737e,FROZEN_NUMERIC_POLICY_FROM_FIXED_SPEC
HIG/2004/page_125.pdf-2,HIG/2004,0,KNOWN,1,d2c2ff79eca6e928cb72c13c33b7d36de8fadf6fe702be94c00a0598987566ec,FROZEN_NUMERIC_POLICY_FROM_FIXED_SPEC
HIG/2004/page_81.pdf-3,HIG/2004,0,KNOWN,0,3852fedddb5be8e52f225a2eb0641c94c1bd91bb14a75c5809866573585b3277,FROZEN_NUMERIC_POLICY_FROM_FIXED_SPEC
K/2012/page_80.pdf-3,K/2012,3,KNOWN,1,627e90a4f1ec75a225ebc2969b51d8cbf675876b82d7f54c598c9032f13ead3d,FROZEN_NUMERIC_POLICY_FROM_FIXED_SPEC
MA/2009/page_123.pdf-4,MA/2009,4,KNOWN,1,b825c3bfc347824b3f5d5fc326254e59650d425498a0893df9abbbf9fb7e4fad,FROZEN_NUMERIC_POLICY_FROM_FIXED_SPEC
AES/2010/page_133.pdf-2,AES/2010,4,KNOWN,1,2ce2f151a2e16245c7af2e1bd092a0e088bf32936f15133f8985f30325c6b9d9,FROZEN_NUMERIC_POLICY_FROM_FIXED_SPEC
BLL/2007/page_46.pdf-4,BLL/2007,2,KNOWN,0,468da5d888093b6e181c4011a91281ab07ed90037c19336cdc1a84e17c1c8dd3,FROZEN_NUMERIC_POLICY_FROM_FIXED_SPEC
AAPL/2015/page_24.pdf-3,AAPL/2015,3,KNOWN,0,934abd8843cea9306825cc065ff00e4192b6efb46a5e3d396db0a42d021c4b3e,FROZEN_NUMERIC_POLICY_FROM_FIXED_SPEC
HOLX/2007/page_127.pdf-1,HOLX/2007,4,KNOWN,0,ac0680fbffcfd461aa6b4fc2d85fa06eb978121ff7b14d1e411b1719be37c545,FROZEN_NUMERIC_POLICY_FROM_FIXED_SPEC
ETR/2008/page_130.pdf-2,ETR/2008,0,KNOWN,1,ac40b979932be900ad4beb7525d7ef78d9636afcbc141994dea3b09a81a26b2c,FROZEN_NUMERIC_POLICY_FROM_FIXED_SPEC
RL/2014/page_13.pdf-1,RL/2014,4,KNOWN,1,b4ce81232f180fbc4b8eadf629f5fa8978180028ef0189822e67ad896c46a3dd,FROZEN_NUMERIC_POLICY_FROM_FIXED_SPEC
APD/2018/page_113.pdf-2,APD/2018,2,KNOWN,0,cf6d848e324500214a5c5801ebf8e55061b163b3f9398977d79cc1b953f2ed0d,FROZEN_NUMERIC_POLICY_FROM_FIXED_SPEC
IP/2014/page_71.pdf-1,IP/2014,4,KNOWN,1,c49b0667559b03a4a604ee036c2835227f9ca7682616f171bc38517d167e4079,FROZEN_NUMERIC_POLICY_FROM_FIXED_SPEC
RL/2010/page_11.pdf-2,RL/2010,4,KNOWN,1,03723e316ed061d8719394be8f41b93649a870ecc676922fbe8c18095f4a1fd4,FROZEN_NUMERIC_POLICY_FROM_FIXED_SPEC
ILMN/2008/page_77.pdf-4,ILMN/2008,4,KNOWN,0,6307ff63fb1a97f3ef33c56c455ce9af5cb942fc7b4a444acdf3cc38554e4d65,FROZEN_NUMERIC_POLICY_FROM_FIXED_SPEC
CDW/2015/page_53.pdf-1,CDW/2015,2,KNOWN,0,ab71897eb6af5c25f51e853f22f10cf0cd4580d16a580c008c623d7a3f3ef0df,FROZEN_NUMERIC_POLICY_FROM_FIXED_SPEC
AWK/2012/page_118.pdf-2,AWK/2012,0,KNOWN,1,3b712ab946d93f607d5cf6dc0b592c3f3b70d73824e7251090989f506c56059a,FROZEN_NUMERIC_POLICY_FROM_FIXED_SPEC
LKQ/2012/page_25.pdf-2,LKQ/2012,1,KNOWN,0,40566b9b5c6569922327bc453520eedf3528e25f00d3464c520c6b3867e6525d,FROZEN_NUMERIC_POLICY_FROM_FIXED_SPEC
SLB/2010/page_58.pdf-2,SLB/2010,3,KNOWN,0,0ed9828f426123a899a59383117d8ba7112fa4dbf980252edeef00ac2a766ce9,FROZEN_NUMERIC_POLICY_FROM_FIXED_SPEC
ETR/2017/page_19.pdf-1,ETR/2017,4,KNOWN,1,cf606b77464d58f03a2887174fe7fce0fa7c87feb710b50c2fdf0ce8141063f5,FROZEN_NUMERIC_POLICY_FROM_FIXED_SPEC
GS/2018/page_175.pdf-2,GS/2018,2,KNOWN,0,dcefa107f6236c99240ccb16d5dd63217d819859211d7161cf213bf6553d2e56,FROZEN_NUMERIC_POLICY_FROM_FIXED_SPEC
C/2009/page_200.pdf-2,C/2009,2,KNOWN,0,1e91881b000b7f480390e8b8f12b84c7b2a64ba3d0ce543bf6d50b55100648eb,FROZEN_NUMERIC_POLICY_FROM_FIXED_SPEC
HWM/2015/page_94.pdf-1,HWM/2015,1,KNOWN,0,bde1734d9920010e83fdb89c238c9c49eeb11f94727488239627426a999cb3fc,FROZEN_NUMERIC_POLICY_FROM_FIXED_SPEC
CB/2009/page_220.pdf-3,CB/2009,1,KNOWN,1,b5633171562759f0a69f2588de23c2ca5d3823c7eacdda6c32a2640018e1c401,FROZEN_NUMERIC_POLICY_FROM_FIXED_SPEC
RSG/2017/page_14.pdf-2,RSG/2017,2,UNKNOWN,,a4938caad2695beda5e2c2910906eb469e2f51a27ab6542152448dd0a2522a84,FROZEN_NUMERIC_POLICY_FROM_FIXED_SPEC
K/2013/page_27.pdf-3,K/2013,4,KNOWN,0,dc40176df1e78c76627e5eefbfd6fddfff9eeca51020b42ae800b3622cc2955d,FROZEN_NUMERIC_POLICY_FROM_FIXED_SPEC
IP/2014/page_66.pdf-1,IP/2014,4,KNOWN,1,ceeac31321bb4e31af8541f97434fcabfcc1a8164d8de022ab930f6c721f94d0,FROZEN_NUMERIC_POLICY_FROM_FIXED_SPEC
MA/2008/page_70.pdf-2,MA/2008,4,KNOWN,0,ecf81f11ec6f79c85d1d2874374b631d76ba9be6638978d8578078f13985bc7f,FROZEN_NUMERIC_POLICY_FROM_FIXED_SPEC
MRO/2008/page_119.pdf-3,MRO/2008,2,KNOWN,0,ca74e8296102893c0246ce08290665da4704d836097571d90bb7eff0d281e998,FROZEN_NUMERIC_POLICY_FROM_FIXED_SPEC
RSG/2018/page_13.pdf-1,RSG/2018,1,KNOWN,0,fdce2f52620e350038ae90c252beda04e38882aa228df986e424ecde81aeae37,FROZEN_NUMERIC_POLICY_FROM_FIXED_SPEC
PM/2015/page_103.pdf-3,PM/2015,3,KNOWN,1,a317d4a6ba80d738145cf61866cc0a5062474232c721bd7358d27106802a0b47,FROZEN_NUMERIC_POLICY_FROM_FIXED_SPEC
LKQ/2012/page_25.pdf-1,LKQ/2012,1,KNOWN,0,828335cc19d96d8209efbe2c762c3347a9d731b841b142c07557765aa2a0acb4,FROZEN_NUMERIC_POLICY_FROM_FIXED_SPEC
RSG/2017/page_74.pdf-2,RSG/2017,2,KNOWN,1,e9cdf076fb9bbf907fe2cbf43b24d32a2ccab888d318233ea96eae9ba8acdeed,FROZEN_NUMERIC_POLICY_FROM_FIXED_SPEC
UA/2011/page_71.pdf-2,UA/2011,2,KNOWN,0,c4297dcff2aeb1b9a867d91e03e9602b2f88bb8112f9190b04ca85a3548fd3d0,FROZEN_NUMERIC_POLICY_FROM_FIXED_SPEC
AMT/2007/page_114.pdf-3,AMT/2007,4,KNOWN,0,435955c20eb1e4f67c727bf68c20ea4a5bf5360da0147120d314d545f00d78fa,FROZEN_NUMERIC_POLICY_FROM_FIXED_SPEC
AMT/2012/page_111.pdf-4,AMT/2012,2,KNOWN,1,28515779c6d4f5d0bb4044f8602d424df3aeb1aaf07a3d9fa5b0ffe871391db1,FROZEN_NUMERIC_POLICY_FROM_FIXED_SPEC
AWK/2015/page_127.pdf-4,AWK/2015,0,KNOWN,1,f0f261f87e0b0e6678b1081911f8fa21bbcc753b5703fc7a3f5bc76b0c65b240,FROZEN_NUMERIC_POLICY_FROM_FIXED_SPEC
LKQ/2016/page_48.pdf-2,LKQ/2016,0,KNOWN,0,5f178e9c2ac33cdbefab6e7117c69e34ae18464371b78add91180fb3817a1d52,FROZEN_NUMERIC_POLICY_FROM_FIXED_SPEC
AWK/2017/page_128.pdf-3,AWK/2017,4,KNOWN,0,afda81239c0894279feb93675b8853bf5c55c5add1184d1f8726a01bcfcd5561,FROZEN_NUMERIC_POLICY_FROM_FIXED_SPEC
EW/2014/page_35.pdf-2,EW/2014,3,KNOWN,1,e3e3b6638536379f000f9d551b74a1e84051eb759918f960af47b166a9ea41b5,FROZEN_NUMERIC_POLICY_FROM_FIXED_SPEC
EOG/2016/page_80.pdf-1,EOG/2016,3,KNOWN,1,8d7de64e9cc8ac20f078b2df9cf92d3f8cdcd30a4d6e6b41af0488dacf19a414,FROZEN_NUMERIC_POLICY_FROM_FIXED_SPEC
AAPL/2013/page_27.pdf-4,AAPL/2013,4,KNOWN,0,ba912776ed8b1af0584c2ba7bc182674e151aaf62bff92ba484040d6459c36df,FROZEN_NUMERIC_POLICY_FROM_FIXED_SPEC
ETR/2017/page_20.pdf-1,ETR/2017,4,KNOWN,1,f4347665d1da6807c465a5667b140c13d63fc986cd851300ee321cc0fd7d9e39,FROZEN_NUMERIC_POLICY_FROM_FIXED_SPEC
ETR/2008/page_313.pdf-2,ETR/2008,0,KNOWN,0,b227d65dc5c5fce17f129b42c84865fcc06eb51404a99c73c77ba388b42a5c5f,FROZEN_NUMERIC_POLICY_FROM_FIXED_SPEC
PNC/2017/page_76.pdf-1,PNC/2017,1,KNOWN,1,631c36c15d3d15f0d86c5f23c8cb0831a42454267cea7900a5bb8d36be2c2e91,FROZEN_NUMERIC_POLICY_FROM_FIXED_SPEC
ETFC/2015/page_25.pdf-1,ETFC/2015,3,KNOWN,0,02f13fd9f5a6a7b7a3b1dd3e6fa73c7d015ce6a6bc1e5741ab2f5acc747bc49c,FROZEN_NUMERIC_POLICY_FROM_FIXED_SPEC
SNPS/2012/page_61.pdf-3,SNPS/2012,1,KNOWN,1,89550ddaf952ee6ec7d9f793d5de55939675f40138b48a6f1c22995f933ffaf6,FROZEN_NUMERIC_POLICY_FROM_FIXED_SPEC
HWM/2015/page_123.pdf-2,HWM/2015,1,KNOWN,0,14955883b1a64d1ae65a484be947b43fa074ca7af7e2598c2178bb301fac4083,FROZEN_NUMERIC_POLICY_FROM_FIXED_SPEC
LMT/2013/page_26.pdf-2,LMT/2013,2,KNOWN,1,3ca1897c7910b9edbd5c82d618ead3d51e0ed392ddf3c20d663dbd40c8f1e31a,FROZEN_NUMERIC_POLICY_FROM_FIXED_SPEC
AWK/2013/page_123.pdf-3,AWK/2013,4,KNOWN,1,8acabb05af34136a9e842df5df7084eec19d788551b01ce7f6b26592b0ceda73,FROZEN_NUMERIC_POLICY_FROM_FIXED_SPEC
DRE/2016/page_59.pdf-1,DRE/2016,2,KNOWN,1,0b530aca5cb0d4296748086aa700a24e9757f7e3f6f7ec14f1559c018da1969e,FROZEN_NUMERIC_POLICY_FROM_FIXED_SPEC
EW/2016/page_36.pdf-1,EW/2016,1,KNOWN,1,250311584a30f95f368dbfc931de6c9f7c57dfb19f9af9467758c7c2c5c0d7a7,FROZEN_NUMERIC_POLICY_FROM_FIXED_SPEC
DRE/2007/page_39.pdf-1,DRE/2007,1,KNOWN,0,ee908cc81ec3149fd6629e6e9f9b2215e644152ff225575f86f145a6608f4f8d,FROZEN_NUMERIC_POLICY_FROM_FIXED_SPEC
C/2008/page_193.pdf-1,C/2008,3,KNOWN,1,8ad9af593cb514d85f0442630204debb6e7c7a0b04671ed6c9bc0f2917beb058,FROZEN_NUMERIC_POLICY_FROM_FIXED_SPEC
BLL/2006/page_94.pdf-2,BLL/2006,1,KNOWN,1,454638949dd8d9f2f891ff623e871969a1ea0927457cd9319ecfdc8d40576d89,FROZEN_NUMERIC_POLICY_FROM_FIXED_SPEC
KMI/2018/page_14.pdf-2,KMI/2018,3,KNOWN,1,9f455faa38ed9eb03f7660c3829ebec3187fc4fe64ca45960828f8884a32f143,FROZEN_NUMERIC_POLICY_FROM_FIXED_SPEC
CE/2010/page_134.pdf-1,CE/2010,3,KNOWN,1,230ac7171bfed1a0f6bafe4e6b656551b7905a4899195d9c188343bc0a40b859,FROZEN_NUMERIC_POLICY_FROM_FIXED_SPEC
JPM/2015/page_77.pdf-5,JPM/2015,3,KNOWN,0,ed91214151ea125069a8820354a82298c0dd380c185d5ec80ad3af0c2d1d0dc0,FROZEN_NUMERIC_POLICY_FROM_FIXED_SPEC
MMM/2015/page_52.pdf-1,MMM/2015,1,KNOWN,1,e862233157c63dd95e5279cc505875e53e170d49d9fba34724fee06735b20f00,FROZEN_NUMERIC_POLICY_FROM_FIXED_SPEC
AAL/2015/page_51.pdf-3,AAL/2015,3,KNOWN,1,5725986a8d472774ddfc73cd358f0ae3f697f3d8ca24c39cc2ca2235910f18f3,FROZEN_NUMERIC_POLICY_FROM_FIXED_SPEC
BLK/2014/page_33.pdf-1,BLK/2014,4,KNOWN,1,64bb3c7159f0192826a02d265ca33f7458ea83e70415f07569acd9d176865863,FROZEN_NUMERIC_POLICY_FROM_FIXED_SPEC
HIG/2014/page_126.pdf-3,HIG/2014,3,KNOWN,1,7a05a50713ff2676059415b05ba3396e3ee13f495f003304ee366326795150b4,FROZEN_NUMERIC_POLICY_FROM_FIXED_SPEC
ETR/2016/page_18.pdf-3,ETR/2016,1,KNOWN,0,1a02dd4f3a3dc1eb41d2cafdb78e4e87f558771f4be37cd09945a372db692a38,FROZEN_NUMERIC_POLICY_FROM_FIXED_SPEC
RL/2014/page_11.pdf-2,RL/2014,4,KNOWN,1,f4767e0c6a732f22dc032d3e45bfa8bf3e71efff329b086f86556cacb7abe5f4,FROZEN_NUMERIC_POLICY_FROM_FIXED_SPEC
AON/2013/page_32.pdf-1,AON/2013,3,KNOWN,0,b9c9cd5c59df80042025d379c5062672e04c1ad0f6d84758c67359ee28c9bd81,FROZEN_NUMERIC_POLICY_FROM_FIXED_SPEC
JPM/2013/page_158.pdf-2,JPM/2013,2,KNOWN,1,63444e7f89d05dbb8e0d056448d172ce9f489a679ca7360a8bdd9fd95afc5b7e,FROZEN_NUMERIC_POLICY_FROM_FIXED_SPEC
FIS/2012/page_30.pdf-1,FIS/2012,3,KNOWN,0,036e2ce2e848533ba2152c661e15509ecb505a70e5ecff046df76ac5a41fac68,FROZEN_NUMERIC_POLICY_FROM_FIXED_SPEC
BKR/2017/page_105.pdf-1,BKR/2017,4,KNOWN,0,3afc624d279510a3b781f4b4f23e823f69c0dacb6a9b6645c1053a6214986a33,FROZEN_NUMERIC_POLICY_FROM_FIXED_SPEC
CE/2009/page_121.pdf-3,CE/2009,4,KNOWN,1,520af5a8f2f989ed7b26a3f8fc02b21675e11f342d79b897505bec8dc264273e,FROZEN_NUMERIC_POLICY_FROM_FIXED_SPEC
UNP/2009/page_89.pdf-1,UNP/2009,2,KNOWN,1,63cb3150a92bb7f0cb8833ade0d985eb3818b579653c1f74aa2c98104cc6b00b,FROZEN_NUMERIC_POLICY_FROM_FIXED_SPEC
VTR/2006/page_88.pdf-1,VTR/2006,0,KNOWN,1,74e3f5287fa8718cee3a249e26d454828a53f6112c7b51d0f55d5c9c758ee104,FROZEN_NUMERIC_POLICY_FROM_FIXED_SPEC
AAL/2014/page_59.pdf-2,AAL/2014,1,KNOWN,0,6fe4f6694951b12a0e50c91858f33272246c89b07fd1c4f23b6ed38c8812f228,FROZEN_NUMERIC_POLICY_FROM_FIXED_SPEC
SWKS/2012/page_116.pdf-2,SWKS/2012,0,KNOWN,0,1262e9794cb0f1595838eec54f1eb29832f6f56df5b21dd003b7e33dbd3aac59,FROZEN_NUMERIC_POLICY_FROM_FIXED_SPEC
MRO/2009/page_127.pdf-3,MRO/2009,4,KNOWN,0,c9f801dc8513de4be1fd3d3e1a983206a4cdd3fb94f0b6bdb98bc1364627cb7a,FROZEN_NUMERIC_POLICY_FROM_FIXED_SPEC
DISH/2011/page_130.pdf-2,DISH/2011,3,KNOWN,1,b1396cfbefe2d6dcff3a1ea987f2c01b6e3e585b2dad29d24c793bcc331c9e04,FROZEN_NUMERIC_POLICY_FROM_FIXED_SPEC
DVN/2011/page_84.pdf-1,DVN/2011,2,KNOWN,0,be8ecc3f428f64af626dd067a8a32f6a4668b527caa20ea26cb3b6a317da93c8,FROZEN_NUMERIC_POLICY_FROM_FIXED_SPEC
MMM/2012/page_105.pdf-1,MMM/2012,2,KNOWN,1,361d34fd19ebd43293e81071007a2893e7a8b4d298fcd9de8e085842251a0670,FROZEN_NUMERIC_POLICY_FROM_FIXED_SPEC
LMT/2013/page_26.pdf-1,LMT/2013,2,KNOWN,1,e23e45032e14c9b389f2ef799229d5c5059e923fa35058c548155bdc7225fe64,FROZEN_NUMERIC_POLICY_FROM_FIXED_SPEC
EOG/2018/page_99.pdf-1,EOG/2018,3,KNOWN,1,9d0dc2db9d2817a7cf899bd7e24cfcb05d8524ec73383e59180bd79ba0b86849,FROZEN_NUMERIC_POLICY_FROM_FIXED_SPEC
AAPL/2018/page_23.pdf-2,AAPL/2018,1,KNOWN,0,c6de46276c8a5c0573484730509b60ab772b624e12f89546254993c4f1dc66ce,FROZEN_NUMERIC_POLICY_FROM_FIXED_SPEC
PNC/2011/page_209.pdf-3,PNC/2011,4,KNOWN,1,4da9065bf7f5b40bd453653390e3b9575ed567f1166368ec0dc67bb061c7aed0,FROZEN_NUMERIC_POLICY_FROM_FIXED_SPEC
AAPL/2011/page_37.pdf-1,AAPL/2011,2,KNOWN,1,926b5c5367e3c754223017bc0e90eed65c2e6010e1839fdc441b8b8bcc7a08f1,FROZEN_NUMERIC_POLICY_FROM_FIXED_SPEC
CDNS/2012/page_31.pdf-1,CDNS/2012,2,KNOWN,1,cc62d044a0b2e26071807e56e1c1463b32808cdc1323ad3668630e284563dad3,FROZEN_NUMERIC_POLICY_FROM_FIXED_SPEC
ETR/2004/page_258.pdf-1,ETR/2004,1,KNOWN,0,1dc727dbbeabba22f322c717f8dc0a955e77b693073f192a5978aa33373a5858,FROZEN_NUMERIC_POLICY_FROM_FIXED_SPEC
JPM/2015/page_77.pdf-3,JPM/2015,3,KNOWN,0,7c2b85793599fafcbe615f36848980671886b42033b2b1ef120a7b74751b09d9,FROZEN_NUMERIC_POLICY_FROM_FIXED_SPEC
INTC/2013/page_47.pdf-1,INTC/2013,4,KNOWN,1,9826e2be863efdebce9c77b199e7a4b86de0597220e07446656a2b44b16d0717,FROZEN_NUMERIC_POLICY_FROM_FIXED_SPEC
C/2008/page_193.pdf-4,C/2008,3,KNOWN,0,b9c73b5a6068b323e7b0014854a30be01eb175d0680bd419bea03fa8632d69dc,FROZEN_NUMERIC_POLICY_FROM_FIXED_SPEC
WELL/2017/page_48.pdf-3,WELL/2017,0,KNOWN,0,dfdcf89e36dda46a36d494937d00a6385b4bdab38f04bdcfd1431d4dc0b68b64,FROZEN_NUMERIC_POLICY_FROM_FIXED_SPEC
JPM/2008/page_177.pdf-1,JPM/2008,4,KNOWN,0,13ed36f3194b62d5d02e18d408e8a496b3771c5b9d18e4eccc8d85337b0018fc,FROZEN_NUMERIC_POLICY_FROM_FIXED_SPEC
INTC/2013/page_47.pdf-2,INTC/2013,4,KNOWN,0,e8584b02968547a247ae28b2fa71ff3729658ae7837afec3969ab9544a307b91,FROZEN_NUMERIC_POLICY_FROM_FIXED_SPEC
EOG/2017/page_85.pdf-1,EOG/2017,1,KNOWN,1,3723ecae9452431fffdbb5f2c50c3dbec6bde73eca1b8d1f56608e880490f6bc,FROZEN_NUMERIC_POLICY_FROM_FIXED_SPEC
DISH/2015/page_142.pdf-2,DISH/2015,2,KNOWN,1,5a4613875d9382e7f6b11cff2befe6c4a85485f52aa4387036777a12d4890c61,FROZEN_NUMERIC_POLICY_FROM_FIXED_SPEC
GS/2018/page_108.pdf-4,GS/2018,2,KNOWN,0,0f37ddad226f455e22feec99d16ef2b9b2dfb5e2963b07ed58114fadea74d4f2,FROZEN_NUMERIC_POLICY_FROM_FIXED_SPEC
BLL/2007/page_87.pdf-3,BLL/2007,2,KNOWN,1,11cbf580c38de57932702ede07fef8eeca0acbadb11812fd3dd92e33d323d619,FROZEN_NUMERIC_POLICY_FROM_FIXED_SPEC
IP/2007/page_38.pdf-2,IP/2007,1,KNOWN,0,3869284747964704a52d66648053b155b71f4c994bf01c0774769c46ec786766,FROZEN_NUMERIC_POLICY_FROM_FIXED_SPEC
TFX/2017/page_48.pdf-1,TFX/2017,4,KNOWN,0,61d114ed53d980a3f614e1bbfcfb249724f4667e6c21f876444360c1c09dc3c2,FROZEN_NUMERIC_POLICY_FROM_FIXED_SPEC
LMT/2015/page_52.pdf-4,LMT/2015,2,KNOWN,0,9bd37acbdad61c661561f3a98591204ee31e0e7032e5cf4dc5856caceda32dd7,FROZEN_NUMERIC_POLICY_FROM_FIXED_SPEC
LLY/2008/page_45.pdf-2,LLY/2008,1,KNOWN,0,25d38774ee3b44a2739ac3ff19f07f48d40b8a8de0dee98d43d5acb06e804f96,FROZEN_NUMERIC_POLICY_FROM_FIXED_SPEC
AMT/2012/page_111.pdf-1,AMT/2012,2,KNOWN,1,2582f0a555b18c2e967081b9db39f57d4471d62032e063d97c9157cc12556f24,FROZEN_NUMERIC_POLICY_FROM_FIXED_SPEC
AAL/2015/page_15.pdf-3,AAL/2015,3,KNOWN,1,44b7dc83e56885c35e6fad531406a3338898d21f96bf7792e41c556058701469,FROZEN_NUMERIC_POLICY_FROM_FIXED_SPEC
IQV/2016/page_57.pdf-2,IQV/2016,0,KNOWN,0,4559dff7fd3b42f6acf20ed20e58b63105443b1513edf9bc99c73fc78855446e,FROZEN_NUMERIC_POLICY_FROM_FIXED_SPEC
V/2009/page_88.pdf-1,V/2009,2,KNOWN,1,f7fc25b8c7142d595d0d05b75ff97387938fb4ef2449a6df0c39d1482226f52a,FROZEN_NUMERIC_POLICY_FROM_FIXED_SPEC
BLL/2010/page_39.pdf-3,BLL/2010,1,KNOWN,1,a1a2c551b7c9f07f9e362c8b7504ba923297d629bd6dd9ab2e627a7414a5499a,FROZEN_NUMERIC_POLICY_FROM_FIXED_SPEC
CDNS/2018/page_82.pdf-4,CDNS/2018,1,KNOWN,0,2b527157cfec6bf6a9029b8f4e54921665ba9e0adb792ffb06cab0bd303e9bf5,FROZEN_NUMERIC_POLICY_FROM_FIXED_SPEC
ETR/2016/page_17.pdf-3,ETR/2016,1,KNOWN,1,3f4bb672fb332a8ed9fbfaa154572801c50abff1d3f89ab11911aa11c6afe202,FROZEN_NUMERIC_POLICY_FROM_FIXED_SPEC
IP/2005/page_31.pdf-1,IP/2005,2,KNOWN,1,3adc1ef32b1ea02adfefeb0e4f6d3934fb77af7bfdc07411f4e4dbba908f35f3,FROZEN_NUMERIC_POLICY_FROM_FIXED_SPEC
ADBE/2018/page_71.pdf-2,ADBE/2018,1,KNOWN,0,fbdfd99527ecf201099b3f41944484c509f3033048e2336c201127d919cba710,FROZEN_NUMERIC_POLICY_FROM_FIXED_SPEC
MRO/2008/page_145.pdf-1,MRO/2008,2,KNOWN,0,fb7d6eca0adad47d6d0d28c14b903c87edd1904887f1cdec4574d7a12efeca53,FROZEN_NUMERIC_POLICY_FROM_FIXED_SPEC
RL/2016/page_9.pdf-1,RL/2016,2,KNOWN,1,3076015db50878e2aa6eadb9d257958a3cc8048f2efa8e0a4db76c52c6710270,FROZEN_NUMERIC_POLICY_FROM_FIXED_SPEC
WELL/2017/page_48.pdf-4,WELL/2017,0,KNOWN,0,d405536b3c8fc5c5a135691dc9b764a7edadc9f1cfda6ac0aae8e2668963e3d9,FROZEN_NUMERIC_POLICY_FROM_FIXED_SPEC
MMM/2007/page_36.pdf-1,MMM/2007,2,KNOWN,0,36b07e82f3f4b67bbee86778b5ec0b65a346df8b56ee1397fd9bdbff29109023,FROZEN_NUMERIC_POLICY_FROM_FIXED_SPEC
HWM/2015/page_87.pdf-1,HWM/2015,1,KNOWN,1,ce010df8cb154c1e18a5ab936cdba07d3a19029d5860230b5d19e05b35321106,FROZEN_NUMERIC_POLICY_FROM_FIXED_SPEC
ETR/2008/page_212.pdf-4,ETR/2008,0,KNOWN,0,18c677a7f5901091ddfc1a0dcf31bd3601ba94bf51c02ad1a6be0e2af36805c4,FROZEN_NUMERIC_POLICY_FROM_FIXED_SPEC
ETR/2008/page_212.pdf-1,ETR/2008,0,KNOWN,1,bd719b2ee41178ae7a88ca057c2e78701c9951522ab046dd28eb1e40b84e1b90,FROZEN_NUMERIC_POLICY_FROM_FIXED_SPEC
IP/2015/page_44.pdf-2,IP/2015,1,KNOWN,1,18706310ffd6c7cb642261c31d77ddba476923eaac8936954c5b9840c9a5f2d3,FROZEN_NUMERIC_POLICY_FROM_FIXED_SPEC
AAPL/2004/page_83.pdf-2,AAPL/2004,3,KNOWN,0,9f8bb30c157837d326965d76934945a61d50f579cb948312c5f0da35c45cf0fd,FROZEN_NUMERIC_POLICY_FROM_FIXED_SPEC
CDNS/2007/page_30.pdf-3,CDNS/2007,2,KNOWN,0,508032398292037b9f634c3a466592456821d020a3b59b12b2bbebf62d6d777b,FROZEN_NUMERIC_POLICY_FROM_FIXED_SPEC
JPM/2003/page_44.pdf-4,JPM/2003,4,KNOWN,0,823f0ee3aaef77fa6442a5f58e8687c2c8433ca5dd92f7112cd1cf41cc8c6c83,FROZEN_NUMERIC_POLICY_FROM_FIXED_SPEC
UNP/2009/page_61.pdf-2,UNP/2009,2,KNOWN,1,52ced739af771224966ffc434b0e4d8cb013ac73934d829a113d2939d91ca75e,FROZEN_NUMERIC_POLICY_FROM_FIXED_SPEC
UNP/2015/page_80.pdf-1,UNP/2015,0,KNOWN,1,bc400f89f317956e33a1ae0f8b7c04c14b00d6c5b7bf5b323e717a08ba9cf10b,FROZEN_NUMERIC_POLICY_FROM_FIXED_SPEC
VTR/2007/page_97.pdf-4,VTR/2007,4,KNOWN,1,95ee0c03eaabe3cc678dc2cd36551c28893cc561959c8e5053abe92b43ebbf86,FROZEN_NUMERIC_POLICY_FROM_FIXED_SPEC
MRO/2008/page_42.pdf-3,MRO/2008,2,KNOWN,0,325842a19d302a5cef07c1808ef8a365e5b65f0e8b76b83f752e4505b040a69f,FROZEN_NUMERIC_POLICY_FROM_FIXED_SPEC
DRE/2009/page_59.pdf-1,DRE/2009,0,KNOWN,0,a1dd9d5f5cdd9aab203cff4ab269d4b05f757f824b7c5943856a6d0bffabd6fb,FROZEN_NUMERIC_POLICY_FROM_FIXED_SPEC
GIS/2018/page_59.pdf-1,GIS/2018,3,KNOWN,0,538ed32fbcdff5edc71687a93e67b647a0eac35c1a44605d9f6a4d718265e3ea,FROZEN_NUMERIC_POLICY_FROM_FIXED_SPEC
MAA/2018/page_19.pdf-1,MAA/2018,1,KNOWN,0,4c21ea15451c6931799f2e988fb87de4d2fd532dedeb431c58a1c59eb97d3bdb,FROZEN_NUMERIC_POLICY_FROM_FIXED_SPEC
AWK/2015/page_112.pdf-3,AWK/2015,0,KNOWN,0,f340698dbca935f715dafd4e4da2f8aee1c4c2e28e21972b3ee530e5152ce916,FROZEN_NUMERIC_POLICY_FROM_FIXED_SPEC
GPN/2009/page_68.pdf-2,GPN/2009,1,KNOWN,1,3b5fff123d45778ec674797bd492c2e1bb6c56b2479fce846a5075b57aa15717,FROZEN_NUMERIC_POLICY_FROM_FIXED_SPEC
AES/2011/page_270.pdf-1,AES/2011,1,KNOWN,1,2ef2951a4e7da8578979fd75e159cc77ff555700a15bef3d93520ff24c4becdb,FROZEN_NUMERIC_POLICY_FROM_FIXED_SPEC
AAL/2014/page_92.pdf-4,AAL/2014,1,KNOWN,1,c1dedff2e7dfa28e634d4022445d837a5629daf3f3964d48a045f95394f9fa0f,FROZEN_NUMERIC_POLICY_FROM_FIXED_SPEC
WELL/2016/page_61.pdf-2,WELL/2016,0,KNOWN,1,268c2e18501d7a76f4d25169b1c5d6bbaea4e4b79e158e81f3db30ff9f991b81,FROZEN_NUMERIC_POLICY_FROM_FIXED_SPEC
C/2009/page_141.pdf-1,C/2009,2,KNOWN,1,b673034a9d4cda9059f57686b256808d5de76dd59932466eb9a2c94a381b152e,FROZEN_NUMERIC_POLICY_FROM_FIXED_SPEC
GS/2017/page_176.pdf-1,GS/2017,2,KNOWN,1,f6df029610bf4cdeb96b2070b5899d59dd6c0b4f220f8e96255881ca39909cc5,FROZEN_NUMERIC_POLICY_FROM_FIXED_SPEC
AWK/2018/page_131.pdf-2,AWK/2018,1,KNOWN,0,56c9559367167763d241c273cbb37ccc2438f3a6245edbfeea9e3127e13833ae,FROZEN_NUMERIC_POLICY_FROM_FIXED_SPEC
DVN/2007/page_78.pdf-1,DVN/2007,4,KNOWN,1,8ffbe357f2c62d3a3b9f266a7ea70f286f515895646e6d755a23b6c4e6bb78b1,FROZEN_NUMERIC_POLICY_FROM_FIXED_SPEC
AMT/2006/page_107.pdf-3,AMT/2006,0,KNOWN,1,9532d785a37aaa985376575d6aaecfde06d2e9d8215ca051e9cde25483815a78,FROZEN_NUMERIC_POLICY_FROM_FIXED_SPEC
GPN/2007/page_18.pdf-1,GPN/2007,0,KNOWN,1,414af0cb5b883146d02938ce2755a530d7511d169a1d0020b748c54dc0ee32e2,FROZEN_NUMERIC_POLICY_FROM_FIXED_SPEC
DVN/2017/page_31.pdf-2,DVN/2017,0,KNOWN,1,47cb52fdc6ab76c51aeeaa6c50dff52cb28fb761969c5301269ef0733ac8a2f5,FROZEN_NUMERIC_POLICY_FROM_FIXED_SPEC
UNP/2008/page_26.pdf-2,UNP/2008,0,UNKNOWN,,6a42d0d85ee14edf5f608381026a6e0f735960c8c29f8c8d952c627bb6070df9,FROZEN_NUMERIC_POLICY_FROM_FIXED_SPEC
UNP/2013/page_14.pdf-2,UNP/2013,3,KNOWN,0,d70c9973347a46488221462bbc90eb0da6b0d84df58931dca30f7b2767ddf183,FROZEN_NUMERIC_POLICY_FROM_FIXED_SPEC
MRO/2008/page_41.pdf-4,MRO/2008,2,KNOWN,1,5d48a2f83a9d64f6f3336133574b9fa90b0856888a6c63adaf14027b837eb543,FROZEN_NUMERIC_POLICY_FROM_FIXED_SPEC
AAL/2015/page_183.pdf-4,AAL/2015,3,KNOWN,1,263f8803c706b59aac908c49d5cfe3e6b4463157b926c27e28085b84578b021a,FROZEN_NUMERIC_POLICY_FROM_FIXED_SPEC
AMAT/2015/page_33.pdf-1,AMAT/2015,3,KNOWN,1,44916e17ee79ffd87e7d16f68a8f0e3a7551efa6470f87059c50574f5235a8cd,FROZEN_NUMERIC_POLICY_FROM_FIXED_SPEC
UAA/2016/page_83.pdf-4,UAA/2016,0,KNOWN,1,c54c6673f401829c2478d115cca4902cf97f06589a5ef2961074ee3c9cf69f1a,FROZEN_NUMERIC_POLICY_FROM_FIXED_SPEC
APD/2018/page_41.pdf-1,APD/2018,2,KNOWN,1,8127b9d62f31c8c6a96b0133b1e0c994bfbd88432e61305c850018da8bf33882,FROZEN_NUMERIC_POLICY_FROM_FIXED_SPEC
TMUS/2016/page_32.pdf-3,TMUS/2016,2,KNOWN,1,a8d8d72f6c87dbcf2b9b3f0b3d56194db1a285fb6c4e23aeaed17d8eca7ae5ee,FROZEN_NUMERIC_POLICY_FROM_FIXED_SPEC
RCL/2005/page_40.pdf-4,RCL/2005,3,KNOWN,1,1a0effdf40466a89a89a57346e1e9bba20b5196e10dc2ac506490bf231231f94,FROZEN_NUMERIC_POLICY_FROM_FIXED_SPEC
JPM/2012/page_109.pdf-1,JPM/2012,3,KNOWN,0,86632469403979289e3bedb82d78da3f726cff01cbe48d5a082c20fc6000145b,FROZEN_NUMERIC_POLICY_FROM_FIXED_SPEC
GS/2015/page_80.pdf-2,GS/2015,0,UNKNOWN,,a87f9ddbe243181f4b7157391172deff4f9213da1fcdc7277ac23f596f57146d,FROZEN_NUMERIC_POLICY_FROM_FIXED_SPEC
JPM/2012/page_157.pdf-1,JPM/2012,3,KNOWN,0,8adac8f83a7119a2aa83ad337b7ea83f87e1340aa338ef4b4972d87ca1854bd1,FROZEN_NUMERIC_POLICY_FROM_FIXED_SPEC
AWK/2017/page_136.pdf-2,AWK/2017,4,KNOWN,1,013c987a8510b56567ee5e2eca6ba372278982c6b631b2f8a8f8b730922af2c6,FROZEN_NUMERIC_POLICY_FROM_FIXED_SPEC
SNA/2007/page_80.pdf-2,SNA/2007,1,KNOWN,0,bad2e0a1ff0307373d5938c1b2bd988f2141143d0dae2a05f113ad87c07c2401,FROZEN_NUMERIC_POLICY_FROM_FIXED_SPEC
IP/2014/page_101.pdf-2,IP/2014,4,KNOWN,1,c2d87ec22a8e31c8866cf37579a62d4fbd203635c8cb9f8654ab15b6f3824963,FROZEN_NUMERIC_POLICY_FROM_FIXED_SPEC
ETR/2002/page_266.pdf-2,ETR/2002,1,KNOWN,1,ab38b25e6135e6eb92bda42ba4e38f195608df99e4162b4dc8f65d400c00d4f5,FROZEN_NUMERIC_POLICY_FROM_FIXED_SPEC
STT/2009/page_122.pdf-3,STT/2009,2,KNOWN,1,31214ad0df8c4e3241d4c1afd2437de9b91c20a57118e3cda40f65cd6135eec1,FROZEN_NUMERIC_POLICY_FROM_FIXED_SPEC
DISH/2014/page_142.pdf-2,DISH/2014,3,KNOWN,1,81833b20b3282a32210afdda1322e20cb4dd833d73bb38c0f1f126280d002b62,FROZEN_NUMERIC_POLICY_FROM_FIXED_SPEC
K/2013/page_27.pdf-2,K/2013,4,KNOWN,1,42b04a6c47b0379b8dd8d7159bc36b3910e63699768ccb562d04642ff3b047c3,FROZEN_NUMERIC_POLICY_FROM_FIXED_SPEC
FIS/2016/page_64.pdf-1,FIS/2016,0,KNOWN,0,41b106ad689734d93a94276bb6de7e4defa6f65995639b482f29d1cb909d110f,FROZEN_NUMERIC_POLICY_FROM_FIXED_SPEC
ORLY/2015/page_28.pdf-4,ORLY/2015,4,KNOWN,0,828c7709c5cb3bc266c624a291ee3aafa36d03cab9bb45ea2c85c8b134fc31c2,FROZEN_NUMERIC_POLICY_FROM_FIXED_SPEC
DISCA/2012/page_54.pdf-2,DISCA/2012,1,KNOWN,1,67336928ad827202855477179b7308eed5f1182652665e9ace9faf369e58fdfc,FROZEN_NUMERIC_POLICY_FROM_FIXED_SPEC
IP/2005/page_31.pdf-2,IP/2005,2,KNOWN,1,f7fb7591ee283b24cc2d57a5e67d1d2273efb4e59e3010cb878c2407fa0dcb8b,FROZEN_NUMERIC_POLICY_FROM_FIXED_SPEC
VTR/2006/page_88.pdf-2,VTR/2006,0,KNOWN,1,0d17055b5a7afebd74780fcdc0514be7d29c3a54dd9ae8ee5ee5a5ef6b849061,FROZEN_NUMERIC_POLICY_FROM_FIXED_SPEC
C/2009/page_248.pdf-3,C/2009,2,KNOWN,0,758e4bad2cc2af593342a2cc79fcf8ced4ddc7abb8b88754e5e281f80e887dc7,FROZEN_NUMERIC_POLICY_FROM_FIXED_SPEC
IPG/2009/page_67.pdf-4,IPG/2009,2,KNOWN,1,f1f8298bd91d5c74a8eb0d3bd4408673266f5b99e585835e290cc17ee0224c6d,FROZEN_NUMERIC_POLICY_FROM_FIXED_SPEC
MRO/2008/page_70.pdf-3,MRO/2008,2,KNOWN,0,b1e7ba5c325bb8ec2210f59a5b36b0599c713f48e4213629e1bd7d6dea9779d4,FROZEN_NUMERIC_POLICY_FROM_FIXED_SPEC
TROW/2011/page_13.pdf-2,TROW/2011,1,KNOWN,1,4969530504dd871c3e45e113b20d5a088f9609cc63b4760e2a8bba78a0ce2ec1,FROZEN_NUMERIC_POLICY_FROM_FIXED_SPEC
STT/2012/page_42.pdf-1,STT/2012,4,KNOWN,0,1c74f4fe716fbe1deb3711a9d68d367d93adf2a36578aeb72764ec28d03fc88c,FROZEN_NUMERIC_POLICY_FROM_FIXED_SPEC
LMT/2015/page_86.pdf-1,LMT/2015,2,KNOWN,0,45949f03df08a36adea5ed9e4bad50c65701ad8e3d0b0e6fb0ca594166a03cc7,FROZEN_NUMERIC_POLICY_FROM_FIXED_SPEC
CE/2010/page_150.pdf-1,CE/2010,3,KNOWN,1,b136dc9f2cbb37e6d8d3bdd0132cf80f68c0b44d28845bc65b69472b5fcafb84,FROZEN_NUMERIC_POLICY_FROM_FIXED_SPEC
ETFC/2007/page_22.pdf-4,ETFC/2007,0,KNOWN,1,5f29bae87a936a501526d9ce52d88f038799da7985fedac6773213f281bcc34e,FROZEN_NUMERIC_POLICY_FROM_FIXED_SPEC
INTC/2013/page_47.pdf-3,INTC/2013,4,KNOWN,0,1baed1bcdc765bfbebeff134088a471d752d178ccd92a4444401449923c6c5d8,FROZEN_NUMERIC_POLICY_FROM_FIXED_SPEC
PKG/2001/page_78.pdf-1,PKG/2001,1,KNOWN,0,ec1847c5772cd8a6475c205445f636e5f2d5f6d47fc4858d5e8addebba55fc48,FROZEN_NUMERIC_POLICY_FROM_FIXED_SPEC
K/2012/page_44.pdf-1,K/2012,3,KNOWN,1,87fc00f3820c018060c53138f4651f6d00996597a15f14fa5296a7bb8f83943e,FROZEN_NUMERIC_POLICY_FROM_FIXED_SPEC
STZ/2005/page_57.pdf-4,STZ/2005,0,KNOWN,0,64a193ffd1d3fbebcf9706ecd99ad87ef0d9970af4eab168b8ce849fb6fddb09,FROZEN_NUMERIC_POLICY_FROM_FIXED_SPEC
EL/2009/page_112.pdf-2,EL/2009,4,KNOWN,1,4e092789b2a416759c9c0f62e816176fb5e03a5c1341cd1979f836b091ee1a8f,FROZEN_NUMERIC_POLICY_FROM_FIXED_SPEC
AAPL/2015/page_56.pdf-1,AAPL/2015,3,KNOWN,0,c545f7c9516bc4efa6d13354c0454f7a8423b22511a7d067e92273a204988e05,FROZEN_NUMERIC_POLICY_FROM_FIXED_SPEC
JPM/2009/page_183.pdf-5,JPM/2009,3,KNOWN,1,8d283ce95dc687d1d64407d3901a80daa78a909ea11728da287756a57c7e3e1f,FROZEN_NUMERIC_POLICY_FROM_FIXED_SPEC
ETR/2009/page_141.pdf-2,ETR/2009,2,KNOWN,0,52813b8b3568aec8c905628d42f11c967c4d719f72d1c68f66500742bf8d7885,FROZEN_NUMERIC_POLICY_FROM_FIXED_SPEC
UAA/2016/page_83.pdf-2,UAA/2016,0,KNOWN,1,fa1b1b52cbf576183f8c0e87a6f4a2af1ee47182fd657beb9bd760ed45de462e,FROZEN_NUMERIC_POLICY_FROM_FIXED_SPEC
UPS/2013/page_56.pdf-3,UPS/2013,4,KNOWN,1,78be757e93d3cd040297eb6fb11d970b5d73fc8713b8176e9fd54b1f7ed1783e,FROZEN_NUMERIC_POLICY_FROM_FIXED_SPEC
GPN/2016/page_69.pdf-2,GPN/2016,1,KNOWN,1,1f77a11ea6b063134b68377944eb865e8b885582cbc19d1a0a91d213814f64b7,FROZEN_NUMERIC_POLICY_FROM_FIXED_SPEC
AAPL/2006/page_93.pdf-1,AAPL/2006,4,KNOWN,1,2f4c4e9be477acb260d2af7dc2d1567039075564c66e3c07fb4871c4a41d3d3d,FROZEN_NUMERIC_POLICY_FROM_FIXED_SPEC
ETR/2008/page_343.pdf-4,ETR/2008,0,KNOWN,1,e41b68e087f36e02c844cd7c7d4521ab63d261e6ed36b15367a2b9262a324e54,FROZEN_NUMERIC_POLICY_FROM_FIXED_SPEC
STT/2012/page_42.pdf-3,STT/2012,4,KNOWN,1,3af1358cedea9d87f5e42bcc1a97234782a8a513ba80175602b236f651a3dcbe,FROZEN_NUMERIC_POLICY_FROM_FIXED_SPEC
AWK/2018/page_142.pdf-4,AWK/2018,1,KNOWN,0,b8c7c4e1f8efc1bdc7be1e51eb0b46efb69d27b5830a97f00e2179a82686b5ff,FROZEN_NUMERIC_POLICY_FROM_FIXED_SPEC
BLK/2016/page_35.pdf-2,BLK/2016,1,KNOWN,1,e1f99a002f3ebd9bb0826219e2df3b8020cbd8708028b9d9f37f67988f89c156,FROZEN_NUMERIC_POLICY_FROM_FIXED_SPEC
CE/2010/page_134.pdf-4,CE/2010,3,KNOWN,1,b0dfd6c96de72a8c3ac311f0d09129e31bf28c71a486176c6264bf5939eff499,FROZEN_NUMERIC_POLICY_FROM_FIXED_SPEC
ETR/2004/page_186.pdf-1,ETR/2004,1,KNOWN,0,250ac0b317179e29869e8ed56bcfa7cfd951405677eaedad22f0a43836dee866,FROZEN_NUMERIC_POLICY_FROM_FIXED_SPEC
RL/2016/page_9.pdf-2,RL/2016,2,KNOWN,0,11266f25ea9a3e3ed9d7c3218a5e49d03d1c6a396c5236c59eb212d5eb897de3,FROZEN_NUMERIC_POLICY_FROM_FIXED_SPEC
SNPS/2012/page_64.pdf-2,SNPS/2012,1,KNOWN,0,060c38e0b2b4d18d9ae59933055c3651add03c45d146fda568bc01c1f3f71922,FROZEN_NUMERIC_POLICY_FROM_FIXED_SPEC
HIG/2014/page_126.pdf-2,HIG/2014,3,KNOWN,0,091920401e90b8ff92da9e43b922b0f1079c623af9e850067b3cd251e3e6867a,FROZEN_NUMERIC_POLICY_FROM_FIXED_SPEC
LMT/2016/page_87.pdf-2,LMT/2016,1,KNOWN,1,7b633be71b2ed41d50128eb5b96238ac9eedc6fb1b27f2e8a755d286cf0a4a50,FROZEN_NUMERIC_POLICY_FROM_FIXED_SPEC
GS/2013/page_184.pdf-2,GS/2013,3,KNOWN,1,e1f77c3298575a2633f7438832c0cf9a19d287e63c84a1d545a22d9198f9b5d6,FROZEN_NUMERIC_POLICY_FROM_FIXED_SPEC
ILMN/2006/page_92.pdf-3,ILMN/2006,0,KNOWN,0,a0472ebd7fcdfa449bd1ecb27975b0385c563a949b92d4457902a1ad225ecd12,FROZEN_NUMERIC_POLICY_FROM_FIXED_SPEC
GS/2012/page_64.pdf-1,GS/2012,4,UNKNOWN,,54cbae5a9f7df285fe9186209a012c76cf90286de8ba1ee2621cb3eb8290bf05,FROZEN_NUMERIC_POLICY_FROM_FIXED_SPEC
AWK/2018/page_150.pdf-2,AWK/2018,1,UNKNOWN,,d7cd16d7c82b2afc22d831cf4ab577b92b04479b30012c11e2ff6e4979f84758,FROZEN_NUMERIC_POLICY_FROM_FIXED_SPEC
UA/2011/page_66.pdf-1,UA/2011,2,KNOWN,0,074a70a7de22965776c3724c336fa38580f8caaa9b8f07a70fabf96904fd2b6e,FROZEN_NUMERIC_POLICY_FROM_FIXED_SPEC
BKNG/2017/page_35.pdf-3,BKNG/2017,2,KNOWN,0,ed423b7f0155602950aec284bb35268bd725b29973475bc2df06862c461d31a8,FROZEN_NUMERIC_POLICY_FROM_FIXED_SPEC
PKG/2001/page_86.pdf-3,PKG/2001,1,KNOWN,0,181a188759debe9fb3b80cdc14364a561d0ff4bd19f6701e91bd147564873b6a,FROZEN_NUMERIC_POLICY_FROM_FIXED_SPEC
LMT/2007/page_39.pdf-2,LMT/2007,1,KNOWN,0,b6b40b786057ea99ec646ef275c04602135601df410826b57c1f0c3a20f92277,FROZEN_NUMERIC_POLICY_FROM_FIXED_SPEC
FIS/2010/page_89.pdf-4,FIS/2010,4,KNOWN,1,de753fd9d39e1e72053027aea26e089e361fce4b39160b5486272338dd74cbe6,FROZEN_NUMERIC_POLICY_FROM_FIXED_SPEC
AAP/2011/page_16.pdf-1,AAP/2011,1,KNOWN,0,433ff933c03d4945c27db22daa73855c98b1d466dd8b224d4ae2b6d415839de0,FROZEN_NUMERIC_POLICY_FROM_FIXED_SPEC
JPM/2012/page_109.pdf-2,JPM/2012,3,KNOWN,1,a81c248122b10da7b9d36ccc20ac92eb44e87f8906f4cf6209d9bdb8efa4ec41,FROZEN_NUMERIC_POLICY_FROM_FIXED_SPEC
CE/2016/page_88.pdf-1,CE/2016,0,KNOWN,1,ac5a2f09a6a918238d0cc27c67e0f09d5d92a3af56ffd9db6bd4ba01d7b6e822,FROZEN_NUMERIC_POLICY_FROM_FIXED_SPEC
AAL/2015/page_83.pdf-2,AAL/2015,3,KNOWN,0,bc3984d0cf47e6c17ff38140b93f1ed6c30071fd537cf71d4d8c28b2d39782ad,FROZEN_NUMERIC_POLICY_FROM_FIXED_SPEC
AMT/2005/page_83.pdf-1,AMT/2005,0,KNOWN,0,73cdb0c10403e91884c341eff71fa0e10d62be33d78289ef4b4b6fbccfc4e623,FROZEN_NUMERIC_POLICY_FROM_FIXED_SPEC
UNP/2008/page_81.pdf-1,UNP/2008,0,KNOWN,1,b0989570d1b352ae48ac955b647beb391f3b6c0fc75c4ef3c0c19893e16bc298,FROZEN_NUMERIC_POLICY_FROM_FIXED_SPEC
KMI/2014/page_18.pdf-1,KMI/2014,3,KNOWN,0,08f3f4d2fb44fbe98e24d2addb3fa37d6aedd32b712ea00ce5d61e662646a178,FROZEN_NUMERIC_POLICY_FROM_FIXED_SPEC
VTR/2007/page_48.pdf-2,VTR/2007,4,KNOWN,0,9112edf375af0beeb709d55eedf307126b1204ad157278815b98a2eee494e6a4,FROZEN_NUMERIC_POLICY_FROM_FIXED_SPEC
IP/2007/page_38.pdf-1,IP/2007,1,KNOWN,1,86bf6173e464ed627419b07f2ef19397df263493a079decb929252be145ae404,FROZEN_NUMERIC_POLICY_FROM_FIXED_SPEC
AAPL/2006/page_79.pdf-2,AAPL/2006,4,KNOWN,1,a6412099a349399a11534590d2de97a55cbb69e971d063a86402e6c2a9f67bd4,FROZEN_NUMERIC_POLICY_FROM_FIXED_SPEC
C/2009/page_194.pdf-3,C/2009,2,KNOWN,1,623f30708fea8be1ad630a3822bd993d30cf63c222e4ee97b141a3b24cd73935,FROZEN_NUMERIC_POLICY_FROM_FIXED_SPEC
AMT/2014/page_64.pdf-1,AMT/2014,4,KNOWN,1,6d0ff0ff127603c38874b7b55318f7dda58551e2b8107af964de8af90a6560b2,FROZEN_NUMERIC_POLICY_FROM_FIXED_SPEC
GS/2013/page_193.pdf-3,GS/2013,3,KNOWN,1,c5454f0893130b99cf09e8db680490cadc219756a8b67761d81c8b35a3ae5310,FROZEN_NUMERIC_POLICY_FROM_FIXED_SPEC
UPS/2013/page_34.pdf-2,UPS/2013,4,KNOWN,0,44e6c728bc86320a37e3fc447ebc19d95b940316d3d456eddee07206750b3c93,FROZEN_NUMERIC_POLICY_FROM_FIXED_SPEC
AMT/2007/page_116.pdf-3,AMT/2007,4,KNOWN,1,29b5bccf79a6e180e9cf06de6f6d1ea7fec83cfae06950e026bc7b24b140dee9,FROZEN_NUMERIC_POLICY_FROM_FIXED_SPEC
BLL/2010/page_33.pdf-2,BLL/2010,1,KNOWN,1,42fecc2763a4b84ce5fec132594540584a246321eddbfded7b9d3ea89ffb41c6,FROZEN_NUMERIC_POLICY_FROM_FIXED_SPEC
ADBE/2014/page_99.pdf-2,ADBE/2014,2,UNKNOWN,,71944e0c992fe3b1d56500e041956f85741fba21dafc5ac8b626c519a95725bb,FROZEN_NUMERIC_POLICY_FROM_FIXED_SPEC
VNO/2010/page_88.pdf-2,VNO/2010,1,KNOWN,0,563e0023ab28cc8c5436fd946c286af3c043f3dff478966b1be4abde9f2fd4ad,FROZEN_NUMERIC_POLICY_FROM_FIXED_SPEC
ETR/2004/page_335.pdf-2,ETR/2004,1,KNOWN,0,1b7e9cca9f7829ffc62db9c04a79ac38ec35aaac569b3a4882fe0eeefc4307e7,FROZEN_NUMERIC_POLICY_FROM_FIXED_SPEC
UPS/2015/page_35.pdf-3,UPS/2015,0,KNOWN,0,1320310855d5384f98abfd4e391e5b2e01ff9329681937cef0f265daab340b0b,FROZEN_NUMERIC_POLICY_FROM_FIXED_SPEC
IP/2015/page_51.pdf-1,IP/2015,1,KNOWN,1,c7a37bf277f7acd927d3cc5b4db13b1d268589ed87d34e37e8b2d2fd5aa16ea1,FROZEN_NUMERIC_POLICY_FROM_FIXED_SPEC
AWK/2017/page_154.pdf-1,AWK/2017,4,KNOWN,0,964ffca07fe255ddcc2a7bf88d939743f6a34c0672863edefacf1d51b1b9f88b,FROZEN_NUMERIC_POLICY_FROM_FIXED_SPEC
LMT/2016/page_105.pdf-4,LMT/2016,1,KNOWN,0,4f60d7c327af6f93040eadf759163b01da51fb2022d5251b2cfbcbf65e9d333a,FROZEN_NUMERIC_POLICY_FROM_FIXED_SPEC
JPM/2014/page_128.pdf-2,JPM/2014,2,KNOWN,0,bb8d07d34313eac45d2f9e0478cf2a85359d1b1ab8227fa6482c508936b51fad,FROZEN_NUMERIC_POLICY_FROM_FIXED_SPEC
MKTX/2014/page_39.pdf-3,MKTX/2014,0,KNOWN,0,2202fb0a9707890c455c54aef2030a2ffd5a4aeb189c687ca17e9e8ef6472e95,FROZEN_NUMERIC_POLICY_FROM_FIXED_SPEC
HIG/2016/page_250.pdf-1,HIG/2016,3,KNOWN,0,4185754d580a59fdb58287e7b8de37fd5821c019e890c5b3c7f30da7c8e0548a,FROZEN_NUMERIC_POLICY_FROM_FIXED_SPEC
ETR/2015/page_24.pdf-2,ETR/2015,2,KNOWN,1,e5ca4505cd04c79cd5e0192a700c0f45e5aa9731bbae24dfbc2ceedeb5d112a1,FROZEN_NUMERIC_POLICY_FROM_FIXED_SPEC
IP/2012/page_64.pdf-1,IP/2012,3,KNOWN,1,598ff454e882b0d53e44db14445a94aad4b2889283d6a3d68342b66e3e5d8f76,FROZEN_NUMERIC_POLICY_FROM_FIXED_SPEC
UNP/2017/page_23.pdf-1,UNP/2017,1,KNOWN,1,36865775d9037b34047595cc72a6c10944a5566a04a543f85e483959fff8a48e,FROZEN_NUMERIC_POLICY_FROM_FIXED_SPEC
C/2009/page_141.pdf-2,C/2009,2,KNOWN,0,5c463d71ea49861a1f9fa01428b23c226b1662d3c3fa5b1929031c78dd037ca8,FROZEN_NUMERIC_POLICY_FROM_FIXED_SPEC
ETR/2008/page_27.pdf-1,ETR/2008,0,KNOWN,0,7e9a463573ac80fa3551c7225897a1b6a47e908738d43707de012e78de7348ac,FROZEN_NUMERIC_POLICY_FROM_FIXED_SPEC
ETR/2008/page_401.pdf-3,ETR/2008,0,KNOWN,1,7c97434b5ace2c21e3faa6e8bbb303bc3bd76762ce124285bd9b7e7c3a1eefb0,FROZEN_NUMERIC_POLICY_FROM_FIXED_SPEC
ETR/2017/page_441.pdf-3,ETR/2017,4,KNOWN,0,fa6edc3e98587c5d82574f9c794dd020b8a6dcd7c704c7cd5a4fe3c32243b2a3,FROZEN_NUMERIC_POLICY_FROM_FIXED_SPEC
ETR/2015/page_18.pdf-3,ETR/2015,2,KNOWN,0,ce2e9ad31f7caeac840be30458240ff74ae2f6ff24b5f824b59dbf12e4d9e44c,FROZEN_NUMERIC_POLICY_FROM_FIXED_SPEC
AMT/2012/page_123.pdf-2,AMT/2012,2,KNOWN,1,268c7bcf11ca4420c983af9108fb6a6bec66525ea90021d3cacb564ed6afa722,FROZEN_NUMERIC_POLICY_FROM_FIXED_SPEC
ETR/2004/page_86.pdf-1,ETR/2004,1,KNOWN,1,4563113c029149d3bae6424218f30f542fe8c2b836f3324bda6f758e2efd66b7,FROZEN_NUMERIC_POLICY_FROM_FIXED_SPEC
AAPL/2011/page_65.pdf-1,AAPL/2011,2,KNOWN,0,41ca352c8c85fe5cb4b69b8c867007e824d389e3458468a2ed0a283a8f343a83,FROZEN_NUMERIC_POLICY_FROM_FIXED_SPEC
JPM/2016/page_73.pdf-4,JPM/2016,1,KNOWN,1,2d5dbe1c5cc1e84f85a277ea3fa72c0c96f53c467ecbe696beaf97f4ed9fd62b,FROZEN_NUMERIC_POLICY_FROM_FIXED_SPEC
AMT/2012/page_119.pdf-3,AMT/2012,2,KNOWN,0,3af26f653474ac3802332e678270ec9fcbe37866d4f7568953400f7f36e29691,FROZEN_NUMERIC_POLICY_FROM_FIXED_SPEC
AAL/2015/page_183.pdf-1,AAL/2015,3,KNOWN,1,17a6e2771011f56676fc2b6aebfbe2f274488c767aac0c8fb8e4a0ada76a72cc,FROZEN_NUMERIC_POLICY_FROM_FIXED_SPEC
RCL/2014/page_80.pdf-3,RCL/2014,2,KNOWN,1,721d8fe22c0ee6b23fecfed4831860273de8017027a4ae138738e6d435fc6d2b,FROZEN_NUMERIC_POLICY_FROM_FIXED_SPEC
AMT/2014/page_120.pdf-2,AMT/2014,4,KNOWN,1,a0f7f2eec559b5abf3360d5ddcc57563b2e2fe56a98b4c108ae3784812da334d,FROZEN_NUMERIC_POLICY_FROM_FIXED_SPEC
RSG/2018/page_47.pdf-2,RSG/2018,1,KNOWN,0,8acd7eb2231409c82fc6e31082dceeb666651b50fd99851343d6146cd0dbef1e,FROZEN_NUMERIC_POLICY_FROM_FIXED_SPEC
SWKS/2008/page_105.pdf-3,SWKS/2008,2,KNOWN,1,35d26674138172e90209907b810383fd02e4c1ed4896cf7fb062ddf28dedc0fe,FROZEN_NUMERIC_POLICY_FROM_FIXED_SPEC
MRO/2009/page_57.pdf-2,MRO/2009,4,KNOWN,0,e371c09eb8ca8b4a3a69e0a547814a5a2ff09d3ea9eb4a5bf7093badce79e804,FROZEN_NUMERIC_POLICY_FROM_FIXED_SPEC
C/2008/page_217.pdf-2,C/2008,3,KNOWN,1,27f05bf466dc53143e84c6f83a860a193e292140bf625b4546cc04e6e5daa60f,FROZEN_NUMERIC_POLICY_FROM_FIXED_SPEC
BLK/2017/page_35.pdf-2,BLK/2017,2,KNOWN,0,2003ca13db0b4b908b8aa798714e2eef4cd1c1f3de21d688ae51314e3cf5d677,FROZEN_NUMERIC_POLICY_FROM_FIXED_SPEC
LMT/2017/page_101.pdf-1,LMT/2017,0,KNOWN,0,1205963b3b1ed8dce0270e636b1d744527783e38388c40408bc2c302d95da7f5,FROZEN_NUMERIC_POLICY_FROM_FIXED_SPEC
DISCA/2016/page_30.pdf-2,DISCA/2016,0,KNOWN,0,60d332695c58515193033922b7156f5cb5611eb17dc984cc9b5e7cc13e99e023,FROZEN_NUMERIC_POLICY_FROM_FIXED_SPEC
BLK/2012/page_32.pdf-1,BLK/2012,2,KNOWN,1,1cd6992bd62537b787e68493bceee0f6630f001282e103a2b967b03266477afa,FROZEN_NUMERIC_POLICY_FROM_FIXED_SPEC
CDNS/2007/page_30.pdf-2,CDNS/2007,2,KNOWN,0,a591a56dfdabf136aff83d6fac34c913143b1eb827e4e88bf2ec98e04e36ee76,FROZEN_NUMERIC_POLICY_FROM_FIXED_SPEC
OKE/2007/page_51.pdf-1,OKE/2007,1,KNOWN,1,3361ffacd086d2f02758b6503d8241f2dc45cc8338b1c58568626219dd86a684,FROZEN_NUMERIC_POLICY_FROM_FIXED_SPEC
JPM/2015/page_77.pdf-2,JPM/2015,3,KNOWN,1,fc8adde43b9adb442d66659937d59136d1b3a675960de698c075cd59d33119ac,FROZEN_NUMERIC_POLICY_FROM_FIXED_SPEC
ETR/2015/page_50.pdf-2,ETR/2015,2,KNOWN,0,02deecda84ae02416a537db5b986e32b4f010e0fb63d5f86626f5888afe8dd8a,FROZEN_NUMERIC_POLICY_FROM_FIXED_SPEC
GS/2013/page_195.pdf-4,GS/2013,3,KNOWN,0,5444b57ad36f972d6a9fbd156e8076eb9f4e9160ecd84a42854b7d4fe555ac0f,FROZEN_NUMERIC_POLICY_FROM_FIXED_SPEC
UAA/2016/page_81.pdf-1,UAA/2016,0,KNOWN,1,f976422852f723d2e1d8c6b1065aa7101435bd60ea9de61757309089cfd9e363,FROZEN_NUMERIC_POLICY_FROM_FIXED_SPEC
TROW/2011/page_13.pdf-3,TROW/2011,1,KNOWN,1,48e508ec30363b51b8971bfeffff6456bff39bc31caafb3fddc3859f78590a70,FROZEN_NUMERIC_POLICY_FROM_FIXED_SPEC
STZ/2010/page_51.pdf-2,STZ/2010,3,KNOWN,1,570b306085bd7d6074ea057e47225f6c568fd253be9813dc17122ecbf22fc1bf,FROZEN_NUMERIC_POLICY_FROM_FIXED_SPEC
AAL/2015/page_183.pdf-3,AAL/2015,3,KNOWN,0,20049a7b10c5235e01a390221e412e74ed69c3337c11d1d4dcaf3b62d50b4ad7,FROZEN_NUMERIC_POLICY_FROM_FIXED_SPEC
AWK/2018/page_178.pdf-2,AWK/2018,1,KNOWN,0,5a3b94b758d572d2b6a95ef7401789d971215b4f7905bc86059e9ecaf6aab29f,FROZEN_NUMERIC_POLICY_FROM_FIXED_SPEC
UNP/2013/page_24.pdf-1,UNP/2013,3,KNOWN,0,ef7a9e096fc1bf57e9c16457aa9744c601012153955b07988a7f109ea7a8300b,FROZEN_NUMERIC_POLICY_FROM_FIXED_SPEC
UNP/2010/page_30.pdf-1,UNP/2010,3,KNOWN,0,ea63ab3b5746b7f20f6af765118fae0584b717a335ce232856373baaf8a58119,FROZEN_NUMERIC_POLICY_FROM_FIXED_SPEC
KHC/2018/page_27.pdf-3,KHC/2018,3,KNOWN,0,a97650aeeb6c1f625db7c2554646210d78d6ca7e94dd609dc1badabf708182d1,FROZEN_NUMERIC_POLICY_FROM_FIXED_SPEC
UNP/2014/page_32.pdf-2,UNP/2014,2,KNOWN,1,e88df0e66f1f92c6de7766a27be0d959d9c44201507666f52ab1dd56a7fffa06,FROZEN_NUMERIC_POLICY_FROM_FIXED_SPEC
MA/2008/page_116.pdf-3,MA/2008,4,KNOWN,0,387ab1e11a6aa5c858aa6a03ca67b408fb7211603cb52e904a099b401535b6f8,FROZEN_NUMERIC_POLICY_FROM_FIXED_SPEC
UPS/2015/page_108.pdf-1,UPS/2015,0,KNOWN,0,08c382f9763f38fd0e11ac92ad1e61e510b1d1ce8c26d07df99ada454d01f911,FROZEN_NUMERIC_POLICY_FROM_FIXED_SPEC
CMCSA/2004/page_30.pdf-1,CMCSA/2004,3,KNOWN,1,1d79d5b65fca597fc642ad2854cf41a687084a35b61f89f6677fad3315dbd309,FROZEN_NUMERIC_POLICY_FROM_FIXED_SPEC
DISCA/2016/page_30.pdf-3,DISCA/2016,0,KNOWN,0,19151fa57407972350a161be6e3782a7d7394a77c2267f650bfd0951209c2989,FROZEN_NUMERIC_POLICY_FROM_FIXED_SPEC
ADBE/2012/page_87.pdf-1,ADBE/2012,1,KNOWN,0,ba8bae79c915ac1f37e4b1aee2c57b62298c2ac6900db20c7d845ad8f24cf836,FROZEN_NUMERIC_POLICY_FROM_FIXED_SPEC
VTR/2007/page_97.pdf-3,VTR/2007,4,KNOWN,0,300ff0ff1d013d184391b11d113b8ed49fd7cf7025bbf74bbab6a06cf72d2db4,FROZEN_NUMERIC_POLICY_FROM_FIXED_SPEC
LMT/2015/page_86.pdf-2,LMT/2015,2,KNOWN,0,23e85c2646a90e49a53e67ae2d54d594c2570832484bc0f0b0fbae55bf6f3ca3,FROZEN_NUMERIC_POLICY_FROM_FIXED_SPEC
FIS/2012/page_11.pdf-2,FIS/2012,3,KNOWN,0,65afbe0c14e33c3ecf620f46f4291c9d314e0a7489160611a8b398e9df0f14a6,FROZEN_NUMERIC_POLICY_FROM_FIXED_SPEC
STZ/2005/page_57.pdf-2,STZ/2005,0,UNKNOWN,,e1abb5c1ba0df51d5606e6568e553cf49dd2fb33abd8e2ccb0375e804b233a57,FROZEN_NUMERIC_POLICY_FROM_FIXED_SPEC
CME/2010/page_71.pdf-4,CME/2010,4,KNOWN,1,0d0118c486dfab10f22af74019547106a689e44d013050d05b830415cfa7bd6c,FROZEN_NUMERIC_POLICY_FROM_FIXED_SPEC
AWK/2015/page_109.pdf-3,AWK/2015,0,KNOWN,1,2cccaa093a7042c937a869020e19d03fbc61f0085def37ef6ab910816c46b7f3,FROZEN_NUMERIC_POLICY_FROM_FIXED_SPEC
TSCO/2017/page_73.pdf-1,TSCO/2017,1,KNOWN,1,6e9446cbcf2392e4239deff89c1958147c2f3264af4d8afed19aaabd4b62e573,FROZEN_NUMERIC_POLICY_FROM_FIXED_SPEC
IP/2012/page_58.pdf-1,IP/2012,3,KNOWN,0,114183bec21ba8126e50a5f3992e8c28d301c7aa7264c6479d21a7e0791df98a,FROZEN_NUMERIC_POLICY_FROM_FIXED_SPEC
LMT/2017/page_83.pdf-1,LMT/2017,0,KNOWN,1,6860d2f9e37a1b3fec366f70014cecf7e8126b5d828f67b780ff6a7c0aaf48a6,FROZEN_NUMERIC_POLICY_FROM_FIXED_SPEC
AMAT/2018/page_31.pdf-1,AMAT/2018,1,KNOWN,1,c8def391f88e3fbf75d553addffe9834cd1dd5d62666790c841a24a97e6c55ff,FROZEN_NUMERIC_POLICY_FROM_FIXED_SPEC
GS/2012/page_177.pdf-4,GS/2012,4,KNOWN,1,04186936cecf30a1707a5e8299584c1ee9ec78af7ca627beee5502e234b433be,FROZEN_NUMERIC_POLICY_FROM_FIXED_SPEC
JPM/2009/page_132.pdf-1,JPM/2009,3,KNOWN,0,197aef8b09be7fe2d3e636c071bcff28d285b5feafc24613ba88f547b61de2e5,FROZEN_NUMERIC_POLICY_FROM_FIXED_SPEC
AAPL/2011/page_38.pdf-4,AAPL/2011,2,KNOWN,1,1cf45c2d1408d631b97d7a1c0299759ae7ce0530c853982310fc7874afc65b85,FROZEN_NUMERIC_POLICY_FROM_FIXED_SPEC
GS/2018/page_134.pdf-4,GS/2018,2,KNOWN,0,c0c72dbe2f233b13671cce7c274b3f88e7652bace741176058867a1c07aa70ed,FROZEN_NUMERIC_POLICY_FROM_FIXED_SPEC
JPM/2008/page_177.pdf-4,JPM/2008,4,KNOWN,1,d5adf8826f24cd0e1614c349d061c6e3ecdabb78708f1067480fb1b61f3d0a9c,FROZEN_NUMERIC_POLICY_FROM_FIXED_SPEC
KHC/2018/page_27.pdf-1,KHC/2018,3,KNOWN,0,f4069aaec81b5e38d092b33aeffb92dbd2f918f3d3eb733c7002a33f681075d2,FROZEN_NUMERIC_POLICY_FROM_FIXED_SPEC
RL/2014/page_13.pdf-2,RL/2014,4,KNOWN,1,bb6b81771342adc6fe29d82806f0008f836ba01d00a272153ecdd5a682ead419,FROZEN_NUMERIC_POLICY_FROM_FIXED_SPEC
ETR/2008/page_438.pdf-1,ETR/2008,0,KNOWN,0,632fcc22adfd1d53cd42a534ef744d7ac34b91e52726ed8bbab4557df9599f0c,FROZEN_NUMERIC_POLICY_FROM_FIXED_SPEC
AMAT/2012/page_35.pdf-1,AMAT/2012,1,KNOWN,1,b4f19b888ccc37afd34f7e3cd7935badbb7701366996bc0055670f6c85efdd1f,FROZEN_NUMERIC_POLICY_FROM_FIXED_SPEC
APTV/2015/page_47.pdf-2,APTV/2015,0,KNOWN,1,67d955e06cabba890b75c779acdac83b67e33b7ee612c132dfd616df959aa03f,FROZEN_NUMERIC_POLICY_FROM_FIXED_SPEC
INTC/2013/page_40.pdf-3,INTC/2013,4,KNOWN,0,1951c1a008cc47c20e4129048fc1c08ae376413b3ace66a9c4148e00e8980aeb,FROZEN_NUMERIC_POLICY_FROM_FIXED_SPEC
AAPL/2002/page_63.pdf-2,AAPL/2002,2,KNOWN,1,6a82f71f92b004a83a0ed11705bfbdd6a4a85eda1b33d322188c253e4b271875,FROZEN_NUMERIC_POLICY_FROM_FIXED_SPEC
ETR/2017/page_19.pdf-2,ETR/2017,4,KNOWN,0,04c2da3608af86c62d2de77f8029bf555338a4869fa8d5603898350d109f9e82,FROZEN_NUMERIC_POLICY_FROM_FIXED_SPEC
AOS/2007/page_17.pdf-2,AOS/2007,1,KNOWN,0,c3a1171ed6209983b5426b513a17d6f9a0306ce06e282fe60729089f440aac14,FROZEN_NUMERIC_POLICY_FROM_FIXED_SPEC
IPG/2009/page_89.pdf-1,IPG/2009,2,KNOWN,1,f141265203fb8fab8a842aa5452465140e2bdbd1329008345f5422943ae8fbf8,FROZEN_NUMERIC_POLICY_FROM_FIXED_SPEC
FITB/2008/page_69.pdf-4,FITB/2008,3,KNOWN,1,2462d647bcc4cf652c9d48e7144c211ff32350cb074b45c2701ff2d47de4a859,FROZEN_NUMERIC_POLICY_FROM_FIXED_SPEC
AWK/2018/page_178.pdf-1,AWK/2018,1,KNOWN,1,6d43f93803fee25c9cc27976ea7a3373c4bb92d26d824e1fdf01fbc1ae08a6f8,FROZEN_NUMERIC_POLICY_FROM_FIXED_SPEC
DRE/2002/page_30.pdf-1,DRE/2002,0,KNOWN,0,3794eb7ea8cf645d106866659912f7902585b87dd674d7464e97244ef6037aef,FROZEN_NUMERIC_POLICY_FROM_FIXED_SPEC
MAS/2010/page_86.pdf-2,MAS/2010,0,KNOWN,1,c92705c0cf30b1bdbaeb0070989fc932f93a271c39e4975e0977192a3aa384e9,FROZEN_NUMERIC_POLICY_FROM_FIXED_SPEC
AWK/2015/page_112.pdf-1,AWK/2015,0,KNOWN,1,30fce7a42a2b6ee4f8f4398dd9dc510bb10d3bb3bb9af9ac4aba47eb63e78823,FROZEN_NUMERIC_POLICY_FROM_FIXED_SPEC
ETFC/2011/page_23.pdf-2,ETFC/2011,2,KNOWN,0,cbf7fa2882b52241292ca1da3718b663a6866c9282c16e77cb58ef14e2f01028,FROZEN_NUMERIC_POLICY_FROM_FIXED_SPEC
ETR/2004/page_163.pdf-5,ETR/2004,1,KNOWN,1,a19a2e51e65d8c746f07369d9051fba4c0985f49154aabb109f57def4b4bec8d,FROZEN_NUMERIC_POLICY_FROM_FIXED_SPEC
AMAT/2016/page_32.pdf-1,AMAT/2016,3,KNOWN,0,a5c6995e287ec3b2a09d9688f5837a01144f1dc461f153d99148bf8798be5f4b,FROZEN_NUMERIC_POLICY_FROM_FIXED_SPEC
ILMN/2008/page_77.pdf-1,ILMN/2008,4,KNOWN,1,9eb16a735e5141830c21818e707a22bc733d863d034604b7ca2446f0cb8562dc,FROZEN_NUMERIC_POLICY_FROM_FIXED_SPEC
MAR/2005/page_52.pdf-1,MAR/2005,0,KNOWN,0,08b6e1d9e1eac76731691c08d3401f7796e5b4904fbd49938793fd095e1f32c9,FROZEN_NUMERIC_POLICY_FROM_FIXED_SPEC
TSCO/2017/page_28.pdf-2,TSCO/2017,1,KNOWN,0,464f5b36f7958aea6461f95ca075a5dbc75483b8f9584e54af25682abe229eee,FROZEN_NUMERIC_POLICY_FROM_FIXED_SPEC
MRO/2009/page_32.pdf-4,MRO/2009,4,KNOWN,0,88f9754870e061b8d2e9eb55005cb84750a33ec3ed47a597038ed68e618779fb,FROZEN_NUMERIC_POLICY_FROM_FIXED_SPEC
STT/2008/page_139.pdf-3,STT/2008,0,KNOWN,0,cb919fabc372068c7446c2e1d3bd2c72d364391136b266a353ae3ba37dad98cf,FROZEN_NUMERIC_POLICY_FROM_FIXED_SPEC
AAP/2011/page_16.pdf-2,AAP/2011,1,KNOWN,0,ce50b01b30197345b443cdf28c41ad48ac76cd5d67fbf6ff90625e1400c843d4,FROZEN_NUMERIC_POLICY_FROM_FIXED_SPEC
BKNG/2015/page_38.pdf-3,BKNG/2015,3,KNOWN,0,c92523b6b50601f4cfbef286a2b088b19e47174ccd2d876dee200198db1561b1,FROZEN_NUMERIC_POLICY_FROM_FIXED_SPEC
DISCA/2016/page_30.pdf-4,DISCA/2016,0,KNOWN,0,70e380b72f616888464550f128130bb51b4da87842af1fd2eab09a1c1026b7bd,FROZEN_NUMERIC_POLICY_FROM_FIXED_SPEC
PNC/2012/page_98.pdf-4,PNC/2012,3,KNOWN,1,63882721137b0c6b4f7dae65b0ba7e912f241ce53ff21fbce3aa319ee330e881,FROZEN_NUMERIC_POLICY_FROM_FIXED_SPEC
ETR/2017/page_441.pdf-1,ETR/2017,4,KNOWN,1,4be4cd3f02cfddaf4a86f10465ac067b17bb22be9597c56750e603234780581d,FROZEN_NUMERIC_POLICY_FROM_FIXED_SPEC
AOS/2016/page_19.pdf-2,AOS/2016,0,KNOWN,0,9cdeae0b7464df6d547e0e012be1cf4405434e507493a39b7a9cc6f102311ba1,FROZEN_NUMERIC_POLICY_FROM_FIXED_SPEC
C/2008/page_176.pdf-3,C/2008,3,KNOWN,1,fb5cbe25b1d8aed5447ffc99c660f0b4301121d687db042872107fd03906cd56,FROZEN_NUMERIC_POLICY_FROM_FIXED_SPEC
LMT/2013/page_26.pdf-3,LMT/2013,2,KNOWN,1,c4c7a4115cbed13fed0e68d21e0216dab91048a852c1ccf16db7ceb03f5ce22d,FROZEN_NUMERIC_POLICY_FROM_FIXED_SPEC
JKHY/2016/page_61.pdf-1,JKHY/2016,0,KNOWN,0,00a02403f6df825765459d68b485cd15b4f776489548979dedac2b2c7baabbd2,FROZEN_NUMERIC_POLICY_FROM_FIXED_SPEC
AAL/2015/page_187.pdf-2,AAL/2015,3,KNOWN,1,d2df39640c79c1299deb0ddbc605aeda44900caca9d40461319854fd49562550,FROZEN_NUMERIC_POLICY_FROM_FIXED_SPEC
SNA/2007/page_47.pdf-1,SNA/2007,1,KNOWN,1,413aa1afe9eee3bf5d0f6389102b8590aa149f8b584bcfd7f49b212f24dd2acd,FROZEN_NUMERIC_POLICY_FROM_FIXED_SPEC
NKE/2015/page_37.pdf-4,NKE/2015,2,KNOWN,1,7b113607960f38d95ee6a006b4d78cae6b28875f48fb237dc2f7d6ab35c0fb18,FROZEN_NUMERIC_POLICY_FROM_FIXED_SPEC
ETR/2008/page_362.pdf-3,ETR/2008,0,KNOWN,1,29b27b74a8405aa8b77dab6dd8cd5a4dabe3eef86ceeb11c7df2e03e50600cd2,FROZEN_NUMERIC_POLICY_FROM_FIXED_SPEC
ETR/2004/page_160.pdf-2,ETR/2004,1,KNOWN,0,3c1c7d5cf81c6de409c977d5c165a7e93f236b2301c4ee8a180993438d8bdcbc,FROZEN_NUMERIC_POLICY_FROM_FIXED_SPEC
LMT/2016/page_85.pdf-1,LMT/2016,1,KNOWN,1,a0f45a34a9488bc5a0c0babf6942233c8f3e595f64eb62f6c4068cc738161903,FROZEN_NUMERIC_POLICY_FROM_FIXED_SPEC
LMT/2016/page_83.pdf-2,LMT/2016,1,KNOWN,1,a288981d2b26dcdb5ebac8d048167d81f8997248cb5d1e7678d1c81466f977c6,FROZEN_NUMERIC_POLICY_FROM_FIXED_SPEC
C/2009/page_48.pdf-1,C/2009,2,KNOWN,1,6f6632bebc9f9ae05a1570af229f8e8c5de3010cd369c25ea5fa43f6453f385d,FROZEN_NUMERIC_POLICY_FROM_FIXED_SPEC
JPM/2003/page_100.pdf-1,JPM/2003,4,KNOWN,0,e9e4b5222aad5254a0f47a1bf39ee62effc5248fb5dbbf8a3235bf94dafd5909,FROZEN_NUMERIC_POLICY_FROM_FIXED_SPEC
PKG/2004/page_21.pdf-2,PKG/2004,1,KNOWN,0,3161af471114d2e3003a75c61e455111c7d4865d644438601ceba50de2b22bc6,FROZEN_NUMERIC_POLICY_FROM_FIXED_SPEC
ETR/2017/page_25.pdf-4,ETR/2017,4,KNOWN,0,8b1f540686c3803f36f27bd1132085c46b0954a2d54ae3bdcab927b607bb94db,FROZEN_NUMERIC_POLICY_FROM_FIXED_SPEC
ETR/2016/page_352.pdf-1,ETR/2016,1,KNOWN,0,ead1c248b328713813b537b18a8ccfe363f4c000765d8cf4abeeda8894e295e0,FROZEN_NUMERIC_POLICY_FROM_FIXED_SPEC
BLL/2010/page_58.pdf-1,BLL/2010,1,KNOWN,0,c933eeb249854de373d5998b241116919aec110fd4e5e3a723f10e379c15d086,FROZEN_NUMERIC_POLICY_FROM_FIXED_SPEC
AES/2011/page_230.pdf-3,AES/2011,1,KNOWN,1,7616889cc525b43e3cc03bf129c64a17b300348ea8f2b746baa3a83b5ad2438b,FROZEN_NUMERIC_POLICY_FROM_FIXED_SPEC
RL/2018/page_9.pdf-2,RL/2018,1,KNOWN,1,09721ab9c24987fa97102f8ff89c9caa80f60cc57eee7c2f3a433c6d755ea2f1,FROZEN_NUMERIC_POLICY_FROM_FIXED_SPEC
STT/2006/page_92.pdf-4,STT/2006,0,KNOWN,1,70fa397f2562b5e01253f296882d16d9d7b78d5f9a7b1e19708df3dbc765d81f,FROZEN_NUMERIC_POLICY_FROM_FIXED_SPEC
MAS/2010/page_29.pdf-4,MAS/2010,0,KNOWN,1,19f11679d5026af660b353d881408663e4882dc6e39cefb3497d906b6cb78fbc,FROZEN_NUMERIC_POLICY_FROM_FIXED_SPEC
JPM/2008/page_86.pdf-2,JPM/2008,4,KNOWN,1,e8eb1bd5f4b20442b1e3cd8ec3b2cf19371ee5a04f548e9cc85327e15abbcf48,FROZEN_NUMERIC_POLICY_FROM_FIXED_SPEC
AMAT/2015/page_14.pdf-3,AMAT/2015,3,KNOWN,0,18eb83715605a491738b25581150d33e4a7b76f1967359a1f6e1abab255344fe,FROZEN_NUMERIC_POLICY_FROM_FIXED_SPEC
INTC/2013/page_40.pdf-2,INTC/2013,4,KNOWN,1,ace4c28c161767a35c0dbe6a0b4c809d91e4b9723b147adf6266eb0def25f855,FROZEN_NUMERIC_POLICY_FROM_FIXED_SPEC
ETR/2008/page_438.pdf-2,ETR/2008,0,KNOWN,1,ceb7e97850c4ee9c3e59e1e9044c9bf4e73723511dfc04a49fcd72fe3cb04355,FROZEN_NUMERIC_POLICY_FROM_FIXED_SPEC
WELL/2016/page_61.pdf-1,WELL/2016,0,KNOWN,0,0f8086dca2b3e72ed0ebbd85168b5be0d04af204c50673a6803efb0cd91f80de,FROZEN_NUMERIC_POLICY_FROM_FIXED_SPEC
MKTX/2004/page_24.pdf-1,MKTX/2004,3,KNOWN,0,0fd17122060af3b438b3bca0dab845859c3b5c7311e79553adf0fdae32b8c50c,FROZEN_NUMERIC_POLICY_FROM_FIXED_SPEC
AMT/2014/page_88.pdf-2,AMT/2014,4,KNOWN,1,ffea46553aadce089ff8035d5c16569271a96ea9505eaec6d8fe45bedec4d3a7,FROZEN_NUMERIC_POLICY_FROM_FIXED_SPEC
AMT/2012/page_123.pdf-3,AMT/2012,2,KNOWN,1,e4620a56abe4c8eec70893dc6a97048c0164900e8d698f3dc0d97107c5e64d7a,FROZEN_NUMERIC_POLICY_FROM_FIXED_SPEC
FIS/2012/page_11.pdf-3,FIS/2012,3,KNOWN,1,6ff897b9021deb5a19387b063f5c1ac5630e2bc35dee9b174fa84a0f79672063,FROZEN_NUMERIC_POLICY_FROM_FIXED_SPEC
RL/2009/page_20.pdf-1,RL/2009,1,KNOWN,1,c4617baf9b67dc590315351ec1e19c493cc112cc326758ebec36a7ac1d64ed3d,FROZEN_NUMERIC_POLICY_FROM_FIXED_SPEC
PNC/2013/page_85.pdf-2,PNC/2013,0,KNOWN,0,6802bda1e5cf251439dec879ecfd87e1e2ae729af1f09b96f94fd013b5e974e4,FROZEN_NUMERIC_POLICY_FROM_FIXED_SPEC
EL/2009/page_112.pdf-1,EL/2009,4,KNOWN,0,148bc05f957ed3f5e9374d204cc5f484da0b790c93e99c038551977e465f968f,FROZEN_NUMERIC_POLICY_FROM_FIXED_SPEC
CDNS/2018/page_82.pdf-3,CDNS/2018,1,KNOWN,1,463ed9d615defab7819b9dc47bf706dfdf6026a3619099af7a6c0f27613f1cb3,FROZEN_NUMERIC_POLICY_FROM_FIXED_SPEC
RE/2017/page_145.pdf-3,RE/2017,0,KNOWN,1,3225855a64f163a270efd43eaf37d7c2ac66c8e146a23e19b6c4c42a19b8328f,FROZEN_NUMERIC_POLICY_FROM_FIXED_SPEC
AAL/2014/page_89.pdf-1,AAL/2014,1,KNOWN,0,8173a328424b15a5769655a757586d78c580c135115b84900b2d38d2b2e564f6,FROZEN_NUMERIC_POLICY_FROM_FIXED_SPEC
RSG/2015/page_18.pdf-1,RSG/2015,3,KNOWN,0,d5e54676fe1598cd806bd309959c49aa0de24b23574db75a9fa429d6ae8205b8,FROZEN_NUMERIC_POLICY_FROM_FIXED_SPEC
RSG/2012/page_145.pdf-1,RSG/2012,4,KNOWN,1,f7fbb48f7da4bd692546b6c39298630f02d0711cf9964fcc582d9c068fb38859,FROZEN_NUMERIC_POLICY_FROM_FIXED_SPEC
DVN/2010/page_70.pdf-1,DVN/2010,3,KNOWN,1,47c10093796c33f835b640684118cf08e4f5b0674c8a4ffdb7488e47b1c57ba6,FROZEN_NUMERIC_POLICY_FROM_FIXED_SPEC
CNC/2003/page_41.pdf-1,CNC/2003,1,KNOWN,1,db030cf26b378919367d929325651e5310ed90c51e2c6f92f0984b42f1dabc83,FROZEN_NUMERIC_POLICY_FROM_FIXED_SPEC
AAL/2014/page_92.pdf-1,AAL/2014,1,KNOWN,1,ccd23594346e1d9d07ee9bc5efc7bf7d673b6ba959ec25260f579c740398c20b,FROZEN_NUMERIC_POLICY_FROM_FIXED_SPEC
HFC/2017/page_103.pdf-5,HFC/2017,1,KNOWN,1,7224194022f6c05e1e8cbc4f1fd2e835b1886186d9daf4998937760f278170ae,FROZEN_NUMERIC_POLICY_FROM_FIXED_SPEC
AAPL/2017/page_23.pdf-2,AAPL/2017,2,KNOWN,0,67b8f35da7356ede9df53ea61bf4b9c0f27a387b4727e7d360300b372f440281,FROZEN_NUMERIC_POLICY_FROM_FIXED_SPEC
V/2008/page_165.pdf-2,V/2008,0,KNOWN,1,7dc991d79cd29416f646842ef10cd4e03ff4c0ae83361c2940147bc8664cf62c,FROZEN_NUMERIC_POLICY_FROM_FIXED_SPEC
GPN/2017/page_76.pdf-2,GPN/2017,0,KNOWN,1,877801ab2d11c11dbad8b8d4b7cf148fd5fb730d34c5bc43e73b052e27526ae5,FROZEN_NUMERIC_POLICY_FROM_FIXED_SPEC
UNP/2018/page_50.pdf-1,UNP/2018,0,KNOWN,1,94732b9705082ccc6d618b5e8f91abaa7308496e04b849299f09b414ba42a7c9,FROZEN_NUMERIC_POLICY_FROM_FIXED_SPEC
IPG/2017/page_26.pdf-2,IPG/2017,1,KNOWN,0,01a415a4ae163f79bed12300a1ab7d7e16dd88799af50b5d17e8b30e4d7d1be2,FROZEN_NUMERIC_POLICY_FROM_FIXED_SPEC
V/2013/page_113.pdf-1,V/2013,4,KNOWN,1,63084657646d2b56370cd3195dcfbc4f384c80b333c493dfd64f090e670248c4,FROZEN_NUMERIC_POLICY_FROM_FIXED_SPEC
RSG/2008/page_127.pdf-2,RSG/2008,0,KNOWN,1,4295db5e2ac9491a19f85dd665e55579f6d79e56219e179f7297630ada2ed642,FROZEN_NUMERIC_POLICY_FROM_FIXED_SPEC
MA/2008/page_113.pdf-4,MA/2008,4,KNOWN,0,0ead20bb81241869be884d3f6f4128b000c16419dae9a1b3b00293a360cc2ccf,FROZEN_NUMERIC_POLICY_FROM_FIXED_SPEC
SLG/2012/page_61.pdf-2,SLG/2012,2,KNOWN,0,3eb1b497686bccb4c5bf194ee09393fa416d13847999dc503113ef9e72632121,FROZEN_NUMERIC_POLICY_FROM_FIXED_SPEC
AWK/2018/page_172.pdf-3,AWK/2018,1,KNOWN,1,a00aafdb3215ae97aaab2aa86cf6ee5d7b400df8aab9a6218e13f15b381534c5,FROZEN_NUMERIC_POLICY_FROM_FIXED_SPEC
ETFC/2013/page_155.pdf-1,ETFC/2013,0,KNOWN,0,235e7db17d90c12adabb51ba5a4a304caacb0ab31dd0b8d7131d9343adcd0e29,FROZEN_NUMERIC_POLICY_FROM_FIXED_SPEC
LMT/2016/page_50.pdf-3,LMT/2016,1,UNKNOWN,,e2247eb0ed8895f90c77ef5548d7f86d2eab2bf0d0348f1711c7fede3c232249,FROZEN_NUMERIC_POLICY_FROM_FIXED_SPEC
HOLX/2005/page_27.pdf-1,HOLX/2005,0,KNOWN,0,4ce397d18045c5bfb4598cd07e51b757e3ac9d552fe7c89bf755641e45ef4633,FROZEN_NUMERIC_POLICY_FROM_FIXED_SPEC
LMT/2017/page_26.pdf-2,LMT/2017,0,KNOWN,1,5de7fe0e5f27f7371c19fbbf6847a04a7da76b5036ab1ebaf622e788165a5f26,FROZEN_NUMERIC_POLICY_FROM_FIXED_SPEC
AAL/2015/page_183.pdf-2,AAL/2015,3,KNOWN,0,e32a40221b16d894b6128e9c9604340c144268e6fd6daa0c746888e75c762209,FROZEN_NUMERIC_POLICY_FROM_FIXED_SPEC
CB/2009/page_220.pdf-1,CB/2009,1,KNOWN,0,0ac352f1d922db944aa0a75e8f8eca79de2c56ef68fadfc3639a8f1a94f582d2,FROZEN_NUMERIC_POLICY_FROM_FIXED_SPEC
HUM/2005/page_80.pdf-3,HUM/2005,2,KNOWN,1,3f32ac616fd186567555703a5e642641bdb81237631657e3811c7989cf3c96ab,FROZEN_NUMERIC_POLICY_FROM_FIXED_SPEC
JKHY/2015/page_20.pdf-1,JKHY/2015,3,KNOWN,1,43c4db4712fb1359360e76bc33c38192023d8cc7742f7abe528621effebf70ef,FROZEN_NUMERIC_POLICY_FROM_FIXED_SPEC
GS/2016/page_183.pdf-4,GS/2016,0,KNOWN,1,823467b2807656436004a0a9a767ecde1a7e8a0497a1a7716183fdfed30ab9aa,FROZEN_NUMERIC_POLICY_FROM_FIXED_SPEC
C/2009/page_255.pdf-2,C/2009,2,KNOWN,1,84faf7842649a58ef69d5e066c23975abd213f661b712f9381e420aed28afcf3,FROZEN_NUMERIC_POLICY_FROM_FIXED_SPEC
VNO/2010/page_88.pdf-1,VNO/2010,1,KNOWN,0,6b5e30025802643d780e84deb0f1c1010470b9bf2bbe941dc3b393d7739d1963,FROZEN_NUMERIC_POLICY_FROM_FIXED_SPEC
EW/2014/page_35.pdf-1,EW/2014,3,KNOWN,1,fa653cc5ffdf0181706c7248cbf65fdd4dea779f88ade3df47c27a44d3727562,FROZEN_NUMERIC_POLICY_FROM_FIXED_SPEC
AAPL/2015/page_68.pdf-3,AAPL/2015,3,KNOWN,0,abf00d123d555a940e85a2700d976c2c069f2aaf26ac1927e716d53de4e5fca4,FROZEN_NUMERIC_POLICY_FROM_FIXED_SPEC
PKG/2018/page_66.pdf-1,PKG/2018,2,KNOWN,1,a9c061963fb98d8a2c0799b2a664e5bd77a67ee5492d1df6ad491648506bf907,FROZEN_NUMERIC_POLICY_FROM_FIXED_SPEC
RSG/2008/page_141.pdf-1,RSG/2008,0,KNOWN,0,7d295602df4358537c629d89861ba0b53476f03e176e72e5c748490b9f414dcd,FROZEN_NUMERIC_POLICY_FROM_FIXED_SPEC
TROW/2013/page_25.pdf-3,TROW/2013,3,KNOWN,1,cc6f69226996b506ca7d8b6366f6c60e36bfaff0bc936e2b19a2421ec55dc4b3,FROZEN_NUMERIC_POLICY_FROM_FIXED_SPEC
HFC/2017/page_103.pdf-1,HFC/2017,1,KNOWN,0,ba5ff93970e43afc364134280ce138125aa546faf6b12405faea1306bc6cfe8d,FROZEN_NUMERIC_POLICY_FROM_FIXED_SPEC
GS/2012/page_177.pdf-2,GS/2012,4,KNOWN,0,9ec2a8c827104eeb1eae229713595e4239bb854f548432c17d0d9fd31c92832b,FROZEN_NUMERIC_POLICY_FROM_FIXED_SPEC
RCL/2017/page_38.pdf-2,RCL/2017,0,KNOWN,0,8f1acaf7fe1cf8b59fb0a72b5522ce07fd7c8279ff657be0df96bd54eb8e2614,FROZEN_NUMERIC_POLICY_FROM_FIXED_SPEC
SLB/2010/page_90.pdf-1,SLB/2010,3,KNOWN,0,b716cba57320ffde7aa4f7fbcb3d1ac049eede3e825e7bb15d2dac19da5b4fe6,FROZEN_NUMERIC_POLICY_FROM_FIXED_SPEC
UNP/2008/page_71.pdf-2,UNP/2008,0,KNOWN,1,7ea6c653e8685d66cc23ccc35c7051d54af99ee0d5401476df37e4eb17ff20bb,FROZEN_NUMERIC_POLICY_FROM_FIXED_SPEC
UPS/2013/page_34.pdf-3,UPS/2013,4,KNOWN,1,094bbadd56dd0773dbf03606e0b92d3b1e3d1d58ad9d51b07d151b3456b2fe80,FROZEN_NUMERIC_POLICY_FROM_FIXED_SPEC
STT/2006/page_92.pdf-3,STT/2006,0,KNOWN,0,ce1a3e2b6581ba347c4e743b83d769dc1a5a0e7646bcc25d4868e77082d49c0a,FROZEN_NUMERIC_POLICY_FROM_FIXED_SPEC
LLY/2018/page_99.pdf-3,LLY/2018,2,KNOWN,0,3c77ed140e443d8c9a2cca88b8c4c633666de788b223793da035585d57f8814e,FROZEN_NUMERIC_POLICY_FROM_FIXED_SPEC
C/2008/page_219.pdf-1,C/2008,3,KNOWN,1,cfba56d3343380aeb1fd3274171bc7637cabaeeb8b54cf45cb13db4ff6913d9e,FROZEN_NUMERIC_POLICY_FROM_FIXED_SPEC
ETR/2016/page_352.pdf-2,ETR/2016,1,KNOWN,0,8c98ef09cebcbc46f6d711736428aa23e292ef21cc3673280d7f92156f5e0ba3,FROZEN_NUMERIC_POLICY_FROM_FIXED_SPEC
UNP/2009/page_83.pdf-2,UNP/2009,2,KNOWN,1,a55ee0cc84137276491a1deae0492ac99980f0249d067ef6f33ee22868fe660d,FROZEN_NUMERIC_POLICY_FROM_FIXED_SPEC
C/2008/page_207.pdf-2,C/2008,3,KNOWN,0,35648cc134dc67614569eeb4e050dcb79882a0696e531587c25ca7de226a8003,FROZEN_NUMERIC_POLICY_FROM_FIXED_SPEC
LMT/2016/page_50.pdf-4,LMT/2016,1,UNKNOWN,,4323f68dd868c428d93ccbc6176a8e65a3e69d4399d94a463b1ace04525c6545,FROZEN_NUMERIC_POLICY_FROM_FIXED_SPEC
LKQ/2009/page_66.pdf-2,LKQ/2009,2,KNOWN,1,834f15758455a51257feff82c56c18f39ade711b5c82ba55fb27bc5a8b350c07,FROZEN_NUMERIC_POLICY_FROM_FIXED_SPEC
ORLY/2017/page_30.pdf-1,ORLY/2017,2,KNOWN,1,7d7039f92a444edb327e2d5f5b3c16847494dfdd016bcf928bae99c6818509c2,FROZEN_NUMERIC_POLICY_FROM_FIXED_SPEC
C/2009/page_194.pdf-2,C/2009,2,KNOWN,1,2ece0728c93fa657c9ec6fb49704bd69d14a8c2d489749fac5c29e1af358e825,FROZEN_NUMERIC_POLICY_FROM_FIXED_SPEC
FITB/2008/page_69.pdf-3,FITB/2008,3,KNOWN,1,02de84a18c868e5bc6e8049a9b423031400201d9cc31b6825e6c4aa80ffe56c5,FROZEN_NUMERIC_POLICY_FROM_FIXED_SPEC
AAPL/2018/page_23.pdf-1,AAPL/2018,1,KNOWN,0,b9104f24036b30268214c6aa8ec8bc9a3db76b754c643bf2c955c8e2473ca19f,FROZEN_NUMERIC_POLICY_FROM_FIXED_SPEC
UNP/2018/page_50.pdf-2,UNP/2018,0,KNOWN,1,4574552cc306a2b401784e0ac3de204814f926028187013fbdb8bf0e666d07d7,FROZEN_NUMERIC_POLICY_FROM_FIXED_SPEC
APD/2013/page_44.pdf-1,APD/2013,0,KNOWN,1,f57ede1669011baa95ed961cf255fdecf7c174dbdf4c02702b99f8f950251bee,FROZEN_NUMERIC_POLICY_FROM_FIXED_SPEC
SNPS/2012/page_61.pdf-4,SNPS/2012,1,KNOWN,1,0359de4c4e9708a3945fbe9295fce7683892e5ccdc6c2105a00432d0879a1967,FROZEN_NUMERIC_POLICY_FROM_FIXED_SPEC
SLG/2009/page_99.pdf-4,SLG/2009,2,KNOWN,1,679ca4870d1e007442af661008d911689673c0be1bfbb8e8fd122927a3491b89,FROZEN_NUMERIC_POLICY_FROM_FIXED_SPEC
EW/2016/page_36.pdf-2,EW/2016,1,KNOWN,1,b2c766a8be46e8cfeac986b5601bad7400de83a579d2a9aca3bc63350979f63c,FROZEN_NUMERIC_POLICY_FROM_FIXED_SPEC
SNPS/2006/page_68.pdf-2,SNPS/2006,0,KNOWN,1,8ae9924b37c400fe07d71b1019710e415fc694e0f9f8488f266246f23d701597,FROZEN_NUMERIC_POLICY_FROM_FIXED_SPEC
KHC/2016/page_94.pdf-1,KHC/2016,1,KNOWN,1,8b13ac0cfcbe56e9bf5065e1b9482e21307e4c4e1b54e1406be302880d63dedb,FROZEN_NUMERIC_POLICY_FROM_FIXED_SPEC
RCL/2012/page_80.pdf-1,RCL/2012,1,KNOWN,0,93e0f42c99f3a8b48b0dcadc0c1d235cda59ffe12ee1d8a60607457aa560fc01,FROZEN_NUMERIC_POLICY_FROM_FIXED_SPEC
HIG/2013/page_124.pdf-3,HIG/2013,4,KNOWN,0,bbcc6e6dbca15afd08adabd95a41fab06e7619860a3443cffc5203888209a2cc,FROZEN_NUMERIC_POLICY_FROM_FIXED_SPEC
ADI/2012/page_65.pdf-1,ADI/2012,3,KNOWN,0,ea778852c3471cdc703737485decf7a3b68cdac0d3245342ffbf7ca877066f91,FROZEN_NUMERIC_POLICY_FROM_FIXED_SPEC
C/2009/page_279.pdf-2,C/2009,2,KNOWN,0,7a2192a357183d1b72a4df4b070591a70120ac655602505729605ab0f2dcc4e9,FROZEN_NUMERIC_POLICY_FROM_FIXED_SPEC
APTV/2013/page_48.pdf-2,APTV/2013,3,KNOWN,0,62da763bd2252744a5640a09fb9b287f77538b64f9d9ca40d0b657195f2dc2fd,FROZEN_NUMERIC_POLICY_FROM_FIXED_SPEC
AMAT/2016/page_30.pdf-3,AMAT/2016,3,KNOWN,0,1b9e259ac4c708c4c7db47b6ae695716e25ee5fbf1506ca3e6f8cd340d5d6ce8,FROZEN_NUMERIC_POLICY_FROM_FIXED_SPEC
AAL/2015/page_131.pdf-3,AAL/2015,3,KNOWN,1,4550962040d87c5ac7eb138cf8bb116500791c556e9cd4aece256ac58abf8efd,FROZEN_NUMERIC_POLICY_FROM_FIXED_SPEC
WRK/2019/page_31.pdf-3,WRK/2019,3,KNOWN,0,0838829d3bb2226705822bd9c44de1d62fb09735ccf13329e40d041208a48340,FROZEN_NUMERIC_POLICY_FROM_FIXED_SPEC
ORLY/2018/page_30.pdf-1,ORLY/2018,0,KNOWN,0,b4028dc0480736ccfd336dc544725d04f53111802981bde64c1e9567acba961c,FROZEN_NUMERIC_POLICY_FROM_FIXED_SPEC
BLL/2006/page_89.pdf-1,BLL/2006,1,KNOWN,1,4b3e59ff31ff227ddea93cb9c6f3d7d3879a8baef96a01ed306ea81ad8ce2cd9,FROZEN_NUMERIC_POLICY_FROM_FIXED_SPEC
AMT/2016/page_69.pdf-3,AMT/2016,0,UNKNOWN,,c214954576f091926b0fd4c7eee81077121df69769de5e4fce758979ff57cc42,FROZEN_NUMERIC_POLICY_FROM_FIXED_SPEC
ETR/2008/page_343.pdf-3,ETR/2008,0,KNOWN,1,3fc3ee48dd9411050a8c6f02562783cf4c8bb7f56beef50842e4167392588314,FROZEN_NUMERIC_POLICY_FROM_FIXED_SPEC
AWK/2014/page_45.pdf-2,AWK/2014,4,KNOWN,1,8916e33e009709ed710796e141a683a3ff182adec998d7136c9f398af51a1b72,FROZEN_NUMERIC_POLICY_FROM_FIXED_SPEC
AAPL/2006/page_79.pdf-4,AAPL/2006,4,KNOWN,0,bbf312f12dc3b8cc14bc3b358daaf1f8a195f09079446bf990e4ef6ce3926435,FROZEN_NUMERIC_POLICY_FROM_FIXED_SPEC
APTV/2015/page_50.pdf-2,APTV/2015,0,KNOWN,0,097a21d9bd9a20adb72135d2e6677e9f552897b7ce03162ecf2f6f52536458f1,FROZEN_NUMERIC_POLICY_FROM_FIXED_SPEC
AAP/2013/page_32.pdf-2,AAP/2013,2,KNOWN,1,b048367bdee0d961bfc5fbfceb5c177de66e923d23d4337499a3a383e9abed5d,FROZEN_NUMERIC_POLICY_FROM_FIXED_SPEC
APD/2014/page_71.pdf-1,APD/2014,4,KNOWN,1,252b3769fb3a9a64ff1d625992f6881d8d50f7fcd4548233f9f1d6468ce17609,FROZEN_NUMERIC_POLICY_FROM_FIXED_SPEC
LMT/2010/page_24.pdf-4,LMT/2010,0,KNOWN,1,510816326f597053112f11350e4bcf7765e0b58a603e266705dc7880a259e359,FROZEN_NUMERIC_POLICY_FROM_FIXED_SPEC
ETR/2016/page_505.pdf-2,ETR/2016,1,UNKNOWN,,213c22702204d183a0c903e16ed4c85c97f22065a51982b8a06d0260930a04dc,FROZEN_NUMERIC_POLICY_FROM_FIXED_SPEC
PKG/2004/page_21.pdf-3,PKG/2004,1,KNOWN,0,747cb0ae289d46d152f4dd6014e345c00bd824250a2f7b8dfb338d24091f2f7e,FROZEN_NUMERIC_POLICY_FROM_FIXED_SPEC
STT/2008/page_139.pdf-1,STT/2008,0,KNOWN,0,9e3e4e7792123185e3876d72b797bbf9a5b718c3c4ba8bf3e6c2eb1e216a2845,FROZEN_NUMERIC_POLICY_FROM_FIXED_SPEC
VNO/2003/page_102.pdf-2,VNO/2003,3,KNOWN,1,574fd1aed13e1cb1eb8c5a047d60e06a3f80b698dbf80310761963d2a3c587c2,FROZEN_NUMERIC_POLICY_FROM_FIXED_SPEC
GS/2014/page_62.pdf-2,GS/2014,3,KNOWN,0,c438fea6ade2e924898aa884f8317ad46f8bbc2ac8633951eceb8272140e3ad1,FROZEN_NUMERIC_POLICY_FROM_FIXED_SPEC
HST/2018/page_115.pdf-2,HST/2018,3,KNOWN,1,7b6094d3a8b24e65ca52a40d3656335b640177e005b9c808fffeaee583806da8,FROZEN_NUMERIC_POLICY_FROM_FIXED_SPEC
ORLY/2016/page_29.pdf-3,ORLY/2016,1,KNOWN,0,5fb3cb28183bd829bf33301c5ed52cac0d6bac163cc38338169a8c4a4caef47f,FROZEN_NUMERIC_POLICY_FROM_FIXED_SPEC
UNP/2017/page_74.pdf-2,UNP/2017,1,KNOWN,1,b86cce2846221db235a8c937aeb38c82c4fa32dbc5fbcc4bae49535bec9a22c1,FROZEN_NUMERIC_POLICY_FROM_FIXED_SPEC
VTR/2007/page_48.pdf-4,VTR/2007,4,KNOWN,0,eccf0ecd459716df9858b3bad27d36dcbee8180e6ef7eba461359066a19449b8,FROZEN_NUMERIC_POLICY_FROM_FIXED_SPEC
IPG/2014/page_37.pdf-1,IPG/2014,1,KNOWN,1,c6ca88324080dd55c6490c0c1f4280ef3e9ec6c34edc500c08c67b7c352edfe5,FROZEN_NUMERIC_POLICY_FROM_FIXED_SPEC
TSCO/2018/page_31.pdf-1,TSCO/2018,2,KNOWN,0,6e371519df620c549d19e0cc903fb888d518b4b82951290bf5bfadf57d759af4,FROZEN_NUMERIC_POLICY_FROM_FIXED_SPEC
PPG/2018/page_60.pdf-1,PPG/2018,0,KNOWN,1,8af05912ba7d5f9a0a2ac209a9fff80cf1144b02312874dae5e3d724157c38a0,FROZEN_NUMERIC_POLICY_FROM_FIXED_SPEC
ADBE/2014/page_99.pdf-3,ADBE/2014,2,KNOWN,1,781095093b9d84563c29b19bbd44d991b24867a777f2ba274db494677158c2a6,FROZEN_NUMERIC_POLICY_FROM_FIXED_SPEC
AWK/2015/page_106.pdf-3,AWK/2015,0,KNOWN,0,23c4a1f3f01bc683d6ded8d510602c90ee71357d0a6f549657a350c865f29b19,FROZEN_NUMERIC_POLICY_FROM_FIXED_SPEC
AWK/2017/page_172.pdf-1,AWK/2017,4,KNOWN,1,ad3b5290619ab51a6b17ed31f31e2215c87e9bc1aa9fcf2dc104c0a8bb8335a1,FROZEN_NUMERIC_POLICY_FROM_FIXED_SPEC
DISCA/2012/page_54.pdf-3,DISCA/2012,1,KNOWN,0,691c82ae0f1af3442e7b3613d841ba72b9396d8e95fea891f976de2088e0df0e,FROZEN_NUMERIC_POLICY_FROM_FIXED_SPEC
AWK/2017/page_154.pdf-4,AWK/2017,4,KNOWN,0,3fa7b0c05cdd84d7971521944e71f14faadfccc242cc956e1220ccd703e2ace6,FROZEN_NUMERIC_POLICY_FROM_FIXED_SPEC
AWK/2013/page_123.pdf-1,AWK/2013,4,KNOWN,1,84037369c6eacd9de4221590867939776ddd9a9b7f0dd0da0a3a2ea9894fce65,FROZEN_NUMERIC_POLICY_FROM_FIXED_SPEC
RL/2015/page_9.pdf-2,RL/2015,3,KNOWN,1,61f46bd08fb516c80cb311024fc1cd51bf26b5cb2932c184ba10709e2110edfe,FROZEN_NUMERIC_POLICY_FROM_FIXED_SPEC
NKE/2015/page_37.pdf-3,NKE/2015,2,KNOWN,1,96f7ee1b1a64fad71e9700a6bca298a693377dfd79c6ee4869c609b6720f2ef5,FROZEN_NUMERIC_POLICY_FROM_FIXED_SPEC
HUM/2012/page_109.pdf-2,HUM/2012,4,KNOWN,0,aead28d7f7876754c999ba9896babaa4d17fae8229aa2ede2cb7cc2ee7488680,FROZEN_NUMERIC_POLICY_FROM_FIXED_SPEC
AWK/2015/page_127.pdf-2,AWK/2015,0,KNOWN,0,340c68cceb6463527bdf378cd28e8006b6a6e58e00a45b0dea57329b3c3da642,FROZEN_NUMERIC_POLICY_FROM_FIXED_SPEC
AAP/2016/page_65.pdf-1,AAP/2016,1,KNOWN,1,fb4eb63cbe5d2efbad05a421ce2a4b5bb1b58e25d09fce6350013014eb7a2bcc,FROZEN_NUMERIC_POLICY_FROM_FIXED_SPEC
GS/2014/page_134.pdf-1,GS/2014,3,KNOWN,1,8222ca81bcfacf200bfb55cecb682500fe8f26e794b7878b7d62801b73e7bf0b,FROZEN_NUMERIC_POLICY_FROM_FIXED_SPEC
RCL/2006/page_37.pdf-2,RCL/2006,2,KNOWN,1,10effe06d774d132737ca4aa88c0517862752f1b0ba182632c024a402b845a2c,FROZEN_NUMERIC_POLICY_FROM_FIXED_SPEC
PKG/2006/page_68.pdf-4,PKG/2006,4,KNOWN,1,e53fb734aeb9f531d54e8af0d4113d0ee12be3752295ecf0c0f4f5f4b56e2c9a,FROZEN_NUMERIC_POLICY_FROM_FIXED_SPEC
ALLE/2018/page_121.pdf-2,ALLE/2018,1,KNOWN,1,512b3052cf8511e4bc8255410f403f3ee94d842cd12857707a7d2821afe0cad5,FROZEN_NUMERIC_POLICY_FROM_FIXED_SPEC
AAPL/2014/page_78.pdf-1,AAPL/2014,2,KNOWN,1,fc312900c079a01c5d92d4d4f447df59aded4e456dba2953361c3b736ecc911b,FROZEN_NUMERIC_POLICY_FROM_FIXED_SPEC
IPG/2018/page_104.pdf-3,IPG/2018,2,KNOWN,1,0c10797c9707170ca25808fe249ee4121d26763a064a77d2b4e6870e2b536ecd,FROZEN_NUMERIC_POLICY_FROM_FIXED_SPEC
IPG/2018/page_26.pdf-1,IPG/2018,2,KNOWN,1,8052641521f0cc62614ea0424dfcac9977f1cd4917f8e0ca145baf9c7cdf8559,FROZEN_NUMERIC_POLICY_FROM_FIXED_SPEC
FIS/2007/page_33.pdf-1,FIS/2007,0,KNOWN,1,b73f248bab991ca20b05236de7b03b87c2f8911d8537422a524bc444b29f994e,FROZEN_NUMERIC_POLICY_FROM_FIXED_SPEC
TFX/2015/page_42.pdf-1,TFX/2015,3,KNOWN,1,5b9544a01bc0ab6827a3d2eb160762983133086c9776ce40bffaedc8d65e9a26,FROZEN_NUMERIC_POLICY_FROM_FIXED_SPEC
C/2016/page_120.pdf-2,C/2016,4,KNOWN,0,98ec9b4263acd380c8cae3bfd6265db4c768bff6790b8ad1edc13c4e80d86c0a,FROZEN_NUMERIC_POLICY_FROM_FIXED_SPEC
LMT/2016/page_85.pdf-3,LMT/2016,1,KNOWN,1,41ae74be61250a6b6e4dc46ef6f36181eb8b707855ee012d4fd1401f963e5aab,FROZEN_NUMERIC_POLICY_FROM_FIXED_SPEC
RSG/2017/page_74.pdf-1,RSG/2017,2,KNOWN,0,a084c97f27a1c77f125c361e9996c337d0b67eb1572f3ab8438352ca044e64ad,FROZEN_NUMERIC_POLICY_FROM_FIXED_SPEC
RCL/2017/page_38.pdf-1,RCL/2017,0,KNOWN,0,6f9001a44ca3011c88023007cc548fb472a1a26dbbc05b7dbaf7b9f1e67fbb2b,FROZEN_NUMERIC_POLICY_FROM_FIXED_SPEC
AAPL/2002/page_63.pdf-3,AAPL/2002,2,KNOWN,1,59b83b1a906e756a4a9dc1e22e017d73e8ff6e283c002b1a6213ae7272c8c38c,FROZEN_NUMERIC_POLICY_FROM_FIXED_SPEC
RCL/2016/page_37.pdf-3,RCL/2016,1,KNOWN,0,e81a869b1adf605836e2727e613e3fb462c08864fe00788479a2334bfb8b91fb,FROZEN_NUMERIC_POLICY_FROM_FIXED_SPEC
AAPL/2002/page_26.pdf-4,AAPL/2002,2,KNOWN,0,f3c5c4e8f5b0c16596f99820fae4a2b19b9eee47dfc717edd13b90323e8e7458,FROZEN_NUMERIC_POLICY_FROM_FIXED_SPEC
AAP/2016/page_26.pdf-2,AAP/2016,1,KNOWN,1,be0e0f92aa01d7ce0eab9a9373dbcbac97c652acf094f608c0b04b9d47a98870,FROZEN_NUMERIC_POLICY_FROM_FIXED_SPEC
APD/2019/page_100.pdf-2,APD/2019,1,KNOWN,1,80678b83b70082f6e623d11d0175ab25d25d139968acb96858928c0ac00cc48a,FROZEN_NUMERIC_POLICY_FROM_FIXED_SPEC
UPS/2017/page_111.pdf-1,UPS/2017,3,KNOWN,0,d3c3592b5b11b5e9a1819662594a4567ff5b5dbaa07e13d85c792f924f4f250d,FROZEN_NUMERIC_POLICY_FROM_FIXED_SPEC
PPG/2005/page_20.pdf-2,PPG/2005,4,KNOWN,0,bdcb089c85b2b77951e93c18480683017d34a71b910827e6047140c1e82bab90,FROZEN_NUMERIC_POLICY_FROM_FIXED_SPEC
RL/2015/page_9.pdf-1,RL/2015,3,KNOWN,0,c7722b98f40151c5950e0e98d1678ddc5206df103f1c896854e240bd325ed30e,FROZEN_NUMERIC_POLICY_FROM_FIXED_SPEC
HIG/2004/page_192.pdf-4,HIG/2004,0,KNOWN,0,13af236f78558bd38f406ee04f55426863397be5b06affa76db76325eeeb3eb0,FROZEN_NUMERIC_POLICY_FROM_FIXED_SPEC
RSG/2009/page_78.pdf-2,RSG/2009,4,KNOWN,1,107d627f8b795e9f71a963cc40d24b335e687405bb73710468974a89765664e0,FROZEN_NUMERIC_POLICY_FROM_FIXED_SPEC
AWK/2015/page_21.pdf-2,AWK/2015,0,KNOWN,1,b6ceee1674db1e840445d0eb66fa10d7faa271b237c1a72413916e998eec390a,FROZEN_NUMERIC_POLICY_FROM_FIXED_SPEC
AON/2015/page_29.pdf-2,AON/2015,2,KNOWN,0,2b877ca7e5f53d718155c54559bdab9e6d2451e471c08deee3b61daa6d240928,FROZEN_NUMERIC_POLICY_FROM_FIXED_SPEC
LMT/2010/page_24.pdf-1,LMT/2010,0,KNOWN,0,3c0b5bebcb223e4a915b44ce1f66fb8bf9e9bfc3824526cf3f2f472d75a84b0b,FROZEN_NUMERIC_POLICY_FROM_FIXED_SPEC
BKR/2018/page_127.pdf-1,BKR/2018,3,KNOWN,0,0a9fd4c49eb699bc8030e3f226e036aad1e299368692aaf5150a7f0018b41bb3,FROZEN_NUMERIC_POLICY_FROM_FIXED_SPEC
UNP/2010/page_55.pdf-2,UNP/2010,3,KNOWN,1,0039123bd6f0ec5e7335612adb15adf35c42e55419fbeb7ca739810932f7475b,FROZEN_NUMERIC_POLICY_FROM_FIXED_SPEC
PPG/2012/page_70.pdf-1,PPG/2012,2,KNOWN,1,e669f872a82b59bbcf58d3e42fc78d8a1a7393d79d5bdd4bc7029ff9621b4dce,FROZEN_NUMERIC_POLICY_FROM_FIXED_SPEC
MMM/2007/page_37.pdf-1,MMM/2007,2,KNOWN,0,922ebea7cc621bf1d973415118decf6e983b3f75ce4e2d5032db30847d2ef09f,FROZEN_NUMERIC_POLICY_FROM_FIXED_SPEC
EW/2014/page_68.pdf-1,EW/2014,3,KNOWN,0,a8e27f74c6a7624391ac69f3ea63278a926d4c0bd7fd203361e00ed6e672a3c0,FROZEN_NUMERIC_POLICY_FROM_FIXED_SPEC
APD/2018/page_113.pdf-1,APD/2018,2,KNOWN,1,c4c3885a60a3783acfbce4634a1d21be55ce94b789dd6e37e9222342de189520,FROZEN_NUMERIC_POLICY_FROM_FIXED_SPEC
AMAT/2016/page_30.pdf-2,AMAT/2016,3,KNOWN,0,d69b9e242158574719a7bc0b348ddcdab3e99e76e854561ce08e598dd61bb628,FROZEN_NUMERIC_POLICY_FROM_FIXED_SPEC
FIS/2016/page_64.pdf-2,FIS/2016,0,KNOWN,0,01ccdb91d24eeda6d7e630925538ca67e5fe3d9a55aadb6cc322d1c7c10b3c81,FROZEN_NUMERIC_POLICY_FROM_FIXED_SPEC
AMT/2016/page_69.pdf-1,AMT/2016,0,KNOWN,0,bb26be951e6df62be55115db9da3d0efa724f307928c6b65498f50cec42c90aa,FROZEN_NUMERIC_POLICY_FROM_FIXED_SPEC
STT/2017/page_63.pdf-3,STT/2017,4,KNOWN,0,4c8b65c6eb071d7aa9880bf908330d9c0d4efbdd95e6ce86a8f4cafba291dca4,FROZEN_NUMERIC_POLICY_FROM_FIXED_SPEC
PNC/2008/page_144.pdf-1,PNC/2008,0,KNOWN,1,af7be2b0b6ff9f2c9ceff237ba15a1367c403a7b22fb60169dc918d52651ac60,FROZEN_NUMERIC_POLICY_FROM_FIXED_SPEC
ETR/2002/page_266.pdf-1,ETR/2002,1,KNOWN,1,e12bec8f8588946e2b84d9a79c9c2fe26ed8164ceb69f991bb7aec6043594a1c,FROZEN_NUMERIC_POLICY_FROM_FIXED_SPEC
RSG/2013/page_92.pdf-1,RSG/2013,4,KNOWN,1,257efdef15507d2dcf9f85f216c218b8e0a5950a0d93a9295082df2f700dd9e7,FROZEN_NUMERIC_POLICY_FROM_FIXED_SPEC
PNC/2011/page_74.pdf-1,PNC/2011,4,KNOWN,1,a90585006f38c844d77d4aa89f34d774266684a3db7a92b14f452cfa1276b31a,FROZEN_NUMERIC_POLICY_FROM_FIXED_SPEC
PNC/2012/page_110.pdf-1,PNC/2012,3,KNOWN,0,b89719ae4cdc4e5fc874b703e8509ac1b6e6ba71352d135a9cfd7670ba167c05,FROZEN_NUMERIC_POLICY_FROM_FIXED_SPEC
AMAT/2015/page_31.pdf-1,AMAT/2015,3,KNOWN,1,d5f1ed7bdd7d182495b7a60908373cabcc8f59b5987bda18820e76c4d25e35b9,FROZEN_NUMERIC_POLICY_FROM_FIXED_SPEC
LMT/2016/page_52.pdf-1,LMT/2016,1,KNOWN,0,1bafa0a91f10af88b2aab15e21049e86ce7d247dc2f30c85b88f63f78df407a6,FROZEN_NUMERIC_POLICY_FROM_FIXED_SPEC
PNC/2014/page_151.pdf-2,PNC/2014,0,KNOWN,1,5977444d84c64be8f5fdbade94c2b4934d5e4ac433841bcbbe2f50eee12abd28,FROZEN_NUMERIC_POLICY_FROM_FIXED_SPEC
LMT/2017/page_101.pdf-3,LMT/2017,0,KNOWN,0,9aee5f0d128d5c3d058c6f1cd045764ee0f980395c253cd683b91493145c2a68,FROZEN_NUMERIC_POLICY_FROM_FIXED_SPEC
KHC/2018/page_27.pdf-4,KHC/2018,3,KNOWN,1,d5e597b08e0e7a89694378fcff0c4ff7db46f44399212f77e1c8ef46ebaa4df6,FROZEN_NUMERIC_POLICY_FROM_FIXED_SPEC
AAL/2015/page_15.pdf-4,AAL/2015,3,KNOWN,1,a3626c2573bee3288787035641946372a14da08e64accd8bbc7f3906b7d6a171,FROZEN_NUMERIC_POLICY_FROM_FIXED_SPEC
AMAT/2016/page_32.pdf-2,AMAT/2016,3,KNOWN,0,2df98d198cb302ff2eef4a85a6ca7db53da19167599b70b079fd68bfa71b8ca6,FROZEN_NUMERIC_POLICY_FROM_FIXED_SPEC
JPM/2016/page_73.pdf-1,JPM/2016,1,KNOWN,0,9a3199bc7af0af89bfdecbdaf7335d0b7d86db93e7672f67beea8ddb35577d8c,FROZEN_NUMERIC_POLICY_FROM_FIXED_SPEC
ECL/2017/page_68.pdf-1,ECL/2017,4,KNOWN,0,c1c0b9ca59b2672e1ee5491243d8272d76a1c0ae898394db0cce976c0ec41f80,FROZEN_NUMERIC_POLICY_FROM_FIXED_SPEC
ETR/2016/page_403.pdf-1,ETR/2016,1,KNOWN,0,851a626f5271949b66149b122f2a24681743c5b1992685407d16071ef988afe3,FROZEN_NUMERIC_POLICY_FROM_FIXED_SPEC
ORLY/2016/page_29.pdf-2,ORLY/2016,1,KNOWN,0,300a1e7eb6f14da7a28b79050e24269d447014336fd6209071d2701a1acbc626,FROZEN_NUMERIC_POLICY_FROM_FIXED_SPEC
HIG/2004/page_81.pdf-1,HIG/2004,0,KNOWN,0,9a1c471b2b0789ccd75148c9049205b22a5b7aaf6a19deac8c882bceacb32b92,FROZEN_NUMERIC_POLICY_FROM_FIXED_SPEC
VNO/2012/page_190.pdf-2,VNO/2012,1,KNOWN,1,6ce10c09604ff2eace002d4a514b842781fdc1f8221811fc8c7af287d1d8606e,FROZEN_NUMERIC_POLICY_FROM_FIXED_SPEC
IPG/2018/page_78.pdf-1,IPG/2018,2,KNOWN,0,30b12fc2831ae2639dfb8d20dd5147ef2fcf26886d9615873063bb5444862997,FROZEN_NUMERIC_POLICY_FROM_FIXED_SPEC
ADBE/2011/page_116.pdf-1,ADBE/2011,3,KNOWN,1,a365b77caed4823695841e47d3037dab66cad29cb7cb5dfc94cb77bc5e4c2a5f,FROZEN_NUMERIC_POLICY_FROM_FIXED_SPEC
PNC/2017/page_168.pdf-1,PNC/2017,1,KNOWN,1,eab5dd353b4ea9e3e199c151ff19349508d6c3c22532d71456ae5e21b96af57e,FROZEN_NUMERIC_POLICY_FROM_FIXED_SPEC
MRO/2009/page_107.pdf-4,MRO/2009,4,KNOWN,1,d4984baa9b4c7361ab604b7f948bc1a0403f1dbccfe8f7e30a443ac073675838,FROZEN_NUMERIC_POLICY_FROM_FIXED_SPEC
EW/2017/page_83.pdf-2,EW/2017,0,KNOWN,1,e2b907ff7e2fd47068095087ff9631f99ce40b84462a1c2eb1489bc579bff0ea,FROZEN_NUMERIC_POLICY_FROM_FIXED_SPEC
AAPL/2002/page_23.pdf-1,AAPL/2002,2,KNOWN,1,e60f3edc4f9aa5674b21455a40d355205bb3b6c70c156b0008ee8939975a9f0f,FROZEN_NUMERIC_POLICY_FROM_FIXED_SPEC
ADBE/2014/page_87.pdf-3,ADBE/2014,2,KNOWN,0,03dc07209e581f86908a1b03b0f0a0568df8c557cb03b53963b7cc71c2c268eb,FROZEN_NUMERIC_POLICY_FROM_FIXED_SPEC
UNP/2007/page_79.pdf-1,UNP/2007,1,KNOWN,0,61df1d84c04524f702dc36bdc70669651bb46c7a45f973d85a1f46b917cee644,FROZEN_NUMERIC_POLICY_FROM_FIXED_SPEC
UPS/2017/page_111.pdf-2,UPS/2017,3,KNOWN,0,ebd88fe62526cff0e4ce505d2134d8344c11f5156f7ed54c1706febba1f7a662,FROZEN_NUMERIC_POLICY_FROM_FIXED_SPEC
PNC/2014/page_94.pdf-3,PNC/2014,0,KNOWN,1,18c0361f2e4b9e9d2dde562700edbfa045d169327a53601e0fc59d1c7686d898,FROZEN_NUMERIC_POLICY_FROM_FIXED_SPEC
DRE/2010/page_36.pdf-1,DRE/2010,4,KNOWN,0,f6890d74ab71f0a2e6f726ca1feb53c2df26a334e79c4958df588b37c9aad352,FROZEN_NUMERIC_POLICY_FROM_FIXED_SPEC
PPG/2013/page_54.pdf-1,PPG/2013,0,KNOWN,1,7ef363788eeb3c5a1cd69d938cb9d7101f6f6e91ea6c27b259e1a2fdf6862e0d,FROZEN_NUMERIC_POLICY_FROM_FIXED_SPEC
AWK/2017/page_128.pdf-1,AWK/2017,4,KNOWN,0,8d9d0eb6cbcea32a78829792297320cab0f27f6fd2ad558e7a11011854d1ca0a,FROZEN_NUMERIC_POLICY_FROM_FIXED_SPEC
HUM/2005/page_18.pdf-2,HUM/2005,2,KNOWN,1,4092066248ab94a7703a52a01956c5dde9bf7b03cbab74664b31bd5cc35a17f6,FROZEN_NUMERIC_POLICY_FROM_FIXED_SPEC
HWM/2018/page_67.pdf-2,HWM/2018,1,KNOWN,0,398fabb7e4daa5c6c15cc0f4d301ab7630bb21e03772add9ff69172edc19f312,FROZEN_NUMERIC_POLICY_FROM_FIXED_SPEC
DVN/2017/page_31.pdf-1,DVN/2017,0,KNOWN,1,4001b34baa735af93326e47e4b241d403c99f123ca5c1cc76b5fbf2e1c55111e,FROZEN_NUMERIC_POLICY_FROM_FIXED_SPEC
ECL/2017/page_68.pdf-3,ECL/2017,4,KNOWN,0,088042c73f72c87ca8ae63d6e619b27ac3ab9ed3b58bb4bf18a02dafd704a25f,FROZEN_NUMERIC_POLICY_FROM_FIXED_SPEC
AWK/2017/page_154.pdf-2,AWK/2017,4,KNOWN,1,a1b73ab54353765fdc93d1a698a573c9fd532b4341a43ea2e67ad4092d276b7b,FROZEN_NUMERIC_POLICY_FROM_FIXED_SPEC
HIG/2016/page_253.pdf-1,HIG/2016,3,KNOWN,1,ad978068492ebbe5cf10b0130962106d820210701dff965bce4c139f5bdef08d,FROZEN_NUMERIC_POLICY_FROM_FIXED_SPEC
RE/2006/page_122.pdf-3,RE/2006,3,KNOWN,1,912a5466b75abeeda2b7f7a592fc26b75d1917f2a83456b9652b249a2fb97728,FROZEN_NUMERIC_POLICY_FROM_FIXED_SPEC
MMM/2007/page_64.pdf-2,MMM/2007,2,KNOWN,0,a4e1ae39e46c1891a9d306185bf8278202aab7285d6d0c38c5d90ab507c600f0,FROZEN_NUMERIC_POLICY_FROM_FIXED_SPEC
UPS/2007/page_32.pdf-1,UPS/2007,4,KNOWN,1,60940f2118cd0150592917b22230624181838f73430c233c29d4cd5a6cd412cc,FROZEN_NUMERIC_POLICY_FROM_FIXED_SPEC
TMUS/2016/page_32.pdf-1,TMUS/2016,2,KNOWN,0,1f403708022b553accbe42e47d687f6d1cab915d56843cf427e6a8e6fd24d6cf,FROZEN_NUMERIC_POLICY_FROM_FIXED_SPEC
ECL/2015/page_70.pdf-4,ECL/2015,3,KNOWN,0,a4c378351648a22a833d9adfccd078b735ff13c4af04db420214c5626ec7d882,FROZEN_NUMERIC_POLICY_FROM_FIXED_SPEC
ETR/2017/page_373.pdf-1,ETR/2017,4,KNOWN,1,3e5bcd88b14ee1063b2a5cb7ad4fead539567ba18e022261bf7bd260313e561e,FROZEN_NUMERIC_POLICY_FROM_FIXED_SPEC
ETR/2016/page_382.pdf-1,ETR/2016,1,KNOWN,0,f4bf2a19e9b349ffe274bce7e713a45df2d93b1fd4cd008bd0ef7b0eac950cce,FROZEN_NUMERIC_POLICY_FROM_FIXED_SPEC
HWM/2015/page_172.pdf-1,HWM/2015,1,KNOWN,1,6c8ba865b6fff42cdc855d0d244439f15dfaee9493bbdfc1e757cf3e89389888,FROZEN_NUMERIC_POLICY_FROM_FIXED_SPEC
AAPL/2004/page_83.pdf-1,AAPL/2004,3,KNOWN,0,b58a50dd0c5ff4c2b3d11fe2d589b4c78f2e7bb6162db652d7733a7b351d33c6,FROZEN_NUMERIC_POLICY_FROM_FIXED_SPEC
CDNS/2016/page_32.pdf-1,CDNS/2016,4,KNOWN,1,9b5cd21b249a7f32747471397e58b8e2490197e06ca59ebaed91078145d7d98c,FROZEN_NUMERIC_POLICY_FROM_FIXED_SPEC
EOG/2018/page_89.pdf-1,EOG/2018,3,KNOWN,1,996670cb172dbe7084ff237b7485ffd72362672470bfc5127cf61fc2f9d2b401,FROZEN_NUMERIC_POLICY_FROM_FIXED_SPEC
RSG/2015/page_133.pdf-1,RSG/2015,3,KNOWN,0,89de6ae559464133741954e71c882d82b2df24b690ae8aa3afb176fe1c29ddf3,FROZEN_NUMERIC_POLICY_FROM_FIXED_SPEC
MRO/2012/page_40.pdf-1,MRO/2012,3,KNOWN,0,f9e6dad8ac1c72747804d816a862f366c21866301c7d824f9b78bfae205ce26a,FROZEN_NUMERIC_POLICY_FROM_FIXED_SPEC
INTC/2013/page_47.pdf-4,INTC/2013,4,KNOWN,1,68c4cd692dd0ce390b34af96048baa328e3671ea3b4ac0cfd861a82cb54a176a,FROZEN_NUMERIC_POLICY_FROM_FIXED_SPEC
ETR/2016/page_17.pdf-4,ETR/2016,1,KNOWN,0,814bb2492eb4d33939bb21008df67e22c30a07e689329a2def6969ad3a283285,FROZEN_NUMERIC_POLICY_FROM_FIXED_SPEC
C/2008/page_219.pdf-2,C/2008,3,KNOWN,1,76abaa52a14fc825d9e7de845aa2ec25eae2506bed00ea9a01dc504243f97276,FROZEN_NUMERIC_POLICY_FROM_FIXED_SPEC
C/2009/page_248.pdf-4,C/2009,2,KNOWN,1,3ce5eb87b978919c87e945f7215dbf9895f4eb361490d7bdfd4e4bd2b269595b,FROZEN_NUMERIC_POLICY_FROM_FIXED_SPEC
IPG/2018/page_26.pdf-2,IPG/2018,2,KNOWN,1,d80215356ce55d01681de0e46c863d12a78d49b536ab6c819a4158d2da28142c,FROZEN_NUMERIC_POLICY_FROM_FIXED_SPEC
AMAT/2012/page_37.pdf-1,AMAT/2012,1,KNOWN,1,781a05291c0b00fe280848509bd7b9ad42ba4000cb04cfd4d8478a154861dcb8,FROZEN_NUMERIC_POLICY_FROM_FIXED_SPEC
UNP/2016/page_75.pdf-1,UNP/2016,3,KNOWN,1,ebd76c3c20c446e1a3c46ddab0a93ba6b51f764286fa9009051c54c501343715,FROZEN_NUMERIC_POLICY_FROM_FIXED_SPEC
MA/2008/page_116.pdf-1,MA/2008,4,KNOWN,1,981e4c5f4e52119942774012df62b3398eb3775a8838929425b9e61d14e96d6c,FROZEN_NUMERIC_POLICY_FROM_FIXED_SPEC
UNP/2010/page_75.pdf-1,UNP/2010,3,UNKNOWN,,570d728dd6e425e7e2b38d736f8fde846851743f176c3c2dd9fb448e921a2c67,FROZEN_NUMERIC_POLICY_FROM_FIXED_SPEC
LMT/2016/page_87.pdf-1,LMT/2016,1,KNOWN,1,b8bce2a2fdb5bd98d3f1c54e5b14ab3bc0b702265b10a0dd0f6445b9e2022040,FROZEN_NUMERIC_POLICY_FROM_FIXED_SPEC
REGN/2010/page_64.pdf-3,REGN/2010,1,KNOWN,0,d1a9b411b9846c2010b367f32d1a6d4198407eb63738e8ed9c1f6ed15eb259a9,FROZEN_NUMERIC_POLICY_FROM_FIXED_SPEC
AMT/2016/page_69.pdf-4,AMT/2016,0,UNKNOWN,,1581f3061c19af02d9fca9e82aea10d6e9e4605d515aef425d2596ba41394b25,FROZEN_NUMERIC_POLICY_FROM_FIXED_SPEC
UPS/2017/page_31.pdf-2,UPS/2017,3,KNOWN,0,73e37f1edbfc1b4072f101788397206e0c9d9195ece67776275c60848c5324d0,FROZEN_NUMERIC_POLICY_FROM_FIXED_SPEC
TFX/2014/page_44.pdf-2,TFX/2014,4,KNOWN,0,a29270f9127064d2e241ff6cd2b4363d6f223d6ee17ca4cd70b8668ee6f8eb2f,FROZEN_NUMERIC_POLICY_FROM_FIXED_SPEC
HST/2018/page_115.pdf-3,HST/2018,3,KNOWN,1,ebf2c26ed8e097bef498dde1d82cbf3d490c86657113c02fd3be9e1b7ece1d0c,FROZEN_NUMERIC_POLICY_FROM_FIXED_SPEC
ETR/2008/page_154.pdf-4,ETR/2008,0,KNOWN,1,116519e81554b461641b7342829cd9d79d7f96d771c2bc79d722a13bb19ad557,FROZEN_NUMERIC_POLICY_FROM_FIXED_SPEC
AAP/2013/page_68.pdf-2,AAP/2013,2,KNOWN,1,d0091457ca5d00cf35b6f31c6e0fe10b672f26483481d2a5be25641d2d8b19cf,FROZEN_NUMERIC_POLICY_FROM_FIXED_SPEC
CDNS/2016/page_32.pdf-3,CDNS/2016,4,KNOWN,0,76a6c73fe3fcefb358a9eb404979624b79ba48b418a4423889a64b51570cb840,FROZEN_NUMERIC_POLICY_FROM_FIXED_SPEC
C/2009/page_41.pdf-2,C/2009,2,KNOWN,1,cda9c2ca6096c479c52c6431b2f26d661c322a080fc0da21cb755c0b560b21d7,FROZEN_NUMERIC_POLICY_FROM_FIXED_SPEC
CE/2009/page_121.pdf-4,CE/2009,4,KNOWN,0,6b3d4541431019ef060ef8416c10cb6d584757b21eb7b7349ccf92b6b855bea3,FROZEN_NUMERIC_POLICY_FROM_FIXED_SPEC
ETR/2004/page_335.pdf-3,ETR/2004,1,KNOWN,1,2ab2adbacdf584c939957a2c3b2e833525bab22b7406b8ffc4206b4e1325370a,FROZEN_NUMERIC_POLICY_FROM_FIXED_SPEC
KHC/2017/page_21.pdf-2,KHC/2017,0,KNOWN,1,4f3472430604bf2966fb6a5ec51b06498273d6f7772c59817ee937c508644cae,FROZEN_NUMERIC_POLICY_FROM_FIXED_SPEC
JPM/2009/page_206.pdf-4,JPM/2009,3,KNOWN,0,052f94aeff3eb5f1c038d0f699ee7389d6312f172cfea3bebeeb0fd1d0a2a05a,FROZEN_NUMERIC_POLICY_FROM_FIXED_SPEC
DISCA/2008/page_141.pdf-1,DISCA/2008,2,KNOWN,1,3a8208a713fff773008b8b1cb01b8e5e173a00207f72591e7b5f373596b271f7,FROZEN_NUMERIC_POLICY_FROM_FIXED_SPEC
AWK/2015/page_21.pdf-1,AWK/2015,0,KNOWN,1,6dbfbc64adeca03445c21ecbebd04bc6b9941a7eef76db91250e9b8daf6e4a8e,FROZEN_NUMERIC_POLICY_FROM_FIXED_SPEC
GS/2015/page_80.pdf-1,GS/2015,0,KNOWN,1,9eb0d5824e46aea936ff6bc760fa7be73de242a01c8d9c907a038d1dbc85656a,FROZEN_NUMERIC_POLICY_FROM_FIXED_SPEC
JPM/2008/page_86.pdf-1,JPM/2008,4,KNOWN,1,f9c05700a8e7bf20db8b4d16d8ca6dbe6a5ef15045a0f2d1462bf911653bf83f,FROZEN_NUMERIC_POLICY_FROM_FIXED_SPEC
AAL/2015/page_51.pdf-4,AAL/2015,3,KNOWN,0,43039aa5d96c1ecb6c35326624951d0611d1b13e5510ba33607ad2257c442cbb,FROZEN_NUMERIC_POLICY_FROM_FIXED_SPEC
AAL/2014/page_80.pdf-4,AAL/2014,1,KNOWN,0,3b5975e49b88c93c0d9bcda56c5bfac12105c200d46aac7441d5670a402aaecf,FROZEN_NUMERIC_POLICY_FROM_FIXED_SPEC
RE/2010/page_120.pdf-3,RE/2010,2,KNOWN,0,89ae4231333f4abc193d1349c71213119ba576232ff7a374b42eea26d294e92b,FROZEN_NUMERIC_POLICY_FROM_FIXED_SPEC
TROW/2011/page_13.pdf-4,TROW/2011,1,KNOWN,1,e702aaa3c90b6f4d9a76e20581fb69b56b148568f3a932b07a88fb79a68bbebe,FROZEN_NUMERIC_POLICY_FROM_FIXED_SPEC
REGN/2010/page_68.pdf-1,REGN/2010,1,KNOWN,1,194898935cc14997394d6f2d5ef0c0afcc8b94d4eedd0d71709cb90687cc867a,FROZEN_NUMERIC_POLICY_FROM_FIXED_SPEC
EW/2017/page_83.pdf-1,EW/2017,0,KNOWN,0,06eb00ebe2fb6d317b4a5dc5c934ec63c87a54e19d4477df9f9303075339efa0,FROZEN_NUMERIC_POLICY_FROM_FIXED_SPEC
ETFC/2007/page_22.pdf-3,ETFC/2007,0,KNOWN,0,18e5225f6ba372f530384c615821446364330f2242d305279588198665fe484c,FROZEN_NUMERIC_POLICY_FROM_FIXED_SPEC
WELL/2017/page_48.pdf-2,WELL/2017,0,KNOWN,0,0d935ae44299c79dd87ded927677074f68c258092d5cd9848b0007d5eed7cf94,FROZEN_NUMERIC_POLICY_FROM_FIXED_SPEC
STT/2009/page_109.pdf-1,STT/2009,2,KNOWN,0,a6bd546abfe289128710140c528b741844bf4a9b0425b3375550f4213a127687,FROZEN_NUMERIC_POLICY_FROM_FIXED_SPEC
CB/2009/page_220.pdf-2,CB/2009,1,KNOWN,0,29ebc8dcc5bd86369ba9cb6d406c3e9e253b74dfd708db5b5ecdd7f03e3b75fd,FROZEN_NUMERIC_POLICY_FROM_FIXED_SPEC
ILMN/2007/page_84.pdf-2,ILMN/2007,1,KNOWN,1,b105298acdbd9a4a0b628148ef6804f546d806194988a5be96e8ec1ffa68cfff,FROZEN_NUMERIC_POLICY_FROM_FIXED_SPEC
AON/2013/page_54.pdf-3,AON/2013,3,KNOWN,0,a9faa4d67e27a43c43687aa6d68a43686f684e2dd99b7dcd4bf30d85c03f06d4,FROZEN_NUMERIC_POLICY_FROM_FIXED_SPEC
ETR/2008/page_435.pdf-1,ETR/2008,0,KNOWN,0,9aae085c8ef62546c7c8b5adf6cd3eb3381e0dd12ba98a634893d41066c54917,FROZEN_NUMERIC_POLICY_FROM_FIXED_SPEC
PKG/2006/page_68.pdf-2,PKG/2006,4,KNOWN,0,468dcfa2c9cc8b58a83910f14c4959782439627d3a552991a226bddc2ea4af8e,FROZEN_NUMERIC_POLICY_FROM_FIXED_SPEC
JPM/2003/page_44.pdf-3,JPM/2003,4,KNOWN,1,dd4ad77f23453f2b9ffebca38253f308c5aff15f2ea505b6b10d6b949fe112fc,FROZEN_NUMERIC_POLICY_FROM_FIXED_SPEC
AAL/2015/page_15.pdf-1,AAL/2015,3,KNOWN,1,e64dfa6db80d05df931d1099a330bf21bf74f595ae666218e5be6b684da9df42,FROZEN_NUMERIC_POLICY_FROM_FIXED_SPEC
STT/2009/page_122.pdf-2,STT/2009,2,KNOWN,0,ef9ca722968c4153ce05f679988b806a47c7f5df4237f080d947bfe55a38dc26,FROZEN_NUMERIC_POLICY_FROM_FIXED_SPEC
AWK/2017/page_128.pdf-2,AWK/2017,4,KNOWN,0,e6e33f26803c082e9c93916e893f4c4b4b5b79e8b0bbe40f61bde27b22c6db7a,FROZEN_NUMERIC_POLICY_FROM_FIXED_SPEC
UPS/2015/page_108.pdf-3,UPS/2015,0,KNOWN,1,9a08392bdbae4b5c36aa9a15423303a34d6836ea94831c3a22aea094941a7e5b,FROZEN_NUMERIC_POLICY_FROM_FIXED_SPEC
SNPS/2012/page_61.pdf-1,SNPS/2012,1,KNOWN,1,a5cee227d63bfaeb3315e9f19f60bf8c82a6aac73b4fe6d2a0eea9dd00d3ce80,FROZEN_NUMERIC_POLICY_FROM_FIXED_SPEC
MRO/2009/page_36.pdf-2,MRO/2009,4,KNOWN,1,b35694d20bef1a1bb3c9a4317c4ac681b8d0a4fb98cfc4e5e6c3fe55f3dd7611,FROZEN_NUMERIC_POLICY_FROM_FIXED_SPEC
ETR/2016/page_382.pdf-4,ETR/2016,1,KNOWN,0,b55ee6e2ed7aa1e97b54c696e32847e128637330f74d3434f69050ac2f34d2a8,FROZEN_NUMERIC_POLICY_FROM_FIXED_SPEC
HIG/2011/page_184.pdf-1,HIG/2011,4,KNOWN,0,95d48d24ce6540e92ea3321e51c975d45de9dcb8c947e195e034147a05d4a77b,FROZEN_NUMERIC_POLICY_FROM_FIXED_SPEC
JPM/2007/page_164.pdf-1,JPM/2007,2,KNOWN,1,bd848dd5d64fc010177f91f68ce127d27fbe046bf5936d12aeb0f795024b4725,FROZEN_NUMERIC_POLICY_FROM_FIXED_SPEC
IP/2013/page_64.pdf-2,IP/2013,3,KNOWN,1,bc664ab41052bfa3010165af0363e733ff3d7875c3d98d173dbcf0b8dbbe6330,FROZEN_NUMERIC_POLICY_FROM_FIXED_SPEC
MRO/2009/page_58.pdf-2,MRO/2009,4,KNOWN,0,494630021f3aa88a9cea848fe4383a9c63dfb3b783c0f72af4a70f78e5821eaf,FROZEN_NUMERIC_POLICY_FROM_FIXED_SPEC
GRMN/2008/page_84.pdf-1,GRMN/2008,0,KNOWN,1,d0dfd2a3b9c3cdd111aef1199512bd5cf940c18ee9d780ebb22fce1d2fdbd4b9,FROZEN_NUMERIC_POLICY_FROM_FIXED_SPEC
CME/2010/page_45.pdf-3,CME/2010,4,KNOWN,1,0b3567441abbd552dd30a29c09c4991d6266a96ba2aa1eb4d0dc64df5e192155,FROZEN_NUMERIC_POLICY_FROM_FIXED_SPEC
MRO/2009/page_36.pdf-1,MRO/2009,4,KNOWN,0,71fe6f1a413d8b0e3ada6c393888287b00c82fb753608b2099e29526c56a6227,FROZEN_NUMERIC_POLICY_FROM_FIXED_SPEC
ETR/2004/page_335.pdf-1,ETR/2004,1,KNOWN,0,da5beb3e0380c025982916c20f7d067bc57a36ee55dbf893262feb2a4d9af68c,FROZEN_NUMERIC_POLICY_FROM_FIXED_SPEC
UNP/2012/page_79.pdf-1,UNP/2012,4,KNOWN,1,2743cd051e9993dba202f8d56a6359014d5b078bd505e05617e1c7ecdb9a7bdf,FROZEN_NUMERIC_POLICY_FROM_FIXED_SPEC
PNC/2014/page_205.pdf-1,PNC/2014,0,KNOWN,0,e2f0c56730f55bad612f8e03d5784f91b85e73ded8c995746bf68afec12fc9df,FROZEN_NUMERIC_POLICY_FROM_FIXED_SPEC
ETR/2009/page_21.pdf-4,ETR/2009,2,KNOWN,0,3f2a539ac15f218a52e2842b5cec892fed9b92986722b5fcd8ed7ed1da361157,FROZEN_NUMERIC_POLICY_FROM_FIXED_SPEC
GPN/2015/page_82.pdf-3,GPN/2015,4,KNOWN,0,5b5679b692796b4e4431ed5a11025a468bb5a2acda516b8b193078a63a8bab9d,FROZEN_NUMERIC_POLICY_FROM_FIXED_SPEC
VTR/2007/page_48.pdf-1,VTR/2007,4,KNOWN,0,7d2955a7c35ffb5a318c997f192daf74d4ef9c6d4cdc9ff957731b1484fbafe5,FROZEN_NUMERIC_POLICY_FROM_FIXED_SPEC
UNP/2013/page_78.pdf-1,UNP/2013,3,KNOWN,0,a8cd7367f9321f05fae167fc48b2a4e052db60a9f4add3be9525150aab0945e7,FROZEN_NUMERIC_POLICY_FROM_FIXED_SPEC
AON/2015/page_50.pdf-1,AON/2015,2,KNOWN,0,26f68883ccc12d0e41b57fa1f9c7ab8e939dd3f2a7fe63449c09317b6bca3855,FROZEN_NUMERIC_POLICY_FROM_FIXED_SPEC
AAPL/2006/page_79.pdf-1,AAPL/2006,4,KNOWN,0,8773ab986a50eded369033e32584f0f5bf70a4a8ba5900cfa4a1b3eac977df95,FROZEN_NUMERIC_POLICY_FROM_FIXED_SPEC
AMAT/2018/page_31.pdf-2,AMAT/2018,1,KNOWN,0,30b09c93d804f0e5a9c40508fc3202f23ec519e0a189bc220302fd05d277c921,FROZEN_NUMERIC_POLICY_FROM_FIXED_SPEC
TFX/2014/page_44.pdf-1,TFX/2014,4,KNOWN,0,ac27440ee1c11091f5fb7939ca4f7a9461f720a9730163e44f58a845b4654ad6,FROZEN_NUMERIC_POLICY_FROM_FIXED_SPEC
KHC/2017/page_21.pdf-3,KHC/2017,0,UNKNOWN,,a2bba78a08552c0a0d4baa4a24a820d687981511a4808d90a063e08557074e4e,FROZEN_NUMERIC_POLICY_FROM_FIXED_SPEC
CDNS/2016/page_32.pdf-4,CDNS/2016,4,KNOWN,1,b15f151415097fbc0d43e91efc1aa66baee851564e115d61e59ee0d5f84cb4fe,FROZEN_NUMERIC_POLICY_FROM_FIXED_SPEC
PNC/2014/page_161.pdf-1,PNC/2014,0,KNOWN,1,e7606fb0f0f45bc5c5cf4640344da5d0cec4616385d6dac1a7b2efce2d78cc77,FROZEN_NUMERIC_POLICY_FROM_FIXED_SPEC
C/2008/page_26.pdf-2,C/2008,3,KNOWN,1,67058f987e890e17615c56fa8dea9266a7c89225434bcf5dc584bfae8db2f962,FROZEN_NUMERIC_POLICY_FROM_FIXED_SPEC
ORLY/2016/page_29.pdf-1,ORLY/2016,1,KNOWN,0,196d70ce64449c4c41060320233e7785b283d2f053566ffb060ba68ebe1259d0,FROZEN_NUMERIC_POLICY_FROM_FIXED_SPEC
HUM/2010/page_101.pdf-1,HUM/2010,0,KNOWN,1,28ca8112052213f335b78c825537129641d72ec0790f201bd3915f0e4850cb62,FROZEN_NUMERIC_POLICY_FROM_FIXED_SPEC
STT/2008/page_112.pdf-3,STT/2008,0,KNOWN,1,32a957c4b8d9a3d60da284c1f6a308d03edd1f488b84da2317535b18aa7d7996,FROZEN_NUMERIC_POLICY_FROM_FIXED_SPEC
BLL/2011/page_29.pdf-1,BLL/2011,0,KNOWN,1,2558c9439c6cdb4ef08b96b47ae1b295e2bab2995572dd77492e3fb535649cb4,FROZEN_NUMERIC_POLICY_FROM_FIXED_SPEC
ADBE/2011/page_83.pdf-2,ADBE/2011,3,KNOWN,1,7c572a5de9d02670714694b80a0c59d131bafcd131007212ec39639e5d3bb73c,FROZEN_NUMERIC_POLICY_FROM_FIXED_SPEC
DISCA/2012/page_54.pdf-4,DISCA/2012,1,KNOWN,0,b7c1030515d21dc788709500753af9442f87bf5c309547a150020fefc96fe808,FROZEN_NUMERIC_POLICY_FROM_FIXED_SPEC
JPM/2012/page_148.pdf-2,JPM/2012,3,KNOWN,1,4f21503c8d23fe86ae8ebaedec257431a3aec43ad105a9d4ab7ff667d04aa726,FROZEN_NUMERIC_POLICY_FROM_FIXED_SPEC
JPM/2012/page_148.pdf-3,JPM/2012,3,KNOWN,1,d5075bfab4058ffb6be48d15a0c7d23845d8c85a61f60570baaa9e6e1cee7b4c,FROZEN_NUMERIC_POLICY_FROM_FIXED_SPEC
ILMN/2006/page_92.pdf-1,ILMN/2006,0,KNOWN,1,db0d0a00c996b055ab6ee26731d10c58f78e41fc07a6297742cf61d7e08716a1,FROZEN_NUMERIC_POLICY_FROM_FIXED_SPEC
IQV/2016/page_57.pdf-1,IQV/2016,0,KNOWN,0,70d66d6829e9ad7ddbf6843297075b70bd3c03eb5ad811d87697e3423b30d7ca,FROZEN_NUMERIC_POLICY_FROM_FIXED_SPEC
HST/2018/page_115.pdf-1,HST/2018,3,KNOWN,1,ef5500ebe97992d3af296a5b2fb656f1f01540b8262565860545f1830ab8e72c,FROZEN_NUMERIC_POLICY_FROM_FIXED_SPEC
C/2008/page_189.pdf-4,C/2008,3,KNOWN,1,e077ddc529ad651f311bfcc78623ff433d873e0c9c6360456f7779413397fa24,FROZEN_NUMERIC_POLICY_FROM_FIXED_SPEC
K/2013/page_27.pdf-4,K/2013,4,KNOWN,1,8086f6826528a96bdb0fdfd0102c9a9d6c7e17a0bd55c4b4af34375aa59b710e,FROZEN_NUMERIC_POLICY_FROM_FIXED_SPEC
UAA/2016/page_80.pdf-4,UAA/2016,0,KNOWN,1,c2e25e87227f10ecfc029cf887fb9c9a7075c506e76f0f7dffa99d91ee39ea66,FROZEN_NUMERIC_POLICY_FROM_FIXED_SPEC
RSG/2013/page_69.pdf-1,RSG/2013,4,KNOWN,1,da7c10dd1e74616ced0fc8be03fb3ea4cad77da5afcd8299fc999f5f9a8e4a4b,FROZEN_NUMERIC_POLICY_FROM_FIXED_SPEC
BLL/2010/page_39.pdf-1,BLL/2010,1,KNOWN,1,c151b77b211b53c9a94c7e2f8c401e3f7b7d793729a33273a6852302fff6d0a9,FROZEN_NUMERIC_POLICY_FROM_FIXED_SPEC
PNC/2014/page_151.pdf-3,PNC/2014,0,KNOWN,0,88791d39cdfccf77d75aa5aa885ffdbacd6f0b7a442fbf4d7a594d1709ad69ec,FROZEN_NUMERIC_POLICY_FROM_FIXED_SPEC
JPM/2009/page_183.pdf-4,JPM/2009,3,KNOWN,0,0958dc315b7f36eca12de2a37689b479e2839131d86769a12fec918c83f9d636,FROZEN_NUMERIC_POLICY_FROM_FIXED_SPEC
AON/2011/page_91.pdf-2,AON/2011,3,KNOWN,0,79bb19a0ac4dfb8597132b814b03ee27d55c439746e772c34cb93222c4fc98c9,FROZEN_NUMERIC_POLICY_FROM_FIXED_SPEC
HIG/2013/page_124.pdf-2,HIG/2013,4,KNOWN,0,238ad1a4ce5ad71a98d974a7be10c16a006a8cd32b1fc88fd0ead86d5ff3c5fc,FROZEN_NUMERIC_POLICY_FROM_FIXED_SPEC
TROW/2008/page_23.pdf-3,TROW/2008,3,KNOWN,1,0c9237e5ae6e909eb6d026a746b7e136d36bd86df00616020f94d2aa02a4e863,FROZEN_NUMERIC_POLICY_FROM_FIXED_SPEC
IP/2016/page_52.pdf-2,IP/2016,3,KNOWN,1,83f29835a1d7e29a27a1f83336c84894e0a7576ce08f2d033e5de8df1572083f,FROZEN_NUMERIC_POLICY_FROM_FIXED_SPEC
AAL/2015/page_83.pdf-1,AAL/2015,3,KNOWN,1,a91192c1ac43298f503ae23d0591f062cbac184665f79223ff6004766ab2105f,FROZEN_NUMERIC_POLICY_FROM_FIXED_SPEC
FIS/2007/page_102.pdf-1,FIS/2007,0,KNOWN,0,c26b3a7cb92f2872ad538dc0fb32b4c61c42b241e01701ab7817ae534b95404c,FROZEN_NUMERIC_POLICY_FROM_FIXED_SPEC
MRO/2009/page_57.pdf-1,MRO/2009,4,KNOWN,0,80747b0de22dce05fe4c29c6d0bc767efb0c197e69c6b083b3305baeaff8e6cb,FROZEN_NUMERIC_POLICY_FROM_FIXED_SPEC
ETR/2017/page_352.pdf-3,ETR/2017,4,KNOWN,1,e36b0d2caf8a039acf88da8a9af1f9a5b0bfa84fd425e93c7580c9444159fa6a,FROZEN_NUMERIC_POLICY_FROM_FIXED_SPEC
FIS/2007/page_102.pdf-2,FIS/2007,0,KNOWN,0,99a185144fa580d73f0370fe2af9436ac8849100df48333d52ef6b1b1c29023e,FROZEN_NUMERIC_POLICY_FROM_FIXED_SPEC
ADBE/2018/page_71.pdf-3,ADBE/2018,1,KNOWN,0,ab1e58ce63bc1af215d07205961b8bae7abd0a2c91fb5115a4ad5d9a44fcbda3,FROZEN_NUMERIC_POLICY_FROM_FIXED_SPEC
C/2009/page_194.pdf-1,C/2009,2,KNOWN,0,485a64136bf59823148a48dc17b71dec9f0434cecdf0204908ce7ce838eb12df,FROZEN_NUMERIC_POLICY_FROM_FIXED_SPEC
ETFC/2007/page_116.pdf-1,ETFC/2007,0,KNOWN,1,078acc90416539c803bf98ff858055653550610f5393207bf502d4276ba69870,FROZEN_NUMERIC_POLICY_FROM_FIXED_SPEC
AMT/2015/page_58.pdf-3,AMT/2015,3,KNOWN,1,faeaeb89b1a743ec5b63cad3f4ab86aa28e6db2cdfd54979a44e8db8e2712916,FROZEN_NUMERIC_POLICY_FROM_FIXED_SPEC
ETR/2016/page_375.pdf-2,ETR/2016,1,KNOWN,0,b588bc8fca07722a81f8b67e61d991ef01eeffdb2b63e2ef03cc3ef19d78a3e2,FROZEN_NUMERIC_POLICY_FROM_FIXED_SPEC
GS/2013/page_195.pdf-3,GS/2013,3,KNOWN,0,c5d99a213e8e2dd1ff725efee39ca76bd98f11829d340ef275df1d559e89d8d0,FROZEN_NUMERIC_POLICY_FROM_FIXED_SPEC
IP/2005/page_32.pdf-2,IP/2005,2,KNOWN,1,be0b6b5c04e11ad75cf8bc9b493ef714510b2a5d420c0972600bd4d3a8289f8d,FROZEN_NUMERIC_POLICY_FROM_FIXED_SPEC
PKG/2009/page_63.pdf-1,PKG/2009,3,KNOWN,1,953afdb22ca931bcfd636e7d45c3da960056d31a338e1418f12b0d390e600f3c,FROZEN_NUMERIC_POLICY_FROM_FIXED_SPEC
CE/2010/page_134.pdf-3,CE/2010,3,KNOWN,0,862c8b7b0c66405c9fb823c40f7a74f61039a9f7e99cda70226247081f7a501f,FROZEN_NUMERIC_POLICY_FROM_FIXED_SPEC
PKG/2006/page_68.pdf-3,PKG/2006,4,KNOWN,1,482bdd2d278673e68c95517f9cd5e2377f5b19bf0d3007dfb8dbcbc389f149f4,FROZEN_NUMERIC_POLICY_FROM_FIXED_SPEC
DVN/2011/page_84.pdf-2,DVN/2011,2,KNOWN,1,f44324d2a0ab0534d2ac069fc2aac9704553f8ac8644d3b5035a0b6f84f622e0,FROZEN_NUMERIC_POLICY_FROM_FIXED_SPEC
MRO/2009/page_36.pdf-4,MRO/2009,4,KNOWN,0,88a1eb4deb4fbb68928bc4736814e7b69fe11c05bd61a0fd656577962a11b806,FROZEN_NUMERIC_POLICY_FROM_FIXED_SPEC
V/2012/page_28.pdf-2,V/2012,0,KNOWN,0,17ac2d616fd96c9980810ef8228e79b04980250b1baf01eb6e0570a8dad802df,FROZEN_NUMERIC_POLICY_FROM_FIXED_SPEC
AWK/2018/page_162.pdf-1,AWK/2018,1,KNOWN,0,75b83557a0f2ddb9e0ab089c9a636cfe48e86fa9f441dc660f97cd3286ab3dc9,FROZEN_NUMERIC_POLICY_FROM_FIXED_SPEC
BKNG/2015/page_38.pdf-1,BKNG/2015,3,KNOWN,0,5c1b5db942a2127830914c6bf80e1c62e99e2e9a42fb7b46430f23add5fe76cd,FROZEN_NUMERIC_POLICY_FROM_FIXED_SPEC
RCL/2014/page_80.pdf-2,RCL/2014,2,KNOWN,1,3b390c9b6cf3b2dee172306b7d3e856d32b462f4f2c1139c324891ec06e05635,FROZEN_NUMERIC_POLICY_FROM_FIXED_SPEC
LLY/2008/page_43.pdf-1,LLY/2008,1,KNOWN,1,e33ded99adf4015901a6d5037ebe7a80896f7b4c52495bff8fc3e91c98cee07c,FROZEN_NUMERIC_POLICY_FROM_FIXED_SPEC
LMT/2013/page_87.pdf-2,LMT/2013,2,KNOWN,1,95f7b90ccc65d2e124f2904c3b4aff2f3173bec93cd49d53a5ab41922dd87a3e,FROZEN_NUMERIC_POLICY_FROM_FIXED_SPEC
C/2008/page_189.pdf-3,C/2008,3,KNOWN,1,00fdc7fdba30d807ff3b051ca119c672316cce0ff7f60700e869b629820031d8,FROZEN_NUMERIC_POLICY_FROM_FIXED_SPEC
MA/2009/page_112.pdf-1,MA/2009,4,KNOWN,1,b2daa658ad81c9181e21bba5a271d89afc992185c96ff0c23ab4c178544477fd,FROZEN_NUMERIC_POLICY_FROM_FIXED_SPEC
JPM/2014/page_127.pdf-4,JPM/2014,2,KNOWN,0,561f007100384acc4b6380136a4be0818f8ba76b0e2593814ebff1c76a6862fa,FROZEN_NUMERIC_POLICY_FROM_FIXED_SPEC
RSG/2009/page_78.pdf-1,RSG/2009,4,KNOWN,0,518a8fc9945673755c88e836663942a8ebe1ed308e761a52402652d8e129614c,FROZEN_NUMERIC_POLICY_FROM_FIXED_SPEC
IP/2014/page_65.pdf-2,IP/2014,4,KNOWN,1,033c0c26dde4672ff3b90853451ee7419119fa6e6d3295ff4f0e606cd40d6710,FROZEN_NUMERIC_POLICY_FROM_FIXED_SPEC
IP/2012/page_57.pdf-1,IP/2012,3,KNOWN,1,ad33c60fd8d67d74b6211193fe543a8ebd5fdfc75b7c335993bf419bcb459bee,FROZEN_NUMERIC_POLICY_FROM_FIXED_SPEC
AMT/2006/page_107.pdf-1,AMT/2006,0,KNOWN,1,94970d65b03d88e97f59d36994f7e30515d8f3903638273bd293a0132d954886,FROZEN_NUMERIC_POLICY_FROM_FIXED_SPEC
ETR/2016/page_343.pdf-2,ETR/2016,1,KNOWN,1,470175cc593df66c9ffcf685cd4f8a6d90915e6568ec2a4d5f4a04ca5664f605,FROZEN_NUMERIC_POLICY_FROM_FIXED_SPEC
ADBE/2009/page_98.pdf-2,ADBE/2009,0,KNOWN,1,6ad4e4a5cc0524828c0a4bb3e86b6d58ebeb220275948cb678ddf7629da39f49,FROZEN_NUMERIC_POLICY_FROM_FIXED_SPEC
PNC/2016/page_73.pdf-1,PNC/2016,4,KNOWN,0,833c8b7703a41b27f04eb6f70e747944b37e8c26dd2e17e483ee83c15f2610ed,FROZEN_NUMERIC_POLICY_FROM_FIXED_SPEC
AOS/2016/page_19.pdf-1,AOS/2016,0,KNOWN,0,4f2bee094879577fb2e3d26ae758e7228a08efc2d959d42d88ea27f3b77459de,FROZEN_NUMERIC_POLICY_FROM_FIXED_SPEC
AMT/2015/page_58.pdf-2,AMT/2015,3,UNKNOWN,,f1dc4d61fab0fd75312bff0ab05a6d68382ec4f6c707e4d992ec7cb222262a94,FROZEN_NUMERIC_POLICY_FROM_FIXED_SPEC
LMT/2016/page_83.pdf-3,LMT/2016,1,KNOWN,0,682fc87339d027ca307e54eb24cb8956321e7b619b6f1a25c29e95757b545605,FROZEN_NUMERIC_POLICY_FROM_FIXED_SPEC
AWK/2014/page_45.pdf-4,AWK/2014,4,KNOWN,1,71b1e7c696e2adb8bb90d4e2c6feaefd21365fefcb447c75f98b6d60a53d643d,FROZEN_NUMERIC_POLICY_FROM_FIXED_SPEC
CE/2005/page_167.pdf-1,CE/2005,0,KNOWN,1,267f21938ac38e73c515fb6c2d2b3001f29f959b88cfbf7d295871b891032c1f,FROZEN_NUMERIC_POLICY_FROM_FIXED_SPEC
ALLE/2015/page_81.pdf-1,ALLE/2015,3,KNOWN,0,4c50343ba7020db47cdd57f9ebfb340b6e4f7054c817c0a76599a3abecc73673,FROZEN_NUMERIC_POLICY_FROM_FIXED_SPEC
ORLY/2018/page_30.pdf-3,ORLY/2018,0,KNOWN,0,94a500ec4de3838fdac408815e2678e20326b69de121132f94ed756a841b9cef,FROZEN_NUMERIC_POLICY_FROM_FIXED_SPEC
REGN/2010/page_64.pdf-1,REGN/2010,1,KNOWN,0,43240f76fac1d6654df872e1450ce0ba6521f83de2d8774fa8ef2a69cc036e25,FROZEN_NUMERIC_POLICY_FROM_FIXED_SPEC
ETFC/2015/page_27.pdf-3,ETFC/2015,3,KNOWN,0,d5038596236f96b09fbbc46fbb91d3df514106504926041a8cd86bcf4be26a26,FROZEN_NUMERIC_POLICY_FROM_FIXED_SPEC
V/2008/page_130.pdf-2,V/2008,0,KNOWN,0,ba506bbeb60069ff2ec9c3f59e922de944c1d2cb15be76c147d483807830f393,FROZEN_NUMERIC_POLICY_FROM_FIXED_SPEC
ETR/2016/page_444.pdf-1,ETR/2016,1,KNOWN,1,927015deff263ac44a120d94359a14133d72c7b62852779b44cea511ab8b80c0,FROZEN_NUMERIC_POLICY_FROM_FIXED_SPEC
FIS/2012/page_30.pdf-3,FIS/2012,3,KNOWN,1,b374b5da7ebaa885ed2430f1e93604c37fce16b33fe3e1ccfa75e0c78b526d29,FROZEN_NUMERIC_POLICY_FROM_FIXED_SPEC
AAPL/2014/page_26.pdf-1,AAPL/2014,2,KNOWN,0,d0b7a9dbafddef0661023f1972f6f36755a04f55a2d2c4bfcb33bcf6577a460d,FROZEN_NUMERIC_POLICY_FROM_FIXED_SPEC
IP/2013/page_64.pdf-1,IP/2013,3,KNOWN,1,6e6935225e8eb7cce3c2144b3cb2f78893d2e65b0466adfc181cb0bed7e20cf9,FROZEN_NUMERIC_POLICY_FROM_FIXED_SPEC
CDNS/2007/page_30.pdf-1,CDNS/2007,2,KNOWN,1,25ab3005fce8b519756ce22a31914336f14a33029cce5965beb523016987a42e,FROZEN_NUMERIC_POLICY_FROM_FIXED_SPEC
GPN/2014/page_71.pdf-3,GPN/2014,1,KNOWN,1,30e474bfc66056b5984698ae9ed1fd1b3ac2c282dc95a865ad64c7e10a39ef38,FROZEN_NUMERIC_POLICY_FROM_FIXED_SPEC
MAS/2013/page_27.pdf-3,MAS/2013,0,KNOWN,0,51faee6b18d251715167082b6383d36104edc0016c1bcf41bff5f18e19d85c4b,FROZEN_NUMERIC_POLICY_FROM_FIXED_SPEC
GPN/2015/page_82.pdf-1,GPN/2015,4,KNOWN,0,a1d1dec966b4e7cd0bb0d578e41085a239b033605e53d63ffd0d22f0fbf487a8,FROZEN_NUMERIC_POLICY_FROM_FIXED_SPEC
AMT/2016/page_57.pdf-3,AMT/2016,0,KNOWN,1,ebdd1828b6438c425cecedec592f20613c639a621939ef71af90444eda456eb5,FROZEN_NUMERIC_POLICY_FROM_FIXED_SPEC
MMM/2005/page_72.pdf-1,MMM/2005,4,KNOWN,1,3fae2e4a88688f12027b575456047ca3f3f3ff562788182fda20837bbec61e15,FROZEN_NUMERIC_POLICY_FROM_FIXED_SPEC
ETR/2004/page_261.pdf-3,ETR/2004,1,KNOWN,1,5b8d2952fc9700aee86ff0da564f635461f737b07e1536dc6a4edeaa92c889a6,FROZEN_NUMERIC_POLICY_FROM_FIXED_SPEC
AWK/2018/page_178.pdf-4,AWK/2018,1,KNOWN,0,b990158b8ff22f69898400956b141755a45b07a29ad19d95e3be72b2ee75d27b,FROZEN_NUMERIC_POLICY_FROM_FIXED_SPEC
ADBE/2011/page_83.pdf-3,ADBE/2011,3,KNOWN,0,44c6e2dca9c50c94885c97de29a1e1030887f844a5c8050aac34e95dce8749f5,FROZEN_NUMERIC_POLICY_FROM_FIXED_SPEC
ETR/2009/page_21.pdf-2,ETR/2009,2,KNOWN,1,02cd1a948591e236cd0fa01b02cbc6aff7a1d86eec0b70a76ec340a3d2a73e3d,FROZEN_NUMERIC_POLICY_FROM_FIXED_SPEC
APD/2014/page_71.pdf-2,APD/2014,4,KNOWN,1,e5463d3ca0d20699badaf848d1583373af041943dc3879df8bc9daaf3bc1aecf,FROZEN_NUMERIC_POLICY_FROM_FIXED_SPEC
JKHY/2016/page_25.pdf-1,JKHY/2016,0,KNOWN,1,1629ada1a3c06e0058956793c7fbaf1a5805818f81c20a599fb6097317c3ae4a,FROZEN_NUMERIC_POLICY_FROM_FIXED_SPEC
C/2008/page_207.pdf-1,C/2008,3,KNOWN,0,919550ff9874d641dba7b4760ecdc5908e9a2cf86c2803019c9d3a277dfaedf6,FROZEN_NUMERIC_POLICY_FROM_FIXED_SPEC
INTC/2013/page_40.pdf-1,INTC/2013,4,KNOWN,0,015845816424e6db54f194cb8b9e790e934b742d9851b14d7681215a63f634b7,FROZEN_NUMERIC_POLICY_FROM_FIXED_SPEC
AAPL/2011/page_24.pdf-3,AAPL/2011,2,KNOWN,0,7a2b005c4a4dcf7a9b5f721adad1d1674cb263e237c79fd82865a6e2e29ce763,FROZEN_NUMERIC_POLICY_FROM_FIXED_SPEC
ALLE/2015/page_81.pdf-2,ALLE/2015,3,KNOWN,0,d22c887cc35bf82a743cbba9a96ed1b28ac648feba9377bea6a87415ba3b7528,FROZEN_NUMERIC_POLICY_FROM_FIXED_SPEC
ETR/2017/page_332.pdf-1,ETR/2017,4,KNOWN,1,24be44faab1f14d1607f98efb5e122217e37230c7e2a389de75a6c24ab44f1c3,FROZEN_NUMERIC_POLICY_FROM_FIXED_SPEC
JPM/2005/page_70.pdf-1,JPM/2005,3,KNOWN,1,c65155470011a640e4ee68f16074acbcfe6ee4d591aa9688975ba4e830e758ae,FROZEN_NUMERIC_POLICY_FROM_FIXED_SPEC
GS/2017/page_176.pdf-4,GS/2017,2,KNOWN,0,19c56f87b7c7da61d67de4d7e22029ca1bb1afa0bfcd951c7104ca2e76b36c7b,FROZEN_NUMERIC_POLICY_FROM_FIXED_SPEC
ECL/2017/page_68.pdf-2,ECL/2017,4,KNOWN,0,5cd1f0a5f85373af8c484d57a7b990c8aa849de8f695a4feabec12efa84a38fe,FROZEN_NUMERIC_POLICY_FROM_FIXED_SPEC
GPN/2008/page_95.pdf-4,GPN/2008,2,KNOWN,1,b54a9cae0c4b9446057934aa8621af21d6f67b4c026a58189af3e3d3780c277c,FROZEN_NUMERIC_POLICY_FROM_FIXED_SPEC
ETFC/2013/page_84.pdf-2,ETFC/2013,0,KNOWN,1,2de601d84d17621866f8599ab90c73d7bffa398302d609b3ac03eb5a115151b0,FROZEN_NUMERIC_POLICY_FROM_FIXED_SPEC
HWM/2015/page_87.pdf-2,HWM/2015,1,KNOWN,0,ce12de15eb7a9d98df9ddac551d0c1a4ab2b106d9f2379dee5aca2fde9785e43,FROZEN_NUMERIC_POLICY_FROM_FIXED_SPEC
FIS/2016/page_49.pdf-3,FIS/2016,0,KNOWN,0,3758b60e63f5fe8a8ee783d447e886b3054fe0b1ead664129f119e2611d36e18,FROZEN_NUMERIC_POLICY_FROM_FIXED_SPEC
PKG/2018/page_66.pdf-4,PKG/2018,2,KNOWN,0,920c4d963135d0f0f6f12351f2e12761b9a3616d527aad43f72a1f8e9008e0ec,FROZEN_NUMERIC_POLICY_FROM_FIXED_SPEC
GPN/2016/page_83.pdf-4,GPN/2016,1,KNOWN,0,b2dbe6e7b7d54c622012707a73a15bba5682ca06dbef0ff4019d2801af1b196b,FROZEN_NUMERIC_POLICY_FROM_FIXED_SPEC
JPM/2014/page_127.pdf-2,JPM/2014,2,KNOWN,1,c2e6216cb3eecb0c0e2142b0c80bf6773ae9a6efe7d52adbd144050e71821121,FROZEN_NUMERIC_POLICY_FROM_FIXED_SPEC
SLG/2009/page_84.pdf-2,SLG/2009,2,KNOWN,1,e2fe879fa14dcc3a850bf4f060276a0f74b9b0238e301dc6439258180e93fe58,FROZEN_NUMERIC_POLICY_FROM_FIXED_SPEC
CE/2005/page_56.pdf-3,CE/2005,0,KNOWN,0,eafc6ca6f9a4804a957e93e4363c1876b9afcfe69c7838a4c55f7d8945ca2fb7,FROZEN_NUMERIC_POLICY_FROM_FIXED_SPEC
MA/2008/page_116.pdf-4,MA/2008,4,KNOWN,1,e6a583932247e5b0d8853e005803442ad3704a0ddee415f27123886d39000b84,FROZEN_NUMERIC_POLICY_FROM_FIXED_SPEC
FIS/2010/page_89.pdf-3,FIS/2010,4,KNOWN,1,aa05eb5e8756f2fa150e6f0eaac03c3886b9b8fe5cfc345f9287414c93a81887,FROZEN_NUMERIC_POLICY_FROM_FIXED_SPEC
HUM/2018/page_46.pdf-3,HUM/2018,0,KNOWN,0,b8452251258bfa7a192e1399708b16e746a3f53e5cfda9b7c14662f401a9b589,FROZEN_NUMERIC_POLICY_FROM_FIXED_SPEC
C/2009/page_279.pdf-4,C/2009,2,KNOWN,0,02c074ee77f53586247ee8cb9ecfdab78e9be471abea9a4a028d60b4f3285261,FROZEN_NUMERIC_POLICY_FROM_FIXED_SPEC
EOG/2017/page_103.pdf-1,EOG/2017,1,KNOWN,0,fce7d560f1c8fb6a3582c10a4ed63a9cca5897873e9de79a3d4890d1bed7cb96,FROZEN_NUMERIC_POLICY_FROM_FIXED_SPEC
V/2009/page_89.pdf-2,V/2009,2,KNOWN,1,f0279dcd709733a5f838a102429e78ca5c1931b56b764b12a5985b40de8eee4c,FROZEN_NUMERIC_POLICY_FROM_FIXED_SPEC
AON/2011/page_121.pdf-3,AON/2011,3,KNOWN,0,59bdaeb1d0cced800d649e8a79184f5133b48b878eb751e0c16e76653d1a4f3a,FROZEN_NUMERIC_POLICY_FROM_FIXED_SPEC
HIG/2004/page_67.pdf-1,HIG/2004,0,UNKNOWN,,61e504247d624a9ee5e69d6ca33fa1bfcbe227990c4ef5799778a34555c518cb,FROZEN_NUMERIC_POLICY_FROM_FIXED_SPEC
PNC/2012/page_110.pdf-2,PNC/2012,3,KNOWN,0,432717639022757e0d0e8f421c652fe2f7246c222c2bca417144a5c02053223a,FROZEN_NUMERIC_POLICY_FROM_FIXED_SPEC
EMR/2017/page_53.pdf-2,EMR/2017,2,KNOWN,1,d4359dc162935a2e9e8690f5bd5e877101424ad7d8883b40e04e6ec6bd53f886,FROZEN_NUMERIC_POLICY_FROM_FIXED_SPEC
CB/2010/page_113.pdf-2,CB/2010,3,KNOWN,1,7005523982647aa4b2e0a66f466a591466cc2d84bccf8e5af9f0774845b0be5f,FROZEN_NUMERIC_POLICY_FROM_FIXED_SPEC
ALXN/2007/page_96.pdf-1,ALXN/2007,0,KNOWN,0,150e41499ad04fc10103249bdfacbe170c8f56dc431714def90c1cc32e84ec15,FROZEN_NUMERIC_POLICY_FROM_FIXED_SPEC
C/2009/page_42.pdf-2,C/2009,2,KNOWN,1,b3bd40769a5caf8450ac72a56a0c32a09425239737a1f8ce54e13e5e697adadb,FROZEN_NUMERIC_POLICY_FROM_FIXED_SPEC
ETFC/2011/page_23.pdf-1,ETFC/2011,2,KNOWN,1,404e2ff203dd9fe84ac3de29af56906b83a02f4379bfbc055a8edb042fa51a94,FROZEN_NUMERIC_POLICY_FROM_FIXED_SPEC
MA/2010/page_107.pdf-3,MA/2010,2,KNOWN,1,7014d0c003e0664ca7a600741139947c187bb1b1eb83c0f2c49af1300e8c32b0,FROZEN_NUMERIC_POLICY_FROM_FIXED_SPEC
PKG/2001/page_86.pdf-4,PKG/2001,1,KNOWN,0,c58d360cf7282a03b49e9769fef66d9ac29bb43ed4d1f3737e2a14f7ba757638,FROZEN_NUMERIC_POLICY_FROM_FIXED_SPEC
ADBE/2009/page_81.pdf-4,ADBE/2009,0,KNOWN,0,d662e5bd7d63f04e8f4e8412a5f58b6106380fe3ba924918dd710d7c9bd55d71,FROZEN_NUMERIC_POLICY_FROM_FIXED_SPEC
AAPL/2002/page_23.pdf-2,AAPL/2002,2,KNOWN,1,c9d84d93d1731c45e510b2c31f4a0989f826ebd4d4f2d49214cfbd9cb01c62d4,FROZEN_NUMERIC_POLICY_FROM_FIXED_SPEC
ETR/2008/page_187.pdf-3,ETR/2008,0,KNOWN,1,bd2aae4548c3840c09691b54eeb8d74692cfa64adc11af8bd3c6143cf05fdf69,FROZEN_NUMERIC_POLICY_FROM_FIXED_SPEC
PM/2018/page_108.pdf-2,PM/2018,2,KNOWN,0,54f48571c0f3d56e997765ce081490852e9f83597134c4fd07ec7625b2bc8ff9,FROZEN_NUMERIC_POLICY_FROM_FIXED_SPEC
SNPS/2012/page_62.pdf-1,SNPS/2012,1,KNOWN,1,0061b7949cb97b3816f5210f6f2bdaace39a53ef64435f8a03d56da0d84a1176,FROZEN_NUMERIC_POLICY_FROM_FIXED_SPEC
HWM/2017/page_75.pdf-2,HWM/2017,2,KNOWN,0,e9ad0a3c748cab8b719cd954664145e63d359ead2ccbd23fe7b2901af1484ea6,FROZEN_NUMERIC_POLICY_FROM_FIXED_SPEC
ETFC/2015/page_27.pdf-2,ETFC/2015,3,KNOWN,0,73e4eb363fd2b5e3d216ef2b44f25be960c58d7e6037e501d4c749b4c7b9a0ff,FROZEN_NUMERIC_POLICY_FROM_FIXED_SPEC
HUM/2018/page_129.pdf-4,HUM/2018,0,KNOWN,1,8bccd952f4d8d94479ad15efb6265cb0631867ca313a9b0942f2546a38e2fb93,FROZEN_NUMERIC_POLICY_FROM_FIXED_SPEC
PNC/2014/page_205.pdf-2,PNC/2014,0,KNOWN,0,e15de6bc7a0257fd323d41ba1cf42c72c5d152e0f9c1696c3537cfe60bcfc9db,FROZEN_NUMERIC_POLICY_FROM_FIXED_SPEC
CB/2010/page_113.pdf-4,CB/2010,3,KNOWN,1,897496920c0f24db437878ab68dce27605ee357672a17f8a49d276e9d3993c27,FROZEN_NUMERIC_POLICY_FROM_FIXED_SPEC
ETR/2017/page_401.pdf-2,ETR/2017,4,KNOWN,0,414b8c5941f01571d601e9c08465e50c1fb4e78e30a76ce6a7f64e0705a6279b,FROZEN_NUMERIC_POLICY_FROM_FIXED_SPEC
ETR/2008/page_401.pdf-2,ETR/2008,0,KNOWN,1,3d2613c74fdbca0dbbb49f6c6f7490bd3357ab0718b9782d29a1a0ae34a96cd9,FROZEN_NUMERIC_POLICY_FROM_FIXED_SPEC
EMR/2017/page_53.pdf-1,EMR/2017,2,KNOWN,1,fece72d9397eb71d57a1c4167080610f085ebee28843c78115b98e821e53096f,FROZEN_NUMERIC_POLICY_FROM_FIXED_SPEC
C/2016/page_120.pdf-3,C/2016,4,KNOWN,0,621b08db74fef47eafc5998d784f4c1515b751f6860f910f2dfce7ac58ea1788,FROZEN_NUMERIC_POLICY_FROM_FIXED_SPEC
LMT/2017/page_26.pdf-3,LMT/2017,0,KNOWN,1,1019442be4c974924b04d14602394173e36d5ab06dad9224bff95c3d5efab337,FROZEN_NUMERIC_POLICY_FROM_FIXED_SPEC
MKTX/2014/page_39.pdf-2,MKTX/2014,0,KNOWN,1,0471adc22dff5bd02d10ed65a0cbfb4dbe94d4949e591be9e7cb771c2a777af6,FROZEN_NUMERIC_POLICY_FROM_FIXED_SPEC
GPN/2008/page_39.pdf-3,GPN/2008,2,KNOWN,1,0e0989cd033d7a50c69ea006a4d017c72cde68be8553edf4b3b28bfe942a3fd1,FROZEN_NUMERIC_POLICY_FROM_FIXED_SPEC
ETR/2017/page_352.pdf-2,ETR/2017,4,KNOWN,0,8f0269d8d47c725c69e8401442d3261cb0079df175c1e75a74fef22f39ab8995,FROZEN_NUMERIC_POLICY_FROM_FIXED_SPEC
AAL/2015/page_15.pdf-2,AAL/2015,3,KNOWN,1,ca2420e36d33554b4839ec86a9b212faaeca9f6fa902aea0eca0cb5c1f900120,FROZEN_NUMERIC_POLICY_FROM_FIXED_SPEC
MA/2008/page_113.pdf-3,MA/2008,4,KNOWN,0,86aa9122452e2eedf8f5c15f06a090edf1627e26cae759b4153672db7c8e9701,FROZEN_NUMERIC_POLICY_FROM_FIXED_SPEC
SNA/2013/page_56.pdf-2,SNA/2013,2,KNOWN,1,989cf2a794fade52c87fa14dd0aae66ed71604230c049802fa6627741294265c,FROZEN_NUMERIC_POLICY_FROM_FIXED_SPEC
HIG/2004/page_192.pdf-2,HIG/2004,0,KNOWN,0,a135e696d58be8a4168bc1cfbcddd54b3d7939fbc72e1cc310b2c2a19d7c154a,FROZEN_NUMERIC_POLICY_FROM_FIXED_SPEC
EW/2014/page_90.pdf-1,EW/2014,3,KNOWN,0,e90161d848e4fe80e436f729f2070d09a8a251ca7b2337d74380d745a472ece0,FROZEN_NUMERIC_POLICY_FROM_FIXED_SPEC
HIG/2012/page_132.pdf-1,HIG/2012,3,KNOWN,0,b026c70e2c3e0b901b5b1329717544a20e05dea0078635f59b0873edd88bb551,FROZEN_NUMERIC_POLICY_FROM_FIXED_SPEC
AWK/2018/page_172.pdf-4,AWK/2018,1,KNOWN,1,631d95504bb91de6f1c5c8f89c1b7d74536b1a3cdd74cc1ebeff2df10e0aa48c,FROZEN_NUMERIC_POLICY_FROM_FIXED_SPEC
ETR/2008/page_267.pdf-1,ETR/2008,0,KNOWN,1,f2cd502e7260e48d0f573c8a49cd64af4b067aada3ef5cb72932abfb17181a08,FROZEN_NUMERIC_POLICY_FROM_FIXED_SPEC
HOLX/2011/page_122.pdf-1,HOLX/2011,2,KNOWN,1,6310b58dbe67f10f8b01c059272fa8b902634ac9b6cb4dc5087f1ecbe7134dee,FROZEN_NUMERIC_POLICY_FROM_FIXED_SPEC
CME/2010/page_71.pdf-1,CME/2010,4,KNOWN,1,e685e2db5f8f452d15e4c0d2f5c0056cc38c857f6ddf2aa28575fd7695fc980a,FROZEN_NUMERIC_POLICY_FROM_FIXED_SPEC
PPG/2018/page_32.pdf-2,PPG/2018,0,KNOWN,0,c7f4fe3768e712cad0dcbc8b925f3a9579e29ca7986b91ea17143672289e12e2,FROZEN_NUMERIC_POLICY_FROM_FIXED_SPEC
VTR/2006/page_88.pdf-3,VTR/2006,0,KNOWN,1,ff95d4a9600cff28014a46995987cf8e6f78e091d5a512e5bb9470b2b33dcce6,FROZEN_NUMERIC_POLICY_FROM_FIXED_SPEC
AWK/2013/page_123.pdf-4,AWK/2013,4,KNOWN,1,54f595b88ce3a3259ba6b4d1fdcdf932e4dc13804e5b10ec398fcba0ffdecccc,FROZEN_NUMERIC_POLICY_FROM_FIXED_SPEC
RL/2013/page_13.pdf-1,RL/2013,3,KNOWN,1,67896aa16b8399c086fa5ee4fca436622d9e1d4a10ee76e2eb60a9de1a009997,FROZEN_NUMERIC_POLICY_FROM_FIXED_SPEC
HWM/2018/page_67.pdf-1,HWM/2018,1,KNOWN,0,5c10d12e556716906ed65796050a56e76a93ed1c25b160680ffa9b1b1b4884d5,FROZEN_NUMERIC_POLICY_FROM_FIXED_SPEC
GIS/2015/page_38.pdf-1,GIS/2015,3,KNOWN,0,e8d80766b07750d82fe9653531ebacd45c13b359cd4d0a5fd01fe9cb66ffd6e3,FROZEN_NUMERIC_POLICY_FROM_FIXED_SPEC
JPM/2014/page_127.pdf-5,JPM/2014,2,KNOWN,1,1996629e5aa43c96eeeff5157197a1d53f128435b56ca4c4db6835fd2f567c1b,FROZEN_NUMERIC_POLICY_FROM_FIXED_SPEC
REGN/2010/page_72.pdf-2,REGN/2010,1,KNOWN,1,80e598bbbd9f812629ecb890145fbae97a0aef752fe305be178110172125b690,FROZEN_NUMERIC_POLICY_FROM_FIXED_SPEC
UPS/2010/page_33.pdf-3,UPS/2010,3,KNOWN,0,258a4bc3d72ed5b71247fc5ac97729a0f1d34369615c2e704de292db6844449c,FROZEN_NUMERIC_POLICY_FROM_FIXED_SPEC
KMI/2010/page_2.pdf-1,KMI/2010,4,KNOWN,1,5d35a9c562009e4471b2c67f29e2d30f4e52d46b77d347788fe9c3b5c26b4699,FROZEN_NUMERIC_POLICY_FROM_FIXED_SPEC
HIG/2013/page_124.pdf-1,HIG/2013,4,KNOWN,1,271d2f92d4a42a6c1125213da000209407e613c4000839db9bd3ce983e8fe5d2,FROZEN_NUMERIC_POLICY_FROM_FIXED_SPEC
HWM/2018/page_41.pdf-1,HWM/2018,1,KNOWN,1,7ee087eeccfd3dee5f559f2d70254fd83c67d4ccc3d0608af99b13a7a963fc99,FROZEN_NUMERIC_POLICY_FROM_FIXED_SPEC
BLL/2007/page_78.pdf-2,BLL/2007,2,KNOWN,1,ec3e35659b2097a914859b9a3aaa9b07e2e59d79b7afeaeb32def2a4db558ea3,FROZEN_NUMERIC_POLICY_FROM_FIXED_SPEC
MAS/2012/page_86.pdf-4,MAS/2012,1,KNOWN,0,9f1646e9907e08cbebc96f998069d47c533fbfc414b1421e903fa8396803f64c,FROZEN_NUMERIC_POLICY_FROM_FIXED_SPEC
IPG/2018/page_26.pdf-3,IPG/2018,2,KNOWN,0,3b5fa60654159b4ba8ba2ae5caee541500ee58701b52cdc1ecc17dc447701c8c,FROZEN_NUMERIC_POLICY_FROM_FIXED_SPEC
AAP/2013/page_32.pdf-1,AAP/2013,2,KNOWN,1,d717119ed685fe877cd168362fea948d788e93e6d3a3c362acc7c9689a04a296,FROZEN_NUMERIC_POLICY_FROM_FIXED_SPEC
IPG/2017/page_26.pdf-3,IPG/2017,1,KNOWN,1,2aafcbb9a2dea181876d2437f5c0f8a01e4c0051e2f8a5f875d9679fe4ff1762,FROZEN_NUMERIC_POLICY_FROM_FIXED_SPEC
DRE/2009/page_60.pdf-2,DRE/2009,0,KNOWN,1,acebbd089f4eb5da5cc416e2f879a648f9a4083db26506eeb2dc1682a8d32d87,FROZEN_NUMERIC_POLICY_FROM_FIXED_SPEC
LMT/2016/page_105.pdf-3,LMT/2016,1,KNOWN,0,5e8a6c4fb496ea3ec709fdaa107c2e3ad493bfc5d6225857f01bbc9976daa685,FROZEN_NUMERIC_POLICY_FROM_FIXED_SPEC
HIG/2016/page_250.pdf-2,HIG/2016,3,UNKNOWN,,81161def041088c33f7978e28f2d56c7cdb9348fdd003fcb631032323059e8e1,FROZEN_NUMERIC_POLICY_FROM_FIXED_SPEC
LMT/2013/page_47.pdf-2,LMT/2013,2,KNOWN,0,76dbdd95e12f0300a46b9f4e0b9c802b65e5cea2e176ea260801e9b5a18fadab,FROZEN_NUMERIC_POLICY_FROM_FIXED_SPEC
TFX/2017/page_48.pdf-2,TFX/2017,4,KNOWN,0,cf1defcf208361a66ce7669ad208353c092fcbaeb7d0bc87e8aa9cb2e90128f7,FROZEN_NUMERIC_POLICY_FROM_FIXED_SPEC
AAP/2012/page_61.pdf-2,AAP/2012,0,KNOWN,0,5581e2551d3e6864bc1d9ea034dec8a840d172209959f8d9e79fb125e5842bdd,FROZEN_NUMERIC_POLICY_FROM_FIXED_SPEC
ETR/2013/page_136.pdf-3,ETR/2013,1,KNOWN,1,07f6da0466d4e8d9ba3416199217183a37bb0f9ec2e3f6fa6d319498a2bf8a3e,FROZEN_NUMERIC_POLICY_FROM_FIXED_SPEC
IP/2014/page_66.pdf-2,IP/2014,4,KNOWN,1,86d9e8edfb098fd02912a77adb2ddc7fbcd40c8e545e884f752fa863c049bcaf,FROZEN_NUMERIC_POLICY_FROM_FIXED_SPEC
AMAT/2015/page_31.pdf-3,AMAT/2015,3,KNOWN,1,8f8261f99065200bfc213cbb6ec9246fb44e5b720a73a1f13d180f10d231d00c,FROZEN_NUMERIC_POLICY_FROM_FIXED_SPEC
C/2009/page_255.pdf-4,C/2009,2,KNOWN,1,2d93e5e3b9fd62e34cc06811290da43bc93b94d6d773df32347964181adb672c,FROZEN_NUMERIC_POLICY_FROM_FIXED_SPEC
UNP/2016/page_24.pdf-1,UNP/2016,3,KNOWN,0,ea2bfda18c282ccb843b8fb1db19d0f633d92c670845b665b591f0cb1dfc81c5,FROZEN_NUMERIC_POLICY_FROM_FIXED_SPEC
AMT/2014/page_131.pdf-2,AMT/2014,4,KNOWN,0,b665fba56d5e9e5d69153585b46d36994e7a66e0e595b5c1dd06a77542d0e12c,FROZEN_NUMERIC_POLICY_FROM_FIXED_SPEC
IPG/2015/page_24.pdf-3,IPG/2015,4,KNOWN,1,8ac925163797aed74eebc123e60ae1eba5eb0b1b769c4462827f14fd0c4394c6,FROZEN_NUMERIC_POLICY_FROM_FIXED_SPEC
AAPL/2017/page_23.pdf-1,AAPL/2017,2,KNOWN,0,7fe52982dbacab11c5c9c6f78158e90df097dd50b84a6611d64bc6feef6241e0,FROZEN_NUMERIC_POLICY_FROM_FIXED_SPEC
DISH/2011/page_130.pdf-1,DISH/2011,3,KNOWN,1,090e8cd2038ad3df12a58224abd5891258c7c1b3a53ae29770e38cdb7cd8459d,FROZEN_NUMERIC_POLICY_FROM_FIXED_SPEC
MRO/2009/page_132.pdf-2,MRO/2009,4,KNOWN,1,4a5df7e11f035ab8a5e94b2304f6a7176a54b194fbfc7ef1b59d5629527c853c,FROZEN_NUMERIC_POLICY_FROM_FIXED_SPEC
ETR/2008/page_212.pdf-2,ETR/2008,0,KNOWN,1,afa4f25ba8774c0837b3b339918590d712bf43cdde0d8ca63b1d0bade89631b5,FROZEN_NUMERIC_POLICY_FROM_FIXED_SPEC
LMT/2002/page_33.pdf-3,LMT/2002,3,KNOWN,0,c3fdb8a8afbab0b8aa36a2e135d0c1c71136c3da34b46d9fb868097f569516ce,FROZEN_NUMERIC_POLICY_FROM_FIXED_SPEC
GPN/2017/page_72.pdf-1,GPN/2017,0,KNOWN,1,8f9e885aa7aff86c24e811bce3c0d8b6caa752a71651ab2fcbde26bcdbc76106,FROZEN_NUMERIC_POLICY_FROM_FIXED_SPEC
RL/2018/page_9.pdf-1,RL/2018,1,KNOWN,1,68e894b437fe5f6d0322f7802cfea2b7f18fca3356d00fabaf3996f1294e7eb5,FROZEN_NUMERIC_POLICY_FROM_FIXED_SPEC
AWK/2017/page_172.pdf-3,AWK/2017,4,KNOWN,1,499051b756e02a641b268259a018889355a05530d5f563a6dc2fc8974a515a0c,FROZEN_NUMERIC_POLICY_FROM_FIXED_SPEC
ETR/2016/page_24.pdf-3,ETR/2016,1,KNOWN,0,4b47a2feb2b8971fba520bff0cb21fab79144409eb38ef0819c69097a6d18ce2,FROZEN_NUMERIC_POLICY_FROM_FIXED_SPEC
AWK/2014/page_122.pdf-2,AWK/2014,4,KNOWN,1,f16a5b9283ee54e1d868af4ebd3d3b97d7357013eb6e447f4c11225473b3e792,FROZEN_NUMERIC_POLICY_FROM_FIXED_SPEC
AON/2011/page_91.pdf-1,AON/2011,3,KNOWN,1,ef1f09bc72672029eaa57879d23c23f784f110f55f5aea5f390df71771db2d97,FROZEN_NUMERIC_POLICY_FROM_FIXED_SPEC
ETR/2016/page_144.pdf-2,ETR/2016,1,KNOWN,1,6c4af8876fcd5e2134ca7664254c70f2d102b3d078866ce359597f3f1b23dd01,FROZEN_NUMERIC_POLICY_FROM_FIXED_SPEC
ADBE/2012/page_87.pdf-4,ADBE/2012,1,KNOWN,1,9146b8317c09a08d16a36822f1d8a37720dce9d6189fdc6579691df8e2c89664,FROZEN_NUMERIC_POLICY_FROM_FIXED_SPEC
APTV/2018/page_34.pdf-1,APTV/2018,1,KNOWN,1,a65ff0304397e79eab9580ce7d8ab3443efbe6494f2d29eeda058a7726fe32e4,FROZEN_NUMERIC_POLICY_FROM_FIXED_SPEC
AAP/2012/page_61.pdf-1,AAP/2012,0,KNOWN,1,020656c2af6802ddac509785b1561627ac756c7078fb4e3d2ee1026164dc2201,FROZEN_NUMERIC_POLICY_FROM_FIXED_SPEC
MRO/2009/page_107.pdf-2,MRO/2009,4,KNOWN,1,e89ea436d1a67753de6a33b8a8e4e2ca8217a8d2fd3529c92f5e96d00fbccb0d,FROZEN_NUMERIC_POLICY_FROM_FIXED_SPEC
ETR/2004/page_125.pdf-2,ETR/2004,1,KNOWN,0,67d9d98e21eabf5234dc4b572fe1d52b0094935c86824795b630ddeeef9750db,FROZEN_NUMERIC_POLICY_FROM_FIXED_SPEC
STT/2008/page_73.pdf-2,STT/2008,0,KNOWN,0,f3f5076257dd99339c5a79c66f2cd28c1472d2dc1f6ab5cc8efaa590712c90ea,FROZEN_NUMERIC_POLICY_FROM_FIXED_SPEC
GS/2014/page_167.pdf-3,GS/2014,3,KNOWN,1,463c5c80a31ac0e3c09fb3aa44f1cb9e45e948192bf2dac33a702509315a3826,FROZEN_NUMERIC_POLICY_FROM_FIXED_SPEC
AAL/2014/page_89.pdf-4,AAL/2014,1,KNOWN,0,4d1845a14f2223fb517768a289fe84735c1f42f5206233c88914d1f115dfb3dd,FROZEN_NUMERIC_POLICY_FROM_FIXED_SPEC
GPN/2007/page_39.pdf-2,GPN/2007,0,KNOWN,1,e012b4ab35c6e84d328fafcf471f608eae7c18d0f44dcee0f616450cdcd8d024,FROZEN_NUMERIC_POLICY_FROM_FIXED_SPEC
STT/2009/page_109.pdf-3,STT/2009,2,KNOWN,1,91ec568d957c063b5289730226e8a06edfedf4bfb5c842b1f3044b049895ccdd,FROZEN_NUMERIC_POLICY_FROM_FIXED_SPEC
IP/2015/page_51.pdf-2,IP/2015,1,KNOWN,0,204f2d1edf4e9c5f0b6ce166561792917d1c4c57d09c26cad82195602632dc37,FROZEN_NUMERIC_POLICY_FROM_FIXED_SPEC
UNP/2009/page_38.pdf-1,UNP/2009,2,KNOWN,1,89a7aa4412dcb3905c9013002029d977f9ada8e565368c3cc69da7bb3db13f9a,FROZEN_NUMERIC_POLICY_FROM_FIXED_SPEC
C/2009/page_279.pdf-3,C/2009,2,KNOWN,1,12616b9daf988cf8a69fd5109d97d4505209c757311b12fefb4f793036a25ace,FROZEN_NUMERIC_POLICY_FROM_FIXED_SPEC
STT/2017/page_63.pdf-2,STT/2017,4,KNOWN,0,c46999d698509770b63e797c2e7266cdcdf10655d4da1868aacf9bd0e07f0d67,FROZEN_NUMERIC_POLICY_FROM_FIXED_SPEC
ETR/2017/page_379.pdf-3,ETR/2017,4,KNOWN,0,a728bda40587a7c23a167bebf80387245d00995c38139bbaa534486b68456b1d,FROZEN_NUMERIC_POLICY_FROM_FIXED_SPEC
IP/2016/page_52.pdf-1,IP/2016,3,KNOWN,1,81f169fa02c60e22c9841196b254937950fdd1095f84ffa595b6031bff75b664,FROZEN_NUMERIC_POLICY_FROM_FIXED_SPEC
ADBE/2012/page_87.pdf-3,ADBE/2012,1,KNOWN,0,272f135e8490a2b50aba3449df765ebacd49618296624690b4ecccfae35b9cdf,FROZEN_NUMERIC_POLICY_FROM_FIXED_SPEC
IP/2012/page_56.pdf-2,IP/2012,3,KNOWN,0,d20e70817bad95debabbd6c6be85c260f76835dc8f00f595b066305ea7da9340,FROZEN_NUMERIC_POLICY_FROM_FIXED_SPEC
ETR/2008/page_401.pdf-1,ETR/2008,0,KNOWN,1,3e69cc9ceaa667dab35e73512077b0ad3018b4f4aa02c9643e46a2efee058c6f,FROZEN_NUMERIC_POLICY_FROM_FIXED_SPEC
GPN/2009/page_69.pdf-3,GPN/2009,1,KNOWN,0,83b18749762b0e259cdb3e4baf891dad11077e4e7fad738fd3ed2f091f1bac12,FROZEN_NUMERIC_POLICY_FROM_FIXED_SPEC
JKHY/2018/page_16.pdf-3,JKHY/2018,4,KNOWN,1,7d2049ec771e274c009cdadb6cf6cadb30f0efb64873c101a06d510ab15ab963,FROZEN_NUMERIC_POLICY_FROM_FIXED_SPEC
IP/2013/page_101.pdf-1,IP/2013,3,KNOWN,1,5c6aca262c8cbb3f5cf0c118459279f6f76f63c62ca6ccfed992940d11113dbc,FROZEN_NUMERIC_POLICY_FROM_FIXED_SPEC
PPG/2018/page_60.pdf-2,PPG/2018,0,KNOWN,1,c19e266e0977f5a4abfea182b22a7cef219417e1d7169f07227f8fac04574ce0,FROZEN_NUMERIC_POLICY_FROM_FIXED_SPEC
AMT/2016/page_57.pdf-2,AMT/2016,0,KNOWN,0,3ccb245fa1bd176a82c80d045d2e984a3207223c689da00d71d7c7bc4ae1ed28,FROZEN_NUMERIC_POLICY_FROM_FIXED_SPEC
C/2008/page_193.pdf-2,C/2008,3,KNOWN,1,736c2232ccaebe9878f8951a0503a5617fbdeecc2156e91b4eaba8a68dbabeef,FROZEN_NUMERIC_POLICY_FROM_FIXED_SPEC
GS/2018/page_134.pdf-3,GS/2018,2,KNOWN,1,08ab469087f32c842aa461ed313ef8ad5bd78dbf4c7cdd4e1f8b0bb866ca5049,FROZEN_NUMERIC_POLICY_FROM_FIXED_SPEC
HWM/2015/page_89.pdf-2,HWM/2015,1,KNOWN,1,d6cf782510307d0ac81ef01c7b5e811077d8230aa1ee2fa11d8ecb355c88b65c,FROZEN_NUMERIC_POLICY_FROM_FIXED_SPEC
ETR/2017/page_373.pdf-2,ETR/2017,4,KNOWN,0,f5b000c3b5c3d011548547614e44d919b1d82d8b7ceb1787c3b22627dff178ef,FROZEN_NUMERIC_POLICY_FROM_FIXED_SPEC
ETR/2008/page_33.pdf-2,ETR/2008,0,KNOWN,1,db3a49468e7e2cfc84773d336975bc6c6b6c7ab7b4c8e4391749294b1874d269,FROZEN_NUMERIC_POLICY_FROM_FIXED_SPEC
STT/2017/page_100.pdf-1,STT/2017,4,KNOWN,1,b43f9f2d5936a0b4ca2a5b26fe1fb4aa5b6dcb0b173a2d1d07b991fd94741bbb,FROZEN_NUMERIC_POLICY_FROM_FIXED_SPEC
SNPS/2009/page_59.pdf-1,SNPS/2009,1,KNOWN,1,417f487fec1a3b6238757e6cda857cb0587c8d6e460a1ff557228b2a804e2ca4,FROZEN_NUMERIC_POLICY_FROM_FIXED_SPEC
APTV/2014/page_46.pdf-2,APTV/2014,2,KNOWN,1,dd86b900f07d364141661faa4bc8c5b13c32eb038207b7f080c7ae7c13e1b272,FROZEN_NUMERIC_POLICY_FROM_FIXED_SPEC
DISH/2015/page_142.pdf-1,DISH/2015,2,KNOWN,1,968f9d70d3384a1d68681dbc3fe18c9747d518bcb8204cfeceb367b2dc06cf71,FROZEN_NUMERIC_POLICY_FROM_FIXED_SPEC
GS/2012/page_186.pdf-3,GS/2012,4,KNOWN,0,0193b18a415f9f1d4485fed50fa59e63fdb8ff90998b0a8aedb691467ed61228,FROZEN_NUMERIC_POLICY_FROM_FIXED_SPEC
UPS/2013/page_34.pdf-1,UPS/2013,4,KNOWN,0,3b63c31e73628713fee00172a74aaa4f19c1afe23c66c87581bfecb756d0d5d8,FROZEN_NUMERIC_POLICY_FROM_FIXED_SPEC
ETR/2009/page_21.pdf-3,ETR/2009,2,KNOWN,0,ebdac7e054c53ac06ab652209a2a5ebb358891449292c6e5c6c5b1555029a919,FROZEN_NUMERIC_POLICY_FROM_FIXED_SPEC
ETR/2017/page_379.pdf-1,ETR/2017,4,KNOWN,1,ccd94c809cd3f103f9bfb7ae526966595709798aebd0cd4baed4ab1282b120b7,FROZEN_NUMERIC_POLICY_FROM_FIXED_SPEC
UNP/2017/page_50.pdf-2,UNP/2017,1,KNOWN,0,9feefa110052cbeece29cdb146dbce1463494f06269249e94023b0aee47e866d,FROZEN_NUMERIC_POLICY_FROM_FIXED_SPEC
RCL/2005/page_40.pdf-2,RCL/2005,3,KNOWN,1,30c4d38074a4d5f800e693be0f34afceb2e31a4d6f33e0563206f5b9de28ca73,FROZEN_NUMERIC_POLICY_FROM_FIXED_SPEC
RE/2006/page_31.pdf-1,RE/2006,3,KNOWN,0,c0e2d8b7d5e46b8cbc5dc720490c0c0bebb31aedaca991befc26f2eb551cf985,FROZEN_NUMERIC_POLICY_FROM_FIXED_SPEC
C/2009/page_48.pdf-2,C/2009,2,KNOWN,1,ee36953694dcd4d3a7e549eb50d9f75e09b50e2a5f1fcc21e00a7057226ee5e6,FROZEN_NUMERIC_POLICY_FROM_FIXED_SPEC
BLL/2011/page_29.pdf-3,BLL/2011,0,KNOWN,0,d7e8b9e4a7e4340594a4d414a34cf099af10599af2b4fba831cde6fd32e01cbf,FROZEN_NUMERIC_POLICY_FROM_FIXED_SPEC
EMR/2017/page_66.pdf-1,EMR/2017,2,KNOWN,1,4a97adf84fc65a82f8674257b8fffea866a9c4a7eb25ff610293d19fc874f1bb,FROZEN_NUMERIC_POLICY_FROM_FIXED_SPEC
MRO/2008/page_146.pdf-4,MRO/2008,2,KNOWN,1,03277a3a07543fc0953dbe6c25d66d1acaf97d7ae367d4717fee1fea6f1b955f,FROZEN_NUMERIC_POLICY_FROM_FIXED_SPEC
JPM/2008/page_177.pdf-3,JPM/2008,4,KNOWN,1,a37fd2623370efd423d31efdb9928b7c43bfe44525d900c3bdf9561dc96c4355,FROZEN_NUMERIC_POLICY_FROM_FIXED_SPEC
GIS/2017/page_46.pdf-1,GIS/2017,2,KNOWN,0,cbc97ff8ebb9071536f579cc7e93b7973dfb0d8a99d6580838d072b3e1c95220,FROZEN_NUMERIC_POLICY_FROM_FIXED_SPEC
AMT/2012/page_56.pdf-2,AMT/2012,2,KNOWN,1,fb82b9ccd961e916fe8aa784e272e4d36384bcb40a15bf91ea0e3e2de660cc9c,FROZEN_NUMERIC_POLICY_FROM_FIXED_SPEC
UPS/2013/page_56.pdf-2,UPS/2013,4,KNOWN,1,0a8b92f9db4035bcbeb682451c961ee2f1e248560b9076416bc82c7d9ad981e9,FROZEN_NUMERIC_POLICY_FROM_FIXED_SPEC
UPS/2015/page_108.pdf-4,UPS/2015,0,KNOWN,0,09eaf009f5ecc176c1067901f6321e4c0e2992033a565191a095d617180c39ec,FROZEN_NUMERIC_POLICY_FROM_FIXED_SPEC
AAPL/2011/page_38.pdf-1,AAPL/2011,2,KNOWN,1,babc9125edb23d9b848a85586ed5325b42ff25277ee5b80c3a99c41b3316ea7d,FROZEN_NUMERIC_POLICY_FROM_FIXED_SPEC
ADBE/2012/page_113.pdf-1,ADBE/2012,1,KNOWN,1,d23271cd37cf40eb3d2ddf52062865897b6fe7d15205965c7815914c98a62109,FROZEN_NUMERIC_POLICY_FROM_FIXED_SPEC
BDX/2009/page_81.pdf-2,BDX/2009,1,KNOWN,0,99b0263fd1aa73621824aabb4a88414743ccd7e6519437220bb00f6ef4cb7238,FROZEN_NUMERIC_POLICY_FROM_FIXED_SPEC
BLL/2010/page_58.pdf-2,BLL/2010,1,KNOWN,1,dc73473a094daad3de771ea7f9c4143d955b764e613b6444d99eeb76a99b1793,FROZEN_NUMERIC_POLICY_FROM_FIXED_SPEC
AAPL/2014/page_78.pdf-3,AAPL/2014,2,KNOWN,1,0b0d9e80ef5b2e4fcdcfaa02c1cf1776ff05bc5cc799efcac565821b761dea51,FROZEN_NUMERIC_POLICY_FROM_FIXED_SPEC
UNP/2012/page_47.pdf-1,UNP/2012,4,KNOWN,1,52f0c4c8996dbe52baf996a31bdd7e43da273dc885f0ce63d505ed67730d3bfe,FROZEN_NUMERIC_POLICY_FROM_FIXED_SPEC
ECL/2017/page_96.pdf-2,ECL/2017,4,KNOWN,1,e03cd2945a9f93c813b689988fdc0ce6e7607386e0f111a6c981bb5654acf844,FROZEN_NUMERIC_POLICY_FROM_FIXED_SPEC
MAR/2010/page_55.pdf-1,MAR/2010,4,KNOWN,1,60002a376fd0df54c0a5c051b6a4466d958100048f53881e53e43b97c4edc17c,FROZEN_NUMERIC_POLICY_FROM_FIXED_SPEC
IP/2013/page_62.pdf-2,IP/2013,3,KNOWN,1,21d91e05bf0c5845c65dfecf98d5bb18c0c8f13c5ddd952840753045283fcd1f,FROZEN_NUMERIC_POLICY_FROM_FIXED_SPEC
IPG/2018/page_100.pdf-1,IPG/2018,2,KNOWN,1,9d40da49de4f70bc7ad9c9944200eb411252a2935611ff729fe643daec450676,FROZEN_NUMERIC_POLICY_FROM_FIXED_SPEC
MA/2008/page_125.pdf-1,MA/2008,4,KNOWN,0,26189c5a8166984d9b7b41ea040cdb3677bdc87220b13d5a075a859eea291a27,FROZEN_NUMERIC_POLICY_FROM_FIXED_SPEC
BLK/2012/page_31.pdf-1,BLK/2012,2,KNOWN,0,03537ff204b19bcf926dc73fcb033abf15f04e1528095ceec633d8615decb55d,FROZEN_NUMERIC_POLICY_FROM_FIXED_SPEC
AAPL/2002/page_63.pdf-1,AAPL/2002,2,KNOWN,0,50f1eca4cc1d5aeb9ab91942b6587e6300df53d3398a3a8787a0f8e0f7784747,FROZEN_NUMERIC_POLICY_FROM_FIXED_SPEC
AAPL/2015/page_24.pdf-2,AAPL/2015,3,KNOWN,0,97b5dbaaa0b0c738c1ffad90195f595cbdc24d5913e7d6f87d81a064c32ed0b6,FROZEN_NUMERIC_POLICY_FROM_FIXED_SPEC
REGN/2010/page_72.pdf-1,REGN/2010,1,KNOWN,1,bc7b8742516e66976ef1c0181a6a2a231e519c4c03327b41a38f7f6450f8e5ec,FROZEN_NUMERIC_POLICY_FROM_FIXED_SPEC
EOG/2017/page_93.pdf-1,EOG/2017,1,KNOWN,1,dab1bc1df6afdf521b9bc5cac28fe624c7e0e065591ce241b3320ef09ee5e632,FROZEN_NUMERIC_POLICY_FROM_FIXED_SPEC
AWK/2018/page_150.pdf-1,AWK/2018,1,KNOWN,1,0c361c88e7de05238f4d894e5f2d840945fde575f08322d30ffcb49540a3188e,FROZEN_NUMERIC_POLICY_FROM_FIXED_SPEC
MA/2009/page_120.pdf-2,MA/2009,4,KNOWN,0,c3e7a0c7d47cf36e9bd6b33d6b581e06f42a7911d119333a3bf025d96b56b773,FROZEN_NUMERIC_POLICY_FROM_FIXED_SPEC
VTR/2007/page_48.pdf-3,VTR/2007,4,KNOWN,0,bb2185405a632e5b4ef20427c0fb80f9abdc9266c716447f58240f6d13d91c95,FROZEN_NUMERIC_POLICY_FROM_FIXED_SPEC
ECL/2015/page_70.pdf-3,ECL/2015,3,KNOWN,0,22ee67539815ae0e0978ee8effcdb5f84b8a581007e669314101d3e9ad69c010,FROZEN_NUMERIC_POLICY_FROM_FIXED_SPEC
ORLY/2017/page_30.pdf-3,ORLY/2017,2,KNOWN,0,88216967dba083317005d1985148b29297a57085fdba99742cde8982a9cdc720,FROZEN_NUMERIC_POLICY_FROM_FIXED_SPEC
MO/2016/page_76.pdf-1,MO/2016,4,UNKNOWN,,402457eacfc5d6dd0f664f2d108acf266db2c491b7b1f887c9031756e537eb73,FROZEN_NUMERIC_POLICY_FROM_FIXED_SPEC
ETR/2016/page_144.pdf-4,ETR/2016,1,KNOWN,1,861b2d342b25bd55335b51ebeb7671f986b9b8d98ecfa796696fcab0341508d2,FROZEN_NUMERIC_POLICY_FROM_FIXED_SPEC
K/2012/page_80.pdf-2,K/2012,3,KNOWN,0,daaa9f6e6cbf201622eabe0eb351407a7bf3bd17bcc8d0cdc555e482d9dbb51f,FROZEN_NUMERIC_POLICY_FROM_FIXED_SPEC
GPN/2015/page_83.pdf-3,GPN/2015,4,KNOWN,1,9cf071dae8ff72d15979803d10efad6f3e026a7cfbceed0cd23f8d69727b9068,FROZEN_NUMERIC_POLICY_FROM_FIXED_SPEC
PNC/2011/page_209.pdf-5,PNC/2011,4,KNOWN,0,98f96c8ac3713d32aedf97eb22856c4fd5fb02a5b18d08474d9d76dd0162162b,FROZEN_NUMERIC_POLICY_FROM_FIXED_SPEC
ADBE/2013/page_84.pdf-1,ADBE/2013,2,KNOWN,0,f08248f90ed5bd7460e0232782c44934d8d52f1874d6bc95ad171a72446b9643,FROZEN_NUMERIC_POLICY_FROM_FIXED_SPEC
UAA/2016/page_81.pdf-2,UAA/2016,0,KNOWN,1,6e293062f85d59231e6b6f9e0bffd37de56fe1f58702ed92fd79c482c6e7d945,FROZEN_NUMERIC_POLICY_FROM_FIXED_SPEC
CDNS/2016/page_32.pdf-2,CDNS/2016,4,KNOWN,0,5b88d65d055a998e41abce0c61e239f1f90fdc431489305b0d741032c4e16b7f,FROZEN_NUMERIC_POLICY_FROM_FIXED_SPEC
MRO/2008/page_42.pdf-1,MRO/2008,2,KNOWN,1,2c9e0f7a3f9089309e12e40b85f480f26640c3f4cff1620e82f228f158db307f,FROZEN_NUMERIC_POLICY_FROM_FIXED_SPEC
GS/2012/page_64.pdf-2,GS/2012,4,UNKNOWN,,f90ecf7b8c70c3fc658504d8c7fab38b0f83d1e4a740c088bf374bdf0db0a540,FROZEN_NUMERIC_POLICY_FROM_FIXED_SPEC
AAL/2014/page_80.pdf-2,AAL/2014,1,KNOWN,1,688352a396be076f8015024431a3edbd0020a5eb57a98bbe7b4aae29fb5a736c,FROZEN_NUMERIC_POLICY_FROM_FIXED_SPEC
AAPL/2015/page_56.pdf-2,AAPL/2015,3,KNOWN,0,f1992eb63357c5623758d39d33e49ad0f046de154d331209f518cd7dd1f6f44d,FROZEN_NUMERIC_POLICY_FROM_FIXED_SPEC
JPM/2015/page_83.pdf-2,JPM/2015,3,KNOWN,0,d62865eb1ec6445a03a418f8192c07023b7027018bcab49d7d4e80c2034fc4bb,FROZEN_NUMERIC_POLICY_FROM_FIXED_SPEC
RL/2015/page_11.pdf-2,RL/2015,3,KNOWN,1,ff9416738b80fc3ddca754d7fd17ebb28383bea10b4fcbc95596327db03a8b0a,FROZEN_NUMERIC_POLICY_FROM_FIXED_SPEC
GPN/2010/page_92.pdf-3,GPN/2010,1,KNOWN,1,9c75982ed006e8580b93fe7cda0844bb0a6d6a577d6e7e96b21ef17d34d660d2,FROZEN_NUMERIC_POLICY_FROM_FIXED_SPEC
JPM/2016/page_141.pdf-3,JPM/2016,1,KNOWN,0,9857fdc6015a98a59ad001624484ce5efcfa84eef51186428ab7cc44f186207b,FROZEN_NUMERIC_POLICY_FROM_FIXED_SPEC
STT/2011/page_85.pdf-1,STT/2011,4,KNOWN,0,966b665ba6b8ff42056f8b1deb5e8b8ed984d752ee92d68bf5a72d2bacc11a7f,FROZEN_NUMERIC_POLICY_FROM_FIXED_SPEC
CB/2008/page_144.pdf-1,CB/2008,4,KNOWN,1,89227f7b06cd0f31cf7ce5ac91cce22537e1c833cecd4ca56bd5ca57eaf36794,FROZEN_NUMERIC_POLICY_FROM_FIXED_SPEC
BLL/2007/page_75.pdf-4,BLL/2007,2,KNOWN,0,bc8026666dded3947b2b4582f415d9176537ba4633a301a6739069294345ca95,FROZEN_NUMERIC_POLICY_FROM_FIXED_SPEC
DRE/2002/page_13.pdf-1,DRE/2002,0,KNOWN,1,b611c8d8a2b3b141b844f0622958ae01564beb488d09ab47bd60f7a37a28aa37,FROZEN_NUMERIC_POLICY_FROM_FIXED_SPEC
BKNG/2017/page_35.pdf-4,BKNG/2017,2,KNOWN,1,4b044ec14c80b6f8635974d423aad8aff97793682ce4c3bb612a45e892c3f78f,FROZEN_NUMERIC_POLICY_FROM_FIXED_SPEC
JPM/2015/page_132.pdf-2,JPM/2015,3,KNOWN,1,79f83e869942afa2cd2bbbe0d0e75cd956ee4c22a019d72a2ed56793efd334e0,FROZEN_NUMERIC_POLICY_FROM_FIXED_SPEC
AAL/2015/page_83.pdf-3,AAL/2015,3,KNOWN,1,671aed2d160cf9201abceec0add2140c1d50020db05142f897ab349b60634c6f,FROZEN_NUMERIC_POLICY_FROM_FIXED_SPEC
UNP/2014/page_16.pdf-2,UNP/2014,2,KNOWN,1,66a41c0768296241ccaa39ba74a102685beabc5631da064cdd2d5a3fd13d0dea,FROZEN_NUMERIC_POLICY_FROM_FIXED_SPEC
EW/2014/page_90.pdf-2,EW/2014,3,KNOWN,0,4356b26a0b026126a30e8584edc8e89f2237351d07d72dc7f26ed7c3c2cfd18b,FROZEN_NUMERIC_POLICY_FROM_FIXED_SPEC
MA/2009/page_115.pdf-3,MA/2009,4,KNOWN,1,a6220d88dcf6528553958b05fc310cadd96d83893ffecf531833b7ccc4bec1a1,FROZEN_NUMERIC_POLICY_FROM_FIXED_SPEC
AAP/2016/page_26.pdf-1,AAP/2016,1,KNOWN,1,321c1052981f3bb215447bdfcea370adb4044432202fb32782669c71fb74fcd0,FROZEN_NUMERIC_POLICY_FROM_FIXED_SPEC
SLG/2010/page_50.pdf-3,SLG/2010,3,KNOWN,0,8d2f2e08f8b059cbfd7ceea314d58047f44832fd0fa8e9089eb95f0bec509484,FROZEN_NUMERIC_POLICY_FROM_FIXED_SPEC
RL/2011/page_14.pdf-2,RL/2011,0,KNOWN,1,0dbe8ed67b9a5456ee1cd161720820727596789b611d06576ce0ba43643fbb94,FROZEN_NUMERIC_POLICY_FROM_FIXED_SPEC
ILMN/2008/page_77.pdf-2,ILMN/2008,4,KNOWN,1,2acc43917de260957301704c0936265de416445b4c06bed56618332771b266e5,FROZEN_NUMERIC_POLICY_FROM_FIXED_SPEC
AMT/2006/page_107.pdf-2,AMT/2006,0,KNOWN,1,27c652536b957b005a9fdd0edb02bc479901045a7335975fceb6638659e19b0f,FROZEN_NUMERIC_POLICY_FROM_FIXED_SPEC
MAS/2012/page_92.pdf-2,MAS/2012,1,KNOWN,1,6f0da6e9dc5e86556ba687ded6365ea106e3712b811a681c3aba56d02abbc7e4,FROZEN_NUMERIC_POLICY_FROM_FIXED_SPEC
RL/2008/page_21.pdf-2,RL/2008,1,KNOWN,1,c64086ec643bc13b2589c52c03d27f7e2cc32f6737c5f696fae55895b5dc4050,FROZEN_NUMERIC_POLICY_FROM_FIXED_SPEC
GS/2018/page_108.pdf-3,GS/2018,2,KNOWN,0,0c4946bdb8d5fa0e3f6b5761c564d0c4ea1a8cf70314d59f5e79850b579ac05e,FROZEN_NUMERIC_POLICY_FROM_FIXED_SPEC
UPS/2017/page_111.pdf-3,UPS/2017,3,KNOWN,0,d26d8c62ed3e5f056cc29532f4c3faac604f41175d10dce4d18ac2e848fad485,FROZEN_NUMERIC_POLICY_FROM_FIXED_SPEC
ETR/2009/page_141.pdf-3,ETR/2009,2,KNOWN,0,27a5f5309d1cb0d8b96cc3ef47a911a4fcc86cafb30673c65f54c95c04285157,FROZEN_NUMERIC_POLICY_FROM_FIXED_SPEC
ETR/2016/page_18.pdf-1,ETR/2016,1,KNOWN,1,638183954bc7f3407ea411aa88dc0259ad4a66bb6a75e86bf40c53dc3a9d5cd5,FROZEN_NUMERIC_POLICY_FROM_FIXED_SPEC
UPS/2012/page_51.pdf-1,UPS/2012,1,KNOWN,0,ddfc41729d3dd3c3756b8c1b54dfff538874ff7d259472782a824c44873898ee,FROZEN_NUMERIC_POLICY_FROM_FIXED_SPEC
HUM/2018/page_46.pdf-4,HUM/2018,0,KNOWN,0,352465b55ba35d9294467ca51467daff86df8d8ce5d0fc070776506c598b6835,FROZEN_NUMERIC_POLICY_FROM_FIXED_SPEC
ORLY/2015/page_28.pdf-3,ORLY/2015,4,KNOWN,0,faa6138b7375c1eaf2b3aaca2158b6d4c6b9feacd2f37db5673aa81627ebf64b,FROZEN_NUMERIC_POLICY_FROM_FIXED_SPEC
APTV/2018/page_34.pdf-2,APTV/2018,1,KNOWN,1,d3b78b8cdddac2ba0a28192acd6e27686db5763397ed605e677a5df5876ecbeb,FROZEN_NUMERIC_POLICY_FROM_FIXED_SPEC
ZBH/2009/page_71.pdf-1,ZBH/2009,0,KNOWN,1,c159ba7e326fa183e3c7ffffbea6cca14eb93812dfdaec43d267070c4f9c533d,FROZEN_NUMERIC_POLICY_FROM_FIXED_SPEC
ETFC/2015/page_27.pdf-1,ETFC/2015,3,KNOWN,0,b4bd9268777767e9f6aac36bce91af885106e6a6e3fe27409f49374090da930f,FROZEN_NUMERIC_POLICY_FROM_FIXED_SPEC
LMT/2005/page_76.pdf-3,LMT/2005,2,KNOWN,0,62d788b2edb0183bd4e3aede23331bec9dde4c850de7a258d7e946bf0c4eef6f,FROZEN_NUMERIC_POLICY_FROM_FIXED_SPEC
TROW/2008/page_23.pdf-2,TROW/2008,3,KNOWN,1,9c4a356d020997091e25f86d9619cf3f9ec65ac654489db99e4238291456193a,FROZEN_NUMERIC_POLICY_FROM_FIXED_SPEC
MMM/2013/page_26.pdf-2,MMM/2013,3,KNOWN,0,b7b2ca388fc5fba3ccf16cbd7a81e2e08b1377dd93572c831b62288d14c71aa5,FROZEN_NUMERIC_POLICY_FROM_FIXED_SPEC
AAPL/2002/page_63.pdf-4,AAPL/2002,2,KNOWN,1,31244889c6e116ecff52e15657052b1fc5c986d25b3ed2053af19b887f12781e,FROZEN_NUMERIC_POLICY_FROM_FIXED_SPEC
LKQ/2009/page_66.pdf-1,LKQ/2009,2,KNOWN,0,e93883edef80617a2b696bf63b416f30e3a3fc01964ce271e636e233347c4409,FROZEN_NUMERIC_POLICY_FROM_FIXED_SPEC
JPM/2009/page_183.pdf-2,JPM/2009,3,KNOWN,0,2725762d204758e26ab0e8bd3b554264a2c7721addc45dbdf0be794e8659f051,FROZEN_NUMERIC_POLICY_FROM_FIXED_SPEC
JPM/2016/page_73.pdf-2,JPM/2016,1,KNOWN,0,018108a07aaa41f3b94a8a665c2c4a58608528045e1e8cc47646f34b2af41a86,FROZEN_NUMERIC_POLICY_FROM_FIXED_SPEC
GPN/2017/page_72.pdf-3,GPN/2017,0,KNOWN,1,0d5533ea2987d77d29dda5fbcc08753d5b082b206fc6a2b265c26410cfef811f,FROZEN_NUMERIC_POLICY_FROM_FIXED_SPEC
GPN/2008/page_39.pdf-2,GPN/2008,2,KNOWN,1,2a18d575d933a64b38cff486bba26a8091c3c7005c0a5f0611937daf050b7742,FROZEN_NUMERIC_POLICY_FROM_FIXED_SPEC
INTC/2013/page_71.pdf-1,INTC/2013,4,KNOWN,1,eed04739b252ce8933b1bfe64682eb6db8965c6c104a0f36d5bca5e6bb9ab0a0,FROZEN_NUMERIC_POLICY_FROM_FIXED_SPEC
C/2008/page_217.pdf-1,C/2008,3,UNKNOWN,,b89203c2092430ca3de72c5b8c43f8b2146827a51b89447b4349a703b50efa79,FROZEN_NUMERIC_POLICY_FROM_FIXED_SPEC
UNP/2012/page_24.pdf-1,UNP/2012,4,KNOWN,0,b9f2fd8c7a7a8768016330fed305d299aee1ff66066600464222e65acf0987ef,FROZEN_NUMERIC_POLICY_FROM_FIXED_SPEC
ADBE/2013/page_68.pdf-1,ADBE/2013,2,KNOWN,0,07a4fde79bd3294c2b254db23f7cc17702685e136343163d6140e6da7540310f,FROZEN_NUMERIC_POLICY_FROM_FIXED_SPEC
AAPL/2013/page_78.pdf-3,AAPL/2013,4,KNOWN,0,2e698d79f607911b921958417a7f93536cc9d3b42a728b5c0280ff2352998515,FROZEN_NUMERIC_POLICY_FROM_FIXED_SPEC
ORLY/2017/page_30.pdf-4,ORLY/2017,2,KNOWN,0,3461e60597d06d367953b605489cec01c0189410634ae8983de2a7bdd8c584c3,FROZEN_NUMERIC_POLICY_FROM_FIXED_SPEC
ETR/2017/page_414.pdf-2,ETR/2017,4,UNKNOWN,,5b62d73d78011acae5c0c6fe4a5d056430d9a3ecd906ac7d5cda11efac263241,FROZEN_NUMERIC_POLICY_FROM_FIXED_SPEC
GIS/2019/page_53.pdf-1,GIS/2019,2,KNOWN,0,301bccbc891412d1564bc42d4e3d6bbf45ec31ac41e3c68d5edbcbf09f4817a0,FROZEN_NUMERIC_POLICY_FROM_FIXED_SPEC
FIS/2012/page_11.pdf-1,FIS/2012,3,KNOWN,1,34a2298dd0cc656247a3f879fef24da8d0cb09c0a48e923bc4dec4def675b729,FROZEN_NUMERIC_POLICY_FROM_FIXED_SPEC
RCL/2016/page_37.pdf-2,RCL/2016,1,KNOWN,0,2c037cc4e8f41d639dc251441927d7d580cf037dee018201cd644a88b03a35d0,FROZEN_NUMERIC_POLICY_FROM_FIXED_SPEC
GS/2016/page_81.pdf-2,GS/2016,0,UNKNOWN,,37af3799c3a31cd0f63afa33d123d2c21dbf3db09be9bf5b84af55a802166f1e,FROZEN_NUMERIC_POLICY_FROM_FIXED_SPEC
EW/2016/page_72.pdf-1,EW/2016,1,KNOWN,1,13380cbd13ced18e9d0cf751df818fda27332c58fde6cab6d0a8975515df1921,FROZEN_NUMERIC_POLICY_FROM_FIXED_SPEC
GS/2013/page_184.pdf-4,GS/2013,3,KNOWN,1,1ee4b4b48d5c19c12829455fa4713ffa948e9c0fc60ebd3290c0bb6e30c0205f,FROZEN_NUMERIC_POLICY_FROM_FIXED_SPEC
AES/2011/page_216.pdf-1,AES/2011,1,KNOWN,0,3ba8cd2704ae784749d23a6e7b4351a297ab6de19f65bb942365f79739ab02c5,FROZEN_NUMERIC_POLICY_FROM_FIXED_SPEC
ETFC/2007/page_116.pdf-4,ETFC/2007,0,KNOWN,1,c612b3b694e4936937be30d77633b30de49d704205de806d7820c59e73c5dbbf,FROZEN_NUMERIC_POLICY_FROM_FIXED_SPEC
RE/2017/page_145.pdf-2,RE/2017,0,KNOWN,0,7792a9d60c09be75ff7b97ca871f219248b901747a43dfec5e4c74c49dc16546,FROZEN_NUMERIC_POLICY_FROM_FIXED_SPEC
AAP/2006/page_85.pdf-1,AAP/2006,4,KNOWN,1,c326281e9243f9345f2320446c93ae8bf196f59e2629194a5b68df1112c6f5d4,FROZEN_NUMERIC_POLICY_FROM_FIXED_SPEC
DISCA/2008/page_141.pdf-4,DISCA/2008,2,KNOWN,0,6f48658075886504f6ccdfab0628a2dc97a15083f1ab4138b0639e75f85cdb26,FROZEN_NUMERIC_POLICY_FROM_FIXED_SPEC
STT/2008/page_139.pdf-2,STT/2008,0,KNOWN,0,9e212a542beda34cd00f3da309df1b4e95339995cfa878fbff4d7f41569174ce,FROZEN_NUMERIC_POLICY_FROM_FIXED_SPEC
TMUS/2016/page_32.pdf-4,TMUS/2016,2,KNOWN,0,43f17508b6a31962e3557110e1927b32ca0b8371deed1dad3479cbcd638a0343,FROZEN_NUMERIC_POLICY_FROM_FIXED_SPEC
DVN/2007/page_78.pdf-2,DVN/2007,4,KNOWN,1,a1e14b66ea71da3e010998852cc4412d87a695d90c33e20cfe517b96efa31e35,FROZEN_NUMERIC_POLICY_FROM_FIXED_SPEC
STT/2006/page_92.pdf-2,STT/2006,0,KNOWN,0,fd3ceaa434a467a93daee2c60c84cb75d88f422b35e66de53d20d72d4910d390,FROZEN_NUMERIC_POLICY_FROM_FIXED_SPEC
UPS/2017/page_31.pdf-3,UPS/2017,3,KNOWN,0,ac1ecdbc9a6433c9382f11648ee7d27fe7c303623f49ad78783ae347ed499f71,FROZEN_NUMERIC_POLICY_FROM_FIXED_SPEC
ECL/2015/page_70.pdf-1,ECL/2015,3,KNOWN,0,a928bb0ea5bf16aef8396d0ea4611b8f68ce819a76b56f7517b2c6369d2c3f08,FROZEN_NUMERIC_POLICY_FROM_FIXED_SPEC
UPS/2007/page_32.pdf-4,UPS/2007,4,KNOWN,0,5b63bf267c138c7caae046a0be8dd78d0a745cfb61c136e927e721af644bda79,FROZEN_NUMERIC_POLICY_FROM_FIXED_SPEC
RE/2010/page_138.pdf-5,RE/2010,2,KNOWN,1,abe8ecd050cb1f4f8e25de3dcc2ca3c48bff321e34ff8e64b1f4a082b4f8de22,FROZEN_NUMERIC_POLICY_FROM_FIXED_SPEC
HII/2018/page_64.pdf-3,HII/2018,2,KNOWN,1,ec8ffec0d31a75ea538c474f8d3fc832caeef483f41bc252083d6dca8860703b,FROZEN_NUMERIC_POLICY_FROM_FIXED_SPEC
UNP/2012/page_39.pdf-2,UNP/2012,4,KNOWN,0,7b9ecdf05876157d11e8ab5d5699bef74766dbd99cc2555985dab170d3946463,FROZEN_NUMERIC_POLICY_FROM_FIXED_SPEC
ETR/2008/page_187.pdf-1,ETR/2008,0,KNOWN,0,002756e463470064a7c0e4edd015bb6ff51c168de8a529cefd8414572bdcccd9,FROZEN_NUMERIC_POLICY_FROM_FIXED_SPEC
LMT/2016/page_117.pdf-1,LMT/2016,1,KNOWN,1,d17de0e7212b7bb7eda7d5875c1ed567435bfaf7e0c8297ab57fb3233f52bf7f,FROZEN_NUMERIC_POLICY_FROM_FIXED_SPEC
AAPL/2011/page_38.pdf-2,AAPL/2011,2,KNOWN,0,0aa945d18326ce25b3496ecd3d4aa83d44a1e9d3056187611aa5b02ae4309275,FROZEN_NUMERIC_POLICY_FROM_FIXED_SPEC
AWK/2014/page_45.pdf-1,AWK/2014,4,KNOWN,1,e5e23af66816069afa531ad0c32cb98021ae01393c7a66ad46cb90c268c37325,FROZEN_NUMERIC_POLICY_FROM_FIXED_SPEC
SNA/2007/page_80.pdf-1,SNA/2007,1,KNOWN,1,c410aa87d0fb47fb287cae5dbf06d26afdd2c11f937ce3a2b354191831f59962,FROZEN_NUMERIC_POLICY_FROM_FIXED_SPEC
ETR/2004/page_335.pdf-4,ETR/2004,1,KNOWN,1,e9f6058cb98eeeb3076bfe51b06bd87de9e9f3185053ed52969f4fb740f18ef5,FROZEN_NUMERIC_POLICY_FROM_FIXED_SPEC
CMCSA/2004/page_30.pdf-2,CMCSA/2004,3,KNOWN,1,1c5c009c9d583fde0cbb45c4bd872d30d4ebd9cb38dff72425a922f80d1f8f91,FROZEN_NUMERIC_POLICY_FROM_FIXED_SPEC
JPM/2014/page_128.pdf-3,JPM/2014,2,KNOWN,0,30e5b7a3b2312eb1cf8f8e3c8acf8a90689e864ceb1a19861d0d2a93ab3ba7d9,FROZEN_NUMERIC_POLICY_FROM_FIXED_SPEC
IPG/2018/page_104.pdf-1,IPG/2018,2,KNOWN,1,ffa5ec6554b94bb8bc66ef619ffaa2e210ea25a643d403e8c8e9a2b86c86bf3f,FROZEN_NUMERIC_POLICY_FROM_FIXED_SPEC
HOLX/2005/page_61.pdf-2,HOLX/2005,0,KNOWN,1,9ddd11e0611f3b83edd46269f489c9c0322f310e3502c138136b1ebba4301416,FROZEN_NUMERIC_POLICY_FROM_FIXED_SPEC
IPG/2009/page_67.pdf-3,IPG/2009,2,KNOWN,0,36eeb77daf614c1fd1b9db862a8a9ffe9b315c3250ec9cda6262d055d709d47a,FROZEN_NUMERIC_POLICY_FROM_FIXED_SPEC
DISH/2002/page_94.pdf-2,DISH/2002,4,UNKNOWN,,1818ab3f4f2a0b1de3d9c337b2c72551083462933b1c3f102f8875c71cc7b412,FROZEN_NUMERIC_POLICY_FROM_FIXED_SPEC
HOLX/2007/page_154.pdf-1,HOLX/2007,4,KNOWN,1,c8a7a36c0ab333f8ef6ae3007b34f869c69e77dd7c7d26b940b7a058a7660ecf,FROZEN_NUMERIC_POLICY_FROM_FIXED_SPEC
AWK/2017/page_172.pdf-4,AWK/2017,4,KNOWN,1,347a95aaf6e541da20d9923edc321e54950e5de8d22a2ba349d96f07b305a1a9,FROZEN_NUMERIC_POLICY_FROM_FIXED_SPEC
UPS/2010/page_33.pdf-1,UPS/2010,3,KNOWN,0,022f2d5ca6c9355a6758ec6ce98f3b5a4b1add2a0077724869c29b2d6042b9cc,FROZEN_NUMERIC_POLICY_FROM_FIXED_SPEC
ETFC/2014/page_22.pdf-1,ETFC/2014,2,KNOWN,0,e73d4332be96278b3202f6798e3f7e027d857986baf177db4b897195235cfb6e,FROZEN_NUMERIC_POLICY_FROM_FIXED_SPEC
ALXN/2007/page_96.pdf-2,ALXN/2007,0,KNOWN,0,fe7200ddb0c5d0bd71ba3c59b5d9e4652f19fc034d1b7da0c51a90e8fa3bf91d,FROZEN_NUMERIC_POLICY_FROM_FIXED_SPEC
TFX/2018/page_47.pdf-2,TFX/2018,3,KNOWN,0,0ec8b8c06d7e3159585671d81f5928abd4816285903b2c1c113f6cc7c0fe9b13,FROZEN_NUMERIC_POLICY_FROM_FIXED_SPEC
GS/2012/page_129.pdf-2,GS/2012,4,KNOWN,1,b3c2fb8816dfb934de4e65c7398d6c9f7064bebdc11898211d70fcaf1cdd453f,FROZEN_NUMERIC_POLICY_FROM_FIXED_SPEC
UNP/2010/page_55.pdf-1,UNP/2010,3,KNOWN,0,f25b3721e2956d9b111a35679beafb6f381660d8404ea94bf65be0b730295838,FROZEN_NUMERIC_POLICY_FROM_FIXED_SPEC
AWK/2015/page_110.pdf-1,AWK/2015,0,KNOWN,1,c5a23841ad8bc585e702c45f19c056f736f2790ce864e2f7d40db57ca48b0ee2,FROZEN_NUMERIC_POLICY_FROM_FIXED_SPEC
CME/2010/page_109.pdf-1,CME/2010,4,KNOWN,0,c6b154ef38b47ad102dac17c02420972bf39afff6f3da751269a167672011093,FROZEN_NUMERIC_POLICY_FROM_FIXED_SPEC
GPN/2017/page_30.pdf-2,GPN/2017,0,KNOWN,0,35226aa273730d2aa54c0f42d16dddc1db4b38203dad23b4505bcc345a4568c5,FROZEN_NUMERIC_POLICY_FROM_FIXED_SPEC
C/2009/page_279.pdf-1,C/2009,2,KNOWN,0,3ca06d27bb709774ebdef0d7a0240a14b84dfe3d2b6b7eb48617e5f43bf93f42,FROZEN_NUMERIC_POLICY_FROM_FIXED_SPEC
IP/2012/page_64.pdf-2,IP/2012,3,KNOWN,1,af1277b9af40259a04956742cf5043518c85a8bd33f2dd9e134881d2df79d9e0,FROZEN_NUMERIC_POLICY_FROM_FIXED_SPEC
ETR/2017/page_401.pdf-1,ETR/2017,4,KNOWN,0,0b0f26429de9f3a853474b9080fb5c023079e9f74b760022a9767f9204d604cd,FROZEN_NUMERIC_POLICY_FROM_FIXED_SPEC
CB/2010/page_114.pdf-3,CB/2010,3,KNOWN,1,2612df8a3d4abba5868c7a68446f013f15a705a3ab6560d02313f299cb2ded16,FROZEN_NUMERIC_POLICY_FROM_FIXED_SPEC
CE/2010/page_134.pdf-2,CE/2010,3,KNOWN,1,127e5748a3626daff81e49719d477670dc616d73afed1d7d5c2e776a92dfe876,FROZEN_NUMERIC_POLICY_FROM_FIXED_SPEC
IPG/2018/page_78.pdf-3,IPG/2018,2,KNOWN,1,c7f89c0e852cccfbdbadbadd9bd6a4f4752ef1545a7e72e64b3837109f698b39,FROZEN_NUMERIC_POLICY_FROM_FIXED_SPEC
ETR/2009/page_21.pdf-1,ETR/2009,2,KNOWN,0,543521cabc3de7983bdd76b12ec8f69940b6f2d3bb0035ca469b87cd1d2e4d32,FROZEN_NUMERIC_POLICY_FROM_FIXED_SPEC
HWM/2015/page_80.pdf-2,HWM/2015,1,KNOWN,1,61c528e9f8373a7d008289465807192531c2808e809ce7a521354c27282bd5c4,FROZEN_NUMERIC_POLICY_FROM_FIXED_SPEC
MA/2009/page_112.pdf-3,MA/2009,4,KNOWN,0,fd543c640e8fd870615e903653fd00c47640a8919666b53c3acc98a3664311e8,FROZEN_NUMERIC_POLICY_FROM_FIXED_SPEC
PNC/2014/page_94.pdf-2,PNC/2014,0,KNOWN,1,0a58077881b431aaf277366acf1ebc718806b7f3d3ba15817df294f8dfc08282,FROZEN_NUMERIC_POLICY_FROM_FIXED_SPEC
ETR/2016/page_444.pdf-2,ETR/2016,1,KNOWN,0,4e6b486e5333133597ee5d0c95739387a076190bec5d018fd49e31336b85d7dd,FROZEN_NUMERIC_POLICY_FROM_FIXED_SPEC
PNC/2013/page_66.pdf-1,PNC/2013,0,KNOWN,0,593d27f03e70301d13c83f973b3c3f912ed3d31b7a7c90c5bcc5cfbb4dcb13ed,FROZEN_NUMERIC_POLICY_FROM_FIXED_SPEC
HOLX/2011/page_127.pdf-1,HOLX/2011,2,KNOWN,1,cc251d37656d68b1a6ca825e947e34d603e7934b41edf8c5540be1e95232f13c,FROZEN_NUMERIC_POLICY_FROM_FIXED_SPEC
RL/2015/page_11.pdf-1,RL/2015,3,KNOWN,1,65c82575604cfaa6d0c4d2e797e625d5fb2a9d9776aed40f2e04a41235ff9df7,FROZEN_NUMERIC_POLICY_FROM_FIXED_SPEC
UNP/2013/page_35.pdf-1,UNP/2013,3,KNOWN,0,d58f07c1a6c03c3960b74a67269fb9478309c2c37418e16c6f360f75cd84d8f3,FROZEN_NUMERIC_POLICY_FROM_FIXED_SPEC
LMT/2010/page_39.pdf-2,LMT/2010,0,UNKNOWN,,f63dd4c50ad6d03488c07c304d760afb7deade8c6e6bba056217da0369c592a6,FROZEN_NUMERIC_POLICY_FROM_FIXED_SPEC
ETR/2008/page_267.pdf-2,ETR/2008,0,KNOWN,1,d21759165611e7192dad1a60d840985d0bd7d809b5ed87c27b04081e06cdc254,FROZEN_NUMERIC_POLICY_FROM_FIXED_SPEC
IP/2012/page_98.pdf-1,IP/2012,3,KNOWN,0,9ed646e44b535e160b79255b57957d9005bcfb3c7dfe53c1da7f5573ea43555a,FROZEN_NUMERIC_POLICY_FROM_FIXED_SPEC
HOLX/2008/page_140.pdf-1,HOLX/2008,2,KNOWN,1,936d1885b57bc8c69f3fd9b509fb5414ffca73a62601bb46123a9f67e4b0d3f0,FROZEN_NUMERIC_POLICY_FROM_FIXED_SPEC
AAPL/2002/page_26.pdf-2,AAPL/2002,2,KNOWN,0,ca4e95cd9139a8f27fd7d695c6764d7d95b82010f1c90d5890e1409114e07de2,FROZEN_NUMERIC_POLICY_FROM_FIXED_SPEC
CB/2008/page_83.pdf-1,CB/2008,4,KNOWN,0,7570c1407af13638ebff0b970cbbfd5bf59ac9844277f4cc75783ae95f2128fd,FROZEN_NUMERIC_POLICY_FROM_FIXED_SPEC
IPG/2016/page_37.pdf-1,IPG/2016,0,KNOWN,0,74c8c442889ba17ba296153816ddbf9e401b11194b5c277a3a2ed8d155812a16,FROZEN_NUMERIC_POLICY_FROM_FIXED_SPEC
AMT/2012/page_56.pdf-1,AMT/2012,2,KNOWN,1,afcc19ce2cb848466355421c444b050ad2b902a9d63ca887c9f735d262c08799,FROZEN_NUMERIC_POLICY_FROM_FIXED_SPEC
AON/2009/page_70.pdf-2,AON/2009,4,KNOWN,1,d3a4bcef18d14a3b6712070e339e4f85c98d216d609a7e57925010e83a5ceec9,FROZEN_NUMERIC_POLICY_FROM_FIXED_SPEC
RSG/2014/page_22.pdf-2,RSG/2014,3,KNOWN,1,80b1fc3dfeec2d92db41b6d1cb8048409e454827495fddd7f02ea4c86cd2e20f,FROZEN_NUMERIC_POLICY_FROM_FIXED_SPEC
HIG/2004/page_81.pdf-2,HIG/2004,0,UNKNOWN,,9fb627a33a063b09fd467795d90143876cd44fe7a867a970f9a3f5bd71840396,FROZEN_NUMERIC_POLICY_FROM_FIXED_SPEC
AMT/2012/page_104.pdf-2,AMT/2012,2,KNOWN,0,8ce5de145a7cf12c460099a1830d79d902e8748f8ea988a00ec56619e664da5b,FROZEN_NUMERIC_POLICY_FROM_FIXED_SPEC
AWK/2015/page_112.pdf-4,AWK/2015,0,KNOWN,1,7ac23e8aaa687b116482db1d2dc886bb98ae68a6e69144d61092695de604aa7c,FROZEN_NUMERIC_POLICY_FROM_FIXED_SPEC
HUM/2010/page_101.pdf-2,HUM/2010,0,KNOWN,0,0630c95d37db96b3b8b006e776e97eea1987374f6205d30783f471a92332f194,FROZEN_NUMERIC_POLICY_FROM_FIXED_SPEC
HIG/2011/page_195.pdf-1,HIG/2011,4,KNOWN,1,7bb5effe189678d72487622bac6129cb2d97e357a197ca590f67e199b50072a9,FROZEN_NUMERIC_POLICY_FROM_FIXED_SPEC
C/2009/page_255.pdf-3,C/2009,2,KNOWN,1,2528b36521b95832bdfb47fd73722627fbb9435ec8eeb141410c5edf17391b59,FROZEN_NUMERIC_POLICY_FROM_FIXED_SPEC
HIG/2004/page_125.pdf-4,HIG/2004,0,KNOWN,1,fc9ca2da5f2e1a52bb985d19892bf64d791a7cecf737580423e07af3471aa273,FROZEN_NUMERIC_POLICY_FROM_FIXED_SPEC
APD/2018/page_54.pdf-2,APD/2018,2,UNKNOWN,,91fb5cf904670eb1bd14741caa294262ef5e5a6503cc5c0d5918b43acc25978a,FROZEN_NUMERIC_POLICY_FROM_FIXED_SPEC
GPN/2015/page_83.pdf-1,GPN/2015,4,KNOWN,0,98201c8622d2baf675ccda421e7774d0ec9e7cbed6137ed8cad8eccf1c5397b1,FROZEN_NUMERIC_POLICY_FROM_FIXED_SPEC
HUM/2007/page_18.pdf-3,HUM/2007,1,KNOWN,0,032959de0de8f0775f6cf1b2bce5b0b5604ce82ab652f81fdc70b3708f73c492,FROZEN_NUMERIC_POLICY_FROM_FIXED_SPEC
AON/2011/page_38.pdf-1,AON/2011,3,KNOWN,0,6eafdb78600da31a0717ddd9a85be1f74417147e848724a5ac5edb12a8b9de62,FROZEN_NUMERIC_POLICY_FROM_FIXED_SPEC
PNC/2011/page_209.pdf-4,PNC/2011,4,KNOWN,0,3982c5c25ed7fb0ef7aa16685c007310f6b4c68e752f5c43ce7e37406e71907a,FROZEN_NUMERIC_POLICY_FROM_FIXED_SPEC
UNP/2014/page_14.pdf-2,UNP/2014,2,KNOWN,0,abaeb6203e65a8a8c992ba6214b0a71cb8b5396c97129cf66c08785df28a5422,FROZEN_NUMERIC_POLICY_FROM_FIXED_SPEC
JKHY/2016/page_25.pdf-3,JKHY/2016,0,KNOWN,1,34f7803dd8a1d10d456ff482432bd53c99aa2f725de3b35238c7c3e20dc06fcd,FROZEN_NUMERIC_POLICY_FROM_FIXED_SPEC
PNC/2013/page_97.pdf-1,PNC/2013,0,KNOWN,1,33cc0d82300ede7ce3847c32e152b41da395f30a215b254fab4883aaaef5c1d3,FROZEN_NUMERIC_POLICY_FROM_FIXED_SPEC
RL/2013/page_13.pdf-2,RL/2013,3,KNOWN,1,d0d785ea0b7bbcc0a8c8b8282aa23504cf04bc20c2c104be062749eecb5cc8c4,FROZEN_NUMERIC_POLICY_FROM_FIXED_SPEC
ETR/2016/page_403.pdf-4,ETR/2016,1,KNOWN,0,4bd298c01c00d6bc96ad322dc69b5f900957d5eda0633b38c3b04036f5b69f77,FROZEN_NUMERIC_POLICY_FROM_FIXED_SPEC
MMM/2013/page_48.pdf-1,MMM/2013,3,KNOWN,1,318f8f53f0b419481bf6d8e89d06fdc31dcfcc48035f2e8f77daed0945585510,FROZEN_NUMERIC_POLICY_FROM_FIXED_SPEC
GPN/2007/page_18.pdf-2,GPN/2007,0,KNOWN,1,4343a02b87ad8f151f3cb1189ce6f73fb08ed7c264e26c301159e78dda03769e,FROZEN_NUMERIC_POLICY_FROM_FIXED_SPEC
AWK/2014/page_45.pdf-3,AWK/2014,4,KNOWN,0,1759fcf62e20761445872a29b12b6ab646a95f84dc78c4b040d88be4919d4d74,FROZEN_NUMERIC_POLICY_FROM_FIXED_SPEC
SLG/2009/page_84.pdf-1,SLG/2009,2,KNOWN,1,c2f76d52af8c6d977f4e7f4e3f8cf06ccaca8a31ed27b3d878d15fee41e8e9ff,FROZEN_NUMERIC_POLICY_FROM_FIXED_SPEC
CE/2009/page_121.pdf-2,CE/2009,4,KNOWN,1,587ef496fb1c40f2fc649adebfa0153c66bed1bb89ab71e1b90ba0fee10ca097,FROZEN_NUMERIC_POLICY_FROM_FIXED_SPEC
MAS/2010/page_29.pdf-3,MAS/2010,0,KNOWN,0,300b02577d6d258e7d635341ffb6424df9a612d0efb3286936163412b73390db,FROZEN_NUMERIC_POLICY_FROM_FIXED_SPEC
ETR/2008/page_266.pdf-4,ETR/2008,0,KNOWN,1,6adccf59c5aee904f90471a97a283d22ea4b5e5fd2660eb7f06d53d3aea7bf55,FROZEN_NUMERIC_POLICY_FROM_FIXED_SPEC
ETR/2008/page_362.pdf-1,ETR/2008,0,KNOWN,1,5546c763802a5dbf2e8b24ff745cfec8609173bc5faa9adfb504dad0399c1bd1,FROZEN_NUMERIC_POLICY_FROM_FIXED_SPEC
ALXN/2007/page_49.pdf-2,ALXN/2007,0,KNOWN,1,903ddcccbc61906bde51f63f0f470b8b33a22c9404ed3f066ee9a40e5dea3db4,FROZEN_NUMERIC_POLICY_FROM_FIXED_SPEC
JPM/2003/page_28.pdf-4,JPM/2003,4,KNOWN,0,156ea75c68f4cf54a469d9a8136a1e171753b9a00b8a6e918858ea8bc46b3f4d,FROZEN_NUMERIC_POLICY_FROM_FIXED_SPEC
MRO/2009/page_132.pdf-1,MRO/2009,4,KNOWN,0,c5158cce57d247bf3b71de187a563ec9373b8037b739281a72a0ced064e10af4,FROZEN_NUMERIC_POLICY_FROM_FIXED_SPEC
UNP/2011/page_78.pdf-1,UNP/2011,2,KNOWN,1,f9ebf611a65a940b524ac453af32a90ffa1e3cf706faec5f3dc2518364699af8,FROZEN_NUMERIC_POLICY_FROM_FIXED_SPEC
JPM/2009/page_206.pdf-5,JPM/2009,3,KNOWN,1,2c81608b39abb99d3dd02d426933bb6095ec2c5e8d327ae8fa2a0c938be1125c,FROZEN_NUMERIC_POLICY_FROM_FIXED_SPEC
IP/2005/page_32.pdf-1,IP/2005,2,KNOWN,0,3a830e36aad19a28e181bb3b62ae560ac55dcf6c6385187de2dfe9fb9adb6a9c,FROZEN_NUMERIC_POLICY_FROM_FIXED_SPEC
UNP/2011/page_35.pdf-1,UNP/2011,2,KNOWN,0,6e1b252d139f7feded05349cdb252e192106a83c3725857a94221fe9506e83e9,FROZEN_NUMERIC_POLICY_FROM_FIXED_SPEC
AMT/2016/page_57.pdf-1,AMT/2016,0,KNOWN,1,1d0b62339f0d368c290b0b2b76b689fb54ef3a9f357303eb45c49bcd989b7d06,FROZEN_NUMERIC_POLICY_FROM_FIXED_SPEC
LMT/2015/page_86.pdf-3,LMT/2015,2,KNOWN,0,30bc757c4fd017a9f54f05a1ad87f11ad13654455453559cc7f6876ec7720748,FROZEN_NUMERIC_POLICY_FROM_FIXED_SPEC
C/2009/page_255.pdf-1,C/2009,2,KNOWN,0,d69054f1ac320eedfe6d670663a13d9801cc097ea1531aba839ccb5d396d48f5,FROZEN_NUMERIC_POLICY_FROM_FIXED_SPEC
MRO/2012/page_39.pdf-2,MRO/2012,3,KNOWN,0,8f378130982e644f1a28b8d2f012ce8813ce0e631a317f0cd928d8a9ce627549,FROZEN_NUMERIC_POLICY_FROM_FIXED_SPEC
BKNG/2017/page_35.pdf-1,BKNG/2017,2,KNOWN,0,b456e599f702c448960c35aec691e4bd6a560825e46673b74700bb5e9822779b,FROZEN_NUMERIC_POLICY_FROM_FIXED_SPEC
SPGI/2017/page_73.pdf-2,SPGI/2017,1,KNOWN,0,082acc14b9479effe5169ec7345636523177c94fbb19bfd38e6e4623acc5c585,FROZEN_NUMERIC_POLICY_FROM_FIXED_SPEC
STT/2017/page_63.pdf-1,STT/2017,4,KNOWN,0,1af8e34def7684bef79239b24c976db3a997e8af49d335fdb6889c7a8a8fcb5b,FROZEN_NUMERIC_POLICY_FROM_FIXED_SPEC
HUM/2007/page_18.pdf-4,HUM/2007,1,KNOWN,1,c3ca4b1f6db64e1db6c488d3b1b4e0f3fa85d1182124c51c0c05b824df67b35c,FROZEN_NUMERIC_POLICY_FROM_FIXED_SPEC
PNC/2011/page_209.pdf-2,PNC/2011,4,KNOWN,1,4565d46e790b70bc25f73d5797d00301e4c1304027772e0f5b5a704c500d1a86,FROZEN_NUMERIC_POLICY_FROM_FIXED_SPEC
AES/2010/page_225.pdf-2,AES/2010,4,KNOWN,1,6813c1f447688dc2b0876f46fa5c86356687d4f0ae46403b3160fae3ccef5836,FROZEN_NUMERIC_POLICY_FROM_FIXED_SPEC
CME/2010/page_109.pdf-3,CME/2010,4,KNOWN,0,41764f77fe89372e179e5bf4557e9b6eb11b6aa6eb17dd07de27a0fa65d88d37,FROZEN_NUMERIC_POLICY_FROM_FIXED_SPEC
IP/2007/page_30.pdf-2,IP/2007,1,KNOWN,1,fa543db38b87c446acd42e259380bea289ac78a0c0d246be82d66183349375cc,FROZEN_NUMERIC_POLICY_FROM_FIXED_SPEC
SNPS/2006/page_67.pdf-1,SNPS/2006,0,KNOWN,1,8e3aa912f2ff6fda84d989269f7356071f5080b24b2b794300f90b953efac030,FROZEN_NUMERIC_POLICY_FROM_FIXED_SPEC
AWK/2018/page_162.pdf-4,AWK/2018,1,KNOWN,1,6fc8b87f9fa089838d5fd042a33ca13793935552b79812ddc74ca1d4edbdba08,FROZEN_NUMERIC_POLICY_FROM_FIXED_SPEC
GPN/2017/page_76.pdf-1,GPN/2017,0,KNOWN,1,6d9ab4b94d8a3e4d33b2929ff74ddda9b9d806aaaa73bea17fc4bac36273da36,FROZEN_NUMERIC_POLICY_FROM_FIXED_SPEC
ALLE/2017/page_44.pdf-1,ALLE/2017,2,KNOWN,1,5bdf8c84d5261e681daac037942e15f7bffa2c397a39bc533c16a285450fae04,FROZEN_NUMERIC_POLICY_FROM_FIXED_SPEC
MRO/2009/page_32.pdf-1,MRO/2009,4,KNOWN,0,4c2a98e3d539ba379fb078a9a96ccb06331ae21c3822eb9a06174120bc386ebe,FROZEN_NUMERIC_POLICY_FROM_FIXED_SPEC
FIS/2007/page_52.pdf-4,FIS/2007,0,KNOWN,1,9679699f5077ec592e2cc9b04be5183b025bde26e1d57e99fe949d3af1c93a22,FROZEN_NUMERIC_POLICY_FROM_FIXED_SPEC
RL/2009/page_20.pdf-2,RL/2009,1,KNOWN,1,5c209efc5dc12d74f39a2817b893e062fb921a692876b070366c60dbde3e5c75,FROZEN_NUMERIC_POLICY_FROM_FIXED_SPEC
AAPL/2013/page_27.pdf-1,AAPL/2013,4,KNOWN,0,b50e669d4c0e42bb1c12f57f78f71859d9926b881dd95dd49a4f598e11582e27,FROZEN_NUMERIC_POLICY_FROM_FIXED_SPEC
UPS/2010/page_33.pdf-2,UPS/2010,3,KNOWN,0,1f2ce8eadf8b71afc98e19d1ec673ff1d343cd5562964713b1a05b5c314cacc4,FROZEN_NUMERIC_POLICY_FROM_FIXED_SPEC
ETR/2016/page_24.pdf-2,ETR/2016,1,KNOWN,0,1ea6b86b9d12805dc4b1e91cd508b913d6c5e62823f78bc83470ed37668c8d44,FROZEN_NUMERIC_POLICY_FROM_FIXED_SPEC
IPG/2015/page_24.pdf-2,IPG/2015,4,KNOWN,0,ca99a5c3acc952e0424d2e3868c8289f8076a3968198bf6c0017ca974fae4db1,FROZEN_NUMERIC_POLICY_FROM_FIXED_SPEC
BLL/2006/page_45.pdf-3,BLL/2006,1,KNOWN,0,a856fdbc0ba9c34ceee1c8ce29cca13a1ea8489290354faf7dc1f5268568cc6b,FROZEN_NUMERIC_POLICY_FROM_FIXED_SPEC
MO/2014/page_11.pdf-2,MO/2014,4,KNOWN,1,f457b3e0142f470dfcf8e6cdc5f084ee04b4313973c4ea7cbd4b6e75c9bffc7c,FROZEN_NUMERIC_POLICY_FROM_FIXED_SPEC
RL/2011/page_14.pdf-1,RL/2011,0,KNOWN,1,52b3aaaf438ececbb3712fa57328f5fb93493742eafad2fb8972ae9735c88d98,FROZEN_NUMERIC_POLICY_FROM_FIXED_SPEC
ORLY/2009/page_77.pdf-1,ORLY/2009,0,KNOWN,1,071bb82855e5ff030c0e47091e75f53bb9896dc921f4fe8ade1a787b00eb7b08,FROZEN_NUMERIC_POLICY_FROM_FIXED_SPEC
IP/2014/page_71.pdf-2,IP/2014,4,KNOWN,1,7d783a2d2ec921d3d706b9587c37379ad9344920f0925d4386b12f06eb21d53e,FROZEN_NUMERIC_POLICY_FROM_FIXED_SPEC
AAPL/2015/page_56.pdf-3,AAPL/2015,3,KNOWN,1,aae90e56c917fc907767c8d74e5799f1535ceb72c93194a61b2bbd0e1f958660,FROZEN_NUMERIC_POLICY_FROM_FIXED_SPEC
GPN/2015/page_80.pdf-3,GPN/2015,4,KNOWN,0,fdcff24d17d03d87c294eaa701f9470bc450a189cbb55db1caf08ae4ca1ebdf1,FROZEN_NUMERIC_POLICY_FROM_FIXED_SPEC
AAPL/2015/page_24.pdf-1,AAPL/2015,3,KNOWN,0,7ca8945c6d169402b17c6264b6027aa1d971c36d3f3a569cee23e3a8efb5cfef,FROZEN_NUMERIC_POLICY_FROM_FIXED_SPEC
HOLX/2006/page_103.pdf-1,HOLX/2006,1,KNOWN,1,0fdc0aae6984a27ffe244cd74cedf8896d9c620f59da59315c630c1131d44de4,FROZEN_NUMERIC_POLICY_FROM_FIXED_SPEC
ANSS/2016/page_85.pdf-1,ANSS/2016,2,KNOWN,0,ebc69f82df8838d25ea7e65777d82ccac7a72a545e54ef9c6f703b34da400851,FROZEN_NUMERIC_POLICY_FROM_FIXED_SPEC
EXPD/2017/page_30.pdf-2,EXPD/2017,4,KNOWN,0,235821881683c55a04790a36497caea84bc1f31dec9282c4c2fa258da96b8477,FROZEN_NUMERIC_POLICY_FROM_FIXED_SPEC
DRE/2002/page_30.pdf-2,DRE/2002,0,KNOWN,1,c1fdda3b0622149e847ea73bc0507b79f579cd93c3e1f7f4eac94b0e22e1be04,FROZEN_NUMERIC_POLICY_FROM_FIXED_SPEC
RSG/2015/page_75.pdf-2,RSG/2015,3,KNOWN,0,f7c8a90b80e4613c3059c6455f0257743e31b3b2ea1208934fd585421136309d,FROZEN_NUMERIC_POLICY_FROM_FIXED_SPEC
PKG/2001/page_86.pdf-2,PKG/2001,1,KNOWN,1,163fd97fe76ce2786cd87104cdc757c2f94125477e9d2538a3cd8a5cd7e87f0c,FROZEN_NUMERIC_POLICY_FROM_FIXED_SPEC
LLY/2018/page_99.pdf-1,LLY/2018,2,KNOWN,0,934f144a240c95738a51e36d9f429895236a31c77fad3457897530e03ddaf2be,FROZEN_NUMERIC_POLICY_FROM_FIXED_SPEC
GPN/2016/page_69.pdf-1,GPN/2016,1,KNOWN,1,85c36d339d4691473468f316de3038771d1e593481ffe7022ad24f03300cda2a,FROZEN_NUMERIC_POLICY_FROM_FIXED_SPEC
RE/2006/page_31.pdf-2,RE/2006,3,KNOWN,1,583bab1324bcbd32a9114365f6eb7d989562ed218747da61a5623be210f65e7a,FROZEN_NUMERIC_POLICY_FROM_FIXED_SPEC
HWM/2018/page_69.pdf-2,HWM/2018,1,KNOWN,1,f79baf1ab943e247e2008bb8d2c01338d5c8811199f64e403b16cc16366556b6,FROZEN_NUMERIC_POLICY_FROM_FIXED_SPEC
TSCO/2017/page_68.pdf-1,TSCO/2017,1,KNOWN,0,0f4023e8549d1d0159f54d4cefbe1c005f1263b08a80fc72df2201c24b5e5b13,FROZEN_NUMERIC_POLICY_FROM_FIXED_SPEC
V/2009/page_89.pdf-1,V/2009,2,KNOWN,1,8c0954f6fc31b772c00df05638eab4a8179bbf578b55d4bf7f87e932be8e19c7,FROZEN_NUMERIC_POLICY_FROM_FIXED_SPEC
UNP/2014/page_24.pdf-1,UNP/2014,2,KNOWN,1,3a315ad55a681a5483b1411d39666fa28c830440d2be7b4a616408bf8b571b9f,FROZEN_NUMERIC_POLICY_FROM_FIXED_SPEC
UPS/2017/page_31.pdf-1,UPS/2017,3,KNOWN,0,d1c462204abde042a4c7a34cdf585104eb2d108d4d9e9f99264f490cf4fccb0b,FROZEN_NUMERIC_POLICY_FROM_FIXED_SPEC
AAPL/2014/page_26.pdf-3,AAPL/2014,2,KNOWN,0,d7760e8ba152292113708cf734721de0e848adf9da282952eed1f848840ae3ea,FROZEN_NUMERIC_POLICY_FROM_FIXED_SPEC
GPN/2008/page_99.pdf-4,GPN/2008,2,KNOWN,1,96f24a40fd389a33fcd83881e164f14203e24712f660d701770921c4b7e8ea71,FROZEN_NUMERIC_POLICY_FROM_FIXED_SPEC
HOLX/2005/page_27.pdf-2,HOLX/2005,0,KNOWN,1,3575baaeb92b076f568dae92c4003373651133c63f412cc5cf829cb6417fd6f5,FROZEN_NUMERIC_POLICY_FROM_FIXED_SPEC
MAS/2013/page_27.pdf-4,MAS/2013,0,KNOWN,1,f3c851198fa882de27763656b60a34ee782903e2a2aea3c5ddf7b8b190a03848,FROZEN_NUMERIC_POLICY_FROM_FIXED_SPEC
ETR/2004/page_158.pdf-1,ETR/2004,1,KNOWN,1,1c90259add8307bd00525342746f50627bb746b95390cb643229796231d0796e,FROZEN_NUMERIC_POLICY_FROM_FIXED_SPEC
UNP/2013/page_30.pdf-1,UNP/2013,3,KNOWN,0,5566b437251875b8b1da5065d450ba958015c39c61448ad9190e8716e802da11,FROZEN_NUMERIC_POLICY_FROM_FIXED_SPEC
ALXN/2007/page_49.pdf-1,ALXN/2007,0,KNOWN,1,ee762da1b8f6e8c9a29219674aae5672f6d13e1249a2bedfaac51820e45e1db3,FROZEN_NUMERIC_POLICY_FROM_FIXED_SPEC
HUM/2018/page_46.pdf-1,HUM/2018,0,KNOWN,0,c886f62d8ae4505b5124699642cb90c6fdbce02ecb220769821500119bcc29ad,FROZEN_NUMERIC_POLICY_FROM_FIXED_SPEC
IPG/2015/page_38.pdf-2,IPG/2015,4,KNOWN,1,9d86b3ab391ab0c41bcab2d638e0194166f397ee8fec2d0a84f5d8287e58503d,FROZEN_NUMERIC_POLICY_FROM_FIXED_SPEC
UNP/2013/page_25.pdf-1,UNP/2013,3,KNOWN,0,b166d2657777bc55ff8e8eed7240aed24eeba4f631976210b36cd7f11ec6774e,FROZEN_NUMERIC_POLICY_FROM_FIXED_SPEC
ETFC/2007/page_22.pdf-2,ETFC/2007,0,KNOWN,0,a5164ae754d595b610eee93dedbc07b5470b7f35fdd41a64d24aa94c0bc2d2e9,FROZEN_NUMERIC_POLICY_FROM_FIXED_SPEC
EW/2014/page_68.pdf-2,EW/2014,3,KNOWN,0,925ece06fe2bcdc281f7dccd486b79682ad2008fb415bce1bc4c383c9e33938a,FROZEN_NUMERIC_POLICY_FROM_FIXED_SPEC
MRO/2008/page_119.pdf-2,MRO/2008,2,KNOWN,1,a4bbadcf1406a665b6f4d10e9fbb10fcd05fa51bd1f5456570386cd17c358fd0,FROZEN_NUMERIC_POLICY_FROM_FIXED_SPEC
C/2009/page_248.pdf-2,C/2009,2,KNOWN,0,a6d5ebd793a3eb4af063d85827b574732d66cba9b4e2c63f9daf217e7b8d8dea,FROZEN_NUMERIC_POLICY_FROM_FIXED_SPEC
AAL/2015/page_187.pdf-1,AAL/2015,3,KNOWN,1,64f27a10a525e71079fd590d86015e0a1fa7e390afd8a33c8d611bc46f49126a,FROZEN_NUMERIC_POLICY_FROM_FIXED_SPEC
GS/2012/page_177.pdf-3,GS/2012,4,KNOWN,1,581e38af8280951827d54088de9fc963be43aec4102ee80672ba35a73ea1a53b,FROZEN_NUMERIC_POLICY_FROM_FIXED_SPEC
AAPL/2015/page_68.pdf-1,AAPL/2015,3,KNOWN,1,61bdeb3dad9e1362ee338d860e4c43c6f86244d20636ee72ad50bd384daec176,FROZEN_NUMERIC_POLICY_FROM_FIXED_SPEC
HUM/2018/page_129.pdf-2,HUM/2018,0,KNOWN,1,6ef379424d4e16a85df165c449c8a8fbfe4c5a06f75f1e999b1bc684bd1e8b44,FROZEN_NUMERIC_POLICY_FROM_FIXED_SPEC
CB/2008/page_83.pdf-2,CB/2008,4,KNOWN,1,3b646364ed36bce4692d3b869903a2c98243145958a85aae165999247403484a,FROZEN_NUMERIC_POLICY_FROM_FIXED_SPEC
C/2016/page_207.pdf-3,C/2016,4,KNOWN,1,9ea3da3234253ecd7715f73b21047bc6c7db804030183986ab86f5be5df25bc4,FROZEN_NUMERIC_POLICY_FROM_FIXED_SPEC
UNP/2008/page_35.pdf-1,UNP/2008,0,KNOWN,0,9a961bd8e37a42b51dde3170a3dbda08ede1b543ceffe6d9e8685c0a81763082,FROZEN_NUMERIC_POLICY_FROM_FIXED_SPEC
AES/2010/page_225.pdf-1,AES/2010,4,KNOWN,1,c54e20e0163352769d7ffa5de6c0a8ea4b84fb9eb3944c04faf79d27310176da,FROZEN_NUMERIC_POLICY_FROM_FIXED_SPEC
UNP/2008/page_59.pdf-1,UNP/2008,0,KNOWN,0,ffb77d301393500dd95c3b1e0d930f7725ad59008891892c71f29146370734e8,FROZEN_NUMERIC_POLICY_FROM_FIXED_SPEC
LMT/2010/page_24.pdf-3,LMT/2010,0,KNOWN,0,bbdd61a9e188c91d4d0a8c3f8cccc8705b0963e1a4efb906d3f4d111c5b3bf21,FROZEN_NUMERIC_POLICY_FROM_FIXED_SPEC
GIS/2018/page_59.pdf-2,GIS/2018,3,UNKNOWN,,9938540daa9869227199121c4bbf66e8c9ce5ac2e47c31b327ee1a625349f030,FROZEN_NUMERIC_POLICY_FROM_FIXED_SPEC
ETR/2008/page_212.pdf-3,ETR/2008,0,KNOWN,0,b9834eba8137e780377faf585e939394628c3403516c233e02a5d6763fd81a5d,FROZEN_NUMERIC_POLICY_FROM_FIXED_SPEC
ORLY/2018/page_30.pdf-4,ORLY/2018,0,KNOWN,0,85d58e3d01d7a0ed6f15203c478f4f8d6ac3f7f6fff17e43869a6ab0b54fe9a5,FROZEN_NUMERIC_POLICY_FROM_FIXED_SPEC
LMT/2015/page_106.pdf-1,LMT/2015,2,KNOWN,0,83bcb999d3f156cd17cc8a7e468a57e9e7f2d2a55cda55a035f66d63202f114b,FROZEN_NUMERIC_POLICY_FROM_FIXED_SPEC
LMT/2002/page_33.pdf-1,LMT/2002,3,KNOWN,0,b50b713ad9ad5585790f6ab90ce9cd00829e75fd2823f964d6cfb595ea3fdca2,FROZEN_NUMERIC_POLICY_FROM_FIXED_SPEC
C/2016/page_120.pdf-4,C/2016,4,KNOWN,0,283edf0139bffb1bfec58511f13d083a6a004736a3c69e0e33c86fb4b2a50656,FROZEN_NUMERIC_POLICY_FROM_FIXED_SPEC
RSG/2010/page_157.pdf-1,RSG/2010,0,KNOWN,0,efb962593438b0f348582d0a38d50e7761b38a218686bf85d7f9a8eff1e171d6,FROZEN_NUMERIC_POLICY_FROM_FIXED_SPEC
UPS/2007/page_32.pdf-3,UPS/2007,4,KNOWN,0,e7742175460c3a17c9caffddf1158a9418ded514e7dbe7811194753a9f770bde,FROZEN_NUMERIC_POLICY_FROM_FIXED_SPEC
V/2013/page_116.pdf-3,V/2013,4,KNOWN,1,c489f5eea53d88e06086d38bfc2f83ab66ca5cb65e9903e9b09481f6b70dd63a,FROZEN_NUMERIC_POLICY_FROM_FIXED_SPEC
MMM/2007/page_90.pdf-1,MMM/2007,2,KNOWN,1,2874e81c6f0a2a6a0f27056a8ba03b0cadd1084bc474a88608ddc840d4ee83fb,FROZEN_NUMERIC_POLICY_FROM_FIXED_SPEC
LLY/2008/page_45.pdf-4,LLY/2008,1,KNOWN,1,e8a310f794348da3b69a91bdc176b125ffca2fb59586a7d6a27d7264929f6538,FROZEN_NUMERIC_POLICY_FROM_FIXED_SPEC
AAPL/2013/page_78.pdf-1,AAPL/2013,4,KNOWN,0,7b20b1a709d08ea9f275bf4f398d705a4ff1eac75ede3187a5b4dd6032cc225b,FROZEN_NUMERIC_POLICY_FROM_FIXED_SPEC
JPM/2009/page_132.pdf-3,JPM/2009,3,KNOWN,1,6b554b57c6bd914eea31aab16cda0d43adc1e40ac730a2beb571e2cd4f700939,FROZEN_NUMERIC_POLICY_FROM_FIXED_SPEC
UPS/2017/page_111.pdf-4,UPS/2017,3,KNOWN,1,084331f10ab816b228cd8490bb42281052d2b4f4ddc139a10f5a67460f474cab,FROZEN_NUMERIC_POLICY_FROM_FIXED_SPEC
STT/2009/page_122.pdf-4,STT/2009,2,KNOWN,1,2d9ee6ec21e721c9ee422e922a943a32ffed5e1d1ea29e59c7ea9371cd5c108f,FROZEN_NUMERIC_POLICY_FROM_FIXED_SPEC
AAL/2015/page_51.pdf-2,AAL/2015,3,KNOWN,0,9117aae54db20c30bf6a8a50cd84de506913c4df26be422dd66e4461467d1209,FROZEN_NUMERIC_POLICY_FROM_FIXED_SPEC
AES/2001/page_77.pdf-1,AES/2001,2,KNOWN,0,40457f16a7625a7545a22c70449c11b1adebe824aa5afd2bb350e33ad2df77b8,FROZEN_NUMERIC_POLICY_FROM_FIXED_SPEC
EXPD/2017/page_30.pdf-1,EXPD/2017,4,KNOWN,0,faefa9a465d968ce57b62cc8f89665d8db46e5bf466cb82113337aaf97046ce4,FROZEN_NUMERIC_POLICY_FROM_FIXED_SPEC
HIG/2004/page_67.pdf-2,HIG/2004,0,KNOWN,0,2a1fe2d8fc79281c81b359ed46360d922c0411ac9d9085f05b0401be6902824a,FROZEN_NUMERIC_POLICY_FROM_FIXED_SPEC
NTAP/2014/page_33.pdf-1,NTAP/2014,2,KNOWN,0,fc08cc1c250a50aa18d727473bf26965d84cb0969546f82a6667d1dd087fd92e,FROZEN_NUMERIC_POLICY_FROM_FIXED_SPEC
JPM/2016/page_140.pdf-4,JPM/2016,1,KNOWN,1,eba9450f33b92cb23251dcbe63c02c3b924aef95fcf940ea6993024868abd7db,FROZEN_NUMERIC_POLICY_FROM_FIXED_SPEC
DG/2009/page_87.pdf-1,DG/2009,0,KNOWN,1,bbb8778218463771801b6530786211673266ebbcf565b5f9bc623ca9b83d5e61,FROZEN_NUMERIC_POLICY_FROM_FIXED_SPEC
UPS/2007/page_32.pdf-2,UPS/2007,4,KNOWN,0,071b14d7a421e5984e38a3c4758cb0f284f2c001af21cdb9fb25debc88debb7f,FROZEN_NUMERIC_POLICY_FROM_FIXED_SPEC
JKHY/2018/page_16.pdf-1,JKHY/2018,4,KNOWN,1,f47d10349894b623ed17653a25da1dd693681ba92090fe101b00cb087cf452c8,FROZEN_NUMERIC_POLICY_FROM_FIXED_SPEC
ADBE/2014/page_70.pdf-4,ADBE/2014,2,KNOWN,1,38fcf4e76a116fd526e5660edeb3aef40f22c3e24b4b53599d879f1c5c54d436,FROZEN_NUMERIC_POLICY_FROM_FIXED_SPEC
ETR/2008/page_153.pdf-3,ETR/2008,0,KNOWN,0,5b45d1e48b96f9b4912c72ebbd53540a780c30d12ca7b0aeeba7edd6872d0705,FROZEN_NUMERIC_POLICY_FROM_FIXED_SPEC
PNC/2012/page_98.pdf-1,PNC/2012,3,KNOWN,1,acf3ae572fb999795ca4dc3ad7ef9604cc7ea917569ad050ee09a87276875704,FROZEN_NUMERIC_POLICY_FROM_FIXED_SPEC
DISCA/2013/page_60.pdf-3,DISCA/2013,4,KNOWN,1,8105009005ec2838753815c3b62aec94b8963cbbc45de09d5c79b3af1252a69a,FROZEN_NUMERIC_POLICY_FROM_FIXED_SPEC
IP/2013/page_101.pdf-2,IP/2013,3,KNOWN,1,d0927e623a7de585da0ea2bf348bbecdbca6c5e569b09cdce6f902b6d9a5a79d,FROZEN_NUMERIC_POLICY_FROM_FIXED_SPEC
VTR/2007/page_97.pdf-2,VTR/2007,4,KNOWN,1,e9045463a832ec865d4975817006c0916e8da744d4911d2d463c8ec4d063aff1,FROZEN_NUMERIC_POLICY_FROM_FIXED_SPEC
VTR/2006/page_48.pdf-4,VTR/2006,0,KNOWN,1,be233a628677e4ec32e930d830e032df598484ce7b8f78d40d484ad38dc0f289,FROZEN_NUMERIC_POLICY_FROM_FIXED_SPEC
CDNS/2016/page_76.pdf-2,CDNS/2016,4,KNOWN,1,1ebf1143e4476dd52e78c346d7df263e1f271027ba560be6f64db0d1033cbdc2,FROZEN_NUMERIC_POLICY_FROM_FIXED_SPEC
GS/2017/page_176.pdf-3,GS/2017,2,KNOWN,1,0e3bba87770a9fbb40dfb539fb92a0a2ced43f23c2476618a4f566bdfc32e7cb,FROZEN_NUMERIC_POLICY_FROM_FIXED_SPEC
ETR/2017/page_401.pdf-3,ETR/2017,4,KNOWN,1,c04e8f251a545935fb0ef54f49dab19ae2779bc34b284ac613f0fefc2ecb295f,FROZEN_NUMERIC_POLICY_FROM_FIXED_SPEC
V/2008/page_165.pdf-1,V/2008,0,KNOWN,1,d4203d6e2513a9cccd99abd7ed1eadcdbf6daaaf40ec91e20a25b9f55ffd240b,FROZEN_NUMERIC_POLICY_FROM_FIXED_SPEC
IPG/2016/page_86.pdf-1,IPG/2016,0,KNOWN,1,cceeee18d0568a19c03f888d4d1b0f5d316117c87f002d65c756ab723d58cba0,FROZEN_NUMERIC_POLICY_FROM_FIXED_SPEC
GPN/2017/page_72.pdf-2,GPN/2017,0,KNOWN,1,805542a24b0812afad42d898134c71ad766e74f7c3560d45b2cb0fb32a8b2e4b,FROZEN_NUMERIC_POLICY_FROM_FIXED_SPEC
IPG/2006/page_41.pdf-2,IPG/2006,4,KNOWN,1,1be5f8943001cb5167b7f9e3487dbf56bca13dd6af3c42b3252cd28795ff6bf8,FROZEN_NUMERIC_POLICY_FROM_FIXED_SPEC
UPS/2015/page_35.pdf-1,UPS/2015,0,KNOWN,1,ef50db23304315cacc878b058341fddf212637d55d40f431c9dd282bbf11a2ad,FROZEN_NUMERIC_POLICY_FROM_FIXED_SPEC
CDNS/2007/page_30.pdf-4,CDNS/2007,2,KNOWN,0,23e1b9e0253f9c8712cbfec79a73579a447728a3ff701d9f84d1438cb7a58952,FROZEN_NUMERIC_POLICY_FROM_FIXED_SPEC
STT/2017/page_100.pdf-4,STT/2017,4,UNKNOWN,,aaa0431ee25a9aa775704604c107acead2ec329173de1f38293751578b8a74dd,FROZEN_NUMERIC_POLICY_FROM_FIXED_SPEC
HWM/2015/page_73.pdf-1,HWM/2015,1,KNOWN,0,7e8bbfedf7c611cb3014336fb5faa0d1d072d9781af5fca17815eff3644aaaeb,FROZEN_NUMERIC_POLICY_FROM_FIXED_SPEC
AWK/2012/page_12.pdf-1,AWK/2012,0,KNOWN,1,489a2c65c40479a9af8d489c0253502b10d4e7dab27b5ff6f441bc9676caed8c,FROZEN_NUMERIC_POLICY_FROM_FIXED_SPEC
MAS/2012/page_86.pdf-3,MAS/2012,1,KNOWN,0,b2d2e8fec9955df6bd89320a1e8af80ac1817ff57d7887385f25bab38174a5bd,FROZEN_NUMERIC_POLICY_FROM_FIXED_SPEC
AWK/2018/page_131.pdf-1,AWK/2018,1,KNOWN,1,f6add5d7e6243627714003769c4fa3aa540603707fbfcbd2241473e9a4ad9425,FROZEN_NUMERIC_POLICY_FROM_FIXED_SPEC
ADBE/2018/page_66.pdf-3,ADBE/2018,1,KNOWN,0,1e55718a19b4a42734771b152176f64ec2dc0c8e86c14bd045483f8b282b2fea,FROZEN_NUMERIC_POLICY_FROM_FIXED_SPEC
MRO/2008/page_119.pdf-1,MRO/2008,2,KNOWN,0,cb0a0fcd2c030a3784d63a25adc651d26b5e0c84d3f58c5b39bd7841780f83fe,FROZEN_NUMERIC_POLICY_FROM_FIXED_SPEC
ETR/2004/page_261.pdf-4,ETR/2004,1,KNOWN,1,8db8de5a1214778112414d8e3221247a57ecb8c1c353c1f55870f43213496f50,FROZEN_NUMERIC_POLICY_FROM_FIXED_SPEC
UPS/2010/page_33.pdf-4,UPS/2010,3,KNOWN,0,44a5483b24074a42e892027647a0cd9876008b1102845c44f93ad7f669765f46,FROZEN_NUMERIC_POLICY_FROM_FIXED_SPEC
ETR/2004/page_86.pdf-2,ETR/2004,1,KNOWN,1,ce7057cee87cec2ed681a80ba5221c4acc2c5e12ea63f7e627369cc175ebae53,FROZEN_NUMERIC_POLICY_FROM_FIXED_SPEC
C/2008/page_26.pdf-1,C/2008,3,KNOWN,1,eda13078dc23e2b85e3012aa433ec52332e13710a40bf2281eaae0f10e220834,FROZEN_NUMERIC_POLICY_FROM_FIXED_SPEC
WRK/2019/page_31.pdf-2,WRK/2019,3,KNOWN,1,bfcd5d56610352b88ec41bf1a137c6feb0f5566459cb5e46dad896510e9df4f1,FROZEN_NUMERIC_POLICY_FROM_FIXED_SPEC
MRO/2009/page_32.pdf-2,MRO/2009,4,KNOWN,0,b83786767f940a0e3ef1cce75a8c8cdb616aa1b07ea30705005720a9cd2f8784,FROZEN_NUMERIC_POLICY_FROM_FIXED_SPEC
HFC/2011/page_85.pdf-1,HFC/2011,4,KNOWN,1,1513e1a92fa948833df9e4b3e54da32f23da83a8eec537d1006afdcff6329e0f,FROZEN_NUMERIC_POLICY_FROM_FIXED_SPEC
C/2009/page_42.pdf-1,C/2009,2,KNOWN,1,ca1ead600707f2b62cd702b57fae24bb7aa81d9faf394c9d57f9feae087bcf7e,FROZEN_NUMERIC_POLICY_FROM_FIXED_SPEC
PPG/2005/page_20.pdf-1,PPG/2005,4,KNOWN,0,c83616bb69e75596a3a963541abb1a3e8942ccc827b48cee68660bb0de1dd6dc,FROZEN_NUMERIC_POLICY_FROM_FIXED_SPEC
AAPL/2015/page_68.pdf-2,AAPL/2015,3,KNOWN,1,6c2d5caff4a8097bdd2d68a5caa7336ea8aed63e951198ee90c80e9c98d4efc1,FROZEN_NUMERIC_POLICY_FROM_FIXED_SPEC
BLK/2009/page_98.pdf-1,BLK/2009,3,KNOWN,1,263346b0c2a03e178e7f9ea3219df2208ab7b2b6aa53b12614021eb345bb993e,FROZEN_NUMERIC_POLICY_FROM_FIXED_SPEC
ETR/2008/page_343.pdf-1,ETR/2008,0,KNOWN,1,c0ed106dc61713af7c7c0a54e6f402db95cafb2aa853c7153d4bb270fdf0ef34,FROZEN_NUMERIC_POLICY_FROM_FIXED_SPEC
ETR/2004/page_159.pdf-3,ETR/2004,1,KNOWN,1,2d7657254b5306542971a7a365c41aa7b992e37de8bc2795e0807e4f6aac0381,FROZEN_NUMERIC_POLICY_FROM_FIXED_SPEC
MMM/2007/page_58.pdf-1,MMM/2007,2,KNOWN,1,6cea9727cdb52578ae21fa92350a6312b5208d67c7368fc342ca025a8d83451a,FROZEN_NUMERIC_POLICY_FROM_FIXED_SPEC
AON/2009/page_70.pdf-1,AON/2009,4,KNOWN,0,eff75d862127161e544ee1190776bd98c5de816e0942ba5258404594f1cc004a,FROZEN_NUMERIC_POLICY_FROM_FIXED_SPEC
GIS/2019/page_53.pdf-2,GIS/2019,2,KNOWN,0,6c3c80d918e1e7fed941602527bf2a8237fdeb2c824a9f19029b08b431997c02,FROZEN_NUMERIC_POLICY_FROM_FIXED_SPEC
AWK/2013/page_12.pdf-2,AWK/2013,4,KNOWN,1,8613224b86d9793704ae367fdb6c41c65d76c22d3ddc1b92e268bd108f0669e1,FROZEN_NUMERIC_POLICY_FROM_FIXED_SPEC
BLK/2017/page_87.pdf-2,BLK/2017,2,KNOWN,1,822e659d0e775754fec5c072b477cf2cbfd2b11496043772a5f820cf34e8ffea,FROZEN_NUMERIC_POLICY_FROM_FIXED_SPEC
GS/2016/page_81.pdf-1,GS/2016,0,UNKNOWN,,865c4b2e3cbb14f520d59480e47c83953c50a4b3255c5a01c4f3b584986e46b1,FROZEN_NUMERIC_POLICY_FROM_FIXED_SPEC
ETR/2008/page_343.pdf-2,ETR/2008,0,KNOWN,1,c84337fcf0278eb40f8a99b1087ea42bf7bec4c9781fa09d038b5ced9ed8dc6e,FROZEN_NUMERIC_POLICY_FROM_FIXED_SPEC
ETFC/2007/page_116.pdf-3,ETFC/2007,0,KNOWN,0,d00bd63f667c29bfbcf57e8a9596b94f379579e8fa7ed490bc571f22ed4cf39b,FROZEN_NUMERIC_POLICY_FROM_FIXED_SPEC
BLL/2011/page_29.pdf-2,BLL/2011,0,KNOWN,1,b373b0738d3f13bc5ff6d8a5030a805ec2e8580d8e983dee3d8a7002811d13e7,FROZEN_NUMERIC_POLICY_FROM_FIXED_SPEC
C/2008/page_105.pdf-3,C/2008,3,KNOWN,0,7903622c58d25398ce982c43069bd51adfc0eaf379da66c0674085a024af72ed,FROZEN_NUMERIC_POLICY_FROM_FIXED_SPEC
GPN/2009/page_69.pdf-1,GPN/2009,1,KNOWN,0,ae10badf46283f28f76502c85f5aea86f06c0d0046ad3da8c747ff0e77baa0f0,FROZEN_NUMERIC_POLICY_FROM_FIXED_SPEC
ADI/2010/page_50.pdf-1,ADI/2010,4,KNOWN,1,e41d2e3b917258545ef0d4fde26334ec44edbec634742017747f5e8105a68b46,FROZEN_NUMERIC_POLICY_FROM_FIXED_SPEC
JPM/2008/page_41.pdf-2,JPM/2008,4,KNOWN,0,236cd27c874efcf8e65fa341f51ae691270d7534509d5c4b577c0f70e4bffa37,FROZEN_NUMERIC_POLICY_FROM_FIXED_SPEC
MAS/2013/page_27.pdf-1,MAS/2013,0,KNOWN,0,32a1374d277711a529f5489b2a84d5433d508e08a07cae03977b637b16c34c1e,FROZEN_NUMERIC_POLICY_FROM_FIXED_SPEC
HIG/2013/page_212.pdf-2,HIG/2013,4,KNOWN,0,20d64b0fc0b3131033c80bff02b49390e64059e690ce041d99da2f432b86e1a4,FROZEN_NUMERIC_POLICY_FROM_FIXED_SPEC
UNP/2010/page_79.pdf-2,UNP/2010,3,KNOWN,1,cca9c6f89c3cd63601597389f33573e1fbfb04624e365281772c6b6f7675f70e,FROZEN_NUMERIC_POLICY_FROM_FIXED_SPEC
HUM/2005/page_18.pdf-3,HUM/2005,2,KNOWN,0,dbb52867209e2f1d0240da37f2860d1bbd0515cda5cc7cfd01915261892c6b93,FROZEN_NUMERIC_POLICY_FROM_FIXED_SPEC
AMT/2012/page_121.pdf-2,AMT/2012,2,UNKNOWN,,d3a5dc4231decf89805361a604857445e6a1671ababb86adcdbd40c510e1e868,FROZEN_NUMERIC_POLICY_FROM_FIXED_SPEC
UA/2015/page_77.pdf-1,UA/2015,2,KNOWN,1,97ff53a9dd12e7952c49f69d98eca331ede45edf82a11fa3e065a61b46683752,FROZEN_NUMERIC_POLICY_FROM_FIXED_SPEC
RSG/2015/page_75.pdf-1,RSG/2015,3,KNOWN,1,efdff1334ad06e0c048552dc92ca5efc0b5a163814f63c255e2a48e8b39bd7af,FROZEN_NUMERIC_POLICY_FROM_FIXED_SPEC
AMAT/2015/page_14.pdf-1,AMAT/2015,3,KNOWN,0,746d04bce9aaabaa0fb6c2768fd8da1f36c265c4eb5d69443bcb9562ed30f800,FROZEN_NUMERIC_POLICY_FROM_FIXED_SPEC
IPG/2016/page_46.pdf-2,IPG/2016,0,KNOWN,1,ae6a637a9aa2924b548475bd0d1b1dc5a6059f99c4a5fe7d5e5c6008c306cc5c,FROZEN_NUMERIC_POLICY_FROM_FIXED_SPEC
VNO/2008/page_183.pdf-2,VNO/2008,0,KNOWN,0,214d17242dc1f3a73849b5efd4f0d7666bf12e8162140b2e2a2f257f152a1783,FROZEN_NUMERIC_POLICY_FROM_FIXED_SPEC
AES/2011/page_230.pdf-2,AES/2011,1,KNOWN,1,a872379652240d6aa36f737138b5d7f99b1fc38aa61ba1555691e0cc317744e8,FROZEN_NUMERIC_POLICY_FROM_FIXED_SPEC
LMT/2015/page_106.pdf-2,LMT/2015,2,KNOWN,0,28fed615ac0119f77faf8e7641b08f609d41692c0fdad9b2c7c8f74a5d7eef5a,FROZEN_NUMERIC_POLICY_FROM_FIXED_SPEC
ILMN/2007/page_84.pdf-1,ILMN/2007,1,KNOWN,1,21bce7bbda0bde1d25983d1850ab8a023026272c3669bb54bee8fc35da9fbd79,FROZEN_NUMERIC_POLICY_FROM_FIXED_SPEC
IP/2013/page_61.pdf-2,IP/2013,3,KNOWN,1,fa8cff711d4578446c3a8516c0ae0b1cd7275eb72d8130e80c34dd9cf8d08541,FROZEN_NUMERIC_POLICY_FROM_FIXED_SPEC
C/2008/page_207.pdf-3,C/2008,3,KNOWN,0,a949aaafee48fc579c8dbf83b6ad1a9db1fc842bcd19239ba25ff3a86889c778,FROZEN_NUMERIC_POLICY_FROM_FIXED_SPEC
AES/2011/page_131.pdf-4,AES/2011,1,KNOWN,0,c881e38b414b7cbec7849ca2a59efbd8d02c49a186ef6d961ed6881842ef905b,FROZEN_NUMERIC_POLICY_FROM_FIXED_SPEC
AAL/2014/page_80.pdf-3,AAL/2014,1,KNOWN,0,91c653635bd9eed5f8b30994d241c5fe190c3314ccfd156116bab8939aff1fb0,FROZEN_NUMERIC_POLICY_FROM_FIXED_SPEC
HWM/2017/page_77.pdf-2,HWM/2017,2,KNOWN,0,e513ea187f141efb04ce2308ba112aed984c4ebbe9fe4a622b7ebcf4deaaa90a,FROZEN_NUMERIC_POLICY_FROM_FIXED_SPEC
RCL/2005/page_40.pdf-3,RCL/2005,3,KNOWN,0,cee09b28654d781aa8b83d896b94e176b998d554099402e59ba55a0385c26fcd,FROZEN_NUMERIC_POLICY_FROM_FIXED_SPEC
TFX/2015/page_42.pdf-2,TFX/2015,3,KNOWN,0,004e31c856b96f4ffb0d9b32548523eb206dbc45d3f9c0ffaa0f481fde763692,FROZEN_NUMERIC_POLICY_FROM_FIXED_SPEC
MMM/2005/page_53.pdf-1,MMM/2005,4,KNOWN,1,454fe030edf57fa60912b1108263af3fbd9abd9919c0458efa433fc6353941e7,FROZEN_NUMERIC_POLICY_FROM_FIXED_SPEC
OKE/2007/page_51.pdf-2,OKE/2007,1,KNOWN,1,0bf7a928936bd477c4a0de05425947724066d0e6bd9ddfffb0a35110d4617c9e,FROZEN_NUMERIC_POLICY_FROM_FIXED_SPEC
AWK/2015/page_127.pdf-3,AWK/2015,0,KNOWN,0,814c905f9d068e6e57dd87f6c646f2fc9e5a32a732b28cdf90062f000f758092,FROZEN_NUMERIC_POLICY_FROM_FIXED_SPEC
ETR/2008/page_435.pdf-2,ETR/2008,0,KNOWN,1,d020947a0496e3ea4294c8eba30d7cbe55163c1f5babc969b9d77278664ef348,FROZEN_NUMERIC_POLICY_FROM_FIXED_SPEC
GPN/2008/page_95.pdf-2,GPN/2008,2,KNOWN,1,bf45a3b31fd4a68fffbf9490eccd9c6c5606032ceb3b249ad6eb255b7e4f5cd0,FROZEN_NUMERIC_POLICY_FROM_FIXED_SPEC
RL/2009/page_22.pdf-2,RL/2009,1,KNOWN,1,58446f5fceeefba909045cc35f6d4c0f00e0397282e73131dd50a69af0cffde6,FROZEN_NUMERIC_POLICY_FROM_FIXED_SPEC
DRE/2010/page_59.pdf-1,DRE/2010,4,KNOWN,1,f7ca06757feb13a0c9c216807d27147614d00b445212d95a30c2e49da91ba880,FROZEN_NUMERIC_POLICY_FROM_FIXED_SPEC
UNP/2008/page_34.pdf-2,UNP/2008,0,KNOWN,1,a697fe5eccf3ee6e43f9971dff2dfb59fa9ebb622310cf7a147f39d0d6295b02,FROZEN_NUMERIC_POLICY_FROM_FIXED_SPEC
MRO/2013/page_40.pdf-1,MRO/2013,0,KNOWN,0,de497b4d2067f98b51d37406a93bc9e944e7ebb8ac64304ef6ad7db5d09bc7ec,FROZEN_NUMERIC_POLICY_FROM_FIXED_SPEC
GS/2016/page_161.pdf-2,GS/2016,0,KNOWN,1,e1bd82200346b3d13ad21cd295a6c40bbc7a5a43ce4641c2ffce6297cf7f12e3,FROZEN_NUMERIC_POLICY_FROM_FIXED_SPEC
ALLE/2017/page_44.pdf-2,ALLE/2017,2,KNOWN,1,ed696cd1f3011ecc68ac413d06b4adc3b07fd27367cc176d991181ddad74ad83,FROZEN_NUMERIC_POLICY_FROM_FIXED_SPEC
CME/2010/page_45.pdf-4,CME/2010,4,KNOWN,0,0d07822606348df28ba0b38d360438b2239f2cb383cef46c3cbd7ef455645fee,FROZEN_NUMERIC_POLICY_FROM_FIXED_SPEC
GS/2014/page_134.pdf-4,GS/2014,3,KNOWN,1,f68fdea15009f920e589e3c449585f58e18aaef1d47fcd385907153f16a0a7d2,FROZEN_NUMERIC_POLICY_FROM_FIXED_SPEC
RCL/2017/page_38.pdf-3,RCL/2017,0,KNOWN,0,c0bf7795289e48d0763a974bb327531866c0bef35d31bec6c489eee396565596,FROZEN_NUMERIC_POLICY_FROM_FIXED_SPEC
ADI/2019/page_77.pdf-1,ADI/2019,4,KNOWN,0,5de2a2c19e81a0ab4b395ca8d9f8f361fb943ff850b345e0e2bdc1f079c4968b,FROZEN_NUMERIC_POLICY_FROM_FIXED_SPEC
IPG/2015/page_24.pdf-1,IPG/2015,4,KNOWN,1,91a3657035928ce689921bac93f79d226106e1e64d1f1a374ab0a58b2641e0c4,FROZEN_NUMERIC_POLICY_FROM_FIXED_SPEC
AMAT/2015/page_14.pdf-2,AMAT/2015,3,KNOWN,0,620231b82a8d64af1b16c0ec54b293fcc011966ecf76d3d6a0d56c8b60ccf29d,FROZEN_NUMERIC_POLICY_FROM_FIXED_SPEC
ETR/2017/page_477.pdf-2,ETR/2017,4,KNOWN,0,7eb025056b24083fb8b76894c40611f61ff395b2db794dab53da4676592e461b,FROZEN_NUMERIC_POLICY_FROM_FIXED_SPEC
UNP/2014/page_80.pdf-1,UNP/2014,2,KNOWN,1,cf7210cf47f6d802abb3437c458410f42c443e9d2c120e7d4f94a2502bc28ea1,FROZEN_NUMERIC_POLICY_FROM_FIXED_SPEC
AAL/2015/page_131.pdf-4,AAL/2015,3,KNOWN,0,1c28e24c2229e8d53bf27a18ac85c4e0adaf01d69bd995e7b41e2dc9deac9f03,FROZEN_NUMERIC_POLICY_FROM_FIXED_SPEC
AAL/2015/page_51.pdf-1,AAL/2015,3,KNOWN,1,7213901061e860ff42503742c63002e1a02b7f7afc5e529b115d49ab6fc8abcd,FROZEN_NUMERIC_POLICY_FROM_FIXED_SPEC
AAPL/2014/page_67.pdf-2,AAPL/2014,2,KNOWN,0,421c8a26c90c48c201cf51ba5dcc48739a4487edab221342b0f61b221039f112,FROZEN_NUMERIC_POLICY_FROM_FIXED_SPEC
BKNG/2015/page_38.pdf-4,BKNG/2015,3,KNOWN,0,64bf3fac10a4c3d2631fc6d21b35b63e0a950fd4bbe0711f96469209fdf30ce5,FROZEN_NUMERIC_POLICY_FROM_FIXED_SPEC
PKG/2009/page_63.pdf-3,PKG/2009,3,KNOWN,0,65978a7dbcfa471065087b387bab8dfdcb9d6010967319d6830d088d4f44aff4,FROZEN_NUMERIC_POLICY_FROM_FIXED_SPEC
PKG/2004/page_23.pdf-3,PKG/2004,1,KNOWN,1,15fd35fe47150b197fa6ab6d576bd9fe416378ccbea937e52be68e1322b020cc,FROZEN_NUMERIC_POLICY_FROM_FIXED_SPEC
BLL/2006/page_45.pdf-2,BLL/2006,1,KNOWN,1,3a97e9373ac7c4155500ac10b09dad0c0568eda4442ee8d204eb55db3a2e7dd4,FROZEN_NUMERIC_POLICY_FROM_FIXED_SPEC
INTC/2013/page_71.pdf-3,INTC/2013,4,KNOWN,1,59a85adfc4d9f5c4623283ebeb6a6a76b08b4c3527a015d169cf2871825dd993,FROZEN_NUMERIC_POLICY_FROM_FIXED_SPEC
GPN/2016/page_29.pdf-2,GPN/2016,1,KNOWN,0,3b7af66904ff26289c1bf6bafb93e55fb983678bb30f81128d5b658a947f8ef8,FROZEN_NUMERIC_POLICY_FROM_FIXED_SPEC
RSG/2018/page_13.pdf-2,RSG/2018,1,KNOWN,0,9ede949a027fbe34cefa1bb1436074fac149656a0dea17fceb0331ceda36ef49,FROZEN_NUMERIC_POLICY_FROM_FIXED_SPEC
ETR/2008/page_33.pdf-1,ETR/2008,0,KNOWN,1,49f5ab882e2aaf655e4b021156eca56eed6d3fba12648f1987f48cdf497fea90,FROZEN_NUMERIC_POLICY_FROM_FIXED_SPEC
LMT/2015/page_55.pdf-1,LMT/2015,2,KNOWN,0,c21c9044b8088e187e2f5142a9cf590241f3c0df0cd959d4487e15bc9519ac9a,FROZEN_NUMERIC_POLICY_FROM_FIXED_SPEC
KMI/2010/page_164.pdf-3,KMI/2010,4,KNOWN,1,d54d416b2370f474a0319148b29c6725634ff4163424868aab6ea13e3c0e4203,FROZEN_NUMERIC_POLICY_FROM_FIXED_SPEC
MRO/2009/page_35.pdf-2,MRO/2009,4,KNOWN,0,3d51a2a972bb3aced6c68f0ec00a1d7d531578df00781ab8613571df49216ee1,FROZEN_NUMERIC_POLICY_FROM_FIXED_SPEC
DRE/2007/page_39.pdf-4,DRE/2007,1,KNOWN,0,f991d267a82c5c7f8d8be5089554c843cd14a2175e6df8a745d8b7f8dd23a4bd,FROZEN_NUMERIC_POLICY_FROM_FIXED_SPEC
IPG/2017/page_49.pdf-4,IPG/2017,1,KNOWN,1,b466dc6fb1f64239394861bf593e926277d309745c019edbb38e777b71fe21bd,FROZEN_NUMERIC_POLICY_FROM_FIXED_SPEC
IPG/2014/page_23.pdf-1,IPG/2014,1,KNOWN,1,d14493f499da66435c52828ae07de479c5c70e7867f35f6c314462656cf15600,FROZEN_NUMERIC_POLICY_FROM_FIXED_SPEC
SWKS/2011/page_112.pdf-1,SWKS/2011,1,KNOWN,0,532de39ba99a97fad53445f1f95e7b8bab1702b263a6564233b588a40435d6b0,FROZEN_NUMERIC_POLICY_FROM_FIXED_SPEC
RE/2010/page_120.pdf-2,RE/2010,2,KNOWN,0,cd1596383c454fc9da5135704175d7a91c611903e06970d23f04da1b94a35375,FROZEN_NUMERIC_POLICY_FROM_FIXED_SPEC
VNO/2005/page_69.pdf-2,VNO/2005,2,KNOWN,1,ed2c9ad91ce1e0da1b7a3ec8936037da6ae694809a053b3c91822b8ccf5d8936,FROZEN_NUMERIC_POLICY_FROM_FIXED_SPEC
RL/2009/page_22.pdf-1,RL/2009,1,KNOWN,1,490ee839a61a5f452cc770b1d74abf16674c730c13a4a6eb9c93e4beb80e70d8,FROZEN_NUMERIC_POLICY_FROM_FIXED_SPEC
MA/2009/page_115.pdf-4,MA/2009,4,KNOWN,1,d0f3f17ea8f9d59e1ab7fe2e9a216c2cb181756776535b085fbf9ddc57452bd2,FROZEN_NUMERIC_POLICY_FROM_FIXED_SPEC
SNA/2013/page_93.pdf-4,SNA/2013,2,KNOWN,0,e0beea037f4efb3cf9cc5755e9a327fa0e0b28e4515718636d15d0712977eb5f,FROZEN_NUMERIC_POLICY_FROM_FIXED_SPEC
HUM/2018/page_129.pdf-1,HUM/2018,0,KNOWN,1,3f2d0f5fd6f754644f142d1bf3f9cf66585bcd79b27178a41551adef2ad8f01e,FROZEN_NUMERIC_POLICY_FROM_FIXED_SPEC
GPN/2009/page_68.pdf-1,GPN/2009,1,KNOWN,0,1c10afa280fad13531423732bc2345bf0025e4dce8816026df248f9ba84057ad,FROZEN_NUMERIC_POLICY_FROM_FIXED_SPEC
NKE/2015/page_37.pdf-1,NKE/2015,2,KNOWN,1,b0115639103ac8dcddf9e8406eb69177a667ac42a90cfb58214cca6f3eaa0e0c,FROZEN_NUMERIC_POLICY_FROM_FIXED_SPEC
ETFC/2007/page_22.pdf-1,ETFC/2007,0,KNOWN,0,8e05f12ef311388d312d5edfcc2b5a3bc787643a6e67cf287cbe5bb51de36540,FROZEN_NUMERIC_POLICY_FROM_FIXED_SPEC
AWK/2014/page_122.pdf-1,AWK/2014,4,KNOWN,1,a385a320c204b6774d9262e948fface4a9578bc46d916f4c3bb0c56e294f70a6,FROZEN_NUMERIC_POLICY_FROM_FIXED_SPEC
UNP/2008/page_71.pdf-3,UNP/2008,0,KNOWN,1,5369c7f6ce9e503d1cebfb831afd81c40c3a300f62576d3ff0790e91d7c2b4ce,FROZEN_NUMERIC_POLICY_FROM_FIXED_SPEC
EMN/2007/page_111.pdf-2,EMN/2007,4,KNOWN,0,0738e4795a18cf63f70a5edc34adce40e359bb2444d76195355c1348a707c608,FROZEN_NUMERIC_POLICY_FROM_FIXED_SPEC
MO/2017/page_79.pdf-1,MO/2017,3,KNOWN,0,b663b65e7d897c0507fc940cf046cb5caada4df5cbe6e7c691d164acd7b5c540,FROZEN_NUMERIC_POLICY_FROM_FIXED_SPEC
UNP/2009/page_26.pdf-2,UNP/2009,2,KNOWN,0,676ccd57716e672d04837b79b8c299bb011062c604e535a6f57b7aa3b572cc91,FROZEN_NUMERIC_POLICY_FROM_FIXED_SPEC
APTV/2015/page_47.pdf-3,APTV/2015,0,KNOWN,1,55de1fb50468b9f1c8a3ef2e40d2c820387b4e58b321c28ddd011eee7d69c7f2,FROZEN_NUMERIC_POLICY_FROM_FIXED_SPEC
UNP/2015/page_76.pdf-2,UNP/2015,0,KNOWN,1,58bc06bfe85862f006339e8b7b4c2c36838d7dbc7e6c84d7972b7ec3696624db,FROZEN_NUMERIC_POLICY_FROM_FIXED_SPEC
VLO/2012/page_27.pdf-2,VLO/2012,3,UNKNOWN,,b479cd23620fb31de18bf728d26848c43bfea0468475673e126eee4bb71b6562,FROZEN_NUMERIC_POLICY_FROM_FIXED_SPEC
BLK/2008/page_75.pdf-3,BLK/2008,4,KNOWN,0,fb7ffbf321d48de026ff2d32886db451c7733484b5ea9adfa51c34e6dbcd32f3,FROZEN_NUMERIC_POLICY_FROM_FIXED_SPEC
ANSS/2016/page_85.pdf-2,ANSS/2016,2,UNKNOWN,,deb8e14bc9f19bf892e40c46a6a9bcffbffd85feb997962d69cd7d6d934deb32,FROZEN_NUMERIC_POLICY_FROM_FIXED_SPEC
IP/2015/page_44.pdf-3,IP/2015,1,KNOWN,0,1b9eecfc36e1d680b36875ed388b790ed728255d738f4b9e190f7972c55955fa,FROZEN_NUMERIC_POLICY_FROM_FIXED_SPEC
UNP/2013/page_29.pdf-2,UNP/2013,3,KNOWN,1,c54eafd1a0124c59a4879622f2fe42e38a4adfe12c919a3974bb386c9d41e737,FROZEN_NUMERIC_POLICY_FROM_FIXED_SPEC
MO/2014/page_76.pdf-1,MO/2014,4,KNOWN,0,9f7b0c4d72b456695a22d94ffe95d7cb5b61b51637431a61452c7d812379c1f8,FROZEN_NUMERIC_POLICY_FROM_FIXED_SPEC
UNP/2013/page_29.pdf-3,UNP/2013,3,KNOWN,1,fc24dd881f9fc4bdea83e788d9850f466a3d8e970875a73c11093dc0d4723ef2,FROZEN_NUMERIC_POLICY_FROM_FIXED_SPEC
IP/2007/page_38.pdf-3,IP/2007,1,KNOWN,0,82ede1c6774df0851a297baed84940324267de0d51b3c635d799772c29351068,FROZEN_NUMERIC_POLICY_FROM_FIXED_SPEC
UNP/2011/page_56.pdf-3,UNP/2011,2,KNOWN,1,042fb73b74f047eb8c6586ffe12a112b660401f5cd419e58093222bb5160ccde,FROZEN_NUMERIC_POLICY_FROM_FIXED_SPEC
BLK/2016/page_35.pdf-3,BLK/2016,1,KNOWN,1,730299315e1584fba6eed985182a1fb88a83e5db375739de2a657e570e7f314a,FROZEN_NUMERIC_POLICY_FROM_FIXED_SPEC
APTV/2018/page_36.pdf-3,APTV/2018,1,KNOWN,1,fe773eff45a11d50ac8ad35c35d9ae1a679668776332f722737d7e0da0b02e83,FROZEN_NUMERIC_POLICY_FROM_FIXED_SPEC
UNP/2015/page_76.pdf-3,UNP/2015,0,KNOWN,0,a310e86cc2a0ff8122ae5e21afa7c4b1c8eb1f57579a0592e059e5242371972f,FROZEN_NUMERIC_POLICY_FROM_FIXED_SPEC
SNPS/2006/page_68.pdf-3,SNPS/2006,0,KNOWN,1,be222505fd7aa75ec2efa1699b9df60e64cbb456cb0733dcad3a4c838607973c,FROZEN_NUMERIC_POLICY_FROM_FIXED_SPEC
UNP/2015/page_80.pdf-3,UNP/2015,0,KNOWN,1,224d1365fceb31bb33922d56ac84d0d72947d07d99b2bf88d9dfeedf090c6499,FROZEN_NUMERIC_POLICY_FROM_FIXED_SPEC
CAT/2017/page_113.pdf-3,CAT/2017,3,KNOWN,0,be69b6566eb8e213e6607dd477771a1c3ff2cb3438a31c66cd3b5f96b2ac5d8f,FROZEN_NUMERIC_POLICY_FROM_FIXED_SPEC
UNP/2011/page_35.pdf-3,UNP/2011,2,KNOWN,0,a3b91f079ae16f5c9d13b885e13a634e473f3d5cede4c2b7d7a4ac407828bc0d,FROZEN_NUMERIC_POLICY_FROM_FIXED_SPEC
UNP/2015/page_31.pdf-2,UNP/2015,0,KNOWN,0,96e909476115f677b18f187298cbcdb37a8495016e451bae268f7cb33675dbc1,FROZEN_NUMERIC_POLICY_FROM_FIXED_SPEC
IP/2013/page_70.pdf-3,IP/2013,3,KNOWN,0,94e6b880d8c09edaf3d4f7a5f965423e60636932091a5644e0c96e422627d8bb,FROZEN_NUMERIC_POLICY_FROM_FIXED_SPEC
UNP/2010/page_79.pdf-3,UNP/2010,3,KNOWN,0,2fbf2da31b068d892b32365b3687322ccb99daa0c096c2eb0c38d991ca7ae302,FROZEN_NUMERIC_POLICY_FROM_FIXED_SPEC
APTV/2015/page_50.pdf-3,APTV/2015,0,KNOWN,1,8ba8ef162a49245edf17499cf132b53e7f666c636c263f64c52129c596768f64,FROZEN_NUMERIC_POLICY_FROM_FIXED_SPEC
BKR/2018/page_59.pdf-3,BKR/2018,3,KNOWN,0,d58a923d85f6df90cda7b20d7a52274daa94853f981449da3a75da5f24290193,FROZEN_NUMERIC_POLICY_FROM_FIXED_SPEC
UNP/2008/page_71.pdf-4,UNP/2008,0,KNOWN,1,135a0102d1c31402d6a03c27b7b495bfa07da6a64d0e6de6be07b34bd00f3ab1,FROZEN_NUMERIC_POLICY_FROM_FIXED_SPEC
UNP/2010/page_33.pdf-2,UNP/2010,3,KNOWN,0,03a4fadbe65a465566d7e0bbf5125fd34253ba3c5fef4df35e4826a5658c04ac,FROZEN_NUMERIC_POLICY_FROM_FIXED_SPEC
PPG/2018/page_60.pdf-3,PPG/2018,0,KNOWN,1,90e95fd10453cbdf72d7c2064ba8405e78f2ab67112f0d0167bcf2d74d98a9be,FROZEN_NUMERIC_POLICY_FROM_FIXED_SPEC
APTV/2014/page_46.pdf-3,APTV/2014,2,KNOWN,1,66c72d6fdc268346ee0322f78d846fc64fb692a141964a0d9959e53a15de3f14,FROZEN_NUMERIC_POLICY_FROM_FIXED_SPEC
IP/2007/page_34.pdf-1,IP/2007,1,KNOWN,1,fee13d52288757b192382974cf492719a0546bf4c048cd03fc230525345bd486,FROZEN_NUMERIC_POLICY_FROM_FIXED_SPEC
BLK/2012/page_31.pdf-3,BLK/2012,2,KNOWN,0,977924f535d4223d53735f2719ebbf4f3ea9c088cb56799f2044c47b8eebb71f,FROZEN_NUMERIC_POLICY_FROM_FIXED_SPEC
PPG/2005/page_20.pdf-3,PPG/2005,4,KNOWN,1,3294b3f917f998f5c107832334e47454166a1df9fa653a97cf82db11758313ed,FROZEN_NUMERIC_POLICY_FROM_FIXED_SPEC
UNP/2013/page_35.pdf-2,UNP/2013,3,KNOWN,1,86bc81df3eb644bca909f2817475d82fe9626f33f06caaa048af21c7856eb3a7,FROZEN_NUMERIC_POLICY_FROM_FIXED_SPEC
CMCSA/2015/page_70.pdf-1,CMCSA/2015,1,KNOWN,1,1231ab65da5bdb5a39b49a0e6942abad067ef3179736a3b65237ec3cf0792e42,FROZEN_NUMERIC_POLICY_FROM_FIXED_SPEC
UNP/2012/page_47.pdf-2,UNP/2012,4,KNOWN,0,0b0a323c2d3649f3a6c259c8317fc8ba5d35071cc0f50c570b28d3c4e203a1b2,FROZEN_NUMERIC_POLICY_FROM_FIXED_SPEC
UNP/2017/page_23.pdf-3,UNP/2017,1,KNOWN,0,d52ae62012a7c958ad2670598f66814f6ecf3541a4883ad4b48333a6a59bf3d8,FROZEN_NUMERIC_POLICY_FROM_FIXED_SPEC
MO/2017/page_10.pdf-3,MO/2017,3,KNOWN,0,afc573abc1b59cb02ad0cfd91eeefea9fe9a009ed9ea7b5f81d8532e59111a9d,FROZEN_NUMERIC_POLICY_FROM_FIXED_SPEC
UNP/2008/page_81.pdf-3,UNP/2008,0,KNOWN,1,75673156379bda13056b4577b4477d79c3b6747b203bf4e8a60e5f71e1387eb9,FROZEN_NUMERIC_POLICY_FROM_FIXED_SPEC
MO/2014/page_11.pdf-3,MO/2014,4,KNOWN,1,92bbcdcdac6d8e49137d4d5b58e3b59c052aaf4c9f062ac105205548874da81d,FROZEN_NUMERIC_POLICY_FROM_FIXED_SPEC
UNP/2008/page_59.pdf-3,UNP/2008,0,KNOWN,1,a162e845d8e59cbc7e6051a418209ffe72ba3aec829bff4ee88a6efc3e2b1085,FROZEN_NUMERIC_POLICY_FROM_FIXED_SPEC
UNP/2011/page_78.pdf-3,UNP/2011,2,KNOWN,1,1218e157831b165af1e06d1c922261a9dbe87d909e5b67ac125352abc4a764fa,FROZEN_NUMERIC_POLICY_FROM_FIXED_SPEC
UNP/2009/page_26.pdf-3,UNP/2009,2,KNOWN,0,44f6c18166edf4f8d615f868aa8f0c2e28e5dee0592263d6289f64e5785db063,FROZEN_NUMERIC_POLICY_FROM_FIXED_SPEC
EXPD/2017/page_30.pdf-3,EXPD/2017,4,KNOWN,1,6e135c3b4cee1a8e20d427710b6360f2392236cb9fb3130d8568fee3f2193436,FROZEN_NUMERIC_POLICY_FROM_FIXED_SPEC
MO/2016/page_76.pdf-2,MO/2016,4,UNKNOWN,,79c7c35df478bc575e52996e0d639e97ed6e3ac515cf6cef96a0b1e1caac4c29,FROZEN_NUMERIC_POLICY_FROM_FIXED_SPEC
UNP/2014/page_16.pdf-3,UNP/2014,2,KNOWN,1,ae449acb04887bbc5889b15abf5cba3b5ad20e50986963c165b07e2d4346f788,FROZEN_NUMERIC_POLICY_FROM_FIXED_SPEC
IP/2015/page_46.pdf-3,IP/2015,1,KNOWN,0,76cd64ba65035f99c072eef6f7a9fecfa61bfdb9863104288054e5c8475f3c13,FROZEN_NUMERIC_POLICY_FROM_FIXED_SPEC
BKR/2017/page_49.pdf-2,BKR/2017,4,KNOWN,0,e9156dae5ab082b3ec2a3461b306cfe94b75cf94c4b4e907c61a94834e693c1d,FROZEN_NUMERIC_POLICY_FROM_FIXED_SPEC
UNP/2009/page_89.pdf-3,UNP/2009,2,KNOWN,1,fc89e4d99747582c1d161782ebcb5f7a6d36ea26ca9b4c55ddd6264fbe6fcbd2,FROZEN_NUMERIC_POLICY_FROM_FIXED_SPEC
UNP/2014/page_14.pdf-3,UNP/2014,2,KNOWN,1,9d543cb2f0b17a5838e9e07fcc0c9a237eb82aac075ca1a4acc2536df9b4e2de,FROZEN_NUMERIC_POLICY_FROM_FIXED_SPEC
IP/2014/page_101.pdf-3,IP/2014,4,KNOWN,1,2e6c3217b43823148f53ae17e1a1ff679fe0ecae27be7fb706fedecfb9d45f34,FROZEN_NUMERIC_POLICY_FROM_FIXED_SPEC
UNP/2009/page_38.pdf-3,UNP/2009,2,KNOWN,1,a41cd0229d6a8bfed0155cf114054626def182da23df9123e219ce96b586191f,FROZEN_NUMERIC_POLICY_FROM_FIXED_SPEC
AAP/2011/page_16.pdf-3,AAP/2011,1,KNOWN,1,c535e618214bd9b4f9065102b5d6eb90f7c44e3ae3ebe275816f1f9ccd4ffa3a,FROZEN_NUMERIC_POLICY_FROM_FIXED_SPEC
IP/2012/page_57.pdf-4,IP/2012,3,KNOWN,0,7dae5c7f876dd3867d0390edec86b1fd72fbf2084208f7769b3dabef8116ac50,FROZEN_NUMERIC_POLICY_FROM_FIXED_SPEC
UNP/2012/page_55.pdf-3,UNP/2012,4,KNOWN,1,08f00f0fa4f41afa5b58acc310d575783c13fb6172b4f049700eda8a5643aa05,FROZEN_NUMERIC_POLICY_FROM_FIXED_SPEC
VLO/2013/page_24.pdf-2,VLO/2013,4,KNOWN,0,c19c383b566c13f4b3f20b4baf0b80b197b74397b3321387cdb3e91bf4008073,FROZEN_NUMERIC_POLICY_FROM_FIXED_SPEC
BLK/2012/page_31.pdf-4,BLK/2012,2,KNOWN,0,631135b2981c2926247c187fea289fa38c2da3c7c80d3f6f188e51aed4bf544c,FROZEN_NUMERIC_POLICY_FROM_FIXED_SPEC
ABMD/2015/page_93.pdf-3,ABMD/2015,3,KNOWN,1,8b57bd9b2c5ffbe5f32e56d377cb40fa466c56d8210deabe5115e9286ba4e7f6,FROZEN_NUMERIC_POLICY_FROM_FIXED_SPEC
IP/2013/page_105.pdf-1,IP/2013,3,KNOWN,1,631ef2820690767e537dbf43053e780235cfa8a7f4628925909786bbaf7cb937,FROZEN_NUMERIC_POLICY_FROM_FIXED_SPEC
BLK/2012/page_82.pdf-3,BLK/2012,2,KNOWN,0,ad1e5c7ef59cf0e10a289bca3e8780bcbd17cfe53d446ba1aef91a8c724bc144,FROZEN_NUMERIC_POLICY_FROM_FIXED_SPEC
UNP/2012/page_23.pdf-3,UNP/2012,4,KNOWN,0,1c87a03f814a8c617b8eae2a1ed5408e010e35f93d62e5ebd65901807ca7abfe,FROZEN_NUMERIC_POLICY_FROM_FIXED_SPEC
UNP/2009/page_25.pdf-3,UNP/2009,2,KNOWN,1,c6686268a305c1c08f23272d1b6d57bc9a820ac5df2f69a75d9b6488a059c04c,FROZEN_NUMERIC_POLICY_FROM_FIXED_SPEC
UNP/2017/page_74.pdf-3,UNP/2017,1,KNOWN,1,16be07ecc05293329d481b0d60b64e9d8043a5792ff68e70bdc0fb6357fe0969,FROZEN_NUMERIC_POLICY_FROM_FIXED_SPEC
ABMD/2011/page_33.pdf-3,ABMD/2011,4,KNOWN,1,aecedd2d7d2ad1468fdce2acbea866975a0b1dc209354c8143ef4e93b72271bd,FROZEN_NUMERIC_POLICY_FROM_FIXED_SPEC
UNP/2007/page_79.pdf-2,UNP/2007,1,KNOWN,1,dabba1dd538bc1cb45e09a19137005e3345f18c39e5089f0dffebc23fa3e2763,FROZEN_NUMERIC_POLICY_FROM_FIXED_SPEC
PPG/2018/page_54.pdf-3,PPG/2018,0,KNOWN,0,d1f548be1c02c3d3d84f4d7e27d1e1d4ee1f5dc6e9305942a89da16acece9904,FROZEN_NUMERIC_POLICY_FROM_FIXED_SPEC
UNP/2013/page_24.pdf-2,UNP/2013,3,KNOWN,1,610c1de00393bb06d71140ae9f0a57e003958bf8a8617385c3a0c56d76293370,FROZEN_NUMERIC_POLICY_FROM_FIXED_SPEC
UNP/2015/page_31.pdf-1,UNP/2015,0,KNOWN,0,30a7d4953de823cc4a172749a5f8b9e808f0a978a55b47a21d8521db60d2e93e,FROZEN_NUMERIC_POLICY_FROM_FIXED_SPEC
BLK/2014/page_33.pdf-3,BLK/2014,4,KNOWN,1,c735de0f16a992e3bb49c13ec57b41572e710609ebce666c14a4272adbfa6876,FROZEN_NUMERIC_POLICY_FROM_FIXED_SPEC
IP/2012/page_84.pdf-1,IP/2012,3,KNOWN,0,54f72ce229121034ea96391939294e0fd1e64bea1e230d9c7b37fb2f4c112631,FROZEN_NUMERIC_POLICY_FROM_FIXED_SPEC
TFX/2014/page_44.pdf-4,TFX/2014,4,KNOWN,1,b839faa322c8bd4484d4065c08e1bdcf47b85f9329a611e663c3318dfd68db34,FROZEN_NUMERIC_POLICY_FROM_FIXED_SPEC
PPG/2015/page_40.pdf-3,PPG/2015,4,KNOWN,1,49d703ad1664232fe16388c2a667d14331cd6b5db44b04d9070708b71a649875,FROZEN_NUMERIC_POLICY_FROM_FIXED_SPEC
BDX/2016/page_62.pdf-2,BDX/2016,0,KNOWN,0,09b13e27f55955ea59dbdd9c42b0f2b2c83af71ff446914c01b5029f0f4ac050,FROZEN_NUMERIC_POLICY_FROM_FIXED_SPEC
UNP/2010/page_75.pdf-2,UNP/2010,3,UNKNOWN,,2ca89076579822a8df2f336327b5d53fa5d16f39f88590658e73ff729a375f52,FROZEN_NUMERIC_POLICY_FROM_FIXED_SPEC
UNP/2013/page_35.pdf-3,UNP/2013,3,KNOWN,0,36a36a01e7c20a08be2d9978c6a1204b86ae2d9907d0e29331908539c83ee402,FROZEN_NUMERIC_POLICY_FROM_FIXED_SPEC
UNP/2014/page_56.pdf-3,UNP/2014,2,KNOWN,1,4615b6749b1aed4f61ab4f9ca28b97890faf21039a787f9c52e3a18ae9d80d4a,FROZEN_NUMERIC_POLICY_FROM_FIXED_SPEC
UNP/2010/page_25.pdf-2,UNP/2010,3,KNOWN,0,68b3d81bd7e0b349e532a4f0d0dc0a6f29261828632bdc2c909d3d7ad1fab151,FROZEN_NUMERIC_POLICY_FROM_FIXED_SPEC
ANSS/2016/page_85.pdf-3,ANSS/2016,2,KNOWN,1,c049f372b5fac4c171145bf16aaf3be8b657a2ff405a79a843ede5802ef8a03e,FROZEN_NUMERIC_POLICY_FROM_FIXED_SPEC
UNP/2008/page_83.pdf-3,UNP/2008,0,KNOWN,1,b940de95ca2a8b1904d268db1b480a66af69843ad51c82bbf2b8c93c570864a6,FROZEN_NUMERIC_POLICY_FROM_FIXED_SPEC
BLK/2016/page_75.pdf-3,BLK/2016,1,KNOWN,0,17fa88b9eb9df913cbe92e3a4f4786cddd5ee6ec3d125475ea65a809d9cea036,FROZEN_NUMERIC_POLICY_FROM_FIXED_SPEC
ABMD/2011/page_33.pdf-4,ABMD/2011,4,KNOWN,1,38516260e8c7932d7fc38998983e74dd43908af1ad60d62a352a41f60fdebc9d,FROZEN_NUMERIC_POLICY_FROM_FIXED_SPEC
UNP/2008/page_83.pdf-4,UNP/2008,0,KNOWN,1,f8585d0057fbb0dca60642defabcdb5220046e25ffa122aae35546ae308a1dd5,FROZEN_NUMERIC_POLICY_FROM_FIXED_SPEC
IP/2013/page_62.pdf-4,IP/2013,3,KNOWN,0,bdac57905e39ec19b30ab3c20c242336c97ffff17526954fbdf1787a7731b95b,FROZEN_NUMERIC_POLICY_FROM_FIXED_SPEC
UNP/2011/page_25.pdf-4,UNP/2011,2,KNOWN,1,6753a00aa49721ddedf3139d650ddfb02d4aadcd295104fd5d65f7579f413753,FROZEN_NUMERIC_POLICY_FROM_FIXED_SPEC
UNP/2008/page_26.pdf-3,UNP/2008,0,KNOWN,1,b376d1ea784b36f9b9193925c5c5a5b8c7432a7ce457d45a50b11bed3a436b0a,FROZEN_NUMERIC_POLICY_FROM_FIXED_SPEC
PPG/2015/page_40.pdf-4,PPG/2015,4,KNOWN,1,da267991a698f44434e832605b0f53e06ea543ac739b09185f7f9ded8189d72c,FROZEN_NUMERIC_POLICY_FROM_FIXED_SPEC
IP/2016/page_52.pdf-3,IP/2016,3,KNOWN,1,71053be3b0e417cb2dc3c1b2f01466bff9afbfe65da6c473fb52b91bc7d90a0b,FROZEN_NUMERIC_POLICY_FROM_FIXED_SPEC
AAP/2012/page_61.pdf-3,AAP/2012,0,KNOWN,1,4aa1d53183e72c80aaaf8d70f9a6da88ecc8e74f139a3a0468a3afbe558353ce,FROZEN_NUMERIC_POLICY_FROM_FIXED_SPEC
MO/2017/page_79.pdf-2,MO/2017,3,KNOWN,0,f9f6bbb93750cdbdf1617deaa4678c206968b7f09f2ded0986dd379bed0a64c2,FROZEN_NUMERIC_POLICY_FROM_FIXED_SPEC
IP/2014/page_105.pdf-2,IP/2014,4,KNOWN,0,c62761bf57e9e2773f1e629194bee2ba7cfc0804d764cfab9bd559044af96ba0,FROZEN_NUMERIC_POLICY_FROM_FIXED_SPEC
UNP/2014/page_24.pdf-3,UNP/2014,2,KNOWN,1,b3e1a1db2efc886b4228e5db0038de5641e8f058ab33cfcd46f0634b3ca6b83b,FROZEN_NUMERIC_POLICY_FROM_FIXED_SPEC
LKQ/2009/page_77.pdf-3,LKQ/2009,2,KNOWN,0,881c7be0c61528194ed1247061972bb14651c6b640a44a6e0855a54152518dac,FROZEN_NUMERIC_POLICY_FROM_FIXED_SPEC
UNP/2012/page_39.pdf-3,UNP/2012,4,KNOWN,1,991b5cb344c87392a30064b908ebb79d2166443454d945c36aa0e3d70a7d2c6a,FROZEN_NUMERIC_POLICY_FROM_FIXED_SPEC
UNP/2012/page_74.pdf-1,UNP/2012,4,KNOWN,1,39113a0aebf7371f30b88b26ccc9d485c4cc1a855d3a2119c8b4f06a86063d7d,FROZEN_NUMERIC_POLICY_FROM_FIXED_SPEC
UNP/2011/page_78.pdf-4,UNP/2011,2,KNOWN,1,e4c95927202bbfa5beb113b49d63702dc6cd8ae32ab2d3cb7c777f696d60d038,FROZEN_NUMERIC_POLICY_FROM_FIXED_SPEC
UNP/2014/page_24.pdf-4,UNP/2014,2,KNOWN,1,f011060b7eda4de444110f44b402a1595ea41e4e862cc00e153a2d20d95e4534,FROZEN_NUMERIC_POLICY_FROM_FIXED_SPEC
UNP/2009/page_31.pdf-2,UNP/2009,2,KNOWN,0,f4cef8a4f843271305b00cb39f37a0cd7c75d1f4c7a900258dbbeb7401a61e14,FROZEN_NUMERIC_POLICY_FROM_FIXED_SPEC
CMCSA/2015/page_165.pdf-1,CMCSA/2015,1,KNOWN,1,8daeae1222f29f35067ba77b30d36e9a30db598479d8cb10be9aa2543791ad97,FROZEN_NUMERIC_POLICY_FROM_FIXED_SPEC
LKQ/2010/page_72.pdf-3,LKQ/2010,2,KNOWN,0,440c030dfcac1e023f0a36a0c5eef2bfe294af4b09209ac3e85dc2253f51d47d,FROZEN_NUMERIC_POLICY_FROM_FIXED_SPEC
UNP/2013/page_24.pdf-3,UNP/2013,3,KNOWN,1,64b14da66d7465a35f1187b12768b8e9887a4427323173cebc048fea73dfc777,FROZEN_NUMERIC_POLICY_FROM_FIXED_SPEC
UNP/2010/page_30.pdf-2,UNP/2010,3,KNOWN,0,208ea1057c3952d78c9475b569049bc93d808e2a6a39417e3beb9f8327a0870c,FROZEN_NUMERIC_POLICY_FROM_FIXED_SPEC
UNP/2014/page_14.pdf-4,UNP/2014,2,KNOWN,1,99d5833312e60eac432443dcc762dc08860f3067768c9dc3196e52080ac60a92,FROZEN_NUMERIC_POLICY_FROM_FIXED_SPEC
TFX/2015/page_42.pdf-3,TFX/2015,3,KNOWN,1,7200c5f716894d483d6f09c8abd2b3699bdaa78dabc8a1b7a0aef935a82fab10,FROZEN_NUMERIC_POLICY_FROM_FIXED_SPEC
UNP/2015/page_16.pdf-1,UNP/2015,0,KNOWN,1,3aa92202c6b7a4a52abf6de5acd4cb50926bbcb5ad12d2704fad3f5472375765,FROZEN_NUMERIC_POLICY_FROM_FIXED_SPEC
IP/2005/page_83.pdf-1,IP/2005,2,KNOWN,1,72e2d8c4077ecb99bc9e15f28c8fa7f96f89e1153d82a28f7ee7abc5f9f54088,FROZEN_NUMERIC_POLICY_FROM_FIXED_SPEC
MO/2016/page_76.pdf-3,MO/2016,4,UNKNOWN,,553c5a804035846c4a8de6162038371e93994f7ff7b82ac412d12673dc934f06,FROZEN_NUMERIC_POLICY_FROM_FIXED_SPEC
UNP/2007/page_79.pdf-3,UNP/2007,1,KNOWN,1,b5f52c0c2298c120451c1befff3ac22a2264cc18d1a669857dc14471195cac21,FROZEN_NUMERIC_POLICY_FROM_FIXED_SPEC
PPG/2005/page_20.pdf-4,PPG/2005,4,KNOWN,1,eb316147b7922026fa1147b8051dd6de192be6af56cd95fa1f3d8b22424c1792,FROZEN_NUMERIC_POLICY_FROM_FIXED_SPEC
IP/2005/page_32.pdf-3,IP/2005,2,KNOWN,0,3c5869519ab780433ca0090545a95a606d970454c29bbc73bbd8c8847907ff41,FROZEN_NUMERIC_POLICY_FROM_FIXED_SPEC
LKQ/2018/page_102.pdf-4,LKQ/2018,4,KNOWN,1,13d3188ce0ac92abd161f71d36e20a0ca008274fb65973b4874374d151ed2371,FROZEN_NUMERIC_POLICY_FROM_FIXED_SPEC
UNP/2009/page_31.pdf-3,UNP/2009,2,KNOWN,0,c44f616bec81c9c4e02d0f93baafa7ec7ff452022104b5f7c02bbfa78bd95fbc,FROZEN_NUMERIC_POLICY_FROM_FIXED_SPEC
BDX/2017/page_28.pdf-2,BDX/2017,0,KNOWN,1,079ae071411b9407d538e668b46c4eb11d401115412c12648e201fbd3e785445,FROZEN_NUMERIC_POLICY_FROM_FIXED_SPEC
UNP/2014/page_56.pdf-4,UNP/2014,2,KNOWN,1,c21ca3fe8c62c336ea3ab348f8bd8ffd3e1a73fc66e65f112ccd5cc08e6284b9,FROZEN_NUMERIC_POLICY_FROM_FIXED_SPEC
UNP/2018/page_50.pdf-3,UNP/2018,0,KNOWN,1,074b38b7489bdd5e713a79eda6703031c3e4c1bea566652e1a24ac7fad4de66f,FROZEN_NUMERIC_POLICY_FROM_FIXED_SPEC
UNP/2009/page_25.pdf-4,UNP/2009,2,KNOWN,1,c31d685c341279c2cff3fa10118f22c437d84ec94c309c93aba31f0e2e0edce0,FROZEN_NUMERIC_POLICY_FROM_FIXED_SPEC
BLK/2016/page_75.pdf-4,BLK/2016,1,KNOWN,0,a1120ddc486e72662a3f17a5093f3d217a02aa0ac41177cdb81fb04851b367b6,FROZEN_NUMERIC_POLICY_FROM_FIXED_SPEC
PPG/2008/page_19.pdf-4,PPG/2008,3,KNOWN,1,471b2be5bb19ca0038be14f4b76468705e6150556fea99a9d65e862b247fae7a,FROZEN_NUMERIC_POLICY_FROM_FIXED_SPEC
UNP/2008/page_26.pdf-4,UNP/2008,0,KNOWN,1,b610e8b47562bf2c307ee2002a2a4e9662d223a71fba1ccbced170037e94ca07,FROZEN_NUMERIC_POLICY_FROM_FIXED_SPEC
UNP/2011/page_56.pdf-4,UNP/2011,2,KNOWN,1,5d602c8354749b9d27105621ab47bd30907d7d83e0e1f03ec2cd28bd6d762ca5,FROZEN_NUMERIC_POLICY_FROM_FIXED_SPEC
UNP/2017/page_50.pdf-3,UNP/2017,1,KNOWN,1,17f0dec33badbf50c526c096ec4e447f9e6b1353ebea06059a909743d99ddb66,FROZEN_NUMERIC_POLICY_FROM_FIXED_SPEC
UNP/2016/page_24.pdf-2,UNP/2016,3,KNOWN,1,ed91afdd792bc04bb3d5c05e2f4f4bbd10149ee446a754a00555a978e196acfc,FROZEN_NUMERIC_POLICY_FROM_FIXED_SPEC
IP/2015/page_51.pdf-4,IP/2015,1,KNOWN,0,1662c3797127277405317aecf3dc90721561745c7617dd27fa79e84dc20ca08c,FROZEN_NUMERIC_POLICY_FROM_FIXED_SPEC
UNP/2012/page_34.pdf-3,UNP/2012,4,KNOWN,0,776133ad5283827d4c24093c40f33f37031b858ad4260a07f8de359cba3cc1a0,FROZEN_NUMERIC_POLICY_FROM_FIXED_SPEC
UNP/2012/page_39.pdf-4,UNP/2012,4,KNOWN,1,f9b1a704fa8be83396000298cb72efef5a6e548f27504e509fb6ace55cb23ee2,FROZEN_NUMERIC_POLICY_FROM_FIXED_SPEC
UNP/2016/page_75.pdf-3,UNP/2016,3,KNOWN,0,2d626e2ddd729c473b613fe0f4cd7f82609e16d9d754d3648c17afc156e4be61,FROZEN_NUMERIC_POLICY_FROM_FIXED_SPEC
UNP/2012/page_30.pdf-3,UNP/2012,4,KNOWN,0,9c8cc4849b67fad75f6aa0f37daecdc3ab8d264798a14b2ca0e1de6a3e66366d,FROZEN_NUMERIC_POLICY_FROM_FIXED_SPEC
BKR/2018/page_52.pdf-2,BKR/2018,3,KNOWN,0,ec5923cf1710e2aaf90f6b972f4f04f3f15dd6cb0ccb7a90c42466d65dce3b4c,FROZEN_NUMERIC_POLICY_FROM_FIXED_SPEC
LKQ/2009/page_66.pdf-4,LKQ/2009,2,KNOWN,0,738ed7ba622ad7a7c082908c8632bea0bc8d16dda8784e0465c386b81a9de53d,FROZEN_NUMERIC_POLICY_FROM_FIXED_SPEC
EMN/2004/page_82.pdf-1,EMN/2004,0,KNOWN,1,21962c0082573c0de19e5d5258b9e9794c253acea72c4fb56ed1aaf8f9b151eb,FROZEN_NUMERIC_POLICY_FROM_FIXED_SPEC
VLO/2012/page_130.pdf-1,VLO/2012,3,KNOWN,1,1cc0fc8c6905fa0d36b21682fded571e47d7e0eb6e2c55db2706bbf3a9a0ebc8,FROZEN_NUMERIC_POLICY_FROM_FIXED_SPEC
UNP/2010/page_25.pdf-1,UNP/2010,3,KNOWN,1,6268fadfc5f649ae57d276baba2951e85480ae8e390ba2832cba66b156df2fcd,FROZEN_NUMERIC_POLICY_FROM_FIXED_SPEC
APTV/2013/page_48.pdf-3,APTV/2013,3,KNOWN,1,bc59560cdfc34b6b39a0af9e674373fb48aed3a68c990746ebd061ea0a2fd53e,FROZEN_NUMERIC_POLICY_FROM_FIXED_SPEC
UNP/2009/page_38.pdf-4,UNP/2009,2,KNOWN,1,235036147a5f9d4f5afd6880befb1aa8934481b687824fdf44c10a9b1e6bb3e6,FROZEN_NUMERIC_POLICY_FROM_FIXED_SPEC
HOLX/2011/page_122.pdf-4,HOLX/2011,2,KNOWN,0,1df041e4f5c07c2ca1fdc30b3dd91019f27bd75db7ed8796738f94b75ce1c581,FROZEN_NUMERIC_POLICY_FROM_FIXED_SPEC
SNPS/2013/page_61.pdf-2,SNPS/2013,0,KNOWN,1,8a46e873d0185c9b52bee36e9dbaa089fbff4a0bedc428b711257c310398c7e5,FROZEN_NUMERIC_POLICY_FROM_FIXED_SPEC
BLK/2016/page_35.pdf-4,BLK/2016,1,KNOWN,1,4eb5f71dee0cd306e034352482f2be4838274c3f26752c8d92231d7e12d88876,FROZEN_NUMERIC_POLICY_FROM_FIXED_SPEC
UNP/2009/page_61.pdf-4,UNP/2009,2,KNOWN,1,fb267edc8dcf99752157d572b90ee932ce9d4b5f9d43ff3884d3156523bbfedc,FROZEN_NUMERIC_POLICY_FROM_FIXED_SPEC
UNP/2012/page_55.pdf-4,UNP/2012,4,KNOWN,1,c8bd2a97d12f0631c2d6e046a963ec1bbd8e93e5f46969a3689dfbfca34361ba,FROZEN_NUMERIC_POLICY_FROM_FIXED_SPEC
UNP/2011/page_80.pdf-3,UNP/2011,2,KNOWN,1,f604072970e7909e2c649b3870d405e799bda766afdf83aabefaa488c3d476cb,FROZEN_NUMERIC_POLICY_FROM_FIXED_SPEC
BLK/2017/page_35.pdf-4,BLK/2017,2,KNOWN,0,930ff0c673213a82a4b085a22652c6b825e449e7561b2fee5414fbe97935b799,FROZEN_NUMERIC_POLICY_FROM_FIXED_SPEC
UNP/2011/page_35.pdf-4,UNP/2011,2,KNOWN,0,7a544a2a196ec87fb6373a66e3e5c58e294eb82922bb6884470916be8046b2b3,FROZEN_NUMERIC_POLICY_FROM_FIXED_SPEC
LKQ/2018/page_93.pdf-1,LKQ/2018,4,KNOWN,0,fff419ca9da4f66dde11fcf1f1f3d289e4dd0ea1bdb96b51702e9d0bd8441a90,FROZEN_NUMERIC_POLICY_FROM_FIXED_SPEC
IP/2014/page_71.pdf-4,IP/2014,4,KNOWN,1,29b56ecd4bfe09e83b3dc238e919ecdc55dca3bdfd54673b6a93b702b3b063fa,FROZEN_NUMERIC_POLICY_FROM_FIXED_SPEC
IP/2015/page_83.pdf-1,IP/2015,1,KNOWN,0,1950b26f0bcbf5a2908df22602750481c6a8c38424086720dc87d3707302b352,FROZEN_NUMERIC_POLICY_FROM_FIXED_SPEC
PPG/2018/page_61.pdf-3,PPG/2018,0,KNOWN,0,e3715bf18ef4d4d224237d0f51cb9c51056fc06d811dbf620cde9481c8df6934,FROZEN_NUMERIC_POLICY_FROM_FIXED_SPEC
BLK/2012/page_32.pdf-4,BLK/2012,2,KNOWN,0,f587d00be92092ece0e8fe00730750cbd97bdb79de30bca32b13e831d025d298,FROZEN_NUMERIC_POLICY_FROM_FIXED_SPEC
PPG/2018/page_60.pdf-4,PPG/2018,0,KNOWN,1,722aeb6d3931e831c3953a5f3be97c8120979bf6020d2a38736b6f1a1922dbbf,FROZEN_NUMERIC_POLICY_FROM_FIXED_SPEC
CMCSA/2015/page_158.pdf-1,CMCSA/2015,1,KNOWN,1,8d4f10dcd19e2e9e89149528f21f1883d3e24df3a53c9dbd6be3623d6f0d76d7,FROZEN_NUMERIC_POLICY_FROM_FIXED_SPEC
UNP/2012/page_23.pdf-4,UNP/2012,4,KNOWN,0,36e9a9bdcd48dc21ac724c6fa2b9069057ca36f856a832fb13bf513944ec6cc7,FROZEN_NUMERIC_POLICY_FROM_FIXED_SPEC
IP/2015/page_82.pdf-1,IP/2015,1,KNOWN,0,23405033f72a5f2e7b30100164cc14946785a7a25469e11b3c1a0eec123ce35b,FROZEN_NUMERIC_POLICY_FROM_FIXED_SPEC
UNP/2014/page_16.pdf-4,UNP/2014,2,KNOWN,1,4e7c796f0b59da4d57074977d519c8724616ae34450b40bcf2a18d410d8ab6cb,FROZEN_NUMERIC_POLICY_FROM_FIXED_SPEC
SNPS/2006/page_67.pdf-4,SNPS/2006,0,KNOWN,0,e0c15210214366674ed35df7088aa484224b839f2f488ce47b7530fa527d17b3,FROZEN_NUMERIC_POLICY_FROM_FIXED_SPEC
MO/2017/page_10.pdf-4,MO/2017,3,KNOWN,0,9737b3f8ae2d09dce7232ecaa65846c46879c47ef16e0330b9cb887d34f6b6e5,FROZEN_NUMERIC_POLICY_FROM_FIXED_SPEC
UNP/2016/page_24.pdf-3,UNP/2016,3,KNOWN,0,671c079922a25f13ce63dc183c3115f464d0adb1e342634c27daf6858c9d52cd,FROZEN_NUMERIC_POLICY_FROM_FIXED_SPEC
IP/2007/page_19.pdf-1,IP/2007,1,KNOWN,0,9c13e4d9055a9fcde21a086a18010ae2f38e0bbad8246dffdca559ab974642d6,FROZEN_NUMERIC_POLICY_FROM_FIXED_SPEC
KIM/2006/page_67.pdf-3,KIM/2006,1,KNOWN,1,96a09d738dd3654c245f99b91fb4a76a23dc32320f52daf7461710dd7ed17165,FROZEN_NUMERIC_POLICY_FROM_FIXED_SPEC
UNP/2015/page_14.pdf-1,UNP/2015,0,KNOWN,1,e992565881a9e43221a7ffeb472a3ce38449680c18f346b6f7430830f81b5b95,FROZEN_NUMERIC_POLICY_FROM_FIXED_SPEC
IP/2014/page_104.pdf-2,IP/2014,4,KNOWN,0,58b8821f8f77e6205e42d9f44c7a5c26cefae5a0e01811fe991d9e2544c32076,FROZEN_NUMERIC_POLICY_FROM_FIXED_SPEC
CMCSA/2004/page_30.pdf-4,CMCSA/2004,3,KNOWN,1,37a2070f83cd50da2b333e3acadd8caebaf76852d724c32ee8cb79feca55cfb2,FROZEN_NUMERIC_POLICY_FROM_FIXED_SPEC
KIM/2009/page_25.pdf-3,KIM/2009,0,KNOWN,0,3363752913250d59419e2d1c503c57547fd84e52baa717600cad6e638f28fbb9,FROZEN_NUMERIC_POLICY_FROM_FIXED_SPEC
IP/2018/page_45.pdf-2,IP/2018,0,KNOWN,0,3a445198b9ec8f3e42553309bdd71c63028f2c6c172e81e214541f2bfb415a66,FROZEN_NUMERIC_POLICY_FROM_FIXED_SPEC
UNP/2014/page_80.pdf-3,UNP/2014,2,KNOWN,1,c1d559a9fb5783a44fa441f8cccb8d76cea2fec2f6fb7939618390d216650911,FROZEN_NUMERIC_POLICY_FROM_FIXED_SPEC
BKR/2017/page_49.pdf-1,BKR/2017,4,KNOWN,0,d413168c81630c7b61509809ff568748a55509606d94079491ca30c8c28f21f0,FROZEN_NUMERIC_POLICY_FROM_FIXED_SPEC
PPG/2018/page_20.pdf-1,PPG/2018,0,KNOWN,0,14d8504ca951e86234339357c4632008e294cf50a0b75ba0902e4a30b4c8f9d4,FROZEN_NUMERIC_POLICY_FROM_FIXED_SPEC
UNP/2008/page_59.pdf-4,UNP/2008,0,KNOWN,1,0fa965be958555c5bd48f862b52af88975670822c7d4fa8deea0e8b1aaf11f0d,FROZEN_NUMERIC_POLICY_FROM_FIXED_SPEC
PPG/2016/page_42.pdf-3,PPG/2016,3,KNOWN,1,f503af3d1d39c7b579c473341ae1edfdc0310134fe66acabacf5fee4055d68d2,FROZEN_NUMERIC_POLICY_FROM_FIXED_SPEC
UNP/2013/page_14.pdf-3,UNP/2013,3,KNOWN,1,f08439eaf4954964b6087b95bca731717fee6a80ba66d2b9fd8d8b963551e20f,FROZEN_NUMERIC_POLICY_FROM_FIXED_SPEC
UNP/2011/page_80.pdf-4,UNP/2011,2,KNOWN,1,a574aefa1bc746c649b68239929988ab9f2b95348d229feafd3c38b0a822381b,FROZEN_NUMERIC_POLICY_FROM_FIXED_SPEC
UNP/2012/page_30.pdf-4,UNP/2012,4,KNOWN,0,4dfa047a2bd7834a99bd79f284e6317f879198d7f8b79ab1d29472c3f1063aad,FROZEN_NUMERIC_POLICY_FROM_FIXED_SPEC
ABMD/2015/page_53.pdf-3,ABMD/2015,3,KNOWN,1,03ec58b937fec09009086def19db1317fd28c3ece475a77ee288a5dccaa9113a,FROZEN_NUMERIC_POLICY_FROM_FIXED_SPEC
VLO/2012/page_129.pdf-1,VLO/2012,3,KNOWN,1,148cf7fb7a2d92fea993f95a18c81df569537cd4df1044b3cdb4a1bc3c060bf3,FROZEN_NUMERIC_POLICY_FROM_FIXED_SPEC
LKQ/2016/page_48.pdf-4,LKQ/2016,0,KNOWN,0,2d988a26a33870f222f57412ab0f6f018babba6f1675898a4bf0575bb7b8767a,FROZEN_NUMERIC_POLICY_FROM_FIXED_SPEC
UNP/2015/page_14.pdf-2,UNP/2015,0,KNOWN,1,4c2ccc6af61cac3719af4f0651d815d2286b4b984a682950898a7953d13fbcff,FROZEN_NUMERIC_POLICY_FROM_FIXED_SPEC
AAP/2016/page_26.pdf-3,AAP/2016,1,KNOWN,1,406938613460ed93cc99aa7182fd7df9898aa8c9ca6be88c0cf8f18bde327cc6,FROZEN_NUMERIC_POLICY_FROM_FIXED_SPEC
UNP/2017/page_50.pdf-4,UNP/2017,1,KNOWN,1,33b073e1f13e25a7e02237af28cbcb86c717d197b2be1a3f23d2c5a0bb629a05,FROZEN_NUMERIC_POLICY_FROM_FIXED_SPEC
UNP/2015/page_16.pdf-2,UNP/2015,0,KNOWN,1,1211479051e709e15aed956783561f4dff82bcbfdc2804d0d9cf7467c5b45e64,FROZEN_NUMERIC_POLICY_FROM_FIXED_SPEC
ABMD/2015/page_53.pdf-4,ABMD/2015,3,KNOWN,1,c8147a73d185aeb00f8c8c08b84677ee6ac881a01ad4f7e082ab9da69d3cd82d,FROZEN_NUMERIC_POLICY_FROM_FIXED_SPEC
UNP/2009/page_89.pdf-4,UNP/2009,2,KNOWN,1,0f739229c7e35d9f74cdecc6c9daee57075d2c43b700fe40848fe1f5b23d6f75,FROZEN_NUMERIC_POLICY_FROM_FIXED_SPEC
MO/2014/page_11.pdf-4,MO/2014,4,KNOWN,1,f0ee744fb50e42f973c0ac94536e4fcde463f09d30a6330904c82dcbfe380572,FROZEN_NUMERIC_POLICY_FROM_FIXED_SPEC
PPG/2018/page_54.pdf-4,PPG/2018,0,KNOWN,0,1b7d40e0ad623ff2bf5c2da899dec43842477c1eafa78b387c709162de12f889,FROZEN_NUMERIC_POLICY_FROM_FIXED_SPEC
UNP/2012/page_74.pdf-2,UNP/2012,4,KNOWN,1,5c45699591b03f3cb996354f303669eb76f6d6c33e3b0e365a46e17a1e7346d2,FROZEN_NUMERIC_POLICY_FROM_FIXED_SPEC
CMCSA/2015/page_100.pdf-1,CMCSA/2015,1,KNOWN,1,efbbe1eaf651e7fcd0f78a99f61f5da2a417c4c424747b36c228274de89326d0,FROZEN_NUMERIC_POLICY_FROM_FIXED_SPEC
PPG/2013/page_54.pdf-4,PPG/2013,0,KNOWN,1,8e2c271df3b1c51965d614baa29ccd0c67b03e740e7fa0f45d6620cf49987023,FROZEN_NUMERIC_POLICY_FROM_FIXED_SPEC
UNP/2017/page_74.pdf-4,UNP/2017,1,KNOWN,1,6d14b9336682993c6042639d3002cc3284178be5db16ed1630c76cb116dd112a,FROZEN_NUMERIC_POLICY_FROM_FIXED_SPEC
UNP/2018/page_50.pdf-4,UNP/2018,0,KNOWN,1,c4eb030f56d2e2c81f038d6c2ed3d46ad66eab6baed044ba4e2f6ce7d6aec115,FROZEN_NUMERIC_POLICY_FROM_FIXED_SPEC
CAT/2017/page_136.pdf-3,CAT/2017,3,KNOWN,0,4fa2432efef85e59e4434422fe85ffab6b7d689d70473067acdffb7f76918a49,FROZEN_NUMERIC_POLICY_FROM_FIXED_SPEC
TFX/2018/page_47.pdf-4,TFX/2018,3,KNOWN,1,e363a6a30749e763ee647e05251c2a6626d7c347e2d1ab94ca7aba8d37863bc4,FROZEN_NUMERIC_POLICY_FROM_FIXED_SPEC
UNP/2011/page_40.pdf-3,UNP/2011,2,KNOWN,0,23e570ded89f60cbdc380b8fef9da450319aa41d6cbe5bf8b065266f769e0866,FROZEN_NUMERIC_POLICY_FROM_FIXED_SPEC
UNP/2013/page_14.pdf-4,UNP/2013,3,KNOWN,1,4dc9c1016d526c28dcd2a004cd17420d8a4ca13ccb86445043a9f26e9deb1410,FROZEN_NUMERIC_POLICY_FROM_FIXED_SPEC
UNP/2009/page_83.pdf-3,UNP/2009,2,KNOWN,0,b62bd67155a1f0e477db75123439da35b6e1e2047392ce4f8dd9e63892edad1d,FROZEN_NUMERIC_POLICY_FROM_FIXED_SPEC
BDX/2009/page_81.pdf-4,BDX/2009,1,KNOWN,1,bec506497ffc539d85b5c8ff4ac3bd241ec535ec44181aafd394010d01dd7ebc,FROZEN_NUMERIC_POLICY_FROM_FIXED_SPEC
PPG/2016/page_42.pdf-4,PPG/2016,3,KNOWN,1,ffa8741a2f6dbdd21813e75db4ba80f81f3c0cb331f234c6af788aee38b7f2bd,FROZEN_NUMERIC_POLICY_FROM_FIXED_SPEC
IP/2012/page_64.pdf-4,IP/2012,3,KNOWN,1,7131e8c7070caafd32442a9a5cb3adee33eb4da6954dccc843d7be0c836b13ce,FROZEN_NUMERIC_POLICY_FROM_FIXED_SPEC
IP/2013/page_101.pdf-4,IP/2013,3,KNOWN,1,ef2e57f3251c869e63546f8701cac82c42e4dcce697c5016850e3c46053a76a3,FROZEN_NUMERIC_POLICY_FROM_FIXED_SPEC
UNP/2009/page_83.pdf-4,UNP/2009,2,KNOWN,0,2e619b9943cdc004b4aae1edfde1927b3c7ddd89f1bff1d65119d92281f38eb9,FROZEN_NUMERIC_POLICY_FROM_FIXED_SPEC
BDX/2016/page_62.pdf-3,BDX/2016,0,UNKNOWN,,f6c020df909d62c192e538360f2db14a4298f68e98c131e0ff2b7ac8e0911e18,FROZEN_NUMERIC_POLICY_FROM_FIXED_SPEC
