item_id,source_group,outer_fold,label_status,error,original_response_record_sha256,label_rule_id
INTC/2013/page_71.pdf-4,INTC/2013,4,KNOWN,1,d54e57ed90949b29a4de51679613e4a0cd7e8009b84e1647ad698ae2dfaaede1,frozen_numeric_free_text_error_1
PNC/2012/page_110.pdf-3,PNC/2012,3,UNKNOWN,,060d16f20d769a32784000ae4304501bd0fccf1b057152b93ed7b043dc3492f7,frozen_numeric_free_text_error_1
AAL/2015/page_74.pdf-1,AAL/2015,3,KNOWN,1,389d35c3a189425124172ea34b8d9de155c2019cef30c36b475a96be7a17f4c3,frozen_numeric_free_text_error_1
AAL/2014/page_89.pdf-3,AAL/2014,1,KNOWN,0,fe2810fae706ec3f1440b37b4253a398ff09290ad0ed0b7bcbaac58f34c7d662,frozen_numeric_free_text_error_1
GS/2014/page_134.pdf-3,GS/2014,3,KNOWN,0,2098b172f7d52eea65ab289ae1282bf47c389107f1b02bfaa768b5a151c0d115,frozen_numeric_free_text_error_1
MAA/2018/page_19.pdf-2,MAA/2018,1,KNOWN,0,6abf91bc0579d543fe92580d1836b9a88e6dca85c4a21be374919fbde48c4d26,frozen_numeric_free_text_error_1
HII/2018/page_64.pdf-4,HII/2018,2,KNOWN,1,45fa38015ddffdcfe369030263ceebc33c73c9e5b8262a2c775a278ad0fca390,frozen_numeric_free_text_error_1
TSCO/2017/page_68.pdf-3,TSCO/2017,1,UNKNOWN,,74a7bbd5fb3fc7aac68abfd6570a4bac10156865d057abcdbde5a55fa11d1d3a,frozen_numeric_free_text_error_1
FIS/2016/page_64.pdf-4,FIS/2016,0,KNOWN,1,9f55e7941cd40b9f43036204bcd2a6f4c5a1567c346b6dd73dd7233f99548e41,frozen_numeric_free_text_error_1
FBHS/2017/page_46.pdf-2,FBHS/2017,0,KNOWN,1,af1f8250769db87953ebeab32b0aefd253ba850d3ab4f869afb3ac108f0aea33,frozen_numeric_free_text_error_1
BKNG/2015/page_38.pdf-2,BKNG/2015,3,KNOWN,1,a7f0dfbeddc28ea66c6bd25c546d3eed41e4c21857b15ee05b4b5d1a30acbd6c,frozen_numeric_free_text_error_1
STT/2012/page_42.pdf-4,STT/2012,4,KNOWN,1,4b898a4a1309a7bdee614aaa62cccc7169309983eee2c65d4b1122b70108e117,frozen_numeric_free_text_error_1
FIS/2016/page_64.pdf-3,FIS/2016,0,KNOWN,1,0b00496b52179f94d000154b4764bcb5287be24bcdd8fb496c60cfb7ff3f37d4,frozen_numeric_free_text_error_1
LLY/2008/page_45.pdf-1,LLY/2008,,KNOWN,1,eeb28896f265febbd4662d51b96fd7d9f3758d382fdc7cf052b09a52f8e1db65,frozen_numeric_free_text_error_1
ETR/2009/page_107.pdf-2,ETR/2009,2,KNOWN,1,e13ef6ee4662273c2feeb176290a2f98afe920e09c5f5b98dcf9f195659c247e,frozen_numeric_free_text_error_1
AAP/2006/page_85.pdf-2,AAP/2006,4,KNOWN,1,dd46236738261bbf1711f85a0eed4bfdcf39a1797ea484665609889de8f6701d,frozen_numeric_free_text_error_1
AOS/2007/page_17.pdf-1,AOS/2007,1,KNOWN,0,9cd21fa98b31a31efce11f08f69ee0854ca7b247c17a5eb834af3e55ba74e89c,frozen_numeric_free_text_error_1
UNP/2016/page_75.pdf-2,UNP/2016,3,KNOWN,1,5030bdbab08b8d834fa337f405b3601f9f806e10b413843f43f605ed88451009,frozen_numeric_free_text_error_1
UAA/2016/page_83.pdf-3,UAA/2016,0,KNOWN,1,f114607213f4aad695b221c65a0da4ce2b5fd02f467c00c5a369567fdd1f7dfe,frozen_numeric_free_text_error_1
MA/2010/page_107.pdf-1,MA/2010,2,KNOWN,1,b405d0cc134668a418266809c7836b17f112ba6ad0b2f356a97e374cacd1a991,frozen_numeric_free_text_error_1
HOLX/2011/page_122.pdf-2,HOLX/2011,2,KNOWN,1,4a1adb51c422f08673e0ca8a3837fe185efbe03f3901150d8f960b9e7433303c,frozen_numeric_free_text_error_1
ZBH/2008/page_70.pdf-1,ZBH/2008,2,KNOWN,1,fa79cf24811d492e4a2d89d45098c6b7b8169198f3109b2ce8c70008b1d47bd1,frozen_numeric_free_text_error_1
AAPL/2013/page_27.pdf-2,AAPL/2013,4,KNOWN,1,99e3ae151fe07660ab558d655dc340f0c9d42fe240448b2398ed091c7facc6c7,frozen_numeric_free_text_error_1
RL/2011/page_12.pdf-1,RL/2011,0,KNOWN,1,341a50b4d7110fdd3dae09239afc7a8aa2f25b772e8cbc9ed0d429e269976f81,frozen_numeric_free_text_error_1
DISCA/2013/page_60.pdf-1,DISCA/2013,4,KNOWN,0,16c2edbae0314fb4f51813c711ba4b93c9e2be94c74210197b40017f146cd2dc,frozen_numeric_free_text_error_1
OKE/2008/page_38.pdf-2,OKE/2008,4,KNOWN,1,989c4da835a4ecf3e8603194e55e16fc981059cd084b3c105b4e5399ca3d94eb,frozen_numeric_free_text_error_1
ETR/2004/page_216.pdf-4,ETR/2004,1,KNOWN,1,f18d99593cdde799097b97a8200ba411a46019ac84242496a52c85ada52fcf61,frozen_numeric_free_text_error_1
HWM/2015/page_95.pdf-2,HWM/2015,1,KNOWN,1,d6f052d77c2bcf3d29699cfa83e38a2ec83b24879c88e5b2df130b85ccb4e3b4,frozen_numeric_free_text_error_1
AWK/2012/page_118.pdf-3,AWK/2012,0,KNOWN,1,88658f3ac77063c891e94c7346624ae2746e724c140402836257b9d4557a2b31,frozen_numeric_free_text_error_1
APD/2019/page_53.pdf-2,APD/2019,1,KNOWN,0,966201d2bf6a7e84331e623497def786b7199ae1ca0ffa7be863ec3740305f16,frozen_numeric_free_text_error_1
AAL/2015/page_74.pdf-3,AAL/2015,3,KNOWN,1,30320915664e9d4e5cad48dd8f8dfe5e73f34963aa2e718c7aa5831a84ec6f52,frozen_numeric_free_text_error_1
ETFC/2013/page_84.pdf-1,ETFC/2013,0,KNOWN,1,6d9ed8ceb92a18478eb23056e0e35ba0d6a2816abf4693e3c40585a615c1b759,frozen_numeric_free_text_error_1
ETR/2016/page_24.pdf-4,ETR/2016,1,KNOWN,0,380011a29f8fa82597eb56cf24748ed6ed99295beaef2e5f642d391e51e481d7,frozen_numeric_free_text_error_1
AES/2011/page_230.pdf-4,AES/2011,1,KNOWN,1,3cfa6699f1273d463d7a2859ad196ce3125f1adaac5088acd4f40e8234f27b0c,frozen_numeric_free_text_error_1
ETR/2016/page_403.pdf-3,ETR/2016,1,KNOWN,0,987fe122121ece1c01db8c70ef88cedb9383616ee452457f5aaeaab3fde6663a,frozen_numeric_free_text_error_1
APTV/2015/page_50.pdf-1,APTV/2015,0,KNOWN,0,613d3db8b1cc9a733662a2bfec373a92e163aa1745dbcd27e32706eac04ac538,frozen_numeric_free_text_error_1
AMAT/2018/page_31.pdf-3,AMAT/2018,1,KNOWN,1,bf5f139dee55330563601eb9bced113b52324bad54f56920525f755bf690271b,frozen_numeric_free_text_error_1
CDNS/2012/page_31.pdf-2,CDNS/2012,2,KNOWN,1,18d142cdc0c7a6bce49dadfcca0ccbc988d03f9c9f0e29cd47fd1015b534d7c7,frozen_numeric_free_text_error_1
AAL/2014/page_80.pdf-1,AAL/2014,1,KNOWN,1,09783b66911f125d36bb76529da505c93124774693b03870f052925723a2ba41,frozen_numeric_free_text_error_1
ADI/2019/page_77.pdf-2,ADI/2019,4,KNOWN,1,abf792118d5a62e86d9a92328aa7f4e25feec88490abaf64cbe93bfbab19a4f5,frozen_numeric_free_text_error_1
HUM/2018/page_46.pdf-2,HUM/2018,0,KNOWN,1,86ef157ad034102a9fa6724739096ed160da66a4f218e2c97e61787e3630bf0f,frozen_numeric_free_text_error_1
PKG/2004/page_23.pdf-4,PKG/2004,1,KNOWN,1,543b0b454bfd97ca3254c324108a279536a077b89e488edee8ae1c0c144e9f9c,frozen_numeric_free_text_error_1
IPG/2014/page_37.pdf-3,IPG/2014,1,KNOWN,0,69774e1fde33995d59bf73f61c833b52853254caa338d82f7f5f4145a501c311,frozen_numeric_free_text_error_1
RE/2010/page_120.pdf-1,RE/2010,2,KNOWN,1,b44d569a7553ef532a3961d33f90d54b690ae5e96e2aeaf16412b8c588f05f25,frozen_numeric_free_text_error_1
JPM/2016/page_140.pdf-1,JPM/2016,1,KNOWN,0,8bb18dcf3a180a68eb1aa9ae4f76fa9056601c54514c9a51be690522d1d46c4d,frozen_numeric_free_text_error_1
WELL/2016/page_61.pdf-4,WELL/2016,0,KNOWN,1,e1e9432f8bed0d7ef86b9d1ad6a0f7d8307e92ad69a62325c81aab027e0929eb,frozen_numeric_free_text_error_1
GS/2013/page_193.pdf-1,GS/2013,3,KNOWN,1,88b825dce7c155cd007bdcceb69e923007e8e28dbb7d4b536586842e03c26189,frozen_numeric_free_text_error_1
HUM/2015/page_46.pdf-2,HUM/2015,3,KNOWN,0,42c97b7cd5921bd47e7fbb1a5cc7fbbe5ca5d891771dbb7325348351c8f685f2,frozen_numeric_free_text_error_1
ETR/2016/page_324.pdf-1,ETR/2016,,KNOWN,0,59c0bc51b3bb2431946b0f1205fd8036242c78bf59df2ae2c5ab2581f1dda597,frozen_numeric_free_text_error_1
KIM/2010/page_94.pdf-2,KIM/2010,4,KNOWN,1,aa748d573981f5410bd8c0a7dbaffeb7c0efec5d81cabfcf8861597520348232,frozen_numeric_free_text_error_1
DRE/2010/page_56.pdf-2,DRE/2010,4,KNOWN,1,094fb28c1c68a9f0fdcdb42033254d80821a614363541c61d282f44310769e11,frozen_numeric_free_text_error_1
AAL/2014/page_89.pdf-2,AAL/2014,1,KNOWN,1,edf864dbd5621ec9da6cd42a2183d6116fcb87bf9ad20e7d031fae41515b8367,frozen_numeric_free_text_error_1
BLL/2007/page_75.pdf-2,BLL/2007,2,KNOWN,1,35f8b99baf75f298721b35c70f7d8d395ed335bc3395a5c2f54b0e160b5ae2a4,frozen_numeric_free_text_error_1
VNO/2010/page_173.pdf-1,VNO/2010,1,KNOWN,1,15e215d5450db8553f10cc911da7b69622ed1a62ccbb642d9a5f49e6ded333cd,frozen_numeric_free_text_error_1
RL/2010/page_11.pdf-1,RL/2010,4,KNOWN,1,b2f5bac3e07b57574c63e2551348ded1a1355dfafe2c287a1867b39580fdb198,frozen_numeric_free_text_error_1
LMT/2016/page_83.pdf-4,LMT/2016,1,KNOWN,0,3855994e4515ac76525127c6a4c994c30715281d5e559050abb05c5b539bb32e,frozen_numeric_free_text_error_1
UNP/2012/page_29.pdf-1,UNP/2012,4,KNOWN,1,40bb1f3f840bb08b2d6365c985ef213c2890b39d1777bfdd3ee1723a92ca6739,frozen_numeric_free_text_error_1
UPS/2015/page_35.pdf-2,UPS/2015,0,KNOWN,1,f6fde1951eada769c424f85c47691eb964f2797874fb901c4e072aa901f29b7d,frozen_numeric_free_text_error_1
UNP/2010/page_24.pdf-1,UNP/2010,3,KNOWN,1,c80f68e2fbed739d7c69a857a6716bb43d157f4e83f37c31f813f36ee62a731e,frozen_numeric_free_text_error_1
REGN/2010/page_72.pdf-3,REGN/2010,1,KNOWN,1,c41056d04ce072170691019a3a12e5cb576890021e02ad93149283108fbe0ff7,frozen_numeric_free_text_error_1
RCL/2014/page_80.pdf-1,RCL/2014,2,UNKNOWN,,9324d41ebb5b5bb3c06a3ed0be59a75cb6b6c3b7083b532ccee078a5d6c6d355,frozen_numeric_free_text_error_1
ORLY/2009/page_77.pdf-4,ORLY/2009,0,KNOWN,0,74eef2a9a9b780a366c8a71c4041a425ee7115405714ef8c4040c3384333479f,frozen_numeric_free_text_error_1
HIG/2004/page_192.pdf-1,HIG/2004,0,KNOWN,0,78115e06a323142b360e7841efa2ac609d4e9225d3b61ea13afe80e720af5a0e,frozen_numeric_free_text_error_1
AES/2011/page_270.pdf-2,AES/2011,1,KNOWN,0,4e8da94c80e5d64ae66ed9c71b955b178920f6fa1c27a024e242f15ca2a83a45,frozen_numeric_free_text_error_1
GPN/2016/page_83.pdf-1,GPN/2016,1,KNOWN,1,f16a10fa1cd916d71767fe1ca0ba7fad226a84fe0350c825c3ef96dbc78e09b3,frozen_numeric_free_text_error_1
RE/2006/page_122.pdf-2,RE/2006,3,KNOWN,0,d8969b0357b9b2da22a91effbdc47950539e5fc650ead9e8a612f1a080fd0760,frozen_numeric_free_text_error_1
BDX/2016/page_62.pdf-1,BDX/2016,0,KNOWN,1,fff8b02a2e3a650fb5e890f36c673bf6231855d2cf51f9decc210d490372cf94,frozen_numeric_free_text_error_1
MRO/2012/page_39.pdf-3,MRO/2012,3,KNOWN,1,5054c3895cb6df887096a03c0825f0b36a0771858595ecbcec96a32ebea4d184,frozen_numeric_free_text_error_1
VTR/2006/page_88.pdf-4,VTR/2006,0,KNOWN,1,17ac5dd4df09f80f3412d518f93663724445b2c3983b058b660386560345248d,frozen_numeric_free_text_error_1
HOLX/2006/page_102.pdf-1,HOLX/2006,1,KNOWN,1,f69c60b003a7357624360fb19d0a85610f7bc7b81f72d1b29cd12cdc88030915,frozen_numeric_free_text_error_1
MMM/2007/page_66.pdf-2,MMM/2007,2,KNOWN,1,3ef7517a605bfd7739f6983489746728724ee356fa9593365f13764f3a431f01,frozen_numeric_free_text_error_1
UAA/2016/page_83.pdf-1,UAA/2016,0,KNOWN,1,1545e0edde5ccbcea33a92a35e8050346ccfba03ce0fa58dea2a8df6ee51b298,frozen_numeric_free_text_error_1
AAPL/2011/page_24.pdf-1,AAPL/2011,2,KNOWN,0,0e994c57e0f35d570bcb534e19b0e2678160353a40461b4bc73d392fb22f640b,frozen_numeric_free_text_error_1
VNO/2006/page_95.pdf-2,VNO/2006,1,KNOWN,0,4ffedadf2797147da330e7daf2ae1a5f5e954a39cb5164f1e2062ea94ef7213a,frozen_numeric_free_text_error_1
DVN/2010/page_70.pdf-2,DVN/2010,3,KNOWN,1,75fbf2ff2e1af8b300b78da7a2328698efeac8a64368317ab255a0371bb9c94e,frozen_numeric_free_text_error_1
AWK/2015/page_106.pdf-1,AWK/2015,0,KNOWN,1,bfa76be9227b3eef71a7e9f9be0986a5c9ca5c06c70fe39c87720e1a9e614707,frozen_numeric_free_text_error_1
WELL/2017/page_48.pdf-1,WELL/2017,0,KNOWN,0,03b02b72564c75cf3f6e022a4eb127ca7296fbefc882380d8cdf50bd0bc239eb,frozen_numeric_free_text_error_1
CME/2010/page_71.pdf-5,CME/2010,4,KNOWN,1,2c9fb2c72478fda50f564ebbe0737e22894542ed36431505aaaddcdf4caf0e99,frozen_numeric_free_text_error_1
APD/2019/page_108.pdf-2,APD/2019,1,KNOWN,1,b30c9df864f6f54347cba108e2574cfcfc15a05e4d75e584a49a995eeec463da,frozen_numeric_free_text_error_1
TROW/2009/page_24.pdf-3,TROW/2009,4,KNOWN,1,e1388cf062f9ae0a503f61eff3cdf4cfee070c98abc485082e0ecebb44b99e96,frozen_numeric_free_text_error_1
ZBH/2008/page_86.pdf-2,ZBH/2008,2,KNOWN,1,ad4cb4ea4ea5fdc79f188b4b828d24d9911dd1fc92036cc4e69be28e55dab61e,frozen_numeric_free_text_error_1
DVN/2014/page_88.pdf-1,DVN/2014,1,KNOWN,1,bd045112ae4c9aefa6254e8de0a50849a6988e72e69f0e6b230e011d1e626d36,frozen_numeric_free_text_error_1
ETR/2004/page_158.pdf-2,ETR/2004,1,KNOWN,1,c38e9fd4ca604ad44140c4d55dbe5f194e1965f05690057d122cf2defb4b5472,frozen_numeric_free_text_error_1
SNPS/2012/page_62.pdf-2,SNPS/2012,1,KNOWN,1,0467f1ed2966507035d5ae1812afd734a9ee78421a7dd0f5438a7cc4976237ba,frozen_numeric_free_text_error_1
HFC/2017/page_103.pdf-3,HFC/2017,1,KNOWN,1,7f7d635dc5e90cc5f2cd704bf29da794f0dc7ace5047b541059dd879bf134a41,frozen_numeric_free_text_error_1
HUM/2007/page_18.pdf-1,HUM/2007,1,KNOWN,1,8e086f242a6b8af3d8b730ea8c675168c00e77b274ed4599541850e2d615f5a9,frozen_numeric_free_text_error_1
CE/2016/page_88.pdf-2,CE/2016,0,KNOWN,1,be4e0bc65a6c9ccaf69e23e1e228e6c817dec1f3c2b6366f2c463694caeb48b6,frozen_numeric_free_text_error_1
ETR/2016/page_444.pdf-3,ETR/2016,1,KNOWN,1,6222d3f3909419ea287a03ec542840e2c2ceedabe7845367404afe7940b6357e,frozen_numeric_free_text_error_1
RCL/2012/page_80.pdf-2,RCL/2012,1,KNOWN,0,68ff79861daf38a71156a2d81dda56ca45c78b7eb94f635de973353b4ca2bb82,frozen_numeric_free_text_error_1
AAP/2016/page_65.pdf-2,AAP/2016,1,KNOWN,1,38037b1fd676ec8d35fa6f9b855053dd8954af56242a0ffb7b365f816fca8f93,frozen_numeric_free_text_error_1
RSG/2014/page_73.pdf-2,RSG/2014,3,KNOWN,1,b28e7f509052cc1dadc213ad805b58807eeb2e2fde6d502eaecd8705bab82605,frozen_numeric_free_text_error_1
ETR/2008/page_130.pdf-4,ETR/2008,0,KNOWN,1,f31bf2750e3c9b3d2ba0232fd3d6c43ccf06674538ae41d32f9d0f2c1a5fe7c6,frozen_numeric_free_text_error_1
AWK/2015/page_115.pdf-2,AWK/2015,0,KNOWN,1,31c83531af88975237fe6980a696b687fb4d38cad10f3dd5105657da177d15aa,frozen_numeric_free_text_error_1
VTR/2007/page_97.pdf-1,VTR/2007,4,KNOWN,1,bcde63c67b35c86b5d747beb0616aa721398b7a46a6b36bb48759444ef777a1f,frozen_numeric_free_text_error_1
JPM/2013/page_124.pdf-2,JPM/2013,2,KNOWN,1,94c2e62bcef5088910181dd7196cd2ecf0b57323e9c6ba8568e477f0c92a1c0f,frozen_numeric_free_text_error_1
RL/2014/page_11.pdf-1,RL/2014,4,KNOWN,0,149b9bf880a1b672548efc3b525e7e94206814acc6f8699456199e2d1dd629a9,frozen_numeric_free_text_error_1
K/2012/page_44.pdf-2,K/2012,3,KNOWN,1,f080d5a8e26231d4cc410ed4ebfa8daf6f950a64ad1a747c1d979b421a000ab0,frozen_numeric_free_text_error_1
HWM/2018/page_69.pdf-1,HWM/2018,1,KNOWN,0,1baa649ff25bb4221c91b29897f77ded6ebb2a401b11bbf1bb986cf079144ca8,frozen_numeric_free_text_error_1
DVN/2014/page_88.pdf-3,DVN/2014,1,KNOWN,1,f60c3f83cae2810c29e6eb9fa5a200c20a6d558c0f36b94e15e4efcd69845d9c,frozen_numeric_free_text_error_1
JPM/2014/page_128.pdf-1,JPM/2014,2,KNOWN,1,015b464f60f5c8614e176f71c4661d1e22d6bbfbb6d659d1b39cfd27fe7e47c7,frozen_numeric_free_text_error_1
HIG/2016/page_253.pdf-2,HIG/2016,3,KNOWN,1,a48e994607ee0f434be5ea226a6e7be66411e0e3c846b5161a51388602f0f077,frozen_numeric_free_text_error_1
GS/2013/page_97.pdf-1,GS/2013,3,KNOWN,1,acd63969095896bf638a8f79f7c956905868eb11081b809a0249d79982df1b1c,frozen_numeric_free_text_error_1
GPN/2007/page_39.pdf-1,GPN/2007,0,KNOWN,0,b2b0cc365cd1e867d67bd96468a6b836982049170034eca784c3161f7e448a07,frozen_numeric_free_text_error_1
GIS/2018/page_82.pdf-1,GIS/2018,3,KNOWN,0,558f6f9ed9abfcd82acdcf5159cc94b7e1b0face61732444395781d1fb45f264,frozen_numeric_free_text_error_1
ILMN/2006/page_92.pdf-2,ILMN/2006,0,KNOWN,1,46f9f446906dfc357e472b4dd418a0b13413e08ea39aeade4c2df114a77ead14,frozen_numeric_free_text_error_1
RL/2011/page_12.pdf-2,RL/2011,0,KNOWN,1,24083131d9bec3748f2eef57ea360106bd0956beaee90ae93af1a56cd348e808,frozen_numeric_free_text_error_1
CB/2008/page_144.pdf-3,CB/2008,4,KNOWN,0,c443a9c9bcbb31ecc7346f760baad562cde06a9c9dfa0f3731c0a5bc15a0d12b,frozen_numeric_free_text_error_1
UAA/2016/page_81.pdf-4,UAA/2016,0,KNOWN,1,4b2ce453c71e95789d1e6994b2a4aa0f0aa0b83b552fb620c0295fbcf525006a,frozen_numeric_free_text_error_1
VLO/2012/page_27.pdf-1,VLO/2012,3,KNOWN,0,44826cc6e4177e6b264560bd36873a365b2f9a6f6720aefb329ea7a16bdf5b18,frozen_numeric_free_text_error_1
PNC/2013/page_158.pdf-2,PNC/2013,0,KNOWN,1,9f34ffb04c95963f544f6188abf6d5cca0ae21868a2627b81d31ea9b81631d1f,frozen_numeric_free_text_error_1
IP/2014/page_101.pdf-1,IP/2014,4,KNOWN,1,32f4ea23c50eac776a95850cb2ef63a8001c7bc9407439c33a0a8ba5cfc5b742,frozen_numeric_free_text_error_1
RSG/2013/page_16.pdf-2,RSG/2013,4,KNOWN,0,beff06122b0a6980656f9097fe811cd2b5e0e3d38c3c7c821dc386e6b2a93c12,frozen_numeric_free_text_error_1
MA/2009/page_115.pdf-1,MA/2009,4,KNOWN,1,e3b25854f6854fbc6cb8f808231b55ed6cce8a549ab439bc05bae86856882d9d,frozen_numeric_free_text_error_1
DRE/2002/page_30.pdf-3,DRE/2002,0,KNOWN,1,87ed6634306d38844d6116ec328502149ea9516c0deccc3e688c5d7161019045,frozen_numeric_free_text_error_1
RSG/2014/page_22.pdf-1,RSG/2014,3,KNOWN,0,de59886c65147f6ed6e84d3be3a878adc90ea6848a5d2b9bbdf43471a3d8adf1,frozen_numeric_free_text_error_1
HUM/2004/page_78.pdf-1,HUM/2004,1,KNOWN,1,2b21a90bba1bc88ca596ed6fbb1c02ebe8a8ac9cd231b7d26e906225f9c11701,frozen_numeric_free_text_error_1
CE/2010/page_150.pdf-3,CE/2010,3,KNOWN,1,016903913334433a30cc7e76b6f6fcd21ee7c61ec693d0ce34b919c05fd96409,frozen_numeric_free_text_error_1
ADBE/2011/page_83.pdf-4,ADBE/2011,3,KNOWN,1,43bc0471c8e58b885c437b533663054eedd879b6d583b3887f9658cd7dbed3cf,frozen_numeric_free_text_error_1
GPN/2014/page_71.pdf-4,GPN/2014,1,KNOWN,1,d8615e457c1295ac7c47c894529d9f5ff2c9bc151ff43ddbabdaf7a20f8fc81e,frozen_numeric_free_text_error_1
HUM/2012/page_109.pdf-1,HUM/2012,4,KNOWN,0,837e36ae46e1ff5ae3ebd313e48f52389671ea208cba458cff0dc837018c9858,frozen_numeric_free_text_error_1
ADBE/2012/page_87.pdf-2,ADBE/2012,1,UNKNOWN,,eca6de849cfcac219e8c3475af195f55876d3bfade8259c239b3f8f58ae85458,frozen_numeric_free_text_error_1
PPG/2018/page_61.pdf-1,PPG/2018,0,KNOWN,1,e3416cd5c4067058535f8661f0a7958c802bbd03011d7ce345f4726a06b5f112,frozen_numeric_free_text_error_1
HWM/2015/page_92.pdf-1,HWM/2015,1,KNOWN,1,259fe06aa5815e76400b1ee85b194f54f51397d6437673c1a56e432419d62604,frozen_numeric_free_text_error_1
PNC/2012/page_98.pdf-2,PNC/2012,3,KNOWN,1,87d52d67ffdfbe77adbe392412b728d89fb02726fda416682ef1270f3513617c,frozen_numeric_free_text_error_1
LMT/2010/page_24.pdf-2,LMT/2010,0,KNOWN,1,17bd16b0859579df57f1045593a328db43402a6d428d85d9b55cc928ee993c46,frozen_numeric_free_text_error_1
LMT/2015/page_106.pdf-3,LMT/2015,2,KNOWN,0,7f87f0015810fb42d5a88820cbbd44f199ac0051b87676b6bb2a14119ed1c2ca,frozen_numeric_free_text_error_1
HOLX/2007/page_154.pdf-2,HOLX/2007,4,KNOWN,1,ce25ebd478fcfe0a5f2ac5a511c4884e24ebcf23dc080a2a356cfa425c87e424,frozen_numeric_free_text_error_1
AMT/2007/page_111.pdf-4,AMT/2007,4,KNOWN,1,a354eee43929f98b5931a489d9e220072239e6e3c72e6ecf7acd85fa4ac73f03,frozen_numeric_free_text_error_1
ETR/2017/page_20.pdf-3,ETR/2017,4,KNOWN,1,28a84d9958592abcc8b7a7c2e14860f79e5c5954a24619d7f736e38f885640a1,frozen_numeric_free_text_error_1
JKHY/2015/page_20.pdf-2,JKHY/2015,,KNOWN,1,6e5c8fb30df8dbbbb8d52eee8d8a8907ee2dc46e0a2234c937edd173a6aac78a,frozen_numeric_free_text_error_1
BLK/2016/page_75.pdf-2,BLK/2016,1,KNOWN,1,1d62eb4cccee495d2146dfdec869113f5b0c1b46bccc73b4ccce5fca03bbb9de,frozen_numeric_free_text_error_1
MRO/2009/page_138.pdf-1,MRO/2009,4,KNOWN,1,9d7e5c4968057135ef18398db2335351a03b9affc06e1405c486b9384a06a78a,frozen_numeric_free_text_error_1
GPN/2009/page_69.pdf-2,GPN/2009,1,KNOWN,1,6632b13b0fd33ba56a6a5668187961fe88863f92edbdc886613cde5be5683e4a,frozen_numeric_free_text_error_1
ETR/2008/page_130.pdf-3,ETR/2008,0,KNOWN,1,4dfe12ba506d38308e99bf93e8a7a989134c5341ce04216e3eddf5871e61faf4,frozen_numeric_free_text_error_1
JPM/2016/page_141.pdf-1,JPM/2016,1,KNOWN,1,6dab39166842ca7206ad50ca370fc0cd747088f6843e109484b1a21fa0a72945,frozen_numeric_free_text_error_1
EW/2016/page_72.pdf-2,EW/2016,1,KNOWN,1,c7d5215ed058ac0be535d9a10ff71822c92a713c5400becaa5fbe3d905992087,frozen_numeric_free_text_error_1
KHC/2016/page_94.pdf-2,KHC/2016,1,KNOWN,1,460c0f596c5f5db4e5e38d555296c6cfcca7c0e1ad0dbfdfe4adae895ddb1f0b,frozen_numeric_free_text_error_1
MRO/2008/page_135.pdf-2,MRO/2008,2,KNOWN,1,dccfec81eae973645794cd03799fa9530dcfde2cf85314677fb67628dc4c48d9,frozen_numeric_free_text_error_1
ETR/2017/page_477.pdf-1,ETR/2017,4,KNOWN,1,14f59d772cfd46e7f1bce3edb177abbf3659dafec18d5b0b24177ba10eda4f81,frozen_numeric_free_text_error_1
RSG/2017/page_14.pdf-1,RSG/2017,2,KNOWN,1,e4613730dc157289cb2b8a2e296c070db15e8d5c495f7c2d22fca1f279f9b420,frozen_numeric_free_text_error_1
MAS/2010/page_29.pdf-1,MAS/2010,0,KNOWN,1,f6b7993150cc770b4164edb258a6ddd3ef7e9e29e33c03b2c848c16b44f2c51e,frozen_numeric_free_text_error_1
BLL/2011/page_29.pdf-4,BLL/2011,0,KNOWN,1,4ebbc10ff7e3f71003262008c7c15e0b75c78ecf77d2b19a983645757f64115c,frozen_numeric_free_text_error_1
LMT/2017/page_101.pdf-4,LMT/2017,0,KNOWN,1,802431d066a4301070376a76029d0985cdb455028cfc3877e116654820ad25a4,frozen_numeric_free_text_error_1
LKQ/2010/page_72.pdf-2,LKQ/2010,2,KNOWN,1,37fd1a0ff66805bc237cb1fab49d5f1f6e817c5af1b650be9a88ec019315dd19,frozen_numeric_free_text_error_1
UA/2011/page_70.pdf-1,UA/2011,2,KNOWN,0,bfab65f2c7458176f081822733676a6aa68d6d94cc2fed4c15931391843c6f27,frozen_numeric_free_text_error_1
CE/2005/page_167.pdf-4,CE/2005,0,KNOWN,1,7b48820ec18da9c66cd078ec58a5d6ab30773088dc9d453dd1d9a94fc160870b,frozen_numeric_free_text_error_1
GS/2014/page_62.pdf-1,GS/2014,3,KNOWN,1,5774b8e1423c72eb7fc1efc9906f6a4161291c8da68aa489a59e8450ce969fc5,frozen_numeric_free_text_error_1
IPG/2018/page_52.pdf-1,IPG/2018,2,KNOWN,1,127e16351b041c144e0d96c46361baa75a17b1898a496c898f02773f322b86fa,frozen_numeric_free_text_error_1
AES/2010/page_225.pdf-3,AES/2010,4,KNOWN,1,cd8ce6ca83b8501e6e108c532a2de7f663f1f3fb916cbc25609c418adbe5b314,frozen_numeric_free_text_error_1
IPG/2018/page_104.pdf-2,IPG/2018,2,KNOWN,1,b30115a493d96883f2176ac2526bbbdcfed10d089bb869833ec2eb56b9542400,frozen_numeric_free_text_error_1
TROW/2011/page_13.pdf-1,TROW/2011,1,KNOWN,1,9ded43f53d61ee4e012692841b6af5be621bc12f929100e36316ae24ec853ef9,frozen_numeric_free_text_error_1
IPG/2015/page_24.pdf-4,IPG/2015,4,KNOWN,1,f91c5e12d51500d06d86de4d7e3f5be98265f093bdf80797e3d8326b454162ae,frozen_numeric_free_text_error_1
UNP/2012/page_23.pdf-1,UNP/2012,4,KNOWN,1,26518c1c8d6104506ec682e2fb5af86b53471e6c38b381afcddca272cf0a442f,frozen_numeric_free_text_error_1
ETR/2017/page_325.pdf-1,ETR/2017,,KNOWN,1,df4b35e0b99033d77fe7f4bbb51aaee53d21d7bc270510a2b811cf041cd9fe30,frozen_numeric_free_text_error_1
JPM/2014/page_128.pdf-4,JPM/2014,2,KNOWN,1,f4de069edf9fccc65fb89ec0943682521aaeed41f9ad99a3180e37bd87bba9d5,frozen_numeric_free_text_error_1
ETR/2016/page_144.pdf-3,ETR/2016,1,KNOWN,1,91ccd181d5f745d4a5d8c42e73d444f466c96f0579082762b27fbbf4bfd5868a,frozen_numeric_free_text_error_1
IP/2012/page_57.pdf-2,IP/2012,3,KNOWN,1,a50d05f3094432c1e798b2a1e3c6ba601dd4b6fa55cd252501b0debb64daa237,frozen_numeric_free_text_error_1
ADBE/2013/page_68.pdf-3,ADBE/2013,2,KNOWN,1,4ce18ca42d8f34598d6259175be105e7523e10e55549940c98a77f984cecf622,frozen_numeric_free_text_error_1
RSG/2015/page_18.pdf-2,RSG/2015,3,KNOWN,0,f942b0e71867e7e0b21866f10b36e6cf085cbe12b9e3dbb8decfcdce3e3a2b0f,frozen_numeric_free_text_error_1
HUM/2015/page_46.pdf-1,HUM/2015,3,KNOWN,0,1968c3907e2a408144e65a7209435a8870511b9478f1da5b9142eae1132565ec,frozen_numeric_free_text_error_1
PKG/2004/page_21.pdf-4,PKG/2004,1,KNOWN,1,82e3bc3af0fe7964cdf4a5522ed91453c15d928b56e0e56d21d9fba42f4050f8,frozen_numeric_free_text_error_1
JKHY/2016/page_25.pdf-2,JKHY/2016,0,KNOWN,0,801b5cc9f0170d36c36e632d8640b45a589ceacc25bc5e52bc8dc086f86cd16c,frozen_numeric_free_text_error_1
AAP/2013/page_68.pdf-1,AAP/2013,2,KNOWN,1,c62e1230a271412fcc052317bd7cfbc1d3291c310305298660f71c71d2d41f29,frozen_numeric_free_text_error_1
UNP/2008/page_83.pdf-1,UNP/2008,0,KNOWN,1,32baa6d59c238cac5577bc49ef811e3f82242a5ee72f950ae4197b3890cea574,frozen_numeric_free_text_error_1
CE/2010/page_150.pdf-2,CE/2010,3,KNOWN,1,3446c30ca4ff69ad6217bbcf8fa8cec36471cab854e018ad5f289aba56606c15,frozen_numeric_free_text_error_1
TFX/2018/page_47.pdf-1,TFX/2018,3,KNOWN,0,c585da9e99af3d0f7e0dcd8afb6d88ede671f70e6e1d848828b7c5c43271541b,frozen_numeric_free_text_error_1
GS/2016/page_161.pdf-1,GS/2016,0,KNOWN,1,4d4b97a302a30c8d4b207f64b403c42f2bd58b21081818bc8ddac1be8f68ef7b,frozen_numeric_free_text_error_1
TSCO/2018/page_31.pdf-2,TSCO/2018,2,KNOWN,1,fe1c2cce255b0979683f09460d4fa6937772a59c7071b999990d3729960241c2,frozen_numeric_free_text_error_1
LLY/2008/page_39.pdf-1,LLY/2008,1,KNOWN,1,6cae3cd5a4f9114691fdbc46aa9b19ac7599009fc1afe37543df745edbb580e7,frozen_numeric_free_text_error_1
SNPS/2012/page_64.pdf-1,SNPS/2012,1,KNOWN,1,b9d3fb234dfccc2bb8ab5dcd0f08aa57d2b63635e149a711dd562b4dd96f2877,frozen_numeric_free_text_error_1
ETR/2015/page_50.pdf-1,ETR/2015,2,KNOWN,1,93cd670fbb593f10ef5579e99c9556c49707ec809b2a4a4087ed889f40d22a35,frozen_numeric_free_text_error_1
APD/2019/page_100.pdf-1,APD/2019,1,KNOWN,1,b4e935bb1b5b1714dace72dc6e6f83f3de052aad69db2e17eebcf4d3a628a52c,frozen_numeric_free_text_error_1
DISCA/2008/page_141.pdf-3,DISCA/2008,2,KNOWN,0,4788e60c28b3e6d3d47f115e63ffec42175485bf6cf474d80661b405ebdcc9e2,frozen_numeric_free_text_error_1
PNC/2007/page_93.pdf-2,PNC/2007,1,KNOWN,0,ffa519fa623ab52c04544b4ef2680270584c814c2d3084d6aef7448ae9856eed,frozen_numeric_free_text_error_1
MA/2009/page_123.pdf-3,MA/2009,4,KNOWN,1,f7ae4c0ced36439779aaadee6e5c8ccbce4f1b10a7241b99a89495cd1b543b10,frozen_numeric_free_text_error_1
LMT/2016/page_85.pdf-2,LMT/2016,1,KNOWN,1,e82b58801ec9f0d98e0ae1205714e11215d0439349bb3aca843080904707e90f,frozen_numeric_free_text_error_1
AES/2010/page_133.pdf-1,AES/2010,4,KNOWN,1,3afc71a0b0b882d6edbd241808fc8d5fa141130c3b10e81fca7627752d7b5e8f,frozen_numeric_free_text_error_1
AAL/2015/page_131.pdf-2,AAL/2015,3,KNOWN,1,f3f8d5ccb9437f226f1d41b272a60ca7e84d9a6ab66417892ed570d6209c48c9,frozen_numeric_free_text_error_1
GPN/2009/page_69.pdf-4,GPN/2009,1,KNOWN,1,0368248f69c25a6ba5e860e33ebe11f695b9b13c16eafb2e012600269d307ca8,frozen_numeric_free_text_error_1
PPG/2018/page_61.pdf-2,PPG/2018,0,KNOWN,1,2a05cb2c16db3d79a8a4caea037ea73d52467fa87173497d72dc9e984f0cd61c,frozen_numeric_free_text_error_1
GPN/2017/page_30.pdf-1,GPN/2017,0,KNOWN,1,6916fbf20691d8d9ede3a8c41cfef1cbd26cbb9054f4e989c976be4604bd1084,frozen_numeric_free_text_error_1
GS/2016/page_183.pdf-3,GS/2016,0,KNOWN,1,1a1b4932900e4769b8538a26ba282e04c6fc30f94b712f7d53892207c647570c,frozen_numeric_free_text_error_1
NTAP/2014/page_33.pdf-2,NTAP/2014,2,KNOWN,1,1e98127f1f8db3e1377691c0c3a157e2b83d04aab15a2c53977ec77998105b21,frozen_numeric_free_text_error_1
HIG/2004/page_125.pdf-2,HIG/2004,0,KNOWN,1,1de7c86f94be175871ee0c6500ee95ba791cddb68c8e621f628a5f1faf1cb367,frozen_numeric_free_text_error_1
SPGI/2017/page_81.pdf-1,SPGI/2017,1,UNKNOWN,,50dcbc73fc3475267295bc64e39fe15a9a97409d69c0f6359b26038388a7afe1,frozen_numeric_free_text_error_1
HIG/2004/page_81.pdf-3,HIG/2004,0,KNOWN,1,3a002a576c68ed957f0bd189dc87642bbedc0b73542ff2dcf829929608bc428c,frozen_numeric_free_text_error_1
K/2012/page_80.pdf-3,K/2012,3,KNOWN,1,a543f4104e13068007b50833575276837d9f253e4b2d24bca761b9a58b93bef4,frozen_numeric_free_text_error_1
MA/2009/page_123.pdf-4,MA/2009,4,KNOWN,1,39f0589cd52c9a1a81947cb7f6869bd567231ef4b0a84f951d2c7820664f12a0,frozen_numeric_free_text_error_1
AES/2010/page_133.pdf-2,AES/2010,4,KNOWN,1,6d2dced39e8a2ab846e07f0dfbc9bb53d68d18ad4ab20d70aa49fc8b2799c041,frozen_numeric_free_text_error_1
BLL/2007/page_46.pdf-4,BLL/2007,2,KNOWN,1,6b02aecc14d0d301d22c8832463a1b3499154bd6916aa4dc45da9aeedcbe17de,frozen_numeric_free_text_error_1
AAPL/2015/page_24.pdf-3,AAPL/2015,3,KNOWN,0,94a82a6429dbafe94cb81ea9467162a6886d0b5c162a90e221ee49aea9631898,frozen_numeric_free_text_error_1
HOLX/2007/page_127.pdf-1,HOLX/2007,4,KNOWN,1,28165a086e67677b86ef6de13ad993206b72c6818c007b12b7200769f77885cf,frozen_numeric_free_text_error_1
ETR/2008/page_130.pdf-2,ETR/2008,0,KNOWN,1,c18b6ef53cad4b3c6f4b478374d9edb34ce6143941b39be4123099e6edb2e0c5,frozen_numeric_free_text_error_1
RL/2014/page_13.pdf-1,RL/2014,4,KNOWN,1,f324c2f98b77bac5f9e126ed7162b6861f03f0566fd67924f81b801f9ce424b9,frozen_numeric_free_text_error_1
APD/2018/page_113.pdf-2,APD/2018,2,KNOWN,0,4a4ff0c07881c8610efe65e25caae539f5e3fff040f355de7e8a3500023ec0c1,frozen_numeric_free_text_error_1
IP/2014/page_71.pdf-1,IP/2014,4,KNOWN,1,89cc87c11f53cb7081800d13b7145c36e325a229102aecc29d9cc9b4a3e9b54d,frozen_numeric_free_text_error_1
RL/2010/page_11.pdf-2,RL/2010,4,KNOWN,1,9ce76300ca616b179490896d5ebe892e8d95f671bffe2067146ea2270fef27e6,frozen_numeric_free_text_error_1
ILMN/2008/page_77.pdf-4,ILMN/2008,4,KNOWN,1,59dff1d816f280aba98cf44bc4bab94e655d39a9f5aabfa061aba537692c5943,frozen_numeric_free_text_error_1
CDW/2015/page_53.pdf-1,CDW/2015,2,KNOWN,1,51a2c9091094fecfb156b2137009adc79e9324a1bcfad79aa552c487f56e6530,frozen_numeric_free_text_error_1
AWK/2012/page_118.pdf-2,AWK/2012,0,KNOWN,1,fff74496012d51db91cb37fa8cfdd0eca417fb866c37f68e2d4f31b54e819c75,frozen_numeric_free_text_error_1
LKQ/2012/page_25.pdf-2,LKQ/2012,1,KNOWN,1,826c68c63d6a14aef7b5ef72a9343b095e5d40800d95fbab097eacfc750348a5,frozen_numeric_free_text_error_1
SLB/2010/page_58.pdf-2,SLB/2010,3,KNOWN,0,5c18d44841480fc7403463d354fa0ef75f5ed0633af161083f03a8acf86896d9,frozen_numeric_free_text_error_1
ETR/2017/page_19.pdf-1,ETR/2017,4,KNOWN,1,46e25c877c95dfb24a4aa27593d575638cd664be9b59535e8eef7da149a81e44,frozen_numeric_free_text_error_1
GS/2018/page_175.pdf-2,GS/2018,2,KNOWN,0,2ce53f480fc4f61429415903df352df0d5ed7e4de62138316cb3dfc89b5e773d,frozen_numeric_free_text_error_1
C/2009/page_200.pdf-2,C/2009,2,KNOWN,1,07f31700a0f1edce290ddd6c401dd3235b7595586683d1b7576def958bbd71e1,frozen_numeric_free_text_error_1
HWM/2015/page_94.pdf-1,HWM/2015,1,KNOWN,1,bc1925f94ed8fbfaf836dd9acb75c04ea2a27da1360f379d62a4bd505e54235c,frozen_numeric_free_text_error_1
CB/2009/page_220.pdf-3,CB/2009,1,KNOWN,1,7c501fd3314c7f7b1120e7d0cba0966d496ede4069e180118e6411ea96233e8f,frozen_numeric_free_text_error_1
MA/2010/page_107.pdf-2,MA/2010,,KNOWN,1,a2ec3d472c1bdfbf9e7b8b62074b5a96a0ae4ed1145600e76f141bf30aeb8da1,frozen_numeric_free_text_error_1
RSG/2017/page_14.pdf-2,RSG/2017,2,KNOWN,1,bbfa0d6e410011705cac8891ec3e9d0d62d4765a5234cef22c7a2ae5d11f541b,frozen_numeric_free_text_error_1
K/2013/page_27.pdf-3,K/2013,4,KNOWN,0,80394c914ee2a2558d83120e1eda2d8ddf4959fe26e00d4b0e2340d88454075a,frozen_numeric_free_text_error_1
IP/2014/page_66.pdf-1,IP/2014,4,KNOWN,1,be85190edcfa00dc1d338147e073ad2a72d696c523fd491df46966bf1858a93b,frozen_numeric_free_text_error_1
MA/2008/page_70.pdf-2,MA/2008,4,KNOWN,1,322cce673ba9af7c89374682e22cbb8477694595fc55941de94ab94a891c9729,frozen_numeric_free_text_error_1
MRO/2008/page_119.pdf-3,MRO/2008,2,KNOWN,0,4487c54cf9acc032e8f1774bbe0714e258147f3d866d5ce31c0babb210199579,frozen_numeric_free_text_error_1
RSG/2018/page_13.pdf-1,RSG/2018,1,KNOWN,0,e923cf900a82b0ae14fc985518e9056558fbc8ace4070e33bc1d670ffb041077,frozen_numeric_free_text_error_1
PM/2015/page_103.pdf-3,PM/2015,3,KNOWN,1,767cf62c754d923ff859cc52a01d36444ba478f42c2f0f324fe2b90401275000,frozen_numeric_free_text_error_1
LKQ/2012/page_25.pdf-1,LKQ/2012,1,KNOWN,0,ef479eb2853f33df8f580bbf055e3aab69fcec829e07c2ddb73a2d1c00c09fd3,frozen_numeric_free_text_error_1
RSG/2017/page_74.pdf-2,RSG/2017,2,KNOWN,0,fe9d6d55292e7cac7bc90fbca4873081bdcd830b4d5d4524998f15cde68b1bd6,frozen_numeric_free_text_error_1
UA/2011/page_71.pdf-2,UA/2011,2,KNOWN,1,c46d20eaf8a79c96bfdb9d746a8742eb9642744b40fa2506183d742d915de550,frozen_numeric_free_text_error_1
AMT/2007/page_114.pdf-3,AMT/2007,4,KNOWN,0,6c0151089728276e6b915fd3a6222ee5af4bb6379b4398ef080dc76cccc12add,frozen_numeric_free_text_error_1
AMT/2012/page_111.pdf-4,AMT/2012,2,KNOWN,1,86ffc5935b29d9d2f911a038c4722c29e80b57d06536f6ea6823109fc162341f,frozen_numeric_free_text_error_1
AWK/2015/page_127.pdf-4,AWK/2015,0,KNOWN,1,e89b68bf793df3d7d4fab986e88f607813aed9f6ea1dc88dc7b00e46159c0667,frozen_numeric_free_text_error_1
LKQ/2016/page_48.pdf-2,LKQ/2016,0,KNOWN,1,82f0c7140df80a77d3a31edcf27b9a8e5d286605b41a88203734619578ae4466,frozen_numeric_free_text_error_1
AWK/2017/page_128.pdf-3,AWK/2017,4,KNOWN,1,22970a1f822c3d9d27ad9104f9baa1286c3fb5d3cf45bf2a8a272ab6226c63ba,frozen_numeric_free_text_error_1
EW/2014/page_35.pdf-2,EW/2014,3,KNOWN,1,6092a903e81531d72e98f64a7074fa297aeec9ef0d01820cc7ccc2118decad9e,frozen_numeric_free_text_error_1
ABMD/2011/page_33.pdf-1,ABMD/2011,4,UNKNOWN,,5035da019695cc2d0fc31792357e46b2f022f7f6ab39f74bc4bb44aee3f17dfe,frozen_numeric_free_text_error_1
EOG/2016/page_80.pdf-1,EOG/2016,3,KNOWN,1,d27571731fbc588c9e8e34a5808597a6ee4b45f512c2441ce6163169d1fcc2d0,frozen_numeric_free_text_error_1
AAPL/2013/page_27.pdf-4,AAPL/2013,4,KNOWN,1,bfbd3a07979cfa5949039e90f83fe03c46bad9a6a555986ad70604eb9bfb8d0e,frozen_numeric_free_text_error_1
ETR/2017/page_20.pdf-1,ETR/2017,4,KNOWN,1,e15b8a704edd611ae27c56aff6570fa9463a860b79d937dff120eaef196e698e,frozen_numeric_free_text_error_1
ETR/2008/page_313.pdf-2,ETR/2008,0,KNOWN,0,cb1016da5dd78359c9556370f3a51eb69f4b65496062c8f526b29799f0f74808,frozen_numeric_free_text_error_1
PNC/2017/page_76.pdf-1,PNC/2017,1,KNOWN,1,d95d3f3fe56ce2b6af000a7b5f38942dd19adcdc4a4cbfabe21b434da9cc56e7,frozen_numeric_free_text_error_1
ETFC/2015/page_25.pdf-1,ETFC/2015,3,KNOWN,1,306ae6dc6cdb8514b7c736f10998f72d3ee44abc0ae6051a31f56a308aee9a30,frozen_numeric_free_text_error_1
SNPS/2012/page_61.pdf-3,SNPS/2012,1,KNOWN,1,e165d6600818c41f3f0e2aa19ea790ebf9b6703fd3cb81e94bdd184e08620be9,frozen_numeric_free_text_error_1
HWM/2015/page_123.pdf-2,HWM/2015,1,KNOWN,0,5af1090421ce458bbd10c137fe18b769f6606cca7e1cc9adcb9df7f5ce036edd,frozen_numeric_free_text_error_1
LMT/2013/page_26.pdf-2,LMT/2013,2,KNOWN,0,bd51c7f85fe0df5743caf24e60f2d28d3ed2a50f4f94a2021c74e73b28b3c2c1,frozen_numeric_free_text_error_1
AWK/2013/page_123.pdf-3,AWK/2013,4,KNOWN,1,da7aefd3f36ebfdaec700fe1bc26a032b8668e0fe52e7a533c7be2ad6713f031,frozen_numeric_free_text_error_1
DRE/2016/page_59.pdf-1,DRE/2016,2,KNOWN,1,9f485a52b8af30bc74bb0c2eef6f2e9ec4e16ee75056dc424901f771e6b2dc8a,frozen_numeric_free_text_error_1
EW/2016/page_36.pdf-1,EW/2016,1,KNOWN,1,fbe7f27465ea36f71425bffb532cd0ed6f9879cb68d949cd178eaa2f135e5e00,frozen_numeric_free_text_error_1
DRE/2007/page_39.pdf-1,DRE/2007,1,KNOWN,1,4e88e95401fc7d61014e91964810d732a1cf00ba732912e74160e92283cfa565,frozen_numeric_free_text_error_1
C/2008/page_193.pdf-1,C/2008,3,KNOWN,1,ae563ef0e46462b4bdf1e922059dad951917735ed4b05a99a96f5ca17ae35a9b,frozen_numeric_free_text_error_1
BLL/2006/page_94.pdf-2,BLL/2006,1,KNOWN,1,5dbe3997ecc21b225917ec842a62b0511f9c504006909b38c92f3a7208df4db0,frozen_numeric_free_text_error_1
KMI/2018/page_14.pdf-2,KMI/2018,3,KNOWN,1,c03eeb1ecceea4b765e63e940543ec804d329a795e2ed319aa428eb7399bb9fd,frozen_numeric_free_text_error_1
CE/2010/page_134.pdf-1,CE/2010,3,KNOWN,1,f5c46ab41dee318ebc9536ff33207f98f16d03ab3812729edb89f71b14fae368,frozen_numeric_free_text_error_1
JPM/2015/page_77.pdf-5,JPM/2015,3,KNOWN,0,b7bf4065909fa9b6f8f37d18cccbd111d7c46904521f51cf73f34e4ef369e530,frozen_numeric_free_text_error_1
MMM/2015/page_52.pdf-1,MMM/2015,1,KNOWN,1,24a1d5e7d16254c42d9aeb220d7a7d261d6c2c4b233e3655bbff6b9848798798,frozen_numeric_free_text_error_1
AAL/2015/page_51.pdf-3,AAL/2015,3,KNOWN,1,58c14bd0fb6b22f7d761720a671b0e14fa4ab9e3ce84694a4e28cde515f808d2,frozen_numeric_free_text_error_1
BLK/2014/page_33.pdf-1,BLK/2014,4,KNOWN,1,61a83f28ccc82efc57ffd0c465edd6148a9a1d28d7a84517bb000def02bdc7be,frozen_numeric_free_text_error_1
HIG/2014/page_126.pdf-3,HIG/2014,3,KNOWN,1,45d7eacc572d0fa5ed0ee0ec138ee6a4134a22f0a7f23132283365cc59e5a6da,frozen_numeric_free_text_error_1
ETR/2016/page_18.pdf-3,ETR/2016,1,KNOWN,0,32ff60dc8ae81e2dfa4e5832c5652a360e53f45f11965b9be1cd2ccefbc0d6e5,frozen_numeric_free_text_error_1
RL/2014/page_11.pdf-2,RL/2014,4,KNOWN,1,041befa92c0412aa86f6ffae9c1dc718a9bf7791caa00848fee07de2ce399b98,frozen_numeric_free_text_error_1
AON/2013/page_32.pdf-1,AON/2013,3,KNOWN,0,f55fc6cea4e3434e8bd3814d33510d489ce1de192504f207938414242e670f47,frozen_numeric_free_text_error_1
JPM/2013/page_158.pdf-2,JPM/2013,2,KNOWN,1,bd0ba3ebcb527b9d57d1fa4f8522a0f2828ed8799fc8a1fb864130e2251a4d81,frozen_numeric_free_text_error_1
ADBE/2018/page_66.pdf-2,ADBE/2018,1,UNKNOWN,,c60aa2f6e841d738df1c27f4472015f22d3f42dc09fb5e5d6256a57831147bf9,frozen_numeric_free_text_error_1
FIS/2012/page_30.pdf-1,FIS/2012,3,KNOWN,0,d6f9f0ec34e3381f1069f7e32bbac21e67825bcfcb6f862055b480f53f3bddf7,frozen_numeric_free_text_error_1
BKR/2017/page_105.pdf-1,BKR/2017,4,KNOWN,1,cb09798e57b324f6520d209c936f43d10835e5ec08d9bb69cbc0d1a3a25b837c,frozen_numeric_free_text_error_1
CE/2009/page_121.pdf-3,CE/2009,4,KNOWN,1,119aab8330c4b4d158e868373b72750ebe73b8f3d2e35d3ee349055a03b8e638,frozen_numeric_free_text_error_1
UNP/2009/page_89.pdf-1,UNP/2009,2,KNOWN,1,360dd7159a0c8609f9a8b0a36b30b770dcadeca4f72adb3aa2180e0aa9ed4f28,frozen_numeric_free_text_error_1
VTR/2006/page_88.pdf-1,VTR/2006,0,KNOWN,1,a89524a09e14a41c739a7ec1d2f4a8cfe4b3995bb7da777400fc037629a3d60d,frozen_numeric_free_text_error_1
AAL/2014/page_59.pdf-2,AAL/2014,1,KNOWN,1,bb6bae9c4c70576b335981fcd5f3328396a1eb5da3bacd7f5fc808626666e341,frozen_numeric_free_text_error_1
SWKS/2012/page_116.pdf-2,SWKS/2012,0,KNOWN,1,176312692890c0fff1bd6ede267abbcd905b715167d7fb0fa02f304601fe73aa,frozen_numeric_free_text_error_1
MRO/2009/page_127.pdf-3,MRO/2009,4,KNOWN,1,c8c3249366a4b8071fbb0c7774ed4f1f4c11bd2c82880d973a18fb81b6f61beb,frozen_numeric_free_text_error_1
DISH/2011/page_130.pdf-2,DISH/2011,3,KNOWN,1,222ac8c87e0d797c3fb537478c9a57de323654dc8a946a1273f832a7f4827d84,frozen_numeric_free_text_error_1
DVN/2011/page_84.pdf-1,DVN/2011,2,KNOWN,1,13bdabbb1d8b20ae86e95458e8baf1d3ee1f047aa07713e3c3621cfe9f50f632,frozen_numeric_free_text_error_1
MMM/2012/page_105.pdf-1,MMM/2012,2,KNOWN,1,2427c05a6116e5d05f017bb9f6e0ea26e19cc4df04f9798c082755da41c01721,frozen_numeric_free_text_error_1
LMT/2013/page_26.pdf-1,LMT/2013,2,KNOWN,1,581021fe39153e7e86169754356dcaddf18e3bf4864aa34c7e657180af6b9804,frozen_numeric_free_text_error_1
EOG/2018/page_99.pdf-1,EOG/2018,3,KNOWN,1,475bda40e297f1e342d67d3359181a50523d5ae8341ca94ebbee007e5708a841,frozen_numeric_free_text_error_1
AAPL/2018/page_23.pdf-2,AAPL/2018,1,KNOWN,0,fd2d994c7c9b1360864132e9a942d10d6d361174b60ee7217e96ab05bea841e6,frozen_numeric_free_text_error_1
DVN/2015/page_92.pdf-3,DVN/2015,1,KNOWN,1,57d05b219528443d20751495eebcf9b41bd5e74f43cb837927a7893a615f2003,frozen_numeric_free_text_error_1
PNC/2011/page_209.pdf-3,PNC/2011,4,KNOWN,1,e9529ed9d907afb6c9b5b28f4e916bf2c910a5d29622b1e09568823fca008b7c,frozen_numeric_free_text_error_1
AAPL/2011/page_37.pdf-1,AAPL/2011,2,KNOWN,1,118ce6d94ec3739ff265cd1b2a7035f9510853daa3227809a35c55814fbd0a1f,frozen_numeric_free_text_error_1
CDNS/2012/page_31.pdf-1,CDNS/2012,2,KNOWN,1,df088c13a8efe80f161846bfbf7584676a80bd0a793ad12d81ced666b86c95d2,frozen_numeric_free_text_error_1
ETR/2004/page_258.pdf-1,ETR/2004,1,KNOWN,0,aebf82c273c0d25996ef7278ac6af72bac8a374246c0f4d5d91e9aaaf71afce5,frozen_numeric_free_text_error_1
JPM/2015/page_77.pdf-3,JPM/2015,3,KNOWN,0,e8377b769c24572e973badfa0fee7914fb14c3010ba4d67485c377b021898b16,frozen_numeric_free_text_error_1
INTC/2013/page_47.pdf-1,INTC/2013,4,KNOWN,1,85f91c57ffccd5cd3b8ab90f16b15af5cee5ba2eac2fa75f2c2b242763186c62,frozen_numeric_free_text_error_1
C/2008/page_193.pdf-4,C/2008,3,KNOWN,0,0ce66f5fbe9494a5af029f8d6be192a969d36968e29247799606c7f514c90c49,frozen_numeric_free_text_error_1
WELL/2017/page_48.pdf-3,WELL/2017,0,KNOWN,1,ac9a541cfee235ae9c63620aadf18e6e0cf972eaa78ecae5d8195ca18c57830b,frozen_numeric_free_text_error_1
JPM/2008/page_177.pdf-1,JPM/2008,4,KNOWN,1,53ae6c445428b2b724c0aee3e000a76c4454bf83ad950c7a6697348f2568135f,frozen_numeric_free_text_error_1
INTC/2013/page_47.pdf-2,INTC/2013,4,KNOWN,1,dcf195dc7ede4d3c8d6b51bd6398270801819ee5ddeefe019383a63c4d48ac4b,frozen_numeric_free_text_error_1
EOG/2017/page_85.pdf-1,EOG/2017,1,KNOWN,1,00a20a54af1369dae4fc175f983efd0852a1295a86973ab0b4c02f82ee16fe23,frozen_numeric_free_text_error_1
DISH/2015/page_142.pdf-2,DISH/2015,2,KNOWN,1,8fe38506f06c5d16e35ccddf21d9d2169d2e814782539326728501482fe6c924,frozen_numeric_free_text_error_1
GS/2018/page_108.pdf-4,GS/2018,2,KNOWN,1,7bf5c27a1afa033df218f1c985e70ee75c152516213191b58c074ca3aaaa1a04,frozen_numeric_free_text_error_1
AMT/2005/page_83.pdf-2,AMT/2005,0,UNKNOWN,,e5ded897f9bc63385c72c173cd088b591dc8b6256cf611adc23b4ec5f4c9587e,frozen_numeric_free_text_error_1
BLL/2007/page_87.pdf-3,BLL/2007,2,KNOWN,1,7081c9c0ffdb7e26e6803f886d07be51788f8a0e29668d5c7766fb76a85b27af,frozen_numeric_free_text_error_1
IP/2007/page_38.pdf-2,IP/2007,1,KNOWN,1,12938812402fc047513775b1d7f91b7d935d0e22db95ecc2783016ab64165ba1,frozen_numeric_free_text_error_1
TFX/2017/page_48.pdf-1,TFX/2017,4,KNOWN,0,31fec00f7120f8a6b4b1d14167aabe929159b5ef1552c906933701be6d4770f4,frozen_numeric_free_text_error_1
LMT/2015/page_52.pdf-4,LMT/2015,2,KNOWN,0,3f7b566186ff8b5ca79a5a31b6d783f3321b4eb0bc5c73d252c612180ea2bb03,frozen_numeric_free_text_error_1
LLY/2008/page_45.pdf-2,LLY/2008,1,KNOWN,0,49abd39a39b4c612706269ee9530b2e6f3f2425c562f2df29c323b8aa1e305b6,frozen_numeric_free_text_error_1
AMT/2012/page_111.pdf-1,AMT/2012,2,KNOWN,1,a71aa5022dbcb2c936fd9dd4237512415e1d8367ef61605654af7b3c04bc8e41,frozen_numeric_free_text_error_1
AAL/2015/page_15.pdf-3,AAL/2015,3,KNOWN,0,8f7dc280ceb9f67180c5caf49f246a2726fb0c66f564e5bb5acb2a21e7479d34,frozen_numeric_free_text_error_1
ETR/2017/page_175.pdf-3,ETR/2017,,KNOWN,1,774bedea80be911117de92da7bdafa6e06adee8f69b85c307ba5c4d346ae3dba,frozen_numeric_free_text_error_1
IQV/2016/page_57.pdf-2,IQV/2016,0,KNOWN,0,5f51e613d64775ae55180c1905bc35997c1c7d3d73fafd2c4846a9299cbdcefc,frozen_numeric_free_text_error_1
V/2009/page_88.pdf-1,V/2009,2,KNOWN,1,79620c829ad1d65e6ee2c781d1ba49acf82aceccfef0d7ccb78e88136ea1f3a5,frozen_numeric_free_text_error_1
BLL/2010/page_39.pdf-3,BLL/2010,1,KNOWN,1,b1a26e5ad229059ec9720b152378d0c36095946634f4dbdd72c566041df18c3f,frozen_numeric_free_text_error_1
CDNS/2018/page_82.pdf-4,CDNS/2018,1,KNOWN,1,2bea78eeb465e84a4ec7fe76f756d20197609325bc342abae0faa516ebf093d6,frozen_numeric_free_text_error_1
ETR/2016/page_17.pdf-3,ETR/2016,1,KNOWN,1,5ada6d7bf74f5ba60c130947cb881cb11a96209daa5fb620140f02385e77cf8f,frozen_numeric_free_text_error_1
AAPL/2013/page_27.pdf-3,AAPL/2013,4,UNKNOWN,,9ba4a56e18e9e71a3573377c69e7c49d5de608db4123b2dca55db8029ee5ccff,frozen_numeric_free_text_error_1
IP/2005/page_31.pdf-1,IP/2005,2,KNOWN,1,95f1e88df5417db247455e9d34b7ac364af518d21803597fc8c3183e402eabdf,frozen_numeric_free_text_error_1
ADBE/2018/page_71.pdf-2,ADBE/2018,1,KNOWN,0,277ca7e58230c36e73c57101ee140cc8914a0f42e94f2b540733ef372e95bb1d,frozen_numeric_free_text_error_1
MRO/2008/page_145.pdf-1,MRO/2008,2,KNOWN,0,95037a68812a0237a9e9b4a721d44930590a70545d178fe21b23900e8f22a73f,frozen_numeric_free_text_error_1
RL/2016/page_9.pdf-1,RL/2016,2,KNOWN,1,cab3a0c43750b7dea4cebabc53489fd41e23d93a42442b8d0c2e9a6378d84c52,frozen_numeric_free_text_error_1
WELL/2017/page_48.pdf-4,WELL/2017,0,KNOWN,0,8ba0212b21375f9730e98900e884896fb68fee4b0c96bfbc7dd553395baf8f6c,frozen_numeric_free_text_error_1
MMM/2007/page_36.pdf-1,MMM/2007,2,KNOWN,1,32eab1e66cc111ac9fb35e4b27613f5e8ccdd87147c0499300fb085e504c1c8f,frozen_numeric_free_text_error_1
HWM/2015/page_87.pdf-1,HWM/2015,1,KNOWN,1,8b9f473800cc030112baf0eeaf6e0e0a79ec4facf781e0d5e8828caf16e45915,frozen_numeric_free_text_error_1
ETR/2008/page_212.pdf-4,ETR/2008,0,KNOWN,1,b8640ca5ca01bc2d1cf46ff3395aa82b5bc9dbbb8a06b0768261d3c9a720a8e7,frozen_numeric_free_text_error_1
ETR/2008/page_212.pdf-1,ETR/2008,0,KNOWN,1,0942fdab21e90d0a51f36798005f948164c503a5bf6ca24047024d67b17ec65e,frozen_numeric_free_text_error_1
IP/2015/page_44.pdf-2,IP/2015,1,KNOWN,1,6a7f39a34e4f2a121dc43a1da1177b798f7a49c059c915d298c105cfb445510c,frozen_numeric_free_text_error_1
AAPL/2004/page_83.pdf-2,AAPL/2004,3,KNOWN,1,d60f029a86f97889de53d6fb140a3ce4a498ae961a20f483f5e4b05a84e451c5,frozen_numeric_free_text_error_1
CDNS/2007/page_30.pdf-3,CDNS/2007,2,KNOWN,1,22b8d6d7038122af91112c4f7123a191196fcc293b16a1b8a1783d27ed9b06a3,frozen_numeric_free_text_error_1
JPM/2003/page_44.pdf-4,JPM/2003,4,KNOWN,1,0ee7c391042aed86c7bcd36cea43a17e1e2ace7f322c62ca5807cf241b86bdf5,frozen_numeric_free_text_error_1
AAPL/2011/page_37.pdf-2,AAPL/2011,,KNOWN,1,08bd8417c10d49c5483b1529b200da456967bf9d763126c67a4d56fc9d4c85dd,frozen_numeric_free_text_error_1
UNP/2009/page_61.pdf-2,UNP/2009,2,KNOWN,1,b5166ea883b01afdb7c678575e58eea4d0e1cf3544026a2c18c5e82b19ba9984,frozen_numeric_free_text_error_1
UNP/2015/page_80.pdf-1,UNP/2015,0,KNOWN,1,79c0a0c037636e3590cde5a512985b2fd4baca4e1ea76fce4d904f487856fee5,frozen_numeric_free_text_error_1
VTR/2007/page_97.pdf-4,VTR/2007,4,KNOWN,1,a63e9de0c8866e2e35fccf1a9ab2cedc6572f8607b09f608ba82c07ce8ef6b91,frozen_numeric_free_text_error_1
MRO/2008/page_42.pdf-3,MRO/2008,2,KNOWN,1,dc6b0c310f01172bdf9299682662555737c2a92e17e58ce72fddca31cd160e45,frozen_numeric_free_text_error_1
DRE/2009/page_59.pdf-1,DRE/2009,0,KNOWN,1,39fb88ba38a782b23c8d9affb7495a87a08f1806a5102276bdcc9ad945c6ffa5,frozen_numeric_free_text_error_1
GIS/2018/page_59.pdf-1,GIS/2018,3,KNOWN,0,1144272836d5cb4b16f35d63425aee30a0397582746fbeab783d67db9f8f25b6,frozen_numeric_free_text_error_1
MAA/2018/page_19.pdf-1,MAA/2018,1,KNOWN,0,529e62adfb3939330a044ba62d2fc330fb5622aaaa1f04675f75fd1b42522996,frozen_numeric_free_text_error_1
AWK/2015/page_112.pdf-3,AWK/2015,0,KNOWN,1,c265ecd9d41341d90215becb3ac9f762fd8b98d5e610f712faa1bb47d48b2472,frozen_numeric_free_text_error_1
GPN/2009/page_68.pdf-2,GPN/2009,1,KNOWN,1,e5e12daf3f69b52768b2a478e2f64dc8a5f9ba385c4012d9a91d485a1318be96,frozen_numeric_free_text_error_1
AES/2011/page_270.pdf-1,AES/2011,1,KNOWN,1,c5488550f97bf2320082a88c8fc34bfae5ba29581760a6b3a90cdaa19dd8c18a,frozen_numeric_free_text_error_1
AAL/2014/page_92.pdf-4,AAL/2014,1,KNOWN,1,858ff347310421c4918948906c7f15dd779d27d5def96220757fbecba577c905,frozen_numeric_free_text_error_1
WELL/2016/page_61.pdf-2,WELL/2016,0,KNOWN,1,60c52ce7733093c35e2bc16b5bcbf3143035dc6a06fc595017e23a71aa49a554,frozen_numeric_free_text_error_1
C/2009/page_141.pdf-1,C/2009,2,KNOWN,0,24f0768dd5b9ff4ff960ad9657d58a607da4a6ffe843486eaba47dcc1cb62b55,frozen_numeric_free_text_error_1
GS/2017/page_176.pdf-1,GS/2017,2,KNOWN,1,950f114d610a9ce9b61edafe42dad3fb66f71bf1640897782cc9858376b8e6db,frozen_numeric_free_text_error_1
AWK/2018/page_131.pdf-2,AWK/2018,1,KNOWN,1,2535f6013f8f7b102a7d884347d7909283348635073f47aaaf0fc161248cfb65,frozen_numeric_free_text_error_1
DVN/2007/page_78.pdf-1,DVN/2007,4,KNOWN,1,2380ac960f82d5a5ec8d3a2c34d4011f9522945aafae65d4f7a87dd0eaac630a,frozen_numeric_free_text_error_1
AMT/2006/page_107.pdf-3,AMT/2006,0,KNOWN,1,bddcd36e931f319ec5853503f3944633e4563c5b0975dd550111fd6cfb774af8,frozen_numeric_free_text_error_1
GPN/2007/page_18.pdf-1,GPN/2007,0,KNOWN,1,08b15849065a6326106da0201153604e2fc762ade7091cb663b3bae8d61fe3ce,frozen_numeric_free_text_error_1
DVN/2017/page_31.pdf-2,DVN/2017,0,KNOWN,1,5cdba43bc52894f7acaa8074dccf04dcd8f5482f5170b4af92660551f5c20886,frozen_numeric_free_text_error_1
UNP/2008/page_26.pdf-2,UNP/2008,0,KNOWN,1,a1cf92a9ba2804b2bf0347a9f07c93282b5747b1c6d4d148809e5d17141aca6b,frozen_numeric_free_text_error_1
UNP/2013/page_14.pdf-2,UNP/2013,3,KNOWN,0,f5d26e8d64fac9c865d9c78ce592afafde8d275bc711e085e845897170dab10f,frozen_numeric_free_text_error_1
MRO/2008/page_41.pdf-4,MRO/2008,2,KNOWN,1,a0de0948916c9c8895c33bcf0cf4a4946c6e3b36b29f3e62ba75b4cde2ec6baf,frozen_numeric_free_text_error_1
AAL/2015/page_183.pdf-4,AAL/2015,3,KNOWN,1,f1a598134a75a4402f19dcb84ba05b800df5a24453bb00a1f575ffb29a36d136,frozen_numeric_free_text_error_1
AMAT/2015/page_33.pdf-1,AMAT/2015,3,KNOWN,1,0e0eb8808a2e595fd6981ba09c0166634b50987b2224bfa1f4240e5bc4862b9d,frozen_numeric_free_text_error_1
UAA/2016/page_83.pdf-4,UAA/2016,0,KNOWN,1,86b0e480a1b4089bd0707917e42d363f55eb9206ef6d6104d64976d0d0256c1d,frozen_numeric_free_text_error_1
APD/2018/page_41.pdf-1,APD/2018,2,KNOWN,1,7d369d57bfe78fef8a2a10c49ddfd1fba3ef5144ea26a0a428eeb3b034946fdc,frozen_numeric_free_text_error_1
TMUS/2016/page_32.pdf-3,TMUS/2016,2,KNOWN,1,b7b2340ee50718d99f6e35d6dbd449bbd142fc6f9d4468625171ebbee65937be,frozen_numeric_free_text_error_1
RCL/2005/page_40.pdf-4,RCL/2005,3,KNOWN,1,26fddb9335a5635c283620757d0516a96628aaefe6ded7d04535d6c755194e3c,frozen_numeric_free_text_error_1
C/2008/page_189.pdf-1,C/2008,3,UNKNOWN,,c2aafc95f38e2ef7e055199164c2fb73598942fbcce50e14f65366d802528908,frozen_numeric_free_text_error_1
JPM/2012/page_109.pdf-1,JPM/2012,3,KNOWN,1,cbe551fcd0f29e6909c2cc9e598419c6d3007ef6229071e53e383c649b2a77bd,frozen_numeric_free_text_error_1
GS/2015/page_80.pdf-2,GS/2015,0,KNOWN,1,e77794fefa0a6d71f06612652571652b9fd12d46e91613ba8074f3d3dc29f015,frozen_numeric_free_text_error_1
JPM/2012/page_157.pdf-1,JPM/2012,3,KNOWN,1,dd8dc6f1cba49d2ac88b53b50b3b1a884e0a83ab5d288c6c24be6bbf1e350e48,frozen_numeric_free_text_error_1
AWK/2017/page_136.pdf-2,AWK/2017,4,KNOWN,1,8ebab167b46a694e721042376eca060ae91a816f54c732f3dcd1149e19e0a0f0,frozen_numeric_free_text_error_1
SNA/2007/page_80.pdf-2,SNA/2007,1,KNOWN,0,8d14f806cb837953b076a350a22ce8c3b05dffe8936b998c7964bcaf868535f1,frozen_numeric_free_text_error_1
IP/2014/page_101.pdf-2,IP/2014,4,KNOWN,1,f4e3ea43ff5d9e44256dadc8d43febc618fc691e3702f567fd1c96fcf5e77e4c,frozen_numeric_free_text_error_1
ETR/2002/page_266.pdf-2,ETR/2002,1,KNOWN,1,f08574ac47461d7c81c659bb410d8fb0f9814bfeb63da72fd1e34dbd602da4c7,frozen_numeric_free_text_error_1
STT/2009/page_122.pdf-3,STT/2009,2,KNOWN,1,c964f34450a266d0f83d18887a29e424382cee519bad79d72677a3292a1e9e66,frozen_numeric_free_text_error_1
DISH/2014/page_142.pdf-2,DISH/2014,3,KNOWN,1,216fba329b9062ed8d41f726a7705d7f809dab3a03f887819d51b0a1bd7a0fca,frozen_numeric_free_text_error_1
K/2013/page_27.pdf-2,K/2013,4,KNOWN,1,02f2ea0d3f0e1078f799ef96c54cc4d36ec2e65c74c55b1e2ad3af4c97bf8143,frozen_numeric_free_text_error_1
FIS/2016/page_64.pdf-1,FIS/2016,0,KNOWN,0,ba7a77dce3491a8d21cff7d11c202d3ede8d7316bffa3212b99127410230d383,frozen_numeric_free_text_error_1
ORLY/2015/page_28.pdf-4,ORLY/2015,4,KNOWN,0,9294d4cb6d52d4ecdc4de34b83aba5cf16f9d06772e8414363a8950b04a48eba,frozen_numeric_free_text_error_1
DISCA/2012/page_54.pdf-2,DISCA/2012,1,KNOWN,1,95c6bb056b330483d386d24385d1e83f4ea96b40714ad553ceffa96951739d6c,frozen_numeric_free_text_error_1
IP/2005/page_31.pdf-2,IP/2005,2,KNOWN,1,d8c467104bc0937e7ac816c06e22c173ad4118cead5c581316c29d566315564d,frozen_numeric_free_text_error_1
VTR/2006/page_88.pdf-2,VTR/2006,0,KNOWN,1,ea44ea00a5804240358e3f7da77807f7e03d94cf9cd430dc279d8c2385a513eb,frozen_numeric_free_text_error_1
C/2009/page_248.pdf-3,C/2009,2,KNOWN,0,28c3dc86ecb511912de08c9e48996f06c26a6f7355ee6b09ac64e61b7bde4b01,frozen_numeric_free_text_error_1
IPG/2009/page_67.pdf-4,IPG/2009,2,KNOWN,1,8d55f39331aa8c93f0eab48c94391f28ac3b2eb662f7f4f5378b6ad10567d54e,frozen_numeric_free_text_error_1
MRO/2008/page_70.pdf-3,MRO/2008,2,KNOWN,0,48f96a322fb50e78cd48405ed04870f01d02c011c92056eeda7eb6a8af3dbc8d,frozen_numeric_free_text_error_1
TROW/2011/page_13.pdf-2,TROW/2011,1,KNOWN,1,8ecb1d9bc01a1ef43ea60ee15c65dcc2bbd1bc4850b824b544ee2f02111a6551,frozen_numeric_free_text_error_1
STT/2012/page_42.pdf-1,STT/2012,4,KNOWN,0,7472ed77c1de2eff1302aa9c3c7ae34e5a0bc8e388bc6c7e5457acaf839bff4c,frozen_numeric_free_text_error_1
LMT/2015/page_86.pdf-1,LMT/2015,2,KNOWN,1,f439b28116a2989f3a79cf9c4055258cd722f000a0ed19bbcf7ade26b38c32aa,frozen_numeric_free_text_error_1
CE/2010/page_150.pdf-1,CE/2010,3,KNOWN,1,7a636b180cf2a6377235882684146496064e105f27c375d10fe9f178f9feb9a7,frozen_numeric_free_text_error_1
ETFC/2007/page_22.pdf-4,ETFC/2007,0,KNOWN,1,1a8836bc4adfd22a32ebf1ee5bf5874d981fd54cfbefb132f129734782ca29c3,frozen_numeric_free_text_error_1
INTC/2013/page_47.pdf-3,INTC/2013,4,KNOWN,0,8420494ac8e7ff6527992fd4b3ec9185fb331324126b906b0aab219bef20fb02,frozen_numeric_free_text_error_1
PKG/2001/page_78.pdf-1,PKG/2001,1,KNOWN,1,ef58f14232bfc6dcfae97a245f592c0494672c52936a2a53f9e96d5c99a92cfe,frozen_numeric_free_text_error_1
K/2012/page_44.pdf-1,K/2012,3,KNOWN,1,726bf196d937f0b751a91b5a62e47815fa2cae9970b9420328e111ae4c7aab3b,frozen_numeric_free_text_error_1
STZ/2005/page_57.pdf-4,STZ/2005,0,KNOWN,0,8cc4f822803af21816678386a1bff5031d2f01046de762190a292187266a960b,frozen_numeric_free_text_error_1
EL/2009/page_112.pdf-2,EL/2009,4,KNOWN,0,64cacf1fd3f73032b3dc3d8e27348c8522d324388d8227c99c75286d35f74b72,frozen_numeric_free_text_error_1
AAPL/2015/page_56.pdf-1,AAPL/2015,3,KNOWN,0,1a70b1bbdfa2e259c0b27d35033fa699cbc3edaf61971164e20363639a0f480c,frozen_numeric_free_text_error_1
JPM/2009/page_183.pdf-5,JPM/2009,3,KNOWN,1,6200ba4465b5b0ff1dc530b5b76a6b77f74122c8f2af55264c106c35fc03be47,frozen_numeric_free_text_error_1
ETR/2009/page_141.pdf-2,ETR/2009,2,KNOWN,0,5a1f4303405a27a2c017d173cfdace1e5884e9fdbc502366f6421d0717de6f33,frozen_numeric_free_text_error_1
UAA/2016/page_83.pdf-2,UAA/2016,0,KNOWN,1,d7af09d482579d1a1300606487eec27b0a6aaa491a384837cbfebee024ee1f05,frozen_numeric_free_text_error_1
UPS/2013/page_56.pdf-3,UPS/2013,4,KNOWN,1,c97da0151120bafb766221c96d753864e730a0f7d1da536e761e9b5dcaed32f2,frozen_numeric_free_text_error_1
GPN/2016/page_69.pdf-2,GPN/2016,1,KNOWN,1,1a5e7d7004e75cced2d9408c5696fe722c07636cefdd7d41ab0232f61ab19da8,frozen_numeric_free_text_error_1
AAPL/2006/page_93.pdf-1,AAPL/2006,4,KNOWN,1,4a4779a5d37bde9d69d8be2a0b468a49d80d6e65ffbfaa95a216d23d6b716a12,frozen_numeric_free_text_error_1
ETR/2008/page_343.pdf-4,ETR/2008,0,KNOWN,1,6d25f903ae3d1acd74ae2fbef3a0827a92335be2746ed251e5cf70353199c67c,frozen_numeric_free_text_error_1
STT/2012/page_42.pdf-3,STT/2012,4,KNOWN,1,b0853eebf4e743b69b5893c265bf679b75a99d27fbf44dfe48700dd91adb068e,frozen_numeric_free_text_error_1
AWK/2018/page_142.pdf-4,AWK/2018,1,KNOWN,0,6e07c816f8ce665541e588555f52afba1f4e79766832dd7535e01c8cbdd490c9,frozen_numeric_free_text_error_1
BLK/2016/page_35.pdf-2,BLK/2016,1,KNOWN,1,642e9606c1b36819a757def8684e3d15b0881f1dbda3dfe0ade8812c9e9bb08a,frozen_numeric_free_text_error_1
CE/2010/page_134.pdf-4,CE/2010,3,KNOWN,1,dd60a52a46c59937e912bcce58418500116d269f82d47ec846743fbe0c1a32f6,frozen_numeric_free_text_error_1
ETR/2004/page_186.pdf-1,ETR/2004,1,KNOWN,1,0af80f13e44aafb27e98cccce9e67430be8eb38bfa730240999b04ad53f1ba2b,frozen_numeric_free_text_error_1
RL/2016/page_9.pdf-2,RL/2016,2,KNOWN,1,ef6f7f777064b999f3c9bdeebec80dcbd97e30aa22d6fd96036c1997a949f81c,frozen_numeric_free_text_error_1
SNPS/2012/page_64.pdf-2,SNPS/2012,1,KNOWN,0,15b9bb3c9487d8739d95701296028a6780aed49b6c628fad2ad4521fac4e77de,frozen_numeric_free_text_error_1
HIG/2014/page_126.pdf-2,HIG/2014,3,KNOWN,0,7f2b21359e2a79943c86029c440dfd6f1d697f376286785958658299f63688c6,frozen_numeric_free_text_error_1
LMT/2016/page_87.pdf-2,LMT/2016,1,KNOWN,1,e7df5cd0e92018d23a3ef34457788b12b4284c1285c55c2887602aae26d8110f,frozen_numeric_free_text_error_1
GS/2013/page_184.pdf-2,GS/2013,3,KNOWN,1,87f8d4d94aa76f021d41a4cea972cd43843574bde341f296f08729caada3b3a1,frozen_numeric_free_text_error_1
ILMN/2006/page_92.pdf-3,ILMN/2006,0,KNOWN,1,2589ba775e3ab3c5ffbb09496a30a6f6c4ff7283a75e9362fd42de38b9309452,frozen_numeric_free_text_error_1
RSG/2018/page_139.pdf-2,RSG/2018,1,UNKNOWN,,d927a9af3dddb8f9b68a8a5749d2461dd7d4ccd5e18c2a6f87fee8f2ee72c53d,frozen_numeric_free_text_error_1
GS/2012/page_64.pdf-1,GS/2012,4,KNOWN,1,e6f5c58071d54d5d4259d96daba5b8ac38faef804b9a9534a57f3a1346dfb2b0,frozen_numeric_free_text_error_1
AWK/2018/page_150.pdf-2,AWK/2018,1,KNOWN,1,a5f221f4d084d8edb8fa87ff2dcd5b70d37f482b9c5c510eae1fab41b84840bf,frozen_numeric_free_text_error_1
UA/2011/page_66.pdf-1,UA/2011,2,KNOWN,0,93d915978b0142f3c0d086214aeb960c07ee4fd832f2b6aa8b5a76b7de03ec30,frozen_numeric_free_text_error_1
BKNG/2017/page_35.pdf-3,BKNG/2017,2,KNOWN,1,3a4653d895a0a388df46423f585003c909eb111a0d1aaeb7c3c6e4793d33e1a3,frozen_numeric_free_text_error_1
PKG/2001/page_86.pdf-3,PKG/2001,1,KNOWN,1,a0ef01ca77cda9214d21ec2c8b79a7e86fbfc45158226b2f625b3b0d49f597b1,frozen_numeric_free_text_error_1
LMT/2007/page_39.pdf-2,LMT/2007,1,KNOWN,1,09c3d441cf3a897945fd6151e73ca5b2bcfcec5978d321520e0159251e7afff2,frozen_numeric_free_text_error_1
FIS/2010/page_89.pdf-4,FIS/2010,4,KNOWN,1,bf0e951f9af56237f905fdc02b0165d7a29be228de4fe180a868a9515e310376,frozen_numeric_free_text_error_1
AAP/2011/page_16.pdf-1,AAP/2011,1,KNOWN,1,c6724a5360f5c9d5ef713a500e60367c4bf43768bbee780a473e9222ea2d5fa0,frozen_numeric_free_text_error_1
JPM/2012/page_109.pdf-2,JPM/2012,3,KNOWN,1,118f13b278c5395f9ba91b9c61ca0a8bf7242f1f26d3d5dd251f64feec8f28d2,frozen_numeric_free_text_error_1
CE/2016/page_88.pdf-1,CE/2016,0,KNOWN,1,3cb6fbeabbbb9ba8295988c5fc25864e599900658d39303019fc9536f14160e5,frozen_numeric_free_text_error_1
AAL/2015/page_83.pdf-2,AAL/2015,3,KNOWN,1,aad7d0c4fba724f8dde10dad69ee42696494ad9b3ef20115b0c52ec68ea0ffbf,frozen_numeric_free_text_error_1
AMT/2005/page_83.pdf-1,AMT/2005,0,KNOWN,0,5a48a92ed120a6b5f88dac7932e1d0d4044025614986a69b3c9dd819044534f9,frozen_numeric_free_text_error_1
UNP/2008/page_81.pdf-1,UNP/2008,0,KNOWN,1,82fc62ff79ed2586b2e4b918c249440e8b9bf818d35798f206962cbaa9e1e154,frozen_numeric_free_text_error_1
KMI/2014/page_18.pdf-1,KMI/2014,3,KNOWN,0,667813df49cfe0289db83a06d2202fd941c9f1d527cfc68fe855f768a17a614e,frozen_numeric_free_text_error_1
VTR/2007/page_48.pdf-2,VTR/2007,4,KNOWN,1,fe9631455282d451cdae3eb7941fdf054143c12aad9d7ddbf38601f010dfd4f3,frozen_numeric_free_text_error_1
IP/2007/page_38.pdf-1,IP/2007,1,KNOWN,1,b42804197cc8d021737ef39d7d8a1e6f23add670f4d9749678f2bde6889636c4,frozen_numeric_free_text_error_1
AAPL/2006/page_79.pdf-2,AAPL/2006,4,KNOWN,1,e70c0a25907bb222a337f9189d3316ad04c0df937894738159db02df6a857af2,frozen_numeric_free_text_error_1
C/2009/page_194.pdf-3,C/2009,2,KNOWN,1,ffc2f28c067273059b25ec4ae480717e0641cf4442c0bd00bdafbfd57fb018fd,frozen_numeric_free_text_error_1
AMT/2014/page_64.pdf-1,AMT/2014,4,KNOWN,1,8df89b0e761944248087ba652c587169b55c8e2c048244390474fd6456bdda05,frozen_numeric_free_text_error_1
GS/2013/page_193.pdf-3,GS/2013,3,KNOWN,1,da2b94bc21ba1ddb0d5c7ee95f28f52b6c540839f2a2035858c9af4f4a2fb7f8,frozen_numeric_free_text_error_1
UPS/2013/page_34.pdf-2,UPS/2013,4,KNOWN,1,f78c73cec35d4b6cb5506da3e531338f51b0e8bee5e82e0338322c04c8152ff4,frozen_numeric_free_text_error_1
AMT/2007/page_116.pdf-3,AMT/2007,4,KNOWN,1,a1a7b473716ba4d32eff35d572f08bf9cc916c60af7f96128c3c239ab40f747e,frozen_numeric_free_text_error_1
BLL/2010/page_33.pdf-2,BLL/2010,1,KNOWN,1,fb4c945b761aa6b150305de5af66ca4d49ee49172886038ce990f4e34f981a0f,frozen_numeric_free_text_error_1
JKHY/2015/page_20.pdf-3,JKHY/2015,,KNOWN,1,9d45fd86c28e3d635396f3377b971dc1022018b8de88ada6b092baf4445350c8,frozen_numeric_free_text_error_1
ADBE/2014/page_99.pdf-2,ADBE/2014,2,KNOWN,1,25149f24e12c98aa919cd94f978e221460b0edc77d9519e91b226b196bb75367,frozen_numeric_free_text_error_1
VNO/2010/page_88.pdf-2,VNO/2010,1,KNOWN,1,f5b2007aca4e2272910c98be984111f7492d7dab79d05faab65fa7c0cb313bd9,frozen_numeric_free_text_error_1
ETR/2004/page_335.pdf-2,ETR/2004,1,KNOWN,0,6cecce1f190fdaf1737356cf4bca5556c01b5d15c968f9e09c7037c6e1af906e,frozen_numeric_free_text_error_1
UPS/2015/page_35.pdf-3,UPS/2015,0,KNOWN,1,c6ab8b12221285740a440fc85b0b696b3da749e06d864a8200a11a70269628f8,frozen_numeric_free_text_error_1
IP/2015/page_51.pdf-1,IP/2015,1,KNOWN,1,abc3ce078a2e31769459694f6b9c413e731b1db9bd52b087da5233b73866b043,frozen_numeric_free_text_error_1
AWK/2017/page_154.pdf-1,AWK/2017,4,KNOWN,1,3e27e5163f8a38a968bf4d4c31b91d260eed3e0dd996a2dbd59d6a3ac043a3d2,frozen_numeric_free_text_error_1
LMT/2016/page_105.pdf-4,LMT/2016,1,KNOWN,0,c8a5f0e4781360ced50d18d08fe622ace8c617e073e5b08c41f9c28c7ea36ee2,frozen_numeric_free_text_error_1
JPM/2014/page_128.pdf-2,JPM/2014,2,KNOWN,1,aeb0acbbb46681c960040dfe84d38f11b40469d4c7fc9e3425a40b5b2c564183,frozen_numeric_free_text_error_1
LLY/2008/page_45.pdf-3,LLY/2008,,KNOWN,1,86ef22ee2c995b4abff5c21008ea619089a506f3a8c6a6acfcaf514e28defb31,frozen_numeric_free_text_error_1
MKTX/2014/page_39.pdf-3,MKTX/2014,0,KNOWN,0,6f009125173c65207af3919f83bcd7d68b12bcc665060c3abe92b44bef6b324c,frozen_numeric_free_text_error_1
HIG/2016/page_250.pdf-1,HIG/2016,3,KNOWN,1,45a481cf221e4980b4d9a5472f1a5cf0442d36d9fcfd697698648bac5fba09c7,frozen_numeric_free_text_error_1
BKNG/2017/page_35.pdf-2,BKNG/2017,2,UNKNOWN,,e62f05c123443d1083f2443b69ef43156951de20422e9a697b1882bcb4624273,frozen_numeric_free_text_error_1
ETR/2015/page_24.pdf-2,ETR/2015,2,KNOWN,0,a270a0fca33dba8a7918c1dcfeee7cf5e4a46aaf520adea44c55d2e4a3d42b85,frozen_numeric_free_text_error_1
IP/2012/page_64.pdf-1,IP/2012,3,KNOWN,1,231ce2e361d131c2a45c17a6b131831ab5cc4e07ef58aba6d21b285fcda916ff,frozen_numeric_free_text_error_1
UNP/2017/page_23.pdf-1,UNP/2017,1,KNOWN,1,3c5c94aa0a0144871174a9c2d80b15ff636cfac807e86b206823ce8a2a3f861f,frozen_numeric_free_text_error_1
C/2009/page_141.pdf-2,C/2009,2,KNOWN,1,e1c9950f3eb9fa5a54f85ad387433e80670c2019a7fe69c4361d5b14a8f6f248,frozen_numeric_free_text_error_1
ETR/2008/page_27.pdf-1,ETR/2008,0,KNOWN,0,90b25813a607381b4dcf318aba44aa3b76c6d57cc35960a92c9d2338d2d1a57c,frozen_numeric_free_text_error_1
ETR/2008/page_401.pdf-3,ETR/2008,0,KNOWN,1,d53e3cd3813e791ca25a0246cdc6b021cf28ae60c6f2dbec97b5688df7b46b47,frozen_numeric_free_text_error_1
ETR/2017/page_441.pdf-3,ETR/2017,4,KNOWN,1,343937301b44d99d0eefdfaf83c760c1b9f6cd2675925aa81b8829630076d8a2,frozen_numeric_free_text_error_1
ETR/2015/page_18.pdf-3,ETR/2015,2,KNOWN,1,8aa4a1a498e275c3e5c93cd19afb8306567fe110714ea26d0d0381f675b9fcd9,frozen_numeric_free_text_error_1
AMT/2012/page_123.pdf-2,AMT/2012,2,KNOWN,1,4f84ab20321384e74359ec1c32ed5d01fd8aee01586f4140cac15b1733f058c3,frozen_numeric_free_text_error_1
ETR/2004/page_86.pdf-1,ETR/2004,1,KNOWN,1,1898560e2388e9381d69d8cbe71e80ec594eebaca3e607a65b6870f2e2a251de,frozen_numeric_free_text_error_1
AAPL/2011/page_65.pdf-1,AAPL/2011,2,KNOWN,0,5f60a5aed68d9ee3edf76ffa85475d41677a97325bd6c099d9c181be5c4e79b1,frozen_numeric_free_text_error_1
JPM/2016/page_73.pdf-4,JPM/2016,1,KNOWN,0,ff8859da5da78a84d4dd33382d99abb7be71484717a68ce9ab06b6f5a24b99fc,frozen_numeric_free_text_error_1
AMT/2012/page_119.pdf-3,AMT/2012,2,KNOWN,1,487ab95d3cdcf3da71b280c4eccb1515dd86fa1abed81800e4c992a9f83a654b,frozen_numeric_free_text_error_1
AAL/2015/page_183.pdf-1,AAL/2015,3,KNOWN,1,357b1944527d6a38902b1866dde014d49dbfc21b3beacb8a0790d90d1ef21a40,frozen_numeric_free_text_error_1
RCL/2014/page_80.pdf-3,RCL/2014,2,KNOWN,1,deb7a8f6200e9c05636c0927c3aab7d5778430d08eb3e5adfb33c409a798e8b1,frozen_numeric_free_text_error_1
AMT/2014/page_120.pdf-2,AMT/2014,4,KNOWN,1,f1d181ba33cff03164f6c1792713fe6827480ef1fc7e952eed778113aad7b6b7,frozen_numeric_free_text_error_1
RSG/2018/page_47.pdf-2,RSG/2018,1,KNOWN,1,95bc74d93455b988ed0d975f21ed1f820cc0931f2324f6943fbc587faf26b971,frozen_numeric_free_text_error_1
SWKS/2008/page_105.pdf-3,SWKS/2008,2,KNOWN,1,b7a0ba53f5a8d458a10af1f77b52bc3ee6c2d2975242533353a3f079848f238a,frozen_numeric_free_text_error_1
MRO/2009/page_57.pdf-2,MRO/2009,4,KNOWN,1,4fb91b10c55158f47b0be8571dc930ed2d8ddb38ccba4daa6ca6340417016994,frozen_numeric_free_text_error_1
C/2008/page_217.pdf-2,C/2008,3,KNOWN,1,b514712258ce00da9fe7bf1ee7df9da9ae6035f034415985811d110b9a8dc84f,frozen_numeric_free_text_error_1
BLK/2017/page_35.pdf-2,BLK/2017,2,KNOWN,1,568758cb0a6819d70a48e174680e86d5393dbd2a23d29440f5b49626694b1e93,frozen_numeric_free_text_error_1
LMT/2017/page_101.pdf-1,LMT/2017,0,KNOWN,0,b4a32131eff14f5e3da07ed987771f16ecf3c0edebb7a8b2e0258185c16990cf,frozen_numeric_free_text_error_1
DISCA/2016/page_30.pdf-2,DISCA/2016,0,KNOWN,1,636965a735f6ce7f45a2d861671833ed45e63bda919c988ab7811bb379edbe0b,frozen_numeric_free_text_error_1
BLK/2012/page_32.pdf-1,BLK/2012,2,KNOWN,1,3f09adaa2051986ea43cfd6e90de16a0776a8cba1f829dde16f6f04244ddf47d,frozen_numeric_free_text_error_1
CDNS/2007/page_30.pdf-2,CDNS/2007,2,KNOWN,1,aa4a3888b7e365d010db0ce9faa18832ddc4dbef09ef70e7f5f108d7c40c5051,frozen_numeric_free_text_error_1
ETR/2008/page_154.pdf-3,ETR/2008,,KNOWN,0,b306d954fd97dd046427a1b245515e3ed2aeb4a966881dcaeb609986a232f619,frozen_numeric_free_text_error_1
OKE/2007/page_51.pdf-1,OKE/2007,1,KNOWN,1,a4f299e74379effe60d17a96bc9ba1d1f344ecc7ad236c5c726dccea48f8b4c9,frozen_numeric_free_text_error_1
JPM/2015/page_77.pdf-2,JPM/2015,3,KNOWN,0,60117376e2c97c4e74ff1523eb1d2b80046994436bcdae81b0d2c9a8c045495a,frozen_numeric_free_text_error_1
ETR/2015/page_50.pdf-2,ETR/2015,2,KNOWN,1,f600938657881ab65d25d24a11c6d95a612f88e8a2891fd3ccdfe104f4d7b050,frozen_numeric_free_text_error_1
GS/2013/page_195.pdf-4,GS/2013,3,KNOWN,0,87e1b1609de21fed0a8e0eef3e8144a12b55222cd290c386cd691d90a44ecee9,frozen_numeric_free_text_error_1
LKQ/2010/page_72.pdf-1,LKQ/2010,,KNOWN,0,903306d2c809b59a10f47e6cc8a451c332e7cd2b99b5dac96aa2e958146e4d8b,frozen_numeric_free_text_error_1
UAA/2016/page_81.pdf-1,UAA/2016,0,KNOWN,1,3ff948b0eec5c20f191b381ccf1441131882cb7dd20f6b75aa560a0018159b87,frozen_numeric_free_text_error_1
TROW/2011/page_13.pdf-3,TROW/2011,1,KNOWN,1,94c85ccbd6467ef7278b9057de8c7623374d14fca5c872c81beea4b883e52a76,frozen_numeric_free_text_error_1
STZ/2010/page_51.pdf-2,STZ/2010,3,KNOWN,1,347bfaa3b59eedc835b8ece1e819c97a4e6ce8fc96a56ec08d13fe450efb5a9f,frozen_numeric_free_text_error_1
AAL/2015/page_183.pdf-3,AAL/2015,3,KNOWN,1,48b101e0e9d04b02871ee0eb770c86631fd32cef4b54a5faca27c2a0d5e22ac5,frozen_numeric_free_text_error_1
AWK/2018/page_178.pdf-2,AWK/2018,1,KNOWN,0,a1c0a3a625c8238b609e350bf5ea8acb3d1e0ccbfbf58cd9eb1a121694f57c99,frozen_numeric_free_text_error_1
UNP/2013/page_24.pdf-1,UNP/2013,3,KNOWN,1,137f2eee36badb76bd0eca929aae01d3d888fcc80f5810a58932cc6fd6a3b4b4,frozen_numeric_free_text_error_1
UNP/2010/page_30.pdf-1,UNP/2010,3,KNOWN,1,290f4f5843f01e8cbdc9bda3d14416041158a09db87c3679d377a788abeb3b0c,frozen_numeric_free_text_error_1
KHC/2018/page_27.pdf-3,KHC/2018,3,KNOWN,1,c0a83bb556b1876c690893bc4b6ea5e7c420ffac59f7e2f592534339f001c4cd,frozen_numeric_free_text_error_1
UNP/2014/page_32.pdf-2,UNP/2014,2,KNOWN,1,7c28013fcd0d29f0da84df069bcdc48013ed5f98231908de536772e3df8b58d1,frozen_numeric_free_text_error_1
MA/2008/page_116.pdf-3,MA/2008,4,KNOWN,0,752872062a4c09bcb2569da8eb3f08ecf6108df1259244dd162e174e80661b87,frozen_numeric_free_text_error_1
UPS/2015/page_108.pdf-1,UPS/2015,0,KNOWN,0,7bacee408b1b8c41199bbe4a570d520c4963fe2d6a740134678f543102a2d94b,frozen_numeric_free_text_error_1
CMCSA/2004/page_30.pdf-1,CMCSA/2004,3,KNOWN,1,62745fe75f50ba01408f992ac0bc07f5e3c6850d0daeda4e46884ff02d7bb3e6,frozen_numeric_free_text_error_1
DISCA/2016/page_30.pdf-3,DISCA/2016,0,KNOWN,0,cfe371e19713cbb3ec67b0068af77ca97381ae4d5693f3092b7c29da083ac640,frozen_numeric_free_text_error_1
RCL/2016/page_37.pdf-1,RCL/2016,1,UNKNOWN,,5edda852d259e5ecdefc660463ad775257b587fe83717fe9360e67a697e8c9fe,frozen_numeric_free_text_error_1
ADBE/2012/page_87.pdf-1,ADBE/2012,1,KNOWN,0,47c431eafd22397eb856f197a9b3d2de4972f1672c4ae4d350f16ac5a282a5de,frozen_numeric_free_text_error_1
VTR/2007/page_97.pdf-3,VTR/2007,4,KNOWN,1,c329fedeea6c7a22c8911aec50d9eda356526f8e2a13f4a41e89e0037862eb77,frozen_numeric_free_text_error_1
LMT/2015/page_86.pdf-2,LMT/2015,2,KNOWN,0,ce7cc8cda5cc31b294ca7d2b0381ff1f6d80605dc3d36fa2da2f5e4223f261f6,frozen_numeric_free_text_error_1
FIS/2012/page_11.pdf-2,FIS/2012,3,KNOWN,0,049664158e01539ea8e6412a25b19718a167d6c07aa01a58c886f41b083a83d3,frozen_numeric_free_text_error_1
STZ/2005/page_57.pdf-2,STZ/2005,0,KNOWN,1,015e5c9a5a566c00c9cb385a9776263f0717001deeaa0ebe014ff56dba13892d,frozen_numeric_free_text_error_1
CME/2010/page_71.pdf-4,CME/2010,4,KNOWN,0,3e86816e63b5923716aec37cfccfe6ef8173c7ed3325e02d3e3a871a15344658,frozen_numeric_free_text_error_1
AWK/2015/page_109.pdf-3,AWK/2015,0,KNOWN,1,0d228c2b478ad573d881d099288eddc53a63920e1a5bc74bc372343a80ac5a2e,frozen_numeric_free_text_error_1
TSCO/2017/page_73.pdf-1,TSCO/2017,1,KNOWN,1,05f70b6a614b3dc80b60d83a70cd81d427230854fcc10f82cd534f34cab6efc6,frozen_numeric_free_text_error_1
IP/2012/page_58.pdf-1,IP/2012,3,KNOWN,0,09bfaa0b4496fdf2774c1a5590eec4e00abea64cbfb5363ed1333a6169b2b0b1,frozen_numeric_free_text_error_1
LMT/2017/page_83.pdf-1,LMT/2017,0,KNOWN,1,042d9c26b0f5b4373ed015c91e33e3d55752878e3ddc7a8efe9f95b6b99f053c,frozen_numeric_free_text_error_1
AMAT/2018/page_31.pdf-1,AMAT/2018,1,KNOWN,1,c59b0569932ee7cddab3e675e45ef8d36bf71c33457ff3b83386406af174b675,frozen_numeric_free_text_error_1
GS/2012/page_177.pdf-4,GS/2012,4,KNOWN,1,af394731f1d9bd47718fcab39a59857322d38fcdf0479d21bfdd378294089c61,frozen_numeric_free_text_error_1
JPM/2009/page_132.pdf-1,JPM/2009,3,KNOWN,0,1cc699e498046d141d902d61e1834388407e47f6ac1d47f753eeed4ca8bbd2b8,frozen_numeric_free_text_error_1
AAPL/2011/page_38.pdf-4,AAPL/2011,2,KNOWN,1,0ea67c7e74ba69d111b52d20f32205fac41a68a0197fe0a81299736ecbcee3ca,frozen_numeric_free_text_error_1
GS/2018/page_134.pdf-4,GS/2018,2,KNOWN,1,36e179f823763e9274ee5297e6051b517ede2e81992e2e15c1e9b6d96f024e20,frozen_numeric_free_text_error_1
JPM/2008/page_177.pdf-4,JPM/2008,4,KNOWN,1,d14376efd20b59ac70ddd23711336debaebb7d31aa821c7e7014624d8099a0c3,frozen_numeric_free_text_error_1
KHC/2018/page_27.pdf-1,KHC/2018,3,KNOWN,1,bbe32b4908fcd461e8ad864b08c286a048e1f538511971ed9ef3d66aadb18159,frozen_numeric_free_text_error_1
LLY/2008/page_43.pdf-2,LLY/2008,,KNOWN,1,d404a275aaa6dbea0f725c0b3697a02f46176864c15695daa252f74a104323af,frozen_numeric_free_text_error_1
RL/2014/page_13.pdf-2,RL/2014,4,KNOWN,1,ea0cb2db7d5dd0f6b936b08ea214e03a4ae63ff40708a03bd7ce2d9a6919499f,frozen_numeric_free_text_error_1
ETR/2008/page_438.pdf-1,ETR/2008,0,KNOWN,1,db7d4e0d0e22e3477383b154f2a45190aea358cb6a58072338f055e68a19d6d8,frozen_numeric_free_text_error_1
AMAT/2012/page_35.pdf-1,AMAT/2012,1,KNOWN,1,cb5e2fed6ecb54ac07372fcbccc8b1c5aea6bcfa7e00a616f25a2dc2d1d79950,frozen_numeric_free_text_error_1
APTV/2015/page_47.pdf-2,APTV/2015,0,KNOWN,1,4b45f1733ddf447166ce02cc09fef459f8a02c02968b2f108f4697391f356aea,frozen_numeric_free_text_error_1
INTC/2013/page_40.pdf-3,INTC/2013,4,KNOWN,0,24ba3dab41f3862e7bf66e2bdb0c8d6e86bc466b173c379a313783750871e112,frozen_numeric_free_text_error_1
AAPL/2002/page_63.pdf-2,AAPL/2002,2,KNOWN,1,8f4ca9bf7308020edc4104ce88531078ca85b09ccb76eacabf8ab9e40b0239c0,frozen_numeric_free_text_error_1
ETR/2017/page_19.pdf-2,ETR/2017,4,KNOWN,0,0ce4ff40f6df6519ec73b07e9ceeeac44b8f60ff988751396bab08e3248c5895,frozen_numeric_free_text_error_1
AOS/2007/page_17.pdf-2,AOS/2007,1,KNOWN,1,a7f1d9bd3c35482883debe455bd650fa66b4ac1ef81287834d981df6da194e7d,frozen_numeric_free_text_error_1
IPG/2009/page_89.pdf-1,IPG/2009,2,KNOWN,1,ab101957e045ae11ce3cf9c4a61dcfa531d738e73d21a98f6b96c3004acf73cb,frozen_numeric_free_text_error_1
FITB/2008/page_69.pdf-4,FITB/2008,3,KNOWN,1,30acaa477eced5070c62f9f555bf5aa778d650ccf93a7c925083fabde60e84a9,frozen_numeric_free_text_error_1
AWK/2018/page_178.pdf-1,AWK/2018,1,KNOWN,1,c11135f34719f477c36f2534da9db434d45eb50fe62b1fe172442a9b887747d0,frozen_numeric_free_text_error_1
DRE/2002/page_30.pdf-1,DRE/2002,0,KNOWN,1,25cc62e2f8a956ca829759df03e9e0722f25675a3206184e5080a389ca114711,frozen_numeric_free_text_error_1
MAS/2010/page_86.pdf-2,MAS/2010,0,KNOWN,1,1fe0c1b3a5f65ac1108f7ec0b99b3484be9104b78ee9d3d88b60a1aefcfadfc4,frozen_numeric_free_text_error_1
AWK/2015/page_112.pdf-1,AWK/2015,0,KNOWN,1,85c5d4cddaee2ba09f652d98fd0809533ef4f380f35f9474ffb310df8f178211,frozen_numeric_free_text_error_1
ETFC/2011/page_23.pdf-2,ETFC/2011,2,KNOWN,1,f958fc2ceb3bee91d7155ec12b1f36d3c54d503177ae437d6bd5bb500641c665,frozen_numeric_free_text_error_1
ETR/2004/page_163.pdf-5,ETR/2004,1,KNOWN,1,d1b4a22a57a6b80327961755a3c209f9bb09a6bd3771b41f9d68dc10cbbab769,frozen_numeric_free_text_error_1
AMAT/2016/page_32.pdf-1,AMAT/2016,3,KNOWN,1,8cd8142b49aa4c97efc95c4d6612da301880a6535ec52217090cb309c60fdb11,frozen_numeric_free_text_error_1
ILMN/2008/page_77.pdf-1,ILMN/2008,4,KNOWN,1,30814e66bf495719d9351f8744a8772473ee9fb1b9328b03f68beaee04414074,frozen_numeric_free_text_error_1
MAR/2005/page_52.pdf-1,MAR/2005,0,KNOWN,1,faa545415cba5e244af4bf0de208f35dbce94a42b8026f71bb9bcd918e4f3ba5,frozen_numeric_free_text_error_1
TSCO/2017/page_28.pdf-2,TSCO/2017,1,KNOWN,1,1d793c8c10ba021b8b34f4424467b27d8d3cf86b00da00c7f21075f92621a272,frozen_numeric_free_text_error_1
MRO/2009/page_32.pdf-4,MRO/2009,4,KNOWN,1,654c1c13e3c6100fd4efb8829a75b2d4e6e77010a2db3b4d0840c444126df45a,frozen_numeric_free_text_error_1
STT/2008/page_139.pdf-3,STT/2008,0,KNOWN,1,4d8994eb1ad2ae6448d21cc5c6b1f6be052ca432b4d34f8082a1a1514ca1f07b,frozen_numeric_free_text_error_1
AAP/2011/page_16.pdf-2,AAP/2011,1,KNOWN,1,7e8be5dfd8475450bc4b90981107d968bc69bb87492906519cc78b7951bdc303,frozen_numeric_free_text_error_1
MMM/2007/page_66.pdf-1,MMM/2007,,KNOWN,1,7aac07e3c995df23c906df1524825f3cf58442201e24874b18963e704ed985c3,frozen_numeric_free_text_error_1
BKNG/2015/page_38.pdf-3,BKNG/2015,3,KNOWN,1,38b266097d642c350db78b97bccf4520337a953817abe96bba5a0d34edf170a8,frozen_numeric_free_text_error_1
DISCA/2016/page_30.pdf-4,DISCA/2016,0,KNOWN,1,abe8a8cfbe3f3e321e68089d6bed5285d23ea6ed127f7094c45f8ba8cfc231cf,frozen_numeric_free_text_error_1
PNC/2012/page_98.pdf-4,PNC/2012,3,KNOWN,1,574c1365fe0ecf6d56b3885de8d42af09616f39f2f0f977811913e1d26ad0a0f,frozen_numeric_free_text_error_1
ETR/2017/page_441.pdf-1,ETR/2017,4,KNOWN,1,5d3cd59ab03c6b1093018d22518866f30ea8bfc8d86276a88c9ee34e4ffeebbe,frozen_numeric_free_text_error_1
AOS/2016/page_19.pdf-2,AOS/2016,0,KNOWN,1,81cc68fe1d2cdc942328ba7857e74a5c416e34ab77ff8b270c7b37f148b7dcd4,frozen_numeric_free_text_error_1
C/2008/page_176.pdf-3,C/2008,3,KNOWN,0,06e87e086b47911fb6629fdb8ba7abc549edfcaf66d6901218ed76c15c443b2d,frozen_numeric_free_text_error_1
LMT/2013/page_26.pdf-3,LMT/2013,2,KNOWN,1,daf9b9802776b825c000cabf5d9a533a5b2b9b66fa85b6dcb21fe8def04c14b3,frozen_numeric_free_text_error_1
JKHY/2016/page_61.pdf-1,JKHY/2016,0,KNOWN,1,66435404027b3a7dd9aef5f1695d2bf94bce2d5d995b9e877838fe8738c970ec,frozen_numeric_free_text_error_1
AAL/2015/page_187.pdf-2,AAL/2015,3,KNOWN,1,31f15bd6a6fa34ddcbfe99d8dfa07f964dc2cd82824107c40dc8470d36c2b922,frozen_numeric_free_text_error_1
SNA/2007/page_47.pdf-1,SNA/2007,1,KNOWN,1,20eda6d03d5f9cff87f7b512fe49346d9ca7572203b62f03ef72042ad8888653,frozen_numeric_free_text_error_1
NKE/2015/page_37.pdf-4,NKE/2015,2,KNOWN,1,911e9faec6a9de714cdd3c6af6346164da1eecfbf1ca8735e272d05d39971f3c,frozen_numeric_free_text_error_1
ETR/2008/page_362.pdf-3,ETR/2008,0,KNOWN,1,7e389dd835039143ab39b6b8a50fa57dcd7400f52a0bf17600bd51a2dfeabe53,frozen_numeric_free_text_error_1
ETR/2004/page_160.pdf-2,ETR/2004,1,KNOWN,1,cc97cf5f488850816d09c689b2e8d8b7d03d17086421ced3c1b4876345464285,frozen_numeric_free_text_error_1
LMT/2016/page_85.pdf-1,LMT/2016,1,KNOWN,1,a3616fa063f6a94d470db2d50edff315df5e89069649b6a2dd3efe7914b04e1a,frozen_numeric_free_text_error_1
LMT/2016/page_83.pdf-2,LMT/2016,1,KNOWN,1,aa26ab6117777ee7f1a65568c7a06b4993827a969fbee412cc49462a11695ec5,frozen_numeric_free_text_error_1
C/2009/page_48.pdf-1,C/2009,2,KNOWN,1,2adbcd8b4fae90bc8722bf8a5f0023cedbaf8094e953bfa3119cada5c2c46e12,frozen_numeric_free_text_error_1
JPM/2003/page_100.pdf-1,JPM/2003,4,KNOWN,1,97b134c2f98617cf9171b3253445420220d8ba8fc1b8b25b0791c44e10dba93f,frozen_numeric_free_text_error_1
PKG/2004/page_21.pdf-2,PKG/2004,1,KNOWN,1,e882b0763d8f1034a6a0cbc22ffef581e500c4a00e23e63b61665812e15ecd32,frozen_numeric_free_text_error_1
ETR/2017/page_25.pdf-4,ETR/2017,4,KNOWN,0,bf17b32a0f8ec98fb584efd0284533f3f0209e8d0c05fc70ee5af5f8a0b4da37,frozen_numeric_free_text_error_1
ETR/2016/page_352.pdf-1,ETR/2016,1,KNOWN,0,9e270776db017cbc0fb35d6f0a1d8d777fef6df87e2571476345154531a3b1d7,frozen_numeric_free_text_error_1
BLL/2010/page_58.pdf-1,BLL/2010,1,KNOWN,1,aaac8d87f8fff0480144dfbe331c7dcb22c1de97e2f490031c32549f852830f9,frozen_numeric_free_text_error_1
AES/2011/page_230.pdf-3,AES/2011,1,KNOWN,1,8b115359253287c0129ca61deb22578fd39e66541daa164b97b2f0dbad741a5f,frozen_numeric_free_text_error_1
HOLX/2007/page_130.pdf-2,HOLX/2007,,KNOWN,1,06a5c2f54214c6a99681284a254c623ece92fd5a3c693944b69d509faf0aa5ca,frozen_numeric_free_text_error_1
RL/2018/page_9.pdf-2,RL/2018,1,KNOWN,1,2d7adddf0e3dabea8f02e4c94022508d531986a709470348ad400bcc8b3be421,frozen_numeric_free_text_error_1
STT/2006/page_92.pdf-4,STT/2006,0,KNOWN,1,d0fc743e33830d440efad974c6fbd29f9eed3f8b0df2a249bcb2c83261967410,frozen_numeric_free_text_error_1
MAS/2010/page_29.pdf-4,MAS/2010,0,KNOWN,1,65cafbfef4b1a808705c1fabecd42902c237324aa48c6260e0784c8c82a4c666,frozen_numeric_free_text_error_1
JPM/2008/page_86.pdf-2,JPM/2008,4,KNOWN,1,ff4d0b18c1870b9fedd9f646a0c63a229f9f9f142f391f3dbfee99e2b8c1a302,frozen_numeric_free_text_error_1
AMAT/2015/page_14.pdf-3,AMAT/2015,3,KNOWN,1,4bb085c9745201a614d547ad6f5bbb95035382ffea63105e18ddc41b9a3569f4,frozen_numeric_free_text_error_1
INTC/2013/page_40.pdf-2,INTC/2013,4,KNOWN,1,8f225e1c115140fd6115f324b723bd86909232c0600e67099d4db7edc8cab14a,frozen_numeric_free_text_error_1
ETR/2008/page_438.pdf-2,ETR/2008,0,KNOWN,1,579e6da2948219959117aaa815a0cab36e1cda3f11e34b3c3bcaf65555ad509f,frozen_numeric_free_text_error_1
WELL/2016/page_61.pdf-1,WELL/2016,0,KNOWN,1,8102291533c6cca2a3fc5de39fdc0822210bf35197060ffa8891b48e3f2765ac,frozen_numeric_free_text_error_1
MKTX/2004/page_24.pdf-1,MKTX/2004,3,KNOWN,0,d41d2f31dc914a7a1f84a9fc51ec98b30a7bf039a5a9c413cfd64e748d22ec19,frozen_numeric_free_text_error_1
AMT/2014/page_88.pdf-2,AMT/2014,4,KNOWN,0,e28e8a478e7152dfef50c489c59e11b8f8b0193b741fec413f555db2f21fa47c,frozen_numeric_free_text_error_1
AMT/2012/page_123.pdf-3,AMT/2012,2,KNOWN,1,8c8f48b3494a7ae546c3df036016918ce5ec5c709b88388a400118397558a3a8,frozen_numeric_free_text_error_1
FIS/2012/page_11.pdf-3,FIS/2012,3,KNOWN,1,ef05c60bcff34183186249fa7981fb516b740f952c30c40cf92b31b1abc38fff,frozen_numeric_free_text_error_1
RL/2009/page_20.pdf-1,RL/2009,1,KNOWN,1,f9c22ae5661f005494555e74101e3db987e53ab965433878c5a725ca29134f57,frozen_numeric_free_text_error_1
PNC/2013/page_85.pdf-2,PNC/2013,0,KNOWN,0,f9357eb548bf25331d13e4dcf25d9bbf2d913c963d6e77fa1749d3583573aab2,frozen_numeric_free_text_error_1
EL/2009/page_112.pdf-1,EL/2009,4,KNOWN,0,ea3f1cd3ee931e1894192390bfd751ae2de1920cddf0933e04b2263c2f221a74,frozen_numeric_free_text_error_1
CDNS/2018/page_82.pdf-3,CDNS/2018,1,KNOWN,1,346faa555879856c595cceb9372823636ed78d23c87ce9fd180f7131dba4baeb,frozen_numeric_free_text_error_1
RE/2017/page_145.pdf-3,RE/2017,0,KNOWN,1,e4188d1f802535958036ef27534c2c1598e6e2085b7bcc67db750315e8593664,frozen_numeric_free_text_error_1
IP/2012/page_55.pdf-1,IP/2012,,KNOWN,1,008adac7f6c8cc47f2e4ec3cbc26fa2057423869aa30e3355952ce38369a6a9d,frozen_numeric_free_text_error_1
AAL/2014/page_89.pdf-1,AAL/2014,1,KNOWN,0,ce1fc41c3d2fbecc8b633e02a358c6eff5c5e0820c569827066270b8dd1f2ae2,frozen_numeric_free_text_error_1
AES/2011/page_260.pdf-1,AES/2011,,KNOWN,1,e00fb818d4b3553552d64407cfec2087f53a62ee1bbf7564a05a317d5d9bfd6f,frozen_numeric_free_text_error_1
RSG/2015/page_18.pdf-1,RSG/2015,3,KNOWN,0,647d566b626a3b0ad04bdff928d38cd02e03de23ebdd469e0c881ba482eac1c2,frozen_numeric_free_text_error_1
RSG/2012/page_145.pdf-1,RSG/2012,4,KNOWN,0,ec9b27de7f4cfa1259f2c232b3356d3e948100e8c5954ce34622541c9eb7c239,frozen_numeric_free_text_error_1
DVN/2010/page_70.pdf-1,DVN/2010,3,KNOWN,1,5e16460af13efe8c5c5d9f3165c87f9506fedc13cca631f711607ea6a9ee66c2,frozen_numeric_free_text_error_1
CNC/2003/page_41.pdf-1,CNC/2003,1,KNOWN,1,d74ab18661f4487418a5ed18719e740df9c538f9eb7dcbfdfb4c67313cdd9473,frozen_numeric_free_text_error_1
DISCA/2012/page_54.pdf-1,DISCA/2012,,KNOWN,1,8c16fbe71c255873e8abb5c5572b5bd5d599db72416cdc71c0689d047b1d9705,frozen_numeric_free_text_error_1
AAL/2014/page_92.pdf-1,AAL/2014,1,KNOWN,1,b748db29767e4a008ee9a311563cc6f6f4fdbd5082179351604c0d2ce61b8b70,frozen_numeric_free_text_error_1
HFC/2017/page_103.pdf-5,HFC/2017,1,KNOWN,1,5005da3bbe571bab7ef4f7ae83aa82432067b994ac8627b59a0bc189e56a958b,frozen_numeric_free_text_error_1
AAPL/2017/page_23.pdf-2,AAPL/2017,2,KNOWN,1,73754eae8b0594fb6ef42a9e2819670cf84f2f833624646efbf67f5695bef8a7,frozen_numeric_free_text_error_1
GPN/2016/page_83.pdf-3,GPN/2016,1,UNKNOWN,,511d7ccb4f05b9d4332cae98cc8b49bd19f4cb83a89c2f6a9511768330b96c79,frozen_numeric_free_text_error_1
V/2008/page_165.pdf-2,V/2008,0,KNOWN,1,97a2bc84b77c7e8d0671b8f8b6c6f62f7db5d7054f82f486677f3f6c39e638ad,frozen_numeric_free_text_error_1
GPN/2017/page_76.pdf-2,GPN/2017,0,KNOWN,1,d50407493b702a269bb9f0ac6d880e34b08918ce904e1849054014cfa156e15e,frozen_numeric_free_text_error_1
UNP/2018/page_50.pdf-1,UNP/2018,0,KNOWN,1,0697ff4469124ae3114741e863b4a5caf16016f5bcf6b26526eaa9dc820dba59,frozen_numeric_free_text_error_1
IPG/2017/page_26.pdf-2,IPG/2017,1,KNOWN,1,7dc6e2a65f690bb9a7eb63aff68432baa6bbf83e0819a50d7d780ac7bb43efad,frozen_numeric_free_text_error_1
V/2013/page_113.pdf-1,V/2013,4,KNOWN,0,674a3f4e7b9f312488141c6a56e3f4f35caca6e4eefe4a97dc82e042dfdbc145,frozen_numeric_free_text_error_1
RSG/2008/page_127.pdf-2,RSG/2008,0,KNOWN,1,397871d6f02c2a1e65dff98f0f179678b811183e25af01e67d3e6cd9b6db97a1,frozen_numeric_free_text_error_1
MA/2008/page_113.pdf-4,MA/2008,4,KNOWN,1,32c7bc10ae7be8e9ad1ab5ba0ed26f344704c19cee78822c46721961a3ebf84d,frozen_numeric_free_text_error_1
SLG/2012/page_61.pdf-2,SLG/2012,2,KNOWN,1,686d245f68148a0c58f1117a1a5758eb5807657d2387521365a09fe4c8cde196,frozen_numeric_free_text_error_1
AWK/2018/page_172.pdf-3,AWK/2018,1,KNOWN,1,a642701695849e71c12a3fd15093a8dfb73243bbd56f4a1c41d77fcfe0784dfa,frozen_numeric_free_text_error_1
ETFC/2013/page_155.pdf-1,ETFC/2013,0,KNOWN,1,3300e590cd7a235706f6dcdd2baf247271ea4b47bbba020ab598183b65cfac47,frozen_numeric_free_text_error_1
LMT/2016/page_50.pdf-3,LMT/2016,1,KNOWN,1,53f6bb14c321331f9f6d8fbfeb860fb306e5ec98f3571c22a121588fb6985759,frozen_numeric_free_text_error_1
HOLX/2005/page_27.pdf-1,HOLX/2005,0,KNOWN,1,7cee3fb169f3f461b2357ade6c63f68e5ff1f1b307ad332f9da1d62143887cb5,frozen_numeric_free_text_error_1
LMT/2017/page_26.pdf-2,LMT/2017,0,KNOWN,1,9846936a476c28d3e87a36016bc34c7873609cca30b34c0fc22cc167b69aac45,frozen_numeric_free_text_error_1
AAL/2015/page_183.pdf-2,AAL/2015,3,KNOWN,1,d87574fdd0244d661de5e65b95b23be96cacb56eff8e6913eb87e636accf63b5,frozen_numeric_free_text_error_1
CB/2009/page_220.pdf-1,CB/2009,1,KNOWN,1,88de260427669ded3b2dc5d13f209d71408b1179a77e813266b0935e7a5ab5c9,frozen_numeric_free_text_error_1
HUM/2005/page_80.pdf-3,HUM/2005,2,KNOWN,1,f3d89aa962ed6936f978ba01d166cc06d055e7238b7f15b475f082d7889df941,frozen_numeric_free_text_error_1
JKHY/2015/page_20.pdf-1,JKHY/2015,3,KNOWN,1,3a9042b3349af6e0eec62944971875b1329110ee0e0f14d521dc239917fb0698,frozen_numeric_free_text_error_1
GS/2016/page_183.pdf-4,GS/2016,0,KNOWN,0,0b82c34041e6ac0d6df4d82e0c30bdbd22b19bb99fae138417472412feffd247,frozen_numeric_free_text_error_1
C/2009/page_255.pdf-2,C/2009,2,KNOWN,1,837e69912e7d566579a60f22ecc2d0f445b3ee09773307f8ea863baa488ec3c0,frozen_numeric_free_text_error_1
VNO/2010/page_88.pdf-1,VNO/2010,1,KNOWN,0,0ccae1283915611e6088c45d2c0959b1fc5b3521c35eef26b0201bf0f96869b5,frozen_numeric_free_text_error_1
EW/2014/page_35.pdf-1,EW/2014,3,KNOWN,1,c784915619e03beb64898e031c079754ce43f9d53be2e961ddce9e6f20dc1236,frozen_numeric_free_text_error_1
AAPL/2015/page_68.pdf-3,AAPL/2015,3,KNOWN,0,e0766772ba161c61f1f3c3abe89e207b5d1f9c901e5d4d2d22dc4be768fa4558,frozen_numeric_free_text_error_1
PKG/2018/page_66.pdf-1,PKG/2018,2,KNOWN,1,41e11c3eabcff199d295949e6be408f019e6d7b189959d98a292387d44f2571d,frozen_numeric_free_text_error_1
C/2008/page_207.pdf-4,C/2008,3,UNKNOWN,,36fcb2f34596e41ffe60e0e323d3eb5dce28e1893d40f583b2159eda99982858,frozen_numeric_free_text_error_1
RSG/2008/page_141.pdf-1,RSG/2008,0,KNOWN,1,4a6e5d9d071272bae33e7257e6655d5c2dee6a6949126894c4502284c5c6440d,frozen_numeric_free_text_error_1
TROW/2013/page_25.pdf-3,TROW/2013,3,KNOWN,1,4e0d8a1a972e58f61a484a95f0cd6a285be3dc3bf819def37689ca1e69460d7b,frozen_numeric_free_text_error_1
HFC/2017/page_103.pdf-1,HFC/2017,1,KNOWN,0,30b8bf3ff3c885a4b79757b2ba1a7de1b8448a5e47049ed93f7a1b55d20b020e,frozen_numeric_free_text_error_1
GS/2012/page_177.pdf-2,GS/2012,4,KNOWN,1,52e4bda9f94e53c5f2243a3085ecf509aab46639e136f95f358ea11a895bfd05,frozen_numeric_free_text_error_1
RCL/2017/page_38.pdf-2,RCL/2017,0,KNOWN,1,214137766279a87aaca5a876e237f249598a7034379cb5e01708e535f7684eed,frozen_numeric_free_text_error_1
SLB/2010/page_90.pdf-1,SLB/2010,3,KNOWN,0,4ef58b1d9eb053a2bf73ee7c002a15d5f76cb45a6954784373b0493a5040cd64,frozen_numeric_free_text_error_1
UNP/2008/page_71.pdf-2,UNP/2008,0,KNOWN,1,b571d07f94739a7fbb87a53e84cb6ee67224d8847d0f32996944d4c67fa56ab4,frozen_numeric_free_text_error_1
UPS/2013/page_34.pdf-3,UPS/2013,4,KNOWN,1,d3b694f2bcf01b3369f1c1634a99eda3ffe8acb7e73a7a357961253dd71488e2,frozen_numeric_free_text_error_1
STT/2006/page_92.pdf-3,STT/2006,0,KNOWN,1,f9d84cf310adbf6cdc99c5ed86c9716c64e001afc104fab019e3021aef3bc558,frozen_numeric_free_text_error_1
LLY/2018/page_99.pdf-3,LLY/2018,2,KNOWN,1,4a95382f40838a8403ff5eda19e231d6a1872cc4b4f6e3bfba80c7319f088bc6,frozen_numeric_free_text_error_1
C/2008/page_219.pdf-1,C/2008,3,KNOWN,1,6adbae712dd4e9ac7049b6c65340bf61b9a60074b1fae4ca52b4295576c0a85e,frozen_numeric_free_text_error_1
ETR/2016/page_352.pdf-2,ETR/2016,1,KNOWN,1,d57662c8493a62a1b779370bd3fedafa685285a52dc84ee2d9e13011d08b9144,frozen_numeric_free_text_error_1
UNP/2009/page_83.pdf-2,UNP/2009,2,KNOWN,1,93cd804468bb40369155207441e651e319cdc06460741fb360f5225e94402846,frozen_numeric_free_text_error_1
C/2008/page_207.pdf-2,C/2008,3,KNOWN,0,c1351c024b46a9643a16524279ade566b78bcb7cb3b0462749a15bfbc7132782,frozen_numeric_free_text_error_1
LMT/2016/page_50.pdf-4,LMT/2016,1,KNOWN,1,876557b5679e4457c109a5371e260c8cd93d953dd949cfd3385f19b6cb4d1c3f,frozen_numeric_free_text_error_1
LKQ/2009/page_66.pdf-2,LKQ/2009,2,KNOWN,1,c21c99e8655fa5861268bdcfaca35b9b1797be9bc6a967d69455fcbf5e742e01,frozen_numeric_free_text_error_1
ORLY/2017/page_30.pdf-1,ORLY/2017,2,KNOWN,1,fe24707ceea93ac0d6d3ec09e50dbac49566bf1586052e06e6059b40b837adc2,frozen_numeric_free_text_error_1
C/2009/page_194.pdf-2,C/2009,2,KNOWN,1,9dfe2ae064e163a2f25a8190bf5662e264146155b94487a5ee7f5ccf06d485f8,frozen_numeric_free_text_error_1
FITB/2008/page_69.pdf-3,FITB/2008,3,KNOWN,1,0989d6bcdfaddcd927f669c063acf08b313bbbeeab80df30d38f07bbdaf1c498,frozen_numeric_free_text_error_1
AAPL/2018/page_23.pdf-1,AAPL/2018,1,KNOWN,0,c3a5ed255d38c1a07beba46fba7c0cfa4ad60d990357d79510a4310f97fbcf03,frozen_numeric_free_text_error_1
UNP/2018/page_50.pdf-2,UNP/2018,0,KNOWN,1,e960627fe51ec7fa8ac848d2eb626e155a4764f9ddb1191d614dde75a90fbc37,frozen_numeric_free_text_error_1
APD/2013/page_44.pdf-1,APD/2013,0,KNOWN,1,783408fab4ed1588657cad351295f8bca0a934d51a48c0b6c6b65b25bcff081e,frozen_numeric_free_text_error_1
SNPS/2012/page_61.pdf-4,SNPS/2012,1,KNOWN,1,db2c69e31f04edca91c9864ecf9731200335bed8c1acaad8bf8a06de8afd2471,frozen_numeric_free_text_error_1
SLG/2009/page_99.pdf-4,SLG/2009,2,KNOWN,1,d95635de1a5b49e01981287dcc97bdec1dd0f328921cba3e835dac60b4a920a5,frozen_numeric_free_text_error_1
EW/2016/page_36.pdf-2,EW/2016,1,KNOWN,1,277f514aef1c30ce630dde1b808000a86f86713d3a008acfea34c04b2e24c980,frozen_numeric_free_text_error_1
SNPS/2006/page_68.pdf-2,SNPS/2006,0,KNOWN,1,bc168ebda354d61e92b2cb482f9bf6a19e52301a4f8b069a48b2bd7b50ff32cf,frozen_numeric_free_text_error_1
KHC/2016/page_94.pdf-1,KHC/2016,1,KNOWN,1,61202c50f76a0ea6a88a8f6304c7ff577f8355184151d33b60bae93d0ee5264f,frozen_numeric_free_text_error_1
RCL/2012/page_80.pdf-1,RCL/2012,1,KNOWN,1,8374b6714830ca2348c00382eb0fda98947bc9787fa4d4fa5f0834f8c29cfa69,frozen_numeric_free_text_error_1
HIG/2013/page_124.pdf-3,HIG/2013,4,KNOWN,1,a5e84e3bba28b74960e5fe979700af44ec3cdbb47dfd026593915512b56e958b,frozen_numeric_free_text_error_1
ADI/2012/page_65.pdf-1,ADI/2012,3,KNOWN,0,3e5ba363bc81d42b62fa7ff547d4549c92f4bd4e621c74b8f59680304a771d39,frozen_numeric_free_text_error_1
C/2009/page_279.pdf-2,C/2009,2,KNOWN,0,e65a8a20aeef44be3049f0878255d966ad71057ad906b6502b87c34f528a0293,frozen_numeric_free_text_error_1
APTV/2013/page_48.pdf-2,APTV/2013,3,KNOWN,0,946d576701b46a16b0957a9a077d1472c518a74a78320710f09e53dcf0af33c4,frozen_numeric_free_text_error_1
AMAT/2016/page_30.pdf-3,AMAT/2016,3,KNOWN,0,7696523a9c01526342704574241827cba6281f933b8ae7b281d3af2b3054aa70,frozen_numeric_free_text_error_1
AAL/2015/page_131.pdf-3,AAL/2015,3,KNOWN,1,04fd068d342c9baea2076afae65e1014e57236d49baf5479ff39f111a9263345,frozen_numeric_free_text_error_1
WRK/2019/page_31.pdf-3,WRK/2019,3,KNOWN,1,37749b7ba2477b53b0fad12dbcb763295aed1569b143ae80b01bc48e3db5dc5e,frozen_numeric_free_text_error_1
ORLY/2018/page_30.pdf-1,ORLY/2018,0,KNOWN,0,b59df893bc2d82ae63865705083e82418ba512b8ca8e59506966fde0b3d6bb5e,frozen_numeric_free_text_error_1
ETR/2004/page_159.pdf-4,ETR/2004,,KNOWN,1,3a5d8498f5332a5ce88618162e3e168bb97c5707a7e1dd8c64e704c6bb0ce161,frozen_numeric_free_text_error_1
BLL/2006/page_89.pdf-1,BLL/2006,1,KNOWN,1,9f11262c74f5b8e7b09e137a26b9446d8101e1fbaa6d2afd898ab03a95cdb613,frozen_numeric_free_text_error_1
AMT/2016/page_69.pdf-3,AMT/2016,0,KNOWN,1,f14e8c15f4016a57d8fd5108599ef03cc83fe487b98bd7e159be0f94755172f7,frozen_numeric_free_text_error_1
ETR/2008/page_343.pdf-3,ETR/2008,0,KNOWN,1,85752d023c964f8fbfbf99d623e6071338a4cd1515bb32d03c66fb994151953f,frozen_numeric_free_text_error_1
AWK/2014/page_45.pdf-2,AWK/2014,4,KNOWN,1,69d8b27732387b653a53f336bd497590d92ec33527681978cc9a154d9509f16c,frozen_numeric_free_text_error_1
AAPL/2006/page_79.pdf-4,AAPL/2006,4,KNOWN,0,79bc37bbea551a88126e58de320649fe5d5b3019808751d8fe6d41d146fb2bd6,frozen_numeric_free_text_error_1
APTV/2015/page_50.pdf-2,APTV/2015,0,KNOWN,1,3073214e033772c2e1f07c262b816c8fb5da4f4725fee4537380d1e709c68451,frozen_numeric_free_text_error_1
AAP/2013/page_32.pdf-2,AAP/2013,2,KNOWN,1,24321803025ae5c6a30a012c671eb9a371a5790f34fc0365f273c782c7472813,frozen_numeric_free_text_error_1
APD/2014/page_71.pdf-1,APD/2014,4,KNOWN,1,212fc7b113da62f26abb4541aacebba8ea32de5bf49a1e93a5d66d71b0374758,frozen_numeric_free_text_error_1
LMT/2010/page_24.pdf-4,LMT/2010,0,KNOWN,1,4edb947ea125a1402f68e315bbc59e861931b0fbbad435e76b90bd95d6fc3d5a,frozen_numeric_free_text_error_1
ETR/2016/page_505.pdf-2,ETR/2016,1,KNOWN,1,1460c570dc06359ee33ed2befbe5f51fb72a1a55f43c5637200f5a7c92b67922,frozen_numeric_free_text_error_1
PKG/2004/page_21.pdf-3,PKG/2004,1,KNOWN,0,34880ad652ad8f97a5d691087a9af993f531e9699750e94225a9e71f2225b6f4,frozen_numeric_free_text_error_1
STT/2008/page_139.pdf-1,STT/2008,0,KNOWN,1,bc6354c97736e0379a2fd2128f151103d09e61fc600b87a80d29d246cb235594,frozen_numeric_free_text_error_1
VNO/2003/page_102.pdf-2,VNO/2003,3,KNOWN,1,1268960afb5ba956a80daab3828cffbc29aa56b579aaeff4d33e6f79e4ff60e5,frozen_numeric_free_text_error_1
GS/2014/page_62.pdf-2,GS/2014,3,KNOWN,1,40ac3dbfd2022c9e8075e3422bba205f04a9dff3094684411d1caf99582d8bac,frozen_numeric_free_text_error_1
HST/2018/page_115.pdf-2,HST/2018,3,KNOWN,1,9ca885a6c964f6420494b4f6c9d70bb2864810c96c544abfd302a72586bb39b7,frozen_numeric_free_text_error_1
ORLY/2016/page_29.pdf-3,ORLY/2016,1,KNOWN,0,8a1ed937f0e3b5eb707f06eb67a72347b6aa9afd40047137761368eded630786,frozen_numeric_free_text_error_1
UNP/2017/page_74.pdf-2,UNP/2017,1,KNOWN,1,4423f2db8f7a3ffe5f9b3eaff45f5d9bf8804d54fccc29813c8a5c5d8d2a17e3,frozen_numeric_free_text_error_1
VTR/2007/page_48.pdf-4,VTR/2007,4,KNOWN,0,c201dad1cfb4c89ee73456c62d468d3b2e6455f22e2a7315b74c6b01a65e606f,frozen_numeric_free_text_error_1
ETR/2004/page_186.pdf-3,ETR/2004,,KNOWN,1,c1d009464f6e53ef7b5d40705a8507ae2a5ea52854b9b17b4cc33e9bd30aa13a,frozen_numeric_free_text_error_1
IPG/2014/page_37.pdf-1,IPG/2014,1,KNOWN,1,6aa0b055b3b707c48a1e467a397d9b0d6e8bda9323bbd2395c1c24b7e35ad357,frozen_numeric_free_text_error_1
TSCO/2018/page_31.pdf-1,TSCO/2018,2,KNOWN,1,169202e99157e2e3350c9143e9cf132f5d5ddc91d2e592ea421d70ccbcdb2013,frozen_numeric_free_text_error_1
PPG/2018/page_60.pdf-1,PPG/2018,0,KNOWN,1,ff636ee5740821d1be78593954ac6df65a379e5b65dc6adaf6be0eeb2ddab00c,frozen_numeric_free_text_error_1
ADBE/2014/page_99.pdf-3,ADBE/2014,2,KNOWN,1,8953ad58c613418d77da127c71e0c49e5c1e5ff7d2bbe4a653248cc46311b388,frozen_numeric_free_text_error_1
AWK/2015/page_106.pdf-3,AWK/2015,0,KNOWN,1,d1c08896c16ab9787ade8b19439a1b02f0a57f14b391de685202b148e7ed83df,frozen_numeric_free_text_error_1
AWK/2017/page_172.pdf-1,AWK/2017,4,KNOWN,1,310efc803fe735a38197dbad79f0e7d89821c59f5710b0adecb0613a505ace77,frozen_numeric_free_text_error_1
DISCA/2012/page_54.pdf-3,DISCA/2012,1,KNOWN,0,d37fc44bb9ca8454b652eff4408ee2f92a47565a3a03c8e06d477162804a58ae,frozen_numeric_free_text_error_1
AWK/2017/page_154.pdf-4,AWK/2017,4,KNOWN,1,8ddab26de7f18207db13523701894b6856909158704560b53a4da865f49da46e,frozen_numeric_free_text_error_1
AWK/2013/page_123.pdf-1,AWK/2013,4,KNOWN,1,10705fb1a0f63678f680653122298153192676567f253248742e8afb600d6ec9,frozen_numeric_free_text_error_1
RL/2015/page_9.pdf-2,RL/2015,3,KNOWN,1,2f10cdc1e4361e7173c236e2241ed7b03f72c1d713c23964915aa61545ea1e7b,frozen_numeric_free_text_error_1
NKE/2015/page_37.pdf-3,NKE/2015,2,KNOWN,1,7b79712f4b22d2edf54abe95f48ad44a8160814555da3af19c1363d695352464,frozen_numeric_free_text_error_1
HUM/2012/page_109.pdf-2,HUM/2012,4,KNOWN,1,515fb921537da3ee8a6ccb252fe6e437f343a0cded913f55f4903f48aa2cb477,frozen_numeric_free_text_error_1
AWK/2015/page_127.pdf-2,AWK/2015,0,KNOWN,1,c844bcd0393d89e3b19ec1a1a5ee98853c9d17355e11621d66bea859692a636f,frozen_numeric_free_text_error_1
AAP/2016/page_65.pdf-1,AAP/2016,1,KNOWN,0,13e894ba5f9d9a9aa5dbac48a4800c130c77de6ae484ce27b20efa7609dee091,frozen_numeric_free_text_error_1
GS/2014/page_134.pdf-1,GS/2014,3,KNOWN,1,f202c6196ece6836df419ba95b112d7bcb0aa1ee8b37a9470ad05feeedc7932e,frozen_numeric_free_text_error_1
RCL/2006/page_37.pdf-2,RCL/2006,2,KNOWN,0,ead178541f12e35cb892d7f6e9533e8ebaa85600e69dadb8e67fe2cb4b5ab419,frozen_numeric_free_text_error_1
PKG/2006/page_68.pdf-4,PKG/2006,4,KNOWN,1,0d9c13f9be4c053ffbc0631dfcb2207027eed63c55f03d8c85b2e345275790b2,frozen_numeric_free_text_error_1
ALLE/2018/page_121.pdf-2,ALLE/2018,1,KNOWN,1,434bf8fbfc337b20360d66e801f7c82fa43eb1a73907798c78cc6390aae07ccd,frozen_numeric_free_text_error_1
AAPL/2014/page_78.pdf-1,AAPL/2014,2,KNOWN,1,836f63a70f7555de8fa02f0f4b2de8561c3de112b199fd3579a84b9ffb98e3ae,frozen_numeric_free_text_error_1
IPG/2018/page_104.pdf-3,IPG/2018,2,KNOWN,1,de2babe0c95fb50a66e281987d8460195f8f525d2d53408aa03f702caafe919f,frozen_numeric_free_text_error_1
IPG/2018/page_26.pdf-1,IPG/2018,2,KNOWN,1,cf5ffbbc39287a2d6d8405ba635eeff8cd684bfd7e12171b1c629c4bb84b7cea,frozen_numeric_free_text_error_1
FIS/2007/page_33.pdf-1,FIS/2007,0,KNOWN,1,5b3aaf24c4764c3e4c3efba68784d23459e58532c88d5ea4e2e90a064540d780,frozen_numeric_free_text_error_1
TFX/2015/page_42.pdf-1,TFX/2015,3,KNOWN,1,ff96fc159bfa2a0476a96be3933a8f78935d8908ed65afd98ea67e23bfd956b6,frozen_numeric_free_text_error_1
AMT/2015/page_58.pdf-1,AMT/2015,3,UNKNOWN,,fdc1518f4a44c6943ce5c282fd236d59125538f768275bf71f4328e10a89c441,frozen_numeric_free_text_error_1
C/2016/page_120.pdf-2,C/2016,4,KNOWN,0,a3f7a24805c41b5f3d75fb3758d46bf60d3fa58d0815088f02d3ffa6e73723e2,frozen_numeric_free_text_error_1
LMT/2016/page_85.pdf-3,LMT/2016,1,KNOWN,1,2ad69de2ead2d2a7f302ff3b9a29968a2c2709c9a683192a23ffa1da1dd7ea4c,frozen_numeric_free_text_error_1
RSG/2017/page_74.pdf-1,RSG/2017,2,KNOWN,1,25245d7b207b4d92f697229f0cdddf0895a99f82f6ee14f817d94168e7f322cd,frozen_numeric_free_text_error_1
RCL/2017/page_38.pdf-1,RCL/2017,0,KNOWN,1,0f180edfd90f82b531db5d0f440cbc0ec4d5817b0ec625b8801ae7dab1c5ee62,frozen_numeric_free_text_error_1
AAPL/2002/page_63.pdf-3,AAPL/2002,2,KNOWN,1,c703675a2a5437f05b9439af645acf58bc946eed0583b7667b4a5d2e776cc781,frozen_numeric_free_text_error_1
RCL/2016/page_37.pdf-3,RCL/2016,1,KNOWN,1,88dca0ded81b864ca0a67d0d8106aa2aff78b554a5b7b93decc9b31bec3a1e28,frozen_numeric_free_text_error_1
AAPL/2002/page_26.pdf-4,AAPL/2002,2,KNOWN,1,d9d501c975103201bf3ca6e0321baf057e8d9bdbab5f3de6a6067932e9501729,frozen_numeric_free_text_error_1
AAP/2016/page_26.pdf-2,AAP/2016,1,KNOWN,1,ac40ff140ec391f36319978f945b39690714327c4f1eb99d02ff2d8931a3ae7c,frozen_numeric_free_text_error_1
APD/2019/page_100.pdf-2,APD/2019,1,KNOWN,1,07bb7af7158029e6cf43e3de4d005aa982cc22e56aeed5eabe144a447f5fcca1,frozen_numeric_free_text_error_1
UPS/2017/page_111.pdf-1,UPS/2017,3,KNOWN,0,91fa6e7c21ddec71f7990240072a42fe03a7032b120ea90cb520c6a027599de1,frozen_numeric_free_text_error_1
PPG/2005/page_20.pdf-2,PPG/2005,4,KNOWN,0,3386930aa112baf85de514967a6628c89b47399e3c98f737ab11cf613450ba31,frozen_numeric_free_text_error_1
RL/2015/page_9.pdf-1,RL/2015,3,KNOWN,1,bd26a98c71183ef2d3a6f186ff2b54d1d19013329780f618708a60ae4ed4a995,frozen_numeric_free_text_error_1
HIG/2004/page_192.pdf-4,HIG/2004,0,KNOWN,1,c739b1704e4565c2fd47211659f06606b69b3651bd60738b39e52feb16d0d778,frozen_numeric_free_text_error_1
RSG/2009/page_78.pdf-2,RSG/2009,4,KNOWN,1,75450ba22ad3b6b7acded0006e4cea1e82fac573f7bdf1d24a44068b4d174be7,frozen_numeric_free_text_error_1
AWK/2015/page_21.pdf-2,AWK/2015,0,KNOWN,1,c49efdb1bc178c93ea2e117dafb6fa930005b185f02fbd522cbd95d58464ef6b,frozen_numeric_free_text_error_1
AON/2015/page_29.pdf-2,AON/2015,2,KNOWN,1,7f4bd5020fd437974ba3f905d8f3853037be14a20482c7e7e669f42195fc8557,frozen_numeric_free_text_error_1
LMT/2010/page_24.pdf-1,LMT/2010,0,KNOWN,1,bd08b7cd416ecee2ade30efb8ee7cd1d2c3bf9d9592ec5e802e9cd367c4c8029,frozen_numeric_free_text_error_1
BKR/2018/page_127.pdf-1,BKR/2018,3,KNOWN,1,aef546a4a73c50c6a07fe6697eb70ad6256e385c1e225aeea789938cc7ce7855,frozen_numeric_free_text_error_1
UNP/2010/page_55.pdf-2,UNP/2010,3,KNOWN,1,d90b0f784a9d17e7436bf95e53918bb437384892fe77d1adfb36ae0f5f0275d3,frozen_numeric_free_text_error_1
PPG/2012/page_70.pdf-1,PPG/2012,2,KNOWN,1,c54873d2dfb0e3ad75729e388282a2eeea15b1a40da34d9917593c2b5d0474ef,frozen_numeric_free_text_error_1
MMM/2007/page_37.pdf-1,MMM/2007,2,KNOWN,1,047098d830086fc6f92721e4a1abb967c62d95bc1f448cc54fb142c1cf812760,frozen_numeric_free_text_error_1
SNPS/2009/page_59.pdf-2,SNPS/2009,,KNOWN,1,25d1c081b6ba5b86c20a9ad5172bc41c3858f6769c38e380139e71afd929667c,frozen_numeric_free_text_error_1
EW/2014/page_68.pdf-1,EW/2014,3,KNOWN,0,b2df6c4825adf456d59386ad25c7f01d13c96580b139a77877889c87f75bd43e,frozen_numeric_free_text_error_1
APD/2018/page_113.pdf-1,APD/2018,2,KNOWN,1,8c29dfab45b5648a03a9831c6c4c23de129d922a017cc195c7107796b26e37f1,frozen_numeric_free_text_error_1
AMAT/2016/page_30.pdf-2,AMAT/2016,3,KNOWN,1,efa6ccab6dc5424fdd4476f90420b25d5b2f09f5b98954fd05f13704aa61cd3c,frozen_numeric_free_text_error_1
FIS/2016/page_64.pdf-2,FIS/2016,0,KNOWN,1,72e8a70ca495d7216f1af8cacca298db7263a80efecdf3eaad86009c0d97f6da,frozen_numeric_free_text_error_1
JPM/2015/page_77.pdf-4,JPM/2015,3,UNKNOWN,,25ab030a0f77ffd666a7c15b88b2d4bd9b53d5adfa546a2fc1df137e8eb298f9,frozen_numeric_free_text_error_1
AMT/2016/page_69.pdf-1,AMT/2016,0,KNOWN,1,480cd7fba6ebcd9fef98d8b53b216f74cf1372e4e82e914f34c7b28dcfa3ab87,frozen_numeric_free_text_error_1
STT/2017/page_63.pdf-3,STT/2017,4,KNOWN,0,9fde7c0773f4da35f3449bda66ce5cf0e1503106333434c3d929ebe9a98d4b0f,frozen_numeric_free_text_error_1
PNC/2008/page_144.pdf-1,PNC/2008,0,KNOWN,1,ec4622a128e76ca8b94455c3ef0683a919c48948e951e01ae10a6921920cc7f6,frozen_numeric_free_text_error_1
ETR/2002/page_266.pdf-1,ETR/2002,1,KNOWN,1,d1a8c7385395e7cf6adb7d5305c333548ac03e580b7702acff14e5abfc14ebf3,frozen_numeric_free_text_error_1
RSG/2013/page_92.pdf-1,RSG/2013,4,KNOWN,1,e6c8c48e4f0adb5ecef9abbd02e46f93fb16eb40a1f3da4465a8d4e877599e29,frozen_numeric_free_text_error_1
PNC/2011/page_74.pdf-1,PNC/2011,4,KNOWN,1,416bb2629c8349da27a073f22539c03348ca7821a14c316e5b7fe482736c399d,frozen_numeric_free_text_error_1
PNC/2012/page_110.pdf-1,PNC/2012,3,KNOWN,1,e64a8bdc86a788520dae0188bf7bdf73ba40af9a67eae6d898bb406e09f771b9,frozen_numeric_free_text_error_1
AMAT/2015/page_31.pdf-1,AMAT/2015,3,KNOWN,1,82dc7459fef0f9d35076360fb5ce2604045ed32230de54925efb53b3bb294d7f,frozen_numeric_free_text_error_1
LMT/2016/page_52.pdf-1,LMT/2016,1,KNOWN,0,a4703816007d80e4ccf14cc56dc20acddb517d5609d1b20258b7481c2d1b6bf2,frozen_numeric_free_text_error_1
PNC/2014/page_151.pdf-2,PNC/2014,0,KNOWN,1,e1af100512bf2d641466899b84d2635e257390c4de89a8f904a08dd31e2261f4,frozen_numeric_free_text_error_1
LMT/2017/page_101.pdf-3,LMT/2017,0,KNOWN,0,7cc4c4ebd1f40aff60af17607345b27d420a4eac4eeaf62ef0702fff5499afac,frozen_numeric_free_text_error_1
FIS/2007/page_33.pdf-2,FIS/2007,,KNOWN,1,7c21cc12b63fbdc4f86c4be104b68b72bf1e0ad4b58c25af7511f81bece851db,frozen_numeric_free_text_error_1
KHC/2018/page_27.pdf-4,KHC/2018,3,KNOWN,0,07f7f6a73db92019da027cd796e8f92e8fc2fa1324e03fefd7bbbc50f1feae5f,frozen_numeric_free_text_error_1
AAL/2015/page_15.pdf-4,AAL/2015,3,KNOWN,1,f60ab805fef544cd1c4b5492e7464704719696fc297d02bb011ee1e3255eab26,frozen_numeric_free_text_error_1
AMAT/2016/page_32.pdf-2,AMAT/2016,3,KNOWN,1,d6e0485b3389e57ab71dabfad60a84c10e9fb240792ef48122e651d3763259e7,frozen_numeric_free_text_error_1
JPM/2016/page_73.pdf-1,JPM/2016,1,KNOWN,0,0b68262cb70a7e58f6cad444376eff6871dae96b122ee78666a5e828d78efcd1,frozen_numeric_free_text_error_1
RCL/2006/page_37.pdf-4,RCL/2006,2,UNKNOWN,,c61ff0e449b1b9d5ec94a6a9869df3d64cf4d4253cd0c9c5f2348297428788c2,frozen_numeric_free_text_error_1
ECL/2017/page_68.pdf-1,ECL/2017,4,KNOWN,0,414b516a60b58dc34b79c4104d8e1c0a496cd33c04c658665416cea5c26899c1,frozen_numeric_free_text_error_1
ETR/2016/page_403.pdf-1,ETR/2016,1,KNOWN,1,1beb612203956dffd6cff80b7a5e25ba9f56e54ea8d2c440fa4d66d2f286fcf0,frozen_numeric_free_text_error_1
ORLY/2016/page_29.pdf-2,ORLY/2016,1,KNOWN,1,8aa1a06ce924d8a249fbb79ed7377470c993bcd4891f38a14ea9d57efad63d5a,frozen_numeric_free_text_error_1
HIG/2004/page_81.pdf-1,HIG/2004,0,KNOWN,1,38acc1972cde4ca86f7fd57e04c555aa89543f642d35624336241e2b6abf009b,frozen_numeric_free_text_error_1
VNO/2012/page_190.pdf-2,VNO/2012,1,KNOWN,1,4bffbd848d4a3329a12c71baf9039c049a3aee354baf14facac9f97e03296b89,frozen_numeric_free_text_error_1
IPG/2018/page_78.pdf-1,IPG/2018,2,KNOWN,1,bc57379077377d460f9187e4134be4d0e010115062c78be83adde49e932bbe30,frozen_numeric_free_text_error_1
ADBE/2011/page_116.pdf-1,ADBE/2011,3,KNOWN,1,4baecf637c80eef242c2429aefd7594afb765e6121b45363fb92cc411775b105,frozen_numeric_free_text_error_1
PNC/2017/page_168.pdf-1,PNC/2017,1,KNOWN,1,b99a81a2c6e36a8590b3cc43aa3e8c7f682100f9dd07c5d122d41772ba6a4f10,frozen_numeric_free_text_error_1
MRO/2009/page_107.pdf-4,MRO/2009,4,KNOWN,1,313ec03540e9d81d7ab0cddff809e62cf118d5f05361191fb7ef75f869be20f8,frozen_numeric_free_text_error_1
EW/2017/page_83.pdf-2,EW/2017,0,KNOWN,1,f33460fdb399649fd1830d68ca3ddd66dfdcf7fa1b9d94420af5bfad05f88e75,frozen_numeric_free_text_error_1
AAPL/2002/page_23.pdf-1,AAPL/2002,2,KNOWN,1,8b466e8381259995ce4638b60d00ad33f44d5feff7476827eef6d9369e7834b2,frozen_numeric_free_text_error_1
ADBE/2014/page_87.pdf-3,ADBE/2014,2,KNOWN,1,d93967e188807237881c452b74c4da52aabb97654fdf280a0c4107573b1558f5,frozen_numeric_free_text_error_1
UNP/2007/page_79.pdf-1,UNP/2007,1,KNOWN,1,784e6edd2538e5f12dbac6e1d9dac2eea6661968c4e5d024eed60901247ae038,frozen_numeric_free_text_error_1
UPS/2017/page_111.pdf-2,UPS/2017,3,KNOWN,0,399ac17d7418ba368d32ecdbce588f7a35e7060c7db1d3314440b61d087cce22,frozen_numeric_free_text_error_1
PNC/2014/page_94.pdf-3,PNC/2014,0,KNOWN,1,7866af1ce5d67f77e5cbbb13aba322672e0db523a7ac55f7bf8f78241c40fb78,frozen_numeric_free_text_error_1
DRE/2010/page_36.pdf-1,DRE/2010,4,KNOWN,1,b1ef71f76e4bd031d4269e497873b2bb219c6314680d3c8d984035f31325d085,frozen_numeric_free_text_error_1
PPG/2013/page_54.pdf-1,PPG/2013,0,KNOWN,1,0013ce555be7a02cd9e55dbb5892b551de8b3397d4bd54aeb7d63ddfbd8cceff,frozen_numeric_free_text_error_1
AWK/2017/page_128.pdf-1,AWK/2017,4,KNOWN,1,93d64be73776e3c40823767330c3d4bc62ec3e2d296199437aa681ced0479f81,frozen_numeric_free_text_error_1
HUM/2005/page_18.pdf-2,HUM/2005,2,KNOWN,1,3aaf84a3bf11ccf7d298e097d7b0a64ace4ad5c39933bcf7c6cef7384c5e8cf5,frozen_numeric_free_text_error_1
HWM/2018/page_67.pdf-2,HWM/2018,1,KNOWN,0,e88229464370c8d506e671553012e40fce397dbd8c4d22586804cd71fc1f12cd,frozen_numeric_free_text_error_1
DVN/2017/page_31.pdf-1,DVN/2017,0,KNOWN,1,527728be367e4965bebd109d45d905cbc6218a5ea12b90faaac57a8e0e6896d7,frozen_numeric_free_text_error_1
ECL/2017/page_68.pdf-3,ECL/2017,4,KNOWN,1,779b0155292dad4225c746502a4fc05db0043914021f4210cac1fe59bb17b9fd,frozen_numeric_free_text_error_1
AWK/2017/page_154.pdf-2,AWK/2017,4,KNOWN,1,193e648788337fdd0018860802bf572c6b48166ced3773e745a91e702eddc5ab,frozen_numeric_free_text_error_1
HIG/2016/page_253.pdf-1,HIG/2016,3,KNOWN,1,240eebcb48ec88bd6a9d2f76b6cc07c7f126022d959f3a9de28480b7c1650969,frozen_numeric_free_text_error_1
RE/2006/page_122.pdf-3,RE/2006,3,KNOWN,1,c4627550f772e5f5d3b72b7015914c3a93bd6dbc3e32854703e75a66ebf8d0db,frozen_numeric_free_text_error_1
MMM/2007/page_64.pdf-2,MMM/2007,2,KNOWN,0,458a7c9086b2866d06f55f0a2c3b0f3f2d9b6ae980ea3bff88d7f2590868ca41,frozen_numeric_free_text_error_1
UPS/2007/page_32.pdf-1,UPS/2007,4,KNOWN,1,5d27aba1b5773bfae5f3a47d53a8c73d13218a97e73226ff3133dde849070e32,frozen_numeric_free_text_error_1
TMUS/2016/page_32.pdf-1,TMUS/2016,2,KNOWN,0,a354c39f7e38cc6606fa24b6d6eb4a3947a6a2e30244cf1df1db7000ac2bc9b1,frozen_numeric_free_text_error_1
ECL/2015/page_70.pdf-4,ECL/2015,3,KNOWN,0,60c89a4903ec320d3dcdf29517a8abcf62a6a5b0b5779d9d77246f8bd322327a,frozen_numeric_free_text_error_1
ETR/2017/page_373.pdf-1,ETR/2017,4,KNOWN,1,5666e80cde9726f282d8354a63ae8ca9ffb4ab8cae0c17653198204370fe4949,frozen_numeric_free_text_error_1
ETR/2016/page_382.pdf-1,ETR/2016,1,KNOWN,0,2ca63a2fa590b6c50c853dff246adbbed12da96b25602be24be02dab263affc5,frozen_numeric_free_text_error_1
HWM/2015/page_172.pdf-1,HWM/2015,1,KNOWN,0,369b7023dea31810a1e21f06b8e2873b99a33f431c31b95cf45c0818f2d94f2e,frozen_numeric_free_text_error_1
AAPL/2004/page_83.pdf-1,AAPL/2004,3,KNOWN,1,3918306ba671fc2c63b02f1d57c075c8caaf312e9757ca115635d8ec7f33f875,frozen_numeric_free_text_error_1
PM/2015/page_103.pdf-1,PM/2015,,KNOWN,0,634c9b453396272f6f22b5a8c84f86d56d2361b42f7bd5c4713b1e0bd1ab4bfc,frozen_numeric_free_text_error_1
CDNS/2016/page_32.pdf-1,CDNS/2016,4,KNOWN,1,a734146625f141043a093e3c36397b4262c578aab8647635795cda6ffee378a2,frozen_numeric_free_text_error_1
EOG/2018/page_89.pdf-1,EOG/2018,3,KNOWN,1,a2072b484bc473c3a2a4b6a2348e68e2d16807faa7ba94dec52122aa68f0a4f7,frozen_numeric_free_text_error_1
RSG/2015/page_133.pdf-1,RSG/2015,3,KNOWN,1,e2a416bea769263a356401df3090e4f686b0524361c0ee68b3da4bf2e9512418,frozen_numeric_free_text_error_1
MRO/2012/page_40.pdf-1,MRO/2012,3,KNOWN,0,af04798482f6e457f9998fcf0b352decdd824fdcd5829fb3c304c0f224564cdc,frozen_numeric_free_text_error_1
INTC/2013/page_47.pdf-4,INTC/2013,4,KNOWN,1,12525c50743db32e3d99e33b2d94153a30c29cb2d2195fea0231532ccf9a8158,frozen_numeric_free_text_error_1
ETR/2016/page_17.pdf-4,ETR/2016,1,KNOWN,0,254f04c9f91c16885033c538649951776b85d18e65903d6fb57eef703020c07c,frozen_numeric_free_text_error_1
C/2008/page_219.pdf-2,C/2008,3,KNOWN,1,a6e87e18bb8fd19c2e0b5dfa0d5b9bc45c7837626cabf6b0cdb74e0d61c5dbff,frozen_numeric_free_text_error_1
C/2009/page_248.pdf-4,C/2009,2,KNOWN,1,b54ded62ef5bd6008e9063700f58f39cd6935cf76843a41fea4486be8490e229,frozen_numeric_free_text_error_1
IPG/2018/page_26.pdf-2,IPG/2018,2,KNOWN,1,754aaaafb29cae9bfa159563ec3b2a980f375374ad510910ff27218aa6920292,frozen_numeric_free_text_error_1
AMAT/2012/page_37.pdf-1,AMAT/2012,1,KNOWN,1,37119717a154e600ce12d9a9e2008c239e2fd67e01caa07a808f5fa5cc541fe0,frozen_numeric_free_text_error_1
UNP/2016/page_75.pdf-1,UNP/2016,3,KNOWN,1,1b985b4d5d286fad9b8bbd7b254f3ca1ee37a1f63cad4f18ce954c0532552ab4,frozen_numeric_free_text_error_1
MA/2008/page_116.pdf-1,MA/2008,4,KNOWN,1,bf4fc2c6bab7f71524097420342de3afb95d4df67666e0dbebe3111f1dc670f3,frozen_numeric_free_text_error_1
UNP/2010/page_75.pdf-1,UNP/2010,3,KNOWN,1,66f590ac6bef03bfc4b42492ed8d26bc1b59ba265aaca117fa23f07b40e12b43,frozen_numeric_free_text_error_1
LMT/2016/page_87.pdf-1,LMT/2016,1,KNOWN,0,0079e9c8db7e83f54e4f8fe741d79ddfd6defc729779f0eb24f27785d7a1c58a,frozen_numeric_free_text_error_1
REGN/2010/page_64.pdf-3,REGN/2010,1,KNOWN,1,731d72c52199f0da8a98064de2213ed78340fd614096e03d0901f0e3aedab66d,frozen_numeric_free_text_error_1
AMT/2016/page_69.pdf-4,AMT/2016,0,KNOWN,0,24ed728d38058a91ecdb6ed2980c0b421b8764485dbf53bfc957f12ef9d5358d,frozen_numeric_free_text_error_1
UPS/2017/page_31.pdf-2,UPS/2017,3,KNOWN,0,9c01fbc6475304a7d38ebc479920876f1f284b8dfd5049c14d078e64a77783e0,frozen_numeric_free_text_error_1
TFX/2014/page_44.pdf-2,TFX/2014,4,KNOWN,1,f975cd232ef322cc99242444fdcae834910a85ff5e10f75b16352504f6c1ecf3,frozen_numeric_free_text_error_1
HST/2018/page_115.pdf-3,HST/2018,3,KNOWN,1,b24d56654f7428996e1d517db8898014cb865d9e21977c7bf0e75dcb62d9e15b,frozen_numeric_free_text_error_1
ETR/2008/page_154.pdf-4,ETR/2008,0,KNOWN,1,55b181c94cdb6d31e4675c02f4d0b6d0adc30acaea6b19175033789044ae55ed,frozen_numeric_free_text_error_1
AAP/2013/page_68.pdf-2,AAP/2013,2,KNOWN,1,52525b2c48ee9912dd1341bf6608996fdac8e4b5249cdc47a2d1057a3e869854,frozen_numeric_free_text_error_1
CDNS/2016/page_32.pdf-3,CDNS/2016,4,KNOWN,0,3c98cee742d454016b97fc72074fe1718fdb4641dea1f7561b716de40cb18a32,frozen_numeric_free_text_error_1
C/2009/page_41.pdf-2,C/2009,2,KNOWN,0,c355625c073bcbcfa6d6c1ada594caf9c8cc24895a804a14e2cd76c081ff5750,frozen_numeric_free_text_error_1
CE/2009/page_121.pdf-4,CE/2009,4,KNOWN,1,759590988d13425f54df78b1f189dacec6e6ff7c3e756c4a323aa15e481559b1,frozen_numeric_free_text_error_1
ETR/2004/page_335.pdf-3,ETR/2004,1,KNOWN,1,599362362d7b3420af1d3a6c298e4ee148970f3c5030b624b56877bb3693c092,frozen_numeric_free_text_error_1
KHC/2017/page_21.pdf-2,KHC/2017,0,KNOWN,1,529af39aab27859a56e2939ec00469b93b70ca6cc0377145481fd8975a62bb41,frozen_numeric_free_text_error_1
JPM/2009/page_206.pdf-4,JPM/2009,3,KNOWN,1,c6b6cf2af97d494095fa79eaaa5da64b26c8a1514f717c4212c1a93dd25f5644,frozen_numeric_free_text_error_1
DISCA/2008/page_141.pdf-1,DISCA/2008,2,KNOWN,1,acb1b310e2312e357df42eedc5badeb5bfa0318fd879b616011912d9fcc4bb81,frozen_numeric_free_text_error_1
AWK/2015/page_21.pdf-1,AWK/2015,0,KNOWN,1,d551f1b51519c1912def34441fdfe9680f3795434f2314f43361337aa1918c1c,frozen_numeric_free_text_error_1
GS/2015/page_80.pdf-1,GS/2015,0,KNOWN,1,100190c371e3211ed12e153925d78bea83bc905bb3303097d0dc12d62d7e66a2,frozen_numeric_free_text_error_1
JPM/2008/page_86.pdf-1,JPM/2008,4,KNOWN,1,9e6594dcc1ee3aa762e4323f2f063b58ee0ae91bbaf949c3cf12500a3571e395,frozen_numeric_free_text_error_1
AAL/2015/page_51.pdf-4,AAL/2015,3,KNOWN,0,af0c3f9bb5469085e87cc0e5aec8efd84e2546fd816aaae7cff82e81951cf959,frozen_numeric_free_text_error_1
AAL/2014/page_80.pdf-4,AAL/2014,1,KNOWN,1,f5647b5cfbb2d101aaabacef699631154ef98f57e0b626067835ffb64fccf000,frozen_numeric_free_text_error_1
RE/2010/page_120.pdf-3,RE/2010,2,KNOWN,1,dfcddb9254cab04c99c401f5a81895682b614adbc7091fdcd2c1540c1ce2b1e1,frozen_numeric_free_text_error_1
TROW/2011/page_13.pdf-4,TROW/2011,1,KNOWN,1,d2be307ef3e881e238d8e952b2ba07722babca2b030b6a43f2aeb04edfbe4777,frozen_numeric_free_text_error_1
REGN/2010/page_68.pdf-1,REGN/2010,1,KNOWN,1,ffb7256df82ba75bf839225b879df4b77ef10c4be33d3699c7a18ed4035d6598,frozen_numeric_free_text_error_1
EW/2017/page_83.pdf-1,EW/2017,0,KNOWN,0,17ab9eb5d9ca70246fb128d12e8d9849af6407c602458d383e280d3407812821,frozen_numeric_free_text_error_1
ETFC/2007/page_22.pdf-3,ETFC/2007,0,KNOWN,1,efda110f8eab942bb78136261de7b8e40e8325873fa2dde916b7ab72d737980d,frozen_numeric_free_text_error_1
WELL/2017/page_48.pdf-2,WELL/2017,0,KNOWN,1,d39fd1bc270c579d666192dd3f5ea63c2971cefefa9df49d62372f0643d7a8ef,frozen_numeric_free_text_error_1
C/2016/page_207.pdf-1,C/2016,4,UNKNOWN,,693ad72373b5b073127cdcdb59632ec0d008c0897afc63c516ff9b0a18b529f1,frozen_numeric_free_text_error_1
STT/2009/page_109.pdf-1,STT/2009,2,KNOWN,1,ef2f14a635ada28025b038f75e200321cbba7aaf7097376ea5eaf1a15698a7dd,frozen_numeric_free_text_error_1
CB/2009/page_220.pdf-2,CB/2009,1,KNOWN,1,38d11e2a218093dd8e8b317888ed07bce17e2f557eabdbadc03f5c20f67e618d,frozen_numeric_free_text_error_1
ILMN/2007/page_84.pdf-2,ILMN/2007,1,KNOWN,1,e28817f84fcc3aa36763e97d72e1043f9c183d7326d404dfae2db9568509364a,frozen_numeric_free_text_error_1
AON/2013/page_54.pdf-3,AON/2013,3,KNOWN,0,7711eb239825f835017593378cf0dcf256ae04023e1ab156ca682da3d79dbd1b,frozen_numeric_free_text_error_1
ETR/2008/page_435.pdf-1,ETR/2008,0,KNOWN,1,18cbcd6e8adb54f7405815bbf590aef7483c50fa3b715f28f84e40c5936082e9,frozen_numeric_free_text_error_1
PKG/2006/page_68.pdf-2,PKG/2006,4,KNOWN,1,ff2349c714bb8b0b06a67c85108ec09e050b3f934a6d5c13626b48a36445034c,frozen_numeric_free_text_error_1
JPM/2003/page_44.pdf-3,JPM/2003,4,KNOWN,1,7e0452d9f84ff40cae740ccdf2cdea9fcd10d4fe6ada88d9ea600c54cae08750,frozen_numeric_free_text_error_1
AAL/2015/page_15.pdf-1,AAL/2015,3,KNOWN,1,7a2e51d4739ef8013f7f1f276e87f1abf69f29cf469959773252929257963c5a,frozen_numeric_free_text_error_1
STT/2009/page_122.pdf-2,STT/2009,2,KNOWN,0,c1ee5a26bf1785b31eaa2216319478a63177f6ded88d0de152bbb642d82756ca,frozen_numeric_free_text_error_1
STT/2017/page_100.pdf-2,STT/2017,4,UNKNOWN,,9555a68ef04853401cf17aeee7077a34a00dadf7ca74088682685d1a687b237c,frozen_numeric_free_text_error_1
AWK/2017/page_128.pdf-2,AWK/2017,4,KNOWN,1,ade44b3e311e35559ebb621f805cccb62abc4cf1b5eb1865ca62e0f3e9c5814b,frozen_numeric_free_text_error_1
UPS/2015/page_108.pdf-3,UPS/2015,0,KNOWN,1,7001cb66b115310a61f71989be03d76efe3361dc72839723c20ef67a4170ad39,frozen_numeric_free_text_error_1
SNPS/2012/page_61.pdf-1,SNPS/2012,1,KNOWN,1,912d4b54b1ad6cd91a68249eb495b9426cef7d696b6f95bf842f4208ca252ec1,frozen_numeric_free_text_error_1
MRO/2009/page_36.pdf-2,MRO/2009,4,KNOWN,1,174fa7fafac2adb7522255743dc5126f3d64ca9395ff4c0d2bdf3c9db25b3cd1,frozen_numeric_free_text_error_1
ETR/2016/page_382.pdf-4,ETR/2016,1,KNOWN,1,9de1eed97ac970356dcbc0d28e62670c4badd2f01f4451e620353ec65596bfe7,frozen_numeric_free_text_error_1
HIG/2011/page_184.pdf-1,HIG/2011,4,KNOWN,0,a04a6faafb0b46924bd6cb0a284ba66e07d770cfad4a62c6be734e255e6653c2,frozen_numeric_free_text_error_1
JPM/2007/page_164.pdf-1,JPM/2007,2,KNOWN,1,54b7c5a501051b5c3db79c2f875eb1d19463538f7797dfcfc758140ef786fa86,frozen_numeric_free_text_error_1
IP/2013/page_64.pdf-2,IP/2013,3,KNOWN,1,1690808ad1e933e2b3f0aa46e0ba7f8d8b3679a5a69c05b170296e07089bd610,frozen_numeric_free_text_error_1
MRO/2009/page_58.pdf-2,MRO/2009,4,KNOWN,1,aa623bca379c1aa0ee498e2f0e07d8a42015b329d8d195e1572e5778fdb199bf,frozen_numeric_free_text_error_1
GRMN/2008/page_84.pdf-1,GRMN/2008,0,KNOWN,1,084898dc82cceab7013c366b38bbdcb11bf79c1f9d21a00795270aeff6233801,frozen_numeric_free_text_error_1
CME/2010/page_45.pdf-3,CME/2010,4,KNOWN,1,5fd41ed628f5c14d239da28cf128ed0abef2ab263ea516f596c04541fcca5991,frozen_numeric_free_text_error_1
MRO/2009/page_36.pdf-1,MRO/2009,4,KNOWN,0,c5aa496a283c26980454281dc997c7c3ec89d1c570282b23de22aa5100324240,frozen_numeric_free_text_error_1
ETR/2016/page_424.pdf-3,ETR/2016,,KNOWN,1,1df1256286f9a360f1c10fc2189ad8c9bcfef4730dd2270a4509a54f80c6ecbb,frozen_numeric_free_text_error_1
ETR/2004/page_335.pdf-1,ETR/2004,1,KNOWN,1,a8233e0c5aafb6205b72244e25c655c23634883eb7a868129026b70646184d8c,frozen_numeric_free_text_error_1
UNP/2012/page_79.pdf-1,UNP/2012,4,KNOWN,1,c3eee5d551cabe814786d6c3bb4cd9ed9447856ce41422ff5e4e33a27e4a4cff,frozen_numeric_free_text_error_1
ETR/2016/page_505.pdf-4,ETR/2016,1,UNKNOWN,,eda0a193b4dd95e7439e7d78ec33f1fe1b49ced788c57f3d91b951756d812234,frozen_numeric_free_text_error_1
PNC/2014/page_205.pdf-1,PNC/2014,0,KNOWN,1,b1916595caf7a06dbf64253b08748fa6c2c7d028bfbc556c145507221a0c94b0,frozen_numeric_free_text_error_1
ETR/2009/page_21.pdf-4,ETR/2009,2,KNOWN,0,554792f389dd021cd47e8e3825835913d496fb6b3554cd63662e267fda8b0ede,frozen_numeric_free_text_error_1
GPN/2015/page_82.pdf-3,GPN/2015,4,KNOWN,1,f6bdb469d3b4ea4fd97b577b0bebb15927614f123bc55e680d2887a33ede8a85,frozen_numeric_free_text_error_1
VTR/2007/page_48.pdf-1,VTR/2007,4,KNOWN,0,48f1e70b76b750c49ccd08c44cc7c40a750bbf5d983a03826ce859e7d3d64de9,frozen_numeric_free_text_error_1
STT/2017/page_100.pdf-3,STT/2017,,KNOWN,1,18b07ad518be3ef99134ef8e5390a34c6dc0844c02f3d1f54a879091d1fd1f69,frozen_numeric_free_text_error_1
V/2013/page_116.pdf-2,V/2013,,KNOWN,1,fb2028b884674aef1b515b91bd492c8a55f14a0e4398ff0f59e985ce889af568,frozen_numeric_free_text_error_1
UNP/2013/page_78.pdf-1,UNP/2013,3,KNOWN,1,c97e29c6c81c5c229f1e83a3d52642dfd883428b5a38efc28e55c0a9c83f3997,frozen_numeric_free_text_error_1
AON/2015/page_50.pdf-1,AON/2015,2,KNOWN,0,c5f84d605dca2c128911acb3464c92d87ccdccd08f2ab645c155a37e6e8bdb91,frozen_numeric_free_text_error_1
AAPL/2006/page_79.pdf-1,AAPL/2006,4,KNOWN,0,90341ea4bfb1d4cd9c73c710984b3d70dcbd0dc79872553f03950686bf0c6eca,frozen_numeric_free_text_error_1
ETR/2004/page_160.pdf-3,ETR/2004,,KNOWN,1,1d2068c11baeb55b778c7b3e3fc90d7f8b362be24a2aaba4320f175d272e9bb5,frozen_numeric_free_text_error_1
AMAT/2018/page_31.pdf-2,AMAT/2018,1,KNOWN,1,4ef9dd06828637d1f54b0b9fe0cc174709a4fe46a687ab44fe6669ca1544050c,frozen_numeric_free_text_error_1
TFX/2014/page_44.pdf-1,TFX/2014,4,KNOWN,0,2e4fb2d196bea0ffb74015b8acaab58705d87efef6f641aafaface1c4f34061d,frozen_numeric_free_text_error_1
KHC/2017/page_21.pdf-3,KHC/2017,0,KNOWN,1,6aa3da0896b9b42b6b4878fd7e89fcaff1929e9053750a909611feb31e17a985,frozen_numeric_free_text_error_1
CDNS/2016/page_32.pdf-4,CDNS/2016,4,KNOWN,1,3b6981cc1ae26a9e5bd5f96236dfdaa3d921f322cab01b9b1b83502791e6ce1d,frozen_numeric_free_text_error_1
PNC/2014/page_161.pdf-1,PNC/2014,0,KNOWN,1,31e7ff6fadc90d950424e6cd99ca34dac63183426954228db94ed37c2e5252a3,frozen_numeric_free_text_error_1
C/2008/page_26.pdf-2,C/2008,3,KNOWN,1,2e59e41d91239cb13a30bc54bf621592d3c6197277115a618db24bca2535cb2b,frozen_numeric_free_text_error_1
ORLY/2016/page_29.pdf-1,ORLY/2016,1,KNOWN,1,e31f20263d744d0a9f2b3913ca1701e05487c71b6c77a70764559268680533d6,frozen_numeric_free_text_error_1
HUM/2010/page_101.pdf-1,HUM/2010,0,KNOWN,1,dcbaf6fc79dfcaf00feb4e1da5c6bfb3cf1ef63a8b2c707c8387f59dfccc4c15,frozen_numeric_free_text_error_1
STT/2008/page_112.pdf-3,STT/2008,0,KNOWN,0,f380b6c8af32129cc7fe6d92e07ab1371f833197de9b7ad8c3c887674b012429,frozen_numeric_free_text_error_1
BLL/2011/page_29.pdf-1,BLL/2011,0,KNOWN,1,e388b5321aa7e4452a3074b9d8fa8f14ceb11cc1d57e194c3042c9ec6b5fe5e4,frozen_numeric_free_text_error_1
ADBE/2011/page_83.pdf-2,ADBE/2011,3,KNOWN,1,e087f636f73c4cf12104dc468d26aea3c1a81c0301aa9aba3edd8857e60d6830,frozen_numeric_free_text_error_1
DISCA/2012/page_54.pdf-4,DISCA/2012,1,KNOWN,0,8dcd8557fe2bc6440d690635e2c891b3a3eb1962368a7022ecd5399c87907091,frozen_numeric_free_text_error_1
JPM/2012/page_148.pdf-2,JPM/2012,3,KNOWN,1,e7b8ccb1459dd87a42999a7622079b406bc54c94320deb23f9c0ab544d0dea08,frozen_numeric_free_text_error_1
JPM/2012/page_148.pdf-3,JPM/2012,3,KNOWN,1,4cde230175fc02f8e2a493f893fab954a39f0a9ce9517c921c0ab7a970d9258c,frozen_numeric_free_text_error_1
ILMN/2006/page_92.pdf-1,ILMN/2006,0,KNOWN,1,16e82ea5395f1f0df0af0b7bd757db456ab9d17527c4ff483221bc6fe8ea2471,frozen_numeric_free_text_error_1
IQV/2016/page_57.pdf-1,IQV/2016,0,KNOWN,1,ffed88f0cd95cc4e7a5d9e6b4a15d2eda43fa1255e24dcd3c7479715bfef3341,frozen_numeric_free_text_error_1
HST/2018/page_115.pdf-1,HST/2018,3,KNOWN,1,a1395ff07c50de71e4465dedfaeb4c11dd4bec2064e74e7cbe14b1df6d0c2327,frozen_numeric_free_text_error_1
C/2008/page_189.pdf-4,C/2008,3,KNOWN,1,463344ca52bf46043186235e30b1f388da8946b2365f234e2b13b8474a643f3d,frozen_numeric_free_text_error_1
K/2013/page_27.pdf-4,K/2013,4,KNOWN,1,847d0111ddf3f4b1842541e42dc58bd9d1c8efa0d799dc38a5015f8836a82cf7,frozen_numeric_free_text_error_1
UAA/2016/page_80.pdf-4,UAA/2016,0,KNOWN,1,f2d5a9673dff4ef49a09f6c9589f244f08c447ae4f130d051ec9aa7c3ee9a1d8,frozen_numeric_free_text_error_1
RSG/2014/page_73.pdf-1,RSG/2014,,KNOWN,1,13ef647473cc203b67143ce8c8161ca0e20d3698d2cb3609dc6be3f11e1b4a22,frozen_numeric_free_text_error_1
RSG/2013/page_69.pdf-1,RSG/2013,4,KNOWN,0,ff0227c9e25282b5f1a89e60aea38420856444127f94ef58f44d125493169bac,frozen_numeric_free_text_error_1
BLL/2010/page_39.pdf-1,BLL/2010,1,KNOWN,1,0dcd58be4280a283cc9af83073346cd7a40986c62d983c1464edf31d7ca9f7cb,frozen_numeric_free_text_error_1
PNC/2014/page_151.pdf-3,PNC/2014,0,KNOWN,1,f7aa76476d348f8ce34f4604f492be8f5970e35da646c082dddb28a7fd518f59,frozen_numeric_free_text_error_1
C/2016/page_207.pdf-4,C/2016,4,UNKNOWN,,cbc70b98b505932b912a26f7f07f7c64ebb6272f0ec97e351acf474b553a009a,frozen_numeric_free_text_error_1
JPM/2009/page_183.pdf-4,JPM/2009,3,KNOWN,0,c015f376b23c0459d632c59e8ff89fa704eb5b8cfdcb217d1712405253fa7529,frozen_numeric_free_text_error_1
AON/2011/page_91.pdf-2,AON/2011,3,KNOWN,0,5dec36d62196931eea4cb6773585c4e6b97a374bbfac271080314607d1cab6a7,frozen_numeric_free_text_error_1
HIG/2013/page_124.pdf-2,HIG/2013,4,KNOWN,0,2de825377d160390b4ed3064b2dbbe8b4df2f14947c1a4466ae1d04e46eb59b9,frozen_numeric_free_text_error_1
TROW/2008/page_23.pdf-3,TROW/2008,3,KNOWN,1,010a5fe64ad4a4c15fce783e0c1b3b8dcb9a0f564555df01005f60138915ada3,frozen_numeric_free_text_error_1
IP/2016/page_52.pdf-2,IP/2016,3,KNOWN,1,6a9faa4dd80e90f7cd34a7c2517d69c241ecdaf1004e9d9b7f236c330208a11b,frozen_numeric_free_text_error_1
AAL/2015/page_83.pdf-1,AAL/2015,3,KNOWN,1,c53f9dabb7c57f42e6a70e975cc44a1dfa12e01408797d7123d3a1f6b8be3eb4,frozen_numeric_free_text_error_1
FIS/2007/page_102.pdf-1,FIS/2007,0,KNOWN,1,55b6f5c63adc9b13c5375b9bdba6870dd312b94354abeeb5467b4dcd2cb9e8ae,frozen_numeric_free_text_error_1
MRO/2009/page_57.pdf-1,MRO/2009,4,KNOWN,1,054196a8a98d5bd0c0de3dffb57204c12efb2b70fe923f88c9e4290e3ce41f6c,frozen_numeric_free_text_error_1
ETR/2017/page_352.pdf-3,ETR/2017,4,KNOWN,1,e09cbf01fe718cc1a9f7ae3ef52c2a2b84dd1291c6febee99da1952a03142ca4,frozen_numeric_free_text_error_1
FIS/2007/page_102.pdf-2,FIS/2007,0,KNOWN,1,6bd2e49abc3dd577c66a1954cb6118c3b62dd5274d68d925e99cd3b32aca9043,frozen_numeric_free_text_error_1
ADBE/2012/page_102.pdf-4,ADBE/2012,,KNOWN,1,86501fe43726289a41e7ea57dc48e92cb7c0e7c39663fa259753144b59050ae0,frozen_numeric_free_text_error_1
ADBE/2018/page_71.pdf-3,ADBE/2018,1,KNOWN,0,61953ca9702e7b9bfb982efc4d8c15f486364dc226ce6622c37ed73bad3cbd7f,frozen_numeric_free_text_error_1
C/2009/page_194.pdf-1,C/2009,2,KNOWN,1,d6d052e4508d21f732046e96299553751826606d448c3c17b9a29925d436c1ed,frozen_numeric_free_text_error_1
ETFC/2007/page_116.pdf-1,ETFC/2007,0,KNOWN,1,83c8be52baa41d6f9943740b2ebd98bd0706a25fd725f16febbdacd8c99c29e7,frozen_numeric_free_text_error_1
AMT/2015/page_58.pdf-3,AMT/2015,3,KNOWN,1,0ef7ba2d473d74db54eb3a8d06dd61b29d72349c3fdeb6dd7ad6c5acbe65e2fd,frozen_numeric_free_text_error_1
ETR/2016/page_375.pdf-2,ETR/2016,1,KNOWN,0,c74429eaa34ab889a76ba62e7f8db4de9b9985de4ff86ec2a1a43eb2bb767d08,frozen_numeric_free_text_error_1
GS/2013/page_195.pdf-3,GS/2013,3,KNOWN,0,4b039660c0efa349703aae5c167cb7aa0ef2c4eaebe1c5b5e945ba3120f2318a,frozen_numeric_free_text_error_1
IP/2005/page_32.pdf-2,IP/2005,2,KNOWN,1,47c74d9f97a91bf4ed99eaa32128d237c9f2a50e029da130ea33900b2af3f661,frozen_numeric_free_text_error_1
PKG/2009/page_63.pdf-1,PKG/2009,3,KNOWN,1,f5e01e3f8e04c6c3cafac2105c5ec46ddbafc1cb36caaa5d43eadd3f1df036ce,frozen_numeric_free_text_error_1
CE/2010/page_134.pdf-3,CE/2010,3,KNOWN,1,df004da8bcb3e20c6797c12bfc14bb02340c8c8486737c356749bc9aadaa100f,frozen_numeric_free_text_error_1
PKG/2006/page_68.pdf-3,PKG/2006,4,KNOWN,1,9fd77f9af3feee3baddb939aabbf94767e1b451880e2715fb62864878abb2d4f,frozen_numeric_free_text_error_1
DVN/2011/page_84.pdf-2,DVN/2011,2,KNOWN,1,817865bdfec9b7a5a28a3cca52ed006a3635a41d57b9e80a18f89bc4e9a065c3,frozen_numeric_free_text_error_1
MRO/2009/page_36.pdf-4,MRO/2009,4,KNOWN,1,0e48e09ef2faba26829f24fc57226b4f70af635b73b6e550fcb55fa172feced1,frozen_numeric_free_text_error_1
V/2012/page_28.pdf-2,V/2012,0,KNOWN,1,58d0fbdea9d4a986eca24beb536a4c45e8887f49bc5b010ef05ec93cc1246dbc,frozen_numeric_free_text_error_1
AWK/2018/page_162.pdf-1,AWK/2018,1,KNOWN,0,84df0c8fd6146aa09cddc6b7d6df13fb57f0896dcce2eb2af5ce1eb530bdf9a5,frozen_numeric_free_text_error_1
BKNG/2015/page_38.pdf-1,BKNG/2015,3,KNOWN,1,7292ab3c3788a51799e6c8cc0cb77e7084970b256d0c3dc398ef034fe4ac79ae,frozen_numeric_free_text_error_1
RCL/2014/page_80.pdf-2,RCL/2014,2,KNOWN,1,5ed140f1733cfb096cdac307872c1420649d2a87b57802dc8493c3a1c0d76749,frozen_numeric_free_text_error_1
LLY/2008/page_43.pdf-1,LLY/2008,1,KNOWN,1,169700a1b9df4a6944dd07bcf7fe6f2f91515260631006b0ca25bd8cb5e0ea17,frozen_numeric_free_text_error_1
LMT/2013/page_87.pdf-2,LMT/2013,2,KNOWN,1,2e9f182978c6a7e1d91211cee75263cd5f5173b81374afb1fd45503f1fe2119b,frozen_numeric_free_text_error_1
C/2008/page_189.pdf-3,C/2008,3,KNOWN,1,b9d0fe3ab60b6a684e35de51eda7c2fea1b28c5398af69ad72f158df103148cf,frozen_numeric_free_text_error_1
MA/2009/page_112.pdf-1,MA/2009,4,KNOWN,1,30add920e76a292ffc1229a5ce8a131bdcf80e83acaeb83e95b76b8d39a82483,frozen_numeric_free_text_error_1
JPM/2014/page_127.pdf-4,JPM/2014,2,KNOWN,1,1eb612e806f8f800b9f83e4f44bd091f07aba165b105d87df50cffcab153cf36,frozen_numeric_free_text_error_1
RSG/2009/page_78.pdf-1,RSG/2009,4,KNOWN,1,aef0c7c002f3ef4e2830169482b1cfb6ded6c19ee848cfbe12b793828a940c7e,frozen_numeric_free_text_error_1
IP/2014/page_65.pdf-2,IP/2014,4,KNOWN,1,f5cb7cdf22f27e4d4ad1ae002c5d29e0a573f8d4f495b85ef4780eebfe471c17,frozen_numeric_free_text_error_1
AWK/2014/page_7.pdf-2,AWK/2014,4,UNKNOWN,,8f8e529da1e7d87f9aa2e30ee04abd362367b46be93a9b91c138582fc4f35ce6,frozen_numeric_free_text_error_1
IP/2012/page_57.pdf-1,IP/2012,3,KNOWN,1,2984d68d516fb863233e58944c942f455a41aaef06bd45d214d87c45a9a8ec5c,frozen_numeric_free_text_error_1
AMT/2006/page_107.pdf-1,AMT/2006,0,KNOWN,1,898a317b08b1e27b36ddb1d4f5428d55bf52d145d34373719c27fcf2569c393d,frozen_numeric_free_text_error_1
ETR/2016/page_343.pdf-2,ETR/2016,1,KNOWN,1,20323d57910d86ad541bc19eaaec46bc072830dc59e3715f093a08e289b187ad,frozen_numeric_free_text_error_1
ADBE/2009/page_98.pdf-2,ADBE/2009,0,KNOWN,1,f4deebb71c4aa11a6d9a9f2275e943e15182b12d43d7c27a25ac0cb4ab1804b9,frozen_numeric_free_text_error_1
PNC/2016/page_73.pdf-1,PNC/2016,4,KNOWN,0,3d2c0b300156da27154e12ea232473d9e814aa035d5b68eede4b0d62b627c7a4,frozen_numeric_free_text_error_1
AOS/2016/page_19.pdf-1,AOS/2016,0,KNOWN,0,b95e9bf8070a75666abe79033ff9e83a732bfb6f7237b21a03cc4ca738cf2ccd,frozen_numeric_free_text_error_1
AMT/2015/page_58.pdf-2,AMT/2015,3,KNOWN,1,f89dc6f3369351f8902490120b4323260d57f901dddc42c56137895d8819ea12,frozen_numeric_free_text_error_1
LMT/2016/page_83.pdf-3,LMT/2016,1,KNOWN,0,d0eaaad0ccd560100b2188d2faf4e6bccbc3464aec3425b8b802ed7bab90b817,frozen_numeric_free_text_error_1
AWK/2014/page_45.pdf-4,AWK/2014,4,KNOWN,0,53a8405539d8bbe42eabf8744ff466f6af86b3f70e225b1333f1e455f244511e,frozen_numeric_free_text_error_1
CE/2005/page_167.pdf-1,CE/2005,0,KNOWN,1,a5d3f4c383e0762e78e224adf6e54038287343ae5eb1b2137eb96718ff8fcba3,frozen_numeric_free_text_error_1
ALLE/2015/page_81.pdf-1,ALLE/2015,3,KNOWN,1,d64b71d440efc5aee35656eec8c9530c7495863ca967863b511aea0d6ea66c39,frozen_numeric_free_text_error_1
ORLY/2018/page_30.pdf-3,ORLY/2018,0,KNOWN,1,4f6d2a54159bafd2ab2a35299a048dd02311ab081845325f450ab7d6aad3f120,frozen_numeric_free_text_error_1
REGN/2010/page_64.pdf-1,REGN/2010,1,KNOWN,0,1adb64a9bb569ee98b41d7e78aa3b6ac15cb0ddb7d98ce300182ee0e2e3d7085,frozen_numeric_free_text_error_1
ETFC/2015/page_27.pdf-3,ETFC/2015,3,KNOWN,1,add5ab3e6fcf6b9ec9cdc73552d516d885df6cffb92349f0a72b569bb3d978a6,frozen_numeric_free_text_error_1
V/2008/page_130.pdf-2,V/2008,0,KNOWN,1,0612af632c7d2118bdf78938297499a8e7982839780744c7e381acc1df3acd28,frozen_numeric_free_text_error_1
ETR/2016/page_444.pdf-1,ETR/2016,1,KNOWN,0,b8de288569f8dcd5a6adb39edc122ad1917983e0a37af03b1184f2148f0a88f5,frozen_numeric_free_text_error_1
FIS/2012/page_30.pdf-3,FIS/2012,3,KNOWN,1,c66fa8df4149f9a1a7c3a3a89ebe9b2965d5834d2b340880c7f1235246d2aeb9,frozen_numeric_free_text_error_1
AAPL/2014/page_26.pdf-1,AAPL/2014,2,KNOWN,0,7a879f21e58b60edc2d7b0c2b9f9b00021252f83398f3b606cbb931abdd0167e,frozen_numeric_free_text_error_1
IP/2013/page_64.pdf-1,IP/2013,3,KNOWN,1,87b67fae9895d7b02662c82bf1e674e159d7fac0fb7491561953261e84004a57,frozen_numeric_free_text_error_1
TMUS/2016/page_32.pdf-2,TMUS/2016,2,UNKNOWN,,bf336a60d5bea23296277748334f8265fac8877c8952c424204db5a6bd6d8056,frozen_numeric_free_text_error_1
CDNS/2007/page_30.pdf-1,CDNS/2007,2,KNOWN,1,444ffe51923a40c34496421ac3ab60602e029f75a4a6cb5d9be2ed6017ee6e22,frozen_numeric_free_text_error_1
GPN/2014/page_71.pdf-3,GPN/2014,1,KNOWN,1,2adb6256b4a6ab771257a3cdb2ee8498fad55713c9facbc211b8e0cf1683cc41,frozen_numeric_free_text_error_1
MAS/2013/page_27.pdf-3,MAS/2013,0,KNOWN,1,8ec57b55c1c23d35c430d2e8fa6167bd407232354b110ac6841f69fa0cc68ddd,frozen_numeric_free_text_error_1
IPG/2017/page_49.pdf-3,IPG/2017,1,UNKNOWN,,fb40ea76f4ceb2c2d2ac76da6c9ff4005fe9fe59684c5c361b9bbb801fdb67e1,frozen_numeric_free_text_error_1
GPN/2015/page_82.pdf-1,GPN/2015,4,KNOWN,0,cd0f5d63c5e774f0f1a9ec4377843edf1043ac5887273fb69d65e29eace2ab17,frozen_numeric_free_text_error_1
AMT/2016/page_57.pdf-3,AMT/2016,0,KNOWN,1,fd490e5ce137cfa7611f939f9e202d936c1ba7d8889f489f65d6539c1a22e46a,frozen_numeric_free_text_error_1
MMM/2005/page_72.pdf-1,MMM/2005,4,KNOWN,1,ed9450e7ed1604e9feca654f45114fe8192171297a14f8e734f50e19e2f167b9,frozen_numeric_free_text_error_1
ETR/2004/page_261.pdf-3,ETR/2004,1,KNOWN,1,ce369865aafe1c1c03c908aaf26b65a02c855831aa21e3f855cc56b23c84808e,frozen_numeric_free_text_error_1
AWK/2018/page_178.pdf-4,AWK/2018,1,KNOWN,1,05c74042f4991672c339ca53f78121fe65ef45704c0f4f6cf3aefd3b92c50f4c,frozen_numeric_free_text_error_1
ADBE/2011/page_83.pdf-3,ADBE/2011,3,KNOWN,1,17ec568381edc7b18078f50ecc1c26431db0287166b035f88d79f7e184228b66,frozen_numeric_free_text_error_1
ETR/2009/page_21.pdf-2,ETR/2009,2,KNOWN,1,03f88077354a515fd1a9f9e370953622c6956c50fce004d65838668df518a6dd,frozen_numeric_free_text_error_1
APD/2014/page_71.pdf-2,APD/2014,4,KNOWN,1,72026a5fd326d8525c50b3f6a2ea2d9065ac107cce7b844e5e2d3d9ec5f49bc6,frozen_numeric_free_text_error_1
JKHY/2016/page_25.pdf-1,JKHY/2016,0,KNOWN,1,f23e48e93240bfd7d2459a009453cc68f0dbb275758faac728599bed594b5509,frozen_numeric_free_text_error_1
C/2008/page_207.pdf-1,C/2008,3,KNOWN,0,8059301c04a8013cc3078d37a8749ee32de3c29d047bdad6f44ae7cb581e2501,frozen_numeric_free_text_error_1
INTC/2013/page_40.pdf-1,INTC/2013,4,KNOWN,1,1b83ea5b91654a63a8bad2dfada5b05124865c3c512411a801e70b4326b75cd1,frozen_numeric_free_text_error_1
LLY/2018/page_99.pdf-2,LLY/2018,2,UNKNOWN,,93a6dd3c29919786f48fd11433a3859b459030ae794ca770256480d6e4ef884d,frozen_numeric_free_text_error_1
AAPL/2011/page_24.pdf-3,AAPL/2011,2,KNOWN,0,c1075a685191d6e6a39e325e655df7416a596457dca517fb44073aead67391cc,frozen_numeric_free_text_error_1
ALLE/2015/page_81.pdf-2,ALLE/2015,3,KNOWN,0,71515fadbcd624020a3b868c866d297180adf70a33f212e607af26c9dea7f840,frozen_numeric_free_text_error_1
ETR/2017/page_332.pdf-1,ETR/2017,4,KNOWN,1,0d387b3096fb5c81980df98921afd51a232013d86dab3412a5d816011df4d64e,frozen_numeric_free_text_error_1
JPM/2005/page_70.pdf-1,JPM/2005,3,KNOWN,1,18df3b48c6c094cf086e55309843b0c049a92bda7a28768d0c9cc3d4f787dd0c,frozen_numeric_free_text_error_1
TSCO/2017/page_68.pdf-2,TSCO/2017,1,UNKNOWN,,a367858fef557f06a674f8453ac5e1e5d43eaafce4db7cc9dcec3cced8fad831,frozen_numeric_free_text_error_1
GS/2017/page_176.pdf-4,GS/2017,2,KNOWN,1,2bcdd69381790153068e1bd5277006101d1c0093e1bdced784807d644b15149e,frozen_numeric_free_text_error_1
ECL/2017/page_68.pdf-2,ECL/2017,4,KNOWN,1,5db96287dc6adbfc4987a2f521cf6f5c87fbdf821f8b256bbb81e78a6c4cabfc,frozen_numeric_free_text_error_1
GPN/2008/page_95.pdf-4,GPN/2008,2,KNOWN,0,758ccfd1f5a1fbfcf5937911a9be8acd305904cd63025125e13578849638b75c,frozen_numeric_free_text_error_1
ETFC/2013/page_84.pdf-2,ETFC/2013,0,KNOWN,1,010f8f96321f0aa16241ca8da83b8d1a15f12389401e193a1f78a594c47254e1,frozen_numeric_free_text_error_1
JPM/2009/page_206.pdf-3,JPM/2009,3,UNKNOWN,,a62397a9ff8836dd5f0f1465311c8f37266dd7ae6f559ec8221aeb25ee4fdd82,frozen_numeric_free_text_error_1
ETR/2017/page_175.pdf-4,ETR/2017,,KNOWN,1,56e441ed93008be69527dc2709fbb7f093467a282036a561e33ab27f1412ddb1,frozen_numeric_free_text_error_1
HWM/2015/page_87.pdf-2,HWM/2015,1,KNOWN,0,e0129059e337f780574d774fefb6faa00bde59e50a9774c19759fda15df0a0c5,frozen_numeric_free_text_error_1
FIS/2016/page_49.pdf-3,FIS/2016,0,KNOWN,0,708f591fe47dc0e835994b084b2aef812b348dc6eb817a0f3aaef5b2eb964882,frozen_numeric_free_text_error_1
PKG/2018/page_66.pdf-4,PKG/2018,2,KNOWN,0,8c4c86baa1b655255a573b723e0fc269f9655a41440963f199205212941a6b0a,frozen_numeric_free_text_error_1
GPN/2016/page_83.pdf-4,GPN/2016,1,KNOWN,1,4307536567ae304a802286752c1b487d6d8843fd4bbad224697ad9d2e86e4453,frozen_numeric_free_text_error_1
GPN/2007/page_39.pdf-3,GPN/2007,0,UNKNOWN,,2e6b4d29c48da1b683aa5cc65bdb870efcdbbfae08cc15439d4cd739079407f9,frozen_numeric_free_text_error_1
JPM/2014/page_127.pdf-2,JPM/2014,2,KNOWN,1,0dad3bbcb3cbf1338b0923ea9c8af9e2abd3eab56f0fb9d1cf875be556a3d649,frozen_numeric_free_text_error_1
SLG/2009/page_84.pdf-2,SLG/2009,2,KNOWN,1,18e7432e4703a8a97c84fad3a76225c89baf35097a102da5e03f43e2820ab522,frozen_numeric_free_text_error_1
CE/2005/page_56.pdf-3,CE/2005,0,KNOWN,0,c275b097d6ff508dc92f1ffb8c32fbb0b7cdacd37e65a4f6096e1bfebeb6c5ae,frozen_numeric_free_text_error_1
MA/2008/page_116.pdf-4,MA/2008,4,KNOWN,1,1b015da966a666fd007ac9e2de4a04f1d79c79f6dab3e554fc274ed85ac66726,frozen_numeric_free_text_error_1
FIS/2010/page_89.pdf-3,FIS/2010,4,KNOWN,1,ce673d0ce93a9bbef2808a28e121f1aa0081e4847d318c873c8ac81baaafefab,frozen_numeric_free_text_error_1
HUM/2018/page_46.pdf-3,HUM/2018,0,KNOWN,1,b5fc08e3fbdc01c2c1379575059c6a390496dc27e2037eef53b42a10b75267a4,frozen_numeric_free_text_error_1
C/2009/page_279.pdf-4,C/2009,2,KNOWN,1,27296a8ac22960ec8fe70b82afd5bcc3a6356a4525033ecaf8211f0085966a39,frozen_numeric_free_text_error_1
EOG/2017/page_103.pdf-1,EOG/2017,1,KNOWN,1,11b66a3a5e3409751da8d8031556bf3e3501b50fd5bd5c8c30d998219b66c17b,frozen_numeric_free_text_error_1
V/2009/page_89.pdf-2,V/2009,2,KNOWN,1,4fddd4d261e966cb2af5db56cb468805aaa21f0de7cb7e4668591fa2ac61370d,frozen_numeric_free_text_error_1
AON/2011/page_121.pdf-3,AON/2011,3,KNOWN,0,517c745fc7a1258d5a90f5a0c8a4fafa5c4ba9e6de763e5dde4e6ee21fb008ae,frozen_numeric_free_text_error_1
HIG/2004/page_67.pdf-1,HIG/2004,0,KNOWN,1,d9dd0253a008f11a8ccf778d7d0fc0887b4a8001878b0a2ca7c5758ba6e26533,frozen_numeric_free_text_error_1
PNC/2012/page_110.pdf-2,PNC/2012,3,KNOWN,0,53ebd55aa7b9d1e784fa7e6a012188c23ae3642a55fb409917646a466a8dcfb1,frozen_numeric_free_text_error_1
EMR/2017/page_53.pdf-2,EMR/2017,2,KNOWN,1,1d731454e1f628e42670cf2974f11c594f8c41c66cc450fbee5b141c9500e815,frozen_numeric_free_text_error_1
CB/2010/page_113.pdf-2,CB/2010,3,KNOWN,1,d09b525f8bf3ad09c614c186d4f0e723001828e6f91a70c0498f6e7951f82576,frozen_numeric_free_text_error_1
ALXN/2007/page_96.pdf-1,ALXN/2007,0,KNOWN,1,87f8e5f13385a9bc6e04e6ee7d0d2b799e2337d75f8baca1d969ea5d0e68705e,frozen_numeric_free_text_error_1
C/2009/page_42.pdf-2,C/2009,2,KNOWN,1,832adbcc9c746061ac58879d08b0d6b91fabe6a73444afb21984ab8d7910c65a,frozen_numeric_free_text_error_1
ETFC/2011/page_23.pdf-1,ETFC/2011,2,KNOWN,1,e4680d75ae9c64853e2c2b2b992af73e7d462c4bfb3ee3d83775c48fa488806e,frozen_numeric_free_text_error_1
MA/2010/page_107.pdf-3,MA/2010,2,KNOWN,1,7f5427d17cb9b0102a25b71417207bab1428f9fc0cccd7f698a40918a49cf667,frozen_numeric_free_text_error_1
PKG/2001/page_86.pdf-4,PKG/2001,1,KNOWN,0,fe37c1771c58204d3deed0dd636e0ed515e6bc0821e4e10ff1ff592918857a6f,frozen_numeric_free_text_error_1
ADBE/2009/page_81.pdf-4,ADBE/2009,0,KNOWN,0,b5ce7e18509beefd27b6e2cb92da552ad6dab9ea80b4e358104303b60e42fa82,frozen_numeric_free_text_error_1
AAPL/2002/page_23.pdf-2,AAPL/2002,2,KNOWN,1,d1eb4918c967f45e4dbad5f36c6d89b303c3f650e786e6c7175f91fe2e7b5f98,frozen_numeric_free_text_error_1
ETR/2008/page_187.pdf-3,ETR/2008,0,KNOWN,1,3b812bc48b4dfd1f46753fec84ce8957ef74b94dac4298ecfa756cdd9c094caa,frozen_numeric_free_text_error_1
PM/2018/page_108.pdf-2,PM/2018,2,KNOWN,0,91a4daaa3c65002ea2a127447bd148a25684c78dedbf166dba89d4116c6b5354,frozen_numeric_free_text_error_1
SNPS/2012/page_62.pdf-1,SNPS/2012,1,KNOWN,1,a7b6d7a936f671a2b88a3b98d3473ce9bb0f223739de033dd8e0d1a2f4bd0bd3,frozen_numeric_free_text_error_1
HWM/2017/page_75.pdf-2,HWM/2017,2,KNOWN,0,822a918bc3f0f4acd16f35c4a582bc981f02f03141128ad4bac7dd2e23023336,frozen_numeric_free_text_error_1
ETFC/2015/page_27.pdf-2,ETFC/2015,3,KNOWN,0,e73e09a68500c1f67e516129b8ad200f91b319095b97a26062a2e1e40e4e6af6,frozen_numeric_free_text_error_1
HUM/2018/page_129.pdf-4,HUM/2018,0,KNOWN,1,7cfb61f93419549d32d35efa49a9b8c02930fe1efff619a254bb92150489566f,frozen_numeric_free_text_error_1
PNC/2014/page_205.pdf-2,PNC/2014,0,KNOWN,1,7d5c9049b71a6b16de0d8f87d7735aa50699b42166b96168b991ca9b88d3639a,frozen_numeric_free_text_error_1
CB/2010/page_113.pdf-4,CB/2010,3,KNOWN,1,b4faa0bd25bd7ed367d5d4a97b0623db42909d1a44297c98e91434b6bfe89700,frozen_numeric_free_text_error_1
ETR/2017/page_401.pdf-2,ETR/2017,4,KNOWN,1,e68d59bab06814defc5bf9743f1776386d1f3486a2ee40a0eb53d4e141dd2922,frozen_numeric_free_text_error_1
ETR/2008/page_401.pdf-2,ETR/2008,0,KNOWN,0,fba62b172c9455dd9d46a8d090d2033264d141c32dad8d8019b5a7cd8d46c5d0,frozen_numeric_free_text_error_1
EMR/2017/page_53.pdf-1,EMR/2017,2,KNOWN,1,4ae1eb7e0d599ab4c7e830c37c7d6949f51c92776d83d692990fc3549e8b7134,frozen_numeric_free_text_error_1
C/2016/page_120.pdf-3,C/2016,4,KNOWN,1,899cb268d60bb52775a124767662910a42a32cd6299217e0903e1df54ce361a1,frozen_numeric_free_text_error_1
LMT/2017/page_26.pdf-3,LMT/2017,0,KNOWN,1,b60f8a236f24e2aa75845a57d0ca69c7e434fd28cb052c892a2c0e37b7720d58,frozen_numeric_free_text_error_1
MKTX/2014/page_39.pdf-2,MKTX/2014,0,KNOWN,1,5704af23ee0e70557e70b7e194d1d22d081645454f5f33f410ed06d2bcb451cc,frozen_numeric_free_text_error_1
GPN/2008/page_39.pdf-3,GPN/2008,2,KNOWN,1,c4546cfbcab4434bbf011ace5f5405b6575ceb0159b07808cd0a1e303b7da84b,frozen_numeric_free_text_error_1
ETR/2017/page_352.pdf-2,ETR/2017,4,KNOWN,1,6ea589af34ad6d6547cabe41fde37a711d6693f89e9492a5ddd3dbd262dcba10,frozen_numeric_free_text_error_1
AAL/2015/page_15.pdf-2,AAL/2015,3,KNOWN,1,3e5212b2a285b1c90383de92f2bd357970cf669c8b3f80ef8ad7bf2f18dde91d,frozen_numeric_free_text_error_1
MA/2008/page_113.pdf-3,MA/2008,4,KNOWN,1,b18a2b93f66c65c4bc9db46f250239da6780518243091ae63bd52fcc2fc870d6,frozen_numeric_free_text_error_1
SNA/2013/page_56.pdf-2,SNA/2013,2,KNOWN,1,47b1b734986f2539430d8eb33297d3fe0d6ebeb5acb8193e84e16e5ceadca1e6,frozen_numeric_free_text_error_1
HIG/2004/page_192.pdf-2,HIG/2004,0,KNOWN,1,3ed905b33b855e2d2d7084f471776b0cc6fee08e4a3c7ba608d752be03ddd670,frozen_numeric_free_text_error_1
EW/2014/page_90.pdf-1,EW/2014,3,KNOWN,0,ed9c0aa57ee1d58f9ab46f7d853eef44e0b55c1a970f2a7773ab93caeaae5f74,frozen_numeric_free_text_error_1
HIG/2012/page_132.pdf-1,HIG/2012,3,KNOWN,0,964bb59373585dccdc870c9e124e9a9c4ae272d58d827b524ffad4a44b100c21,frozen_numeric_free_text_error_1
AWK/2018/page_172.pdf-4,AWK/2018,1,KNOWN,1,618f7b3edf4f227831faa3211cd91da9165f6a70a3fbc078b4d7e8703143fa40,frozen_numeric_free_text_error_1
ETR/2008/page_267.pdf-1,ETR/2008,0,KNOWN,0,2a95456029c85fd0242fb056bd6e73d2562d17d0a5ef9c48ae9b3baa0b3c26c5,frozen_numeric_free_text_error_1
HOLX/2011/page_122.pdf-1,HOLX/2011,2,KNOWN,1,9a44018388639444cc775ce09b7c01045a2c5d6938fe7a4e12980e7d9c6e3aff,frozen_numeric_free_text_error_1
CME/2010/page_71.pdf-1,CME/2010,4,KNOWN,1,99ace45df63bb848a28f5179618f5a6ed58776fccab1bedaf85ef76bc291948c,frozen_numeric_free_text_error_1
PPG/2018/page_32.pdf-2,PPG/2018,0,KNOWN,0,1431cfa82a0271df1e79caaa295e0008c9f08d556af590f88e436e01e190a2b0,frozen_numeric_free_text_error_1
VTR/2006/page_88.pdf-3,VTR/2006,0,KNOWN,1,617ebc3dc12aef7808c1f84fd83525d3509af68ac7c50f830ab818813e82cd9e,frozen_numeric_free_text_error_1
AWK/2013/page_123.pdf-4,AWK/2013,4,KNOWN,0,85a4fb41c7e0d023aadbea23a9885d1f8fa333b1abbd1c09d97f84d5627e2e06,frozen_numeric_free_text_error_1
RL/2013/page_13.pdf-1,RL/2013,3,KNOWN,1,7813c9a19ea03dd1f52596f36fbe4d7933854796976565af9ff8d3558c958df3,frozen_numeric_free_text_error_1
HWM/2018/page_67.pdf-1,HWM/2018,1,KNOWN,0,f55c62f57dd6d88353f68b939678a59385a79b4608e30ea64a501d80d279d5e6,frozen_numeric_free_text_error_1
GIS/2015/page_38.pdf-1,GIS/2015,3,KNOWN,0,964a48866fd3b497bd2188d55ebe3bf12c53284c9bb1238e6005a8b979706e7e,frozen_numeric_free_text_error_1
JPM/2014/page_127.pdf-5,JPM/2014,2,KNOWN,1,e995f103a3c031eb06d0a988ffe6e3a0090a57aab9129a67480d9ee54b90a328,frozen_numeric_free_text_error_1
REGN/2010/page_72.pdf-2,REGN/2010,1,KNOWN,1,c507ca760bd2b3d97be7b664e2d360be878f723f05d92bab7f9def0fb0a03f1e,frozen_numeric_free_text_error_1
UPS/2010/page_33.pdf-3,UPS/2010,3,KNOWN,1,aea476853f2424f0c72712f1a6a8d4b0ae945a9943f069a5d44507a49607433e,frozen_numeric_free_text_error_1
KMI/2010/page_2.pdf-1,KMI/2010,4,KNOWN,1,814b1cb7cd758aa243672d87c8faf2d3941e600c02cd5a824a9eb54738e6670d,frozen_numeric_free_text_error_1
HIG/2013/page_124.pdf-1,HIG/2013,4,KNOWN,1,f10da4ac895fe8a4152a60fb7582406ae4ae644ef2775db56865a812b04e94f0,frozen_numeric_free_text_error_1
AWK/2012/page_12.pdf-2,AWK/2012,0,UNKNOWN,,ccb10dc3b2ce7c71f9f73a14faa9f107931a7cc503795e8d09bdba3c5ab320ac,frozen_numeric_free_text_error_1
HWM/2018/page_41.pdf-1,HWM/2018,1,KNOWN,1,007185b9425b033e2e46583208760eeabc75ca7201be97cb1566462fe5502e2c,frozen_numeric_free_text_error_1
BLL/2007/page_78.pdf-2,BLL/2007,2,KNOWN,0,ca325de4bd4f7f9211986a9fc6aaf4f0522d6b66d03b69ba815052b247a2d9c4,frozen_numeric_free_text_error_1
PNC/2012/page_98.pdf-3,PNC/2012,3,UNKNOWN,,5a48b1e4b62158366af230dfd7bfae3ecebfe6274f21f2e0b03947192b02117b,frozen_numeric_free_text_error_1
MAS/2012/page_86.pdf-4,MAS/2012,1,KNOWN,0,489452d8f6cbe2b74a3e949251c62fc12214f3d5af09f467d5c554b947ced498,frozen_numeric_free_text_error_1
IPG/2018/page_26.pdf-3,IPG/2018,2,KNOWN,1,5a7c29d10032f6bac97a276a47aa8f5bfc562c273c5a8af112a9344c7c3b1494,frozen_numeric_free_text_error_1
JPM/2005/page_70.pdf-2,JPM/2005,3,KNOWN,1,ae6b821940d5ae4fd0fbdaf90f2747d25648c0ee27330c9edb85647e84bb5a3b,frozen_numeric_free_text_error_1
GPN/2007/page_39.pdf-4,GPN/2007,0,UNKNOWN,,585bc3a859e661cf9907a20adf12069b358e6744d0cb0a2bd9e5b354af7e55b8,frozen_numeric_free_text_error_1
AAP/2013/page_32.pdf-1,AAP/2013,2,KNOWN,1,7dc3ac062b7dd003b0abfa4f6facd665824bb916e6439eab33c45c0e491dcd76,frozen_numeric_free_text_error_1
IPG/2017/page_26.pdf-3,IPG/2017,1,KNOWN,1,0f17a0be05c9aaa1bdd8d22560fbab9a15943880cf7c018a780dccd20e420bde,frozen_numeric_free_text_error_1
DRE/2009/page_60.pdf-2,DRE/2009,0,KNOWN,1,dc78a7574b284496c16ee66ade05a89bf3b662cbae0898afeb149a0ce1851206,frozen_numeric_free_text_error_1
LMT/2016/page_105.pdf-3,LMT/2016,1,KNOWN,0,9509b6b5a45b4f6c58f2ebe455133c80d049753c3200a88b1ceda08473adcf99,frozen_numeric_free_text_error_1
HIG/2016/page_250.pdf-2,HIG/2016,3,KNOWN,1,937a338e4541aa86d1ea2874a8adc9a883c0b387011249dae527b9ca21b8d62e,frozen_numeric_free_text_error_1
LMT/2013/page_47.pdf-2,LMT/2013,2,KNOWN,0,8a8b7e341a6e7af470c8c1050a141aa96626a0616fb213218bfac96576c9fa49,frozen_numeric_free_text_error_1
TFX/2017/page_48.pdf-2,TFX/2017,4,KNOWN,0,de89c8da37b8fe657cc61fb458d7d735b3115a613e835a9461cb483c2c1d40ec,frozen_numeric_free_text_error_1
CB/2010/page_113.pdf-3,CB/2010,3,UNKNOWN,,e980004fc655d191608d42493a55e45351fe8d59ff150f337089bb1d5f75ff9a,frozen_numeric_free_text_error_1
AAP/2012/page_61.pdf-2,AAP/2012,0,KNOWN,1,48a736564510e0ef69656149ef4f9e09aa9c97d3e41f6e02c079780c0d2939e1,frozen_numeric_free_text_error_1
ETR/2013/page_136.pdf-3,ETR/2013,1,KNOWN,1,737405d3025e36581f8e601707b304914785456053daf8aca4732b3dafe01576,frozen_numeric_free_text_error_1
ETR/2008/page_27.pdf-2,ETR/2008,0,UNKNOWN,,8112e8fa1c01ede9af73823c903bcfc925e249c6a6f936311c442f5927f662ac,frozen_numeric_free_text_error_1
IP/2014/page_66.pdf-2,IP/2014,4,KNOWN,1,03d4077dba46fe902e61d82767efd167a48cbbb9a39838d449cdf9d3d2617ab1,frozen_numeric_free_text_error_1
AMAT/2015/page_31.pdf-3,AMAT/2015,3,KNOWN,1,75261b856fc100767cc39e3415a6c4e94d8dff5873fe166acd45aec7ffe6e997,frozen_numeric_free_text_error_1
AMT/2012/page_56.pdf-3,AMT/2012,,KNOWN,1,b070f7190a78d74e994fca5402aedc9907039decbdca75dc113abe4480500bb3,frozen_numeric_free_text_error_1
C/2009/page_255.pdf-4,C/2009,2,KNOWN,1,de16e8a513441b3a5b30477fd2928d3604a09023673717e92e7a3c8510964049,frozen_numeric_free_text_error_1
UNP/2016/page_24.pdf-1,UNP/2016,3,KNOWN,1,cd0af17e74bee772a4449f144c0669170fcdf76b8eb784f430c04214afdf45e4,frozen_numeric_free_text_error_1
AMT/2014/page_131.pdf-2,AMT/2014,4,KNOWN,0,efc8838a16c4ac862710733779e7da9ef22ab2bc150b3597d9e9ec229e6c3a5f,frozen_numeric_free_text_error_1
IPG/2015/page_24.pdf-3,IPG/2015,4,KNOWN,1,b8452e84e7f39d2440fc11b8df3bc2edd2edfa3f3e7f4b38e544747f57984ac0,frozen_numeric_free_text_error_1
AAPL/2017/page_23.pdf-1,AAPL/2017,2,KNOWN,0,c7937067fad20bad00ab09fc446c0de06f8e0ee2bebcbec645c6f5137306b190,frozen_numeric_free_text_error_1
DISH/2011/page_130.pdf-1,DISH/2011,3,KNOWN,0,1fab7c7c9c7e05575ca91d7fdecbae72c4cbcc915e8e0b9db93c4a613a5b50cb,frozen_numeric_free_text_error_1
MRO/2009/page_132.pdf-2,MRO/2009,4,KNOWN,1,3672f3300f8c9a4d6c97181e3d03ea4fa2288d407acea4652acedf799c66ddbd,frozen_numeric_free_text_error_1
ETR/2008/page_212.pdf-2,ETR/2008,0,KNOWN,1,1a723303743d8a83f36651d33168ea922881b154b94838dc0f030c105a6b747b,frozen_numeric_free_text_error_1
LMT/2002/page_33.pdf-3,LMT/2002,3,KNOWN,0,318e351c0f0055179956a0a0efde63db4ddd839f200e864012f83eedd318c88f,frozen_numeric_free_text_error_1
GPN/2017/page_72.pdf-1,GPN/2017,0,KNOWN,1,078ead4e2ecf55fb79540e88d6306b161e11cf806f7608674873658c4f44f9d1,frozen_numeric_free_text_error_1
RL/2018/page_9.pdf-1,RL/2018,1,KNOWN,1,1d9071e4887027631c75b88717ff3d080ce8430b11bb06600c6ddd58aef577ae,frozen_numeric_free_text_error_1
AWK/2017/page_172.pdf-3,AWK/2017,4,KNOWN,1,22d1f198ec284fbefbcc21e925a86e823084f5622f34b5c2993e1c8226adbe94,frozen_numeric_free_text_error_1
ETR/2016/page_24.pdf-3,ETR/2016,1,KNOWN,0,d2ee9e55bf9038af91e8570bfcba441f78a91050e0e8ae5c2400959ade32e86e,frozen_numeric_free_text_error_1
AWK/2014/page_122.pdf-2,AWK/2014,4,KNOWN,1,d0cd57d8ed01f3949a87a46976fc3b01596771d70adf6a521e9514012950dce2,frozen_numeric_free_text_error_1
AON/2011/page_91.pdf-1,AON/2011,3,KNOWN,1,38d0216017cc01c16bad41d3bd5a0fed1d2ad85e01c72607880e1aacaffcae47,frozen_numeric_free_text_error_1
ETR/2016/page_144.pdf-2,ETR/2016,1,KNOWN,1,13438cdda185edf4fda3348d8fe3850f1dc747578c4c2fcbbbe8c5cd454086ec,frozen_numeric_free_text_error_1
ADBE/2012/page_87.pdf-4,ADBE/2012,1,KNOWN,1,3e3615af48539a2f1e28780ade33cee333ee20090a5f9546837320aa939cd271,frozen_numeric_free_text_error_1
APTV/2018/page_34.pdf-1,APTV/2018,1,KNOWN,1,645fb4874e0497f032f33f3753c2fd98f7496d544d81f72e5a8e1e2d60a679ba,frozen_numeric_free_text_error_1
AAP/2012/page_61.pdf-1,AAP/2012,0,KNOWN,1,fb500d86ed5d60614cd7f07a091b656c13c9516c4ebcc90b587e5f8d9b9638e4,frozen_numeric_free_text_error_1
MRO/2009/page_107.pdf-2,MRO/2009,4,KNOWN,1,50bfc939400e1d0cf2a232f8db3566d0678f3323665fe2b93c7e041be85c4fc0,frozen_numeric_free_text_error_1
ETR/2004/page_125.pdf-2,ETR/2004,1,KNOWN,1,d5cd374f6e484d97ddf2296c06f1bee04c5e64be76e16acbe363336d72d641d4,frozen_numeric_free_text_error_1
STT/2008/page_73.pdf-2,STT/2008,0,KNOWN,1,6df0a17c726691a396192a7e28481a8f27c1e0467d456321de662c950fde5378,frozen_numeric_free_text_error_1
GS/2014/page_167.pdf-3,GS/2014,3,KNOWN,1,c75dfdff28493c6339af4a42ffb953c69f40c38eddfec8d0fe42f8396980c57f,frozen_numeric_free_text_error_1
AAL/2014/page_89.pdf-4,AAL/2014,1,KNOWN,1,ed5ee0fd004b7f195c2450cc31eb95672b191b46dc9ff47363690b74c95bd432,frozen_numeric_free_text_error_1
GPN/2007/page_39.pdf-2,GPN/2007,0,KNOWN,1,5eaa0047b30d538779779a637cf0d6ba2d71dc9313b0e111db588f833e25f852,frozen_numeric_free_text_error_1
STT/2009/page_109.pdf-3,STT/2009,2,KNOWN,1,49c32b5d688fcddd5a9db9ca4a13972c83654f7c3127590e810bccaf21e3e8ea,frozen_numeric_free_text_error_1
IP/2015/page_51.pdf-2,IP/2015,1,KNOWN,1,7135e2ab5f0f16dea112f0a6768e668aaeb19010d345ce260e887aaceab4257c,frozen_numeric_free_text_error_1
UNP/2009/page_38.pdf-1,UNP/2009,2,KNOWN,1,423756700fedcbe940f0876a4e333b0c64677d4dfaf02516e8371f41b7aca0fc,frozen_numeric_free_text_error_1
C/2009/page_279.pdf-3,C/2009,2,KNOWN,1,0b99b07bca8e6530133ede45d8e5fcde61b4bab84f86a4e00172cb7b4da9e348,frozen_numeric_free_text_error_1
STT/2017/page_63.pdf-2,STT/2017,4,KNOWN,1,a020fe1cee503a4efd041e0cd835ade74be2f16119eae6afaeb2002f8b0f25eb,frozen_numeric_free_text_error_1
ETR/2017/page_379.pdf-3,ETR/2017,4,KNOWN,1,5723f425c56116aa917497638ed5c9efce9c1b33abf3d19dfe5134c70d92499b,frozen_numeric_free_text_error_1
IP/2016/page_52.pdf-1,IP/2016,3,KNOWN,1,a88b68dfffaf88fb8305bcd6defad1ff7b2f4a65f729aeb90cd0486d560afdea,frozen_numeric_free_text_error_1
ADBE/2012/page_87.pdf-3,ADBE/2012,1,KNOWN,0,f655c083ea00046fe0c18c6812b16b3b460616d2086da7558ad361b198d9b6ec,frozen_numeric_free_text_error_1
IP/2012/page_56.pdf-2,IP/2012,3,KNOWN,1,917fd2f8ca4eb7bc1fca8ad94a9d85176b8acf40b4ead00acca064ba90f21761,frozen_numeric_free_text_error_1
ETR/2008/page_401.pdf-1,ETR/2008,0,KNOWN,1,389eeb0bb4b3e95a7144e606fcea71bd6c1ad0c8f9a6c8a321714deb89cb9175,frozen_numeric_free_text_error_1
GPN/2009/page_69.pdf-3,GPN/2009,1,KNOWN,1,b2e9f051bdc3af8841018f7804bdffecb8d7b4e061ad53bf95d2164725c53594,frozen_numeric_free_text_error_1
JKHY/2018/page_16.pdf-3,JKHY/2018,4,KNOWN,1,39e297be33d4a75139cfd509d5e9e5078a20db570afb9341c9ba5d2bcc0153a5,frozen_numeric_free_text_error_1
IP/2013/page_101.pdf-1,IP/2013,3,KNOWN,1,37a8d583a568dd39dda928bd9337fa803a5b77e97328ccdaa380d594de3e2c77,frozen_numeric_free_text_error_1
PPG/2018/page_60.pdf-2,PPG/2018,0,KNOWN,1,b98be717ff4d4a95a87fd70e0844b61703cfcc1f0617953730fe0ff2c7dcc529,frozen_numeric_free_text_error_1
AMT/2016/page_57.pdf-2,AMT/2016,0,KNOWN,0,02b4741bb6f8cfd2bae04d968e9f369e3bb290f44b43daeaf8e61b0c73883cf9,frozen_numeric_free_text_error_1
C/2008/page_193.pdf-2,C/2008,3,KNOWN,1,1a9d5e8f1f68523f5eb0f1fc8c31605a432d4d84e786e65a3a9b575f7d75c8ab,frozen_numeric_free_text_error_1
GS/2018/page_134.pdf-3,GS/2018,2,KNOWN,1,1398399ef2b15a38767b82c18488ebf8f610ac4965d29b3ae376af0299db32d4,frozen_numeric_free_text_error_1
HWM/2015/page_89.pdf-2,HWM/2015,1,KNOWN,1,e4dfa84f8ae30459aed6882dd896e9168e8973a6dac6501942c8e9878a3313cc,frozen_numeric_free_text_error_1
ETR/2017/page_373.pdf-2,ETR/2017,4,KNOWN,0,db36504fa13afa58392f739dc15e9719c4675881c170121d260baf0d2a9c6ae8,frozen_numeric_free_text_error_1
ETR/2008/page_33.pdf-2,ETR/2008,0,KNOWN,1,808d7d88aeab85aa828794d52f942bf250e21866b933f95ecef6f230a9b773fd,frozen_numeric_free_text_error_1
STT/2017/page_100.pdf-1,STT/2017,4,KNOWN,1,ef762805f499957667ca4ece77052b663face57478af322b2e28bd8a301f055c,frozen_numeric_free_text_error_1
SNPS/2009/page_59.pdf-1,SNPS/2009,1,KNOWN,1,39fce4e0a2352c0f2da411d40b19b5194b82f9f6d42a568166d378801d7cfd8e,frozen_numeric_free_text_error_1
APTV/2014/page_46.pdf-2,APTV/2014,2,KNOWN,1,5406e9d22d80e65dab35fff721518c3dd6f0f856449e1282ff67951d2b5be33a,frozen_numeric_free_text_error_1
DISH/2015/page_142.pdf-1,DISH/2015,2,KNOWN,1,96082ccead66dec1f1ccd1a505c4fcb25194c634c733bde70fb4d01869039042,frozen_numeric_free_text_error_1
GS/2012/page_186.pdf-3,GS/2012,4,KNOWN,0,60ed844b7a77723fb48dc22a12e92ef1eb2d05630534d817e125d1b85d5593d3,frozen_numeric_free_text_error_1
UPS/2013/page_34.pdf-1,UPS/2013,4,KNOWN,0,2964d439dca91c988f65082eea8104b96c55358f3584d41e2943c7173c0213d0,frozen_numeric_free_text_error_1
ETR/2009/page_21.pdf-3,ETR/2009,2,KNOWN,1,6eb2a29665e95fbd892365cd9f732eb384cd8b9320f6f29f4e08f222e2304a8c,frozen_numeric_free_text_error_1
ETR/2017/page_379.pdf-1,ETR/2017,4,KNOWN,1,c8e5910d4bca6ee431f6fab3093ee50463c9f30676a02b5123b29619d8086383,frozen_numeric_free_text_error_1
UNP/2017/page_50.pdf-2,UNP/2017,1,KNOWN,0,c3442870bbdc0a8db2a3d8ef0265643f05ffcc9bbe80858fbff0648156382ec8,frozen_numeric_free_text_error_1
RCL/2005/page_40.pdf-2,RCL/2005,3,KNOWN,1,a271bbd1f35442e427bc6ac83bdfcfb2e82b2f96c1bb70e5f2ed86f079771527,frozen_numeric_free_text_error_1
RE/2006/page_31.pdf-1,RE/2006,3,KNOWN,1,988fb233bde473b41cf143fe4f7c5964b12734648f7ed0659b8855cdf0d6e2a2,frozen_numeric_free_text_error_1
C/2009/page_48.pdf-2,C/2009,2,KNOWN,1,eba2b66b44ba51a84e9c220ee64311b0c02f38400222dc14210f1a1879844156,frozen_numeric_free_text_error_1
BLL/2011/page_29.pdf-3,BLL/2011,0,KNOWN,0,2e426ac7b2b5a27059ed240b1ce69d54e28b3b782dbffef963fa507ce6e68270,frozen_numeric_free_text_error_1
EMR/2017/page_66.pdf-1,EMR/2017,2,KNOWN,1,abdb5f2a6c3e9f3e3b796e20a4c2c4a1b43211672a26da10161f941c51d7bb07,frozen_numeric_free_text_error_1
MRO/2008/page_146.pdf-4,MRO/2008,2,KNOWN,1,2cf8174f8ba4aaf583435115ce9771ec25f67af1b351473e1f58b5fa926e2a74,frozen_numeric_free_text_error_1
JPM/2008/page_177.pdf-3,JPM/2008,4,KNOWN,1,66492ba14cd5660a2f16429d2e43635109e339820551c7b915efe50a8719e1e9,frozen_numeric_free_text_error_1
ADI/2011/page_92.pdf-2,ADI/2011,,KNOWN,1,8908a402e2f029cde98f8f4e93e614951d75399d6f225244ada6064cdb593cb6,frozen_numeric_free_text_error_1
GIS/2017/page_46.pdf-1,GIS/2017,2,KNOWN,1,045379f928018bac53fca9b7a50c65d2d6f9671e3fd48986770424e3ab0b87bb,frozen_numeric_free_text_error_1
CME/2010/page_109.pdf-4,CME/2010,4,UNKNOWN,,e5996e0fb14f3a3596860aaf13066140494a30b9dbec6a90d7e55a9fb53c6338,frozen_numeric_free_text_error_1
ETR/2016/page_343.pdf-1,ETR/2016,,KNOWN,1,afd5e7637d4e5630715f30ec89d0450c523280ebd6c371bc58377558d3ebd4aa,frozen_numeric_free_text_error_1
AMT/2012/page_56.pdf-2,AMT/2012,2,KNOWN,1,db7d9a154bc77acdaa1a15f4ee54ab014b45a67948eb3d1e93348dcf8238000a,frozen_numeric_free_text_error_1
UPS/2013/page_56.pdf-2,UPS/2013,4,KNOWN,1,1ec959eaf5e711a2ceac402528bef9e07a800345544f4f30470129b1e5890dd8,frozen_numeric_free_text_error_1
UPS/2015/page_108.pdf-4,UPS/2015,0,KNOWN,0,5d3f2c061c508e23948377de174409b880fdc5e69567d38ddf18268969c6c93a,frozen_numeric_free_text_error_1
AAPL/2011/page_38.pdf-1,AAPL/2011,2,KNOWN,1,028fcf2d0335702b5e26eeb446afdf8dfbbfdf8ad19436a5a2990a4881501397,frozen_numeric_free_text_error_1
ADBE/2012/page_113.pdf-1,ADBE/2012,1,KNOWN,1,2af997a7a5b27328bba5db9e2f445564462b6d04a50cee521868a9fc41bbc9a6,frozen_numeric_free_text_error_1
BDX/2009/page_81.pdf-2,BDX/2009,1,KNOWN,0,4964899eca2dfbe5d3ae6f9e3c27d600018193e08872983856ba17f82eea9fb1,frozen_numeric_free_text_error_1
BLL/2010/page_58.pdf-2,BLL/2010,1,KNOWN,1,51154da2ca9ef5a341d3ee4f7db1b719377a5588378e0426d8edbcc9df60e397,frozen_numeric_free_text_error_1
AAPL/2014/page_78.pdf-3,AAPL/2014,2,KNOWN,1,fc907fa8645e066695e990e1703f1cf70914d163f38ee7c834fba20808f66c1a,frozen_numeric_free_text_error_1
UNP/2012/page_47.pdf-1,UNP/2012,4,KNOWN,1,696baf4cc26074edc7adb849acca4d2f9ac21e5c9898c7aa63b8decd96856c2e,frozen_numeric_free_text_error_1
ECL/2017/page_96.pdf-2,ECL/2017,4,KNOWN,1,d4b3c162ba66c40948a55955103bad25d05a590cd40975d1975ab39288fbea37,frozen_numeric_free_text_error_1
MAR/2010/page_55.pdf-1,MAR/2010,4,KNOWN,1,ce41f5c19eb0ebbe2304f84a76f7fc3c941580071fd8cce7f7b4e62e2e6918ad,frozen_numeric_free_text_error_1
IP/2013/page_62.pdf-2,IP/2013,3,KNOWN,1,4bd2b2e8ef10035a37907ee97dc98516f90926ddebed7e3d93f32e47a479aa4b,frozen_numeric_free_text_error_1
IPG/2018/page_100.pdf-1,IPG/2018,2,KNOWN,1,d365111fd8d56d87327ad82337d10dadb5e49aa618b4a67339243b4579f75c19,frozen_numeric_free_text_error_1
MA/2008/page_125.pdf-1,MA/2008,4,KNOWN,0,86b8f04eea3b82225767dca2d5220129d0c524d765cb9c65fc779710d35cdd86,frozen_numeric_free_text_error_1
BLK/2012/page_31.pdf-1,BLK/2012,2,KNOWN,1,1c8afbaee774605ad72f84311f8a4cd508f5db6fe97f274df70aa1fb0981ca71,frozen_numeric_free_text_error_1
AAPL/2002/page_63.pdf-1,AAPL/2002,2,KNOWN,0,ebde285b73d975526e606424e352570d14f19bc908e3e3f20904cd6fa57a945b,frozen_numeric_free_text_error_1
AAPL/2015/page_24.pdf-2,AAPL/2015,3,KNOWN,1,fe86d1469930262c20b6d8179d2206b3c49546e43006b49ac377f6ea7ae13f52,frozen_numeric_free_text_error_1
REGN/2010/page_72.pdf-1,REGN/2010,1,KNOWN,1,10aa9706b9f53096fb9f044ef3479b87095731b4f819807f35ffb05c62a26f4f,frozen_numeric_free_text_error_1
EOG/2017/page_93.pdf-1,EOG/2017,1,KNOWN,1,73fdd77659d1c5238fbb1919aee6f44f9686d9995d5bba01d0ccf7c83202e5c7,frozen_numeric_free_text_error_1
AWK/2018/page_150.pdf-1,AWK/2018,1,KNOWN,1,995d4a62a82bc0a8ffa768fbb2bf7920703a54861cb6340030fa1a08a828c0a3,frozen_numeric_free_text_error_1
MA/2009/page_120.pdf-2,MA/2009,4,KNOWN,1,4893800c939d33337bfae6a9e4e7834bfa77f8461246ea38b67d64dd11357677,frozen_numeric_free_text_error_1
VTR/2007/page_48.pdf-3,VTR/2007,4,KNOWN,1,3e0ab7c14f5076737906a9de706f98774d688b0fdd5df1195e36652a3426ba8a,frozen_numeric_free_text_error_1
ECL/2015/page_70.pdf-3,ECL/2015,3,KNOWN,0,7cb47ccd0546855c0a9f82b33cf7ba0d008da80b36b5cb735575aea301469964,frozen_numeric_free_text_error_1
ORLY/2017/page_30.pdf-3,ORLY/2017,2,KNOWN,1,7fa5a9c8fccf23d0a8caa9a85fa1056ccae733b0922cde663bb03c56ce1d15f0,frozen_numeric_free_text_error_1
MO/2016/page_76.pdf-1,MO/2016,4,KNOWN,1,6de29ed05fe57b741f8bc5ba1485480e6ed3b28869d596eb5ca4c1004ef60274,frozen_numeric_free_text_error_1
ETR/2016/page_144.pdf-4,ETR/2016,1,KNOWN,1,9b73c627dda9415d233294bfbbb43dffc2b9ed1234dc0a9fddadd3f3898418b6,frozen_numeric_free_text_error_1
K/2012/page_80.pdf-2,K/2012,3,KNOWN,1,31baa43a3fa20c1405daa6dd676544cf579a1f9061999f99a9fedb87a7d40bbd,frozen_numeric_free_text_error_1
GPN/2015/page_83.pdf-3,GPN/2015,4,KNOWN,1,b3745ce23b9dbb0eee8d688e2d0b98c0f6a5f8031dda3b6644e12969a41ffcfe,frozen_numeric_free_text_error_1
IPG/2018/page_100.pdf-2,IPG/2018,2,UNKNOWN,,250e18b8083b37b7daa30f06ca3ff56d6ee3a5626b21fcad59ce99ac3f246083,frozen_numeric_free_text_error_1
PNC/2011/page_209.pdf-5,PNC/2011,4,KNOWN,0,2a605c00b5373c26b8bfc3cfaa7da6230a4aaffa7fa3c38cafc48a2cdd2ce7a8,frozen_numeric_free_text_error_1
ETR/2016/page_505.pdf-1,ETR/2016,1,UNKNOWN,,b9711edf2298f6e0cc4af2c6b64bb9abbc056d13af2918a5b5c506c4a7aa1d14,frozen_numeric_free_text_error_1
ADBE/2013/page_84.pdf-1,ADBE/2013,2,KNOWN,1,4792ef40f70f3a3c0b35945e9c51cbb975f9a136eb952617ee7a46397b543d88,frozen_numeric_free_text_error_1
CDNS/2012/page_58.pdf-2,CDNS/2012,,KNOWN,1,4baf0985073dc9582bd8b169b87ff4368d781a53c799996f1981ab3ea041a498,frozen_numeric_free_text_error_1
UAA/2016/page_81.pdf-2,UAA/2016,0,KNOWN,1,d167bf5f20849b765a5e91e79bf5539dc33adb9fe37ddd9dd09e458a07306d2a,frozen_numeric_free_text_error_1
DG/2009/page_87.pdf-2,DG/2009,,KNOWN,1,8fc419f19f98e3f4549cdd64b84f00c7b2c3a015bb5fa427242ad1c41d6ced8c,frozen_numeric_free_text_error_1
CDNS/2016/page_32.pdf-2,CDNS/2016,4,KNOWN,1,8663f370fb5657c00af80779fff3c30fa958affebc811c0a2bc7cecec3216ff2,frozen_numeric_free_text_error_1
MRO/2008/page_42.pdf-1,MRO/2008,2,KNOWN,1,3815a29c80d3bf9c1886c2caffa1e22b1f3a14f5437fca58ead1a46ffe535418,frozen_numeric_free_text_error_1
GS/2012/page_64.pdf-2,GS/2012,4,KNOWN,1,a5a955d560e9a632d4aa7334b27e342d6ff36932a7576f657ec9f8d8fe4af510,frozen_numeric_free_text_error_1
AAL/2014/page_80.pdf-2,AAL/2014,1,KNOWN,1,6521414ea7072372f996f5d67fddc8ead1d8023bc756efe7d5bce6c165df7604,frozen_numeric_free_text_error_1
AAPL/2015/page_56.pdf-2,AAPL/2015,3,KNOWN,0,4d91086c98296c8582a6c89aa76d4899b316da8fd015f188d74bb574a2d4f2ad,frozen_numeric_free_text_error_1
JPM/2015/page_83.pdf-2,JPM/2015,3,KNOWN,1,a2a8de656d8418d6c2245e9136ea8ef97087d59b037ff71d318cc78f4a89da67,frozen_numeric_free_text_error_1
RL/2015/page_11.pdf-2,RL/2015,3,KNOWN,1,616c3f2acc3ffcf3a1fb4f2c91038f4663c7db3617acdcba50a4d6d8721bfb4c,frozen_numeric_free_text_error_1
GPN/2010/page_92.pdf-3,GPN/2010,1,KNOWN,1,33c5d9632d12cc8f12bcd995e572553dd7dfb3174256f79b422d91430ce7997f,frozen_numeric_free_text_error_1
JPM/2016/page_141.pdf-3,JPM/2016,1,KNOWN,1,caa7b0eae1f5229227a98f80e12082c430798bb4a377b3b406f3c5d399812a7f,frozen_numeric_free_text_error_1
STT/2011/page_85.pdf-1,STT/2011,4,KNOWN,1,2ec93adbc714a5ba78551279939363a748211f37ec7af795f193dd61837a9457,frozen_numeric_free_text_error_1
CB/2008/page_144.pdf-1,CB/2008,4,KNOWN,1,6abb93c98fb5784a07e41dda2b182d9e55a1406dd18db5398a60a447db9a54b0,frozen_numeric_free_text_error_1
BLL/2007/page_75.pdf-4,BLL/2007,2,KNOWN,1,ac8989ba760231189cf9289862f9c9976fe64e30c18c4fc846323b04da737f5a,frozen_numeric_free_text_error_1
DRE/2002/page_13.pdf-1,DRE/2002,0,KNOWN,0,3377cd979a7c0c41d920f9a6ff86a7e02220c150e8f5a50f73a7da2b40b2b6c0,frozen_numeric_free_text_error_1
BKNG/2017/page_35.pdf-4,BKNG/2017,2,KNOWN,1,690eb81dc4f5f348c005a902d780a1cf518213d0dff1160a47402f69198f3d17,frozen_numeric_free_text_error_1
JPM/2015/page_132.pdf-2,JPM/2015,3,KNOWN,1,e7c24d7fdb497999e91b2fdd874ccad4b502e7197e80eda61bed0d1ffa802875,frozen_numeric_free_text_error_1
AAL/2015/page_83.pdf-3,AAL/2015,3,KNOWN,1,cefe1315b5804c64031968f581c5e669c16e6d7a595d7d13013c0d40652a128a,frozen_numeric_free_text_error_1
UNP/2014/page_16.pdf-2,UNP/2014,2,KNOWN,1,63d85b9e4a5012b5c46bc09ea7f5cef9af92a1a8b943810b669613fde4b8c6dd,frozen_numeric_free_text_error_1
EW/2014/page_90.pdf-2,EW/2014,3,KNOWN,0,446c32ba84ce039a4a13486cd163ec8ed638eee1a67362ecfab07d49a6e47e11,frozen_numeric_free_text_error_1
MA/2009/page_115.pdf-3,MA/2009,4,KNOWN,1,772e7513cb54c43c7c13d7484c987033dc0ce7147916f24d2885e5ba4726c246,frozen_numeric_free_text_error_1
AAP/2016/page_26.pdf-1,AAP/2016,1,KNOWN,1,8787f6be09f9aabbb1281b57388869cc59b2a76315ce8940e406e1dc393f9287,frozen_numeric_free_text_error_1
SLG/2010/page_50.pdf-3,SLG/2010,3,KNOWN,1,353b87dd5467d812519698994d4e536eba6d90b52d000309346155f59de8c07f,frozen_numeric_free_text_error_1
RL/2011/page_14.pdf-2,RL/2011,0,KNOWN,1,d55755b36378bfc8ee95cff358e77f81434553078e3910e4602aa5aa3a233b4d,frozen_numeric_free_text_error_1
ILMN/2008/page_77.pdf-2,ILMN/2008,4,KNOWN,1,9811fa9b6c5a14c28e05b53e0083cf72ecf41992eef79231d5f0bed2b95545ef,frozen_numeric_free_text_error_1
AMT/2006/page_107.pdf-2,AMT/2006,0,KNOWN,1,6d38ab904922434d193ef60e4345124f754c9c17afec9b27dea57db8e07eac9c,frozen_numeric_free_text_error_1
MAS/2012/page_92.pdf-2,MAS/2012,1,KNOWN,1,e0f393b5b005e6896c002c4c735e1f8846c313c6afc9d5126c6f7b606cb06552,frozen_numeric_free_text_error_1
RL/2008/page_21.pdf-2,RL/2008,1,KNOWN,1,da57378e6d984b37aaa8bc029e3ddc1761a84484492c75a2d34226580d00e459,frozen_numeric_free_text_error_1
GS/2018/page_108.pdf-3,GS/2018,2,KNOWN,1,003075e66baf1670e6194ffe606e67d551af83000205abac2733d85d84f89e2d,frozen_numeric_free_text_error_1
EMN/2006/page_108.pdf-2,EMN/2006,,KNOWN,1,fb9bd3f6d1a7699aa7fae5cf9fac7898d3862ac97ee756147d7be98cf69d322f,frozen_numeric_free_text_error_1
UPS/2017/page_111.pdf-3,UPS/2017,3,KNOWN,1,e5ce828e59d02e4ed5837941070eba43a4815a4353ffc1ee6274f0949172a7b2,frozen_numeric_free_text_error_1
ETR/2009/page_141.pdf-3,ETR/2009,2,KNOWN,1,6f1e61ab759d1b9a0751078d084365399e513c25584847365c80cba8692ef0a3,frozen_numeric_free_text_error_1
ETR/2016/page_18.pdf-1,ETR/2016,1,KNOWN,1,6fccc5d49b79935b11550cfc2435c737d8646dd9f848f2987a6777d53987a976,frozen_numeric_free_text_error_1
UPS/2012/page_51.pdf-1,UPS/2012,1,KNOWN,1,5e39c1cec66e62a5598bd05aa4307b38e92045858b0e62c0054a154ddff08dc5,frozen_numeric_free_text_error_1
HUM/2018/page_46.pdf-4,HUM/2018,0,KNOWN,1,35e6cfe2714b24eed19cf9f8d37991f15c89abf66dec166b07906f30125f6ecf,frozen_numeric_free_text_error_1
ORLY/2015/page_28.pdf-3,ORLY/2015,4,KNOWN,1,671cbdaa7a5a79a83a84cc815ed776926cf19b660017661936330627fd4e079d,frozen_numeric_free_text_error_1
APTV/2018/page_34.pdf-2,APTV/2018,1,KNOWN,1,a36918e75054e49eef154384b80084175516a234b53d3d842bcaa8620ccb431c,frozen_numeric_free_text_error_1
ZBH/2009/page_71.pdf-1,ZBH/2009,0,KNOWN,1,b69c6e087c59450ab10028514bd88e41062fa1813d7e387ef0e28f46473843c6,frozen_numeric_free_text_error_1
ETFC/2015/page_27.pdf-1,ETFC/2015,3,KNOWN,0,0a216ba9e32987d8673aaa373fa1230f8ca44e94bf31c1395834e596059aad83,frozen_numeric_free_text_error_1
LMT/2005/page_76.pdf-3,LMT/2005,2,KNOWN,1,6b829d99190c319a03ebb232d26220a812b0e2c4709d0a68170e0657e5dfa69e,frozen_numeric_free_text_error_1
TROW/2008/page_23.pdf-2,TROW/2008,3,KNOWN,1,876b881258a7f949992e4d5bbeccc6520c0ce7fdb7847c7a751d96d2ba334e19,frozen_numeric_free_text_error_1
MMM/2013/page_26.pdf-2,MMM/2013,3,KNOWN,1,28e18a4f3c5c165216de2287c21916608c0b970ff7cfa5426161b69765bd3e47,frozen_numeric_free_text_error_1
AAPL/2002/page_63.pdf-4,AAPL/2002,2,KNOWN,1,3bda25b28d02ae678a015e89f69a6e910c07063a1c28fc425403519e04a9075f,frozen_numeric_free_text_error_1
LKQ/2009/page_66.pdf-1,LKQ/2009,2,KNOWN,0,09b8dfedc7b090293bdb7060c6e46fa42eb51e6ec8a8226fba156d07daacf13e,frozen_numeric_free_text_error_1
JPM/2009/page_183.pdf-2,JPM/2009,3,KNOWN,0,3bbe38cfe29390d7cbcda52f78abb4ad4e1fd73f999ce9d40ee0e9d2764cec05,frozen_numeric_free_text_error_1
JPM/2016/page_73.pdf-2,JPM/2016,1,KNOWN,1,cccbd26882a753dc586f3e9b6250470c0b29598ebec8eebe7a76642fc186eed0,frozen_numeric_free_text_error_1
GPN/2017/page_72.pdf-3,GPN/2017,0,KNOWN,1,5863c2c1047ae104bfd0baf2086ccb6b4eeb627327e9af3a9506beb7bc678214,frozen_numeric_free_text_error_1
GPN/2008/page_39.pdf-2,GPN/2008,2,KNOWN,1,48e744e38de3c0f927b5c1f9b85b8d4f28cee6cd8d695d6f3336691444ceb146,frozen_numeric_free_text_error_1
INTC/2013/page_71.pdf-1,INTC/2013,4,KNOWN,0,5db684ad9bb144a234dec198a2ba3c109ecbf52eaf8038d419e37ce2b24c2b79,frozen_numeric_free_text_error_1
C/2008/page_217.pdf-1,C/2008,3,KNOWN,1,45bc67f6efcd611cd27a5b5348631f60a4e22853173d990dabe38e5563bf66c0,frozen_numeric_free_text_error_1
UNP/2012/page_24.pdf-1,UNP/2012,4,KNOWN,1,46014b933e3b64f7345375f821d8f56621ec5c8126f692dfdcc4c3cc528629d7,frozen_numeric_free_text_error_1
ADBE/2013/page_68.pdf-1,ADBE/2013,2,KNOWN,0,ac5875b37348d618057eee44f3e1a51573a810664e06e3b27d0005489e992f37,frozen_numeric_free_text_error_1
AAPL/2013/page_78.pdf-3,AAPL/2013,4,KNOWN,0,1e378976257af43ce96f3c3270b0fd28af6a1685358dfcc82692db9ed004ecc1,frozen_numeric_free_text_error_1
ORLY/2017/page_30.pdf-4,ORLY/2017,2,KNOWN,1,6e778926681c10edcbd4a45d1dd03e790ad06dd0196502d1109e7d8a33313741,frozen_numeric_free_text_error_1
ETR/2017/page_414.pdf-2,ETR/2017,4,KNOWN,1,90651a636a56db7d15cba55eecc4bab3c4eb8a0450d994c8ec124ec73e114fa8,frozen_numeric_free_text_error_1
GIS/2019/page_53.pdf-1,GIS/2019,2,KNOWN,0,2f164075984cfd9a6aaa10cc6670699695b4e810822ee06e1227209f03d5d328,frozen_numeric_free_text_error_1
FIS/2012/page_11.pdf-1,FIS/2012,3,KNOWN,1,e29bf2d07f7551084ae6e76e56bb552e48d70b0dbb4d8977d6358029975307c7,frozen_numeric_free_text_error_1
RCL/2016/page_37.pdf-2,RCL/2016,1,KNOWN,0,0b015ab0664adf5b94d538cb74e36a14c6b81dbdf1aaef4ef967442d76614565,frozen_numeric_free_text_error_1
GS/2016/page_81.pdf-2,GS/2016,0,KNOWN,1,8c9e5bc18487a89a4b54d274dcd26c9a3184b1967aab84a34c3a360c792adf92,frozen_numeric_free_text_error_1
EW/2016/page_72.pdf-1,EW/2016,1,KNOWN,1,c9c98a607c86e93e3b5929b36e666635b25a63e3038e898924ced1b5622950b5,frozen_numeric_free_text_error_1
GS/2013/page_184.pdf-4,GS/2013,3,KNOWN,1,4017ede2c8a298e779dd3af6105690ee5df7b568c07f2f5e8aecde47a9a6b0a5,frozen_numeric_free_text_error_1
AES/2011/page_216.pdf-1,AES/2011,1,KNOWN,1,991c39bbd442a58bd867255f0eb24f4baac1e62368abcaa7a0ce1279723c8343,frozen_numeric_free_text_error_1
ETFC/2007/page_116.pdf-4,ETFC/2007,0,KNOWN,1,dd7ff9c4af9bcbd57a851ef4ceb8816c0f2634509340c870dc33e46846c94ee2,frozen_numeric_free_text_error_1
RE/2017/page_145.pdf-2,RE/2017,0,KNOWN,1,9bd0c3f935bc9ad0f3a9f741ee3b3c2f0c955df4c2a87da873f7619f01165b45,frozen_numeric_free_text_error_1
AAP/2006/page_85.pdf-1,AAP/2006,4,KNOWN,1,011127394498df65492292f84a02c4009d370a5a77461d4702d1396f271a5364,frozen_numeric_free_text_error_1
DISCA/2008/page_141.pdf-4,DISCA/2008,2,KNOWN,1,e6f6f4e38ffd87c530cc7fb2419c5ae0401cda52e3173bfa7abdbd032edc1074,frozen_numeric_free_text_error_1
STT/2008/page_139.pdf-2,STT/2008,0,KNOWN,1,c878745594e4f4d3e7d4d98fb59e1a233e076178b515e00762141ff557d69747,frozen_numeric_free_text_error_1
TMUS/2016/page_32.pdf-4,TMUS/2016,2,KNOWN,0,3a3222138825c971c826742612f53aa760d79a2b7e29b29e9a51d9f6a711df74,frozen_numeric_free_text_error_1
GIS/2008/page_83.pdf-3,GIS/2008,4,UNKNOWN,,f473923e21d624b6fd4c5adcc798dd74727ea319e60390500470fb9b13bacf80,frozen_numeric_free_text_error_1
DVN/2007/page_78.pdf-2,DVN/2007,4,KNOWN,1,365650a132c9f78941402348f149a74da1a0b50c30a4e005efd3bda1c41551ec,frozen_numeric_free_text_error_1
STT/2006/page_92.pdf-2,STT/2006,0,KNOWN,1,5a2fee40c68e27bc30b52370031ce714d6cca9a53172da1c8417adcd3c6548a6,frozen_numeric_free_text_error_1
UPS/2017/page_31.pdf-3,UPS/2017,3,KNOWN,1,479e4bf0399c19034d90f0fdb144d8eec855be2cb1b53bad88661e6957121e18,frozen_numeric_free_text_error_1
ETR/2013/page_15.pdf-2,ETR/2013,,KNOWN,1,e8226c5ff15a4f871b786a10b4ed8c6ba2abb557e35325496a56e006ca9071b9,frozen_numeric_free_text_error_1
ECL/2015/page_70.pdf-1,ECL/2015,3,KNOWN,1,7369b0f2984ad2267bf9a66b1ee107064a8f74fc2f5c1d980319eed524e3b26c,frozen_numeric_free_text_error_1
UPS/2007/page_32.pdf-4,UPS/2007,4,KNOWN,1,d8dc53e59f6081e1fe000729861b3e3ff03c1c27d8730110a2cb495b1eb8e9eb,frozen_numeric_free_text_error_1
RE/2010/page_138.pdf-5,RE/2010,2,KNOWN,1,31961296496a8ecbc752f7ff49ae8cbfbddfad6eb8a3f4d213b4bcb8cce95b83,frozen_numeric_free_text_error_1
HII/2018/page_64.pdf-3,HII/2018,2,KNOWN,1,583fd93e0ff9be45faae95a7a3600f82c8f3d94c70a621c4f06e5838ea42f48b,frozen_numeric_free_text_error_1
UNP/2012/page_39.pdf-2,UNP/2012,4,KNOWN,1,850c358e8224781a09e6abece30d34223fa7c5514539c9b287dd5ab92c269e96,frozen_numeric_free_text_error_1
ETR/2008/page_187.pdf-1,ETR/2008,0,KNOWN,1,1af33c5dc6ad219758453da4203dd98b5c3871ea332718d40eea1958de6fe455,frozen_numeric_free_text_error_1
LMT/2016/page_117.pdf-1,LMT/2016,1,KNOWN,1,3fcbbef9bb29c52bc20810b326fb2e638c1da6bc751481d4efe426f7025deb18,frozen_numeric_free_text_error_1
AAPL/2011/page_38.pdf-2,AAPL/2011,2,KNOWN,1,e595b64f6ecd632f19f22e6dff894592101ccb1b301cb7efe6a252160e5efb29,frozen_numeric_free_text_error_1
AWK/2014/page_45.pdf-1,AWK/2014,4,KNOWN,1,144d9a7593d6d8d5ccbb494336854ff5b56ccd4a99acdd8343dee6c1e2d3cb5d,frozen_numeric_free_text_error_1
SNA/2007/page_80.pdf-1,SNA/2007,1,KNOWN,1,f7108dc3e3a97ec5075d16f3f951d24ce1c0dc968fae0f11a57cd11c33c91edc,frozen_numeric_free_text_error_1
ETR/2004/page_335.pdf-4,ETR/2004,1,KNOWN,1,f55bd56418e0c3f01c6a2cd7e436ffcc36fdbcf78fb3d4d9f5cfa517ee015f3c,frozen_numeric_free_text_error_1
CMCSA/2004/page_30.pdf-2,CMCSA/2004,3,KNOWN,1,894c52a14a4378a5a4f0f9935b48ce378c5d4d88017000e78654536bdbfba49b,frozen_numeric_free_text_error_1
JPM/2014/page_128.pdf-3,JPM/2014,2,KNOWN,1,49b09ba56da17a4297f56623f8ddc63de15c35f971bc3d2535ea0527ba17a990,frozen_numeric_free_text_error_1
IPG/2018/page_104.pdf-1,IPG/2018,2,KNOWN,1,64de9895133a71e473a5588578eaa0af3d53a32a9d911b533f105aa04421527b,frozen_numeric_free_text_error_1
VLO/2013/page_24.pdf-1,VLO/2013,,KNOWN,1,8e42a88abfbed5416df88abacf331234daf303e386e6ca989c31f8621f2bcffb,frozen_numeric_free_text_error_1
HOLX/2005/page_61.pdf-2,HOLX/2005,0,KNOWN,1,dc3ca9e527dc55551f1d14331f95aeede30e88ed4544cbd64c73c40fb4f65625,frozen_numeric_free_text_error_1
IPG/2009/page_67.pdf-3,IPG/2009,2,KNOWN,1,5b2ebdfe3c4bc722caac772c3f7cbf1c9a22e0d20e1f226181ea8ce3976de948,frozen_numeric_free_text_error_1
DISH/2002/page_94.pdf-2,DISH/2002,4,KNOWN,1,48b39fa074b2347df2aae9d95b18643a0c3623a3079879fd88964dbed398d9c4,frozen_numeric_free_text_error_1
HOLX/2007/page_154.pdf-1,HOLX/2007,4,KNOWN,1,282323eb0867b11dd48850160822458f6ec218669a66eb1f49fb98898cb69f5d,frozen_numeric_free_text_error_1
AWK/2017/page_172.pdf-4,AWK/2017,4,KNOWN,1,57458923c28973478352bbaf07e966087b165c3faec3b03269f6181659d4cb1e,frozen_numeric_free_text_error_1
UPS/2010/page_33.pdf-1,UPS/2010,3,KNOWN,0,d85a4e9757b3787b525e2f3d4d745f0de829c2c64efdfbd29a6d468c9901362d,frozen_numeric_free_text_error_1
ETFC/2014/page_22.pdf-1,ETFC/2014,2,KNOWN,1,358d906a55f6f8e54d0b5c6bd8d8f3414c905d11ac6c9fb5b7ef6a4791e0d0d6,frozen_numeric_free_text_error_1
ALXN/2007/page_96.pdf-2,ALXN/2007,0,KNOWN,1,fe1933a53db9f48157bfef4213efb1a41cefff9efa1df7d13c911e7339c3aa59,frozen_numeric_free_text_error_1
TFX/2018/page_47.pdf-2,TFX/2018,3,KNOWN,1,ac076b7763d68123ff69a1ef24e62b285521e9d5ec18a32e639141b76eccab6c,frozen_numeric_free_text_error_1
GS/2012/page_129.pdf-2,GS/2012,4,KNOWN,1,b1b01a6307e1e059af70cd28c562e767a38d80438ec0ff8bee1e291c65ee01e1,frozen_numeric_free_text_error_1
UNP/2010/page_55.pdf-1,UNP/2010,3,KNOWN,0,ac8b96514fea335130f891c65c9c4cf8af6dc07194d2af34808ed50f71e2a894,frozen_numeric_free_text_error_1
AWK/2015/page_110.pdf-1,AWK/2015,0,KNOWN,1,fbce06cedecaf55f52cfa8854481a387b7d3195c385988f199ed130400ef7eab,frozen_numeric_free_text_error_1
CME/2010/page_109.pdf-1,CME/2010,4,KNOWN,0,3bd7746483dee477e14b8d3a7cead16e7dff13bf804e05dd66b5f939ad050df8,frozen_numeric_free_text_error_1
GPN/2017/page_30.pdf-2,GPN/2017,0,KNOWN,1,36e74826b4f32d7f33ef6b54b66942e649fd1122f9b7b70655fdceac98e121c3,frozen_numeric_free_text_error_1
C/2009/page_279.pdf-1,C/2009,2,KNOWN,0,6208737e30dd80b177e8f054bdc639ded65fb9a0879cae60611003143d31a2a9,frozen_numeric_free_text_error_1
IP/2012/page_64.pdf-2,IP/2012,3,KNOWN,1,fd4069f05dd26c2a6c6310fb2d3cecfddc7045931a0d225168244d97d1c30571,frozen_numeric_free_text_error_1
ETR/2017/page_401.pdf-1,ETR/2017,4,KNOWN,0,66572022dd37a0372511e25831665de82af3e991054e8eae343a5572c4929af5,frozen_numeric_free_text_error_1
CB/2010/page_114.pdf-3,CB/2010,3,KNOWN,1,1ab1426b08ee92cfefe141748b644eff4b3b61eca0fb10dea80accbff9c912d5,frozen_numeric_free_text_error_1
CE/2010/page_134.pdf-2,CE/2010,3,KNOWN,1,1c81dffd2c301e6b33cdb29e475b7451df92a01d92c463b3f6bbe6ba05e237bc,frozen_numeric_free_text_error_1
IPG/2018/page_78.pdf-3,IPG/2018,2,KNOWN,1,a996ecdf21eab81800959e908398efae9ab835a6daa99538f1353a629822356d,frozen_numeric_free_text_error_1
ETR/2009/page_21.pdf-1,ETR/2009,2,KNOWN,1,03520e4d20c3254d884cea55e861bb9bcbe2d7b030237411c59783f10ff80141,frozen_numeric_free_text_error_1
HWM/2015/page_80.pdf-2,HWM/2015,1,KNOWN,1,831cdb75d512b09f030121ec3981f6bf502e06020de2cd3de353ba8f4168fcb7,frozen_numeric_free_text_error_1
MA/2009/page_112.pdf-3,MA/2009,4,KNOWN,1,e94336f36f6c39aba790701b7230b3cdc3c16a6212ded015c9cf9e200f039a3e,frozen_numeric_free_text_error_1
PNC/2014/page_94.pdf-2,PNC/2014,0,KNOWN,1,1d32e3e55df1bcc393eda72005d161e68b8cda40e41b8402035b47553531761a,frozen_numeric_free_text_error_1
ETR/2016/page_444.pdf-2,ETR/2016,1,KNOWN,1,8cb8b9d5b5e5bd6e5505c130d7283de6e2c5f26554fd146e18784f29d0411363,frozen_numeric_free_text_error_1
PNC/2013/page_66.pdf-1,PNC/2013,0,KNOWN,0,3428a40cf270a02d0b339f240ae47631d4f8563d7b70d7ebbdfeac56d614c012,frozen_numeric_free_text_error_1
HOLX/2011/page_127.pdf-1,HOLX/2011,2,KNOWN,1,9811998e9e8413b975cfed1bda2aa0f6804e7e5c0e9220e5110671dc8a6fd9bc,frozen_numeric_free_text_error_1
RL/2015/page_11.pdf-1,RL/2015,3,KNOWN,1,33dd41ea272e58255056fa8355764a74d3880a2b79dc58154eea8ea355764547,frozen_numeric_free_text_error_1
UNP/2013/page_35.pdf-1,UNP/2013,3,KNOWN,1,a77e342df623b5078a3b33d25977dcf44e537c54642d0b6cf2be62641810bad3,frozen_numeric_free_text_error_1
UNP/2009/page_83.pdf-1,UNP/2009,2,UNKNOWN,,b22dd7a51d74f6458e0e570a6e50d494eef03257f60d0483c7bdf19863c098cb,frozen_numeric_free_text_error_1
LMT/2010/page_39.pdf-2,LMT/2010,0,KNOWN,1,774b0c5a749c59b524cbd54a42bb6460e6ec54d6c72356825d56eb71514ec2a8,frozen_numeric_free_text_error_1
ETR/2008/page_267.pdf-2,ETR/2008,0,KNOWN,0,31a8e695dd4e87b6445b8d58456d716599d121cb0b116c57f2bb675e56beedd5,frozen_numeric_free_text_error_1
IP/2012/page_98.pdf-1,IP/2012,3,KNOWN,1,a0521607cae50c7edb2c99e59ea19ccaa79156e3f9df6d58e076174e7b6c1f31,frozen_numeric_free_text_error_1
HOLX/2008/page_140.pdf-1,HOLX/2008,2,KNOWN,1,b89534e703cffb1008475534b68014aad76681b96d5eec1c92357d46320c933d,frozen_numeric_free_text_error_1
AAPL/2002/page_26.pdf-2,AAPL/2002,2,KNOWN,0,69b96aae15cdc929630b058d9514d1c06ccee2fd5aa72f5e96b9289221071f89,frozen_numeric_free_text_error_1
CB/2008/page_83.pdf-1,CB/2008,4,KNOWN,1,1e2f4d5b1cf8450a9f5160491e974d58c73d80c8017103bac614857ae8590ad3,frozen_numeric_free_text_error_1
CDNS/2012/page_58.pdf-1,CDNS/2012,,KNOWN,1,5d4b39e415d82c57aa31aecc48319333149cd689359ca3ce319383b5a1c062c4,frozen_numeric_free_text_error_1
IPG/2016/page_37.pdf-1,IPG/2016,0,KNOWN,1,7ab9cc71c0ad9632eb68f5b8d6c0ce14500a0c098da733756a7422035d6826fd,frozen_numeric_free_text_error_1
AMT/2012/page_56.pdf-1,AMT/2012,2,KNOWN,1,a2a4384caf25f0f9113947ce5169d65e2092a23de7dba622a64acaa82e48eb3a,frozen_numeric_free_text_error_1
AON/2009/page_70.pdf-2,AON/2009,4,KNOWN,1,c5a0d5f1fe7070b24fa5fc93df6b9afe2146d63eeb32e51667000bcb7deb1f75,frozen_numeric_free_text_error_1
RSG/2014/page_22.pdf-2,RSG/2014,3,KNOWN,1,d35d0a094fad8fd93ae995f11abba0d300f0a62514a485ec34fd473ed2e73a6b,frozen_numeric_free_text_error_1
HIG/2004/page_81.pdf-2,HIG/2004,0,KNOWN,1,3195d82dd48c033b9651c5c1cffbc8555151fac2687f1a06aabbe9e87b1ac61f,frozen_numeric_free_text_error_1
AMT/2012/page_104.pdf-2,AMT/2012,2,KNOWN,1,5b0c9c93f4c8dc4448e3356430c0f5b9dfa35cb280e61675eba9033790a253bb,frozen_numeric_free_text_error_1
AWK/2015/page_112.pdf-4,AWK/2015,0,KNOWN,1,706dc693dbc8024de5ef1fae9a77e786a30b95c9596b4d2425d7ff966e613b0f,frozen_numeric_free_text_error_1
HUM/2010/page_101.pdf-2,HUM/2010,0,KNOWN,1,d72fec590cef6497f6ec68eb80f0a7ef00bebde19e192681497cf148b632a3b5,frozen_numeric_free_text_error_1
HIG/2011/page_195.pdf-1,HIG/2011,4,KNOWN,1,594de36864b70084a7fe03a1cd4e3304acb5bfd9294862b2d8e3cbebb1ebef08,frozen_numeric_free_text_error_1
C/2009/page_255.pdf-3,C/2009,2,KNOWN,1,3554b4f674d452c69d1600a733ba4fe3f0dacef69dce580b5c609db4c176b819,frozen_numeric_free_text_error_1
HIG/2004/page_125.pdf-4,HIG/2004,0,KNOWN,1,04ba97e155f37fb03f40af259c328c77706fae4cf02ae114e6bbda2c3a734b78,frozen_numeric_free_text_error_1
APD/2018/page_54.pdf-2,APD/2018,2,KNOWN,1,0cdcfbb2b88c00f4b932771a6f6ef6602bd15ccd767625f5d13781318fdb1513,frozen_numeric_free_text_error_1
GPN/2015/page_83.pdf-1,GPN/2015,4,KNOWN,1,d3117a04213bf09ade6c2321b3e08a0e2ab5f23c163a0ca98315f51a8cb960dc,frozen_numeric_free_text_error_1
HUM/2007/page_18.pdf-3,HUM/2007,1,KNOWN,1,81934094555f5b2803e5c666761a20f76caf2a081fbe3b5b5b713f8837ee8d2d,frozen_numeric_free_text_error_1
AON/2011/page_38.pdf-1,AON/2011,3,KNOWN,1,9f0a89e08e3c90ce35681582ec418793d7c4c230fb67d925a7357f31f5a42c7d,frozen_numeric_free_text_error_1
PNC/2011/page_209.pdf-4,PNC/2011,4,KNOWN,1,83d40e59f1e46b23184d0df72f67e5d01074759d6bc8aa8c40e0cc1d1eee6f6e,frozen_numeric_free_text_error_1
UNP/2014/page_14.pdf-2,UNP/2014,2,KNOWN,0,6e5438dc7f0b6e4311f2b7cc8322d80e0d350d59c644b2c237767ac040c6c64e,frozen_numeric_free_text_error_1
JKHY/2016/page_25.pdf-3,JKHY/2016,0,KNOWN,1,71f8b19dab6351ffbd3af59e78020a9b78030c31799047e7c69b3f2ad2af2da5,frozen_numeric_free_text_error_1
PNC/2013/page_97.pdf-1,PNC/2013,0,KNOWN,1,a599bf90866b9b79edf863ee5a5884d784215351c4a040dd39c2bd403dd05732,frozen_numeric_free_text_error_1
RL/2013/page_13.pdf-2,RL/2013,3,KNOWN,1,b4e171893ccf35b449fa855ea48a10c661a461c63060ece04cc34f1ce7372aff,frozen_numeric_free_text_error_1
ETR/2016/page_403.pdf-4,ETR/2016,1,KNOWN,1,814e80d80170d98bae7efdef1b56557121c7ff59a1dc690f6c9c45951354c9a2,frozen_numeric_free_text_error_1
MMM/2013/page_48.pdf-1,MMM/2013,3,KNOWN,1,b3e2b2f49500fa29431ccd2b897a85747f3ed3e01a0b007b1e164af84c990621,frozen_numeric_free_text_error_1
GPN/2016/page_83.pdf-2,GPN/2016,1,UNKNOWN,,20aeab8b27b5559d0d6fe08c5cb5628a113b43e818d2437bf61f333c5fb64e10,frozen_numeric_free_text_error_1
GPN/2007/page_18.pdf-2,GPN/2007,0,KNOWN,1,9e0aeecfedf1f031a035b73d20e563f599131981bf00bb456b3cffa5e16c445a,frozen_numeric_free_text_error_1
AWK/2014/page_45.pdf-3,AWK/2014,4,KNOWN,1,9bf3d6e42c7286f049622c5a42ae6d9c6c8430e799cf61f4594abc51e0fb400f,frozen_numeric_free_text_error_1
SLG/2009/page_84.pdf-1,SLG/2009,2,KNOWN,1,23cfbde24b93b1404157879cc5a49850cf2909386366a1c344ada0e8fd336ca8,frozen_numeric_free_text_error_1
CE/2009/page_121.pdf-2,CE/2009,4,KNOWN,1,fda8d462042449388734484b71fdf47335c58fdf3c9ce6a48d957de848baf9da,frozen_numeric_free_text_error_1
MAS/2010/page_29.pdf-3,MAS/2010,0,KNOWN,1,f2dede3fd5ae6e27436c12b077fc15cef84d074c9e199aef3bc93423ee7d9568,frozen_numeric_free_text_error_1
ETR/2008/page_266.pdf-4,ETR/2008,0,KNOWN,1,74f5b7a55fcadc10bad8a53c5f6aa0987a9c46a1e6069f66d298830874de6c82,frozen_numeric_free_text_error_1
ETR/2008/page_362.pdf-1,ETR/2008,0,KNOWN,1,158124af9dcd972cf8c269a92c4c07c2184404e34b910b709d321ccbc9122e48,frozen_numeric_free_text_error_1
ALXN/2007/page_49.pdf-2,ALXN/2007,0,KNOWN,1,29b031dbaa6061dd9cb0ce4683fa00fad9365765947261b7e2b02e1fde9abc40,frozen_numeric_free_text_error_1
GPN/2008/page_39.pdf-1,GPN/2008,2,UNKNOWN,,12df9331b42213d4705e66a6868f26e381b8b9c1e34e2fa07e7d22fe8b8534c4,frozen_numeric_free_text_error_1
JPM/2003/page_28.pdf-4,JPM/2003,4,KNOWN,0,b5d5bef50d17bcf7a244f32c1cb50d62d1aa9949eca6a097358af71938671269,frozen_numeric_free_text_error_1
MRO/2009/page_132.pdf-1,MRO/2009,4,KNOWN,0,d9e3963819608f0c474378d28692463feb7e74ed41256287d85ae9d7124e0e17,frozen_numeric_free_text_error_1
UNP/2011/page_78.pdf-1,UNP/2011,2,KNOWN,1,dfafa4050cfcabaa11ebf660a30e6f7657e7b22f22c493755b366537e88cb2ee,frozen_numeric_free_text_error_1
JPM/2009/page_206.pdf-5,JPM/2009,3,KNOWN,1,ef6687d451f15341e33efca624d4c9396c26a9355ce421e3e5c58a004b2b6a06,frozen_numeric_free_text_error_1
IP/2005/page_32.pdf-1,IP/2005,2,KNOWN,1,09e060c76399230eea7c9069a49eed6e666894580fa983338c9a29a220b42230,frozen_numeric_free_text_error_1
UNP/2011/page_35.pdf-1,UNP/2011,2,KNOWN,0,5b3987df5f25496fa85e50a9c60b4876f401323b0bd96fee350e9577533d1b13,frozen_numeric_free_text_error_1
AMT/2016/page_57.pdf-1,AMT/2016,0,KNOWN,1,6d148114cd102640a445bdbd4b13471e50bbf21c09d02ff8b3e8422a8064e6cd,frozen_numeric_free_text_error_1
LMT/2015/page_86.pdf-3,LMT/2015,2,KNOWN,0,58b038a688d1c963ac5ad99955429b6c3ae6a96e48f7e11e81afddf025b9040a,frozen_numeric_free_text_error_1
C/2009/page_255.pdf-1,C/2009,2,KNOWN,1,a40bad31ed9dda72af6070b76cf8b60b5c624932ba9ef7d4ba6a4289b39c08fe,frozen_numeric_free_text_error_1
MRO/2012/page_39.pdf-2,MRO/2012,3,KNOWN,1,e83094401f27aa8b2a9dfc5759929d866682af53e2eb882e82fe38aa77e41980,frozen_numeric_free_text_error_1
BKNG/2017/page_35.pdf-1,BKNG/2017,2,KNOWN,1,3d11a40d47b67b3db949c4c07919220075fed69a75f05f951484eb6a515a8fed,frozen_numeric_free_text_error_1
SPGI/2017/page_73.pdf-2,SPGI/2017,1,KNOWN,1,9e4b66c8d852df63ac508e35e26310b0eb3aa0b5ddf080663cb988870f16d454,frozen_numeric_free_text_error_1
STT/2017/page_63.pdf-1,STT/2017,4,KNOWN,0,7799545eca10071500afae69105bf62f42427af47b0722e5daa4fe702467582f,frozen_numeric_free_text_error_1
HUM/2007/page_18.pdf-4,HUM/2007,1,KNOWN,1,d36eccb5c9b492557220efb1774ef4a80956ef5cf5631f801ba4e3c86b386235,frozen_numeric_free_text_error_1
PNC/2011/page_209.pdf-2,PNC/2011,4,KNOWN,1,421235c11a99331e1923bf27dab3d8fb2142cc6d9696ff685b79bc38832fb2c5,frozen_numeric_free_text_error_1
AES/2010/page_225.pdf-2,AES/2010,4,KNOWN,1,951240552d594f27819ab2f57392bd807dac87bd58e9acafb8c2eeef799f6be9,frozen_numeric_free_text_error_1
CME/2010/page_109.pdf-3,CME/2010,4,KNOWN,0,14e0d1e88d84ee440e87345d9861cafc12f5bf55ea92f5f28a78a13389c61b81,frozen_numeric_free_text_error_1
IP/2007/page_30.pdf-2,IP/2007,1,KNOWN,1,9cf9cce734e9501580a1a9aec15c788021d9cfecc40cc47f9763d519b95748da,frozen_numeric_free_text_error_1
SNPS/2006/page_67.pdf-1,SNPS/2006,0,KNOWN,0,52af4e578d0dd6797ec5fd6d980f5559b3f8161ba08418aa5a4ee8428b93d956,frozen_numeric_free_text_error_1
AWK/2018/page_162.pdf-4,AWK/2018,1,KNOWN,1,f4670b67d5f33d7e33a08dd7c85f31a9c27a07e17e0d5248a0e3f66ccca14a4c,frozen_numeric_free_text_error_1
GPN/2017/page_76.pdf-1,GPN/2017,0,KNOWN,1,96a5d0f6de27671fab1b75aab6fbe9ad65609d2b520282a4b2a94d849cf2afd4,frozen_numeric_free_text_error_1
ALLE/2017/page_44.pdf-1,ALLE/2017,2,KNOWN,0,22cba9b951e0e847f38e8d35a10f6647289da5c24f97f3344f1e33495d977dbe,frozen_numeric_free_text_error_1
MRO/2009/page_32.pdf-1,MRO/2009,4,KNOWN,0,ffafa546cc83f6c1657960082f9e66fa30e64226d3e5e40393cd94b317a3e465,frozen_numeric_free_text_error_1
FIS/2007/page_52.pdf-4,FIS/2007,0,KNOWN,1,3646d490fa7ae6a1e67702b2aa06af78a60fb8a2cdc82bd83ff5a1f5a10d7fc0,frozen_numeric_free_text_error_1
RL/2009/page_20.pdf-2,RL/2009,1,KNOWN,1,1a10ed934e087dde0df2fc07d650121d182f29060db2ef0f10d86fe1ed9191b9,frozen_numeric_free_text_error_1
AAPL/2013/page_27.pdf-1,AAPL/2013,4,KNOWN,0,d26225b006e29d6f95ae8e2d6bc254b85e0dde8c9e1b71d89c8c54bcf0cafa22,frozen_numeric_free_text_error_1
UPS/2010/page_33.pdf-2,UPS/2010,3,KNOWN,1,9ec4cb1916fd4f611d2198dde67544953706c29a77fd65c4cdae48adec2525af,frozen_numeric_free_text_error_1
ETR/2016/page_24.pdf-2,ETR/2016,1,KNOWN,1,7f8abb2a548cfd48ea281207afed64446ed2f06c5b9d7484aab621d4ca2d9bb0,frozen_numeric_free_text_error_1
IPG/2015/page_24.pdf-2,IPG/2015,4,KNOWN,0,6cefa4bc1f273a04174be0581c58d4ff18f3396112bf4797017020b21d629ce8,frozen_numeric_free_text_error_1
BLL/2006/page_45.pdf-3,BLL/2006,1,KNOWN,1,91b253245ea04f63aad6e8d138716862b3b399a81115c84a9d215529a60cc0f6,frozen_numeric_free_text_error_1
MO/2014/page_11.pdf-2,MO/2014,4,KNOWN,1,68079969fb289de10cd83edf8aca68df4dac9c0aa5d6b1bc80f113f6f89062ef,frozen_numeric_free_text_error_1
RL/2011/page_14.pdf-1,RL/2011,0,KNOWN,1,bd6befa64882d45fc558dc4f20b15b42e4cae52b0800f6f638a6df916ffac888,frozen_numeric_free_text_error_1
ORLY/2009/page_77.pdf-1,ORLY/2009,0,KNOWN,1,5b2794b735ebbbe7017341d2e9720412fa61da79d0a146d79f59b96c75504431,frozen_numeric_free_text_error_1
IP/2014/page_71.pdf-2,IP/2014,4,KNOWN,1,6edf85755ede31d6a122c3da8ff1b1db6a503509b8c34a94d0fcbf39ff841607,frozen_numeric_free_text_error_1
AAPL/2015/page_56.pdf-3,AAPL/2015,3,KNOWN,1,14601aed90acd23eea94b74cdecae6b90bd33c86eab44f22580131134b5e5544,frozen_numeric_free_text_error_1
GPN/2015/page_80.pdf-3,GPN/2015,4,KNOWN,1,fe103d51cfe74644125f0f72a80177614fee6c1450a3f9bb3659eab5e361cb42,frozen_numeric_free_text_error_1
AAPL/2015/page_24.pdf-1,AAPL/2015,3,KNOWN,0,1122a22b9d12f627adbf5604e8e8a00999a0f7155d281991591c08b9544ad769,frozen_numeric_free_text_error_1
HOLX/2006/page_103.pdf-1,HOLX/2006,1,KNOWN,1,5fffe146e9a311f7ba432b85885cb879f4e4fce091ae927f92795385cf814c21,frozen_numeric_free_text_error_1
ETR/2013/page_15.pdf-1,ETR/2013,,KNOWN,1,00973a5b2e2172498c8b3b60941953c8e659ecaa3b41de7cb112b86530209c1f,frozen_numeric_free_text_error_1
ANSS/2016/page_85.pdf-1,ANSS/2016,2,KNOWN,0,897e618c54ac7bb7927fe0ee3e5065c06c00b389d3af0de65a3ad820880cd87f,frozen_numeric_free_text_error_1
EXPD/2017/page_30.pdf-2,EXPD/2017,4,KNOWN,1,9efc14f516089f33e9fad068cbbbc5a0d5b315250a0d83eaaf50ca0095184e84,frozen_numeric_free_text_error_1
DRE/2002/page_30.pdf-2,DRE/2002,0,KNOWN,1,0bd0e5cb8a377cb750c0ca1f3f5b78c9e9d517fe73b0de7e6471c12677a2fd6c,frozen_numeric_free_text_error_1
RSG/2015/page_75.pdf-2,RSG/2015,3,KNOWN,1,753c7e76d7a432472402c46ab75073cd901bed9cefde34700e229dff1d8ee5bf,frozen_numeric_free_text_error_1
PKG/2001/page_86.pdf-2,PKG/2001,1,KNOWN,1,1e598b0c65c10d9d0cc7d800a358f387ff380641eb7d58d0679692f12413ede1,frozen_numeric_free_text_error_1
LLY/2018/page_99.pdf-1,LLY/2018,2,KNOWN,1,31809bacaed3f06ab33b492c99f8e1efadce6d1e79c0f642c2f062625ac09020,frozen_numeric_free_text_error_1
GPN/2016/page_69.pdf-1,GPN/2016,1,KNOWN,1,413849cf5b4adcc218a78ed8e6911b64f4175cd7172b76213a8560d03381eca8,frozen_numeric_free_text_error_1
RE/2006/page_31.pdf-2,RE/2006,3,KNOWN,1,7c78b999be201882363fb672442485f4d97e6dcf492cb2c677d4538eebad1f21,frozen_numeric_free_text_error_1
HWM/2018/page_69.pdf-2,HWM/2018,1,KNOWN,1,79cc005d0849d7ef66e2753f2c865b0f8467124561546ea1b56a6877cc09d2a4,frozen_numeric_free_text_error_1
TSCO/2017/page_68.pdf-1,TSCO/2017,1,KNOWN,1,b6c17bb2d1c05b9377c968605a267dab3580cb1a82d0b404401f0df7d7f1ae0a,frozen_numeric_free_text_error_1
V/2009/page_89.pdf-1,V/2009,2,KNOWN,1,f6d8fffe4e39665d39900463a302352bc8110415cac9a6aeb83c8bbeb70fd6ba,frozen_numeric_free_text_error_1
UNP/2014/page_24.pdf-1,UNP/2014,2,KNOWN,1,8fc5d86ced56625d078de2a03a0ee265bafdfb693e1d4acf877edc8e1601fb11,frozen_numeric_free_text_error_1
UPS/2017/page_31.pdf-1,UPS/2017,3,KNOWN,0,b53cf62e27546c3f365a0ea40457e666a98505b94a75b85429961bfe4e9f79cb,frozen_numeric_free_text_error_1
AAPL/2014/page_26.pdf-3,AAPL/2014,2,KNOWN,1,4ee40f264a9982a2242d09d19d1ddc4820c9aafb8899d495cbd316b9f29a3519,frozen_numeric_free_text_error_1
GPN/2008/page_99.pdf-4,GPN/2008,2,KNOWN,1,6538907d0811360e1c762c3ded070cd0595dcb16dd1f09c145f354de1370a024,frozen_numeric_free_text_error_1
HOLX/2005/page_27.pdf-2,HOLX/2005,0,KNOWN,1,d6380f19ddaa281e6d194e04bf815c6e3c273d6224e450979cd2360636063a92,frozen_numeric_free_text_error_1
MAS/2013/page_27.pdf-4,MAS/2013,0,KNOWN,1,d704bbb189167403ac4ea453e5ea49b915ec5dfdd671cf8cf56c6eb1dd768215,frozen_numeric_free_text_error_1
ETR/2004/page_158.pdf-1,ETR/2004,1,KNOWN,1,ef1f66ab10dee8a879b86f4fc952bf513c59b31fa977c5622e5213c1b3c0ff99,frozen_numeric_free_text_error_1
UNP/2013/page_30.pdf-1,UNP/2013,3,KNOWN,0,f4efb134cf22261543e02cfb3c77710a58b57a812c06614e85b00a51c5d152e7,frozen_numeric_free_text_error_1
ALXN/2007/page_49.pdf-1,ALXN/2007,0,KNOWN,1,0c78146b8782cdccaf7a472c9cb5155c7d6f7dfc581af39e5b96a70512ecff57,frozen_numeric_free_text_error_1
HUM/2018/page_46.pdf-1,HUM/2018,0,KNOWN,0,96d504a8821263d9a7141ca80ae1b2c116cb19deefbeb0236fe5719977fbc05e,frozen_numeric_free_text_error_1
IPG/2015/page_38.pdf-2,IPG/2015,4,KNOWN,1,55752d03259d3f931ebd3328ec5ac0e8c4649c3cc048cc1499ff8209e9de0e4e,frozen_numeric_free_text_error_1
UNP/2013/page_25.pdf-1,UNP/2013,3,KNOWN,1,b07a85f1c22731d4d9bccef2fb8a6e16e18d8c20b10a4cbf6f797bba7154583f,frozen_numeric_free_text_error_1
ETFC/2007/page_22.pdf-2,ETFC/2007,0,KNOWN,1,f4fe107492f0533f920e5964eb4bf0f4da7b2122327353a12233ec2d352692c0,frozen_numeric_free_text_error_1
EW/2014/page_68.pdf-2,EW/2014,3,KNOWN,1,25ba7b725b5ec06edd6e5cf19949fc488ad6275665cd03eccdab8fa833a65ad6,frozen_numeric_free_text_error_1
MRO/2008/page_119.pdf-2,MRO/2008,2,KNOWN,1,f3a54f1722b1c5bb84222dfe0d2498c637ff705b293a5b5ad6e623e928c0e04d,frozen_numeric_free_text_error_1
C/2009/page_248.pdf-2,C/2009,2,KNOWN,1,9364c2d262cdc488d1dd51e810cb7cba68e247e1f42885721e18072a5727329c,frozen_numeric_free_text_error_1
AAL/2015/page_187.pdf-1,AAL/2015,3,KNOWN,1,70283f9ebf9335abbd6c5fc742b9a6b8f175360c333281a421610e6571c9b232,frozen_numeric_free_text_error_1
GS/2012/page_177.pdf-3,GS/2012,4,KNOWN,1,cae15dd496aea61f1bc7ee87c72d18cb1ca29ffe2a7b14bc6b22ac532ab5cd0a,frozen_numeric_free_text_error_1
KMI/2014/page_18.pdf-2,KMI/2014,3,UNKNOWN,,48438316945677a7afa9304d6c4bf4a8cbf9e203db0afdd3c362989dfd922323,frozen_numeric_free_text_error_1
AAPL/2015/page_68.pdf-1,AAPL/2015,3,KNOWN,1,9d02bd3ba387aec5c47c9081ab4c752b5682efd0daba3c4730276c9a1930fac8,frozen_numeric_free_text_error_1
HUM/2018/page_129.pdf-2,HUM/2018,0,KNOWN,1,d37110eabf4095cc6dae0a70388ae67fecb8855d17058e0dc7f8c2f841a721f5,frozen_numeric_free_text_error_1
CB/2008/page_83.pdf-2,CB/2008,4,KNOWN,1,35d769faea7ab7a325486fcc69f16c966ac9d2d4117b7a997f8801f634704d74,frozen_numeric_free_text_error_1
C/2016/page_207.pdf-3,C/2016,4,KNOWN,1,b32380cd7fc70a4133a449e2a7e90a5fc58ff2fbafdff2be6086be91b2d858be,frozen_numeric_free_text_error_1
UNP/2008/page_35.pdf-1,UNP/2008,0,KNOWN,1,87df65377c09f800ed19a3dcd62b074abef85dd292449d52ac76b155493ab200,frozen_numeric_free_text_error_1
AES/2010/page_225.pdf-1,AES/2010,4,KNOWN,1,fd2b360ad35ebc144667e9d094be49add71c30888cc3480a3e97dc46f700cb36,frozen_numeric_free_text_error_1
UNP/2008/page_59.pdf-1,UNP/2008,0,KNOWN,1,2a9e733a655d659515b0c65d26a055038e5b7938655a21161e8ea66ee44597b3,frozen_numeric_free_text_error_1
LMT/2010/page_24.pdf-3,LMT/2010,0,KNOWN,1,eef4f5dad4c853357b656728c53acad09ac0f1107ec3db1bfbbb563fb5d32799,frozen_numeric_free_text_error_1
GIS/2018/page_59.pdf-2,GIS/2018,3,KNOWN,0,120266beebeb85b9140bbf2007e6545d158ca59d0c44bc86319e5b0a594d279d,frozen_numeric_free_text_error_1
ETR/2008/page_212.pdf-3,ETR/2008,0,KNOWN,1,c149ca85c8f41757e4f8828bc5dc81d11dbb079ac94cde2a4ac80cb6cd75aa1e,frozen_numeric_free_text_error_1
ORLY/2018/page_30.pdf-4,ORLY/2018,0,KNOWN,0,251537d49b27b7e9aa9631269b395ebd39768e23365354c5a2223e86d98ca1bf,frozen_numeric_free_text_error_1
LMT/2015/page_106.pdf-1,LMT/2015,2,KNOWN,1,2b95f4111566db1143bdb34e3e56560b17ce2465a96ecba4cfa49f23033ff052,frozen_numeric_free_text_error_1
LMT/2002/page_33.pdf-1,LMT/2002,3,KNOWN,0,b759a088ddeb3a157a87ec5252f75c7c8056b6a7a570709416fb8d1548795404,frozen_numeric_free_text_error_1
ADBE/2013/page_84.pdf-3,ADBE/2013,,KNOWN,1,1e06eda4057da210dcb8d7d64e72a03122b542643038c70ec2c0e04a86f02855,frozen_numeric_free_text_error_1
C/2016/page_120.pdf-4,C/2016,4,KNOWN,1,50985d94aae2a28c3d9564966fba36e7f7672641a78c045df2849801e70e5fbb,frozen_numeric_free_text_error_1
RSG/2010/page_157.pdf-1,RSG/2010,0,KNOWN,0,9c7b41e8883beecbab0792fef3f3c25beef8d56374adef144f9cc8a9479a5356,frozen_numeric_free_text_error_1
UPS/2007/page_32.pdf-3,UPS/2007,4,KNOWN,0,267832292ccd973b9c8d2a992506eb8a13d6ed602b33f9d54e2d31f6076925c5,frozen_numeric_free_text_error_1
V/2013/page_116.pdf-3,V/2013,4,KNOWN,1,d22dfd540fb4424bad94e811e63a90bce959729622bbd1b6da325835fe196dad,frozen_numeric_free_text_error_1
MMM/2007/page_90.pdf-1,MMM/2007,2,KNOWN,1,b86c71dcf11c7e2d5dce1fb1c7281ad9703975a428d97dbd198bcbc8bbdfb202,frozen_numeric_free_text_error_1
LLY/2008/page_45.pdf-4,LLY/2008,1,KNOWN,1,d1725d095a27d88d72e8c106fe2722e2ee4543cc5af3e5f1b4563101629f9b2c,frozen_numeric_free_text_error_1
AAPL/2013/page_78.pdf-1,AAPL/2013,4,KNOWN,0,2fe23e504bc03bd458eb52cbe4ce662b3896ab087b5590a3d432fcb445bfbbf2,frozen_numeric_free_text_error_1
ETR/2008/page_154.pdf-1,ETR/2008,,KNOWN,1,141cafaa501ecaf802c6be83caec107d73642a504a63b60b48aa09049e102aac,frozen_numeric_free_text_error_1
JPM/2009/page_132.pdf-3,JPM/2009,3,KNOWN,1,ebe83ebe6a2fd4417a545b10198b890ff18bf459e7a4567f5c348d1b2fa939c6,frozen_numeric_free_text_error_1
UPS/2017/page_111.pdf-4,UPS/2017,3,KNOWN,1,fc018fb1f2340eb2c269f8b4f17d0d3640d99249b9929cde4dc1f0bb09a4a4d0,frozen_numeric_free_text_error_1
STT/2009/page_122.pdf-4,STT/2009,2,KNOWN,1,3a2a167caf5d863b17eca27447922ed6b1a13de6ec4948bacf583905635f6bb9,frozen_numeric_free_text_error_1
AAL/2015/page_51.pdf-2,AAL/2015,3,KNOWN,1,e3edde00e1abd3973e9d07f93ac253c7de8d4c0fc30f51c2af178729bd4185e0,frozen_numeric_free_text_error_1
AES/2001/page_77.pdf-1,AES/2001,2,KNOWN,0,04ceda7a2f8458a0a6c4bbed019e5e5e69acd4ab99020f36efed0cdf82e91bc6,frozen_numeric_free_text_error_1
EXPD/2017/page_30.pdf-1,EXPD/2017,4,KNOWN,1,491c88d29832b75af412c9d9633ddc9d6f15b09c1e1034805fee7d163c1aaf8f,frozen_numeric_free_text_error_1
HIG/2004/page_67.pdf-2,HIG/2004,0,KNOWN,0,a6f537e25d5f94a39e964219b0dc60fc020b022c56ca54c8d37b045ba0db0759,frozen_numeric_free_text_error_1
NTAP/2014/page_33.pdf-1,NTAP/2014,2,KNOWN,1,f35536e9bf3afd8ca22a86eff3034141eb1651210370736c2a8e5548ba72bb81,frozen_numeric_free_text_error_1
JPM/2016/page_140.pdf-4,JPM/2016,1,KNOWN,1,3d22e9280f349f07002524777c42154fb08e10fd61ddf76f8b5df665b5da3cdb,frozen_numeric_free_text_error_1
DG/2009/page_87.pdf-1,DG/2009,0,KNOWN,1,87ec01c58fea3778d762e77bda4b9cbdcdfd56ec3684cb03364b4b336bde0e9f,frozen_numeric_free_text_error_1
UPS/2007/page_32.pdf-2,UPS/2007,4,KNOWN,1,f035a973023be0ed8a52f1e23013f6aceab6f216f74a3276dc190a4c300dc803,frozen_numeric_free_text_error_1
JKHY/2018/page_16.pdf-1,JKHY/2018,4,KNOWN,1,bb044923c130b718d08f7d00455e1aab90818106652a98b3e7c6d866be49197c,frozen_numeric_free_text_error_1
ADBE/2014/page_70.pdf-4,ADBE/2014,2,KNOWN,1,020a82dbb722585222dd893b9bd210cb0545eb3af6d603f5334ff72c7cae8933,frozen_numeric_free_text_error_1
ETR/2008/page_153.pdf-3,ETR/2008,0,KNOWN,1,e04bdd634c94b8915f4a542eb8a488787a220696710226db8a200be037e740c8,frozen_numeric_free_text_error_1
PNC/2012/page_98.pdf-1,PNC/2012,3,KNOWN,1,2fac4d663f539db85b227124d8c8ce6bc96f5124f829e6612ed0ca4450231fd0,frozen_numeric_free_text_error_1
DISCA/2013/page_60.pdf-3,DISCA/2013,4,KNOWN,1,e26e29a3662c1d5f6efc01f392f9ee448d879b8783668415f4446684a18a5e99,frozen_numeric_free_text_error_1
IP/2013/page_101.pdf-2,IP/2013,3,KNOWN,1,2d30c716c2e54b7a7ca6e959d7a021feeeb662b6d0901d3abe1f23c184ff3634,frozen_numeric_free_text_error_1
VTR/2007/page_97.pdf-2,VTR/2007,4,KNOWN,1,ee5ee34545bfb47272b09b5c9e17b70099ceda19df46846335278ece366de01b,frozen_numeric_free_text_error_1
VTR/2006/page_48.pdf-4,VTR/2006,0,KNOWN,1,263122c1752650b572283d408921b0ea7557877a2608093f9e8d866dd2b1d715,frozen_numeric_free_text_error_1
CDNS/2016/page_76.pdf-2,CDNS/2016,4,KNOWN,1,61934e6c88515e538073bbe6fe15f2a71bd4fbb88614ff0fc0c880d9899fbe2a,frozen_numeric_free_text_error_1
GS/2017/page_176.pdf-3,GS/2017,2,KNOWN,1,ee5212b5d0c257d911caf8d575d972e22b71dfdde435c1b8b43a1d32d9dacb1c,frozen_numeric_free_text_error_1
ETR/2017/page_401.pdf-3,ETR/2017,4,KNOWN,1,7c61cf2f600c847d6f49d9e5b9ea37a3aa6b69d6599df7f9367cc5412649bd27,frozen_numeric_free_text_error_1
V/2008/page_165.pdf-1,V/2008,0,KNOWN,1,84465731895a46687e4f57bf81cac4b26a1bdb52159fb05cfeff95d7551142dc,frozen_numeric_free_text_error_1
IPG/2016/page_86.pdf-1,IPG/2016,0,KNOWN,1,11d475ea337fcf94dd10226110db53c16661d272ec92b9cdcf5bb7dd07c39116,frozen_numeric_free_text_error_1
GPN/2017/page_72.pdf-2,GPN/2017,0,KNOWN,1,02ba4527c625bad4c307188f239c3c32988a369258d242bf61cba30fd40558ab,frozen_numeric_free_text_error_1
IPG/2006/page_41.pdf-2,IPG/2006,4,KNOWN,1,7ec693bec3314fd1a666ba686c6841d81225beca9368dc967682ae12208d077f,frozen_numeric_free_text_error_1
UPS/2015/page_35.pdf-1,UPS/2015,0,KNOWN,1,f158177dbe1f9343e3d426ce6eeaa5954cf0c777a0939a51f3f5a8f65003bd38,frozen_numeric_free_text_error_1
CDNS/2007/page_30.pdf-4,CDNS/2007,2,KNOWN,0,38221d9e331abdf3a2a48ce1f708ddf7c5ab24f615c059ccf968dbf2735c8522,frozen_numeric_free_text_error_1
STT/2017/page_100.pdf-4,STT/2017,4,KNOWN,1,fbe9b8d4126e80e9620eb0f769229fd7bc94a194af3c82693888ba2350e3f80b,frozen_numeric_free_text_error_1
HWM/2015/page_73.pdf-1,HWM/2015,1,KNOWN,1,6412823c22b4abac4f38f026a9ddf098ff0958bbbdbc61fd0e552fa115335acd,frozen_numeric_free_text_error_1
AWK/2012/page_12.pdf-1,AWK/2012,0,KNOWN,1,cc8d47609dd9f93ac8131500a0b64dac56a513441e58e759934f3db9a5eae85e,frozen_numeric_free_text_error_1
MAS/2012/page_86.pdf-3,MAS/2012,1,KNOWN,0,22878f01bf40ca3469ffa10ea42e07d92bb0ccf824c2f64d92acbc7e99cc4028,frozen_numeric_free_text_error_1
AWK/2018/page_131.pdf-1,AWK/2018,1,KNOWN,1,8b519cbd72daaad8b99908805d9fd57f516f9a73b4a05adfebf84f7d05b15068,frozen_numeric_free_text_error_1
ADBE/2018/page_66.pdf-3,ADBE/2018,1,KNOWN,0,c08c298f0b868f153590a87c3aa45fee54fab41fe5ff2ec9501d4d337ef02744,frozen_numeric_free_text_error_1
MRO/2008/page_119.pdf-1,MRO/2008,2,KNOWN,0,2a5c03056e3bd5ac3db985a59210b7bf841e074490f04993d61164a1cb29b129,frozen_numeric_free_text_error_1
ETR/2004/page_261.pdf-4,ETR/2004,1,KNOWN,1,ff62cb07713983eb23cea98d1429b7e52afdc6306ab54e388631a3cef5695cf7,frozen_numeric_free_text_error_1
UPS/2010/page_33.pdf-4,UPS/2010,3,KNOWN,1,d1191ea6b80f8a37408769327144ee61044988b1a73b35a9aff42bb5d5094ad4,frozen_numeric_free_text_error_1
ETR/2004/page_86.pdf-2,ETR/2004,1,KNOWN,1,c85ba4817981bac7121ecac82aa63936a74ce91216a9e79394769d197ec3aa3f,frozen_numeric_free_text_error_1
C/2008/page_26.pdf-1,C/2008,3,KNOWN,1,abb9d1fd07ffbd99d28944cf6cec2fb980224288cf2ac2b819b5b08cd5715016,frozen_numeric_free_text_error_1
WRK/2019/page_31.pdf-2,WRK/2019,3,KNOWN,1,f928181fb18e23a6a450c3b663392a116a48dc156617666a46fdf7b67b759d9a,frozen_numeric_free_text_error_1
MRO/2009/page_32.pdf-2,MRO/2009,4,KNOWN,1,d8edc68e9fffb6d3c0e1df9e7611b92cdb619ee35353a04f04b2a262ae358e72,frozen_numeric_free_text_error_1
HFC/2011/page_85.pdf-1,HFC/2011,4,KNOWN,1,df2294741d405c5f9470c4e298a2e4b8fcb79bb36f2334cea81b89c600f9d5a4,frozen_numeric_free_text_error_1
C/2009/page_42.pdf-1,C/2009,2,KNOWN,1,ab986b017deaa7485d8cb61e8eb5d088a3499297ce6dfd57ec1a10a773ecf4db,frozen_numeric_free_text_error_1
PPG/2005/page_20.pdf-1,PPG/2005,4,KNOWN,1,94fb1d5e2a868bf992c503dc109c60c0abe65db4c6c2b7f96e22c5eb7a47d0f4,frozen_numeric_free_text_error_1
AAPL/2015/page_68.pdf-2,AAPL/2015,3,KNOWN,1,2bfc16af24c1664231b3e18d98e866bcfe97654bce2a7aa879f7e32451c060b1,frozen_numeric_free_text_error_1
BLK/2009/page_98.pdf-1,BLK/2009,3,KNOWN,1,e3ee875530fc3d5a8d0d3b962e43ae6e8ed6f5171e75577fce5dcde043a378b2,frozen_numeric_free_text_error_1
ETR/2008/page_343.pdf-1,ETR/2008,0,KNOWN,1,c6ac2b2d4a4ee3f399fa53fbcada9941102804f28716df69b56a0bafa470b832,frozen_numeric_free_text_error_1
ETR/2004/page_159.pdf-3,ETR/2004,1,KNOWN,1,f61bc1ebc3c3422260fda8645f21a5643cc098935f0c037d9a74136476eea969,frozen_numeric_free_text_error_1
MMM/2007/page_58.pdf-1,MMM/2007,2,KNOWN,1,12453a9a0983649eab4fc30522a121e47e62161decac407e099183295826bd71,frozen_numeric_free_text_error_1
AON/2009/page_70.pdf-1,AON/2009,4,KNOWN,0,fa33594e8aa0128c447419e03ed60f0a5ff82a327ea60b12a025dccca3dbd691,frozen_numeric_free_text_error_1
GIS/2019/page_53.pdf-2,GIS/2019,2,KNOWN,0,fa8ff10a7cb952da318cff524e1ba0596d79f7ed37d8fe409743f165b22457e4,frozen_numeric_free_text_error_1
AWK/2013/page_12.pdf-2,AWK/2013,4,KNOWN,1,93249b2252d496745b0ab68f2ef24a80e902639adc52a4fb210d57a3f133b7a0,frozen_numeric_free_text_error_1
BLK/2017/page_87.pdf-2,BLK/2017,2,KNOWN,1,a39f08fbba635b39e63b28cdf02f5f6a85ee140c430a859cead06ea340bc7bcf,frozen_numeric_free_text_error_1
GS/2016/page_81.pdf-1,GS/2016,0,KNOWN,1,32d8646dd6ffed83b7eb92ab91a707a99a9109624473dd0530c2b1e15437d512,frozen_numeric_free_text_error_1
ETR/2008/page_343.pdf-2,ETR/2008,0,KNOWN,1,83a37cbe627db75695379f21204ccdba82ccc9fea887fc8c30bfbdb1c37c3983,frozen_numeric_free_text_error_1
ETFC/2007/page_116.pdf-3,ETFC/2007,0,KNOWN,1,3482a800793fdff65a0bdea1cae362777f8258491d8fe4aeebed8217110771ff,frozen_numeric_free_text_error_1
AMAT/2016/page_30.pdf-1,AMAT/2016,3,UNKNOWN,,522274464830222153d3a884df17fb04b258e8caaa7c87ca867b010656189c21,frozen_numeric_free_text_error_1
BLL/2011/page_29.pdf-2,BLL/2011,0,KNOWN,1,79ff4982d3bfdf47b321ce84627cce8575171f863f086e150d6b0cbeb4667518,frozen_numeric_free_text_error_1
C/2008/page_105.pdf-3,C/2008,3,KNOWN,1,e6c304de2401cd093afeed60e5747a2c64322ae2b7909d6642450e11434560bb,frozen_numeric_free_text_error_1
GPN/2009/page_69.pdf-1,GPN/2009,1,KNOWN,1,3c8507db9debcf14a47b51ce0baf96079e9d4e81be6ed0cc518f95dd935a5a73,frozen_numeric_free_text_error_1
ADI/2010/page_50.pdf-1,ADI/2010,4,KNOWN,1,a2d928bb9dc3920c85b48ac35a0e3513628388c0e808f354fc90974c60657412,frozen_numeric_free_text_error_1
JPM/2008/page_41.pdf-2,JPM/2008,4,KNOWN,0,e32509358fc3d4f5b538fcdfa616d5e44c134bc1a81d16b4f488550502111c29,frozen_numeric_free_text_error_1
MAS/2013/page_27.pdf-1,MAS/2013,0,KNOWN,1,bc26c0647e80dce48eeb2929ca58b3bc62abc3259c1228080533f88db26371fa,frozen_numeric_free_text_error_1
HIG/2013/page_212.pdf-2,HIG/2013,4,KNOWN,0,8ef8f7438462e0212c5e6e9b804612354397be86b1ab38571542535ff2c46a1d,frozen_numeric_free_text_error_1
UNP/2010/page_79.pdf-2,UNP/2010,3,KNOWN,1,8a045a3b85a03c0d2e5f7d90c1557c7917e9f86ec644487bc839311b23ce7071,frozen_numeric_free_text_error_1
HUM/2005/page_18.pdf-3,HUM/2005,2,KNOWN,0,2be6648dec465259073e9774fb594d93030074c07a299ab5827ee0245392830b,frozen_numeric_free_text_error_1
AMT/2012/page_121.pdf-2,AMT/2012,2,KNOWN,1,8618454961bbe1bbbfcd51862f26ce25f8f49d926bca3eeb8d8a7cf2c1509339,frozen_numeric_free_text_error_1
UA/2015/page_77.pdf-1,UA/2015,2,KNOWN,1,55f6e389be128793b96c306959b6fb0b55f3a40d15be18abf8e3a2151da1d30f,frozen_numeric_free_text_error_1
RSG/2015/page_75.pdf-1,RSG/2015,3,KNOWN,1,de87f6f378f4254864f59a500364b79cde1586725d7aeabfb22aaa74fc78e788,frozen_numeric_free_text_error_1
AMAT/2015/page_14.pdf-1,AMAT/2015,3,KNOWN,1,82d133a6325b7e8834e118a00ec348e9bd044b482623507c9d78521efaafd56e,frozen_numeric_free_text_error_1
IPG/2016/page_46.pdf-2,IPG/2016,0,KNOWN,1,d2a5c0e618564992dbe01b62a457b24e38909b0be803fbcc9e09258efe5275d5,frozen_numeric_free_text_error_1
VNO/2008/page_183.pdf-2,VNO/2008,0,KNOWN,0,e89754349ca2fa5860435be2ca89e01862b88f166359a72432a36261d8c9da08,frozen_numeric_free_text_error_1
AES/2011/page_230.pdf-2,AES/2011,1,KNOWN,1,6afc56edaec8a42c607485c62f3bdfbb7bc221d443d3a3b0c999f72caa98fcff,frozen_numeric_free_text_error_1
LMT/2015/page_106.pdf-2,LMT/2015,2,KNOWN,0,ad9205c9d1b774136227a811e92f882f76edcc9b0cddae5e02eaadfaa78390de,frozen_numeric_free_text_error_1
ILMN/2007/page_84.pdf-1,ILMN/2007,1,KNOWN,1,90dd39bfb3a087c9056d0df37e1825654dfe29d4816310524031bda690436336,frozen_numeric_free_text_error_1
IP/2013/page_61.pdf-2,IP/2013,3,KNOWN,1,88a3c5d492df009fe6d94d525d7732c00ffac48a15d7ec3d67d3fd695037d479,frozen_numeric_free_text_error_1
C/2008/page_207.pdf-3,C/2008,3,KNOWN,1,984edb4b39b6f55fd52ecfa9a87e45c989821ecd0bc783ac022f5fae0488dea6,frozen_numeric_free_text_error_1
GPN/2015/page_83.pdf-4,GPN/2015,4,UNKNOWN,,dbf43d001d6cc9e8463035853376b6ed1bee2d431d08f66a438f700821339ec1,frozen_numeric_free_text_error_1
AES/2011/page_131.pdf-4,AES/2011,1,KNOWN,0,6287b72d7964a73e3c40842f346e605b7ff1782bb3d5c8113826db6df7876f85,frozen_numeric_free_text_error_1
AWK/2017/page_154.pdf-3,AWK/2017,4,UNKNOWN,,3406d609165442935ace1f4f07d48fdf0abd02f6e551b3278b47d70836251c75,frozen_numeric_free_text_error_1
AAL/2014/page_80.pdf-3,AAL/2014,1,KNOWN,0,4509309603e981964b6afb63674807a98ad387e15c01608016dab1fe62deee62,frozen_numeric_free_text_error_1
HWM/2017/page_77.pdf-2,HWM/2017,2,KNOWN,0,2aed7742f523927a64b638de3c3cfeebfb46d7ed9cdae8b61402c682d17a2e0b,frozen_numeric_free_text_error_1
RCL/2005/page_40.pdf-3,RCL/2005,3,KNOWN,1,d11a31283ac7651dcc653ecc350cdda330ead6c262e02738c295cf1786663235,frozen_numeric_free_text_error_1
TFX/2015/page_42.pdf-2,TFX/2015,3,KNOWN,1,31621579ffebb42f3bdce2baed2a24c211a2eb6839950e575ce8cad93ea24d10,frozen_numeric_free_text_error_1
MMM/2005/page_53.pdf-1,MMM/2005,4,KNOWN,1,bdd6afcd7448bd7be4507b0aaa622b21a580872a82dc4220bb4cea22b4e7b14f,frozen_numeric_free_text_error_1
OKE/2007/page_51.pdf-2,OKE/2007,1,KNOWN,1,88e6378fe18a4bf32240eb27e4da99bd65f39481201f0fb992a7d215da41f81e,frozen_numeric_free_text_error_1
AWK/2015/page_127.pdf-3,AWK/2015,0,KNOWN,1,0f903fa9e026dbdec5cb1b082aad35ef325ff6f1274b13f663a6224d8731f50d,frozen_numeric_free_text_error_1
ETR/2008/page_435.pdf-2,ETR/2008,0,KNOWN,1,1bc8286b3deed46e6ba5a201d46a1660ed32b594415862da15665318170e21c1,frozen_numeric_free_text_error_1
GPN/2008/page_95.pdf-2,GPN/2008,2,KNOWN,0,13428d8439363d065699599c2476bebe4c4ae6291538204808c6678283c6809d,frozen_numeric_free_text_error_1
RL/2009/page_22.pdf-2,RL/2009,1,KNOWN,1,74fa8fe76001884d52da9761abd3fb231b71aca44d9ff55250e19a5d6f2cb9d1,frozen_numeric_free_text_error_1
DRE/2010/page_59.pdf-1,DRE/2010,4,KNOWN,1,c2e5477c705c1b7ebf3e4de1c0d0bd9123e5fead45368c94ef26a511a0535676,frozen_numeric_free_text_error_1
UNP/2008/page_34.pdf-2,UNP/2008,0,KNOWN,1,1ce7a97c54cfdc579d6b29ad46d8222734cab1fc551a5f79a852c89fc4f93f68,frozen_numeric_free_text_error_1
MRO/2013/page_40.pdf-1,MRO/2013,0,KNOWN,0,3e87c67ea07053739bc5b5b50f05e849e820ac5cb211dbe95f7c13ba54aa46b9,frozen_numeric_free_text_error_1
GS/2016/page_161.pdf-2,GS/2016,0,KNOWN,1,936d0b965f051437db6aa0ac9e8ab10f633277415065b99ea9dd32ca1ba45bf0,frozen_numeric_free_text_error_1
ALLE/2017/page_44.pdf-2,ALLE/2017,2,KNOWN,1,5e43de5e3667df625eb68d5b3923587577f7dda3c15d51a09ebc550d87eb6945,frozen_numeric_free_text_error_1
CME/2010/page_45.pdf-4,CME/2010,4,KNOWN,0,d3f4120d8ec3a533c9998aa29c5546a4c709f92e748b96901f28e14157a54009,frozen_numeric_free_text_error_1
GS/2014/page_134.pdf-4,GS/2014,3,KNOWN,1,a30610ce1ae58fb4529109933b1a3201045556b9134084317151a295df7e19b9,frozen_numeric_free_text_error_1
RCL/2017/page_38.pdf-3,RCL/2017,0,KNOWN,1,11f15b46bd40cd5fa1eeaa3c603e0fb6b1f5324e6ef0aef69c7f1118a4f02850,frozen_numeric_free_text_error_1
ADI/2019/page_77.pdf-1,ADI/2019,4,KNOWN,1,3124708f01109d942608916e4bc5cac583d4cae4c64f8dfe2452315481103fad,frozen_numeric_free_text_error_1
IPG/2015/page_24.pdf-1,IPG/2015,4,KNOWN,1,c19bb1d6a5e55f678921ae3deaef331266ea323328b0fc001f12ee07ccea4817,frozen_numeric_free_text_error_1
AMAT/2015/page_14.pdf-2,AMAT/2015,3,KNOWN,1,151b891b9f37bc8952ae37e793644468cc60c63eaae8670ae1a7446e80ed18ae,frozen_numeric_free_text_error_1
ETR/2017/page_477.pdf-2,ETR/2017,4,KNOWN,1,6c4999cd8390683ceaa578c58c333be70335850fec517abbd6713f5f2f386d79,frozen_numeric_free_text_error_1
UNP/2014/page_80.pdf-1,UNP/2014,2,KNOWN,1,e4c46db1408429912fcdeae0e3c4a138586e89271dbb8732ca9bd453db8cae42,frozen_numeric_free_text_error_1
AAL/2015/page_131.pdf-4,AAL/2015,3,KNOWN,1,426dba06c59da3ca66d0ee7db2ff5104962392cc6c36f8f599fce3540dee8da9,frozen_numeric_free_text_error_1
AAL/2015/page_51.pdf-1,AAL/2015,3,KNOWN,1,41028dce31a9b2c87a0ae005079b9be1a0aeade1f0523aa4afe3c8cfa9f4822e,frozen_numeric_free_text_error_1
ZBH/2018/page_61.pdf-2,ZBH/2018,,KNOWN,1,6b50e2ee78f1311dbd39741ef546f4b689c2d1799a5e37d27120136a004748a2,frozen_numeric_free_text_error_1
AAPL/2014/page_67.pdf-2,AAPL/2014,2,KNOWN,0,21e9de043685bf47a903a412215c27cbd8cf814eef04084a56ddcd6024ebf864,frozen_numeric_free_text_error_1
BKNG/2015/page_38.pdf-4,BKNG/2015,3,KNOWN,1,dc97e20c57271add396507c8d8af88a56f7f44e3262f5a1ef09c12e504a4d79f,frozen_numeric_free_text_error_1
PKG/2009/page_63.pdf-3,PKG/2009,3,KNOWN,0,ef278eefb5d5a6b658a7966a1b975d7114c9c064256424257910839812fa7e3e,frozen_numeric_free_text_error_1
PKG/2004/page_23.pdf-3,PKG/2004,1,KNOWN,1,4188ff7fcf6741118461d5729a76e8e9a38913e83b985b94888dea8f2906fdec,frozen_numeric_free_text_error_1
BLL/2006/page_45.pdf-2,BLL/2006,1,KNOWN,1,ecd670840918b06c900de9e211c982a213fe0fe82c206ad9200ec2aef62389ee,frozen_numeric_free_text_error_1
INTC/2013/page_71.pdf-3,INTC/2013,4,KNOWN,1,e656033f8a18eb6a3a4c52d10e7e13f992e0f49461fff637e70e46c2f90a627d,frozen_numeric_free_text_error_1
ORLY/2017/page_30.pdf-2,ORLY/2017,2,UNKNOWN,,950aef827d872d979be217a7d43a1541f8c17f9a3b0c5b1fa1f9b3a439b98d9f,frozen_numeric_free_text_error_1
GPN/2016/page_29.pdf-2,GPN/2016,1,KNOWN,0,96f9a7657dc5074a48a9a8f23322c5069b64552d0a8197682b3173bc66b41b4b,frozen_numeric_free_text_error_1
GPN/2017/page_30.pdf-3,GPN/2017,0,UNKNOWN,,a69bdd425b906ad7e9493e1ecacf3d72b79ebc221945df465f757519f3563678,frozen_numeric_free_text_error_1
RSG/2018/page_13.pdf-2,RSG/2018,1,KNOWN,0,654ab1c80292c3157690a0d48ecba72f6ded8cb90cbeb44160dce50800083895,frozen_numeric_free_text_error_1
ETR/2008/page_33.pdf-1,ETR/2008,0,KNOWN,1,4200eb9a84a65241eca3302e3e1a789a223c947d2cb278b316334d7cc6fb778b,frozen_numeric_free_text_error_1
LMT/2015/page_55.pdf-1,LMT/2015,2,KNOWN,1,d1a2fb15bf72f5f8377b5948be8b890309c36f9340ffa7ae98aa4c5a26a32a4e,frozen_numeric_free_text_error_1
KMI/2010/page_164.pdf-3,KMI/2010,4,KNOWN,1,4699434e4b9a87c7502a50fcb2375f91a38e20efda6fb80f80c9c226a67aaf3a,frozen_numeric_free_text_error_1
MRO/2009/page_35.pdf-2,MRO/2009,4,KNOWN,1,50d2a819efe6dcc4aebb90686dc8ec4f5ce1a82c58b397940869c67dbdcffc1c,frozen_numeric_free_text_error_1
DRE/2007/page_39.pdf-4,DRE/2007,1,KNOWN,1,23cca1873edda17a513d7a5d431b8cc68ab460a7d34199dc3fd11d496ded64d8,frozen_numeric_free_text_error_1
IPG/2017/page_49.pdf-4,IPG/2017,1,KNOWN,1,a32c107b040008dfc2ad256fabacdad55b48415f60de65f36016da669f74c018,frozen_numeric_free_text_error_1
IPG/2014/page_23.pdf-1,IPG/2014,1,KNOWN,1,d844f1bab9506843cf9e609fef56649d37926be296246185a26a124c803dd08c,frozen_numeric_free_text_error_1
SWKS/2011/page_112.pdf-1,SWKS/2011,1,KNOWN,1,f4d2a715594371566d259f8bfc04b38aaf8403f1146823769e8c9401c459d3ec,frozen_numeric_free_text_error_1
RE/2010/page_120.pdf-2,RE/2010,2,KNOWN,1,a1e46644a06e4d6073acb61513230c1f10439bc02245c58bb3ed10fcf643e4d8,frozen_numeric_free_text_error_1
VNO/2005/page_69.pdf-2,VNO/2005,2,KNOWN,1,9811068806824c2c22309ee0e9adc3cf4c8ea5a7d7fdfd1bde4b1300171b4cd4,frozen_numeric_free_text_error_1
RL/2009/page_22.pdf-1,RL/2009,1,KNOWN,1,628287fcd63edca1d959ded78b7e3d8623a4e4318094c405c664252c768f3b41,frozen_numeric_free_text_error_1
MA/2009/page_115.pdf-4,MA/2009,4,KNOWN,1,9968f4465930d63beffe509d5fef9b54056f0acfeb16d90ee988b84b3a9b652a,frozen_numeric_free_text_error_1
SNA/2013/page_93.pdf-4,SNA/2013,2,KNOWN,1,3c343510e699130fabe2cf99c936d739e3fb652121b5de38e9af9445d1e49e9a,frozen_numeric_free_text_error_1
HUM/2018/page_129.pdf-1,HUM/2018,0,KNOWN,1,c54603bfffb7bd5eab1cbadb255da8181b30ae205bf7dfb14d4a93a1909dd9a8,frozen_numeric_free_text_error_1
GPN/2009/page_68.pdf-1,GPN/2009,1,KNOWN,0,8d59f8a3cd57ea077a6d74b74c7a048fdacfec6cf045062eb12e14a350120240,frozen_numeric_free_text_error_1
NKE/2015/page_37.pdf-1,NKE/2015,2,KNOWN,1,b9365c97990e6649c60b4bd0ac315685018a1c1b57d4cbc60edd3dabb267b69b,frozen_numeric_free_text_error_1
ETFC/2007/page_22.pdf-1,ETFC/2007,0,KNOWN,1,767f235d026b640ca720e09d27ddf35e7f8bcb3c375f56ec72c886dc48ca661a,frozen_numeric_free_text_error_1
AWK/2014/page_122.pdf-1,AWK/2014,4,KNOWN,1,b8790ca576926954ec5c906a447c3f464e4e6828693e0b1d1168e611dbdda734,frozen_numeric_free_text_error_1
UNP/2008/page_71.pdf-3,UNP/2008,0,KNOWN,1,908114c3a262b786e5ba406f01d1666cdd06e59897f853d64b4d305c02ff4d15,frozen_numeric_free_text_error_1
EMN/2007/page_111.pdf-2,EMN/2007,4,KNOWN,1,059aff6c6d1bf4965cec600c10d00653b3179ba768986024eb1624ec7c2e9b74,frozen_numeric_free_text_error_1
MO/2017/page_79.pdf-1,MO/2017,3,KNOWN,0,1cd5e5f33e05120fc56496c7d2f1108cfc691303daba920184debda2e8e6190d,frozen_numeric_free_text_error_1
UNP/2009/page_26.pdf-2,UNP/2009,2,KNOWN,0,82fb3a9589b09e57c325b700b9eed4d4c344d3d29b7814c1f9aaf9826eeacd24,frozen_numeric_free_text_error_1
APTV/2015/page_47.pdf-3,APTV/2015,0,KNOWN,1,d830bab5c76597fbb5f59c16d1a74cc76f5ed2eab566756d261b2e1fb5156e43,frozen_numeric_free_text_error_1
UNP/2015/page_76.pdf-2,UNP/2015,0,KNOWN,1,6025d927614806d2ea5317680dc96cc38247418de59205f0a04d130597278067,frozen_numeric_free_text_error_1
VLO/2012/page_27.pdf-2,VLO/2012,3,KNOWN,1,76b9598167a5b8e7091441b1cbb1649a01b0f8f4b982ecad803df0cc687d10c1,frozen_numeric_free_text_error_1
BLK/2008/page_75.pdf-3,BLK/2008,4,KNOWN,1,a4eee151dcd9d1d911947245f271413f0e6805a15343586eb1f811f93a0ccc56,frozen_numeric_free_text_error_1
ANSS/2016/page_85.pdf-2,ANSS/2016,2,KNOWN,1,339c399cfe474a27aede84cb7fccfc0a9386cc51fab923e6379c4f6e7728d56e,frozen_numeric_free_text_error_1
IP/2015/page_44.pdf-3,IP/2015,1,KNOWN,1,fe94dec157045c532ba5294b35032c8f0c8f8c5cff168e2888d251a6b25bb93e,frozen_numeric_free_text_error_1
UNP/2013/page_29.pdf-2,UNP/2013,3,KNOWN,1,f621ed979cb8937b240aaab5351b34af5ca755c1289fbc099766ee1d7ce281e1,frozen_numeric_free_text_error_1
MO/2014/page_76.pdf-1,MO/2014,4,KNOWN,0,143c1ce049ed982f7369cd8e459964d909d116d42ac2ae872e04806967abcabf,frozen_numeric_free_text_error_1
UNP/2013/page_29.pdf-3,UNP/2013,3,KNOWN,1,bb29561b4a9b29df29c4c603ee5575cc418a606d898b29ed9cfe5f41235bb578,frozen_numeric_free_text_error_1
IP/2007/page_38.pdf-3,IP/2007,1,KNOWN,1,0baa27479cc4871d3fcaa01732e5bb5bf3ea2f3d75f2f380cd1c42aa4c08d5ba,frozen_numeric_free_text_error_1
UNP/2011/page_56.pdf-3,UNP/2011,2,KNOWN,1,6f90b5a88bf240d33a5d3ff8395256057acf37d5c9e33106a0f2567e23bda29b,frozen_numeric_free_text_error_1
BLK/2016/page_35.pdf-3,BLK/2016,1,KNOWN,1,d67dd251678baa4bc596a6ffaab6d0fc74aa7791f87383c492217508b7bfbc00,frozen_numeric_free_text_error_1
APTV/2018/page_36.pdf-3,APTV/2018,1,KNOWN,1,92d0d2f4e348b638f2c663cba461c8223e5e0d5b25b913a831b2e1fbc478e1f9,frozen_numeric_free_text_error_1
UNP/2015/page_76.pdf-3,UNP/2015,0,KNOWN,0,a90413e44c5759315c85e1f5efed5d72ec15f297c1f5ad88dc7cc98343d1158b,frozen_numeric_free_text_error_1
AAP/2013/page_32.pdf-3,AAP/2013,2,UNKNOWN,,af28fef256cedcfe1238d2a2435f1853689523d4cfe5d14b1b03e316d64c00dd,frozen_numeric_free_text_error_1
SNPS/2006/page_68.pdf-3,SNPS/2006,0,KNOWN,1,a4d065f7586b688b326e1bc21d26b21fcf758da620133a7804e51256bd71c8b5,frozen_numeric_free_text_error_1
UNP/2015/page_80.pdf-3,UNP/2015,0,KNOWN,1,14d1223604aa3a3ba6c022d833b87c428171b00188082040d2702ad194a5e764,frozen_numeric_free_text_error_1
CAT/2017/page_113.pdf-3,CAT/2017,3,KNOWN,1,2bfe0a109bfdb87015a8d68dec7ed897f68566735c771cdd24d2096bfa9f4412,frozen_numeric_free_text_error_1
UNP/2011/page_35.pdf-3,UNP/2011,2,KNOWN,0,505462aecf27a5c7687f28c9fbc84d53d0cc4fd9e64bf8566bd96ba368d27d54,frozen_numeric_free_text_error_1
UNP/2015/page_31.pdf-2,UNP/2015,0,KNOWN,0,2b2599c810d083e1f4c45930f68558f2fa9769a0bd21643ec9d1c4e230d55957,frozen_numeric_free_text_error_1
IP/2013/page_70.pdf-3,IP/2013,3,KNOWN,1,1abf78d716bcea36a47144bd9c803c438d36c27e9e3c27db00c950661d3b2b8f,frozen_numeric_free_text_error_1
UNP/2010/page_79.pdf-3,UNP/2010,3,KNOWN,1,675ddf3e5706c3a8b6dc6f52e37bd25743ca03fdc05e391f6c24d77a0f361359,frozen_numeric_free_text_error_1
APTV/2015/page_50.pdf-3,APTV/2015,0,KNOWN,1,6233ee5bea530370934c5552d456cd65c53ac2af8683c53da0f79f8578ba827a,frozen_numeric_free_text_error_1
BKR/2018/page_59.pdf-3,BKR/2018,3,KNOWN,1,655991c130f9999440c011b11206b4d5ac8cfcda8a37c8eee293ec5cc0f42f1d,frozen_numeric_free_text_error_1
UNP/2008/page_71.pdf-4,UNP/2008,0,KNOWN,1,159bc7633284b424528e7d2150fc2d800369dfc88be98240d9037e7e6780da69,frozen_numeric_free_text_error_1
UNP/2010/page_33.pdf-2,UNP/2010,3,KNOWN,1,fdd0588b252c8e59cda465c22358f0f37764ba4f8d49acd8e8b61581af04574a,frozen_numeric_free_text_error_1
PPG/2018/page_60.pdf-3,PPG/2018,0,KNOWN,1,f54d7e169b0c90bc7b3452812bffc225c8361513ae2db6966596378ad07995fe,frozen_numeric_free_text_error_1
APTV/2014/page_46.pdf-3,APTV/2014,2,KNOWN,1,67b75d050afc166327c5df6614a96725a29d31e5bcb565735c3bb6bdc0056726,frozen_numeric_free_text_error_1
IP/2007/page_34.pdf-1,IP/2007,1,KNOWN,1,b70fed4be5bd132d43ac08db25d3d45fa415eabb0e99fdc7231e10ab31190e5b,frozen_numeric_free_text_error_1
BLK/2012/page_31.pdf-3,BLK/2012,2,KNOWN,1,48b0d65938b44230ea9814519eb7884722b724d17e3e8cd6df2d75549e5a072e,frozen_numeric_free_text_error_1
PPG/2005/page_20.pdf-3,PPG/2005,4,KNOWN,1,fdbed4092700f77f159e904b1840164caf52a476960cdfa9e2f453a2658ad287,frozen_numeric_free_text_error_1
IP/2012/page_98.pdf-2,IP/2012,3,UNKNOWN,,de297bf141018c60aa92ecf299fd0a64c74a8939458b9b0775a5841f8a42f9a6,frozen_numeric_free_text_error_1
UNP/2013/page_35.pdf-2,UNP/2013,3,KNOWN,0,ec6a4dab536f02cb602947d1ece8383f426182e17c7bbac5f54849538079e35b,frozen_numeric_free_text_error_1
CMCSA/2015/page_70.pdf-1,CMCSA/2015,1,KNOWN,1,e23f06038be04bde46554326e4bb4f55d23e9603713b07531c4c4b63bdedb980,frozen_numeric_free_text_error_1
UNP/2012/page_47.pdf-2,UNP/2012,4,KNOWN,0,8361bef564966e050b46eda46d4c7ecc1d5a28e55f1c992da3581c0f08371003,frozen_numeric_free_text_error_1
UNP/2017/page_23.pdf-3,UNP/2017,1,KNOWN,0,0fee2e49be49eb09413c5184567820d765040f3a8203b3e146ec142af6019f17,frozen_numeric_free_text_error_1
MO/2017/page_10.pdf-3,MO/2017,3,KNOWN,1,3685bf5504f22be8f54cb57c4e6dfa277e72f7c9aa5573287323e4da5faa5b59,frozen_numeric_free_text_error_1
UNP/2008/page_81.pdf-3,UNP/2008,0,KNOWN,1,787ed211a4d4193fd9988df43c534c6df2cfa77afafce7f60e1447e43af7024e,frozen_numeric_free_text_error_1
MO/2014/page_11.pdf-3,MO/2014,4,KNOWN,1,5ee52c290261dc841646e208ae90f36e5774fa06c52a6b2aa9b6a20aca61cc0c,frozen_numeric_free_text_error_1
UNP/2008/page_59.pdf-3,UNP/2008,0,KNOWN,1,6cbe8ab404c575afba92ebfb990cf0b18ae43b2f27bca6c5133a1a9d9ec256f9,frozen_numeric_free_text_error_1
UNP/2011/page_78.pdf-3,UNP/2011,2,KNOWN,1,cac54ca18646e015b3d1e405d9864b08983cfe73c140dcaa7fb72fa7b6273dd7,frozen_numeric_free_text_error_1
UNP/2009/page_26.pdf-3,UNP/2009,2,KNOWN,0,dfbe55b16cadf641e2dda2ed77e2a440cba4818e685f2a45e69791e2b7e9bdbb,frozen_numeric_free_text_error_1
EXPD/2017/page_30.pdf-3,EXPD/2017,4,KNOWN,0,c00f6a2a30b324edb86fac64b2ce2b6612fac6f845160cd65573c1fb4bd2f7c7,frozen_numeric_free_text_error_1
MO/2016/page_76.pdf-2,MO/2016,4,KNOWN,1,3a573d3cd56faf2f96242c530b1cb446615393fd5b48473dcb8e313a81616193,frozen_numeric_free_text_error_1
UNP/2014/page_16.pdf-3,UNP/2014,2,KNOWN,1,847fdfccc5b9d8eba24c17cde6565e13c6a58885f8989b619fac633bb3719b11,frozen_numeric_free_text_error_1
IP/2015/page_46.pdf-3,IP/2015,1,KNOWN,1,f3da31e15a347f96220c092293ee15ccc793c9c4442a7805de37745e7ecbb3d9,frozen_numeric_free_text_error_1
BKR/2017/page_49.pdf-2,BKR/2017,4,KNOWN,1,28f32abd7ffe80ffac05d91e6a643f1fecae1580855abaaf8b4c81726125fbdc,frozen_numeric_free_text_error_1
UNP/2009/page_89.pdf-3,UNP/2009,2,KNOWN,1,2748bd4586c0cd57402cf667483b1b63041e090ff968a3318f1e80923cb81a5a,frozen_numeric_free_text_error_1
UNP/2014/page_14.pdf-3,UNP/2014,2,KNOWN,1,fffbc0ee14ec2b386151866d4b248fab9c3a3d7083571d9a7372369270f04fec,frozen_numeric_free_text_error_1
IP/2014/page_101.pdf-3,IP/2014,4,KNOWN,1,64ecd654bed1d4a5ee9b225f9d8cc6c4d24c64844b42a5a85e2f0319bc39740a,frozen_numeric_free_text_error_1
UNP/2009/page_38.pdf-3,UNP/2009,2,KNOWN,1,c452562356673ed34ba689f06d9f6f91166b5c2643aa4e556095b288138f282f,frozen_numeric_free_text_error_1
AAP/2011/page_16.pdf-3,AAP/2011,1,KNOWN,1,adc6dcfd0ebd1dc988ce0dba08dff415d4a04c074feb562ea01135818dae58ba,frozen_numeric_free_text_error_1
IP/2012/page_57.pdf-4,IP/2012,3,KNOWN,1,56978cc27d7fbeb14a3ea7348b728336af0ab7fd90c6a53acd74e63c491f7ff6,frozen_numeric_free_text_error_1
UNP/2012/page_55.pdf-3,UNP/2012,4,KNOWN,1,00969e4dbe499e4b23567164b76b032073c757ed22598798d4ded1166847beaf,frozen_numeric_free_text_error_1
VLO/2013/page_24.pdf-2,VLO/2013,4,KNOWN,0,78891aef5688622611c66ca4a711e141a554d16f5ca863b6297da73720a92caf,frozen_numeric_free_text_error_1
TFX/2014/page_44.pdf-3,TFX/2014,4,UNKNOWN,,90237e87e3f53c77a13ce7c6eaf05d32699a40c63ff0b225c6f88e9ebb04ba05,frozen_numeric_free_text_error_1
BLK/2012/page_31.pdf-4,BLK/2012,2,KNOWN,1,bd14622929cb77ac2a1c155c181bc8b472837dd09b6fe4670c01ce1abc4ddfcb,frozen_numeric_free_text_error_1
IP/2014/page_66.pdf-3,IP/2014,4,UNKNOWN,,0e0933a71e35e2694f81717a9f97887e81c3e242963e3bb90f111ea6eedf89ba,frozen_numeric_free_text_error_1
ABMD/2015/page_93.pdf-3,ABMD/2015,3,KNOWN,1,626905e1dcbd992308fbd566c0d891322e1aff701770fca7e412e783ed2b0b19,frozen_numeric_free_text_error_1
IP/2013/page_105.pdf-1,IP/2013,3,KNOWN,1,1923f6710c37aca7e66756e71818fc41959fbf7196ea8c3d390ec1a416b6d064,frozen_numeric_free_text_error_1
BLK/2012/page_82.pdf-3,BLK/2012,2,KNOWN,1,7a19bc396ba096dd60ff79cbdcab16999207e98930a18e6af1e53445bdba7bb4,frozen_numeric_free_text_error_1
UNP/2012/page_23.pdf-3,UNP/2012,4,KNOWN,1,0af11878a9e580b42b9a8b6ba6b46d79edd893a8e9c2727ee6664d10cf1f7012,frozen_numeric_free_text_error_1
UNP/2009/page_25.pdf-3,UNP/2009,2,KNOWN,1,d69de150d3635f0d9306cf17f66248c7bd7976273e61215359d9a88d1f95319a,frozen_numeric_free_text_error_1
UNP/2017/page_74.pdf-3,UNP/2017,1,KNOWN,1,988c14adeddf0733ff990e86c02783f6ca7c3ebbd72e3728854a92ea8dcc5605,frozen_numeric_free_text_error_1
ABMD/2011/page_33.pdf-3,ABMD/2011,4,KNOWN,1,6cdfda5a80f7552ce206ded5e344abb8dc1a1bf7aec56181acfa01e641b93229,frozen_numeric_free_text_error_1
UNP/2007/page_79.pdf-2,UNP/2007,1,KNOWN,1,f43392af2e46f929115143343f5828b11ce7acc2ccd1edec7249bc921bc98489,frozen_numeric_free_text_error_1
BDX/2017/page_28.pdf-1,BDX/2017,0,UNKNOWN,,0565d9d1361feaf97e8b918123c1f98b66ddf7eff41b33d7f9069d5afa30916d,frozen_numeric_free_text_error_1
PPG/2018/page_54.pdf-3,PPG/2018,0,KNOWN,0,d8c87736fcc23fe3ac70c361493b2e240cb547f6803dbc3dba1cabaadb0d6d98,frozen_numeric_free_text_error_1
UNP/2013/page_24.pdf-2,UNP/2013,3,KNOWN,1,338e9b23674a8a3d3c4bfca2ab51c9b5432bbc6e4ac61e0868d4dc69d41fa4ea,frozen_numeric_free_text_error_1
UNP/2015/page_31.pdf-1,UNP/2015,0,KNOWN,0,955ab793db46229f6e9802d22c3863bf3e3d992c182f9b868e36161e7388c0c4,frozen_numeric_free_text_error_1
BLK/2014/page_33.pdf-3,BLK/2014,4,KNOWN,1,4aa12adf10750112a5a63328c4a7f49e537bcd8d3ed4ac32bb7a200f6a39363b,frozen_numeric_free_text_error_1
UNP/2010/page_33.pdf-1,UNP/2010,,KNOWN,1,1310f95c36702e4fcef9333bca07e187a749e2fc65cce4e6c422b143aba35739,frozen_numeric_free_text_error_1
IP/2012/page_84.pdf-1,IP/2012,3,KNOWN,1,8d97f914b13c7af54c87ac6199fc2899b2d821fdeec435897c23fc00874e5cd1,frozen_numeric_free_text_error_1
TFX/2014/page_44.pdf-4,TFX/2014,4,KNOWN,1,84709c40298834a6aeaa82448a4f6418fce00e4c44bf506f1d560aa8d0595687,frozen_numeric_free_text_error_1
PPG/2015/page_40.pdf-3,PPG/2015,4,KNOWN,1,7e9ce28a20a916224ae476c7461ad136920ee390d301f411a7e02cc41635be10,frozen_numeric_free_text_error_1
BDX/2016/page_62.pdf-2,BDX/2016,0,KNOWN,1,323ed0441f7d431dc44edf5d143c705703193efb49a84c56517808b3c91adba4,frozen_numeric_free_text_error_1
UNP/2010/page_75.pdf-2,UNP/2010,3,KNOWN,0,b2f7046bea78b8e6f5ea06898edb8ea910d1fbd29204adbf402045b91a70b5a7,frozen_numeric_free_text_error_1
UNP/2013/page_35.pdf-3,UNP/2013,3,KNOWN,1,aa60c3835affc2bba97b7c2516fafb45803af1e7c1c3f0bb4aba2b4125bc84f6,frozen_numeric_free_text_error_1
UNP/2014/page_56.pdf-3,UNP/2014,2,KNOWN,1,e6aa44a16620f8a2b8c410f515b5cdccf9980e7f7d72c68bec25d3b0d7155e50,frozen_numeric_free_text_error_1
VLO/2012/page_27.pdf-3,VLO/2012,3,UNKNOWN,,6d13a983d77fa05a845445ccbef59c3583e1fca7f148164a1ce3a16daf5b5865,frozen_numeric_free_text_error_1
UNP/2010/page_25.pdf-2,UNP/2010,3,KNOWN,1,ad087157426cec88256f79d3c871f0e71da2fce521b97947d87679b6f6d6e02f,frozen_numeric_free_text_error_1
ANSS/2016/page_85.pdf-3,ANSS/2016,2,KNOWN,1,1d99ff67155b705c0c8d31f5228989b3bd1b6a415bf728453fd236f708f146ff,frozen_numeric_free_text_error_1
UNP/2008/page_83.pdf-3,UNP/2008,0,KNOWN,1,ce2531dc6a0c40efd9a30120da23e90c2a7e3a2bdd33d62310b95a4fbf741168,frozen_numeric_free_text_error_1
BLK/2016/page_75.pdf-3,BLK/2016,1,KNOWN,0,679f1fb9ed0414b3d0b987f2137b43fe6c501f5a6722371766d9855abfce8df0,frozen_numeric_free_text_error_1
ABMD/2011/page_33.pdf-4,ABMD/2011,4,KNOWN,1,53ff5be94d89cc9d7756921222be0c74c7e189e2d86cd2b4b4592af1b7177267,frozen_numeric_free_text_error_1
UNP/2008/page_83.pdf-4,UNP/2008,0,KNOWN,1,30eb71e2734055a0eaa6b934b73671f71bbfa548661c2608475d7b76baca25da,frozen_numeric_free_text_error_1
IP/2013/page_62.pdf-4,IP/2013,3,KNOWN,1,49988b667d9cb68ec9c400ab740ab10a9a31fa9f95bd1d52b2a6ad6697af27b9,frozen_numeric_free_text_error_1
UNP/2011/page_25.pdf-4,UNP/2011,2,KNOWN,1,838d0f86953b56e0a04600dd18903e3c9e20eb5c0080dd178a7a20c706796dad,frozen_numeric_free_text_error_1
UNP/2008/page_26.pdf-3,UNP/2008,0,KNOWN,1,1f31368cf0d3e8de4e7d2013bd149533aa3d1ece38ae7913290cdb17890c2512,frozen_numeric_free_text_error_1
PPG/2015/page_40.pdf-4,PPG/2015,4,KNOWN,1,4071a1a95f6744d248089d08d2f9f73f36708a8722873efcae5f587e1ea89f39,frozen_numeric_free_text_error_1
IP/2016/page_52.pdf-3,IP/2016,3,KNOWN,1,3d2b2d26b174f89cd9da0c6347d54a85f094644742cdc8b5c234640e64c6168f,frozen_numeric_free_text_error_1
AAP/2012/page_61.pdf-3,AAP/2012,0,KNOWN,1,f11f254bb3e65860cbc4d490d14ca5034fe6a7228c2b3b46f9f791355659c1cc,frozen_numeric_free_text_error_1
MO/2017/page_79.pdf-2,MO/2017,3,KNOWN,1,7933e340599763429b308fb9712968075f8d2644fb4937398ae9159bea84e82b,frozen_numeric_free_text_error_1
CAT/2017/page_136.pdf-2,CAT/2017,,KNOWN,1,dfdd1ec21bd4178f9e27c74927b32410fb2c95be17369363ceefa612b6711a2c,frozen_numeric_free_text_error_1
IP/2014/page_105.pdf-2,IP/2014,4,KNOWN,1,1a9750498f067657a0f7d440e881785d54a191a0e08df57f49d03b56b712ad07,frozen_numeric_free_text_error_1
UNP/2014/page_24.pdf-3,UNP/2014,2,KNOWN,1,4527f670c1653a7749cc19f7359db0f9c5dc4bd8a0443cd6ecc08b8f98c15806,frozen_numeric_free_text_error_1
LKQ/2009/page_77.pdf-3,LKQ/2009,2,KNOWN,1,83f28a2170c18edfa3dda133f3e0517429fe760cb54f5ee2a170d97bf0ced448,frozen_numeric_free_text_error_1
UNP/2012/page_39.pdf-3,UNP/2012,4,KNOWN,1,ad4993a1635c1dd0471fe81d402c2fe13ee7cffc06538b31ca12204d01d3ffe0,frozen_numeric_free_text_error_1
UNP/2012/page_74.pdf-1,UNP/2012,4,KNOWN,1,8a238dd0522fc8b0ed6698d2be8dafb4ff305e7f993fd28d41392011371c02be,frozen_numeric_free_text_error_1
UNP/2011/page_78.pdf-4,UNP/2011,2,KNOWN,1,e33ebc1275745c61b33dfaeea5258a2a1107b8a176705be2026641110577f66e,frozen_numeric_free_text_error_1
UNP/2014/page_24.pdf-4,UNP/2014,2,KNOWN,1,0bf5234a9dce7109e264c7331f04b891a05a87960b28c3116d9290679f0b8e32,frozen_numeric_free_text_error_1
TFX/2018/page_47.pdf-3,TFX/2018,3,UNKNOWN,,c36f75495443637de4d24a60c9c52b9fe8a591e6749f4c513f12e97178ef2603,frozen_numeric_free_text_error_1
UNP/2009/page_31.pdf-2,UNP/2009,2,KNOWN,1,4e2d6e0a443a119be3c5bf5ee22cde2b4243cfb2f056d4e3b7cc79f9903de969,frozen_numeric_free_text_error_1
CMCSA/2015/page_165.pdf-1,CMCSA/2015,1,KNOWN,1,321288a4ef2b51feebb5882d286b5091ec5c86b5e048d244e9297404679478c5,frozen_numeric_free_text_error_1
LKQ/2010/page_72.pdf-3,LKQ/2010,2,KNOWN,1,ec3199aea13a85c57821c016da486122f6d0eedd34f6c9af6408c3df6f35b3e1,frozen_numeric_free_text_error_1
UNP/2013/page_24.pdf-3,UNP/2013,3,KNOWN,1,f6ddae09634f7d1555f359f4af49972a67e8acc882f764f3bad75855166e751a,frozen_numeric_free_text_error_1
UNP/2010/page_30.pdf-2,UNP/2010,3,KNOWN,1,a015e16268c0e9ff72eeca37a92ade0f92a448cf806f9b6b040ec2d3694e53a7,frozen_numeric_free_text_error_1
UNP/2014/page_14.pdf-4,UNP/2014,2,KNOWN,1,1aa2fcfdddafd2a4c986c69e85b6f98484338283ef89c08d627bb3867e88b955,frozen_numeric_free_text_error_1
TFX/2015/page_42.pdf-3,TFX/2015,3,KNOWN,1,4ca05f78df29f727f0377e5caf2c33014e7a4f4d02166671e440f7a279145e68,frozen_numeric_free_text_error_1
UNP/2015/page_16.pdf-1,UNP/2015,0,KNOWN,1,c74c757d17c01acc6a3020806bb45b27015cf4fca69f1ea730f963ce2d887cbc,frozen_numeric_free_text_error_1
IP/2005/page_83.pdf-1,IP/2005,2,KNOWN,1,32ff28880948d5568e34d0f635d0b6d2ad6048f71b2596a48258945990fb4e33,frozen_numeric_free_text_error_1
MO/2016/page_76.pdf-3,MO/2016,4,KNOWN,1,c76ea89cbf2b4c8128ac764672f44c5e0f2aa31626e176bdeb724a3afdc6d04b,frozen_numeric_free_text_error_1
UNP/2007/page_79.pdf-3,UNP/2007,1,KNOWN,1,6c94e0231ce3845cd99119470bda0055f4cc833a332b3a4d6fe41d8084e42526,frozen_numeric_free_text_error_1
PPG/2005/page_20.pdf-4,PPG/2005,4,KNOWN,1,7467924b0931af34fc84e783a4cd0112f8519b1910b26b6a69d6d62b503ebe7f,frozen_numeric_free_text_error_1
IP/2005/page_32.pdf-3,IP/2005,2,KNOWN,0,c0d84c2214b0733219227aee1ac6be06b0cb7099fba465ae44f8b0d993a63734,frozen_numeric_free_text_error_1
LKQ/2018/page_102.pdf-4,LKQ/2018,4,KNOWN,1,ff80cbf68b55271be9d44840ecbc12bbb1442dc3c788425bb0b254f33282acf8,frozen_numeric_free_text_error_1
UNP/2009/page_31.pdf-3,UNP/2009,2,KNOWN,0,ababb58cc8ba15afc32ad402414851ac3420e41bc2609291ff8f88befa899924,frozen_numeric_free_text_error_1
BDX/2017/page_28.pdf-2,BDX/2017,0,KNOWN,0,f546b08ba6e742207114fbec91b7d11226dee485babf40b819ff69975600ba95,frozen_numeric_free_text_error_1
UNP/2014/page_56.pdf-4,UNP/2014,2,KNOWN,1,a61514879b290ed5d3f25660129b2fe6945878a9070208ba3abbe60795b2cb02,frozen_numeric_free_text_error_1
UNP/2018/page_50.pdf-3,UNP/2018,0,KNOWN,1,b2ad889c7413dbf8f08f50392e5e308d436574c4fb19c72697ef1bbf18ab99c2,frozen_numeric_free_text_error_1
UNP/2009/page_25.pdf-4,UNP/2009,2,KNOWN,1,8cb72bafea3ccfb754c52b4a96d67f03d1c528b5322496e6b636a9c5731a6784,frozen_numeric_free_text_error_1
BLK/2016/page_75.pdf-4,BLK/2016,1,KNOWN,1,1f80238ebc0ffafc6e1a73da43fae09a78a880f25a22c1bcdf60bdf4b3add238,frozen_numeric_free_text_error_1
PPG/2008/page_19.pdf-4,PPG/2008,3,KNOWN,1,e2286ef2a8994641606d8d783d9faf469217a3a63d00f235c1b4d9310f824544,frozen_numeric_free_text_error_1
AAP/2016/page_65.pdf-4,AAP/2016,1,UNKNOWN,,4b83ef650b6e99c783459860a52463683cc3b2b7bc5cb61f11395c3149319abb,frozen_numeric_free_text_error_1
UNP/2008/page_26.pdf-4,UNP/2008,0,KNOWN,1,b3cc7be2697eb59452cc8d4b2e93d9167cdd9a19d78b5bca0977a8cd5c12bcbb,frozen_numeric_free_text_error_1
UNP/2011/page_56.pdf-4,UNP/2011,2,KNOWN,1,48bb5b1eefae9140cc0ea22b1b819df3c4625fe445e3cb4e98d3c1ea4d4a423b,frozen_numeric_free_text_error_1
UNP/2017/page_50.pdf-3,UNP/2017,1,KNOWN,1,e358aefaded36cedcfdafe35f5f21aeab9fd0b70083b44c384da9dbc4a66eb47,frozen_numeric_free_text_error_1
UNP/2016/page_24.pdf-2,UNP/2016,3,KNOWN,1,9111d5b9467aa06546469cc30952b492baeda8cfee0d77560a5cd23cbca64654,frozen_numeric_free_text_error_1
IP/2015/page_51.pdf-4,IP/2015,1,KNOWN,1,3bee4950493bc2d8f5237348c6e956a5f2e10a008f6120037e3635a97d2a7efe,frozen_numeric_free_text_error_1
UNP/2012/page_34.pdf-3,UNP/2012,4,KNOWN,0,570613ced08ce2a59570de321f34ea4425a4caca79a282dfb8c667c7dcd7ae0c,frozen_numeric_free_text_error_1
UNP/2012/page_39.pdf-4,UNP/2012,4,KNOWN,1,cac6bf252f6bc9da0a6607d3395815803ee51007b39a18684ae2ac8ab4452079,frozen_numeric_free_text_error_1
UNP/2016/page_75.pdf-3,UNP/2016,3,KNOWN,1,b0bf4d2dd8821f6660a7e639bd1558ad5fb19696c7f97ba8d185a95dce5c3f88,frozen_numeric_free_text_error_1
UNP/2012/page_30.pdf-3,UNP/2012,4,KNOWN,0,4ff6c3ca46009063e5841eae0117a9e3471418169de1400d2ed3d0a0c7310912,frozen_numeric_free_text_error_1
BKR/2018/page_52.pdf-2,BKR/2018,3,KNOWN,1,8f6a16780ac193f3b484fff129cfb571cccbd210353b8470204ce3de01b3464a,frozen_numeric_free_text_error_1
LKQ/2009/page_66.pdf-4,LKQ/2009,2,KNOWN,1,c880bd1b19580f9b81e1ad3a7e97cd9e35f890ff0b56267e37ae973336974e94,frozen_numeric_free_text_error_1
EMN/2004/page_82.pdf-1,EMN/2004,0,KNOWN,1,674ab874456820da9230e28d49a1c499f31d8436840654dd2c281d2d644071d3,frozen_numeric_free_text_error_1
VLO/2012/page_130.pdf-1,VLO/2012,3,KNOWN,1,464a585152037ca3d06f6d0aa056d7e6556d962e0eaa3fb106bfc82057b57988,frozen_numeric_free_text_error_1
UNP/2010/page_25.pdf-1,UNP/2010,3,KNOWN,1,2e59e706de24a2cbb766661c6b1bafc57ee24c2162930ddd7f137353c0149c7b,frozen_numeric_free_text_error_1
APTV/2013/page_48.pdf-3,APTV/2013,3,KNOWN,1,b0b946e34262d351017334d23170b9d3c260d6948eb68be6d90a721d041f308d,frozen_numeric_free_text_error_1
UNP/2009/page_38.pdf-4,UNP/2009,2,KNOWN,1,0df793f8a69a85b6b21e7b7ecaafb828b5e02185d66ac4d9a544140b39168760,frozen_numeric_free_text_error_1
HOLX/2011/page_122.pdf-4,HOLX/2011,2,KNOWN,0,9681172a9647bf73a6c0516f4d29cf4bba4dbcd44e739acbd7a4b8ae309ab283,frozen_numeric_free_text_error_1
SNPS/2013/page_61.pdf-2,SNPS/2013,0,KNOWN,1,5bf7f970cccaaee815dcdd77e43b8502c3bc28323390e311fbcfd50fc09b6860,frozen_numeric_free_text_error_1
BLK/2016/page_35.pdf-4,BLK/2016,1,KNOWN,1,da98daa89a4e5c16233f61b9804eceb0e3b4b9c381b72c6e0036a817dd468ddb,frozen_numeric_free_text_error_1
UNP/2009/page_61.pdf-4,UNP/2009,2,KNOWN,1,9b1dba645bb0215567d8f47d50fda5e0120b778fde7d9ec4fdb91442ba122545,frozen_numeric_free_text_error_1
UNP/2012/page_55.pdf-4,UNP/2012,4,KNOWN,1,19865b6b4a0031fa5b884f7ebc57f62cc8e5928bd9e750059faf75bd299811d1,frozen_numeric_free_text_error_1
UNP/2011/page_80.pdf-3,UNP/2011,2,KNOWN,1,62f31e543ff56d5503d9dd78d331540cf96c48a1bdfa579a4a9bbf94f675ce50,frozen_numeric_free_text_error_1
BLK/2017/page_35.pdf-4,BLK/2017,2,KNOWN,1,227289f508c8989f6c17f29c597a35310c2ec26d529e9267debb8822d938996f,frozen_numeric_free_text_error_1
UNP/2011/page_35.pdf-4,UNP/2011,2,KNOWN,1,89ce299b60d80a0a1e2bec37742ec655cfc5a461934be4cbfabe49ddbd2cd8c5,frozen_numeric_free_text_error_1
LKQ/2018/page_93.pdf-1,LKQ/2018,4,KNOWN,0,68afd25b2c49e88b12fa35957a297902f6211546b2b2b35a084adfe3118eeb58,frozen_numeric_free_text_error_1
IP/2014/page_71.pdf-4,IP/2014,4,KNOWN,1,3734fccb3c362e66294496f14c7915540e7723c937cad299856e98b38f68988f,frozen_numeric_free_text_error_1
IP/2015/page_83.pdf-1,IP/2015,1,KNOWN,0,7452e319fea6527cfce8c14a0f15e454237207ac1d4d45379d1015acd8ea12fb,frozen_numeric_free_text_error_1
PPG/2018/page_61.pdf-3,PPG/2018,0,KNOWN,1,245e73340e2756d61f8e22a6690f0e3b20fa77c0728f541dbd7ddf4486993b19,frozen_numeric_free_text_error_1
BLK/2012/page_32.pdf-4,BLK/2012,2,KNOWN,1,5691e1cd74e9d7bc476adbe0a335b6f32bcbf112bbe5a0ee38efe1484c6e0542,frozen_numeric_free_text_error_1
PPG/2018/page_60.pdf-4,PPG/2018,0,KNOWN,1,3efc221efcf19b29af1837e47c57edc847f3939a7a3a7c1afb35ffa97afa0d7b,frozen_numeric_free_text_error_1
CMCSA/2015/page_158.pdf-1,CMCSA/2015,1,KNOWN,1,60c43da577b2e935b83e23800b207b4a1aee265bb86f6234c1567144fda75052,frozen_numeric_free_text_error_1
UNP/2012/page_23.pdf-4,UNP/2012,4,KNOWN,1,205953c1fd8fd03741b7ff79b08f57931e2705ce1310b4bffeec30315bca0b2a,frozen_numeric_free_text_error_1
IP/2015/page_82.pdf-1,IP/2015,1,KNOWN,1,ed2966e90f2b44630b62b395aae930b3a7de553ba7c4ecb32916fae53b1b8b78,frozen_numeric_free_text_error_1
UNP/2014/page_16.pdf-4,UNP/2014,2,KNOWN,1,de1e26710e76829790a88b95567b1a9eda604f0140ea5cb81c2bd677f5d6f5d8,frozen_numeric_free_text_error_1
SNPS/2006/page_67.pdf-4,SNPS/2006,0,KNOWN,0,785f7998e7873e065cfb496647d418188f34f82a9a9b30de82933d6b873b9f55,frozen_numeric_free_text_error_1
MO/2017/page_10.pdf-4,MO/2017,3,KNOWN,1,845b81e637f864ac90eeeba4a9029cd246cc14686c324e5af2441c028761cf2b,frozen_numeric_free_text_error_1
UNP/2016/page_24.pdf-3,UNP/2016,3,KNOWN,0,fd0299a31a0d6ef20972e48b12a03420d1b85b741b7a51780876964980b118c0,frozen_numeric_free_text_error_1
IP/2007/page_19.pdf-1,IP/2007,1,KNOWN,1,ac0d46ff7f2b58f218c6ef03e8cb34f45c5cd9254023f34055c614799e675043,frozen_numeric_free_text_error_1
KIM/2006/page_67.pdf-3,KIM/2006,1,KNOWN,1,a409c881490fba528e2abbd6804b2e0ea776b120b6d35fdedfc0fbe7cb67f48f,frozen_numeric_free_text_error_1
UNP/2015/page_14.pdf-1,UNP/2015,0,KNOWN,1,c215248ef52a7ef7ea7dceef908fcd4a1296230dbc241d91ffbdc66801068a01,frozen_numeric_free_text_error_1
IP/2014/page_104.pdf-2,IP/2014,4,KNOWN,1,cbbbc75584cf651028c5bec211184c90888e7ae99a0ce8f25b84df4da1591e77,frozen_numeric_free_text_error_1
CMCSA/2004/page_30.pdf-4,CMCSA/2004,3,KNOWN,1,8a438dcc33f031cebb9d6125dec48b95f8b51f9e2ccdeac68e8f77e961c3130a,frozen_numeric_free_text_error_1
KIM/2009/page_25.pdf-3,KIM/2009,0,KNOWN,0,0460df760b511d9ae250a06f02e067163c669305246d52b78460ea1405d35a5c,frozen_numeric_free_text_error_1
IP/2018/page_45.pdf-2,IP/2018,0,KNOWN,0,c37cc0d04b90ad329b075e0dc505996505b6d68e0d00d3621e6d1400dbd1772a,frozen_numeric_free_text_error_1
UNP/2014/page_80.pdf-3,UNP/2014,2,KNOWN,1,0ffd41184269164b7b3ea759f05b8329b533e7f0c4e8258eee591fef2579d4df,frozen_numeric_free_text_error_1
BKR/2017/page_49.pdf-1,BKR/2017,4,KNOWN,1,e5479b9e5fff2bd351a6614e65c8352dc0c8c70c4d25d0109f6e37f09b7b30ec,frozen_numeric_free_text_error_1
PPG/2018/page_20.pdf-1,PPG/2018,0,KNOWN,1,3c4552d7d5b4d9158ee091a7b57e3c91161cef38a414f8f1d5ba872349f5dad2,frozen_numeric_free_text_error_1
UNP/2008/page_59.pdf-4,UNP/2008,0,KNOWN,1,7853d5a68b4b057cfbd8ea1d56b8484f66a614135a7a2a69b8378aa70c8857e2,frozen_numeric_free_text_error_1
PPG/2016/page_42.pdf-3,PPG/2016,3,KNOWN,1,92b3f51630f52dd3c5ff6cc29542104138879462e9372780b2b7c4882c05415d,frozen_numeric_free_text_error_1
UNP/2013/page_14.pdf-3,UNP/2013,3,KNOWN,1,21140784d0ec40e0c71fde727740195f7c7112e62e54602e9c3f6b89aedc3246,frozen_numeric_free_text_error_1
UNP/2011/page_80.pdf-4,UNP/2011,2,KNOWN,1,ab04f9775e311b8c2dddccde8549db483dc05e08f61c1062f63d3a488d105995,frozen_numeric_free_text_error_1
UNP/2012/page_30.pdf-4,UNP/2012,4,KNOWN,0,793339bb762afd2d700c8d548038cbbadadd129679565838d4d1c33cff1ddd49,frozen_numeric_free_text_error_1
ABMD/2015/page_53.pdf-3,ABMD/2015,3,KNOWN,1,542ee7125fadbdda24dcb2f9371c9c8c66d3abc153222a087dfc20aa4ac460b1,frozen_numeric_free_text_error_1
VLO/2012/page_129.pdf-1,VLO/2012,3,KNOWN,1,c52dea8ac2ba1a5e7fdff6afa38f9c1320e04be838f9b2c4a74b5f5c252469a0,frozen_numeric_free_text_error_1
LKQ/2016/page_48.pdf-4,LKQ/2016,0,KNOWN,0,4cc2c95a9c2d660936b2e1fea8d3c9a2f6e38f2bca736fb2b68ea98c3f176caa,frozen_numeric_free_text_error_1
UNP/2015/page_14.pdf-2,UNP/2015,0,KNOWN,1,edc24b209392b4c1ded72462e7f7a9bff616cb18a78743fb601f7b1efd1b5540,frozen_numeric_free_text_error_1
AAP/2016/page_26.pdf-3,AAP/2016,1,KNOWN,1,d36de2fbe41cca2ffbdef34f01eefbf95ae294d1a9080b2b8523e74c33fe017f,frozen_numeric_free_text_error_1
UNP/2017/page_50.pdf-4,UNP/2017,1,KNOWN,1,eba03d648b1827999f0cc15bec3cb05b6b297b6881aaabed1c42b3cc8fc8ddd0,frozen_numeric_free_text_error_1
UNP/2015/page_16.pdf-2,UNP/2015,0,KNOWN,1,4a3dc398402a9d584e21d20f1f41864cea22418fead646c2d17e87a22b731c89,frozen_numeric_free_text_error_1
ABMD/2015/page_53.pdf-4,ABMD/2015,3,KNOWN,1,e2e32106d81ba030e4dc0f541a820b0fcdc286c3a8f749341de0cef13edc61ca,frozen_numeric_free_text_error_1
UNP/2009/page_89.pdf-4,UNP/2009,2,KNOWN,1,7971965532c67a492a691eeb2c538aad3f755e8e0ad037af96fbb0ddd91a4c25,frozen_numeric_free_text_error_1
MO/2014/page_11.pdf-4,MO/2014,4,KNOWN,1,43b4a5369ad06f6800e44d8f040da4ecb45ef593b682e6191b520a6b03c92759,frozen_numeric_free_text_error_1
PPG/2018/page_54.pdf-4,PPG/2018,0,KNOWN,1,7c62b6c59f635d31ace3ae752416c9e3b78216b17f1c67ceab13e7feb3b80fce,frozen_numeric_free_text_error_1
UNP/2012/page_74.pdf-2,UNP/2012,4,KNOWN,1,5f3346a43d2e081d4f536af075d2386f6321b5a29c7be9e5e03e04c9630a6ed0,frozen_numeric_free_text_error_1
CMCSA/2015/page_100.pdf-1,CMCSA/2015,1,KNOWN,1,598fe1f1e41b65527ff9dfdedc9854d21a1f536dca3fcaf359d9996c1ba23b4e,frozen_numeric_free_text_error_1
PPG/2013/page_54.pdf-4,PPG/2013,0,KNOWN,1,5587453b27fe53ad476ab7e85a712c0b6ed80f61c6793cdb447d2103969be4bb,frozen_numeric_free_text_error_1
UNP/2017/page_74.pdf-4,UNP/2017,1,KNOWN,1,119bca5bf3faf680f9ab2992a27c4e9ec59213e43f21f0881d0af0c6a089e76c,frozen_numeric_free_text_error_1
UNP/2018/page_50.pdf-4,UNP/2018,0,KNOWN,1,7f41544d5b0aaca9e10d1d029cbba222ff04c8f754094791ea0caeb901992aec,frozen_numeric_free_text_error_1
CAT/2017/page_136.pdf-3,CAT/2017,3,KNOWN,0,404ff6f98cf7e51ccbbeaf36de50c4db90a1f17c842e78ac59986c5d2e6ebc52,frozen_numeric_free_text_error_1
TFX/2018/page_47.pdf-4,TFX/2018,3,KNOWN,1,2a6b1743330b85452feadd09f312c311a533d3e9d1f906f250ff775865fe50b3,frozen_numeric_free_text_error_1
UNP/2011/page_40.pdf-3,UNP/2011,2,KNOWN,1,5ef02c40c21231e3b3f42e1f989d0ff9d94063b4c19775af2bfd27ce547fc4f3,frozen_numeric_free_text_error_1
UNP/2013/page_14.pdf-4,UNP/2013,3,KNOWN,1,2a6fd86562f856fd964c01629c9e7ca0c97b38d2f2b6f51b62471e1ab8c70796,frozen_numeric_free_text_error_1
UNP/2009/page_83.pdf-3,UNP/2009,2,KNOWN,0,4ef9d4867983f15424f9f3de0d5d3c30fe9562ecdc697272bfdadee6b8e51908,frozen_numeric_free_text_error_1
BDX/2009/page_81.pdf-4,BDX/2009,1,KNOWN,1,e0160ced51991824220a9744e2895527598b88d91d6626214ce624b730f8b538,frozen_numeric_free_text_error_1
PPG/2016/page_42.pdf-4,PPG/2016,3,KNOWN,1,6f633c99c7e66f826bd670c908733a7d4377cbdd7a821893a871508d8a69c2e6,frozen_numeric_free_text_error_1
IP/2012/page_64.pdf-4,IP/2012,3,KNOWN,1,b50a9a3c199e79c1c735129de9f68d3d47d8d880932a460ef362e9a093a5bdfc,frozen_numeric_free_text_error_1
IP/2013/page_101.pdf-4,IP/2013,3,KNOWN,1,e3ab439279b56fdd654d54bc4c97f33180f84db89117212c2d0a71c935b31545,frozen_numeric_free_text_error_1
AAP/2013/page_68.pdf-4,AAP/2013,2,UNKNOWN,,5c8259ffdfcdf87292f5ab1e633d68dfa0df1052cb5bd7f6fd392e8061567bc3,frozen_numeric_free_text_error_1
UNP/2009/page_83.pdf-4,UNP/2009,2,KNOWN,0,02a4553f3b7734ef8bfab1ebadcb8cd8bd339ae41a6045def85144ba2e6c396b,frozen_numeric_free_text_error_1
BDX/2016/page_62.pdf-3,BDX/2016,0,KNOWN,1,430a6b65e3315eec80f1f4d12afbe81b45b3b1f73a4db8e4be3a62d355c0a695,frozen_numeric_free_text_error_1
