row_index,item_id,source_group,frame_row_index,correct,error,label_status,label_rule,label_source,label_reason
0,INTC/2013/page_71.pdf-4,INTC/2013,0,0,1,error,frozen_V3.1_numeric_free_text,current_three_world_original+FinQA_TRAIN_qa.answer,
1,ETR/2008/page_313.pdf-3,ETR/2008,1,1,0,correct,frozen_V3.1_numeric_free_text,current_three_world_original+FinQA_TRAIN_qa.answer,
2,IPG/2009/page_89.pdf-3,IPG/2009,2,0,1,error,frozen_V3.1_numeric_free_text,current_three_world_original+FinQA_TRAIN_qa.answer,
3,AAL/2015/page_74.pdf-1,AAL/2015,4,0,1,error,frozen_V3.1_numeric_free_text,current_three_world_original+FinQA_TRAIN_qa.answer,
4,ETR/2008/page_376.pdf-2,ETR/2008,5,0,1,error,frozen_V3.1_numeric_free_text,current_three_world_original+FinQA_TRAIN_qa.answer,
5,AAL/2014/page_89.pdf-3,AAL/2014,6,0,1,error,frozen_V3.1_numeric_free_text,current_three_world_original+FinQA_TRAIN_qa.answer,
6,GS/2014/page_134.pdf-3,GS/2014,7,1,0,correct,frozen_V3.1_numeric_free_text,current_three_world_original+FinQA_TRAIN_qa.answer,
7,MAA/2018/page_19.pdf-2,MAA/2018,8,1,0,correct,frozen_V3.1_numeric_free_text,current_three_world_original+FinQA_TRAIN_qa.answer,
8,HII/2018/page_64.pdf-4,HII/2018,9,0,1,error,frozen_V3.1_numeric_free_text,current_three_world_original+FinQA_TRAIN_qa.answer,
9,FIS/2016/page_64.pdf-4,FIS/2016,11,0,1,error,frozen_V3.1_numeric_free_text,current_three_world_original+FinQA_TRAIN_qa.answer,
10,FBHS/2017/page_46.pdf-2,FBHS/2017,12,0,1,error,frozen_V3.1_numeric_free_text,current_three_world_original+FinQA_TRAIN_qa.answer,
11,BKNG/2015/page_38.pdf-2,BKNG/2015,13,0,1,error,frozen_V3.1_numeric_free_text,current_three_world_original+FinQA_TRAIN_qa.answer,
12,STT/2012/page_42.pdf-4,STT/2012,14,0,1,error,frozen_V3.1_numeric_free_text,current_three_world_original+FinQA_TRAIN_qa.answer,
13,FIS/2016/page_64.pdf-3,FIS/2016,15,0,1,error,frozen_V3.1_numeric_free_text,current_three_world_original+FinQA_TRAIN_qa.answer,
14,LLY/2008/page_45.pdf-1,LLY/2008,16,0,1,error,frozen_V3.1_numeric_free_text,current_three_world_original+FinQA_TRAIN_qa.answer,
15,ETR/2009/page_107.pdf-2,ETR/2009,17,0,1,error,frozen_V3.1_numeric_free_text,current_three_world_original+FinQA_TRAIN_qa.answer,
16,AAP/2006/page_85.pdf-2,AAP/2006,18,0,1,error,frozen_V3.1_numeric_free_text,current_three_world_original+FinQA_TRAIN_qa.answer,
17,AOS/2007/page_17.pdf-1,AOS/2007,19,1,0,correct,frozen_V3.1_numeric_free_text,current_three_world_original+FinQA_TRAIN_qa.answer,
18,UNP/2016/page_75.pdf-2,UNP/2016,20,0,1,error,frozen_V3.1_numeric_free_text,current_three_world_original+FinQA_TRAIN_qa.answer,
19,UAA/2016/page_83.pdf-3,UAA/2016,21,0,1,error,frozen_V3.1_numeric_free_text,current_three_world_original+FinQA_TRAIN_qa.answer,
20,MA/2010/page_107.pdf-1,MA/2010,22,0,1,error,frozen_V3.1_numeric_free_text,current_three_world_original+FinQA_TRAIN_qa.answer,
21,HOLX/2011/page_122.pdf-2,HOLX/2011,23,0,1,error,frozen_V3.1_numeric_free_text,current_three_world_original+FinQA_TRAIN_qa.answer,
22,ZBH/2008/page_70.pdf-1,ZBH/2008,24,0,1,error,frozen_V3.1_numeric_free_text,current_three_world_original+FinQA_TRAIN_qa.answer,
23,AAPL/2013/page_27.pdf-2,AAPL/2013,25,0,1,error,frozen_V3.1_numeric_free_text,current_three_world_original+FinQA_TRAIN_qa.answer,
24,RL/2011/page_12.pdf-1,RL/2011,26,0,1,error,frozen_V3.1_numeric_free_text,current_three_world_original+FinQA_TRAIN_qa.answer,
25,DISCA/2013/page_60.pdf-1,DISCA/2013,27,1,0,correct,frozen_V3.1_numeric_free_text,current_three_world_original+FinQA_TRAIN_qa.answer,
26,OKE/2008/page_38.pdf-2,OKE/2008,28,0,1,error,frozen_V3.1_numeric_free_text,current_three_world_original+FinQA_TRAIN_qa.answer,
27,ETR/2004/page_216.pdf-4,ETR/2004,29,0,1,error,frozen_V3.1_numeric_free_text,current_three_world_original+FinQA_TRAIN_qa.answer,
28,HWM/2015/page_95.pdf-2,HWM/2015,30,0,1,error,frozen_V3.1_numeric_free_text,current_three_world_original+FinQA_TRAIN_qa.answer,
29,AWK/2012/page_118.pdf-3,AWK/2012,31,0,1,error,frozen_V3.1_numeric_free_text,current_three_world_original+FinQA_TRAIN_qa.answer,
30,APD/2019/page_53.pdf-2,APD/2019,32,1,0,correct,frozen_V3.1_numeric_free_text,current_three_world_original+FinQA_TRAIN_qa.answer,
31,AAL/2015/page_74.pdf-3,AAL/2015,33,0,1,error,frozen_V3.1_numeric_free_text,current_three_world_original+FinQA_TRAIN_qa.answer,
32,ETFC/2013/page_84.pdf-1,ETFC/2013,34,0,1,error,frozen_V3.1_numeric_free_text,current_three_world_original+FinQA_TRAIN_qa.answer,
33,ETR/2016/page_24.pdf-4,ETR/2016,35,1,0,correct,frozen_V3.1_numeric_free_text,current_three_world_original+FinQA_TRAIN_qa.answer,
34,AES/2011/page_230.pdf-4,AES/2011,36,0,1,error,frozen_V3.1_numeric_free_text,current_three_world_original+FinQA_TRAIN_qa.answer,
35,ETR/2016/page_403.pdf-3,ETR/2016,37,1,0,correct,frozen_V3.1_numeric_free_text,current_three_world_original+FinQA_TRAIN_qa.answer,
36,APTV/2015/page_50.pdf-1,APTV/2015,38,1,0,correct,frozen_V3.1_numeric_free_text,current_three_world_original+FinQA_TRAIN_qa.answer,
37,AMAT/2018/page_31.pdf-3,AMAT/2018,39,0,1,error,frozen_V3.1_numeric_free_text,current_three_world_original+FinQA_TRAIN_qa.answer,
38,CDNS/2012/page_31.pdf-2,CDNS/2012,40,0,1,error,frozen_V3.1_numeric_free_text,current_three_world_original+FinQA_TRAIN_qa.answer,
39,AAL/2014/page_80.pdf-1,AAL/2014,41,0,1,error,frozen_V3.1_numeric_free_text,current_three_world_original+FinQA_TRAIN_qa.answer,
40,ADI/2019/page_77.pdf-2,ADI/2019,42,0,1,error,frozen_V3.1_numeric_free_text,current_three_world_original+FinQA_TRAIN_qa.answer,
41,HUM/2018/page_46.pdf-2,HUM/2018,43,0,1,error,frozen_V3.1_numeric_free_text,current_three_world_original+FinQA_TRAIN_qa.answer,
42,JPM/2009/page_132.pdf-2,JPM/2009,44,0,1,error,frozen_V3.1_numeric_free_text,current_three_world_original+FinQA_TRAIN_qa.answer,
43,PKG/2004/page_23.pdf-4,PKG/2004,45,0,1,error,frozen_V3.1_numeric_free_text,current_three_world_original+FinQA_TRAIN_qa.answer,
44,ETR/2016/page_315.pdf-2,ETR/2016,46,1,0,correct,frozen_V3.1_numeric_free_text,current_three_world_original+FinQA_TRAIN_qa.answer,
45,IPG/2014/page_37.pdf-3,IPG/2014,47,1,0,correct,frozen_V3.1_numeric_free_text,current_three_world_original+FinQA_TRAIN_qa.answer,
46,HIG/2012/page_132.pdf-2,HIG/2012,48,0,1,error,frozen_V3.1_numeric_free_text,current_three_world_original+FinQA_TRAIN_qa.answer,
47,RE/2010/page_120.pdf-1,RE/2010,49,0,1,error,frozen_V3.1_numeric_free_text,current_three_world_original+FinQA_TRAIN_qa.answer,
48,JPM/2016/page_140.pdf-1,JPM/2016,50,1,0,correct,frozen_V3.1_numeric_free_text,current_three_world_original+FinQA_TRAIN_qa.answer,
49,LMT/2016/page_52.pdf-3,LMT/2016,51,1,0,correct,frozen_V3.1_numeric_free_text,current_three_world_original+FinQA_TRAIN_qa.answer,
50,WELL/2016/page_61.pdf-4,WELL/2016,52,0,1,error,frozen_V3.1_numeric_free_text,current_three_world_original+FinQA_TRAIN_qa.answer,
51,GS/2013/page_193.pdf-1,GS/2013,53,0,1,error,frozen_V3.1_numeric_free_text,current_three_world_original+FinQA_TRAIN_qa.answer,
52,HUM/2015/page_46.pdf-2,HUM/2015,54,1,0,correct,frozen_V3.1_numeric_free_text,current_three_world_original+FinQA_TRAIN_qa.answer,
53,ETR/2016/page_324.pdf-1,ETR/2016,55,1,0,correct,frozen_V3.1_numeric_free_text,current_three_world_original+FinQA_TRAIN_qa.answer,
54,KIM/2010/page_94.pdf-2,KIM/2010,56,0,1,error,frozen_V3.1_numeric_free_text,current_three_world_original+FinQA_TRAIN_qa.answer,
55,DRE/2010/page_56.pdf-2,DRE/2010,57,0,1,error,frozen_V3.1_numeric_free_text,current_three_world_original+FinQA_TRAIN_qa.answer,
56,ETR/2008/page_356.pdf-2,ETR/2008,58,0,1,error,frozen_V3.1_numeric_free_text,current_three_world_original+FinQA_TRAIN_qa.answer,
57,AAL/2014/page_89.pdf-2,AAL/2014,59,0,1,error,frozen_V3.1_numeric_free_text,current_three_world_original+FinQA_TRAIN_qa.answer,
58,BLL/2007/page_75.pdf-2,BLL/2007,60,0,1,error,frozen_V3.1_numeric_free_text,current_three_world_original+FinQA_TRAIN_qa.answer,
59,VNO/2010/page_173.pdf-1,VNO/2010,61,0,1,error,frozen_V3.1_numeric_free_text,current_three_world_original+FinQA_TRAIN_qa.answer,
60,RL/2010/page_11.pdf-1,RL/2010,62,0,1,error,frozen_V3.1_numeric_free_text,current_three_world_original+FinQA_TRAIN_qa.answer,
61,LMT/2016/page_83.pdf-4,LMT/2016,63,1,0,correct,frozen_V3.1_numeric_free_text,current_three_world_original+FinQA_TRAIN_qa.answer,
62,UNP/2012/page_29.pdf-1,UNP/2012,64,0,1,error,frozen_V3.1_numeric_free_text,current_three_world_original+FinQA_TRAIN_qa.answer,
63,UPS/2015/page_35.pdf-2,UPS/2015,65,0,1,error,frozen_V3.1_numeric_free_text,current_three_world_original+FinQA_TRAIN_qa.answer,
64,JPM/2007/page_152.pdf-2,JPM/2007,66,0,1,error,frozen_V3.1_numeric_free_text,current_three_world_original+FinQA_TRAIN_qa.answer,
65,UNP/2010/page_24.pdf-1,UNP/2010,67,0,1,error,frozen_V3.1_numeric_free_text,current_three_world_original+FinQA_TRAIN_qa.answer,
66,REGN/2010/page_72.pdf-3,REGN/2010,68,0,1,error,frozen_V3.1_numeric_free_text,current_three_world_original+FinQA_TRAIN_qa.answer,
67,ORLY/2009/page_77.pdf-4,ORLY/2009,70,1,0,correct,frozen_V3.1_numeric_free_text,current_three_world_original+FinQA_TRAIN_qa.answer,
68,HIG/2004/page_192.pdf-1,HIG/2004,71,1,0,correct,frozen_V3.1_numeric_free_text,current_three_world_original+FinQA_TRAIN_qa.answer,
69,AES/2011/page_270.pdf-2,AES/2011,72,1,0,correct,frozen_V3.1_numeric_free_text,current_three_world_original+FinQA_TRAIN_qa.answer,
70,ETR/2004/page_20.pdf-2,ETR/2004,73,0,1,error,frozen_V3.1_numeric_free_text,current_three_world_original+FinQA_TRAIN_qa.answer,
71,GPN/2016/page_83.pdf-1,GPN/2016,74,0,1,error,frozen_V3.1_numeric_free_text,current_three_world_original+FinQA_TRAIN_qa.answer,
72,GPN/2016/page_67.pdf-2,GPN/2016,75,1,0,correct,frozen_V3.1_numeric_free_text,current_three_world_original+FinQA_TRAIN_qa.answer,
73,RE/2006/page_122.pdf-2,RE/2006,76,1,0,correct,frozen_V3.1_numeric_free_text,current_three_world_original+FinQA_TRAIN_qa.answer,
74,AWK/2014/page_122.pdf-3,AWK/2014,77,0,1,error,frozen_V3.1_numeric_free_text,current_three_world_original+FinQA_TRAIN_qa.answer,
75,ETR/2008/page_337.pdf-3,ETR/2008,78,0,1,error,frozen_V3.1_numeric_free_text,current_three_world_original+FinQA_TRAIN_qa.answer,
76,BDX/2016/page_62.pdf-1,BDX/2016,79,0,1,error,frozen_V3.1_numeric_free_text,current_three_world_original+FinQA_TRAIN_qa.answer,
77,MRO/2012/page_39.pdf-3,MRO/2012,80,0,1,error,frozen_V3.1_numeric_free_text,current_three_world_original+FinQA_TRAIN_qa.answer,
78,VTR/2006/page_88.pdf-4,VTR/2006,81,0,1,error,frozen_V3.1_numeric_free_text,current_three_world_original+FinQA_TRAIN_qa.answer,
79,HOLX/2006/page_102.pdf-1,HOLX/2006,82,0,1,error,frozen_V3.1_numeric_free_text,current_three_world_original+FinQA_TRAIN_qa.answer,
80,STT/2006/page_96.pdf-4,STT/2006,83,0,1,error,frozen_V3.1_numeric_free_text,current_three_world_original+FinQA_TRAIN_qa.answer,
81,MMM/2007/page_66.pdf-2,MMM/2007,84,0,1,error,frozen_V3.1_numeric_free_text,current_three_world_original+FinQA_TRAIN_qa.answer,
82,UAA/2016/page_83.pdf-1,UAA/2016,85,0,1,error,frozen_V3.1_numeric_free_text,current_three_world_original+FinQA_TRAIN_qa.answer,
83,AAPL/2011/page_24.pdf-1,AAPL/2011,86,1,0,correct,frozen_V3.1_numeric_free_text,current_three_world_original+FinQA_TRAIN_qa.answer,
84,ETR/2016/page_18.pdf-2,ETR/2016,87,1,0,correct,frozen_V3.1_numeric_free_text,current_three_world_original+FinQA_TRAIN_qa.answer,
85,CE/2005/page_167.pdf-3,CE/2005,88,0,1,error,frozen_V3.1_numeric_free_text,current_three_world_original+FinQA_TRAIN_qa.answer,
86,VNO/2006/page_95.pdf-2,VNO/2006,89,1,0,correct,frozen_V3.1_numeric_free_text,current_three_world_original+FinQA_TRAIN_qa.answer,
87,DVN/2010/page_70.pdf-2,DVN/2010,90,0,1,error,frozen_V3.1_numeric_free_text,current_three_world_original+FinQA_TRAIN_qa.answer,
88,AWK/2015/page_106.pdf-1,AWK/2015,91,0,1,error,frozen_V3.1_numeric_free_text,current_three_world_original+FinQA_TRAIN_qa.answer,
89,STT/2006/page_96.pdf-1,STT/2006,92,0,1,error,frozen_V3.1_numeric_free_text,current_three_world_original+FinQA_TRAIN_qa.answer,
90,WELL/2017/page_48.pdf-1,WELL/2017,93,1,0,correct,frozen_V3.1_numeric_free_text,current_three_world_original+FinQA_TRAIN_qa.answer,
91,ETR/2008/page_376.pdf-4,ETR/2008,94,1,0,correct,frozen_V3.1_numeric_free_text,current_three_world_original+FinQA_TRAIN_qa.answer,
92,CME/2010/page_71.pdf-5,CME/2010,95,0,1,error,frozen_V3.1_numeric_free_text,current_three_world_original+FinQA_TRAIN_qa.answer,
93,APD/2019/page_108.pdf-2,APD/2019,96,0,1,error,frozen_V3.1_numeric_free_text,current_three_world_original+FinQA_TRAIN_qa.answer,
94,AAPL/2008/page_52.pdf-1,AAPL/2008,97,1,0,correct,frozen_V3.1_numeric_free_text,current_three_world_original+FinQA_TRAIN_qa.answer,
95,MRO/2012/page_41.pdf-3,MRO/2012,98,0,1,error,frozen_V3.1_numeric_free_text,current_three_world_original+FinQA_TRAIN_qa.answer,
96,TROW/2009/page_24.pdf-3,TROW/2009,99,0,1,error,frozen_V3.1_numeric_free_text,current_three_world_original+FinQA_TRAIN_qa.answer,
97,ZBH/2008/page_86.pdf-2,ZBH/2008,100,0,1,error,frozen_V3.1_numeric_free_text,current_three_world_original+FinQA_TRAIN_qa.answer,
98,DVN/2014/page_88.pdf-1,DVN/2014,101,0,1,error,frozen_V3.1_numeric_free_text,current_three_world_original+FinQA_TRAIN_qa.answer,
99,CDNS/2016/page_76.pdf-1,CDNS/2016,102,0,1,error,frozen_V3.1_numeric_free_text,current_three_world_original+FinQA_TRAIN_qa.answer,
100,ETR/2004/page_158.pdf-2,ETR/2004,103,0,1,error,frozen_V3.1_numeric_free_text,current_three_world_original+FinQA_TRAIN_qa.answer,
101,SNPS/2012/page_62.pdf-2,SNPS/2012,104,0,1,error,frozen_V3.1_numeric_free_text,current_three_world_original+FinQA_TRAIN_qa.answer,
102,HFC/2017/page_103.pdf-3,HFC/2017,105,0,1,error,frozen_V3.1_numeric_free_text,current_three_world_original+FinQA_TRAIN_qa.answer,
103,AWK/2018/page_162.pdf-3,AWK/2018,106,0,1,error,frozen_V3.1_numeric_free_text,current_three_world_original+FinQA_TRAIN_qa.answer,
104,HUM/2007/page_18.pdf-1,HUM/2007,107,0,1,error,frozen_V3.1_numeric_free_text,current_three_world_original+FinQA_TRAIN_qa.answer,
105,STT/2007/page_65.pdf-2,STT/2007,108,0,1,error,frozen_V3.1_numeric_free_text,current_three_world_original+FinQA_TRAIN_qa.answer,
106,CE/2016/page_88.pdf-2,CE/2016,109,0,1,error,frozen_V3.1_numeric_free_text,current_three_world_original+FinQA_TRAIN_qa.answer,
107,ETR/2016/page_444.pdf-3,ETR/2016,110,0,1,error,frozen_V3.1_numeric_free_text,current_three_world_original+FinQA_TRAIN_qa.answer,
108,RCL/2012/page_80.pdf-2,RCL/2012,112,1,0,correct,frozen_V3.1_numeric_free_text,current_three_world_original+FinQA_TRAIN_qa.answer,
109,AAP/2016/page_65.pdf-2,AAP/2016,113,0,1,error,frozen_V3.1_numeric_free_text,current_three_world_original+FinQA_TRAIN_qa.answer,
110,RSG/2014/page_73.pdf-2,RSG/2014,114,0,1,error,frozen_V3.1_numeric_free_text,current_three_world_original+FinQA_TRAIN_qa.answer,
111,ETR/2008/page_130.pdf-4,ETR/2008,115,0,1,error,frozen_V3.1_numeric_free_text,current_three_world_original+FinQA_TRAIN_qa.answer,
112,AWK/2015/page_115.pdf-2,AWK/2015,116,0,1,error,frozen_V3.1_numeric_free_text,current_three_world_original+FinQA_TRAIN_qa.answer,
113,VTR/2007/page_97.pdf-1,VTR/2007,117,0,1,error,frozen_V3.1_numeric_free_text,current_three_world_original+FinQA_TRAIN_qa.answer,
114,JPM/2013/page_124.pdf-2,JPM/2013,118,0,1,error,frozen_V3.1_numeric_free_text,current_three_world_original+FinQA_TRAIN_qa.answer,
115,RL/2014/page_11.pdf-1,RL/2014,119,1,0,correct,frozen_V3.1_numeric_free_text,current_three_world_original+FinQA_TRAIN_qa.answer,
116,K/2012/page_44.pdf-2,K/2012,120,0,1,error,frozen_V3.1_numeric_free_text,current_three_world_original+FinQA_TRAIN_qa.answer,
117,ETR/2017/page_175.pdf-1,ETR/2017,121,0,1,error,frozen_V3.1_numeric_free_text,current_three_world_original+FinQA_TRAIN_qa.answer,
118,BLK/2014/page_33.pdf-2,BLK/2014,122,0,1,error,frozen_V3.1_numeric_free_text,current_three_world_original+FinQA_TRAIN_qa.answer,
119,HWM/2018/page_69.pdf-1,HWM/2018,124,1,0,correct,frozen_V3.1_numeric_free_text,current_three_world_original+FinQA_TRAIN_qa.answer,
120,DVN/2014/page_88.pdf-3,DVN/2014,125,0,1,error,frozen_V3.1_numeric_free_text,current_three_world_original+FinQA_TRAIN_qa.answer,
121,ANSS/2008/page_85.pdf-1,ANSS/2008,126,0,1,error,frozen_V3.1_numeric_free_text,current_three_world_original+FinQA_TRAIN_qa.answer,
122,STT/2008/page_73.pdf-1,STT/2008,127,1,0,correct,frozen_V3.1_numeric_free_text,current_three_world_original+FinQA_TRAIN_qa.answer,
123,JPM/2014/page_128.pdf-1,JPM/2014,128,0,1,error,frozen_V3.1_numeric_free_text,current_three_world_original+FinQA_TRAIN_qa.answer,
124,GPN/2013/page_71.pdf-3,GPN/2013,129,0,1,error,frozen_V3.1_numeric_free_text,current_three_world_original+FinQA_TRAIN_qa.answer,
125,HIG/2016/page_253.pdf-2,HIG/2016,130,0,1,error,frozen_V3.1_numeric_free_text,current_three_world_original+FinQA_TRAIN_qa.answer,
126,GS/2013/page_97.pdf-1,GS/2013,131,0,1,error,frozen_V3.1_numeric_free_text,current_three_world_original+FinQA_TRAIN_qa.answer,
127,GPN/2007/page_39.pdf-1,GPN/2007,132,1,0,correct,frozen_V3.1_numeric_free_text,current_three_world_original+FinQA_TRAIN_qa.answer,
128,GIS/2018/page_82.pdf-1,GIS/2018,133,1,0,correct,frozen_V3.1_numeric_free_text,current_three_world_original+FinQA_TRAIN_qa.answer,
129,ILMN/2006/page_92.pdf-2,ILMN/2006,134,0,1,error,frozen_V3.1_numeric_free_text,current_three_world_original+FinQA_TRAIN_qa.answer,
130,RL/2011/page_12.pdf-2,RL/2011,135,0,1,error,frozen_V3.1_numeric_free_text,current_three_world_original+FinQA_TRAIN_qa.answer,
131,CB/2008/page_144.pdf-3,CB/2008,136,1,0,correct,frozen_V3.1_numeric_free_text,current_three_world_original+FinQA_TRAIN_qa.answer,
132,UAA/2016/page_81.pdf-4,UAA/2016,137,0,1,error,frozen_V3.1_numeric_free_text,current_three_world_original+FinQA_TRAIN_qa.answer,
133,VLO/2012/page_27.pdf-1,VLO/2012,138,1,0,correct,frozen_V3.1_numeric_free_text,current_three_world_original+FinQA_TRAIN_qa.answer,
134,PNC/2013/page_158.pdf-2,PNC/2013,139,0,1,error,frozen_V3.1_numeric_free_text,current_three_world_original+FinQA_TRAIN_qa.answer,
135,IP/2014/page_101.pdf-1,IP/2014,140,0,1,error,frozen_V3.1_numeric_free_text,current_three_world_original+FinQA_TRAIN_qa.answer,
136,RSG/2013/page_16.pdf-2,RSG/2013,141,1,0,correct,frozen_V3.1_numeric_free_text,current_three_world_original+FinQA_TRAIN_qa.answer,
137,MA/2009/page_115.pdf-1,MA/2009,142,0,1,error,frozen_V3.1_numeric_free_text,current_three_world_original+FinQA_TRAIN_qa.answer,
138,DRE/2002/page_30.pdf-3,DRE/2002,143,0,1,error,frozen_V3.1_numeric_free_text,current_three_world_original+FinQA_TRAIN_qa.answer,
139,L/2007/page_213.pdf-1,L/2007,144,0,1,error,frozen_V3.1_numeric_free_text,current_three_world_original+FinQA_TRAIN_qa.answer,
140,RSG/2014/page_22.pdf-1,RSG/2014,145,1,0,correct,frozen_V3.1_numeric_free_text,current_three_world_original+FinQA_TRAIN_qa.answer,
141,HUM/2004/page_78.pdf-1,HUM/2004,146,0,1,error,frozen_V3.1_numeric_free_text,current_three_world_original+FinQA_TRAIN_qa.answer,
142,CE/2010/page_150.pdf-3,CE/2010,147,0,1,error,frozen_V3.1_numeric_free_text,current_three_world_original+FinQA_TRAIN_qa.answer,
143,ADBE/2011/page_83.pdf-4,ADBE/2011,148,0,1,error,frozen_V3.1_numeric_free_text,current_three_world_original+FinQA_TRAIN_qa.answer,
144,GPN/2014/page_71.pdf-4,GPN/2014,149,0,1,error,frozen_V3.1_numeric_free_text,current_three_world_original+FinQA_TRAIN_qa.answer,
145,HUM/2012/page_109.pdf-1,HUM/2012,150,1,0,correct,frozen_V3.1_numeric_free_text,current_three_world_original+FinQA_TRAIN_qa.answer,
146,SWKS/2011/page_112.pdf-2,SWKS/2011,152,1,0,correct,frozen_V3.1_numeric_free_text,current_three_world_original+FinQA_TRAIN_qa.answer,
147,AON/2015/page_77.pdf-3,AON/2015,153,0,1,error,frozen_V3.1_numeric_free_text,current_three_world_original+FinQA_TRAIN_qa.answer,
148,PPG/2018/page_61.pdf-1,PPG/2018,154,0,1,error,frozen_V3.1_numeric_free_text,current_three_world_original+FinQA_TRAIN_qa.answer,
149,HWM/2015/page_92.pdf-1,HWM/2015,155,0,1,error,frozen_V3.1_numeric_free_text,current_three_world_original+FinQA_TRAIN_qa.answer,
150,PNC/2012/page_98.pdf-2,PNC/2012,156,0,1,error,frozen_V3.1_numeric_free_text,current_three_world_original+FinQA_TRAIN_qa.answer,
151,ETR/2016/page_396.pdf-4,ETR/2016,157,0,1,error,frozen_V3.1_numeric_free_text,current_three_world_original+FinQA_TRAIN_qa.answer,
152,LMT/2010/page_24.pdf-2,LMT/2010,158,0,1,error,frozen_V3.1_numeric_free_text,current_three_world_original+FinQA_TRAIN_qa.answer,
153,LMT/2015/page_106.pdf-3,LMT/2015,159,1,0,correct,frozen_V3.1_numeric_free_text,current_three_world_original+FinQA_TRAIN_qa.answer,
154,IPG/2014/page_37.pdf-2,IPG/2014,160,1,0,correct,frozen_V3.1_numeric_free_text,current_three_world_original+FinQA_TRAIN_qa.answer,
155,HOLX/2007/page_154.pdf-2,HOLX/2007,161,0,1,error,frozen_V3.1_numeric_free_text,current_three_world_original+FinQA_TRAIN_qa.answer,
156,AMT/2007/page_111.pdf-4,AMT/2007,162,0,1,error,frozen_V3.1_numeric_free_text,current_three_world_original+FinQA_TRAIN_qa.answer,
157,ETR/2017/page_20.pdf-3,ETR/2017,163,0,1,error,frozen_V3.1_numeric_free_text,current_three_world_original+FinQA_TRAIN_qa.answer,
158,UNP/2014/page_56.pdf-2,UNP/2014,164,0,1,error,frozen_V3.1_numeric_free_text,current_three_world_original+FinQA_TRAIN_qa.answer,
159,JKHY/2015/page_20.pdf-2,JKHY/2015,165,0,1,error,frozen_V3.1_numeric_free_text,current_three_world_original+FinQA_TRAIN_qa.answer,
160,BLK/2016/page_75.pdf-2,BLK/2016,166,0,1,error,frozen_V3.1_numeric_free_text,current_three_world_original+FinQA_TRAIN_qa.answer,
161,MRO/2009/page_138.pdf-1,MRO/2009,167,0,1,error,frozen_V3.1_numeric_free_text,current_three_world_original+FinQA_TRAIN_qa.answer,
162,GPN/2009/page_69.pdf-2,GPN/2009,168,0,1,error,frozen_V3.1_numeric_free_text,current_three_world_original+FinQA_TRAIN_qa.answer,
163,ETR/2008/page_130.pdf-3,ETR/2008,169,0,1,error,frozen_V3.1_numeric_free_text,current_three_world_original+FinQA_TRAIN_qa.answer,
164,JPM/2016/page_141.pdf-1,JPM/2016,170,0,1,error,frozen_V3.1_numeric_free_text,current_three_world_original+FinQA_TRAIN_qa.answer,
165,EW/2016/page_72.pdf-2,EW/2016,171,0,1,error,frozen_V3.1_numeric_free_text,current_three_world_original+FinQA_TRAIN_qa.answer,
166,KHC/2016/page_94.pdf-2,KHC/2016,172,0,1,error,frozen_V3.1_numeric_free_text,current_three_world_original+FinQA_TRAIN_qa.answer,
167,MRO/2008/page_135.pdf-2,MRO/2008,173,0,1,error,frozen_V3.1_numeric_free_text,current_three_world_original+FinQA_TRAIN_qa.answer,
168,ETR/2017/page_477.pdf-1,ETR/2017,174,0,1,error,frozen_V3.1_numeric_free_text,current_three_world_original+FinQA_TRAIN_qa.answer,
169,RSG/2017/page_14.pdf-1,RSG/2017,175,0,1,error,frozen_V3.1_numeric_free_text,current_three_world_original+FinQA_TRAIN_qa.answer,
170,MAS/2010/page_29.pdf-1,MAS/2010,176,0,1,error,frozen_V3.1_numeric_free_text,current_three_world_original+FinQA_TRAIN_qa.answer,
171,BLL/2011/page_29.pdf-4,BLL/2011,177,0,1,error,frozen_V3.1_numeric_free_text,current_three_world_original+FinQA_TRAIN_qa.answer,
172,LMT/2017/page_101.pdf-4,LMT/2017,178,0,1,error,frozen_V3.1_numeric_free_text,current_three_world_original+FinQA_TRAIN_qa.answer,
173,LKQ/2010/page_72.pdf-2,LKQ/2010,180,0,1,error,frozen_V3.1_numeric_free_text,current_three_world_original+FinQA_TRAIN_qa.answer,
174,WRK/2019/page_31.pdf-1,WRK/2019,181,1,0,correct,frozen_V3.1_numeric_free_text,current_three_world_original+FinQA_TRAIN_qa.answer,
175,SLB/2003/page_57.pdf-1,SLB/2003,182,0,1,error,frozen_V3.1_numeric_free_text,current_three_world_original+FinQA_TRAIN_qa.answer,
176,UA/2011/page_70.pdf-1,UA/2011,183,1,0,correct,frozen_V3.1_numeric_free_text,current_three_world_original+FinQA_TRAIN_qa.answer,
177,MMM/2007/page_68.pdf-2,MMM/2007,184,0,1,error,frozen_V3.1_numeric_free_text,current_three_world_original+FinQA_TRAIN_qa.answer,
178,CE/2005/page_167.pdf-4,CE/2005,185,0,1,error,frozen_V3.1_numeric_free_text,current_three_world_original+FinQA_TRAIN_qa.answer,
179,GS/2014/page_62.pdf-1,GS/2014,186,0,1,error,frozen_V3.1_numeric_free_text,current_three_world_original+FinQA_TRAIN_qa.answer,
180,IPG/2018/page_52.pdf-1,IPG/2018,187,0,1,error,frozen_V3.1_numeric_free_text,current_three_world_original+FinQA_TRAIN_qa.answer,
181,NWS/2016/page_148.pdf-2,NWS/2016,188,0,1,error,frozen_V3.1_numeric_free_text,current_three_world_original+FinQA_TRAIN_qa.answer,
182,UNP/2014/page_30.pdf-2,UNP/2014,189,0,1,error,frozen_V3.1_numeric_free_text,current_three_world_original+FinQA_TRAIN_qa.answer,
183,AES/2010/page_225.pdf-3,AES/2010,190,0,1,error,frozen_V3.1_numeric_free_text,current_three_world_original+FinQA_TRAIN_qa.answer,
184,HOLX/2007/page_130.pdf-1,HOLX/2007,191,0,1,error,frozen_V3.1_numeric_free_text,current_three_world_original+FinQA_TRAIN_qa.answer,
185,IPG/2018/page_104.pdf-2,IPG/2018,192,0,1,error,frozen_V3.1_numeric_free_text,current_three_world_original+FinQA_TRAIN_qa.answer,
186,TROW/2011/page_13.pdf-1,TROW/2011,193,0,1,error,frozen_V3.1_numeric_free_text,current_three_world_original+FinQA_TRAIN_qa.answer,
187,IPG/2015/page_24.pdf-4,IPG/2015,194,0,1,error,frozen_V3.1_numeric_free_text,current_three_world_original+FinQA_TRAIN_qa.answer,
188,AON/2010/page_100.pdf-4,AON/2010,195,1,0,correct,frozen_V3.1_numeric_free_text,current_three_world_original+FinQA_TRAIN_qa.answer,
189,UNP/2012/page_23.pdf-1,UNP/2012,196,0,1,error,frozen_V3.1_numeric_free_text,current_three_world_original+FinQA_TRAIN_qa.answer,
190,ETR/2017/page_325.pdf-1,ETR/2017,197,0,1,error,frozen_V3.1_numeric_free_text,current_three_world_original+FinQA_TRAIN_qa.answer,
191,DVN/2015/page_117.pdf-1,DVN/2015,198,0,1,error,frozen_V3.1_numeric_free_text,current_three_world_original+FinQA_TRAIN_qa.answer,
192,JPM/2014/page_128.pdf-4,JPM/2014,199,0,1,error,frozen_V3.1_numeric_free_text,current_three_world_original+FinQA_TRAIN_qa.answer,
193,ETR/2016/page_144.pdf-3,ETR/2016,200,0,1,error,frozen_V3.1_numeric_free_text,current_three_world_original+FinQA_TRAIN_qa.answer,
194,IP/2012/page_57.pdf-2,IP/2012,201,0,1,error,frozen_V3.1_numeric_free_text,current_three_world_original+FinQA_TRAIN_qa.answer,
195,STT/2017/page_101.pdf-4,STT/2017,202,0,1,error,frozen_V3.1_numeric_free_text,current_three_world_original+FinQA_TRAIN_qa.answer,
196,ADBE/2013/page_68.pdf-3,ADBE/2013,203,0,1,error,frozen_V3.1_numeric_free_text,current_three_world_original+FinQA_TRAIN_qa.answer,
197,RSG/2015/page_18.pdf-2,RSG/2015,204,1,0,correct,frozen_V3.1_numeric_free_text,current_three_world_original+FinQA_TRAIN_qa.answer,
198,AES/2018/page_168.pdf-3,AES/2018,205,0,1,error,frozen_V3.1_numeric_free_text,current_three_world_original+FinQA_TRAIN_qa.answer,
199,HUM/2015/page_46.pdf-1,HUM/2015,206,1,0,correct,frozen_V3.1_numeric_free_text,current_three_world_original+FinQA_TRAIN_qa.answer,
200,PKG/2004/page_21.pdf-4,PKG/2004,207,0,1,error,frozen_V3.1_numeric_free_text,current_three_world_original+FinQA_TRAIN_qa.answer,
201,JKHY/2016/page_25.pdf-2,JKHY/2016,208,1,0,correct,frozen_V3.1_numeric_free_text,current_three_world_original+FinQA_TRAIN_qa.answer,
202,AAP/2013/page_68.pdf-1,AAP/2013,209,0,1,error,frozen_V3.1_numeric_free_text,current_three_world_original+FinQA_TRAIN_qa.answer,
203,UNP/2008/page_83.pdf-1,UNP/2008,210,0,1,error,frozen_V3.1_numeric_free_text,current_three_world_original+FinQA_TRAIN_qa.answer,
204,CE/2010/page_150.pdf-2,CE/2010,211,0,1,error,frozen_V3.1_numeric_free_text,current_three_world_original+FinQA_TRAIN_qa.answer,
205,TFX/2018/page_47.pdf-1,TFX/2018,212,1,0,correct,frozen_V3.1_numeric_free_text,current_three_world_original+FinQA_TRAIN_qa.answer,
206,GS/2016/page_161.pdf-1,GS/2016,213,0,1,error,frozen_V3.1_numeric_free_text,current_three_world_original+FinQA_TRAIN_qa.answer,
207,TSCO/2018/page_31.pdf-2,TSCO/2018,214,0,1,error,frozen_V3.1_numeric_free_text,current_three_world_original+FinQA_TRAIN_qa.answer,
208,LLY/2008/page_39.pdf-1,LLY/2008,215,0,1,error,frozen_V3.1_numeric_free_text,current_three_world_original+FinQA_TRAIN_qa.answer,
209,SNPS/2012/page_64.pdf-1,SNPS/2012,216,0,1,error,frozen_V3.1_numeric_free_text,current_three_world_original+FinQA_TRAIN_qa.answer,
210,GPN/2008/page_88.pdf-1,GPN/2008,217,1,0,correct,frozen_V3.1_numeric_free_text,current_three_world_original+FinQA_TRAIN_qa.answer,
211,IP/2015/page_46.pdf-1,IP/2015,218,0,1,error,frozen_V3.1_numeric_free_text,current_three_world_original+FinQA_TRAIN_qa.answer,
212,ETR/2015/page_50.pdf-1,ETR/2015,219,0,1,error,frozen_V3.1_numeric_free_text,current_three_world_original+FinQA_TRAIN_qa.answer,
213,APD/2019/page_100.pdf-1,APD/2019,220,0,1,error,frozen_V3.1_numeric_free_text,current_three_world_original+FinQA_TRAIN_qa.answer,
214,DISCA/2008/page_141.pdf-3,DISCA/2008,221,1,0,correct,frozen_V3.1_numeric_free_text,current_three_world_original+FinQA_TRAIN_qa.answer,
215,PNC/2007/page_93.pdf-2,PNC/2007,222,1,0,correct,frozen_V3.1_numeric_free_text,current_three_world_original+FinQA_TRAIN_qa.answer,
216,MA/2009/page_123.pdf-3,MA/2009,223,0,1,error,frozen_V3.1_numeric_free_text,current_three_world_original+FinQA_TRAIN_qa.answer,
217,LMT/2016/page_85.pdf-2,LMT/2016,224,0,1,error,frozen_V3.1_numeric_free_text,current_three_world_original+FinQA_TRAIN_qa.answer,
218,AON/2015/page_77.pdf-4,AON/2015,225,1,0,correct,frozen_V3.1_numeric_free_text,current_three_world_original+FinQA_TRAIN_qa.answer,
219,ZBH/2008/page_72.pdf-3,ZBH/2008,226,0,1,error,frozen_V3.1_numeric_free_text,current_three_world_original+FinQA_TRAIN_qa.answer,
220,AES/2010/page_133.pdf-1,AES/2010,227,0,1,error,frozen_V3.1_numeric_free_text,current_three_world_original+FinQA_TRAIN_qa.answer,
221,UNP/2014/page_56.pdf-1,UNP/2014,228,0,1,error,frozen_V3.1_numeric_free_text,current_three_world_original+FinQA_TRAIN_qa.answer,
222,AAL/2015/page_131.pdf-2,AAL/2015,229,0,1,error,frozen_V3.1_numeric_free_text,current_three_world_original+FinQA_TRAIN_qa.answer,
223,GPN/2009/page_69.pdf-4,GPN/2009,230,0,1,error,frozen_V3.1_numeric_free_text,current_three_world_original+FinQA_TRAIN_qa.answer,
224,PPG/2018/page_61.pdf-2,PPG/2018,231,0,1,error,frozen_V3.1_numeric_free_text,current_three_world_original+FinQA_TRAIN_qa.answer,
225,SNPS/2012/page_61.pdf-2,SNPS/2012,232,0,1,error,frozen_V3.1_numeric_free_text,current_three_world_original+FinQA_TRAIN_qa.answer,
226,AON/2013/page_54.pdf-1,AON/2013,233,0,1,error,frozen_V3.1_numeric_free_text,current_three_world_original+FinQA_TRAIN_qa.answer,
227,GPN/2017/page_30.pdf-1,GPN/2017,234,0,1,error,frozen_V3.1_numeric_free_text,current_three_world_original+FinQA_TRAIN_qa.answer,
228,GS/2016/page_183.pdf-3,GS/2016,235,0,1,error,frozen_V3.1_numeric_free_text,current_three_world_original+FinQA_TRAIN_qa.answer,
229,NTAP/2014/page_33.pdf-2,NTAP/2014,236,0,1,error,frozen_V3.1_numeric_free_text,current_three_world_original+FinQA_TRAIN_qa.answer,
230,HIG/2004/page_125.pdf-2,HIG/2004,237,0,1,error,frozen_V3.1_numeric_free_text,current_three_world_original+FinQA_TRAIN_qa.answer,
231,UNP/2013/page_78.pdf-2,UNP/2013,238,0,1,error,frozen_V3.1_numeric_free_text,current_three_world_original+FinQA_TRAIN_qa.answer,
232,HIG/2004/page_81.pdf-3,HIG/2004,240,0,1,error,frozen_V3.1_numeric_free_text,current_three_world_original+FinQA_TRAIN_qa.answer,
233,K/2012/page_80.pdf-3,K/2012,241,0,1,error,frozen_V3.1_numeric_free_text,current_three_world_original+FinQA_TRAIN_qa.answer,
234,MA/2009/page_123.pdf-4,MA/2009,242,0,1,error,frozen_V3.1_numeric_free_text,current_three_world_original+FinQA_TRAIN_qa.answer,
235,AES/2010/page_133.pdf-2,AES/2010,243,0,1,error,frozen_V3.1_numeric_free_text,current_three_world_original+FinQA_TRAIN_qa.answer,
236,BLL/2007/page_46.pdf-4,BLL/2007,244,0,1,error,frozen_V3.1_numeric_free_text,current_three_world_original+FinQA_TRAIN_qa.answer,
237,AAPL/2015/page_24.pdf-3,AAPL/2015,245,1,0,correct,frozen_V3.1_numeric_free_text,current_three_world_original+FinQA_TRAIN_qa.answer,
238,HOLX/2007/page_127.pdf-1,HOLX/2007,246,0,1,error,frozen_V3.1_numeric_free_text,current_three_world_original+FinQA_TRAIN_qa.answer,
239,ETR/2008/page_130.pdf-2,ETR/2008,247,0,1,error,frozen_V3.1_numeric_free_text,current_three_world_original+FinQA_TRAIN_qa.answer,
240,RL/2014/page_13.pdf-1,RL/2014,248,0,1,error,frozen_V3.1_numeric_free_text,current_three_world_original+FinQA_TRAIN_qa.answer,
241,APD/2018/page_113.pdf-2,APD/2018,249,1,0,correct,frozen_V3.1_numeric_free_text,current_three_world_original+FinQA_TRAIN_qa.answer,
242,CMCSA/2015/page_42.pdf-2,CMCSA/2015,250,0,1,error,frozen_V3.1_numeric_free_text,current_three_world_original+FinQA_TRAIN_qa.answer,
243,IP/2014/page_71.pdf-1,IP/2014,251,0,1,error,frozen_V3.1_numeric_free_text,current_three_world_original+FinQA_TRAIN_qa.answer,
244,RL/2010/page_11.pdf-2,RL/2010,252,0,1,error,frozen_V3.1_numeric_free_text,current_three_world_original+FinQA_TRAIN_qa.answer,
245,ILMN/2008/page_77.pdf-4,ILMN/2008,253,0,1,error,frozen_V3.1_numeric_free_text,current_three_world_original+FinQA_TRAIN_qa.answer,
246,CDW/2015/page_53.pdf-1,CDW/2015,254,0,1,error,frozen_V3.1_numeric_free_text,current_three_world_original+FinQA_TRAIN_qa.answer,
247,AWK/2012/page_118.pdf-2,AWK/2012,255,0,1,error,frozen_V3.1_numeric_free_text,current_three_world_original+FinQA_TRAIN_qa.answer,
248,LKQ/2012/page_25.pdf-2,LKQ/2012,256,0,1,error,frozen_V3.1_numeric_free_text,current_three_world_original+FinQA_TRAIN_qa.answer,
249,GRMN/2008/page_98.pdf-1,GRMN/2008,257,0,1,error,frozen_V3.1_numeric_free_text,current_three_world_original+FinQA_TRAIN_qa.answer,
250,SLB/2010/page_58.pdf-2,SLB/2010,258,1,0,correct,frozen_V3.1_numeric_free_text,current_three_world_original+FinQA_TRAIN_qa.answer,
251,ETR/2017/page_19.pdf-1,ETR/2017,259,0,1,error,frozen_V3.1_numeric_free_text,current_three_world_original+FinQA_TRAIN_qa.answer,
252,GS/2018/page_175.pdf-2,GS/2018,260,1,0,correct,frozen_V3.1_numeric_free_text,current_three_world_original+FinQA_TRAIN_qa.answer,
253,C/2009/page_200.pdf-2,C/2009,261,0,1,error,frozen_V3.1_numeric_free_text,current_three_world_original+FinQA_TRAIN_qa.answer,
254,HWM/2015/page_94.pdf-1,HWM/2015,262,0,1,error,frozen_V3.1_numeric_free_text,current_three_world_original+FinQA_TRAIN_qa.answer,
255,IP/2013/page_61.pdf-1,IP/2013,263,0,1,error,frozen_V3.1_numeric_free_text,current_three_world_original+FinQA_TRAIN_qa.answer,
256,SNPS/2012/page_62.pdf-3,SNPS/2012,264,0,1,error,frozen_V3.1_numeric_free_text,current_three_world_original+FinQA_TRAIN_qa.answer,
257,DVN/2014/page_112.pdf-1,DVN/2014,265,0,1,error,frozen_V3.1_numeric_free_text,current_three_world_original+FinQA_TRAIN_qa.answer,
258,CB/2009/page_220.pdf-3,CB/2009,266,0,1,error,frozen_V3.1_numeric_free_text,current_three_world_original+FinQA_TRAIN_qa.answer,
259,ETR/2016/page_396.pdf-2,ETR/2016,267,1,0,correct,frozen_V3.1_numeric_free_text,current_three_world_original+FinQA_TRAIN_qa.answer,
260,IP/2012/page_55.pdf-2,IP/2012,268,0,1,error,frozen_V3.1_numeric_free_text,current_three_world_original+FinQA_TRAIN_qa.answer,
261,MA/2010/page_107.pdf-2,MA/2010,269,0,1,error,frozen_V3.1_numeric_free_text,current_three_world_original+FinQA_TRAIN_qa.answer,
262,RSG/2017/page_14.pdf-2,RSG/2017,270,0,1,error,frozen_V3.1_numeric_free_text,current_three_world_original+FinQA_TRAIN_qa.answer,
263,K/2013/page_27.pdf-3,K/2013,271,1,0,correct,frozen_V3.1_numeric_free_text,current_three_world_original+FinQA_TRAIN_qa.answer,
264,DRE/2002/page_18.pdf-2,DRE/2002,272,0,1,error,frozen_V3.1_numeric_free_text,current_three_world_original+FinQA_TRAIN_qa.answer,
265,IP/2014/page_66.pdf-1,IP/2014,273,0,1,error,frozen_V3.1_numeric_free_text,current_three_world_original+FinQA_TRAIN_qa.answer,
266,MA/2008/page_70.pdf-2,MA/2008,274,1,0,correct,frozen_V3.1_numeric_free_text,current_three_world_original+FinQA_TRAIN_qa.answer,
267,MRO/2008/page_119.pdf-3,MRO/2008,275,1,0,correct,frozen_V3.1_numeric_free_text,current_three_world_original+FinQA_TRAIN_qa.answer,
268,SNPS/2009/page_59.pdf-3,SNPS/2009,276,0,1,error,frozen_V3.1_numeric_free_text,current_three_world_original+FinQA_TRAIN_qa.answer,
269,RSG/2018/page_13.pdf-1,RSG/2018,277,1,0,correct,frozen_V3.1_numeric_free_text,current_three_world_original+FinQA_TRAIN_qa.answer,
270,PM/2015/page_103.pdf-3,PM/2015,278,0,1,error,frozen_V3.1_numeric_free_text,current_three_world_original+FinQA_TRAIN_qa.answer,
271,LKQ/2012/page_25.pdf-1,LKQ/2012,279,1,0,correct,frozen_V3.1_numeric_free_text,current_three_world_original+FinQA_TRAIN_qa.answer,
272,RSG/2017/page_74.pdf-2,RSG/2017,280,1,0,correct,frozen_V3.1_numeric_free_text,current_three_world_original+FinQA_TRAIN_qa.answer,
273,UA/2011/page_71.pdf-2,UA/2011,281,0,1,error,frozen_V3.1_numeric_free_text,current_three_world_original+FinQA_TRAIN_qa.answer,
274,AMT/2007/page_114.pdf-3,AMT/2007,282,1,0,correct,frozen_V3.1_numeric_free_text,current_three_world_original+FinQA_TRAIN_qa.answer,
275,AMT/2012/page_111.pdf-4,AMT/2012,283,0,1,error,frozen_V3.1_numeric_free_text,current_three_world_original+FinQA_TRAIN_qa.answer,
276,AWK/2015/page_127.pdf-4,AWK/2015,284,0,1,error,frozen_V3.1_numeric_free_text,current_three_world_original+FinQA_TRAIN_qa.answer,
277,LKQ/2016/page_48.pdf-2,LKQ/2016,285,0,1,error,frozen_V3.1_numeric_free_text,current_three_world_original+FinQA_TRAIN_qa.answer,
278,AWK/2017/page_128.pdf-3,AWK/2017,286,0,1,error,frozen_V3.1_numeric_free_text,current_three_world_original+FinQA_TRAIN_qa.answer,
279,EW/2014/page_35.pdf-2,EW/2014,287,0,1,error,frozen_V3.1_numeric_free_text,current_three_world_original+FinQA_TRAIN_qa.answer,
280,AAP/2007/page_83.pdf-1,AAP/2007,288,0,1,error,frozen_V3.1_numeric_free_text,current_three_world_original+FinQA_TRAIN_qa.answer,
281,EOG/2016/page_80.pdf-1,EOG/2016,290,0,1,error,frozen_V3.1_numeric_free_text,current_three_world_original+FinQA_TRAIN_qa.answer,
282,AAPL/2013/page_27.pdf-4,AAPL/2013,291,0,1,error,frozen_V3.1_numeric_free_text,current_three_world_original+FinQA_TRAIN_qa.answer,
283,ETR/2017/page_20.pdf-1,ETR/2017,292,0,1,error,frozen_V3.1_numeric_free_text,current_three_world_original+FinQA_TRAIN_qa.answer,
284,ETR/2008/page_313.pdf-2,ETR/2008,293,1,0,correct,frozen_V3.1_numeric_free_text,current_three_world_original+FinQA_TRAIN_qa.answer,
285,IPG/2016/page_24.pdf-2,IPG/2016,294,0,1,error,frozen_V3.1_numeric_free_text,current_three_world_original+FinQA_TRAIN_qa.answer,
286,PNC/2017/page_76.pdf-1,PNC/2017,295,0,1,error,frozen_V3.1_numeric_free_text,current_three_world_original+FinQA_TRAIN_qa.answer,
287,ETFC/2015/page_25.pdf-1,ETFC/2015,296,0,1,error,frozen_V3.1_numeric_free_text,current_three_world_original+FinQA_TRAIN_qa.answer,
288,ETR/2016/page_342.pdf-2,ETR/2016,297,0,1,error,frozen_V3.1_numeric_free_text,current_three_world_original+FinQA_TRAIN_qa.answer,
289,SNPS/2012/page_61.pdf-3,SNPS/2012,298,0,1,error,frozen_V3.1_numeric_free_text,current_three_world_original+FinQA_TRAIN_qa.answer,
290,HWM/2015/page_123.pdf-2,HWM/2015,299,1,0,correct,frozen_V3.1_numeric_free_text,current_three_world_original+FinQA_TRAIN_qa.answer,
291,LMT/2013/page_26.pdf-2,LMT/2013,300,0,1,error,frozen_V3.1_numeric_free_text,current_three_world_original+FinQA_TRAIN_qa.answer,
292,AWK/2013/page_123.pdf-3,AWK/2013,301,0,1,error,frozen_V3.1_numeric_free_text,current_three_world_original+FinQA_TRAIN_qa.answer,
293,DRE/2016/page_59.pdf-1,DRE/2016,302,0,1,error,frozen_V3.1_numeric_free_text,current_three_world_original+FinQA_TRAIN_qa.answer,
294,GPN/2013/page_71.pdf-2,GPN/2013,304,0,1,error,frozen_V3.1_numeric_free_text,current_three_world_original+FinQA_TRAIN_qa.answer,
295,EW/2016/page_36.pdf-1,EW/2016,305,0,1,error,frozen_V3.1_numeric_free_text,current_three_world_original+FinQA_TRAIN_qa.answer,
296,DRE/2007/page_39.pdf-1,DRE/2007,306,0,1,error,frozen_V3.1_numeric_free_text,current_three_world_original+FinQA_TRAIN_qa.answer,
297,C/2008/page_193.pdf-1,C/2008,307,0,1,error,frozen_V3.1_numeric_free_text,current_three_world_original+FinQA_TRAIN_qa.answer,
298,BLL/2006/page_94.pdf-2,BLL/2006,308,0,1,error,frozen_V3.1_numeric_free_text,current_three_world_original+FinQA_TRAIN_qa.answer,
299,KMI/2018/page_14.pdf-2,KMI/2018,309,0,1,error,frozen_V3.1_numeric_free_text,current_three_world_original+FinQA_TRAIN_qa.answer,
300,CE/2010/page_134.pdf-1,CE/2010,310,0,1,error,frozen_V3.1_numeric_free_text,current_three_world_original+FinQA_TRAIN_qa.answer,
301,JPM/2015/page_77.pdf-5,JPM/2015,311,1,0,correct,frozen_V3.1_numeric_free_text,current_three_world_original+FinQA_TRAIN_qa.answer,
302,ETR/2016/page_17.pdf-2,ETR/2016,312,0,1,error,frozen_V3.1_numeric_free_text,current_three_world_original+FinQA_TRAIN_qa.answer,
303,MMM/2015/page_52.pdf-1,MMM/2015,313,0,1,error,frozen_V3.1_numeric_free_text,current_three_world_original+FinQA_TRAIN_qa.answer,
304,ADBE/2009/page_98.pdf-1,ADBE/2009,314,1,0,correct,frozen_V3.1_numeric_free_text,current_three_world_original+FinQA_TRAIN_qa.answer,
305,AAL/2015/page_51.pdf-3,AAL/2015,315,0,1,error,frozen_V3.1_numeric_free_text,current_three_world_original+FinQA_TRAIN_qa.answer,
306,BLK/2014/page_33.pdf-1,BLK/2014,316,0,1,error,frozen_V3.1_numeric_free_text,current_three_world_original+FinQA_TRAIN_qa.answer,
307,HIG/2014/page_126.pdf-3,HIG/2014,317,0,1,error,frozen_V3.1_numeric_free_text,current_three_world_original+FinQA_TRAIN_qa.answer,
308,ETR/2016/page_18.pdf-3,ETR/2016,318,1,0,correct,frozen_V3.1_numeric_free_text,current_three_world_original+FinQA_TRAIN_qa.answer,
309,RL/2014/page_11.pdf-2,RL/2014,319,0,1,error,frozen_V3.1_numeric_free_text,current_three_world_original+FinQA_TRAIN_qa.answer,
310,AON/2013/page_32.pdf-1,AON/2013,320,1,0,correct,frozen_V3.1_numeric_free_text,current_three_world_original+FinQA_TRAIN_qa.answer,
311,STT/2017/page_101.pdf-3,STT/2017,321,0,1,error,frozen_V3.1_numeric_free_text,current_three_world_original+FinQA_TRAIN_qa.answer,
312,JPM/2013/page_158.pdf-2,JPM/2013,322,0,1,error,frozen_V3.1_numeric_free_text,current_three_world_original+FinQA_TRAIN_qa.answer,
313,FIS/2012/page_30.pdf-1,FIS/2012,324,1,0,correct,frozen_V3.1_numeric_free_text,current_three_world_original+FinQA_TRAIN_qa.answer,
314,BKR/2017/page_105.pdf-1,BKR/2017,325,0,1,error,frozen_V3.1_numeric_free_text,current_three_world_original+FinQA_TRAIN_qa.answer,
315,CE/2009/page_121.pdf-3,CE/2009,326,0,1,error,frozen_V3.1_numeric_free_text,current_three_world_original+FinQA_TRAIN_qa.answer,
316,UNP/2009/page_89.pdf-1,UNP/2009,327,0,1,error,frozen_V3.1_numeric_free_text,current_three_world_original+FinQA_TRAIN_qa.answer,
317,VTR/2006/page_88.pdf-1,VTR/2006,328,0,1,error,frozen_V3.1_numeric_free_text,current_three_world_original+FinQA_TRAIN_qa.answer,
318,AAL/2014/page_59.pdf-2,AAL/2014,329,0,1,error,frozen_V3.1_numeric_free_text,current_three_world_original+FinQA_TRAIN_qa.answer,
319,SWKS/2012/page_116.pdf-2,SWKS/2012,330,0,1,error,frozen_V3.1_numeric_free_text,current_three_world_original+FinQA_TRAIN_qa.answer,
320,MRO/2013/page_49.pdf-2,MRO/2013,331,1,0,correct,frozen_V3.1_numeric_free_text,current_three_world_original+FinQA_TRAIN_qa.answer,
321,REGN/2010/page_68.pdf-2,REGN/2010,332,0,1,error,frozen_V3.1_numeric_free_text,current_three_world_original+FinQA_TRAIN_qa.answer,
322,MRO/2009/page_127.pdf-3,MRO/2009,333,0,1,error,frozen_V3.1_numeric_free_text,current_three_world_original+FinQA_TRAIN_qa.answer,
323,DISH/2011/page_130.pdf-2,DISH/2011,334,0,1,error,frozen_V3.1_numeric_free_text,current_three_world_original+FinQA_TRAIN_qa.answer,
324,DVN/2011/page_84.pdf-1,DVN/2011,335,0,1,error,frozen_V3.1_numeric_free_text,current_three_world_original+FinQA_TRAIN_qa.answer,
325,MMM/2012/page_105.pdf-1,MMM/2012,336,0,1,error,frozen_V3.1_numeric_free_text,current_three_world_original+FinQA_TRAIN_qa.answer,
326,LMT/2013/page_26.pdf-1,LMT/2013,337,0,1,error,frozen_V3.1_numeric_free_text,current_three_world_original+FinQA_TRAIN_qa.answer,
327,EOG/2018/page_99.pdf-1,EOG/2018,338,0,1,error,frozen_V3.1_numeric_free_text,current_three_world_original+FinQA_TRAIN_qa.answer,
328,AAPL/2018/page_23.pdf-2,AAPL/2018,339,1,0,correct,frozen_V3.1_numeric_free_text,current_three_world_original+FinQA_TRAIN_qa.answer,
329,PNC/2011/page_209.pdf-3,PNC/2011,341,0,1,error,frozen_V3.1_numeric_free_text,current_three_world_original+FinQA_TRAIN_qa.answer,
330,AAPL/2011/page_37.pdf-1,AAPL/2011,342,0,1,error,frozen_V3.1_numeric_free_text,current_three_world_original+FinQA_TRAIN_qa.answer,
331,CDNS/2012/page_31.pdf-1,CDNS/2012,343,0,1,error,frozen_V3.1_numeric_free_text,current_three_world_original+FinQA_TRAIN_qa.answer,
332,ETR/2004/page_258.pdf-1,ETR/2004,344,1,0,correct,frozen_V3.1_numeric_free_text,current_three_world_original+FinQA_TRAIN_qa.answer,
333,JPM/2015/page_77.pdf-3,JPM/2015,345,1,0,correct,frozen_V3.1_numeric_free_text,current_three_world_original+FinQA_TRAIN_qa.answer,
334,INTC/2013/page_47.pdf-1,INTC/2013,346,0,1,error,frozen_V3.1_numeric_free_text,current_three_world_original+FinQA_TRAIN_qa.answer,
335,C/2008/page_193.pdf-4,C/2008,347,1,0,correct,frozen_V3.1_numeric_free_text,current_three_world_original+FinQA_TRAIN_qa.answer,
336,WELL/2017/page_48.pdf-3,WELL/2017,348,0,1,error,frozen_V3.1_numeric_free_text,current_three_world_original+FinQA_TRAIN_qa.answer,
337,DVN/2011/page_99.pdf-3,DVN/2011,349,0,1,error,frozen_V3.1_numeric_free_text,current_three_world_original+FinQA_TRAIN_qa.answer,
338,JPM/2008/page_177.pdf-1,JPM/2008,350,0,1,error,frozen_V3.1_numeric_free_text,current_three_world_original+FinQA_TRAIN_qa.answer,
339,FIS/2016/page_49.pdf-1,FIS/2016,351,0,1,error,frozen_V3.1_numeric_free_text,current_three_world_original+FinQA_TRAIN_qa.answer,
340,INTC/2013/page_47.pdf-2,INTC/2013,352,0,1,error,frozen_V3.1_numeric_free_text,current_three_world_original+FinQA_TRAIN_qa.answer,
341,EOG/2017/page_85.pdf-1,EOG/2017,353,0,1,error,frozen_V3.1_numeric_free_text,current_three_world_original+FinQA_TRAIN_qa.answer,
342,DISH/2015/page_142.pdf-2,DISH/2015,354,0,1,error,frozen_V3.1_numeric_free_text,current_three_world_original+FinQA_TRAIN_qa.answer,
343,GS/2018/page_108.pdf-4,GS/2018,355,0,1,error,frozen_V3.1_numeric_free_text,current_three_world_original+FinQA_TRAIN_qa.answer,
344,BLL/2007/page_87.pdf-3,BLL/2007,357,0,1,error,frozen_V3.1_numeric_free_text,current_three_world_original+FinQA_TRAIN_qa.answer,
345,IP/2007/page_38.pdf-2,IP/2007,358,0,1,error,frozen_V3.1_numeric_free_text,current_three_world_original+FinQA_TRAIN_qa.answer,
346,TFX/2017/page_48.pdf-1,TFX/2017,359,1,0,correct,frozen_V3.1_numeric_free_text,current_three_world_original+FinQA_TRAIN_qa.answer,
347,LMT/2015/page_52.pdf-4,LMT/2015,360,1,0,correct,frozen_V3.1_numeric_free_text,current_three_world_original+FinQA_TRAIN_qa.answer,
348,CB/2008/page_217.pdf-2,CB/2008,361,0,1,error,frozen_V3.1_numeric_free_text,current_three_world_original+FinQA_TRAIN_qa.answer,
349,LLY/2008/page_45.pdf-2,LLY/2008,362,1,0,correct,frozen_V3.1_numeric_free_text,current_three_world_original+FinQA_TRAIN_qa.answer,
350,AMT/2012/page_111.pdf-1,AMT/2012,363,0,1,error,frozen_V3.1_numeric_free_text,current_three_world_original+FinQA_TRAIN_qa.answer,
351,AAL/2015/page_15.pdf-3,AAL/2015,364,1,0,correct,frozen_V3.1_numeric_free_text,current_three_world_original+FinQA_TRAIN_qa.answer,
352,UPS/2012/page_51.pdf-3,UPS/2012,365,0,1,error,frozen_V3.1_numeric_free_text,current_three_world_original+FinQA_TRAIN_qa.answer,
353,PNC/2011/page_74.pdf-2,PNC/2011,366,1,0,correct,frozen_V3.1_numeric_free_text,current_three_world_original+FinQA_TRAIN_qa.answer,
354,ETR/2017/page_175.pdf-3,ETR/2017,367,0,1,error,frozen_V3.1_numeric_free_text,current_three_world_original+FinQA_TRAIN_qa.answer,
355,ETR/2004/page_258.pdf-2,ETR/2004,368,0,1,error,frozen_V3.1_numeric_free_text,current_three_world_original+FinQA_TRAIN_qa.answer,
356,JPM/2013/page_158.pdf-3,JPM/2013,369,0,1,error,frozen_V3.1_numeric_free_text,current_three_world_original+FinQA_TRAIN_qa.answer,
357,IQV/2016/page_57.pdf-2,IQV/2016,370,1,0,correct,frozen_V3.1_numeric_free_text,current_three_world_original+FinQA_TRAIN_qa.answer,
358,V/2009/page_88.pdf-1,V/2009,372,0,1,error,frozen_V3.1_numeric_free_text,current_three_world_original+FinQA_TRAIN_qa.answer,
359,BLL/2010/page_39.pdf-3,BLL/2010,373,0,1,error,frozen_V3.1_numeric_free_text,current_three_world_original+FinQA_TRAIN_qa.answer,
360,GS/2012/page_129.pdf-3,GS/2012,374,0,1,error,frozen_V3.1_numeric_free_text,current_three_world_original+FinQA_TRAIN_qa.answer,
361,CDNS/2018/page_82.pdf-4,CDNS/2018,375,0,1,error,frozen_V3.1_numeric_free_text,current_three_world_original+FinQA_TRAIN_qa.answer,
362,ETR/2016/page_17.pdf-3,ETR/2016,376,0,1,error,frozen_V3.1_numeric_free_text,current_three_world_original+FinQA_TRAIN_qa.answer,
363,IP/2005/page_31.pdf-1,IP/2005,378,0,1,error,frozen_V3.1_numeric_free_text,current_three_world_original+FinQA_TRAIN_qa.answer,
364,ADBE/2018/page_71.pdf-2,ADBE/2018,379,1,0,correct,frozen_V3.1_numeric_free_text,current_three_world_original+FinQA_TRAIN_qa.answer,
365,MRO/2008/page_145.pdf-1,MRO/2008,380,1,0,correct,frozen_V3.1_numeric_free_text,current_three_world_original+FinQA_TRAIN_qa.answer,
366,RL/2016/page_9.pdf-1,RL/2016,381,0,1,error,frozen_V3.1_numeric_free_text,current_three_world_original+FinQA_TRAIN_qa.answer,
367,WELL/2017/page_48.pdf-4,WELL/2017,382,1,0,correct,frozen_V3.1_numeric_free_text,current_three_world_original+FinQA_TRAIN_qa.answer,
368,BLL/2007/page_46.pdf-3,BLL/2007,383,0,1,error,frozen_V3.1_numeric_free_text,current_three_world_original+FinQA_TRAIN_qa.answer,
369,MMM/2007/page_36.pdf-1,MMM/2007,384,0,1,error,frozen_V3.1_numeric_free_text,current_three_world_original+FinQA_TRAIN_qa.answer,
370,ETR/2008/page_153.pdf-1,ETR/2008,385,0,1,error,frozen_V3.1_numeric_free_text,current_three_world_original+FinQA_TRAIN_qa.answer,
371,KMI/2010/page_164.pdf-2,KMI/2010,386,0,1,error,frozen_V3.1_numeric_free_text,current_three_world_original+FinQA_TRAIN_qa.answer,
372,HWM/2015/page_87.pdf-1,HWM/2015,387,0,1,error,frozen_V3.1_numeric_free_text,current_three_world_original+FinQA_TRAIN_qa.answer,
373,ETR/2008/page_212.pdf-4,ETR/2008,388,0,1,error,frozen_V3.1_numeric_free_text,current_three_world_original+FinQA_TRAIN_qa.answer,
374,ETR/2008/page_212.pdf-1,ETR/2008,389,0,1,error,frozen_V3.1_numeric_free_text,current_three_world_original+FinQA_TRAIN_qa.answer,
375,IP/2015/page_44.pdf-2,IP/2015,390,0,1,error,frozen_V3.1_numeric_free_text,current_three_world_original+FinQA_TRAIN_qa.answer,
376,AWK/2014/page_7.pdf-1,AWK/2014,391,0,1,error,frozen_V3.1_numeric_free_text,current_three_world_original+FinQA_TRAIN_qa.answer,
377,AAPL/2004/page_83.pdf-2,AAPL/2004,392,0,1,error,frozen_V3.1_numeric_free_text,current_three_world_original+FinQA_TRAIN_qa.answer,
378,LMT/2013/page_81.pdf-3,LMT/2013,393,0,1,error,frozen_V3.1_numeric_free_text,current_three_world_original+FinQA_TRAIN_qa.answer,
379,LMT/2010/page_37.pdf-2,LMT/2010,394,0,1,error,frozen_V3.1_numeric_free_text,current_three_world_original+FinQA_TRAIN_qa.answer,
380,CDNS/2007/page_30.pdf-3,CDNS/2007,395,0,1,error,frozen_V3.1_numeric_free_text,current_three_world_original+FinQA_TRAIN_qa.answer,
381,ETR/2017/page_414.pdf-3,ETR/2017,396,0,1,error,frozen_V3.1_numeric_free_text,current_three_world_original+FinQA_TRAIN_qa.answer,
382,JPM/2003/page_44.pdf-4,JPM/2003,397,0,1,error,frozen_V3.1_numeric_free_text,current_three_world_original+FinQA_TRAIN_qa.answer,
383,AAPL/2011/page_37.pdf-2,AAPL/2011,398,0,1,error,frozen_V3.1_numeric_free_text,current_three_world_original+FinQA_TRAIN_qa.answer,
384,UNP/2009/page_61.pdf-2,UNP/2009,399,0,1,error,frozen_V3.1_numeric_free_text,current_three_world_original+FinQA_TRAIN_qa.answer,
385,UNP/2015/page_80.pdf-1,UNP/2015,400,0,1,error,frozen_V3.1_numeric_free_text,current_three_world_original+FinQA_TRAIN_qa.answer,
386,ETR/2004/page_159.pdf-2,ETR/2004,401,1,0,correct,frozen_V3.1_numeric_free_text,current_three_world_original+FinQA_TRAIN_qa.answer,
387,VTR/2007/page_97.pdf-4,VTR/2007,402,0,1,error,frozen_V3.1_numeric_free_text,current_three_world_original+FinQA_TRAIN_qa.answer,
388,MRO/2008/page_42.pdf-3,MRO/2008,403,0,1,error,frozen_V3.1_numeric_free_text,current_three_world_original+FinQA_TRAIN_qa.answer,
389,DRE/2009/page_59.pdf-1,DRE/2009,404,0,1,error,frozen_V3.1_numeric_free_text,current_three_world_original+FinQA_TRAIN_qa.answer,
390,GIS/2018/page_59.pdf-1,GIS/2018,405,1,0,correct,frozen_V3.1_numeric_free_text,current_three_world_original+FinQA_TRAIN_qa.answer,
391,AMT/2006/page_96.pdf-2,AMT/2006,406,0,1,error,frozen_V3.1_numeric_free_text,current_three_world_original+FinQA_TRAIN_qa.answer,
392,MAA/2018/page_19.pdf-1,MAA/2018,407,1,0,correct,frozen_V3.1_numeric_free_text,current_three_world_original+FinQA_TRAIN_qa.answer,
393,ETR/2008/page_337.pdf-2,ETR/2008,408,1,0,correct,frozen_V3.1_numeric_free_text,current_three_world_original+FinQA_TRAIN_qa.answer,
394,AWK/2015/page_112.pdf-3,AWK/2015,409,0,1,error,frozen_V3.1_numeric_free_text,current_three_world_original+FinQA_TRAIN_qa.answer,
395,GPN/2009/page_68.pdf-2,GPN/2009,410,0,1,error,frozen_V3.1_numeric_free_text,current_three_world_original+FinQA_TRAIN_qa.answer,
396,AES/2011/page_270.pdf-1,AES/2011,411,0,1,error,frozen_V3.1_numeric_free_text,current_three_world_original+FinQA_TRAIN_qa.answer,
397,AAL/2014/page_92.pdf-4,AAL/2014,412,0,1,error,frozen_V3.1_numeric_free_text,current_three_world_original+FinQA_TRAIN_qa.answer,
398,WELL/2016/page_61.pdf-2,WELL/2016,413,0,1,error,frozen_V3.1_numeric_free_text,current_three_world_original+FinQA_TRAIN_qa.answer,
399,C/2009/page_141.pdf-1,C/2009,414,1,0,correct,frozen_V3.1_numeric_free_text,current_three_world_original+FinQA_TRAIN_qa.answer,
400,ETR/2015/page_24.pdf-1,ETR/2015,415,0,1,error,frozen_V3.1_numeric_free_text,current_three_world_original+FinQA_TRAIN_qa.answer,
401,AON/2009/page_90.pdf-4,AON/2009,417,0,1,error,frozen_V3.1_numeric_free_text,current_three_world_original+FinQA_TRAIN_qa.answer,
402,JPM/2007/page_152.pdf-3,JPM/2007,418,0,1,error,frozen_V3.1_numeric_free_text,current_three_world_original+FinQA_TRAIN_qa.answer,
403,ETR/2008/page_336.pdf-2,ETR/2008,419,0,1,error,frozen_V3.1_numeric_free_text,current_three_world_original+FinQA_TRAIN_qa.answer,
404,AES/2011/page_261.pdf-2,AES/2011,420,0,1,error,frozen_V3.1_numeric_free_text,current_three_world_original+FinQA_TRAIN_qa.answer,
405,GS/2017/page_176.pdf-1,GS/2017,421,0,1,error,frozen_V3.1_numeric_free_text,current_three_world_original+FinQA_TRAIN_qa.answer,
406,VTR/2003/page_39.pdf-4,VTR/2003,422,0,1,error,frozen_V3.1_numeric_free_text,current_three_world_original+FinQA_TRAIN_qa.answer,
407,AWK/2018/page_131.pdf-2,AWK/2018,424,0,1,error,frozen_V3.1_numeric_free_text,current_three_world_original+FinQA_TRAIN_qa.answer,
408,DVN/2007/page_78.pdf-1,DVN/2007,425,0,1,error,frozen_V3.1_numeric_free_text,current_three_world_original+FinQA_TRAIN_qa.answer,
409,AMT/2006/page_107.pdf-3,AMT/2006,426,0,1,error,frozen_V3.1_numeric_free_text,current_three_world_original+FinQA_TRAIN_qa.answer,
410,GPN/2007/page_18.pdf-1,GPN/2007,427,0,1,error,frozen_V3.1_numeric_free_text,current_three_world_original+FinQA_TRAIN_qa.answer,
411,ETR/2013/page_15.pdf-3,ETR/2013,428,1,0,correct,frozen_V3.1_numeric_free_text,current_three_world_original+FinQA_TRAIN_qa.answer,
412,DVN/2017/page_31.pdf-2,DVN/2017,429,0,1,error,frozen_V3.1_numeric_free_text,current_three_world_original+FinQA_TRAIN_qa.answer,
413,UNP/2008/page_26.pdf-2,UNP/2008,430,0,1,error,frozen_V3.1_numeric_free_text,current_three_world_original+FinQA_TRAIN_qa.answer,
414,CME/2010/page_45.pdf-5,CME/2010,431,0,1,error,frozen_V3.1_numeric_free_text,current_three_world_original+FinQA_TRAIN_qa.answer,
415,PNC/2014/page_203.pdf-2,PNC/2014,432,1,0,correct,frozen_V3.1_numeric_free_text,current_three_world_original+FinQA_TRAIN_qa.answer,
416,UNP/2013/page_14.pdf-2,UNP/2013,433,1,0,correct,frozen_V3.1_numeric_free_text,current_three_world_original+FinQA_TRAIN_qa.answer,
417,MRO/2008/page_41.pdf-4,MRO/2008,434,0,1,error,frozen_V3.1_numeric_free_text,current_three_world_original+FinQA_TRAIN_qa.answer,
418,AAL/2015/page_183.pdf-4,AAL/2015,435,0,1,error,frozen_V3.1_numeric_free_text,current_three_world_original+FinQA_TRAIN_qa.answer,
419,AMAT/2015/page_33.pdf-1,AMAT/2015,436,0,1,error,frozen_V3.1_numeric_free_text,current_three_world_original+FinQA_TRAIN_qa.answer,
420,UAA/2016/page_83.pdf-4,UAA/2016,437,0,1,error,frozen_V3.1_numeric_free_text,current_three_world_original+FinQA_TRAIN_qa.answer,
421,APD/2018/page_41.pdf-1,APD/2018,438,0,1,error,frozen_V3.1_numeric_free_text,current_three_world_original+FinQA_TRAIN_qa.answer,
422,AON/2015/page_72.pdf-1,AON/2015,439,0,1,error,frozen_V3.1_numeric_free_text,current_three_world_original+FinQA_TRAIN_qa.answer,
423,DVN/2014/page_112.pdf-2,DVN/2014,440,0,1,error,frozen_V3.1_numeric_free_text,current_three_world_original+FinQA_TRAIN_qa.answer,
424,TMUS/2016/page_32.pdf-3,TMUS/2016,441,0,1,error,frozen_V3.1_numeric_free_text,current_three_world_original+FinQA_TRAIN_qa.answer,
425,RCL/2005/page_40.pdf-4,RCL/2005,442,0,1,error,frozen_V3.1_numeric_free_text,current_three_world_original+FinQA_TRAIN_qa.answer,
426,JPM/2012/page_109.pdf-1,JPM/2012,444,0,1,error,frozen_V3.1_numeric_free_text,current_three_world_original+FinQA_TRAIN_qa.answer,
427,GS/2015/page_80.pdf-2,GS/2015,445,0,1,error,frozen_V3.1_numeric_free_text,current_three_world_original+FinQA_TRAIN_qa.answer,
428,JPM/2012/page_157.pdf-1,JPM/2012,446,0,1,error,frozen_V3.1_numeric_free_text,current_three_world_original+FinQA_TRAIN_qa.answer,
429,AWK/2017/page_136.pdf-2,AWK/2017,447,0,1,error,frozen_V3.1_numeric_free_text,current_three_world_original+FinQA_TRAIN_qa.answer,
430,SNA/2007/page_80.pdf-2,SNA/2007,448,1,0,correct,frozen_V3.1_numeric_free_text,current_three_world_original+FinQA_TRAIN_qa.answer,
431,IP/2014/page_101.pdf-2,IP/2014,449,0,1,error,frozen_V3.1_numeric_free_text,current_three_world_original+FinQA_TRAIN_qa.answer,
432,ETR/2002/page_266.pdf-2,ETR/2002,450,0,1,error,frozen_V3.1_numeric_free_text,current_three_world_original+FinQA_TRAIN_qa.answer,
433,STT/2009/page_122.pdf-3,STT/2009,451,0,1,error,frozen_V3.1_numeric_free_text,current_three_world_original+FinQA_TRAIN_qa.answer,
434,DISH/2014/page_142.pdf-2,DISH/2014,452,0,1,error,frozen_V3.1_numeric_free_text,current_three_world_original+FinQA_TRAIN_qa.answer,
435,K/2013/page_27.pdf-2,K/2013,453,0,1,error,frozen_V3.1_numeric_free_text,current_three_world_original+FinQA_TRAIN_qa.answer,
436,FIS/2016/page_64.pdf-1,FIS/2016,454,1,0,correct,frozen_V3.1_numeric_free_text,current_three_world_original+FinQA_TRAIN_qa.answer,
437,ORLY/2015/page_28.pdf-4,ORLY/2015,455,1,0,correct,frozen_V3.1_numeric_free_text,current_three_world_original+FinQA_TRAIN_qa.answer,
438,HFC/2011/page_92.pdf-4,HFC/2011,456,0,1,error,frozen_V3.1_numeric_free_text,current_three_world_original+FinQA_TRAIN_qa.answer,
439,DISCA/2012/page_54.pdf-2,DISCA/2012,457,0,1,error,frozen_V3.1_numeric_free_text,current_three_world_original+FinQA_TRAIN_qa.answer,
440,IP/2005/page_31.pdf-2,IP/2005,458,0,1,error,frozen_V3.1_numeric_free_text,current_three_world_original+FinQA_TRAIN_qa.answer,
441,VTR/2006/page_88.pdf-2,VTR/2006,459,0,1,error,frozen_V3.1_numeric_free_text,current_three_world_original+FinQA_TRAIN_qa.answer,
442,C/2009/page_248.pdf-3,C/2009,460,1,0,correct,frozen_V3.1_numeric_free_text,current_three_world_original+FinQA_TRAIN_qa.answer,
443,IPG/2009/page_67.pdf-4,IPG/2009,461,0,1,error,frozen_V3.1_numeric_free_text,current_three_world_original+FinQA_TRAIN_qa.answer,
444,MRO/2008/page_70.pdf-3,MRO/2008,462,1,0,correct,frozen_V3.1_numeric_free_text,current_three_world_original+FinQA_TRAIN_qa.answer,
445,TROW/2011/page_13.pdf-2,TROW/2011,463,0,1,error,frozen_V3.1_numeric_free_text,current_three_world_original+FinQA_TRAIN_qa.answer,
446,STT/2012/page_42.pdf-1,STT/2012,464,1,0,correct,frozen_V3.1_numeric_free_text,current_three_world_original+FinQA_TRAIN_qa.answer,
447,C/2009/page_41.pdf-1,C/2009,465,0,1,error,frozen_V3.1_numeric_free_text,current_three_world_original+FinQA_TRAIN_qa.answer,
448,LMT/2015/page_86.pdf-1,LMT/2015,466,0,1,error,frozen_V3.1_numeric_free_text,current_three_world_original+FinQA_TRAIN_qa.answer,
449,CE/2010/page_150.pdf-1,CE/2010,467,0,1,error,frozen_V3.1_numeric_free_text,current_three_world_original+FinQA_TRAIN_qa.answer,
450,ETFC/2007/page_22.pdf-4,ETFC/2007,468,0,1,error,frozen_V3.1_numeric_free_text,current_three_world_original+FinQA_TRAIN_qa.answer,
451,INTC/2013/page_47.pdf-3,INTC/2013,469,1,0,correct,frozen_V3.1_numeric_free_text,current_three_world_original+FinQA_TRAIN_qa.answer,
452,PKG/2001/page_78.pdf-1,PKG/2001,470,0,1,error,frozen_V3.1_numeric_free_text,current_three_world_original+FinQA_TRAIN_qa.answer,
453,K/2012/page_44.pdf-1,K/2012,471,0,1,error,frozen_V3.1_numeric_free_text,current_three_world_original+FinQA_TRAIN_qa.answer,
454,STZ/2005/page_57.pdf-4,STZ/2005,472,1,0,correct,frozen_V3.1_numeric_free_text,current_three_world_original+FinQA_TRAIN_qa.answer,
455,EL/2009/page_112.pdf-2,EL/2009,473,1,0,correct,frozen_V3.1_numeric_free_text,current_three_world_original+FinQA_TRAIN_qa.answer,
456,AAPL/2015/page_56.pdf-1,AAPL/2015,474,1,0,correct,frozen_V3.1_numeric_free_text,current_three_world_original+FinQA_TRAIN_qa.answer,
457,JPM/2009/page_183.pdf-5,JPM/2009,475,0,1,error,frozen_V3.1_numeric_free_text,current_three_world_original+FinQA_TRAIN_qa.answer,
458,ETR/2009/page_141.pdf-2,ETR/2009,476,1,0,correct,frozen_V3.1_numeric_free_text,current_three_world_original+FinQA_TRAIN_qa.answer,
459,UAA/2016/page_83.pdf-2,UAA/2016,477,0,1,error,frozen_V3.1_numeric_free_text,current_three_world_original+FinQA_TRAIN_qa.answer,
460,ETR/2013/page_93.pdf-1,ETR/2013,478,0,1,error,frozen_V3.1_numeric_free_text,current_three_world_original+FinQA_TRAIN_qa.answer,
461,UPS/2013/page_56.pdf-3,UPS/2013,479,0,1,error,frozen_V3.1_numeric_free_text,current_three_world_original+FinQA_TRAIN_qa.answer,
462,GPN/2016/page_69.pdf-2,GPN/2016,480,0,1,error,frozen_V3.1_numeric_free_text,current_three_world_original+FinQA_TRAIN_qa.answer,
463,AAPL/2006/page_93.pdf-1,AAPL/2006,481,0,1,error,frozen_V3.1_numeric_free_text,current_three_world_original+FinQA_TRAIN_qa.answer,
464,ETR/2008/page_343.pdf-4,ETR/2008,482,0,1,error,frozen_V3.1_numeric_free_text,current_three_world_original+FinQA_TRAIN_qa.answer,
465,STT/2012/page_42.pdf-3,STT/2012,483,0,1,error,frozen_V3.1_numeric_free_text,current_three_world_original+FinQA_TRAIN_qa.answer,
466,C/2009/page_38.pdf-2,C/2009,484,0,1,error,frozen_V3.1_numeric_free_text,current_three_world_original+FinQA_TRAIN_qa.answer,
467,AWK/2018/page_142.pdf-4,AWK/2018,485,1,0,correct,frozen_V3.1_numeric_free_text,current_three_world_original+FinQA_TRAIN_qa.answer,
468,BLK/2016/page_35.pdf-2,BLK/2016,486,0,1,error,frozen_V3.1_numeric_free_text,current_three_world_original+FinQA_TRAIN_qa.answer,
469,CE/2010/page_134.pdf-4,CE/2010,487,0,1,error,frozen_V3.1_numeric_free_text,current_three_world_original+FinQA_TRAIN_qa.answer,
470,ETR/2004/page_186.pdf-1,ETR/2004,488,0,1,error,frozen_V3.1_numeric_free_text,current_three_world_original+FinQA_TRAIN_qa.answer,
471,RL/2016/page_9.pdf-2,RL/2016,489,0,1,error,frozen_V3.1_numeric_free_text,current_three_world_original+FinQA_TRAIN_qa.answer,
472,SNPS/2012/page_64.pdf-2,SNPS/2012,490,1,0,correct,frozen_V3.1_numeric_free_text,current_three_world_original+FinQA_TRAIN_qa.answer,
473,HIG/2014/page_126.pdf-2,HIG/2014,491,1,0,correct,frozen_V3.1_numeric_free_text,current_three_world_original+FinQA_TRAIN_qa.answer,
474,LMT/2016/page_87.pdf-2,LMT/2016,492,0,1,error,frozen_V3.1_numeric_free_text,current_three_world_original+FinQA_TRAIN_qa.answer,
475,LMT/2002/page_33.pdf-4,LMT/2002,493,0,1,error,frozen_V3.1_numeric_free_text,current_three_world_original+FinQA_TRAIN_qa.answer,
476,UPS/2007/page_103.pdf-3,UPS/2007,494,0,1,error,frozen_V3.1_numeric_free_text,current_three_world_original+FinQA_TRAIN_qa.answer,
477,GS/2013/page_184.pdf-2,GS/2013,495,0,1,error,frozen_V3.1_numeric_free_text,current_three_world_original+FinQA_TRAIN_qa.answer,
478,ILMN/2006/page_92.pdf-3,ILMN/2006,496,0,1,error,frozen_V3.1_numeric_free_text,current_three_world_original+FinQA_TRAIN_qa.answer,
479,GS/2012/page_64.pdf-1,GS/2012,498,0,1,error,frozen_V3.1_numeric_free_text,current_three_world_original+FinQA_TRAIN_qa.answer,
480,AWK/2018/page_150.pdf-2,AWK/2018,499,0,1,error,frozen_V3.1_numeric_free_text,current_three_world_original+FinQA_TRAIN_qa.answer,
481,UA/2011/page_66.pdf-1,UA/2011,500,1,0,correct,frozen_V3.1_numeric_free_text,current_three_world_original+FinQA_TRAIN_qa.answer,
482,BKNG/2017/page_35.pdf-3,BKNG/2017,501,0,1,error,frozen_V3.1_numeric_free_text,current_three_world_original+FinQA_TRAIN_qa.answer,
483,DISCA/2011/page_35.pdf-4,DISCA/2011,502,1,0,correct,frozen_V3.1_numeric_free_text,current_three_world_original+FinQA_TRAIN_qa.answer,
484,PKG/2001/page_86.pdf-3,PKG/2001,503,0,1,error,frozen_V3.1_numeric_free_text,current_three_world_original+FinQA_TRAIN_qa.answer,
485,CB/2008/page_144.pdf-2,CB/2008,504,0,1,error,frozen_V3.1_numeric_free_text,current_three_world_original+FinQA_TRAIN_qa.answer,
486,LMT/2007/page_39.pdf-2,LMT/2007,505,0,1,error,frozen_V3.1_numeric_free_text,current_three_world_original+FinQA_TRAIN_qa.answer,
487,FIS/2010/page_89.pdf-4,FIS/2010,506,0,1,error,frozen_V3.1_numeric_free_text,current_three_world_original+FinQA_TRAIN_qa.answer,
488,IPG/2015/page_38.pdf-1,IPG/2015,507,0,1,error,frozen_V3.1_numeric_free_text,current_three_world_original+FinQA_TRAIN_qa.answer,
489,AAP/2011/page_16.pdf-1,AAP/2011,508,0,1,error,frozen_V3.1_numeric_free_text,current_three_world_original+FinQA_TRAIN_qa.answer,
490,ETR/2017/page_343.pdf-2,ETR/2017,509,0,1,error,frozen_V3.1_numeric_free_text,current_three_world_original+FinQA_TRAIN_qa.answer,
491,JPM/2012/page_109.pdf-2,JPM/2012,510,0,1,error,frozen_V3.1_numeric_free_text,current_three_world_original+FinQA_TRAIN_qa.answer,
492,AWK/2017/page_143.pdf-4,AWK/2017,511,0,1,error,frozen_V3.1_numeric_free_text,current_three_world_original+FinQA_TRAIN_qa.answer,
493,CE/2016/page_88.pdf-1,CE/2016,512,0,1,error,frozen_V3.1_numeric_free_text,current_three_world_original+FinQA_TRAIN_qa.answer,
494,ETR/2015/page_133.pdf-1,ETR/2015,513,1,0,correct,frozen_V3.1_numeric_free_text,current_three_world_original+FinQA_TRAIN_qa.answer,
495,AAL/2015/page_83.pdf-2,AAL/2015,514,0,1,error,frozen_V3.1_numeric_free_text,current_three_world_original+FinQA_TRAIN_qa.answer,
496,AMT/2005/page_83.pdf-1,AMT/2005,515,1,0,correct,frozen_V3.1_numeric_free_text,current_three_world_original+FinQA_TRAIN_qa.answer,
497,UNP/2008/page_81.pdf-1,UNP/2008,516,0,1,error,frozen_V3.1_numeric_free_text,current_three_world_original+FinQA_TRAIN_qa.answer,
498,KMI/2014/page_18.pdf-1,KMI/2014,517,1,0,correct,frozen_V3.1_numeric_free_text,current_three_world_original+FinQA_TRAIN_qa.answer,
499,VTR/2007/page_48.pdf-2,VTR/2007,518,0,1,error,frozen_V3.1_numeric_free_text,current_three_world_original+FinQA_TRAIN_qa.answer,
500,IP/2007/page_38.pdf-1,IP/2007,519,0,1,error,frozen_V3.1_numeric_free_text,current_three_world_original+FinQA_TRAIN_qa.answer,
501,AAPL/2006/page_79.pdf-2,AAPL/2006,520,0,1,error,frozen_V3.1_numeric_free_text,current_three_world_original+FinQA_TRAIN_qa.answer,
502,C/2009/page_194.pdf-3,C/2009,521,0,1,error,frozen_V3.1_numeric_free_text,current_three_world_original+FinQA_TRAIN_qa.answer,
503,LMT/2013/page_44.pdf-2,LMT/2013,522,0,1,error,frozen_V3.1_numeric_free_text,current_three_world_original+FinQA_TRAIN_qa.answer,
504,AMT/2014/page_64.pdf-1,AMT/2014,523,0,1,error,frozen_V3.1_numeric_free_text,current_three_world_original+FinQA_TRAIN_qa.answer,
505,GS/2013/page_193.pdf-3,GS/2013,524,0,1,error,frozen_V3.1_numeric_free_text,current_three_world_original+FinQA_TRAIN_qa.answer,
506,UPS/2013/page_34.pdf-2,UPS/2013,525,0,1,error,frozen_V3.1_numeric_free_text,current_three_world_original+FinQA_TRAIN_qa.answer,
507,AMT/2007/page_116.pdf-3,AMT/2007,526,0,1,error,frozen_V3.1_numeric_free_text,current_three_world_original+FinQA_TRAIN_qa.answer,
508,BLL/2010/page_33.pdf-2,BLL/2010,527,0,1,error,frozen_V3.1_numeric_free_text,current_three_world_original+FinQA_TRAIN_qa.answer,
509,JKHY/2015/page_20.pdf-3,JKHY/2015,528,0,1,error,frozen_V3.1_numeric_free_text,current_three_world_original+FinQA_TRAIN_qa.answer,
510,ADBE/2014/page_99.pdf-2,ADBE/2014,529,0,1,error,frozen_V3.1_numeric_free_text,current_three_world_original+FinQA_TRAIN_qa.answer,
511,LMT/2017/page_26.pdf-1,LMT/2017,530,0,1,error,frozen_V3.1_numeric_free_text,current_three_world_original+FinQA_TRAIN_qa.answer,
512,ETR/2016/page_343.pdf-4,ETR/2016,531,1,0,correct,frozen_V3.1_numeric_free_text,current_three_world_original+FinQA_TRAIN_qa.answer,
513,UNP/2010/page_27.pdf-1,UNP/2010,532,0,1,error,frozen_V3.1_numeric_free_text,current_three_world_original+FinQA_TRAIN_qa.answer,
514,BLK/2008/page_75.pdf-2,BLK/2008,533,0,1,error,frozen_V3.1_numeric_free_text,current_three_world_original+FinQA_TRAIN_qa.answer,
515,VNO/2010/page_88.pdf-2,VNO/2010,534,0,1,error,frozen_V3.1_numeric_free_text,current_three_world_original+FinQA_TRAIN_qa.answer,
516,ETR/2017/page_25.pdf-2,ETR/2017,535,0,1,error,frozen_V3.1_numeric_free_text,current_three_world_original+FinQA_TRAIN_qa.answer,
517,KIM/2009/page_145.pdf-1,KIM/2009,536,1,0,correct,frozen_V3.1_numeric_free_text,current_three_world_original+FinQA_TRAIN_qa.answer,
518,ETR/2015/page_133.pdf-4,ETR/2015,537,0,1,error,frozen_V3.1_numeric_free_text,current_three_world_original+FinQA_TRAIN_qa.answer,
519,ETR/2004/page_335.pdf-2,ETR/2004,538,1,0,correct,frozen_V3.1_numeric_free_text,current_three_world_original+FinQA_TRAIN_qa.answer,
520,UPS/2015/page_35.pdf-3,UPS/2015,539,0,1,error,frozen_V3.1_numeric_free_text,current_three_world_original+FinQA_TRAIN_qa.answer,
521,IP/2015/page_51.pdf-1,IP/2015,540,0,1,error,frozen_V3.1_numeric_free_text,current_three_world_original+FinQA_TRAIN_qa.answer,
522,UNP/2012/page_55.pdf-2,UNP/2012,541,0,1,error,frozen_V3.1_numeric_free_text,current_three_world_original+FinQA_TRAIN_qa.answer,
523,AWK/2017/page_154.pdf-1,AWK/2017,542,0,1,error,frozen_V3.1_numeric_free_text,current_three_world_original+FinQA_TRAIN_qa.answer,
524,LMT/2016/page_105.pdf-4,LMT/2016,543,1,0,correct,frozen_V3.1_numeric_free_text,current_three_world_original+FinQA_TRAIN_qa.answer,
525,ETR/2016/page_175.pdf-4,ETR/2016,544,0,1,error,frozen_V3.1_numeric_free_text,current_three_world_original+FinQA_TRAIN_qa.answer,
526,JPM/2014/page_128.pdf-2,JPM/2014,545,0,1,error,frozen_V3.1_numeric_free_text,current_three_world_original+FinQA_TRAIN_qa.answer,
527,LLY/2008/page_45.pdf-3,LLY/2008,546,0,1,error,frozen_V3.1_numeric_free_text,current_three_world_original+FinQA_TRAIN_qa.answer,
528,MKTX/2014/page_39.pdf-3,MKTX/2014,547,1,0,correct,frozen_V3.1_numeric_free_text,current_three_world_original+FinQA_TRAIN_qa.answer,
529,HIG/2016/page_250.pdf-1,HIG/2016,548,0,1,error,frozen_V3.1_numeric_free_text,current_three_world_original+FinQA_TRAIN_qa.answer,
530,ETR/2015/page_24.pdf-2,ETR/2015,550,1,0,correct,frozen_V3.1_numeric_free_text,current_three_world_original+FinQA_TRAIN_qa.answer,
531,IP/2012/page_64.pdf-1,IP/2012,551,0,1,error,frozen_V3.1_numeric_free_text,current_three_world_original+FinQA_TRAIN_qa.answer,
532,UNP/2017/page_23.pdf-1,UNP/2017,552,0,1,error,frozen_V3.1_numeric_free_text,current_three_world_original+FinQA_TRAIN_qa.answer,
533,SLG/2010/page_50.pdf-1,SLG/2010,553,0,1,error,frozen_V3.1_numeric_free_text,current_three_world_original+FinQA_TRAIN_qa.answer,
534,C/2009/page_141.pdf-2,C/2009,554,0,1,error,frozen_V3.1_numeric_free_text,current_three_world_original+FinQA_TRAIN_qa.answer,
535,LMT/2010/page_36.pdf-1,LMT/2010,555,1,0,correct,frozen_V3.1_numeric_free_text,current_three_world_original+FinQA_TRAIN_qa.answer,
536,ETR/2008/page_27.pdf-1,ETR/2008,556,1,0,correct,frozen_V3.1_numeric_free_text,current_three_world_original+FinQA_TRAIN_qa.answer,
537,ETR/2008/page_401.pdf-3,ETR/2008,557,0,1,error,frozen_V3.1_numeric_free_text,current_three_world_original+FinQA_TRAIN_qa.answer,
538,ETR/2017/page_441.pdf-3,ETR/2017,558,0,1,error,frozen_V3.1_numeric_free_text,current_three_world_original+FinQA_TRAIN_qa.answer,
539,ETR/2015/page_18.pdf-3,ETR/2015,559,0,1,error,frozen_V3.1_numeric_free_text,current_three_world_original+FinQA_TRAIN_qa.answer,
540,IPG/2014/page_23.pdf-2,IPG/2014,560,0,1,error,frozen_V3.1_numeric_free_text,current_three_world_original+FinQA_TRAIN_qa.answer,
541,AMT/2012/page_123.pdf-2,AMT/2012,561,0,1,error,frozen_V3.1_numeric_free_text,current_three_world_original+FinQA_TRAIN_qa.answer,
542,ETR/2004/page_86.pdf-1,ETR/2004,562,0,1,error,frozen_V3.1_numeric_free_text,current_three_world_original+FinQA_TRAIN_qa.answer,
543,AAPL/2011/page_65.pdf-1,AAPL/2011,563,1,0,correct,frozen_V3.1_numeric_free_text,current_three_world_original+FinQA_TRAIN_qa.answer,
544,JPM/2016/page_73.pdf-4,JPM/2016,564,1,0,correct,frozen_V3.1_numeric_free_text,current_three_world_original+FinQA_TRAIN_qa.answer,
545,AMT/2012/page_119.pdf-3,AMT/2012,565,0,1,error,frozen_V3.1_numeric_free_text,current_three_world_original+FinQA_TRAIN_qa.answer,
546,AAL/2015/page_183.pdf-1,AAL/2015,566,0,1,error,frozen_V3.1_numeric_free_text,current_three_world_original+FinQA_TRAIN_qa.answer,
547,RSG/2013/page_16.pdf-1,RSG/2013,567,1,0,correct,frozen_V3.1_numeric_free_text,current_three_world_original+FinQA_TRAIN_qa.answer,
548,RCL/2014/page_80.pdf-3,RCL/2014,568,0,1,error,frozen_V3.1_numeric_free_text,current_three_world_original+FinQA_TRAIN_qa.answer,
549,LMT/2002/page_33.pdf-2,LMT/2002,569,0,1,error,frozen_V3.1_numeric_free_text,current_three_world_original+FinQA_TRAIN_qa.answer,
550,AMT/2014/page_120.pdf-2,AMT/2014,570,0,1,error,frozen_V3.1_numeric_free_text,current_three_world_original+FinQA_TRAIN_qa.answer,
551,RSG/2018/page_47.pdf-2,RSG/2018,571,0,1,error,frozen_V3.1_numeric_free_text,current_three_world_original+FinQA_TRAIN_qa.answer,
552,SWKS/2008/page_105.pdf-3,SWKS/2008,572,0,1,error,frozen_V3.1_numeric_free_text,current_three_world_original+FinQA_TRAIN_qa.answer,
553,MRO/2009/page_57.pdf-2,MRO/2009,573,0,1,error,frozen_V3.1_numeric_free_text,current_three_world_original+FinQA_TRAIN_qa.answer,
554,ETR/2016/page_342.pdf-1,ETR/2016,574,0,1,error,frozen_V3.1_numeric_free_text,current_three_world_original+FinQA_TRAIN_qa.answer,
555,C/2008/page_217.pdf-2,C/2008,575,0,1,error,frozen_V3.1_numeric_free_text,current_three_world_original+FinQA_TRAIN_qa.answer,
556,BLK/2017/page_35.pdf-2,BLK/2017,576,0,1,error,frozen_V3.1_numeric_free_text,current_three_world_original+FinQA_TRAIN_qa.answer,
557,LMT/2017/page_101.pdf-1,LMT/2017,577,1,0,correct,frozen_V3.1_numeric_free_text,current_three_world_original+FinQA_TRAIN_qa.answer,
558,DISCA/2016/page_30.pdf-2,DISCA/2016,578,0,1,error,frozen_V3.1_numeric_free_text,current_three_world_original+FinQA_TRAIN_qa.answer,
559,BLK/2012/page_32.pdf-1,BLK/2012,579,0,1,error,frozen_V3.1_numeric_free_text,current_three_world_original+FinQA_TRAIN_qa.answer,
560,CDNS/2007/page_30.pdf-2,CDNS/2007,580,0,1,error,frozen_V3.1_numeric_free_text,current_three_world_original+FinQA_TRAIN_qa.answer,
561,ETR/2008/page_154.pdf-3,ETR/2008,581,1,0,correct,frozen_V3.1_numeric_free_text,current_three_world_original+FinQA_TRAIN_qa.answer,
562,OKE/2007/page_51.pdf-1,OKE/2007,582,0,1,error,frozen_V3.1_numeric_free_text,current_three_world_original+FinQA_TRAIN_qa.answer,
563,JPM/2015/page_77.pdf-2,JPM/2015,583,1,0,correct,frozen_V3.1_numeric_free_text,current_three_world_original+FinQA_TRAIN_qa.answer,
564,ETR/2015/page_50.pdf-2,ETR/2015,584,0,1,error,frozen_V3.1_numeric_free_text,current_three_world_original+FinQA_TRAIN_qa.answer,
565,GS/2013/page_195.pdf-4,GS/2013,585,1,0,correct,frozen_V3.1_numeric_free_text,current_three_world_original+FinQA_TRAIN_qa.answer,
566,LKQ/2010/page_72.pdf-1,LKQ/2010,586,1,0,correct,frozen_V3.1_numeric_free_text,current_three_world_original+FinQA_TRAIN_qa.answer,
567,STT/2007/page_65.pdf-1,STT/2007,587,0,1,error,frozen_V3.1_numeric_free_text,current_three_world_original+FinQA_TRAIN_qa.answer,
568,IP/2005/page_27.pdf-1,IP/2005,588,0,1,error,frozen_V3.1_numeric_free_text,current_three_world_original+FinQA_TRAIN_qa.answer,
569,UAA/2016/page_81.pdf-1,UAA/2016,589,0,1,error,frozen_V3.1_numeric_free_text,current_three_world_original+FinQA_TRAIN_qa.answer,
570,ETR/2008/page_266.pdf-3,ETR/2008,590,0,1,error,frozen_V3.1_numeric_free_text,current_three_world_original+FinQA_TRAIN_qa.answer,
571,TROW/2011/page_13.pdf-3,TROW/2011,591,0,1,error,frozen_V3.1_numeric_free_text,current_three_world_original+FinQA_TRAIN_qa.answer,
572,STZ/2010/page_51.pdf-2,STZ/2010,592,0,1,error,frozen_V3.1_numeric_free_text,current_three_world_original+FinQA_TRAIN_qa.answer,
573,AAL/2015/page_183.pdf-3,AAL/2015,593,0,1,error,frozen_V3.1_numeric_free_text,current_three_world_original+FinQA_TRAIN_qa.answer,
574,AWK/2018/page_178.pdf-2,AWK/2018,594,1,0,correct,frozen_V3.1_numeric_free_text,current_three_world_original+FinQA_TRAIN_qa.answer,
575,ETR/2004/page_160.pdf-1,ETR/2004,595,1,0,correct,frozen_V3.1_numeric_free_text,current_three_world_original+FinQA_TRAIN_qa.answer,
576,UNP/2013/page_24.pdf-1,UNP/2013,596,0,1,error,frozen_V3.1_numeric_free_text,current_three_world_original+FinQA_TRAIN_qa.answer,
577,UNP/2010/page_30.pdf-1,UNP/2010,597,0,1,error,frozen_V3.1_numeric_free_text,current_three_world_original+FinQA_TRAIN_qa.answer,
578,KHC/2018/page_27.pdf-3,KHC/2018,598,0,1,error,frozen_V3.1_numeric_free_text,current_three_world_original+FinQA_TRAIN_qa.answer,
579,AMT/2007/page_99.pdf-1,AMT/2007,599,0,1,error,frozen_V3.1_numeric_free_text,current_three_world_original+FinQA_TRAIN_qa.answer,
580,IP/2018/page_50.pdf-2,IP/2018,600,0,1,error,frozen_V3.1_numeric_free_text,current_three_world_original+FinQA_TRAIN_qa.answer,
581,ADBE/2013/page_89.pdf-4,ADBE/2013,601,1,0,correct,frozen_V3.1_numeric_free_text,current_three_world_original+FinQA_TRAIN_qa.answer,
582,UNP/2014/page_32.pdf-2,UNP/2014,602,0,1,error,frozen_V3.1_numeric_free_text,current_three_world_original+FinQA_TRAIN_qa.answer,
583,ETFC/2012/page_85.pdf-2,ETFC/2012,603,0,1,error,frozen_V3.1_numeric_free_text,current_three_world_original+FinQA_TRAIN_qa.answer,
584,MA/2008/page_116.pdf-3,MA/2008,604,1,0,correct,frozen_V3.1_numeric_free_text,current_three_world_original+FinQA_TRAIN_qa.answer,
585,UPS/2015/page_108.pdf-1,UPS/2015,605,1,0,correct,frozen_V3.1_numeric_free_text,current_three_world_original+FinQA_TRAIN_qa.answer,
586,CMCSA/2004/page_30.pdf-1,CMCSA/2004,606,0,1,error,frozen_V3.1_numeric_free_text,current_three_world_original+FinQA_TRAIN_qa.answer,
587,DISCA/2016/page_30.pdf-3,DISCA/2016,607,1,0,correct,frozen_V3.1_numeric_free_text,current_three_world_original+FinQA_TRAIN_qa.answer,
588,ADBE/2012/page_87.pdf-1,ADBE/2012,609,1,0,correct,frozen_V3.1_numeric_free_text,current_three_world_original+FinQA_TRAIN_qa.answer,
589,VTR/2007/page_97.pdf-3,VTR/2007,610,0,1,error,frozen_V3.1_numeric_free_text,current_three_world_original+FinQA_TRAIN_qa.answer,
590,GPN/2014/page_71.pdf-2,GPN/2014,611,1,0,correct,frozen_V3.1_numeric_free_text,current_three_world_original+FinQA_TRAIN_qa.answer,
591,LMT/2015/page_86.pdf-2,LMT/2015,612,1,0,correct,frozen_V3.1_numeric_free_text,current_three_world_original+FinQA_TRAIN_qa.answer,
592,FIS/2012/page_11.pdf-2,FIS/2012,613,1,0,correct,frozen_V3.1_numeric_free_text,current_three_world_original+FinQA_TRAIN_qa.answer,
593,ETR/2015/page_133.pdf-3,ETR/2015,614,0,1,error,frozen_V3.1_numeric_free_text,current_three_world_original+FinQA_TRAIN_qa.answer,
594,STZ/2005/page_57.pdf-2,STZ/2005,615,0,1,error,frozen_V3.1_numeric_free_text,current_three_world_original+FinQA_TRAIN_qa.answer,
595,CME/2010/page_71.pdf-4,CME/2010,616,1,0,correct,frozen_V3.1_numeric_free_text,current_three_world_original+FinQA_TRAIN_qa.answer,
596,AMAT/2012/page_35.pdf-2,AMAT/2012,617,0,1,error,frozen_V3.1_numeric_free_text,current_three_world_original+FinQA_TRAIN_qa.answer,
597,AWK/2015/page_109.pdf-3,AWK/2015,618,0,1,error,frozen_V3.1_numeric_free_text,current_three_world_original+FinQA_TRAIN_qa.answer,
598,TSCO/2017/page_73.pdf-1,TSCO/2017,619,0,1,error,frozen_V3.1_numeric_free_text,current_three_world_original+FinQA_TRAIN_qa.answer,
599,IP/2012/page_58.pdf-1,IP/2012,620,1,0,correct,frozen_V3.1_numeric_free_text,current_three_world_original+FinQA_TRAIN_qa.answer,
600,LMT/2017/page_83.pdf-1,LMT/2017,621,0,1,error,frozen_V3.1_numeric_free_text,current_three_world_original+FinQA_TRAIN_qa.answer,
601,AMAT/2018/page_31.pdf-1,AMAT/2018,622,0,1,error,frozen_V3.1_numeric_free_text,current_three_world_original+FinQA_TRAIN_qa.answer,
602,GS/2012/page_177.pdf-4,GS/2012,623,0,1,error,frozen_V3.1_numeric_free_text,current_three_world_original+FinQA_TRAIN_qa.answer,
603,JPM/2009/page_132.pdf-1,JPM/2009,624,1,0,correct,frozen_V3.1_numeric_free_text,current_three_world_original+FinQA_TRAIN_qa.answer,
604,AAPL/2011/page_38.pdf-4,AAPL/2011,625,0,1,error,frozen_V3.1_numeric_free_text,current_three_world_original+FinQA_TRAIN_qa.answer,
605,GS/2018/page_134.pdf-4,GS/2018,626,0,1,error,frozen_V3.1_numeric_free_text,current_three_world_original+FinQA_TRAIN_qa.answer,
606,JPM/2008/page_177.pdf-4,JPM/2008,627,0,1,error,frozen_V3.1_numeric_free_text,current_three_world_original+FinQA_TRAIN_qa.answer,
607,KHC/2018/page_27.pdf-1,KHC/2018,628,0,1,error,frozen_V3.1_numeric_free_text,current_three_world_original+FinQA_TRAIN_qa.answer,
608,DISCA/2013/page_60.pdf-2,DISCA/2013,629,0,1,error,frozen_V3.1_numeric_free_text,current_three_world_original+FinQA_TRAIN_qa.answer,
609,LLY/2008/page_43.pdf-2,LLY/2008,630,0,1,error,frozen_V3.1_numeric_free_text,current_three_world_original+FinQA_TRAIN_qa.answer,
610,RL/2014/page_13.pdf-2,RL/2014,631,0,1,error,frozen_V3.1_numeric_free_text,current_three_world_original+FinQA_TRAIN_qa.answer,
611,ETR/2008/page_438.pdf-1,ETR/2008,632,0,1,error,frozen_V3.1_numeric_free_text,current_three_world_original+FinQA_TRAIN_qa.answer,
612,APD/2014/page_36.pdf-1,APD/2014,633,0,1,error,frozen_V3.1_numeric_free_text,current_three_world_original+FinQA_TRAIN_qa.answer,
613,LMT/2010/page_39.pdf-1,LMT/2010,634,0,1,error,frozen_V3.1_numeric_free_text,current_three_world_original+FinQA_TRAIN_qa.answer,
614,AMAT/2012/page_35.pdf-1,AMAT/2012,635,0,1,error,frozen_V3.1_numeric_free_text,current_three_world_original+FinQA_TRAIN_qa.answer,
615,APTV/2015/page_47.pdf-2,APTV/2015,636,0,1,error,frozen_V3.1_numeric_free_text,current_three_world_original+FinQA_TRAIN_qa.answer,
616,INTC/2013/page_40.pdf-3,INTC/2013,637,1,0,correct,frozen_V3.1_numeric_free_text,current_three_world_original+FinQA_TRAIN_qa.answer,
617,PNC/2013/page_65.pdf-1,PNC/2013,638,0,1,error,frozen_V3.1_numeric_free_text,current_three_world_original+FinQA_TRAIN_qa.answer,
618,AAPL/2002/page_63.pdf-2,AAPL/2002,639,0,1,error,frozen_V3.1_numeric_free_text,current_three_world_original+FinQA_TRAIN_qa.answer,
619,ETR/2017/page_19.pdf-2,ETR/2017,640,1,0,correct,frozen_V3.1_numeric_free_text,current_three_world_original+FinQA_TRAIN_qa.answer,
620,AOS/2007/page_17.pdf-2,AOS/2007,641,0,1,error,frozen_V3.1_numeric_free_text,current_three_world_original+FinQA_TRAIN_qa.answer,
621,IPG/2009/page_89.pdf-1,IPG/2009,642,0,1,error,frozen_V3.1_numeric_free_text,current_three_world_original+FinQA_TRAIN_qa.answer,
622,FITB/2008/page_69.pdf-4,FITB/2008,643,0,1,error,frozen_V3.1_numeric_free_text,current_three_world_original+FinQA_TRAIN_qa.answer,
623,GPN/2016/page_84.pdf-3,GPN/2016,644,0,1,error,frozen_V3.1_numeric_free_text,current_three_world_original+FinQA_TRAIN_qa.answer,
624,AWK/2018/page_178.pdf-1,AWK/2018,645,0,1,error,frozen_V3.1_numeric_free_text,current_three_world_original+FinQA_TRAIN_qa.answer,
625,DRE/2002/page_30.pdf-1,DRE/2002,646,0,1,error,frozen_V3.1_numeric_free_text,current_three_world_original+FinQA_TRAIN_qa.answer,
626,MAS/2010/page_86.pdf-2,MAS/2010,647,0,1,error,frozen_V3.1_numeric_free_text,current_three_world_original+FinQA_TRAIN_qa.answer,
627,AWK/2015/page_112.pdf-1,AWK/2015,648,0,1,error,frozen_V3.1_numeric_free_text,current_three_world_original+FinQA_TRAIN_qa.answer,
628,ETFC/2011/page_23.pdf-2,ETFC/2011,649,0,1,error,frozen_V3.1_numeric_free_text,current_three_world_original+FinQA_TRAIN_qa.answer,
629,ETR/2004/page_163.pdf-5,ETR/2004,650,0,1,error,frozen_V3.1_numeric_free_text,current_three_world_original+FinQA_TRAIN_qa.answer,
630,CMCSA/2015/page_42.pdf-1,CMCSA/2015,652,0,1,error,frozen_V3.1_numeric_free_text,current_three_world_original+FinQA_TRAIN_qa.answer,
631,AMAT/2016/page_32.pdf-1,AMAT/2016,653,0,1,error,frozen_V3.1_numeric_free_text,current_three_world_original+FinQA_TRAIN_qa.answer,
632,ILMN/2008/page_77.pdf-1,ILMN/2008,654,0,1,error,frozen_V3.1_numeric_free_text,current_three_world_original+FinQA_TRAIN_qa.answer,
633,MAR/2005/page_52.pdf-1,MAR/2005,655,0,1,error,frozen_V3.1_numeric_free_text,current_three_world_original+FinQA_TRAIN_qa.answer,
634,TSCO/2017/page_28.pdf-2,TSCO/2017,656,0,1,error,frozen_V3.1_numeric_free_text,current_three_world_original+FinQA_TRAIN_qa.answer,
635,MRO/2009/page_32.pdf-4,MRO/2009,657,0,1,error,frozen_V3.1_numeric_free_text,current_three_world_original+FinQA_TRAIN_qa.answer,
636,STT/2008/page_139.pdf-3,STT/2008,658,0,1,error,frozen_V3.1_numeric_free_text,current_three_world_original+FinQA_TRAIN_qa.answer,
637,AAP/2011/page_16.pdf-2,AAP/2011,659,0,1,error,frozen_V3.1_numeric_free_text,current_three_world_original+FinQA_TRAIN_qa.answer,
638,MAR/2010/page_55.pdf-2,MAR/2010,660,0,1,error,frozen_V3.1_numeric_free_text,current_three_world_original+FinQA_TRAIN_qa.answer,
639,MMM/2007/page_66.pdf-1,MMM/2007,661,0,1,error,frozen_V3.1_numeric_free_text,current_three_world_original+FinQA_TRAIN_qa.answer,
640,BKNG/2015/page_38.pdf-3,BKNG/2015,662,0,1,error,frozen_V3.1_numeric_free_text,current_three_world_original+FinQA_TRAIN_qa.answer,
641,DISCA/2016/page_30.pdf-4,DISCA/2016,663,0,1,error,frozen_V3.1_numeric_free_text,current_three_world_original+FinQA_TRAIN_qa.answer,
642,ABMD/2015/page_93.pdf-2,ABMD/2015,664,0,1,error,frozen_V3.1_numeric_free_text,current_three_world_original+FinQA_TRAIN_qa.answer,
643,JPM/2016/page_141.pdf-2,JPM/2016,665,0,1,error,frozen_V3.1_numeric_free_text,current_three_world_original+FinQA_TRAIN_qa.answer,
644,PNC/2012/page_98.pdf-4,PNC/2012,666,0,1,error,frozen_V3.1_numeric_free_text,current_three_world_original+FinQA_TRAIN_qa.answer,
645,ETR/2017/page_441.pdf-1,ETR/2017,667,0,1,error,frozen_V3.1_numeric_free_text,current_three_world_original+FinQA_TRAIN_qa.answer,
646,AOS/2016/page_19.pdf-2,AOS/2016,668,0,1,error,frozen_V3.1_numeric_free_text,current_three_world_original+FinQA_TRAIN_qa.answer,
647,C/2008/page_176.pdf-3,C/2008,669,1,0,correct,frozen_V3.1_numeric_free_text,current_three_world_original+FinQA_TRAIN_qa.answer,
648,ETR/2004/page_19.pdf-2,ETR/2004,670,0,1,error,frozen_V3.1_numeric_free_text,current_three_world_original+FinQA_TRAIN_qa.answer,
649,HST/2018/page_160.pdf-2,HST/2018,671,0,1,error,frozen_V3.1_numeric_free_text,current_three_world_original+FinQA_TRAIN_qa.answer,
650,MA/2008/page_125.pdf-4,MA/2008,672,0,1,error,frozen_V3.1_numeric_free_text,current_three_world_original+FinQA_TRAIN_qa.answer,
651,ETR/2015/page_24.pdf-3,ETR/2015,673,0,1,error,frozen_V3.1_numeric_free_text,current_three_world_original+FinQA_TRAIN_qa.answer,
652,LMT/2013/page_26.pdf-3,LMT/2013,674,0,1,error,frozen_V3.1_numeric_free_text,current_three_world_original+FinQA_TRAIN_qa.answer,
653,JKHY/2016/page_61.pdf-1,JKHY/2016,675,0,1,error,frozen_V3.1_numeric_free_text,current_three_world_original+FinQA_TRAIN_qa.answer,
654,AAL/2015/page_187.pdf-2,AAL/2015,676,0,1,error,frozen_V3.1_numeric_free_text,current_three_world_original+FinQA_TRAIN_qa.answer,
655,SNA/2007/page_47.pdf-1,SNA/2007,677,0,1,error,frozen_V3.1_numeric_free_text,current_three_world_original+FinQA_TRAIN_qa.answer,
656,NKE/2015/page_37.pdf-4,NKE/2015,678,0,1,error,frozen_V3.1_numeric_free_text,current_three_world_original+FinQA_TRAIN_qa.answer,
657,ETR/2008/page_362.pdf-3,ETR/2008,679,0,1,error,frozen_V3.1_numeric_free_text,current_three_world_original+FinQA_TRAIN_qa.answer,
658,ETR/2004/page_160.pdf-2,ETR/2004,680,0,1,error,frozen_V3.1_numeric_free_text,current_three_world_original+FinQA_TRAIN_qa.answer,
659,LMT/2016/page_85.pdf-1,LMT/2016,681,0,1,error,frozen_V3.1_numeric_free_text,current_three_world_original+FinQA_TRAIN_qa.answer,
660,LMT/2016/page_83.pdf-2,LMT/2016,682,0,1,error,frozen_V3.1_numeric_free_text,current_three_world_original+FinQA_TRAIN_qa.answer,
661,C/2009/page_48.pdf-1,C/2009,683,0,1,error,frozen_V3.1_numeric_free_text,current_three_world_original+FinQA_TRAIN_qa.answer,
662,JPM/2003/page_100.pdf-1,JPM/2003,684,0,1,error,frozen_V3.1_numeric_free_text,current_three_world_original+FinQA_TRAIN_qa.answer,
663,PKG/2004/page_21.pdf-2,PKG/2004,685,0,1,error,frozen_V3.1_numeric_free_text,current_three_world_original+FinQA_TRAIN_qa.answer,
664,ETR/2017/page_25.pdf-4,ETR/2017,686,1,0,correct,frozen_V3.1_numeric_free_text,current_three_world_original+FinQA_TRAIN_qa.answer,
665,AWK/2012/page_118.pdf-4,AWK/2012,687,0,1,error,frozen_V3.1_numeric_free_text,current_three_world_original+FinQA_TRAIN_qa.answer,
666,ETR/2016/page_352.pdf-1,ETR/2016,688,1,0,correct,frozen_V3.1_numeric_free_text,current_three_world_original+FinQA_TRAIN_qa.answer,
667,BLL/2010/page_58.pdf-1,BLL/2010,689,0,1,error,frozen_V3.1_numeric_free_text,current_three_world_original+FinQA_TRAIN_qa.answer,
668,JPM/2003/page_28.pdf-2,JPM/2003,690,0,1,error,frozen_V3.1_numeric_free_text,current_three_world_original+FinQA_TRAIN_qa.answer,
669,ETR/2008/page_314.pdf-4,ETR/2008,691,1,0,correct,frozen_V3.1_numeric_free_text,current_three_world_original+FinQA_TRAIN_qa.answer,
670,AES/2011/page_230.pdf-3,AES/2011,692,0,1,error,frozen_V3.1_numeric_free_text,current_three_world_original+FinQA_TRAIN_qa.answer,
671,HOLX/2007/page_130.pdf-2,HOLX/2007,693,0,1,error,frozen_V3.1_numeric_free_text,current_three_world_original+FinQA_TRAIN_qa.answer,
672,RL/2018/page_9.pdf-2,RL/2018,694,0,1,error,frozen_V3.1_numeric_free_text,current_three_world_original+FinQA_TRAIN_qa.answer,
673,STT/2006/page_92.pdf-4,STT/2006,695,0,1,error,frozen_V3.1_numeric_free_text,current_three_world_original+FinQA_TRAIN_qa.answer,
674,MAS/2010/page_29.pdf-4,MAS/2010,696,0,1,error,frozen_V3.1_numeric_free_text,current_three_world_original+FinQA_TRAIN_qa.answer,
675,ETR/2004/page_20.pdf-1,ETR/2004,697,1,0,correct,frozen_V3.1_numeric_free_text,current_three_world_original+FinQA_TRAIN_qa.answer,
676,JPM/2008/page_86.pdf-2,JPM/2008,698,0,1,error,frozen_V3.1_numeric_free_text,current_three_world_original+FinQA_TRAIN_qa.answer,
677,AMAT/2015/page_14.pdf-3,AMAT/2015,699,0,1,error,frozen_V3.1_numeric_free_text,current_three_world_original+FinQA_TRAIN_qa.answer,
678,INTC/2013/page_40.pdf-2,INTC/2013,700,0,1,error,frozen_V3.1_numeric_free_text,current_three_world_original+FinQA_TRAIN_qa.answer,
679,ETR/2008/page_267.pdf-4,ETR/2008,702,1,0,correct,frozen_V3.1_numeric_free_text,current_three_world_original+FinQA_TRAIN_qa.answer,
680,ETR/2008/page_438.pdf-2,ETR/2008,703,0,1,error,frozen_V3.1_numeric_free_text,current_three_world_original+FinQA_TRAIN_qa.answer,
681,DISCA/2013/page_45.pdf-1,DISCA/2013,704,1,0,correct,frozen_V3.1_numeric_free_text,current_three_world_original+FinQA_TRAIN_qa.answer,
682,ETR/2008/page_336.pdf-4,ETR/2008,705,1,0,correct,frozen_V3.1_numeric_free_text,current_three_world_original+FinQA_TRAIN_qa.answer,
683,WELL/2016/page_61.pdf-1,WELL/2016,706,0,1,error,frozen_V3.1_numeric_free_text,current_three_world_original+FinQA_TRAIN_qa.answer,
684,MKTX/2004/page_24.pdf-1,MKTX/2004,707,1,0,correct,frozen_V3.1_numeric_free_text,current_three_world_original+FinQA_TRAIN_qa.answer,
685,AMT/2014/page_88.pdf-2,AMT/2014,708,1,0,correct,frozen_V3.1_numeric_free_text,current_three_world_original+FinQA_TRAIN_qa.answer,
686,SLB/2010/page_58.pdf-1,SLB/2010,709,0,1,error,frozen_V3.1_numeric_free_text,current_three_world_original+FinQA_TRAIN_qa.answer,
687,AMT/2012/page_123.pdf-3,AMT/2012,710,0,1,error,frozen_V3.1_numeric_free_text,current_three_world_original+FinQA_TRAIN_qa.answer,
688,FIS/2012/page_11.pdf-3,FIS/2012,711,0,1,error,frozen_V3.1_numeric_free_text,current_three_world_original+FinQA_TRAIN_qa.answer,
689,RL/2009/page_20.pdf-1,RL/2009,712,0,1,error,frozen_V3.1_numeric_free_text,current_three_world_original+FinQA_TRAIN_qa.answer,
690,PNC/2013/page_85.pdf-2,PNC/2013,713,1,0,correct,frozen_V3.1_numeric_free_text,current_three_world_original+FinQA_TRAIN_qa.answer,
691,EL/2009/page_112.pdf-1,EL/2009,714,1,0,correct,frozen_V3.1_numeric_free_text,current_three_world_original+FinQA_TRAIN_qa.answer,
692,ETR/2017/page_422.pdf-3,ETR/2017,715,0,1,error,frozen_V3.1_numeric_free_text,current_three_world_original+FinQA_TRAIN_qa.answer,
693,AES/2011/page_269.pdf-2,AES/2011,716,0,1,error,frozen_V3.1_numeric_free_text,current_three_world_original+FinQA_TRAIN_qa.answer,
694,CDNS/2018/page_82.pdf-3,CDNS/2018,717,0,1,error,frozen_V3.1_numeric_free_text,current_three_world_original+FinQA_TRAIN_qa.answer,
695,RE/2017/page_145.pdf-3,RE/2017,718,0,1,error,frozen_V3.1_numeric_free_text,current_three_world_original+FinQA_TRAIN_qa.answer,
696,IP/2012/page_55.pdf-1,IP/2012,719,0,1,error,frozen_V3.1_numeric_free_text,current_three_world_original+FinQA_TRAIN_qa.answer,
697,AAL/2014/page_89.pdf-1,AAL/2014,720,1,0,correct,frozen_V3.1_numeric_free_text,current_three_world_original+FinQA_TRAIN_qa.answer,
698,AES/2011/page_260.pdf-1,AES/2011,721,0,1,error,frozen_V3.1_numeric_free_text,current_three_world_original+FinQA_TRAIN_qa.answer,
699,RSG/2015/page_18.pdf-1,RSG/2015,722,1,0,correct,frozen_V3.1_numeric_free_text,current_three_world_original+FinQA_TRAIN_qa.answer,
700,RSG/2012/page_145.pdf-1,RSG/2012,723,1,0,correct,frozen_V3.1_numeric_free_text,current_three_world_original+FinQA_TRAIN_qa.answer,
701,DVN/2010/page_70.pdf-1,DVN/2010,724,0,1,error,frozen_V3.1_numeric_free_text,current_three_world_original+FinQA_TRAIN_qa.answer,
702,CNC/2003/page_41.pdf-1,CNC/2003,725,0,1,error,frozen_V3.1_numeric_free_text,current_three_world_original+FinQA_TRAIN_qa.answer,
703,DISCA/2012/page_54.pdf-1,DISCA/2012,726,0,1,error,frozen_V3.1_numeric_free_text,current_three_world_original+FinQA_TRAIN_qa.answer,
704,AAL/2014/page_92.pdf-1,AAL/2014,727,0,1,error,frozen_V3.1_numeric_free_text,current_three_world_original+FinQA_TRAIN_qa.answer,
705,HFC/2017/page_103.pdf-5,HFC/2017,728,0,1,error,frozen_V3.1_numeric_free_text,current_three_world_original+FinQA_TRAIN_qa.answer,
706,AAPL/2017/page_23.pdf-2,AAPL/2017,729,0,1,error,frozen_V3.1_numeric_free_text,current_three_world_original+FinQA_TRAIN_qa.answer,
707,V/2008/page_165.pdf-2,V/2008,731,0,1,error,frozen_V3.1_numeric_free_text,current_three_world_original+FinQA_TRAIN_qa.answer,
708,GPN/2017/page_76.pdf-2,GPN/2017,732,0,1,error,frozen_V3.1_numeric_free_text,current_three_world_original+FinQA_TRAIN_qa.answer,
709,UNP/2018/page_50.pdf-1,UNP/2018,733,0,1,error,frozen_V3.1_numeric_free_text,current_three_world_original+FinQA_TRAIN_qa.answer,
710,ETR/2008/page_314.pdf-1,ETR/2008,734,1,0,correct,frozen_V3.1_numeric_free_text,current_three_world_original+FinQA_TRAIN_qa.answer,
711,IPG/2017/page_26.pdf-2,IPG/2017,735,0,1,error,frozen_V3.1_numeric_free_text,current_three_world_original+FinQA_TRAIN_qa.answer,
712,V/2013/page_113.pdf-1,V/2013,736,1,0,correct,frozen_V3.1_numeric_free_text,current_three_world_original+FinQA_TRAIN_qa.answer,
713,NKE/2015/page_37.pdf-2,NKE/2015,737,0,1,error,frozen_V3.1_numeric_free_text,current_three_world_original+FinQA_TRAIN_qa.answer,
714,RSG/2008/page_127.pdf-2,RSG/2008,738,0,1,error,frozen_V3.1_numeric_free_text,current_three_world_original+FinQA_TRAIN_qa.answer,
715,MA/2008/page_113.pdf-4,MA/2008,739,0,1,error,frozen_V3.1_numeric_free_text,current_three_world_original+FinQA_TRAIN_qa.answer,
716,SLG/2012/page_61.pdf-2,SLG/2012,740,0,1,error,frozen_V3.1_numeric_free_text,current_three_world_original+FinQA_TRAIN_qa.answer,
717,AWK/2018/page_172.pdf-3,AWK/2018,741,0,1,error,frozen_V3.1_numeric_free_text,current_three_world_original+FinQA_TRAIN_qa.answer,
718,ETFC/2013/page_155.pdf-1,ETFC/2013,742,0,1,error,frozen_V3.1_numeric_free_text,current_three_world_original+FinQA_TRAIN_qa.answer,
719,LMT/2016/page_50.pdf-3,LMT/2016,743,0,1,error,frozen_V3.1_numeric_free_text,current_three_world_original+FinQA_TRAIN_qa.answer,
720,HOLX/2005/page_27.pdf-1,HOLX/2005,744,0,1,error,frozen_V3.1_numeric_free_text,current_three_world_original+FinQA_TRAIN_qa.answer,
721,MA/2008/page_70.pdf-1,MA/2008,745,1,0,correct,frozen_V3.1_numeric_free_text,current_three_world_original+FinQA_TRAIN_qa.answer,
722,LMT/2017/page_26.pdf-2,LMT/2017,746,0,1,error,frozen_V3.1_numeric_free_text,current_three_world_original+FinQA_TRAIN_qa.answer,
723,ETR/2004/page_19.pdf-1,ETR/2004,747,1,0,correct,frozen_V3.1_numeric_free_text,current_three_world_original+FinQA_TRAIN_qa.answer,
724,AAL/2015/page_183.pdf-2,AAL/2015,748,0,1,error,frozen_V3.1_numeric_free_text,current_three_world_original+FinQA_TRAIN_qa.answer,
725,LMT/2013/page_45.pdf-2,LMT/2013,749,0,1,error,frozen_V3.1_numeric_free_text,current_three_world_original+FinQA_TRAIN_qa.answer,
726,CB/2009/page_220.pdf-1,CB/2009,750,0,1,error,frozen_V3.1_numeric_free_text,current_three_world_original+FinQA_TRAIN_qa.answer,
727,STT/2007/page_65.pdf-3,STT/2007,751,1,0,correct,frozen_V3.1_numeric_free_text,current_three_world_original+FinQA_TRAIN_qa.answer,
728,IP/2005/page_28.pdf-2,IP/2005,752,0,1,error,frozen_V3.1_numeric_free_text,current_three_world_original+FinQA_TRAIN_qa.answer,
729,STT/2008/page_73.pdf-3,STT/2008,753,0,1,error,frozen_V3.1_numeric_free_text,current_three_world_original+FinQA_TRAIN_qa.answer,
730,HUM/2005/page_80.pdf-3,HUM/2005,754,0,1,error,frozen_V3.1_numeric_free_text,current_three_world_original+FinQA_TRAIN_qa.answer,
731,JKHY/2015/page_20.pdf-1,JKHY/2015,755,0,1,error,frozen_V3.1_numeric_free_text,current_three_world_original+FinQA_TRAIN_qa.answer,
732,GS/2016/page_183.pdf-4,GS/2016,756,1,0,correct,frozen_V3.1_numeric_free_text,current_three_world_original+FinQA_TRAIN_qa.answer,
733,HST/2018/page_160.pdf-1,HST/2018,757,0,1,error,frozen_V3.1_numeric_free_text,current_three_world_original+FinQA_TRAIN_qa.answer,
734,C/2009/page_255.pdf-2,C/2009,759,0,1,error,frozen_V3.1_numeric_free_text,current_three_world_original+FinQA_TRAIN_qa.answer,
735,VNO/2010/page_88.pdf-1,VNO/2010,760,1,0,correct,frozen_V3.1_numeric_free_text,current_three_world_original+FinQA_TRAIN_qa.answer,
736,ETR/2017/page_414.pdf-1,ETR/2017,761,0,1,error,frozen_V3.1_numeric_free_text,current_three_world_original+FinQA_TRAIN_qa.answer,
737,EW/2014/page_35.pdf-1,EW/2014,762,0,1,error,frozen_V3.1_numeric_free_text,current_three_world_original+FinQA_TRAIN_qa.answer,
738,AAPL/2015/page_68.pdf-3,AAPL/2015,763,1,0,correct,frozen_V3.1_numeric_free_text,current_three_world_original+FinQA_TRAIN_qa.answer,
739,ETR/2015/page_111.pdf-1,ETR/2015,764,1,0,correct,frozen_V3.1_numeric_free_text,current_three_world_original+FinQA_TRAIN_qa.answer,
740,PKG/2018/page_66.pdf-1,PKG/2018,765,0,1,error,frozen_V3.1_numeric_free_text,current_three_world_original+FinQA_TRAIN_qa.answer,
741,RSG/2008/page_141.pdf-1,RSG/2008,767,0,1,error,frozen_V3.1_numeric_free_text,current_three_world_original+FinQA_TRAIN_qa.answer,
742,TROW/2013/page_25.pdf-3,TROW/2013,768,0,1,error,frozen_V3.1_numeric_free_text,current_three_world_original+FinQA_TRAIN_qa.answer,
743,HFC/2017/page_103.pdf-1,HFC/2017,769,1,0,correct,frozen_V3.1_numeric_free_text,current_three_world_original+FinQA_TRAIN_qa.answer,
744,C/2008/page_26.pdf-3,C/2008,770,0,1,error,frozen_V3.1_numeric_free_text,current_three_world_original+FinQA_TRAIN_qa.answer,
745,FIS/2012/page_30.pdf-2,FIS/2012,771,1,0,correct,frozen_V3.1_numeric_free_text,current_three_world_original+FinQA_TRAIN_qa.answer,
746,GS/2012/page_177.pdf-2,GS/2012,772,0,1,error,frozen_V3.1_numeric_free_text,current_three_world_original+FinQA_TRAIN_qa.answer,
747,RCL/2017/page_38.pdf-2,RCL/2017,773,0,1,error,frozen_V3.1_numeric_free_text,current_three_world_original+FinQA_TRAIN_qa.answer,
748,STT/2008/page_139.pdf-4,STT/2008,774,1,0,correct,frozen_V3.1_numeric_free_text,current_three_world_original+FinQA_TRAIN_qa.answer,
749,AAPL/2006/page_79.pdf-3,AAPL/2006,775,0,1,error,frozen_V3.1_numeric_free_text,current_three_world_original+FinQA_TRAIN_qa.answer,
750,ETR/2015/page_155.pdf-1,ETR/2015,776,0,1,error,frozen_V3.1_numeric_free_text,current_three_world_original+FinQA_TRAIN_qa.answer,
751,JPM/2015/page_83.pdf-1,JPM/2015,777,1,0,correct,frozen_V3.1_numeric_free_text,current_three_world_original+FinQA_TRAIN_qa.answer,
752,LMT/2013/page_81.pdf-2,LMT/2013,778,0,1,error,frozen_V3.1_numeric_free_text,current_three_world_original+FinQA_TRAIN_qa.answer,
753,C/2008/page_176.pdf-1,C/2008,779,0,1,error,frozen_V3.1_numeric_free_text,current_three_world_original+FinQA_TRAIN_qa.answer,
754,IP/2013/page_62.pdf-1,IP/2013,780,0,1,error,frozen_V3.1_numeric_free_text,current_three_world_original+FinQA_TRAIN_qa.answer,
755,SLB/2010/page_90.pdf-1,SLB/2010,781,1,0,correct,frozen_V3.1_numeric_free_text,current_three_world_original+FinQA_TRAIN_qa.answer,
756,UNP/2008/page_71.pdf-2,UNP/2008,782,0,1,error,frozen_V3.1_numeric_free_text,current_three_world_original+FinQA_TRAIN_qa.answer,
757,UPS/2013/page_34.pdf-3,UPS/2013,783,0,1,error,frozen_V3.1_numeric_free_text,current_three_world_original+FinQA_TRAIN_qa.answer,
758,STT/2006/page_92.pdf-3,STT/2006,784,0,1,error,frozen_V3.1_numeric_free_text,current_three_world_original+FinQA_TRAIN_qa.answer,
759,LLY/2018/page_99.pdf-3,LLY/2018,785,0,1,error,frozen_V3.1_numeric_free_text,current_three_world_original+FinQA_TRAIN_qa.answer,
760,C/2008/page_219.pdf-1,C/2008,786,0,1,error,frozen_V3.1_numeric_free_text,current_three_world_original+FinQA_TRAIN_qa.answer,
761,MRO/2009/page_137.pdf-3,MRO/2009,787,0,1,error,frozen_V3.1_numeric_free_text,current_three_world_original+FinQA_TRAIN_qa.answer,
762,ETR/2016/page_352.pdf-2,ETR/2016,788,0,1,error,frozen_V3.1_numeric_free_text,current_three_world_original+FinQA_TRAIN_qa.answer,
763,UNP/2009/page_83.pdf-2,UNP/2009,789,0,1,error,frozen_V3.1_numeric_free_text,current_three_world_original+FinQA_TRAIN_qa.answer,
764,C/2008/page_207.pdf-2,C/2008,790,1,0,correct,frozen_V3.1_numeric_free_text,current_three_world_original+FinQA_TRAIN_qa.answer,
765,LMT/2016/page_50.pdf-4,LMT/2016,791,0,1,error,frozen_V3.1_numeric_free_text,current_three_world_original+FinQA_TRAIN_qa.answer,
766,AWK/2017/page_136.pdf-3,AWK/2017,792,0,1,error,frozen_V3.1_numeric_free_text,current_three_world_original+FinQA_TRAIN_qa.answer,
767,BLK/2017/page_87.pdf-1,BLK/2017,793,0,1,error,frozen_V3.1_numeric_free_text,current_three_world_original+FinQA_TRAIN_qa.answer,
768,LKQ/2009/page_66.pdf-2,LKQ/2009,794,0,1,error,frozen_V3.1_numeric_free_text,current_three_world_original+FinQA_TRAIN_qa.answer,
769,ORLY/2017/page_30.pdf-1,ORLY/2017,795,0,1,error,frozen_V3.1_numeric_free_text,current_three_world_original+FinQA_TRAIN_qa.answer,
770,C/2009/page_194.pdf-2,C/2009,796,0,1,error,frozen_V3.1_numeric_free_text,current_three_world_original+FinQA_TRAIN_qa.answer,
771,FITB/2008/page_69.pdf-3,FITB/2008,797,0,1,error,frozen_V3.1_numeric_free_text,current_three_world_original+FinQA_TRAIN_qa.answer,
772,AAPL/2018/page_23.pdf-1,AAPL/2018,798,1,0,correct,frozen_V3.1_numeric_free_text,current_three_world_original+FinQA_TRAIN_qa.answer,
773,HIG/2014/page_126.pdf-1,HIG/2014,799,0,1,error,frozen_V3.1_numeric_free_text,current_three_world_original+FinQA_TRAIN_qa.answer,
774,UNP/2018/page_50.pdf-2,UNP/2018,800,0,1,error,frozen_V3.1_numeric_free_text,current_three_world_original+FinQA_TRAIN_qa.answer,
775,APD/2013/page_44.pdf-1,APD/2013,802,0,1,error,frozen_V3.1_numeric_free_text,current_three_world_original+FinQA_TRAIN_qa.answer,
776,SNPS/2012/page_61.pdf-4,SNPS/2012,803,0,1,error,frozen_V3.1_numeric_free_text,current_three_world_original+FinQA_TRAIN_qa.answer,
777,SLG/2009/page_99.pdf-4,SLG/2009,804,0,1,error,frozen_V3.1_numeric_free_text,current_three_world_original+FinQA_TRAIN_qa.answer,
778,EW/2016/page_36.pdf-2,EW/2016,805,0,1,error,frozen_V3.1_numeric_free_text,current_three_world_original+FinQA_TRAIN_qa.answer,
779,AMT/2007/page_99.pdf-4,AMT/2007,806,0,1,error,frozen_V3.1_numeric_free_text,current_three_world_original+FinQA_TRAIN_qa.answer,
780,MAR/2005/page_52.pdf-2,MAR/2005,807,0,1,error,frozen_V3.1_numeric_free_text,current_three_world_original+FinQA_TRAIN_qa.answer,
781,SNPS/2006/page_68.pdf-2,SNPS/2006,808,0,1,error,frozen_V3.1_numeric_free_text,current_three_world_original+FinQA_TRAIN_qa.answer,
782,GS/2018/page_165.pdf-2,GS/2018,809,1,0,correct,frozen_V3.1_numeric_free_text,current_three_world_original+FinQA_TRAIN_qa.answer,
783,RSG/2018/page_56.pdf-2,RSG/2018,810,0,1,error,frozen_V3.1_numeric_free_text,current_three_world_original+FinQA_TRAIN_qa.answer,
784,KHC/2016/page_94.pdf-1,KHC/2016,811,0,1,error,frozen_V3.1_numeric_free_text,current_three_world_original+FinQA_TRAIN_qa.answer,
785,RCL/2012/page_80.pdf-1,RCL/2012,812,0,1,error,frozen_V3.1_numeric_free_text,current_three_world_original+FinQA_TRAIN_qa.answer,
786,HIG/2013/page_124.pdf-3,HIG/2013,813,0,1,error,frozen_V3.1_numeric_free_text,current_three_world_original+FinQA_TRAIN_qa.answer,
787,ADI/2012/page_65.pdf-1,ADI/2012,814,1,0,correct,frozen_V3.1_numeric_free_text,current_three_world_original+FinQA_TRAIN_qa.answer,
788,C/2009/page_279.pdf-2,C/2009,815,1,0,correct,frozen_V3.1_numeric_free_text,current_three_world_original+FinQA_TRAIN_qa.answer,
789,APTV/2013/page_48.pdf-2,APTV/2013,816,1,0,correct,frozen_V3.1_numeric_free_text,current_three_world_original+FinQA_TRAIN_qa.answer,
790,SLB/2006/page_82.pdf-3,SLB/2006,817,0,1,error,frozen_V3.1_numeric_free_text,current_three_world_original+FinQA_TRAIN_qa.answer,
791,AMAT/2016/page_30.pdf-3,AMAT/2016,818,1,0,correct,frozen_V3.1_numeric_free_text,current_three_world_original+FinQA_TRAIN_qa.answer,
792,AAL/2015/page_131.pdf-3,AAL/2015,819,0,1,error,frozen_V3.1_numeric_free_text,current_three_world_original+FinQA_TRAIN_qa.answer,
793,ETR/2004/page_186.pdf-4,ETR/2004,820,0,1,error,frozen_V3.1_numeric_free_text,current_three_world_original+FinQA_TRAIN_qa.answer,
794,WRK/2019/page_31.pdf-3,WRK/2019,821,0,1,error,frozen_V3.1_numeric_free_text,current_three_world_original+FinQA_TRAIN_qa.answer,
795,ORLY/2018/page_30.pdf-1,ORLY/2018,822,1,0,correct,frozen_V3.1_numeric_free_text,current_three_world_original+FinQA_TRAIN_qa.answer,
796,ETR/2004/page_159.pdf-4,ETR/2004,823,0,1,error,frozen_V3.1_numeric_free_text,current_three_world_original+FinQA_TRAIN_qa.answer,
797,BLL/2006/page_89.pdf-1,BLL/2006,824,0,1,error,frozen_V3.1_numeric_free_text,current_three_world_original+FinQA_TRAIN_qa.answer,
798,GPN/2016/page_67.pdf-1,GPN/2016,825,1,0,correct,frozen_V3.1_numeric_free_text,current_three_world_original+FinQA_TRAIN_qa.answer,
799,AMT/2016/page_69.pdf-3,AMT/2016,826,0,1,error,frozen_V3.1_numeric_free_text,current_three_world_original+FinQA_TRAIN_qa.answer,
800,ETR/2008/page_343.pdf-3,ETR/2008,827,0,1,error,frozen_V3.1_numeric_free_text,current_three_world_original+FinQA_TRAIN_qa.answer,
801,AWK/2014/page_45.pdf-2,AWK/2014,828,0,1,error,frozen_V3.1_numeric_free_text,current_three_world_original+FinQA_TRAIN_qa.answer,
802,SLG/2010/page_50.pdf-2,SLG/2010,829,0,1,error,frozen_V3.1_numeric_free_text,current_three_world_original+FinQA_TRAIN_qa.answer,
803,DVN/2013/page_101.pdf-3,DVN/2013,830,0,1,error,frozen_V3.1_numeric_free_text,current_three_world_original+FinQA_TRAIN_qa.answer,
804,AAPL/2006/page_79.pdf-4,AAPL/2006,831,1,0,correct,frozen_V3.1_numeric_free_text,current_three_world_original+FinQA_TRAIN_qa.answer,
805,APTV/2015/page_50.pdf-2,APTV/2015,832,0,1,error,frozen_V3.1_numeric_free_text,current_three_world_original+FinQA_TRAIN_qa.answer,
806,AAP/2013/page_32.pdf-2,AAP/2013,833,0,1,error,frozen_V3.1_numeric_free_text,current_three_world_original+FinQA_TRAIN_qa.answer,
807,APD/2014/page_71.pdf-1,APD/2014,834,0,1,error,frozen_V3.1_numeric_free_text,current_three_world_original+FinQA_TRAIN_qa.answer,
808,LMT/2010/page_24.pdf-4,LMT/2010,835,0,1,error,frozen_V3.1_numeric_free_text,current_three_world_original+FinQA_TRAIN_qa.answer,
809,ETR/2016/page_505.pdf-2,ETR/2016,836,0,1,error,frozen_V3.1_numeric_free_text,current_three_world_original+FinQA_TRAIN_qa.answer,
810,PKG/2004/page_21.pdf-3,PKG/2004,837,1,0,correct,frozen_V3.1_numeric_free_text,current_three_world_original+FinQA_TRAIN_qa.answer,
811,STT/2008/page_139.pdf-1,STT/2008,838,0,1,error,frozen_V3.1_numeric_free_text,current_three_world_original+FinQA_TRAIN_qa.answer,
812,AON/2010/page_100.pdf-3,AON/2010,839,0,1,error,frozen_V3.1_numeric_free_text,current_three_world_original+FinQA_TRAIN_qa.answer,
813,PNC/2014/page_203.pdf-4,PNC/2014,840,0,1,error,frozen_V3.1_numeric_free_text,current_three_world_original+FinQA_TRAIN_qa.answer,
814,VNO/2003/page_102.pdf-2,VNO/2003,841,0,1,error,frozen_V3.1_numeric_free_text,current_three_world_original+FinQA_TRAIN_qa.answer,
815,GS/2014/page_62.pdf-2,GS/2014,842,1,0,correct,frozen_V3.1_numeric_free_text,current_three_world_original+FinQA_TRAIN_qa.answer,
816,HST/2018/page_115.pdf-2,HST/2018,843,0,1,error,frozen_V3.1_numeric_free_text,current_three_world_original+FinQA_TRAIN_qa.answer,
817,ORLY/2016/page_29.pdf-3,ORLY/2016,844,1,0,correct,frozen_V3.1_numeric_free_text,current_three_world_original+FinQA_TRAIN_qa.answer,
818,UNP/2017/page_74.pdf-2,UNP/2017,845,0,1,error,frozen_V3.1_numeric_free_text,current_three_world_original+FinQA_TRAIN_qa.answer,
819,AES/2001/page_43.pdf-2,AES/2001,846,0,1,error,frozen_V3.1_numeric_free_text,current_three_world_original+FinQA_TRAIN_qa.answer,
820,VTR/2007/page_48.pdf-4,VTR/2007,847,1,0,correct,frozen_V3.1_numeric_free_text,current_three_world_original+FinQA_TRAIN_qa.answer,
821,ETR/2004/page_186.pdf-3,ETR/2004,848,0,1,error,frozen_V3.1_numeric_free_text,current_three_world_original+FinQA_TRAIN_qa.answer,
822,IPG/2014/page_37.pdf-1,IPG/2014,849,0,1,error,frozen_V3.1_numeric_free_text,current_three_world_original+FinQA_TRAIN_qa.answer,
823,DVN/2014/page_112.pdf-4,DVN/2014,850,0,1,error,frozen_V3.1_numeric_free_text,current_three_world_original+FinQA_TRAIN_qa.answer,
824,TSCO/2018/page_31.pdf-1,TSCO/2018,851,0,1,error,frozen_V3.1_numeric_free_text,current_three_world_original+FinQA_TRAIN_qa.answer,
825,PPG/2018/page_60.pdf-1,PPG/2018,852,0,1,error,frozen_V3.1_numeric_free_text,current_three_world_original+FinQA_TRAIN_qa.answer,
826,ADBE/2014/page_99.pdf-3,ADBE/2014,853,0,1,error,frozen_V3.1_numeric_free_text,current_three_world_original+FinQA_TRAIN_qa.answer,
827,AWK/2015/page_106.pdf-3,AWK/2015,854,0,1,error,frozen_V3.1_numeric_free_text,current_three_world_original+FinQA_TRAIN_qa.answer,
828,AWK/2017/page_172.pdf-1,AWK/2017,855,0,1,error,frozen_V3.1_numeric_free_text,current_three_world_original+FinQA_TRAIN_qa.answer,
829,DISCA/2012/page_54.pdf-3,DISCA/2012,856,1,0,correct,frozen_V3.1_numeric_free_text,current_three_world_original+FinQA_TRAIN_qa.answer,
830,AWK/2017/page_154.pdf-4,AWK/2017,857,0,1,error,frozen_V3.1_numeric_free_text,current_three_world_original+FinQA_TRAIN_qa.answer,
831,AWK/2013/page_123.pdf-1,AWK/2013,858,0,1,error,frozen_V3.1_numeric_free_text,current_three_world_original+FinQA_TRAIN_qa.answer,
832,RL/2015/page_9.pdf-2,RL/2015,859,0,1,error,frozen_V3.1_numeric_free_text,current_three_world_original+FinQA_TRAIN_qa.answer,
833,NKE/2015/page_37.pdf-3,NKE/2015,860,0,1,error,frozen_V3.1_numeric_free_text,current_three_world_original+FinQA_TRAIN_qa.answer,
834,MRO/2008/page_70.pdf-1,MRO/2008,861,1,0,correct,frozen_V3.1_numeric_free_text,current_three_world_original+FinQA_TRAIN_qa.answer,
835,HUM/2012/page_109.pdf-2,HUM/2012,862,0,1,error,frozen_V3.1_numeric_free_text,current_three_world_original+FinQA_TRAIN_qa.answer,
836,AWK/2015/page_127.pdf-2,AWK/2015,863,0,1,error,frozen_V3.1_numeric_free_text,current_three_world_original+FinQA_TRAIN_qa.answer,
837,AAP/2016/page_65.pdf-1,AAP/2016,864,1,0,correct,frozen_V3.1_numeric_free_text,current_three_world_original+FinQA_TRAIN_qa.answer,
838,GS/2014/page_134.pdf-1,GS/2014,865,0,1,error,frozen_V3.1_numeric_free_text,current_three_world_original+FinQA_TRAIN_qa.answer,
839,RCL/2006/page_37.pdf-2,RCL/2006,866,1,0,correct,frozen_V3.1_numeric_free_text,current_three_world_original+FinQA_TRAIN_qa.answer,
840,SLG/2010/page_81.pdf-4,SLG/2010,867,0,1,error,frozen_V3.1_numeric_free_text,current_three_world_original+FinQA_TRAIN_qa.answer,
841,LMT/2007/page_55.pdf-2,LMT/2007,868,1,0,correct,frozen_V3.1_numeric_free_text,current_three_world_original+FinQA_TRAIN_qa.answer,
842,LMT/2010/page_37.pdf-4,LMT/2010,869,1,0,correct,frozen_V3.1_numeric_free_text,current_three_world_original+FinQA_TRAIN_qa.answer,
843,PKG/2006/page_68.pdf-4,PKG/2006,870,0,1,error,frozen_V3.1_numeric_free_text,current_three_world_original+FinQA_TRAIN_qa.answer,
844,ALLE/2018/page_121.pdf-2,ALLE/2018,871,0,1,error,frozen_V3.1_numeric_free_text,current_three_world_original+FinQA_TRAIN_qa.answer,
845,UPS/2013/page_56.pdf-1,UPS/2013,872,1,0,correct,frozen_V3.1_numeric_free_text,current_three_world_original+FinQA_TRAIN_qa.answer,
846,AAPL/2014/page_78.pdf-1,AAPL/2014,873,0,1,error,frozen_V3.1_numeric_free_text,current_three_world_original+FinQA_TRAIN_qa.answer,
847,GPN/2013/page_71.pdf-1,GPN/2013,874,0,1,error,frozen_V3.1_numeric_free_text,current_three_world_original+FinQA_TRAIN_qa.answer,
848,IPG/2018/page_104.pdf-3,IPG/2018,875,0,1,error,frozen_V3.1_numeric_free_text,current_three_world_original+FinQA_TRAIN_qa.answer,
849,IPG/2018/page_26.pdf-1,IPG/2018,876,0,1,error,frozen_V3.1_numeric_free_text,current_three_world_original+FinQA_TRAIN_qa.answer,
850,FIS/2007/page_33.pdf-1,FIS/2007,877,0,1,error,frozen_V3.1_numeric_free_text,current_three_world_original+FinQA_TRAIN_qa.answer,
851,TFX/2015/page_42.pdf-1,TFX/2015,878,0,1,error,frozen_V3.1_numeric_free_text,current_three_world_original+FinQA_TRAIN_qa.answer,
852,C/2016/page_120.pdf-2,C/2016,880,1,0,correct,frozen_V3.1_numeric_free_text,current_three_world_original+FinQA_TRAIN_qa.answer,
853,LMT/2016/page_85.pdf-3,LMT/2016,881,0,1,error,frozen_V3.1_numeric_free_text,current_three_world_original+FinQA_TRAIN_qa.answer,
854,RSG/2017/page_74.pdf-1,RSG/2017,882,0,1,error,frozen_V3.1_numeric_free_text,current_three_world_original+FinQA_TRAIN_qa.answer,
855,RCL/2017/page_38.pdf-1,RCL/2017,883,0,1,error,frozen_V3.1_numeric_free_text,current_three_world_original+FinQA_TRAIN_qa.answer,
856,GRMN/2006/page_91.pdf-2,GRMN/2006,884,0,1,error,frozen_V3.1_numeric_free_text,current_three_world_original+FinQA_TRAIN_qa.answer,
857,AAPL/2002/page_63.pdf-3,AAPL/2002,885,0,1,error,frozen_V3.1_numeric_free_text,current_three_world_original+FinQA_TRAIN_qa.answer,
858,BLK/2017/page_35.pdf-1,BLK/2017,886,0,1,error,frozen_V3.1_numeric_free_text,current_three_world_original+FinQA_TRAIN_qa.answer,
859,RCL/2016/page_37.pdf-3,RCL/2016,887,0,1,error,frozen_V3.1_numeric_free_text,current_three_world_original+FinQA_TRAIN_qa.answer,
860,LLY/2018/page_42.pdf-2,LLY/2018,888,0,1,error,frozen_V3.1_numeric_free_text,current_three_world_original+FinQA_TRAIN_qa.answer,
861,AAPL/2002/page_26.pdf-4,AAPL/2002,889,0,1,error,frozen_V3.1_numeric_free_text,current_three_world_original+FinQA_TRAIN_qa.answer,
862,AAP/2016/page_26.pdf-2,AAP/2016,890,0,1,error,frozen_V3.1_numeric_free_text,current_three_world_original+FinQA_TRAIN_qa.answer,
863,APD/2019/page_100.pdf-2,APD/2019,891,0,1,error,frozen_V3.1_numeric_free_text,current_three_world_original+FinQA_TRAIN_qa.answer,
864,UPS/2017/page_111.pdf-1,UPS/2017,892,1,0,correct,frozen_V3.1_numeric_free_text,current_three_world_original+FinQA_TRAIN_qa.answer,
865,PPG/2005/page_20.pdf-2,PPG/2005,893,1,0,correct,frozen_V3.1_numeric_free_text,current_three_world_original+FinQA_TRAIN_qa.answer,
866,RL/2015/page_9.pdf-1,RL/2015,894,0,1,error,frozen_V3.1_numeric_free_text,current_three_world_original+FinQA_TRAIN_qa.answer,
867,HIG/2004/page_192.pdf-4,HIG/2004,895,0,1,error,frozen_V3.1_numeric_free_text,current_three_world_original+FinQA_TRAIN_qa.answer,
868,RSG/2009/page_78.pdf-2,RSG/2009,896,0,1,error,frozen_V3.1_numeric_free_text,current_three_world_original+FinQA_TRAIN_qa.answer,
869,AWK/2015/page_21.pdf-2,AWK/2015,897,0,1,error,frozen_V3.1_numeric_free_text,current_three_world_original+FinQA_TRAIN_qa.answer,
870,AON/2015/page_29.pdf-2,AON/2015,898,0,1,error,frozen_V3.1_numeric_free_text,current_three_world_original+FinQA_TRAIN_qa.answer,
871,LMT/2010/page_24.pdf-1,LMT/2010,899,0,1,error,frozen_V3.1_numeric_free_text,current_three_world_original+FinQA_TRAIN_qa.answer,
872,BKR/2018/page_127.pdf-1,BKR/2018,900,0,1,error,frozen_V3.1_numeric_free_text,current_three_world_original+FinQA_TRAIN_qa.answer,
873,ETR/2008/page_336.pdf-3,ETR/2008,901,0,1,error,frozen_V3.1_numeric_free_text,current_three_world_original+FinQA_TRAIN_qa.answer,
874,UNP/2010/page_55.pdf-2,UNP/2010,902,0,1,error,frozen_V3.1_numeric_free_text,current_three_world_original+FinQA_TRAIN_qa.answer,
875,AAPL/2013/page_39.pdf-1,AAPL/2013,903,0,1,error,frozen_V3.1_numeric_free_text,current_three_world_original+FinQA_TRAIN_qa.answer,
876,ETR/2013/page_15.pdf-4,ETR/2013,904,1,0,correct,frozen_V3.1_numeric_free_text,current_three_world_original+FinQA_TRAIN_qa.answer,
877,PPG/2012/page_70.pdf-1,PPG/2012,905,0,1,error,frozen_V3.1_numeric_free_text,current_three_world_original+FinQA_TRAIN_qa.answer,
878,MMM/2007/page_37.pdf-1,MMM/2007,906,0,1,error,frozen_V3.1_numeric_free_text,current_three_world_original+FinQA_TRAIN_qa.answer,
879,SNPS/2009/page_59.pdf-2,SNPS/2009,907,0,1,error,frozen_V3.1_numeric_free_text,current_three_world_original+FinQA_TRAIN_qa.answer,
880,EW/2014/page_68.pdf-1,EW/2014,908,1,0,correct,frozen_V3.1_numeric_free_text,current_three_world_original+FinQA_TRAIN_qa.answer,
881,APD/2018/page_113.pdf-1,APD/2018,909,0,1,error,frozen_V3.1_numeric_free_text,current_three_world_original+FinQA_TRAIN_qa.answer,
882,AMAT/2016/page_30.pdf-2,AMAT/2016,910,0,1,error,frozen_V3.1_numeric_free_text,current_three_world_original+FinQA_TRAIN_qa.answer,
883,FIS/2016/page_64.pdf-2,FIS/2016,911,0,1,error,frozen_V3.1_numeric_free_text,current_three_world_original+FinQA_TRAIN_qa.answer,
884,AMT/2016/page_69.pdf-1,AMT/2016,913,0,1,error,frozen_V3.1_numeric_free_text,current_three_world_original+FinQA_TRAIN_qa.answer,
885,STT/2017/page_63.pdf-3,STT/2017,914,1,0,correct,frozen_V3.1_numeric_free_text,current_three_world_original+FinQA_TRAIN_qa.answer,
886,HWM/2015/page_89.pdf-1,HWM/2015,915,0,1,error,frozen_V3.1_numeric_free_text,current_three_world_original+FinQA_TRAIN_qa.answer,
887,HFC/2011/page_92.pdf-1,HFC/2011,916,0,1,error,frozen_V3.1_numeric_free_text,current_three_world_original+FinQA_TRAIN_qa.answer,
888,PNC/2008/page_144.pdf-1,PNC/2008,917,0,1,error,frozen_V3.1_numeric_free_text,current_three_world_original+FinQA_TRAIN_qa.answer,
889,ETR/2002/page_266.pdf-1,ETR/2002,918,0,1,error,frozen_V3.1_numeric_free_text,current_three_world_original+FinQA_TRAIN_qa.answer,
890,RSG/2013/page_92.pdf-1,RSG/2013,919,0,1,error,frozen_V3.1_numeric_free_text,current_three_world_original+FinQA_TRAIN_qa.answer,
891,PNC/2011/page_74.pdf-1,PNC/2011,920,0,1,error,frozen_V3.1_numeric_free_text,current_three_world_original+FinQA_TRAIN_qa.answer,
892,PNC/2012/page_110.pdf-1,PNC/2012,921,0,1,error,frozen_V3.1_numeric_free_text,current_three_world_original+FinQA_TRAIN_qa.answer,
893,AMAT/2015/page_31.pdf-1,AMAT/2015,922,0,1,error,frozen_V3.1_numeric_free_text,current_three_world_original+FinQA_TRAIN_qa.answer,
894,ETR/2016/page_324.pdf-3,ETR/2016,925,0,1,error,frozen_V3.1_numeric_free_text,current_three_world_original+FinQA_TRAIN_qa.answer,
895,LMT/2016/page_52.pdf-1,LMT/2016,926,1,0,correct,frozen_V3.1_numeric_free_text,current_three_world_original+FinQA_TRAIN_qa.answer,
896,PNC/2014/page_151.pdf-2,PNC/2014,927,0,1,error,frozen_V3.1_numeric_free_text,current_three_world_original+FinQA_TRAIN_qa.answer,
897,HOLX/2005/page_61.pdf-1,HOLX/2005,928,0,1,error,frozen_V3.1_numeric_free_text,current_three_world_original+FinQA_TRAIN_qa.answer,
898,LMT/2017/page_101.pdf-3,LMT/2017,929,1,0,correct,frozen_V3.1_numeric_free_text,current_three_world_original+FinQA_TRAIN_qa.answer,
899,FIS/2007/page_33.pdf-2,FIS/2007,930,0,1,error,frozen_V3.1_numeric_free_text,current_three_world_original+FinQA_TRAIN_qa.answer,
900,IP/2007/page_32.pdf-2,IP/2007,931,0,1,error,frozen_V3.1_numeric_free_text,current_three_world_original+FinQA_TRAIN_qa.answer,
901,KHC/2018/page_27.pdf-4,KHC/2018,932,1,0,correct,frozen_V3.1_numeric_free_text,current_three_world_original+FinQA_TRAIN_qa.answer,
902,AAL/2015/page_15.pdf-4,AAL/2015,933,0,1,error,frozen_V3.1_numeric_free_text,current_three_world_original+FinQA_TRAIN_qa.answer,
903,DVN/2015/page_117.pdf-3,DVN/2015,934,0,1,error,frozen_V3.1_numeric_free_text,current_three_world_original+FinQA_TRAIN_qa.answer,
904,LMT/2016/page_85.pdf-4,LMT/2016,935,0,1,error,frozen_V3.1_numeric_free_text,current_three_world_original+FinQA_TRAIN_qa.answer,
905,AMAT/2016/page_32.pdf-2,AMAT/2016,936,0,1,error,frozen_V3.1_numeric_free_text,current_three_world_original+FinQA_TRAIN_qa.answer,
906,JPM/2016/page_73.pdf-1,JPM/2016,937,1,0,correct,frozen_V3.1_numeric_free_text,current_three_world_original+FinQA_TRAIN_qa.answer,
907,IPG/2017/page_40.pdf-1,IPG/2017,938,1,0,correct,frozen_V3.1_numeric_free_text,current_three_world_original+FinQA_TRAIN_qa.answer,
908,ECL/2017/page_68.pdf-1,ECL/2017,940,1,0,correct,frozen_V3.1_numeric_free_text,current_three_world_original+FinQA_TRAIN_qa.answer,
909,ETR/2016/page_403.pdf-1,ETR/2016,941,0,1,error,frozen_V3.1_numeric_free_text,current_three_world_original+FinQA_TRAIN_qa.answer,
910,ORLY/2016/page_29.pdf-2,ORLY/2016,942,0,1,error,frozen_V3.1_numeric_free_text,current_three_world_original+FinQA_TRAIN_qa.answer,
911,HIG/2004/page_81.pdf-1,HIG/2004,943,0,1,error,frozen_V3.1_numeric_free_text,current_three_world_original+FinQA_TRAIN_qa.answer,
912,VNO/2012/page_190.pdf-2,VNO/2012,944,0,1,error,frozen_V3.1_numeric_free_text,current_three_world_original+FinQA_TRAIN_qa.answer,
913,IPG/2018/page_78.pdf-1,IPG/2018,945,0,1,error,frozen_V3.1_numeric_free_text,current_three_world_original+FinQA_TRAIN_qa.answer,
914,ADBE/2011/page_116.pdf-1,ADBE/2011,946,0,1,error,frozen_V3.1_numeric_free_text,current_three_world_original+FinQA_TRAIN_qa.answer,
915,PNC/2017/page_168.pdf-1,PNC/2017,947,0,1,error,frozen_V3.1_numeric_free_text,current_three_world_original+FinQA_TRAIN_qa.answer,
916,UNP/2013/page_29.pdf-1,UNP/2013,948,0,1,error,frozen_V3.1_numeric_free_text,current_three_world_original+FinQA_TRAIN_qa.answer,
917,MRO/2009/page_107.pdf-4,MRO/2009,949,0,1,error,frozen_V3.1_numeric_free_text,current_three_world_original+FinQA_TRAIN_qa.answer,
918,HOLX/2008/page_93.pdf-1,HOLX/2008,950,0,1,error,frozen_V3.1_numeric_free_text,current_three_world_original+FinQA_TRAIN_qa.answer,
919,PNC/2007/page_107.pdf-1,PNC/2007,951,0,1,error,frozen_V3.1_numeric_free_text,current_three_world_original+FinQA_TRAIN_qa.answer,
920,EW/2017/page_83.pdf-2,EW/2017,952,0,1,error,frozen_V3.1_numeric_free_text,current_three_world_original+FinQA_TRAIN_qa.answer,
921,AAPL/2002/page_23.pdf-1,AAPL/2002,953,0,1,error,frozen_V3.1_numeric_free_text,current_three_world_original+FinQA_TRAIN_qa.answer,
922,SLG/2009/page_99.pdf-2,SLG/2009,954,0,1,error,frozen_V3.1_numeric_free_text,current_three_world_original+FinQA_TRAIN_qa.answer,
923,ETR/2008/page_376.pdf-1,ETR/2008,955,0,1,error,frozen_V3.1_numeric_free_text,current_three_world_original+FinQA_TRAIN_qa.answer,
924,PNC/2009/page_51.pdf-3,PNC/2009,956,0,1,error,frozen_V3.1_numeric_free_text,current_three_world_original+FinQA_TRAIN_qa.answer,
925,ADBE/2014/page_87.pdf-3,ADBE/2014,957,0,1,error,frozen_V3.1_numeric_free_text,current_three_world_original+FinQA_TRAIN_qa.answer,
926,UNP/2007/page_79.pdf-1,UNP/2007,958,0,1,error,frozen_V3.1_numeric_free_text,current_three_world_original+FinQA_TRAIN_qa.answer,
927,UPS/2017/page_111.pdf-2,UPS/2017,959,1,0,correct,frozen_V3.1_numeric_free_text,current_three_world_original+FinQA_TRAIN_qa.answer,
928,PNC/2014/page_94.pdf-3,PNC/2014,960,0,1,error,frozen_V3.1_numeric_free_text,current_three_world_original+FinQA_TRAIN_qa.answer,
929,DRE/2010/page_36.pdf-1,DRE/2010,961,0,1,error,frozen_V3.1_numeric_free_text,current_three_world_original+FinQA_TRAIN_qa.answer,
930,PPG/2013/page_54.pdf-1,PPG/2013,962,0,1,error,frozen_V3.1_numeric_free_text,current_three_world_original+FinQA_TRAIN_qa.answer,
931,AWK/2017/page_128.pdf-1,AWK/2017,964,0,1,error,frozen_V3.1_numeric_free_text,current_three_world_original+FinQA_TRAIN_qa.answer,
932,HUM/2005/page_18.pdf-2,HUM/2005,965,0,1,error,frozen_V3.1_numeric_free_text,current_three_world_original+FinQA_TRAIN_qa.answer,
933,IP/2012/page_58.pdf-2,IP/2012,966,0,1,error,frozen_V3.1_numeric_free_text,current_three_world_original+FinQA_TRAIN_qa.answer,
934,HWM/2018/page_67.pdf-2,HWM/2018,967,1,0,correct,frozen_V3.1_numeric_free_text,current_three_world_original+FinQA_TRAIN_qa.answer,
935,HUM/2005/page_80.pdf-2,HUM/2005,968,1,0,correct,frozen_V3.1_numeric_free_text,current_three_world_original+FinQA_TRAIN_qa.answer,
936,DVN/2017/page_31.pdf-1,DVN/2017,969,0,1,error,frozen_V3.1_numeric_free_text,current_three_world_original+FinQA_TRAIN_qa.answer,
937,ECL/2017/page_68.pdf-3,ECL/2017,970,0,1,error,frozen_V3.1_numeric_free_text,current_three_world_original+FinQA_TRAIN_qa.answer,
938,AWK/2017/page_154.pdf-2,AWK/2017,971,0,1,error,frozen_V3.1_numeric_free_text,current_three_world_original+FinQA_TRAIN_qa.answer,
939,HIG/2016/page_253.pdf-1,HIG/2016,972,0,1,error,frozen_V3.1_numeric_free_text,current_three_world_original+FinQA_TRAIN_qa.answer,
940,RE/2006/page_122.pdf-3,RE/2006,973,0,1,error,frozen_V3.1_numeric_free_text,current_three_world_original+FinQA_TRAIN_qa.answer,
941,MMM/2007/page_64.pdf-2,MMM/2007,974,1,0,correct,frozen_V3.1_numeric_free_text,current_three_world_original+FinQA_TRAIN_qa.answer,
942,UPS/2007/page_32.pdf-1,UPS/2007,975,0,1,error,frozen_V3.1_numeric_free_text,current_three_world_original+FinQA_TRAIN_qa.answer,
943,TMUS/2016/page_32.pdf-1,TMUS/2016,976,1,0,correct,frozen_V3.1_numeric_free_text,current_three_world_original+FinQA_TRAIN_qa.answer,
944,AMT/2008/page_88.pdf-2,AMT/2008,977,1,0,correct,frozen_V3.1_numeric_free_text,current_three_world_original+FinQA_TRAIN_qa.answer,
945,ECL/2015/page_70.pdf-4,ECL/2015,978,1,0,correct,frozen_V3.1_numeric_free_text,current_three_world_original+FinQA_TRAIN_qa.answer,
946,ETR/2017/page_373.pdf-1,ETR/2017,979,0,1,error,frozen_V3.1_numeric_free_text,current_three_world_original+FinQA_TRAIN_qa.answer,
947,ETR/2016/page_382.pdf-1,ETR/2016,980,1,0,correct,frozen_V3.1_numeric_free_text,current_three_world_original+FinQA_TRAIN_qa.answer,
948,HWM/2015/page_172.pdf-1,HWM/2015,981,1,0,correct,frozen_V3.1_numeric_free_text,current_three_world_original+FinQA_TRAIN_qa.answer,
949,AAPL/2004/page_83.pdf-1,AAPL/2004,982,0,1,error,frozen_V3.1_numeric_free_text,current_three_world_original+FinQA_TRAIN_qa.answer,
950,PM/2015/page_103.pdf-1,PM/2015,983,1,0,correct,frozen_V3.1_numeric_free_text,current_three_world_original+FinQA_TRAIN_qa.answer,
951,CDNS/2016/page_32.pdf-1,CDNS/2016,984,0,1,error,frozen_V3.1_numeric_free_text,current_three_world_original+FinQA_TRAIN_qa.answer,
952,EOG/2018/page_89.pdf-1,EOG/2018,985,0,1,error,frozen_V3.1_numeric_free_text,current_three_world_original+FinQA_TRAIN_qa.answer,
953,RSG/2015/page_133.pdf-1,RSG/2015,986,1,0,correct,frozen_V3.1_numeric_free_text,current_three_world_original+FinQA_TRAIN_qa.answer,
954,MRO/2012/page_40.pdf-1,MRO/2012,987,1,0,correct,frozen_V3.1_numeric_free_text,current_three_world_original+FinQA_TRAIN_qa.answer,
955,INTC/2013/page_47.pdf-4,INTC/2013,988,0,1,error,frozen_V3.1_numeric_free_text,current_three_world_original+FinQA_TRAIN_qa.answer,
956,ADBE/2012/page_102.pdf-2,ADBE/2012,989,0,1,error,frozen_V3.1_numeric_free_text,current_three_world_original+FinQA_TRAIN_qa.answer,
957,ETR/2013/page_14.pdf-1,ETR/2013,990,0,1,error,frozen_V3.1_numeric_free_text,current_three_world_original+FinQA_TRAIN_qa.answer,
958,ETR/2016/page_17.pdf-4,ETR/2016,991,1,0,correct,frozen_V3.1_numeric_free_text,current_three_world_original+FinQA_TRAIN_qa.answer,
959,C/2008/page_219.pdf-2,C/2008,992,0,1,error,frozen_V3.1_numeric_free_text,current_three_world_original+FinQA_TRAIN_qa.answer,
960,C/2009/page_248.pdf-4,C/2009,993,0,1,error,frozen_V3.1_numeric_free_text,current_three_world_original+FinQA_TRAIN_qa.answer,
961,IPG/2018/page_26.pdf-2,IPG/2018,994,0,1,error,frozen_V3.1_numeric_free_text,current_three_world_original+FinQA_TRAIN_qa.answer,
962,AMAT/2012/page_37.pdf-1,AMAT/2012,995,0,1,error,frozen_V3.1_numeric_free_text,current_three_world_original+FinQA_TRAIN_qa.answer,
963,KHC/2017/page_21.pdf-1,KHC/2017,996,0,1,error,frozen_V3.1_numeric_free_text,current_three_world_original+FinQA_TRAIN_qa.answer,
964,AWK/2018/page_142.pdf-1,AWK/2018,997,0,1,error,frozen_V3.1_numeric_free_text,current_three_world_original+FinQA_TRAIN_qa.answer,
965,UNP/2016/page_75.pdf-1,UNP/2016,998,0,1,error,frozen_V3.1_numeric_free_text,current_three_world_original+FinQA_TRAIN_qa.answer,
966,MA/2008/page_116.pdf-1,MA/2008,999,0,1,error,frozen_V3.1_numeric_free_text,current_three_world_original+FinQA_TRAIN_qa.answer,
967,AAL/2014/page_59.pdf-3,AAL/2014,1000,1,0,correct,frozen_V3.1_numeric_free_text,current_three_world_original+FinQA_TRAIN_qa.answer,
968,AAL/2014/page_59.pdf-1,AAL/2014,1001,1,0,correct,frozen_V3.1_numeric_free_text,current_three_world_original+FinQA_TRAIN_qa.answer,
969,ETR/2008/page_33.pdf-3,ETR/2008,1002,1,0,correct,frozen_V3.1_numeric_free_text,current_three_world_original+FinQA_TRAIN_qa.answer,
970,UNP/2010/page_75.pdf-1,UNP/2010,1003,0,1,error,frozen_V3.1_numeric_free_text,current_three_world_original+FinQA_TRAIN_qa.answer,
971,LMT/2016/page_87.pdf-1,LMT/2016,1004,1,0,correct,frozen_V3.1_numeric_free_text,current_three_world_original+FinQA_TRAIN_qa.answer,
972,UNP/2015/page_76.pdf-1,UNP/2015,1005,0,1,error,frozen_V3.1_numeric_free_text,current_three_world_original+FinQA_TRAIN_qa.answer,
973,REGN/2010/page_64.pdf-3,REGN/2010,1006,0,1,error,frozen_V3.1_numeric_free_text,current_three_world_original+FinQA_TRAIN_qa.answer,
974,AMT/2016/page_69.pdf-4,AMT/2016,1007,1,0,correct,frozen_V3.1_numeric_free_text,current_three_world_original+FinQA_TRAIN_qa.answer,
975,UPS/2017/page_31.pdf-2,UPS/2017,1008,1,0,correct,frozen_V3.1_numeric_free_text,current_three_world_original+FinQA_TRAIN_qa.answer,
976,TFX/2014/page_44.pdf-2,TFX/2014,1009,0,1,error,frozen_V3.1_numeric_free_text,current_three_world_original+FinQA_TRAIN_qa.answer,
977,HST/2018/page_115.pdf-3,HST/2018,1010,0,1,error,frozen_V3.1_numeric_free_text,current_three_world_original+FinQA_TRAIN_qa.answer,
978,ETR/2008/page_154.pdf-4,ETR/2008,1011,0,1,error,frozen_V3.1_numeric_free_text,current_three_world_original+FinQA_TRAIN_qa.answer,
979,UNP/2012/page_79.pdf-2,UNP/2012,1012,0,1,error,frozen_V3.1_numeric_free_text,current_three_world_original+FinQA_TRAIN_qa.answer,
980,AAP/2013/page_68.pdf-2,AAP/2013,1013,0,1,error,frozen_V3.1_numeric_free_text,current_three_world_original+FinQA_TRAIN_qa.answer,
981,CDNS/2016/page_32.pdf-3,CDNS/2016,1014,1,0,correct,frozen_V3.1_numeric_free_text,current_three_world_original+FinQA_TRAIN_qa.answer,
982,SWKS/2010/page_139.pdf-1,SWKS/2010,1015,0,1,error,frozen_V3.1_numeric_free_text,current_three_world_original+FinQA_TRAIN_qa.answer,
983,C/2009/page_41.pdf-2,C/2009,1017,1,0,correct,frozen_V3.1_numeric_free_text,current_three_world_original+FinQA_TRAIN_qa.answer,
984,CE/2009/page_121.pdf-4,CE/2009,1018,0,1,error,frozen_V3.1_numeric_free_text,current_three_world_original+FinQA_TRAIN_qa.answer,
985,IP/2015/page_44.pdf-1,IP/2015,1019,0,1,error,frozen_V3.1_numeric_free_text,current_three_world_original+FinQA_TRAIN_qa.answer,
986,ETR/2004/page_335.pdf-3,ETR/2004,1020,0,1,error,frozen_V3.1_numeric_free_text,current_three_world_original+FinQA_TRAIN_qa.answer,
987,KHC/2017/page_21.pdf-2,KHC/2017,1021,0,1,error,frozen_V3.1_numeric_free_text,current_three_world_original+FinQA_TRAIN_qa.answer,
988,JPM/2009/page_206.pdf-4,JPM/2009,1022,0,1,error,frozen_V3.1_numeric_free_text,current_three_world_original+FinQA_TRAIN_qa.answer,
989,HOLX/2006/page_103.pdf-2,HOLX/2006,1023,0,1,error,frozen_V3.1_numeric_free_text,current_three_world_original+FinQA_TRAIN_qa.answer,
990,ADI/2011/page_92.pdf-1,ADI/2011,1024,0,1,error,frozen_V3.1_numeric_free_text,current_three_world_original+FinQA_TRAIN_qa.answer,
991,DISCA/2008/page_141.pdf-1,DISCA/2008,1026,0,1,error,frozen_V3.1_numeric_free_text,current_three_world_original+FinQA_TRAIN_qa.answer,
992,APTV/2018/page_36.pdf-2,APTV/2018,1027,0,1,error,frozen_V3.1_numeric_free_text,current_three_world_original+FinQA_TRAIN_qa.answer,
993,AWK/2015/page_21.pdf-1,AWK/2015,1028,0,1,error,frozen_V3.1_numeric_free_text,current_three_world_original+FinQA_TRAIN_qa.answer,
994,GS/2015/page_80.pdf-1,GS/2015,1029,0,1,error,frozen_V3.1_numeric_free_text,current_three_world_original+FinQA_TRAIN_qa.answer,
995,JPM/2008/page_86.pdf-1,JPM/2008,1030,0,1,error,frozen_V3.1_numeric_free_text,current_three_world_original+FinQA_TRAIN_qa.answer,
996,AAL/2015/page_51.pdf-4,AAL/2015,1031,1,0,correct,frozen_V3.1_numeric_free_text,current_three_world_original+FinQA_TRAIN_qa.answer,
997,GRMN/2008/page_98.pdf-2,GRMN/2008,1032,0,1,error,frozen_V3.1_numeric_free_text,current_three_world_original+FinQA_TRAIN_qa.answer,
998,AAL/2014/page_80.pdf-4,AAL/2014,1033,0,1,error,frozen_V3.1_numeric_free_text,current_three_world_original+FinQA_TRAIN_qa.answer,
999,ETR/2013/page_136.pdf-2,ETR/2013,1034,0,1,error,frozen_V3.1_numeric_free_text,current_three_world_original+FinQA_TRAIN_qa.answer,
1000,RE/2010/page_120.pdf-3,RE/2010,1035,0,1,error,frozen_V3.1_numeric_free_text,current_three_world_original+FinQA_TRAIN_qa.answer,
1001,TROW/2011/page_13.pdf-4,TROW/2011,1036,0,1,error,frozen_V3.1_numeric_free_text,current_three_world_original+FinQA_TRAIN_qa.answer,
1002,REGN/2010/page_68.pdf-1,REGN/2010,1037,0,1,error,frozen_V3.1_numeric_free_text,current_three_world_original+FinQA_TRAIN_qa.answer,
1003,EW/2017/page_83.pdf-1,EW/2017,1038,1,0,correct,frozen_V3.1_numeric_free_text,current_three_world_original+FinQA_TRAIN_qa.answer,
1004,ETFC/2007/page_22.pdf-3,ETFC/2007,1039,0,1,error,frozen_V3.1_numeric_free_text,current_three_world_original+FinQA_TRAIN_qa.answer,
1005,WELL/2017/page_48.pdf-2,WELL/2017,1040,0,1,error,frozen_V3.1_numeric_free_text,current_three_world_original+FinQA_TRAIN_qa.answer,
1006,STT/2009/page_109.pdf-1,STT/2009,1042,0,1,error,frozen_V3.1_numeric_free_text,current_three_world_original+FinQA_TRAIN_qa.answer,
1007,CB/2009/page_220.pdf-2,CB/2009,1043,0,1,error,frozen_V3.1_numeric_free_text,current_three_world_original+FinQA_TRAIN_qa.answer,
1008,ILMN/2007/page_84.pdf-2,ILMN/2007,1044,0,1,error,frozen_V3.1_numeric_free_text,current_three_world_original+FinQA_TRAIN_qa.answer,
1009,AON/2013/page_54.pdf-3,AON/2013,1045,1,0,correct,frozen_V3.1_numeric_free_text,current_three_world_original+FinQA_TRAIN_qa.answer,
1010,ETR/2008/page_435.pdf-1,ETR/2008,1046,0,1,error,frozen_V3.1_numeric_free_text,current_three_world_original+FinQA_TRAIN_qa.answer,
1011,ETR/2017/page_25.pdf-1,ETR/2017,1047,0,1,error,frozen_V3.1_numeric_free_text,current_three_world_original+FinQA_TRAIN_qa.answer,
1012,GRMN/2006/page_91.pdf-1,GRMN/2006,1048,0,1,error,frozen_V3.1_numeric_free_text,current_three_world_original+FinQA_TRAIN_qa.answer,
1013,PKG/2006/page_68.pdf-2,PKG/2006,1049,0,1,error,frozen_V3.1_numeric_free_text,current_three_world_original+FinQA_TRAIN_qa.answer,
1014,JPM/2003/page_44.pdf-3,JPM/2003,1050,0,1,error,frozen_V3.1_numeric_free_text,current_three_world_original+FinQA_TRAIN_qa.answer,
1015,IPG/2008/page_68.pdf-2,IPG/2008,1051,0,1,error,frozen_V3.1_numeric_free_text,current_three_world_original+FinQA_TRAIN_qa.answer,
1016,HIG/2013/page_212.pdf-1,HIG/2013,1052,0,1,error,frozen_V3.1_numeric_free_text,current_three_world_original+FinQA_TRAIN_qa.answer,
1017,AAL/2015/page_15.pdf-1,AAL/2015,1053,0,1,error,frozen_V3.1_numeric_free_text,current_three_world_original+FinQA_TRAIN_qa.answer,
1018,STT/2009/page_122.pdf-2,STT/2009,1054,1,0,correct,frozen_V3.1_numeric_free_text,current_three_world_original+FinQA_TRAIN_qa.answer,
1019,PNC/2012/page_246.pdf-2,PNC/2012,1055,1,0,correct,frozen_V3.1_numeric_free_text,current_three_world_original+FinQA_TRAIN_qa.answer,
1020,AWK/2017/page_128.pdf-2,AWK/2017,1057,0,1,error,frozen_V3.1_numeric_free_text,current_three_world_original+FinQA_TRAIN_qa.answer,
1021,ETR/2017/page_414.pdf-4,ETR/2017,1058,0,1,error,frozen_V3.1_numeric_free_text,current_three_world_original+FinQA_TRAIN_qa.answer,
1022,ETR/2016/page_18.pdf-4,ETR/2016,1059,0,1,error,frozen_V3.1_numeric_free_text,current_three_world_original+FinQA_TRAIN_qa.answer,
1023,UPS/2015/page_108.pdf-3,UPS/2015,1060,0,1,error,frozen_V3.1_numeric_free_text,current_three_world_original+FinQA_TRAIN_qa.answer,
1024,ETR/2008/page_267.pdf-3,ETR/2008,1061,0,1,error,frozen_V3.1_numeric_free_text,current_three_world_original+FinQA_TRAIN_qa.answer,
1025,ETR/2016/page_342.pdf-3,ETR/2016,1062,1,0,correct,frozen_V3.1_numeric_free_text,current_three_world_original+FinQA_TRAIN_qa.answer,
1026,JPM/2007/page_152.pdf-1,JPM/2007,1063,0,1,error,frozen_V3.1_numeric_free_text,current_three_world_original+FinQA_TRAIN_qa.answer,
1027,SNPS/2012/page_61.pdf-1,SNPS/2012,1064,0,1,error,frozen_V3.1_numeric_free_text,current_three_world_original+FinQA_TRAIN_qa.answer,
1028,MRO/2009/page_36.pdf-2,MRO/2009,1065,0,1,error,frozen_V3.1_numeric_free_text,current_three_world_original+FinQA_TRAIN_qa.answer,
1029,STT/2008/page_73.pdf-4,STT/2008,1066,0,1,error,frozen_V3.1_numeric_free_text,current_three_world_original+FinQA_TRAIN_qa.answer,
1030,ETR/2016/page_382.pdf-4,ETR/2016,1067,0,1,error,frozen_V3.1_numeric_free_text,current_three_world_original+FinQA_TRAIN_qa.answer,
1031,HIG/2011/page_184.pdf-1,HIG/2011,1068,1,0,correct,frozen_V3.1_numeric_free_text,current_three_world_original+FinQA_TRAIN_qa.answer,
1032,JPM/2007/page_164.pdf-1,JPM/2007,1069,0,1,error,frozen_V3.1_numeric_free_text,current_three_world_original+FinQA_TRAIN_qa.answer,
1033,IP/2013/page_64.pdf-2,IP/2013,1070,0,1,error,frozen_V3.1_numeric_free_text,current_three_world_original+FinQA_TRAIN_qa.answer,
1034,MRO/2009/page_58.pdf-2,MRO/2009,1071,0,1,error,frozen_V3.1_numeric_free_text,current_three_world_original+FinQA_TRAIN_qa.answer,
1035,GRMN/2008/page_84.pdf-1,GRMN/2008,1072,0,1,error,frozen_V3.1_numeric_free_text,current_three_world_original+FinQA_TRAIN_qa.answer,
1036,CME/2010/page_45.pdf-3,CME/2010,1073,0,1,error,frozen_V3.1_numeric_free_text,current_three_world_original+FinQA_TRAIN_qa.answer,
1037,MRO/2012/page_18.pdf-1,MRO/2012,1074,0,1,error,frozen_V3.1_numeric_free_text,current_three_world_original+FinQA_TRAIN_qa.answer,
1038,PNC/2009/page_51.pdf-4,PNC/2009,1075,1,0,correct,frozen_V3.1_numeric_free_text,current_three_world_original+FinQA_TRAIN_qa.answer,
1039,LMT/2013/page_49.pdf-3,LMT/2013,1076,1,0,correct,frozen_V3.1_numeric_free_text,current_three_world_original+FinQA_TRAIN_qa.answer,
1040,MRO/2009/page_36.pdf-1,MRO/2009,1077,1,0,correct,frozen_V3.1_numeric_free_text,current_three_world_original+FinQA_TRAIN_qa.answer,
1041,JPM/2008/page_112.pdf-2,JPM/2008,1078,0,1,error,frozen_V3.1_numeric_free_text,current_three_world_original+FinQA_TRAIN_qa.answer,
1042,AMT/2006/page_96.pdf-1,AMT/2006,1079,0,1,error,frozen_V3.1_numeric_free_text,current_three_world_original+FinQA_TRAIN_qa.answer,
1043,ETR/2016/page_424.pdf-3,ETR/2016,1080,0,1,error,frozen_V3.1_numeric_free_text,current_three_world_original+FinQA_TRAIN_qa.answer,
1044,ETR/2004/page_335.pdf-1,ETR/2004,1081,0,1,error,frozen_V3.1_numeric_free_text,current_three_world_original+FinQA_TRAIN_qa.answer,
1045,UNP/2012/page_79.pdf-1,UNP/2012,1082,0,1,error,frozen_V3.1_numeric_free_text,current_three_world_original+FinQA_TRAIN_qa.answer,
1046,MRO/2008/page_142.pdf-1,MRO/2008,1083,0,1,error,frozen_V3.1_numeric_free_text,current_three_world_original+FinQA_TRAIN_qa.answer,
1047,PNC/2014/page_205.pdf-1,PNC/2014,1085,0,1,error,frozen_V3.1_numeric_free_text,current_three_world_original+FinQA_TRAIN_qa.answer,
1048,ETR/2009/page_21.pdf-4,ETR/2009,1086,1,0,correct,frozen_V3.1_numeric_free_text,current_three_world_original+FinQA_TRAIN_qa.answer,
1049,GPN/2015/page_82.pdf-3,GPN/2015,1087,0,1,error,frozen_V3.1_numeric_free_text,current_three_world_original+FinQA_TRAIN_qa.answer,
1050,VTR/2007/page_48.pdf-1,VTR/2007,1088,1,0,correct,frozen_V3.1_numeric_free_text,current_three_world_original+FinQA_TRAIN_qa.answer,
1051,STT/2017/page_100.pdf-3,STT/2017,1089,0,1,error,frozen_V3.1_numeric_free_text,current_three_world_original+FinQA_TRAIN_qa.answer,
1052,ZBH/2008/page_86.pdf-3,ZBH/2008,1090,0,1,error,frozen_V3.1_numeric_free_text,current_three_world_original+FinQA_TRAIN_qa.answer,
1053,V/2013/page_116.pdf-2,V/2013,1091,0,1,error,frozen_V3.1_numeric_free_text,current_three_world_original+FinQA_TRAIN_qa.answer,
1054,UNP/2013/page_78.pdf-1,UNP/2013,1092,1,0,correct,frozen_V3.1_numeric_free_text,current_three_world_original+FinQA_TRAIN_qa.answer,
1055,AON/2015/page_50.pdf-1,AON/2015,1094,1,0,correct,frozen_V3.1_numeric_free_text,current_three_world_original+FinQA_TRAIN_qa.answer,
1056,AAPL/2006/page_79.pdf-1,AAPL/2006,1095,1,0,correct,frozen_V3.1_numeric_free_text,current_three_world_original+FinQA_TRAIN_qa.answer,
1057,ETR/2004/page_160.pdf-3,ETR/2004,1096,0,1,error,frozen_V3.1_numeric_free_text,current_three_world_original+FinQA_TRAIN_qa.answer,
1058,AMAT/2018/page_31.pdf-2,AMAT/2018,1097,0,1,error,frozen_V3.1_numeric_free_text,current_three_world_original+FinQA_TRAIN_qa.answer,
1059,TFX/2014/page_44.pdf-1,TFX/2014,1098,1,0,correct,frozen_V3.1_numeric_free_text,current_three_world_original+FinQA_TRAIN_qa.answer,
1060,KHC/2017/page_21.pdf-3,KHC/2017,1099,0,1,error,frozen_V3.1_numeric_free_text,current_three_world_original+FinQA_TRAIN_qa.answer,
1061,CDNS/2016/page_32.pdf-4,CDNS/2016,1100,0,1,error,frozen_V3.1_numeric_free_text,current_three_world_original+FinQA_TRAIN_qa.answer,
1062,UNP/2008/page_29.pdf-1,UNP/2008,1101,0,1,error,frozen_V3.1_numeric_free_text,current_three_world_original+FinQA_TRAIN_qa.answer,
1063,PNC/2014/page_161.pdf-1,PNC/2014,1102,0,1,error,frozen_V3.1_numeric_free_text,current_three_world_original+FinQA_TRAIN_qa.answer,
1064,C/2008/page_26.pdf-2,C/2008,1103,0,1,error,frozen_V3.1_numeric_free_text,current_three_world_original+FinQA_TRAIN_qa.answer,
1065,ORLY/2016/page_29.pdf-1,ORLY/2016,1104,0,1,error,frozen_V3.1_numeric_free_text,current_three_world_original+FinQA_TRAIN_qa.answer,
1066,HUM/2010/page_101.pdf-1,HUM/2010,1105,0,1,error,frozen_V3.1_numeric_free_text,current_three_world_original+FinQA_TRAIN_qa.answer,
1067,JPM/2012/page_148.pdf-1,JPM/2012,1106,0,1,error,frozen_V3.1_numeric_free_text,current_three_world_original+FinQA_TRAIN_qa.answer,
1068,ETR/2016/page_375.pdf-1,ETR/2016,1107,1,0,correct,frozen_V3.1_numeric_free_text,current_three_world_original+FinQA_TRAIN_qa.answer,
1069,STT/2008/page_112.pdf-3,STT/2008,1108,1,0,correct,frozen_V3.1_numeric_free_text,current_three_world_original+FinQA_TRAIN_qa.answer,
1070,BLL/2011/page_29.pdf-1,BLL/2011,1109,0,1,error,frozen_V3.1_numeric_free_text,current_three_world_original+FinQA_TRAIN_qa.answer,
1071,ADBE/2011/page_83.pdf-2,ADBE/2011,1110,0,1,error,frozen_V3.1_numeric_free_text,current_three_world_original+FinQA_TRAIN_qa.answer,
1072,APD/2014/page_72.pdf-1,APD/2014,1111,0,1,error,frozen_V3.1_numeric_free_text,current_three_world_original+FinQA_TRAIN_qa.answer,
1073,DISCA/2012/page_54.pdf-4,DISCA/2012,1112,1,0,correct,frozen_V3.1_numeric_free_text,current_three_world_original+FinQA_TRAIN_qa.answer,
1074,JPM/2012/page_148.pdf-2,JPM/2012,1113,0,1,error,frozen_V3.1_numeric_free_text,current_three_world_original+FinQA_TRAIN_qa.answer,
1075,JPM/2012/page_148.pdf-3,JPM/2012,1114,0,1,error,frozen_V3.1_numeric_free_text,current_three_world_original+FinQA_TRAIN_qa.answer,
1076,ILMN/2006/page_92.pdf-1,ILMN/2006,1115,0,1,error,frozen_V3.1_numeric_free_text,current_three_world_original+FinQA_TRAIN_qa.answer,
1077,ETR/2015/page_111.pdf-2,ETR/2015,1116,1,0,correct,frozen_V3.1_numeric_free_text,current_three_world_original+FinQA_TRAIN_qa.answer,
1078,IQV/2016/page_57.pdf-1,IQV/2016,1117,0,1,error,frozen_V3.1_numeric_free_text,current_three_world_original+FinQA_TRAIN_qa.answer,
1079,ETR/2016/page_315.pdf-3,ETR/2016,1118,0,1,error,frozen_V3.1_numeric_free_text,current_three_world_original+FinQA_TRAIN_qa.answer,
1080,HST/2018/page_115.pdf-1,HST/2018,1119,0,1,error,frozen_V3.1_numeric_free_text,current_three_world_original+FinQA_TRAIN_qa.answer,
1081,IPG/2017/page_26.pdf-1,IPG/2017,1121,0,1,error,frozen_V3.1_numeric_free_text,current_three_world_original+FinQA_TRAIN_qa.answer,
1082,C/2008/page_189.pdf-4,C/2008,1122,0,1,error,frozen_V3.1_numeric_free_text,current_three_world_original+FinQA_TRAIN_qa.answer,
1083,C/2008/page_176.pdf-2,C/2008,1123,0,1,error,frozen_V3.1_numeric_free_text,current_three_world_original+FinQA_TRAIN_qa.answer,
1084,FIS/2007/page_52.pdf-3,FIS/2007,1124,0,1,error,frozen_V3.1_numeric_free_text,current_three_world_original+FinQA_TRAIN_qa.answer,
1085,IPG/2006/page_41.pdf-1,IPG/2006,1125,0,1,error,frozen_V3.1_numeric_free_text,current_three_world_original+FinQA_TRAIN_qa.answer,
1086,K/2013/page_27.pdf-4,K/2013,1126,0,1,error,frozen_V3.1_numeric_free_text,current_three_world_original+FinQA_TRAIN_qa.answer,
1087,ETR/2017/page_20.pdf-4,ETR/2017,1127,0,1,error,frozen_V3.1_numeric_free_text,current_three_world_original+FinQA_TRAIN_qa.answer,
1088,UAA/2016/page_80.pdf-4,UAA/2016,1128,0,1,error,frozen_V3.1_numeric_free_text,current_three_world_original+FinQA_TRAIN_qa.answer,
1089,RSG/2014/page_73.pdf-1,RSG/2014,1129,0,1,error,frozen_V3.1_numeric_free_text,current_three_world_original+FinQA_TRAIN_qa.answer,
1090,RSG/2013/page_69.pdf-1,RSG/2013,1130,1,0,correct,frozen_V3.1_numeric_free_text,current_three_world_original+FinQA_TRAIN_qa.answer,
1091,BLL/2010/page_39.pdf-1,BLL/2010,1131,0,1,error,frozen_V3.1_numeric_free_text,current_three_world_original+FinQA_TRAIN_qa.answer,
1092,PNC/2014/page_151.pdf-3,PNC/2014,1132,0,1,error,frozen_V3.1_numeric_free_text,current_three_world_original+FinQA_TRAIN_qa.answer,
1093,ETR/2004/page_185.pdf-1,ETR/2004,1134,0,1,error,frozen_V3.1_numeric_free_text,current_three_world_original+FinQA_TRAIN_qa.answer,
1094,JPM/2009/page_183.pdf-4,JPM/2009,1135,1,0,correct,frozen_V3.1_numeric_free_text,current_three_world_original+FinQA_TRAIN_qa.answer,
1095,AON/2011/page_91.pdf-2,AON/2011,1136,1,0,correct,frozen_V3.1_numeric_free_text,current_three_world_original+FinQA_TRAIN_qa.answer,
1096,HIG/2013/page_124.pdf-2,HIG/2013,1137,1,0,correct,frozen_V3.1_numeric_free_text,current_three_world_original+FinQA_TRAIN_qa.answer,
1097,TROW/2008/page_23.pdf-3,TROW/2008,1138,0,1,error,frozen_V3.1_numeric_free_text,current_three_world_original+FinQA_TRAIN_qa.answer,
1098,DVN/2011/page_99.pdf-2,DVN/2011,1139,0,1,error,frozen_V3.1_numeric_free_text,current_three_world_original+FinQA_TRAIN_qa.answer,
1099,AAL/2014/page_92.pdf-3,AAL/2014,1140,0,1,error,frozen_V3.1_numeric_free_text,current_three_world_original+FinQA_TRAIN_qa.answer,
1100,IP/2016/page_52.pdf-2,IP/2016,1141,0,1,error,frozen_V3.1_numeric_free_text,current_three_world_original+FinQA_TRAIN_qa.answer,
1101,AAL/2015/page_83.pdf-1,AAL/2015,1142,0,1,error,frozen_V3.1_numeric_free_text,current_three_world_original+FinQA_TRAIN_qa.answer,
1102,PNC/2014/page_92.pdf-1,PNC/2014,1143,0,1,error,frozen_V3.1_numeric_free_text,current_three_world_original+FinQA_TRAIN_qa.answer,
1103,FIS/2007/page_102.pdf-1,FIS/2007,1144,0,1,error,frozen_V3.1_numeric_free_text,current_three_world_original+FinQA_TRAIN_qa.answer,
1104,MRO/2009/page_57.pdf-1,MRO/2009,1145,0,1,error,frozen_V3.1_numeric_free_text,current_three_world_original+FinQA_TRAIN_qa.answer,
1105,PNC/2007/page_83.pdf-1,PNC/2007,1146,0,1,error,frozen_V3.1_numeric_free_text,current_three_world_original+FinQA_TRAIN_qa.answer,
1106,ETR/2017/page_352.pdf-3,ETR/2017,1147,0,1,error,frozen_V3.1_numeric_free_text,current_three_world_original+FinQA_TRAIN_qa.answer,
1107,FIS/2007/page_102.pdf-2,FIS/2007,1148,0,1,error,frozen_V3.1_numeric_free_text,current_three_world_original+FinQA_TRAIN_qa.answer,
1108,UPS/2012/page_51.pdf-4,UPS/2012,1150,0,1,error,frozen_V3.1_numeric_free_text,current_three_world_original+FinQA_TRAIN_qa.answer,
1109,STT/2007/page_65.pdf-4,STT/2007,1151,1,0,correct,frozen_V3.1_numeric_free_text,current_three_world_original+FinQA_TRAIN_qa.answer,
1110,ADBE/2012/page_102.pdf-4,ADBE/2012,1152,0,1,error,frozen_V3.1_numeric_free_text,current_three_world_original+FinQA_TRAIN_qa.answer,
1111,ADBE/2018/page_71.pdf-3,ADBE/2018,1153,1,0,correct,frozen_V3.1_numeric_free_text,current_three_world_original+FinQA_TRAIN_qa.answer,
1112,C/2009/page_194.pdf-1,C/2009,1154,0,1,error,frozen_V3.1_numeric_free_text,current_three_world_original+FinQA_TRAIN_qa.answer,
1113,ETFC/2007/page_116.pdf-1,ETFC/2007,1155,0,1,error,frozen_V3.1_numeric_free_text,current_three_world_original+FinQA_TRAIN_qa.answer,
1114,AMT/2015/page_58.pdf-3,AMT/2015,1156,0,1,error,frozen_V3.1_numeric_free_text,current_three_world_original+FinQA_TRAIN_qa.answer,
1115,ETR/2016/page_375.pdf-2,ETR/2016,1157,1,0,correct,frozen_V3.1_numeric_free_text,current_three_world_original+FinQA_TRAIN_qa.answer,
1116,ETR/2004/page_258.pdf-4,ETR/2004,1158,0,1,error,frozen_V3.1_numeric_free_text,current_three_world_original+FinQA_TRAIN_qa.answer,
1117,GS/2013/page_195.pdf-3,GS/2013,1159,1,0,correct,frozen_V3.1_numeric_free_text,current_three_world_original+FinQA_TRAIN_qa.answer,
1118,IP/2005/page_32.pdf-2,IP/2005,1160,0,1,error,frozen_V3.1_numeric_free_text,current_three_world_original+FinQA_TRAIN_qa.answer,
1119,PKG/2009/page_63.pdf-1,PKG/2009,1161,0,1,error,frozen_V3.1_numeric_free_text,current_three_world_original+FinQA_TRAIN_qa.answer,
1120,CE/2010/page_134.pdf-3,CE/2010,1162,0,1,error,frozen_V3.1_numeric_free_text,current_three_world_original+FinQA_TRAIN_qa.answer,
1121,PKG/2006/page_68.pdf-3,PKG/2006,1163,0,1,error,frozen_V3.1_numeric_free_text,current_three_world_original+FinQA_TRAIN_qa.answer,
1122,DVN/2011/page_84.pdf-2,DVN/2011,1164,0,1,error,frozen_V3.1_numeric_free_text,current_three_world_original+FinQA_TRAIN_qa.answer,
1123,MRO/2009/page_36.pdf-4,MRO/2009,1165,0,1,error,frozen_V3.1_numeric_free_text,current_three_world_original+FinQA_TRAIN_qa.answer,
1124,V/2012/page_28.pdf-2,V/2012,1166,0,1,error,frozen_V3.1_numeric_free_text,current_three_world_original+FinQA_TRAIN_qa.answer,
1125,UPS/2013/page_56.pdf-4,UPS/2013,1167,0,1,error,frozen_V3.1_numeric_free_text,current_three_world_original+FinQA_TRAIN_qa.answer,
1126,AWK/2018/page_162.pdf-1,AWK/2018,1168,1,0,correct,frozen_V3.1_numeric_free_text,current_three_world_original+FinQA_TRAIN_qa.answer,
1127,BKNG/2015/page_38.pdf-1,BKNG/2015,1169,0,1,error,frozen_V3.1_numeric_free_text,current_three_world_original+FinQA_TRAIN_qa.answer,
1128,PNC/2013/page_102.pdf-1,PNC/2013,1170,0,1,error,frozen_V3.1_numeric_free_text,current_three_world_original+FinQA_TRAIN_qa.answer,
1129,RCL/2014/page_80.pdf-2,RCL/2014,1171,0,1,error,frozen_V3.1_numeric_free_text,current_three_world_original+FinQA_TRAIN_qa.answer,
1130,LLY/2008/page_43.pdf-1,LLY/2008,1172,0,1,error,frozen_V3.1_numeric_free_text,current_three_world_original+FinQA_TRAIN_qa.answer,
1131,LMT/2013/page_87.pdf-2,LMT/2013,1173,0,1,error,frozen_V3.1_numeric_free_text,current_three_world_original+FinQA_TRAIN_qa.answer,
1132,MA/2009/page_123.pdf-2,MA/2009,1174,0,1,error,frozen_V3.1_numeric_free_text,current_three_world_original+FinQA_TRAIN_qa.answer,
1133,C/2008/page_189.pdf-3,C/2008,1175,0,1,error,frozen_V3.1_numeric_free_text,current_three_world_original+FinQA_TRAIN_qa.answer,
1134,UNP/2009/page_89.pdf-2,UNP/2009,1176,0,1,error,frozen_V3.1_numeric_free_text,current_three_world_original+FinQA_TRAIN_qa.answer,
1135,MA/2009/page_112.pdf-1,MA/2009,1177,0,1,error,frozen_V3.1_numeric_free_text,current_three_world_original+FinQA_TRAIN_qa.answer,
1136,PNC/2009/page_51.pdf-1,PNC/2009,1178,1,0,correct,frozen_V3.1_numeric_free_text,current_three_world_original+FinQA_TRAIN_qa.answer,
1137,DVN/2015/page_92.pdf-4,DVN/2015,1179,0,1,error,frozen_V3.1_numeric_free_text,current_three_world_original+FinQA_TRAIN_qa.answer,
1138,JPM/2014/page_127.pdf-4,JPM/2014,1180,0,1,error,frozen_V3.1_numeric_free_text,current_three_world_original+FinQA_TRAIN_qa.answer,
1139,RSG/2009/page_78.pdf-1,RSG/2009,1181,0,1,error,frozen_V3.1_numeric_free_text,current_three_world_original+FinQA_TRAIN_qa.answer,
1140,IP/2014/page_65.pdf-2,IP/2014,1182,0,1,error,frozen_V3.1_numeric_free_text,current_three_world_original+FinQA_TRAIN_qa.answer,
1141,AWK/2014/page_7.pdf-2,AWK/2014,1183,0,1,error,frozen_V3.1_numeric_free_text,current_three_world_original+FinQA_TRAIN_qa.answer,
1142,IP/2012/page_57.pdf-1,IP/2012,1184,0,1,error,frozen_V3.1_numeric_free_text,current_three_world_original+FinQA_TRAIN_qa.answer,
1143,ETR/2008/page_153.pdf-4,ETR/2008,1185,0,1,error,frozen_V3.1_numeric_free_text,current_three_world_original+FinQA_TRAIN_qa.answer,
1144,AMT/2006/page_107.pdf-1,AMT/2006,1186,0,1,error,frozen_V3.1_numeric_free_text,current_three_world_original+FinQA_TRAIN_qa.answer,
1145,ETR/2016/page_343.pdf-2,ETR/2016,1187,0,1,error,frozen_V3.1_numeric_free_text,current_three_world_original+FinQA_TRAIN_qa.answer,
1146,ADBE/2009/page_98.pdf-2,ADBE/2009,1188,0,1,error,frozen_V3.1_numeric_free_text,current_three_world_original+FinQA_TRAIN_qa.answer,
1147,PNC/2016/page_73.pdf-1,PNC/2016,1189,1,0,correct,frozen_V3.1_numeric_free_text,current_three_world_original+FinQA_TRAIN_qa.answer,
1148,AOS/2016/page_19.pdf-1,AOS/2016,1190,1,0,correct,frozen_V3.1_numeric_free_text,current_three_world_original+FinQA_TRAIN_qa.answer,
1149,UNP/2009/page_34.pdf-2,UNP/2009,1191,0,1,error,frozen_V3.1_numeric_free_text,current_three_world_original+FinQA_TRAIN_qa.answer,
1150,AMT/2015/page_58.pdf-2,AMT/2015,1192,0,1,error,frozen_V3.1_numeric_free_text,current_three_world_original+FinQA_TRAIN_qa.answer,
1151,LMT/2016/page_83.pdf-3,LMT/2016,1193,1,0,correct,frozen_V3.1_numeric_free_text,current_three_world_original+FinQA_TRAIN_qa.answer,
1152,AWK/2014/page_45.pdf-4,AWK/2014,1195,1,0,correct,frozen_V3.1_numeric_free_text,current_three_world_original+FinQA_TRAIN_qa.answer,
1153,UPS/2007/page_103.pdf-2,UPS/2007,1196,0,1,error,frozen_V3.1_numeric_free_text,current_three_world_original+FinQA_TRAIN_qa.answer,
1154,CE/2005/page_167.pdf-1,CE/2005,1198,0,1,error,frozen_V3.1_numeric_free_text,current_three_world_original+FinQA_TRAIN_qa.answer,
1155,ALLE/2015/page_81.pdf-1,ALLE/2015,1199,0,1,error,frozen_V3.1_numeric_free_text,current_three_world_original+FinQA_TRAIN_qa.answer,
1156,ORLY/2018/page_30.pdf-3,ORLY/2018,1200,0,1,error,frozen_V3.1_numeric_free_text,current_three_world_original+FinQA_TRAIN_qa.answer,
1157,REGN/2010/page_64.pdf-1,REGN/2010,1201,1,0,correct,frozen_V3.1_numeric_free_text,current_three_world_original+FinQA_TRAIN_qa.answer,
1158,ETFC/2015/page_27.pdf-3,ETFC/2015,1202,0,1,error,frozen_V3.1_numeric_free_text,current_three_world_original+FinQA_TRAIN_qa.answer,
1159,V/2008/page_130.pdf-2,V/2008,1203,0,1,error,frozen_V3.1_numeric_free_text,current_three_world_original+FinQA_TRAIN_qa.answer,
1160,ETR/2016/page_444.pdf-1,ETR/2016,1204,1,0,correct,frozen_V3.1_numeric_free_text,current_three_world_original+FinQA_TRAIN_qa.answer,
1161,TROW/2013/page_25.pdf-1,TROW/2013,1205,0,1,error,frozen_V3.1_numeric_free_text,current_three_world_original+FinQA_TRAIN_qa.answer,
1162,FIS/2012/page_30.pdf-3,FIS/2012,1206,0,1,error,frozen_V3.1_numeric_free_text,current_three_world_original+FinQA_TRAIN_qa.answer,
1163,AAPL/2014/page_26.pdf-1,AAPL/2014,1207,1,0,correct,frozen_V3.1_numeric_free_text,current_three_world_original+FinQA_TRAIN_qa.answer,
1164,IP/2013/page_64.pdf-1,IP/2013,1208,0,1,error,frozen_V3.1_numeric_free_text,current_three_world_original+FinQA_TRAIN_qa.answer,
1165,AES/2011/page_261.pdf-4,AES/2011,1210,0,1,error,frozen_V3.1_numeric_free_text,current_three_world_original+FinQA_TRAIN_qa.answer,
1166,MRO/2008/page_130.pdf-3,MRO/2008,1211,0,1,error,frozen_V3.1_numeric_free_text,current_three_world_original+FinQA_TRAIN_qa.answer,
1167,CDNS/2007/page_30.pdf-1,CDNS/2007,1212,0,1,error,frozen_V3.1_numeric_free_text,current_three_world_original+FinQA_TRAIN_qa.answer,
1168,GPN/2014/page_71.pdf-3,GPN/2014,1214,0,1,error,frozen_V3.1_numeric_free_text,current_three_world_original+FinQA_TRAIN_qa.answer,
1169,ETR/2008/page_356.pdf-3,ETR/2008,1215,0,1,error,frozen_V3.1_numeric_free_text,current_three_world_original+FinQA_TRAIN_qa.answer,
1170,DVN/2012/page_100.pdf-3,DVN/2012,1216,1,0,correct,frozen_V3.1_numeric_free_text,current_three_world_original+FinQA_TRAIN_qa.answer,
1171,STT/2008/page_116.pdf-2,STT/2008,1217,0,1,error,frozen_V3.1_numeric_free_text,current_three_world_original+FinQA_TRAIN_qa.answer,
1172,SWKS/2010/page_139.pdf-2,SWKS/2010,1218,0,1,error,frozen_V3.1_numeric_free_text,current_three_world_original+FinQA_TRAIN_qa.answer,
1173,MAS/2013/page_27.pdf-3,MAS/2013,1219,0,1,error,frozen_V3.1_numeric_free_text,current_three_world_original+FinQA_TRAIN_qa.answer,
1174,AAPL/2010/page_43.pdf-3,AAPL/2010,1221,0,1,error,frozen_V3.1_numeric_free_text,current_three_world_original+FinQA_TRAIN_qa.answer,
1175,MA/2008/page_125.pdf-3,MA/2008,1223,0,1,error,frozen_V3.1_numeric_free_text,current_three_world_original+FinQA_TRAIN_qa.answer,
1176,GPN/2015/page_82.pdf-1,GPN/2015,1224,1,0,correct,frozen_V3.1_numeric_free_text,current_three_world_original+FinQA_TRAIN_qa.answer,
1177,AMT/2016/page_57.pdf-3,AMT/2016,1225,0,1,error,frozen_V3.1_numeric_free_text,current_three_world_original+FinQA_TRAIN_qa.answer,
1178,MMM/2005/page_72.pdf-1,MMM/2005,1226,0,1,error,frozen_V3.1_numeric_free_text,current_three_world_original+FinQA_TRAIN_qa.answer,
1179,IPG/2009/page_93.pdf-4,IPG/2009,1227,0,1,error,frozen_V3.1_numeric_free_text,current_three_world_original+FinQA_TRAIN_qa.answer,
1180,ETR/2004/page_261.pdf-3,ETR/2004,1228,0,1,error,frozen_V3.1_numeric_free_text,current_three_world_original+FinQA_TRAIN_qa.answer,
1181,AWK/2018/page_178.pdf-4,AWK/2018,1229,0,1,error,frozen_V3.1_numeric_free_text,current_three_world_original+FinQA_TRAIN_qa.answer,
1182,ADBE/2011/page_83.pdf-3,ADBE/2011,1231,0,1,error,frozen_V3.1_numeric_free_text,current_three_world_original+FinQA_TRAIN_qa.answer,
1183,RE/2006/page_31.pdf-4,RE/2006,1232,0,1,error,frozen_V3.1_numeric_free_text,current_three_world_original+FinQA_TRAIN_qa.answer,
1184,STT/2006/page_96.pdf-2,STT/2006,1233,0,1,error,frozen_V3.1_numeric_free_text,current_three_world_original+FinQA_TRAIN_qa.answer,
1185,ETR/2009/page_21.pdf-2,ETR/2009,1234,0,1,error,frozen_V3.1_numeric_free_text,current_three_world_original+FinQA_TRAIN_qa.answer,
1186,APD/2014/page_71.pdf-2,APD/2014,1235,0,1,error,frozen_V3.1_numeric_free_text,current_three_world_original+FinQA_TRAIN_qa.answer,
1187,JKHY/2016/page_25.pdf-1,JKHY/2016,1236,0,1,error,frozen_V3.1_numeric_free_text,current_three_world_original+FinQA_TRAIN_qa.answer,
1188,C/2008/page_207.pdf-1,C/2008,1237,1,0,correct,frozen_V3.1_numeric_free_text,current_three_world_original+FinQA_TRAIN_qa.answer,
1189,INTC/2013/page_40.pdf-1,INTC/2013,1238,0,1,error,frozen_V3.1_numeric_free_text,current_three_world_original+FinQA_TRAIN_qa.answer,
1190,VTR/2003/page_39.pdf-2,VTR/2003,1240,0,1,error,frozen_V3.1_numeric_free_text,current_three_world_original+FinQA_TRAIN_qa.answer,
1191,AAPL/2011/page_24.pdf-3,AAPL/2011,1241,1,0,correct,frozen_V3.1_numeric_free_text,current_three_world_original+FinQA_TRAIN_qa.answer,
1192,ALLE/2015/page_81.pdf-2,ALLE/2015,1242,1,0,correct,frozen_V3.1_numeric_free_text,current_three_world_original+FinQA_TRAIN_qa.answer,
1193,ETR/2017/page_332.pdf-1,ETR/2017,1243,0,1,error,frozen_V3.1_numeric_free_text,current_three_world_original+FinQA_TRAIN_qa.answer,
1194,JPM/2005/page_70.pdf-1,JPM/2005,1244,0,1,error,frozen_V3.1_numeric_free_text,current_three_world_original+FinQA_TRAIN_qa.answer,
1195,GS/2017/page_176.pdf-4,GS/2017,1246,0,1,error,frozen_V3.1_numeric_free_text,current_three_world_original+FinQA_TRAIN_qa.answer,
1196,ECL/2017/page_68.pdf-2,ECL/2017,1247,0,1,error,frozen_V3.1_numeric_free_text,current_three_world_original+FinQA_TRAIN_qa.answer,
1197,GPN/2008/page_95.pdf-4,GPN/2008,1248,1,0,correct,frozen_V3.1_numeric_free_text,current_three_world_original+FinQA_TRAIN_qa.answer,
1198,ETFC/2013/page_84.pdf-2,ETFC/2013,1249,0,1,error,frozen_V3.1_numeric_free_text,current_three_world_original+FinQA_TRAIN_qa.answer,
1199,INTC/2018/page_105.pdf-1,INTC/2018,1251,0,1,error,frozen_V3.1_numeric_free_text,current_three_world_original+FinQA_TRAIN_qa.answer,
1200,ETR/2017/page_175.pdf-4,ETR/2017,1252,0,1,error,frozen_V3.1_numeric_free_text,current_three_world_original+FinQA_TRAIN_qa.answer,
1201,HWM/2015/page_87.pdf-2,HWM/2015,1253,1,0,correct,frozen_V3.1_numeric_free_text,current_three_world_original+FinQA_TRAIN_qa.answer,
1202,FIS/2016/page_49.pdf-3,FIS/2016,1254,1,0,correct,frozen_V3.1_numeric_free_text,current_three_world_original+FinQA_TRAIN_qa.answer,
1203,PKG/2018/page_66.pdf-4,PKG/2018,1255,1,0,correct,frozen_V3.1_numeric_free_text,current_three_world_original+FinQA_TRAIN_qa.answer,
1204,GPN/2016/page_83.pdf-4,GPN/2016,1256,0,1,error,frozen_V3.1_numeric_free_text,current_three_world_original+FinQA_TRAIN_qa.answer,
1205,JPM/2014/page_127.pdf-2,JPM/2014,1258,0,1,error,frozen_V3.1_numeric_free_text,current_three_world_original+FinQA_TRAIN_qa.answer,
1206,SLG/2009/page_84.pdf-2,SLG/2009,1259,0,1,error,frozen_V3.1_numeric_free_text,current_three_world_original+FinQA_TRAIN_qa.answer,
1207,CE/2005/page_56.pdf-3,CE/2005,1260,1,0,correct,frozen_V3.1_numeric_free_text,current_three_world_original+FinQA_TRAIN_qa.answer,
1208,DVN/2011/page_99.pdf-1,DVN/2011,1261,0,1,error,frozen_V3.1_numeric_free_text,current_three_world_original+FinQA_TRAIN_qa.answer,
1209,MA/2008/page_116.pdf-4,MA/2008,1262,0,1,error,frozen_V3.1_numeric_free_text,current_three_world_original+FinQA_TRAIN_qa.answer,
1210,AON/2010/page_100.pdf-1,AON/2010,1263,1,0,correct,frozen_V3.1_numeric_free_text,current_three_world_original+FinQA_TRAIN_qa.answer,
1211,FIS/2010/page_89.pdf-3,FIS/2010,1264,0,1,error,frozen_V3.1_numeric_free_text,current_three_world_original+FinQA_TRAIN_qa.answer,
1212,HUM/2018/page_46.pdf-3,HUM/2018,1265,0,1,error,frozen_V3.1_numeric_free_text,current_three_world_original+FinQA_TRAIN_qa.answer,
1213,C/2009/page_279.pdf-4,C/2009,1266,0,1,error,frozen_V3.1_numeric_free_text,current_three_world_original+FinQA_TRAIN_qa.answer,
1214,EOG/2017/page_103.pdf-1,EOG/2017,1267,0,1,error,frozen_V3.1_numeric_free_text,current_three_world_original+FinQA_TRAIN_qa.answer,
1215,V/2009/page_89.pdf-2,V/2009,1268,0,1,error,frozen_V3.1_numeric_free_text,current_three_world_original+FinQA_TRAIN_qa.answer,
1216,ETR/2013/page_14.pdf-2,ETR/2013,1269,0,1,error,frozen_V3.1_numeric_free_text,current_three_world_original+FinQA_TRAIN_qa.answer,
1217,AON/2011/page_121.pdf-3,AON/2011,1270,1,0,correct,frozen_V3.1_numeric_free_text,current_three_world_original+FinQA_TRAIN_qa.answer,
1218,HIG/2004/page_67.pdf-1,HIG/2004,1271,0,1,error,frozen_V3.1_numeric_free_text,current_three_world_original+FinQA_TRAIN_qa.answer,
1219,PNC/2012/page_110.pdf-2,PNC/2012,1272,1,0,correct,frozen_V3.1_numeric_free_text,current_three_world_original+FinQA_TRAIN_qa.answer,
1220,HOLX/2004/page_59.pdf-1,HOLX/2004,1273,0,1,error,frozen_V3.1_numeric_free_text,current_three_world_original+FinQA_TRAIN_qa.answer,
1221,EMR/2017/page_53.pdf-2,EMR/2017,1274,0,1,error,frozen_V3.1_numeric_free_text,current_three_world_original+FinQA_TRAIN_qa.answer,
1222,CB/2010/page_113.pdf-2,CB/2010,1275,0,1,error,frozen_V3.1_numeric_free_text,current_three_world_original+FinQA_TRAIN_qa.answer,
1223,AON/2015/page_50.pdf-3,AON/2015,1276,1,0,correct,frozen_V3.1_numeric_free_text,current_three_world_original+FinQA_TRAIN_qa.answer,
1224,ALXN/2007/page_96.pdf-1,ALXN/2007,1277,0,1,error,frozen_V3.1_numeric_free_text,current_three_world_original+FinQA_TRAIN_qa.answer,
1225,ETR/2013/page_136.pdf-1,ETR/2013,1278,0,1,error,frozen_V3.1_numeric_free_text,current_three_world_original+FinQA_TRAIN_qa.answer,
1226,C/2009/page_42.pdf-2,C/2009,1279,0,1,error,frozen_V3.1_numeric_free_text,current_three_world_original+FinQA_TRAIN_qa.answer,
1227,ETFC/2011/page_23.pdf-1,ETFC/2011,1280,0,1,error,frozen_V3.1_numeric_free_text,current_three_world_original+FinQA_TRAIN_qa.answer,
1228,MA/2010/page_107.pdf-3,MA/2010,1281,0,1,error,frozen_V3.1_numeric_free_text,current_three_world_original+FinQA_TRAIN_qa.answer,
1229,PKG/2001/page_86.pdf-4,PKG/2001,1282,1,0,correct,frozen_V3.1_numeric_free_text,current_three_world_original+FinQA_TRAIN_qa.answer,
1230,ADBE/2009/page_81.pdf-4,ADBE/2009,1283,1,0,correct,frozen_V3.1_numeric_free_text,current_three_world_original+FinQA_TRAIN_qa.answer,
1231,AAPL/2002/page_23.pdf-2,AAPL/2002,1284,0,1,error,frozen_V3.1_numeric_free_text,current_three_world_original+FinQA_TRAIN_qa.answer,
1232,ETR/2008/page_187.pdf-3,ETR/2008,1285,0,1,error,frozen_V3.1_numeric_free_text,current_three_world_original+FinQA_TRAIN_qa.answer,
1233,PM/2018/page_108.pdf-2,PM/2018,1286,1,0,correct,frozen_V3.1_numeric_free_text,current_three_world_original+FinQA_TRAIN_qa.answer,
1234,PNC/2009/page_51.pdf-2,PNC/2009,1287,1,0,correct,frozen_V3.1_numeric_free_text,current_three_world_original+FinQA_TRAIN_qa.answer,
1235,SNPS/2012/page_62.pdf-1,SNPS/2012,1288,0,1,error,frozen_V3.1_numeric_free_text,current_three_world_original+FinQA_TRAIN_qa.answer,
1236,HWM/2017/page_75.pdf-2,HWM/2017,1289,1,0,correct,frozen_V3.1_numeric_free_text,current_three_world_original+FinQA_TRAIN_qa.answer,
1237,ETR/2017/page_20.pdf-2,ETR/2017,1290,1,0,correct,frozen_V3.1_numeric_free_text,current_three_world_original+FinQA_TRAIN_qa.answer,
1238,ETFC/2015/page_27.pdf-2,ETFC/2015,1291,1,0,correct,frozen_V3.1_numeric_free_text,current_three_world_original+FinQA_TRAIN_qa.answer,
1239,HUM/2018/page_129.pdf-4,HUM/2018,1292,0,1,error,frozen_V3.1_numeric_free_text,current_three_world_original+FinQA_TRAIN_qa.answer,
1240,PNC/2014/page_205.pdf-2,PNC/2014,1293,0,1,error,frozen_V3.1_numeric_free_text,current_three_world_original+FinQA_TRAIN_qa.answer,
1241,CB/2010/page_113.pdf-4,CB/2010,1294,0,1,error,frozen_V3.1_numeric_free_text,current_three_world_original+FinQA_TRAIN_qa.answer,
1242,ETR/2017/page_401.pdf-2,ETR/2017,1295,0,1,error,frozen_V3.1_numeric_free_text,current_three_world_original+FinQA_TRAIN_qa.answer,
1243,ETR/2008/page_401.pdf-2,ETR/2008,1296,0,1,error,frozen_V3.1_numeric_free_text,current_three_world_original+FinQA_TRAIN_qa.answer,
1244,EMR/2017/page_53.pdf-1,EMR/2017,1297,0,1,error,frozen_V3.1_numeric_free_text,current_three_world_original+FinQA_TRAIN_qa.answer,
1245,C/2016/page_120.pdf-3,C/2016,1298,1,0,correct,frozen_V3.1_numeric_free_text,current_three_world_original+FinQA_TRAIN_qa.answer,
1246,HIG/2011/page_184.pdf-3,HIG/2011,1299,1,0,correct,frozen_V3.1_numeric_free_text,current_three_world_original+FinQA_TRAIN_qa.answer,
1247,LMT/2017/page_26.pdf-3,LMT/2017,1300,0,1,error,frozen_V3.1_numeric_free_text,current_three_world_original+FinQA_TRAIN_qa.answer,
1248,MKTX/2014/page_39.pdf-2,MKTX/2014,1301,0,1,error,frozen_V3.1_numeric_free_text,current_three_world_original+FinQA_TRAIN_qa.answer,
1249,GPN/2008/page_39.pdf-3,GPN/2008,1302,0,1,error,frozen_V3.1_numeric_free_text,current_three_world_original+FinQA_TRAIN_qa.answer,
1250,ETR/2017/page_352.pdf-2,ETR/2017,1303,0,1,error,frozen_V3.1_numeric_free_text,current_three_world_original+FinQA_TRAIN_qa.answer,
1251,AAL/2015/page_15.pdf-2,AAL/2015,1304,0,1,error,frozen_V3.1_numeric_free_text,current_three_world_original+FinQA_TRAIN_qa.answer,
1252,MA/2008/page_113.pdf-3,MA/2008,1305,0,1,error,frozen_V3.1_numeric_free_text,current_three_world_original+FinQA_TRAIN_qa.answer,
1253,SNA/2013/page_56.pdf-2,SNA/2013,1306,0,1,error,frozen_V3.1_numeric_free_text,current_three_world_original+FinQA_TRAIN_qa.answer,
1254,HIG/2004/page_192.pdf-2,HIG/2004,1307,0,1,error,frozen_V3.1_numeric_free_text,current_three_world_original+FinQA_TRAIN_qa.answer,
1255,EW/2014/page_90.pdf-1,EW/2014,1308,1,0,correct,frozen_V3.1_numeric_free_text,current_three_world_original+FinQA_TRAIN_qa.answer,
1256,HIG/2012/page_132.pdf-1,HIG/2012,1309,1,0,correct,frozen_V3.1_numeric_free_text,current_three_world_original+FinQA_TRAIN_qa.answer,
1257,AWK/2018/page_172.pdf-4,AWK/2018,1310,0,1,error,frozen_V3.1_numeric_free_text,current_three_world_original+FinQA_TRAIN_qa.answer,
1258,ETR/2008/page_267.pdf-1,ETR/2008,1311,1,0,correct,frozen_V3.1_numeric_free_text,current_three_world_original+FinQA_TRAIN_qa.answer,
1259,HOLX/2011/page_122.pdf-1,HOLX/2011,1312,0,1,error,frozen_V3.1_numeric_free_text,current_three_world_original+FinQA_TRAIN_qa.answer,
1260,APTV/2015/page_47.pdf-1,APTV/2015,1313,1,0,correct,frozen_V3.1_numeric_free_text,current_three_world_original+FinQA_TRAIN_qa.answer,
1261,CME/2010/page_71.pdf-1,CME/2010,1314,0,1,error,frozen_V3.1_numeric_free_text,current_three_world_original+FinQA_TRAIN_qa.answer,
1262,PPG/2018/page_32.pdf-2,PPG/2018,1315,1,0,correct,frozen_V3.1_numeric_free_text,current_three_world_original+FinQA_TRAIN_qa.answer,
1263,VTR/2006/page_88.pdf-3,VTR/2006,1316,0,1,error,frozen_V3.1_numeric_free_text,current_three_world_original+FinQA_TRAIN_qa.answer,
1264,AWK/2013/page_123.pdf-4,AWK/2013,1317,1,0,correct,frozen_V3.1_numeric_free_text,current_three_world_original+FinQA_TRAIN_qa.answer,
1265,RL/2013/page_13.pdf-1,RL/2013,1318,0,1,error,frozen_V3.1_numeric_free_text,current_three_world_original+FinQA_TRAIN_qa.answer,
1266,HWM/2018/page_67.pdf-1,HWM/2018,1319,1,0,correct,frozen_V3.1_numeric_free_text,current_three_world_original+FinQA_TRAIN_qa.answer,
1267,GIS/2015/page_38.pdf-1,GIS/2015,1320,1,0,correct,frozen_V3.1_numeric_free_text,current_three_world_original+FinQA_TRAIN_qa.answer,
1268,JPM/2014/page_127.pdf-5,JPM/2014,1321,0,1,error,frozen_V3.1_numeric_free_text,current_three_world_original+FinQA_TRAIN_qa.answer,
1269,AON/2015/page_77.pdf-1,AON/2015,1322,0,1,error,frozen_V3.1_numeric_free_text,current_three_world_original+FinQA_TRAIN_qa.answer,
1270,ETR/2017/page_342.pdf-2,ETR/2017,1323,1,0,correct,frozen_V3.1_numeric_free_text,current_three_world_original+FinQA_TRAIN_qa.answer,
1271,REGN/2010/page_72.pdf-2,REGN/2010,1324,0,1,error,frozen_V3.1_numeric_free_text,current_three_world_original+FinQA_TRAIN_qa.answer,
1272,ETR/2004/page_258.pdf-3,ETR/2004,1325,0,1,error,frozen_V3.1_numeric_free_text,current_three_world_original+FinQA_TRAIN_qa.answer,
1273,UPS/2010/page_33.pdf-3,UPS/2010,1326,0,1,error,frozen_V3.1_numeric_free_text,current_three_world_original+FinQA_TRAIN_qa.answer,
1274,KMI/2010/page_2.pdf-1,KMI/2010,1327,0,1,error,frozen_V3.1_numeric_free_text,current_three_world_original+FinQA_TRAIN_qa.answer,
1275,HIG/2013/page_124.pdf-1,HIG/2013,1328,0,1,error,frozen_V3.1_numeric_free_text,current_three_world_original+FinQA_TRAIN_qa.answer,
1276,ETR/2008/page_314.pdf-2,ETR/2008,1329,1,0,correct,frozen_V3.1_numeric_free_text,current_three_world_original+FinQA_TRAIN_qa.answer,
1277,HWM/2018/page_41.pdf-1,HWM/2018,1331,0,1,error,frozen_V3.1_numeric_free_text,current_three_world_original+FinQA_TRAIN_qa.answer,
1278,BLL/2007/page_78.pdf-2,BLL/2007,1332,1,0,correct,frozen_V3.1_numeric_free_text,current_three_world_original+FinQA_TRAIN_qa.answer,
1279,VTR/2003/page_39.pdf-3,VTR/2003,1334,0,1,error,frozen_V3.1_numeric_free_text,current_three_world_original+FinQA_TRAIN_qa.answer,
1280,ETR/2008/page_336.pdf-1,ETR/2008,1335,0,1,error,frozen_V3.1_numeric_free_text,current_three_world_original+FinQA_TRAIN_qa.answer,
1281,MAS/2012/page_86.pdf-4,MAS/2012,1336,1,0,correct,frozen_V3.1_numeric_free_text,current_three_world_original+FinQA_TRAIN_qa.answer,
1282,IPG/2018/page_26.pdf-3,IPG/2018,1337,0,1,error,frozen_V3.1_numeric_free_text,current_three_world_original+FinQA_TRAIN_qa.answer,
1283,JPM/2005/page_70.pdf-2,JPM/2005,1338,0,1,error,frozen_V3.1_numeric_free_text,current_three_world_original+FinQA_TRAIN_qa.answer,
1284,MRO/2018/page_93.pdf-1,MRO/2018,1340,0,1,error,frozen_V3.1_numeric_free_text,current_three_world_original+FinQA_TRAIN_qa.answer,
1285,AAP/2013/page_32.pdf-1,AAP/2013,1341,0,1,error,frozen_V3.1_numeric_free_text,current_three_world_original+FinQA_TRAIN_qa.answer,
1286,IPG/2017/page_26.pdf-3,IPG/2017,1342,0,1,error,frozen_V3.1_numeric_free_text,current_three_world_original+FinQA_TRAIN_qa.answer,
1287,DRE/2009/page_60.pdf-2,DRE/2009,1343,0,1,error,frozen_V3.1_numeric_free_text,current_three_world_original+FinQA_TRAIN_qa.answer,
1288,AWK/2013/page_12.pdf-1,AWK/2013,1344,0,1,error,frozen_V3.1_numeric_free_text,current_three_world_original+FinQA_TRAIN_qa.answer,
1289,LMT/2016/page_105.pdf-3,LMT/2016,1345,1,0,correct,frozen_V3.1_numeric_free_text,current_three_world_original+FinQA_TRAIN_qa.answer,
1290,HIG/2016/page_250.pdf-2,HIG/2016,1346,0,1,error,frozen_V3.1_numeric_free_text,current_three_world_original+FinQA_TRAIN_qa.answer,
1291,LMT/2013/page_47.pdf-2,LMT/2013,1347,1,0,correct,frozen_V3.1_numeric_free_text,current_three_world_original+FinQA_TRAIN_qa.answer,
1292,TFX/2017/page_48.pdf-2,TFX/2017,1348,1,0,correct,frozen_V3.1_numeric_free_text,current_three_world_original+FinQA_TRAIN_qa.answer,
1293,AAP/2012/page_61.pdf-2,AAP/2012,1350,0,1,error,frozen_V3.1_numeric_free_text,current_three_world_original+FinQA_TRAIN_qa.answer,
1294,ETR/2013/page_136.pdf-3,ETR/2013,1351,0,1,error,frozen_V3.1_numeric_free_text,current_three_world_original+FinQA_TRAIN_qa.answer,
1295,IP/2014/page_66.pdf-2,IP/2014,1353,0,1,error,frozen_V3.1_numeric_free_text,current_three_world_original+FinQA_TRAIN_qa.answer,
1296,AMAT/2015/page_31.pdf-3,AMAT/2015,1354,0,1,error,frozen_V3.1_numeric_free_text,current_three_world_original+FinQA_TRAIN_qa.answer,
1297,AMT/2012/page_56.pdf-3,AMT/2012,1355,0,1,error,frozen_V3.1_numeric_free_text,current_three_world_original+FinQA_TRAIN_qa.answer,
1298,C/2009/page_255.pdf-4,C/2009,1356,0,1,error,frozen_V3.1_numeric_free_text,current_three_world_original+FinQA_TRAIN_qa.answer,
1299,UNP/2016/page_24.pdf-1,UNP/2016,1357,0,1,error,frozen_V3.1_numeric_free_text,current_three_world_original+FinQA_TRAIN_qa.answer,
1300,AMT/2014/page_131.pdf-2,AMT/2014,1358,1,0,correct,frozen_V3.1_numeric_free_text,current_three_world_original+FinQA_TRAIN_qa.answer,
1301,IPG/2015/page_24.pdf-3,IPG/2015,1359,0,1,error,frozen_V3.1_numeric_free_text,current_three_world_original+FinQA_TRAIN_qa.answer,
1302,ETR/2016/page_175.pdf-3,ETR/2016,1360,0,1,error,frozen_V3.1_numeric_free_text,current_three_world_original+FinQA_TRAIN_qa.answer,
1303,AAPL/2017/page_23.pdf-1,AAPL/2017,1361,1,0,correct,frozen_V3.1_numeric_free_text,current_three_world_original+FinQA_TRAIN_qa.answer,
1304,UNP/2014/page_30.pdf-1,UNP/2014,1362,0,1,error,frozen_V3.1_numeric_free_text,current_three_world_original+FinQA_TRAIN_qa.answer,
1305,PNC/2009/page_133.pdf-2,PNC/2009,1363,1,0,correct,frozen_V3.1_numeric_free_text,current_three_world_original+FinQA_TRAIN_qa.answer,
1306,DISH/2011/page_130.pdf-1,DISH/2011,1364,1,0,correct,frozen_V3.1_numeric_free_text,current_three_world_original+FinQA_TRAIN_qa.answer,
1307,MRO/2009/page_132.pdf-2,MRO/2009,1365,0,1,error,frozen_V3.1_numeric_free_text,current_three_world_original+FinQA_TRAIN_qa.answer,
1308,ETR/2008/page_212.pdf-2,ETR/2008,1366,0,1,error,frozen_V3.1_numeric_free_text,current_three_world_original+FinQA_TRAIN_qa.answer,
1309,LMT/2002/page_33.pdf-3,LMT/2002,1367,1,0,correct,frozen_V3.1_numeric_free_text,current_three_world_original+FinQA_TRAIN_qa.answer,
1310,GPN/2017/page_72.pdf-1,GPN/2017,1368,0,1,error,frozen_V3.1_numeric_free_text,current_three_world_original+FinQA_TRAIN_qa.answer,
1311,RL/2018/page_9.pdf-1,RL/2018,1369,0,1,error,frozen_V3.1_numeric_free_text,current_three_world_original+FinQA_TRAIN_qa.answer,
1312,AWK/2017/page_172.pdf-3,AWK/2017,1370,0,1,error,frozen_V3.1_numeric_free_text,current_three_world_original+FinQA_TRAIN_qa.answer,
1313,IP/2005/page_27.pdf-2,IP/2005,1372,0,1,error,frozen_V3.1_numeric_free_text,current_three_world_original+FinQA_TRAIN_qa.answer,
1314,ETR/2016/page_24.pdf-3,ETR/2016,1373,1,0,correct,frozen_V3.1_numeric_free_text,current_three_world_original+FinQA_TRAIN_qa.answer,
1315,AWK/2014/page_122.pdf-2,AWK/2014,1374,0,1,error,frozen_V3.1_numeric_free_text,current_three_world_original+FinQA_TRAIN_qa.answer,
1316,AON/2011/page_91.pdf-1,AON/2011,1375,0,1,error,frozen_V3.1_numeric_free_text,current_three_world_original+FinQA_TRAIN_qa.answer,
1317,ETR/2016/page_144.pdf-2,ETR/2016,1376,0,1,error,frozen_V3.1_numeric_free_text,current_three_world_original+FinQA_TRAIN_qa.answer,
1318,ADBE/2012/page_87.pdf-4,ADBE/2012,1377,0,1,error,frozen_V3.1_numeric_free_text,current_three_world_original+FinQA_TRAIN_qa.answer,
1319,APTV/2018/page_34.pdf-1,APTV/2018,1378,0,1,error,frozen_V3.1_numeric_free_text,current_three_world_original+FinQA_TRAIN_qa.answer,
1320,IPG/2008/page_68.pdf-1,IPG/2008,1379,0,1,error,frozen_V3.1_numeric_free_text,current_three_world_original+FinQA_TRAIN_qa.answer,
1321,AAP/2012/page_61.pdf-1,AAP/2012,1381,0,1,error,frozen_V3.1_numeric_free_text,current_three_world_original+FinQA_TRAIN_qa.answer,
1322,MRO/2009/page_107.pdf-2,MRO/2009,1382,0,1,error,frozen_V3.1_numeric_free_text,current_three_world_original+FinQA_TRAIN_qa.answer,
1323,ETR/2004/page_125.pdf-2,ETR/2004,1383,0,1,error,frozen_V3.1_numeric_free_text,current_three_world_original+FinQA_TRAIN_qa.answer,
1324,DISCA/2011/page_35.pdf-3,DISCA/2011,1384,1,0,correct,frozen_V3.1_numeric_free_text,current_three_world_original+FinQA_TRAIN_qa.answer,
1325,ETR/2004/page_185.pdf-4,ETR/2004,1385,0,1,error,frozen_V3.1_numeric_free_text,current_three_world_original+FinQA_TRAIN_qa.answer,
1326,BLK/2012/page_31.pdf-2,BLK/2012,1386,0,1,error,frozen_V3.1_numeric_free_text,current_three_world_original+FinQA_TRAIN_qa.answer,
1327,STT/2008/page_73.pdf-2,STT/2008,1387,0,1,error,frozen_V3.1_numeric_free_text,current_three_world_original+FinQA_TRAIN_qa.answer,
1328,AWK/2017/page_143.pdf-1,AWK/2017,1388,0,1,error,frozen_V3.1_numeric_free_text,current_three_world_original+FinQA_TRAIN_qa.answer,
1329,GS/2014/page_167.pdf-3,GS/2014,1389,0,1,error,frozen_V3.1_numeric_free_text,current_three_world_original+FinQA_TRAIN_qa.answer,
1330,AAL/2014/page_89.pdf-4,AAL/2014,1390,0,1,error,frozen_V3.1_numeric_free_text,current_three_world_original+FinQA_TRAIN_qa.answer,
1331,GPN/2007/page_39.pdf-2,GPN/2007,1391,0,1,error,frozen_V3.1_numeric_free_text,current_three_world_original+FinQA_TRAIN_qa.answer,
1332,STT/2009/page_109.pdf-3,STT/2009,1392,0,1,error,frozen_V3.1_numeric_free_text,current_three_world_original+FinQA_TRAIN_qa.answer,
1333,IP/2015/page_51.pdf-2,IP/2015,1393,0,1,error,frozen_V3.1_numeric_free_text,current_three_world_original+FinQA_TRAIN_qa.answer,
1334,UNP/2009/page_38.pdf-1,UNP/2009,1394,0,1,error,frozen_V3.1_numeric_free_text,current_three_world_original+FinQA_TRAIN_qa.answer,
1335,C/2009/page_279.pdf-3,C/2009,1395,0,1,error,frozen_V3.1_numeric_free_text,current_three_world_original+FinQA_TRAIN_qa.answer,
1336,STT/2017/page_63.pdf-2,STT/2017,1396,0,1,error,frozen_V3.1_numeric_free_text,current_three_world_original+FinQA_TRAIN_qa.answer,
1337,ETR/2017/page_379.pdf-3,ETR/2017,1397,0,1,error,frozen_V3.1_numeric_free_text,current_three_world_original+FinQA_TRAIN_qa.answer,
1338,IP/2016/page_52.pdf-1,IP/2016,1398,0,1,error,frozen_V3.1_numeric_free_text,current_three_world_original+FinQA_TRAIN_qa.answer,
1339,ADBE/2012/page_87.pdf-3,ADBE/2012,1399,1,0,correct,frozen_V3.1_numeric_free_text,current_three_world_original+FinQA_TRAIN_qa.answer,
1340,IP/2012/page_56.pdf-2,IP/2012,1400,0,1,error,frozen_V3.1_numeric_free_text,current_three_world_original+FinQA_TRAIN_qa.answer,
1341,ETR/2008/page_313.pdf-4,ETR/2008,1401,0,1,error,frozen_V3.1_numeric_free_text,current_three_world_original+FinQA_TRAIN_qa.answer,
1342,IP/2015/page_46.pdf-2,IP/2015,1402,0,1,error,frozen_V3.1_numeric_free_text,current_three_world_original+FinQA_TRAIN_qa.answer,
1343,ETR/2008/page_401.pdf-1,ETR/2008,1403,0,1,error,frozen_V3.1_numeric_free_text,current_three_world_original+FinQA_TRAIN_qa.answer,
1344,BLL/2010/page_33.pdf-4,BLL/2010,1404,0,1,error,frozen_V3.1_numeric_free_text,current_three_world_original+FinQA_TRAIN_qa.answer,
1345,GPN/2009/page_69.pdf-3,GPN/2009,1405,0,1,error,frozen_V3.1_numeric_free_text,current_three_world_original+FinQA_TRAIN_qa.answer,
1346,JKHY/2018/page_16.pdf-3,JKHY/2018,1406,0,1,error,frozen_V3.1_numeric_free_text,current_three_world_original+FinQA_TRAIN_qa.answer,
1347,IP/2013/page_101.pdf-1,IP/2013,1407,0,1,error,frozen_V3.1_numeric_free_text,current_three_world_original+FinQA_TRAIN_qa.answer,
1348,PPG/2018/page_60.pdf-2,PPG/2018,1408,0,1,error,frozen_V3.1_numeric_free_text,current_three_world_original+FinQA_TRAIN_qa.answer,
1349,AMT/2016/page_57.pdf-2,AMT/2016,1410,1,0,correct,frozen_V3.1_numeric_free_text,current_three_world_original+FinQA_TRAIN_qa.answer,
1350,C/2008/page_193.pdf-2,C/2008,1411,0,1,error,frozen_V3.1_numeric_free_text,current_three_world_original+FinQA_TRAIN_qa.answer,
1351,GS/2018/page_134.pdf-3,GS/2018,1412,0,1,error,frozen_V3.1_numeric_free_text,current_three_world_original+FinQA_TRAIN_qa.answer,
1352,HWM/2015/page_89.pdf-2,HWM/2015,1413,0,1,error,frozen_V3.1_numeric_free_text,current_three_world_original+FinQA_TRAIN_qa.answer,
1353,ETR/2017/page_373.pdf-2,ETR/2017,1414,1,0,correct,frozen_V3.1_numeric_free_text,current_three_world_original+FinQA_TRAIN_qa.answer,
1354,ETR/2008/page_33.pdf-2,ETR/2008,1415,0,1,error,frozen_V3.1_numeric_free_text,current_three_world_original+FinQA_TRAIN_qa.answer,
1355,IP/2007/page_30.pdf-1,IP/2007,1416,0,1,error,frozen_V3.1_numeric_free_text,current_three_world_original+FinQA_TRAIN_qa.answer,
1356,STT/2017/page_100.pdf-1,STT/2017,1417,0,1,error,frozen_V3.1_numeric_free_text,current_three_world_original+FinQA_TRAIN_qa.answer,
1357,SNPS/2009/page_59.pdf-1,SNPS/2009,1418,0,1,error,frozen_V3.1_numeric_free_text,current_three_world_original+FinQA_TRAIN_qa.answer,
1358,APTV/2014/page_46.pdf-2,APTV/2014,1420,0,1,error,frozen_V3.1_numeric_free_text,current_three_world_original+FinQA_TRAIN_qa.answer,
1359,DISH/2015/page_142.pdf-1,DISH/2015,1421,0,1,error,frozen_V3.1_numeric_free_text,current_three_world_original+FinQA_TRAIN_qa.answer,
1360,MO/2017/page_10.pdf-2,MO/2017,1422,0,1,error,frozen_V3.1_numeric_free_text,current_three_world_original+FinQA_TRAIN_qa.answer,
1361,HWM/2015/page_92.pdf-2,HWM/2015,1423,0,1,error,frozen_V3.1_numeric_free_text,current_three_world_original+FinQA_TRAIN_qa.answer,
1362,GS/2012/page_186.pdf-3,GS/2012,1424,1,0,correct,frozen_V3.1_numeric_free_text,current_three_world_original+FinQA_TRAIN_qa.answer,
1363,UPS/2013/page_34.pdf-1,UPS/2013,1425,1,0,correct,frozen_V3.1_numeric_free_text,current_three_world_original+FinQA_TRAIN_qa.answer,
1364,ETR/2009/page_21.pdf-3,ETR/2009,1426,0,1,error,frozen_V3.1_numeric_free_text,current_three_world_original+FinQA_TRAIN_qa.answer,
1365,AON/2015/page_72.pdf-2,AON/2015,1427,0,1,error,frozen_V3.1_numeric_free_text,current_three_world_original+FinQA_TRAIN_qa.answer,
1366,ETR/2017/page_379.pdf-1,ETR/2017,1428,0,1,error,frozen_V3.1_numeric_free_text,current_three_world_original+FinQA_TRAIN_qa.answer,
1367,UNP/2017/page_50.pdf-2,UNP/2017,1429,1,0,correct,frozen_V3.1_numeric_free_text,current_three_world_original+FinQA_TRAIN_qa.answer,
1368,RCL/2005/page_40.pdf-2,RCL/2005,1430,0,1,error,frozen_V3.1_numeric_free_text,current_three_world_original+FinQA_TRAIN_qa.answer,
1369,RE/2006/page_31.pdf-1,RE/2006,1431,0,1,error,frozen_V3.1_numeric_free_text,current_three_world_original+FinQA_TRAIN_qa.answer,
1370,C/2009/page_48.pdf-2,C/2009,1432,0,1,error,frozen_V3.1_numeric_free_text,current_three_world_original+FinQA_TRAIN_qa.answer,
1371,BLL/2011/page_29.pdf-3,BLL/2011,1433,1,0,correct,frozen_V3.1_numeric_free_text,current_three_world_original+FinQA_TRAIN_qa.answer,
1372,EMR/2017/page_66.pdf-1,EMR/2017,1434,0,1,error,frozen_V3.1_numeric_free_text,current_three_world_original+FinQA_TRAIN_qa.answer,
1373,MRO/2008/page_146.pdf-4,MRO/2008,1435,0,1,error,frozen_V3.1_numeric_free_text,current_three_world_original+FinQA_TRAIN_qa.answer,
1374,JPM/2008/page_177.pdf-3,JPM/2008,1436,0,1,error,frozen_V3.1_numeric_free_text,current_three_world_original+FinQA_TRAIN_qa.answer,
1375,ADI/2011/page_92.pdf-2,ADI/2011,1437,0,1,error,frozen_V3.1_numeric_free_text,current_three_world_original+FinQA_TRAIN_qa.answer,
1376,GIS/2017/page_46.pdf-1,GIS/2017,1438,0,1,error,frozen_V3.1_numeric_free_text,current_three_world_original+FinQA_TRAIN_qa.answer,
1377,UPS/2007/page_103.pdf-1,UPS/2007,1439,0,1,error,frozen_V3.1_numeric_free_text,current_three_world_original+FinQA_TRAIN_qa.answer,
1378,ETR/2016/page_343.pdf-1,ETR/2016,1441,0,1,error,frozen_V3.1_numeric_free_text,current_three_world_original+FinQA_TRAIN_qa.answer,
1379,AMT/2012/page_56.pdf-2,AMT/2012,1442,0,1,error,frozen_V3.1_numeric_free_text,current_three_world_original+FinQA_TRAIN_qa.answer,
1380,UPS/2013/page_56.pdf-2,UPS/2013,1443,0,1,error,frozen_V3.1_numeric_free_text,current_three_world_original+FinQA_TRAIN_qa.answer,
1381,DISCA/2011/page_35.pdf-1,DISCA/2011,1444,0,1,error,frozen_V3.1_numeric_free_text,current_three_world_original+FinQA_TRAIN_qa.answer,
1382,ETR/2008/page_337.pdf-4,ETR/2008,1445,0,1,error,frozen_V3.1_numeric_free_text,current_three_world_original+FinQA_TRAIN_qa.answer,
1383,UPS/2015/page_108.pdf-4,UPS/2015,1446,1,0,correct,frozen_V3.1_numeric_free_text,current_three_world_original+FinQA_TRAIN_qa.answer,
1384,AAPL/2011/page_38.pdf-1,AAPL/2011,1447,0,1,error,frozen_V3.1_numeric_free_text,current_three_world_original+FinQA_TRAIN_qa.answer,
1385,ADBE/2012/page_113.pdf-1,ADBE/2012,1448,0,1,error,frozen_V3.1_numeric_free_text,current_three_world_original+FinQA_TRAIN_qa.answer,
1386,BDX/2009/page_81.pdf-2,BDX/2009,1449,1,0,correct,frozen_V3.1_numeric_free_text,current_three_world_original+FinQA_TRAIN_qa.answer,
1387,SLB/2006/page_82.pdf-1,SLB/2006,1450,0,1,error,frozen_V3.1_numeric_free_text,current_three_world_original+FinQA_TRAIN_qa.answer,
1388,BLL/2010/page_58.pdf-2,BLL/2010,1451,0,1,error,frozen_V3.1_numeric_free_text,current_three_world_original+FinQA_TRAIN_qa.answer,
1389,ABC/2005/page_40.pdf-1,ABC/2005,1452,1,0,correct,frozen_V3.1_numeric_free_text,current_three_world_original+FinQA_TRAIN_qa.answer,
1390,AAPL/2014/page_78.pdf-3,AAPL/2014,1453,0,1,error,frozen_V3.1_numeric_free_text,current_three_world_original+FinQA_TRAIN_qa.answer,
1391,UNP/2012/page_47.pdf-1,UNP/2012,1454,0,1,error,frozen_V3.1_numeric_free_text,current_three_world_original+FinQA_TRAIN_qa.answer,
1392,ECL/2017/page_96.pdf-2,ECL/2017,1455,0,1,error,frozen_V3.1_numeric_free_text,current_three_world_original+FinQA_TRAIN_qa.answer,
1393,ETR/2008/page_154.pdf-2,ETR/2008,1456,0,1,error,frozen_V3.1_numeric_free_text,current_three_world_original+FinQA_TRAIN_qa.answer,
1394,MAR/2010/page_55.pdf-1,MAR/2010,1457,0,1,error,frozen_V3.1_numeric_free_text,current_three_world_original+FinQA_TRAIN_qa.answer,
1395,IP/2013/page_62.pdf-2,IP/2013,1458,0,1,error,frozen_V3.1_numeric_free_text,current_three_world_original+FinQA_TRAIN_qa.answer,
1396,IPG/2018/page_100.pdf-1,IPG/2018,1459,0,1,error,frozen_V3.1_numeric_free_text,current_three_world_original+FinQA_TRAIN_qa.answer,
1397,MA/2008/page_125.pdf-1,MA/2008,1460,1,0,correct,frozen_V3.1_numeric_free_text,current_three_world_original+FinQA_TRAIN_qa.answer,
1398,AAPL/2002/page_63.pdf-1,AAPL/2002,1462,1,0,correct,frozen_V3.1_numeric_free_text,current_three_world_original+FinQA_TRAIN_qa.answer,
1399,AAPL/2015/page_24.pdf-2,AAPL/2015,1463,0,1,error,frozen_V3.1_numeric_free_text,current_three_world_original+FinQA_TRAIN_qa.answer,
1400,REGN/2010/page_72.pdf-1,REGN/2010,1464,0,1,error,frozen_V3.1_numeric_free_text,current_three_world_original+FinQA_TRAIN_qa.answer,
1401,ETR/2017/page_175.pdf-2,ETR/2017,1465,0,1,error,frozen_V3.1_numeric_free_text,current_three_world_original+FinQA_TRAIN_qa.answer,
1402,EOG/2017/page_93.pdf-1,EOG/2017,1466,0,1,error,frozen_V3.1_numeric_free_text,current_three_world_original+FinQA_TRAIN_qa.answer,
1403,AWK/2018/page_150.pdf-1,AWK/2018,1467,0,1,error,frozen_V3.1_numeric_free_text,current_three_world_original+FinQA_TRAIN_qa.answer,
1404,MA/2009/page_120.pdf-2,MA/2009,1468,0,1,error,frozen_V3.1_numeric_free_text,current_three_world_original+FinQA_TRAIN_qa.answer,
1405,JPM/2003/page_24.pdf-2,JPM/2003,1469,0,1,error,frozen_V3.1_numeric_free_text,current_three_world_original+FinQA_TRAIN_qa.answer,
1406,ETFC/2012/page_85.pdf-3,ETFC/2012,1470,0,1,error,frozen_V3.1_numeric_free_text,current_three_world_original+FinQA_TRAIN_qa.answer,
1407,VTR/2007/page_48.pdf-3,VTR/2007,1471,0,1,error,frozen_V3.1_numeric_free_text,current_three_world_original+FinQA_TRAIN_qa.answer,
1408,ECL/2015/page_70.pdf-3,ECL/2015,1472,1,0,correct,frozen_V3.1_numeric_free_text,current_three_world_original+FinQA_TRAIN_qa.answer,
1409,ORLY/2017/page_30.pdf-3,ORLY/2017,1473,0,1,error,frozen_V3.1_numeric_free_text,current_three_world_original+FinQA_TRAIN_qa.answer,
1410,MO/2016/page_76.pdf-1,MO/2016,1474,0,1,error,frozen_V3.1_numeric_free_text,current_three_world_original+FinQA_TRAIN_qa.answer,
1411,ETR/2016/page_144.pdf-4,ETR/2016,1475,0,1,error,frozen_V3.1_numeric_free_text,current_three_world_original+FinQA_TRAIN_qa.answer,
1412,K/2012/page_80.pdf-2,K/2012,1476,0,1,error,frozen_V3.1_numeric_free_text,current_three_world_original+FinQA_TRAIN_qa.answer,
1413,GPN/2015/page_83.pdf-3,GPN/2015,1477,0,1,error,frozen_V3.1_numeric_free_text,current_three_world_original+FinQA_TRAIN_qa.answer,
1414,PNC/2011/page_209.pdf-5,PNC/2011,1479,1,0,correct,frozen_V3.1_numeric_free_text,current_three_world_original+FinQA_TRAIN_qa.answer,
1415,ADBE/2013/page_84.pdf-1,ADBE/2013,1481,0,1,error,frozen_V3.1_numeric_free_text,current_three_world_original+FinQA_TRAIN_qa.answer,
1416,ETR/2017/page_25.pdf-3,ETR/2017,1482,0,1,error,frozen_V3.1_numeric_free_text,current_three_world_original+FinQA_TRAIN_qa.answer,
1417,CDNS/2012/page_58.pdf-2,CDNS/2012,1483,0,1,error,frozen_V3.1_numeric_free_text,current_three_world_original+FinQA_TRAIN_qa.answer,
1418,UAA/2016/page_81.pdf-2,UAA/2016,1484,0,1,error,frozen_V3.1_numeric_free_text,current_three_world_original+FinQA_TRAIN_qa.answer,
1419,DG/2009/page_87.pdf-2,DG/2009,1485,0,1,error,frozen_V3.1_numeric_free_text,current_three_world_original+FinQA_TRAIN_qa.answer,
1420,CDNS/2016/page_32.pdf-2,CDNS/2016,1486,0,1,error,frozen_V3.1_numeric_free_text,current_three_world_original+FinQA_TRAIN_qa.answer,
1421,MRO/2008/page_42.pdf-1,MRO/2008,1487,0,1,error,frozen_V3.1_numeric_free_text,current_three_world_original+FinQA_TRAIN_qa.answer,
1422,GS/2012/page_64.pdf-2,GS/2012,1488,0,1,error,frozen_V3.1_numeric_free_text,current_three_world_original+FinQA_TRAIN_qa.answer,
1423,AAL/2014/page_80.pdf-2,AAL/2014,1489,0,1,error,frozen_V3.1_numeric_free_text,current_three_world_original+FinQA_TRAIN_qa.answer,
1424,AAPL/2015/page_56.pdf-2,AAPL/2015,1490,1,0,correct,frozen_V3.1_numeric_free_text,current_three_world_original+FinQA_TRAIN_qa.answer,
1425,GS/2018/page_175.pdf-4,GS/2018,1491,0,1,error,frozen_V3.1_numeric_free_text,current_three_world_original+FinQA_TRAIN_qa.answer,
1426,JPM/2015/page_83.pdf-2,JPM/2015,1492,0,1,error,frozen_V3.1_numeric_free_text,current_three_world_original+FinQA_TRAIN_qa.answer,
1427,RL/2015/page_11.pdf-2,RL/2015,1493,0,1,error,frozen_V3.1_numeric_free_text,current_three_world_original+FinQA_TRAIN_qa.answer,
1428,GPN/2010/page_92.pdf-3,GPN/2010,1494,0,1,error,frozen_V3.1_numeric_free_text,current_three_world_original+FinQA_TRAIN_qa.answer,
1429,JPM/2016/page_141.pdf-3,JPM/2016,1495,0,1,error,frozen_V3.1_numeric_free_text,current_three_world_original+FinQA_TRAIN_qa.answer,
1430,STT/2011/page_85.pdf-1,STT/2011,1496,0,1,error,frozen_V3.1_numeric_free_text,current_three_world_original+FinQA_TRAIN_qa.answer,
1431,CB/2008/page_144.pdf-1,CB/2008,1497,0,1,error,frozen_V3.1_numeric_free_text,current_three_world_original+FinQA_TRAIN_qa.answer,
1432,BLL/2007/page_75.pdf-4,BLL/2007,1498,0,1,error,frozen_V3.1_numeric_free_text,current_three_world_original+FinQA_TRAIN_qa.answer,
1433,DRE/2002/page_13.pdf-1,DRE/2002,1499,0,1,error,frozen_V3.1_numeric_free_text,current_three_world_original+FinQA_TRAIN_qa.answer,
1434,BKNG/2017/page_35.pdf-4,BKNG/2017,1500,0,1,error,frozen_V3.1_numeric_free_text,current_three_world_original+FinQA_TRAIN_qa.answer,
1435,JPM/2015/page_132.pdf-2,JPM/2015,1501,0,1,error,frozen_V3.1_numeric_free_text,current_three_world_original+FinQA_TRAIN_qa.answer,
1436,AAL/2015/page_83.pdf-3,AAL/2015,1502,0,1,error,frozen_V3.1_numeric_free_text,current_three_world_original+FinQA_TRAIN_qa.answer,
1437,UNP/2014/page_16.pdf-2,UNP/2014,1503,0,1,error,frozen_V3.1_numeric_free_text,current_three_world_original+FinQA_TRAIN_qa.answer,
1438,DVN/2013/page_78.pdf-3,DVN/2013,1504,0,1,error,frozen_V3.1_numeric_free_text,current_three_world_original+FinQA_TRAIN_qa.answer,
1439,EW/2014/page_90.pdf-2,EW/2014,1505,1,0,correct,frozen_V3.1_numeric_free_text,current_three_world_original+FinQA_TRAIN_qa.answer,
1440,MA/2009/page_115.pdf-3,MA/2009,1506,0,1,error,frozen_V3.1_numeric_free_text,current_three_world_original+FinQA_TRAIN_qa.answer,
1441,JPM/2008/page_112.pdf-1,JPM/2008,1507,0,1,error,frozen_V3.1_numeric_free_text,current_three_world_original+FinQA_TRAIN_qa.answer,
1442,MRO/2008/page_130.pdf-1,MRO/2008,1508,0,1,error,frozen_V3.1_numeric_free_text,current_three_world_original+FinQA_TRAIN_qa.answer,
1443,DISH/2008/page_120.pdf-1,DISH/2008,1509,0,1,error,frozen_V3.1_numeric_free_text,current_three_world_original+FinQA_TRAIN_qa.answer,
1444,AAP/2016/page_26.pdf-1,AAP/2016,1510,0,1,error,frozen_V3.1_numeric_free_text,current_three_world_original+FinQA_TRAIN_qa.answer,
1445,SLG/2010/page_50.pdf-3,SLG/2010,1511,0,1,error,frozen_V3.1_numeric_free_text,current_three_world_original+FinQA_TRAIN_qa.answer,
1446,RL/2011/page_14.pdf-2,RL/2011,1512,0,1,error,frozen_V3.1_numeric_free_text,current_three_world_original+FinQA_TRAIN_qa.answer,
1447,ILMN/2008/page_77.pdf-2,ILMN/2008,1513,0,1,error,frozen_V3.1_numeric_free_text,current_three_world_original+FinQA_TRAIN_qa.answer,
1448,AMT/2006/page_107.pdf-2,AMT/2006,1514,0,1,error,frozen_V3.1_numeric_free_text,current_three_world_original+FinQA_TRAIN_qa.answer,
1449,MAS/2012/page_92.pdf-2,MAS/2012,1515,0,1,error,frozen_V3.1_numeric_free_text,current_three_world_original+FinQA_TRAIN_qa.answer,
1450,RL/2008/page_21.pdf-2,RL/2008,1516,0,1,error,frozen_V3.1_numeric_free_text,current_three_world_original+FinQA_TRAIN_qa.answer,
1451,GS/2018/page_108.pdf-3,GS/2018,1517,0,1,error,frozen_V3.1_numeric_free_text,current_three_world_original+FinQA_TRAIN_qa.answer,
1452,UNP/2011/page_25.pdf-1,UNP/2011,1518,0,1,error,frozen_V3.1_numeric_free_text,current_three_world_original+FinQA_TRAIN_qa.answer,
1453,EMN/2006/page_108.pdf-2,EMN/2006,1519,0,1,error,frozen_V3.1_numeric_free_text,current_three_world_original+FinQA_TRAIN_qa.answer,
1454,UPS/2017/page_111.pdf-3,UPS/2017,1520,0,1,error,frozen_V3.1_numeric_free_text,current_three_world_original+FinQA_TRAIN_qa.answer,
1455,ETR/2009/page_141.pdf-3,ETR/2009,1521,0,1,error,frozen_V3.1_numeric_free_text,current_three_world_original+FinQA_TRAIN_qa.answer,
1456,MRO/2012/page_41.pdf-1,MRO/2012,1522,0,1,error,frozen_V3.1_numeric_free_text,current_three_world_original+FinQA_TRAIN_qa.answer,
1457,ETR/2016/page_18.pdf-1,ETR/2016,1523,0,1,error,frozen_V3.1_numeric_free_text,current_three_world_original+FinQA_TRAIN_qa.answer,
1458,UPS/2012/page_51.pdf-1,UPS/2012,1524,0,1,error,frozen_V3.1_numeric_free_text,current_three_world_original+FinQA_TRAIN_qa.answer,
1459,HUM/2018/page_46.pdf-4,HUM/2018,1525,0,1,error,frozen_V3.1_numeric_free_text,current_three_world_original+FinQA_TRAIN_qa.answer,
1460,ORLY/2015/page_28.pdf-3,ORLY/2015,1526,0,1,error,frozen_V3.1_numeric_free_text,current_three_world_original+FinQA_TRAIN_qa.answer,
1461,APTV/2018/page_34.pdf-2,APTV/2018,1527,0,1,error,frozen_V3.1_numeric_free_text,current_three_world_original+FinQA_TRAIN_qa.answer,
1462,ZBH/2009/page_71.pdf-1,ZBH/2009,1528,0,1,error,frozen_V3.1_numeric_free_text,current_three_world_original+FinQA_TRAIN_qa.answer,
1463,LMT/2005/page_76.pdf-3,LMT/2005,1530,0,1,error,frozen_V3.1_numeric_free_text,current_three_world_original+FinQA_TRAIN_qa.answer,
1464,ETR/2008/page_314.pdf-3,ETR/2008,1531,0,1,error,frozen_V3.1_numeric_free_text,current_three_world_original+FinQA_TRAIN_qa.answer,
1465,TROW/2008/page_23.pdf-2,TROW/2008,1532,0,1,error,frozen_V3.1_numeric_free_text,current_three_world_original+FinQA_TRAIN_qa.answer,
1466,MMM/2013/page_26.pdf-2,MMM/2013,1533,0,1,error,frozen_V3.1_numeric_free_text,current_three_world_original+FinQA_TRAIN_qa.answer,
1467,ETR/2016/page_17.pdf-1,ETR/2016,1534,0,1,error,frozen_V3.1_numeric_free_text,current_three_world_original+FinQA_TRAIN_qa.answer,
1468,AAPL/2002/page_63.pdf-4,AAPL/2002,1535,0,1,error,frozen_V3.1_numeric_free_text,current_three_world_original+FinQA_TRAIN_qa.answer,
1469,LKQ/2009/page_66.pdf-1,LKQ/2009,1536,1,0,correct,frozen_V3.1_numeric_free_text,current_three_world_original+FinQA_TRAIN_qa.answer,
1470,JPM/2009/page_183.pdf-2,JPM/2009,1537,1,0,correct,frozen_V3.1_numeric_free_text,current_three_world_original+FinQA_TRAIN_qa.answer,
1471,ETR/2016/page_505.pdf-3,ETR/2016,1538,0,1,error,frozen_V3.1_numeric_free_text,current_three_world_original+FinQA_TRAIN_qa.answer,
1472,JPM/2016/page_73.pdf-2,JPM/2016,1539,0,1,error,frozen_V3.1_numeric_free_text,current_three_world_original+FinQA_TRAIN_qa.answer,
1473,ADI/2012/page_65.pdf-2,ADI/2012,1540,1,0,correct,frozen_V3.1_numeric_free_text,current_three_world_original+FinQA_TRAIN_qa.answer,
1474,GPN/2017/page_72.pdf-3,GPN/2017,1542,0,1,error,frozen_V3.1_numeric_free_text,current_three_world_original+FinQA_TRAIN_qa.answer,
1475,IP/2005/page_28.pdf-1,IP/2005,1543,0,1,error,frozen_V3.1_numeric_free_text,current_three_world_original+FinQA_TRAIN_qa.answer,
1476,GPN/2008/page_39.pdf-2,GPN/2008,1544,0,1,error,frozen_V3.1_numeric_free_text,current_three_world_original+FinQA_TRAIN_qa.answer,
1477,INTC/2013/page_71.pdf-1,INTC/2013,1545,1,0,correct,frozen_V3.1_numeric_free_text,current_three_world_original+FinQA_TRAIN_qa.answer,
1478,C/2008/page_217.pdf-1,C/2008,1546,0,1,error,frozen_V3.1_numeric_free_text,current_three_world_original+FinQA_TRAIN_qa.answer,
1479,UNP/2012/page_24.pdf-1,UNP/2012,1547,0,1,error,frozen_V3.1_numeric_free_text,current_three_world_original+FinQA_TRAIN_qa.answer,
1480,ADBE/2013/page_68.pdf-1,ADBE/2013,1548,1,0,correct,frozen_V3.1_numeric_free_text,current_three_world_original+FinQA_TRAIN_qa.answer,
1481,IP/2005/page_29.pdf-2,IP/2005,1549,0,1,error,frozen_V3.1_numeric_free_text,current_three_world_original+FinQA_TRAIN_qa.answer,
1482,AAPL/2013/page_78.pdf-3,AAPL/2013,1550,1,0,correct,frozen_V3.1_numeric_free_text,current_three_world_original+FinQA_TRAIN_qa.answer,
1483,IP/2012/page_56.pdf-1,IP/2012,1551,0,1,error,frozen_V3.1_numeric_free_text,current_three_world_original+FinQA_TRAIN_qa.answer,
1484,ORLY/2017/page_30.pdf-4,ORLY/2017,1552,0,1,error,frozen_V3.1_numeric_free_text,current_three_world_original+FinQA_TRAIN_qa.answer,
1485,ETR/2017/page_414.pdf-2,ETR/2017,1553,0,1,error,frozen_V3.1_numeric_free_text,current_three_world_original+FinQA_TRAIN_qa.answer,
1486,GIS/2019/page_53.pdf-1,GIS/2019,1554,1,0,correct,frozen_V3.1_numeric_free_text,current_three_world_original+FinQA_TRAIN_qa.answer,
1487,FIS/2012/page_11.pdf-1,FIS/2012,1555,0,1,error,frozen_V3.1_numeric_free_text,current_three_world_original+FinQA_TRAIN_qa.answer,
1488,RCL/2016/page_37.pdf-2,RCL/2016,1556,1,0,correct,frozen_V3.1_numeric_free_text,current_three_world_original+FinQA_TRAIN_qa.answer,
1489,GS/2016/page_81.pdf-2,GS/2016,1557,0,1,error,frozen_V3.1_numeric_free_text,current_three_world_original+FinQA_TRAIN_qa.answer,
1490,EW/2016/page_72.pdf-1,EW/2016,1558,0,1,error,frozen_V3.1_numeric_free_text,current_three_world_original+FinQA_TRAIN_qa.answer,
1491,GS/2013/page_184.pdf-4,GS/2013,1559,0,1,error,frozen_V3.1_numeric_free_text,current_three_world_original+FinQA_TRAIN_qa.answer,
1492,AES/2011/page_216.pdf-1,AES/2011,1561,0,1,error,frozen_V3.1_numeric_free_text,current_three_world_original+FinQA_TRAIN_qa.answer,
1493,ETFC/2007/page_116.pdf-4,ETFC/2007,1562,0,1,error,frozen_V3.1_numeric_free_text,current_three_world_original+FinQA_TRAIN_qa.answer,
1494,RE/2017/page_145.pdf-2,RE/2017,1563,0,1,error,frozen_V3.1_numeric_free_text,current_three_world_original+FinQA_TRAIN_qa.answer,
1495,AAP/2006/page_85.pdf-1,AAP/2006,1564,0,1,error,frozen_V3.1_numeric_free_text,current_three_world_original+FinQA_TRAIN_qa.answer,
1496,DISCA/2008/page_141.pdf-4,DISCA/2008,1565,0,1,error,frozen_V3.1_numeric_free_text,current_three_world_original+FinQA_TRAIN_qa.answer,
1497,STT/2008/page_139.pdf-2,STT/2008,1566,0,1,error,frozen_V3.1_numeric_free_text,current_three_world_original+FinQA_TRAIN_qa.answer,
1498,TMUS/2016/page_32.pdf-4,TMUS/2016,1567,1,0,correct,frozen_V3.1_numeric_free_text,current_three_world_original+FinQA_TRAIN_qa.answer,
1499,DVN/2007/page_78.pdf-2,DVN/2007,1569,0,1,error,frozen_V3.1_numeric_free_text,current_three_world_original+FinQA_TRAIN_qa.answer,
1500,STT/2006/page_92.pdf-2,STT/2006,1570,0,1,error,frozen_V3.1_numeric_free_text,current_three_world_original+FinQA_TRAIN_qa.answer,
1501,CE/2009/page_121.pdf-1,CE/2009,1571,0,1,error,frozen_V3.1_numeric_free_text,current_three_world_original+FinQA_TRAIN_qa.answer,
1502,UPS/2017/page_31.pdf-3,UPS/2017,1572,0,1,error,frozen_V3.1_numeric_free_text,current_three_world_original+FinQA_TRAIN_qa.answer,
1503,C/2009/page_38.pdf-4,C/2009,1573,0,1,error,frozen_V3.1_numeric_free_text,current_three_world_original+FinQA_TRAIN_qa.answer,
1504,DISH/2014/page_142.pdf-1,DISH/2014,1574,0,1,error,frozen_V3.1_numeric_free_text,current_three_world_original+FinQA_TRAIN_qa.answer,
1505,ETR/2013/page_15.pdf-2,ETR/2013,1575,0,1,error,frozen_V3.1_numeric_free_text,current_three_world_original+FinQA_TRAIN_qa.answer,
1506,ECL/2015/page_70.pdf-1,ECL/2015,1576,0,1,error,frozen_V3.1_numeric_free_text,current_three_world_original+FinQA_TRAIN_qa.answer,
1507,UPS/2007/page_32.pdf-4,UPS/2007,1577,0,1,error,frozen_V3.1_numeric_free_text,current_three_world_original+FinQA_TRAIN_qa.answer,
1508,RE/2010/page_138.pdf-5,RE/2010,1578,0,1,error,frozen_V3.1_numeric_free_text,current_three_world_original+FinQA_TRAIN_qa.answer,
1509,HII/2018/page_64.pdf-3,HII/2018,1579,0,1,error,frozen_V3.1_numeric_free_text,current_three_world_original+FinQA_TRAIN_qa.answer,
1510,AWK/2017/page_136.pdf-4,AWK/2017,1580,0,1,error,frozen_V3.1_numeric_free_text,current_three_world_original+FinQA_TRAIN_qa.answer,
1511,UNP/2012/page_39.pdf-2,UNP/2012,1581,0,1,error,frozen_V3.1_numeric_free_text,current_three_world_original+FinQA_TRAIN_qa.answer,
1512,UNP/2011/page_25.pdf-2,UNP/2011,1582,0,1,error,frozen_V3.1_numeric_free_text,current_three_world_original+FinQA_TRAIN_qa.answer,
1513,ETR/2008/page_187.pdf-1,ETR/2008,1583,0,1,error,frozen_V3.1_numeric_free_text,current_three_world_original+FinQA_TRAIN_qa.answer,
1514,LMT/2016/page_117.pdf-1,LMT/2016,1584,0,1,error,frozen_V3.1_numeric_free_text,current_three_world_original+FinQA_TRAIN_qa.answer,
1515,AAPL/2011/page_38.pdf-2,AAPL/2011,1585,0,1,error,frozen_V3.1_numeric_free_text,current_three_world_original+FinQA_TRAIN_qa.answer,
1516,AWK/2014/page_45.pdf-1,AWK/2014,1586,0,1,error,frozen_V3.1_numeric_free_text,current_three_world_original+FinQA_TRAIN_qa.answer,
1517,SNA/2007/page_80.pdf-1,SNA/2007,1587,0,1,error,frozen_V3.1_numeric_free_text,current_three_world_original+FinQA_TRAIN_qa.answer,
1518,ETR/2004/page_335.pdf-4,ETR/2004,1588,0,1,error,frozen_V3.1_numeric_free_text,current_three_world_original+FinQA_TRAIN_qa.answer,
1519,CMCSA/2004/page_30.pdf-2,CMCSA/2004,1589,0,1,error,frozen_V3.1_numeric_free_text,current_three_world_original+FinQA_TRAIN_qa.answer,
1520,JPM/2014/page_128.pdf-3,JPM/2014,1590,0,1,error,frozen_V3.1_numeric_free_text,current_three_world_original+FinQA_TRAIN_qa.answer,
1521,IPG/2018/page_104.pdf-1,IPG/2018,1591,0,1,error,frozen_V3.1_numeric_free_text,current_three_world_original+FinQA_TRAIN_qa.answer,
1522,VLO/2013/page_24.pdf-1,VLO/2013,1592,0,1,error,frozen_V3.1_numeric_free_text,current_three_world_original+FinQA_TRAIN_qa.answer,
1523,HOLX/2005/page_61.pdf-2,HOLX/2005,1593,0,1,error,frozen_V3.1_numeric_free_text,current_three_world_original+FinQA_TRAIN_qa.answer,
1524,IPG/2009/page_67.pdf-3,IPG/2009,1594,0,1,error,frozen_V3.1_numeric_free_text,current_three_world_original+FinQA_TRAIN_qa.answer,
1525,DISH/2002/page_94.pdf-2,DISH/2002,1595,0,1,error,frozen_V3.1_numeric_free_text,current_three_world_original+FinQA_TRAIN_qa.answer,
1526,HOLX/2007/page_154.pdf-1,HOLX/2007,1596,0,1,error,frozen_V3.1_numeric_free_text,current_three_world_original+FinQA_TRAIN_qa.answer,
1527,BLK/2012/page_82.pdf-2,BLK/2012,1597,0,1,error,frozen_V3.1_numeric_free_text,current_three_world_original+FinQA_TRAIN_qa.answer,
1528,AWK/2017/page_172.pdf-4,AWK/2017,1598,0,1,error,frozen_V3.1_numeric_free_text,current_three_world_original+FinQA_TRAIN_qa.answer,
1529,UPS/2010/page_33.pdf-1,UPS/2010,1599,1,0,correct,frozen_V3.1_numeric_free_text,current_three_world_original+FinQA_TRAIN_qa.answer,
1530,ETFC/2014/page_22.pdf-1,ETFC/2014,1600,0,1,error,frozen_V3.1_numeric_free_text,current_three_world_original+FinQA_TRAIN_qa.answer,
1531,ALXN/2007/page_96.pdf-2,ALXN/2007,1601,0,1,error,frozen_V3.1_numeric_free_text,current_three_world_original+FinQA_TRAIN_qa.answer,
1532,TFX/2018/page_47.pdf-2,TFX/2018,1602,0,1,error,frozen_V3.1_numeric_free_text,current_three_world_original+FinQA_TRAIN_qa.answer,
1533,MAS/2017/page_37.pdf-3,MAS/2017,1603,0,1,error,frozen_V3.1_numeric_free_text,current_three_world_original+FinQA_TRAIN_qa.answer,
1534,GS/2012/page_129.pdf-2,GS/2012,1604,0,1,error,frozen_V3.1_numeric_free_text,current_three_world_original+FinQA_TRAIN_qa.answer,
1535,MAS/2012/page_92.pdf-1,MAS/2012,1605,0,1,error,frozen_V3.1_numeric_free_text,current_three_world_original+FinQA_TRAIN_qa.answer,
1536,UNP/2010/page_55.pdf-1,UNP/2010,1606,1,0,correct,frozen_V3.1_numeric_free_text,current_three_world_original+FinQA_TRAIN_qa.answer,
1537,IP/2013/page_70.pdf-1,IP/2013,1607,0,1,error,frozen_V3.1_numeric_free_text,current_three_world_original+FinQA_TRAIN_qa.answer,
1538,AWK/2015/page_110.pdf-1,AWK/2015,1608,0,1,error,frozen_V3.1_numeric_free_text,current_three_world_original+FinQA_TRAIN_qa.answer,
1539,CME/2010/page_109.pdf-1,CME/2010,1609,1,0,correct,frozen_V3.1_numeric_free_text,current_three_world_original+FinQA_TRAIN_qa.answer,
1540,GPN/2017/page_30.pdf-2,GPN/2017,1610,0,1,error,frozen_V3.1_numeric_free_text,current_three_world_original+FinQA_TRAIN_qa.answer,
1541,AES/2001/page_45.pdf-2,AES/2001,1611,0,1,error,frozen_V3.1_numeric_free_text,current_three_world_original+FinQA_TRAIN_qa.answer,
1542,C/2009/page_279.pdf-1,C/2009,1612,0,1,error,frozen_V3.1_numeric_free_text,current_three_world_original+FinQA_TRAIN_qa.answer,
1543,IP/2012/page_64.pdf-2,IP/2012,1613,0,1,error,frozen_V3.1_numeric_free_text,current_three_world_original+FinQA_TRAIN_qa.answer,
1544,ETR/2017/page_401.pdf-1,ETR/2017,1614,1,0,correct,frozen_V3.1_numeric_free_text,current_three_world_original+FinQA_TRAIN_qa.answer,
1545,CB/2010/page_114.pdf-3,CB/2010,1615,0,1,error,frozen_V3.1_numeric_free_text,current_three_world_original+FinQA_TRAIN_qa.answer,
1546,CE/2010/page_134.pdf-2,CE/2010,1616,0,1,error,frozen_V3.1_numeric_free_text,current_three_world_original+FinQA_TRAIN_qa.answer,
1547,IPG/2018/page_78.pdf-3,IPG/2018,1617,0,1,error,frozen_V3.1_numeric_free_text,current_three_world_original+FinQA_TRAIN_qa.answer,
1548,ETR/2013/page_93.pdf-2,ETR/2013,1618,0,1,error,frozen_V3.1_numeric_free_text,current_three_world_original+FinQA_TRAIN_qa.answer,
1549,FIS/2007/page_52.pdf-2,FIS/2007,1619,0,1,error,frozen_V3.1_numeric_free_text,current_three_world_original+FinQA_TRAIN_qa.answer,
1550,ETR/2009/page_21.pdf-1,ETR/2009,1620,0,1,error,frozen_V3.1_numeric_free_text,current_three_world_original+FinQA_TRAIN_qa.answer,
1551,HWM/2015/page_80.pdf-2,HWM/2015,1621,0,1,error,frozen_V3.1_numeric_free_text,current_three_world_original+FinQA_TRAIN_qa.answer,
1552,MA/2009/page_112.pdf-3,MA/2009,1622,0,1,error,frozen_V3.1_numeric_free_text,current_three_world_original+FinQA_TRAIN_qa.answer,
1553,PNC/2014/page_94.pdf-2,PNC/2014,1623,0,1,error,frozen_V3.1_numeric_free_text,current_three_world_original+FinQA_TRAIN_qa.answer,
1554,ETR/2016/page_444.pdf-2,ETR/2016,1624,0,1,error,frozen_V3.1_numeric_free_text,current_three_world_original+FinQA_TRAIN_qa.answer,
1555,PNC/2013/page_66.pdf-1,PNC/2013,1625,1,0,correct,frozen_V3.1_numeric_free_text,current_three_world_original+FinQA_TRAIN_qa.answer,
1556,HOLX/2011/page_127.pdf-1,HOLX/2011,1626,0,1,error,frozen_V3.1_numeric_free_text,current_three_world_original+FinQA_TRAIN_qa.answer,
1557,GS/2012/page_129.pdf-1,GS/2012,1627,0,1,error,frozen_V3.1_numeric_free_text,current_three_world_original+FinQA_TRAIN_qa.answer,
1558,RL/2015/page_11.pdf-1,RL/2015,1628,0,1,error,frozen_V3.1_numeric_free_text,current_three_world_original+FinQA_TRAIN_qa.answer,
1559,UNP/2013/page_35.pdf-1,UNP/2013,1630,0,1,error,frozen_V3.1_numeric_free_text,current_three_world_original+FinQA_TRAIN_qa.answer,
1560,ETR/2004/page_125.pdf-1,ETR/2004,1631,0,1,error,frozen_V3.1_numeric_free_text,current_three_world_original+FinQA_TRAIN_qa.answer,
1561,LMT/2010/page_39.pdf-2,LMT/2010,1633,0,1,error,frozen_V3.1_numeric_free_text,current_three_world_original+FinQA_TRAIN_qa.answer,
1562,ETR/2008/page_267.pdf-2,ETR/2008,1634,0,1,error,frozen_V3.1_numeric_free_text,current_three_world_original+FinQA_TRAIN_qa.answer,
1563,IP/2012/page_98.pdf-1,IP/2012,1635,0,1,error,frozen_V3.1_numeric_free_text,current_three_world_original+FinQA_TRAIN_qa.answer,
1564,HOLX/2008/page_140.pdf-1,HOLX/2008,1636,0,1,error,frozen_V3.1_numeric_free_text,current_three_world_original+FinQA_TRAIN_qa.answer,
1565,UNP/2012/page_24.pdf-2,UNP/2012,1637,0,1,error,frozen_V3.1_numeric_free_text,current_three_world_original+FinQA_TRAIN_qa.answer,
1566,AAPL/2002/page_26.pdf-2,AAPL/2002,1638,1,0,correct,frozen_V3.1_numeric_free_text,current_three_world_original+FinQA_TRAIN_qa.answer,
1567,CB/2008/page_83.pdf-1,CB/2008,1639,0,1,error,frozen_V3.1_numeric_free_text,current_three_world_original+FinQA_TRAIN_qa.answer,
1568,CDNS/2012/page_58.pdf-1,CDNS/2012,1640,0,1,error,frozen_V3.1_numeric_free_text,current_three_world_original+FinQA_TRAIN_qa.answer,
1569,IPG/2016/page_37.pdf-1,IPG/2016,1641,0,1,error,frozen_V3.1_numeric_free_text,current_three_world_original+FinQA_TRAIN_qa.answer,
1570,AMT/2012/page_56.pdf-1,AMT/2012,1642,0,1,error,frozen_V3.1_numeric_free_text,current_three_world_original+FinQA_TRAIN_qa.answer,
1571,AON/2009/page_70.pdf-2,AON/2009,1643,0,1,error,frozen_V3.1_numeric_free_text,current_three_world_original+FinQA_TRAIN_qa.answer,
1572,RSG/2014/page_22.pdf-2,RSG/2014,1644,0,1,error,frozen_V3.1_numeric_free_text,current_three_world_original+FinQA_TRAIN_qa.answer,
1573,HIG/2004/page_81.pdf-2,HIG/2004,1645,0,1,error,frozen_V3.1_numeric_free_text,current_three_world_original+FinQA_TRAIN_qa.answer,
1574,AMT/2012/page_104.pdf-2,AMT/2012,1646,0,1,error,frozen_V3.1_numeric_free_text,current_three_world_original+FinQA_TRAIN_qa.answer,
1575,AWK/2015/page_112.pdf-4,AWK/2015,1647,0,1,error,frozen_V3.1_numeric_free_text,current_three_world_original+FinQA_TRAIN_qa.answer,
1576,HUM/2010/page_101.pdf-2,HUM/2010,1648,0,1,error,frozen_V3.1_numeric_free_text,current_three_world_original+FinQA_TRAIN_qa.answer,
1577,HIG/2011/page_195.pdf-1,HIG/2011,1649,0,1,error,frozen_V3.1_numeric_free_text,current_three_world_original+FinQA_TRAIN_qa.answer,
1578,FIS/2012/page_11.pdf-4,FIS/2012,1650,0,1,error,frozen_V3.1_numeric_free_text,current_three_world_original+FinQA_TRAIN_qa.answer,
1579,UPS/2012/page_51.pdf-2,UPS/2012,1651,0,1,error,frozen_V3.1_numeric_free_text,current_three_world_original+FinQA_TRAIN_qa.answer,
1580,APTV/2018/page_36.pdf-1,APTV/2018,1652,0,1,error,frozen_V3.1_numeric_free_text,current_three_world_original+FinQA_TRAIN_qa.answer,
1581,C/2009/page_255.pdf-3,C/2009,1653,0,1,error,frozen_V3.1_numeric_free_text,current_three_world_original+FinQA_TRAIN_qa.answer,
1582,HIG/2004/page_125.pdf-4,HIG/2004,1654,0,1,error,frozen_V3.1_numeric_free_text,current_three_world_original+FinQA_TRAIN_qa.answer,
1583,APD/2018/page_54.pdf-2,APD/2018,1655,0,1,error,frozen_V3.1_numeric_free_text,current_three_world_original+FinQA_TRAIN_qa.answer,
1584,GPN/2015/page_83.pdf-1,GPN/2015,1656,0,1,error,frozen_V3.1_numeric_free_text,current_three_world_original+FinQA_TRAIN_qa.answer,
1585,RSG/2015/page_137.pdf-1,RSG/2015,1657,0,1,error,frozen_V3.1_numeric_free_text,current_three_world_original+FinQA_TRAIN_qa.answer,
1586,HUM/2007/page_18.pdf-3,HUM/2007,1658,0,1,error,frozen_V3.1_numeric_free_text,current_three_world_original+FinQA_TRAIN_qa.answer,
1587,DISCA/2013/page_45.pdf-2,DISCA/2013,1659,1,0,correct,frozen_V3.1_numeric_free_text,current_three_world_original+FinQA_TRAIN_qa.answer,
1588,AON/2011/page_38.pdf-1,AON/2011,1660,0,1,error,frozen_V3.1_numeric_free_text,current_three_world_original+FinQA_TRAIN_qa.answer,
1589,ABC/2005/page_40.pdf-2,ABC/2005,1661,0,1,error,frozen_V3.1_numeric_free_text,current_three_world_original+FinQA_TRAIN_qa.answer,
1590,PNC/2011/page_209.pdf-4,PNC/2011,1662,0,1,error,frozen_V3.1_numeric_free_text,current_three_world_original+FinQA_TRAIN_qa.answer,
1591,UNP/2014/page_14.pdf-2,UNP/2014,1663,1,0,correct,frozen_V3.1_numeric_free_text,current_three_world_original+FinQA_TRAIN_qa.answer,
1592,JKHY/2016/page_25.pdf-3,JKHY/2016,1664,0,1,error,frozen_V3.1_numeric_free_text,current_three_world_original+FinQA_TRAIN_qa.answer,
1593,PNC/2013/page_97.pdf-1,PNC/2013,1665,0,1,error,frozen_V3.1_numeric_free_text,current_three_world_original+FinQA_TRAIN_qa.answer,
1594,RL/2013/page_13.pdf-2,RL/2013,1666,0,1,error,frozen_V3.1_numeric_free_text,current_three_world_original+FinQA_TRAIN_qa.answer,
1595,ETR/2016/page_403.pdf-4,ETR/2016,1667,0,1,error,frozen_V3.1_numeric_free_text,current_three_world_original+FinQA_TRAIN_qa.answer,
1596,MMM/2013/page_48.pdf-1,MMM/2013,1668,0,1,error,frozen_V3.1_numeric_free_text,current_three_world_original+FinQA_TRAIN_qa.answer,
1597,GPN/2007/page_18.pdf-2,GPN/2007,1670,0,1,error,frozen_V3.1_numeric_free_text,current_three_world_original+FinQA_TRAIN_qa.answer,
1598,AWK/2014/page_45.pdf-3,AWK/2014,1671,0,1,error,frozen_V3.1_numeric_free_text,current_three_world_original+FinQA_TRAIN_qa.answer,
1599,SLG/2009/page_84.pdf-1,SLG/2009,1672,0,1,error,frozen_V3.1_numeric_free_text,current_three_world_original+FinQA_TRAIN_qa.answer,
1600,CE/2009/page_121.pdf-2,CE/2009,1673,0,1,error,frozen_V3.1_numeric_free_text,current_three_world_original+FinQA_TRAIN_qa.answer,
1601,MAS/2010/page_29.pdf-3,MAS/2010,1674,0,1,error,frozen_V3.1_numeric_free_text,current_three_world_original+FinQA_TRAIN_qa.answer,
1602,ETR/2008/page_266.pdf-4,ETR/2008,1675,0,1,error,frozen_V3.1_numeric_free_text,current_three_world_original+FinQA_TRAIN_qa.answer,
1603,ETR/2008/page_362.pdf-1,ETR/2008,1676,0,1,error,frozen_V3.1_numeric_free_text,current_three_world_original+FinQA_TRAIN_qa.answer,
1604,ALXN/2007/page_49.pdf-2,ALXN/2007,1677,0,1,error,frozen_V3.1_numeric_free_text,current_three_world_original+FinQA_TRAIN_qa.answer,
1605,ETR/2004/page_185.pdf-2,ETR/2004,1678,1,0,correct,frozen_V3.1_numeric_free_text,current_three_world_original+FinQA_TRAIN_qa.answer,
1606,JPM/2003/page_28.pdf-4,JPM/2003,1680,1,0,correct,frozen_V3.1_numeric_free_text,current_three_world_original+FinQA_TRAIN_qa.answer,
1607,MRO/2009/page_132.pdf-1,MRO/2009,1681,1,0,correct,frozen_V3.1_numeric_free_text,current_three_world_original+FinQA_TRAIN_qa.answer,
1608,UNP/2011/page_78.pdf-1,UNP/2011,1682,0,1,error,frozen_V3.1_numeric_free_text,current_three_world_original+FinQA_TRAIN_qa.answer,
1609,ETR/2017/page_342.pdf-3,ETR/2017,1683,0,1,error,frozen_V3.1_numeric_free_text,current_three_world_original+FinQA_TRAIN_qa.answer,
1610,ETR/2008/page_337.pdf-1,ETR/2008,1684,0,1,error,frozen_V3.1_numeric_free_text,current_three_world_original+FinQA_TRAIN_qa.answer,
1611,JPM/2009/page_206.pdf-5,JPM/2009,1685,0,1,error,frozen_V3.1_numeric_free_text,current_three_world_original+FinQA_TRAIN_qa.answer,
1612,IP/2005/page_32.pdf-1,IP/2005,1686,0,1,error,frozen_V3.1_numeric_free_text,current_three_world_original+FinQA_TRAIN_qa.answer,
1613,AMT/2005/page_84.pdf-3,AMT/2005,1687,0,1,error,frozen_V3.1_numeric_free_text,current_three_world_original+FinQA_TRAIN_qa.answer,
1614,UNP/2011/page_35.pdf-1,UNP/2011,1688,1,0,correct,frozen_V3.1_numeric_free_text,current_three_world_original+FinQA_TRAIN_qa.answer,
1615,AMT/2016/page_57.pdf-1,AMT/2016,1689,0,1,error,frozen_V3.1_numeric_free_text,current_three_world_original+FinQA_TRAIN_qa.answer,
1616,ETR/2008/page_266.pdf-1,ETR/2008,1690,0,1,error,frozen_V3.1_numeric_free_text,current_three_world_original+FinQA_TRAIN_qa.answer,
1617,C/2009/page_38.pdf-3,C/2009,1692,0,1,error,frozen_V3.1_numeric_free_text,current_three_world_original+FinQA_TRAIN_qa.answer,
1618,LMT/2015/page_86.pdf-3,LMT/2015,1693,1,0,correct,frozen_V3.1_numeric_free_text,current_three_world_original+FinQA_TRAIN_qa.answer,
1619,C/2009/page_255.pdf-1,C/2009,1694,0,1,error,frozen_V3.1_numeric_free_text,current_three_world_original+FinQA_TRAIN_qa.answer,
1620,MRO/2012/page_39.pdf-2,MRO/2012,1695,0,1,error,frozen_V3.1_numeric_free_text,current_three_world_original+FinQA_TRAIN_qa.answer,
1621,BKNG/2017/page_35.pdf-1,BKNG/2017,1696,0,1,error,frozen_V3.1_numeric_free_text,current_three_world_original+FinQA_TRAIN_qa.answer,
1622,SPGI/2017/page_73.pdf-2,SPGI/2017,1697,0,1,error,frozen_V3.1_numeric_free_text,current_three_world_original+FinQA_TRAIN_qa.answer,
1623,STT/2017/page_63.pdf-1,STT/2017,1698,1,0,correct,frozen_V3.1_numeric_free_text,current_three_world_original+FinQA_TRAIN_qa.answer,
1624,GS/2013/page_97.pdf-2,GS/2013,1699,0,1,error,frozen_V3.1_numeric_free_text,current_three_world_original+FinQA_TRAIN_qa.answer,
1625,HWM/2015/page_94.pdf-2,HWM/2015,1700,0,1,error,frozen_V3.1_numeric_free_text,current_three_world_original+FinQA_TRAIN_qa.answer,
1626,HUM/2007/page_18.pdf-4,HUM/2007,1701,0,1,error,frozen_V3.1_numeric_free_text,current_three_world_original+FinQA_TRAIN_qa.answer,
1627,PNC/2011/page_209.pdf-2,PNC/2011,1702,0,1,error,frozen_V3.1_numeric_free_text,current_three_world_original+FinQA_TRAIN_qa.answer,
1628,AES/2011/page_260.pdf-2,AES/2011,1703,0,1,error,frozen_V3.1_numeric_free_text,current_three_world_original+FinQA_TRAIN_qa.answer,
1629,AES/2010/page_225.pdf-2,AES/2010,1704,0,1,error,frozen_V3.1_numeric_free_text,current_three_world_original+FinQA_TRAIN_qa.answer,
1630,TROW/2013/page_25.pdf-4,TROW/2013,1705,0,1,error,frozen_V3.1_numeric_free_text,current_three_world_original+FinQA_TRAIN_qa.answer,
1631,CME/2010/page_109.pdf-3,CME/2010,1706,1,0,correct,frozen_V3.1_numeric_free_text,current_three_world_original+FinQA_TRAIN_qa.answer,
1632,IP/2007/page_30.pdf-2,IP/2007,1707,0,1,error,frozen_V3.1_numeric_free_text,current_three_world_original+FinQA_TRAIN_qa.answer,
1633,SNPS/2006/page_67.pdf-1,SNPS/2006,1708,1,0,correct,frozen_V3.1_numeric_free_text,current_three_world_original+FinQA_TRAIN_qa.answer,
1634,AWK/2018/page_162.pdf-4,AWK/2018,1710,0,1,error,frozen_V3.1_numeric_free_text,current_three_world_original+FinQA_TRAIN_qa.answer,
1635,GPN/2017/page_76.pdf-1,GPN/2017,1711,0,1,error,frozen_V3.1_numeric_free_text,current_three_world_original+FinQA_TRAIN_qa.answer,
1636,ALLE/2017/page_44.pdf-1,ALLE/2017,1712,1,0,correct,frozen_V3.1_numeric_free_text,current_three_world_original+FinQA_TRAIN_qa.answer,
1637,FIS/2007/page_52.pdf-1,FIS/2007,1713,0,1,error,frozen_V3.1_numeric_free_text,current_three_world_original+FinQA_TRAIN_qa.answer,
1638,MRO/2009/page_32.pdf-1,MRO/2009,1714,1,0,correct,frozen_V3.1_numeric_free_text,current_three_world_original+FinQA_TRAIN_qa.answer,
1639,FIS/2007/page_52.pdf-4,FIS/2007,1715,0,1,error,frozen_V3.1_numeric_free_text,current_three_world_original+FinQA_TRAIN_qa.answer,
1640,IP/2018/page_50.pdf-1,IP/2018,1716,0,1,error,frozen_V3.1_numeric_free_text,current_three_world_original+FinQA_TRAIN_qa.answer,
1641,RL/2009/page_20.pdf-2,RL/2009,1717,0,1,error,frozen_V3.1_numeric_free_text,current_three_world_original+FinQA_TRAIN_qa.answer,
1642,AAPL/2013/page_27.pdf-1,AAPL/2013,1718,1,0,correct,frozen_V3.1_numeric_free_text,current_three_world_original+FinQA_TRAIN_qa.answer,
1643,UPS/2010/page_33.pdf-2,UPS/2010,1719,0,1,error,frozen_V3.1_numeric_free_text,current_three_world_original+FinQA_TRAIN_qa.answer,
1644,AAPL/2013/page_72.pdf-2,AAPL/2013,1720,0,1,error,frozen_V3.1_numeric_free_text,current_three_world_original+FinQA_TRAIN_qa.answer,
1645,JPM/2008/page_194.pdf-3,JPM/2008,1721,0,1,error,frozen_V3.1_numeric_free_text,current_three_world_original+FinQA_TRAIN_qa.answer,
1646,ETR/2016/page_24.pdf-2,ETR/2016,1722,0,1,error,frozen_V3.1_numeric_free_text,current_three_world_original+FinQA_TRAIN_qa.answer,
1647,IPG/2015/page_24.pdf-2,IPG/2015,1723,1,0,correct,frozen_V3.1_numeric_free_text,current_three_world_original+FinQA_TRAIN_qa.answer,
1648,BLL/2006/page_45.pdf-3,BLL/2006,1724,0,1,error,frozen_V3.1_numeric_free_text,current_three_world_original+FinQA_TRAIN_qa.answer,
1649,MO/2014/page_11.pdf-2,MO/2014,1725,0,1,error,frozen_V3.1_numeric_free_text,current_three_world_original+FinQA_TRAIN_qa.answer,
1650,RL/2011/page_14.pdf-1,RL/2011,1726,0,1,error,frozen_V3.1_numeric_free_text,current_three_world_original+FinQA_TRAIN_qa.answer,
1651,ORLY/2009/page_77.pdf-1,ORLY/2009,1727,0,1,error,frozen_V3.1_numeric_free_text,current_three_world_original+FinQA_TRAIN_qa.answer,
1652,ETR/2013/page_136.pdf-4,ETR/2013,1728,0,1,error,frozen_V3.1_numeric_free_text,current_three_world_original+FinQA_TRAIN_qa.answer,
1653,DVN/2014/page_112.pdf-3,DVN/2014,1729,0,1,error,frozen_V3.1_numeric_free_text,current_three_world_original+FinQA_TRAIN_qa.answer,
1654,IP/2014/page_71.pdf-2,IP/2014,1730,0,1,error,frozen_V3.1_numeric_free_text,current_three_world_original+FinQA_TRAIN_qa.answer,
1655,AAPL/2015/page_56.pdf-3,AAPL/2015,1731,0,1,error,frozen_V3.1_numeric_free_text,current_three_world_original+FinQA_TRAIN_qa.answer,
1656,GPN/2015/page_80.pdf-3,GPN/2015,1732,0,1,error,frozen_V3.1_numeric_free_text,current_three_world_original+FinQA_TRAIN_qa.answer,
1657,AAPL/2015/page_24.pdf-1,AAPL/2015,1733,1,0,correct,frozen_V3.1_numeric_free_text,current_three_world_original+FinQA_TRAIN_qa.answer,
1658,APTV/2014/page_46.pdf-1,APTV/2014,1734,0,1,error,frozen_V3.1_numeric_free_text,current_three_world_original+FinQA_TRAIN_qa.answer,
1659,WELL/2016/page_61.pdf-3,WELL/2016,1735,0,1,error,frozen_V3.1_numeric_free_text,current_three_world_original+FinQA_TRAIN_qa.answer,
1660,HOLX/2006/page_103.pdf-1,HOLX/2006,1736,0,1,error,frozen_V3.1_numeric_free_text,current_three_world_original+FinQA_TRAIN_qa.answer,
1661,ETR/2013/page_15.pdf-1,ETR/2013,1737,0,1,error,frozen_V3.1_numeric_free_text,current_three_world_original+FinQA_TRAIN_qa.answer,
1662,ANSS/2016/page_85.pdf-1,ANSS/2016,1738,1,0,correct,frozen_V3.1_numeric_free_text,current_three_world_original+FinQA_TRAIN_qa.answer,
1663,HOLX/2006/page_102.pdf-2,HOLX/2006,1739,0,1,error,frozen_V3.1_numeric_free_text,current_three_world_original+FinQA_TRAIN_qa.answer,
1664,K/2012/page_80.pdf-1,K/2012,1740,1,0,correct,frozen_V3.1_numeric_free_text,current_three_world_original+FinQA_TRAIN_qa.answer,
1665,EXPD/2017/page_30.pdf-2,EXPD/2017,1741,0,1,error,frozen_V3.1_numeric_free_text,current_three_world_original+FinQA_TRAIN_qa.answer,
1666,DRE/2002/page_30.pdf-2,DRE/2002,1742,0,1,error,frozen_V3.1_numeric_free_text,current_three_world_original+FinQA_TRAIN_qa.answer,
1667,RSG/2015/page_75.pdf-2,RSG/2015,1743,0,1,error,frozen_V3.1_numeric_free_text,current_three_world_original+FinQA_TRAIN_qa.answer,
1668,GPN/2016/page_84.pdf-2,GPN/2016,1744,0,1,error,frozen_V3.1_numeric_free_text,current_three_world_original+FinQA_TRAIN_qa.answer,
1669,PKG/2001/page_86.pdf-2,PKG/2001,1745,0,1,error,frozen_V3.1_numeric_free_text,current_three_world_original+FinQA_TRAIN_qa.answer,
1670,LLY/2018/page_99.pdf-1,LLY/2018,1746,0,1,error,frozen_V3.1_numeric_free_text,current_three_world_original+FinQA_TRAIN_qa.answer,
1671,ETR/2016/page_315.pdf-4,ETR/2016,1747,0,1,error,frozen_V3.1_numeric_free_text,current_three_world_original+FinQA_TRAIN_qa.answer,
1672,GPN/2016/page_69.pdf-1,GPN/2016,1748,0,1,error,frozen_V3.1_numeric_free_text,current_three_world_original+FinQA_TRAIN_qa.answer,
1673,RE/2006/page_31.pdf-2,RE/2006,1749,0,1,error,frozen_V3.1_numeric_free_text,current_three_world_original+FinQA_TRAIN_qa.answer,
1674,HWM/2018/page_69.pdf-2,HWM/2018,1750,0,1,error,frozen_V3.1_numeric_free_text,current_three_world_original+FinQA_TRAIN_qa.answer,
1675,JPM/2003/page_24.pdf-1,JPM/2003,1751,0,1,error,frozen_V3.1_numeric_free_text,current_three_world_original+FinQA_TRAIN_qa.answer,
1676,TSCO/2017/page_68.pdf-1,TSCO/2017,1752,0,1,error,frozen_V3.1_numeric_free_text,current_three_world_original+FinQA_TRAIN_qa.answer,
1677,V/2009/page_89.pdf-1,V/2009,1753,0,1,error,frozen_V3.1_numeric_free_text,current_three_world_original+FinQA_TRAIN_qa.answer,
1678,UNP/2014/page_24.pdf-1,UNP/2014,1754,0,1,error,frozen_V3.1_numeric_free_text,current_three_world_original+FinQA_TRAIN_qa.answer,
1679,UPS/2017/page_31.pdf-1,UPS/2017,1755,1,0,correct,frozen_V3.1_numeric_free_text,current_three_world_original+FinQA_TRAIN_qa.answer,
1680,AAPL/2014/page_26.pdf-3,AAPL/2014,1756,0,1,error,frozen_V3.1_numeric_free_text,current_three_world_original+FinQA_TRAIN_qa.answer,
1681,GPN/2008/page_99.pdf-4,GPN/2008,1757,0,1,error,frozen_V3.1_numeric_free_text,current_three_world_original+FinQA_TRAIN_qa.answer,
1682,HOLX/2005/page_27.pdf-2,HOLX/2005,1758,0,1,error,frozen_V3.1_numeric_free_text,current_three_world_original+FinQA_TRAIN_qa.answer,
1683,MAS/2013/page_27.pdf-4,MAS/2013,1759,0,1,error,frozen_V3.1_numeric_free_text,current_three_world_original+FinQA_TRAIN_qa.answer,
1684,CDNS/2007/page_93.pdf-3,CDNS/2007,1760,0,1,error,frozen_V3.1_numeric_free_text,current_three_world_original+FinQA_TRAIN_qa.answer,
1685,ETR/2004/page_158.pdf-1,ETR/2004,1761,0,1,error,frozen_V3.1_numeric_free_text,current_three_world_original+FinQA_TRAIN_qa.answer,
1686,UNP/2013/page_30.pdf-1,UNP/2013,1762,1,0,correct,frozen_V3.1_numeric_free_text,current_three_world_original+FinQA_TRAIN_qa.answer,
1687,ALXN/2007/page_49.pdf-1,ALXN/2007,1763,0,1,error,frozen_V3.1_numeric_free_text,current_three_world_original+FinQA_TRAIN_qa.answer,
1688,HUM/2018/page_46.pdf-1,HUM/2018,1764,1,0,correct,frozen_V3.1_numeric_free_text,current_three_world_original+FinQA_TRAIN_qa.answer,
1689,IPG/2015/page_38.pdf-2,IPG/2015,1765,0,1,error,frozen_V3.1_numeric_free_text,current_three_world_original+FinQA_TRAIN_qa.answer,
1690,UNP/2013/page_25.pdf-1,UNP/2013,1766,0,1,error,frozen_V3.1_numeric_free_text,current_three_world_original+FinQA_TRAIN_qa.answer,
1691,ETFC/2007/page_22.pdf-2,ETFC/2007,1767,0,1,error,frozen_V3.1_numeric_free_text,current_three_world_original+FinQA_TRAIN_qa.answer,
1692,EW/2014/page_68.pdf-2,EW/2014,1768,0,1,error,frozen_V3.1_numeric_free_text,current_three_world_original+FinQA_TRAIN_qa.answer,
1693,MRO/2008/page_119.pdf-2,MRO/2008,1769,0,1,error,frozen_V3.1_numeric_free_text,current_three_world_original+FinQA_TRAIN_qa.answer,
1694,C/2009/page_248.pdf-2,C/2009,1770,0,1,error,frozen_V3.1_numeric_free_text,current_three_world_original+FinQA_TRAIN_qa.answer,
1695,AAL/2015/page_187.pdf-1,AAL/2015,1771,0,1,error,frozen_V3.1_numeric_free_text,current_three_world_original+FinQA_TRAIN_qa.answer,
1696,GS/2012/page_177.pdf-3,GS/2012,1772,0,1,error,frozen_V3.1_numeric_free_text,current_three_world_original+FinQA_TRAIN_qa.answer,
1697,AAPL/2015/page_68.pdf-1,AAPL/2015,1774,0,1,error,frozen_V3.1_numeric_free_text,current_three_world_original+FinQA_TRAIN_qa.answer,
1698,ETFC/2012/page_85.pdf-1,ETFC/2012,1775,0,1,error,frozen_V3.1_numeric_free_text,current_three_world_original+FinQA_TRAIN_qa.answer,
1699,HIG/2012/page_132.pdf-3,HIG/2012,1776,0,1,error,frozen_V3.1_numeric_free_text,current_three_world_original+FinQA_TRAIN_qa.answer,
1700,HUM/2018/page_129.pdf-2,HUM/2018,1777,0,1,error,frozen_V3.1_numeric_free_text,current_three_world_original+FinQA_TRAIN_qa.answer,
1701,CB/2008/page_83.pdf-2,CB/2008,1778,0,1,error,frozen_V3.1_numeric_free_text,current_three_world_original+FinQA_TRAIN_qa.answer,
1702,C/2016/page_207.pdf-3,C/2016,1779,0,1,error,frozen_V3.1_numeric_free_text,current_three_world_original+FinQA_TRAIN_qa.answer,
1703,UNP/2008/page_35.pdf-1,UNP/2008,1780,0,1,error,frozen_V3.1_numeric_free_text,current_three_world_original+FinQA_TRAIN_qa.answer,
1704,AES/2010/page_225.pdf-1,AES/2010,1781,0,1,error,frozen_V3.1_numeric_free_text,current_three_world_original+FinQA_TRAIN_qa.answer,
1705,UNP/2008/page_59.pdf-1,UNP/2008,1782,0,1,error,frozen_V3.1_numeric_free_text,current_three_world_original+FinQA_TRAIN_qa.answer,
1706,LMT/2010/page_24.pdf-3,LMT/2010,1783,0,1,error,frozen_V3.1_numeric_free_text,current_three_world_original+FinQA_TRAIN_qa.answer,
1707,GIS/2018/page_59.pdf-2,GIS/2018,1784,1,0,correct,frozen_V3.1_numeric_free_text,current_three_world_original+FinQA_TRAIN_qa.answer,
1708,ETR/2008/page_212.pdf-3,ETR/2008,1785,0,1,error,frozen_V3.1_numeric_free_text,current_three_world_original+FinQA_TRAIN_qa.answer,
1709,ORLY/2018/page_30.pdf-4,ORLY/2018,1786,1,0,correct,frozen_V3.1_numeric_free_text,current_three_world_original+FinQA_TRAIN_qa.answer,
1710,LMT/2015/page_106.pdf-1,LMT/2015,1787,0,1,error,frozen_V3.1_numeric_free_text,current_three_world_original+FinQA_TRAIN_qa.answer,
1711,LMT/2002/page_33.pdf-1,LMT/2002,1788,1,0,correct,frozen_V3.1_numeric_free_text,current_three_world_original+FinQA_TRAIN_qa.answer,
1712,DVN/2013/page_101.pdf-1,DVN/2013,1789,0,1,error,frozen_V3.1_numeric_free_text,current_three_world_original+FinQA_TRAIN_qa.answer,
1713,ADBE/2013/page_84.pdf-3,ADBE/2013,1790,0,1,error,frozen_V3.1_numeric_free_text,current_three_world_original+FinQA_TRAIN_qa.answer,
1714,C/2016/page_120.pdf-4,C/2016,1791,0,1,error,frozen_V3.1_numeric_free_text,current_three_world_original+FinQA_TRAIN_qa.answer,
1715,LLY/2018/page_75.pdf-3,LLY/2018,1792,0,1,error,frozen_V3.1_numeric_free_text,current_three_world_original+FinQA_TRAIN_qa.answer,
1716,RSG/2010/page_157.pdf-1,RSG/2010,1793,1,0,correct,frozen_V3.1_numeric_free_text,current_three_world_original+FinQA_TRAIN_qa.answer,
1717,DVN/2013/page_78.pdf-1,DVN/2013,1794,0,1,error,frozen_V3.1_numeric_free_text,current_three_world_original+FinQA_TRAIN_qa.answer,
1718,UPS/2007/page_32.pdf-3,UPS/2007,1795,1,0,correct,frozen_V3.1_numeric_free_text,current_three_world_original+FinQA_TRAIN_qa.answer,
1719,V/2013/page_116.pdf-3,V/2013,1796,0,1,error,frozen_V3.1_numeric_free_text,current_three_world_original+FinQA_TRAIN_qa.answer,
1720,MMM/2007/page_90.pdf-1,MMM/2007,1797,0,1,error,frozen_V3.1_numeric_free_text,current_three_world_original+FinQA_TRAIN_qa.answer,
1721,AON/2013/page_54.pdf-4,AON/2013,1798,0,1,error,frozen_V3.1_numeric_free_text,current_three_world_original+FinQA_TRAIN_qa.answer,
1722,LLY/2008/page_45.pdf-4,LLY/2008,1799,0,1,error,frozen_V3.1_numeric_free_text,current_three_world_original+FinQA_TRAIN_qa.answer,
1723,AAPL/2013/page_78.pdf-1,AAPL/2013,1800,1,0,correct,frozen_V3.1_numeric_free_text,current_three_world_original+FinQA_TRAIN_qa.answer,
1724,ETR/2008/page_154.pdf-1,ETR/2008,1801,0,1,error,frozen_V3.1_numeric_free_text,current_three_world_original+FinQA_TRAIN_qa.answer,
1725,ETR/2004/page_185.pdf-3,ETR/2004,1802,0,1,error,frozen_V3.1_numeric_free_text,current_three_world_original+FinQA_TRAIN_qa.answer,
1726,JPM/2009/page_132.pdf-3,JPM/2009,1803,0,1,error,frozen_V3.1_numeric_free_text,current_three_world_original+FinQA_TRAIN_qa.answer,
1727,MRO/2008/page_70.pdf-4,MRO/2008,1804,1,0,correct,frozen_V3.1_numeric_free_text,current_three_world_original+FinQA_TRAIN_qa.answer,
1728,ETR/2016/page_343.pdf-3,ETR/2016,1805,1,0,correct,frozen_V3.1_numeric_free_text,current_three_world_original+FinQA_TRAIN_qa.answer,
1729,UPS/2017/page_111.pdf-4,UPS/2017,1806,0,1,error,frozen_V3.1_numeric_free_text,current_three_world_original+FinQA_TRAIN_qa.answer,
1730,STT/2009/page_122.pdf-4,STT/2009,1807,0,1,error,frozen_V3.1_numeric_free_text,current_three_world_original+FinQA_TRAIN_qa.answer,
1731,AAL/2015/page_51.pdf-2,AAL/2015,1808,0,1,error,frozen_V3.1_numeric_free_text,current_three_world_original+FinQA_TRAIN_qa.answer,
1732,AES/2001/page_77.pdf-1,AES/2001,1809,1,0,correct,frozen_V3.1_numeric_free_text,current_three_world_original+FinQA_TRAIN_qa.answer,
1733,EXPD/2017/page_30.pdf-1,EXPD/2017,1810,0,1,error,frozen_V3.1_numeric_free_text,current_three_world_original+FinQA_TRAIN_qa.answer,
1734,ETR/2017/page_19.pdf-3,ETR/2017,1811,0,1,error,frozen_V3.1_numeric_free_text,current_three_world_original+FinQA_TRAIN_qa.answer,
1735,HIG/2004/page_67.pdf-2,HIG/2004,1812,1,0,correct,frozen_V3.1_numeric_free_text,current_three_world_original+FinQA_TRAIN_qa.answer,
1736,NTAP/2014/page_33.pdf-1,NTAP/2014,1813,0,1,error,frozen_V3.1_numeric_free_text,current_three_world_original+FinQA_TRAIN_qa.answer,
1737,JPM/2016/page_140.pdf-4,JPM/2016,1814,0,1,error,frozen_V3.1_numeric_free_text,current_three_world_original+FinQA_TRAIN_qa.answer,
1738,HOLX/2008/page_145.pdf-1,HOLX/2008,1815,0,1,error,frozen_V3.1_numeric_free_text,current_three_world_original+FinQA_TRAIN_qa.answer,
1739,DG/2009/page_87.pdf-1,DG/2009,1816,0,1,error,frozen_V3.1_numeric_free_text,current_three_world_original+FinQA_TRAIN_qa.answer,
1740,UPS/2007/page_32.pdf-2,UPS/2007,1817,0,1,error,frozen_V3.1_numeric_free_text,current_three_world_original+FinQA_TRAIN_qa.answer,
1741,JKHY/2018/page_16.pdf-1,JKHY/2018,1818,0,1,error,frozen_V3.1_numeric_free_text,current_three_world_original+FinQA_TRAIN_qa.answer,
1742,ADBE/2014/page_70.pdf-4,ADBE/2014,1819,0,1,error,frozen_V3.1_numeric_free_text,current_three_world_original+FinQA_TRAIN_qa.answer,
1743,INTC/2018/page_105.pdf-2,INTC/2018,1820,0,1,error,frozen_V3.1_numeric_free_text,current_three_world_original+FinQA_TRAIN_qa.answer,
1744,ETR/2008/page_153.pdf-3,ETR/2008,1821,0,1,error,frozen_V3.1_numeric_free_text,current_three_world_original+FinQA_TRAIN_qa.answer,
1745,PNC/2012/page_98.pdf-1,PNC/2012,1822,0,1,error,frozen_V3.1_numeric_free_text,current_three_world_original+FinQA_TRAIN_qa.answer,
1746,DISCA/2013/page_60.pdf-3,DISCA/2013,1823,0,1,error,frozen_V3.1_numeric_free_text,current_three_world_original+FinQA_TRAIN_qa.answer,
1747,IP/2013/page_101.pdf-2,IP/2013,1824,0,1,error,frozen_V3.1_numeric_free_text,current_three_world_original+FinQA_TRAIN_qa.answer,
1748,IP/2005/page_29.pdf-1,IP/2005,1825,0,1,error,frozen_V3.1_numeric_free_text,current_three_world_original+FinQA_TRAIN_qa.answer,
1749,VTR/2007/page_97.pdf-2,VTR/2007,1826,0,1,error,frozen_V3.1_numeric_free_text,current_three_world_original+FinQA_TRAIN_qa.answer,
1750,VTR/2006/page_48.pdf-4,VTR/2006,1827,0,1,error,frozen_V3.1_numeric_free_text,current_three_world_original+FinQA_TRAIN_qa.answer,
1751,CDNS/2016/page_76.pdf-2,CDNS/2016,1828,0,1,error,frozen_V3.1_numeric_free_text,current_three_world_original+FinQA_TRAIN_qa.answer,
1752,GS/2017/page_176.pdf-3,GS/2017,1829,0,1,error,frozen_V3.1_numeric_free_text,current_three_world_original+FinQA_TRAIN_qa.answer,
1753,ETR/2017/page_401.pdf-3,ETR/2017,1830,0,1,error,frozen_V3.1_numeric_free_text,current_three_world_original+FinQA_TRAIN_qa.answer,
1754,V/2008/page_165.pdf-1,V/2008,1831,0,1,error,frozen_V3.1_numeric_free_text,current_three_world_original+FinQA_TRAIN_qa.answer,
1755,IPG/2016/page_86.pdf-1,IPG/2016,1832,0,1,error,frozen_V3.1_numeric_free_text,current_three_world_original+FinQA_TRAIN_qa.answer,
1756,GPN/2017/page_72.pdf-2,GPN/2017,1833,0,1,error,frozen_V3.1_numeric_free_text,current_three_world_original+FinQA_TRAIN_qa.answer,
1757,IP/2013/page_70.pdf-2,IP/2013,1834,0,1,error,frozen_V3.1_numeric_free_text,current_three_world_original+FinQA_TRAIN_qa.answer,
1758,IPG/2006/page_41.pdf-2,IPG/2006,1836,0,1,error,frozen_V3.1_numeric_free_text,current_three_world_original+FinQA_TRAIN_qa.answer,
1759,UPS/2015/page_35.pdf-1,UPS/2015,1837,0,1,error,frozen_V3.1_numeric_free_text,current_three_world_original+FinQA_TRAIN_qa.answer,
1760,CDNS/2007/page_30.pdf-4,CDNS/2007,1839,1,0,correct,frozen_V3.1_numeric_free_text,current_three_world_original+FinQA_TRAIN_qa.answer,
1761,STT/2017/page_100.pdf-4,STT/2017,1840,0,1,error,frozen_V3.1_numeric_free_text,current_three_world_original+FinQA_TRAIN_qa.answer,
1762,HWM/2015/page_73.pdf-1,HWM/2015,1841,0,1,error,frozen_V3.1_numeric_free_text,current_three_world_original+FinQA_TRAIN_qa.answer,
1763,DISCA/2011/page_35.pdf-2,DISCA/2011,1842,0,1,error,frozen_V3.1_numeric_free_text,current_three_world_original+FinQA_TRAIN_qa.answer,
1764,AWK/2012/page_12.pdf-1,AWK/2012,1843,0,1,error,frozen_V3.1_numeric_free_text,current_three_world_original+FinQA_TRAIN_qa.answer,
1765,MAS/2012/page_86.pdf-3,MAS/2012,1844,1,0,correct,frozen_V3.1_numeric_free_text,current_three_world_original+FinQA_TRAIN_qa.answer,
1766,AWK/2018/page_131.pdf-1,AWK/2018,1845,0,1,error,frozen_V3.1_numeric_free_text,current_three_world_original+FinQA_TRAIN_qa.answer,
1767,ADBE/2018/page_66.pdf-3,ADBE/2018,1846,1,0,correct,frozen_V3.1_numeric_free_text,current_three_world_original+FinQA_TRAIN_qa.answer,
1768,MRO/2008/page_119.pdf-1,MRO/2008,1847,1,0,correct,frozen_V3.1_numeric_free_text,current_three_world_original+FinQA_TRAIN_qa.answer,
1769,LLY/2008/page_39.pdf-2,LLY/2008,1848,0,1,error,frozen_V3.1_numeric_free_text,current_three_world_original+FinQA_TRAIN_qa.answer,
1770,MRO/2004/page_57.pdf-4,MRO/2004,1849,0,1,error,frozen_V3.1_numeric_free_text,current_three_world_original+FinQA_TRAIN_qa.answer,
1771,ETR/2004/page_261.pdf-4,ETR/2004,1850,0,1,error,frozen_V3.1_numeric_free_text,current_three_world_original+FinQA_TRAIN_qa.answer,
1772,UPS/2010/page_33.pdf-4,UPS/2010,1851,0,1,error,frozen_V3.1_numeric_free_text,current_three_world_original+FinQA_TRAIN_qa.answer,
1773,ETR/2004/page_86.pdf-2,ETR/2004,1852,0,1,error,frozen_V3.1_numeric_free_text,current_three_world_original+FinQA_TRAIN_qa.answer,
1774,C/2008/page_26.pdf-1,C/2008,1853,0,1,error,frozen_V3.1_numeric_free_text,current_three_world_original+FinQA_TRAIN_qa.answer,
1775,WRK/2019/page_31.pdf-2,WRK/2019,1854,0,1,error,frozen_V3.1_numeric_free_text,current_three_world_original+FinQA_TRAIN_qa.answer,
1776,RSG/2013/page_69.pdf-2,RSG/2013,1855,0,1,error,frozen_V3.1_numeric_free_text,current_three_world_original+FinQA_TRAIN_qa.answer,
1777,MRO/2009/page_32.pdf-2,MRO/2009,1856,0,1,error,frozen_V3.1_numeric_free_text,current_three_world_original+FinQA_TRAIN_qa.answer,
1778,SLG/2013/page_133.pdf-3,SLG/2013,1857,1,0,correct,frozen_V3.1_numeric_free_text,current_three_world_original+FinQA_TRAIN_qa.answer,
1779,HFC/2011/page_85.pdf-1,HFC/2011,1859,0,1,error,frozen_V3.1_numeric_free_text,current_three_world_original+FinQA_TRAIN_qa.answer,
1780,C/2009/page_42.pdf-1,C/2009,1860,0,1,error,frozen_V3.1_numeric_free_text,current_three_world_original+FinQA_TRAIN_qa.answer,
1781,PPG/2005/page_20.pdf-1,PPG/2005,1861,0,1,error,frozen_V3.1_numeric_free_text,current_three_world_original+FinQA_TRAIN_qa.answer,
1782,ETR/2009/page_107.pdf-3,ETR/2009,1862,1,0,correct,frozen_V3.1_numeric_free_text,current_three_world_original+FinQA_TRAIN_qa.answer,
1783,AAPL/2015/page_68.pdf-2,AAPL/2015,1863,0,1,error,frozen_V3.1_numeric_free_text,current_three_world_original+FinQA_TRAIN_qa.answer,
1784,BLK/2009/page_98.pdf-1,BLK/2009,1864,0,1,error,frozen_V3.1_numeric_free_text,current_three_world_original+FinQA_TRAIN_qa.answer,
1785,ETR/2008/page_343.pdf-1,ETR/2008,1865,0,1,error,frozen_V3.1_numeric_free_text,current_three_world_original+FinQA_TRAIN_qa.answer,
1786,ETR/2004/page_159.pdf-3,ETR/2004,1866,0,1,error,frozen_V3.1_numeric_free_text,current_three_world_original+FinQA_TRAIN_qa.answer,
1787,MMM/2007/page_58.pdf-1,MMM/2007,1867,0,1,error,frozen_V3.1_numeric_free_text,current_three_world_original+FinQA_TRAIN_qa.answer,
1788,AON/2009/page_70.pdf-1,AON/2009,1868,1,0,correct,frozen_V3.1_numeric_free_text,current_three_world_original+FinQA_TRAIN_qa.answer,
1789,GIS/2019/page_53.pdf-2,GIS/2019,1869,1,0,correct,frozen_V3.1_numeric_free_text,current_three_world_original+FinQA_TRAIN_qa.answer,
1790,AWK/2013/page_12.pdf-2,AWK/2013,1870,0,1,error,frozen_V3.1_numeric_free_text,current_three_world_original+FinQA_TRAIN_qa.answer,
1791,BLK/2017/page_87.pdf-2,BLK/2017,1871,0,1,error,frozen_V3.1_numeric_free_text,current_three_world_original+FinQA_TRAIN_qa.answer,
1792,GS/2016/page_81.pdf-1,GS/2016,1872,0,1,error,frozen_V3.1_numeric_free_text,current_three_world_original+FinQA_TRAIN_qa.answer,
1793,ETR/2008/page_343.pdf-2,ETR/2008,1873,0,1,error,frozen_V3.1_numeric_free_text,current_three_world_original+FinQA_TRAIN_qa.answer,
1794,ETFC/2007/page_116.pdf-3,ETFC/2007,1874,0,1,error,frozen_V3.1_numeric_free_text,current_three_world_original+FinQA_TRAIN_qa.answer,
1795,BLL/2011/page_29.pdf-2,BLL/2011,1876,0,1,error,frozen_V3.1_numeric_free_text,current_three_world_original+FinQA_TRAIN_qa.answer,
1796,C/2008/page_105.pdf-3,C/2008,1877,0,1,error,frozen_V3.1_numeric_free_text,current_three_world_original+FinQA_TRAIN_qa.answer,
1797,GPN/2009/page_69.pdf-1,GPN/2009,1878,0,1,error,frozen_V3.1_numeric_free_text,current_three_world_original+FinQA_TRAIN_qa.answer,
1798,ADI/2010/page_50.pdf-1,ADI/2010,1879,0,1,error,frozen_V3.1_numeric_free_text,current_three_world_original+FinQA_TRAIN_qa.answer,
1799,JPM/2008/page_41.pdf-2,JPM/2008,1880,1,0,correct,frozen_V3.1_numeric_free_text,current_three_world_original+FinQA_TRAIN_qa.answer,
1800,MAS/2013/page_27.pdf-1,MAS/2013,1881,0,1,error,frozen_V3.1_numeric_free_text,current_three_world_original+FinQA_TRAIN_qa.answer,
1801,HIG/2013/page_212.pdf-2,HIG/2013,1882,1,0,correct,frozen_V3.1_numeric_free_text,current_three_world_original+FinQA_TRAIN_qa.answer,
1802,PNC/2011/page_74.pdf-3,PNC/2011,1883,0,1,error,frozen_V3.1_numeric_free_text,current_three_world_original+FinQA_TRAIN_qa.answer,
1803,UNP/2010/page_79.pdf-2,UNP/2010,1884,0,1,error,frozen_V3.1_numeric_free_text,current_three_world_original+FinQA_TRAIN_qa.answer,
1804,HUM/2005/page_18.pdf-3,HUM/2005,1885,1,0,correct,frozen_V3.1_numeric_free_text,current_three_world_original+FinQA_TRAIN_qa.answer,
1805,AMT/2012/page_121.pdf-2,AMT/2012,1886,0,1,error,frozen_V3.1_numeric_free_text,current_three_world_original+FinQA_TRAIN_qa.answer,
1806,ADBE/2014/page_87.pdf-1,ADBE/2014,1887,0,1,error,frozen_V3.1_numeric_free_text,current_three_world_original+FinQA_TRAIN_qa.answer,
1807,UA/2015/page_77.pdf-1,UA/2015,1888,0,1,error,frozen_V3.1_numeric_free_text,current_three_world_original+FinQA_TRAIN_qa.answer,
1808,RSG/2015/page_75.pdf-1,RSG/2015,1889,0,1,error,frozen_V3.1_numeric_free_text,current_three_world_original+FinQA_TRAIN_qa.answer,
1809,AMAT/2015/page_14.pdf-1,AMAT/2015,1890,0,1,error,frozen_V3.1_numeric_free_text,current_three_world_original+FinQA_TRAIN_qa.answer,
1810,IPG/2016/page_46.pdf-2,IPG/2016,1891,0,1,error,frozen_V3.1_numeric_free_text,current_three_world_original+FinQA_TRAIN_qa.answer,
1811,VNO/2008/page_183.pdf-2,VNO/2008,1892,1,0,correct,frozen_V3.1_numeric_free_text,current_three_world_original+FinQA_TRAIN_qa.answer,
1812,AES/2011/page_230.pdf-2,AES/2011,1893,0,1,error,frozen_V3.1_numeric_free_text,current_three_world_original+FinQA_TRAIN_qa.answer,
1813,LMT/2015/page_106.pdf-2,LMT/2015,1894,1,0,correct,frozen_V3.1_numeric_free_text,current_three_world_original+FinQA_TRAIN_qa.answer,
1814,ILMN/2007/page_84.pdf-1,ILMN/2007,1895,0,1,error,frozen_V3.1_numeric_free_text,current_three_world_original+FinQA_TRAIN_qa.answer,
1815,SLG/2002/page_56.pdf-1,SLG/2002,1896,0,1,error,frozen_V3.1_numeric_free_text,current_three_world_original+FinQA_TRAIN_qa.answer,
1816,ETR/2004/page_186.pdf-2,ETR/2004,1897,1,0,correct,frozen_V3.1_numeric_free_text,current_three_world_original+FinQA_TRAIN_qa.answer,
1817,IP/2013/page_61.pdf-2,IP/2013,1898,0,1,error,frozen_V3.1_numeric_free_text,current_three_world_original+FinQA_TRAIN_qa.answer,
1818,ETR/2008/page_313.pdf-1,ETR/2008,1899,0,1,error,frozen_V3.1_numeric_free_text,current_three_world_original+FinQA_TRAIN_qa.answer,
1819,C/2008/page_207.pdf-3,C/2008,1901,0,1,error,frozen_V3.1_numeric_free_text,current_three_world_original+FinQA_TRAIN_qa.answer,
1820,MRO/2009/page_138.pdf-2,MRO/2009,1902,0,1,error,frozen_V3.1_numeric_free_text,current_three_world_original+FinQA_TRAIN_qa.answer,
1821,AES/2011/page_131.pdf-4,AES/2011,1904,1,0,correct,frozen_V3.1_numeric_free_text,current_three_world_original+FinQA_TRAIN_qa.answer,
1822,AES/2017/page_168.pdf-4,AES/2017,1905,1,0,correct,frozen_V3.1_numeric_free_text,current_three_world_original+FinQA_TRAIN_qa.answer,
1823,AAL/2014/page_80.pdf-3,AAL/2014,1907,1,0,correct,frozen_V3.1_numeric_free_text,current_three_world_original+FinQA_TRAIN_qa.answer,
1824,PNC/2007/page_107.pdf-2,PNC/2007,1908,0,1,error,frozen_V3.1_numeric_free_text,current_three_world_original+FinQA_TRAIN_qa.answer,
1825,HWM/2017/page_77.pdf-2,HWM/2017,1909,1,0,correct,frozen_V3.1_numeric_free_text,current_three_world_original+FinQA_TRAIN_qa.answer,
1826,RCL/2005/page_40.pdf-3,RCL/2005,1910,0,1,error,frozen_V3.1_numeric_free_text,current_three_world_original+FinQA_TRAIN_qa.answer,
1827,TFX/2015/page_42.pdf-2,TFX/2015,1911,0,1,error,frozen_V3.1_numeric_free_text,current_three_world_original+FinQA_TRAIN_qa.answer,
1828,MMM/2005/page_53.pdf-1,MMM/2005,1912,0,1,error,frozen_V3.1_numeric_free_text,current_three_world_original+FinQA_TRAIN_qa.answer,
1829,OKE/2007/page_51.pdf-2,OKE/2007,1913,0,1,error,frozen_V3.1_numeric_free_text,current_three_world_original+FinQA_TRAIN_qa.answer,
1830,AWK/2015/page_127.pdf-3,AWK/2015,1914,0,1,error,frozen_V3.1_numeric_free_text,current_three_world_original+FinQA_TRAIN_qa.answer,
1831,ETR/2008/page_435.pdf-2,ETR/2008,1915,0,1,error,frozen_V3.1_numeric_free_text,current_three_world_original+FinQA_TRAIN_qa.answer,
1832,GPN/2008/page_95.pdf-2,GPN/2008,1916,1,0,correct,frozen_V3.1_numeric_free_text,current_three_world_original+FinQA_TRAIN_qa.answer,
1833,RL/2009/page_22.pdf-2,RL/2009,1917,0,1,error,frozen_V3.1_numeric_free_text,current_three_world_original+FinQA_TRAIN_qa.answer,
1834,DRE/2010/page_59.pdf-1,DRE/2010,1918,0,1,error,frozen_V3.1_numeric_free_text,current_three_world_original+FinQA_TRAIN_qa.answer,
1835,IP/2014/page_65.pdf-1,IP/2014,1919,0,1,error,frozen_V3.1_numeric_free_text,current_three_world_original+FinQA_TRAIN_qa.answer,
1836,CB/2008/page_217.pdf-1,CB/2008,1920,0,1,error,frozen_V3.1_numeric_free_text,current_three_world_original+FinQA_TRAIN_qa.answer,
1837,ETR/2004/page_159.pdf-1,ETR/2004,1921,0,1,error,frozen_V3.1_numeric_free_text,current_three_world_original+FinQA_TRAIN_qa.answer,
1838,UNP/2008/page_34.pdf-2,UNP/2008,1922,0,1,error,frozen_V3.1_numeric_free_text,current_three_world_original+FinQA_TRAIN_qa.answer,
1839,ETR/2008/page_266.pdf-2,ETR/2008,1923,1,0,correct,frozen_V3.1_numeric_free_text,current_three_world_original+FinQA_TRAIN_qa.answer,
1840,MRO/2013/page_40.pdf-1,MRO/2013,1924,1,0,correct,frozen_V3.1_numeric_free_text,current_three_world_original+FinQA_TRAIN_qa.answer,
1841,DVN/2012/page_100.pdf-2,DVN/2012,1925,0,1,error,frozen_V3.1_numeric_free_text,current_three_world_original+FinQA_TRAIN_qa.answer,
1842,GS/2016/page_161.pdf-2,GS/2016,1926,0,1,error,frozen_V3.1_numeric_free_text,current_three_world_original+FinQA_TRAIN_qa.answer,
1843,ZBH/2009/page_71.pdf-2,ZBH/2009,1927,0,1,error,frozen_V3.1_numeric_free_text,current_three_world_original+FinQA_TRAIN_qa.answer,
1844,ALLE/2017/page_44.pdf-2,ALLE/2017,1928,0,1,error,frozen_V3.1_numeric_free_text,current_three_world_original+FinQA_TRAIN_qa.answer,
1845,UNP/2013/page_73.pdf-2,UNP/2013,1929,0,1,error,frozen_V3.1_numeric_free_text,current_three_world_original+FinQA_TRAIN_qa.answer,
1846,CME/2010/page_45.pdf-4,CME/2010,1930,1,0,correct,frozen_V3.1_numeric_free_text,current_three_world_original+FinQA_TRAIN_qa.answer,
1847,GS/2014/page_134.pdf-4,GS/2014,1931,0,1,error,frozen_V3.1_numeric_free_text,current_three_world_original+FinQA_TRAIN_qa.answer,
1848,RCL/2017/page_38.pdf-3,RCL/2017,1932,0,1,error,frozen_V3.1_numeric_free_text,current_three_world_original+FinQA_TRAIN_qa.answer,
1849,ADI/2019/page_77.pdf-1,ADI/2019,1933,0,1,error,frozen_V3.1_numeric_free_text,current_three_world_original+FinQA_TRAIN_qa.answer,
1850,IPG/2015/page_24.pdf-1,IPG/2015,1934,0,1,error,frozen_V3.1_numeric_free_text,current_three_world_original+FinQA_TRAIN_qa.answer,
1851,AMAT/2015/page_14.pdf-2,AMAT/2015,1935,0,1,error,frozen_V3.1_numeric_free_text,current_three_world_original+FinQA_TRAIN_qa.answer,
1852,ETR/2017/page_477.pdf-2,ETR/2017,1936,0,1,error,frozen_V3.1_numeric_free_text,current_three_world_original+FinQA_TRAIN_qa.answer,
1853,UNP/2014/page_80.pdf-1,UNP/2014,1937,0,1,error,frozen_V3.1_numeric_free_text,current_three_world_original+FinQA_TRAIN_qa.answer,
1854,AAL/2015/page_131.pdf-4,AAL/2015,1938,0,1,error,frozen_V3.1_numeric_free_text,current_three_world_original+FinQA_TRAIN_qa.answer,
1855,AAL/2015/page_51.pdf-1,AAL/2015,1939,0,1,error,frozen_V3.1_numeric_free_text,current_three_world_original+FinQA_TRAIN_qa.answer,
1856,BLL/2006/page_45.pdf-4,BLL/2006,1940,0,1,error,frozen_V3.1_numeric_free_text,current_three_world_original+FinQA_TRAIN_qa.answer,
1857,ZBH/2018/page_61.pdf-2,ZBH/2018,1941,0,1,error,frozen_V3.1_numeric_free_text,current_three_world_original+FinQA_TRAIN_qa.answer,
1858,AES/2001/page_42.pdf-3,AES/2001,1942,1,0,correct,frozen_V3.1_numeric_free_text,current_three_world_original+FinQA_TRAIN_qa.answer,
1859,AAPL/2014/page_67.pdf-2,AAPL/2014,1943,1,0,correct,frozen_V3.1_numeric_free_text,current_three_world_original+FinQA_TRAIN_qa.answer,
1860,BKNG/2015/page_38.pdf-4,BKNG/2015,1944,0,1,error,frozen_V3.1_numeric_free_text,current_three_world_original+FinQA_TRAIN_qa.answer,
1861,PKG/2009/page_63.pdf-3,PKG/2009,1945,1,0,correct,frozen_V3.1_numeric_free_text,current_three_world_original+FinQA_TRAIN_qa.answer,
1862,PKG/2004/page_23.pdf-3,PKG/2004,1946,0,1,error,frozen_V3.1_numeric_free_text,current_three_world_original+FinQA_TRAIN_qa.answer,
1863,BLL/2006/page_45.pdf-2,BLL/2006,1947,0,1,error,frozen_V3.1_numeric_free_text,current_three_world_original+FinQA_TRAIN_qa.answer,
1864,INTC/2013/page_71.pdf-3,INTC/2013,1948,0,1,error,frozen_V3.1_numeric_free_text,current_three_world_original+FinQA_TRAIN_qa.answer,
1865,ETR/2017/page_343.pdf-1,ETR/2017,1950,1,0,correct,frozen_V3.1_numeric_free_text,current_three_world_original+FinQA_TRAIN_qa.answer,
1866,GPN/2016/page_29.pdf-2,GPN/2016,1951,1,0,correct,frozen_V3.1_numeric_free_text,current_three_world_original+FinQA_TRAIN_qa.answer,
1867,MRO/2013/page_49.pdf-3,MRO/2013,1953,1,0,correct,frozen_V3.1_numeric_free_text,current_three_world_original+FinQA_TRAIN_qa.answer,
1868,RSG/2018/page_13.pdf-2,RSG/2018,1954,1,0,correct,frozen_V3.1_numeric_free_text,current_three_world_original+FinQA_TRAIN_qa.answer,
1869,ETR/2008/page_33.pdf-1,ETR/2008,1955,0,1,error,frozen_V3.1_numeric_free_text,current_three_world_original+FinQA_TRAIN_qa.answer,
1870,LMT/2015/page_55.pdf-1,LMT/2015,1956,0,1,error,frozen_V3.1_numeric_free_text,current_three_world_original+FinQA_TRAIN_qa.answer,
1871,ETR/2016/page_315.pdf-1,ETR/2016,1957,1,0,correct,frozen_V3.1_numeric_free_text,current_three_world_original+FinQA_TRAIN_qa.answer,
1872,KMI/2010/page_164.pdf-3,KMI/2010,1958,0,1,error,frozen_V3.1_numeric_free_text,current_three_world_original+FinQA_TRAIN_qa.answer,
1873,MRO/2009/page_35.pdf-2,MRO/2009,1959,0,1,error,frozen_V3.1_numeric_free_text,current_three_world_original+FinQA_TRAIN_qa.answer,
1874,DRE/2007/page_39.pdf-4,DRE/2007,1960,0,1,error,frozen_V3.1_numeric_free_text,current_three_world_original+FinQA_TRAIN_qa.answer,
1875,IPG/2017/page_49.pdf-4,IPG/2017,1961,0,1,error,frozen_V3.1_numeric_free_text,current_three_world_original+FinQA_TRAIN_qa.answer,
1876,IPG/2014/page_23.pdf-1,IPG/2014,1962,0,1,error,frozen_V3.1_numeric_free_text,current_three_world_original+FinQA_TRAIN_qa.answer,
1877,SWKS/2011/page_112.pdf-1,SWKS/2011,1963,0,1,error,frozen_V3.1_numeric_free_text,current_three_world_original+FinQA_TRAIN_qa.answer,
1878,RE/2010/page_120.pdf-2,RE/2010,1964,0,1,error,frozen_V3.1_numeric_free_text,current_three_world_original+FinQA_TRAIN_qa.answer,
1879,ETR/2008/page_376.pdf-3,ETR/2008,1965,0,1,error,frozen_V3.1_numeric_free_text,current_three_world_original+FinQA_TRAIN_qa.answer,
1880,ETR/2004/page_160.pdf-4,ETR/2004,1966,1,0,correct,frozen_V3.1_numeric_free_text,current_three_world_original+FinQA_TRAIN_qa.answer,
1881,HOLX/2011/page_127.pdf-2,HOLX/2011,1967,0,1,error,frozen_V3.1_numeric_free_text,current_three_world_original+FinQA_TRAIN_qa.answer,
1882,VNO/2005/page_69.pdf-2,VNO/2005,1968,0,1,error,frozen_V3.1_numeric_free_text,current_three_world_original+FinQA_TRAIN_qa.answer,
1883,RL/2009/page_22.pdf-1,RL/2009,1969,0,1,error,frozen_V3.1_numeric_free_text,current_three_world_original+FinQA_TRAIN_qa.answer,
1884,MA/2009/page_115.pdf-4,MA/2009,1970,0,1,error,frozen_V3.1_numeric_free_text,current_three_world_original+FinQA_TRAIN_qa.answer,
1885,SNA/2013/page_93.pdf-4,SNA/2013,1971,0,1,error,frozen_V3.1_numeric_free_text,current_three_world_original+FinQA_TRAIN_qa.answer,
1886,HUM/2018/page_129.pdf-1,HUM/2018,1972,0,1,error,frozen_V3.1_numeric_free_text,current_three_world_original+FinQA_TRAIN_qa.answer,
1887,ETR/2015/page_18.pdf-1,ETR/2015,1973,0,1,error,frozen_V3.1_numeric_free_text,current_three_world_original+FinQA_TRAIN_qa.answer,
1888,LMT/2010/page_36.pdf-2,LMT/2010,1974,0,1,error,frozen_V3.1_numeric_free_text,current_three_world_original+FinQA_TRAIN_qa.answer,
1889,GPN/2009/page_68.pdf-1,GPN/2009,1975,1,0,correct,frozen_V3.1_numeric_free_text,current_three_world_original+FinQA_TRAIN_qa.answer,
1890,NKE/2015/page_37.pdf-1,NKE/2015,1976,0,1,error,frozen_V3.1_numeric_free_text,current_three_world_original+FinQA_TRAIN_qa.answer,
1891,ETFC/2007/page_22.pdf-1,ETFC/2007,1977,0,1,error,frozen_V3.1_numeric_free_text,current_three_world_original+FinQA_TRAIN_qa.answer,
1892,AWK/2014/page_122.pdf-1,AWK/2014,1978,0,1,error,frozen_V3.1_numeric_free_text,current_three_world_original+FinQA_TRAIN_qa.answer,
1893,UNP/2008/page_71.pdf-3,UNP/2008,1979,0,1,error,frozen_V3.1_numeric_free_text,current_three_world_original+FinQA_TRAIN_qa.answer,
1894,EMN/2007/page_111.pdf-2,EMN/2007,1980,0,1,error,frozen_V3.1_numeric_free_text,current_three_world_original+FinQA_TRAIN_qa.answer,
1895,MO/2017/page_79.pdf-1,MO/2017,1981,1,0,correct,frozen_V3.1_numeric_free_text,current_three_world_original+FinQA_TRAIN_qa.answer,
1896,UNP/2009/page_26.pdf-2,UNP/2009,1982,1,0,correct,frozen_V3.1_numeric_free_text,current_three_world_original+FinQA_TRAIN_qa.answer,
1897,APTV/2015/page_47.pdf-3,APTV/2015,1983,0,1,error,frozen_V3.1_numeric_free_text,current_three_world_original+FinQA_TRAIN_qa.answer,
1898,UNP/2015/page_76.pdf-2,UNP/2015,1984,0,1,error,frozen_V3.1_numeric_free_text,current_three_world_original+FinQA_TRAIN_qa.answer,
1899,VLO/2012/page_27.pdf-2,VLO/2012,1985,0,1,error,frozen_V3.1_numeric_free_text,current_three_world_original+FinQA_TRAIN_qa.answer,
1900,BLK/2008/page_75.pdf-3,BLK/2008,1986,0,1,error,frozen_V3.1_numeric_free_text,current_three_world_original+FinQA_TRAIN_qa.answer,
1901,BLK/2013/page_29.pdf-3,BLK/2013,1987,0,1,error,frozen_V3.1_numeric_free_text,current_three_world_original+FinQA_TRAIN_qa.answer,
1902,ANSS/2016/page_85.pdf-2,ANSS/2016,1988,0,1,error,frozen_V3.1_numeric_free_text,current_three_world_original+FinQA_TRAIN_qa.answer,
1903,IP/2015/page_44.pdf-3,IP/2015,1989,0,1,error,frozen_V3.1_numeric_free_text,current_three_world_original+FinQA_TRAIN_qa.answer,
1904,UNP/2013/page_29.pdf-2,UNP/2013,1990,0,1,error,frozen_V3.1_numeric_free_text,current_three_world_original+FinQA_TRAIN_qa.answer,
1905,MO/2014/page_76.pdf-1,MO/2014,1991,1,0,correct,frozen_V3.1_numeric_free_text,current_three_world_original+FinQA_TRAIN_qa.answer,
1906,UNP/2013/page_29.pdf-3,UNP/2013,1992,0,1,error,frozen_V3.1_numeric_free_text,current_three_world_original+FinQA_TRAIN_qa.answer,
1907,IP/2007/page_38.pdf-3,IP/2007,1993,0,1,error,frozen_V3.1_numeric_free_text,current_three_world_original+FinQA_TRAIN_qa.answer,
1908,UNP/2011/page_56.pdf-3,UNP/2011,1994,0,1,error,frozen_V3.1_numeric_free_text,current_three_world_original+FinQA_TRAIN_qa.answer,
1909,BLK/2016/page_35.pdf-3,BLK/2016,1995,0,1,error,frozen_V3.1_numeric_free_text,current_three_world_original+FinQA_TRAIN_qa.answer,
1910,APTV/2018/page_36.pdf-3,APTV/2018,1996,0,1,error,frozen_V3.1_numeric_free_text,current_three_world_original+FinQA_TRAIN_qa.answer,
1911,UNP/2015/page_76.pdf-3,UNP/2015,1997,1,0,correct,frozen_V3.1_numeric_free_text,current_three_world_original+FinQA_TRAIN_qa.answer,
1912,SNPS/2006/page_68.pdf-3,SNPS/2006,1999,0,1,error,frozen_V3.1_numeric_free_text,current_three_world_original+FinQA_TRAIN_qa.answer,
1913,UNP/2015/page_80.pdf-3,UNP/2015,2000,0,1,error,frozen_V3.1_numeric_free_text,current_three_world_original+FinQA_TRAIN_qa.answer,
1914,CAT/2017/page_113.pdf-3,CAT/2017,2001,0,1,error,frozen_V3.1_numeric_free_text,current_three_world_original+FinQA_TRAIN_qa.answer,
1915,UNP/2011/page_35.pdf-3,UNP/2011,2002,1,0,correct,frozen_V3.1_numeric_free_text,current_three_world_original+FinQA_TRAIN_qa.answer,
1916,UNP/2015/page_31.pdf-2,UNP/2015,2003,1,0,correct,frozen_V3.1_numeric_free_text,current_three_world_original+FinQA_TRAIN_qa.answer,
1917,IP/2013/page_70.pdf-3,IP/2013,2004,0,1,error,frozen_V3.1_numeric_free_text,current_three_world_original+FinQA_TRAIN_qa.answer,
1918,UNP/2010/page_79.pdf-3,UNP/2010,2005,0,1,error,frozen_V3.1_numeric_free_text,current_three_world_original+FinQA_TRAIN_qa.answer,
1919,APTV/2015/page_50.pdf-3,APTV/2015,2006,0,1,error,frozen_V3.1_numeric_free_text,current_three_world_original+FinQA_TRAIN_qa.answer,
1920,BKR/2018/page_59.pdf-3,BKR/2018,2007,0,1,error,frozen_V3.1_numeric_free_text,current_three_world_original+FinQA_TRAIN_qa.answer,
1921,UNP/2008/page_71.pdf-4,UNP/2008,2008,0,1,error,frozen_V3.1_numeric_free_text,current_three_world_original+FinQA_TRAIN_qa.answer,
1922,UNP/2010/page_33.pdf-2,UNP/2010,2009,0,1,error,frozen_V3.1_numeric_free_text,current_three_world_original+FinQA_TRAIN_qa.answer,
1923,PPG/2018/page_60.pdf-3,PPG/2018,2010,0,1,error,frozen_V3.1_numeric_free_text,current_three_world_original+FinQA_TRAIN_qa.answer,
1924,APTV/2014/page_46.pdf-3,APTV/2014,2011,0,1,error,frozen_V3.1_numeric_free_text,current_three_world_original+FinQA_TRAIN_qa.answer,
1925,IP/2013/page_65.pdf-2,IP/2013,2012,0,1,error,frozen_V3.1_numeric_free_text,current_three_world_original+FinQA_TRAIN_qa.answer,
1926,IP/2007/page_34.pdf-1,IP/2007,2013,0,1,error,frozen_V3.1_numeric_free_text,current_three_world_original+FinQA_TRAIN_qa.answer,
1927,UNP/2008/page_81.pdf-2,UNP/2008,2014,0,1,error,frozen_V3.1_numeric_free_text,current_three_world_original+FinQA_TRAIN_qa.answer,
1928,BLK/2012/page_31.pdf-3,BLK/2012,2015,0,1,error,frozen_V3.1_numeric_free_text,current_three_world_original+FinQA_TRAIN_qa.answer,
1929,PPG/2005/page_20.pdf-3,PPG/2005,2016,0,1,error,frozen_V3.1_numeric_free_text,current_three_world_original+FinQA_TRAIN_qa.answer,
1930,BKR/2018/page_52.pdf-1,BKR/2018,2017,0,1,error,frozen_V3.1_numeric_free_text,current_three_world_original+FinQA_TRAIN_qa.answer,
1931,APTV/2018/page_34.pdf-3,APTV/2018,2019,1,0,correct,frozen_V3.1_numeric_free_text,current_three_world_original+FinQA_TRAIN_qa.answer,
1932,UNP/2013/page_35.pdf-2,UNP/2013,2020,1,0,correct,frozen_V3.1_numeric_free_text,current_three_world_original+FinQA_TRAIN_qa.answer,
1933,IP/2007/page_30.pdf-3,IP/2007,2021,0,1,error,frozen_V3.1_numeric_free_text,current_three_world_original+FinQA_TRAIN_qa.answer,
1934,BLK/2012/page_32.pdf-3,BLK/2012,2022,0,1,error,frozen_V3.1_numeric_free_text,current_three_world_original+FinQA_TRAIN_qa.answer,
1935,IP/2005/page_29.pdf-3,IP/2005,2023,0,1,error,frozen_V3.1_numeric_free_text,current_three_world_original+FinQA_TRAIN_qa.answer,
1936,CMCSA/2015/page_70.pdf-1,CMCSA/2015,2024,0,1,error,frozen_V3.1_numeric_free_text,current_three_world_original+FinQA_TRAIN_qa.answer,
1937,UNP/2012/page_47.pdf-2,UNP/2012,2025,1,0,correct,frozen_V3.1_numeric_free_text,current_three_world_original+FinQA_TRAIN_qa.answer,
1938,IP/2013/page_64.pdf-3,IP/2013,2026,0,1,error,frozen_V3.1_numeric_free_text,current_three_world_original+FinQA_TRAIN_qa.answer,
1939,UNP/2017/page_23.pdf-3,UNP/2017,2027,1,0,correct,frozen_V3.1_numeric_free_text,current_three_world_original+FinQA_TRAIN_qa.answer,
1940,MO/2017/page_10.pdf-3,MO/2017,2028,0,1,error,frozen_V3.1_numeric_free_text,current_three_world_original+FinQA_TRAIN_qa.answer,
1941,UNP/2010/page_24.pdf-3,UNP/2010,2029,0,1,error,frozen_V3.1_numeric_free_text,current_three_world_original+FinQA_TRAIN_qa.answer,
1942,UNP/2008/page_32.pdf-2,UNP/2008,2030,0,1,error,frozen_V3.1_numeric_free_text,current_three_world_original+FinQA_TRAIN_qa.answer,
1943,UNP/2014/page_30.pdf-3,UNP/2014,2031,0,1,error,frozen_V3.1_numeric_free_text,current_three_world_original+FinQA_TRAIN_qa.answer,
1944,PPG/2018/page_20.pdf-2,PPG/2018,2032,1,0,correct,frozen_V3.1_numeric_free_text,current_three_world_original+FinQA_TRAIN_qa.answer,
1945,UNP/2015/page_80.pdf-4,UNP/2015,2033,0,1,error,frozen_V3.1_numeric_free_text,current_three_world_original+FinQA_TRAIN_qa.answer,
1946,UNP/2008/page_81.pdf-3,UNP/2008,2034,0,1,error,frozen_V3.1_numeric_free_text,current_three_world_original+FinQA_TRAIN_qa.answer,
1947,MO/2014/page_11.pdf-3,MO/2014,2035,0,1,error,frozen_V3.1_numeric_free_text,current_three_world_original+FinQA_TRAIN_qa.answer,
1948,UNP/2008/page_59.pdf-3,UNP/2008,2036,0,1,error,frozen_V3.1_numeric_free_text,current_three_world_original+FinQA_TRAIN_qa.answer,
1949,UNP/2011/page_78.pdf-3,UNP/2011,2037,0,1,error,frozen_V3.1_numeric_free_text,current_three_world_original+FinQA_TRAIN_qa.answer,
1950,UNP/2009/page_26.pdf-3,UNP/2009,2038,1,0,correct,frozen_V3.1_numeric_free_text,current_three_world_original+FinQA_TRAIN_qa.answer,
1951,EXPD/2017/page_30.pdf-3,EXPD/2017,2039,1,0,correct,frozen_V3.1_numeric_free_text,current_three_world_original+FinQA_TRAIN_qa.answer,
1952,IP/2005/page_28.pdf-3,IP/2005,2040,0,1,error,frozen_V3.1_numeric_free_text,current_three_world_original+FinQA_TRAIN_qa.answer,
1953,MO/2016/page_76.pdf-2,MO/2016,2041,0,1,error,frozen_V3.1_numeric_free_text,current_three_world_original+FinQA_TRAIN_qa.answer,
1954,UNP/2014/page_16.pdf-3,UNP/2014,2042,0,1,error,frozen_V3.1_numeric_free_text,current_three_world_original+FinQA_TRAIN_qa.answer,
1955,IP/2015/page_46.pdf-3,IP/2015,2043,0,1,error,frozen_V3.1_numeric_free_text,current_three_world_original+FinQA_TRAIN_qa.answer,
1956,SNPS/2006/page_73.pdf-2,SNPS/2006,2044,0,1,error,frozen_V3.1_numeric_free_text,current_three_world_original+FinQA_TRAIN_qa.answer,
1957,BKR/2017/page_49.pdf-2,BKR/2017,2045,0,1,error,frozen_V3.1_numeric_free_text,current_three_world_original+FinQA_TRAIN_qa.answer,
1958,UNP/2009/page_89.pdf-3,UNP/2009,2046,0,1,error,frozen_V3.1_numeric_free_text,current_three_world_original+FinQA_TRAIN_qa.answer,
1959,UNP/2014/page_14.pdf-3,UNP/2014,2047,0,1,error,frozen_V3.1_numeric_free_text,current_three_world_original+FinQA_TRAIN_qa.answer,
1960,IP/2012/page_55.pdf-4,IP/2012,2048,1,0,correct,frozen_V3.1_numeric_free_text,current_three_world_original+FinQA_TRAIN_qa.answer,
1961,IP/2014/page_101.pdf-3,IP/2014,2049,0,1,error,frozen_V3.1_numeric_free_text,current_three_world_original+FinQA_TRAIN_qa.answer,
1962,UNP/2009/page_38.pdf-3,UNP/2009,2050,0,1,error,frozen_V3.1_numeric_free_text,current_three_world_original+FinQA_TRAIN_qa.answer,
1963,AAP/2011/page_16.pdf-3,AAP/2011,2051,0,1,error,frozen_V3.1_numeric_free_text,current_three_world_original+FinQA_TRAIN_qa.answer,
1964,IP/2013/page_61.pdf-3,IP/2013,2052,0,1,error,frozen_V3.1_numeric_free_text,current_three_world_original+FinQA_TRAIN_qa.answer,
1965,IP/2012/page_57.pdf-4,IP/2012,2053,0,1,error,frozen_V3.1_numeric_free_text,current_three_world_original+FinQA_TRAIN_qa.answer,
1966,UNP/2012/page_55.pdf-3,UNP/2012,2054,0,1,error,frozen_V3.1_numeric_free_text,current_three_world_original+FinQA_TRAIN_qa.answer,
1967,SNPS/2006/page_73.pdf-1,SNPS/2006,2056,0,1,error,frozen_V3.1_numeric_free_text,current_three_world_original+FinQA_TRAIN_qa.answer,
1968,VLO/2013/page_24.pdf-2,VLO/2013,2057,1,0,correct,frozen_V3.1_numeric_free_text,current_three_world_original+FinQA_TRAIN_qa.answer,
1969,UNP/2008/page_32.pdf-1,UNP/2008,2058,0,1,error,frozen_V3.1_numeric_free_text,current_three_world_original+FinQA_TRAIN_qa.answer,
1970,UNP/2011/page_25.pdf-3,UNP/2011,2060,0,1,error,frozen_V3.1_numeric_free_text,current_three_world_original+FinQA_TRAIN_qa.answer,
1971,BLK/2012/page_31.pdf-4,BLK/2012,2061,0,1,error,frozen_V3.1_numeric_free_text,current_three_world_original+FinQA_TRAIN_qa.answer,
1972,ABMD/2015/page_93.pdf-3,ABMD/2015,2063,0,1,error,frozen_V3.1_numeric_free_text,current_three_world_original+FinQA_TRAIN_qa.answer,
1973,IP/2013/page_105.pdf-1,IP/2013,2064,0,1,error,frozen_V3.1_numeric_free_text,current_three_world_original+FinQA_TRAIN_qa.answer,
1974,BLK/2012/page_82.pdf-3,BLK/2012,2065,0,1,error,frozen_V3.1_numeric_free_text,current_three_world_original+FinQA_TRAIN_qa.answer,
1975,UNP/2012/page_23.pdf-3,UNP/2012,2066,0,1,error,frozen_V3.1_numeric_free_text,current_three_world_original+FinQA_TRAIN_qa.answer,
1976,UNP/2009/page_25.pdf-3,UNP/2009,2067,0,1,error,frozen_V3.1_numeric_free_text,current_three_world_original+FinQA_TRAIN_qa.answer,
1977,UNP/2017/page_74.pdf-3,UNP/2017,2068,0,1,error,frozen_V3.1_numeric_free_text,current_three_world_original+FinQA_TRAIN_qa.answer,
1978,ABMD/2011/page_33.pdf-3,ABMD/2011,2069,0,1,error,frozen_V3.1_numeric_free_text,current_three_world_original+FinQA_TRAIN_qa.answer,
1979,UNP/2007/page_79.pdf-2,UNP/2007,2070,0,1,error,frozen_V3.1_numeric_free_text,current_three_world_original+FinQA_TRAIN_qa.answer,
1980,IP/2018/page_50.pdf-3,IP/2018,2071,0,1,error,frozen_V3.1_numeric_free_text,current_three_world_original+FinQA_TRAIN_qa.answer,
1981,PPG/2018/page_54.pdf-3,PPG/2018,2073,1,0,correct,frozen_V3.1_numeric_free_text,current_three_world_original+FinQA_TRAIN_qa.answer,
1982,UNP/2013/page_24.pdf-2,UNP/2013,2074,0,1,error,frozen_V3.1_numeric_free_text,current_three_world_original+FinQA_TRAIN_qa.answer,
1983,UNP/2015/page_31.pdf-1,UNP/2015,2075,1,0,correct,frozen_V3.1_numeric_free_text,current_three_world_original+FinQA_TRAIN_qa.answer,
1984,BLK/2014/page_33.pdf-3,BLK/2014,2076,0,1,error,frozen_V3.1_numeric_free_text,current_three_world_original+FinQA_TRAIN_qa.answer,
1985,UNP/2012/page_79.pdf-3,UNP/2012,2077,0,1,error,frozen_V3.1_numeric_free_text,current_three_world_original+FinQA_TRAIN_qa.answer,
1986,UNP/2014/page_80.pdf-2,UNP/2014,2078,0,1,error,frozen_V3.1_numeric_free_text,current_three_world_original+FinQA_TRAIN_qa.answer,
1987,UNP/2010/page_33.pdf-1,UNP/2010,2079,0,1,error,frozen_V3.1_numeric_free_text,current_three_world_original+FinQA_TRAIN_qa.answer,
1988,IP/2012/page_84.pdf-1,IP/2012,2080,0,1,error,frozen_V3.1_numeric_free_text,current_three_world_original+FinQA_TRAIN_qa.answer,
1989,TFX/2014/page_44.pdf-4,TFX/2014,2081,0,1,error,frozen_V3.1_numeric_free_text,current_three_world_original+FinQA_TRAIN_qa.answer,
1990,APTV/2014/page_46.pdf-4,APTV/2014,2082,0,1,error,frozen_V3.1_numeric_free_text,current_three_world_original+FinQA_TRAIN_qa.answer,
1991,PPG/2015/page_40.pdf-3,PPG/2015,2083,0,1,error,frozen_V3.1_numeric_free_text,current_three_world_original+FinQA_TRAIN_qa.answer,
1992,BDX/2016/page_62.pdf-2,BDX/2016,2085,0,1,error,frozen_V3.1_numeric_free_text,current_three_world_original+FinQA_TRAIN_qa.answer,
1993,UNP/2010/page_75.pdf-2,UNP/2010,2086,1,0,correct,frozen_V3.1_numeric_free_text,current_three_world_original+FinQA_TRAIN_qa.answer,
1994,UNP/2013/page_35.pdf-3,UNP/2013,2087,0,1,error,frozen_V3.1_numeric_free_text,current_three_world_original+FinQA_TRAIN_qa.answer,
1995,UNP/2014/page_56.pdf-3,UNP/2014,2088,0,1,error,frozen_V3.1_numeric_free_text,current_three_world_original+FinQA_TRAIN_qa.answer,
1996,CMCSA/2008/page_56.pdf-1,CMCSA/2008,2090,0,1,error,frozen_V3.1_numeric_free_text,current_three_world_original+FinQA_TRAIN_qa.answer,
1997,UNP/2010/page_25.pdf-2,UNP/2010,2091,0,1,error,frozen_V3.1_numeric_free_text,current_three_world_original+FinQA_TRAIN_qa.answer,
1998,ANSS/2016/page_85.pdf-3,ANSS/2016,2092,0,1,error,frozen_V3.1_numeric_free_text,current_three_world_original+FinQA_TRAIN_qa.answer,
1999,UNP/2008/page_83.pdf-3,UNP/2008,2093,0,1,error,frozen_V3.1_numeric_free_text,current_three_world_original+FinQA_TRAIN_qa.answer,
2000,BLK/2016/page_75.pdf-3,BLK/2016,2094,1,0,correct,frozen_V3.1_numeric_free_text,current_three_world_original+FinQA_TRAIN_qa.answer,
2001,ABMD/2011/page_33.pdf-4,ABMD/2011,2095,0,1,error,frozen_V3.1_numeric_free_text,current_three_world_original+FinQA_TRAIN_qa.answer,
2002,UNP/2008/page_83.pdf-4,UNP/2008,2096,0,1,error,frozen_V3.1_numeric_free_text,current_three_world_original+FinQA_TRAIN_qa.answer,
2003,IP/2013/page_62.pdf-4,IP/2013,2097,0,1,error,frozen_V3.1_numeric_free_text,current_three_world_original+FinQA_TRAIN_qa.answer,
2004,UNP/2011/page_25.pdf-4,UNP/2011,2098,0,1,error,frozen_V3.1_numeric_free_text,current_three_world_original+FinQA_TRAIN_qa.answer,
2005,UNP/2008/page_26.pdf-3,UNP/2008,2099,0,1,error,frozen_V3.1_numeric_free_text,current_three_world_original+FinQA_TRAIN_qa.answer,
2006,PPG/2015/page_40.pdf-4,PPG/2015,2100,0,1,error,frozen_V3.1_numeric_free_text,current_three_world_original+FinQA_TRAIN_qa.answer,
2007,IP/2016/page_52.pdf-3,IP/2016,2101,0,1,error,frozen_V3.1_numeric_free_text,current_three_world_original+FinQA_TRAIN_qa.answer,
2008,AAP/2012/page_61.pdf-3,AAP/2012,2102,0,1,error,frozen_V3.1_numeric_free_text,current_three_world_original+FinQA_TRAIN_qa.answer,
2009,MO/2017/page_79.pdf-2,MO/2017,2103,0,1,error,frozen_V3.1_numeric_free_text,current_three_world_original+FinQA_TRAIN_qa.answer,
2010,CAT/2017/page_136.pdf-2,CAT/2017,2104,0,1,error,frozen_V3.1_numeric_free_text,current_three_world_original+FinQA_TRAIN_qa.answer,
2011,IP/2014/page_105.pdf-2,IP/2014,2105,0,1,error,frozen_V3.1_numeric_free_text,current_three_world_original+FinQA_TRAIN_qa.answer,
2012,UNP/2014/page_24.pdf-3,UNP/2014,2106,0,1,error,frozen_V3.1_numeric_free_text,current_three_world_original+FinQA_TRAIN_qa.answer,
2013,LKQ/2009/page_77.pdf-3,LKQ/2009,2107,0,1,error,frozen_V3.1_numeric_free_text,current_three_world_original+FinQA_TRAIN_qa.answer,
2014,KIM/2010/page_94.pdf-4,KIM/2010,2108,0,1,error,frozen_V3.1_numeric_free_text,current_three_world_original+FinQA_TRAIN_qa.answer,
2015,SNPS/2006/page_43.pdf-1,SNPS/2006,2109,0,1,error,frozen_V3.1_numeric_free_text,current_three_world_original+FinQA_TRAIN_qa.answer,
2016,UNP/2012/page_39.pdf-3,UNP/2012,2110,0,1,error,frozen_V3.1_numeric_free_text,current_three_world_original+FinQA_TRAIN_qa.answer,
2017,UNP/2012/page_74.pdf-1,UNP/2012,2111,0,1,error,frozen_V3.1_numeric_free_text,current_three_world_original+FinQA_TRAIN_qa.answer,
2018,UNP/2011/page_78.pdf-4,UNP/2011,2112,0,1,error,frozen_V3.1_numeric_free_text,current_three_world_original+FinQA_TRAIN_qa.answer,
2019,UNP/2014/page_24.pdf-4,UNP/2014,2113,0,1,error,frozen_V3.1_numeric_free_text,current_three_world_original+FinQA_TRAIN_qa.answer,
2020,UNP/2009/page_31.pdf-2,UNP/2009,2115,0,1,error,frozen_V3.1_numeric_free_text,current_three_world_original+FinQA_TRAIN_qa.answer,
2021,CMCSA/2015/page_165.pdf-1,CMCSA/2015,2116,0,1,error,frozen_V3.1_numeric_free_text,current_three_world_original+FinQA_TRAIN_qa.answer,
2022,LKQ/2010/page_72.pdf-3,LKQ/2010,2117,0,1,error,frozen_V3.1_numeric_free_text,current_three_world_original+FinQA_TRAIN_qa.answer,
2023,UNP/2013/page_24.pdf-3,UNP/2013,2118,0,1,error,frozen_V3.1_numeric_free_text,current_three_world_original+FinQA_TRAIN_qa.answer,
2024,UNP/2010/page_30.pdf-2,UNP/2010,2119,0,1,error,frozen_V3.1_numeric_free_text,current_three_world_original+FinQA_TRAIN_qa.answer,
2025,VRTX/2006/page_8.pdf-1,VRTX/2006,2120,0,1,error,frozen_V3.1_numeric_free_text,current_three_world_original+FinQA_TRAIN_qa.answer,
2026,UNP/2014/page_14.pdf-4,UNP/2014,2121,0,1,error,frozen_V3.1_numeric_free_text,current_three_world_original+FinQA_TRAIN_qa.answer,
2027,TFX/2015/page_42.pdf-3,TFX/2015,2122,0,1,error,frozen_V3.1_numeric_free_text,current_three_world_original+FinQA_TRAIN_qa.answer,
2028,IP/2005/page_27.pdf-4,IP/2005,2123,0,1,error,frozen_V3.1_numeric_free_text,current_three_world_original+FinQA_TRAIN_qa.answer,
2029,UNP/2015/page_16.pdf-1,UNP/2015,2124,0,1,error,frozen_V3.1_numeric_free_text,current_three_world_original+FinQA_TRAIN_qa.answer,
2030,IP/2005/page_83.pdf-1,IP/2005,2125,0,1,error,frozen_V3.1_numeric_free_text,current_three_world_original+FinQA_TRAIN_qa.answer,
2031,IP/2014/page_65.pdf-3,IP/2014,2126,1,0,correct,frozen_V3.1_numeric_free_text,current_three_world_original+FinQA_TRAIN_qa.answer,
2032,APTV/2015/page_47.pdf-4,APTV/2015,2127,1,0,correct,frozen_V3.1_numeric_free_text,current_three_world_original+FinQA_TRAIN_qa.answer,
2033,MO/2016/page_76.pdf-3,MO/2016,2128,0,1,error,frozen_V3.1_numeric_free_text,current_three_world_original+FinQA_TRAIN_qa.answer,
2034,UNP/2007/page_79.pdf-3,UNP/2007,2129,0,1,error,frozen_V3.1_numeric_free_text,current_three_world_original+FinQA_TRAIN_qa.answer,
2035,PPG/2005/page_20.pdf-4,PPG/2005,2130,0,1,error,frozen_V3.1_numeric_free_text,current_three_world_original+FinQA_TRAIN_qa.answer,
2036,IP/2005/page_32.pdf-3,IP/2005,2131,1,0,correct,frozen_V3.1_numeric_free_text,current_three_world_original+FinQA_TRAIN_qa.answer,
2037,LKQ/2018/page_102.pdf-4,LKQ/2018,2132,0,1,error,frozen_V3.1_numeric_free_text,current_three_world_original+FinQA_TRAIN_qa.answer,
2038,UNP/2009/page_31.pdf-3,UNP/2009,2133,1,0,correct,frozen_V3.1_numeric_free_text,current_three_world_original+FinQA_TRAIN_qa.answer,
2039,BDX/2017/page_28.pdf-2,BDX/2017,2134,1,0,correct,frozen_V3.1_numeric_free_text,current_three_world_original+FinQA_TRAIN_qa.answer,
2040,UNP/2014/page_56.pdf-4,UNP/2014,2135,0,1,error,frozen_V3.1_numeric_free_text,current_three_world_original+FinQA_TRAIN_qa.answer,
2041,UNP/2018/page_50.pdf-3,UNP/2018,2136,0,1,error,frozen_V3.1_numeric_free_text,current_three_world_original+FinQA_TRAIN_qa.answer,
2042,UNP/2009/page_25.pdf-4,UNP/2009,2137,0,1,error,frozen_V3.1_numeric_free_text,current_three_world_original+FinQA_TRAIN_qa.answer,
2043,BLK/2016/page_75.pdf-4,BLK/2016,2138,0,1,error,frozen_V3.1_numeric_free_text,current_three_world_original+FinQA_TRAIN_qa.answer,
2044,PPG/2008/page_19.pdf-4,PPG/2008,2139,0,1,error,frozen_V3.1_numeric_free_text,current_three_world_original+FinQA_TRAIN_qa.answer,
2045,ADI/2010/page_90.pdf-3,ADI/2010,2140,0,1,error,frozen_V3.1_numeric_free_text,current_three_world_original+FinQA_TRAIN_qa.answer,
2046,UNP/2008/page_26.pdf-4,UNP/2008,2142,0,1,error,frozen_V3.1_numeric_free_text,current_three_world_original+FinQA_TRAIN_qa.answer,
2047,UNP/2011/page_56.pdf-4,UNP/2011,2143,0,1,error,frozen_V3.1_numeric_free_text,current_three_world_original+FinQA_TRAIN_qa.answer,
2048,UNP/2012/page_29.pdf-3,UNP/2012,2144,0,1,error,frozen_V3.1_numeric_free_text,current_three_world_original+FinQA_TRAIN_qa.answer,
2049,UNP/2017/page_50.pdf-3,UNP/2017,2145,0,1,error,frozen_V3.1_numeric_free_text,current_three_world_original+FinQA_TRAIN_qa.answer,
2050,UNP/2016/page_24.pdf-2,UNP/2016,2146,0,1,error,frozen_V3.1_numeric_free_text,current_three_world_original+FinQA_TRAIN_qa.answer,
2051,UNP/2009/page_61.pdf-3,UNP/2009,2147,0,1,error,frozen_V3.1_numeric_free_text,current_three_world_original+FinQA_TRAIN_qa.answer,
2052,IP/2015/page_51.pdf-4,IP/2015,2148,0,1,error,frozen_V3.1_numeric_free_text,current_three_world_original+FinQA_TRAIN_qa.answer,
2053,APTV/2018/page_34.pdf-4,APTV/2018,2149,0,1,error,frozen_V3.1_numeric_free_text,current_three_world_original+FinQA_TRAIN_qa.answer,
2054,LKQ/2012/page_25.pdf-3,LKQ/2012,2150,0,1,error,frozen_V3.1_numeric_free_text,current_three_world_original+FinQA_TRAIN_qa.answer,
2055,UNP/2012/page_34.pdf-3,UNP/2012,2151,1,0,correct,frozen_V3.1_numeric_free_text,current_three_world_original+FinQA_TRAIN_qa.answer,
2056,UNP/2012/page_39.pdf-4,UNP/2012,2152,0,1,error,frozen_V3.1_numeric_free_text,current_three_world_original+FinQA_TRAIN_qa.answer,
2057,UNP/2016/page_75.pdf-3,UNP/2016,2153,0,1,error,frozen_V3.1_numeric_free_text,current_three_world_original+FinQA_TRAIN_qa.answer,
2058,UNP/2012/page_30.pdf-3,UNP/2012,2154,1,0,correct,frozen_V3.1_numeric_free_text,current_three_world_original+FinQA_TRAIN_qa.answer,
2059,UNP/2014/page_30.pdf-4,UNP/2014,2155,0,1,error,frozen_V3.1_numeric_free_text,current_three_world_original+FinQA_TRAIN_qa.answer,
2060,BKR/2018/page_52.pdf-2,BKR/2018,2156,0,1,error,frozen_V3.1_numeric_free_text,current_three_world_original+FinQA_TRAIN_qa.answer,
2061,LKQ/2009/page_66.pdf-4,LKQ/2009,2157,0,1,error,frozen_V3.1_numeric_free_text,current_three_world_original+FinQA_TRAIN_qa.answer,
2062,EMN/2004/page_82.pdf-1,EMN/2004,2158,0,1,error,frozen_V3.1_numeric_free_text,current_three_world_original+FinQA_TRAIN_qa.answer,
2063,ANSS/2008/page_85.pdf-3,ANSS/2008,2159,0,1,error,frozen_V3.1_numeric_free_text,current_three_world_original+FinQA_TRAIN_qa.answer,
2064,VLO/2012/page_130.pdf-1,VLO/2012,2160,0,1,error,frozen_V3.1_numeric_free_text,current_three_world_original+FinQA_TRAIN_qa.answer,
2065,UNP/2010/page_25.pdf-1,UNP/2010,2161,0,1,error,frozen_V3.1_numeric_free_text,current_three_world_original+FinQA_TRAIN_qa.answer,
2066,APTV/2013/page_48.pdf-3,APTV/2013,2162,0,1,error,frozen_V3.1_numeric_free_text,current_three_world_original+FinQA_TRAIN_qa.answer,
2067,CMCSA/2015/page_42.pdf-3,CMCSA/2015,2163,1,0,correct,frozen_V3.1_numeric_free_text,current_three_world_original+FinQA_TRAIN_qa.answer,
2068,BLK/2014/page_33.pdf-4,BLK/2014,2164,0,1,error,frozen_V3.1_numeric_free_text,current_three_world_original+FinQA_TRAIN_qa.answer,
2069,UNP/2009/page_38.pdf-4,UNP/2009,2165,0,1,error,frozen_V3.1_numeric_free_text,current_three_world_original+FinQA_TRAIN_qa.answer,
2070,HOLX/2011/page_122.pdf-4,HOLX/2011,2166,1,0,correct,frozen_V3.1_numeric_free_text,current_three_world_original+FinQA_TRAIN_qa.answer,
2071,SNPS/2013/page_61.pdf-2,SNPS/2013,2167,0,1,error,frozen_V3.1_numeric_free_text,current_three_world_original+FinQA_TRAIN_qa.answer,
2072,BLK/2016/page_35.pdf-4,BLK/2016,2168,0,1,error,frozen_V3.1_numeric_free_text,current_three_world_original+FinQA_TRAIN_qa.answer,
2073,UNP/2009/page_61.pdf-4,UNP/2009,2169,0,1,error,frozen_V3.1_numeric_free_text,current_three_world_original+FinQA_TRAIN_qa.answer,
2074,UNP/2012/page_55.pdf-4,UNP/2012,2170,0,1,error,frozen_V3.1_numeric_free_text,current_three_world_original+FinQA_TRAIN_qa.answer,
2075,UNP/2011/page_80.pdf-3,UNP/2011,2171,0,1,error,frozen_V3.1_numeric_free_text,current_three_world_original+FinQA_TRAIN_qa.answer,
2076,BLK/2017/page_35.pdf-4,BLK/2017,2172,0,1,error,frozen_V3.1_numeric_free_text,current_three_world_original+FinQA_TRAIN_qa.answer,
2077,SNPS/2006/page_43.pdf-2,SNPS/2006,2173,0,1,error,frozen_V3.1_numeric_free_text,current_three_world_original+FinQA_TRAIN_qa.answer,
2078,UNP/2011/page_35.pdf-4,UNP/2011,2175,0,1,error,frozen_V3.1_numeric_free_text,current_three_world_original+FinQA_TRAIN_qa.answer,
2079,LKQ/2018/page_93.pdf-1,LKQ/2018,2176,1,0,correct,frozen_V3.1_numeric_free_text,current_three_world_original+FinQA_TRAIN_qa.answer,
2080,IP/2014/page_71.pdf-4,IP/2014,2177,0,1,error,frozen_V3.1_numeric_free_text,current_three_world_original+FinQA_TRAIN_qa.answer,
2081,IP/2015/page_83.pdf-1,IP/2015,2178,1,0,correct,frozen_V3.1_numeric_free_text,current_three_world_original+FinQA_TRAIN_qa.answer,
2082,PPG/2018/page_61.pdf-3,PPG/2018,2179,0,1,error,frozen_V3.1_numeric_free_text,current_three_world_original+FinQA_TRAIN_qa.answer,
2083,BLK/2012/page_32.pdf-4,BLK/2012,2180,0,1,error,frozen_V3.1_numeric_free_text,current_three_world_original+FinQA_TRAIN_qa.answer,
2084,PPG/2018/page_60.pdf-4,PPG/2018,2181,0,1,error,frozen_V3.1_numeric_free_text,current_three_world_original+FinQA_TRAIN_qa.answer,
2085,UNP/2007/page_58.pdf-1,UNP/2007,2182,0,1,error,frozen_V3.1_numeric_free_text,current_three_world_original+FinQA_TRAIN_qa.answer,
2086,CMCSA/2015/page_158.pdf-1,CMCSA/2015,2183,0,1,error,frozen_V3.1_numeric_free_text,current_three_world_original+FinQA_TRAIN_qa.answer,
2087,UNP/2012/page_23.pdf-4,UNP/2012,2184,0,1,error,frozen_V3.1_numeric_free_text,current_three_world_original+FinQA_TRAIN_qa.answer,
2088,IP/2015/page_82.pdf-1,IP/2015,2185,0,1,error,frozen_V3.1_numeric_free_text,current_three_world_original+FinQA_TRAIN_qa.answer,
2089,UNP/2014/page_16.pdf-4,UNP/2014,2186,0,1,error,frozen_V3.1_numeric_free_text,current_three_world_original+FinQA_TRAIN_qa.answer,
2090,SNPS/2006/page_67.pdf-4,SNPS/2006,2187,1,0,correct,frozen_V3.1_numeric_free_text,current_three_world_original+FinQA_TRAIN_qa.answer,
2091,MO/2017/page_10.pdf-4,MO/2017,2188,0,1,error,frozen_V3.1_numeric_free_text,current_three_world_original+FinQA_TRAIN_qa.answer,
2092,UNP/2016/page_24.pdf-3,UNP/2016,2189,1,0,correct,frozen_V3.1_numeric_free_text,current_three_world_original+FinQA_TRAIN_qa.answer,
2093,IP/2007/page_19.pdf-1,IP/2007,2190,0,1,error,frozen_V3.1_numeric_free_text,current_three_world_original+FinQA_TRAIN_qa.answer,
2094,KIM/2006/page_67.pdf-3,KIM/2006,2191,0,1,error,frozen_V3.1_numeric_free_text,current_three_world_original+FinQA_TRAIN_qa.answer,
2095,IP/2007/page_32.pdf-1,IP/2007,2192,0,1,error,frozen_V3.1_numeric_free_text,current_three_world_original+FinQA_TRAIN_qa.answer,
2096,UNP/2015/page_14.pdf-1,UNP/2015,2193,0,1,error,frozen_V3.1_numeric_free_text,current_three_world_original+FinQA_TRAIN_qa.answer,
2097,IP/2014/page_104.pdf-2,IP/2014,2194,0,1,error,frozen_V3.1_numeric_free_text,current_three_world_original+FinQA_TRAIN_qa.answer,
2098,CMCSA/2004/page_30.pdf-4,CMCSA/2004,2195,0,1,error,frozen_V3.1_numeric_free_text,current_three_world_original+FinQA_TRAIN_qa.answer,
2099,KIM/2009/page_25.pdf-3,KIM/2009,2196,1,0,correct,frozen_V3.1_numeric_free_text,current_three_world_original+FinQA_TRAIN_qa.answer,
2100,IP/2018/page_45.pdf-2,IP/2018,2197,1,0,correct,frozen_V3.1_numeric_free_text,current_three_world_original+FinQA_TRAIN_qa.answer,
2101,UNP/2014/page_80.pdf-3,UNP/2014,2198,0,1,error,frozen_V3.1_numeric_free_text,current_three_world_original+FinQA_TRAIN_qa.answer,
2102,BKR/2017/page_49.pdf-1,BKR/2017,2199,0,1,error,frozen_V3.1_numeric_free_text,current_three_world_original+FinQA_TRAIN_qa.answer,
2103,PPG/2018/page_20.pdf-1,PPG/2018,2200,0,1,error,frozen_V3.1_numeric_free_text,current_three_world_original+FinQA_TRAIN_qa.answer,
2104,UNP/2008/page_59.pdf-4,UNP/2008,2201,0,1,error,frozen_V3.1_numeric_free_text,current_three_world_original+FinQA_TRAIN_qa.answer,
2105,PPG/2016/page_42.pdf-3,PPG/2016,2202,0,1,error,frozen_V3.1_numeric_free_text,current_three_world_original+FinQA_TRAIN_qa.answer,
2106,UNP/2013/page_14.pdf-3,UNP/2013,2203,0,1,error,frozen_V3.1_numeric_free_text,current_three_world_original+FinQA_TRAIN_qa.answer,
2107,UNP/2011/page_80.pdf-4,UNP/2011,2204,0,1,error,frozen_V3.1_numeric_free_text,current_three_world_original+FinQA_TRAIN_qa.answer,
2108,UNP/2012/page_30.pdf-4,UNP/2012,2205,1,0,correct,frozen_V3.1_numeric_free_text,current_three_world_original+FinQA_TRAIN_qa.answer,
2109,ABMD/2015/page_53.pdf-3,ABMD/2015,2206,0,1,error,frozen_V3.1_numeric_free_text,current_three_world_original+FinQA_TRAIN_qa.answer,
2110,VLO/2012/page_129.pdf-1,VLO/2012,2207,0,1,error,frozen_V3.1_numeric_free_text,current_three_world_original+FinQA_TRAIN_qa.answer,
2111,LKQ/2016/page_48.pdf-4,LKQ/2016,2208,1,0,correct,frozen_V3.1_numeric_free_text,current_three_world_original+FinQA_TRAIN_qa.answer,
2112,UNP/2015/page_14.pdf-2,UNP/2015,2209,0,1,error,frozen_V3.1_numeric_free_text,current_three_world_original+FinQA_TRAIN_qa.answer,
2113,AAP/2016/page_26.pdf-3,AAP/2016,2210,0,1,error,frozen_V3.1_numeric_free_text,current_three_world_original+FinQA_TRAIN_qa.answer,
2114,UNP/2017/page_50.pdf-4,UNP/2017,2211,0,1,error,frozen_V3.1_numeric_free_text,current_three_world_original+FinQA_TRAIN_qa.answer,
2115,UNP/2015/page_16.pdf-2,UNP/2015,2212,0,1,error,frozen_V3.1_numeric_free_text,current_three_world_original+FinQA_TRAIN_qa.answer,
2116,BLK/2008/page_75.pdf-4,BLK/2008,2213,0,1,error,frozen_V3.1_numeric_free_text,current_three_world_original+FinQA_TRAIN_qa.answer,
2117,UNP/2012/page_29.pdf-4,UNP/2012,2214,0,1,error,frozen_V3.1_numeric_free_text,current_three_world_original+FinQA_TRAIN_qa.answer,
2118,ABMD/2015/page_53.pdf-4,ABMD/2015,2215,0,1,error,frozen_V3.1_numeric_free_text,current_three_world_original+FinQA_TRAIN_qa.answer,
2119,UNP/2009/page_89.pdf-4,UNP/2009,2216,0,1,error,frozen_V3.1_numeric_free_text,current_three_world_original+FinQA_TRAIN_qa.answer,
2120,MO/2014/page_11.pdf-4,MO/2014,2217,0,1,error,frozen_V3.1_numeric_free_text,current_three_world_original+FinQA_TRAIN_qa.answer,
2121,PPG/2018/page_54.pdf-4,PPG/2018,2218,0,1,error,frozen_V3.1_numeric_free_text,current_three_world_original+FinQA_TRAIN_qa.answer,
2122,UNP/2012/page_74.pdf-2,UNP/2012,2219,0,1,error,frozen_V3.1_numeric_free_text,current_three_world_original+FinQA_TRAIN_qa.answer,
2123,UNP/2010/page_27.pdf-2,UNP/2010,2220,1,0,correct,frozen_V3.1_numeric_free_text,current_three_world_original+FinQA_TRAIN_qa.answer,
2124,CMCSA/2015/page_100.pdf-1,CMCSA/2015,2221,0,1,error,frozen_V3.1_numeric_free_text,current_three_world_original+FinQA_TRAIN_qa.answer,
2125,PPG/2013/page_54.pdf-4,PPG/2013,2222,0,1,error,frozen_V3.1_numeric_free_text,current_three_world_original+FinQA_TRAIN_qa.answer,
2126,UNP/2017/page_74.pdf-4,UNP/2017,2223,0,1,error,frozen_V3.1_numeric_free_text,current_three_world_original+FinQA_TRAIN_qa.answer,
2127,UNP/2018/page_50.pdf-4,UNP/2018,2224,0,1,error,frozen_V3.1_numeric_free_text,current_three_world_original+FinQA_TRAIN_qa.answer,
2128,CAT/2017/page_136.pdf-3,CAT/2017,2225,1,0,correct,frozen_V3.1_numeric_free_text,current_three_world_original+FinQA_TRAIN_qa.answer,
2129,TFX/2018/page_47.pdf-4,TFX/2018,2226,0,1,error,frozen_V3.1_numeric_free_text,current_three_world_original+FinQA_TRAIN_qa.answer,
2130,UNP/2011/page_40.pdf-3,UNP/2011,2227,0,1,error,frozen_V3.1_numeric_free_text,current_three_world_original+FinQA_TRAIN_qa.answer,
2131,UNP/2013/page_14.pdf-4,UNP/2013,2228,0,1,error,frozen_V3.1_numeric_free_text,current_three_world_original+FinQA_TRAIN_qa.answer,
2132,UNP/2009/page_83.pdf-3,UNP/2009,2229,1,0,correct,frozen_V3.1_numeric_free_text,current_three_world_original+FinQA_TRAIN_qa.answer,
2133,BDX/2009/page_81.pdf-4,BDX/2009,2230,0,1,error,frozen_V3.1_numeric_free_text,current_three_world_original+FinQA_TRAIN_qa.answer,
2134,PPG/2016/page_42.pdf-4,PPG/2016,2231,0,1,error,frozen_V3.1_numeric_free_text,current_three_world_original+FinQA_TRAIN_qa.answer,
2135,IP/2012/page_64.pdf-4,IP/2012,2232,0,1,error,frozen_V3.1_numeric_free_text,current_three_world_original+FinQA_TRAIN_qa.answer,
2136,IP/2013/page_101.pdf-4,IP/2013,2233,0,1,error,frozen_V3.1_numeric_free_text,current_three_world_original+FinQA_TRAIN_qa.answer,
2137,UNP/2012/page_34.pdf-4,UNP/2012,2234,1,0,correct,frozen_V3.1_numeric_free_text,current_three_world_original+FinQA_TRAIN_qa.answer,
2138,UNP/2009/page_83.pdf-4,UNP/2009,2236,1,0,correct,frozen_V3.1_numeric_free_text,current_three_world_original+FinQA_TRAIN_qa.answer,
2139,UNP/2010/page_75.pdf-3,UNP/2010,2237,1,0,correct,frozen_V3.1_numeric_free_text,current_three_world_original+FinQA_TRAIN_qa.answer,
2140,UNP/2017/page_23.pdf-4,UNP/2017,2238,0,1,error,frozen_V3.1_numeric_free_text,current_three_world_original+FinQA_TRAIN_qa.answer,
2141,BDX/2016/page_62.pdf-3,BDX/2016,2240,0,1,error,frozen_V3.1_numeric_free_text,current_three_world_original+FinQA_TRAIN_qa.answer,
